Date,State,CPI,WPI,Crude_Oil_Price,Exchange_Rate,GDP_Growth,Imports_tons,Exports_tons
2023-07-31,Andaman and Nicobar Islands,141.7,143.7,100.3,74.0,5.0,253.0,375.0
2022-09-30,Goa,137.7,141.1,37.5,74.9,7.9,1285.0,658.0
2016-03-31,Meghalaya,104.6,116.0,112.7,61.1,7.9,264.0,1046.0
2023-11-30,Punjab,139.9,140.7,81.5,75.3,4.5,10519.0,788.0
2020-12-31,Jharkhand,126.9,130.3,57.9,70.6,-0.6,2197.0,1157.0
2016-09-30,Jharkhand,103.5,112.1,55.9,62.1,4.9,3420.0,1591.0
2023-07-31,Tripura,141.3,143.5,55.4,75.7,6.9,1073.0,2476.0
2025-02-28,Sikkim,148.2,147.1,37.4,78.7,7.1,0.0,0.0
2021-03-31,Lakshadweep,127.6,135.4,47.5,71.5,4.2,0.0,0.0
2022-04-30,Mizoram,135.6,136.6,143.2,73.5,6.8,0.0,0.0
2024-09-30,Uttar Pradesh,144.9,146.7,103.0,77.6,7.6,8332.0,9843.0
2023-04-30,Meghalaya,136.6,141.5,120.3,76.6,4.9,3406.0,2174.0
2023-08-31,Jharkhand,142.8,141.3,139.0,76.3,4.5,4078.0,3525.0
2019-05-31,Mizoram,119.2,127.9,27.9,67.8,6.3,0.0,0.0
2015-02-28,Arunachal Pradesh,101.0,113.1,36.5,60.1,6.1,683.0,206.0
2022-04-30,Arunachal Pradesh,138.2,136.3,135.4,75.8,7.5,1689.0,1946.0
2018-02-28,Andaman and Nicobar Islands,115.5,122.4,76.5,66.4,5.8,905.0,46.0
2016-09-30,Bihar,107.5,111.8,83.5,63.5,5.7,440.0,825.0
2019-10-31,Chandigarh,118.3,125.1,62.8,67.4,6.9,682.0,505.0
2016-10-31,Kerala,107.8,112.5,101.4,61.8,4.3,3901.0,1411.0
2022-05-31,Puducherry,133.3,135.5,86.1,73.7,4.2,168.0,1751.0
2019-01-31,Maharashtra,118.9,128.1,102.6,68.4,6.0,11846.0,3594.0
2019-11-30,Telangana,117.1,126.2,119.2,68.5,4.4,6690.0,2535.0
2016-03-31,Telangana,105.5,112.9,84.7,62.6,7.8,8769.0,742.0
2019-03-31,Nagaland,121.3,125.9,72.9,65.7,6.6,827.0,1849.0
2023-12-31,Tripura,141.5,144.4,67.8,75.1,7.0,866.0,121.0
2019-07-31,Tripura,117.1,128.1,39.5,68.3,4.9,406.0,2597.0
2020-04-30,Tripura,125.7,131.1,51.4,71.9,-1.7,2113.0,623.0
2019-03-31,West Bengal,120.8,124.7,26.3,67.5,4.5,8550.0,8228.0
2016-09-30,Chandigarh,106.2,114.2,115.6,64.2,4.8,326.0,533.0
2021-01-31,Tripura,128.5,131.8,84.8,70.7,6.3,369.0,1061.0
2016-06-30,Telangana,100.0,113.8,115.9,62.2,5.1,338.0,8230.0
2022-05-31,Madhya Pradesh,136.4,140.0,56.7,73.8,7.7,7858.0,1795.0
2019-12-31,Arunachal Pradesh,119.7,128.3,114.7,67.5,8.0,1415.0,1626.0
2016-02-29,Puducherry,105.6,112.7,81.2,62.9,4.0,955.0,1917.0
2015-09-30,Meghalaya,99.8,111.7,101.0,59.9,7.0,1182.0,1913.0
2022-06-30,Telangana,135.5,139.3,45.5,72.5,4.5,6816.0,5057.0
2019-05-31,Arunachal Pradesh,121.5,125.5,70.0,66.0,6.3,1116.0,644.0
2021-12-31,Andaman and Nicobar Islands,126.3,135.5,76.9,70.9,4.9,411.0,392.0
2022-08-31,Mizoram,137.3,140.5,71.1,74.6,7.9,0.0,0.0
2024-03-31,Tamil Nadu,144.6,147.7,54.4,77.8,7.5,7660.0,12791.0
2015-08-31,Kerala,103.3,107.9,110.5,61.0,6.4,1871.0,2642.0
2017-11-30,Madhya Pradesh,109.1,117.4,28.5,63.9,4.7,3974.0,6142.0
2021-09-30,Chhattisgarh,128.6,134.8,35.4,72.3,7.1,1445.0,1312.0
2019-02-28,Manipur,119.7,124.4,52.1,69.5,6.1,1872.0,452.0
2023-08-31,Arunachal Pradesh,141.0,145.1,134.4,75.8,6.4,1152.0,1422.0
2015-02-28,Goa,99.5,110.6,76.4,62.0,6.9,138.0,915.0
2019-06-30,Ladakh,121.1,125.1,57.3,68.7,5.7,290.0,414.0
2023-10-31,Tamil Nadu,139.2,141.0,72.3,75.1,4.0,4457.0,7133.0
2015-04-30,Madhya Pradesh,100.1,108.6,103.8,58.8,5.5,3963.0,3637.0
2019-06-30,Arunachal Pradesh,124.5,127.4,22.7,66.6,5.7,363.0,303.0
2018-08-31,Chhattisgarh,115.7,123.6,21.1,66.0,5.5,4313.0,980.0
2016-02-29,Meghalaya,105.9,112.7,24.6,60.4,7.3,1435.0,1918.0
2022-11-30,Jammu and Kashmir,132.1,140.9,80.3,75.8,5.3,952.0,2997.0
2018-12-31,Puducherry,117.7,121.2,78.1,68.2,5.7,810.0,753.0
2016-03-31,Odisha,107.1,112.4,82.4,60.4,4.2,1924.0,2374.0
2018-04-30,Uttar Pradesh,113.6,123.0,93.1,66.3,6.9,5126.0,6148.0
2021-10-31,Mizoram,132.1,131.6,39.0,70.0,4.9,0.0,0.0
2024-03-31,Jammu and Kashmir,145.7,143.3,55.5,78.7,4.9,2431.0,3386.0
2019-05-31,Kerala,120.1,124.1,44.4,68.9,6.3,2145.0,8334.0
2016-12-31,Jammu and Kashmir,107.6,112.4,34.9,62.0,7.9,3242.0,2740.0
2025-04-30,Goa,149.0,151.5,53.3,80.3,5.6,1471.0,383.0
2018-05-31,Jharkhand,113.6,119.4,81.4,65.3,5.3,6390.0,4786.0
2016-03-31,Tamil Nadu,105.4,114.7,56.6,62.0,4.1,1803.0,7284.0
2018-09-30,Odisha,116.1,123.7,96.8,66.7,7.1,4399.0,3193.0
2020-05-31,Haryana,126.9,132.9,44.2,69.8,2.0,7265.0,8408.0
2022-05-31,Himachal Pradesh,134.7,137.0,49.4,75.2,7.1,4408.0,4464.0
2020-11-30,Assam,123.3,129.2,40.0,69.3,1.6,6916.0,1238.0
2015-09-30,Delhi,105.1,114.1,79.3,59.7,4.1,265.0,1465.0
2022-04-30,Arunachal Pradesh,132.8,140.7,127.9,71.9,6.0,1651.0,798.0
2025-09-30,Puducherry,150.1,149.5,124.0,82.3,7.6,1576.0,1346.0
2020-03-31,Jammu and Kashmir,126.6,132.3,37.6,68.0,-1.8,2367.0,3476.0
2021-09-30,Nagaland,132.3,134.5,84.8,73.1,4.6,725.0,319.0
2017-09-30,Uttarakhand,108.9,118.0,49.8,64.4,4.7,637.0,1160.0
2025-03-31,Uttarakhand,146.3,155.0,100.0,80.0,6.8,5374.0,2254.0
2015-05-31,Mizoram,98.8,112.1,111.3,59.1,5.5,0.0,0.0
2018-05-31,Himachal Pradesh,116.7,125.8,82.5,65.5,5.0,3338.0,4936.0
2017-04-30,Lakshadweep,111.3,115.9,50.4,63.6,5.4,0.0,0.0
2020-12-31,Tamil Nadu,126.3,133.6,50.6,69.5,1.4,8254.0,9960.0
2015-12-31,Maharashtra,101.4,109.7,110.3,57.9,6.2,4980.0,61.0
2017-09-30,Karnataka,112.7,117.7,33.7,64.6,4.5,6744.0,3211.0
2018-12-31,Bihar,113.4,122.8,68.2,66.7,6.0,5856.0,2094.0
2020-02-29,Meghalaya,122.6,131.0,31.3,69.7,-1.4,2398.0,1872.0
2018-01-31,Ladakh,115.7,124.1,44.1,66.0,7.7,15.0,3.0
2023-03-31,Tripura,137.9,143.8,71.5,76.6,5.7,1576.0,590.0
2023-08-31,Chhattisgarh,137.5,140.7,71.3,74.6,4.4,5241.0,604.0
2017-11-30,Jharkhand,112.4,116.0,41.0,62.4,7.7,3867.0,1890.0
2023-05-31,Chhattisgarh,140.5,141.6,72.4,76.0,7.8,7199.0,1024.0
2015-01-31,Nagaland,100.1,110.0,83.4,59.7,4.7,1711.0,2110.0
2015-05-31,Tamil Nadu,100.1,110.2,22.6,59.6,7.3,11579.0,3100.0
2023-07-31,Maharashtra,139.8,144.7,142.7,76.6,7.4,3469.0,1749.0
2017-03-31,Tamil Nadu,112.4,118.4,49.6,63.6,5.4,4919.0,9004.0
2016-03-31,Jammu and Kashmir,102.0,119.3,82.4,62.4,4.6,52.0,3121.0
2022-06-30,Delhi,131.9,140.9,58.0,75.8,7.2,53.0,2002.0
2018-06-30,Andhra Pradesh,113.1,121.4,59.4,68.1,4.1,10085.0,4322.0
2025-04-30,Goa,150.6,146.4,89.9,80.9,6.5,1908.0,3415.0
2020-03-31,Rajasthan,128.6,134.8,48.7,67.6,-1.0,6798.0,8397.0
2022-12-31,Uttarakhand,136.7,137.4,116.5,74.6,6.4,2703.0,4273.0
2019-04-30,Chhattisgarh,121.2,127.9,99.2,69.6,7.2,461.0,879.0
2022-12-31,Uttarakhand,134.8,136.7,86.2,74.3,7.3,4352.0,1892.0
2017-05-31,Goa,107.3,121.2,27.6,63.3,8.0,995.0,1783.0
2017-12-31,Tripura,111.0,119.7,75.8,63.6,6.6,1577.0,972.0
2016-01-31,Chhattisgarh,109.1,111.8,67.8,63.2,4.9,1522.0,285.0
2020-11-30,Manipur,124.5,126.1,24.9,69.5,0.7,2072.0,2441.0
2022-02-28,Mizoram,133.9,138.4,25.2,73.0,5.7,0.0,0.0
2017-04-30,Mizoram,109.5,119.0,51.6,63.3,7.4,0.0,0.0
2020-06-30,Delhi,126.2,131.5,27.6,70.1,0.9,2194.0,730.0
2018-09-30,Nagaland,115.2,120.4,68.3,65.8,6.8,1237.0,1087.0
2020-02-29,Ladakh,126.8,128.7,57.7,68.4,0.0,552.0,180.0
2017-04-30,Assam,109.9,114.2,63.9,63.6,5.7,1422.0,4646.0
2017-04-30,Tripura,109.5,116.9,115.2,65.9,4.7,3466.0,142.0
2023-12-31,Jammu and Kashmir,140.5,138.7,50.6,76.2,7.8,714.0,3429.0
2018-08-31,Punjab,113.9,120.6,42.1,66.6,7.2,8511.0,5270.0
2021-12-31,Ladakh,133.5,134.7,80.4,70.6,4.6,247.0,128.0
2017-06-30,Dadra and Nagar Haveli and Daman and Diu,111.6,118.6,109.6,64.7,5.6,962.0,343.0
2021-03-31,Rajasthan,127.8,132.7,87.2,73.5,4.3,3191.0,3940.0
2025-08-31,Puducherry,148.5,150.5,104.8,80.3,7.0,353.0,325.0
2022-08-31,Andhra Pradesh,136.1,141.0,120.8,72.8,4.8,5959.0,7686.0
2025-09-30,Dadra and Nagar Haveli and Daman and Diu,150.4,149.4,104.2,80.6,7.2,602.0,452.0
2025-01-31,Tamil Nadu,150.6,147.4,115.1,80.8,4.3,7731.0,6821.0
2017-03-31,Karnataka,109.6,119.6,106.6,63.3,6.3,11549.0,5114.0
2025-01-31,Punjab,150.9,152.2,24.9,81.1,6.4,2034.0,7186.0
2024-08-31,Gujarat,144.7,144.6,130.3,78.5,5.3,8640.0,8937.0
2015-03-31,Jammu and Kashmir,101.1,108.6,41.5,58.0,4.7,2830.0,299.0
2023-07-31,Arunachal Pradesh,141.5,138.0,133.5,75.4,5.3,1300.0,1175.0
2020-02-29,Delhi,128.2,129.1,28.0,69.7,1.9,1590.0,574.0
2019-03-31,Telangana,119.0,124.2,65.5,67.9,7.9,6550.0,5209.0
2019-11-30,Jharkhand,120.0,123.0,113.4,68.0,5.8,326.0,2148.0
2024-10-31,Himachal Pradesh,142.6,145.3,37.2,78.8,4.8,3881.0,1701.0
2022-12-31,Delhi,138.7,138.0,113.4,74.8,4.1,1288.0,1672.0
2024-05-31,Rajasthan,141.0,145.6,71.1,79.6,4.0,2288.0,566.0
2020-02-29,Maharashtra,128.4,129.4,13.4,70.3,-0.0,9170.0,7551.0
2019-04-30,Tamil Nadu,120.2,129.0,113.9,69.5,5.2,8817.0,6148.0
2015-12-31,Kerala,100.8,110.6,31.8,60.9,4.5,1979.0,3075.0
2018-03-31,Sikkim,114.7,123.3,97.4,67.2,4.7,0.0,0.0
2024-05-31,West Bengal,145.1,149.6,70.1,79.6,5.4,9511.0,11273.0
2023-05-31,Uttarakhand,141.2,144.0,121.3,75.7,6.7,2008.0,5101.0
2024-05-31,Jharkhand,141.7,145.5,114.0,77.9,6.4,4194.0,1851.0
2021-09-30,Nagaland,128.7,130.3,83.3,69.9,4.3,960.0,1293.0
2024-05-31,Telangana,143.3,145.3,136.7,79.1,4.6,7780.0,8763.0
2015-02-28,Assam,100.9,112.9,29.9,61.0,7.6,7388.0,6528.0
2019-06-30,Bihar,120.0,128.0,99.9,68.1,4.3,3837.0,1797.0
2022-03-31,Chandigarh,136.2,137.3,104.5,74.8,4.8,135.0,975.0
2025-09-30,Rajasthan,150.3,149.8,61.8,81.1,5.3,4294.0,5009.0
2025-06-30,Sikkim,152.1,150.3,89.5,80.0,4.9,0.0,0.0
2019-05-31,West Bengal,118.5,124.8,84.5,68.4,5.2,8718.0,4992.0
2020-08-31,Himachal Pradesh,125.1,128.9,56.2,70.0,-1.0,2197.0,2053.0
2025-03-31,Meghalaya,152.2,148.7,46.4,79.9,4.4,1566.0,1046.0
2018-02-28,Chhattisgarh,116.8,123.0,30.2,65.3,5.4,8122.0,7255.0
2016-12-31,Maharashtra,102.0,111.9,30.2,60.6,6.4,10225.0,10944.0
2020-09-30,Maharashtra,123.0,132.9,29.6,68.7,-2.0,8708.0,778.0
2024-08-31,Meghalaya,144.8,146.0,42.5,77.9,4.2,1426.0,1168.0
2023-02-28,Bihar,139.5,139.8,88.3,74.9,6.0,2332.0,3065.0
2023-01-31,Maharashtra,139.9,144.1,76.4,75.1,7.6,2021.0,6768.0
2025-04-30,Tamil Nadu,151.6,153.0,131.2,79.2,5.8,3308.0,2743.0
2020-10-31,Himachal Pradesh,125.6,136.3,55.0,69.7,1.5,2268.0,879.0
2022-09-30,Telangana,135.7,140.7,48.7,75.1,4.0,4245.0,1120.0
2015-03-31,Karnataka,101.3,108.2,24.6,57.9,6.9,9314.0,4002.0
2022-06-30,West Bengal,137.1,138.4,109.1,74.0,4.7,8397.0,8762.0
2022-12-31,Odisha,128.9,143.1,125.5,73.1,6.8,8872.0,149.0
2019-04-30,Odisha,119.2,124.4,90.1,68.0,5.4,8552.0,5088.0
2025-08-31,Kerala,148.2,147.5,101.3,79.4,4.2,812.0,5012.0
2018-03-31,Puducherry,116.0,121.2,44.9,65.8,5.3,158.0,2082.0
2021-10-31,Kerala,129.1,132.0,69.5,70.5,6.6,4183.0,1248.0
2023-08-31,Assam,140.2,140.8,111.0,76.4,7.1,4504.0,1107.0
2025-09-30,Chandigarh,151.7,148.7,47.2,80.1,6.5,452.0,4.0
2015-11-30,Jammu and Kashmir,98.8,111.4,67.7,60.2,6.8,3374.0,230.0
2018-06-30,Manipur,115.7,119.4,31.7,67.0,4.9,2249.0,2115.0
2023-03-31,Sikkim,143.1,142.3,87.7,74.6,7.9,0.0,0.0
2015-07-31,Himachal Pradesh,101.7,108.5,77.4,58.9,4.9,2950.0,2758.0
2022-06-30,West Bengal,131.8,139.1,88.2,75.7,4.7,6959.0,5921.0
2024-04-30,Andaman and Nicobar Islands,144.4,147.3,80.3,78.5,5.0,388.0,275.0
2019-12-31,Mizoram,120.7,127.8,78.7,66.1,7.9,0.0,0.0
2024-05-31,Bihar,146.1,147.8,143.6,77.8,4.3,7565.0,2977.0
2015-02-28,Bihar,99.5,108.8,82.3,61.1,7.1,9288.0,11496.0
2025-09-30,Gujarat,148.7,150.0,114.3,82.1,4.4,6706.0,4918.0
2018-12-31,Arunachal Pradesh,115.1,124.9,39.2,67.6,7.1,343.0,1964.0
2018-01-31,Jharkhand,112.8,122.9,73.0,65.5,5.1,1800.0,3751.0
2015-09-30,Nagaland,102.2,111.8,20.8,59.9,6.9,708.0,319.0
2023-03-31,West Bengal,143.7,139.6,27.8,74.2,4.2,10307.0,1556.0
2018-12-31,Jammu and Kashmir,115.8,123.9,52.2,66.1,5.3,1719.0,845.0
2019-06-30,Jammu and Kashmir,119.5,122.2,66.7,68.2,5.9,2198.0,3443.0
2024-12-31,Chandigarh,146.9,142.9,93.1,78.9,4.1,891.0,530.0
2024-08-31,Rajasthan,146.5,144.2,130.6,75.8,4.7,1398.0,2219.0
2021-03-31,Tripura,129.4,134.9,97.2,71.1,4.7,2480.0,1036.0
2024-05-31,Madhya Pradesh,144.9,147.2,60.0,77.8,5.9,1350.0,2449.0
2023-08-31,Gujarat,138.8,140.4,113.2,76.9,4.5,1206.0,2745.0
2021-12-31,Goa,130.3,130.2,74.9,71.6,7.9,174.0,250.0
2024-04-30,Punjab,145.6,147.9,117.5,80.4,7.5,15107.0,3137.0
2023-03-31,Chhattisgarh,138.4,143.2,73.3,74.9,4.9,7088.0,8365.0
2022-09-30,Tripura,132.9,138.9,35.0,73.5,4.9,937.0,1075.0
2025-08-31,Nagaland,147.3,153.9,98.2,78.9,7.8,473.0,197.0
2024-02-29,Telangana,145.8,146.3,90.8,77.8,5.2,6725.0,8954.0
2021-10-31,Manipur,130.0,132.0,115.4,72.5,5.7,1660.0,271.0
2019-06-30,Haryana,119.8,128.7,36.2,68.2,6.8,8494.0,8950.0
2020-08-31,Madhya Pradesh,125.9,129.2,51.4,69.1,-0.4,4562.0,460.0
2017-09-30,Tripura,108.2,117.8,67.4,65.2,7.6,1675.0,1451.0
2016-09-30,Tamil Nadu,102.9,112.9,57.9,63.4,6.4,7639.0,1453.0
2018-12-31,Chhattisgarh,115.5,120.3,99.5,65.3,6.3,435.0,5690.0
2025-08-31,Sikkim,146.5,149.2,121.3,83.1,6.2,0.0,0.0
2025-08-31,Sikkim,149.5,153.0,109.8,78.9,4.4,0.0,0.0
2017-09-30,Tripura,114.9,115.9,28.4,64.0,7.2,1060.0,1474.0
2024-07-31,Andhra Pradesh,142.3,148.1,65.4,78.0,6.3,6903.0,6416.0
2024-11-30,Bihar,144.1,142.3,29.6,76.9,4.2,546.0,7006.0
2016-10-31,Lakshadweep,100.8,117.2,54.4,62.2,7.4,0.0,0.0
2018-02-28,Uttar Pradesh,114.5,125.4,84.8,65.9,6.9,13016.0,8868.0
2024-01-31,Ladakh,148.9,144.0,86.2,78.4,5.2,7.0,382.0
2019-03-31,Manipur,120.9,126.2,90.3,68.0,5.1,1659.0,456.0
2015-08-31,Jammu and Kashmir,98.8,111.3,75.1,60.8,6.0,582.0,2506.0
2017-03-31,Uttarakhand,114.4,116.8,75.6,64.6,4.0,5672.0,984.0
2017-03-31,Maharashtra,106.5,121.8,71.1,63.0,7.2,6277.0,4987.0
2016-09-30,Puducherry,105.9,114.0,56.4,61.7,7.8,939.0,312.0
2017-06-30,Tripura,110.1,117.0,64.7,63.2,5.8,1737.0,2494.0
2023-01-31,Uttarakhand,139.5,142.2,37.5,77.7,6.1,3526.0,1069.0
2017-04-30,Rajasthan,111.6,116.5,103.5,65.0,7.2,6151.0,3779.0
2024-03-31,Jammu and Kashmir,142.6,146.0,130.7,78.3,5.1,542.0,1570.0
2020-01-31,Goa,125.6,129.1,58.0,70.5,1.1,1062.0,3711.0
2018-12-31,Jammu and Kashmir,115.4,120.4,78.4,65.9,4.4,908.0,2048.0
2015-04-30,Uttar Pradesh,98.3,111.6,76.9,60.2,6.8,11479.0,991.0
2017-11-30,Manipur,113.9,114.6,67.0,63.3,7.2,381.0,2125.0
2019-01-31,Chhattisgarh,119.6,129.5,43.1,67.3,4.3,2648.0,5406.0
2016-05-31,Uttar Pradesh,104.7,114.5,58.4,62.6,7.5,12528.0,10604.0
2018-10-31,Delhi,112.9,125.7,119.0,64.9,5.5,1443.0,1228.0
2024-09-30,Tripura,144.7,147.9,41.5,77.3,7.7,943.0,359.0
2015-06-30,Mizoram,104.7,107.3,74.3,59.8,7.6,0.0,0.0
2023-03-31,Punjab,139.5,142.1,128.0,74.5,7.2,3497.0,15057.0
2025-04-30,Arunachal Pradesh,151.0,146.4,78.4,81.0,7.3,1930.0,1767.0
2018-01-31,Haryana,116.9,120.2,80.6,66.7,5.2,1782.0,276.0
2016-12-31,Odisha,104.6,113.7,102.8,62.4,5.5,6374.0,1841.0
2022-09-30,Andaman and Nicobar Islands,134.2,136.6,89.7,73.6,5.0,673.0,538.0
2018-10-31,Odisha,115.9,121.0,93.1,67.2,5.4,2786.0,3628.0
2022-11-30,Himachal Pradesh,134.5,136.7,65.7,74.4,6.2,2262.0,1705.0
2023-03-31,Haryana,139.3,146.5,112.0,77.0,7.5,3013.0,16705.0
2024-08-31,Manipur,146.9,146.2,28.9,79.0,6.2,1858.0,388.0
2020-07-31,Puducherry,124.9,131.2,21.2,69.5,1.1,62.0,620.0
2025-08-31,Bihar,152.4,149.9,100.5,79.1,4.5,4584.0,7755.0
2016-06-30,Uttarakhand,104.8,114.7,64.9,61.0,7.8,662.0,2201.0
2017-01-31,Madhya Pradesh,107.4,113.9,102.8,64.1,6.3,1572.0,614.0
2019-06-30,Lakshadweep,113.1,129.3,54.2,65.3,7.1,0.0,0.0
2019-10-31,Jammu and Kashmir,116.3,124.6,96.7,66.9,8.0,2382.0,1831.0
2020-07-31,Ladakh,121.7,132.3,20.3,69.3,-1.8,105.0,358.0
2023-08-31,Jharkhand,140.5,144.4,135.6,75.4,6.0,3471.0,3107.0
2016-12-31,Tamil Nadu,103.1,110.4,61.8,62.6,7.5,2352.0,7772.0
2024-06-30,Tamil Nadu,141.1,146.1,51.7,76.6,6.6,5947.0,5877.0
2017-08-31,Bihar,109.7,118.8,98.9,62.3,6.9,988.0,1117.0
2022-02-28,Chhattisgarh,132.8,138.2,137.7,72.3,6.5,265.0,2016.0
2025-07-31,Bihar,150.9,150.0,134.2,80.5,5.2,4441.0,3231.0
2016-05-31,Chandigarh,105.9,113.1,43.8,61.4,5.3,784.0,448.0
2023-08-31,Delhi,141.1,140.6,104.6,75.4,6.2,231.0,1797.0
2018-07-31,Madhya Pradesh,109.9,124.1,74.7,67.7,7.5,1326.0,2268.0
2018-03-31,Nagaland,115.1,122.8,92.5,66.4,5.8,1201.0,1330.0
2017-02-28,Lakshadweep,109.8,118.4,68.7,63.3,6.2,0.0,0.0
2023-03-31,Delhi,137.6,138.8,80.4,74.6,5.5,240.0,576.0
2019-02-28,Gujarat,115.7,125.5,108.3,69.9,4.1,8434.0,64.0
2016-01-31,Maharashtra,104.8,113.9,107.1,62.2,6.6,2631.0,8985.0
2019-12-31,Maharashtra,122.1,127.7,98.8,67.6,6.3,3019.0,10633.0
2019-09-30,Jharkhand,114.8,122.5,90.5,68.2,7.9,1884.0,3428.0
2017-12-31,Nagaland,108.3,115.8,87.8,63.6,6.0,1770.0,896.0
2016-08-31,Odisha,105.3,117.6,25.6,62.5,6.1,5023.0,6276.0
2020-05-31,Assam,127.2,128.4,57.0,68.3,1.3,2168.0,7790.0
2015-08-31,Gujarat,99.4,106.3,83.8,59.6,4.4,8536.0,600.0
2024-07-31,Gujarat,148.9,144.6,60.3,76.9,6.8,5087.0,1200.0
2022-08-31,Goa,131.4,136.4,122.4,73.9,7.2,2931.0,793.0
2023-02-28,Jharkhand,136.0,143.3,123.9,75.0,7.5,2611.0,6603.0
2020-06-30,Ladakh,127.0,131.3,67.9,69.4,-0.8,281.0,464.0
2017-08-31,Uttarakhand,105.3,116.1,61.8,63.4,6.8,1908.0,4063.0
2022-02-28,Andhra Pradesh,135.9,137.2,90.1,74.3,5.1,13449.0,283.0
2019-03-31,Andhra Pradesh,119.4,127.1,110.6,67.6,5.0,5849.0,13679.0
2020-03-31,Rajasthan,123.2,131.1,31.0,69.0,1.4,6840.0,1781.0
2025-05-31,West Bengal,149.1,147.9,119.6,80.4,7.4,10707.0,2439.0
2019-10-31,Ladakh,117.4,124.2,119.2,70.1,5.0,387.0,34.0
2019-10-31,Arunachal Pradesh,119.4,130.2,85.2,67.6,5.7,1565.0,136.0
2022-02-28,Arunachal Pradesh,135.0,137.5,142.0,75.3,6.3,535.0,1328.0
2019-01-31,Bihar,119.2,129.0,71.6,66.5,4.1,2068.0,4282.0
2020-10-31,Arunachal Pradesh,123.8,130.5,21.2,69.2,-0.0,279.0,922.0
2016-03-31,Andhra Pradesh,105.5,116.2,37.6,63.3,4.4,8797.0,3175.0
2019-06-30,Nagaland,123.3,127.3,93.1,68.2,7.3,583.0,1476.0
2023-05-31,Puducherry,139.5,142.3,24.1,75.3,7.9,191.0,996.0
2015-08-31,Uttarakhand,101.6,110.3,86.2,60.8,6.8,1199.0,1705.0
2019-05-31,Ladakh,118.1,123.5,35.1,67.0,7.9,459.0,539.0
2019-12-31,Uttar Pradesh,117.3,125.7,118.4,68.1,4.1,2706.0,917.0
2023-12-31,Karnataka,140.9,141.0,43.6,76.9,5.4,2166.0,9598.0
2015-05-31,Assam,99.5,109.3,75.2,60.4,5.9,7739.0,2523.0
2023-07-31,West Bengal,142.3,141.3,104.3,78.5,7.1,3266.0,6573.0
2015-06-30,Ladakh,102.7,110.3,101.9,59.4,6.6,171.0,452.0
2024-01-31,Meghalaya,146.7,147.3,79.1,78.7,6.9,2644.0,1181.0
2024-08-31,Jammu and Kashmir,146.6,145.7,136.1,78.9,4.6,3216.0,2464.0
2022-10-31,Sikkim,128.1,139.9,81.6,73.8,7.4,0.0,0.0
2018-11-30,Meghalaya,115.9,121.2,45.2,65.1,7.3,1163.0,112.0
2023-03-31,Delhi,141.7,142.2,95.2,77.2,7.1,3567.0,3367.0
2019-07-31,Madhya Pradesh,117.5,131.0,85.8,67.5,7.3,6956.0,3412.0
2019-04-30,West Bengal,120.0,123.6,70.7,68.6,4.9,2124.0,2527.0
2016-01-31,Meghalaya,102.9,113.2,93.3,62.4,4.6,1562.0,2229.0
2024-06-30,Arunachal Pradesh,147.1,142.4,74.5,78.1,7.6,930.0,789.0
2025-04-30,Uttar Pradesh,148.1,150.5,24.5,81.3,7.8,16956.0,11399.0
2023-10-31,West Bengal,138.4,142.0,55.7,76.3,5.7,3705.0,6274.0
2024-12-31,Assam,144.1,146.3,137.5,78.6,5.8,6334.0,2939.0
2020-03-31,Rajasthan,129.5,128.2,57.8,70.4,0.4,3991.0,5392.0
2016-07-31,Lakshadweep,107.0,112.5,39.0,62.1,6.0,0.0,0.0
2022-08-31,Goa,138.2,138.1,32.0,73.6,5.3,1644.0,857.0
2019-10-31,Chhattisgarh,116.4,123.2,55.1,68.0,4.8,5287.0,2873.0
2022-06-30,Telangana,132.5,139.8,124.4,74.6,4.1,6899.0,397.0
2024-09-30,Andhra Pradesh,147.7,143.2,36.7,78.5,6.4,3663.0,1524.0
2020-02-29,Tamil Nadu,121.5,129.7,44.6,70.6,-1.6,5072.0,10260.0
2016-11-30,Meghalaya,103.7,113.1,47.5,65.8,7.4,2503.0,2474.0
2025-07-31,Haryana,154.1,149.0,111.2,79.5,7.9,1498.0,3799.0
2025-09-30,Tripura,148.1,146.8,24.0,78.4,5.8,1585.0,488.0
2019-10-31,Karnataka,116.4,125.9,47.7,67.6,4.5,468.0,8674.0
2025-02-28,Kerala,150.1,147.6,105.5,79.6,6.3,3093.0,3941.0
2015-01-31,Haryana,96.4,110.3,74.7,60.4,6.3,4196.0,5008.0
2017-10-31,Jharkhand,112.5,116.5,97.9,63.7,4.5,4782.0,951.0
2022-12-31,Jammu and Kashmir,133.2,137.9,42.9,74.7,6.6,1980.0,2553.0
2025-06-30,Rajasthan,147.8,146.4,87.7,79.2,5.3,1571.0,5009.0
2024-10-31,Nagaland,145.1,147.8,47.5,78.6,7.4,1129.0,1579.0
2018-12-31,Nagaland,114.2,124.2,83.9,64.5,6.4,921.0,769.0
2022-05-31,Uttar Pradesh,135.5,136.9,39.8,74.0,5.7,5958.0,6011.0
2024-09-30,Punjab,146.0,151.6,41.8,77.2,7.9,452.0,2835.0
2025-09-30,Tripura,149.6,151.5,63.4,79.6,6.0,288.0,2113.0
2016-04-30,Dadra and Nagar Haveli and Daman and Diu,102.7,113.5,60.2,59.9,7.5,66.0,428.0
2020-09-30,Nagaland,126.5,129.0,41.9,70.9,-0.5,351.0,1033.0
2016-10-31,Meghalaya,103.6,112.4,78.1,61.6,5.8,809.0,41.0
2022-09-30,Nagaland,133.3,136.8,80.3,73.9,4.3,1430.0,1018.0
2021-04-30,Maharashtra,130.3,133.8,24.6,72.4,5.7,21.0,10366.0
2022-02-28,Gujarat,131.1,137.9,65.2,73.3,7.6,3046.0,13566.0
2017-05-31,Andaman and Nicobar Islands,110.8,115.2,26.1,63.5,7.3,489.0,246.0
2020-09-30,Tamil Nadu,125.4,132.7,19.1,68.2,1.9,266.0,517.0
2018-11-30,Puducherry,117.2,123.6,29.3,65.7,7.0,102.0,57.0
2022-10-31,Mizoram,134.0,141.7,43.0,75.5,5.1,0.0,0.0
2022-01-31,Nagaland,137.6,138.7,121.6,74.3,4.6,761.0,767.0
2018-03-31,Odisha,116.1,124.1,82.8,64.5,4.7,1124.0,13.0
2023-04-30,Arunachal Pradesh,139.9,139.5,84.8,76.4,6.6,2233.0,1074.0
2017-09-30,Andaman and Nicobar Islands,113.6,119.2,93.2,65.3,5.5,590.0,695.0
2023-05-31,Arunachal Pradesh,140.2,138.4,139.3,75.0,5.7,246.0,578.0
2016-11-30,Nagaland,104.0,112.1,61.8,61.8,7.4,904.0,535.0
2015-10-31,Ladakh,100.2,115.0,56.7,59.8,6.9,22.0,369.0
2020-09-30,Ladakh,123.9,129.3,70.7,70.1,1.7,100.0,29.0
2023-04-30,Rajasthan,140.7,142.0,116.6,76.1,4.7,3468.0,6606.0
2017-10-31,Delhi,112.6,119.4,97.7,64.6,7.3,418.0,1084.0
2022-12-31,Arunachal Pradesh,135.0,137.9,96.0,73.9,7.8,371.0,1636.0
2015-01-31,Jharkhand,100.2,108.0,70.7,61.2,4.7,3451.0,3817.0
2020-09-30,Manipur,126.6,128.0,45.0,68.1,2.0,1794.0,2255.0
2015-04-30,Kerala,102.4,111.6,85.2,58.9,5.7,993.0,7936.0
2016-04-30,Assam,104.1,114.6,57.7,63.5,7.6,4451.0,6012.0
2016-12-31,Bihar,105.3,115.7,98.2,61.5,7.0,8528.0,3267.0
2021-08-31,Himachal Pradesh,131.6,135.2,110.9,72.6,7.6,3595.0,2610.0
2015-02-28,Jharkhand,100.7,110.1,77.1,59.9,6.6,1964.0,6475.0
2025-08-31,Dadra and Nagar Haveli and Daman and Diu,146.3,150.0,69.8,80.9,4.6,48.0,488.0
2021-12-31,Karnataka,132.0,134.2,89.6,72.4,4.2,186.0,898.0
2025-04-30,Uttarakhand,151.0,149.3,45.9,82.6,6.5,588.0,5246.0
2017-09-30,Goa,111.2,117.3,116.9,64.0,4.2,1788.0,832.0
2023-05-31,Chandigarh,137.6,143.0,103.0,75.6,4.9,430.0,922.0
2015-12-31,Jammu and Kashmir,100.3,112.9,26.8,61.3,4.8,2280.0,127.0
2020-07-31,Nagaland,126.7,126.6,43.8,70.7,0.0,1568.0,969.0
2020-05-31,Goa,123.2,134.8,57.0,69.2,1.3,863.0,3147.0
2021-02-28,Madhya Pradesh,128.8,135.4,47.8,72.9,7.6,5011.0,1777.0
2018-07-31,Kerala,116.7,122.9,25.1,66.2,7.7,4681.0,4618.0
2018-08-31,Gujarat,113.7,120.0,68.9,66.1,7.9,9472.0,2622.0
2017-05-31,Maharashtra,109.6,116.6,103.4,64.4,7.1,7842.0,4591.0
2015-12-31,Himachal Pradesh,97.9,111.2,45.2,60.8,7.7,1491.0,2528.0
2022-11-30,Jammu and Kashmir,138.6,138.5,110.0,74.2,7.2,2573.0,2177.0
2018-10-31,Gujarat,116.0,119.4,60.8,65.7,7.6,1164.0,9151.0
2017-11-30,Rajasthan,109.5,116.3,26.0,66.1,4.4,4465.0,3650.0
2021-09-30,Odisha,129.1,132.5,50.4,72.0,7.8,1038.0,971.0
2022-06-30,Uttarakhand,132.5,136.3,61.7,75.3,4.9,1467.0,4615.0
2015-08-31,Arunachal Pradesh,99.8,110.5,110.5,59.4,6.3,243.0,1083.0
2022-09-30,Maharashtra,136.3,136.0,141.8,73.2,6.1,6707.0,956.0
2022-06-30,Delhi,133.4,139.6,49.2,75.0,6.3,2122.0,1429.0
2024-07-31,Kerala,145.2,143.0,75.7,77.7,6.8,3605.0,40.0
2023-09-30,Rajasthan,139.3,144.0,141.2,74.1,6.2,5022.0,3418.0
2019-10-31,Chandigarh,122.8,132.1,60.7,67.8,6.8,500.0,322.0
2024-06-30,Sikkim,143.7,147.6,65.9,78.5,6.1,0.0,0.0
2021-03-31,Arunachal Pradesh,131.6,132.9,31.0,71.3,4.0,1188.0,1308.0
2024-12-31,Andaman and Nicobar Islands,147.8,145.0,114.4,77.2,6.5,208.0,353.0
2016-09-30,Telangana,104.2,111.8,64.7,62.2,6.2,3371.0,4761.0
2023-05-31,Lakshadweep,138.8,144.2,100.6,74.9,6.3,0.0,0.0
2023-03-31,Kerala,141.8,142.3,85.2,76.3,4.0,5079.0,5865.0
2017-12-31,Gujarat,106.4,114.4,37.5,65.0,5.9,9906.0,10123.0
2022-12-31,Arunachal Pradesh,135.9,135.1,45.2,75.3,7.5,1321.0,389.0
2018-01-31,Odisha,111.8,118.5,114.0,65.3,5.3,7720.0,5728.0
2015-12-31,Nagaland,102.4,111.5,109.0,61.8,5.8,1923.0,1906.0
2024-05-31,Puducherry,144.5,144.0,97.3,78.6,4.5,1214.0,2075.0
2016-01-31,Arunachal Pradesh,104.8,115.7,20.1,61.3,5.8,57.0,2014.0
2016-11-30,Odisha,103.6,112.9,63.3,61.6,5.6,7813.0,7931.0
2023-03-31,Goa,136.8,143.6,87.7,75.3,7.5,3734.0,867.0
2023-09-30,Mizoram,142.5,141.5,77.9,73.9,4.1,0.0,0.0
2017-06-30,Tamil Nadu,109.7,119.9,112.5,65.4,7.8,5184.0,166.0
2016-05-31,Himachal Pradesh,111.4,112.4,24.1,62.2,6.3,1888.0,1414.0
2024-05-31,Rajasthan,143.4,144.5,102.6,78.6,6.1,3464.0,2073.0
2020-02-29,Rajasthan,123.7,129.1,30.8,70.1,-0.2,3673.0,1212.0
2021-12-31,Uttarakhand,128.2,135.7,75.9,70.5,4.8,4760.0,3321.0
2024-04-30,Karnataka,144.6,143.8,102.7,78.3,4.8,12756.0,62.0
2022-02-28,Chandigarh,138.2,136.8,76.9,75.0,7.5,981.0,99.0
2016-07-31,West Bengal,107.0,113.5,34.8,62.9,7.7,7661.0,9132.0
2023-04-30,Punjab,137.0,142.8,86.3,77.1,7.4,2476.0,16826.0
2021-04-30,Bihar,132.4,133.2,113.3,72.1,4.2,5118.0,4038.0
2015-09-30,Nagaland,101.4,111.2,73.6,57.6,6.6,1273.0,1365.0
2017-04-30,Andaman and Nicobar Islands,111.0,116.5,32.3,64.7,5.8,981.0,732.0
2025-08-31,Ladakh,148.6,152.0,122.9,80.1,7.2,122.0,114.0
2019-04-30,Uttarakhand,118.8,127.5,42.2,70.0,4.6,1341.0,859.0
2021-11-30,Andhra Pradesh,130.3,132.9,57.0,73.9,7.7,4240.0,9245.0
2024-03-31,Jammu and Kashmir,143.9,147.4,75.5,79.1,5.3,4782.0,3329.0
2024-09-30,Chhattisgarh,147.6,143.8,64.8,76.6,5.3,874.0,3772.0
2020-09-30,Goa,123.8,130.3,36.3,68.9,1.8,881.0,2296.0
2023-03-31,Ladakh,136.1,140.4,119.5,76.5,4.0,142.0,98.0
2017-01-31,Chhattisgarh,107.4,118.6,42.3,62.8,5.3,4885.0,5276.0
2025-03-31,Lakshadweep,147.5,149.7,80.5,80.9,4.6,0.0,0.0
2019-05-31,Dadra and Nagar Haveli and Daman and Diu,119.5,124.5,22.0,68.9,7.0,969.0,753.0
2019-09-30,Jharkhand,120.4,122.9,70.8,69.6,7.0,3244.0,3473.0
2018-03-31,Dadra and Nagar Haveli and Daman and Diu,115.1,121.6,31.2,67.1,7.3,420.0,247.0
2024-01-31,Haryana,145.9,148.4,57.9,77.6,4.0,11296.0,12504.0
2018-06-30,Uttarakhand,114.5,122.6,52.5,65.9,5.4,4479.0,3976.0
2025-02-28,Andaman and Nicobar Islands,149.6,146.9,33.9,79.2,4.0,406.0,548.0
2021-03-31,Maharashtra,133.5,133.5,56.1,72.3,6.0,12167.0,8386.0
2021-04-30,Tamil Nadu,132.4,136.4,69.8,69.8,7.6,7190.0,12164.0
2015-09-30,Bihar,100.8,109.4,63.1,59.7,5.6,7661.0,6090.0
2021-02-28,Puducherry,131.8,132.1,48.0,72.7,7.5,1900.0,621.0
2015-07-31,Uttarakhand,96.1,113.5,49.5,60.6,7.8,2672.0,2151.0
2017-03-31,Odisha,108.4,115.8,83.4,64.9,5.0,443.0,9542.0
2025-02-28,Dadra and Nagar Haveli and Daman and Diu,149.1,149.5,110.2,78.9,4.0,347.0,1093.0
2015-05-31,Assam,98.4,108.8,77.7,58.7,7.0,5601.0,7155.0
2017-05-31,Andaman and Nicobar Islands,106.9,119.3,117.6,64.6,6.3,505.0,206.0
2021-11-30,Madhya Pradesh,130.8,135.0,114.5,71.0,5.4,6298.0,5635.0
2024-01-31,Uttarakhand,147.8,144.2,35.8,76.8,5.5,4150.0,1170.0
2020-05-31,Lakshadweep,125.0,128.6,27.7,70.2,1.9,0.0,0.0
2022-02-28,Assam,136.3,138.3,128.2,74.0,7.5,5751.0,4997.0
2020-11-30,Goa,124.9,130.4,13.8,72.4,1.5,639.0,2245.0
2018-09-30,Assam,114.1,121.5,79.2,66.4,4.4,244.0,453.0
2017-12-31,Madhya Pradesh,111.8,117.4,115.4,64.2,7.1,1462.0,4630.0
2020-10-31,Karnataka,122.1,127.5,52.7,69.4,0.5,6907.0,7116.0
2016-07-31,Uttarakhand,101.3,117.7,29.2,62.8,7.1,1245.0,1729.0
2023-12-31,Arunachal Pradesh,137.1,143.3,113.7,76.0,7.6,468.0,73.0
2022-07-31,Kerala,136.7,138.0,69.2,73.5,5.5,3564.0,3924.0
2022-06-30,Kerala,135.2,140.0,134.6,73.8,4.2,7481.0,5695.0
2016-07-31,Tamil Nadu,105.8,113.6,48.6,61.7,5.0,9250.0,2767.0
2018-03-31,Dadra and Nagar Haveli and Daman and Diu,118.4,120.4,67.3,65.9,4.2,870.0,718.0
2025-06-30,Jharkhand,147.7,150.7,113.6,82.3,4.6,1781.0,1267.0
2025-06-30,Jammu and Kashmir,152.4,150.3,54.9,80.6,7.4,1164.0,3919.0
2019-10-31,Goa,119.2,129.4,38.2,67.8,7.8,77.0,2992.0
2020-01-31,Tripura,123.9,128.5,12.2,69.9,2.0,2547.0,1794.0
2025-07-31,Dadra and Nagar Haveli and Daman and Diu,150.2,148.1,82.6,78.6,6.9,772.0,47.0
2023-09-30,Chandigarh,140.5,146.2,135.4,74.2,6.9,435.0,228.0
2015-01-31,Manipur,99.6,112.4,48.1,60.7,4.5,32.0,2043.0
2022-08-31,Assam,136.2,139.3,29.2,74.7,4.2,4351.0,3908.0
2024-05-31,Nagaland,145.2,144.6,98.5,78.4,6.8,859.0,1769.0
2019-08-31,Mizoram,119.6,126.8,25.6,69.5,4.1,0.0,0.0
2024-09-30,Maharashtra,144.2,143.4,84.8,78.2,7.2,10359.0,8797.0
2019-10-31,Meghalaya,120.5,125.0,58.2,68.8,6.4,1598.0,1672.0
2018-08-31,Uttarakhand,112.3,119.7,67.5,65.9,4.5,3477.0,727.0
2020-01-31,Delhi,122.9,128.5,21.8,67.5,1.9,364.0,729.0
2018-11-30,Punjab,114.3,119.6,29.0,67.2,6.4,10051.0,10391.0
2021-08-31,Tripura,131.1,135.4,94.9,71.0,5.5,70.0,149.0
2024-10-31,Maharashtra,149.3,149.6,53.5,78.3,7.3,10550.0,5289.0
2016-08-31,Chhattisgarh,104.7,116.0,100.0,61.3,5.2,3102.0,3543.0
2018-11-30,Jharkhand,111.5,123.5,95.8,66.3,5.5,5208.0,861.0
2019-01-31,Jharkhand,118.4,125.3,39.8,69.7,6.8,4178.0,500.0
2016-02-29,Himachal Pradesh,106.3,114.4,110.8,62.6,7.0,3012.0,2583.0
2015-01-31,Maharashtra,98.1,107.9,36.1,60.8,5.1,3835.0,6300.0
2024-09-30,Delhi,142.4,143.4,119.7,77.8,4.1,1676.0,2018.0
2019-06-30,Andaman and Nicobar Islands,121.3,123.1,62.1,67.7,4.7,785.0,585.0
2024-10-31,Telangana,145.9,143.6,46.0,77.7,5.1,6675.0,5163.0
2015-03-31,Goa,97.1,111.4,113.8,60.8,7.6,4024.0,1912.0
2015-12-31,Uttar Pradesh,98.2,111.6,116.3,60.0,7.6,10476.0,1118.0
2021-02-28,Assam,132.5,132.2,71.1,72.7,6.6,8983.0,5906.0
2016-04-30,Lakshadweep,106.7,114.6,66.9,61.8,6.8,0.0,0.0
2023-06-30,Uttar Pradesh,137.6,144.3,132.1,77.0,6.5,463.0,7381.0
2024-09-30,Assam,141.0,145.7,95.5,78.7,7.1,4645.0,418.0
2015-08-31,Kerala,100.5,108.5,46.6,60.1,5.4,663.0,359.0
2025-02-28,Maharashtra,149.4,149.2,75.0,80.7,6.2,1828.0,9370.0
2022-08-31,Odisha,135.4,140.9,124.3,75.0,6.7,6506.0,3504.0
2022-06-30,Bihar,136.3,137.9,127.1,75.9,5.9,8088.0,3986.0
2019-12-31,Kerala,118.1,130.3,113.9,67.3,7.1,6842.0,1260.0
2017-04-30,Jammu and Kashmir,109.1,116.7,48.8,64.9,7.7,2693.0,2441.0
2023-05-31,Tamil Nadu,138.2,141.0,105.6,76.7,6.7,1244.0,2883.0
2018-05-31,Assam,113.3,119.2,26.8,66.9,4.3,4265.0,6792.0
2018-10-31,Assam,116.1,124.1,92.6,65.5,6.4,5984.0,4866.0
2017-11-30,Meghalaya,110.3,118.2,76.3,64.1,6.8,791.0,278.0
2021-10-31,Madhya Pradesh,126.9,132.2,45.0,71.5,5.1,3474.0,2278.0
2024-07-31,Odisha,146.5,145.3,102.6,78.4,5.3,4563.0,3223.0
2018-11-30,West Bengal,114.3,123.0,33.5,65.1,6.4,3754.0,9029.0
2015-10-31,Himachal Pradesh,101.5,108.3,53.4,61.4,6.8,2760.0,2769.0
2019-08-31,Mizoram,118.0,126.7,60.1,68.1,7.5,0.0,0.0
2017-06-30,Gujarat,108.1,119.8,97.7,65.7,7.1,9153.0,6803.0
2024-01-31,Haryana,145.5,145.1,61.1,77.3,4.5,7090.0,14980.0
2015-05-31,Kerala,97.8,106.3,24.9,60.2,5.4,1200.0,1415.0
2024-11-30,West Bengal,144.5,145.5,45.7,78.1,4.6,5576.0,4011.0
2017-09-30,Arunachal Pradesh,107.6,117.0,80.8,64.7,7.0,769.0,877.0
2024-10-31,West Bengal,144.2,143.5,25.8,78.8,5.1,1159.0,2457.0
2020-05-31,Tripura,124.9,131.2,59.5,68.7,-0.1,1773.0,639.0
2015-11-30,Uttarakhand,100.0,111.3,110.1,61.2,4.4,3778.0,3526.0
2022-01-31,Jammu and Kashmir,134.3,138.4,83.4,74.9,4.5,2500.0,2178.0
2017-02-28,Manipur,110.7,117.1,90.8,62.5,5.0,3272.0,2648.0
2020-03-31,Jammu and Kashmir,125.3,130.3,39.8,71.4,-0.8,183.0,1072.0
2022-02-28,Delhi,134.8,136.7,61.1,72.7,5.0,257.0,3501.0
2019-11-30,Tamil Nadu,118.7,127.4,36.5,68.3,5.1,4180.0,1329.0
2017-03-31,Uttarakhand,112.1,117.1,71.8,63.7,7.5,2149.0,5880.0
2023-02-28,Haryana,140.8,141.5,135.6,75.8,5.8,2349.0,5863.0
2023-09-30,Bihar,137.9,141.7,130.8,75.7,6.0,2206.0,6322.0
2023-03-31,Chhattisgarh,141.3,148.5,134.4,76.5,4.0,214.0,7952.0
2025-09-30,Meghalaya,151.8,148.0,140.0,79.1,4.3,2085.0,874.0
2019-07-31,Nagaland,119.8,125.1,36.5,68.9,7.0,1622.0,766.0
2015-06-30,Nagaland,100.0,106.8,34.7,60.5,5.3,584.0,814.0
2022-11-30,Haryana,130.9,138.5,75.3,73.8,4.6,10395.0,7070.0
2023-06-30,Andaman and Nicobar Islands,138.3,145.5,106.7,76.9,5.7,217.0,70.0
2015-03-31,Rajasthan,101.7,109.5,64.0,59.5,4.2,5095.0,6875.0
2016-11-30,Uttarakhand,103.4,112.7,109.2,62.0,6.8,3850.0,3703.0
2019-05-31,Arunachal Pradesh,119.7,125.9,91.7,66.5,4.3,1130.0,831.0
2021-11-30,Bihar,128.3,136.1,83.4,71.4,4.2,8779.0,8302.0
2022-01-31,Kerala,135.5,140.8,32.5,73.1,5.7,6618.0,3785.0
2021-06-30,Meghalaya,130.8,131.9,37.5,70.2,6.3,2920.0,1122.0
2024-02-29,Tripura,145.8,147.3,75.4,77.8,7.1,2409.0,1036.0
2015-01-31,Tamil Nadu,97.7,109.8,117.6,59.9,4.3,10112.0,10408.0
2019-03-31,Mizoram,120.2,128.9,53.4,68.3,5.3,0.0,0.0
2015-04-30,Andhra Pradesh,103.2,114.6,83.0,60.6,5.1,13354.0,2001.0
2024-05-31,Rajasthan,146.5,149.6,142.7,77.8,7.0,3630.0,4069.0
2017-08-31,Ladakh,110.2,116.0,46.4,64.5,5.5,338.0,322.0
2017-10-31,Arunachal Pradesh,106.1,116.3,36.7,64.9,6.5,996.0,257.0
2022-08-31,Tamil Nadu,134.5,141.4,89.6,75.1,6.0,3694.0,830.0
2022-11-30,Arunachal Pradesh,138.3,137.8,90.2,74.6,6.3,271.0,408.0
2020-12-31,Jharkhand,127.6,128.5,67.3,70.5,-1.3,2002.0,2641.0
2018-03-31,Himachal Pradesh,115.9,119.3,22.6,65.0,5.0,4324.0,139.0
2024-10-31,Andaman and Nicobar Islands,143.6,146.3,72.9,78.8,4.2,721.0,820.0
2015-03-31,Uttar Pradesh,100.1,109.2,51.2,59.0,4.7,17354.0,7650.0
2025-03-31,Ladakh,151.5,150.8,92.5,80.3,4.7,240.0,313.0
2019-02-28,Andaman and Nicobar Islands,121.9,126.4,20.9,68.7,7.7,780.0,326.0
2015-12-31,Bihar,100.6,107.6,91.1,60.4,7.7,6549.0,3092.0
2019-06-30,Rajasthan,121.7,124.4,68.5,65.4,5.0,4625.0,4569.0
2019-09-30,Delhi,119.9,127.9,90.1,68.8,4.4,2.0,2091.0
2024-04-30,Dadra and Nagar Haveli and Daman and Diu,144.8,148.1,77.7,79.5,5.1,226.0,1165.0
2018-11-30,West Bengal,114.1,121.3,67.4,64.4,7.2,5445.0,3826.0
2022-01-31,Ladakh,135.8,138.4,131.5,74.2,7.5,50.0,375.0
2020-06-30,Delhi,127.0,127.9,24.7,69.8,0.7,1079.0,2889.0
2021-03-31,Bihar,131.4,133.9,41.7,72.0,6.2,10287.0,1493.0
2023-07-31,Bihar,137.6,144.2,91.1,77.3,5.8,4119.0,3997.0
2018-02-28,Delhi,112.7,125.3,86.0,66.2,4.7,2495.0,961.0
2019-02-28,Maharashtra,122.2,125.7,55.5,67.0,4.2,12754.0,14359.0
2023-02-28,Himachal Pradesh,140.4,141.4,86.3,75.3,6.5,3240.0,5439.0
2021-10-31,Telangana,130.4,131.1,42.8,71.2,7.2,2421.0,2361.0
2017-06-30,Tripura,110.4,116.8,33.6,62.1,7.0,2170.0,1333.0
2021-07-31,Gujarat,133.5,133.9,43.8,71.5,7.6,2982.0,3344.0
2022-07-31,West Bengal,134.1,137.7,134.0,74.7,7.3,8240.0,6405.0
2019-04-30,Chhattisgarh,122.2,124.9,100.2,68.3,5.2,6500.0,3390.0
2021-07-31,Madhya Pradesh,130.5,136.4,34.0,72.2,4.5,6760.0,6413.0
2017-06-30,Arunachal Pradesh,106.8,118.8,24.7,63.7,5.7,72.0,730.0
2023-10-31,Punjab,138.4,141.7,35.2,75.9,5.4,917.0,2949.0
2019-03-31,Kerala,118.8,127.4,49.3,68.5,6.9,8887.0,8601.0
2021-09-30,Uttarakhand,132.2,133.9,101.1,72.8,4.3,224.0,143.0
2017-05-31,Gujarat,112.5,121.1,52.1,64.3,7.8,8526.0,3113.0
2021-02-28,Puducherry,130.7,132.4,38.6,70.9,7.8,5.0,1954.0
2016-05-31,Rajasthan,104.0,114.7,59.6,61.6,4.4,2959.0,3212.0
2021-12-31,Nagaland,128.2,129.7,32.4,72.4,5.7,218.0,950.0
2020-09-30,Jharkhand,127.3,129.2,40.2,69.3,-1.9,3726.0,1438.0
2017-10-31,Rajasthan,107.4,118.3,87.6,63.4,4.7,4791.0,3763.0
2015-06-30,Meghalaya,99.8,109.4,56.9,60.7,6.8,1245.0,1514.0
2019-05-31,Punjab,124.7,123.8,37.4,68.8,6.8,1844.0,14749.0
2025-06-30,Telangana,149.0,148.6,78.4,79.0,4.9,8045.0,3442.0
2018-07-31,Rajasthan,112.5,120.0,96.2,64.6,4.0,4151.0,4817.0
2024-07-31,Dadra and Nagar Haveli and Daman and Diu,141.5,145.8,33.2,76.8,6.7,743.0,652.0
2024-03-31,Jharkhand,149.8,147.6,32.5,78.7,6.5,3608.0,5024.0
2021-08-31,Punjab,130.7,133.3,51.8,71.2,6.6,11750.0,5847.0
2022-11-30,Maharashtra,133.3,141.6,73.8,73.5,4.6,957.0,9460.0
2024-10-31,Odisha,144.6,146.5,50.0,76.8,6.4,5367.0,2210.0
2015-08-31,Chandigarh,98.7,105.9,22.7,60.0,6.2,486.0,60.0
2023-08-31,Meghalaya,136.3,142.7,50.3,75.8,5.8,1188.0,990.0
2017-01-31,Sikkim,111.6,117.9,63.5,64.4,7.1,0.0,0.0
2022-12-31,Punjab,135.1,140.8,33.5,74.3,5.6,5156.0,14042.0
2022-09-30,Goa,136.4,138.0,109.9,72.1,5.4,1644.0,644.0
2020-01-31,Delhi,125.0,129.5,45.1,70.4,1.1,2757.0,889.0
2025-02-28,Odisha,150.3,154.1,76.1,79.9,7.8,8476.0,176.0
2019-03-31,Chhattisgarh,115.5,121.8,71.9,69.2,5.4,7756.0,4490.0
2016-09-30,Gujarat,106.8,113.3,85.6,61.2,5.8,7327.0,3017.0
2015-05-31,Puducherry,97.8,110.5,119.5,60.5,5.1,1861.0,1522.0
2022-08-31,Punjab,133.3,137.2,117.0,74.1,6.7,584.0,504.0
2020-01-31,Manipur,123.9,125.8,44.4,69.1,-1.8,1191.0,171.0
2016-10-31,Andhra Pradesh,100.9,114.8,97.1,63.1,6.8,430.0,3747.0
2020-10-31,Chhattisgarh,123.8,129.1,40.5,70.4,-0.9,1336.0,2030.0
2015-01-31,Puducherry,98.7,109.7,51.1,59.7,5.1,888.0,188.0
2015-12-31,Rajasthan,99.2,112.5,46.2,59.1,4.8,4242.0,2435.0
2022-06-30,Maharashtra,131.6,138.6,71.9,75.2,7.1,9890.0,12886.0
2018-10-31,Mizoram,116.9,120.8,20.2,66.9,4.4,0.0,0.0
2017-10-31,Kerala,110.8,118.8,37.7,64.0,5.0,1953.0,5366.0
2021-06-30,Uttarakhand,128.3,133.2,32.7,72.0,6.0,3415.0,1246.0
2018-09-30,Goa,113.8,121.4,116.0,64.9,4.4,1474.0,2580.0
2021-01-31,Tripura,131.7,135.5,26.5,73.4,4.0,2341.0,104.0
2017-02-28,Uttarakhand,109.5,116.7,70.1,62.9,6.8,9.0,4422.0
2018-11-30,Arunachal Pradesh,112.5,123.1,112.0,66.9,6.5,817.0,921.0
2025-01-31,Sikkim,149.8,149.5,96.9,82.0,4.0,0.0,0.0
2019-08-31,Lakshadweep,117.8,125.0,69.5,67.2,4.2,0.0,0.0
2022-10-31,Mizoram,133.6,137.0,113.2,73.5,4.9,0.0,0.0
2023-11-30,Arunachal Pradesh,139.9,140.8,66.4,75.2,7.6,952.0,1540.0
2020-03-31,Uttar Pradesh,127.1,130.2,23.6,71.2,-0.0,15127.0,3785.0
2018-12-31,Delhi,119.0,121.5,104.7,66.1,7.2,2692.0,2981.0
2020-01-31,Andhra Pradesh,127.7,132.7,15.4,68.5,-1.6,12857.0,11764.0
2021-09-30,Ladakh,129.9,132.2,100.8,70.9,7.9,25.0,251.0
2017-02-28,Tripura,114.5,119.1,30.3,64.7,7.8,1548.0,983.0
2017-12-31,Madhya Pradesh,111.1,120.3,82.6,63.3,4.3,2524.0,7545.0
2015-01-31,Ladakh,98.0,113.5,67.7,58.2,4.1,524.0,56.0
2015-08-31,Kerala,100.2,108.4,119.9,60.6,6.0,1347.0,6072.0
2024-05-31,Rajasthan,143.7,148.0,70.6,78.4,5.1,4727.0,5438.0
2023-03-31,Tamil Nadu,137.5,142.4,138.9,75.2,6.0,4587.0,3185.0
2018-11-30,Nagaland,112.7,124.1,60.4,65.6,4.4,802.0,613.0
2025-07-31,Madhya Pradesh,149.7,148.7,105.8,79.7,7.6,6801.0,1187.0
2019-08-31,Odisha,121.5,125.8,84.4,67.8,7.1,7380.0,6745.0
2016-02-29,Jammu and Kashmir,107.1,113.3,28.6,63.4,6.2,2680.0,1607.0
2017-04-30,Puducherry,107.5,117.1,94.3,64.7,5.9,1698.0,1128.0
2021-06-30,Andhra Pradesh,129.4,134.1,40.9,72.6,5.9,4499.0,3990.0
2024-01-31,Sikkim,146.0,151.0,70.6,77.9,6.5,0.0,0.0
2016-02-29,West Bengal,105.3,115.3,98.2,61.2,6.2,3198.0,251.0
2019-08-31,Bihar,121.4,125.3,114.4,69.4,5.9,1929.0,1941.0
2024-07-31,Gujarat,144.1,145.4,91.2,78.0,6.7,3264.0,10210.0
2015-07-31,Karnataka,102.5,111.1,71.9,59.0,7.1,8907.0,317.0
2015-03-31,Kerala,100.0,109.6,70.5,63.0,6.6,2287.0,4246.0
2024-03-31,Jammu and Kashmir,146.5,145.6,122.0,78.2,5.6,1333.0,1897.0
2023-11-30,Puducherry,139.2,139.8,143.2,74.9,5.7,1495.0,1025.0
2016-06-30,Nagaland,105.1,113.9,83.4,62.9,4.4,839.0,972.0
2018-02-28,Jharkhand,111.8,116.9,57.9,67.0,5.7,1934.0,1478.0
2024-07-31,Manipur,143.3,142.5,50.2,77.6,7.1,573.0,2156.0
2016-03-31,Uttar Pradesh,104.6,113.3,39.9,61.1,4.3,3482.0,16401.0
2024-11-30,Assam,145.2,147.3,126.7,77.7,4.7,3235.0,3841.0
2017-04-30,Madhya Pradesh,115.4,121.2,119.2,64.7,7.4,5734.0,2874.0
2018-03-31,Puducherry,114.2,122.8,89.8,66.8,6.3,2149.0,1460.0
2016-05-31,Mizoram,102.2,115.1,115.6,61.4,6.7,0.0,0.0
2022-02-28,Andhra Pradesh,138.4,138.2,66.0,75.4,5.3,549.0,439.0
2025-06-30,Maharashtra,152.2,151.7,99.3,78.5,6.0,4000.0,11015.0
2018-08-31,Andhra Pradesh,112.7,122.4,71.2,65.4,7.0,2644.0,4806.0
2017-01-31,Telangana,110.9,118.7,68.2,63.9,7.5,1995.0,7426.0
2016-01-31,Karnataka,106.7,110.9,83.2,61.7,7.9,8104.0,10920.0
2017-01-31,Assam,110.3,118.5,51.0,63.5,7.4,3125.0,8667.0
2020-08-31,Madhya Pradesh,125.7,130.0,50.4,71.3,-1.9,5805.0,2966.0
2020-07-31,Sikkim,123.7,129.2,52.4,69.9,-0.1,0.0,0.0
2024-01-31,Chandigarh,146.0,145.3,124.3,78.4,7.0,866.0,396.0
2024-03-31,Tripura,144.0,143.3,111.7,78.3,5.7,919.0,2655.0
2024-03-31,Gujarat,139.7,147.1,62.4,78.4,5.7,13890.0,10461.0
2017-10-31,Tripura,110.4,118.5,65.1,63.8,7.2,2422.0,2283.0
2024-03-31,Tripura,141.6,146.1,38.4,76.2,7.3,1535.0,1818.0
2015-08-31,Arunachal Pradesh,102.0,110.5,45.7,60.9,7.2,315.0,726.0
2024-05-31,Puducherry,142.7,143.5,86.5,77.9,5.4,1688.0,1149.0
2021-11-30,Sikkim,125.1,137.5,30.1,71.5,4.9,0.0,0.0
2018-06-30,Andhra Pradesh,111.5,123.9,77.1,65.5,5.4,6093.0,6385.0
2023-05-31,Nagaland,139.9,143.2,70.8,76.3,6.8,327.0,1754.0
2015-06-30,Meghalaya,100.4,113.0,23.5,59.5,5.5,2454.0,2692.0
2017-02-28,Jharkhand,107.2,118.4,63.4,63.8,4.2,6596.0,5261.0
2020-04-30,Dadra and Nagar Haveli and Daman and Diu,122.9,129.4,28.9,70.7,1.5,988.0,86.0
2019-11-30,Madhya Pradesh,120.0,126.5,26.7,68.2,4.3,2764.0,2052.0
2024-01-31,Puducherry,146.9,149.1,59.2,77.1,8.0,1746.0,679.0
2025-01-31,Puducherry,147.6,148.2,59.3,80.6,7.4,1102.0,932.0
2017-09-30,Kerala,110.8,121.0,55.5,63.7,7.8,4854.0,3691.0
2016-09-30,Mizoram,101.5,111.3,56.6,62.8,7.3,0.0,0.0
2020-10-31,Manipur,125.6,131.1,37.8,69.6,-0.4,405.0,1790.0
2024-04-30,Madhya Pradesh,146.5,148.0,35.0,78.1,5.7,315.0,4116.0
2015-04-30,Haryana,101.0,111.3,20.5,60.6,7.6,11989.0,5992.0
2022-10-31,Mizoram,137.0,140.1,112.3,73.1,4.4,0.0,0.0
2021-03-31,Karnataka,131.9,133.7,53.7,72.7,5.2,11617.0,2962.0
2020-02-29,Andhra Pradesh,128.7,127.5,48.8,71.7,-1.2,9915.0,7867.0
2022-10-31,Lakshadweep,135.2,140.1,60.8,74.5,5.8,0.0,0.0
2022-11-30,Jharkhand,138.7,141.7,142.1,74.2,7.8,4713.0,968.0
2019-07-31,Manipur,118.1,125.7,51.5,68.9,5.6,2102.0,207.0
2017-07-31,Assam,109.6,119.4,80.5,64.8,5.0,3944.0,1152.0
2018-04-30,Himachal Pradesh,114.8,120.3,42.0,66.1,5.8,2696.0,2830.0
2017-12-31,Haryana,107.9,116.2,71.8,63.1,5.6,10249.0,2926.0
2015-06-30,Jharkhand,95.3,110.2,77.9,59.3,6.5,1770.0,3006.0
2020-06-30,Haryana,126.7,128.5,23.0,69.6,-0.4,10591.0,7623.0
2021-03-31,Meghalaya,128.1,134.2,32.4,70.7,6.2,2859.0,2357.0
2015-04-30,Karnataka,99.2,116.1,117.4,61.4,5.8,11862.0,8631.0
2021-07-31,Tamil Nadu,133.2,132.6,109.3,71.1,6.4,3430.0,998.0
2024-10-31,Sikkim,146.1,146.7,103.2,77.9,7.9,0.0,0.0
2024-05-31,Nagaland,148.5,142.5,127.3,77.1,6.5,1073.0,297.0
2022-10-31,Assam,135.2,139.0,35.5,74.6,4.5,2119.0,2714.0
2020-02-29,Haryana,126.1,128.6,55.8,71.0,0.9,2257.0,5455.0
2021-07-31,Chhattisgarh,129.5,134.6,48.6,70.7,6.4,5033.0,1998.0
2017-02-28,Uttarakhand,108.3,118.5,73.9,64.7,4.6,5858.0,1706.0
2018-08-31,Chhattisgarh,116.1,122.3,96.5,64.8,4.9,574.0,4562.0
2020-10-31,Odisha,124.1,128.1,14.0,69.6,-1.8,901.0,354.0
2024-10-31,Mizoram,146.3,145.4,107.4,80.7,7.8,0.0,0.0
2020-08-31,Nagaland,123.9,130.5,38.1,70.3,-1.9,943.0,1518.0
2016-07-31,Arunachal Pradesh,104.6,113.5,64.0,62.9,7.1,1572.0,137.0
2016-08-31,Gujarat,104.8,116.8,110.7,62.3,5.4,553.0,2955.0
2024-05-31,Meghalaya,147.2,146.1,127.2,77.8,4.3,2914.0,1666.0
2018-11-30,Gujarat,114.2,120.0,25.8,65.4,5.7,10346.0,3225.0
2015-01-31,Nagaland,102.4,110.9,81.8,61.5,4.0,982.0,57.0
2022-06-30,Uttar Pradesh,133.2,133.1,76.3,75.9,7.3,13105.0,2400.0
2020-04-30,Andaman and Nicobar Islands,125.5,133.9,19.1,70.1,-0.1,1157.0,357.0
2018-02-28,Meghalaya,113.6,118.6,105.1,67.2,5.8,3327.0,2359.0
2018-01-31,Chandigarh,117.2,123.8,27.2,66.9,7.3,632.0,132.0
2025-06-30,Tripura,148.4,151.5,27.9,79.8,6.1,312.0,798.0
2023-04-30,Haryana,138.6,139.7,47.7,76.1,6.4,5872.0,10133.0
2021-05-31,Maharashtra,127.5,135.1,50.3,71.6,7.3,2400.0,9903.0
2015-03-31,Sikkim,100.2,108.6,26.1,62.0,6.9,0.0,0.0
2015-10-31,Maharashtra,101.2,109.7,84.1,60.8,6.6,9427.0,9632.0
2015-05-31,Uttarakhand,101.0,110.9,63.7,60.0,6.8,2335.0,716.0
2016-01-31,Jammu and Kashmir,104.7,113.9,61.2,61.5,5.1,2242.0,3337.0
2021-12-31,Kerala,128.7,132.0,34.5,72.5,4.5,2152.0,5336.0
2020-05-31,Rajasthan,124.4,130.8,38.3,68.7,0.7,145.0,6258.0
2020-03-31,Karnataka,124.5,129.6,35.4,69.2,0.5,2873.0,12044.0
2023-05-31,Assam,140.5,141.8,70.0,75.8,4.2,4774.0,3304.0
2021-01-31,Himachal Pradesh,130.4,133.9,41.9,71.6,5.0,4055.0,1722.0
2016-05-31,Odisha,108.5,111.3,29.4,61.8,6.9,7079.0,3094.0
2015-09-30,Tamil Nadu,100.1,107.8,46.1,60.7,6.8,7456.0,8634.0
2018-02-28,Meghalaya,115.7,120.8,86.7,67.9,7.6,2315.0,1894.0
2022-10-31,Bihar,135.1,138.8,32.8,74.7,6.7,3802.0,7682.0
2022-11-30,Lakshadweep,134.3,136.1,69.9,73.8,5.8,0.0,0.0
2019-01-31,Andhra Pradesh,120.7,128.4,71.4,69.0,5.0,51.0,11780.0
2020-09-30,Bihar,124.2,130.4,69.8,70.0,0.6,3094.0,2228.0
2020-02-29,Uttar Pradesh,124.9,130.7,62.6,68.1,-1.3,2655.0,1259.0
2021-06-30,Uttarakhand,132.3,133.3,111.7,73.2,7.3,4411.0,1658.0
2024-09-30,Meghalaya,144.0,142.8,122.4,76.8,7.4,2334.0,1010.0
2024-12-31,Chandigarh,145.8,147.1,94.7,78.1,5.4,948.0,658.0
2021-04-30,Delhi,125.0,132.6,106.1,71.2,5.4,542.0,1077.0
2017-11-30,Meghalaya,109.6,115.0,76.5,62.9,7.7,2541.0,1159.0
2015-01-31,Delhi,99.0,108.3,55.8,59.6,5.6,185.0,1123.0
2018-04-30,Punjab,115.2,121.8,57.2,63.5,6.8,15420.0,17555.0
2020-04-30,Dadra and Nagar Haveli and Daman and Diu,124.5,125.2,45.9,69.3,0.2,35.0,553.0
2019-12-31,Uttarakhand,120.3,125.3,100.9,68.4,6.9,1230.0,4908.0
2020-04-30,Lakshadweep,124.2,132.0,20.0,70.4,-0.5,0.0,0.0
2022-09-30,Sikkim,135.8,138.1,28.7,72.1,7.3,0.0,0.0
2020-12-31,Ladakh,121.6,132.4,59.4,71.0,-1.6,475.0,52.0
2015-11-30,Uttarakhand,100.2,109.2,84.8,62.4,7.1,908.0,1194.0
2023-09-30,Tripura,138.1,144.3,122.6,77.7,5.4,1284.0,579.0
2016-02-29,Arunachal Pradesh,107.3,111.3,117.7,61.5,6.2,2191.0,424.0
2019-12-31,Tamil Nadu,118.1,127.2,45.1,67.3,6.7,1881.0,1668.0
2017-06-30,Kerala,112.0,117.8,39.4,63.1,4.8,3488.0,362.0
2017-11-30,Rajasthan,110.0,120.7,54.1,65.8,5.1,4284.0,1567.0
2015-05-31,Karnataka,96.3,109.2,107.8,59.5,7.2,11295.0,2175.0
2021-11-30,Rajasthan,128.2,131.9,21.4,71.3,7.8,497.0,2535.0
2025-03-31,Bihar,151.7,151.0,25.3,80.8,5.1,2943.0,10429.0
2021-06-30,Uttar Pradesh,131.6,137.3,41.7,73.1,4.6,7805.0,7151.0
2020-02-29,Punjab,122.4,130.5,34.6,71.0,-1.5,13696.0,11485.0
2022-05-31,Gujarat,138.1,137.9,60.3,72.9,5.3,127.0,9048.0
2018-06-30,Uttarakhand,115.0,119.6,102.5,66.5,7.1,3562.0,872.0
2022-05-31,Mizoram,136.8,139.9,106.8,75.5,5.5,0.0,0.0
2018-04-30,Lakshadweep,112.6,121.9,103.8,66.0,7.8,0.0,0.0
2020-12-31,Jharkhand,124.1,131.4,35.0,70.3,0.6,5103.0,1230.0
2018-03-31,Karnataka,115.8,122.4,79.6,66.2,5.7,10275.0,5373.0
2023-08-31,Nagaland,139.4,146.1,85.9,75.7,4.7,1495.0,1558.0
2016-02-29,Arunachal Pradesh,99.2,112.9,67.5,62.5,5.0,929.0,2302.0
2017-08-31,Jammu and Kashmir,109.6,117.0,48.8,64.9,7.4,92.0,1882.0
2025-05-31,Goa,146.1,152.0,109.1,81.3,4.2,3251.0,1882.0
2023-01-31,Assam,137.9,144.1,86.9,75.9,4.6,5797.0,2705.0
2016-11-30,Gujarat,102.2,116.1,27.9,62.1,4.8,836.0,9017.0
2020-03-31,Jammu and Kashmir,127.3,130.0,12.0,69.5,1.8,1423.0,939.0
2019-05-31,Madhya Pradesh,122.9,126.4,22.0,69.6,6.7,1759.0,7239.0
2023-08-31,Arunachal Pradesh,140.7,139.3,33.1,75.6,7.9,109.0,823.0
2023-08-31,Arunachal Pradesh,139.5,141.7,68.5,75.9,4.6,321.0,1078.0
2018-03-31,Haryana,115.1,122.6,50.6,66.1,7.2,13423.0,9436.0
2020-07-31,Himachal Pradesh,127.3,130.6,21.4,70.2,-1.6,2767.0,2806.0
2018-06-30,Puducherry,111.0,120.5,71.5,64.5,7.9,1146.0,438.0
2016-03-31,Dadra and Nagar Haveli and Daman and Diu,102.8,111.8,117.0,62.5,6.0,784.0,929.0
2024-03-31,Andaman and Nicobar Islands,147.0,148.1,43.3,78.4,7.4,989.0,95.0
2017-09-30,Ladakh,112.4,119.8,45.1,64.2,4.7,159.0,148.0
2018-02-28,Sikkim,116.2,121.5,66.2,66.4,7.5,0.0,0.0
2023-01-31,Tamil Nadu,137.9,144.1,100.9,75.9,4.3,5721.0,11612.0
2017-09-30,Madhya Pradesh,112.0,119.9,80.0,62.6,4.1,1029.0,2314.0
2022-02-28,Jammu and Kashmir,137.7,134.6,86.5,75.1,6.8,2952.0,2394.0
2020-06-30,Assam,126.4,129.8,56.2,68.5,-0.0,4725.0,6093.0
2015-10-31,Himachal Pradesh,95.0,112.7,104.6,59.1,7.5,2878.0,2717.0
2015-05-31,Nagaland,100.2,106.8,119.9,61.2,6.5,1574.0,1719.0
2025-03-31,Uttar Pradesh,151.2,147.1,79.9,78.6,5.3,3789.0,12387.0
2021-02-28,Andaman and Nicobar Islands,129.0,135.3,119.5,71.8,5.1,780.0,827.0
2023-01-31,Kerala,140.4,144.6,111.7,77.8,4.3,2151.0,2475.0
2024-10-31,Tamil Nadu,144.0,145.4,102.9,78.1,6.7,7011.0,3438.0
2018-02-28,Odisha,113.3,121.1,84.0,64.6,7.7,9746.0,1201.0
2018-11-30,Telangana,118.0,118.6,111.1,66.8,7.0,1397.0,1501.0
2024-01-31,Chandigarh,145.4,145.4,137.8,78.4,6.5,314.0,991.0
2016-03-31,Dadra and Nagar Haveli and Daman and Diu,102.8,111.1,37.8,62.1,4.5,452.0,554.0
2015-05-31,Odisha,97.2,109.3,69.3,58.0,7.3,4186.0,7988.0
2018-11-30,Rajasthan,113.3,124.6,114.1,67.3,7.9,2371.0,5245.0
2020-08-31,Jharkhand,123.3,127.4,34.9,71.8,-1.0,2391.0,1207.0
2021-04-30,Bihar,130.3,133.5,43.3,72.0,5.7,5054.0,4654.0
2022-11-30,Nagaland,136.0,139.7,36.3,73.3,4.1,435.0,220.0
2024-07-31,Punjab,146.0,144.4,95.7,78.5,7.3,11358.0,6961.0
2017-12-31,Ladakh,108.5,118.8,90.0,64.5,4.1,121.0,213.0
2017-02-28,Lakshadweep,111.8,119.6,39.6,64.6,5.9,0.0,0.0
2018-07-31,Uttarakhand,117.5,122.2,87.4,66.0,6.3,2791.0,1053.0
2017-03-31,Telangana,109.5,118.2,110.0,64.5,4.2,1192.0,797.0
2020-09-30,Andaman and Nicobar Islands,122.9,127.8,26.6,70.7,-0.9,86.0,277.0
2015-11-30,Telangana,100.2,109.2,32.2,62.6,7.2,2875.0,7923.0
2021-02-28,Andaman and Nicobar Islands,134.3,134.3,103.5,72.4,5.0,27.0,742.0
2023-08-31,Nagaland,137.9,138.2,134.0,76.2,6.9,845.0,241.0
2018-02-28,Jharkhand,113.9,117.5,41.5,64.5,7.0,6678.0,5709.0
2016-11-30,Himachal Pradesh,105.1,113.7,92.1,60.6,5.6,994.0,1314.0
2018-11-30,Karnataka,116.1,122.8,79.1,66.1,4.3,1981.0,3053.0
2022-06-30,Kerala,131.0,138.2,52.7,73.9,4.0,1823.0,2063.0
2018-10-31,Arunachal Pradesh,117.6,118.8,102.4,65.0,6.0,854.0,558.0
2023-11-30,Uttar Pradesh,142.6,144.2,80.5,75.0,4.3,6613.0,414.0
2023-08-31,Himachal Pradesh,139.2,142.2,108.0,76.6,6.9,3065.0,3837.0
2024-03-31,Mizoram,150.4,147.9,60.2,77.4,5.5,0.0,0.0
2023-08-31,Jammu and Kashmir,142.5,140.7,121.9,75.2,6.7,1270.0,3220.0
2019-12-31,Assam,122.3,126.5,46.4,67.0,5.6,1697.0,4316.0
2023-04-30,Goa,142.4,143.0,67.8,75.2,6.5,3751.0,134.0
2020-08-31,Tamil Nadu,127.3,132.0,35.5,69.6,-1.1,956.0,1788.0
2024-12-31,Jammu and Kashmir,145.0,147.8,48.8,78.0,7.5,1822.0,61.0
2018-01-31,Manipur,114.8,120.4,107.4,66.2,4.1,1423.0,533.0
2020-12-31,Haryana,123.1,129.8,18.8,69.6,0.2,11896.0,6809.0
2025-07-31,Lakshadweep,148.8,149.0,91.6,78.2,6.3,0.0,0.0
2023-10-31,Puducherry,139.4,142.3,121.7,74.9,6.5,794.0,496.0
2022-08-31,Karnataka,135.1,135.1,93.7,73.5,4.2,3345.0,8827.0
2017-07-31,Assam,113.2,114.8,52.7,65.0,4.3,1780.0,4871.0
2025-02-28,Andaman and Nicobar Islands,145.8,154.8,117.8,79.9,6.0,776.0,495.0
2019-03-31,Jharkhand,122.7,129.9,69.9,68.4,4.2,6711.0,5541.0
2017-05-31,Nagaland,108.0,120.3,36.3,65.4,7.1,46.0,1068.0
2018-04-30,Nagaland,114.8,123.0,51.7,65.8,7.1,267.0,673.0
2018-05-31,Kerala,113.6,123.6,79.2,66.0,4.5,2101.0,6649.0
2015-11-30,Uttarakhand,103.7,111.6,85.9,60.0,5.8,1121.0,4468.0
2015-01-31,Odisha,99.0,113.3,74.8,60.1,6.4,1270.0,4075.0
2018-10-31,Delhi,116.0,121.0,47.2,65.0,7.4,1214.0,1074.0
2023-05-31,Tripura,141.1,140.5,95.3,76.5,8.0,308.0,745.0
2022-06-30,Arunachal Pradesh,132.7,138.0,63.9,74.1,4.1,1042.0,1600.0
2024-02-29,Arunachal Pradesh,144.8,147.2,51.0,77.2,5.9,1615.0,1278.0
2019-09-30,Chhattisgarh,122.4,125.5,114.6,67.8,7.2,5474.0,4261.0
2015-01-31,Sikkim,98.3,108.9,51.5,58.1,7.2,0.0,0.0
2020-03-31,Delhi,126.7,132.9,32.1,68.5,-1.8,778.0,2591.0
2019-07-31,Chhattisgarh,119.3,124.3,109.7,68.9,4.7,1753.0,2230.0
2024-07-31,West Bengal,147.3,148.9,41.1,77.8,6.2,5848.0,5372.0
2019-05-31,Maharashtra,123.5,127.9,78.5,69.3,5.6,3157.0,12565.0
2019-09-30,Jharkhand,116.0,129.8,98.4,68.1,5.6,3013.0,3290.0
2024-09-30,Manipur,142.3,150.4,56.8,78.2,5.3,1988.0,246.0
2017-11-30,Jharkhand,109.1,118.7,104.4,64.0,4.6,2560.0,466.0
2020-03-31,Bihar,127.9,134.2,58.2,69.0,1.0,880.0,8655.0
2017-01-31,Nagaland,111.1,119.0,68.6,64.4,6.8,1737.0,115.0
2022-06-30,Mizoram,132.5,138.8,38.2,73.3,6.2,0.0,0.0
2021-03-31,Dadra and Nagar Haveli and Daman and Diu,131.4,134.4,117.0,72.3,5.4,786.0,823.0
2018-02-28,Delhi,113.2,121.1,82.4,65.2,7.3,2451.0,2040.0
2022-07-31,Tripura,136.7,139.5,86.1,74.7,4.6,306.0,302.0
2016-05-31,Kerala,106.1,116.3,108.5,62.4,5.7,1240.0,8104.0
2025-08-31,Rajasthan,148.2,147.2,74.6,81.2,6.6,1218.0,886.0
2023-12-31,Mizoram,139.9,147.1,91.6,76.7,7.3,0.0,0.0
2017-01-31,Punjab,112.4,121.2,105.8,63.9,6.6,12815.0,13946.0
2022-04-30,Andaman and Nicobar Islands,131.2,136.8,71.2,75.5,4.5,777.0,1144.0
2017-05-31,Assam,110.6,119.1,97.2,64.4,4.4,2934.0,774.0
2020-03-31,Gujarat,122.8,129.9,27.4,67.7,0.4,3466.0,1428.0
2024-06-30,Delhi,145.0,146.7,108.3,77.4,6.2,1461.0,2894.0
2019-01-31,Uttar Pradesh,120.9,125.7,71.0,67.9,5.0,8540.0,5369.0
2021-09-30,Punjab,134.0,135.0,36.5,73.3,4.6,10876.0,7361.0
2021-12-31,Lakshadweep,129.9,131.9,33.6,71.6,4.3,0.0,0.0
2023-09-30,Jammu and Kashmir,142.9,146.4,78.9,75.3,6.6,2997.0,2215.0
2024-10-31,Rajasthan,143.3,144.0,109.3,75.9,7.0,2904.0,1679.0
2022-02-28,Haryana,134.0,139.1,96.4,75.3,7.4,15461.0,8952.0
2020-03-31,Arunachal Pradesh,126.2,128.6,63.3,71.4,-0.5,2389.0,2204.0
2023-08-31,Meghalaya,140.4,141.7,70.8,74.9,5.4,939.0,2171.0
2019-01-31,Uttarakhand,119.3,126.9,104.4,66.6,5.9,2941.0,4084.0
2020-11-30,Ladakh,124.3,130.2,14.2,71.0,-1.1,216.0,445.0
2015-01-31,Jharkhand,102.7,110.3,56.6,61.3,6.9,2633.0,632.0
2025-03-31,West Bengal,149.4,149.3,32.8,79.3,6.6,11329.0,9981.0
2020-02-29,Mizoram,123.0,128.6,67.2,69.8,0.1,0.0,0.0
2017-08-31,Tripura,108.3,119.3,67.5,64.6,7.0,1683.0,1016.0
2017-05-31,Manipur,111.3,116.3,51.6,63.0,7.0,2999.0,3112.0
2019-01-31,Nagaland,124.5,124.7,69.2,67.1,7.3,1911.0,1168.0
2017-06-30,West Bengal,109.0,116.7,73.3,63.7,5.8,4989.0,6435.0
2016-07-31,Arunachal Pradesh,109.3,113.3,104.6,61.0,5.1,931.0,178.0
2016-06-30,Dadra and Nagar Haveli and Daman and Diu,105.0,111.2,74.2,64.9,7.3,788.0,941.0
2015-01-31,Dadra and Nagar Haveli and Daman and Diu,99.4,107.2,63.1,61.2,5.9,540.0,68.0
2021-06-30,Tripura,128.2,135.1,116.1,71.7,6.4,969.0,368.0
2024-07-31,Andhra Pradesh,144.6,147.1,140.2,78.1,5.7,10588.0,1479.0
2024-05-31,Nagaland,143.5,146.6,28.6,76.4,5.6,177.0,1148.0
2024-06-30,Meghalaya,143.3,148.8,108.8,78.4,6.7,195.0,1902.0
2020-03-31,Gujarat,121.7,128.2,34.3,70.7,1.8,12514.0,3606.0
2025-09-30,Goa,153.5,146.5,105.0,79.3,5.2,2967.0,2067.0
2015-08-31,Maharashtra,102.1,111.6,83.7,59.6,4.8,1747.0,6927.0
2019-07-31,Sikkim,120.5,122.5,53.0,67.1,4.5,0.0,0.0
2023-07-31,Dadra and Nagar Haveli and Daman and Diu,139.7,141.7,142.4,77.4,4.5,14.0,397.0
2017-08-31,Jharkhand,110.0,118.6,55.7,65.3,7.3,4127.0,3459.0
2015-10-31,Ladakh,98.4,114.1,83.2,60.4,5.1,82.0,76.0
2024-02-29,Puducherry,142.7,144.9,121.6,78.1,6.7,1652.0,1563.0
2025-04-30,Assam,151.4,149.1,41.5,78.8,5.1,1335.0,6308.0
2022-03-31,Tamil Nadu,134.5,139.3,60.1,73.3,6.7,10306.0,10115.0
2019-07-31,Mizoram,120.7,127.2,39.9,67.7,7.9,0.0,0.0
2017-08-31,Andaman and Nicobar Islands,106.7,117.3,98.2,63.3,4.3,322.0,534.0
2022-09-30,Andhra Pradesh,134.4,138.4,120.1,74.6,6.6,7299.0,7253.0
2015-08-31,Assam,97.7,108.5,45.6,58.4,5.1,2295.0,3776.0
2020-05-31,Maharashtra,126.0,130.9,12.2,68.7,0.8,8779.0,3358.0
2019-09-30,Karnataka,122.0,122.8,62.3,67.4,4.3,72.0,874.0
2020-07-31,Chandigarh,127.9,135.8,53.2,68.4,-0.9,31.0,269.0
2020-12-31,Rajasthan,123.7,131.4,49.4,71.0,1.0,2282.0,6062.0
2019-06-30,Meghalaya,117.7,123.8,64.6,69.1,6.6,375.0,555.0
2020-07-31,Himachal Pradesh,124.2,129.5,30.1,68.3,0.0,2790.0,2111.0
2019-03-31,Arunachal Pradesh,118.6,123.9,67.4,68.3,7.6,2384.0,1829.0
2023-01-31,Uttar Pradesh,140.9,140.4,25.8,75.6,4.6,4461.0,11905.0
2022-08-31,Assam,132.2,138.4,32.9,74.0,7.3,1510.0,4508.0
2015-08-31,Manipur,96.5,112.8,36.3,60.5,6.1,91.0,495.0
2017-11-30,Kerala,109.3,117.8,82.5,61.9,7.4,739.0,3088.0
2022-12-31,Odisha,136.5,134.2,50.3,75.1,5.7,4980.0,2335.0
2022-04-30,Maharashtra,132.9,136.8,74.8,74.5,5.9,14924.0,6262.0
2021-06-30,Manipur,131.7,132.9,82.1,73.1,5.7,1685.0,1391.0
2017-08-31,Tamil Nadu,110.7,118.2,103.1,62.1,4.4,7850.0,3372.0
2024-12-31,Karnataka,148.1,145.7,90.0,78.0,4.6,10374.0,8855.0
2018-10-31,Assam,113.4,117.6,37.7,66.5,6.1,500.0,5842.0
2019-07-31,Andhra Pradesh,116.8,124.2,115.2,68.4,6.1,1961.0,643.0
2015-07-31,Bihar,101.2,107.8,29.0,60.9,5.9,1995.0,767.0
2021-02-28,Rajasthan,130.6,135.8,56.7,72.5,4.1,5110.0,3675.0
2015-07-31,Tripura,100.4,109.4,112.1,58.1,6.0,1282.0,1665.0
2022-01-31,Punjab,132.9,134.0,96.3,75.2,4.5,8223.0,16361.0
2024-04-30,Jharkhand,146.6,144.3,103.5,77.5,6.3,4391.0,4126.0
2025-05-31,Nagaland,148.7,152.3,60.2,80.2,5.2,912.0,982.0
2017-12-31,Delhi,110.4,116.8,27.9,65.6,8.0,2968.0,16.0
2017-05-31,Jammu and Kashmir,109.1,116.6,56.6,64.0,5.4,684.0,1509.0
2021-10-31,Tripura,130.7,133.7,60.2,71.6,7.3,2243.0,2326.0
2015-02-28,Assam,97.6,110.5,47.0,58.8,5.0,541.0,1329.0
2025-09-30,Madhya Pradesh,151.0,149.7,49.9,78.7,4.8,5646.0,1743.0
2018-11-30,Jammu and Kashmir,116.3,124.0,55.6,64.8,4.9,1444.0,17.0
2015-11-30,Tripura,100.2,109.7,83.9,60.0,5.3,1327.0,2336.0
2024-11-30,Nagaland,148.3,147.3,137.9,80.2,7.4,656.0,1586.0
2016-08-31,Chandigarh,105.4,114.4,90.4,61.7,7.1,287.0,544.0
2015-05-31,Chandigarh,101.8,107.4,98.0,60.0,5.7,323.0,566.0
2018-01-31,Telangana,115.2,125.6,50.6,66.7,4.8,8200.0,8399.0
2019-05-31,Uttar Pradesh,121.7,128.3,30.5,67.3,4.2,1263.0,15333.0
2023-03-31,Andhra Pradesh,136.9,140.9,59.0,77.4,6.5,7514.0,3157.0
2022-02-28,Delhi,135.1,137.8,72.3,73.5,6.8,2926.0,2236.0
2023-12-31,Haryana,137.7,143.2,106.8,77.2,6.4,7112.0,11364.0
2016-12-31,Kerala,105.3,114.4,113.9,62.6,6.0,1631.0,4649.0
2021-09-30,Haryana,130.8,134.2,100.9,72.1,7.9,10772.0,7135.0
2024-12-31,Karnataka,146.6,147.0,56.0,77.4,4.1,6587.0,324.0
2019-11-30,Maharashtra,121.0,126.7,102.0,68.9,8.0,2137.0,7162.0
2025-08-31,Nagaland,149.3,150.7,73.4,79.9,5.1,1162.0,1488.0
2024-06-30,Andhra Pradesh,143.5,146.2,45.1,77.5,5.5,10456.0,4318.0
2024-07-31,Rajasthan,140.3,147.3,79.4,79.6,7.0,4346.0,2923.0
2016-02-29,Jharkhand,105.1,114.4,76.3,59.9,4.9,3358.0,6655.0
2015-09-30,Andaman and Nicobar Islands,102.3,110.5,96.3,61.5,6.8,586.0,775.0
2018-04-30,Telangana,115.2,124.7,55.0,68.0,5.3,8182.0,7662.0
2017-01-31,Ladakh,109.8,118.9,34.7,63.1,7.8,235.0,59.0
2023-07-31,Nagaland,140.3,142.7,35.3,75.3,4.7,1135.0,843.0
2016-10-31,Manipur,104.2,112.2,31.2,60.9,7.7,1465.0,700.0
2015-04-30,Lakshadweep,100.4,108.3,115.0,60.9,7.2,0.0,0.0
2017-05-31,Punjab,109.2,120.3,115.2,63.4,4.7,10850.0,15724.0
2024-01-31,Puducherry,143.2,147.1,140.3,77.9,5.6,2182.0,1779.0
2023-02-28,Himachal Pradesh,139.8,143.8,60.3,76.6,4.4,5617.0,1665.0
2018-01-31,Puducherry,114.8,122.4,39.2,64.4,6.4,8.0,427.0
2021-03-31,Jammu and Kashmir,133.8,134.8,118.1,70.5,7.8,3045.0,4317.0
2020-10-31,Uttarakhand,123.4,129.7,71.3,70.3,-1.8,3782.0,3434.0
2025-08-31,Nagaland,149.7,149.9,33.4,79.6,5.0,1261.0,503.0
2022-01-31,Rajasthan,134.5,137.2,114.3,73.0,7.0,676.0,4044.0
2018-06-30,Nagaland,114.1,124.7,48.9,66.0,5.8,671.0,256.0
2023-04-30,Uttarakhand,141.0,140.6,133.1,75.9,5.4,2688.0,3083.0
2018-05-31,Dadra and Nagar Haveli and Daman and Diu,119.5,122.6,28.9,65.1,6.4,852.0,889.0
2017-10-31,West Bengal,109.4,117.7,108.9,64.2,5.2,4261.0,8374.0
2016-05-31,Delhi,106.0,115.9,20.3,61.0,5.3,2603.0,1427.0
2025-02-28,Manipur,146.2,150.5,86.6,80.7,7.2,1233.0,1119.0
2021-04-30,Ladakh,129.2,134.9,53.6,71.8,5.6,272.0,194.0
2022-03-31,Odisha,138.1,138.4,75.3,75.8,6.8,5063.0,6234.0
2024-09-30,Jammu and Kashmir,144.9,144.0,76.1,76.7,4.6,531.0,2553.0
2023-10-31,Lakshadweep,141.0,143.1,102.4,75.4,5.6,0.0,0.0
2022-02-28,Kerala,133.8,137.8,26.8,74.9,6.2,1551.0,2853.0
2017-03-31,Andaman and Nicobar Islands,110.5,116.5,89.1,62.9,5.1,550.0,899.0
2019-09-30,Puducherry,123.3,123.2,22.2,68.0,5.7,1003.0,577.0
2017-07-31,Meghalaya,107.7,116.4,38.5,62.0,7.0,1596.0,800.0
2023-02-28,Sikkim,144.4,143.5,96.8,74.9,4.6,0.0,0.0
2015-12-31,Haryana,96.9,113.5,28.6,59.1,6.0,10035.0,4367.0
2019-05-31,Kerala,119.0,126.2,119.1,67.8,5.0,5961.0,8156.0
2025-02-28,Puducherry,148.3,148.0,118.1,81.0,5.6,253.0,1386.0
2018-10-31,Meghalaya,114.5,122.8,90.6,65.7,5.5,1243.0,1342.0
2020-04-30,Himachal Pradesh,123.3,132.2,28.1,69.7,0.5,1142.0,159.0
2019-06-30,Uttarakhand,118.2,129.8,24.9,67.2,7.1,356.0,1421.0
2023-11-30,Jammu and Kashmir,137.6,144.5,141.5,74.9,6.0,3076.0,2905.0
2019-03-31,Karnataka,121.3,126.4,34.8,69.0,4.7,13140.0,9775.0
2017-12-31,Odisha,109.5,119.2,103.1,64.2,7.5,3161.0,8264.0
2024-07-31,Dadra and Nagar Haveli and Daman and Diu,144.0,144.6,47.7,77.7,4.7,712.0,629.0
2017-02-28,Manipur,110.6,119.6,57.4,65.6,6.3,1887.0,2524.0
2017-05-31,Uttarakhand,107.0,119.9,89.4,61.2,6.1,5273.0,4743.0
2015-11-30,Delhi,100.6,105.0,114.5,61.0,5.1,525.0,264.0
2018-04-30,Gujarat,114.8,122.3,22.0,64.4,7.8,233.0,10035.0
2015-11-30,Tamil Nadu,99.9,113.0,46.1,60.1,6.7,2761.0,7110.0
2024-05-31,Ladakh,146.0,144.7,115.8,79.0,5.9,101.0,240.0
2018-03-31,Sikkim,118.3,117.7,37.3,64.2,5.8,0.0,0.0
2019-06-30,Andhra Pradesh,120.6,125.9,31.1,69.2,4.4,977.0,9487.0
2023-02-28,Uttarakhand,139.6,144.2,29.5,75.9,7.1,5305.0,1024.0
2019-07-31,Karnataka,117.6,126.8,70.2,67.2,4.3,5193.0,1487.0
2024-03-31,Kerala,140.2,146.1,116.1,78.2,4.8,7481.0,7879.0
2020-09-30,Rajasthan,125.3,128.1,69.7,70.5,-1.1,4397.0,1408.0
2019-08-31,Haryana,117.5,123.8,46.7,70.4,4.3,3907.0,2414.0
2017-09-30,Madhya Pradesh,104.9,118.4,32.1,63.8,7.3,21.0,414.0
2017-12-31,Delhi,109.3,117.9,60.3,64.8,7.6,2959.0,2740.0
2021-09-30,Arunachal Pradesh,130.5,135.7,25.5,72.1,6.5,127.0,738.0
2024-01-31,Himachal Pradesh,146.5,146.9,63.8,78.4,7.5,5360.0,300.0
2021-01-31,Madhya Pradesh,132.1,132.5,84.3,71.7,6.7,5885.0,937.0
2018-04-30,Uttar Pradesh,116.8,122.5,36.8,65.2,6.7,6123.0,828.0
2016-05-31,Himachal Pradesh,106.8,114.2,83.2,62.4,7.6,3291.0,3864.0
2025-09-30,Manipur,147.1,146.7,140.6,79.0,4.4,99.0,1210.0
2020-01-31,Gujarat,124.7,129.2,63.9,68.0,-0.4,3947.0,9362.0
2023-08-31,Himachal Pradesh,141.2,142.1,66.8,76.1,4.2,2109.0,69.0
2018-06-30,Maharashtra,115.1,121.8,62.1,65.2,5.7,3451.0,6337.0
2017-01-31,Chandigarh,109.7,118.6,61.9,63.7,7.8,106.0,974.0
2018-03-31,Punjab,115.1,122.2,106.0,64.3,7.5,16138.0,2027.0
2017-11-30,Tamil Nadu,110.5,118.7,119.4,65.0,7.1,8745.0,5668.0
2023-12-31,Manipur,139.8,142.3,123.1,73.3,5.6,2597.0,1883.0
2023-06-30,Dadra and Nagar Haveli and Daman and Diu,138.3,142.0,91.0,76.4,7.3,917.0,460.0
2023-02-28,Bihar,136.6,142.3,35.7,76.5,4.9,11711.0,10061.0
2015-12-31,Tripura,99.6,109.3,115.4,60.2,6.3,1888.0,1176.0
2016-07-31,Odisha,105.1,113.2,106.0,63.0,7.0,4988.0,5905.0
2023-05-31,Puducherry,140.1,142.2,125.0,74.8,4.4,754.0,1190.0
2018-08-31,Andhra Pradesh,116.9,118.0,59.2,68.0,7.5,8832.0,9449.0
2019-01-31,Dadra and Nagar Haveli and Daman and Diu,122.3,125.3,64.7,67.1,6.9,680.0,165.0
2016-05-31,Jammu and Kashmir,104.8,112.6,32.0,62.7,6.1,3376.0,1090.0
2021-02-28,Uttarakhand,129.8,132.3,113.8,73.8,4.2,381.0,2176.0
2019-09-30,Rajasthan,121.1,125.4,114.3,67.8,6.8,1505.0,2883.0
2019-07-31,Haryana,120.9,123.3,45.4,67.3,5.8,29.0,8564.0
2018-11-30,Nagaland,114.1,121.4,89.6,66.8,6.9,795.0,467.0
2015-12-31,Tamil Nadu,101.3,110.5,40.3,59.4,4.1,2983.0,465.0
2020-02-29,Ladakh,124.7,132.1,35.6,69.1,-0.1,131.0,70.0
2021-08-31,Andaman and Nicobar Islands,129.7,138.4,50.2,72.7,5.8,361.0,409.0
2021-11-30,Meghalaya,130.9,130.3,59.0,72.8,5.7,2223.0,1527.0
2015-08-31,Jharkhand,99.4,108.1,50.9,60.0,6.1,2914.0,483.0
2021-09-30,Mizoram,130.2,133.4,54.5,72.1,4.5,0.0,0.0
2024-10-31,Sikkim,145.6,146.3,118.9,78.2,7.7,0.0,0.0
2017-01-31,Arunachal Pradesh,111.6,118.7,50.0,63.8,6.8,948.0,255.0
2022-05-31,Chandigarh,136.5,136.8,121.8,73.7,4.3,29.0,159.0
2015-12-31,Odisha,100.5,104.9,76.8,58.6,4.3,2670.0,2549.0
2019-11-30,Jharkhand,114.8,128.1,98.0,67.3,4.8,3797.0,866.0
2024-01-31,Punjab,145.5,147.0,134.3,78.0,5.0,12526.0,11700.0
2017-02-28,Telangana,110.8,119.4,33.8,66.1,6.0,1599.0,6976.0
2018-11-30,Goa,116.2,121.6,54.4,64.9,6.1,1180.0,383.0
2017-08-31,Nagaland,108.1,118.7,25.6,63.5,4.6,1030.0,1311.0
2015-10-31,Meghalaya,95.8,106.0,60.7,58.7,7.9,2387.0,1365.0
2016-04-30,Meghalaya,106.6,111.9,43.7,59.9,7.3,1994.0,1630.0
2017-02-28,Manipur,107.6,120.4,77.2,65.4,6.5,1086.0,504.0
2022-02-28,Goa,137.4,138.1,118.0,74.5,5.1,1409.0,1567.0
2016-02-29,Delhi,103.8,117.7,68.6,63.4,7.6,2591.0,453.0
2021-07-31,Madhya Pradesh,127.9,132.1,53.4,70.1,5.3,1345.0,6999.0
2024-09-30,Bihar,145.7,151.1,42.3,78.6,5.3,567.0,7435.0
2015-07-31,Lakshadweep,101.2,115.4,22.7,62.1,5.4,0.0,0.0
2024-07-31,Andaman and Nicobar Islands,146.1,144.7,105.3,79.0,4.2,357.0,360.0
2020-12-31,Gujarat,126.0,129.1,13.8,70.6,1.2,8420.0,7871.0
2019-11-30,Delhi,118.6,128.5,112.1,67.2,5.9,2546.0,1940.0
2021-10-31,Chhattisgarh,126.9,132.9,79.4,73.5,7.5,3513.0,1018.0
2024-08-31,Bihar,144.2,145.5,66.4,77.4,7.8,3941.0,4111.0
2023-07-31,Gujarat,137.7,140.5,29.0,76.5,7.1,6900.0,3953.0
2016-05-31,Meghalaya,105.9,112.6,61.3,61.0,5.6,480.0,2899.0
2016-02-29,Karnataka,106.7,114.2,106.7,61.9,5.2,418.0,1742.0
2023-12-31,Chhattisgarh,140.3,141.5,140.4,77.0,4.9,3193.0,6222.0
2018-09-30,Andaman and Nicobar Islands,115.0,117.8,28.5,66.9,6.2,82.0,590.0
2023-02-28,Tripura,139.4,144.9,117.3,76.0,5.9,1008.0,267.0
2018-01-31,Assam,117.0,125.2,45.8,68.2,5.9,7876.0,8557.0
2023-12-31,Lakshadweep,136.3,143.0,69.5,75.8,5.3,0.0,0.0
2018-03-31,Chandigarh,112.6,122.3,74.8,67.1,6.3,778.0,242.0
2016-03-31,Punjab,108.7,112.1,119.5,61.4,6.4,12087.0,14604.0
2024-12-31,Chandigarh,142.5,145.1,49.1,76.8,7.5,494.0,909.0
2015-04-30,Assam,101.1,112.2,33.0,59.8,7.0,4960.0,1740.0
2022-09-30,Manipur,136.5,139.2,95.4,72.3,5.3,1702.0,1625.0
2016-04-30,Maharashtra,101.1,114.9,105.3,62.3,5.5,9768.0,13419.0
2023-12-31,Jharkhand,136.5,143.0,101.8,76.1,5.0,3168.0,4225.0
2025-06-30,Mizoram,152.5,152.1,65.7,80.6,4.7,0.0,0.0
2019-07-31,Manipur,118.1,127.8,117.7,68.0,4.4,1044.0,591.0
2017-10-31,Andaman and Nicobar Islands,108.1,119.4,119.5,63.7,4.1,268.0,422.0
2016-01-31,Puducherry,104.0,113.3,97.1,62.1,5.7,1860.0,879.0
2016-06-30,Jammu and Kashmir,103.1,117.4,100.2,63.1,7.8,2232.0,3249.0
2022-12-31,Himachal Pradesh,136.1,137.0,115.3,75.0,6.2,4641.0,1748.0
2025-03-31,Mizoram,147.6,148.3,54.9,81.3,7.0,0.0,0.0
2018-03-31,Arunachal Pradesh,111.1,120.9,35.0,63.7,5.6,2150.0,596.0
2018-10-31,Uttar Pradesh,117.3,119.6,75.4,67.1,5.5,6194.0,6027.0
2017-05-31,West Bengal,107.7,119.2,115.4,64.7,4.5,11218.0,5526.0
2020-02-29,Chandigarh,123.5,130.0,64.7,72.0,0.3,629.0,162.0
2016-04-30,Himachal Pradesh,106.7,116.3,30.7,61.5,7.7,2688.0,2005.0
2025-01-31,West Bengal,150.1,145.1,30.8,79.7,6.0,2682.0,6155.0
2015-10-31,Meghalaya,102.2,110.4,107.4,60.3,4.8,1912.0,438.0
2023-07-31,Telangana,141.7,141.5,97.6,73.6,6.7,1147.0,1007.0
2021-12-31,Sikkim,129.1,133.3,50.4,69.3,5.6,0.0,0.0
2020-05-31,Punjab,127.0,127.9,45.7,70.3,-0.6,14664.0,15908.0
2015-03-31,Maharashtra,100.3,110.1,42.2,58.8,4.4,5888.0,5311.0
2024-12-31,Lakshadweep,143.8,144.5,137.6,76.7,6.1,0.0,0.0
2020-08-31,Jharkhand,125.6,133.0,61.6,70.5,0.6,207.0,1911.0
2018-01-31,Arunachal Pradesh,112.4,123.3,116.2,64.4,7.4,194.0,843.0
2021-01-31,Gujarat,131.7,136.0,38.7,72.7,5.6,5433.0,8431.0
2019-01-31,Andhra Pradesh,121.4,122.5,104.4,67.1,7.0,9823.0,8551.0
2025-01-31,Manipur,150.2,151.8,91.2,79.1,7.9,2334.0,1218.0
2022-04-30,Karnataka,131.2,139.6,63.0,74.4,6.5,5892.0,9219.0
2018-01-31,Punjab,117.3,121.2,68.0,64.8,7.2,2432.0,11749.0
2020-01-31,Delhi,125.9,129.6,68.7,71.7,-1.2,3140.0,580.0
2025-04-30,Punjab,150.0,148.0,107.0,79.9,7.2,6941.0,10231.0
2018-03-31,Jharkhand,114.6,121.4,56.0,66.0,7.8,5171.0,1815.0
2020-03-31,Lakshadweep,123.9,131.1,72.0,70.6,1.3,0.0,0.0
2018-10-31,Ladakh,114.3,120.7,54.6,67.1,4.6,148.0,235.0
2022-04-30,Kerala,136.5,138.1,121.6,73.5,4.3,5857.0,8328.0
2015-11-30,Tripura,99.0,115.1,98.4,60.7,7.2,840.0,2357.0
2020-02-29,Himachal Pradesh,124.5,128.0,55.4,70.8,-1.2,3951.0,4206.0
2021-05-31,Mizoram,129.7,134.7,86.9,73.5,7.5,0.0,0.0
2019-04-30,Maharashtra,119.8,123.9,30.9,67.5,4.8,1800.0,8565.0
2015-04-30,Telangana,98.8,107.0,119.5,60.8,7.6,8844.0,4329.0
2019-11-30,Assam,119.7,127.6,36.1,68.6,7.2,1624.0,2193.0
2020-12-31,Meghalaya,125.7,129.2,47.8,70.4,0.2,1720.0,2303.0
2022-09-30,Nagaland,133.2,141.2,53.9,71.8,4.9,1104.0,1507.0
2020-03-31,Maharashtra,124.7,131.1,22.1,71.3,-1.2,13788.0,1637.0
2019-06-30,Jharkhand,123.9,124.4,75.9,69.0,6.4,4222.0,2362.0
2024-09-30,Jharkhand,144.9,144.2,124.4,78.7,4.3,1613.0,2284.0
2024-02-29,Goa,143.1,147.4,69.2,77.4,7.7,3596.0,1956.0
2021-02-28,Assam,127.9,131.9,27.7,73.6,4.8,7706.0,4429.0
2023-11-30,Sikkim,137.5,139.8,98.9,75.9,4.9,0.0,0.0
2019-09-30,Arunachal Pradesh,123.3,122.6,96.6,68.5,6.8,1249.0,506.0
2015-03-31,Kerala,102.0,111.2,49.6,58.9,6.3,2133.0,6146.0
2024-12-31,Andhra Pradesh,142.4,144.4,106.9,77.7,7.6,4232.0,10869.0
2015-06-30,Madhya Pradesh,100.4,110.7,27.6,60.1,5.2,6135.0,3690.0
2015-05-31,Lakshadweep,102.4,107.4,56.1,59.1,4.2,0.0,0.0
2015-05-31,Tripura,99.9,106.7,67.4,59.3,8.0,1467.0,2141.0
2019-06-30,Chhattisgarh,119.0,127.4,98.2,68.5,5.3,3584.0,2411.0
2018-11-30,Nagaland,119.5,121.7,53.8,67.0,4.6,752.0,1555.0
2015-09-30,Jharkhand,96.2,108.6,65.4,58.5,7.9,951.0,1525.0
2023-03-31,Odisha,145.3,141.0,99.4,78.3,6.3,2144.0,5532.0
2016-08-31,Puducherry,105.1,113.0,82.4,61.1,4.6,266.0,283.0
2025-02-28,Chandigarh,152.6,154.1,86.1,79.0,7.3,979.0,825.0
2020-01-31,Lakshadweep,122.6,130.5,31.7,71.5,-0.7,0.0,0.0
2025-03-31,Karnataka,148.5,150.3,104.4,80.7,7.5,12103.0,11485.0
2021-10-31,Sikkim,127.8,132.5,103.7,73.0,4.8,0.0,0.0
2020-02-29,Chandigarh,124.8,131.6,21.2,69.2,-0.3,438.0,766.0
2015-03-31,Andhra Pradesh,100.6,107.7,54.0,60.5,5.5,8071.0,8073.0
2016-01-31,Goa,107.1,115.0,86.9,64.6,5.4,1863.0,397.0
2024-12-31,Maharashtra,141.6,147.0,114.7,77.1,5.6,1580.0,10859.0
2025-05-31,Assam,150.3,152.0,117.8,80.7,7.2,7780.0,7865.0
2022-05-31,Manipur,136.8,134.1,102.4,73.2,4.0,1566.0,3087.0
2021-01-31,Dadra and Nagar Haveli and Daman and Diu,132.2,136.3,67.8,71.0,6.7,921.0,423.0
2020-08-31,Odisha,124.1,130.7,50.7,69.8,-0.5,1659.0,5421.0
2023-05-31,Sikkim,139.1,140.5,40.2,76.0,5.6,0.0,0.0
2023-02-28,Gujarat,139.8,137.7,48.9,75.8,5.9,710.0,4964.0
2015-11-30,Uttarakhand,100.4,109.2,112.8,59.9,6.5,157.0,947.0
2023-09-30,Jammu and Kashmir,142.6,142.4,134.7,78.2,5.1,1279.0,394.0
2020-07-31,Chhattisgarh,122.6,127.0,55.4,71.7,1.7,5180.0,1278.0
2025-03-31,Jammu and Kashmir,148.4,148.3,63.2,80.2,4.8,1974.0,3848.0
2017-05-31,Ladakh,107.3,115.5,84.9,64.1,4.3,64.0,341.0
2021-04-30,Tamil Nadu,130.9,133.1,88.8,73.5,7.2,12138.0,5863.0
2015-09-30,Ladakh,102.2,107.8,71.5,60.7,4.7,96.0,377.0
2018-04-30,Bihar,112.2,126.3,94.9,66.3,6.9,636.0,3656.0
2017-01-31,Arunachal Pradesh,110.2,119.7,23.0,66.2,7.5,1798.0,339.0
2015-05-31,Jammu and Kashmir,102.1,107.8,45.6,59.1,4.2,370.0,2015.0
2025-04-30,Bihar,151.6,148.1,119.3,80.0,6.8,3892.0,9352.0
2018-02-28,Bihar,116.5,119.0,113.9,65.9,6.6,3955.0,7858.0
2020-12-31,Goa,122.6,129.7,64.6,70.5,-1.1,2241.0,2388.0
2022-06-30,Mizoram,136.5,141.6,110.0,72.9,5.2,0.0,0.0
2018-01-31,Bihar,114.6,124.4,36.5,66.5,4.2,682.0,5983.0
2019-12-31,Sikkim,122.1,126.4,56.9,67.7,4.4,0.0,0.0
2017-04-30,Rajasthan,110.9,117.4,25.0,65.0,5.1,5931.0,6080.0
2021-09-30,Kerala,128.4,135.1,84.0,71.7,5.6,130.0,1430.0
2024-06-30,Gujarat,145.6,146.6,78.0,77.4,7.7,8755.0,1483.0
2018-04-30,West Bengal,116.6,122.9,77.3,66.7,6.7,2408.0,8512.0
2018-09-30,Madhya Pradesh,114.0,122.4,117.9,66.1,4.1,5172.0,1040.0
2020-02-29,Delhi,125.3,130.9,36.1,69.7,-1.3,1939.0,638.0
2022-09-30,Madhya Pradesh,132.3,135.2,60.8,73.8,6.9,1335.0,3085.0
2024-07-31,Bihar,146.1,145.8,42.1,77.5,6.0,6065.0,5168.0
2020-07-31,Tripura,124.9,130.5,20.6,72.1,0.1,250.0,771.0
2019-08-31,Punjab,121.8,125.1,71.9,68.5,7.7,11635.0,7784.0
2018-04-30,Jammu and Kashmir,116.0,119.5,94.9,66.8,6.2,3088.0,991.0
2023-02-28,Himachal Pradesh,139.2,142.0,91.7,76.5,6.0,5621.0,1211.0
2018-04-30,Chandigarh,113.3,130.3,107.3,66.3,7.1,295.0,598.0
2022-07-31,Tamil Nadu,132.8,136.4,61.9,73.6,6.4,4910.0,323.0
2017-09-30,Karnataka,109.0,117.7,79.5,63.3,5.0,6545.0,849.0
2015-06-30,Manipur,101.8,112.5,86.1,59.6,8.0,162.0,1521.0
2021-08-31,Sikkim,126.5,137.5,48.1,72.7,5.1,0.0,0.0
2022-08-31,Mizoram,132.9,136.8,71.6,73.6,6.7,0.0,0.0
2023-01-31,Kerala,141.7,143.9,94.9,77.3,6.0,6888.0,2548.0
2019-11-30,Jammu and Kashmir,122.7,127.6,22.1,69.7,4.5,1696.0,3435.0
2019-11-30,Puducherry,118.0,125.0,108.7,66.3,7.8,702.0,1277.0
2018-12-31,Andhra Pradesh,112.9,123.2,31.1,67.6,5.3,3256.0,7479.0
2016-01-31,Lakshadweep,107.8,113.7,24.8,60.9,6.6,0.0,0.0
2023-11-30,Bihar,139.8,140.7,49.8,75.7,7.0,8438.0,2718.0
2018-09-30,Telangana,113.2,125.4,70.2,66.1,5.6,1446.0,5861.0
2022-05-31,Gujarat,137.1,139.3,63.4,71.9,5.0,8311.0,5471.0
2023-04-30,Kerala,141.0,138.6,76.8,75.3,4.2,340.0,2888.0
2015-07-31,Sikkim,101.5,109.7,28.4,60.2,7.8,0.0,0.0
2018-09-30,Jammu and Kashmir,113.3,121.0,43.3,64.8,6.3,2648.0,1000.0
2019-10-31,Rajasthan,120.7,125.6,29.8,66.7,6.9,2070.0,4533.0
2017-07-31,Andaman and Nicobar Islands,112.5,119.0,43.0,65.9,5.9,410.0,601.0
2016-11-30,Mizoram,106.3,114.6,90.3,62.1,4.9,0.0,0.0
2023-11-30,West Bengal,141.8,144.9,93.0,77.0,8.0,6286.0,1108.0
2018-03-31,Mizoram,117.8,124.4,53.4,67.9,7.9,0.0,0.0
2021-10-31,Bihar,130.9,131.6,46.1,72.8,7.4,1492.0,8065.0
2023-04-30,Goa,138.9,141.8,143.7,75.5,7.7,1202.0,4480.0
2015-02-28,Manipur,101.8,106.1,96.8,59.4,6.3,2979.0,1171.0
2021-05-31,Telangana,127.8,132.0,102.2,72.5,5.5,5433.0,3346.0
2015-12-31,Haryana,99.6,105.8,22.6,60.7,5.4,9843.0,5069.0
2018-03-31,Uttarakhand,116.2,118.9,26.0,66.3,7.7,2798.0,4313.0
2016-01-31,Dadra and Nagar Haveli and Daman and Diu,98.6,116.8,91.3,62.8,7.8,458.0,758.0
2018-10-31,Himachal Pradesh,115.5,123.5,39.2,65.9,5.8,1531.0,1651.0
2024-05-31,Nagaland,145.6,147.2,75.1,78.0,6.4,707.0,2177.0
2016-05-31,Arunachal Pradesh,102.7,116.4,38.4,61.6,7.2,1111.0,488.0
2023-08-31,Sikkim,140.7,143.2,45.2,75.1,6.8,0.0,0.0
2023-02-28,Punjab,140.4,141.8,37.1,75.1,7.5,13707.0,16468.0
2022-04-30,Bihar,135.1,136.8,95.3,73.6,6.4,1299.0,11512.0
2024-01-31,Madhya Pradesh,147.4,149.4,112.7,78.7,6.3,1451.0,2405.0
2020-10-31,Punjab,126.8,132.6,15.4,70.0,1.8,9616.0,1928.0
2021-02-28,Goa,131.3,133.6,47.6,71.6,4.3,3836.0,3161.0
2020-03-31,Manipur,123.0,131.5,51.5,69.7,0.0,2899.0,2028.0
2019-12-31,Haryana,120.0,120.4,59.2,66.2,4.6,13778.0,8301.0
2021-07-31,Chandigarh,132.4,135.6,90.5,71.5,4.2,356.0,870.0
2018-01-31,Ladakh,114.6,121.0,95.9,66.8,6.1,41.0,283.0
2016-10-31,Ladakh,108.1,119.4,23.2,60.8,5.6,261.0,143.0
2022-12-31,Assam,136.3,140.3,69.7,72.4,4.1,736.0,3280.0
2020-08-31,Uttarakhand,128.4,126.1,55.7,68.8,1.8,3351.0,2361.0
2016-05-31,Chandigarh,102.9,112.6,57.8,61.5,6.1,834.0,789.0
2015-12-31,Andaman and Nicobar Islands,99.7,110.1,20.6,59.9,6.2,287.0,254.0
2024-10-31,Meghalaya,144.9,145.9,64.4,78.2,4.1,1962.0,422.0
2016-10-31,Punjab,106.2,113.8,107.3,62.7,6.7,7011.0,11861.0
2024-12-31,Meghalaya,143.5,148.0,138.2,77.8,4.5,1576.0,2420.0
2019-02-28,Rajasthan,116.8,124.9,76.1,68.7,6.0,2104.0,477.0
2016-02-29,Nagaland,105.8,113.9,50.6,60.8,4.6,817.0,1349.0
2017-05-31,Dadra and Nagar Haveli and Daman and Diu,109.3,121.1,66.6,65.2,4.2,704.0,590.0
2025-05-31,Arunachal Pradesh,149.1,153.1,52.3,80.4,4.8,952.0,2168.0
2015-07-31,Telangana,98.6,112.0,36.8,58.0,5.9,5577.0,7726.0
2017-05-31,Goa,110.2,117.3,69.4,64.1,7.0,777.0,4398.0
2017-09-30,Mizoram,107.8,116.6,93.7,66.3,5.1,0.0,0.0
2024-03-31,Uttar Pradesh,144.6,145.9,50.7,80.1,6.7,10908.0,2772.0
2021-07-31,Arunachal Pradesh,128.3,134.1,111.0,72.0,7.5,627.0,95.0
2019-10-31,Uttar Pradesh,118.8,125.9,36.8,68.6,5.1,1878.0,12382.0
2017-02-28,Andhra Pradesh,110.7,119.1,75.8,62.9,6.1,12894.0,12696.0
2017-05-31,Arunachal Pradesh,111.3,118.7,97.6,62.7,5.6,4.0,991.0
2015-04-30,Delhi,99.4,110.6,41.3,59.8,4.1,2752.0,798.0
2023-03-31,Karnataka,141.9,141.1,59.6,75.5,5.6,5545.0,2705.0
2018-03-31,Chandigarh,113.1,119.6,25.1,66.1,5.5,831.0,845.0
2016-03-31,Puducherry,102.0,115.4,114.4,62.6,6.5,679.0,1146.0
2024-11-30,Uttarakhand,142.3,146.1,82.4,78.6,7.5,2033.0,3501.0
2017-05-31,Puducherry,107.8,118.8,26.4,65.0,6.7,1485.0,150.0
2021-03-31,Gujarat,127.4,134.9,103.0,72.5,5.4,2175.0,12096.0
2024-08-31,Arunachal Pradesh,149.0,141.9,92.3,79.1,5.8,1597.0,1052.0
2017-08-31,Chandigarh,106.9,121.4,25.5,65.0,7.5,302.0,183.0
2021-12-31,Assam,131.9,132.9,65.1,71.8,6.6,5948.0,5107.0
2016-10-31,Arunachal Pradesh,104.9,116.7,63.4,60.0,5.6,1503.0,1493.0
2017-03-31,Chandigarh,110.4,118.8,34.6,62.8,6.4,369.0,964.0
2021-09-30,Andaman and Nicobar Islands,128.2,131.8,62.0,72.6,6.6,203.0,626.0
2025-06-30,Jammu and Kashmir,150.7,148.6,57.9,80.2,5.9,672.0,1391.0
2022-08-31,Sikkim,133.2,136.6,108.0,76.0,7.5,0.0,0.0
2016-09-30,Nagaland,106.8,112.7,20.5,60.4,7.3,509.0,1070.0
2018-11-30,Puducherry,117.0,118.5,30.6,66.9,6.1,1287.0,1058.0
2023-05-31,Chandigarh,139.7,140.4,134.2,76.0,7.8,847.0,497.0
2021-12-31,Arunachal Pradesh,129.9,135.9,63.3,71.2,7.8,1256.0,719.0
2015-06-30,Punjab,100.9,112.1,37.6,61.8,7.9,7820.0,2116.0
2015-01-31,Meghalaya,100.8,108.6,99.3,58.9,4.9,2016.0,676.0
2019-10-31,Bihar,122.0,122.3,105.2,68.3,4.4,3810.0,5502.0
2025-04-30,Madhya Pradesh,152.0,151.3,49.3,81.2,6.5,4016.0,2094.0
2016-03-31,Maharashtra,104.9,111.8,91.4,61.2,6.9,10393.0,13300.0
2020-04-30,Himachal Pradesh,124.0,128.0,48.9,68.2,-1.2,2935.0,3271.0
2017-01-31,Maharashtra,111.6,117.4,94.5,64.6,6.2,5589.0,8340.0
2016-12-31,Karnataka,104.7,113.2,98.8,63.1,6.6,5448.0,8212.0
2015-12-31,Jharkhand,100.2,108.4,86.1,59.5,5.9,1442.0,2917.0
2016-06-30,Chandigarh,106.1,112.6,115.6,60.4,6.2,316.0,94.0
2016-03-31,Gujarat,107.0,113.0,106.4,62.2,4.3,5566.0,13726.0
2017-03-31,Goa,110.5,116.6,42.9,63.7,8.0,2210.0,2619.0
2020-12-31,Mizoram,123.8,128.7,66.8,68.1,-2.0,0.0,0.0
2019-12-31,Madhya Pradesh,123.6,125.4,56.0,68.6,4.8,3294.0,4141.0
2022-09-30,Bihar,138.1,138.7,111.2,73.3,5.9,7748.0,3430.0
2019-05-31,Uttar Pradesh,118.0,126.5,104.8,68.6,5.3,13040.0,7323.0
2015-08-31,Lakshadweep,98.2,108.9,63.6,62.3,5.6,0.0,0.0
2021-07-31,Assam,128.4,133.4,25.2,72.0,6.3,5127.0,6217.0
2017-03-31,Karnataka,111.7,120.7,115.0,64.1,5.1,1532.0,9305.0
2019-02-28,Punjab,123.7,128.0,27.2,68.1,6.7,11270.0,8517.0
2022-09-30,Andaman and Nicobar Islands,134.0,139.1,65.8,73.9,5.7,114.0,332.0
2016-12-31,Arunachal Pradesh,105.3,110.5,79.6,60.8,4.3,1235.0,1355.0
2019-12-31,Bihar,118.5,126.2,31.8,68.3,7.5,1170.0,4438.0
2025-02-28,Lakshadweep,153.4,148.6,124.6,79.4,5.9,0.0,0.0
2018-10-31,Rajasthan,116.6,120.1,40.3,65.6,7.7,238.0,4546.0
2016-03-31,Mizoram,103.4,113.3,118.6,61.3,5.5,0.0,0.0
2016-05-31,Madhya Pradesh,100.8,116.1,111.6,62.5,6.2,7918.0,4093.0
2025-06-30,Lakshadweep,152.1,151.8,96.5,79.2,7.5,0.0,0.0
2021-12-31,Assam,128.9,132.8,86.0,72.4,5.8,4890.0,2583.0
2015-09-30,Dadra and Nagar Haveli and Daman and Diu,101.7,110.2,73.4,60.5,6.5,506.0,35.0
2020-03-31,Dadra and Nagar Haveli and Daman and Diu,125.6,129.2,35.5,70.1,-0.8,84.0,13.0
2024-09-30,Andhra Pradesh,141.3,145.5,66.2,76.6,5.0,9369.0,2512.0
2022-04-30,West Bengal,133.4,140.0,131.0,73.4,6.2,10267.0,11445.0
2020-12-31,Tamil Nadu,124.3,129.9,46.6,69.9,0.6,1734.0,2190.0
2020-04-30,Chhattisgarh,123.6,126.5,61.4,68.7,0.4,3140.0,4140.0
2020-12-31,Andhra Pradesh,125.2,130.3,42.8,70.3,-1.0,6417.0,4628.0
2016-09-30,Meghalaya,105.8,117.6,50.7,63.4,7.7,1407.0,1767.0
2016-06-30,Karnataka,108.6,112.6,29.2,62.5,5.0,7701.0,332.0
2020-04-30,Ladakh,125.9,133.1,31.4,68.8,0.6,348.0,418.0
2021-10-31,Meghalaya,133.0,135.2,108.0,74.4,5.8,498.0,1497.0
2024-02-29,Kerala,144.0,148.4,109.4,77.5,4.4,1040.0,6241.0
2022-11-30,Chandigarh,137.3,139.8,118.3,74.3,5.8,558.0,217.0
2017-08-31,Bihar,109.2,118.4,97.3,63.3,7.2,7237.0,6669.0
2015-11-30,Haryana,98.2,108.8,32.0,60.2,4.3,9311.0,5790.0
2018-09-30,Haryana,113.1,122.4,35.9,67.4,6.4,2541.0,8760.0
2017-09-30,Rajasthan,104.7,118.5,51.7,62.9,5.6,1201.0,2727.0
2023-06-30,Haryana,141.7,143.9,60.1,75.5,6.6,5302.0,2828.0
2015-11-30,Andaman and Nicobar Islands,97.4,105.5,26.6,60.2,7.3,553.0,884.0
2022-04-30,Manipur,137.8,135.1,42.4,72.3,6.2,1676.0,1758.0
2018-05-31,Maharashtra,114.7,122.5,105.6,66.8,5.2,5330.0,3264.0
2021-04-30,Jharkhand,126.9,134.7,78.9,71.3,4.4,1989.0,6165.0
2025-01-31,Uttarakhand,147.8,148.3,65.1,80.0,5.2,5215.0,4544.0
2018-10-31,Uttarakhand,115.4,122.7,72.6,64.9,5.5,109.0,2513.0
2021-08-31,Jammu and Kashmir,126.2,135.4,46.1,70.9,6.6,1817.0,2562.0
2019-06-30,Ladakh,121.2,125.6,78.4,68.0,5.6,390.0,219.0
2022-02-28,Karnataka,132.0,140.9,33.0,75.6,5.6,3711.0,1256.0
2022-08-31,Madhya Pradesh,133.5,141.2,132.3,73.0,5.2,4044.0,1810.0
2023-01-31,Jammu and Kashmir,140.4,142.2,52.9,76.9,5.5,4244.0,206.0
2015-02-28,Rajasthan,100.9,111.7,101.9,61.3,5.1,7919.0,4071.0
2017-09-30,Kerala,111.6,114.6,86.0,65.0,6.9,3882.0,3735.0
2021-05-31,Tripura,127.4,136.1,72.3,71.8,7.9,2484.0,300.0
2024-08-31,West Bengal,144.4,148.9,135.6,78.2,6.9,8075.0,7194.0
2023-07-31,Nagaland,142.2,140.0,42.8,77.5,4.3,1530.0,874.0
2023-07-31,Jharkhand,139.4,143.2,38.3,76.9,6.5,3768.0,2469.0
2022-06-30,Assam,135.6,134.3,62.6,74.0,6.8,1043.0,2416.0
2025-02-28,Chhattisgarh,150.3,148.4,123.6,78.8,7.1,2286.0,1364.0
2023-10-31,Kerala,142.6,141.0,28.2,77.8,7.1,1596.0,3297.0
2024-11-30,Maharashtra,144.1,143.1,52.7,78.1,6.0,4940.0,3851.0
2019-01-31,Lakshadweep,117.2,125.5,62.5,67.5,5.0,0.0,0.0
2023-08-31,Delhi,138.1,141.4,109.6,76.5,4.5,6.0,1415.0
2020-01-31,Goa,125.4,131.2,30.0,67.9,1.3,3079.0,235.0
2025-03-31,Chandigarh,146.9,147.0,77.8,80.7,4.0,137.0,334.0
2015-09-30,Goa,98.9,111.2,53.7,60.6,7.7,1964.0,2954.0
2015-06-30,Dadra and Nagar Haveli and Daman and Diu,100.2,108.4,29.2,60.4,6.4,486.0,982.0
2021-01-31,Arunachal Pradesh,128.5,131.4,93.9,72.9,6.3,2061.0,1402.0
2023-07-31,Uttar Pradesh,140.7,141.6,79.4,76.3,5.5,6183.0,9201.0
2018-05-31,Lakshadweep,116.4,123.5,101.3,66.6,7.2,0.0,0.0
2024-06-30,Chhattisgarh,145.9,145.0,107.4,78.7,4.9,5275.0,2741.0
2015-08-31,Meghalaya,96.9,111.0,25.8,61.0,7.0,1224.0,117.0
2020-12-31,Kerala,125.2,130.6,42.0,69.7,0.7,230.0,2252.0
2022-08-31,Manipur,135.3,144.3,142.9,74.4,6.8,1999.0,792.0
2020-02-29,Rajasthan,124.2,129.4,30.5,69.5,0.9,960.0,2925.0
2021-12-31,Rajasthan,130.6,133.7,69.3,72.3,5.3,2139.0,6925.0
2020-02-29,Tripura,125.6,132.2,51.1,70.0,-0.8,3419.0,2594.0
2024-03-31,Mizoram,144.8,145.9,48.3,77.1,6.0,0.0,0.0
2025-07-31,Haryana,148.0,150.5,108.3,80.6,5.0,6775.0,12581.0
2015-07-31,Chandigarh,99.9,106.5,86.0,58.2,6.7,291.0,888.0
2021-12-31,Delhi,133.7,133.8,57.5,70.9,7.0,565.0,1860.0
2019-10-31,Arunachal Pradesh,119.2,124.6,48.4,68.7,7.8,1293.0,981.0
2016-10-31,Delhi,107.1,113.0,111.9,61.3,4.3,766.0,2019.0
2025-07-31,West Bengal,150.1,150.5,39.2,80.5,6.2,1997.0,4260.0
2015-03-31,Uttar Pradesh,98.4,109.9,63.2,62.3,6.0,5035.0,8917.0
2025-07-31,Andhra Pradesh,149.4,151.5,116.0,77.9,5.2,4184.0,1934.0
2018-05-31,Jammu and Kashmir,115.0,123.9,34.8,66.3,7.1,3264.0,777.0
2023-10-31,Punjab,141.3,141.6,136.0,77.8,4.8,6767.0,9978.0
2016-02-29,Madhya Pradesh,109.8,114.6,72.6,62.2,5.3,4536.0,8324.0
2015-12-31,Dadra and Nagar Haveli and Daman and Diu,100.1,105.9,70.5,60.0,7.1,429.0,971.0
2022-03-31,Tamil Nadu,132.5,138.6,74.9,73.6,5.9,329.0,10442.0
2015-12-31,Kerala,96.7,112.1,106.7,59.2,4.5,5663.0,4889.0
2017-01-31,Goa,109.2,116.2,114.8,61.9,7.6,1303.0,2687.0
2018-09-30,Telangana,112.7,123.5,58.0,65.5,6.9,4281.0,1076.0
2025-02-28,Puducherry,151.1,149.1,89.1,80.1,6.3,2064.0,1254.0
2019-07-31,Delhi,121.1,124.8,51.5,68.2,6.4,240.0,1057.0
2023-04-30,Gujarat,139.7,144.8,68.2,76.9,6.5,3048.0,2374.0
2024-11-30,Maharashtra,146.3,145.9,27.4,78.9,6.0,11073.0,7896.0
2019-05-31,Ladakh,120.1,127.7,98.6,68.2,7.0,166.0,373.0
2017-08-31,Meghalaya,113.7,114.1,116.9,64.3,6.9,1992.0,786.0
2019-03-31,Tamil Nadu,121.3,124.8,97.0,67.9,4.0,13000.0,11635.0
2018-08-31,Nagaland,116.8,123.4,71.8,65.2,4.4,1318.0,1183.0
2021-10-31,Andaman and Nicobar Islands,127.1,134.2,102.8,72.9,4.1,32.0,19.0
2018-01-31,Gujarat,112.7,121.6,105.8,65.8,4.7,2176.0,12103.0
2022-12-31,Bihar,136.0,139.2,89.3,74.3,4.3,2173.0,7011.0
2019-08-31,Tripura,116.9,124.3,113.7,70.6,4.8,2431.0,2325.0
2023-09-30,Delhi,138.8,144.4,27.6,76.9,6.2,961.0,1635.0
2019-11-30,Telangana,122.4,125.6,21.0,67.8,6.7,6150.0,4451.0
2017-11-30,Tamil Nadu,108.7,116.4,28.1,62.5,7.7,5178.0,2213.0
2022-09-30,Rajasthan,132.6,136.5,30.9,75.1,7.0,3785.0,1645.0
2023-01-31,Rajasthan,141.3,141.8,75.0,73.1,4.1,2376.0,2046.0
2021-04-30,Uttarakhand,134.1,133.1,114.0,71.6,5.9,386.0,4949.0
2019-01-31,Mizoram,118.4,127.1,87.5,66.1,6.7,0.0,0.0
2022-10-31,Uttar Pradesh,137.4,137.9,103.1,73.5,5.3,11506.0,7830.0
2016-12-31,Odisha,103.1,113.3,58.5,61.5,5.5,5757.0,7989.0
2018-01-31,Delhi,114.8,122.7,73.4,66.1,7.2,688.0,1437.0
2015-04-30,Gujarat,99.9,108.9,50.4,59.8,4.2,9913.0,3782.0
2023-12-31,Dadra and Nagar Haveli and Daman and Diu,138.4,143.0,86.1,76.9,6.2,229.0,898.0
2025-06-30,Manipur,151.8,150.7,113.6,80.6,7.2,2988.0,1159.0
2016-08-31,Arunachal Pradesh,101.9,114.6,75.9,62.8,7.2,391.0,669.0
2019-02-28,Arunachal Pradesh,120.4,125.3,61.9,66.6,4.5,713.0,1928.0
2022-12-31,Mizoram,137.1,136.7,125.4,73.9,7.4,0.0,0.0
2023-09-30,Puducherry,141.6,143.6,58.5,76.6,4.3,959.0,126.0
2024-09-30,Tripura,146.0,147.2,81.8,78.1,7.7,1109.0,16.0
2023-02-28,Karnataka,143.2,140.0,141.4,75.4,4.9,8661.0,2272.0
2020-06-30,Himachal Pradesh,124.6,129.1,70.0,69.2,0.1,4390.0,3150.0
2021-07-31,Gujarat,127.0,136.7,20.6,73.9,4.3,10024.0,10132.0
2015-06-30,Karnataka,100.3,112.0,73.2,60.5,5.4,1861.0,5645.0
2018-03-31,Bihar,114.7,119.7,53.7,63.9,5.4,2346.0,5438.0
2024-07-31,Uttar Pradesh,140.8,146.0,58.9,76.7,6.1,6076.0,9933.0
2025-05-31,Puducherry,147.7,150.8,95.6,77.9,6.9,2147.0,1384.0
2015-12-31,Meghalaya,97.5,112.0,64.6,58.6,6.0,2448.0,1211.0
2016-06-30,Chandigarh,103.4,114.3,93.3,60.8,7.9,73.0,515.0
2018-04-30,Meghalaya,114.3,123.0,22.7,67.2,4.8,3181.0,846.0
2016-09-30,Goa,104.4,115.9,112.7,62.5,4.8,841.0,335.0
2023-03-31,Delhi,138.4,144.1,92.1,75.1,6.8,3589.0,1493.0
2017-02-28,Manipur,107.5,117.6,88.4,63.2,5.3,1052.0,3262.0
2015-08-31,Punjab,100.8,110.1,80.5,59.4,4.7,10061.0,10876.0
2023-04-30,Kerala,140.2,140.5,142.7,75.1,7.2,8920.0,8041.0
2022-03-31,Telangana,135.3,137.5,142.4,73.7,4.9,10645.0,6905.0
2018-06-30,Lakshadweep,118.6,121.2,81.0,65.2,7.0,0.0,0.0
2016-02-29,Delhi,105.3,113.6,88.4,61.8,4.8,2120.0,1263.0
2021-06-30,Kerala,129.3,133.8,81.9,70.7,7.8,1050.0,6378.0
2015-02-28,Manipur,99.8,111.6,51.1,59.9,5.2,1231.0,1567.0
2024-11-30,Haryana,145.2,146.7,47.1,78.2,7.0,7708.0,5065.0
2018-01-31,Bihar,116.2,119.4,60.3,65.0,7.4,9529.0,10807.0
2020-09-30,Uttarakhand,124.9,131.1,53.0,69.3,-1.8,1541.0,714.0
2018-05-31,Maharashtra,111.1,120.9,25.6,65.8,4.3,3977.0,9638.0
2020-02-29,Manipur,124.1,127.8,42.9,70.9,-0.6,290.0,2374.0
2019-12-31,Odisha,120.0,123.7,60.8,69.1,6.5,4749.0,408.0
2025-05-31,Maharashtra,152.6,150.3,87.3,79.9,6.5,5873.0,3297.0
2024-03-31,Gujarat,143.4,148.1,127.2,78.3,5.8,1875.0,13549.0
2016-02-29,Goa,101.7,113.6,24.8,61.9,7.7,1366.0,2319.0
2021-12-31,Puducherry,130.1,135.9,96.4,73.2,6.8,1224.0,1258.0
2020-10-31,Telangana,126.7,130.2,52.0,71.7,1.3,2838.0,2006.0
2025-03-31,Tripura,149.2,145.7,48.5,80.8,7.1,2034.0,2861.0
2022-05-31,Tripura,139.8,139.2,112.1,74.4,5.1,2953.0,1952.0
2017-04-30,Manipur,114.3,116.9,69.6,64.4,6.9,1861.0,3400.0
2020-06-30,Assam,124.9,128.4,40.9,70.1,1.2,1625.0,135.0
2015-05-31,Ladakh,100.4,111.2,68.3,59.2,7.1,271.0,32.0
2018-09-30,Arunachal Pradesh,117.7,122.3,114.9,65.5,6.2,95.0,53.0
2018-11-30,Sikkim,114.8,121.9,114.4,66.3,6.9,0.0,0.0
2017-07-31,West Bengal,108.4,118.2,111.4,63.5,6.0,2531.0,4453.0
2015-10-31,Lakshadweep,101.8,108.3,108.7,58.6,7.2,0.0,0.0
2024-10-31,Tripura,145.9,149.5,28.5,77.8,7.8,495.0,2016.0
2016-02-29,Andhra Pradesh,103.4,114.3,60.1,60.4,7.0,4057.0,4600.0
2021-08-31,Tamil Nadu,130.6,134.3,109.5,73.9,7.0,5918.0,8927.0
2022-09-30,Chhattisgarh,134.7,137.8,114.6,73.4,4.9,1145.0,2004.0
2015-10-31,Jammu and Kashmir,99.2,106.8,65.7,60.0,5.4,1238.0,1750.0
2021-04-30,Karnataka,128.4,132.7,97.3,73.2,4.5,10777.0,9364.0
2022-10-31,Manipur,135.2,135.6,49.0,76.5,6.1,510.0,1768.0
2023-09-30,Chhattisgarh,139.5,139.4,96.0,75.8,5.8,706.0,1074.0
2015-01-31,Bihar,100.6,106.9,73.3,59.2,5.2,4331.0,3793.0
2016-08-31,Jharkhand,106.6,112.7,77.4,62.6,4.3,4315.0,4946.0
2015-08-31,Himachal Pradesh,100.5,110.0,92.2,60.0,7.7,840.0,2718.0
2015-01-31,Delhi,100.5,107.2,115.0,59.9,6.4,1922.0,2539.0
2019-09-30,Goa,118.9,127.4,46.4,68.2,5.3,2239.0,882.0
2020-04-30,Uttarakhand,127.3,130.6,57.5,70.4,1.8,4932.0,2809.0
2024-10-31,West Bengal,143.3,145.5,101.4,80.0,5.6,8485.0,5096.0
2017-04-30,Puducherry,106.8,122.3,89.5,62.7,7.2,682.0,2103.0
2025-01-31,Andaman and Nicobar Islands,147.9,149.5,75.5,81.9,4.8,909.0,1042.0
2023-11-30,Lakshadweep,142.1,143.6,137.3,75.8,7.4,0.0,0.0
2019-01-31,Sikkim,120.9,126.4,68.0,68.9,5.2,0.0,0.0
2024-12-31,Manipur,147.6,148.9,38.6,78.2,7.5,1210.0,23.0
2018-08-31,Uttarakhand,112.4,124.2,88.1,66.0,7.6,2884.0,3530.0
2019-08-31,Jharkhand,124.6,125.4,32.9,68.2,6.8,2997.0,1541.0
2024-03-31,Tripura,144.4,145.5,62.7,77.2,7.6,208.0,2372.0
2023-12-31,Karnataka,136.5,139.3,51.4,77.6,7.0,4441.0,5465.0
2024-06-30,Haryana,149.4,146.2,88.7,78.6,4.6,7900.0,10760.0
2021-06-30,Rajasthan,127.4,135.3,54.8,72.4,7.8,3758.0,3682.0
2018-01-31,Haryana,114.2,121.9,36.0,65.7,4.8,7411.0,6586.0
2016-08-31,Telangana,104.6,116.8,99.1,60.6,6.0,4636.0,182.0
2017-02-28,Tamil Nadu,110.9,118.3,66.8,64.7,5.5,9333.0,4061.0
2017-05-31,Telangana,108.4,120.5,65.4,64.7,5.4,3689.0,6081.0
2015-01-31,Madhya Pradesh,102.1,109.7,108.6,60.6,7.1,2177.0,5797.0
2024-11-30,Chhattisgarh,146.5,143.7,88.7,78.1,5.2,804.0,4092.0
2017-11-30,Manipur,110.0,116.8,91.0,63.8,6.2,1937.0,1889.0
2019-11-30,Telangana,122.6,125.9,52.8,69.2,5.3,6271.0,4187.0
2020-09-30,Karnataka,124.9,128.5,45.7,70.5,1.9,7610.0,2055.0
2015-12-31,Mizoram,99.4,106.7,92.6,60.3,4.6,0.0,0.0
2016-08-31,Haryana,109.0,110.0,49.6,60.5,4.7,9132.0,8596.0
2018-07-31,Telangana,115.6,124.0,88.9,64.2,4.4,5761.0,895.0
2025-06-30,Uttarakhand,148.0,150.8,92.3,82.3,7.0,4753.0,1462.0
2019-02-28,Gujarat,118.3,126.6,63.4,68.8,4.6,2033.0,262.0
2017-05-31,Telangana,110.0,118.3,91.3,65.3,6.1,3829.0,6659.0
2018-03-31,Uttarakhand,110.2,120.9,51.7,64.4,7.1,2351.0,4852.0
2018-02-28,Assam,113.7,123.6,91.5,67.0,4.5,1704.0,1593.0
2021-12-31,Sikkim,129.8,130.5,75.1,71.7,7.7,0.0,0.0
2025-08-31,Sikkim,149.7,145.8,53.5,80.1,5.1,0.0,0.0
2025-06-30,Andaman and Nicobar Islands,147.5,149.6,104.2,80.5,7.2,380.0,463.0
2018-09-30,Jharkhand,114.1,122.3,108.5,66.2,7.2,1128.0,4246.0
2019-04-30,Mizoram,122.4,124.2,51.0,68.2,5.4,0.0,0.0
2021-08-31,Gujarat,131.9,130.8,101.2,71.1,6.2,4352.0,1367.0
2025-04-30,Jammu and Kashmir,150.2,151.2,64.3,80.6,6.5,2998.0,2315.0
2024-11-30,Assam,144.9,145.2,122.5,77.1,5.7,5821.0,4926.0
2015-08-31,Madhya Pradesh,99.7,111.4,25.1,59.2,5.4,5414.0,5796.0
2022-01-31,Goa,135.5,140.6,24.9,74.1,7.4,795.0,2568.0
2025-09-30,Mizoram,150.2,146.8,37.6,78.7,4.8,0.0,0.0
2015-08-31,Arunachal Pradesh,100.6,110.4,107.4,61.2,7.2,376.0,584.0
2022-12-31,Delhi,136.0,138.5,88.0,75.2,4.8,2364.0,952.0
2023-06-30,Tamil Nadu,137.6,143.5,95.3,75.6,6.8,8196.0,9.0
2015-05-31,Delhi,99.4,108.9,104.2,59.7,5.2,1909.0,928.0
2022-02-28,Tripura,135.4,138.1,30.1,74.0,7.7,2611.0,3488.0
2017-10-31,Maharashtra,108.1,119.5,58.7,62.0,6.4,5721.0,5728.0
2019-07-31,Jammu and Kashmir,118.7,126.9,84.3,66.5,6.1,3508.0,1293.0
2024-11-30,Chandigarh,144.6,149.1,72.6,78.7,5.2,357.0,627.0
2024-06-30,Himachal Pradesh,144.7,144.3,27.9,78.4,6.0,2466.0,3844.0
2017-02-28,Chandigarh,110.4,118.4,85.1,63.6,4.3,483.0,808.0
2018-11-30,Gujarat,113.3,121.8,59.1,65.6,4.6,8317.0,6943.0
2024-05-31,Haryana,146.9,145.6,26.3,78.7,5.2,3114.0,7950.0
2021-04-30,Gujarat,129.6,135.2,37.1,70.1,7.8,13606.0,1468.0
2020-12-31,Uttarakhand,125.3,130.2,25.1,71.9,1.9,3526.0,3941.0
2022-05-31,Tripura,134.3,135.9,85.3,74.9,5.6,2228.0,372.0
2018-10-31,Telangana,115.5,123.9,38.6,65.6,7.1,556.0,3770.0
2017-09-30,West Bengal,113.3,119.2,56.1,64.4,6.8,2825.0,3436.0
2015-01-31,Puducherry,99.2,112.9,95.1,61.4,6.7,600.0,1803.0
2017-07-31,Jharkhand,108.9,119.5,100.8,63.0,6.4,4590.0,88.0
2019-05-31,Ladakh,118.3,125.6,99.5,69.3,4.5,447.0,370.0
2018-12-31,Manipur,114.9,121.6,89.5,66.0,5.6,1363.0,248.0
2020-09-30,Assam,124.9,132.1,44.5,70.7,-1.4,4280.0,1686.0
2023-09-30,Kerala,140.1,140.5,90.1,76.9,7.8,3518.0,1419.0
2022-06-30,Delhi,135.9,136.2,138.4,74.2,5.7,2634.0,1047.0
2020-03-31,Uttar Pradesh,125.7,130.4,64.7,71.1,-1.5,12361.0,8883.0
2021-01-31,Goa,130.0,131.0,85.0,71.6,6.0,4023.0,1003.0
2022-05-31,Assam,138.9,138.7,80.2,74.0,4.9,8407.0,6621.0
2016-01-31,Uttarakhand,106.4,114.9,92.9,61.2,4.8,3856.0,4623.0
2021-01-31,Maharashtra,127.8,133.5,26.3,71.3,5.1,9319.0,1575.0
2021-05-31,Karnataka,126.9,136.8,114.5,72.2,4.5,8451.0,5296.0
2020-08-31,Mizoram,123.6,132.3,44.9,70.8,1.5,0.0,0.0
2023-02-28,Meghalaya,140.3,140.4,84.3,74.7,5.8,602.0,1706.0
2025-05-31,Andhra Pradesh,148.4,151.3,58.9,80.4,5.1,829.0,709.0
2023-06-30,Goa,138.7,144.0,24.4,77.2,5.0,2133.0,721.0
2023-06-30,Manipur,140.1,142.2,31.3,77.3,4.9,1871.0,573.0
2016-07-31,Delhi,104.3,113.1,46.3,61.9,6.0,2174.0,395.0
2021-10-31,Gujarat,125.9,131.8,74.2,70.9,6.9,4405.0,4621.0
2016-11-30,Haryana,107.2,112.9,28.4,62.7,6.6,7814.0,5069.0
2021-11-30,Chandigarh,131.7,131.8,117.2,72.4,7.9,591.0,690.0
2024-01-31,Gujarat,142.4,147.8,73.3,78.0,7.7,1622.0,969.0
2021-03-31,Maharashtra,130.1,133.5,51.6,71.7,5.7,10568.0,13312.0
2025-09-30,Assam,147.8,151.0,87.0,80.3,7.3,3070.0,4048.0
2022-04-30,Uttar Pradesh,133.8,140.5,31.8,74.4,4.7,5246.0,15390.0
2019-06-30,Puducherry,121.0,126.4,105.0,67.6,4.8,1543.0,1174.0
2022-05-31,Chandigarh,136.6,140.4,79.2,73.8,6.8,337.0,482.0
2020-05-31,Chandigarh,126.6,129.3,22.7,68.6,-0.5,307.0,475.0
2021-04-30,Andaman and Nicobar Islands,130.5,134.8,36.2,72.3,5.8,58.0,124.0
2019-12-31,Tripura,122.6,126.4,56.1,68.4,5.3,652.0,2712.0
2022-09-30,Bihar,133.8,136.6,92.8,72.8,4.9,3723.0,3845.0
2019-01-31,Andhra Pradesh,119.2,125.4,61.7,67.9,4.6,6979.0,6602.0
2017-11-30,Haryana,104.8,120.8,79.7,63.5,6.4,1086.0,4076.0
2023-06-30,Arunachal Pradesh,139.8,141.3,108.7,77.1,4.2,135.0,139.0
2015-11-30,Mizoram,101.2,106.7,94.8,58.7,6.8,0.0,0.0
2023-03-31,Tamil Nadu,140.6,141.3,72.1,77.1,7.6,2890.0,889.0
2024-02-29,Rajasthan,143.8,144.5,110.0,79.3,5.4,23.0,5036.0
2021-02-28,Andaman and Nicobar Islands,131.7,134.9,34.2,69.6,5.7,724.0,311.0
2015-09-30,Chhattisgarh,99.9,111.2,71.3,60.6,6.4,1568.0,1894.0
2015-03-31,Lakshadweep,101.5,110.7,27.3,60.5,6.7,0.0,0.0
2022-01-31,Rajasthan,136.0,137.2,53.3,72.5,6.2,7235.0,4529.0
2017-02-28,Himachal Pradesh,112.8,118.1,78.3,63.7,6.8,2300.0,1729.0
2020-12-31,Gujarat,125.7,129.4,56.4,69.6,-0.6,9954.0,1081.0
2018-12-31,Nagaland,116.2,119.1,29.5,65.1,8.0,866.0,1331.0
2024-09-30,Manipur,144.8,145.8,48.8,77.4,5.6,601.0,323.0
2015-12-31,Tripura,99.0,115.3,119.2,60.9,6.3,1955.0,1799.0
2018-12-31,Meghalaya,116.0,119.9,53.8,66.1,5.5,1858.0,2935.0
2018-01-31,Punjab,118.0,118.3,48.4,65.4,5.0,5329.0,16266.0
2018-08-31,Puducherry,113.8,124.8,28.5,64.9,8.0,77.0,67.0
2016-03-31,Chhattisgarh,104.5,114.9,89.5,62.8,4.1,7213.0,2705.0
2018-07-31,Delhi,115.1,122.6,70.8,67.7,4.3,965.0,138.0
2022-03-31,Andhra Pradesh,136.4,137.3,42.9,73.8,6.3,34.0,9114.0
2020-10-31,Gujarat,125.7,130.5,50.0,69.9,0.1,5186.0,7220.0
2018-10-31,Bihar,116.8,122.1,72.6,68.6,6.9,1881.0,7007.0
2023-12-31,Bihar,143.9,144.6,91.8,76.8,6.8,2622.0,4479.0
2025-03-31,Madhya Pradesh,148.7,151.8,143.4,81.1,7.2,3534.0,8210.0
2016-09-30,Jammu and Kashmir,106.2,115.2,22.9,61.4,7.0,2627.0,1413.0
2023-11-30,Nagaland,140.6,140.6,133.8,75.2,6.2,643.0,1414.0
2021-08-31,Karnataka,130.0,134.5,104.2,73.3,5.9,1945.0,8558.0
2018-11-30,Madhya Pradesh,116.2,120.8,61.5,66.5,6.9,2289.0,3336.0
2024-09-30,Dadra and Nagar Haveli and Daman and Diu,144.5,148.5,129.7,78.2,6.9,647.0,636.0
2025-04-30,Goa,150.6,148.6,101.8,80.4,5.3,3253.0,543.0
2017-01-31,Karnataka,107.4,117.7,108.9,65.7,4.0,2930.0,8634.0
2017-12-31,Rajasthan,108.9,115.8,79.5,63.3,5.3,6016.0,1177.0
2019-03-31,Uttar Pradesh,122.1,125.0,41.6,68.2,6.1,17805.0,11182.0
2016-03-31,Manipur,107.0,113.0,77.6,61.3,6.1,2956.0,2828.0
2020-08-31,Telangana,125.5,129.7,22.7,70.3,-0.2,798.0,2550.0
2016-09-30,Nagaland,104.1,112.2,34.1,62.8,7.7,733.0,416.0
2016-07-31,Haryana,106.7,116.4,85.4,62.3,5.9,8598.0,7074.0
2017-10-31,Jammu and Kashmir,112.5,117.6,114.7,65.7,4.6,3244.0,604.0
2021-06-30,West Bengal,129.2,132.9,78.8,71.5,4.8,6173.0,9901.0
2025-05-31,Andaman and Nicobar Islands,147.1,151.5,119.5,80.5,4.4,44.0,547.0
2024-09-30,Arunachal Pradesh,145.9,150.3,44.2,79.3,5.1,341.0,1533.0
2019-04-30,Nagaland,121.8,125.2,85.4,67.6,5.2,1561.0,640.0
2017-03-31,Andhra Pradesh,111.2,117.5,93.3,63.5,5.3,14254.0,3143.0
2017-11-30,Arunachal Pradesh,113.1,116.5,24.2,63.8,7.3,596.0,1215.0
2023-10-31,Maharashtra,143.1,143.3,35.7,74.6,7.1,6100.0,8862.0
2015-02-28,West Bengal,99.4,111.9,98.2,61.1,6.0,8638.0,7462.0
2021-05-31,Rajasthan,130.4,133.9,64.0,72.2,5.8,2583.0,2278.0
2022-06-30,Punjab,134.0,137.1,72.7,72.3,5.5,1469.0,6044.0
2022-05-31,Puducherry,133.0,139.1,134.4,73.6,4.1,1736.0,626.0
2022-10-31,Puducherry,133.1,139.5,143.0,75.3,7.7,1457.0,1325.0
2015-07-31,Bihar,101.4,113.1,96.4,59.7,5.2,8979.0,6532.0
2022-11-30,West Bengal,135.6,136.8,119.1,75.6,7.4,487.0,5875.0
2023-12-31,Andhra Pradesh,141.8,143.7,49.0,75.7,7.0,3621.0,11382.0
2021-02-28,Haryana,135.1,134.2,39.2,70.6,4.5,11696.0,12857.0
2018-03-31,Meghalaya,116.0,118.5,118.1,63.9,5.3,2021.0,3481.0
2020-11-30,Dadra and Nagar Haveli and Daman and Diu,123.4,133.0,53.7,72.1,-1.1,154.0,350.0
2019-08-31,Gujarat,122.1,126.6,88.7,67.2,5.0,4961.0,5491.0
2018-06-30,Chhattisgarh,113.4,123.2,48.6,65.4,5.6,5435.0,5100.0
2017-12-31,Arunachal Pradesh,113.5,119.9,108.6,63.9,5.1,109.0,1447.0
2021-12-31,Bihar,126.1,135.2,24.4,72.2,6.5,2623.0,4161.0
2024-10-31,Jharkhand,143.9,144.1,57.0,77.0,5.4,2233.0,3441.0
2015-07-31,Jammu and Kashmir,101.2,111.3,38.0,61.3,5.4,2453.0,1363.0
2019-06-30,Andhra Pradesh,122.4,127.0,91.1,68.3,5.1,9759.0,1458.0
2025-09-30,Assam,148.6,146.7,109.8,81.2,7.2,1489.0,2718.0
2024-12-31,Uttar Pradesh,143.3,149.3,88.2,76.0,6.6,3283.0,13914.0
2023-10-31,Mizoram,140.3,141.2,24.6,76.5,6.9,0.0,0.0
2018-11-30,Haryana,118.8,124.0,107.4,66.4,5.6,5207.0,12499.0
2025-03-31,Chandigarh,146.9,149.3,138.7,80.0,7.4,23.0,52.0
2024-11-30,Haryana,144.4,144.9,48.3,77.5,5.7,10621.0,4815.0
2024-10-31,Andaman and Nicobar Islands,145.5,145.8,125.1,76.5,4.7,604.0,511.0
2016-09-30,Nagaland,103.4,118.2,117.3,60.6,6.0,1111.0,316.0
2017-02-28,Telangana,108.4,122.0,52.7,65.3,5.8,5777.0,6824.0
2015-09-30,Himachal Pradesh,99.5,108.9,38.5,60.4,4.4,2209.0,3779.0
2016-03-31,Punjab,105.6,116.5,117.8,61.8,6.7,293.0,3864.0
2015-10-31,Madhya Pradesh,99.6,110.0,26.0,59.7,7.2,487.0,6373.0
2025-02-28,Odisha,152.9,154.0,57.1,81.0,5.4,2470.0,7817.0
2025-01-31,Chhattisgarh,151.2,152.3,113.0,81.0,7.0,1122.0,402.0
2025-05-31,Ladakh,150.8,150.6,98.1,79.2,6.3,105.0,152.0
2020-12-31,Telangana,127.1,130.2,53.1,68.6,1.4,4124.0,200.0
2019-01-31,Puducherry,120.8,127.2,90.8,68.4,5.4,1358.0,1444.0
2022-07-31,Haryana,134.1,139.0,106.3,75.2,7.8,3666.0,3337.0
2018-01-31,Bihar,114.5,119.8,54.2,66.7,4.9,2094.0,2367.0
2020-08-31,Haryana,122.7,130.4,30.7,71.7,1.6,7528.0,7012.0
2019-02-28,Himachal Pradesh,124.0,124.7,62.8,67.8,4.3,5367.0,4854.0
2016-07-31,Dadra and Nagar Haveli and Daman and Diu,106.9,112.9,100.8,62.3,7.5,518.0,151.0
2023-04-30,Dadra and Nagar Haveli and Daman and Diu,134.9,144.2,136.6,75.9,6.7,380.0,558.0
2019-12-31,Gujarat,122.7,126.4,65.5,68.8,4.5,5048.0,773.0
2022-05-31,Tripura,132.1,137.1,34.3,73.3,7.1,1182.0,619.0
2020-09-30,Madhya Pradesh,126.0,127.6,68.3,70.2,1.0,3679.0,5955.0
2019-01-31,Chhattisgarh,115.6,124.4,28.0,69.6,7.9,1077.0,6631.0
2023-12-31,Nagaland,139.1,141.9,43.1,75.3,6.0,524.0,1378.0
2024-11-30,Gujarat,147.7,149.4,128.1,76.0,6.1,6560.0,2356.0
2018-01-31,Manipur,117.8,119.9,75.1,66.5,5.0,1219.0,1804.0
2015-11-30,Delhi,100.6,110.6,55.3,62.2,4.8,2462.0,498.0
2021-06-30,Dadra and Nagar Haveli and Daman and Diu,131.6,134.8,113.1,71.3,6.9,344.0,994.0
2021-05-31,Himachal Pradesh,127.2,136.4,116.1,73.3,5.5,4343.0,2113.0
2015-02-28,Odisha,101.1,110.2,53.1,60.0,6.9,1501.0,5287.0
2020-04-30,Goa,126.7,130.8,64.1,69.0,-1.8,2740.0,1212.0
2017-11-30,Ladakh,115.1,120.4,87.9,64.7,7.6,320.0,243.0
2015-07-31,Lakshadweep,98.8,108.4,47.4,58.6,5.7,0.0,0.0
2022-01-31,West Bengal,135.0,139.6,137.0,75.5,4.4,3448.0,9557.0
2020-07-31,Jharkhand,125.2,127.2,15.8,70.1,-1.5,2690.0,1528.0
2018-06-30,Jammu and Kashmir,116.4,122.1,51.8,64.3,5.2,3154.0,87.0
2024-10-31,Telangana,146.8,145.5,71.6,79.9,7.7,7407.0,6613.0
2025-05-31,Puducherry,152.1,148.6,106.9,80.9,7.0,1635.0,586.0
2016-12-31,Himachal Pradesh,107.0,115.9,23.8,62.3,6.2,4449.0,4083.0
2018-10-31,Uttarakhand,112.0,124.1,109.0,66.9,5.0,3313.0,725.0
2016-07-31,Puducherry,99.8,116.1,85.9,59.5,6.9,1108.0,1620.0
2020-08-31,Manipur,124.0,130.8,28.5,69.4,-0.6,1251.0,1368.0
2023-06-30,Uttarakhand,139.9,139.5,103.0,78.5,4.9,2039.0,3350.0
2018-06-30,Uttarakhand,113.8,121.3,73.7,66.1,6.8,4302.0,2552.0
2017-08-31,Lakshadweep,109.1,120.0,53.6,63.4,4.5,0.0,0.0
2024-01-31,Uttarakhand,144.3,148.0,27.4,78.2,4.4,668.0,80.0
2017-12-31,Uttar Pradesh,111.2,120.4,75.1,62.9,4.2,8685.0,12201.0
2023-01-31,Mizoram,137.9,142.6,33.9,77.6,7.2,0.0,0.0
2021-01-31,Meghalaya,129.8,133.6,101.0,71.6,5.1,1737.0,694.0
2023-01-31,Jammu and Kashmir,139.9,138.1,34.6,74.4,6.4,2984.0,3929.0
2025-03-31,Uttar Pradesh,151.1,151.7,75.4,80.2,4.6,3342.0,6262.0
2020-10-31,Chandigarh,127.3,129.8,38.1,71.0,0.2,648.0,194.0
2016-01-31,Maharashtra,108.4,111.5,75.6,62.7,4.1,12850.0,12046.0
2019-01-31,Nagaland,118.5,127.5,24.0,66.6,7.4,1111.0,2195.0
2019-12-31,West Bengal,116.0,128.8,40.4,67.1,6.2,3247.0,10246.0
2015-05-31,Meghalaya,99.5,111.7,40.0,57.9,7.6,960.0,2292.0
2017-03-31,Arunachal Pradesh,106.8,119.3,79.9,64.7,5.9,1813.0,1561.0
2015-08-31,Punjab,105.5,111.9,46.4,60.5,5.3,6653.0,8094.0
2019-02-28,Chandigarh,118.3,120.5,34.4,68.6,5.6,27.0,1034.0
2020-07-31,Himachal Pradesh,126.1,133.4,13.1,69.6,0.4,2398.0,2179.0
2018-08-31,Andhra Pradesh,116.9,120.4,104.1,64.1,7.5,5702.0,5662.0
2025-05-31,Uttarakhand,150.7,148.6,140.6,79.2,5.2,4009.0,481.0
2019-10-31,Himachal Pradesh,124.2,125.1,90.3,69.1,5.2,3889.0,3889.0
2015-03-31,Punjab,99.6,109.3,61.3,60.4,6.5,226.0,9435.0
2022-02-28,Uttarakhand,133.3,141.0,38.6,72.3,4.5,4299.0,1641.0
2020-10-31,Jammu and Kashmir,123.2,131.1,40.5,69.7,-1.6,2114.0,2169.0
2015-02-28,Delhi,101.5,108.6,65.7,60.6,5.7,765.0,741.0
2023-06-30,Madhya Pradesh,139.6,140.9,74.4,75.9,4.7,6019.0,5675.0
2017-11-30,Maharashtra,108.2,123.0,57.8,62.6,5.0,10099.0,10342.0
2023-02-28,Andhra Pradesh,140.9,142.7,83.6,75.5,6.8,2225.0,11307.0
2017-06-30,Gujarat,111.4,117.1,27.3,63.3,5.1,7968.0,7738.0
2024-08-31,Delhi,145.5,142.8,28.6,78.0,6.5,670.0,2056.0
2015-08-31,Puducherry,101.8,106.6,26.4,60.3,6.0,1637.0,269.0
2018-08-31,West Bengal,115.2,119.8,40.0,65.3,7.1,6728.0,3454.0
2017-12-31,Gujarat,108.8,118.2,47.8,64.6,7.0,2255.0,1661.0
2021-05-31,Telangana,131.6,136.2,36.9,73.6,4.8,2066.0,8431.0
2017-07-31,Manipur,108.2,119.2,45.2,67.1,7.8,1480.0,2408.0
2018-11-30,Telangana,112.7,124.3,38.6,65.1,7.2,7362.0,1220.0
2019-07-31,Uttarakhand,122.3,127.1,35.1,68.1,6.1,2829.0,230.0
2023-10-31,Assam,139.3,139.5,59.2,74.2,6.2,1811.0,1146.0
2025-01-31,Jharkhand,153.3,150.8,71.7,79.5,7.3,5536.0,2408.0
2019-07-31,Kerala,121.7,126.9,94.4,69.3,5.9,7153.0,1017.0
2015-12-31,Andaman and Nicobar Islands,99.2,109.8,115.6,57.7,5.9,228.0,645.0
2015-03-31,Haryana,101.0,109.4,111.9,59.6,6.5,16275.0,12321.0
2017-06-30,Jharkhand,115.1,117.7,67.6,64.0,4.4,755.0,2487.0
2016-11-30,Mizoram,106.5,110.9,66.1,60.4,6.3,0.0,0.0
2022-08-31,Himachal Pradesh,136.2,135.3,39.1,74.4,4.9,1180.0,514.0
2024-07-31,Manipur,143.8,151.1,140.6,78.3,4.5,2215.0,2251.0
2023-08-31,Bihar,143.7,139.5,115.2,75.4,7.3,2841.0,2777.0
2024-10-31,Rajasthan,147.6,142.5,125.7,78.6,5.5,4708.0,913.0
2015-05-31,Gujarat,98.8,108.6,43.4,59.2,6.0,10851.0,1276.0
2023-08-31,Haryana,143.8,142.9,72.1,76.5,5.2,3412.0,5832.0
2023-12-31,Punjab,140.3,143.1,36.3,76.0,4.1,1811.0,1120.0
2020-05-31,Gujarat,123.3,128.0,68.4,70.2,1.8,3564.0,7738.0
2025-01-31,Goa,148.8,150.2,58.3,79.8,7.0,3579.0,3223.0
2017-06-30,Himachal Pradesh,111.8,116.9,79.6,62.7,7.0,2738.0,3306.0
2021-12-31,Maharashtra,128.3,134.4,35.2,70.6,7.7,6987.0,7035.0
2017-08-31,Ladakh,107.8,117.4,100.3,63.2,7.4,7.0,158.0
2016-04-30,Andaman and Nicobar Islands,104.1,112.6,38.6,61.5,7.9,656.0,697.0
2018-02-28,Assam,114.4,120.7,100.9,66.3,6.3,4765.0,6553.0
2017-12-31,Dadra and Nagar Haveli and Daman and Diu,108.7,113.6,60.2,64.0,4.2,368.0,143.0
2024-06-30,Telangana,144.1,145.6,93.3,77.5,7.5,287.0,5130.0
2020-06-30,Telangana,126.8,129.8,28.2,68.0,0.1,4475.0,2123.0
2023-09-30,Ladakh,140.5,139.2,129.9,75.3,5.9,89.0,233.0
2022-01-31,Jammu and Kashmir,134.0,137.3,115.2,72.8,4.5,470.0,598.0
2015-02-28,Tripura,99.1,109.5,55.4,61.7,4.1,876.0,3114.0
2021-03-31,Rajasthan,129.7,130.3,78.5,72.1,6.5,5923.0,4683.0
2020-07-31,Manipur,124.9,128.5,19.7,71.6,-0.3,997.0,1128.0
2019-07-31,Puducherry,119.9,124.4,36.0,68.1,4.1,309.0,1513.0
2015-06-30,Himachal Pradesh,101.8,110.4,73.4,61.9,7.8,910.0,3803.0
2022-02-28,Assam,135.4,140.5,100.9,74.3,6.2,2248.0,7101.0
2019-12-31,Jharkhand,120.5,126.1,75.7,68.4,6.4,1824.0,5888.0
2023-05-31,Manipur,142.9,144.3,91.1,77.9,6.3,3036.0,2892.0
2015-12-31,Meghalaya,103.8,109.6,94.2,59.3,5.3,543.0,252.0
2019-01-31,Madhya Pradesh,117.5,126.7,110.2,67.3,7.6,8485.0,3834.0
2018-06-30,Andhra Pradesh,111.8,122.1,58.8,66.1,4.0,10509.0,5843.0
2021-10-31,Delhi,129.3,138.8,73.7,74.9,7.0,1610.0,1874.0
2017-11-30,Haryana,111.6,117.7,109.3,63.6,5.4,6737.0,11807.0
2020-07-31,Meghalaya,125.8,131.6,39.9,70.3,-1.2,130.0,2254.0
2021-08-31,Jammu and Kashmir,132.1,134.4,64.5,72.9,5.7,2275.0,1094.0
2015-07-31,Maharashtra,99.2,112.3,96.7,61.6,4.8,5501.0,5521.0
2016-02-29,Uttarakhand,101.1,115.3,107.7,62.9,7.5,253.0,3140.0
2021-01-31,Andhra Pradesh,127.3,134.7,93.8,73.5,7.2,872.0,6812.0
2020-06-30,Chandigarh,126.1,127.7,18.0,70.8,1.8,215.0,834.0
2022-07-31,Jammu and Kashmir,137.1,135.9,79.8,74.1,7.3,250.0,1062.0
2016-08-31,Jharkhand,101.2,112.8,41.2,60.9,7.3,2027.0,2987.0
2015-10-31,Dadra and Nagar Haveli and Daman and Diu,102.8,109.4,51.7,59.5,6.3,816.0,107.0
2017-01-31,Kerala,110.9,118.2,66.9,63.6,7.6,3280.0,5994.0
2017-01-31,Jammu and Kashmir,109.9,116.8,42.2,64.3,4.2,1645.0,1060.0
2019-06-30,Puducherry,118.7,122.0,71.6,68.5,5.1,1630.0,375.0
2017-09-30,Lakshadweep,113.2,120.1,84.3,65.9,4.9,0.0,0.0
2022-11-30,Kerala,136.8,138.9,129.0,71.9,4.5,6916.0,6021.0
2016-02-29,West Bengal,106.0,114.1,41.1,62.0,4.0,5949.0,10842.0
2020-05-31,Odisha,123.5,132.5,30.6,71.9,-0.2,6758.0,3533.0
2024-02-29,Telangana,148.2,144.4,72.7,76.6,6.9,2210.0,3807.0
2021-08-31,Punjab,130.1,133.7,42.5,71.3,6.6,6426.0,2480.0
2019-06-30,Sikkim,120.6,126.3,53.2,68.5,6.6,0.0,0.0
2025-05-31,Karnataka,150.1,149.2,130.0,80.9,7.6,8764.0,5519.0
2017-01-31,West Bengal,108.5,116.4,33.9,62.6,7.8,11732.0,3691.0
2024-09-30,Punjab,145.6,147.7,77.2,79.5,6.7,10940.0,3291.0
2017-01-31,Chhattisgarh,111.4,118.6,51.1,64.6,4.3,5664.0,7688.0
2021-07-31,Gujarat,129.1,135.2,27.7,70.6,6.7,9003.0,5133.0
2020-08-31,Sikkim,125.5,128.4,17.8,71.2,-1.5,0.0,0.0
2015-12-31,Andaman and Nicobar Islands,100.1,111.7,98.5,61.0,4.3,721.0,838.0
2017-08-31,Kerala,111.8,116.8,105.2,64.0,5.0,3789.0,3164.0
2025-08-31,Andaman and Nicobar Islands,149.4,150.5,113.0,79.5,5.0,65.0,51.0
2022-12-31,Ladakh,135.5,142.0,88.7,72.8,7.1,291.0,94.0
2022-08-31,Jammu and Kashmir,135.9,139.7,116.7,73.6,5.4,2232.0,3165.0
2017-07-31,Sikkim,109.4,118.7,35.2,65.0,6.0,0.0,0.0
2021-06-30,Nagaland,128.3,136.7,98.0,70.3,7.1,1823.0,1687.0
2016-08-31,Sikkim,103.7,112.9,62.3,61.2,7.7,0.0,0.0
2019-12-31,Odisha,120.8,127.0,95.0,68.3,6.2,2723.0,8126.0
2022-09-30,Puducherry,134.5,136.3,51.3,74.7,6.2,273.0,356.0
2018-07-31,Himachal Pradesh,114.5,121.3,103.3,66.7,4.4,2214.0,1487.0
2019-12-31,Jharkhand,121.2,129.2,76.8,67.2,6.0,2157.0,2547.0
2017-07-31,Odisha,112.0,118.5,20.7,63.9,6.7,1164.0,777.0
2015-05-31,Himachal Pradesh,102.4,112.8,71.9,59.5,4.8,1061.0,2937.0
2015-10-31,West Bengal,98.8,109.8,51.0,60.3,4.4,3650.0,6039.0
2022-05-31,Chandigarh,136.8,140.4,30.9,74.6,7.5,762.0,693.0
2025-06-30,Tripura,154.2,150.1,77.7,79.8,4.5,682.0,1867.0
2015-11-30,Nagaland,100.3,110.3,51.1,60.1,7.7,1013.0,1148.0
2019-08-31,Uttar Pradesh,119.9,126.0,40.4,68.0,5.1,3089.0,12259.0
2021-11-30,Odisha,129.4,134.7,54.9,70.4,5.3,7997.0,7118.0
2023-03-31,Uttarakhand,137.9,141.5,45.6,77.3,6.1,1429.0,4516.0
2021-01-31,Ladakh,131.7,131.2,50.0,73.0,4.8,69.0,504.0
2024-07-31,Bihar,144.9,145.9,37.8,76.2,6.8,2016.0,3969.0
2015-07-31,Uttar Pradesh,99.7,110.3,28.4,62.1,6.1,8689.0,4945.0
2021-08-31,Assam,131.4,137.3,111.0,72.4,7.8,1578.0,5244.0
2023-01-31,Ladakh,141.6,137.5,132.3,76.5,7.6,447.0,262.0
2015-04-30,Gujarat,98.8,113.2,102.8,59.5,7.1,4208.0,9988.0
2015-04-30,Jharkhand,98.8,112.1,43.0,60.1,4.7,6335.0,5658.0
2023-07-31,Bihar,138.8,143.4,111.1,76.5,4.9,5052.0,537.0
2018-04-30,Gujarat,119.2,122.3,79.0,67.8,5.1,12941.0,12791.0
2016-05-31,Sikkim,108.0,112.0,25.1,60.9,7.3,0.0,0.0
2023-05-31,Chandigarh,141.4,145.9,132.0,77.1,6.6,411.0,242.0
2023-07-31,Sikkim,139.2,144.5,143.8,75.6,4.7,0.0,0.0
2025-04-30,Andaman and Nicobar Islands,149.5,150.5,109.0,81.4,5.8,248.0,28.0
2019-04-30,Karnataka,120.7,126.6,43.2,66.5,7.9,6797.0,3001.0
2019-04-30,Meghalaya,124.4,125.8,75.4,67.9,6.9,2072.0,1472.0
2025-04-30,Goa,150.6,151.2,37.1,77.9,7.7,1602.0,1764.0
2020-03-31,Madhya Pradesh,126.0,129.9,29.9,69.3,0.5,5509.0,8006.0
2024-08-31,Delhi,139.9,146.6,110.1,77.5,6.9,1660.0,274.0
2020-02-29,Haryana,125.5,130.9,30.1,70.4,-0.6,9313.0,12629.0
2015-07-31,Karnataka,97.2,114.9,34.7,58.4,6.8,3080.0,6218.0
2022-08-31,Delhi,134.0,136.2,24.9,75.7,6.3,1.0,2331.0
2016-02-29,Delhi,105.1,114.3,77.3,63.8,6.9,942.0,3189.0
2022-02-28,Uttarakhand,134.4,140.5,140.2,74.2,4.9,1271.0,5257.0
2020-02-29,Nagaland,123.7,131.7,41.0,68.7,1.2,1301.0,428.0
2021-07-31,Lakshadweep,128.7,135.4,41.3,70.6,7.8,0.0,0.0
2019-10-31,Telangana,119.6,132.0,66.3,68.1,7.2,7090.0,6522.0
2024-12-31,Sikkim,144.5,148.2,96.3,77.2,7.7,0.0,0.0
2020-05-31,Assam,125.0,128.8,60.1,71.3,0.2,3946.0,7366.0
2016-01-31,Assam,104.9,112.5,65.3,61.7,6.3,310.0,6108.0
2021-10-31,Maharashtra,132.6,133.9,37.3,72.5,4.8,5386.0,8495.0
2019-04-30,Lakshadweep,115.9,125.1,38.8,67.9,7.0,0.0,0.0
2024-09-30,Himachal Pradesh,145.5,146.2,132.0,77.5,4.0,1187.0,3805.0
2017-02-28,Meghalaya,110.1,118.7,43.6,63.2,4.4,2254.0,693.0
2017-10-31,Tripura,109.7,118.5,92.8,62.9,5.1,1925.0,1326.0
2019-04-30,Chhattisgarh,118.6,121.1,46.9,67.6,4.1,3350.0,3877.0
2024-04-30,Madhya Pradesh,144.7,144.5,110.5,78.1,6.7,3748.0,6640.0
2021-10-31,Dadra and Nagar Haveli and Daman and Diu,126.7,135.4,27.8,72.2,7.3,214.0,423.0
2018-06-30,Rajasthan,115.4,125.3,40.7,66.0,7.0,5288.0,1005.0
2016-09-30,Himachal Pradesh,105.8,113.2,60.9,61.8,4.6,1167.0,854.0
2018-06-30,Rajasthan,113.6,121.2,71.5,64.1,7.2,4003.0,2884.0
2024-05-31,Himachal Pradesh,148.9,145.8,66.4,79.2,7.3,1782.0,1968.0
2023-09-30,Jharkhand,139.8,145.4,92.8,74.5,4.4,2254.0,2008.0
2016-05-31,Kerala,105.1,114.1,52.5,62.5,6.0,6216.0,6096.0
2024-12-31,Karnataka,147.7,141.5,105.4,79.2,6.8,293.0,7806.0
2025-09-30,Punjab,154.3,153.6,85.3,81.2,5.6,2664.0,5038.0
2019-12-31,Delhi,117.8,127.4,90.5,68.8,7.6,667.0,357.0
2018-12-31,Gujarat,113.8,119.4,63.1,66.1,6.1,7007.0,11408.0
2017-05-31,Andhra Pradesh,109.8,117.0,107.7,63.1,4.5,4910.0,8953.0
2023-01-31,Maharashtra,138.5,140.4,69.9,74.6,6.1,6479.0,2592.0
2015-10-31,Rajasthan,101.7,109.6,50.8,60.0,6.3,5330.0,2602.0
2019-10-31,Haryana,118.3,129.0,75.7,67.3,7.8,97.0,5286.0
2016-09-30,Mizoram,107.5,110.3,70.9,61.5,5.7,0.0,0.0
2017-04-30,Manipur,111.2,117.3,71.8,64.7,7.6,1295.0,2163.0
2017-10-31,Arunachal Pradesh,112.3,118.2,99.6,63.8,5.3,1268.0,46.0
2015-08-31,Madhya Pradesh,98.3,109.9,78.9,59.2,5.8,3427.0,4220.0
2021-07-31,Andaman and Nicobar Islands,129.2,132.4,108.5,75.0,6.7,424.0,276.0
2022-03-31,West Bengal,136.8,140.4,98.3,73.7,7.5,6114.0,5190.0
2022-04-30,Haryana,136.4,137.7,26.6,74.8,7.1,10045.0,7705.0
2020-09-30,Jammu and Kashmir,124.4,129.4,64.2,70.7,-1.6,417.0,269.0
2022-03-31,Telangana,134.7,138.7,124.8,73.6,4.8,1763.0,709.0
2023-05-31,Gujarat,139.1,141.4,29.9,75.3,4.3,3347.0,923.0
2015-08-31,West Bengal,99.7,108.9,32.5,58.4,6.5,5489.0,4044.0
2021-05-31,Sikkim,128.1,132.1,75.6,72.2,5.8,0.0,0.0
2022-03-31,Uttar Pradesh,132.7,142.4,29.1,74.0,7.5,2632.0,12001.0
2018-07-31,Mizoram,117.0,123.6,61.1,64.8,8.0,0.0,0.0
2025-09-30,Goa,149.6,149.2,141.0,81.3,7.5,244.0,1755.0
2024-01-31,Karnataka,147.3,148.5,44.7,78.6,4.2,9733.0,4275.0
2016-05-31,Arunachal Pradesh,106.2,115.0,40.6,62.0,7.8,252.0,2099.0
2016-09-30,Lakshadweep,105.6,114.1,87.6,61.6,4.4,0.0,0.0
2019-10-31,Uttar Pradesh,118.6,123.9,24.4,67.8,5.8,6168.0,557.0
2024-02-29,Dadra and Nagar Haveli and Daman and Diu,142.6,144.3,122.5,76.8,5.2,65.0,374.0
2017-04-30,Lakshadweep,109.1,119.9,39.9,63.4,4.6,0.0,0.0
2019-03-31,Jammu and Kashmir,123.1,127.5,73.2,68.7,4.7,4327.0,518.0
2015-05-31,Arunachal Pradesh,101.8,107.3,44.9,59.8,5.4,1021.0,1048.0
2015-05-31,Assam,98.9,109.2,85.9,62.1,4.1,4055.0,7405.0
2022-10-31,Delhi,134.1,139.4,94.5,73.4,4.3,2012.0,1259.0
2022-12-31,Gujarat,133.1,140.2,137.6,73.9,6.9,9342.0,710.0
2015-08-31,Rajasthan,96.9,111.0,64.6,60.5,6.5,3080.0,549.0
2020-04-30,Tripura,125.2,129.1,64.5,70.6,1.0,3051.0,1771.0
2018-02-28,Meghalaya,118.5,122.5,77.6,65.7,5.7,62.0,1935.0
2024-03-31,Tamil Nadu,148.5,145.6,133.7,77.3,6.4,9739.0,1781.0
2024-04-30,Mizoram,146.2,146.8,59.0,77.7,4.4,0.0,0.0
2021-09-30,Delhi,128.8,137.0,75.0,72.4,7.9,995.0,1207.0
2023-08-31,Nagaland,137.1,140.4,70.8,75.7,7.4,27.0,1221.0
2021-01-31,Tamil Nadu,132.1,134.6,26.6,74.4,4.9,3816.0,8492.0
2019-01-31,Himachal Pradesh,120.9,125.8,77.4,67.7,6.1,4704.0,3780.0
2017-12-31,Assam,109.4,117.5,99.4,64.2,6.0,5375.0,4632.0
2025-06-30,Jammu and Kashmir,149.0,149.7,90.7,80.0,5.3,4.0,3615.0
2020-08-31,Telangana,126.2,132.6,28.8,69.8,-0.8,6203.0,1448.0
2021-06-30,Goa,128.3,135.2,46.4,72.9,6.6,721.0,147.0
2023-09-30,Odisha,140.5,141.0,52.5,75.0,7.5,2733.0,7093.0
2025-02-28,Maharashtra,147.6,151.3,141.6,82.4,4.0,1483.0,8617.0
2024-11-30,Assam,149.5,144.9,71.9,77.3,6.4,1907.0,6204.0
2024-06-30,Goa,143.6,142.4,62.0,78.5,8.0,2029.0,3414.0
2015-10-31,Mizoram,101.3,105.4,61.8,60.2,7.2,0.0,0.0
2022-07-31,Ladakh,132.6,139.0,37.9,74.0,5.4,127.0,202.0
2015-02-28,Sikkim,99.7,109.4,39.6,61.3,4.6,0.0,0.0
2024-10-31,Bihar,146.8,148.0,85.1,79.9,5.7,554.0,2898.0
2016-01-31,Jharkhand,107.2,114.8,99.9,61.2,5.7,3514.0,2220.0
2022-11-30,Lakshadweep,136.5,138.5,129.2,73.2,6.3,0.0,0.0
2017-08-31,Bihar,109.7,117.1,106.6,64.5,4.3,286.0,2822.0
2017-08-31,Madhya Pradesh,108.7,119.0,114.5,64.0,5.5,3758.0,73.0
2025-04-30,Odisha,147.8,153.1,39.1,79.5,7.4,6458.0,3743.0
2015-11-30,Uttar Pradesh,103.0,106.0,24.1,59.7,6.6,13407.0,10568.0
2015-10-31,Chandigarh,100.2,109.7,30.6,59.5,5.7,241.0,803.0
2016-03-31,Dadra and Nagar Haveli and Daman and Diu,105.6,116.7,80.1,60.9,5.2,334.0,130.0
2016-05-31,Kerala,107.3,111.7,75.6,62.3,5.1,236.0,6895.0
2019-11-30,Odisha,121.2,126.3,87.1,68.1,7.0,2585.0,7973.0
2021-06-30,Tamil Nadu,129.7,132.6,57.1,71.5,5.7,6800.0,1807.0
2025-04-30,Jharkhand,151.5,149.5,71.0,78.1,5.0,2366.0,3606.0
2024-06-30,Manipur,143.8,142.5,89.5,77.7,7.3,2165.0,1774.0
2016-10-31,Mizoram,101.9,116.0,27.9,64.0,5.1,0.0,0.0
2017-08-31,Madhya Pradesh,112.8,118.3,100.0,63.7,4.3,1432.0,2314.0
2024-05-31,Telangana,143.9,143.1,134.7,77.7,6.2,2827.0,8896.0
2024-12-31,Meghalaya,144.4,146.8,70.5,77.5,5.1,2364.0,1595.0
2025-02-28,Chandigarh,149.6,150.4,112.7,80.6,4.0,204.0,696.0
2017-08-31,Manipur,108.8,116.6,74.9,65.1,6.0,879.0,92.0
2024-11-30,Bihar,147.2,149.9,52.3,77.3,7.6,6203.0,2301.0
2018-03-31,Jharkhand,115.7,123.0,26.8,64.5,6.6,1686.0,4779.0
2015-12-31,Lakshadweep,99.4,112.6,44.6,59.7,4.1,0.0,0.0
2016-06-30,Rajasthan,102.4,113.7,80.5,61.5,5.5,5443.0,6200.0
2025-06-30,Andaman and Nicobar Islands,150.6,146.7,28.8,79.8,5.0,211.0,917.0
2018-10-31,Chandigarh,110.1,117.4,103.6,67.2,6.7,234.0,180.0
2023-08-31,Gujarat,140.5,140.0,140.4,75.0,5.8,3579.0,2264.0
2022-02-28,Andaman and Nicobar Islands,137.7,140.7,34.0,74.4,4.7,672.0,555.0
2022-05-31,Jharkhand,135.1,137.0,53.6,74.4,5.8,4421.0,4780.0
2016-10-31,Sikkim,107.4,116.1,87.6,62.5,7.7,0.0,0.0
2022-08-31,Mizoram,132.5,135.7,120.7,74.7,5.6,0.0,0.0
2017-05-31,Nagaland,114.1,116.7,54.6,62.1,7.5,1449.0,1460.0
2016-01-31,Chhattisgarh,107.2,113.0,71.5,62.6,5.9,5676.0,1684.0
2015-02-28,Mizoram,101.0,110.5,109.2,60.0,7.0,0.0,0.0
2017-05-31,Puducherry,108.8,115.3,58.4,63.3,7.1,94.0,1852.0
2017-03-31,Bihar,108.5,116.4,28.2,65.7,7.0,8961.0,10616.0
2019-02-28,Haryana,119.9,125.5,119.5,68.9,6.6,1146.0,15125.0
2022-11-30,Uttar Pradesh,137.4,135.3,45.6,73.2,7.8,10215.0,1522.0
2022-04-30,Tripura,132.4,134.5,29.9,73.5,7.7,368.0,3168.0
2018-08-31,Ladakh,115.0,122.1,61.1,67.1,5.2,193.0,413.0
2016-10-31,Karnataka,106.5,111.3,32.1,62.0,6.8,5775.0,6256.0
2023-01-31,Assam,141.9,144.4,141.4,74.7,6.7,4117.0,3845.0
2015-03-31,West Bengal,101.5,112.5,58.1,61.8,4.8,10584.0,5923.0
2024-10-31,Tripura,142.2,144.8,123.1,77.8,5.1,1236.0,970.0
2016-07-31,Sikkim,107.3,115.2,37.7,62.0,5.2,0.0,0.0
2016-11-30,Madhya Pradesh,105.1,114.1,33.9,62.5,5.3,1589.0,2172.0
2017-06-30,Bihar,107.8,120.1,84.9,63.2,7.4,5928.0,3261.0
2018-03-31,West Bengal,115.0,121.1,110.9,67.3,7.0,4665.0,51.0
2023-12-31,Odisha,136.1,143.0,37.7,75.1,7.2,7209.0,4450.0
2024-03-31,Assam,146.2,146.6,94.7,78.2,7.7,1884.0,6837.0
2017-01-31,Uttarakhand,109.7,118.5,28.5,63.5,6.1,3608.0,2070.0
2025-08-31,Karnataka,147.5,148.8,121.5,81.1,7.3,5258.0,6063.0
2024-03-31,Goa,144.4,148.4,133.1,78.6,6.8,298.0,2005.0
2023-10-31,Dadra and Nagar Haveli and Daman and Diu,138.6,141.2,99.5,75.8,5.9,434.0,598.0
2020-12-31,Andaman and Nicobar Islands,123.7,129.2,53.3,68.4,-0.4,382.0,171.0
2025-09-30,Haryana,145.5,148.6,30.7,80.4,5.7,1004.0,9065.0
2023-12-31,Karnataka,136.7,140.7,32.8,76.1,4.8,5271.0,2522.0
2015-05-31,Himachal Pradesh,99.5,109.5,38.0,58.5,5.1,4427.0,4466.0
2015-03-31,Dadra and Nagar Haveli and Daman and Diu,99.2,110.9,47.4,60.2,5.1,782.0,144.0
2023-08-31,Andhra Pradesh,141.9,143.6,115.2,76.7,7.0,3011.0,8756.0
2020-04-30,Gujarat,123.7,130.3,38.1,70.1,1.1,1711.0,9863.0
2023-10-31,Jharkhand,138.9,144.8,33.4,75.5,7.2,1270.0,170.0
2023-02-28,Himachal Pradesh,139.0,142.2,126.3,77.4,7.5,4042.0,1554.0
2015-10-31,Madhya Pradesh,99.6,106.4,119.4,61.8,6.4,4914.0,2427.0
2025-08-31,Uttarakhand,150.2,147.7,78.6,78.9,5.6,907.0,3762.0
2018-10-31,Nagaland,114.2,123.4,71.2,67.0,7.4,587.0,1512.0
2020-06-30,Meghalaya,126.1,129.3,16.7,70.4,-1.6,2884.0,1219.0
2024-04-30,Bihar,149.6,145.2,70.0,77.4,7.4,8427.0,4652.0
2016-01-31,Chandigarh,103.3,112.1,57.2,61.8,5.1,722.0,849.0
2022-02-28,Punjab,135.8,137.2,139.9,73.8,6.3,11236.0,5096.0
2022-06-30,Kerala,135.1,137.2,103.3,75.1,4.8,2465.0,6894.0
2019-10-31,West Bengal,122.1,127.0,98.2,67.6,6.8,5130.0,8200.0
2019-06-30,Andhra Pradesh,120.4,125.5,32.8,66.2,6.3,5026.0,3159.0
2015-12-31,Himachal Pradesh,98.5,112.6,61.7,59.8,6.2,3041.0,4450.0
2016-02-29,Delhi,102.7,112.7,39.2,62.9,6.6,1765.0,978.0
2025-01-31,Andhra Pradesh,151.2,150.4,127.2,81.2,5.5,2924.0,5929.0
2025-01-31,Himachal Pradesh,147.8,146.7,42.3,79.6,4.8,4699.0,1571.0
2016-08-31,Sikkim,107.4,115.3,63.9,62.5,7.2,0.0,0.0
2021-03-31,Himachal Pradesh,131.1,131.2,25.4,73.2,5.5,4458.0,2755.0
2020-10-31,Chhattisgarh,125.2,131.1,50.1,70.7,1.9,1381.0,4369.0
2019-08-31,Arunachal Pradesh,117.4,122.3,68.2,70.1,5.9,1204.0,55.0
2023-05-31,Maharashtra,141.4,139.9,83.8,77.4,6.0,6316.0,8480.0
2024-03-31,Kerala,148.2,147.7,36.2,77.6,6.7,2457.0,540.0
2025-05-31,Andaman and Nicobar Islands,149.1,153.1,85.7,79.9,6.7,312.0,954.0
2016-08-31,Meghalaya,103.5,108.6,76.4,63.7,4.7,842.0,1951.0
2016-12-31,Himachal Pradesh,104.8,111.8,116.3,60.8,5.1,3511.0,4793.0
2018-01-31,Lakshadweep,115.9,125.7,23.3,65.9,4.9,0.0,0.0
2019-06-30,Telangana,118.9,126.3,112.3,69.9,4.2,210.0,2676.0
2023-07-31,Punjab,141.8,139.9,81.5,78.0,4.1,11782.0,5032.0
2018-02-28,Punjab,118.8,125.0,41.0,66.3,6.6,928.0,16342.0
2015-04-30,Chhattisgarh,100.7,111.2,86.6,58.3,6.0,3712.0,425.0
2019-09-30,Punjab,119.4,126.2,71.7,67.6,7.6,3406.0,10269.0
2016-08-31,Meghalaya,105.9,110.2,42.7,62.7,5.2,1959.0,2474.0
2016-05-31,Odisha,107.4,118.2,82.7,61.2,7.2,4356.0,2995.0
2024-11-30,Kerala,145.3,146.5,80.8,80.3,4.4,959.0,2146.0
2020-11-30,Mizoram,126.0,129.4,53.3,69.8,0.8,0.0,0.0
2015-04-30,Puducherry,101.4,112.9,88.9,61.3,7.7,1798.0,1886.0
2016-02-29,Uttarakhand,103.2,112.2,67.3,61.9,6.5,4412.0,2876.0
2015-03-31,Uttar Pradesh,100.9,107.8,59.1,60.3,6.9,7064.0,1803.0
2021-08-31,Puducherry,127.3,132.1,26.3,72.0,8.0,957.0,749.0
2019-07-31,Rajasthan,118.7,125.2,69.4,67.4,5.5,1533.0,5056.0
2024-12-31,Assam,147.3,146.1,53.2,77.6,4.1,5689.0,4545.0
2016-12-31,Ladakh,106.7,115.3,25.3,62.7,6.7,100.0,285.0
2021-10-31,Andaman and Nicobar Islands,129.5,131.5,53.0,71.8,4.1,169.0,605.0
2019-12-31,Odisha,123.4,126.6,28.7,67.6,6.3,1552.0,6656.0
2019-01-31,Rajasthan,117.4,124.8,78.0,68.6,6.4,4164.0,7520.0
2020-03-31,Kerala,124.6,129.8,42.2,71.5,-1.2,4482.0,2301.0
2024-02-29,Tamil Nadu,145.6,148.4,119.1,79.7,4.7,10836.0,7490.0
2024-01-31,West Bengal,139.4,147.0,56.1,77.0,4.3,6496.0,1274.0
2021-04-30,Kerala,129.7,135.2,57.2,71.2,7.6,3573.0,44.0
2017-06-30,Arunachal Pradesh,107.8,116.8,88.9,65.3,6.2,431.0,1050.0
2019-10-31,Chandigarh,117.8,129.9,119.3,67.5,5.3,391.0,469.0
2024-09-30,Kerala,144.5,147.3,132.5,77.8,7.1,5556.0,1665.0
2023-04-30,Nagaland,136.3,141.2,86.5,74.7,7.7,1589.0,1293.0
2016-07-31,Telangana,103.4,116.3,87.8,62.7,5.6,6646.0,2165.0
2022-10-31,Kerala,131.4,139.1,87.8,74.0,4.4,6550.0,4391.0
2024-05-31,Nagaland,145.2,143.5,76.2,79.1,6.8,89.0,10.0
2020-03-31,Goa,125.2,130.4,48.1,70.8,-1.8,4166.0,1256.0
2024-08-31,Haryana,144.3,144.1,70.4,79.1,7.9,2744.0,6364.0
2024-05-31,Manipur,147.0,141.9,57.6,79.1,7.3,559.0,953.0
2018-11-30,Gujarat,114.4,121.1,90.6,65.6,5.1,5574.0,10604.0
2019-09-30,Andaman and Nicobar Islands,120.0,128.3,107.2,68.0,5.4,123.0,34.0
2024-10-31,Tripura,143.2,148.9,58.6,78.2,4.5,1756.0,1528.0
2018-09-30,Madhya Pradesh,110.4,121.0,90.7,66.1,6.9,2005.0,1788.0
2015-04-30,Lakshadweep,99.7,109.4,63.4,60.7,4.7,0.0,0.0
2018-11-30,Kerala,114.4,124.8,50.2,65.5,5.7,4270.0,3063.0
2018-11-30,Tripura,118.4,123.3,82.1,66.3,6.1,1424.0,2398.0
2021-06-30,Odisha,131.3,135.0,113.9,71.4,5.5,4029.0,7429.0
2025-04-30,Meghalaya,149.2,150.3,66.2,80.3,4.6,2119.0,1279.0
2021-03-31,Kerala,130.3,135.4,95.9,72.4,5.2,239.0,6407.0
2023-07-31,Jammu and Kashmir,141.8,141.9,61.8,74.8,6.5,2508.0,3575.0
2022-06-30,Ladakh,136.0,141.1,120.5,74.4,6.9,356.0,410.0
2020-09-30,Telangana,128.3,129.8,57.6,71.4,0.2,1205.0,5493.0
2020-01-31,Delhi,123.4,129.7,57.9,71.1,-0.5,1162.0,3234.0
2019-02-28,Ladakh,122.0,121.9,119.8,66.8,6.5,265.0,273.0
2015-03-31,Bihar,99.2,112.1,34.1,58.7,4.9,5970.0,3693.0
2023-11-30,Jammu and Kashmir,140.4,140.1,70.7,76.5,6.0,1367.0,1412.0
2024-05-31,Haryana,143.9,141.3,99.7,78.2,7.3,7900.0,2176.0
2022-10-31,Haryana,134.7,137.6,94.9,73.8,5.3,6917.0,6239.0
2024-10-31,Gujarat,145.4,145.3,117.7,75.5,6.9,9745.0,8676.0
2021-09-30,Tripura,131.2,134.9,24.7,71.0,7.1,1110.0,1675.0
2024-01-31,Jammu and Kashmir,145.1,147.3,108.6,79.3,7.7,2885.0,1033.0
2019-03-31,Manipur,115.0,124.3,93.8,68.4,5.6,1199.0,120.0
2017-11-30,Nagaland,109.8,123.4,26.1,66.0,5.0,172.0,557.0
2018-10-31,Karnataka,117.9,121.6,73.9,66.9,6.0,7077.0,6509.0
2020-09-30,Chandigarh,124.8,126.6,26.7,70.3,-1.9,771.0,293.0
2022-09-30,Andaman and Nicobar Islands,138.0,141.2,120.2,72.4,7.6,274.0,82.0
2020-04-30,Tamil Nadu,124.8,131.5,15.0,70.3,0.4,10165.0,2135.0
2019-01-31,Puducherry,116.9,126.8,34.6,67.9,4.8,2097.0,695.0
2021-02-28,Odisha,129.1,133.1,30.4,70.9,5.9,6834.0,4756.0
2015-05-31,Meghalaya,98.9,110.1,26.5,61.3,4.7,740.0,1505.0
2023-04-30,Goa,139.5,137.7,96.0,76.1,7.0,1530.0,2935.0
2020-10-31,Manipur,122.6,129.5,64.1,70.4,-0.8,1367.0,205.0
2022-06-30,Himachal Pradesh,135.0,142.9,85.3,73.2,4.9,361.0,4826.0
2015-04-30,Andaman and Nicobar Islands,99.3,108.1,41.1,60.4,4.1,354.0,106.0
2025-06-30,Arunachal Pradesh,152.6,150.4,65.3,79.8,4.9,364.0,309.0
2018-03-31,Delhi,112.6,118.6,56.0,68.3,4.2,756.0,169.0
2025-09-30,Tamil Nadu,150.5,149.0,78.2,79.4,6.7,1740.0,8284.0
2016-12-31,Madhya Pradesh,105.8,111.5,62.1,61.3,6.3,4576.0,2602.0
2019-09-30,Punjab,121.5,126.9,87.1,68.3,4.9,9474.0,10750.0
2023-04-30,Gujarat,139.3,142.4,64.8,75.8,4.8,996.0,4847.0
2020-10-31,Mizoram,125.4,127.4,51.8,70.2,-0.7,0.0,0.0
2018-05-31,Rajasthan,115.7,122.2,74.7,67.6,7.2,5254.0,4309.0
2019-12-31,West Bengal,116.7,126.2,24.9,67.0,4.6,904.0,9359.0
2023-12-31,Chandigarh,139.3,142.3,134.4,76.1,4.5,238.0,103.0
2019-09-30,Tamil Nadu,119.9,127.7,37.8,67.4,6.0,2988.0,6559.0
2017-07-31,Rajasthan,110.2,121.1,65.2,63.3,7.5,5544.0,4098.0
2021-12-31,Andhra Pradesh,130.1,132.8,114.8,71.9,4.9,4297.0,8738.0
2017-12-31,Mizoram,110.9,117.4,44.7,64.0,4.4,0.0,0.0
2023-12-31,Lakshadweep,143.9,141.7,26.7,77.8,6.0,0.0,0.0
2023-10-31,Telangana,138.8,139.4,82.8,75.5,6.9,3247.0,2534.0
2022-02-28,Gujarat,135.8,136.0,50.9,73.8,6.5,10872.0,8283.0
2016-02-29,Jammu and Kashmir,107.6,115.1,78.2,60.1,5.7,451.0,2509.0
2024-12-31,Ladakh,141.4,149.8,122.1,78.5,4.2,143.0,204.0
2021-08-31,Maharashtra,130.5,131.9,71.1,72.1,5.2,875.0,377.0
2023-10-31,Kerala,136.6,146.6,101.4,76.6,7.7,6385.0,4906.0
2020-10-31,Tamil Nadu,129.4,128.9,52.0,70.2,-1.4,5941.0,6151.0
2018-08-31,Maharashtra,116.0,124.4,102.1,64.2,6.5,6854.0,4077.0
2021-01-31,Tripura,130.8,134.9,88.8,73.7,7.6,1643.0,3053.0
2018-09-30,Sikkim,111.3,122.4,117.6,66.3,6.0,0.0,0.0
2023-11-30,Andaman and Nicobar Islands,139.0,141.1,78.7,76.4,5.8,49.0,234.0
2021-12-31,Haryana,129.0,134.0,25.0,73.8,4.6,1836.0,9113.0
2021-10-31,Karnataka,133.5,132.6,59.4,71.5,7.9,2151.0,3022.0
2023-11-30,Chandigarh,141.5,143.9,124.8,74.6,4.7,86.0,392.0
2016-09-30,Sikkim,101.7,116.2,33.3,60.9,5.9,0.0,0.0
2015-07-31,Manipur,100.9,108.7,93.6,60.0,4.7,2028.0,1539.0
2020-10-31,Rajasthan,122.0,126.7,44.1,69.9,-1.4,1839.0,5448.0
2025-07-31,Tripura,146.7,149.3,132.1,81.6,7.5,1399.0,2085.0
2024-12-31,Madhya Pradesh,145.9,150.0,111.7,78.4,6.6,980.0,1813.0
2025-08-31,Gujarat,151.5,150.5,103.3,78.5,4.0,4495.0,7635.0
2019-09-30,Nagaland,120.9,128.3,108.7,67.3,7.9,1305.0,1565.0
2019-10-31,Kerala,123.8,124.1,110.8,67.4,7.1,6289.0,2797.0
2016-09-30,Uttar Pradesh,105.7,113.0,58.5,61.7,8.0,6383.0,306.0
2021-10-31,Chhattisgarh,130.3,133.4,112.8,71.3,7.1,2832.0,214.0
2020-09-30,Haryana,122.6,127.7,15.3,68.8,-1.4,148.0,6229.0
2022-03-31,Ladakh,136.7,138.3,115.5,74.1,6.8,539.0,579.0
2019-01-31,Chhattisgarh,116.7,124.4,53.7,67.5,5.7,5651.0,5755.0
2024-07-31,Sikkim,149.0,147.9,82.5,76.7,5.3,0.0,0.0
2022-05-31,Tamil Nadu,136.7,138.2,124.3,75.6,6.1,7068.0,845.0
2022-01-31,Haryana,140.6,141.0,100.4,73.9,4.7,703.0,2239.0
2025-08-31,Odisha,150.8,146.6,78.9,82.0,6.9,5914.0,4176.0
2024-09-30,Puducherry,146.8,144.9,43.7,79.1,8.0,946.0,559.0
2025-07-31,Goa,149.4,149.2,136.7,79.5,6.4,3127.0,3469.0
2020-11-30,Mizoram,124.9,130.9,31.9,71.8,1.5,0.0,0.0
2022-02-28,Mizoram,132.9,137.2,36.1,75.1,4.7,0.0,0.0
2017-09-30,Manipur,107.1,121.4,76.4,63.4,7.3,1243.0,1362.0
2021-09-30,Dadra and Nagar Haveli and Daman and Diu,130.4,133.6,60.6,71.7,7.6,295.0,720.0
2020-01-31,Sikkim,124.9,128.2,47.4,70.3,0.1,0.0,0.0
2020-01-31,Tripura,122.8,129.7,26.0,69.8,-0.1,744.0,1931.0
2023-02-28,Odisha,138.2,141.3,69.4,77.0,7.7,5784.0,1386.0
2017-04-30,Gujarat,110.1,119.9,117.3,64.4,7.8,11694.0,1724.0
2018-07-31,Arunachal Pradesh,112.8,121.2,113.7,67.0,7.3,318.0,487.0
2022-02-28,Manipur,135.7,135.0,127.7,74.6,6.2,2863.0,716.0
2016-05-31,Sikkim,102.9,114.4,97.9,61.3,7.3,0.0,0.0
2023-02-28,Gujarat,140.5,140.7,42.8,74.4,5.5,11681.0,9843.0
2023-02-28,Tamil Nadu,137.7,139.7,80.0,75.3,5.4,6936.0,8390.0
2020-05-31,Arunachal Pradesh,122.7,130.0,55.7,72.1,0.8,1204.0,785.0
2021-02-28,Delhi,125.3,133.7,46.2,73.0,4.8,2431.0,2419.0
2022-01-31,Nagaland,134.7,137.6,28.0,74.1,6.5,1391.0,1397.0
2015-05-31,Gujarat,102.9,110.5,61.8,61.4,6.6,3118.0,12239.0
2015-02-28,Telangana,102.8,108.8,62.5,60.0,7.4,10477.0,5867.0
2016-10-31,Karnataka,105.6,114.2,26.5,62.1,6.8,2035.0,2886.0
2024-04-30,Kerala,141.0,144.8,62.5,78.4,7.1,6942.0,2554.0
2019-09-30,Nagaland,121.7,127.6,111.7,67.6,6.8,974.0,165.0
2020-06-30,Andhra Pradesh,125.5,130.0,27.0,69.1,-0.7,11613.0,10093.0
2021-02-28,Andhra Pradesh,129.2,137.5,76.9,72.4,5.4,11567.0,10930.0
2023-02-28,Uttarakhand,142.4,141.0,82.5,76.0,7.9,2.0,400.0
2024-04-30,Himachal Pradesh,146.2,146.7,127.5,77.8,6.6,3455.0,4509.0
2025-05-31,Andhra Pradesh,153.9,152.3,102.4,80.5,6.3,9970.0,6986.0
2022-02-28,West Bengal,132.2,139.1,43.0,73.6,7.4,6722.0,1130.0
2021-04-30,Kerala,127.3,134.3,34.3,72.8,5.7,8716.0,2937.0
2022-04-30,Meghalaya,132.7,138.7,90.9,72.8,4.4,739.0,2100.0
2018-02-28,Gujarat,114.4,123.0,24.6,64.7,5.0,333.0,13531.0
2019-11-30,Jammu and Kashmir,123.2,126.6,59.4,66.7,7.2,1317.0,1064.0
2023-03-31,Tamil Nadu,138.8,142.0,71.9,76.0,6.9,2002.0,6709.0
2020-03-31,Jammu and Kashmir,123.8,131.5,23.8,68.7,1.3,1870.0,1471.0
2019-01-31,Meghalaya,120.8,125.8,50.1,69.7,4.3,437.0,1074.0
2017-08-31,Haryana,111.7,116.0,53.0,65.7,6.5,9493.0,9197.0
2016-09-30,Meghalaya,100.5,118.1,21.2,62.4,7.8,1375.0,1806.0
2016-08-31,Goa,107.1,115.8,100.6,62.9,4.7,2026.0,382.0
2025-07-31,Ladakh,148.7,148.2,138.9,79.1,6.2,417.0,225.0
2020-08-31,Dadra and Nagar Haveli and Daman and Diu,124.8,129.5,29.4,71.2,-1.2,612.0,724.0
2024-02-29,West Bengal,147.8,144.9,37.4,77.7,6.1,11348.0,12043.0
2024-08-31,Jammu and Kashmir,144.6,145.0,138.4,77.9,5.4,2141.0,2094.0
2024-12-31,Mizoram,141.9,147.7,112.9,77.8,7.2,0.0,0.0
2021-07-31,Chandigarh,127.1,133.3,109.1,71.3,7.1,543.0,226.0
2024-08-31,Himachal Pradesh,144.9,149.8,67.3,78.6,7.3,1484.0,687.0
2022-08-31,Tamil Nadu,134.3,134.5,82.1,73.5,7.8,6827.0,5739.0
2016-02-29,Andhra Pradesh,105.1,113.9,113.0,61.7,4.6,10191.0,6260.0
2025-05-31,Kerala,149.2,147.3,79.1,77.7,5.4,6475.0,4098.0
2019-10-31,Mizoram,122.5,126.7,87.2,68.4,7.9,0.0,0.0
2017-04-30,Delhi,110.0,118.9,90.5,63.9,6.4,128.0,2622.0
2017-02-28,Sikkim,106.5,119.8,103.7,63.1,6.7,0.0,0.0
2024-05-31,Jharkhand,146.6,143.5,141.0,77.8,7.5,5589.0,1818.0
2020-06-30,Uttar Pradesh,128.8,130.9,32.1,69.5,1.2,10979.0,8728.0
2018-08-31,Maharashtra,115.3,120.3,44.7,64.5,6.7,361.0,2597.0
2023-01-31,Tripura,140.5,142.2,33.3,77.6,4.4,2076.0,686.0
2018-06-30,Karnataka,113.4,121.1,105.7,67.4,6.0,6489.0,7775.0
2015-06-30,Odisha,99.5,107.5,49.3,60.7,6.7,3119.0,6223.0
2016-11-30,West Bengal,106.0,115.4,25.0,63.2,7.2,6364.0,9774.0
2022-05-31,Uttarakhand,137.3,137.5,127.8,73.5,5.7,3381.0,1514.0
2025-03-31,Karnataka,150.9,151.7,85.2,80.0,4.5,3263.0,8708.0
2019-03-31,Sikkim,123.6,127.9,103.8,67.5,5.5,0.0,0.0
2015-11-30,Tripura,100.2,112.6,75.4,60.3,5.7,24.0,1381.0
2015-12-31,Chandigarh,97.8,109.0,51.4,61.0,7.0,786.0,511.0
2021-02-28,Odisha,127.8,132.1,33.0,71.9,4.1,3015.0,8848.0
2015-08-31,Gujarat,102.5,112.4,63.7,58.7,5.5,4809.0,6843.0
2018-05-31,Goa,117.0,122.2,22.7,66.4,5.8,4340.0,3580.0
2022-01-31,Himachal Pradesh,131.7,140.7,96.3,73.4,6.2,4678.0,664.0
2020-12-31,Nagaland,124.6,127.6,37.7,70.9,-1.8,1081.0,1994.0
2019-07-31,Dadra and Nagar Haveli and Daman and Diu,119.7,127.4,34.2,69.9,7.0,291.0,38.0
2018-11-30,Goa,113.5,122.1,73.0,67.1,4.9,123.0,3523.0
2023-08-31,Sikkim,137.2,141.9,120.1,75.8,6.5,0.0,0.0
2018-06-30,Himachal Pradesh,113.5,121.4,117.5,66.1,5.4,2570.0,3051.0
2019-12-31,Dadra and Nagar Haveli and Daman and Diu,118.1,123.8,72.7,67.9,7.2,881.0,443.0
2015-12-31,Sikkim,97.2,111.3,33.0,59.1,4.7,0.0,0.0
2015-07-31,Rajasthan,101.7,109.2,101.1,59.5,4.6,3456.0,4924.0
2021-08-31,Jammu and Kashmir,130.6,134.4,89.6,71.8,4.4,1464.0,918.0
2024-01-31,Andaman and Nicobar Islands,144.1,149.9,138.5,77.8,6.2,890.0,888.0
2015-03-31,Rajasthan,95.9,108.9,73.5,58.8,4.5,2371.0,5081.0
2017-03-31,Jammu and Kashmir,109.4,117.4,55.7,64.0,4.2,1183.0,4302.0
2024-06-30,Tamil Nadu,146.0,145.7,139.5,77.9,5.3,826.0,4205.0
2023-11-30,Tamil Nadu,138.5,141.2,88.6,73.7,7.2,6436.0,8516.0
2018-04-30,Nagaland,112.7,121.3,21.6,65.9,4.6,1866.0,1605.0
2025-09-30,Tamil Nadu,149.8,151.4,80.8,77.7,5.4,8149.0,214.0
2015-08-31,Andhra Pradesh,100.7,112.6,20.2,59.0,5.7,9718.0,3431.0
2023-05-31,Punjab,136.0,142.3,112.5,74.8,7.5,12346.0,4607.0
2025-04-30,Meghalaya,152.7,151.5,91.9,79.8,5.9,1460.0,3083.0
2023-11-30,Himachal Pradesh,137.5,141.7,37.2,75.3,6.0,2017.0,3982.0
2023-05-31,Tripura,139.2,141.6,121.6,75.7,5.0,1812.0,872.0
2015-04-30,Tripura,102.4,109.2,73.6,61.9,6.7,1712.0,312.0
2024-02-29,Gujarat,145.3,144.5,37.7,77.0,4.1,6731.0,11089.0
2016-07-31,Meghalaya,107.2,116.5,36.0,63.1,7.9,186.0,630.0
2017-08-31,Jammu and Kashmir,113.1,117.0,102.2,64.6,6.0,1397.0,2506.0
2015-12-31,Dadra and Nagar Haveli and Daman and Diu,97.1,111.2,55.5,60.4,4.2,751.0,887.0
2018-10-31,Andhra Pradesh,116.8,120.3,102.1,67.2,6.2,1444.0,1545.0
2024-11-30,Punjab,147.7,146.1,32.3,77.5,6.1,9031.0,2431.0
2016-04-30,Uttarakhand,104.2,114.0,44.4,61.9,5.0,2428.0,3164.0
2025-09-30,Andhra Pradesh,149.4,148.3,115.7,79.2,4.8,2466.0,6639.0
2020-03-31,Telangana,121.2,129.3,50.5,67.6,-1.4,9266.0,132.0
2024-01-31,Chhattisgarh,146.6,143.9,60.8,78.1,4.5,2227.0,5484.0
2024-11-30,Karnataka,139.9,146.0,136.3,79.7,6.1,2728.0,5177.0
2016-09-30,Jammu and Kashmir,106.9,110.5,41.1,60.6,7.5,2421.0,1100.0
2016-01-31,Andaman and Nicobar Islands,102.2,113.9,105.0,60.7,7.7,866.0,898.0
2015-04-30,Tamil Nadu,102.8,111.3,89.6,60.3,7.8,12790.0,5579.0
2023-06-30,Jharkhand,140.8,142.0,38.5,75.8,6.4,2855.0,4697.0
2019-11-30,Chandigarh,122.0,124.6,75.5,69.5,6.5,781.0,455.0
2025-08-31,Dadra and Nagar Haveli and Daman and Diu,148.4,148.7,135.6,79.5,5.2,18.0,379.0
2017-03-31,Telangana,107.3,120.4,81.9,65.5,7.5,2433.0,1044.0
2020-09-30,Maharashtra,121.5,130.3,43.7,70.4,1.6,3528.0,4076.0
2017-01-31,Karnataka,112.2,119.7,56.6,65.1,5.1,11878.0,5508.0
2023-01-31,Andhra Pradesh,141.3,143.9,118.7,75.2,7.9,12772.0,9668.0
2017-01-31,Uttar Pradesh,111.4,117.1,111.3,63.8,6.8,4176.0,11582.0
2025-06-30,Punjab,150.6,148.0,114.4,80.2,5.9,6040.0,8689.0
2015-09-30,Arunachal Pradesh,101.1,111.3,92.5,60.4,4.3,831.0,1491.0
2024-08-31,Delhi,144.4,144.3,47.1,77.3,4.6,322.0,1101.0
2019-12-31,Mizoram,120.7,124.8,103.4,67.5,4.8,0.0,0.0
2025-01-31,Goa,148.3,150.2,28.9,81.5,7.6,338.0,4130.0
2023-12-31,Kerala,139.3,141.5,114.9,76.9,7.9,2519.0,6250.0
2023-12-31,Manipur,146.1,137.4,49.3,74.8,5.1,2246.0,421.0
2021-04-30,Assam,130.1,131.5,68.7,72.3,6.0,1324.0,3547.0
2017-06-30,Sikkim,106.1,120.0,89.5,65.2,7.2,0.0,0.0
2016-09-30,Rajasthan,104.2,113.8,95.9,61.3,5.5,4301.0,3001.0
2017-10-31,Jammu and Kashmir,107.9,119.5,108.8,64.5,6.0,2916.0,1959.0
2018-05-31,Uttarakhand,115.3,120.4,48.3,66.6,7.6,3258.0,3628.0
2019-03-31,Goa,118.2,123.8,42.4,66.3,4.8,2894.0,2938.0
2021-10-31,Karnataka,129.6,135.4,119.6,71.2,8.0,4090.0,823.0
2019-10-31,Mizoram,118.5,128.6,40.8,67.5,5.8,0.0,0.0
2021-03-31,Ladakh,130.4,132.3,86.5,72.0,5.0,23.0,414.0
2016-11-30,Dadra and Nagar Haveli and Daman and Diu,103.7,116.0,115.3,61.5,7.6,883.0,392.0
2025-08-31,Madhya Pradesh,150.7,148.0,131.6,80.4,4.3,1405.0,152.0
2016-05-31,Andaman and Nicobar Islands,108.9,110.7,64.3,61.7,6.6,940.0,162.0
2020-09-30,Punjab,122.7,131.2,50.3,68.4,-1.6,518.0,5825.0
2023-12-31,Jammu and Kashmir,141.4,140.1,87.5,73.3,7.8,1527.0,3839.0
2022-10-31,Andhra Pradesh,130.1,135.6,65.6,73.5,6.6,4589.0,8289.0
2016-03-31,Madhya Pradesh,104.5,111.6,34.4,62.2,5.6,8947.0,1769.0
2022-07-31,Uttarakhand,135.5,137.3,120.4,74.0,5.7,1558.0,4155.0
2017-09-30,Assam,108.5,114.6,29.0,62.9,4.7,3558.0,2065.0
2025-05-31,Punjab,146.4,151.2,97.2,80.8,5.4,8588.0,12064.0
2016-04-30,West Bengal,104.9,115.0,79.4,61.6,7.6,7980.0,12048.0
2020-06-30,Goa,128.1,131.0,32.1,70.9,-1.0,3852.0,2846.0
2018-11-30,Himachal Pradesh,114.7,124.4,33.5,66.9,6.6,2987.0,61.0
2025-04-30,Delhi,151.1,151.9,120.0,80.8,7.9,2758.0,1758.0
2015-01-31,Bihar,102.3,108.2,66.2,60.6,6.3,9621.0,10264.0
2022-03-31,Madhya Pradesh,139.9,139.3,111.0,72.8,4.7,3542.0,8692.0
2025-08-31,Andhra Pradesh,147.9,152.2,26.0,79.8,6.9,6544.0,4247.0
2020-07-31,Tripura,123.1,131.6,16.5,71.5,-1.8,137.0,2004.0
2015-04-30,Andhra Pradesh,99.4,111.8,37.6,59.8,5.7,12575.0,8198.0
2018-11-30,Lakshadweep,116.2,121.7,31.4,64.5,4.6,0.0,0.0
2018-02-28,Odisha,110.4,120.7,39.2,66.7,6.7,7476.0,2093.0
2016-09-30,Mizoram,106.3,113.5,88.6,62.5,5.8,0.0,0.0
2019-09-30,Kerala,120.3,124.6,24.7,67.9,6.3,191.0,4281.0
2024-09-30,Punjab,143.9,148.0,28.5,77.7,5.3,5379.0,10725.0
2018-10-31,Sikkim,115.9,122.4,23.2,66.2,4.6,0.0,0.0
2018-03-31,Dadra and Nagar Haveli and Daman and Diu,116.8,123.6,89.8,66.8,5.4,806.0,501.0
2023-03-31,Puducherry,142.1,139.1,88.3,76.1,7.4,2239.0,2194.0
2021-05-31,Tamil Nadu,130.0,133.1,57.0,72.6,4.6,5838.0,9430.0
2024-07-31,Odisha,145.7,143.9,105.1,79.7,5.9,7979.0,2683.0
2022-07-31,Arunachal Pradesh,135.6,134.7,90.4,73.7,5.2,1125.0,1025.0
2023-02-28,Arunachal Pradesh,142.5,142.6,24.9,78.7,7.8,1269.0,2189.0
2024-12-31,Kerala,145.8,143.9,124.6,79.8,4.3,1013.0,4131.0
2018-10-31,West Bengal,116.3,121.3,55.0,65.5,5.0,235.0,2802.0
2018-02-28,Karnataka,116.8,120.1,60.0,68.0,5.8,8712.0,10071.0
2023-04-30,Andaman and Nicobar Islands,143.9,141.2,117.9,75.5,5.0,1002.0,90.0
2020-12-31,Rajasthan,123.8,131.2,23.2,72.4,0.4,1292.0,2811.0
2017-11-30,Andaman and Nicobar Islands,113.3,116.1,21.0,63.7,5.5,343.0,229.0
2017-06-30,Andaman and Nicobar Islands,114.9,117.1,110.9,64.5,7.1,937.0,534.0
2021-06-30,Kerala,129.0,135.1,70.5,72.5,6.2,5256.0,5997.0
2021-12-31,Arunachal Pradesh,129.6,135.4,55.0,71.6,5.7,1088.0,1667.0
2024-05-31,Delhi,144.1,145.2,122.3,78.4,5.5,3250.0,1293.0
2017-01-31,Jharkhand,111.3,118.6,22.6,65.2,4.9,4248.0,2092.0
2022-04-30,Karnataka,131.3,139.6,48.3,74.1,5.0,890.0,349.0
2016-02-29,Meghalaya,104.0,111.9,35.5,62.3,4.7,819.0,571.0
2023-06-30,Haryana,139.5,140.6,112.5,76.8,7.4,10112.0,6487.0
2021-11-30,Bihar,129.3,133.3,51.2,70.9,6.2,4861.0,736.0
2024-02-29,West Bengal,144.3,146.9,116.7,78.1,5.9,250.0,5615.0
2016-07-31,Mizoram,104.0,114.4,24.1,63.3,5.3,0.0,0.0
2017-04-30,Nagaland,111.6,118.1,80.8,63.7,6.1,1201.0,1944.0
2020-11-30,Chhattisgarh,126.1,127.9,31.1,70.6,-0.7,5283.0,3384.0
2020-03-31,Haryana,128.4,131.7,23.2,68.3,0.5,15234.0,15672.0
2021-01-31,Chhattisgarh,131.6,133.0,101.7,72.1,6.4,1882.0,7527.0
2025-04-30,Jammu and Kashmir,147.8,149.5,73.5,79.9,6.1,4627.0,305.0
2024-11-30,Tamil Nadu,144.7,146.4,92.6,78.1,4.9,23.0,580.0
2025-01-31,Sikkim,149.4,153.9,28.0,79.8,6.8,0.0,0.0
2016-07-31,Arunachal Pradesh,105.5,112.7,99.2,63.2,7.4,908.0,533.0
2024-12-31,Ladakh,147.2,144.6,58.4,77.1,5.2,28.0,198.0
2020-01-31,Assam,125.4,129.3,53.6,69.6,-1.7,318.0,1520.0
2017-06-30,West Bengal,110.4,120.3,96.0,63.2,4.4,9666.0,8378.0
2015-09-30,Tamil Nadu,100.0,110.3,31.7,58.7,7.4,8762.0,7871.0
2020-04-30,Himachal Pradesh,126.6,130.8,29.8,69.9,-0.4,5020.0,1025.0
2024-12-31,Odisha,143.9,147.6,110.8,77.1,6.8,5835.0,5405.0
2019-04-30,Tamil Nadu,117.1,128.3,43.2,68.2,4.7,11846.0,10079.0
2022-05-31,Madhya Pradesh,136.3,136.7,125.8,74.3,6.9,6818.0,2858.0
2019-05-31,Himachal Pradesh,120.8,127.0,51.2,68.2,6.6,684.0,2030.0
2021-06-30,Chhattisgarh,132.6,136.3,60.2,72.6,6.8,1459.0,5094.0
2018-05-31,Chandigarh,110.1,122.4,30.0,63.7,6.5,505.0,255.0
2020-08-31,Tamil Nadu,124.8,128.4,20.9,71.5,-0.5,5984.0,628.0
2015-08-31,Delhi,100.2,108.0,47.5,59.9,6.5,2277.0,1434.0
2015-02-28,Rajasthan,97.0,110.9,24.9,60.7,4.9,3786.0,2046.0
2023-09-30,Madhya Pradesh,139.8,139.7,47.2,75.0,5.1,3507.0,1838.0
2025-05-31,Kerala,152.4,148.4,73.1,78.7,4.3,3472.0,7819.0
2024-02-29,Sikkim,149.2,145.0,69.6,78.5,6.5,0.0,0.0
2022-02-28,Bihar,137.0,138.6,47.8,74.7,7.4,7694.0,8503.0
2024-12-31,Himachal Pradesh,144.4,147.2,33.7,76.8,5.5,575.0,4681.0
2025-07-31,Dadra and Nagar Haveli and Daman and Diu,152.5,148.6,62.2,80.6,4.8,24.0,60.0
2016-04-30,Arunachal Pradesh,106.8,111.4,94.5,62.7,7.3,1788.0,1810.0
2020-02-29,Ladakh,124.0,131.6,42.6,70.6,0.1,391.0,306.0
2024-05-31,Karnataka,143.8,147.4,137.6,78.2,7.6,3493.0,10164.0
2015-12-31,Andaman and Nicobar Islands,99.7,110.9,34.0,60.3,4.0,699.0,968.0
2017-11-30,Ladakh,107.9,118.8,40.7,65.7,5.6,204.0,212.0
2015-11-30,Puducherry,99.4,109.2,48.0,59.4,7.6,1424.0,1787.0
2020-04-30,Himachal Pradesh,126.0,129.6,12.8,70.9,-0.8,5258.0,1745.0
2019-02-28,Kerala,122.1,126.2,114.3,68.4,5.9,8950.0,1858.0
2020-09-30,Rajasthan,124.2,128.3,38.7,68.6,1.9,2360.0,4967.0
2018-12-31,Chhattisgarh,117.8,122.8,68.2,64.6,7.6,2194.0,2466.0
2016-08-31,Gujarat,106.3,114.2,35.8,62.2,7.3,9870.0,4475.0
2023-05-31,Assam,141.4,141.7,128.7,74.4,4.0,8338.0,2411.0
2020-08-31,Manipur,123.2,131.8,53.6,67.6,-0.7,1242.0,949.0
2017-11-30,Odisha,113.6,117.8,63.1,67.3,6.0,4570.0,7277.0
2020-05-31,Assam,126.1,131.3,64.7,69.0,0.8,8720.0,4409.0
2015-08-31,Punjab,99.3,107.6,110.5,60.9,5.1,2171.0,626.0
2018-09-30,Manipur,114.0,123.7,24.9,66.2,7.3,383.0,1792.0
2022-03-31,Karnataka,134.4,139.2,38.3,76.3,5.5,7845.0,9884.0
2021-04-30,Maharashtra,128.0,138.3,22.8,73.9,5.8,14550.0,10780.0
2021-04-30,Bihar,132.0,137.2,78.2,72.6,4.7,9122.0,5011.0
2018-11-30,Jammu and Kashmir,113.2,123.9,41.8,64.6,6.4,1841.0,2964.0
2016-03-31,Haryana,105.6,112.9,104.5,63.5,4.5,10736.0,8996.0
2023-09-30,Rajasthan,139.1,140.2,79.9,74.8,6.5,1239.0,3376.0
2017-02-28,Jammu and Kashmir,111.3,116.5,103.8,65.1,7.0,1366.0,2770.0
2019-04-30,Bihar,121.6,127.0,75.6,67.0,7.5,5442.0,1193.0
2022-09-30,Ladakh,133.7,140.6,119.5,73.5,6.3,343.0,233.0
2016-09-30,Maharashtra,104.9,111.6,57.2,64.3,5.3,9391.0,9641.0
2019-03-31,Assam,117.1,124.3,114.5,68.2,7.4,4969.0,6509.0
2018-02-28,Punjab,118.4,122.1,86.7,65.2,6.4,15757.0,11969.0
2016-08-31,Haryana,107.1,111.7,79.5,61.8,5.4,2824.0,2992.0
2019-07-31,Maharashtra,117.2,125.2,55.2,68.2,5.3,4901.0,441.0
2022-08-31,Andhra Pradesh,133.3,140.5,136.5,73.1,5.3,3681.0,1424.0
2017-04-30,Punjab,109.7,119.4,53.8,64.7,4.2,14556.0,13766.0
2015-04-30,Maharashtra,100.1,111.7,103.6,59.2,4.4,2671.0,4342.0
2021-04-30,West Bengal,128.6,132.0,60.4,69.9,4.4,7355.0,3218.0
2020-07-31,Himachal Pradesh,122.7,126.5,58.0,69.8,-0.5,250.0,3444.0
2022-02-28,Tamil Nadu,135.8,137.1,133.4,73.4,5.9,1176.0,8747.0
2022-07-31,Meghalaya,138.5,133.3,79.9,74.1,4.6,405.0,21.0
2023-09-30,Uttarakhand,140.1,142.9,87.1,75.8,7.3,2250.0,1139.0
2015-01-31,Haryana,99.4,111.5,53.0,60.9,4.3,2003.0,10549.0
2020-12-31,West Bengal,124.2,128.4,15.3,70.7,0.1,7086.0,4525.0
2022-03-31,Nagaland,132.8,139.2,102.3,72.0,4.3,213.0,1118.0
2015-06-30,Puducherry,98.7,111.2,32.0,60.0,7.6,208.0,1989.0
2020-01-31,Arunachal Pradesh,127.3,127.8,33.2,69.6,-1.1,516.0,7.0
2015-12-31,Telangana,95.9,109.2,54.9,59.7,7.9,1980.0,5577.0
2015-06-30,Jharkhand,100.1,109.1,35.1,58.2,6.1,5859.0,3153.0
2017-03-31,Haryana,110.1,119.9,86.7,60.8,4.1,7477.0,16670.0
2025-04-30,Chhattisgarh,150.2,151.5,45.0,81.5,5.1,1355.0,1624.0
2023-10-31,Assam,141.5,143.1,117.4,75.8,7.8,2518.0,4944.0
2022-09-30,Delhi,135.1,136.9,53.9,74.3,5.2,726.0,1128.0
2024-01-31,Chandigarh,144.1,148.7,58.5,77.3,5.4,1033.0,960.0
2023-03-31,Gujarat,138.7,142.4,65.2,74.6,4.2,13637.0,2402.0
2017-11-30,Rajasthan,112.6,119.0,35.3,63.5,5.0,3037.0,4493.0
2021-12-31,Madhya Pradesh,132.1,137.5,63.4,71.0,5.0,5863.0,4401.0
2019-08-31,Tripura,125.8,127.3,28.0,68.6,6.9,2036.0,106.0
2019-01-31,Arunachal Pradesh,119.4,125.8,62.7,68.3,6.0,433.0,721.0
2018-10-31,Arunachal Pradesh,113.7,121.0,54.0,66.7,4.6,1205.0,1491.0
2024-05-31,Arunachal Pradesh,145.9,142.5,64.6,78.4,7.2,1163.0,1558.0
2018-07-31,Manipur,115.9,118.9,86.1,64.1,6.4,1605.0,2496.0
2025-04-30,Manipur,151.3,151.7,116.3,79.6,5.1,3168.0,2844.0
2023-01-31,Nagaland,141.7,138.0,66.7,75.2,4.9,615.0,821.0
2022-06-30,Chhattisgarh,136.3,140.0,55.4,74.2,7.7,2915.0,30.0
2018-03-31,Uttar Pradesh,117.2,123.6,69.4,65.3,6.5,4160.0,12849.0
2022-01-31,Chandigarh,137.4,136.3,118.5,74.3,7.2,599.0,1054.0
2020-02-29,Maharashtra,127.5,130.4,50.7,70.4,-1.3,445.0,5770.0
2023-10-31,Chhattisgarh,135.5,143.2,28.6,75.7,6.4,4093.0,774.0
2023-11-30,Rajasthan,140.5,142.2,81.6,76.3,4.2,3148.0,100.0
2019-06-30,Haryana,118.2,128.5,119.1,68.4,6.4,2522.0,13135.0
2025-06-30,Goa,152.1,147.2,66.4,80.1,4.8,2397.0,3037.0
2015-09-30,Uttar Pradesh,95.4,111.0,64.1,60.4,6.7,1226.0,2815.0
2022-04-30,Bihar,137.9,136.8,58.5,74.7,7.7,2252.0,3223.0
2018-01-31,Chandigarh,113.3,118.5,69.8,65.6,5.8,284.0,620.0
2019-01-31,Jammu and Kashmir,117.8,123.7,36.1,67.3,5.2,3105.0,2413.0
2018-05-31,Uttarakhand,115.7,121.0,44.7,66.3,4.5,1645.0,3821.0
2016-05-31,Uttarakhand,104.3,114.0,91.2,61.4,6.7,3035.0,3512.0
2022-04-30,Chhattisgarh,138.6,136.2,40.6,74.0,6.3,1738.0,7881.0
2016-09-30,Karnataka,107.7,113.0,112.6,61.9,6.2,2884.0,3253.0
2019-03-31,Jammu and Kashmir,119.0,125.2,50.8,69.7,7.7,2594.0,239.0
2019-11-30,Karnataka,122.1,124.2,77.5,68.8,7.9,1893.0,8046.0
2018-05-31,Chhattisgarh,113.9,120.9,52.2,67.2,6.9,6113.0,1092.0
2018-03-31,Uttar Pradesh,113.9,123.1,67.8,66.4,4.8,10614.0,1193.0
2015-11-30,Delhi,101.4,113.3,110.4,60.3,7.8,201.0,2159.0
2021-05-31,Delhi,132.9,134.4,26.9,72.4,5.4,1553.0,3058.0
2025-07-31,Tamil Nadu,149.1,150.3,126.8,79.5,4.3,4733.0,7989.0
2018-10-31,Gujarat,114.3,121.8,75.8,64.9,5.0,6338.0,4272.0
2018-09-30,Lakshadweep,115.6,121.2,86.5,66.6,7.3,0.0,0.0
2015-01-31,Himachal Pradesh,98.2,111.2,25.6,60.5,4.8,417.0,2912.0
2023-12-31,Meghalaya,143.1,144.0,115.4,77.4,5.6,156.0,1666.0
2016-07-31,Himachal Pradesh,103.2,111.7,32.8,62.9,5.1,2731.0,3634.0
2021-04-30,West Bengal,128.7,136.1,116.5,71.6,4.2,10301.0,130.0
2020-12-31,Tamil Nadu,128.5,133.3,60.0,68.9,1.9,783.0,7530.0
2024-01-31,Kerala,145.4,144.0,83.1,78.3,6.5,1609.0,4648.0
2015-12-31,Himachal Pradesh,103.9,111.8,112.4,60.0,7.2,1159.0,4173.0
2018-09-30,Kerala,114.6,125.3,36.9,65.4,5.7,4358.0,2787.0
2022-06-30,Himachal Pradesh,140.0,139.4,143.0,74.5,4.6,1123.0,3297.0
2023-07-31,Odisha,141.2,141.6,110.0,74.8,6.6,2845.0,4772.0
2015-08-31,Ladakh,98.5,111.6,29.8,59.4,7.6,276.0,57.0
2022-07-31,Delhi,133.5,136.4,88.4,76.9,4.5,133.0,1332.0
2022-03-31,Madhya Pradesh,132.1,137.4,109.3,73.0,4.7,1520.0,861.0
2021-12-31,Arunachal Pradesh,127.3,132.5,81.3,72.4,5.3,178.0,1404.0
2021-10-31,Tripura,128.7,131.3,62.4,73.0,6.6,2245.0,2311.0
2020-08-31,Madhya Pradesh,123.0,130.1,26.9,70.8,0.2,6190.0,4438.0
2025-07-31,Madhya Pradesh,144.8,150.6,52.6,80.7,6.8,6666.0,949.0
2021-10-31,Delhi,131.7,135.3,112.7,72.5,4.1,1492.0,1885.0
2021-12-31,Uttarakhand,131.6,125.0,43.5,72.0,7.2,4715.0,1642.0
2024-05-31,Odisha,145.6,146.4,139.5,79.4,7.9,5789.0,3995.0
2021-04-30,Sikkim,127.7,134.2,41.0,73.4,4.2,0.0,0.0
2025-02-28,Mizoram,153.3,147.8,70.1,81.0,6.0,0.0,0.0
2018-05-31,Arunachal Pradesh,114.6,121.1,21.2,67.6,7.0,869.0,618.0
2015-02-28,Kerala,98.3,111.5,110.3,61.0,5.9,7986.0,8960.0
2017-05-31,Delhi,110.5,118.2,30.4,63.7,6.4,61.0,1653.0
2023-09-30,West Bengal,140.4,142.0,66.9,75.3,7.7,6789.0,8677.0
2019-03-31,Uttar Pradesh,115.0,127.8,104.3,68.4,6.2,9549.0,12942.0
2021-03-31,Tripura,129.9,138.6,99.2,72.3,4.9,3360.0,1351.0
2015-10-31,West Bengal,100.2,109.5,104.2,60.5,7.0,8047.0,2421.0
2019-03-31,Dadra and Nagar Haveli and Daman and Diu,119.2,126.5,111.4,69.5,5.5,871.0,1147.0
2024-10-31,Dadra and Nagar Haveli and Daman and Diu,142.4,144.2,133.3,77.6,5.1,536.0,311.0
2025-01-31,Uttarakhand,147.4,154.3,116.5,79.8,5.0,429.0,1104.0
2018-03-31,Andhra Pradesh,116.0,120.9,78.2,66.3,4.3,10501.0,14251.0
2017-04-30,Jammu and Kashmir,111.5,114.4,76.2,63.9,7.7,3988.0,3714.0
2015-03-31,Delhi,99.1,111.2,21.3,58.2,6.3,67.0,2641.0
2021-12-31,Andhra Pradesh,130.8,130.8,92.3,71.5,7.8,9931.0,3900.0
2024-09-30,Himachal Pradesh,144.1,148.6,51.2,77.0,7.4,3999.0,143.0
2015-02-28,Delhi,98.3,111.2,102.9,61.4,4.1,1376.0,748.0
2022-09-30,Manipur,135.4,135.9,90.5,73.2,5.0,2334.0,1613.0
2022-10-31,Manipur,132.7,139.3,142.5,74.0,5.3,1034.0,2412.0
2018-04-30,Andaman and Nicobar Islands,118.8,121.3,41.0,66.1,6.0,72.0,257.0
2015-02-28,Rajasthan,97.1,110.9,92.3,60.5,6.9,3470.0,1021.0
2021-09-30,Nagaland,130.6,131.4,74.8,72.3,6.7,1595.0,917.0
2015-12-31,Meghalaya,100.3,107.3,113.2,60.3,7.9,486.0,745.0
2020-05-31,Andaman and Nicobar Islands,125.1,130.6,28.0,69.1,-0.2,436.0,799.0
2019-07-31,Uttarakhand,123.0,129.8,25.9,67.7,4.7,1368.0,1341.0
2018-09-30,Manipur,109.6,120.7,74.4,64.6,7.4,1502.0,110.0
2023-05-31,Himachal Pradesh,140.8,140.6,86.6,76.4,7.4,3916.0,3012.0
2020-02-29,West Bengal,124.5,129.3,30.7,69.2,0.6,5601.0,5071.0
2019-01-31,Arunachal Pradesh,121.2,123.4,118.7,69.3,5.4,486.0,529.0
2025-07-31,Rajasthan,150.1,151.1,32.4,78.0,4.8,3149.0,1249.0
2016-11-30,Karnataka,104.8,115.8,77.0,63.9,4.8,5620.0,6432.0
2018-02-28,Lakshadweep,112.6,123.0,46.0,66.2,5.4,0.0,0.0
2017-04-30,Sikkim,108.7,117.7,20.2,63.7,6.0,0.0,0.0
2016-09-30,Jammu and Kashmir,111.3,112.0,118.8,62.6,6.3,3051.0,1178.0
2023-11-30,Meghalaya,141.2,146.1,81.8,77.5,5.3,87.0,1178.0
2023-03-31,Dadra and Nagar Haveli and Daman and Diu,142.1,140.3,126.9,77.9,5.4,558.0,848.0
2024-11-30,Jharkhand,144.3,144.2,124.8,78.0,4.1,3967.0,2294.0
2021-01-31,Ladakh,128.3,130.4,101.2,70.0,4.0,537.0,62.0
2025-02-28,Rajasthan,151.6,147.2,79.1,79.9,7.6,7411.0,6323.0
2017-06-30,Haryana,106.2,118.7,109.6,63.5,4.1,7464.0,10676.0
2023-12-31,Delhi,138.7,141.1,68.1,76.7,4.1,2263.0,500.0
2023-02-28,Sikkim,139.3,140.3,73.0,75.6,4.8,0.0,0.0
2017-08-31,Chandigarh,111.9,116.4,45.6,62.9,7.0,409.0,139.0
2021-07-31,Tamil Nadu,130.8,133.0,64.8,71.5,6.7,3811.0,5136.0
2018-05-31,Manipur,114.1,120.7,118.7,67.4,6.6,2258.0,1396.0
2020-03-31,Uttar Pradesh,125.7,132.8,46.4,70.1,-1.1,11644.0,11116.0
2016-11-30,Meghalaya,104.4,113.3,103.1,63.0,4.8,2195.0,1120.0
2023-08-31,Jharkhand,142.1,142.3,55.6,75.6,5.6,4329.0,130.0
2021-03-31,Ladakh,130.5,134.1,115.6,73.2,5.9,540.0,571.0
2018-12-31,West Bengal,118.5,122.2,21.3,65.1,6.3,4537.0,10443.0
2019-09-30,Uttar Pradesh,119.4,125.3,113.0,67.2,4.8,10374.0,684.0
2024-10-31,Dadra and Nagar Haveli and Daman and Diu,147.5,145.1,131.8,79.4,6.9,539.0,759.0
2023-04-30,Nagaland,140.2,143.3,32.1,77.3,5.2,484.0,2160.0
2025-04-30,Mizoram,148.6,150.4,96.6,78.1,6.6,0.0,0.0
2017-10-31,Lakshadweep,115.2,116.5,98.5,65.0,6.1,0.0,0.0
2015-07-31,Chhattisgarh,102.6,104.3,60.4,58.7,6.4,1773.0,2567.0
2019-08-31,Andaman and Nicobar Islands,120.5,124.8,29.2,69.1,5.7,416.0,415.0
2020-05-31,Ladakh,126.5,127.3,61.8,71.0,1.3,547.0,470.0
2018-11-30,Karnataka,112.8,120.2,66.6,67.6,7.5,1458.0,9510.0
2016-07-31,Delhi,102.9,111.4,46.3,63.7,5.9,1534.0,1646.0
2025-06-30,Bihar,152.2,152.3,32.5,80.2,7.2,2761.0,3030.0
2019-01-31,Delhi,120.0,128.3,84.0,67.8,5.6,455.0,2738.0
2024-05-31,Andhra Pradesh,144.7,147.5,29.1,78.0,6.8,6380.0,1288.0
2018-02-28,Rajasthan,114.4,121.3,99.1,65.9,4.9,3649.0,2796.0
2020-04-30,Mizoram,125.3,128.7,58.2,69.7,-1.0,0.0,0.0
2020-09-30,Puducherry,124.5,127.0,31.4,69.8,0.2,1496.0,1250.0
2024-08-31,Andaman and Nicobar Islands,140.9,147.8,80.7,79.1,7.6,324.0,156.0
2020-05-31,Assam,127.8,131.7,52.2,68.7,-1.5,6754.0,1043.0
2017-07-31,Telangana,109.8,119.0,115.9,65.1,5.1,708.0,5507.0
2024-05-31,Puducherry,148.7,143.8,86.4,78.0,4.7,441.0,1415.0
2024-01-31,Arunachal Pradesh,141.5,145.3,143.6,76.5,7.5,782.0,211.0
2020-09-30,Dadra and Nagar Haveli and Daman and Diu,121.5,129.8,31.5,70.6,0.3,500.0,517.0
2024-12-31,Gujarat,144.4,142.5,87.2,76.4,6.6,6482.0,4186.0
2022-04-30,Andaman and Nicobar Islands,137.0,140.9,37.9,74.1,5.3,1072.0,798.0
2020-07-31,Karnataka,122.6,127.3,45.4,72.1,-0.1,5488.0,4762.0
2021-03-31,Tripura,127.5,132.4,73.6,71.6,4.7,3035.0,3461.0
2018-09-30,Odisha,115.7,118.5,104.9,65.6,7.5,4012.0,356.0
2015-04-30,Karnataka,99.4,109.6,119.7,60.8,7.4,6340.0,8331.0
2023-11-30,Jammu and Kashmir,141.1,141.5,142.3,76.6,5.1,2943.0,1118.0
2019-03-31,Delhi,119.4,128.0,43.6,68.6,4.1,2435.0,167.0
2019-02-28,Chhattisgarh,120.8,124.1,53.8,67.5,7.5,2886.0,2455.0
2015-06-30,Jammu and Kashmir,102.7,107.8,47.5,60.5,4.2,342.0,2808.0
2019-11-30,Assam,117.6,126.2,40.0,67.4,4.3,2653.0,1569.0
2025-05-31,Dadra and Nagar Haveli and Daman and Diu,152.4,145.8,42.0,80.5,7.3,162.0,994.0
2017-06-30,Kerala,106.6,120.7,71.2,63.9,7.3,1110.0,6925.0
2025-02-28,Bihar,151.2,147.4,128.7,80.8,4.8,6097.0,365.0
2025-05-31,Lakshadweep,152.8,153.6,94.8,80.9,4.2,0.0,0.0
2018-01-31,Telangana,114.0,120.4,107.3,66.4,4.3,3144.0,2655.0
2025-04-30,Ladakh,151.3,147.1,139.1,79.2,5.8,186.0,126.0
2023-05-31,Arunachal Pradesh,139.0,143.2,70.0,74.5,5.7,540.0,834.0
2017-11-30,Chhattisgarh,111.2,119.1,103.6,62.9,4.7,3280.0,4572.0
2022-03-31,Kerala,130.5,139.1,30.3,73.0,7.6,2910.0,1298.0
2016-06-30,Tripura,105.3,114.2,68.1,65.0,6.2,62.0,1116.0
2024-05-31,Telangana,145.8,150.5,68.2,78.7,7.2,7830.0,3256.0
2017-05-31,Tripura,112.7,115.3,40.5,64.2,4.4,717.0,3008.0
2021-05-31,Nagaland,131.9,136.7,63.8,71.4,7.9,1457.0,2146.0
2019-11-30,Punjab,119.7,122.8,64.4,68.9,7.2,7571.0,7302.0
2025-06-30,Delhi,150.5,153.3,121.0,79.8,5.2,2916.0,1832.0
2024-01-31,Andaman and Nicobar Islands,142.1,146.7,128.3,78.3,4.1,566.0,263.0
2016-10-31,Andaman and Nicobar Islands,108.3,117.1,85.7,62.6,4.7,317.0,465.0
2020-08-31,Sikkim,126.4,131.8,50.0,70.4,-0.9,0.0,0.0
2020-09-30,Kerala,121.3,125.7,18.6,70.1,-0.8,4412.0,1004.0
2019-01-31,Puducherry,120.5,125.3,77.5,67.0,4.2,1908.0,1622.0
2024-01-31,Bihar,145.6,143.5,56.9,78.1,4.4,9065.0,389.0
2022-02-28,Chhattisgarh,133.5,141.0,59.4,75.1,7.2,6424.0,6074.0
2019-05-31,Jharkhand,120.2,127.6,29.5,68.8,6.2,134.0,2976.0
2025-03-31,Sikkim,148.3,150.3,100.3,80.3,4.8,0.0,0.0
2022-03-31,Tripura,132.2,137.2,94.1,74.8,5.1,565.0,912.0
2018-06-30,Andhra Pradesh,113.8,122.8,42.0,64.8,6.6,9145.0,10894.0
2023-02-28,Jharkhand,140.3,140.1,55.6,75.8,5.3,2471.0,2009.0
2024-01-31,Manipur,146.9,146.6,116.8,78.0,6.7,967.0,1763.0
2019-03-31,Dadra and Nagar Haveli and Daman and Diu,120.1,125.8,99.3,66.9,7.1,55.0,690.0
2022-01-31,Mizoram,136.9,136.4,83.2,74.5,5.2,0.0,0.0
2025-07-31,Kerala,151.3,151.4,41.9,80.7,5.5,2869.0,286.0
2016-09-30,Chhattisgarh,102.9,117.8,25.6,62.2,4.2,3067.0,764.0
2018-08-31,Himachal Pradesh,116.3,119.1,47.1,66.2,7.3,1908.0,1277.0
2023-07-31,Mizoram,141.3,143.9,111.7,75.4,6.4,0.0,0.0
2020-08-31,Andaman and Nicobar Islands,128.5,128.4,48.0,69.4,-2.0,651.0,99.0
2025-09-30,Mizoram,150.8,151.2,110.2,78.6,4.8,0.0,0.0
2022-08-31,Maharashtra,132.5,136.8,80.6,73.8,7.8,8852.0,5659.0
2016-12-31,Punjab,103.9,113.4,95.5,61.4,6.8,13504.0,5424.0
2025-05-31,Uttarakhand,146.3,149.6,81.7,79.2,4.8,419.0,5178.0
2024-03-31,Punjab,146.0,148.7,34.1,78.1,5.9,7448.0,415.0
2023-02-28,Tamil Nadu,143.3,141.8,33.6,75.6,6.8,9281.0,3249.0
2016-05-31,Himachal Pradesh,100.2,113.3,103.2,60.6,4.1,501.0,4642.0
2023-03-31,Odisha,143.4,141.8,99.6,75.4,7.1,2620.0,5868.0
2021-10-31,Lakshadweep,131.0,137.8,47.9,71.9,7.8,0.0,0.0
2023-08-31,Kerala,137.8,143.1,114.9,74.9,4.3,2623.0,3316.0
2016-07-31,Arunachal Pradesh,105.5,112.8,33.6,62.4,7.6,543.0,840.0
2022-01-31,Ladakh,132.9,141.0,101.4,74.1,5.9,4.0,472.0
2015-08-31,Rajasthan,100.9,110.4,118.9,59.1,6.1,382.0,1424.0
2017-04-30,Karnataka,110.1,116.3,35.0,64.8,7.4,9280.0,8279.0
2015-05-31,West Bengal,100.7,110.8,34.2,61.4,6.4,9096.0,6113.0
2023-05-31,Kerala,138.2,141.7,80.1,75.9,5.4,8172.0,8316.0
2024-10-31,Chhattisgarh,143.5,139.2,101.1,77.8,6.9,4386.0,1862.0
2020-04-30,Manipur,126.0,130.7,13.6,69.7,-1.9,145.0,1933.0
2022-07-31,Lakshadweep,134.0,135.8,84.0,73.5,6.7,0.0,0.0
2024-09-30,Mizoram,145.3,143.5,34.0,77.1,7.1,0.0,0.0
2023-02-28,Ladakh,140.9,138.1,53.0,76.1,5.3,35.0,344.0
2015-11-30,Maharashtra,99.6,110.3,91.2,59.2,7.9,2103.0,4711.0
2019-06-30,Himachal Pradesh,122.3,125.7,93.9,65.4,6.6,1596.0,1231.0
2018-11-30,Mizoram,114.6,123.9,93.0,68.0,4.4,0.0,0.0
2015-05-31,Gujarat,99.6,108.4,26.5,61.7,7.9,3079.0,6738.0
2016-08-31,Lakshadweep,103.7,113.0,98.7,62.1,7.0,0.0,0.0
2018-10-31,Goa,117.1,126.0,63.2,64.7,6.8,1875.0,2150.0
2015-12-31,Meghalaya,98.6,106.1,67.5,62.3,5.0,2947.0,1521.0
2020-10-31,Arunachal Pradesh,127.5,132.4,37.2,70.5,0.4,170.0,74.0
2016-05-31,Jharkhand,105.3,112.4,105.7,61.6,7.6,332.0,2324.0
2024-07-31,Bihar,150.4,152.2,105.6,79.5,5.2,6522.0,7561.0
2018-12-31,Chhattisgarh,113.7,123.4,70.0,65.0,5.7,4158.0,3360.0
2023-12-31,Uttar Pradesh,142.6,140.7,124.1,73.9,5.0,12700.0,851.0
2019-04-30,Chandigarh,121.0,123.2,100.5,67.3,4.9,380.0,67.0
2022-12-31,Arunachal Pradesh,134.0,138.8,24.6,74.7,4.2,1862.0,178.0
2020-10-31,Nagaland,126.0,126.2,40.7,72.3,0.9,1587.0,1208.0
2023-06-30,Gujarat,140.9,143.4,29.1,75.3,4.4,5934.0,3751.0
2021-03-31,Tamil Nadu,129.3,131.2,50.7,70.8,6.1,7089.0,8484.0
2021-10-31,Punjab,130.9,132.1,100.4,72.0,4.2,5969.0,11379.0
2022-08-31,Manipur,137.3,132.4,137.3,74.0,7.9,346.0,318.0
2015-04-30,West Bengal,101.0,110.3,44.2,61.9,6.8,10060.0,7236.0
2024-01-31,Assam,144.2,146.6,26.6,78.3,6.5,3574.0,7220.0
2018-12-31,Assam,114.0,122.1,60.2,68.1,4.7,7513.0,4198.0
2021-01-31,Kerala,129.8,130.6,53.5,73.4,6.1,5004.0,484.0
2020-12-31,Puducherry,127.2,132.9,52.6,70.9,0.2,997.0,39.0
2024-08-31,Ladakh,143.5,145.7,83.4,76.5,5.4,168.0,399.0
2021-09-30,Haryana,130.8,133.0,59.9,71.6,4.6,8541.0,8225.0
2021-09-30,Himachal Pradesh,126.9,135.6,43.0,72.3,5.5,3139.0,3399.0
2024-05-31,Jammu and Kashmir,146.2,145.1,123.4,75.4,6.4,188.0,3870.0
2022-12-31,Telangana,136.5,138.9,53.8,73.3,5.9,6972.0,6155.0
2020-12-31,Telangana,129.1,128.4,15.3,69.7,-1.7,3652.0,2705.0
2020-03-31,Jammu and Kashmir,126.9,131.6,45.9,69.2,1.8,921.0,1640.0
2018-02-28,Karnataka,114.2,123.6,51.7,68.1,5.0,11334.0,729.0
2020-07-31,Goa,121.9,129.1,54.7,70.5,0.9,2614.0,307.0
2020-09-30,Tripura,126.0,130.3,16.9,69.8,-1.1,280.0,479.0
2016-01-31,Andhra Pradesh,104.3,114.0,116.6,60.2,7.6,8895.0,11239.0
2017-07-31,Himachal Pradesh,110.7,117.7,38.7,63.5,8.0,638.0,1052.0
2024-06-30,Kerala,143.6,143.6,66.8,79.6,7.1,5077.0,3649.0
2016-10-31,Madhya Pradesh,104.7,111.9,68.1,61.4,4.9,4190.0,1047.0
2022-09-30,Andaman and Nicobar Islands,131.6,137.2,130.8,73.6,6.5,368.0,272.0
2020-07-31,Lakshadweep,122.9,130.1,55.4,68.7,0.7,0.0,0.0
2019-06-30,Dadra and Nagar Haveli and Daman and Diu,117.6,124.2,34.5,68.2,6.3,143.0,667.0
2018-06-30,Uttar Pradesh,116.7,122.0,63.9,66.3,5.9,10035.0,3966.0
2020-04-30,Telangana,123.3,125.4,44.6,70.2,-1.6,6094.0,10154.0
2025-06-30,Manipur,152.8,150.0,108.3,78.8,6.6,1611.0,942.0
2016-09-30,Goa,103.4,114.2,77.2,62.5,7.4,987.0,2660.0
2017-11-30,Andaman and Nicobar Islands,114.2,119.6,65.7,63.6,5.3,440.0,237.0
2017-06-30,Dadra and Nagar Haveli and Daman and Diu,106.1,120.8,96.6,64.2,5.9,631.0,865.0
2019-09-30,Meghalaya,120.8,127.4,57.8,68.8,5.8,1746.0,207.0
2018-11-30,Jharkhand,115.1,125.6,118.7,66.4,5.0,1845.0,4389.0
2016-07-31,Bihar,102.6,113.9,114.8,62.7,5.7,3764.0,8988.0
2024-06-30,Andaman and Nicobar Islands,143.9,146.1,108.9,78.7,4.1,342.0,907.0
2015-08-31,Haryana,99.5,111.6,108.3,60.9,6.1,5318.0,10834.0
2017-02-28,Karnataka,110.5,117.8,59.3,65.0,6.9,5437.0,6046.0
2024-05-31,Andhra Pradesh,143.1,145.3,93.8,79.2,5.5,7139.0,525.0
2020-11-30,Tamil Nadu,125.9,132.7,28.4,70.4,1.1,832.0,8460.0
2017-06-30,Chandigarh,110.2,119.4,108.6,64.8,7.0,265.0,627.0
2020-07-31,Manipur,126.6,131.3,40.3,70.2,-0.1,702.0,951.0
2020-05-31,Andaman and Nicobar Islands,123.3,128.3,44.2,70.7,-0.4,665.0,372.0
2017-12-31,Telangana,109.2,119.9,106.5,63.5,5.6,6532.0,4649.0
2017-01-31,Himachal Pradesh,112.9,118.2,99.7,62.2,6.6,4162.0,1177.0
2018-01-31,Karnataka,113.2,120.0,52.2,67.5,6.5,7804.0,3791.0
2015-01-31,Manipur,97.2,111.4,28.7,60.2,7.9,1165.0,616.0
2018-01-31,Uttar Pradesh,113.7,119.6,36.2,66.2,6.8,2121.0,14543.0
2025-08-31,Telangana,146.4,145.2,64.7,80.9,5.2,7041.0,2929.0
2025-07-31,Sikkim,153.3,146.4,60.6,79.3,4.8,0.0,0.0
2015-01-31,Nagaland,99.4,109.5,23.8,59.9,7.2,312.0,2066.0
2017-11-30,Himachal Pradesh,109.5,121.1,63.2,63.4,4.7,3637.0,3553.0
2023-08-31,Andaman and Nicobar Islands,141.5,142.6,36.7,75.8,6.5,764.0,292.0
2016-11-30,Lakshadweep,103.5,113.8,42.1,61.6,4.5,0.0,0.0
2015-09-30,Kerala,99.6,112.6,98.7,59.4,6.9,1481.0,777.0
2017-10-31,Mizoram,108.5,119.0,69.5,64.4,7.1,0.0,0.0
2025-08-31,Tripura,146.5,152.0,68.8,78.1,8.0,2006.0,1862.0
2015-04-30,Maharashtra,100.1,111.9,38.5,61.3,7.8,3010.0,8156.0
2023-06-30,Tripura,142.1,141.4,128.0,75.3,6.9,1085.0,2496.0
2021-03-31,Uttarakhand,130.2,133.5,110.4,72.5,5.1,4825.0,4861.0
2023-03-31,Madhya Pradesh,141.8,140.3,86.2,76.5,4.2,5043.0,7752.0
2020-12-31,Jharkhand,122.8,131.7,67.3,69.7,-2.0,4400.0,3149.0
2015-03-31,Himachal Pradesh,98.5,107.5,66.5,60.4,7.1,4637.0,2261.0
2017-10-31,Madhya Pradesh,107.4,116.2,30.7,62.9,4.0,5158.0,4123.0
2018-09-30,Gujarat,115.7,121.9,21.7,65.5,6.1,8274.0,8566.0
2020-01-31,Maharashtra,124.4,130.2,19.7,69.8,0.6,5559.0,4116.0
2021-11-30,Ladakh,129.3,135.2,82.3,72.5,6.5,126.0,147.0
2025-03-31,Chhattisgarh,151.3,149.9,62.5,79.7,6.7,426.0,7822.0
2023-06-30,Madhya Pradesh,139.1,141.3,101.8,75.8,5.9,992.0,7024.0
2016-04-30,Punjab,107.2,115.4,70.8,62.8,7.8,8580.0,15844.0
2020-06-30,West Bengal,125.5,131.8,32.0,70.4,1.3,10259.0,9033.0
2024-11-30,Manipur,144.3,142.6,50.2,80.3,5.5,1099.0,1114.0
2025-04-30,Rajasthan,146.9,152.1,33.7,79.1,6.1,7937.0,2766.0
2023-06-30,Mizoram,141.3,141.3,117.9,74.7,6.3,0.0,0.0
2020-06-30,Goa,125.6,133.2,61.1,71.9,-0.8,2055.0,2442.0
2016-01-31,Tripura,105.7,112.7,74.1,62.3,7.3,2188.0,523.0
2024-03-31,Jharkhand,145.7,144.0,42.9,79.3,7.3,2495.0,7171.0
2017-10-31,Maharashtra,108.9,119.3,46.4,63.0,4.5,769.0,4001.0
2018-03-31,Odisha,114.7,126.3,115.5,65.5,6.4,2288.0,3042.0
2024-12-31,Karnataka,144.1,142.8,51.1,78.1,7.9,5140.0,10852.0
2025-06-30,Lakshadweep,152.5,151.7,30.8,80.0,6.4,0.0,0.0
2019-07-31,Jharkhand,119.4,127.1,75.0,67.9,6.8,742.0,3273.0
2017-03-31,Puducherry,108.8,117.9,46.2,62.4,7.4,2103.0,481.0
2024-10-31,Andaman and Nicobar Islands,147.6,150.1,138.9,77.9,7.5,161.0,566.0
2019-05-31,Andaman and Nicobar Islands,122.4,122.2,77.5,68.3,4.1,327.0,46.0
2018-03-31,Sikkim,115.5,124.2,116.6,65.7,5.0,0.0,0.0
2020-05-31,Maharashtra,124.7,131.9,59.1,71.0,-2.0,4685.0,11647.0
2016-01-31,Arunachal Pradesh,104.2,116.4,92.3,63.0,6.7,1481.0,615.0
2016-09-30,Kerala,104.9,116.1,103.0,62.2,6.5,2615.0,1369.0
2019-05-31,Sikkim,118.3,126.5,80.5,67.3,7.4,0.0,0.0
2016-07-31,Andhra Pradesh,106.0,113.4,21.1,62.4,7.2,10014.0,2914.0
2019-09-30,Kerala,123.3,124.8,59.2,68.5,7.0,4557.0,2521.0
2017-01-31,Kerala,111.1,119.2,41.9,64.1,4.2,7863.0,2776.0
2017-07-31,Bihar,107.8,118.0,63.4,63.3,7.1,143.0,955.0
2021-09-30,Mizoram,130.9,133.6,67.1,72.8,4.8,0.0,0.0
2016-11-30,Odisha,105.4,112.9,32.8,62.4,4.1,5447.0,4181.0
2017-08-31,Andhra Pradesh,110.9,117.2,22.3,63.6,6.0,2471.0,9909.0
2021-02-28,Mizoram,128.4,135.6,33.8,72.2,7.8,0.0,0.0
2015-10-31,Puducherry,100.0,110.0,105.7,59.1,7.5,1326.0,1584.0
2019-06-30,Gujarat,121.8,128.4,95.6,66.1,7.9,4253.0,6842.0
2019-04-30,Delhi,117.9,123.3,99.9,66.5,5.0,886.0,118.0
2024-06-30,Goa,144.1,147.2,57.2,78.3,6.8,2071.0,2363.0
2016-02-29,Goa,104.4,112.0,43.6,61.7,4.2,1292.0,1090.0
2024-02-29,Lakshadweep,147.0,148.4,28.5,78.4,7.2,0.0,0.0
2019-05-31,West Bengal,122.3,128.5,67.2,68.8,6.1,8234.0,8720.0
2021-07-31,Andaman and Nicobar Islands,126.2,131.2,58.2,72.3,8.0,249.0,771.0
2016-10-31,Chandigarh,107.0,112.5,103.6,61.4,5.0,401.0,453.0
2017-06-30,Sikkim,112.4,116.6,88.2,64.4,7.1,0.0,0.0
2015-04-30,Chhattisgarh,102.2,112.5,34.4,59.6,4.7,424.0,4741.0
2019-11-30,Andaman and Nicobar Islands,118.9,124.8,118.7,67.7,5.1,674.0,489.0
2015-08-31,Arunachal Pradesh,99.5,111.4,97.1,61.1,5.2,540.0,1380.0
2015-12-31,Jharkhand,96.9,108.7,92.0,60.6,6.3,346.0,1492.0
2024-11-30,Punjab,140.8,148.2,50.0,77.6,5.5,675.0,5306.0
2017-10-31,Nagaland,109.3,120.3,110.5,63.2,5.8,414.0,1129.0
2021-10-31,Jammu and Kashmir,130.2,137.3,67.4,73.4,6.1,260.0,111.0
2023-02-28,Ladakh,140.4,141.7,59.7,76.0,4.2,324.0,438.0
2025-07-31,Nagaland,151.6,150.0,102.6,78.9,6.7,843.0,506.0
2021-03-31,Kerala,136.1,133.7,41.2,71.6,6.6,4786.0,3248.0
2023-09-30,Tripura,139.2,142.1,132.9,74.2,7.9,711.0,1073.0
2019-01-31,Ladakh,117.9,125.1,105.4,65.4,4.5,338.0,318.0
2021-07-31,Punjab,131.1,136.1,66.5,73.0,4.1,1461.0,2947.0
2022-09-30,Karnataka,135.4,136.5,46.9,73.1,4.5,62.0,3856.0
2016-06-30,Punjab,103.9,113.7,69.7,60.8,5.7,11552.0,6214.0
2022-12-31,Delhi,136.8,138.4,41.9,73.4,4.9,2998.0,2251.0
2018-02-28,Jharkhand,113.4,123.0,47.0,65.7,4.9,2639.0,6851.0
2022-03-31,Tripura,134.7,135.6,81.9,73.4,7.5,2306.0,3310.0
2022-04-30,Jharkhand,134.9,137.5,26.5,73.1,5.3,615.0,3925.0
2019-02-28,Telangana,118.1,126.0,96.6,68.0,5.7,9592.0,6872.0
2015-08-31,Delhi,96.6,111.6,39.7,59.8,6.7,2451.0,2470.0
2020-09-30,Puducherry,125.4,129.6,64.0,71.7,1.1,1267.0,446.0
2025-01-31,Manipur,152.7,149.8,26.7,79.6,6.2,2817.0,2322.0
2020-04-30,Telangana,126.9,130.3,43.9,70.0,0.5,1123.0,4093.0
2025-01-31,Manipur,152.1,152.1,117.2,79.1,5.0,2886.0,2336.0
2020-05-31,Jharkhand,123.4,125.9,26.3,70.6,1.1,2821.0,4046.0
2023-11-30,Chhattisgarh,140.4,142.2,108.9,77.7,7.3,5902.0,3765.0
2023-04-30,Sikkim,137.2,144.3,110.5,75.9,7.1,0.0,0.0
2021-10-31,Dadra and Nagar Haveli and Daman and Diu,130.3,132.3,83.8,71.4,5.6,220.0,512.0
2019-03-31,Tamil Nadu,122.8,124.5,56.4,68.2,7.7,8508.0,4772.0
2021-11-30,Karnataka,132.8,136.4,98.5,72.5,7.6,7333.0,2900.0
2024-04-30,Jharkhand,149.1,145.3,99.4,80.9,5.1,104.0,2468.0
2019-08-31,Jammu and Kashmir,122.0,125.4,79.0,67.9,4.5,2852.0,1908.0
2019-12-31,Sikkim,121.0,126.6,101.9,67.7,7.6,0.0,0.0
2024-12-31,Sikkim,146.7,140.0,53.4,76.8,7.0,0.0,0.0
2016-11-30,Uttarakhand,106.4,110.4,43.2,61.7,5.2,3533.0,2755.0
2016-01-31,Andhra Pradesh,103.4,115.2,58.6,61.6,5.2,4441.0,10305.0
2023-05-31,Chhattisgarh,137.0,141.5,32.8,76.5,5.3,3353.0,4740.0
2016-12-31,Karnataka,106.8,113.7,53.7,61.7,7.4,9402.0,4678.0
2023-12-31,Delhi,144.2,140.7,72.8,75.0,5.0,2257.0,1697.0
2015-11-30,Meghalaya,101.8,109.5,69.5,58.9,6.6,2451.0,1230.0
2016-05-31,Chandigarh,101.2,116.4,45.4,61.6,7.3,329.0,296.0
2017-01-31,West Bengal,109.0,118.3,110.7,64.8,5.5,2309.0,4314.0
2022-10-31,Andaman and Nicobar Islands,134.6,140.1,58.2,74.2,4.2,359.0,112.0
2016-09-30,Meghalaya,101.3,113.7,105.2,62.5,7.0,1766.0,2251.0
2021-12-31,Andhra Pradesh,127.2,134.0,64.5,72.0,4.1,4942.0,11102.0
2018-01-31,Haryana,114.9,122.7,91.8,66.4,7.3,6499.0,3391.0
2018-06-30,Bihar,115.5,123.1,31.1,65.6,5.4,8591.0,9015.0
2023-05-31,Ladakh,138.0,140.3,89.4,75.1,7.2,351.0,507.0
2018-12-31,Nagaland,112.2,121.9,116.1,65.2,6.2,697.0,637.0
2023-07-31,Odisha,142.4,140.6,104.0,75.1,5.4,6925.0,2275.0
2017-04-30,Ladakh,109.2,121.0,102.0,65.3,7.6,508.0,140.0
2018-05-31,Himachal Pradesh,114.5,118.6,46.1,67.0,7.1,3822.0,4501.0
2023-03-31,Uttar Pradesh,138.9,143.2,120.0,75.6,4.3,15626.0,17372.0
2018-11-30,Arunachal Pradesh,113.5,120.5,55.1,66.2,7.7,541.0,980.0
2023-09-30,Assam,142.6,139.7,82.2,76.7,5.9,6122.0,66.0
2025-04-30,West Bengal,148.2,149.4,46.6,79.4,4.6,7941.0,1930.0
2016-01-31,Punjab,105.4,116.6,68.6,61.9,7.1,7264.0,1387.0
2023-04-30,Odisha,140.0,140.7,85.9,75.1,6.1,3552.0,7303.0
2017-07-31,Odisha,106.1,114.4,82.2,63.1,6.7,6574.0,4546.0
2016-04-30,Manipur,105.5,112.1,106.9,62.7,6.8,1535.0,1206.0
2021-01-31,Goa,126.9,134.2,50.5,72.1,4.8,3990.0,869.0
2019-06-30,Andhra Pradesh,121.3,122.8,118.4,68.0,7.9,8210.0,1690.0
2023-04-30,Madhya Pradesh,137.6,143.4,125.7,77.1,4.4,8444.0,2678.0
2024-01-31,Assam,146.0,142.8,72.4,77.6,6.4,3268.0,1612.0
2022-03-31,Haryana,134.1,137.0,51.2,74.7,4.6,15693.0,14914.0
2015-08-31,Tamil Nadu,98.7,111.6,27.1,59.2,7.5,4304.0,274.0
2015-07-31,West Bengal,100.4,109.0,43.4,59.6,4.7,8955.0,9530.0
2017-12-31,Delhi,107.1,115.3,108.5,63.3,5.8,210.0,1826.0
2016-06-30,Puducherry,104.9,113.8,49.2,61.2,4.3,1912.0,1393.0
2015-03-31,Puducherry,101.6,109.0,33.8,61.8,5.8,1239.0,821.0
2017-04-30,Tripura,112.1,120.4,22.3,62.7,4.0,2605.0,3476.0
2020-10-31,Andhra Pradesh,124.1,131.6,29.9,69.3,0.2,6342.0,5008.0
2017-04-30,Gujarat,109.4,119.0,41.6,62.0,6.8,2363.0,12125.0
2019-06-30,West Bengal,117.0,126.0,30.2,67.5,4.7,4222.0,8463.0
2020-05-31,Mizoram,123.5,129.6,69.1,69.8,-0.2,0.0,0.0
2023-04-30,Chandigarh,136.9,141.6,56.1,76.8,5.9,785.0,640.0
2016-09-30,Andhra Pradesh,105.9,110.6,20.6,61.5,5.3,1447.0,7963.0
2016-01-31,West Bengal,106.7,114.0,114.4,60.8,6.7,3661.0,5359.0
2019-09-30,Ladakh,119.1,124.4,77.9,67.5,8.0,199.0,99.0
2019-01-31,Nagaland,117.9,125.8,28.3,68.3,7.8,1105.0,149.0
2024-10-31,Arunachal Pradesh,145.6,146.1,27.8,78.8,7.9,309.0,456.0
2019-06-30,Delhi,118.3,125.0,30.8,67.4,4.1,1078.0,747.0
2019-05-31,Gujarat,121.3,127.9,79.1,67.1,5.0,6214.0,8701.0
2018-08-31,Nagaland,118.9,119.9,26.2,65.6,7.7,571.0,62.0
2018-11-30,Gujarat,113.2,121.0,76.8,66.3,4.2,6844.0,9502.0
2019-05-31,Bihar,118.5,125.3,85.3,68.8,5.5,1370.0,2036.0
2021-02-28,Mizoram,127.1,136.3,34.8,71.0,6.6,0.0,0.0
2018-10-31,Odisha,115.3,122.1,68.8,65.3,7.9,2200.0,3393.0
2016-01-31,Chhattisgarh,105.2,114.0,116.4,59.9,5.1,5387.0,3333.0
2023-06-30,Madhya Pradesh,139.5,143.7,124.4,73.9,7.1,2919.0,5470.0
2016-12-31,Kerala,105.0,113.0,92.3,60.9,6.6,5160.0,3392.0
2015-02-28,Bihar,97.9,111.8,71.8,59.0,6.5,3973.0,4457.0
2021-09-30,Tripura,126.7,134.8,59.4,71.5,7.0,971.0,215.0
2023-04-30,Dadra and Nagar Haveli and Daman and Diu,138.5,144.5,78.2,76.3,5.0,213.0,770.0
2024-03-31,Manipur,141.2,145.2,115.8,77.9,5.4,3353.0,304.0
2023-06-30,West Bengal,138.2,141.4,90.5,76.3,6.2,1331.0,1085.0
2016-05-31,Karnataka,105.6,114.3,96.5,62.9,5.8,3089.0,9590.0
2015-12-31,Andaman and Nicobar Islands,100.1,109.9,117.0,60.2,6.9,836.0,892.0
2024-08-31,Chhattisgarh,141.5,147.5,100.9,77.8,7.2,4538.0,2656.0
2016-12-31,Arunachal Pradesh,107.1,113.6,80.3,62.5,6.1,1137.0,1370.0
2017-05-31,Punjab,109.6,115.9,60.6,62.1,5.6,4086.0,8994.0
2025-02-28,Sikkim,147.4,152.7,47.6,79.7,7.6,0.0,0.0
2022-06-30,Uttarakhand,134.3,141.8,68.9,74.6,7.0,1171.0,4601.0
2020-05-31,Rajasthan,123.8,126.9,43.2,69.9,-1.1,2979.0,3805.0
2021-12-31,Punjab,128.3,135.0,23.5,72.2,4.2,5026.0,1733.0
2024-11-30,Lakshadweep,146.6,147.5,81.1,77.8,6.1,0.0,0.0
2016-04-30,Ladakh,102.8,114.5,106.2,62.6,4.5,205.0,68.0
2023-08-31,Assam,140.4,145.1,141.2,76.9,6.6,2945.0,908.0
2022-08-31,Haryana,132.3,135.3,126.7,71.9,5.2,7117.0,279.0
2017-03-31,Chandigarh,109.9,116.9,37.2,63.3,7.0,673.0,824.0
2017-09-30,Bihar,110.5,118.2,35.5,62.0,7.1,646.0,1183.0
2019-07-31,Gujarat,120.5,127.8,59.3,64.0,5.2,8366.0,4546.0
2015-07-31,Telangana,100.2,112.4,42.5,60.6,7.9,747.0,6985.0
2019-09-30,Himachal Pradesh,119.5,123.6,87.6,68.8,6.1,2948.0,748.0
2025-06-30,Puducherry,147.9,146.4,34.1,79.5,4.9,694.0,1136.0
2015-12-31,Jammu and Kashmir,97.9,111.6,64.4,59.3,7.1,86.0,1959.0
2016-04-30,Himachal Pradesh,105.6,114.2,48.0,61.8,7.0,1998.0,5431.0
2018-07-31,Manipur,112.5,122.3,79.5,68.8,5.7,610.0,1076.0
2024-09-30,Kerala,142.0,147.6,119.6,77.0,6.6,1039.0,821.0
2024-03-31,Bihar,147.9,144.4,134.8,76.7,4.1,3358.0,9795.0
2019-03-31,Mizoram,119.5,125.5,116.4,68.6,5.2,0.0,0.0
2021-03-31,Himachal Pradesh,131.3,135.0,55.1,72.7,7.5,101.0,3289.0
2015-08-31,Dadra and Nagar Haveli and Daman and Diu,101.7,108.1,105.6,60.4,4.9,409.0,174.0
2018-09-30,Chandigarh,115.1,120.9,79.2,66.1,7.6,291.0,231.0
2019-11-30,Nagaland,119.2,126.2,89.2,67.7,6.3,1281.0,662.0
2023-08-31,Rajasthan,139.3,143.0,126.1,74.5,7.6,2718.0,5726.0
2023-02-28,Mizoram,143.2,139.1,39.6,77.9,4.5,0.0,0.0
2021-07-31,Jammu and Kashmir,128.9,135.3,114.7,73.9,5.9,1737.0,1268.0
2025-04-30,Mizoram,150.4,150.9,89.7,79.5,5.2,0.0,0.0
2015-04-30,Mizoram,101.4,108.3,53.6,61.4,7.5,0.0,0.0
2022-06-30,Tripura,135.5,142.5,64.6,74.3,5.4,1171.0,1372.0
2023-08-31,Madhya Pradesh,142.2,140.1,114.1,74.2,6.4,3586.0,256.0
2024-11-30,Telangana,144.2,147.5,105.4,76.3,7.3,552.0,3803.0
2019-08-31,Manipur,121.3,126.6,92.9,68.8,4.9,2277.0,1841.0
2022-12-31,Rajasthan,131.4,137.2,54.4,75.3,4.2,3801.0,199.0
2021-03-31,Kerala,132.7,134.2,37.0,72.4,6.0,655.0,6048.0
2017-08-31,Maharashtra,112.2,119.1,92.2,64.3,6.7,2061.0,6190.0
2017-04-30,West Bengal,109.4,123.7,49.8,63.1,6.9,5853.0,2382.0
2016-10-31,Tripura,105.9,111.1,42.2,60.9,5.7,1155.0,2200.0
2016-05-31,West Bengal,106.8,108.6,41.5,62.8,4.3,2719.0,11578.0
2019-11-30,Dadra and Nagar Haveli and Daman and Diu,117.9,124.0,34.8,68.0,5.6,206.0,411.0
2022-06-30,Ladakh,134.7,137.9,75.2,73.9,4.5,361.0,387.0
2023-10-31,Meghalaya,137.4,143.3,55.3,77.3,4.3,770.0,41.0
2017-02-28,Andaman and Nicobar Islands,112.3,118.2,109.4,65.7,5.2,734.0,378.0
2017-01-31,Karnataka,111.6,117.7,88.9,64.6,7.1,6306.0,782.0
2018-09-30,Uttar Pradesh,114.4,125.1,94.4,65.1,7.1,4693.0,7574.0
2021-11-30,Uttarakhand,129.2,132.4,60.4,72.1,6.4,374.0,2129.0
2015-11-30,Chandigarh,99.7,113.3,80.0,59.6,7.3,393.0,281.0
2023-08-31,Assam,138.2,143.2,84.1,75.9,6.0,6520.0,6444.0
2020-08-31,Jharkhand,124.7,133.0,22.0,68.8,-1.7,2429.0,935.0
2022-11-30,Lakshadweep,132.9,136.1,29.7,75.3,6.3,0.0,0.0
2020-05-31,Chhattisgarh,126.8,129.3,53.0,69.5,-0.1,2655.0,2626.0
2019-01-31,Himachal Pradesh,122.3,123.1,32.1,69.6,4.1,4449.0,3454.0
2019-04-30,Uttar Pradesh,121.9,126.6,25.7,67.9,7.9,7132.0,9127.0
2023-06-30,Jammu and Kashmir,137.6,142.6,77.0,75.5,7.0,2378.0,645.0
2019-09-30,Chhattisgarh,119.6,130.0,93.8,67.3,6.7,2672.0,2930.0
2018-11-30,Meghalaya,116.2,122.2,96.9,65.3,6.5,2687.0,682.0
2017-02-28,Madhya Pradesh,111.5,115.0,107.3,64.2,5.0,2327.0,7141.0
2024-06-30,Chandigarh,141.3,147.9,47.9,77.9,7.5,335.0,56.0
2015-05-31,Karnataka,101.5,108.2,118.6,60.8,7.9,11591.0,503.0
2021-12-31,Chandigarh,127.5,131.5,96.3,71.2,7.7,919.0,813.0
2019-04-30,Rajasthan,119.7,127.4,35.7,68.2,4.4,5016.0,7240.0
2023-09-30,Bihar,142.5,140.5,124.9,77.2,6.9,1566.0,1499.0
2019-06-30,Mizoram,122.2,124.8,69.9,69.4,6.2,0.0,0.0
2016-03-31,Delhi,107.7,116.8,26.7,61.3,7.2,33.0,512.0
2020-01-31,Dadra and Nagar Haveli and Daman and Diu,122.9,131.0,19.9,69.7,1.5,791.0,284.0
2025-02-28,Goa,148.4,151.2,76.1,79.4,7.8,2602.0,3352.0
2016-09-30,Delhi,103.9,111.2,73.1,61.1,5.3,2017.0,1336.0
2018-10-31,Uttarakhand,114.7,123.4,114.7,66.7,7.0,417.0,2868.0
2018-02-28,Tripura,115.4,121.4,41.6,64.9,6.0,1764.0,2443.0
2020-02-29,Odisha,127.6,129.1,40.4,72.2,-1.8,604.0,38.0
2022-02-28,Arunachal Pradesh,133.1,138.8,51.1,74.2,4.5,2128.0,1334.0
2021-06-30,Andhra Pradesh,128.7,134.0,75.8,71.8,6.4,2144.0,8455.0
2018-10-31,Maharashtra,117.8,119.1,110.9,68.0,6.3,7603.0,9833.0
2015-03-31,Manipur,97.7,111.9,76.8,58.7,6.9,2761.0,3019.0
2015-06-30,Sikkim,101.5,112.1,71.0,59.2,5.2,0.0,0.0
2022-09-30,Mizoram,134.8,136.8,114.0,72.7,7.3,0.0,0.0
2015-08-31,Lakshadweep,100.8,111.2,34.8,60.0,7.8,0.0,0.0
2023-12-31,Delhi,138.4,143.8,132.7,75.4,7.5,153.0,1647.0
2021-03-31,Andhra Pradesh,131.4,130.3,77.8,70.7,5.6,13373.0,2959.0
2021-05-31,Odisha,128.7,133.0,88.6,70.8,7.0,4383.0,6412.0
2019-02-28,Jammu and Kashmir,117.2,121.6,101.9,68.3,5.5,2637.0,1706.0
2015-11-30,Bihar,101.0,111.3,83.5,60.6,7.5,7089.0,3685.0
2022-11-30,Karnataka,130.0,138.9,100.9,72.6,5.5,3822.0,214.0
2020-10-31,Assam,123.9,128.7,55.8,69.8,2.0,5719.0,6610.0
2016-04-30,Arunachal Pradesh,105.6,113.7,25.2,61.6,6.0,1744.0,2278.0
2020-08-31,Ladakh,126.5,129.3,34.9,69.3,1.8,205.0,240.0
2023-03-31,Tamil Nadu,142.5,137.9,139.6,77.6,6.3,11677.0,6916.0
2018-12-31,Karnataka,118.6,124.6,45.8,65.9,6.3,786.0,8122.0
2020-04-30,Jammu and Kashmir,127.9,130.5,44.5,70.2,0.6,652.0,1610.0
2022-06-30,Andaman and Nicobar Islands,135.4,137.7,45.1,74.7,6.4,844.0,278.0
2021-04-30,Gujarat,132.3,133.7,52.3,72.1,7.9,13157.0,11477.0
2023-05-31,Odisha,140.4,143.4,110.0,76.0,5.5,9585.0,1038.0
2022-05-31,Goa,136.4,134.8,101.2,74.8,5.7,1297.0,3481.0
2016-06-30,Tripura,103.8,112.2,61.4,61.4,5.1,2020.0,2292.0
2016-07-31,Meghalaya,105.9,114.4,113.8,61.5,4.7,2356.0,735.0
2019-07-31,Tamil Nadu,119.1,128.2,97.5,67.0,5.2,9627.0,7519.0
2023-06-30,Karnataka,139.7,137.2,56.2,77.4,4.9,10426.0,1198.0
2024-10-31,Delhi,145.9,148.0,79.9,78.6,5.7,1384.0,2025.0
2015-04-30,Haryana,104.2,108.6,107.8,60.2,4.9,1466.0,7973.0
2023-12-31,Ladakh,140.8,141.4,26.7,77.6,6.1,399.0,25.0
2024-07-31,Tripura,145.0,146.1,93.8,76.8,5.1,1937.0,2615.0
2017-05-31,Jammu and Kashmir,108.3,115.8,43.2,63.9,5.7,247.0,4039.0
2019-11-30,Madhya Pradesh,121.8,123.5,26.4,66.5,4.5,3018.0,174.0
2025-05-31,Goa,149.3,150.4,133.5,78.6,4.7,1532.0,1338.0
2023-02-28,Jammu and Kashmir,140.7,145.8,122.0,77.1,6.5,1168.0,3889.0
2016-05-31,Bihar,106.4,112.1,38.5,63.7,6.3,4976.0,3389.0
2023-11-30,Meghalaya,142.5,140.1,124.4,75.6,4.7,837.0,2679.0
2018-07-31,Karnataka,116.7,119.6,34.6,65.6,5.2,6126.0,412.0
2021-08-31,Telangana,127.6,133.5,67.6,71.6,4.9,6607.0,5407.0
2015-08-31,Maharashtra,96.6,108.0,92.6,61.7,7.2,2276.0,1221.0
2023-10-31,Haryana,141.4,140.1,88.1,75.4,5.5,4366.0,2407.0
2015-08-31,Chandigarh,100.2,110.4,105.1,61.7,5.6,580.0,144.0
2022-12-31,Dadra and Nagar Haveli and Daman and Diu,135.8,135.1,98.0,74.0,6.7,524.0,637.0
2022-10-31,Goa,138.4,141.2,75.8,73.5,5.3,2213.0,2532.0
2020-05-31,Telangana,123.8,127.6,67.5,70.3,1.7,4979.0,2090.0
2018-03-31,Andhra Pradesh,117.6,124.3,23.6,67.9,7.2,4889.0,5468.0
2021-09-30,Rajasthan,128.8,137.9,68.8,72.2,7.2,3850.0,3505.0
2021-12-31,Goa,133.1,136.4,86.1,71.8,6.4,1980.0,1893.0
2022-04-30,Manipur,136.5,140.1,124.3,74.5,6.2,212.0,2427.0
2022-02-28,Lakshadweep,132.0,139.6,88.9,73.8,4.7,0.0,0.0
2022-09-30,Nagaland,134.2,138.4,130.3,72.9,5.9,33.0,1400.0
2022-02-28,Lakshadweep,138.8,140.4,75.2,73.9,5.1,0.0,0.0
2018-08-31,Kerala,118.6,121.5,51.7,66.9,6.9,1842.0,5903.0
2021-02-28,Karnataka,131.2,135.7,117.4,72.4,6.5,4485.0,7498.0
2017-12-31,Puducherry,110.7,120.2,86.7,62.7,5.5,882.0,1772.0
2023-05-31,Arunachal Pradesh,140.5,143.0,75.1,76.8,6.1,568.0,729.0
2023-08-31,Sikkim,140.9,141.5,129.4,76.5,5.7,0.0,0.0
2020-06-30,Rajasthan,124.7,131.0,53.0,70.1,0.2,2227.0,2020.0
2019-07-31,Goa,122.4,125.3,83.8,69.1,7.1,2866.0,1396.0
2022-07-31,Goa,136.2,136.9,111.4,74.9,7.6,2394.0,3152.0
2016-10-31,Kerala,103.1,115.6,93.8,62.9,7.7,1492.0,3071.0
2023-05-31,Bihar,141.3,142.3,83.2,74.2,7.2,5357.0,6251.0
2025-01-31,Gujarat,150.3,151.6,74.3,80.6,7.3,12124.0,12944.0
2022-09-30,Kerala,134.4,138.3,133.1,73.7,4.2,5127.0,191.0
2023-12-31,Chandigarh,143.8,143.0,83.7,76.3,7.1,117.0,118.0
2015-10-31,Himachal Pradesh,100.2,112.8,41.6,59.1,5.2,2198.0,178.0
2015-09-30,Gujarat,96.1,109.7,72.2,60.9,4.6,4912.0,7218.0
2017-10-31,Sikkim,109.5,117.2,23.4,65.1,6.1,0.0,0.0
2025-09-30,Uttarakhand,152.0,150.9,110.8,79.9,6.3,386.0,276.0
2022-05-31,Jammu and Kashmir,133.1,132.8,39.2,72.3,5.9,2349.0,53.0
2022-09-30,Telangana,136.9,139.4,37.4,74.5,6.6,5065.0,1022.0
2020-11-30,Maharashtra,123.0,128.3,68.8,70.2,-0.4,10463.0,9948.0
2020-07-31,Ladakh,127.7,133.4,58.4,68.1,0.3,102.0,106.0
2024-09-30,Madhya Pradesh,143.9,147.6,73.7,78.0,6.5,235.0,6295.0
2022-10-31,Karnataka,134.3,139.8,52.7,74.8,4.2,503.0,4362.0
2023-03-31,Lakshadweep,139.1,143.9,125.2,73.8,5.8,0.0,0.0
2024-05-31,Chhattisgarh,146.2,145.1,140.2,78.1,4.4,5937.0,1300.0
2023-07-31,Mizoram,143.7,141.5,85.0,76.2,5.8,0.0,0.0
2022-07-31,Arunachal Pradesh,135.0,134.6,93.6,74.2,4.7,85.0,221.0
2022-06-30,Lakshadweep,135.0,141.0,53.2,73.8,6.9,0.0,0.0
2016-05-31,Tamil Nadu,103.9,111.4,78.9,62.2,7.6,11805.0,3157.0
2016-06-30,Chhattisgarh,101.7,114.0,60.1,61.8,4.7,767.0,2607.0
2024-08-31,Haryana,144.1,148.5,125.5,77.7,6.9,3196.0,908.0
2022-09-30,Uttarakhand,132.5,141.1,69.3,74.5,4.6,2626.0,3111.0
2022-07-31,Arunachal Pradesh,131.2,137.5,101.9,76.6,5.7,4.0,1029.0
2021-10-31,Gujarat,129.8,130.6,40.3,72.0,6.5,6405.0,9756.0
2020-08-31,Sikkim,123.9,130.5,17.4,69.3,1.5,0.0,0.0
2024-06-30,Gujarat,147.8,146.7,28.8,77.9,4.2,8034.0,3322.0
2015-01-31,Himachal Pradesh,98.3,110.8,61.6,59.9,5.5,768.0,4078.0
2019-10-31,Jammu and Kashmir,121.3,125.4,36.4,67.3,5.9,1600.0,3148.0
2024-01-31,Telangana,146.3,145.7,143.2,77.3,5.6,616.0,4746.0
2024-08-31,Ladakh,147.7,144.6,119.8,77.1,6.7,104.0,209.0
2022-03-31,Nagaland,134.6,138.3,107.2,73.4,7.6,102.0,97.0
2015-10-31,Uttar Pradesh,102.6,111.6,100.3,60.1,6.7,6649.0,4380.0
2019-11-30,Manipur,121.1,126.5,46.3,67.9,6.4,62.0,1643.0
2018-05-31,Sikkim,117.3,121.9,107.9,67.1,4.6,0.0,0.0
2023-09-30,Tripura,144.8,144.2,143.5,74.0,5.4,1998.0,1752.0
2025-02-28,Tripura,149.8,150.5,58.8,79.8,6.2,1687.0,1707.0
2016-10-31,Tripura,105.3,114.1,118.5,61.4,7.7,2332.0,1815.0
2023-02-28,Tripura,139.3,142.2,62.4,74.8,5.2,318.0,1534.0
2020-08-31,Gujarat,128.1,127.6,12.7,69.2,1.8,4148.0,1115.0
2019-08-31,Telangana,125.2,123.8,56.7,66.2,6.4,6292.0,2095.0
2023-03-31,Odisha,141.5,141.8,143.7,75.8,7.6,4036.0,10581.0
2021-04-30,Sikkim,126.8,132.5,83.5,72.0,6.2,0.0,0.0
2017-02-28,Tamil Nadu,108.2,117.9,89.5,62.6,4.7,1358.0,6969.0
2024-07-31,Punjab,147.3,147.7,52.6,77.9,4.3,9660.0,10979.0
2024-01-31,Punjab,142.7,147.4,41.5,78.1,7.6,14599.0,1483.0
2018-11-30,Gujarat,113.8,122.8,108.6,65.1,6.7,7984.0,1060.0
2020-11-30,Puducherry,123.7,131.7,36.8,70.1,1.4,727.0,803.0
2018-04-30,Karnataka,114.8,124.1,20.4,66.1,6.9,3699.0,11141.0
2016-11-30,Haryana,105.5,116.0,49.4,61.8,6.9,7388.0,1771.0
2023-10-31,Karnataka,136.2,143.9,47.5,76.8,7.1,3390.0,717.0
2021-12-31,Tripura,126.9,131.6,80.4,73.0,7.6,1484.0,1065.0
2024-08-31,Dadra and Nagar Haveli and Daman and Diu,142.0,142.2,114.7,79.1,4.6,266.0,697.0
2024-01-31,Uttar Pradesh,142.2,144.4,83.7,77.1,7.8,14020.0,11210.0
2018-05-31,Jharkhand,115.0,121.1,38.6,65.8,8.0,6067.0,4321.0
2024-04-30,Delhi,145.4,147.9,31.0,76.0,4.1,2179.0,330.0
2024-04-30,Gujarat,147.0,145.8,61.6,78.7,4.4,147.0,2955.0
2023-07-31,Ladakh,141.1,141.0,120.7,76.8,5.7,354.0,418.0
2018-10-31,Punjab,113.8,122.3,62.0,67.1,4.1,2848.0,2091.0
2020-08-31,Manipur,125.5,131.1,27.1,71.9,-1.3,2073.0,941.0
2025-02-28,Meghalaya,152.1,151.6,26.5,81.1,6.6,3442.0,3382.0
2016-03-31,Jammu and Kashmir,104.5,113.2,69.6,62.5,7.1,1605.0,2687.0
2025-09-30,Rajasthan,149.4,148.1,106.2,80.1,8.0,3806.0,3584.0
2024-03-31,Jammu and Kashmir,143.1,144.4,46.8,80.6,7.7,4682.0,1724.0
2016-12-31,Puducherry,103.4,114.2,73.7,62.3,5.2,1452.0,1162.0
2017-03-31,Andhra Pradesh,111.4,115.9,62.1,66.4,5.6,7497.0,2136.0
2018-04-30,Himachal Pradesh,115.0,123.9,90.4,65.3,7.1,4421.0,2332.0
2016-12-31,Chandigarh,108.9,111.9,106.1,61.7,5.6,129.0,11.0
2016-12-31,Rajasthan,103.6,110.9,50.7,62.8,6.8,1040.0,4833.0
2015-04-30,Nagaland,101.5,110.3,110.5,57.0,7.7,1757.0,108.0
2020-07-31,Sikkim,125.8,129.4,54.4,69.8,0.4,0.0,0.0
2017-10-31,Uttar Pradesh,109.8,118.9,23.7,65.2,6.2,5133.0,11100.0
2024-08-31,Kerala,144.1,145.0,118.9,77.6,7.4,2691.0,3499.0
2016-11-30,Dadra and Nagar Haveli and Daman and Diu,106.2,114.8,69.5,62.0,5.9,788.0,891.0
2024-01-31,Ladakh,146.1,148.0,137.5,76.4,5.2,39.0,348.0
2020-09-30,Arunachal Pradesh,125.4,128.8,31.4,69.6,-0.2,750.0,863.0
2022-11-30,Meghalaya,135.9,139.0,94.9,73.2,4.3,545.0,2415.0
2020-02-29,Tamil Nadu,125.1,133.6,69.4,70.8,-0.1,3701.0,1798.0
2019-09-30,Jammu and Kashmir,116.7,127.5,47.1,68.8,6.7,2268.0,3137.0
2019-06-30,Goa,120.2,124.4,67.2,67.2,4.2,962.0,1876.0
2020-10-31,Ladakh,124.5,130.7,57.1,69.1,-0.3,27.0,138.0
2023-05-31,Sikkim,143.9,139.4,106.9,77.6,4.4,0.0,0.0
2019-09-30,Karnataka,121.3,123.7,103.9,66.7,5.6,2062.0,4817.0
2023-07-31,Puducherry,140.4,145.0,86.4,76.8,4.4,1413.0,33.0
2022-01-31,Rajasthan,135.9,138.8,62.3,74.0,7.0,1635.0,288.0
2020-01-31,Madhya Pradesh,123.0,133.1,44.1,71.1,-1.7,1116.0,1563.0
2015-03-31,Nagaland,98.8,110.9,55.0,60.2,4.8,71.0,1051.0
2025-08-31,Chandigarh,149.3,148.9,45.2,79.5,5.0,341.0,241.0
2022-02-28,Telangana,135.8,138.1,90.6,72.8,4.6,3360.0,5672.0
2018-11-30,Andhra Pradesh,114.1,122.5,24.8,64.9,4.7,8692.0,10531.0
2021-04-30,West Bengal,129.0,138.4,23.7,70.7,5.2,10542.0,5031.0
2018-02-28,Bihar,112.9,123.4,26.5,65.9,5.1,10272.0,9669.0
2022-03-31,Bihar,135.1,136.5,104.7,74.8,5.5,10947.0,787.0
2019-10-31,Maharashtra,120.3,125.6,60.7,67.1,6.1,3799.0,500.0
2019-02-28,Karnataka,120.9,126.9,69.4,67.0,6.9,4148.0,3621.0
2017-06-30,Tamil Nadu,108.6,115.8,54.3,64.2,7.5,10015.0,10394.0
2023-05-31,Kerala,140.7,142.0,54.4,77.4,5.8,6117.0,2489.0
2017-01-31,Bihar,107.9,117.6,55.8,64.8,7.6,76.0,7376.0
2024-04-30,Andhra Pradesh,144.6,147.0,47.2,77.9,6.7,7031.0,2919.0
2025-06-30,Jharkhand,150.6,149.8,105.5,79.0,6.9,1055.0,3359.0
2025-03-31,Gujarat,149.5,147.2,36.2,80.0,6.1,1876.0,7906.0
2018-11-30,Arunachal Pradesh,111.9,121.9,71.7,66.9,6.1,1649.0,1425.0
2024-10-31,Tamil Nadu,142.1,147.5,81.2,78.6,6.1,8562.0,2258.0
2018-03-31,Puducherry,115.4,124.9,50.2,66.3,6.0,2285.0,1140.0
2016-04-30,Kerala,106.2,115.9,30.2,63.1,5.8,5919.0,2759.0
2016-10-31,Kerala,105.7,110.8,90.3,63.5,7.1,6576.0,2896.0
2019-06-30,Meghalaya,121.2,123.3,77.0,68.8,5.6,563.0,1722.0
2016-04-30,Haryana,104.4,111.9,100.9,60.0,4.8,4198.0,7161.0
2019-11-30,Goa,121.5,129.0,43.6,69.0,4.5,749.0,1392.0
2017-07-31,Manipur,110.7,119.0,99.2,63.9,7.5,250.0,769.0
2017-08-31,Karnataka,108.7,123.3,49.2,64.1,7.5,2262.0,8619.0
2015-09-30,Chandigarh,101.0,112.6,31.3,59.7,5.0,474.0,21.0
2015-10-31,Jharkhand,100.6,110.2,33.5,59.3,4.5,4533.0,3197.0
2016-05-31,Tamil Nadu,108.3,113.1,42.1,59.6,7.8,4080.0,4433.0
2020-08-31,Nagaland,127.8,130.7,52.9,70.3,1.4,52.0,1611.0
2018-12-31,Himachal Pradesh,114.8,123.7,44.4,64.7,4.4,4302.0,327.0
2024-03-31,Himachal Pradesh,144.2,148.4,96.5,78.5,4.9,4089.0,2695.0
2025-03-31,Goa,153.1,149.4,54.8,79.6,6.8,3880.0,2992.0
2023-05-31,Meghalaya,141.1,146.4,67.8,77.1,4.3,1362.0,1440.0
2023-06-30,Kerala,139.7,141.9,130.8,77.7,5.7,5213.0,5238.0
2020-05-31,Arunachal Pradesh,121.0,132.4,42.0,69.9,1.9,1227.0,1945.0
2019-03-31,Mizoram,118.5,126.7,80.0,67.5,6.7,0.0,0.0
2017-12-31,Uttar Pradesh,108.3,117.3,38.9,63.3,4.8,13078.0,3027.0
2021-09-30,Himachal Pradesh,129.7,130.1,33.2,72.4,7.9,3802.0,3229.0
2025-07-31,Chhattisgarh,151.2,147.5,73.6,79.4,4.6,5727.0,4262.0
2022-04-30,West Bengal,136.5,140.4,126.6,74.0,6.4,8409.0,3215.0
2023-08-31,Chandigarh,143.0,143.5,52.9,75.1,5.3,518.0,347.0
2016-03-31,Mizoram,106.9,115.2,82.2,62.1,4.5,0.0,0.0
2022-12-31,Odisha,132.4,141.1,128.7,75.7,6.2,5959.0,7881.0
2025-03-31,Goa,152.1,148.0,136.1,79.3,4.7,2103.0,1392.0
2015-01-31,Bihar,103.5,109.1,119.4,60.0,6.7,1771.0,4433.0
2025-02-28,Maharashtra,153.4,149.2,115.6,80.5,4.1,4340.0,6820.0
2025-06-30,Meghalaya,147.6,147.3,33.0,81.3,6.0,302.0,2206.0
2019-09-30,Lakshadweep,119.6,124.4,107.1,69.2,4.9,0.0,0.0
2021-09-30,Dadra and Nagar Haveli and Daman and Diu,131.9,131.9,108.6,72.7,7.8,245.0,287.0
2021-01-31,Chhattisgarh,127.7,130.9,75.7,72.4,6.8,1318.0,7455.0
2020-10-31,Mizoram,121.6,128.2,16.0,72.9,-1.2,0.0,0.0
2015-06-30,Bihar,100.6,109.9,67.7,60.7,6.8,1469.0,4823.0
2021-12-31,Telangana,128.6,137.6,41.1,72.3,6.7,5040.0,1767.0
2019-04-30,Goa,116.7,124.0,64.2,69.2,4.6,3075.0,2594.0
2015-03-31,Chandigarh,102.5,112.1,92.4,60.6,8.0,1011.0,1088.0
2021-09-30,Karnataka,130.3,134.4,86.8,74.5,6.6,6112.0,5546.0
2020-03-31,Uttarakhand,124.0,130.9,58.8,69.4,0.5,3632.0,1003.0
2019-01-31,Himachal Pradesh,118.1,126.3,67.7,68.0,6.0,4858.0,1981.0
2021-04-30,Telangana,130.3,130.3,71.1,70.7,5.1,7300.0,4653.0
2024-04-30,Punjab,146.0,143.9,136.3,77.9,5.7,15889.0,7172.0
2024-01-31,Madhya Pradesh,145.7,147.1,99.7,76.8,5.6,4928.0,1650.0
2020-05-31,West Bengal,122.0,130.1,56.9,70.1,0.1,6704.0,2451.0
2021-09-30,Dadra and Nagar Haveli and Daman and Diu,131.0,130.7,86.5,71.3,6.7,636.0,294.0
2016-03-31,Lakshadweep,106.4,113.6,84.0,62.8,7.0,0.0,0.0
2023-04-30,Jammu and Kashmir,139.3,143.2,133.6,75.5,4.2,403.0,1477.0
2017-08-31,Odisha,112.1,115.5,55.6,64.7,5.0,6945.0,6415.0
2022-12-31,Gujarat,133.3,137.2,75.3,73.8,6.7,2775.0,6154.0
2025-08-31,Assam,152.6,153.0,69.6,81.2,5.3,3858.0,1995.0
2024-05-31,Chandigarh,145.3,147.2,115.8,77.9,7.7,382.0,1076.0
2021-11-30,Dadra and Nagar Haveli and Daman and Diu,129.0,137.2,106.8,71.6,4.5,125.0,820.0
2018-07-31,Himachal Pradesh,114.4,121.2,55.8,64.2,7.7,1594.0,1076.0
2024-08-31,Puducherry,147.0,148.2,41.1,76.7,7.7,431.0,468.0
2021-06-30,Sikkim,130.5,131.9,69.4,72.7,7.8,0.0,0.0
2019-10-31,Uttarakhand,121.3,127.7,118.4,66.7,4.3,3483.0,1107.0
2017-09-30,Uttarakhand,112.1,116.6,40.4,65.0,5.1,3447.0,3877.0
2016-02-29,Delhi,103.9,114.9,65.2,61.6,5.0,981.0,1989.0
2019-11-30,Goa,120.3,127.0,47.1,68.0,7.5,1642.0,3048.0
2021-11-30,Uttarakhand,129.6,135.4,112.3,72.6,7.2,1387.0,3441.0
2025-01-31,Lakshadweep,152.0,148.0,90.1,81.1,4.6,0.0,0.0
2021-11-30,Sikkim,129.2,134.6,77.9,70.5,4.6,0.0,0.0
2017-03-31,Madhya Pradesh,110.1,118.1,20.8,62.6,5.9,5650.0,7944.0
2021-08-31,Lakshadweep,134.6,136.5,85.3,71.7,4.7,0.0,0.0
2016-01-31,Uttarakhand,107.6,112.7,50.6,63.2,5.9,1128.0,1153.0
2020-04-30,Chandigarh,122.9,127.4,42.8,70.0,1.6,360.0,884.0
2021-08-31,Jammu and Kashmir,131.8,130.7,73.1,73.2,6.0,1592.0,2286.0
2025-03-31,Madhya Pradesh,151.4,149.4,95.1,78.3,6.9,8982.0,7011.0
2018-07-31,Andhra Pradesh,112.8,121.1,102.4,65.4,5.0,4030.0,5515.0
2022-05-31,Uttarakhand,134.8,137.4,59.9,74.1,5.1,1532.0,362.0
2022-11-30,Sikkim,133.1,137.4,54.7,72.9,6.4,0.0,0.0
2015-02-28,Telangana,95.2,112.8,99.6,58.8,7.4,9041.0,1686.0
2024-12-31,Tamil Nadu,144.7,145.7,110.2,77.2,6.1,9727.0,8738.0
2016-10-31,Jammu and Kashmir,104.0,116.3,42.6,61.6,4.8,355.0,3249.0
2024-07-31,Himachal Pradesh,142.8,146.8,24.1,76.9,4.9,176.0,3577.0
2019-09-30,Uttarakhand,120.0,124.2,86.6,69.2,6.5,1714.0,3461.0
2020-12-31,Gujarat,120.8,130.0,21.4,70.2,0.8,8740.0,728.0
2015-07-31,Telangana,100.1,113.1,115.7,60.3,4.3,1944.0,7715.0
2024-11-30,Meghalaya,145.0,148.0,96.5,78.3,4.4,397.0,185.0
2024-06-30,Tamil Nadu,146.4,148.4,126.0,79.6,5.6,1697.0,7923.0
2016-04-30,Gujarat,101.8,115.0,100.6,64.0,5.4,558.0,6093.0
2021-11-30,Sikkim,134.3,133.0,75.8,71.7,4.0,0.0,0.0
2020-12-31,Andaman and Nicobar Islands,128.5,133.3,38.3,70.5,1.0,253.0,685.0
2025-04-30,Punjab,148.5,151.1,83.6,79.7,5.4,3084.0,6973.0
2024-05-31,Goa,147.9,147.9,120.4,78.9,5.7,4072.0,1690.0
2015-12-31,Dadra and Nagar Haveli and Daman and Diu,101.7,110.2,84.0,61.4,5.6,114.0,370.0
2025-06-30,Uttarakhand,149.1,147.9,48.7,80.0,5.3,2273.0,2292.0
2019-05-31,Himachal Pradesh,118.8,126.8,80.9,68.9,7.2,3901.0,686.0
2021-03-31,Tripura,128.9,137.4,60.5,71.7,5.7,1662.0,914.0
2017-03-31,Delhi,115.7,119.6,26.1,65.2,6.6,1600.0,623.0
2023-01-31,Madhya Pradesh,142.7,143.1,69.8,75.1,7.3,2072.0,4865.0
2015-05-31,Uttarakhand,99.6,108.3,42.8,58.9,7.4,1657.0,878.0
2019-09-30,Odisha,119.8,129.0,103.9,68.6,7.4,4461.0,6023.0
2021-06-30,Meghalaya,131.7,136.7,30.5,73.1,6.0,2464.0,2502.0
2020-09-30,Maharashtra,126.6,126.4,33.6,70.7,1.8,179.0,7135.0
2024-10-31,Bihar,143.1,147.9,107.5,79.1,5.3,8258.0,6006.0
2024-12-31,Sikkim,145.6,145.5,131.7,77.1,7.4,0.0,0.0
2019-11-30,Andhra Pradesh,118.9,126.6,53.5,67.9,4.9,5163.0,4957.0
2017-09-30,Rajasthan,110.3,116.4,80.6,62.4,7.2,4047.0,710.0
2020-02-29,Chandigarh,124.9,130.2,34.4,68.8,0.7,140.0,594.0
2019-02-28,Uttarakhand,122.0,123.8,40.3,69.5,5.2,5713.0,361.0
2024-04-30,Puducherry,144.5,144.4,63.1,77.6,5.5,869.0,1194.0
2016-07-31,Andaman and Nicobar Islands,105.2,115.0,83.6,63.9,6.4,1.0,265.0
2025-03-31,Bihar,146.2,148.5,110.0,80.2,7.7,1330.0,8467.0
2018-11-30,Gujarat,115.6,122.9,57.1,65.8,4.4,4742.0,6725.0
2017-09-30,Delhi,108.4,118.2,35.3,63.8,7.7,1446.0,859.0
2021-12-31,Kerala,127.0,138.8,34.0,73.0,7.3,283.0,2142.0
2021-07-31,Delhi,132.3,132.7,101.3,71.9,6.3,1299.0,547.0
2016-02-29,Telangana,104.9,113.3,85.3,62.0,4.5,9901.0,4367.0
2025-08-31,Andhra Pradesh,145.8,148.6,111.4,80.3,7.2,3494.0,1067.0
2019-06-30,Puducherry,118.4,128.9,68.8,66.7,6.8,552.0,1157.0
2017-05-31,Mizoram,110.0,118.2,65.7,64.1,6.0,0.0,0.0
2016-12-31,Sikkim,105.1,113.7,41.1,62.0,7.5,0.0,0.0
2021-10-31,Uttarakhand,129.0,135.5,36.8,72.5,6.7,1005.0,970.0
2020-03-31,Manipur,118.3,128.3,21.2,71.0,-0.2,168.0,2533.0
2023-09-30,Manipur,138.9,139.3,143.0,75.8,4.2,1923.0,623.0
2019-09-30,Tamil Nadu,122.1,126.6,102.1,68.5,7.0,6958.0,6239.0
2020-02-29,Kerala,127.8,130.3,49.6,68.6,-1.8,5077.0,5195.0
2016-05-31,Uttarakhand,103.8,112.5,41.4,64.0,5.1,3878.0,5490.0
2020-06-30,Himachal Pradesh,128.8,130.7,32.3,71.5,1.6,1595.0,363.0
2015-06-30,Andaman and Nicobar Islands,96.8,113.7,55.1,59.7,7.0,700.0,29.0
2019-10-31,Rajasthan,118.4,126.9,67.8,68.1,7.7,5179.0,5630.0
2020-09-30,Andhra Pradesh,126.8,126.0,37.3,67.8,0.4,6974.0,3293.0
2020-02-29,Kerala,126.5,132.8,68.0,70.7,0.7,2119.0,1035.0
2021-10-31,Andhra Pradesh,130.0,138.0,92.1,71.3,6.4,59.0,4271.0
2020-11-30,Uttarakhand,122.8,131.1,16.9,68.4,0.0,2912.0,1694.0
2015-10-31,Telangana,97.8,110.3,56.0,60.3,7.4,3261.0,5099.0
2023-02-28,Telangana,138.5,138.9,40.0,75.1,5.6,4319.0,8166.0
2022-05-31,Puducherry,132.8,136.3,57.5,73.0,6.7,1413.0,1477.0
2017-11-30,Jammu and Kashmir,110.3,117.4,115.9,64.8,7.8,2230.0,431.0
2015-02-28,Jharkhand,99.8,108.5,90.5,61.6,6.7,4815.0,4169.0
2025-04-30,Telangana,147.7,149.0,24.9,80.3,5.8,6064.0,6318.0
2016-12-31,Uttarakhand,104.3,114.2,52.9,63.3,5.5,4935.0,2180.0
2021-02-28,Gujarat,124.7,132.6,63.9,71.7,4.6,1493.0,7220.0
2016-10-31,Maharashtra,105.7,117.0,80.3,62.6,8.0,1612.0,8667.0
2018-03-31,Jammu and Kashmir,116.4,122.1,70.0,66.2,6.6,1198.0,4779.0
2016-08-31,Manipur,103.2,115.0,27.0,62.5,5.1,441.0,938.0
2018-05-31,Lakshadweep,113.4,123.0,71.6,65.1,4.3,0.0,0.0
2023-12-31,Himachal Pradesh,140.5,142.8,39.6,73.6,7.0,2420.0,3717.0
2021-12-31,Delhi,130.2,134.1,71.9,73.4,7.4,4.0,692.0
2024-03-31,Delhi,146.5,148.0,53.5,77.7,5.7,972.0,2162.0
2020-06-30,Lakshadweep,123.4,132.4,20.7,68.1,-0.4,0.0,0.0
2019-05-31,Rajasthan,118.7,121.9,48.8,68.0,5.3,3756.0,6240.0
2017-10-31,Chhattisgarh,109.6,115.1,30.0,64.4,7.0,5069.0,5655.0
2020-07-31,Karnataka,122.9,128.9,29.0,70.1,0.0,8324.0,8692.0
2017-03-31,Andaman and Nicobar Islands,109.5,115.8,106.7,64.3,5.3,1165.0,993.0
2015-10-31,Haryana,97.9,108.5,50.7,60.1,6.4,2369.0,9172.0
2021-01-31,Uttarakhand,130.8,133.1,67.0,71.7,4.1,3902.0,3057.0
2022-12-31,Kerala,133.1,137.5,86.4,74.2,4.8,1396.0,384.0
2018-12-31,Gujarat,115.5,119.0,37.8,65.8,4.7,2606.0,10523.0
2020-10-31,Jammu and Kashmir,127.9,129.2,38.5,70.2,-1.8,892.0,1478.0
2023-04-30,Goa,140.9,144.8,126.4,76.4,7.1,4681.0,2391.0
2019-11-30,Odisha,120.4,125.5,28.1,68.6,7.6,6217.0,6440.0
2015-02-28,Ladakh,97.3,111.2,112.3,59.5,4.1,516.0,195.0
2020-05-31,Meghalaya,127.8,129.9,64.3,70.7,1.2,503.0,2932.0
2021-11-30,Karnataka,132.2,134.2,105.6,72.4,4.1,6035.0,5899.0
2015-10-31,Ladakh,99.7,109.8,39.9,61.2,7.4,236.0,14.0
2019-05-31,West Bengal,119.2,127.5,68.4,68.2,4.8,3010.0,8137.0
2021-07-31,Tamil Nadu,128.4,132.4,81.6,73.0,7.1,327.0,6007.0
2019-11-30,Jammu and Kashmir,123.6,126.3,30.0,65.8,4.1,181.0,31.0
2018-12-31,Jammu and Kashmir,116.6,120.8,75.7,64.9,5.6,3567.0,3644.0
2025-03-31,Mizoram,148.5,151.3,124.8,81.1,5.4,0.0,0.0
2016-10-31,Bihar,107.2,111.8,113.7,62.3,5.3,619.0,3403.0
2023-04-30,Gujarat,142.7,143.3,57.4,74.9,6.3,6708.0,5752.0
2023-02-28,Nagaland,140.0,142.4,58.6,76.2,5.6,817.0,1434.0
2017-01-31,Tamil Nadu,109.3,115.5,47.1,65.1,5.6,8183.0,11598.0
2017-04-30,West Bengal,108.0,121.5,35.3,62.8,4.8,1635.0,11620.0
2024-05-31,Ladakh,146.4,147.1,75.7,78.3,5.7,439.0,156.0
2018-09-30,Odisha,114.1,119.8,98.4,68.2,7.0,1442.0,839.0
2020-08-31,Rajasthan,124.1,130.3,54.7,69.2,-1.4,2452.0,3184.0
2015-07-31,Jammu and Kashmir,100.0,106.7,110.0,59.1,7.4,2051.0,1500.0
2019-01-31,Arunachal Pradesh,118.4,122.6,55.6,65.5,4.7,1508.0,1557.0
2021-11-30,Mizoram,133.1,136.4,77.2,71.6,7.4,0.0,0.0
2025-09-30,Karnataka,151.9,147.6,116.0,80.9,6.5,1715.0,4875.0
2021-01-31,Madhya Pradesh,130.2,135.6,109.8,71.5,5.7,662.0,5022.0
2018-10-31,West Bengal,113.3,124.3,107.2,68.6,4.1,5847.0,8929.0
2023-10-31,Mizoram,138.4,140.0,79.9,79.4,4.5,0.0,0.0
2017-08-31,Telangana,108.3,122.2,110.7,65.8,5.7,3365.0,1933.0
2015-06-30,Puducherry,97.5,110.2,64.4,59.3,7.5,189.0,1281.0
2021-02-28,Maharashtra,130.6,134.1,110.3,72.3,7.8,1100.0,6559.0
2024-06-30,Goa,143.7,144.0,117.2,77.4,7.7,44.0,3762.0
2017-03-31,Sikkim,108.6,116.0,42.2,63.4,5.1,0.0,0.0
2019-06-30,Punjab,118.4,121.6,113.0,68.3,5.0,4142.0,4834.0
2022-01-31,Tamil Nadu,137.0,136.4,53.1,72.9,7.0,6281.0,7645.0
2025-07-31,Lakshadweep,148.5,152.3,133.0,78.1,7.8,0.0,0.0
2024-03-31,Sikkim,147.5,144.0,97.8,76.6,4.5,0.0,0.0
2016-03-31,Tamil Nadu,104.4,112.1,86.7,62.3,5.5,6565.0,12325.0
2022-09-30,Punjab,132.5,135.4,37.1,75.9,7.3,7709.0,4814.0
2025-03-31,Puducherry,150.9,147.3,31.9,80.9,6.0,1879.0,163.0
2021-01-31,Mizoram,131.8,135.8,116.8,71.9,7.4,0.0,0.0
2022-08-31,Manipur,133.3,135.6,64.4,74.8,4.5,2090.0,2209.0
2016-05-31,Rajasthan,105.1,113.7,104.4,61.9,7.1,4508.0,2009.0
2018-07-31,Andhra Pradesh,115.6,121.3,90.4,67.1,5.6,4201.0,6701.0
2025-01-31,Puducherry,150.2,151.9,96.5,80.8,6.8,936.0,1710.0
2018-05-31,Andaman and Nicobar Islands,114.1,120.3,88.5,63.6,5.2,406.0,556.0
2018-03-31,Arunachal Pradesh,116.8,121.1,28.9,65.4,6.8,454.0,1675.0
2024-05-31,Punjab,144.5,143.8,73.5,78.7,6.8,14276.0,6049.0
2024-03-31,Madhya Pradesh,143.8,144.7,96.8,78.8,5.7,9165.0,369.0
2018-11-30,Haryana,111.5,120.2,106.8,65.5,7.9,2776.0,5197.0
2020-03-31,Tamil Nadu,121.5,129.7,54.9,67.9,-0.7,5603.0,10473.0
2024-02-29,Karnataka,145.4,149.2,54.3,78.2,6.7,11449.0,3911.0
2020-09-30,Tamil Nadu,124.8,129.6,71.1,68.5,-1.7,5621.0,4854.0
2018-07-31,Ladakh,116.8,124.3,84.3,65.2,7.4,80.0,147.0
2017-10-31,West Bengal,112.3,119.9,70.1,65.4,6.3,180.0,2763.0
2018-04-30,Mizoram,114.5,121.9,98.1,65.5,7.6,0.0,0.0
2020-01-31,Haryana,126.9,131.9,48.2,69.3,1.3,13843.0,10475.0
2020-02-29,Andhra Pradesh,123.9,130.5,54.6,69.9,-1.3,13977.0,8164.0
2019-10-31,Andaman and Nicobar Islands,119.7,123.1,81.7,68.9,7.9,166.0,731.0
2021-03-31,Assam,129.6,133.9,37.9,71.8,8.0,2001.0,2563.0
2016-04-30,Madhya Pradesh,108.2,114.4,74.3,63.5,6.7,6183.0,1216.0
2021-10-31,Delhi,127.4,137.5,48.3,71.1,4.7,1513.0,751.0
2022-10-31,Tamil Nadu,135.1,136.1,92.4,73.0,4.5,5694.0,7259.0
2018-12-31,Tamil Nadu,113.6,122.9,32.6,66.5,7.7,4337.0,3641.0
2021-10-31,Puducherry,129.4,131.5,43.2,71.3,7.5,547.0,591.0
2018-02-28,Uttar Pradesh,114.3,125.1,100.9,66.5,5.3,13789.0,7577.0
2025-07-31,Chhattisgarh,150.1,152.4,72.6,82.3,7.7,4496.0,4661.0
2016-07-31,Haryana,107.7,111.6,87.4,60.7,4.5,6714.0,5737.0
2020-03-31,Mizoram,128.8,133.5,41.9,70.3,-0.4,0.0,0.0
2021-05-31,Tripura,131.3,136.2,54.1,72.9,6.6,1698.0,963.0
2023-06-30,Tamil Nadu,138.0,144.5,83.4,75.3,4.7,5862.0,7238.0
2020-05-31,West Bengal,124.7,133.1,60.8,70.0,-0.3,6589.0,182.0
2024-12-31,Puducherry,145.5,148.3,57.8,75.7,4.9,1986.0,1514.0
2022-07-31,Haryana,134.2,137.3,74.6,74.0,5.0,3068.0,9584.0
2015-08-31,Odisha,99.4,113.0,40.3,59.0,5.9,5713.0,4471.0
2021-01-31,Madhya Pradesh,129.9,132.2,55.1,71.0,7.1,5497.0,1419.0
2023-11-30,Uttar Pradesh,141.5,140.4,130.2,75.8,4.5,5023.0,7939.0
2022-05-31,Goa,136.1,137.1,118.3,73.6,6.7,342.0,4304.0
2018-03-31,Madhya Pradesh,113.8,122.7,57.4,64.8,4.4,978.0,3874.0
2024-05-31,Tamil Nadu,146.2,144.2,39.9,79.6,4.4,11054.0,184.0
2017-04-30,Ladakh,113.4,115.6,62.0,64.1,4.2,401.0,228.0
2023-01-31,Mizoram,137.0,140.2,116.6,76.4,6.2,0.0,0.0
2018-01-31,Andhra Pradesh,114.1,121.3,24.4,65.4,5.7,7880.0,11422.0
2021-10-31,Madhya Pradesh,129.0,134.1,94.5,71.9,5.2,33.0,966.0
2019-08-31,West Bengal,120.2,124.5,88.0,65.9,6.1,7155.0,5775.0
2022-01-31,Maharashtra,131.4,135.6,31.8,72.9,6.0,13238.0,6277.0
2015-02-28,Maharashtra,102.7,110.8,83.6,61.5,5.9,8384.0,9521.0
2019-10-31,Gujarat,120.1,129.6,49.9,68.6,4.7,1748.0,1424.0
2023-11-30,Nagaland,140.6,141.2,45.3,75.5,7.6,457.0,695.0
2025-03-31,Himachal Pradesh,150.4,151.8,70.2,80.4,6.5,2926.0,2787.0
2024-06-30,Punjab,144.0,146.0,48.6,76.3,4.5,11880.0,2007.0
2023-11-30,Rajasthan,141.4,143.3,122.9,75.6,5.0,2323.0,5960.0
2018-01-31,Ladakh,115.0,123.6,94.2,66.0,7.1,425.0,235.0
2021-07-31,Tripura,125.8,134.0,118.1,72.8,7.1,1569.0,1270.0
2022-08-31,Arunachal Pradesh,134.8,136.0,88.1,73.2,6.9,635.0,220.0
2016-06-30,Chandigarh,104.4,111.5,28.9,62.0,7.2,167.0,288.0
2023-02-28,Haryana,141.4,144.3,68.1,75.8,6.4,5998.0,4134.0
2020-03-31,Tripura,130.4,131.3,62.3,70.4,-0.7,2078.0,2153.0
2015-04-30,Chandigarh,100.8,112.0,59.7,60.2,5.4,54.0,762.0
2020-01-31,Chandigarh,129.2,131.4,39.3,70.0,1.4,514.0,602.0
2023-11-30,Madhya Pradesh,138.6,144.1,73.4,76.3,5.0,6432.0,1320.0
2019-06-30,Dadra and Nagar Haveli and Daman and Diu,118.8,126.4,43.5,67.4,7.4,404.0,485.0
2022-04-30,Lakshadweep,134.5,135.0,32.8,73.5,7.0,0.0,0.0
2020-08-31,Ladakh,125.9,130.6,22.8,68.4,1.1,53.0,310.0
2025-09-30,Andaman and Nicobar Islands,148.7,153.6,67.7,80.7,5.7,177.0,761.0
2019-07-31,Puducherry,116.8,126.7,44.5,67.9,7.5,190.0,1776.0
2015-03-31,Odisha,100.0,107.5,77.3,58.9,7.1,10022.0,9603.0
2025-01-31,Uttar Pradesh,147.7,151.5,97.7,79.2,7.3,500.0,3324.0
2025-09-30,Chhattisgarh,152.2,154.3,92.4,81.7,6.8,3180.0,4039.0
2023-06-30,Punjab,141.3,140.9,34.2,75.7,5.4,11021.0,692.0
2018-02-28,Maharashtra,113.5,122.7,86.7,66.4,5.0,10504.0,7570.0
2022-01-31,Andaman and Nicobar Islands,135.9,139.0,70.1,73.5,5.1,345.0,758.0
2022-08-31,Assam,133.9,138.4,129.4,72.9,6.3,1658.0,4266.0
2016-09-30,Punjab,104.9,115.6,72.6,62.0,7.5,7346.0,7093.0
2024-01-31,Tripura,144.9,145.2,34.1,79.1,5.8,1758.0,899.0
2018-11-30,Chhattisgarh,114.3,123.3,20.9,67.5,6.4,1267.0,2414.0
2021-12-31,Andaman and Nicobar Islands,131.7,136.3,90.3,73.4,6.9,971.0,788.0
2021-11-30,Arunachal Pradesh,127.8,133.5,60.1,72.7,7.4,692.0,1231.0
2017-11-30,Goa,111.1,119.6,48.8,64.6,6.6,1011.0,773.0
2020-09-30,Ladakh,125.6,129.2,38.8,69.1,1.0,233.0,102.0
2025-09-30,Andhra Pradesh,147.2,147.2,32.7,80.1,8.0,5246.0,770.0
2017-03-31,Dadra and Nagar Haveli and Daman and Diu,108.4,115.2,59.2,65.0,7.4,1002.0,458.0
2019-08-31,Uttarakhand,117.8,126.9,51.5,69.4,6.9,64.0,3961.0
2016-11-30,Odisha,104.3,110.2,100.0,61.9,7.3,4417.0,7419.0
2016-09-30,Andhra Pradesh,105.1,114.2,37.5,61.6,8.0,1804.0,2882.0
2020-01-31,Dadra and Nagar Haveli and Daman and Diu,123.1,128.4,57.4,69.1,-1.1,421.0,215.0
2020-03-31,Nagaland,126.9,125.6,42.0,70.0,-1.2,1090.0,675.0
2025-02-28,Gujarat,152.1,151.4,33.8,81.2,7.3,1766.0,1147.0
2019-04-30,Lakshadweep,122.5,123.2,117.0,67.5,5.8,0.0,0.0
2022-04-30,Jammu and Kashmir,129.6,142.6,112.1,74.7,7.8,1203.0,4014.0
2019-07-31,Lakshadweep,123.9,129.3,46.0,69.2,5.5,0.0,0.0
2018-10-31,Andhra Pradesh,115.3,121.9,78.2,65.6,5.0,8164.0,7490.0
2017-08-31,Delhi,110.1,114.0,110.0,63.8,6.7,1531.0,711.0
2019-07-31,Kerala,119.8,126.6,113.1,69.3,4.3,5488.0,140.0
2022-12-31,Telangana,132.4,141.7,111.7,74.4,4.5,2519.0,7756.0
2017-12-31,Bihar,110.7,120.1,92.8,65.6,7.9,2340.0,6296.0
2024-02-29,Manipur,148.2,148.3,57.3,78.1,5.1,1687.0,1510.0
2023-10-31,Lakshadweep,140.3,145.1,142.8,77.2,4.1,0.0,0.0
2019-10-31,Telangana,117.8,123.5,44.3,66.9,5.9,3705.0,3274.0
2018-03-31,Tamil Nadu,111.9,124.2,28.9,66.8,7.5,9911.0,5628.0
2021-08-31,Tripura,129.4,137.9,117.7,71.6,5.3,2244.0,2462.0
2023-01-31,Uttar Pradesh,138.5,140.8,42.3,74.7,5.7,14451.0,13136.0
2024-05-31,Rajasthan,146.4,145.2,86.6,77.5,4.6,5521.0,4318.0
2020-01-31,Goa,127.7,133.1,40.1,69.9,-1.0,3462.0,2653.0
2015-06-30,Sikkim,100.9,112.8,104.8,60.6,7.9,0.0,0.0
2024-01-31,Karnataka,144.8,144.3,71.6,77.9,7.5,6975.0,5142.0
2017-11-30,Chandigarh,109.7,115.4,70.2,62.1,7.0,177.0,220.0
2018-03-31,Dadra and Nagar Haveli and Daman and Diu,115.1,121.8,24.4,65.7,7.1,263.0,1070.0
2024-10-31,Delhi,142.7,143.1,48.9,78.0,6.7,2274.0,794.0
2015-05-31,Kerala,101.2,108.3,103.3,60.7,4.5,6177.0,1097.0
2022-03-31,Uttarakhand,132.8,136.6,81.4,74.9,4.5,3369.0,1796.0
2021-04-30,Maharashtra,132.2,136.2,43.1,71.3,6.1,14498.0,2075.0
2019-09-30,Andhra Pradesh,119.3,128.8,56.9,67.3,6.4,1297.0,7404.0
2025-07-31,Haryana,151.7,152.3,58.2,79.2,7.9,3930.0,3216.0
2017-05-31,Haryana,107.1,116.4,75.6,63.0,5.8,3227.0,3896.0
2022-03-31,Andaman and Nicobar Islands,136.6,137.8,30.2,72.4,7.7,1187.0,544.0
2018-10-31,Uttar Pradesh,117.7,121.1,42.5,66.5,8.0,3104.0,784.0
2024-08-31,Uttar Pradesh,142.4,146.4,66.6,80.6,7.4,1502.0,8145.0
2024-04-30,Punjab,144.8,147.5,135.4,78.9,5.6,4583.0,9783.0
2018-09-30,Gujarat,115.7,121.0,82.3,67.0,7.0,5306.0,3475.0
2023-08-31,Lakshadweep,140.8,140.0,84.5,76.5,6.2,0.0,0.0
2022-01-31,Nagaland,134.3,141.1,46.9,72.7,4.8,918.0,955.0
2023-12-31,Sikkim,139.0,144.1,90.9,75.7,4.5,0.0,0.0
2016-06-30,Andaman and Nicobar Islands,105.5,114.7,112.9,62.7,4.3,534.0,295.0
2022-10-31,Lakshadweep,135.7,135.9,92.0,72.7,5.3,0.0,0.0
2017-09-30,Punjab,108.7,119.7,36.5,63.5,6.8,1057.0,7865.0
2025-06-30,Dadra and Nagar Haveli and Daman and Diu,148.3,149.7,143.7,78.7,7.7,875.0,957.0
2025-02-28,Haryana,152.4,145.6,83.9,79.5,5.3,5136.0,7194.0
2024-07-31,Ladakh,145.2,144.9,62.3,80.0,6.1,290.0,409.0
2017-04-30,Haryana,105.5,118.9,70.3,65.6,5.9,11104.0,6311.0
2015-11-30,Himachal Pradesh,102.4,109.6,46.4,60.2,4.4,406.0,649.0
2018-11-30,Maharashtra,113.8,123.0,23.0,67.6,7.0,6410.0,2789.0
2025-07-31,Delhi,150.1,150.9,130.7,80.7,6.1,1214.0,1100.0
2024-10-31,Manipur,145.7,143.8,75.5,77.7,7.7,1415.0,827.0
2025-06-30,Chandigarh,147.0,151.4,114.3,78.8,7.3,461.0,582.0
2020-12-31,Chandigarh,124.4,131.6,70.3,69.7,-0.5,594.0,468.0
2023-11-30,Dadra and Nagar Haveli and Daman and Diu,142.6,141.9,99.9,75.7,5.3,643.0,351.0
2017-09-30,Chhattisgarh,112.2,118.0,89.2,63.6,6.1,4413.0,5514.0
2016-07-31,Odisha,104.4,114.0,114.3,61.9,4.5,6150.0,6317.0
2021-02-28,Karnataka,131.4,137.0,71.7,71.0,5.0,11257.0,1336.0
2023-02-28,Jharkhand,141.7,142.8,62.4,74.7,7.3,3950.0,4730.0
2025-09-30,Ladakh,151.6,150.2,134.6,78.6,4.6,366.0,333.0
2022-09-30,Delhi,132.7,138.9,32.3,74.4,6.2,934.0,749.0
2018-12-31,Telangana,118.3,122.9,41.5,65.0,5.6,2666.0,2252.0
2020-04-30,Manipur,124.1,129.8,32.5,70.2,-0.1,1088.0,2584.0
2020-01-31,Andaman and Nicobar Islands,125.2,127.3,58.9,70.0,-1.0,127.0,808.0
2018-03-31,Uttarakhand,114.3,122.2,110.4,66.3,7.3,1166.0,3744.0
2025-08-31,Punjab,150.5,151.2,78.2,79.7,5.1,7392.0,7350.0
2022-04-30,Ladakh,133.3,138.6,58.3,72.9,7.1,182.0,88.0
2017-02-28,Maharashtra,109.5,117.0,55.3,65.7,4.0,12079.0,3688.0
2016-05-31,Ladakh,105.4,113.6,85.7,61.3,5.1,44.0,87.0
2020-11-30,Telangana,127.4,132.0,21.5,71.9,-0.2,924.0,5790.0
2016-01-31,Ladakh,107.2,110.6,74.7,60.7,5.7,410.0,186.0
2020-09-30,Andaman and Nicobar Islands,127.3,128.5,47.3,69.0,-1.3,612.0,671.0
2017-02-28,Manipur,111.7,118.3,90.8,62.2,4.7,1679.0,2911.0
2019-01-31,Chhattisgarh,123.7,128.1,80.4,68.1,5.0,3881.0,6231.0
2015-07-31,Delhi,99.4,113.6,29.7,60.7,5.6,1191.0,159.0
2019-10-31,Andhra Pradesh,119.7,127.8,88.9,66.5,6.5,2186.0,3013.0
2019-01-31,Puducherry,119.6,124.8,22.2,68.0,5.2,969.0,1044.0
2023-07-31,Haryana,139.9,138.5,70.8,75.6,6.4,12293.0,5989.0
2019-05-31,Telangana,117.1,129.7,61.7,65.9,5.4,3678.0,3571.0
2020-02-29,Tamil Nadu,125.5,128.3,19.0,69.9,-0.9,11433.0,4968.0
2016-05-31,Ladakh,106.0,114.3,21.0,62.9,7.4,432.0,137.0
2017-01-31,Madhya Pradesh,109.5,117.8,27.1,65.5,5.5,3775.0,5050.0
2017-05-31,Nagaland,106.5,117.9,64.6,62.3,7.7,1242.0,1275.0
2024-09-30,Jharkhand,145.0,143.7,52.8,79.0,5.2,3558.0,2449.0
2017-02-28,Bihar,107.4,121.6,26.9,64.8,6.2,2150.0,6817.0
2025-04-30,Gujarat,150.9,148.3,54.8,79.6,4.2,4195.0,4231.0
2017-01-31,Ladakh,110.2,118.3,72.9,62.3,6.7,71.0,500.0
2019-06-30,Sikkim,120.4,125.1,94.2,68.3,7.2,0.0,0.0
2021-01-31,Kerala,127.9,135.2,61.2,70.3,7.9,6379.0,6203.0
2024-12-31,Telangana,147.5,145.6,97.6,78.3,7.3,3155.0,6665.0
2019-08-31,Haryana,120.3,125.4,79.7,67.4,5.3,5646.0,8430.0
2020-05-31,Punjab,123.2,132.2,65.8,69.1,-1.0,9005.0,12085.0
2022-09-30,Nagaland,136.2,137.4,45.5,74.3,6.4,1236.0,454.0
2022-02-28,Tripura,135.2,140.8,81.2,76.3,4.2,1356.0,1775.0
2021-08-31,Tamil Nadu,133.7,131.5,83.2,73.5,4.3,1733.0,8825.0
2023-12-31,Nagaland,138.9,141.5,86.4,76.0,5.3,1848.0,1554.0
2024-10-31,Karnataka,142.5,144.3,78.0,78.3,7.0,1803.0,4121.0
2021-11-30,Maharashtra,130.6,134.1,117.3,71.9,5.1,10849.0,7163.0
2016-03-31,Sikkim,107.0,111.3,114.2,61.7,7.5,0.0,0.0
2017-06-30,Manipur,114.6,119.2,81.1,65.6,6.6,300.0,2035.0
2019-09-30,Chhattisgarh,126.8,127.4,64.0,68.3,5.9,1745.0,2782.0
2025-08-31,Chhattisgarh,146.9,153.0,114.6,80.5,6.2,4350.0,1058.0
2018-12-31,Odisha,114.7,123.7,71.3,66.4,5.3,699.0,3390.0
2016-10-31,Puducherry,102.5,115.7,119.6,61.9,7.9,269.0,844.0
2015-06-30,Meghalaya,99.5,111.4,88.6,59.0,4.7,1658.0,332.0
2023-08-31,Rajasthan,145.0,141.6,32.2,75.1,7.4,4589.0,135.0
2017-12-31,Lakshadweep,108.4,121.2,60.2,64.3,6.7,0.0,0.0
2021-07-31,Odisha,130.0,135.1,93.0,72.6,6.8,5727.0,7116.0
2024-08-31,Telangana,143.8,150.9,125.1,76.8,7.3,2591.0,2442.0
2019-09-30,Jammu and Kashmir,118.0,129.5,101.3,67.3,4.5,2222.0,2789.0
2019-01-31,Nagaland,123.6,126.7,117.7,67.5,6.8,1952.0,1285.0
2021-10-31,Maharashtra,126.9,134.8,68.9,71.1,7.1,6385.0,6657.0
2020-06-30,Sikkim,124.8,131.7,20.4,67.9,0.9,0.0,0.0
2021-05-31,Chandigarh,130.2,137.2,85.2,70.7,7.0,104.0,1081.0
2018-09-30,Kerala,114.9,118.9,27.1,66.0,7.8,396.0,3074.0
2021-07-31,Kerala,129.4,136.6,117.4,72.6,7.4,5655.0,4198.0
2016-08-31,Chandigarh,108.2,114.7,95.9,61.3,7.5,79.0,459.0
2025-03-31,Assam,145.8,152.2,141.9,80.5,7.7,8691.0,5971.0
2020-07-31,Lakshadweep,125.9,128.6,34.6,70.1,-0.2,0.0,0.0
2021-11-30,Uttarakhand,131.0,132.5,21.6,72.7,6.8,1404.0,900.0
2015-03-31,West Bengal,100.6,110.7,72.1,61.6,4.5,11210.0,9326.0
2020-04-30,Nagaland,123.3,132.0,19.3,69.1,0.5,417.0,1295.0
2018-04-30,Tripura,117.4,119.5,88.0,65.5,7.5,2498.0,1999.0
2019-11-30,Manipur,122.3,125.2,69.8,66.8,7.9,2564.0,499.0
2020-02-29,Uttarakhand,123.3,127.6,57.2,71.5,0.7,4190.0,3617.0
2019-12-31,Manipur,117.6,126.8,49.1,67.6,6.3,2757.0,2588.0
2024-08-31,Chandigarh,142.2,150.0,123.5,78.2,6.9,536.0,360.0
2021-03-31,Karnataka,130.5,133.3,85.1,72.6,6.1,2166.0,10598.0
2025-02-28,Maharashtra,150.1,151.6,142.5,81.4,4.9,12574.0,5523.0
2023-11-30,West Bengal,139.3,142.2,45.4,74.5,4.2,2240.0,9224.0
2022-12-31,Haryana,139.2,138.7,30.1,74.9,7.8,6565.0,10307.0
2022-07-31,Karnataka,134.1,136.8,126.1,72.1,4.9,6155.0,6926.0
2020-02-29,Maharashtra,125.4,131.3,32.3,68.9,-1.7,283.0,9551.0
2019-01-31,Sikkim,119.6,125.6,63.1,67.8,6.6,0.0,0.0
2022-08-31,Tripura,138.9,141.6,135.1,74.0,5.7,2326.0,2059.0
2025-04-30,Jharkhand,146.0,149.0,76.9,81.5,5.7,3113.0,4192.0
2020-01-31,Ladakh,124.4,132.0,29.9,70.0,1.2,131.0,1.0
2018-12-31,Telangana,116.2,125.9,25.9,66.0,8.0,1308.0,650.0
2019-10-31,Goa,119.6,128.4,64.3,68.2,5.1,2480.0,621.0
2023-05-31,Delhi,137.4,140.2,102.6,77.1,4.4,368.0,941.0
2024-04-30,Sikkim,145.4,144.0,56.3,77.3,6.7,0.0,0.0
2020-02-29,Punjab,121.8,130.9,55.1,68.4,-0.9,11560.0,14670.0
2018-03-31,Karnataka,116.3,122.1,67.8,66.1,4.1,10942.0,12457.0
2019-10-31,Jammu and Kashmir,119.2,127.0,105.8,68.1,5.1,1199.0,1614.0
2023-03-31,Jammu and Kashmir,138.8,144.4,43.4,75.8,4.8,1140.0,312.0
2018-08-31,Andhra Pradesh,117.1,122.2,95.7,67.6,7.2,9705.0,8599.0
2017-05-31,Uttar Pradesh,108.0,116.7,113.3,64.8,4.7,5198.0,13033.0
2019-11-30,Maharashtra,116.9,126.4,94.1,66.1,4.9,9708.0,2868.0
2020-11-30,Arunachal Pradesh,123.2,133.0,36.4,69.5,0.0,1681.0,577.0
2022-08-31,Chhattisgarh,139.1,138.1,51.7,74.5,6.8,3287.0,4616.0
2015-09-30,Manipur,98.0,114.3,29.8,60.4,5.6,1416.0,623.0
2025-07-31,Rajasthan,150.7,151.8,101.1,81.1,7.0,5876.0,22.0
2016-09-30,Andaman and Nicobar Islands,106.7,115.6,34.3,63.5,5.9,420.0,36.0
2020-04-30,Rajasthan,123.1,128.9,62.3,70.4,-0.6,5377.0,348.0
2022-06-30,Ladakh,133.1,137.7,139.3,74.6,6.0,28.0,247.0
2017-12-31,Maharashtra,110.4,119.0,33.6,62.6,7.1,8942.0,5473.0
2020-02-29,Delhi,125.5,129.9,34.6,69.3,1.1,3217.0,3263.0
2021-04-30,Tamil Nadu,132.7,136.5,113.7,71.4,5.9,5791.0,7772.0
2016-01-31,Haryana,103.5,114.4,67.1,60.6,4.5,15078.0,12655.0
2015-11-30,Punjab,99.2,108.8,73.5,60.8,7.4,1813.0,960.0
2019-06-30,Andhra Pradesh,125.7,126.7,94.8,68.1,7.3,6832.0,10112.0
2016-04-30,Bihar,101.4,113.4,41.1,63.8,6.7,8883.0,7351.0
2015-08-31,Maharashtra,96.0,111.5,117.9,60.7,7.7,8974.0,1399.0
2023-08-31,Sikkim,137.2,141.1,117.7,76.3,5.6,0.0,0.0
2019-11-30,Kerala,122.2,129.8,36.1,69.6,4.5,1151.0,2689.0
2019-09-30,Tripura,119.1,123.1,31.1,67.3,7.9,1102.0,180.0
2018-04-30,Gujarat,114.1,121.5,113.5,64.2,6.1,317.0,7146.0
2022-10-31,Gujarat,133.1,138.5,106.2,74.9,5.9,8999.0,1018.0
2018-08-31,Goa,116.8,121.2,23.9,66.4,4.3,428.0,191.0
2021-08-31,Odisha,127.3,129.6,34.2,71.9,6.3,2695.0,2932.0
2021-09-30,Tamil Nadu,128.8,138.0,24.8,71.5,6.6,8653.0,7241.0
2015-02-28,Jharkhand,98.1,111.7,117.4,59.3,5.9,2573.0,2680.0
2024-07-31,Haryana,139.7,143.7,83.7,78.0,7.6,5245.0,7438.0
2022-06-30,Ladakh,134.0,136.0,79.5,74.2,7.0,438.0,115.0
2016-11-30,Gujarat,104.9,111.3,115.6,62.7,4.2,2652.0,10697.0
2020-02-29,Assam,123.4,129.9,42.3,68.6,-1.1,4591.0,6424.0
2024-05-31,Haryana,144.5,149.1,86.1,79.1,8.0,12448.0,7535.0
2025-08-31,Madhya Pradesh,149.5,149.6,142.1,79.8,4.8,109.0,4959.0
2020-02-29,Dadra and Nagar Haveli and Daman and Diu,124.7,129.3,18.7,70.1,1.9,684.0,1030.0
2018-02-28,Madhya Pradesh,112.9,124.1,118.6,65.3,5.1,7515.0,3707.0
2020-01-31,Uttar Pradesh,122.8,130.8,21.9,70.5,-0.4,703.0,9071.0
2025-09-30,Arunachal Pradesh,150.1,150.1,80.7,81.8,4.1,1570.0,274.0
2025-02-28,Assam,147.0,151.7,64.5,80.8,6.8,4761.0,1125.0
2024-02-29,Manipur,144.6,142.7,138.7,77.6,7.1,3306.0,2912.0
2016-01-31,Arunachal Pradesh,108.3,115.2,68.6,60.2,7.1,1182.0,1405.0
2023-04-30,Mizoram,139.9,144.8,26.8,75.4,7.9,0.0,0.0
2016-10-31,Karnataka,101.3,111.7,42.2,61.5,7.4,8830.0,6050.0
2021-02-28,Chhattisgarh,130.4,133.5,63.1,72.4,4.8,2415.0,5252.0
2016-11-30,Goa,106.6,110.3,87.6,61.3,4.9,2001.0,2840.0
2024-11-30,Assam,143.4,145.3,91.4,77.2,7.1,6215.0,4591.0
2020-10-31,Tamil Nadu,124.4,128.9,63.0,69.6,0.8,4701.0,7794.0
2021-12-31,Lakshadweep,128.2,137.6,102.8,72.0,4.5,0.0,0.0
2023-05-31,Bihar,139.1,141.3,94.9,75.7,4.0,189.0,791.0
2021-12-31,Andaman and Nicobar Islands,128.7,134.8,77.1,71.6,5.6,430.0,8.0
2017-04-30,Mizoram,110.9,120.9,47.8,62.6,6.8,0.0,0.0
2015-01-31,Dadra and Nagar Haveli and Daman and Diu,103.3,105.8,115.8,60.4,7.5,692.0,624.0
2020-03-31,Jammu and Kashmir,125.1,130.5,16.6,69.0,0.6,3961.0,1735.0
2016-10-31,Rajasthan,101.9,112.0,59.7,62.9,7.3,3819.0,3730.0
2020-10-31,Tamil Nadu,130.1,128.0,51.7,71.1,1.0,5995.0,6129.0
2025-05-31,Dadra and Nagar Haveli and Daman and Diu,151.2,148.5,137.5,78.8,4.7,883.0,669.0
2022-12-31,Andhra Pradesh,136.6,137.2,84.2,75.7,7.5,10514.0,5132.0
2021-07-31,Karnataka,129.9,132.1,109.6,73.1,7.7,9637.0,333.0
2015-05-31,Andhra Pradesh,100.5,109.4,30.5,60.2,5.1,1770.0,1105.0
2019-12-31,Gujarat,119.3,128.1,73.2,67.0,4.6,5259.0,7055.0
2024-12-31,Madhya Pradesh,146.8,147.2,61.9,75.4,7.9,3540.0,1681.0
2018-10-31,Punjab,114.0,127.6,99.6,66.0,4.1,2878.0,10011.0
2019-08-31,Goa,121.0,126.6,64.5,68.1,7.8,177.0,3279.0
2024-02-29,Chandigarh,146.9,147.4,81.0,78.9,4.9,846.0,1081.0
2023-08-31,Goa,142.5,144.7,31.8,74.0,5.8,605.0,1849.0
2021-05-31,Puducherry,132.1,131.8,63.8,73.0,5.2,1164.0,1366.0
2015-02-28,Jammu and Kashmir,98.0,112.7,28.1,61.1,4.6,3650.0,3349.0
2015-08-31,Punjab,103.1,108.2,50.0,60.4,5.4,4874.0,10781.0
2021-03-31,Chandigarh,131.3,135.1,32.7,70.6,6.2,17.0,304.0
2025-05-31,Delhi,150.6,152.0,64.1,79.8,4.4,1714.0,2835.0
2018-02-28,Telangana,115.8,118.3,42.7,64.8,7.2,4212.0,8194.0
2017-03-31,Dadra and Nagar Haveli and Daman and Diu,109.7,117.4,48.5,62.7,7.2,318.0,1163.0
2016-08-31,Meghalaya,104.1,114.0,34.8,60.8,7.2,38.0,439.0
2018-07-31,Meghalaya,114.3,119.9,64.0,66.2,6.7,59.0,46.0
2017-07-31,Uttarakhand,112.6,118.8,69.8,63.2,5.8,4076.0,1242.0
2022-07-31,Ladakh,135.2,141.5,124.4,73.8,7.3,105.0,120.0
2020-01-31,Sikkim,125.6,128.2,44.3,70.7,0.2,0.0,0.0
2024-01-31,Manipur,145.1,148.5,51.5,78.0,5.1,1957.0,2833.0
2022-07-31,Andhra Pradesh,133.7,139.1,112.3,73.6,5.9,3443.0,1575.0
2022-11-30,West Bengal,130.7,135.4,59.7,73.9,4.8,668.0,5577.0
2016-01-31,Delhi,106.5,113.3,95.6,63.6,5.0,1999.0,2874.0
2024-05-31,Ladakh,146.3,146.6,70.5,79.3,5.0,260.0,477.0
2017-11-30,Manipur,110.0,121.3,71.4,61.6,7.3,1389.0,1594.0
2018-12-31,Dadra and Nagar Haveli and Daman and Diu,112.8,123.7,70.4,65.5,5.0,538.0,300.0
2017-11-30,Goa,113.6,116.7,115.6,64.0,6.2,3037.0,3184.0
2022-02-28,Bihar,134.3,138.9,42.4,76.1,6.5,9954.0,1259.0
2024-06-30,Punjab,145.5,140.5,136.6,77.8,7.0,9998.0,6661.0
2023-04-30,Bihar,138.6,143.9,91.4,75.6,4.1,1147.0,725.0
2023-03-31,Jharkhand,137.3,140.6,143.2,75.8,5.9,5024.0,2863.0
2015-03-31,Gujarat,101.2,108.0,77.3,59.9,5.2,5503.0,3068.0
2022-01-31,Uttarakhand,132.0,137.5,102.8,74.2,7.3,3312.0,816.0
2025-05-31,Goa,150.5,147.6,113.9,80.4,4.1,18.0,62.0
2021-11-30,Dadra and Nagar Haveli and Daman and Diu,130.5,133.7,102.2,71.8,4.8,331.0,647.0
2017-01-31,Ladakh,107.8,120.2,67.8,65.8,5.3,331.0,138.0
2020-08-31,Uttarakhand,122.4,126.2,52.7,70.0,-0.5,421.0,1496.0
2020-01-31,Madhya Pradesh,123.5,130.0,48.9,71.2,-1.3,7888.0,3053.0
2017-05-31,Karnataka,108.7,117.8,60.7,64.1,7.0,1452.0,10783.0
2025-07-31,Himachal Pradesh,146.9,151.1,122.5,79.6,4.8,1458.0,3474.0
2016-07-31,Haryana,102.7,113.7,39.2,62.5,7.0,3441.0,10951.0
2021-02-28,Jharkhand,130.2,136.0,36.7,69.6,6.1,576.0,1782.0
2020-01-31,Arunachal Pradesh,129.0,132.8,56.2,69.8,0.1,1600.0,868.0
2016-08-31,Telangana,107.0,116.2,83.7,59.1,5.5,4097.0,2061.0
2018-12-31,Jammu and Kashmir,115.3,120.6,51.8,64.8,4.5,1445.0,2426.0
2022-03-31,Puducherry,137.3,142.0,100.2,73.2,5.0,1902.0,2141.0
2024-02-29,Karnataka,147.3,143.8,116.5,78.0,6.9,4631.0,8136.0
2017-04-30,Andhra Pradesh,109.4,119.5,41.7,64.3,7.5,7011.0,9240.0
2019-11-30,Chhattisgarh,120.5,128.4,78.1,66.3,5.1,3918.0,3907.0
2019-03-31,Uttarakhand,122.0,130.3,102.5,67.5,6.4,2618.0,1761.0
2015-12-31,Gujarat,102.2,112.1,61.1,59.7,4.1,5055.0,10045.0
2019-02-28,Andhra Pradesh,122.2,124.6,77.2,70.1,4.3,4827.0,12128.0
2024-05-31,Lakshadweep,142.9,148.0,33.4,77.9,7.9,0.0,0.0
2016-02-29,Mizoram,107.4,113.9,103.0,60.7,7.6,0.0,0.0
2017-08-31,Nagaland,113.7,120.3,99.6,64.9,4.3,1605.0,1036.0
2019-07-31,Bihar,123.0,126.5,65.6,67.7,7.3,160.0,7403.0
2024-12-31,Madhya Pradesh,142.8,149.0,38.3,78.7,4.4,4004.0,5372.0
2021-03-31,Chhattisgarh,127.3,134.2,86.0,73.0,7.3,5394.0,1583.0
2016-09-30,Sikkim,105.9,116.0,77.3,61.1,7.7,0.0,0.0
2022-03-31,Uttar Pradesh,137.9,136.9,134.3,73.6,4.6,3215.0,10027.0
2019-11-30,Bihar,120.5,128.5,48.0,67.6,4.6,1833.0,1813.0
2022-05-31,Tamil Nadu,134.5,133.8,27.9,74.9,7.7,7581.0,4866.0
2021-11-30,Chhattisgarh,129.8,135.5,45.5,73.6,5.2,1277.0,2417.0
2020-05-31,Himachal Pradesh,127.0,130.9,37.7,71.7,-1.8,3187.0,3293.0
2020-04-30,Madhya Pradesh,124.4,130.4,21.3,69.8,-1.8,8429.0,8730.0
2020-11-30,Himachal Pradesh,126.0,125.8,70.8,71.5,0.5,914.0,2206.0
2015-04-30,Bihar,99.7,109.1,42.2,60.4,4.8,5228.0,9002.0
2023-08-31,Uttar Pradesh,138.2,144.5,105.3,75.6,6.0,2389.0,2804.0
2022-09-30,Maharashtra,133.1,136.4,78.5,73.2,7.4,1645.0,7616.0
2024-04-30,Arunachal Pradesh,146.1,143.2,90.6,78.5,7.8,534.0,985.0
2024-11-30,Dadra and Nagar Haveli and Daman and Diu,139.6,144.0,135.9,79.6,5.4,234.0,884.0
2019-11-30,Uttar Pradesh,121.0,128.5,73.2,69.2,4.5,8748.0,3856.0
2018-07-31,Arunachal Pradesh,114.7,123.0,50.5,65.2,7.2,209.0,790.0
2015-12-31,Arunachal Pradesh,101.9,113.0,42.1,60.3,4.4,362.0,334.0
2018-04-30,West Bengal,116.2,123.5,109.2,65.1,7.1,3808.0,12471.0
2024-10-31,Tamil Nadu,145.1,144.4,142.4,78.2,6.8,3636.0,1913.0
2016-08-31,Gujarat,102.9,117.8,45.2,62.5,6.3,3259.0,4740.0
2022-06-30,Sikkim,133.0,136.9,110.6,74.3,7.8,0.0,0.0
2022-10-31,Ladakh,133.7,136.5,84.7,75.0,5.3,59.0,37.0
2016-01-31,Andhra Pradesh,106.7,114.6,89.9,61.3,4.4,11999.0,3751.0
2020-06-30,Puducherry,128.5,131.0,69.9,71.3,-0.1,418.0,1401.0
2018-01-31,Bihar,115.7,123.8,47.6,65.6,5.8,632.0,10706.0
2020-06-30,Jammu and Kashmir,123.8,129.5,56.4,68.9,0.0,3940.0,3060.0
2017-12-31,Dadra and Nagar Haveli and Daman and Diu,109.0,120.9,63.8,65.0,4.4,987.0,256.0
2017-02-28,Delhi,109.1,116.8,85.3,64.5,7.0,896.0,3058.0
2021-03-31,Chhattisgarh,132.1,131.9,60.7,73.0,6.9,5103.0,6074.0
2023-12-31,Karnataka,139.1,138.2,109.0,76.2,4.6,152.0,5102.0
2018-07-31,Lakshadweep,114.9,121.7,53.8,63.8,4.9,0.0,0.0
2015-08-31,Andhra Pradesh,102.7,111.8,68.8,59.2,4.1,5147.0,2747.0
2017-05-31,Goa,108.9,119.6,90.9,64.1,7.6,2391.0,344.0
2018-04-30,West Bengal,116.1,122.7,24.3,65.9,5.0,10295.0,12254.0
2025-08-31,Mizoram,151.8,149.2,63.4,81.8,7.7,0.0,0.0
2021-12-31,Karnataka,130.1,136.6,74.6,71.2,6.3,8240.0,9662.0
2024-08-31,Uttarakhand,148.9,146.3,32.9,78.9,5.7,1515.0,2124.0
2020-02-29,Kerala,128.3,130.9,54.2,70.6,-0.7,598.0,5140.0
2015-07-31,Madhya Pradesh,100.5,107.8,101.3,57.6,4.4,342.0,2535.0
2018-09-30,Dadra and Nagar Haveli and Daman and Diu,113.4,118.4,36.3,66.0,4.6,223.0,146.0
2022-04-30,Jammu and Kashmir,133.5,139.8,112.0,74.1,4.4,4003.0,2832.0
2021-01-31,Tripura,130.4,139.1,84.6,73.3,5.0,2238.0,1625.0
2018-01-31,Chandigarh,112.8,123.0,61.1,64.3,4.6,822.0,407.0
2024-11-30,Ladakh,145.5,147.8,43.8,78.8,6.7,199.0,37.0
2019-09-30,Rajasthan,123.4,127.8,115.5,68.4,5.2,1790.0,591.0
2015-08-31,Ladakh,100.1,110.2,66.4,61.3,6.9,199.0,388.0
2022-11-30,West Bengal,135.0,135.0,46.0,73.4,4.5,8029.0,4329.0
2024-09-30,Uttarakhand,146.7,147.6,110.2,78.8,4.8,1203.0,1318.0
2024-02-29,Kerala,146.0,149.2,96.9,76.9,7.1,4436.0,2279.0
2016-08-31,Jharkhand,102.7,115.2,101.6,64.1,6.5,1677.0,2442.0
2025-04-30,Uttar Pradesh,149.1,149.7,143.5,79.6,4.4,14801.0,1678.0
2019-05-31,Andaman and Nicobar Islands,123.8,127.0,24.5,66.5,7.8,445.0,209.0
2024-11-30,Goa,145.7,146.0,112.7,77.1,7.1,2293.0,2055.0
2015-12-31,Tripura,98.0,112.8,118.9,61.0,6.2,1732.0,1598.0
2016-05-31,Haryana,104.6,114.6,73.8,62.0,5.4,11297.0,2373.0
2020-04-30,Karnataka,121.4,131.6,54.9,71.0,1.2,2398.0,9149.0
2018-06-30,Mizoram,111.3,124.5,64.1,67.6,5.4,0.0,0.0
2022-10-31,Madhya Pradesh,137.0,139.6,66.8,75.0,5.3,1088.0,6559.0
2015-11-30,Manipur,100.0,110.3,89.6,60.9,4.3,122.0,2096.0
2023-02-28,Odisha,141.0,139.2,142.6,75.0,7.1,2449.0,3417.0
2020-11-30,Odisha,127.3,131.1,17.5,69.2,-1.2,7386.0,2483.0
2023-12-31,Jharkhand,140.7,144.1,74.7,74.8,7.6,2262.0,1093.0
2019-10-31,West Bengal,121.5,123.0,114.1,68.0,4.6,702.0,982.0
2017-10-31,Tripura,110.5,119.0,31.3,65.9,5.3,1473.0,116.0
2016-08-31,Manipur,107.6,114.2,85.1,61.7,5.1,560.0,976.0
2019-02-28,Jammu and Kashmir,123.5,121.7,63.0,69.8,7.5,509.0,3512.0
2023-06-30,Meghalaya,140.4,142.9,69.2,74.4,6.0,2914.0,2685.0
2019-04-30,Uttarakhand,120.3,129.0,40.9,67.5,4.6,5594.0,3196.0
2016-03-31,Chhattisgarh,105.6,114.3,37.6,61.1,5.4,1244.0,5601.0
2021-12-31,Telangana,129.8,130.0,71.6,72.4,7.8,537.0,4285.0
2018-01-31,Arunachal Pradesh,114.2,122.9,57.7,66.4,6.2,1736.0,1881.0
2025-06-30,Jammu and Kashmir,152.1,152.4,83.0,78.3,4.1,1181.0,888.0
2018-04-30,Delhi,114.2,120.5,39.6,65.2,4.2,2427.0,488.0
2020-12-31,Lakshadweep,124.1,129.7,33.0,71.2,0.3,0.0,0.0
2018-04-30,Lakshadweep,116.8,121.5,119.6,67.0,6.5,0.0,0.0
2019-08-31,Meghalaya,122.0,126.4,56.8,67.2,5.0,769.0,958.0
2023-08-31,Tamil Nadu,144.7,141.4,73.5,75.3,7.4,7655.0,2073.0
2024-02-29,Uttar Pradesh,147.4,148.8,26.4,77.9,6.5,1057.0,2592.0
2022-09-30,Chhattisgarh,136.7,140.8,69.7,73.1,5.2,3831.0,1330.0
2022-10-31,Gujarat,136.9,136.9,115.6,74.4,5.6,5627.0,3905.0
2019-08-31,Puducherry,119.7,128.8,71.6,67.8,5.5,1436.0,806.0
2019-12-31,Jharkhand,121.1,122.8,85.7,69.0,5.3,838.0,4997.0
2018-03-31,Sikkim,116.2,120.5,75.7,65.8,6.5,0.0,0.0
2017-04-30,Rajasthan,108.9,119.4,30.5,64.9,4.8,341.0,30.0
2019-01-31,Odisha,119.9,126.3,53.2,67.5,5.2,7480.0,5545.0
2025-05-31,Tripura,151.9,150.4,107.3,79.5,4.3,710.0,3188.0
2016-01-31,Madhya Pradesh,105.0,114.9,74.8,62.0,5.5,5606.0,2099.0
2017-12-31,Odisha,111.2,117.2,87.5,62.4,4.3,3744.0,8219.0
2023-05-31,Gujarat,141.8,144.6,67.2,75.9,4.1,2685.0,12235.0
2017-02-28,Dadra and Nagar Haveli and Daman and Diu,111.7,119.5,39.4,65.1,6.6,254.0,28.0
2022-02-28,Arunachal Pradesh,138.5,137.9,123.6,72.9,4.6,630.0,128.0
2015-04-30,Bihar,98.8,112.0,57.6,61.0,4.1,2733.0,3191.0
2021-10-31,Andhra Pradesh,133.3,135.1,85.5,72.1,4.3,4134.0,2805.0
2025-07-31,Tamil Nadu,150.9,149.7,69.7,80.2,4.8,7046.0,9611.0
2022-04-30,Mizoram,136.7,137.6,135.3,74.4,6.9,0.0,0.0
2025-07-31,Sikkim,151.4,147.9,143.0,79.7,4.0,0.0,0.0
2024-12-31,Jammu and Kashmir,146.3,144.9,101.9,78.4,6.9,2818.0,3507.0
2016-10-31,Haryana,103.7,113.8,80.2,61.8,6.4,10263.0,1888.0
2017-07-31,Gujarat,111.6,118.3,104.1,63.4,6.1,6076.0,3055.0
2024-11-30,Andhra Pradesh,142.1,144.3,85.9,79.2,7.6,5376.0,9936.0
2015-11-30,Tripura,104.2,110.2,107.0,58.8,7.3,164.0,1604.0
2018-10-31,Telangana,115.8,121.1,61.3,65.5,5.7,2677.0,6460.0
2022-12-31,Delhi,137.3,136.7,27.8,74.8,4.0,655.0,999.0
2015-10-31,Karnataka,101.4,111.2,112.7,59.1,6.8,185.0,3910.0
2025-08-31,Lakshadweep,150.1,150.5,110.6,79.8,4.2,0.0,0.0
2023-03-31,Andaman and Nicobar Islands,138.9,141.9,85.3,74.6,5.1,763.0,894.0
2024-04-30,Andhra Pradesh,143.5,147.2,137.4,77.6,6.0,2709.0,10633.0
2019-12-31,Haryana,121.6,123.6,108.7,66.6,4.4,13059.0,3115.0
2022-03-31,Andaman and Nicobar Islands,136.5,135.7,37.0,73.3,6.7,162.0,400.0
2020-05-31,Dadra and Nagar Haveli and Daman and Diu,126.1,129.3,49.5,70.2,1.4,210.0,853.0
2019-09-30,Jammu and Kashmir,119.8,125.8,73.8,67.9,5.4,425.0,72.0
2023-10-31,Gujarat,140.8,143.5,117.2,77.1,6.6,3490.0,7786.0
2015-09-30,Dadra and Nagar Haveli and Daman and Diu,99.2,108.7,50.1,60.7,5.6,521.0,424.0
2016-10-31,Lakshadweep,103.6,112.8,20.8,61.6,4.9,0.0,0.0
2022-05-31,Chandigarh,134.4,140.2,46.2,75.0,4.7,541.0,852.0
2016-06-30,Kerala,104.5,111.8,41.1,61.9,6.9,6932.0,1389.0
2024-07-31,Jammu and Kashmir,147.9,148.0,59.0,77.3,7.0,835.0,1849.0
2023-10-31,Jharkhand,137.3,142.0,68.4,74.8,4.8,4295.0,4556.0
2016-03-31,Uttar Pradesh,104.9,112.4,90.7,63.5,5.3,2265.0,5456.0
2020-03-31,Chhattisgarh,126.3,127.8,16.5,71.3,1.3,6465.0,7843.0
2016-01-31,Tamil Nadu,109.0,113.6,68.7,61.8,7.9,982.0,5681.0
2021-09-30,Himachal Pradesh,128.8,135.3,69.9,71.9,6.3,1983.0,34.0
2017-08-31,Delhi,107.8,118.0,81.6,63.8,7.0,2119.0,266.0
2018-04-30,Chandigarh,116.4,123.8,51.1,64.1,7.0,983.0,25.0
2021-10-31,Delhi,130.3,135.8,46.0,71.9,5.6,2438.0,1302.0
2021-05-31,Arunachal Pradesh,129.6,135.6,68.4,69.9,4.2,657.0,1334.0
2021-04-30,Bihar,130.9,135.7,86.0,70.8,7.0,3329.0,1264.0
2018-02-28,Uttar Pradesh,116.7,120.9,24.5,66.0,4.5,4437.0,14797.0
2020-11-30,Chandigarh,126.5,131.6,29.6,70.8,-1.9,222.0,370.0
2018-12-31,Jammu and Kashmir,115.6,126.3,98.7,64.3,5.3,2198.0,3480.0
2016-06-30,Jharkhand,107.6,116.0,68.4,61.8,5.4,65.0,5293.0
2018-03-31,Dadra and Nagar Haveli and Daman and Diu,115.4,121.2,115.2,65.9,5.9,889.0,464.0
2022-05-31,Manipur,135.1,136.8,128.1,73.8,6.0,3274.0,194.0
2020-02-29,Rajasthan,126.4,130.2,32.6,70.3,-0.9,6059.0,5912.0
2024-01-31,Goa,142.5,147.5,111.2,78.8,4.7,4166.0,3627.0
2021-09-30,Andhra Pradesh,131.2,134.4,47.4,72.0,6.6,5526.0,2231.0
2021-05-31,Jharkhand,129.4,131.8,37.5,73.5,7.2,3365.0,678.0
2022-06-30,Arunachal Pradesh,132.3,139.5,129.7,73.8,5.8,977.0,388.0
2016-02-29,Himachal Pradesh,105.9,115.9,55.0,61.0,7.4,5482.0,2385.0
2022-11-30,Mizoram,134.1,136.2,48.4,75.8,5.8,0.0,0.0
2019-06-30,Meghalaya,116.8,127.9,116.5,70.4,6.3,991.0,173.0
2018-03-31,Arunachal Pradesh,113.3,122.2,23.1,66.6,4.3,1102.0,113.0
2020-12-31,Meghalaya,128.4,131.0,34.0,67.7,0.9,2500.0,1397.0
2017-01-31,Jammu and Kashmir,108.9,119.0,23.8,64.3,7.1,3488.0,1602.0
2021-05-31,West Bengal,130.6,134.6,70.4,71.3,5.0,9291.0,4904.0
2024-12-31,Madhya Pradesh,142.8,145.2,72.1,79.5,4.4,5371.0,5706.0
2019-05-31,Goa,124.2,127.0,92.1,68.0,6.3,2651.0,243.0
2022-12-31,Tripura,135.1,138.1,138.5,73.3,4.4,1101.0,2330.0
2020-12-31,Uttar Pradesh,123.6,130.7,43.2,70.3,1.0,13870.0,9907.0
2020-02-29,Manipur,126.8,129.5,29.1,71.3,-0.1,3405.0,966.0
2015-06-30,Arunachal Pradesh,104.1,110.8,107.2,59.2,5.8,273.0,656.0
2017-08-31,Sikkim,109.2,118.0,80.5,64.8,6.7,0.0,0.0
2023-03-31,West Bengal,138.6,140.0,90.4,74.1,7.2,8700.0,9266.0
2021-04-30,Mizoram,134.6,135.1,38.9,71.9,4.8,0.0,0.0
2019-11-30,Tamil Nadu,119.8,128.2,24.1,66.6,6.6,2308.0,1086.0
2017-07-31,Manipur,109.5,118.8,66.1,63.2,6.8,130.0,2635.0
2022-09-30,Puducherry,130.7,137.7,87.4,75.2,4.8,1149.0,382.0
2020-09-30,Chandigarh,124.9,130.8,19.6,69.6,-1.2,382.0,50.0
2019-04-30,Andhra Pradesh,117.3,124.7,25.9,67.3,6.9,9358.0,13615.0
2022-05-31,Meghalaya,133.9,139.6,49.9,75.2,4.6,2329.0,2054.0
2025-07-31,Tripura,146.0,151.8,31.6,80.6,5.3,2490.0,1383.0
2017-07-31,Tamil Nadu,112.5,117.9,25.6,62.1,7.8,7377.0,9235.0
2021-12-31,Delhi,127.1,134.3,64.4,71.9,4.3,1941.0,1578.0
2025-07-31,Puducherry,146.1,148.0,121.2,80.1,4.9,1045.0,1385.0
2016-01-31,Himachal Pradesh,103.2,115.2,86.4,62.8,6.3,285.0,1805.0
2018-09-30,Meghalaya,117.5,121.6,87.9,65.7,7.9,124.0,1887.0
2025-07-31,Chhattisgarh,149.1,145.0,55.5,81.9,5.0,5764.0,2517.0
2024-06-30,Kerala,144.4,146.3,25.3,78.3,7.3,2017.0,325.0
2016-08-31,Chhattisgarh,106.0,113.8,65.1,60.4,5.5,40.0,3156.0
2021-09-30,Tamil Nadu,129.7,132.0,57.7,71.6,5.4,2934.0,8484.0
2025-09-30,Haryana,152.5,152.0,137.7,81.1,8.0,9155.0,5050.0
2016-05-31,Jammu and Kashmir,104.5,113.2,27.2,61.7,7.3,874.0,1684.0
2019-10-31,Meghalaya,119.6,124.6,97.6,68.1,5.0,178.0,1545.0
2020-12-31,Punjab,129.5,132.2,35.1,70.0,-0.9,12977.0,6531.0
2024-01-31,West Bengal,145.1,146.8,123.6,75.6,4.3,5812.0,11348.0
2016-11-30,Chandigarh,105.5,112.1,69.5,61.6,5.9,279.0,92.0
2020-12-31,Karnataka,124.6,130.0,61.2,69.5,1.2,759.0,8450.0
2015-08-31,Mizoram,95.1,108.5,66.7,61.7,5.5,0.0,0.0
2019-11-30,Jharkhand,121.7,123.5,60.2,69.3,5.7,5201.0,4610.0
2024-03-31,Telangana,148.3,143.4,139.6,76.8,8.0,5442.0,5484.0
2016-01-31,Dadra and Nagar Haveli and Daman and Diu,107.5,115.4,56.9,60.5,4.0,1025.0,327.0
2016-04-30,Karnataka,103.9,112.5,100.5,62.7,5.7,6281.0,5196.0
2024-11-30,Haryana,144.7,144.1,32.0,78.0,4.3,4518.0,11237.0
2015-02-28,Dadra and Nagar Haveli and Daman and Diu,100.7,109.6,26.3,60.2,6.7,850.0,1108.0
2017-06-30,Delhi,110.6,123.2,63.8,62.8,4.2,216.0,2482.0
2023-07-31,Himachal Pradesh,141.4,143.0,94.3,75.9,7.1,1476.0,2659.0
2016-01-31,Assam,105.4,115.7,80.9,61.3,7.5,6192.0,1246.0
2022-12-31,Madhya Pradesh,134.3,136.1,28.4,72.9,7.9,5988.0,2726.0
2022-10-31,West Bengal,135.3,138.9,107.6,73.7,4.5,2533.0,4289.0
2021-10-31,Telangana,132.0,134.0,33.0,71.8,7.9,5826.0,3044.0
2016-01-31,Jharkhand,110.8,112.6,115.5,60.8,5.6,3598.0,1574.0
2022-10-31,Manipur,134.0,137.6,64.0,73.6,6.5,789.0,2335.0
2024-04-30,West Bengal,145.5,144.8,55.4,77.3,4.0,11860.0,11455.0
2019-07-31,Andhra Pradesh,119.3,126.3,49.1,67.8,5.5,4196.0,317.0
2021-09-30,Madhya Pradesh,130.6,133.6,113.7,71.6,5.4,5882.0,2565.0
2024-08-31,Bihar,147.0,144.8,81.9,79.7,6.0,6644.0,4264.0
2023-12-31,Chandigarh,139.6,141.5,76.2,76.2,4.5,893.0,117.0
2019-05-31,Assam,115.9,127.8,76.6,67.5,6.8,7302.0,7633.0
2025-08-31,Punjab,152.1,147.7,135.7,81.0,6.4,3598.0,7754.0
2019-09-30,Jammu and Kashmir,120.3,124.9,50.8,65.9,4.8,176.0,1003.0
2019-04-30,Uttarakhand,119.3,126.7,38.1,68.6,7.9,2186.0,556.0
2024-03-31,Kerala,143.9,144.8,95.5,78.2,4.0,4160.0,6220.0
2015-01-31,Meghalaya,100.6,112.5,69.2,60.3,5.3,2142.0,1551.0
2018-08-31,Lakshadweep,113.6,124.3,26.2,65.5,5.0,0.0,0.0
2021-03-31,Delhi,128.8,136.4,72.2,72.8,6.2,2961.0,2014.0
2023-02-28,Meghalaya,137.5,143.3,91.5,76.3,7.6,2639.0,116.0
2015-09-30,Andaman and Nicobar Islands,98.6,112.0,89.4,60.9,6.6,353.0,723.0
2017-08-31,Uttarakhand,111.3,118.0,119.6,63.1,4.2,2927.0,3168.0
2016-03-31,Dadra and Nagar Haveli and Daman and Diu,102.2,112.9,62.2,63.1,7.5,565.0,894.0
2020-12-31,Telangana,127.3,129.0,42.6,69.5,-1.2,6049.0,1203.0
2015-12-31,Dadra and Nagar Haveli and Daman and Diu,97.6,106.9,27.5,58.5,4.4,91.0,177.0
2020-05-31,Himachal Pradesh,125.3,129.3,61.9,71.8,1.8,437.0,3179.0
2023-11-30,Ladakh,141.0,141.4,35.8,76.8,7.6,434.0,348.0
2018-06-30,Goa,116.6,121.7,113.4,67.9,4.1,2981.0,3320.0
2024-07-31,Chandigarh,146.6,151.0,65.8,78.0,6.5,811.0,274.0
2023-07-31,Uttar Pradesh,139.8,140.5,64.5,77.0,5.3,1218.0,10143.0
2022-11-30,Gujarat,134.7,137.6,63.4,75.2,6.5,4610.0,10210.0
2016-05-31,Haryana,106.2,118.3,115.0,61.7,5.1,14375.0,15001.0
2022-01-31,Karnataka,135.6,136.6,141.6,72.4,7.9,9376.0,7416.0
2019-08-31,Assam,119.3,123.9,117.3,68.4,4.5,5073.0,1821.0
2022-02-28,Bihar,135.7,137.6,108.6,74.3,4.6,26.0,5408.0
2023-06-30,Delhi,139.7,140.6,37.3,76.3,4.2,1919.0,2517.0
2019-06-30,Punjab,118.8,128.2,58.6,68.0,7.2,762.0,686.0
2024-07-31,Chhattisgarh,144.2,146.3,58.7,77.5,4.4,5901.0,1268.0
2022-04-30,Puducherry,136.0,135.8,109.0,73.4,5.1,1615.0,345.0
2019-01-31,Maharashtra,118.1,126.6,69.3,68.7,4.8,12887.0,10697.0
2024-07-31,Madhya Pradesh,147.2,146.4,98.0,74.9,5.4,392.0,1960.0
2020-03-31,Telangana,123.9,127.3,12.5,68.3,0.0,10474.0,9139.0
2023-08-31,Chandigarh,135.5,142.9,117.9,74.1,7.8,39.0,254.0
2021-11-30,Karnataka,131.1,135.0,115.2,70.0,7.5,3256.0,4749.0
2023-07-31,Himachal Pradesh,134.6,139.3,104.3,75.9,7.4,1242.0,3732.0
2016-05-31,Madhya Pradesh,103.0,111.6,105.2,62.6,5.7,4143.0,110.0
2015-06-30,Madhya Pradesh,104.8,109.3,67.8,60.5,7.2,3116.0,4744.0
2017-04-30,Lakshadweep,112.1,116.8,22.0,62.8,7.1,0.0,0.0
2018-02-28,Gujarat,117.0,123.2,119.0,64.3,5.0,7001.0,6059.0
2024-11-30,Karnataka,142.8,145.1,31.1,78.2,5.0,1742.0,1784.0
2018-01-31,Andhra Pradesh,114.6,121.6,39.3,66.5,6.0,12844.0,5458.0
2024-07-31,West Bengal,147.5,143.9,30.3,78.6,7.9,6339.0,2042.0
2020-08-31,Haryana,126.3,131.9,49.5,68.6,-0.9,11071.0,10959.0
2018-07-31,Manipur,117.3,120.5,78.3,66.8,8.0,2142.0,1178.0
2019-10-31,Chhattisgarh,123.6,123.9,41.0,68.2,4.6,2403.0,5150.0
2016-01-31,Sikkim,106.3,114.1,115.7,61.0,5.9,0.0,0.0
2019-04-30,Punjab,117.5,128.1,111.3,67.4,5.2,4808.0,11653.0
2019-10-31,Bihar,121.2,126.9,48.0,67.1,5.7,5554.0,2976.0
2017-08-31,Tripura,109.5,116.9,85.9,63.2,7.8,235.0,259.0
2023-09-30,Meghalaya,137.4,141.2,126.6,77.1,6.5,2023.0,820.0
2021-11-30,Uttarakhand,131.8,131.3,56.0,72.5,5.2,4007.0,1288.0
2023-03-31,Andaman and Nicobar Islands,142.4,145.8,54.4,74.9,6.5,243.0,471.0
2023-08-31,Kerala,139.8,145.1,54.7,75.5,5.8,4789.0,4102.0
2017-04-30,Gujarat,110.6,118.6,102.0,64.6,7.8,2114.0,13813.0
2025-09-30,Telangana,145.9,150.0,79.6,78.0,5.4,7045.0,1958.0
2018-12-31,Chhattisgarh,117.2,119.7,91.5,66.6,6.3,3711.0,1593.0
2018-04-30,Delhi,116.6,121.7,85.0,68.0,7.4,3492.0,1226.0
2023-01-31,Goa,140.5,143.8,60.7,76.3,7.8,3969.0,1888.0
2024-06-30,Haryana,142.5,147.5,49.0,77.8,7.2,10027.0,12676.0
2024-03-31,Sikkim,141.7,145.1,39.1,76.5,7.7,0.0,0.0
2021-04-30,Maharashtra,134.1,135.6,22.4,69.7,5.9,12164.0,13862.0
2017-07-31,Himachal Pradesh,108.0,120.3,28.1,63.5,7.1,401.0,1680.0
2024-11-30,Madhya Pradesh,145.3,146.1,54.7,78.5,4.4,7147.0,4693.0
2017-01-31,Lakshadweep,108.1,120.0,91.4,63.8,6.4,0.0,0.0
2017-10-31,Maharashtra,105.4,121.3,35.5,65.2,4.1,5064.0,9263.0
2020-07-31,Jammu and Kashmir,125.9,133.8,43.4,70.4,-0.4,2749.0,2600.0
2024-10-31,Tripura,146.2,144.8,53.4,77.2,6.7,670.0,1385.0
2021-01-31,Dadra and Nagar Haveli and Daman and Diu,126.7,134.9,71.2,73.3,4.7,941.0,940.0
2017-02-28,Punjab,112.2,119.4,95.0,64.6,4.8,3001.0,7059.0
2023-08-31,Gujarat,138.9,142.0,55.9,74.4,4.2,4562.0,4771.0
2015-10-31,Jharkhand,97.8,112.5,54.8,59.0,7.0,2271.0,476.0
2020-07-31,Goa,122.7,130.1,55.4,69.5,-1.0,3253.0,2813.0
2015-05-31,Tripura,101.7,109.7,74.6,61.8,7.6,1423.0,3139.0
2017-03-31,Goa,106.2,115.4,29.5,64.7,5.4,2599.0,278.0
2024-05-31,Mizoram,142.5,142.6,115.0,77.0,5.7,0.0,0.0
2016-03-31,Sikkim,105.9,113.3,47.7,65.2,6.0,0.0,0.0
2023-09-30,Tamil Nadu,140.6,136.2,70.2,76.8,7.4,2695.0,5969.0
2018-08-31,Andaman and Nicobar Islands,113.0,124.5,44.5,64.8,5.2,185.0,93.0
2017-02-28,Gujarat,112.6,119.8,74.3,63.7,4.2,5433.0,12607.0
2022-11-30,Jammu and Kashmir,132.8,139.4,108.9,73.5,6.5,2078.0,2685.0
2021-12-31,Punjab,129.6,136.2,100.3,71.2,7.3,4275.0,13394.0
2022-03-31,Uttar Pradesh,134.3,137.4,134.7,75.3,6.2,10094.0,6370.0
2024-04-30,Andaman and Nicobar Islands,144.3,146.4,67.1,77.9,5.3,769.0,477.0
2025-09-30,Andaman and Nicobar Islands,149.6,149.3,135.9,80.9,6.5,222.0,613.0
2022-05-31,Gujarat,134.5,140.2,98.0,73.9,8.0,1422.0,8764.0
2020-06-30,Puducherry,124.5,124.9,35.4,69.6,-0.5,1051.0,1027.0
2025-02-28,Chhattisgarh,149.6,152.2,130.5,79.4,5.3,2813.0,2259.0
2021-12-31,Madhya Pradesh,132.2,130.4,78.0,72.0,5.0,5522.0,6487.0
2024-08-31,Goa,144.5,145.6,78.5,77.2,8.0,1277.0,477.0
2024-08-31,Lakshadweep,146.4,143.9,25.4,78.0,7.4,0.0,0.0
2018-02-28,Ladakh,115.3,121.7,91.8,65.4,5.1,147.0,242.0
2024-02-29,Delhi,145.7,144.9,33.3,76.7,5.0,1961.0,2547.0
2018-10-31,Delhi,116.6,121.2,48.9,65.6,7.2,1051.0,1743.0
2017-01-31,Odisha,107.7,119.1,116.2,62.2,8.0,9044.0,2746.0
2016-09-30,Nagaland,106.3,114.4,35.5,63.4,5.9,1115.0,486.0
2025-01-31,Maharashtra,149.6,152.0,61.4,80.5,4.9,972.0,1183.0
2025-02-28,Rajasthan,148.1,150.8,135.9,79.5,4.9,5768.0,1226.0
2020-10-31,Puducherry,126.6,126.8,32.3,68.2,-1.5,1648.0,899.0
2024-05-31,Dadra and Nagar Haveli and Daman and Diu,144.1,150.7,63.4,78.0,6.4,344.0,666.0
2023-11-30,Mizoram,140.8,138.0,101.8,76.2,6.5,0.0,0.0
2024-04-30,Gujarat,139.6,146.6,39.8,78.4,4.8,7561.0,2525.0
2023-12-31,Rajasthan,141.5,143.5,140.7,75.2,4.5,508.0,4395.0
2018-11-30,Gujarat,120.2,122.6,47.5,66.2,4.0,4848.0,5368.0
2022-07-31,Andhra Pradesh,135.0,137.6,118.3,75.9,7.7,8255.0,7431.0
2016-06-30,Sikkim,104.5,117.0,48.8,61.5,5.4,0.0,0.0
2023-08-31,Sikkim,139.1,144.2,57.0,77.0,7.0,0.0,0.0
2018-04-30,Tamil Nadu,116.1,122.0,25.8,66.0,7.5,11910.0,9630.0
2022-05-31,West Bengal,134.4,137.1,38.3,73.9,6.4,8486.0,4283.0
2020-01-31,Chandigarh,126.3,128.4,43.3,70.1,1.3,626.0,766.0
2015-05-31,Jharkhand,103.4,108.5,77.7,59.5,4.2,3336.0,1522.0
2025-02-28,Kerala,151.7,149.9,121.9,80.1,5.3,6372.0,4836.0
2019-07-31,Meghalaya,119.7,122.7,26.0,69.0,5.3,675.0,1425.0
2018-01-31,Rajasthan,112.8,122.0,55.6,66.9,6.3,2640.0,514.0
2019-08-31,Madhya Pradesh,119.2,127.6,40.0,69.1,7.1,3124.0,6408.0
2023-06-30,Bihar,139.7,140.9,66.9,75.4,6.8,2492.0,4410.0
2022-09-30,Chandigarh,132.4,138.0,66.5,74.1,7.5,657.0,760.0
2021-01-31,Uttar Pradesh,132.2,134.6,55.4,74.2,4.2,922.0,12370.0
2019-11-30,Maharashtra,121.1,127.0,51.0,67.0,6.4,3766.0,1256.0
2015-02-28,Tripura,97.9,109.6,96.4,59.9,4.8,2660.0,1658.0
2023-08-31,Uttarakhand,136.4,145.5,106.8,74.8,7.9,856.0,2966.0
2019-03-31,Maharashtra,121.4,126.0,54.1,68.1,5.6,3449.0,9816.0
2017-06-30,Arunachal Pradesh,106.7,115.3,34.6,65.0,6.5,669.0,454.0
2015-11-30,Arunachal Pradesh,100.2,109.2,71.8,61.7,5.4,71.0,282.0
2023-12-31,Delhi,139.2,144.6,134.3,75.0,4.9,2804.0,1352.0
2021-04-30,Arunachal Pradesh,131.6,136.4,32.4,71.2,6.8,1983.0,1785.0
2022-06-30,Puducherry,136.6,134.6,114.4,75.6,7.8,1384.0,1474.0
2025-03-31,Tripura,148.4,149.4,95.9,77.0,4.2,604.0,888.0
2025-05-31,Uttarakhand,151.8,148.9,94.6,79.4,7.3,4282.0,3674.0
2025-02-28,Uttar Pradesh,149.4,151.6,136.2,81.0,5.4,14283.0,12068.0
2022-10-31,Sikkim,135.0,135.7,138.7,72.3,4.5,0.0,0.0
2023-07-31,Gujarat,140.1,145.1,53.3,75.0,6.9,8823.0,3495.0
2017-07-31,Madhya Pradesh,114.5,115.1,100.8,65.3,4.3,489.0,1449.0
2019-04-30,West Bengal,119.8,125.7,82.1,66.0,6.9,1958.0,6096.0
2022-05-31,West Bengal,131.7,135.6,73.1,72.0,5.7,10944.0,3762.0
2021-04-30,Telangana,128.6,135.3,86.6,72.8,4.7,5459.0,8606.0
2025-09-30,Jammu and Kashmir,151.5,145.9,138.7,81.6,4.6,2788.0,890.0
2016-10-31,Delhi,104.4,113.7,71.7,63.4,7.0,1298.0,636.0
2018-04-30,Himachal Pradesh,115.0,121.6,114.0,63.4,7.3,2461.0,2301.0
2023-05-31,Assam,139.1,140.2,101.1,77.5,6.7,564.0,241.0
2024-03-31,Arunachal Pradesh,139.4,148.4,81.9,78.1,6.9,1483.0,412.0
2025-09-30,Sikkim,148.4,153.4,101.3,79.2,7.4,0.0,0.0
2020-05-31,Rajasthan,124.8,129.2,48.2,69.1,1.9,1782.0,5740.0
2021-07-31,Telangana,126.5,134.3,62.2,72.7,4.7,5259.0,7795.0
2016-10-31,Maharashtra,102.6,112.8,76.2,62.4,5.5,4321.0,285.0
2023-03-31,Delhi,139.3,139.5,108.4,77.4,7.9,3049.0,442.0
2015-08-31,Mizoram,99.3,107.8,103.9,59.4,5.8,0.0,0.0
2016-05-31,Rajasthan,105.8,111.8,50.4,61.5,7.7,3554.0,5327.0
2016-05-31,Madhya Pradesh,104.4,116.5,21.5,62.8,6.8,1705.0,5152.0
2022-06-30,Karnataka,135.7,138.9,90.1,73.2,7.0,4994.0,6460.0
2021-09-30,Arunachal Pradesh,128.6,132.1,68.9,72.8,4.8,1411.0,854.0
2021-06-30,West Bengal,130.4,132.3,25.4,70.9,5.5,8150.0,8185.0
2015-06-30,Assam,102.9,108.0,83.3,62.0,6.9,5297.0,3867.0
2024-02-29,Manipur,145.6,142.2,137.0,80.0,6.6,12.0,426.0
2016-02-29,Telangana,104.5,115.0,60.2,61.3,7.5,5735.0,463.0
2020-12-31,Haryana,123.1,129.7,65.7,70.1,0.6,634.0,1766.0
2019-06-30,Goa,120.2,129.4,101.3,68.1,7.0,933.0,3999.0
2017-03-31,Lakshadweep,109.6,113.8,36.2,63.9,4.2,0.0,0.0
2016-01-31,Jammu and Kashmir,106.1,115.7,98.7,61.0,5.2,3005.0,2977.0
2019-12-31,Madhya Pradesh,116.4,127.9,71.7,68.1,6.5,6998.0,4885.0
2015-06-30,West Bengal,99.6,112.1,111.9,58.5,7.9,2924.0,2631.0
2019-10-31,Bihar,120.8,126.5,38.9,69.5,8.0,6862.0,808.0
2019-01-31,Dadra and Nagar Haveli and Daman and Diu,120.3,127.8,32.5,69.6,5.8,529.0,531.0
2017-02-28,Andhra Pradesh,109.3,118.6,44.1,65.3,7.1,10404.0,14015.0
2018-11-30,Chandigarh,114.3,120.5,26.0,67.4,6.4,447.0,698.0
2015-05-31,Haryana,97.8,109.2,52.0,60.7,6.8,13113.0,525.0
2016-08-31,Maharashtra,105.8,113.1,48.3,61.1,6.9,6833.0,9506.0
2019-11-30,West Bengal,120.8,128.3,61.6,66.7,6.2,7132.0,7657.0
2016-05-31,Puducherry,102.2,116.6,66.3,60.9,7.3,1784.0,43.0
2016-02-29,Bihar,106.5,115.6,34.5,62.5,6.3,10897.0,10632.0
2016-01-31,Telangana,103.7,114.1,81.9,60.7,4.4,5953.0,3453.0
2025-08-31,Uttarakhand,149.2,145.9,50.8,80.2,8.0,1525.0,2213.0
2018-08-31,Karnataka,118.7,123.6,32.2,66.6,5.2,2653.0,5148.0
2024-11-30,Tamil Nadu,148.2,147.6,109.1,77.8,7.9,6117.0,7212.0
2016-07-31,Lakshadweep,102.1,114.6,22.3,62.0,5.2,0.0,0.0
2020-03-31,Bihar,122.4,131.0,34.1,72.6,1.2,11070.0,8934.0
2021-09-30,Odisha,127.9,132.4,34.4,72.0,6.8,2462.0,178.0
2023-04-30,Gujarat,143.2,141.3,129.9,76.4,5.4,8579.0,3506.0
2025-02-28,Delhi,148.8,148.4,122.9,81.2,7.8,204.0,2658.0
2018-08-31,Maharashtra,112.1,121.7,26.1,66.9,6.3,10498.0,8031.0
2023-08-31,Madhya Pradesh,142.5,143.8,90.1,76.8,7.3,742.0,2432.0
2020-01-31,Goa,126.2,130.9,29.7,70.3,-1.1,1092.0,1646.0
2025-05-31,Odisha,154.5,147.9,47.1,80.3,4.2,5520.0,6285.0
2020-11-30,Himachal Pradesh,126.2,133.7,30.7,68.2,-1.7,1387.0,3034.0
2023-11-30,Jammu and Kashmir,139.9,142.3,121.9,77.7,5.9,2464.0,3575.0
2019-02-28,Uttar Pradesh,120.5,124.7,25.8,67.4,7.7,8466.0,5785.0
2020-05-31,Bihar,124.1,129.4,50.9,70.9,0.5,9436.0,1850.0
2023-03-31,West Bengal,142.6,140.9,133.6,75.8,4.7,5898.0,8270.0
2017-08-31,Uttarakhand,112.7,118.5,64.8,67.1,6.5,589.0,226.0
2019-10-31,Gujarat,116.8,123.4,110.2,67.2,6.6,3940.0,3471.0
2025-08-31,Himachal Pradesh,151.9,150.6,132.8,82.4,4.7,3080.0,2204.0
2024-04-30,Puducherry,142.9,147.7,97.2,77.9,7.8,53.0,2157.0
2020-08-31,Haryana,129.8,131.3,39.4,70.7,1.3,9964.0,865.0
2018-04-30,Jharkhand,118.0,122.5,93.8,66.0,4.7,1794.0,4391.0
2022-06-30,Andhra Pradesh,132.7,139.2,133.9,75.6,6.5,2165.0,11686.0
2017-04-30,Haryana,110.5,118.8,88.0,64.1,5.7,6910.0,11572.0
2022-12-31,Mizoram,137.0,140.1,49.2,74.3,4.1,0.0,0.0
2017-07-31,Nagaland,108.8,117.5,102.0,64.1,7.7,1254.0,856.0
2015-03-31,Puducherry,97.3,108.2,115.2,60.6,4.3,1526.0,943.0
2016-12-31,Jammu and Kashmir,105.2,114.7,61.0,61.1,4.6,3989.0,826.0
2016-03-31,Assam,104.7,116.2,89.8,59.8,7.6,1758.0,91.0
2018-09-30,Kerala,113.2,121.2,71.8,66.5,5.1,5571.0,1006.0
2015-08-31,Bihar,102.5,113.2,31.2,62.1,7.3,2039.0,1706.0
2020-11-30,Ladakh,122.4,130.8,33.0,69.6,1.3,441.0,384.0
2023-12-31,Himachal Pradesh,139.8,143.9,43.7,76.8,4.2,3745.0,1941.0
2024-07-31,Jammu and Kashmir,145.4,143.7,104.8,76.5,4.9,24.0,3484.0
2023-07-31,Assam,140.6,143.6,93.9,75.4,7.0,1464.0,473.0
2025-05-31,Tripura,152.3,150.9,28.0,80.0,6.7,1255.0,920.0
2019-09-30,Uttar Pradesh,119.5,130.2,26.2,68.0,5.2,11329.0,327.0
2017-06-30,Uttarakhand,104.8,119.0,46.1,65.1,6.5,4894.0,2934.0
2024-06-30,West Bengal,144.2,147.3,113.4,76.2,6.7,3298.0,9549.0
2024-09-30,Odisha,146.5,144.4,39.2,77.8,6.3,3003.0,3835.0
2019-12-31,Telangana,119.7,126.6,40.5,67.4,7.7,1284.0,7923.0
2023-02-28,Tripura,139.7,144.3,132.9,75.1,7.2,3091.0,2646.0
2025-06-30,Puducherry,151.1,149.3,89.5,79.3,7.3,1452.0,400.0
2022-10-31,Manipur,136.3,136.6,98.5,74.3,5.7,1098.0,228.0
2025-02-28,Meghalaya,146.4,154.0,78.7,80.1,6.7,2082.0,743.0
2023-12-31,Bihar,140.0,141.4,60.0,75.8,4.7,2985.0,8156.0
2015-04-30,Uttar Pradesh,99.6,111.8,44.9,58.6,5.2,17336.0,6683.0
2022-09-30,Uttar Pradesh,135.2,137.0,94.7,73.7,6.0,9532.0,1584.0
2015-06-30,West Bengal,96.1,109.1,67.1,61.1,7.3,5818.0,6063.0
2017-08-31,Ladakh,112.6,117.8,60.3,62.4,5.3,367.0,100.0
2023-10-31,Jharkhand,140.0,143.1,107.3,75.3,5.8,319.0,1736.0
2016-03-31,Delhi,105.8,116.3,60.4,60.9,7.8,2686.0,166.0
2025-02-28,Haryana,153.5,148.9,28.4,78.9,5.1,2400.0,745.0
2022-12-31,Ladakh,135.9,140.2,124.8,73.8,6.5,248.0,412.0
2015-06-30,Rajasthan,96.9,110.3,51.8,59.4,4.4,1866.0,220.0
2024-04-30,Punjab,144.8,145.6,137.6,77.1,5.6,3106.0,1474.0
2024-12-31,Puducherry,146.3,147.1,129.5,78.0,5.3,1107.0,1000.0
2025-03-31,West Bengal,150.1,152.9,52.1,78.4,4.1,3235.0,11118.0
2020-07-31,Lakshadweep,128.4,131.0,69.9,72.0,0.1,0.0,0.0
2023-10-31,Kerala,138.3,140.5,126.4,75.4,5.3,1542.0,4118.0
2018-07-31,Himachal Pradesh,117.5,122.3,118.5,65.6,5.0,3580.0,851.0
2022-12-31,Manipur,136.7,139.1,105.4,73.7,7.6,2380.0,2653.0
2021-09-30,Madhya Pradesh,130.2,132.8,113.1,71.0,4.9,4273.0,5734.0
2018-05-31,Arunachal Pradesh,115.7,122.6,89.0,67.3,5.6,863.0,884.0
2017-11-30,Punjab,108.0,116.6,105.5,64.3,7.8,249.0,10786.0
2016-10-31,Maharashtra,104.4,115.3,81.0,59.5,4.3,356.0,2836.0
2024-04-30,Manipur,146.2,148.9,135.5,76.8,7.8,2183.0,2139.0
2015-11-30,Andaman and Nicobar Islands,99.7,109.8,71.8,59.4,5.6,432.0,556.0
2015-03-31,Rajasthan,100.1,111.5,93.7,60.6,7.2,2707.0,1711.0
2019-12-31,Jharkhand,122.0,128.0,111.7,69.2,5.4,1758.0,1485.0
2021-04-30,Rajasthan,126.2,133.1,62.2,71.9,5.7,3524.0,6227.0
2022-03-31,Jammu and Kashmir,135.7,138.8,27.2,75.6,5.8,1561.0,1708.0
2016-02-29,Mizoram,108.6,116.3,31.3,62.8,7.8,0.0,0.0
2016-06-30,Bihar,104.2,117.3,117.2,64.1,6.2,2603.0,7356.0
2024-05-31,Maharashtra,142.5,145.4,128.8,77.4,4.9,8921.0,7454.0
2021-01-31,Lakshadweep,129.2,131.7,68.3,71.6,6.4,0.0,0.0
2016-11-30,Nagaland,102.0,115.2,116.1,62.2,7.6,370.0,252.0
2021-11-30,Puducherry,130.5,134.5,38.6,71.3,4.9,496.0,1175.0
2025-05-31,Lakshadweep,149.9,150.1,37.3,80.8,5.4,0.0,0.0
2020-09-30,Maharashtra,125.6,129.0,48.1,68.8,0.5,1509.0,8094.0
2018-11-30,Ladakh,114.7,123.8,58.2,64.5,7.9,217.0,290.0
2024-08-31,Puducherry,145.4,144.8,64.8,77.9,5.9,61.0,1475.0
2017-06-30,Goa,110.9,116.6,93.4,65.5,6.3,2072.0,1398.0
2017-01-31,Jammu and Kashmir,107.6,117.7,35.0,64.5,4.5,3638.0,3572.0
2024-04-30,Manipur,145.7,147.9,117.4,78.8,7.0,774.0,1306.0
2017-01-31,Punjab,112.9,115.3,55.9,65.7,4.9,9992.0,16477.0
2021-02-28,West Bengal,128.1,132.0,118.7,72.4,5.3,10149.0,644.0
2019-10-31,Rajasthan,120.6,124.4,100.9,67.7,6.8,4261.0,2840.0
2022-10-31,Telangana,137.6,142.0,101.5,75.5,6.9,136.0,3370.0
2024-11-30,Jharkhand,142.7,146.6,51.5,79.0,5.3,1768.0,564.0
2025-07-31,Ladakh,151.6,147.9,138.8,79.3,7.4,240.0,424.0
2017-01-31,Himachal Pradesh,109.6,117.7,23.3,63.2,7.2,4811.0,3083.0
2021-06-30,Sikkim,132.0,135.5,42.3,71.9,6.5,0.0,0.0
2023-03-31,Meghalaya,138.4,146.0,28.4,76.9,4.7,2462.0,1411.0
2024-08-31,Telangana,145.0,142.9,140.0,77.0,7.6,3884.0,5785.0
2018-12-31,Bihar,112.0,119.9,107.1,66.1,6.1,6026.0,767.0
2015-10-31,Tamil Nadu,100.9,109.3,115.2,60.9,5.5,8968.0,1309.0
2023-03-31,Sikkim,140.9,141.4,109.8,75.8,7.7,0.0,0.0
2015-11-30,Arunachal Pradesh,101.1,109.4,22.7,60.3,7.9,1510.0,223.0
2022-01-31,West Bengal,136.0,137.8,135.8,74.5,6.9,10422.0,1566.0
2025-06-30,Odisha,149.8,154.1,74.5,80.8,7.2,8011.0,3984.0
2020-04-30,Punjab,122.0,127.5,34.1,70.1,-0.5,15159.0,4852.0
2015-02-28,West Bengal,102.0,110.3,48.4,59.9,5.0,9140.0,9989.0
2021-04-30,Telangana,129.9,135.1,48.7,73.0,6.3,5278.0,9132.0
2025-01-31,Uttarakhand,150.8,147.1,120.1,77.4,7.9,3756.0,1730.0
2018-06-30,Arunachal Pradesh,114.6,124.9,45.6,66.9,7.0,1859.0,680.0
2019-06-30,Gujarat,123.9,125.7,42.2,68.6,7.0,8772.0,8312.0
2021-03-31,Andhra Pradesh,128.9,131.8,89.8,73.5,5.0,1901.0,6163.0
2016-04-30,Karnataka,103.8,117.1,48.7,62.6,5.7,7411.0,2404.0
2016-06-30,Dadra and Nagar Haveli and Daman and Diu,101.9,115.4,21.3,61.0,5.4,99.0,546.0
2022-06-30,Chandigarh,135.2,136.9,135.8,74.1,5.2,153.0,788.0
2015-06-30,Madhya Pradesh,103.7,111.5,51.4,59.0,6.9,6843.0,750.0
2023-12-31,Telangana,140.3,142.8,115.7,77.1,4.4,6327.0,6590.0
2018-12-31,Nagaland,115.5,118.9,66.9,63.5,4.7,132.0,1193.0
2018-06-30,Madhya Pradesh,116.9,119.1,33.4,64.4,5.6,4974.0,4096.0
2021-04-30,Mizoram,130.3,134.7,86.2,70.8,5.2,0.0,0.0
2021-05-31,Chandigarh,132.4,130.5,43.2,70.4,7.6,287.0,1016.0
2019-11-30,Odisha,122.7,128.0,48.8,67.7,4.8,5501.0,3216.0
2017-03-31,Kerala,108.8,115.2,23.2,63.6,5.0,6448.0,7183.0
2021-07-31,Uttar Pradesh,127.1,135.8,21.6,72.8,4.7,4080.0,7016.0
2020-12-31,Nagaland,126.4,132.8,42.8,68.1,1.3,229.0,1202.0
2015-07-31,Kerala,100.6,111.0,25.8,59.5,4.8,4953.0,5351.0
2024-03-31,Arunachal Pradesh,142.9,138.6,49.1,78.3,5.4,2305.0,400.0
2024-11-30,Punjab,143.6,148.2,134.9,77.1,6.7,937.0,12724.0
2020-03-31,Goa,123.6,129.1,17.0,68.3,0.8,3113.0,2703.0
2025-04-30,Andhra Pradesh,150.3,149.9,58.9,80.7,7.3,5959.0,6206.0
2015-12-31,Uttar Pradesh,102.0,108.5,92.7,60.6,6.8,4455.0,9370.0
2018-07-31,Gujarat,117.1,125.4,108.4,63.9,5.0,166.0,5876.0
2016-05-31,Lakshadweep,106.6,114.4,24.6,61.6,5.6,0.0,0.0
2020-03-31,Delhi,124.4,129.2,23.1,69.4,-1.3,3464.0,667.0
2024-12-31,Jharkhand,149.4,148.7,70.5,79.8,7.8,1647.0,3232.0
2017-12-31,Manipur,110.1,119.8,56.1,62.1,6.5,1470.0,2449.0
2015-08-31,Dadra and Nagar Haveli and Daman and Diu,99.2,107.7,48.9,59.6,5.0,104.0,457.0
2020-09-30,Telangana,122.3,130.7,26.5,70.8,-0.9,6640.0,4803.0
2022-06-30,Andaman and Nicobar Islands,134.3,138.4,56.2,73.9,5.8,269.0,63.0
2017-12-31,Nagaland,110.9,115.1,33.3,65.1,6.1,838.0,934.0
2017-04-30,Gujarat,106.8,119.7,36.3,62.0,6.1,1873.0,6761.0
2024-10-31,Puducherry,143.1,145.9,96.8,76.7,5.5,1119.0,786.0
2022-09-30,Maharashtra,134.1,142.3,59.1,73.7,7.5,2357.0,9967.0
2021-04-30,Punjab,128.4,136.8,60.0,72.5,5.3,2023.0,10706.0
2023-05-31,Andaman and Nicobar Islands,138.3,142.4,73.4,76.0,6.1,802.0,297.0
2016-02-29,Dadra and Nagar Haveli and Daman and Diu,107.2,113.8,31.0,62.6,5.0,445.0,512.0
2020-11-30,Odisha,121.7,125.9,61.2,69.7,-1.4,5241.0,4150.0
2025-04-30,Tamil Nadu,150.4,151.7,138.8,78.7,6.7,2468.0,11518.0
2025-05-31,Gujarat,151.0,149.9,55.6,80.6,7.0,4810.0,5050.0
2018-01-31,Goa,114.0,121.1,49.4,64.5,7.2,3519.0,2356.0
2017-05-31,Jammu and Kashmir,109.5,118.0,89.3,63.0,6.9,1018.0,4024.0
2016-07-31,Andaman and Nicobar Islands,104.9,117.1,28.1,60.6,5.9,725.0,540.0
2023-10-31,Madhya Pradesh,141.3,144.7,132.9,76.2,4.1,3387.0,4467.0
2016-09-30,Tripura,108.1,116.7,32.1,61.9,6.1,866.0,1666.0
2020-04-30,Puducherry,122.4,127.9,55.9,68.9,0.0,90.0,938.0
2017-03-31,Odisha,108.2,121.2,49.2,63.2,7.9,6668.0,6711.0
2019-07-31,Bihar,118.3,125.0,52.3,67.6,5.5,642.0,6477.0
2017-05-31,Telangana,110.0,119.5,34.1,64.6,6.0,839.0,7334.0
2017-01-31,Delhi,109.2,119.3,84.6,64.0,4.5,3010.0,3219.0
2020-10-31,Arunachal Pradesh,126.3,129.7,59.7,70.3,-1.2,998.0,1181.0
2020-03-31,Arunachal Pradesh,123.7,130.4,69.0,70.4,-1.4,561.0,899.0
2016-04-30,Maharashtra,103.2,110.7,53.2,62.0,5.2,186.0,12170.0
2023-04-30,Karnataka,138.5,142.1,98.5,76.2,4.8,8899.0,3329.0
2017-06-30,Puducherry,110.2,117.5,61.5,63.9,6.6,980.0,1457.0
2018-09-30,West Bengal,116.9,126.4,75.8,67.5,5.7,5866.0,2821.0
2016-07-31,Sikkim,104.9,114.1,36.3,62.5,5.3,0.0,0.0
2017-10-31,Delhi,108.9,116.6,78.2,65.8,4.0,341.0,1004.0
2020-02-29,Dadra and Nagar Haveli and Daman and Diu,122.9,130.2,62.9,71.3,-1.4,563.0,1115.0
2024-10-31,Maharashtra,147.9,144.7,127.6,77.8,6.8,5433.0,2040.0
2023-04-30,Himachal Pradesh,136.5,139.2,82.0,75.8,5.9,993.0,2025.0
2016-10-31,Telangana,104.6,114.8,43.6,60.3,7.4,6837.0,5907.0
2024-03-31,Andaman and Nicobar Islands,146.5,146.0,124.4,76.9,7.0,593.0,1147.0
2021-01-31,Chhattisgarh,129.6,136.0,119.9,73.0,6.3,1659.0,3346.0
2018-02-28,Uttarakhand,113.9,124.9,57.7,67.0,6.2,6.0,5084.0
2020-10-31,Haryana,126.1,133.8,67.5,68.0,-0.9,1827.0,11086.0
2024-08-31,Andaman and Nicobar Islands,142.8,146.5,142.0,79.3,7.0,419.0,822.0
2021-07-31,Kerala,126.5,135.4,59.6,73.2,5.3,3897.0,3279.0
2015-09-30,Haryana,100.7,110.6,91.6,61.1,4.4,5288.0,9361.0
2017-08-31,Rajasthan,108.0,113.4,78.1,64.5,7.1,2097.0,4939.0
2019-02-28,Himachal Pradesh,120.3,128.5,92.2,68.5,4.9,5199.0,1694.0
2021-10-31,Maharashtra,129.8,135.1,35.4,71.8,7.2,9962.0,2049.0
2015-05-31,Andhra Pradesh,100.5,111.1,56.7,59.4,6.5,10911.0,2227.0
2022-03-31,Dadra and Nagar Haveli and Daman and Diu,134.5,137.0,31.5,75.1,5.4,861.0,1171.0
2025-06-30,Meghalaya,151.1,148.7,97.6,79.7,7.4,228.0,589.0
2021-03-31,Uttarakhand,128.6,133.9,112.7,68.2,6.8,2118.0,2161.0
2016-10-31,Karnataka,106.6,115.1,76.0,62.6,6.2,1657.0,4519.0
2020-08-31,Arunachal Pradesh,122.6,126.1,16.2,68.9,1.2,1308.0,1327.0
2018-08-31,Dadra and Nagar Haveli and Daman and Diu,117.3,122.4,113.0,66.2,7.9,385.0,259.0
2017-10-31,Telangana,114.1,121.4,33.3,65.7,7.4,1798.0,5324.0
2021-05-31,Assam,130.2,133.7,108.3,74.1,4.5,750.0,4799.0
2018-06-30,Bihar,118.1,118.0,91.4,66.7,7.2,5415.0,1128.0
2023-10-31,Chandigarh,143.7,141.6,100.4,77.3,4.5,390.0,206.0
2022-11-30,Assam,134.4,138.6,94.4,74.7,5.0,1199.0,591.0
2020-08-31,Bihar,125.1,130.8,19.9,70.8,1.8,1598.0,5332.0
2025-08-31,Madhya Pradesh,148.4,150.3,84.1,80.9,7.5,4824.0,1512.0
2022-01-31,Maharashtra,133.5,141.9,47.6,72.9,6.4,8205.0,5314.0
2021-11-30,Jharkhand,130.5,134.3,77.2,70.7,6.8,2925.0,1329.0
2022-11-30,Maharashtra,131.7,138.4,77.7,75.0,4.4,537.0,3824.0
2017-08-31,Mizoram,111.7,116.9,88.0,64.3,5.3,0.0,0.0
2020-06-30,Sikkim,125.3,131.9,70.9,70.2,2.0,0.0,0.0
2024-08-31,Rajasthan,146.4,149.4,67.3,77.5,4.1,2296.0,537.0
2019-12-31,Tripura,119.6,124.7,81.7,67.6,6.8,2145.0,55.0
2016-05-31,Assam,106.3,113.8,106.4,63.3,5.2,3855.0,1341.0
2022-12-31,Odisha,135.5,133.4,35.2,73.2,6.5,5984.0,1926.0
2016-04-30,Lakshadweep,106.0,112.3,100.0,62.0,4.1,0.0,0.0
2018-10-31,Manipur,116.8,125.9,43.9,65.2,4.0,2453.0,1870.0
2023-11-30,Telangana,137.5,141.4,88.8,74.4,4.7,1332.0,3594.0
2022-04-30,Himachal Pradesh,133.6,138.5,143.0,74.1,6.8,2923.0,1326.0
2025-09-30,Jharkhand,154.6,148.5,142.1,80.7,6.4,408.0,2733.0
2024-11-30,Lakshadweep,145.4,146.9,61.9,76.9,4.8,0.0,0.0
2022-01-31,Gujarat,131.6,137.7,39.8,73.3,6.1,8326.0,7798.0
2015-04-30,Uttarakhand,96.6,110.8,113.8,58.8,6.5,2678.0,864.0
2020-11-30,Manipur,124.9,130.2,65.6,70.1,-1.8,546.0,885.0
2024-03-31,Rajasthan,144.0,148.9,97.9,77.5,7.0,2471.0,4381.0
2019-02-28,Jharkhand,118.4,126.3,23.2,65.9,4.5,2962.0,4483.0
2022-11-30,Tamil Nadu,138.6,136.3,114.2,73.6,5.1,8319.0,486.0
2022-08-31,Chhattisgarh,134.3,136.7,43.3,75.0,5.6,2676.0,1248.0
2020-05-31,Goa,126.6,126.3,68.6,71.2,0.3,4005.0,2396.0
2018-11-30,Sikkim,115.5,122.3,63.5,67.2,6.2,0.0,0.0
2023-10-31,West Bengal,139.4,141.9,97.8,75.0,7.6,1230.0,7701.0
2023-10-31,Odisha,137.7,145.0,57.7,74.8,5.2,2362.0,5533.0
2016-12-31,Maharashtra,106.5,111.7,67.5,61.4,7.9,6610.0,9493.0
2015-04-30,Gujarat,95.3,108.6,95.5,61.0,5.0,7427.0,13064.0
2023-12-31,Manipur,141.7,140.6,83.0,76.9,5.9,1530.0,182.0
2016-07-31,Lakshadweep,105.3,113.5,104.7,62.0,5.4,0.0,0.0
2018-04-30,Sikkim,116.2,119.5,91.3,67.1,5.2,0.0,0.0
2019-02-28,Rajasthan,120.0,125.4,27.7,68.6,5.5,1243.0,1504.0
2021-03-31,Odisha,127.5,134.0,80.7,71.5,4.1,7801.0,7891.0
2015-12-31,Madhya Pradesh,100.8,110.1,81.3,59.7,6.1,2987.0,7956.0
2017-03-31,Sikkim,111.7,120.5,58.1,62.7,7.0,0.0,0.0
2024-05-31,Jharkhand,144.0,145.9,62.7,77.9,7.5,306.0,4116.0
2019-01-31,Telangana,121.3,125.9,26.3,67.4,5.3,7420.0,7894.0
2019-12-31,Haryana,120.6,128.3,64.6,67.0,6.2,9414.0,8483.0
2017-06-30,Haryana,110.9,118.0,53.7,63.3,7.6,10446.0,539.0
2021-12-31,Odisha,128.3,131.6,115.1,73.5,7.2,6762.0,2966.0
2017-04-30,Nagaland,112.6,115.8,87.4,63.5,5.9,1786.0,1823.0
2017-01-31,Delhi,110.6,115.9,66.0,65.6,4.7,913.0,2360.0
2022-12-31,Andaman and Nicobar Islands,136.7,135.6,114.6,74.1,6.2,329.0,725.0
2025-05-31,Lakshadweep,149.2,154.0,117.5,79.8,8.0,0.0,0.0
2015-10-31,Haryana,102.0,107.9,68.0,60.5,7.0,6809.0,2235.0
2018-06-30,Lakshadweep,114.2,121.9,27.6,63.6,7.4,0.0,0.0
2018-04-30,Kerala,113.2,122.1,98.1,68.1,4.8,5698.0,6544.0
2021-05-31,Sikkim,133.5,133.6,29.0,73.0,7.6,0.0,0.0
2023-09-30,Punjab,135.3,140.4,125.7,76.2,4.1,8720.0,9234.0
2024-10-31,Uttar Pradesh,151.0,146.9,64.1,78.8,7.4,698.0,4367.0
2018-06-30,Mizoram,116.4,119.0,83.8,66.1,5.0,0.0,0.0
2018-11-30,Puducherry,114.4,119.9,94.0,65.4,6.5,1498.0,735.0
2016-10-31,Dadra and Nagar Haveli and Daman and Diu,105.7,116.2,23.5,62.0,5.2,662.0,724.0
2023-11-30,Nagaland,141.4,139.8,70.2,75.6,4.5,856.0,409.0
2017-03-31,Assam,109.3,120.6,80.4,63.1,5.0,3659.0,4794.0
2018-05-31,Nagaland,119.1,124.8,104.8,65.6,5.9,1002.0,10.0
2021-08-31,Punjab,133.0,136.8,91.8,72.2,7.7,1048.0,5659.0
2022-05-31,Rajasthan,140.5,139.7,131.5,74.4,5.6,3364.0,6853.0
2020-06-30,Jammu and Kashmir,122.6,127.2,17.0,71.4,-0.9,1107.0,3910.0
2015-12-31,Chandigarh,100.4,106.9,27.2,59.7,4.1,973.0,188.0
2021-01-31,Ladakh,127.2,131.8,91.4,71.3,4.8,13.0,109.0
2021-04-30,Bihar,127.8,132.1,59.9,70.7,4.2,4921.0,4311.0
2022-06-30,Manipur,134.3,135.4,81.8,74.4,5.5,1421.0,2076.0
2015-10-31,Gujarat,99.4,108.6,80.4,61.5,5.5,5140.0,3421.0
2022-12-31,Lakshadweep,135.7,139.5,142.3,73.6,7.9,0.0,0.0
2016-08-31,Delhi,104.8,115.3,26.7,61.4,5.2,875.0,851.0
2018-03-31,Madhya Pradesh,116.6,122.6,30.9,66.9,6.4,2918.0,6725.0
2019-12-31,Mizoram,120.6,125.6,102.9,66.9,7.3,0.0,0.0
2020-06-30,Goa,128.3,129.9,13.2,71.6,2.0,3690.0,1105.0
2020-05-31,Bihar,126.7,130.6,39.0,69.9,1.9,7745.0,6644.0
2025-04-30,Manipur,147.6,149.1,116.9,80.4,7.9,1054.0,832.0
2019-09-30,Haryana,119.7,128.0,39.5,68.0,5.3,10571.0,7808.0
2021-06-30,Puducherry,129.8,131.4,38.7,69.5,4.3,1289.0,1994.0
2017-05-31,Chandigarh,110.9,116.4,51.0,63.9,5.7,389.0,252.0
2016-03-31,Tamil Nadu,107.2,112.1,35.0,61.6,6.2,4353.0,2246.0
2015-12-31,Himachal Pradesh,100.6,110.9,87.9,60.4,6.3,4625.0,3484.0
2023-05-31,Telangana,141.2,139.6,48.0,77.1,7.0,5989.0,7985.0
2021-12-31,Haryana,127.7,132.2,42.7,72.5,7.6,7222.0,2671.0
2025-05-31,Goa,149.1,150.8,93.0,79.3,6.0,679.0,2300.0
2023-07-31,Tripura,136.2,140.3,140.1,77.6,4.6,2175.0,598.0
2016-12-31,Madhya Pradesh,105.9,115.7,111.4,62.0,5.6,5639.0,1998.0
2024-02-29,Puducherry,146.7,147.6,127.7,79.3,4.6,1016.0,143.0
2021-06-30,Tripura,127.4,132.9,73.1,72.9,4.7,1510.0,508.0
2023-05-31,Nagaland,140.3,142.3,59.7,75.0,4.0,1857.0,2106.0
2025-08-31,Himachal Pradesh,149.8,154.1,108.7,81.1,7.7,347.0,2207.0
2019-10-31,Delhi,123.4,127.7,59.0,68.9,7.0,1746.0,162.0
2021-04-30,Goa,128.2,135.0,97.8,72.1,4.4,2598.0,4396.0
2017-12-31,Maharashtra,111.8,121.1,21.6,63.6,7.7,6845.0,8073.0
2016-10-31,Goa,107.3,112.1,73.0,62.8,7.5,1083.0,2034.0
2025-07-31,Nagaland,149.6,152.5,64.5,81.0,7.6,1598.0,593.0
2021-08-31,Uttar Pradesh,130.6,134.7,44.9,71.6,4.4,9577.0,7078.0
2023-04-30,Ladakh,142.2,144.9,103.4,76.6,4.3,151.0,230.0
2022-12-31,Ladakh,132.8,137.0,103.0,73.7,4.3,179.0,234.0
2016-06-30,Karnataka,104.1,116.8,23.7,61.5,7.9,1240.0,1660.0
2018-02-28,Nagaland,115.4,118.5,114.8,66.4,6.6,888.0,1319.0
2024-01-31,Manipur,149.1,145.2,67.4,78.8,4.7,2039.0,3004.0
2025-03-31,Chandigarh,149.2,150.5,134.1,80.5,7.7,683.0,876.0
2023-08-31,Tripura,139.5,143.3,94.0,75.9,5.8,1195.0,1298.0
2021-09-30,Meghalaya,133.1,129.8,85.3,70.9,7.1,1416.0,1253.0
2022-03-31,Kerala,136.3,135.5,139.3,73.7,6.5,2971.0,9382.0
2020-01-31,Maharashtra,129.4,127.8,61.3,70.4,1.7,8848.0,4950.0
2018-10-31,Madhya Pradesh,117.2,120.1,34.0,68.2,5.8,5282.0,1083.0
2017-08-31,Chandigarh,109.7,116.5,20.5,63.0,5.6,821.0,652.0
2016-03-31,Ladakh,104.4,114.3,50.9,61.9,4.6,58.0,509.0
2018-08-31,Meghalaya,113.4,125.0,68.9,65.8,4.3,641.0,1582.0
2019-06-30,Andhra Pradesh,117.4,125.2,93.2,65.8,7.7,1982.0,8529.0
2018-08-31,Andaman and Nicobar Islands,115.7,125.1,86.1,65.4,7.7,626.0,704.0
2023-02-28,Uttarakhand,141.3,142.2,61.5,74.8,6.6,2861.0,3247.0
2015-05-31,Madhya Pradesh,101.5,109.6,74.2,59.6,5.6,1892.0,4538.0
2024-01-31,Mizoram,144.8,148.1,102.1,79.5,4.1,0.0,0.0
2017-03-31,West Bengal,113.9,117.7,71.4,64.7,5.8,9388.0,9217.0
2024-08-31,Punjab,142.3,144.4,106.7,78.2,6.6,368.0,6776.0
2022-03-31,Chhattisgarh,132.1,140.7,82.2,75.9,5.2,8338.0,6319.0
2023-08-31,Telangana,138.4,141.9,87.6,77.4,5.4,6212.0,3673.0
2025-03-31,Himachal Pradesh,150.0,153.6,136.9,79.2,5.9,4992.0,4902.0
2021-07-31,Delhi,127.8,133.3,58.9,70.2,6.0,1431.0,1535.0
2018-07-31,Puducherry,117.7,119.3,95.6,63.7,7.0,94.0,1536.0
2023-01-31,Uttarakhand,138.5,140.5,64.2,75.1,6.0,737.0,1654.0
2017-07-31,Delhi,108.2,116.7,53.2,63.4,7.4,2010.0,813.0
2023-03-31,Andaman and Nicobar Islands,142.1,141.8,135.2,77.5,5.9,607.0,185.0
2016-05-31,Jammu and Kashmir,105.4,112.4,89.9,63.2,4.1,1283.0,3231.0
2021-11-30,Punjab,131.6,131.5,112.9,72.9,4.6,5647.0,7602.0
2024-02-29,Odisha,144.9,145.4,143.3,77.5,6.9,3770.0,9826.0
2017-08-31,Chhattisgarh,110.5,118.2,20.0,63.8,5.8,4955.0,653.0
2017-11-30,Tripura,107.1,118.8,118.3,63.6,5.8,2640.0,2185.0
2017-05-31,Andaman and Nicobar Islands,109.7,118.0,30.1,66.2,7.9,174.0,46.0
2020-10-31,Uttar Pradesh,122.9,132.7,16.2,69.4,-1.9,11075.0,9398.0
2022-11-30,Arunachal Pradesh,138.9,138.1,116.1,73.2,4.5,496.0,1714.0
2016-10-31,Manipur,107.6,109.6,55.0,62.6,5.7,2248.0,529.0
2020-09-30,Goa,123.7,130.5,67.1,69.0,-1.4,1277.0,152.0
2022-05-31,Andhra Pradesh,134.6,138.0,89.3,74.6,4.1,4069.0,6547.0
2020-12-31,Himachal Pradesh,124.7,131.5,35.2,70.3,0.2,317.0,1684.0
2025-09-30,Meghalaya,154.3,147.8,32.8,79.3,7.9,362.0,2216.0
2022-03-31,Maharashtra,135.8,140.1,79.8,73.7,7.0,12940.0,11955.0
2022-12-31,Jharkhand,134.1,138.5,57.3,73.2,5.5,4647.0,86.0
2021-03-31,Odisha,130.3,134.3,27.7,73.0,5.0,6506.0,6381.0
2019-06-30,Haryana,116.9,127.9,87.0,67.9,5.1,13896.0,8856.0
2022-04-30,Kerala,134.9,140.3,141.3,73.8,7.3,6106.0,3574.0
2019-06-30,Goa,117.8,128.1,57.9,68.8,5.6,2002.0,1581.0
2016-04-30,Jammu and Kashmir,101.3,109.3,49.7,62.7,7.4,4277.0,952.0
2023-03-31,Goa,144.0,139.2,34.8,76.2,7.6,722.0,4785.0
2016-08-31,Goa,104.9,113.1,42.3,63.0,5.9,3078.0,1961.0
2018-10-31,Jammu and Kashmir,113.5,119.6,48.5,65.8,7.8,2556.0,367.0
2025-07-31,Karnataka,146.6,148.6,65.3,79.1,5.2,7607.0,4602.0
2019-10-31,Uttarakhand,119.6,125.9,83.4,68.1,5.0,3419.0,2131.0
2024-03-31,Uttar Pradesh,144.7,145.1,37.8,78.0,4.4,13082.0,6109.0
2025-09-30,West Bengal,151.5,150.0,31.0,81.4,5.0,6440.0,2393.0
2021-09-30,Haryana,128.1,136.7,113.1,71.7,7.1,10689.0,7509.0
2021-12-31,Tripura,128.9,137.6,99.9,73.6,5.6,1435.0,1818.0
2020-10-31,Odisha,123.2,130.7,28.7,68.8,-1.3,4587.0,6359.0
2015-08-31,Meghalaya,99.6,112.7,83.9,59.8,4.4,1385.0,1398.0
2017-05-31,Uttar Pradesh,106.0,117.2,79.2,63.7,6.0,9681.0,12756.0
2024-04-30,Manipur,143.4,144.8,113.2,77.7,6.2,1729.0,750.0
2023-12-31,Kerala,141.3,141.8,127.1,77.1,7.2,3344.0,3004.0
2024-01-31,Telangana,142.5,145.4,66.9,77.5,6.9,581.0,7918.0
2016-08-31,Madhya Pradesh,107.0,115.4,86.1,63.0,4.7,5532.0,1768.0
2021-01-31,Mizoram,131.7,134.0,100.2,71.9,5.1,0.0,0.0
2015-04-30,Madhya Pradesh,101.9,113.0,89.9,59.9,6.8,4855.0,4403.0
2016-07-31,Mizoram,105.0,114.2,112.2,60.7,4.7,0.0,0.0
2023-06-30,Andhra Pradesh,139.8,140.6,83.4,77.3,7.2,2135.0,8970.0
2022-02-28,Karnataka,135.6,137.1,120.3,75.5,6.6,11205.0,7865.0
2019-04-30,Punjab,122.6,124.8,111.0,66.8,6.1,13455.0,3950.0
2024-03-31,Dadra and Nagar Haveli and Daman and Diu,147.5,147.5,90.8,79.6,6.6,1080.0,90.0
2024-01-31,Jammu and Kashmir,141.7,145.8,26.1,76.6,4.4,3956.0,1601.0
2022-02-28,Goa,133.3,138.2,122.2,73.8,6.2,422.0,851.0
2018-07-31,Jammu and Kashmir,112.9,122.8,104.6,65.9,5.8,3561.0,1342.0
2018-06-30,West Bengal,116.5,123.1,60.0,65.7,6.1,8515.0,5249.0
2022-06-30,Andhra Pradesh,133.6,140.1,51.5,75.1,5.4,6921.0,7639.0
2024-07-31,Meghalaya,144.6,146.7,141.4,78.7,5.9,1627.0,2695.0
2017-02-28,Kerala,113.4,116.1,75.2,62.3,7.5,5176.0,5831.0
2018-07-31,West Bengal,117.2,121.0,71.6,67.5,5.4,3459.0,2382.0
2021-05-31,Manipur,132.8,133.0,114.6,73.7,4.2,1482.0,2027.0
2016-08-31,Haryana,103.6,112.5,60.8,62.7,5.0,3642.0,5784.0
2018-03-31,Bihar,109.5,124.1,104.8,65.7,5.8,9779.0,5087.0
2015-12-31,Dadra and Nagar Haveli and Daman and Diu,99.2,109.7,90.1,60.2,6.1,578.0,925.0
2015-11-30,Chandigarh,97.1,110.4,116.8,59.7,5.7,561.0,280.0
2018-06-30,Jammu and Kashmir,111.1,122.7,62.9,67.0,7.3,2279.0,3443.0
2015-11-30,Goa,102.3,110.4,110.8,58.2,7.7,550.0,2965.0
2018-02-28,Rajasthan,113.2,122.6,76.9,66.4,5.9,825.0,7861.0
2023-02-28,Chandigarh,138.4,146.8,81.1,77.2,4.3,187.0,547.0
2016-07-31,Meghalaya,104.3,115.4,50.6,61.8,5.7,2568.0,564.0
2024-08-31,Haryana,148.3,144.2,90.3,78.6,4.7,7429.0,8534.0
2024-05-31,Uttarakhand,144.7,146.6,92.7,76.2,5.1,208.0,3268.0
2020-05-31,Delhi,126.9,130.2,65.9,69.0,1.4,2508.0,3200.0
2023-03-31,Kerala,139.4,139.2,108.5,76.4,6.1,1332.0,8290.0
2020-12-31,Tamil Nadu,121.8,125.2,61.6,70.5,0.8,6923.0,8002.0
2019-04-30,Andhra Pradesh,117.6,126.3,96.9,67.4,7.9,10428.0,10194.0
2024-10-31,Gujarat,145.0,145.4,57.2,78.3,6.2,9159.0,1221.0
2024-12-31,Ladakh,145.2,143.7,48.7,77.9,7.6,142.0,452.0
2015-07-31,Tripura,101.1,108.9,45.8,58.2,6.7,1232.0,1096.0
2015-11-30,Rajasthan,101.1,109.5,34.7,59.8,4.4,3397.0,1957.0
2023-07-31,Kerala,141.8,140.8,70.3,76.7,5.7,4304.0,6331.0
2020-01-31,Lakshadweep,123.5,130.5,51.2,71.3,-1.3,0.0,0.0
2020-08-31,Meghalaya,128.7,130.4,44.2,69.8,1.3,387.0,1731.0
2023-06-30,Andhra Pradesh,143.8,143.6,105.5,76.4,7.4,883.0,902.0
2024-02-29,Uttar Pradesh,144.0,148.3,66.7,78.2,6.5,16917.0,11739.0
2019-03-31,Maharashtra,118.4,127.3,40.5,68.5,4.4,2952.0,9866.0
2024-09-30,Goa,141.4,144.6,48.3,77.4,4.6,1852.0,2493.0
2018-10-31,Punjab,115.3,122.3,80.1,65.9,5.3,5254.0,209.0
2019-05-31,Assam,120.9,122.8,36.4,68.5,5.2,3873.0,6083.0
2022-04-30,Kerala,133.8,137.1,71.7,74.4,4.9,8985.0,7885.0
2025-01-31,Delhi,150.6,144.9,49.5,80.6,6.5,77.0,807.0
2016-01-31,Andhra Pradesh,102.2,113.3,86.3,62.8,5.7,7258.0,730.0
2022-05-31,Odisha,136.9,136.9,97.9,74.2,6.7,5896.0,4248.0
2025-05-31,Arunachal Pradesh,148.9,151.4,69.7,80.3,5.5,1471.0,485.0
2024-10-31,Tamil Nadu,145.6,144.1,39.4,77.4,5.1,1702.0,8324.0
2019-06-30,Haryana,120.4,126.3,41.2,68.9,6.2,4810.0,13595.0
2024-08-31,Puducherry,141.1,145.2,80.7,76.9,4.4,264.0,1246.0
2024-10-31,Bihar,146.7,145.1,140.6,78.6,8.0,1667.0,5918.0
2015-04-30,Haryana,98.4,108.5,47.1,60.1,6.6,4308.0,5448.0
2021-03-31,Uttarakhand,130.4,134.6,39.1,71.3,4.5,3848.0,201.0
2019-01-31,Uttar Pradesh,117.2,125.7,42.1,67.3,6.5,4068.0,14146.0
2015-07-31,Delhi,99.0,108.1,90.8,60.2,4.3,841.0,2581.0
2024-02-29,Assam,145.7,146.3,133.8,77.8,6.0,1344.0,6772.0
2025-02-28,Himachal Pradesh,147.8,150.6,33.0,79.6,5.2,957.0,4480.0
2015-11-30,Jharkhand,98.0,113.1,94.9,60.4,6.8,1151.0,4677.0
2022-08-31,Andaman and Nicobar Islands,135.3,136.8,83.4,72.3,5.9,516.0,728.0
2016-11-30,Rajasthan,104.7,113.2,102.5,62.1,7.1,3957.0,5082.0
2017-04-30,Nagaland,110.7,115.4,62.2,63.6,4.9,2041.0,1100.0
2024-03-31,Mizoram,144.3,145.1,24.6,76.8,6.6,0.0,0.0
2019-09-30,Rajasthan,121.3,123.9,88.3,67.7,6.8,2780.0,1190.0
2017-02-28,Assam,108.9,120.2,100.8,62.7,5.9,1075.0,9352.0
2019-06-30,Uttarakhand,121.2,127.0,110.2,69.2,7.4,4985.0,1065.0
2017-05-31,Lakshadweep,108.2,115.8,76.9,64.7,4.6,0.0,0.0
2023-01-31,Andaman and Nicobar Islands,138.8,140.0,38.6,76.8,7.0,1074.0,432.0
2016-02-29,Andaman and Nicobar Islands,106.5,112.9,57.0,62.5,4.5,1093.0,917.0
2021-06-30,Uttar Pradesh,129.0,136.6,98.4,69.9,4.6,11024.0,3717.0
2017-11-30,Himachal Pradesh,107.7,116.8,69.4,62.8,4.8,2207.0,3546.0
2017-06-30,Uttarakhand,113.5,117.6,89.9,64.9,6.6,4234.0,989.0
2022-08-31,Kerala,134.9,141.1,24.6,76.0,6.6,2059.0,1075.0
2016-05-31,Meghalaya,105.9,114.8,27.3,62.4,5.8,499.0,704.0
2022-09-30,Arunachal Pradesh,130.5,135.1,105.7,75.4,5.3,1455.0,580.0
2021-07-31,Uttarakhand,132.7,130.3,49.0,71.2,6.5,2239.0,52.0
2024-02-29,Himachal Pradesh,150.3,146.2,70.6,77.4,4.6,4417.0,1693.0
2023-06-30,Arunachal Pradesh,142.5,146.6,101.1,76.7,6.5,1408.0,398.0
2023-10-31,Gujarat,142.8,144.7,37.4,75.2,4.0,3741.0,5136.0
2018-11-30,Haryana,114.2,122.8,103.3,64.4,4.6,7954.0,2077.0
2020-04-30,Goa,125.5,131.6,20.7,70.7,-0.0,2029.0,55.0
2020-04-30,Odisha,126.0,131.7,56.0,69.3,0.8,1401.0,3465.0
2022-03-31,Manipur,133.6,134.7,59.1,72.1,4.3,3373.0,3180.0
2015-07-31,West Bengal,99.8,110.4,46.0,61.2,6.6,5186.0,5984.0
2016-10-31,Chandigarh,103.0,116.6,102.1,62.5,4.2,238.0,554.0
2021-09-30,Uttarakhand,129.2,138.2,75.2,72.7,7.5,949.0,10.0
2021-02-28,Jharkhand,131.7,135.0,40.5,72.8,5.6,6780.0,2686.0
2025-05-31,Dadra and Nagar Haveli and Daman and Diu,146.5,147.3,24.3,81.0,7.0,575.0,110.0
2019-02-28,Andhra Pradesh,121.9,127.1,117.3,68.5,4.7,7424.0,12704.0
2019-04-30,Lakshadweep,116.8,127.1,63.1,66.5,7.4,0.0,0.0
2015-01-31,Meghalaya,100.1,111.7,59.7,58.9,5.7,2827.0,1202.0
2015-04-30,Goa,100.3,110.8,25.0,61.0,4.8,903.0,1979.0
2015-04-30,Arunachal Pradesh,101.1,113.7,109.4,60.6,6.3,1900.0,1659.0
2015-01-31,Arunachal Pradesh,99.6,110.4,34.1,59.9,5.2,846.0,751.0
2020-11-30,Assam,122.9,130.1,32.1,68.3,-1.4,6943.0,1896.0
2017-11-30,Odisha,110.4,117.5,62.1,63.2,4.5,2496.0,2813.0
2015-08-31,Bihar,104.3,110.2,101.0,59.7,4.9,6474.0,7029.0
2017-12-31,Nagaland,110.0,118.6,55.9,63.2,7.2,434.0,815.0
2025-03-31,Nagaland,148.2,150.2,87.8,79.0,6.1,2077.0,753.0
2018-07-31,Rajasthan,114.1,123.6,62.9,66.3,5.4,2544.0,3488.0
2017-03-31,Rajasthan,110.3,113.9,51.2,65.5,7.7,5388.0,2550.0
2017-08-31,Chandigarh,109.5,117.7,114.6,64.6,7.2,476.0,599.0
2021-06-30,Mizoram,129.2,135.0,99.7,71.5,5.2,0.0,0.0
2025-01-31,Chhattisgarh,152.7,150.6,44.9,79.9,4.4,7182.0,1177.0
2016-04-30,Chhattisgarh,106.0,111.5,75.5,62.6,4.7,2726.0,2312.0
2023-03-31,Himachal Pradesh,139.8,143.1,119.6,75.4,6.7,132.0,3012.0
2018-11-30,Karnataka,114.8,122.1,78.0,66.2,6.3,1566.0,1354.0
2017-07-31,Maharashtra,110.3,119.5,69.4,63.6,7.9,2465.0,8887.0
2015-04-30,Goa,101.1,111.2,27.2,59.6,4.1,606.0,2949.0
2016-05-31,Maharashtra,107.6,114.6,30.6,60.4,7.5,4158.0,978.0
2018-03-31,Haryana,114.2,122.0,44.5,66.0,4.1,16429.0,10882.0
2018-12-31,Chandigarh,113.0,122.6,71.3,66.4,5.7,204.0,506.0
2018-03-31,Andhra Pradesh,113.9,122.6,118.7,66.8,7.7,5595.0,2525.0
2017-06-30,Tripura,108.2,120.7,100.2,62.3,6.6,2884.0,2578.0
2016-10-31,Madhya Pradesh,101.9,120.0,31.0,63.0,6.3,2442.0,5363.0
2020-06-30,Uttarakhand,127.8,127.9,55.0,70.7,0.1,948.0,375.0
2023-12-31,Tripura,141.7,136.7,121.3,77.5,7.9,1580.0,1177.0
2015-12-31,Bihar,95.4,108.9,61.4,59.6,4.7,698.0,6305.0
2017-12-31,Dadra and Nagar Haveli and Daman and Diu,110.4,116.1,53.0,64.1,5.1,820.0,527.0
2016-06-30,Nagaland,104.2,115.7,78.5,61.0,5.8,108.0,755.0
2022-06-30,Mizoram,134.0,141.0,86.3,73.9,4.5,0.0,0.0
2015-01-31,Karnataka,95.0,111.6,46.5,59.7,5.7,6041.0,791.0
2025-07-31,Kerala,149.9,149.4,71.7,80.2,4.2,455.0,5592.0
2022-06-30,Assam,135.2,139.5,89.3,74.0,7.7,3420.0,5957.0
2022-03-31,Manipur,132.6,140.4,93.6,74.8,5.3,1176.0,1261.0
2022-06-30,Goa,138.2,139.3,87.8,73.8,6.5,1713.0,1218.0
2020-10-31,Chhattisgarh,126.6,131.1,62.8,71.3,1.1,3236.0,422.0
2018-08-31,Dadra and Nagar Haveli and Daman and Diu,112.9,121.8,23.2,63.5,7.3,461.0,590.0
2022-02-28,Haryana,137.0,135.6,64.0,75.3,7.5,16297.0,10471.0
2016-07-31,Jharkhand,104.1,116.2,95.0,60.6,6.9,3828.0,3214.0
2023-05-31,Assam,142.1,145.4,102.2,76.8,4.8,8368.0,7126.0
2022-11-30,Kerala,132.1,135.2,134.2,74.7,5.5,4429.0,2395.0
2023-05-31,West Bengal,140.3,143.5,94.6,74.9,6.0,3926.0,9115.0
2017-06-30,Kerala,107.6,116.4,83.8,65.2,5.3,7429.0,7885.0
2017-09-30,Chandigarh,108.3,118.9,90.5,62.8,7.8,210.0,474.0
2015-12-31,Odisha,96.1,107.2,38.6,58.7,7.2,6318.0,3717.0
2024-10-31,Rajasthan,142.5,147.6,114.4,77.6,7.2,632.0,1655.0
2022-10-31,Mizoram,132.5,138.9,60.0,73.6,5.4,0.0,0.0
2021-04-30,Maharashtra,127.3,135.7,62.5,71.4,7.0,4773.0,3931.0
2017-05-31,Karnataka,110.4,119.3,21.4,64.1,6.5,4288.0,8311.0
2024-09-30,Andaman and Nicobar Islands,141.5,146.4,125.2,78.4,5.5,381.0,301.0
2016-03-31,Gujarat,105.6,115.6,115.3,61.9,5.2,3957.0,9917.0
2015-02-28,Andhra Pradesh,102.0,109.1,26.0,58.8,7.2,9495.0,6286.0
2024-09-30,Gujarat,143.2,147.2,100.2,77.1,6.4,2676.0,7766.0
2016-06-30,Maharashtra,104.8,112.9,116.1,64.1,4.1,11078.0,11000.0
2015-03-31,Meghalaya,99.3,111.3,80.7,58.9,4.1,1414.0,915.0
2023-12-31,Jammu and Kashmir,139.2,141.6,119.8,75.0,7.4,3384.0,3919.0
2022-11-30,Meghalaya,129.9,139.0,38.2,72.4,4.4,523.0,1718.0
2025-02-28,Rajasthan,147.7,149.4,53.4,81.0,6.1,2707.0,3990.0
2015-11-30,Madhya Pradesh,102.9,109.5,54.6,61.0,6.4,4120.0,3878.0
2020-08-31,Nagaland,125.6,129.6,70.9,70.4,-0.6,1259.0,1607.0
2025-03-31,Andaman and Nicobar Islands,149.5,147.3,117.8,81.3,6.1,103.0,820.0
2024-05-31,Rajasthan,141.0,147.7,130.3,77.3,4.8,4029.0,3054.0
2023-02-28,Himachal Pradesh,141.2,142.1,82.4,74.8,5.0,3884.0,5198.0
2022-09-30,Dadra and Nagar Haveli and Daman and Diu,133.2,135.4,110.0,74.3,4.2,488.0,656.0
2016-10-31,Mizoram,102.5,112.9,93.2,62.5,4.9,0.0,0.0
2025-07-31,Dadra and Nagar Haveli and Daman and Diu,147.7,148.8,92.3,80.2,7.3,157.0,515.0
2017-01-31,Telangana,111.0,118.8,107.8,63.7,7.0,7321.0,5735.0
2022-01-31,Goa,134.9,137.6,43.0,75.0,4.3,4013.0,3781.0
2019-07-31,Lakshadweep,121.7,127.8,25.8,68.0,5.9,0.0,0.0
2022-11-30,Dadra and Nagar Haveli and Daman and Diu,137.3,135.6,60.5,74.3,5.2,582.0,727.0
2024-11-30,Nagaland,143.5,146.9,34.6,78.0,6.6,135.0,1453.0
2015-09-30,Himachal Pradesh,99.9,110.7,26.0,59.5,7.8,267.0,2878.0
2018-06-30,Assam,114.4,121.2,61.9,64.9,6.5,3723.0,1898.0
2019-05-31,Gujarat,117.3,126.5,40.1,68.4,7.0,9332.0,11489.0
2021-02-28,Uttar Pradesh,127.6,133.9,99.0,69.8,5.6,14584.0,3416.0
2018-03-31,Madhya Pradesh,114.7,124.4,78.0,65.4,4.1,5799.0,6366.0
2025-02-28,Puducherry,149.9,150.2,67.3,79.5,5.7,123.0,770.0
2016-03-31,Andaman and Nicobar Islands,104.9,116.3,48.7,60.8,6.0,125.0,500.0
2025-03-31,Delhi,149.9,151.7,91.6,79.7,6.0,2618.0,2899.0
2024-03-31,Chhattisgarh,143.4,143.5,76.1,78.4,4.9,6411.0,2282.0
2021-11-30,Ladakh,134.2,133.8,25.6,72.1,5.9,67.0,393.0
2015-10-31,Manipur,100.5,111.7,86.5,59.4,6.9,1842.0,1873.0
2022-08-31,Jharkhand,133.8,138.5,84.0,74.6,5.2,1344.0,2838.0
2017-05-31,Bihar,110.8,118.2,47.7,64.3,6.5,9877.0,9176.0
2017-11-30,Lakshadweep,108.3,118.3,49.0,62.9,4.6,0.0,0.0
2015-06-30,Telangana,100.1,111.2,65.3,59.2,5.1,3408.0,5154.0
2024-03-31,Punjab,145.8,145.2,123.3,76.6,7.5,13164.0,4516.0
2018-02-28,Bihar,116.1,121.4,62.3,65.7,6.5,4616.0,10902.0
2021-05-31,Karnataka,127.5,135.7,104.0,71.3,4.3,917.0,247.0
2022-09-30,Karnataka,141.1,138.4,75.0,73.8,5.1,8489.0,7702.0
2020-07-31,Meghalaya,127.4,129.6,61.8,71.9,-1.3,2161.0,901.0
2015-08-31,Andhra Pradesh,104.1,110.1,113.2,58.4,5.1,3736.0,8902.0
2025-02-28,Delhi,149.5,151.0,26.5,78.1,6.3,3432.0,216.0
2021-12-31,Gujarat,130.5,134.0,26.2,73.5,6.2,5619.0,4808.0
2022-01-31,Assam,135.1,138.3,40.1,74.5,5.6,6485.0,4342.0
2018-09-30,Gujarat,113.9,118.6,32.2,67.0,4.1,754.0,1606.0
2022-03-31,Andhra Pradesh,136.5,138.5,78.5,73.7,5.1,4427.0,11336.0
2016-04-30,Delhi,103.2,113.7,96.4,62.7,7.8,2723.0,2716.0
2021-05-31,Gujarat,131.4,135.8,116.1,71.9,4.1,10255.0,5497.0
2015-09-30,Bihar,99.0,109.9,61.8,60.9,6.9,4918.0,1158.0
2019-12-31,Nagaland,120.8,129.0,88.8,69.0,7.6,449.0,647.0
2021-06-30,Maharashtra,132.9,135.2,83.6,72.9,7.0,6673.0,2390.0
2021-05-31,Manipur,129.7,132.5,59.3,71.3,5.3,2886.0,2050.0
2020-11-30,Tripura,126.6,127.5,55.3,70.1,0.6,1450.0,43.0
2016-03-31,Nagaland,104.0,113.8,79.2,61.0,7.5,1350.0,2198.0
2020-11-30,Bihar,122.6,130.1,57.6,70.6,0.6,2015.0,1986.0
2023-06-30,Arunachal Pradesh,143.3,138.6,47.2,76.3,4.4,1829.0,1665.0
2016-10-31,Uttar Pradesh,106.5,113.9,56.0,60.4,4.5,8440.0,9093.0
2024-05-31,Punjab,144.7,145.3,104.5,78.5,7.8,977.0,12562.0
2015-01-31,Manipur,101.4,110.4,32.5,60.4,7.5,2457.0,165.0
2015-10-31,Goa,98.0,114.0,97.0,60.6,4.8,2612.0,2120.0
2024-02-29,Madhya Pradesh,145.9,142.7,40.0,78.0,7.9,5363.0,4829.0
2024-05-31,Meghalaya,145.4,147.9,62.9,78.6,4.8,1695.0,773.0
2019-02-28,Arunachal Pradesh,121.3,127.0,43.8,68.3,4.4,7.0,2252.0
2015-12-31,Andhra Pradesh,103.3,109.0,26.1,59.1,6.7,5537.0,522.0
2022-05-31,Chhattisgarh,137.9,138.0,56.5,74.6,6.2,2550.0,2873.0
2024-04-30,Chandigarh,142.2,147.8,133.4,77.0,5.0,1022.0,402.0
2021-06-30,Dadra and Nagar Haveli and Daman and Diu,126.0,134.2,22.7,70.9,7.7,879.0,443.0
2025-01-31,Lakshadweep,150.5,146.1,26.0,80.2,5.6,0.0,0.0
2016-11-30,Assam,105.3,114.7,90.4,59.3,5.6,6104.0,1154.0
2017-01-31,Assam,107.7,119.4,56.7,63.3,6.5,5412.0,6385.0
2016-06-30,Chhattisgarh,103.1,113.2,43.0,61.7,4.9,2185.0,5626.0
2018-07-31,Jammu and Kashmir,113.5,123.7,70.9,67.3,6.3,1127.0,979.0
2021-06-30,Sikkim,132.7,135.9,46.7,71.8,5.5,0.0,0.0
2017-04-30,Lakshadweep,109.1,120.6,59.2,65.9,6.8,0.0,0.0
2019-11-30,Tamil Nadu,117.0,128.0,91.5,66.5,5.0,4633.0,2036.0
2020-03-31,Haryana,124.9,135.1,19.0,70.5,-1.2,1740.0,8387.0
2022-08-31,Bihar,135.0,140.3,139.2,74.6,5.0,4442.0,7708.0
2019-08-31,Goa,117.9,126.3,24.3,67.1,7.7,1636.0,3085.0
2024-03-31,Uttarakhand,146.2,147.6,120.8,77.9,7.4,3812.0,902.0
2020-08-31,Odisha,127.3,130.3,55.5,69.9,-1.7,640.0,7155.0
2018-10-31,Andaman and Nicobar Islands,114.3,121.5,48.2,67.1,7.1,168.0,287.0
2020-07-31,Goa,122.0,127.9,19.1,68.6,-1.3,127.0,989.0
2015-06-30,Assam,99.5,109.8,105.2,61.9,4.4,7651.0,730.0
2016-12-31,Lakshadweep,105.6,115.8,88.0,60.1,5.3,0.0,0.0
2022-10-31,Meghalaya,130.7,136.4,58.9,74.4,6.2,1615.0,1229.0
2016-01-31,Delhi,106.0,114.8,21.7,61.1,4.4,2411.0,2566.0
2017-01-31,Arunachal Pradesh,109.3,117.3,113.8,64.5,4.1,1491.0,432.0
2024-10-31,Uttar Pradesh,145.1,146.1,72.5,77.3,4.4,7869.0,7663.0
2021-10-31,Jammu and Kashmir,129.4,134.0,37.6,73.3,4.4,2813.0,378.0
2024-03-31,West Bengal,143.5,146.5,133.4,78.1,4.4,7964.0,2718.0
2021-10-31,Karnataka,129.8,138.6,55.9,71.6,4.8,6035.0,4714.0
2020-06-30,Telangana,124.0,129.1,39.8,68.9,-0.9,1709.0,1109.0
2018-09-30,Meghalaya,114.3,122.0,89.9,66.4,5.1,1677.0,1963.0
2024-06-30,Tripura,143.2,145.7,122.3,78.5,7.4,1110.0,1866.0
2020-03-31,Tamil Nadu,126.1,127.1,18.0,69.6,-1.9,10637.0,9551.0
2021-04-30,Jammu and Kashmir,132.5,135.8,109.9,72.0,7.7,3423.0,2617.0
2024-06-30,Tripura,143.3,144.5,135.9,78.3,5.9,410.0,2840.0
2024-03-31,Delhi,144.8,148.9,55.1,78.6,7.1,1105.0,412.0
2017-11-30,Sikkim,107.8,116.6,69.7,63.0,6.4,0.0,0.0
2019-05-31,Jharkhand,120.8,126.9,105.8,67.5,4.6,5783.0,3409.0
2017-02-28,Andhra Pradesh,110.4,121.6,68.7,64.6,6.5,4352.0,11428.0
2016-02-29,Sikkim,103.8,115.0,68.2,61.9,7.3,0.0,0.0
2024-10-31,Lakshadweep,144.8,144.9,98.2,76.1,5.4,0.0,0.0
2018-09-30,Tamil Nadu,116.7,120.3,96.7,67.6,7.0,6994.0,7131.0
2019-03-31,Chandigarh,116.8,121.7,86.6,68.8,7.1,674.0,525.0
2024-11-30,Tamil Nadu,142.4,145.4,99.2,76.3,6.6,2224.0,2377.0
2016-07-31,Kerala,106.2,111.3,57.2,61.3,7.5,3582.0,1027.0
2021-10-31,Odisha,130.1,134.1,83.0,73.6,4.6,5035.0,236.0
2021-04-30,Gujarat,129.9,133.3,30.3,72.5,7.4,378.0,7182.0
2022-08-31,Uttarakhand,136.9,138.3,73.1,72.6,6.4,1099.0,1974.0
2017-09-30,Uttar Pradesh,111.4,115.8,38.8,62.0,7.4,6693.0,3735.0
2017-04-30,Nagaland,113.4,117.1,73.8,62.2,6.1,2063.0,1164.0
2025-03-31,West Bengal,151.8,151.1,55.4,79.5,5.3,10854.0,11787.0
2025-06-30,Karnataka,151.1,150.7,84.7,80.7,7.6,9782.0,723.0
2018-01-31,Arunachal Pradesh,114.9,118.4,97.7,64.5,7.5,99.0,1302.0
2023-03-31,Mizoram,139.7,143.6,76.1,76.6,5.1,0.0,0.0
2023-02-28,Andaman and Nicobar Islands,140.0,139.9,50.2,75.1,7.0,1119.0,79.0
2025-07-31,Lakshadweep,150.4,147.0,50.8,78.1,4.4,0.0,0.0
2021-08-31,Manipur,127.6,133.6,110.6,71.7,4.3,2155.0,778.0
2018-02-28,Nagaland,115.5,126.9,98.1,68.0,6.0,1210.0,2207.0
2021-05-31,West Bengal,129.5,133.4,23.7,73.3,4.1,12046.0,6867.0
2025-06-30,Uttarakhand,150.7,150.2,137.1,79.5,5.7,1039.0,3967.0
2022-03-31,Delhi,133.8,139.4,37.5,74.2,7.2,1350.0,3284.0
2019-06-30,Jharkhand,118.7,124.3,85.3,67.4,7.6,4773.0,5639.0
2016-04-30,Telangana,105.5,114.6,75.2,60.0,5.0,2269.0,4387.0
2017-04-30,Puducherry,111.0,116.4,24.7,63.4,4.3,586.0,2207.0
2018-10-31,Uttarakhand,113.8,123.1,49.5,66.6,6.5,3037.0,102.0
2020-12-31,Punjab,127.6,130.8,58.6,68.8,1.7,4191.0,11064.0
2022-01-31,Tripura,137.6,138.6,60.8,75.1,4.1,2248.0,125.0
2017-02-28,Uttar Pradesh,106.8,118.3,68.0,65.1,4.5,6780.0,13968.0
2022-01-31,Rajasthan,133.4,142.0,107.8,73.5,7.8,2610.0,1849.0
2020-05-31,Madhya Pradesh,125.2,130.5,16.3,70.1,-1.1,6250.0,5747.0
2024-07-31,Delhi,145.7,147.1,123.9,79.3,7.3,68.0,2446.0
2020-04-30,Jharkhand,129.3,130.7,14.5,70.4,1.0,3424.0,6036.0
2022-03-31,West Bengal,135.3,136.0,55.5,75.5,6.9,5157.0,4955.0
2023-11-30,Delhi,139.8,140.5,115.6,74.2,7.8,330.0,2154.0
2022-12-31,Karnataka,132.7,135.8,133.4,73.4,6.3,45.0,3185.0
2021-05-31,Maharashtra,126.8,132.4,96.0,71.7,5.3,1039.0,10182.0
2022-03-31,Punjab,134.7,137.0,51.2,75.2,7.2,12901.0,5644.0
2019-09-30,Ladakh,124.1,125.6,118.6,68.0,5.7,281.0,99.0
2023-07-31,Punjab,139.6,141.6,73.6,75.3,6.3,4238.0,10896.0
2022-07-31,Haryana,133.5,139.2,69.2,73.9,6.2,9314.0,9751.0
2018-09-30,Manipur,115.9,124.7,106.5,66.5,4.9,271.0,318.0
2022-04-30,Delhi,131.0,140.3,31.9,73.7,4.0,1067.0,364.0
2024-07-31,Odisha,145.2,146.6,90.7,78.8,8.0,4222.0,4301.0
2018-11-30,Kerala,116.6,120.3,116.6,66.1,5.7,2503.0,2986.0
2019-02-28,Mizoram,118.1,128.1,30.0,67.7,5.1,0.0,0.0
2021-12-31,Delhi,132.7,132.9,74.1,73.2,7.1,795.0,2332.0
2022-07-31,Punjab,136.3,138.9,39.9,75.4,6.4,10408.0,7981.0
2022-07-31,Dadra and Nagar Haveli and Daman and Diu,137.8,138.6,130.8,75.2,7.5,395.0,186.0
2024-01-31,Odisha,142.2,143.9,94.5,77.2,7.1,9282.0,8872.0
2019-09-30,Odisha,119.6,124.9,43.5,69.2,5.1,5416.0,6611.0
2017-07-31,Madhya Pradesh,111.8,119.0,50.7,65.0,6.4,6474.0,3760.0
2016-09-30,Andhra Pradesh,102.0,113.7,71.7,60.9,6.0,2014.0,1957.0
2022-06-30,Karnataka,136.9,143.8,111.0,73.7,7.8,5469.0,7975.0
2018-04-30,Uttarakhand,114.6,121.1,68.7,67.2,5.0,2373.0,2369.0
2024-04-30,Andhra Pradesh,146.9,144.0,46.7,79.0,5.1,1026.0,10964.0
2018-09-30,Manipur,115.4,122.1,90.8,65.5,7.7,412.0,2157.0
2021-05-31,Nagaland,132.8,133.4,31.8,70.9,5.8,383.0,1633.0
2022-03-31,Tripura,132.4,134.6,121.1,75.3,5.8,2684.0,3102.0
2023-05-31,Andhra Pradesh,140.7,143.7,71.5,76.6,7.5,6881.0,5315.0
2024-09-30,Odisha,142.0,148.0,102.3,78.0,5.2,699.0,6010.0
2022-08-31,Puducherry,135.8,139.7,65.4,73.2,6.8,690.0,1636.0
2017-04-30,Jharkhand,110.7,118.6,86.9,64.7,6.9,2104.0,3084.0
2017-01-31,Kerala,109.4,117.7,108.9,63.0,5.8,3665.0,4204.0
2019-10-31,Arunachal Pradesh,118.4,126.3,90.1,67.1,5.3,368.0,453.0
2018-05-31,Lakshadweep,114.3,121.8,87.1,66.4,7.0,0.0,0.0
2021-03-31,Uttar Pradesh,130.2,132.7,95.7,73.0,5.0,13401.0,3321.0
2018-02-28,Punjab,115.6,125.1,70.0,66.1,7.3,9352.0,9192.0
2021-03-31,Goa,133.9,136.5,42.0,71.6,5.7,2740.0,1510.0
2020-06-30,Gujarat,126.7,131.3,60.9,70.9,-0.3,8618.0,3365.0
2015-03-31,Arunachal Pradesh,98.8,109.1,84.8,58.8,6.3,789.0,460.0
2024-09-30,Mizoram,146.2,147.2,61.7,77.0,4.8,0.0,0.0
2023-03-31,Uttar Pradesh,141.8,141.5,57.1,77.1,5.9,7092.0,13599.0
2016-07-31,Dadra and Nagar Haveli and Daman and Diu,103.7,113.4,70.0,60.8,7.2,683.0,514.0
2024-08-31,Puducherry,146.4,146.0,48.9,76.2,4.8,1366.0,1.0
2025-05-31,Nagaland,147.0,150.9,129.4,79.0,4.8,356.0,1879.0
2022-04-30,Maharashtra,133.6,137.2,118.6,75.1,5.9,14288.0,7793.0
2017-11-30,Chhattisgarh,107.2,117.7,50.8,64.9,5.9,4368.0,984.0
2015-01-31,Tamil Nadu,99.6,112.6,24.9,58.5,5.8,8124.0,7857.0
2025-06-30,Andhra Pradesh,149.1,146.7,30.2,79.2,6.8,1315.0,9397.0
2022-05-31,Punjab,134.2,140.0,59.7,72.5,5.1,554.0,16170.0
2017-01-31,Arunachal Pradesh,111.6,117.7,34.8,64.6,5.0,2125.0,1731.0
2016-04-30,Andhra Pradesh,105.2,113.1,107.3,60.8,4.1,6856.0,4197.0
2021-01-31,Jharkhand,131.6,133.4,62.1,72.5,5.5,2238.0,681.0
2025-09-30,Chhattisgarh,153.3,150.0,65.8,79.8,4.8,4061.0,5381.0
2018-06-30,Madhya Pradesh,119.2,123.9,41.8,66.1,6.4,1911.0,7822.0
2021-08-31,Bihar,129.7,134.4,104.1,70.3,4.7,3745.0,1159.0
2023-08-31,Telangana,141.1,141.0,119.1,76.9,7.6,5745.0,6177.0
2017-10-31,Uttarakhand,109.7,119.4,58.4,65.5,7.4,1396.0,3997.0
2022-05-31,Ladakh,137.0,137.8,44.3,75.5,7.1,295.0,18.0
2025-05-31,Ladakh,151.6,151.1,138.2,80.1,7.2,190.0,421.0
2018-09-30,Arunachal Pradesh,113.7,122.5,51.6,64.0,7.8,318.0,211.0
2016-09-30,Lakshadweep,104.0,111.9,97.1,61.6,5.3,0.0,0.0
2025-02-28,Mizoram,152.8,151.1,79.6,80.3,7.9,0.0,0.0
2020-10-31,Kerala,123.9,126.7,58.9,70.1,0.0,5101.0,2789.0
2022-12-31,Kerala,134.8,137.8,81.8,72.5,5.4,7890.0,2998.0
2023-09-30,Rajasthan,141.4,140.0,135.1,76.7,7.5,821.0,3557.0
2018-12-31,Haryana,114.7,118.1,100.0,66.8,7.6,10201.0,4824.0
2018-03-31,Sikkim,118.1,122.5,46.0,66.8,4.1,0.0,0.0
2017-07-31,Jharkhand,112.1,119.7,63.0,63.3,7.5,525.0,449.0
2015-10-31,Punjab,98.2,109.9,30.1,58.6,5.7,5910.0,12199.0
2017-06-30,West Bengal,108.8,120.6,110.3,63.5,7.2,5851.0,5854.0
2016-06-30,Tripura,106.2,114.0,26.9,63.2,4.4,2589.0,2842.0
2022-04-30,West Bengal,134.9,138.4,26.2,73.0,4.7,2270.0,1704.0
2025-05-31,Bihar,146.1,148.3,83.6,79.1,7.9,7507.0,6729.0
2021-01-31,Uttar Pradesh,128.1,135.2,80.3,70.9,5.7,5704.0,14776.0
2016-03-31,Madhya Pradesh,105.5,115.1,42.3,61.6,7.2,5209.0,1663.0
2015-04-30,Odisha,101.8,109.2,77.1,60.4,7.0,4112.0,9269.0
2015-09-30,Puducherry,101.8,107.4,109.6,60.7,7.1,30.0,1341.0
2024-01-31,Meghalaya,148.9,143.0,99.1,76.7,7.1,3140.0,1209.0
2016-04-30,Bihar,103.6,116.0,65.6,63.0,7.7,3341.0,1945.0
2023-03-31,Punjab,138.7,139.7,41.3,77.2,6.4,720.0,12177.0
2025-01-31,Uttar Pradesh,149.9,153.0,44.3,79.7,5.7,2821.0,14765.0
2019-04-30,Chandigarh,116.6,124.4,68.4,66.6,7.7,535.0,1141.0
2020-09-30,Goa,125.0,129.4,39.8,71.3,0.1,3135.0,2562.0
2015-05-31,Madhya Pradesh,99.6,115.7,72.2,60.4,6.5,3870.0,4069.0
2016-08-31,Ladakh,106.6,113.1,70.8,63.9,7.4,393.0,301.0
2021-07-31,Mizoram,131.9,132.1,54.1,70.6,7.7,0.0,0.0
2024-03-31,Uttarakhand,145.7,145.3,107.5,78.3,7.8,1631.0,5621.0
2015-02-28,Jammu and Kashmir,100.0,107.0,41.2,61.5,6.6,1138.0,3440.0
2022-09-30,Delhi,135.7,137.4,126.3,74.5,6.9,1554.0,1407.0
2016-01-31,Nagaland,103.4,114.1,39.4,59.8,6.0,1030.0,1227.0
2015-04-30,Punjab,99.8,112.0,61.6,57.9,5.1,12186.0,11146.0
2024-01-31,Delhi,145.0,147.0,49.3,79.8,4.1,913.0,897.0
2021-02-28,Dadra and Nagar Haveli and Daman and Diu,129.8,134.3,81.8,71.4,4.9,762.0,179.0
2022-11-30,Odisha,134.7,142.3,81.3,74.5,7.9,7898.0,6859.0
2023-09-30,Delhi,138.8,143.2,68.9,74.7,7.2,1087.0,1260.0
2015-08-31,Mizoram,97.9,112.9,67.5,59.4,5.9,0.0,0.0
2020-07-31,Delhi,124.6,131.8,37.3,71.0,1.1,1597.0,2670.0
2024-02-29,Ladakh,146.2,148.8,126.6,78.3,4.3,96.0,314.0
2015-09-30,Chhattisgarh,96.5,112.3,32.4,59.5,4.0,5377.0,5501.0
2024-09-30,Uttarakhand,144.0,147.7,119.2,78.8,7.0,1944.0,292.0
2015-11-30,Gujarat,104.1,111.2,85.5,59.9,7.9,2700.0,7601.0
2023-03-31,Maharashtra,139.6,145.0,65.8,77.0,5.0,1087.0,9950.0
2018-06-30,Bihar,115.3,120.8,111.9,65.6,5.1,4504.0,1807.0
2024-12-31,Nagaland,148.7,144.5,45.2,78.3,7.7,199.0,1366.0
2015-12-31,Puducherry,100.6,106.8,51.0,62.0,6.4,352.0,1045.0
2018-01-31,Meghalaya,115.7,123.0,57.5,66.2,4.7,1627.0,2223.0
2021-02-28,Uttarakhand,128.2,136.3,84.8,72.7,4.2,2530.0,5370.0
2021-01-31,Punjab,130.6,131.9,114.6,70.3,6.3,14065.0,13489.0
2019-04-30,Odisha,120.0,124.6,79.3,68.1,5.8,2928.0,10400.0
2019-08-31,Andhra Pradesh,121.8,128.9,105.6,68.2,5.7,5200.0,9690.0
2019-12-31,Tamil Nadu,122.6,127.4,110.5,66.8,7.9,9251.0,9514.0
2016-11-30,Himachal Pradesh,105.1,115.3,66.6,61.7,5.1,3176.0,782.0
2023-07-31,West Bengal,140.8,142.8,80.7,75.7,6.0,9484.0,3962.0
2018-04-30,Punjab,111.2,121.6,45.0,64.9,4.9,16605.0,15445.0
2020-04-30,Meghalaya,120.5,126.9,48.1,69.5,1.2,2895.0,29.0
2022-01-31,Madhya Pradesh,137.2,139.2,38.4,76.1,7.1,5074.0,2147.0
2022-05-31,Delhi,130.0,142.3,100.1,74.0,4.8,2906.0,2315.0
2017-07-31,Assam,110.7,118.6,109.3,64.3,6.7,4671.0,6512.0
2016-08-31,Manipur,104.7,111.7,96.1,63.9,4.5,733.0,268.0
2016-01-31,Meghalaya,107.5,113.6,84.9,59.5,4.8,1008.0,606.0
2025-02-28,Chandigarh,149.9,151.9,124.6,82.2,4.1,296.0,664.0
2023-07-31,Tripura,143.6,144.1,111.6,76.7,6.5,1229.0,2649.0
2023-10-31,Maharashtra,139.6,145.1,87.6,74.8,8.0,4498.0,1632.0
2024-11-30,Andhra Pradesh,147.3,148.1,86.5,76.8,6.6,9449.0,2985.0
2020-10-31,Delhi,122.0,126.0,18.4,70.8,-1.4,268.0,1634.0
2023-03-31,Andaman and Nicobar Islands,135.4,142.5,76.1,76.8,6.1,308.0,19.0
2021-10-31,Haryana,129.9,131.1,72.2,72.4,6.7,7682.0,838.0
2021-03-31,Andhra Pradesh,127.2,135.3,67.0,71.1,7.7,32.0,9824.0
2024-10-31,Telangana,144.9,147.5,117.1,78.2,4.3,3372.0,5986.0
2021-12-31,Andhra Pradesh,129.2,132.4,36.1,71.4,6.4,1972.0,6128.0
2020-09-30,Jharkhand,126.2,129.4,59.7,69.7,-0.8,557.0,1967.0
2019-11-30,Nagaland,117.9,124.7,94.2,67.0,4.1,641.0,1149.0
2025-06-30,Rajasthan,150.8,151.6,132.1,79.3,4.6,4364.0,1807.0
2024-03-31,Jharkhand,146.7,145.8,68.8,75.9,6.2,365.0,754.0
2020-02-29,Sikkim,124.6,128.7,22.6,71.5,0.3,0.0,0.0
2025-08-31,Himachal Pradesh,151.0,151.6,115.0,79.2,5.4,3896.0,2554.0
2023-09-30,Himachal Pradesh,138.0,143.2,94.6,77.4,6.8,3517.0,3091.0
2020-08-31,Rajasthan,124.2,131.6,54.7,69.5,-0.7,1417.0,4339.0
2016-03-31,Dadra and Nagar Haveli and Daman and Diu,102.3,110.9,119.7,61.4,7.1,731.0,204.0
2017-11-30,Arunachal Pradesh,114.7,116.8,39.5,61.9,7.2,169.0,660.0
2016-02-29,Telangana,107.5,115.4,61.1,63.9,6.6,6184.0,5878.0
2023-06-30,Delhi,143.3,138.7,47.1,77.0,5.1,1444.0,1436.0
2023-04-30,Karnataka,142.4,138.7,127.3,75.1,7.2,213.0,279.0
2015-07-31,Andhra Pradesh,98.7,108.5,21.7,60.9,5.0,4404.0,5564.0
2017-06-30,Haryana,106.9,119.5,33.5,65.1,5.2,9458.0,9313.0
2019-01-31,Himachal Pradesh,119.2,126.0,44.8,68.2,6.4,5418.0,2155.0
2024-03-31,Rajasthan,146.0,147.0,116.6,78.2,6.8,1065.0,2528.0
2020-12-31,Sikkim,124.4,128.0,49.7,70.0,-1.5,0.0,0.0
2021-08-31,Andaman and Nicobar Islands,125.5,132.0,58.9,71.2,6.4,676.0,666.0
2021-11-30,Assam,131.5,136.8,35.9,71.6,5.0,3378.0,5257.0
2018-06-30,Tripura,111.8,122.8,52.2,65.0,7.2,2404.0,2179.0
2016-05-31,Nagaland,104.2,111.9,94.3,63.0,8.0,688.0,374.0
2015-07-31,Karnataka,103.5,106.0,58.2,61.7,6.8,1180.0,9538.0
2015-10-31,Chandigarh,100.1,107.2,66.3,60.4,5.3,78.0,365.0
2017-10-31,Tripura,112.2,115.9,80.9,63.5,5.4,252.0,1971.0
2017-12-31,Karnataka,110.7,115.5,111.3,63.6,4.1,6084.0,1933.0
2015-06-30,Puducherry,98.0,109.9,45.0,60.4,6.6,1919.0,1697.0
2017-05-31,Telangana,111.5,119.3,64.8,64.6,6.4,1257.0,8051.0
2025-06-30,Lakshadweep,149.9,149.8,61.2,80.1,7.8,0.0,0.0
2021-09-30,Assam,127.0,133.1,66.6,71.3,5.6,2247.0,1642.0
2021-03-31,Tripura,126.7,134.7,89.6,73.2,7.7,1890.0,1707.0
2017-02-28,Punjab,110.8,117.3,68.2,64.1,7.0,10271.0,7356.0
2025-07-31,Punjab,154.3,146.6,124.1,80.5,5.2,2845.0,7698.0
2024-07-31,Mizoram,142.8,146.4,90.4,75.9,4.1,0.0,0.0
2025-06-30,Punjab,148.1,150.8,70.3,79.8,6.9,9528.0,11542.0
2017-04-30,Nagaland,110.8,120.4,98.2,64.7,6.0,1002.0,1930.0
2021-03-31,Maharashtra,127.4,135.8,63.1,70.8,7.8,4831.0,15255.0
2021-06-30,Puducherry,134.7,132.9,71.6,70.3,4.1,1631.0,9.0
2022-06-30,Meghalaya,133.3,137.6,143.4,75.1,6.1,2454.0,1614.0
2016-09-30,Lakshadweep,104.0,114.1,98.6,62.1,7.2,0.0,0.0
2019-06-30,Haryana,118.4,126.4,105.5,68.2,7.2,10046.0,1824.0
2023-07-31,Meghalaya,141.9,145.0,95.1,76.4,6.7,2036.0,539.0
2019-11-30,Bihar,124.3,125.9,54.8,68.3,5.6,8414.0,2374.0
2020-12-31,Jammu and Kashmir,123.6,129.0,71.5,67.0,-0.4,1847.0,3251.0
2016-08-31,West Bengal,106.7,116.5,44.4,61.6,5.2,8769.0,1429.0
2024-04-30,Maharashtra,142.4,148.4,128.7,77.9,6.6,1053.0,12050.0
2019-11-30,Chhattisgarh,121.9,127.8,111.1,68.2,7.1,5435.0,3793.0
2020-11-30,Arunachal Pradesh,128.5,126.8,61.1,70.0,-1.1,308.0,283.0
2024-01-31,Telangana,147.9,146.2,37.7,77.6,7.1,4560.0,1920.0
2025-09-30,Assam,150.3,149.5,126.5,80.9,5.3,2220.0,5084.0
2019-08-31,Tamil Nadu,117.9,126.9,86.4,67.7,6.8,962.0,2762.0
2017-11-30,Karnataka,110.0,116.3,88.1,64.2,7.9,3926.0,2252.0
2025-03-31,Jammu and Kashmir,149.4,151.6,118.4,81.6,4.5,3400.0,2250.0
2023-08-31,Andhra Pradesh,139.1,142.7,82.9,74.6,6.9,9392.0,3372.0
2015-07-31,Goa,100.4,111.8,46.7,57.7,5.6,3332.0,2046.0
2017-03-31,Goa,109.9,116.5,77.5,64.3,4.9,2586.0,1127.0
2015-01-31,Uttar Pradesh,101.4,110.5,30.9,60.6,5.3,15638.0,5252.0
2022-03-31,Jammu and Kashmir,136.4,139.6,105.0,76.2,4.7,2624.0,4509.0
2018-05-31,Madhya Pradesh,114.9,116.9,68.3,66.0,7.3,7486.0,2717.0
2025-03-31,Tripura,150.9,151.3,84.3,79.8,5.5,2899.0,2451.0
2021-03-31,Sikkim,132.6,133.3,38.6,71.5,7.8,0.0,0.0
2018-06-30,Mizoram,113.9,122.0,24.1,67.1,7.9,0.0,0.0
2024-09-30,Maharashtra,145.0,148.5,97.4,78.5,7.9,7309.0,7328.0
2020-03-31,Assam,122.9,132.2,51.5,70.8,-1.4,4415.0,9094.0
2025-07-31,Bihar,151.0,148.8,83.8,80.3,5.4,639.0,5840.0
2018-12-31,Jammu and Kashmir,115.4,118.6,96.6,66.9,5.2,1756.0,930.0
2015-03-31,West Bengal,100.9,109.8,76.4,61.4,7.7,1804.0,6104.0
2024-08-31,Arunachal Pradesh,143.0,148.1,125.8,78.6,4.3,505.0,363.0
2023-03-31,Bihar,141.5,144.6,58.6,75.5,6.4,436.0,3754.0
2024-08-31,Kerala,145.2,141.8,53.2,77.0,5.9,6164.0,3561.0
2016-02-29,Puducherry,107.1,115.2,46.1,62.2,7.9,566.0,2289.0
2024-04-30,Chandigarh,144.1,146.9,27.7,79.5,7.9,764.0,595.0
2020-01-31,Rajasthan,126.4,131.5,66.0,70.2,-0.8,7188.0,6014.0
2022-11-30,West Bengal,135.9,138.0,143.9,72.3,5.8,5271.0,70.0
2016-05-31,Chhattisgarh,108.0,110.5,101.7,63.8,5.5,3188.0,6157.0
2025-04-30,Delhi,149.8,149.1,73.5,80.5,7.2,1003.0,192.0
2016-12-31,Puducherry,103.9,112.2,55.4,61.9,4.4,1216.0,1799.0
2024-08-31,Lakshadweep,144.0,143.9,117.0,77.8,4.5,0.0,0.0
2021-10-31,Uttarakhand,127.8,135.6,71.0,69.7,6.8,3977.0,1586.0
2019-02-28,Assam,119.0,125.7,113.9,67.2,4.1,6998.0,1916.0
2021-07-31,Bihar,125.3,134.8,48.0,71.2,6.7,6053.0,6043.0
2021-07-31,Ladakh,132.7,136.1,52.4,72.6,4.5,127.0,200.0
2020-10-31,Ladakh,128.9,126.5,71.9,69.8,-0.8,171.0,271.0
2017-03-31,Assam,109.7,121.2,117.8,65.1,7.0,9381.0,5473.0
2016-03-31,Andhra Pradesh,105.9,117.6,108.5,59.8,4.7,7839.0,4868.0
2019-02-28,Uttarakhand,120.3,122.4,60.5,70.3,7.0,3976.0,4963.0
2017-12-31,Assam,107.4,119.4,103.8,65.2,7.2,789.0,1931.0
2015-08-31,Ladakh,102.1,114.0,48.3,60.4,7.7,245.0,35.0
2021-07-31,Chandigarh,132.4,131.2,45.5,71.7,6.9,313.0,432.0
2018-11-30,Andhra Pradesh,112.9,119.7,74.6,66.8,7.5,8703.0,5687.0
2023-09-30,Jharkhand,140.7,143.6,127.2,76.1,6.5,1824.0,707.0
2023-02-28,Assam,139.5,142.9,35.7,75.8,6.5,1900.0,4863.0
2022-12-31,Assam,137.4,138.4,91.8,74.7,6.7,6437.0,3193.0
2024-08-31,Puducherry,144.8,145.5,97.2,78.9,5.6,377.0,627.0
2016-01-31,Punjab,104.9,114.3,78.0,62.4,4.9,912.0,8758.0
2015-01-31,Karnataka,103.6,105.0,41.8,59.5,5.7,899.0,10284.0
2017-10-31,Odisha,107.4,115.6,26.4,63.9,6.4,5679.0,5234.0
2021-07-31,Uttarakhand,130.5,133.8,109.5,70.7,6.8,4253.0,4001.0
2021-06-30,Telangana,130.2,129.8,77.5,70.6,5.8,25.0,7013.0
2025-01-31,Goa,148.8,149.7,116.1,79.4,5.3,2575.0,1916.0
2022-09-30,Andhra Pradesh,139.1,138.0,67.7,75.0,5.0,2757.0,1883.0
2023-02-28,Odisha,140.7,140.5,29.1,76.1,4.7,9317.0,3834.0
2021-10-31,Jharkhand,131.3,132.6,46.0,73.0,5.9,2223.0,3537.0
2018-02-28,Lakshadweep,116.6,119.9,27.3,67.3,6.8,0.0,0.0
2016-02-29,Ladakh,104.4,113.0,27.8,62.4,7.3,246.0,38.0
2022-07-31,Arunachal Pradesh,137.5,138.7,49.7,73.0,5.4,1101.0,1523.0
2019-06-30,Maharashtra,122.1,126.9,83.4,68.8,6.4,592.0,4592.0
2023-05-31,Madhya Pradesh,139.8,144.0,122.1,74.9,5.9,2179.0,4755.0
2022-05-31,Mizoram,136.9,137.7,122.6,73.5,7.9,0.0,0.0
2019-08-31,Uttarakhand,122.5,126.9,113.8,69.4,7.5,3273.0,431.0
2022-10-31,Andaman and Nicobar Islands,136.6,135.1,102.8,74.0,7.5,738.0,634.0
2022-09-30,Madhya Pradesh,133.3,138.4,26.4,74.5,6.3,6123.0,1655.0
2021-12-31,Tripura,129.8,133.6,57.7,70.0,5.7,2566.0,437.0
2022-01-31,Telangana,136.0,139.0,37.4,73.7,6.6,6893.0,711.0
2016-10-31,Ladakh,105.5,113.4,97.7,62.3,4.6,295.0,63.0
2017-11-30,Tamil Nadu,108.5,117.2,32.0,64.1,7.5,7277.0,4353.0
2016-04-30,Uttar Pradesh,104.4,112.4,30.6,62.8,5.1,2369.0,10055.0
2019-02-28,Ladakh,120.7,128.0,22.8,67.4,7.3,14.0,139.0
2025-02-28,Goa,147.0,148.8,138.7,81.1,5.2,1372.0,4656.0
2025-08-31,Meghalaya,150.0,153.7,118.3,79.5,6.1,1971.0,774.0
2024-05-31,Jharkhand,146.4,143.4,64.0,78.0,7.1,2409.0,2893.0
2016-05-31,Uttarakhand,105.6,116.3,57.6,61.0,5.6,4339.0,3745.0
2021-08-31,Arunachal Pradesh,128.3,129.6,25.9,72.6,5.4,896.0,739.0
2022-01-31,Jharkhand,133.6,137.7,43.0,73.2,7.6,1678.0,2993.0
2022-10-31,Haryana,138.0,136.8,61.4,74.3,4.3,8987.0,5182.0
2021-09-30,Himachal Pradesh,128.1,134.9,58.8,72.8,7.4,2096.0,1354.0
2020-09-30,Madhya Pradesh,127.4,131.6,49.2,70.9,-1.6,3107.0,4864.0
2020-09-30,Haryana,123.8,133.9,33.0,72.6,0.3,10327.0,5554.0
2016-04-30,Uttarakhand,107.3,112.9,115.5,62.0,6.8,869.0,4542.0
2019-03-31,Rajasthan,121.1,124.5,54.3,67.7,7.4,6374.0,5677.0
2023-09-30,Puducherry,139.3,143.8,137.0,75.4,5.7,933.0,513.0
2020-06-30,Andaman and Nicobar Islands,121.5,129.7,55.8,70.6,-0.7,748.0,984.0
2015-09-30,Chandigarh,100.8,108.7,110.0,59.9,5.5,375.0,130.0
2023-11-30,Meghalaya,140.4,141.1,108.4,75.2,5.2,607.0,694.0
2023-04-30,Andhra Pradesh,140.8,140.6,92.2,75.1,7.9,8955.0,10797.0
2022-02-28,Andaman and Nicobar Islands,136.1,134.7,85.1,75.3,4.1,410.0,858.0
2020-04-30,Chandigarh,122.4,133.1,29.5,70.9,-1.3,103.0,1053.0
2016-10-31,Sikkim,105.8,115.0,49.8,63.3,5.8,0.0,0.0
2024-02-29,Manipur,146.5,142.8,50.8,76.6,5.2,2500.0,2271.0
2023-01-31,Punjab,141.5,145.0,70.3,75.6,5.1,1003.0,8569.0
2016-06-30,Tamil Nadu,102.5,114.4,32.7,61.1,5.5,1349.0,4834.0
2020-11-30,Dadra and Nagar Haveli and Daman and Diu,127.3,129.6,35.3,70.1,1.3,153.0,139.0
2025-07-31,Mizoram,150.9,151.1,124.0,79.2,4.3,0.0,0.0
2023-01-31,Jammu and Kashmir,141.1,141.1,128.4,77.4,7.1,3391.0,1112.0
2015-01-31,Arunachal Pradesh,98.2,107.4,84.3,59.6,4.7,739.0,1302.0
2015-04-30,Dadra and Nagar Haveli and Daman and Diu,101.5,108.9,45.7,61.9,4.2,10.0,987.0
2025-05-31,Uttar Pradesh,146.6,149.9,52.8,80.9,6.4,1512.0,444.0
2021-10-31,Dadra and Nagar Haveli and Daman and Diu,128.3,132.2,47.8,72.9,6.7,639.0,661.0
2017-03-31,Haryana,112.5,119.0,70.0,65.7,7.0,10702.0,13970.0
2019-11-30,Meghalaya,121.4,128.6,117.6,68.1,4.4,2477.0,606.0
2017-08-31,Kerala,110.6,117.3,30.9,64.8,4.7,2972.0,2678.0
2017-04-30,Odisha,111.9,113.4,70.1,64.3,4.7,1778.0,2802.0
2023-10-31,Madhya Pradesh,142.0,141.7,105.9,75.2,6.4,2706.0,672.0
2023-09-30,Andhra Pradesh,141.5,140.3,53.5,75.4,7.6,7265.0,5845.0
2020-10-31,Madhya Pradesh,124.6,129.6,70.1,69.8,-2.0,6104.0,206.0
2020-02-29,Bihar,123.2,129.5,32.9,70.4,-0.2,7631.0,9212.0
2017-10-31,Dadra and Nagar Haveli and Daman and Diu,108.7,116.3,113.2,64.8,7.4,422.0,799.0
2022-03-31,Haryana,137.8,135.3,95.7,74.6,6.7,644.0,8808.0
2024-06-30,Uttarakhand,142.4,146.0,24.5,78.6,6.8,1565.0,4868.0
2023-10-31,Haryana,141.0,140.5,61.3,75.7,7.8,11077.0,1122.0
2019-08-31,Telangana,121.0,129.5,22.2,65.8,7.8,2926.0,1642.0
2024-05-31,Sikkim,147.9,146.5,69.8,78.8,5.5,0.0,0.0
2016-01-31,Andaman and Nicobar Islands,106.0,112.5,113.3,61.2,6.5,974.0,393.0
2016-06-30,Himachal Pradesh,104.2,113.1,97.9,64.2,4.8,1511.0,3381.0
2024-05-31,Mizoram,144.2,145.7,98.4,78.3,5.6,0.0,0.0
2018-03-31,Andhra Pradesh,115.0,122.2,73.9,67.4,5.1,827.0,5811.0
2021-07-31,Lakshadweep,132.3,135.2,57.3,70.9,5.5,0.0,0.0
2017-06-30,Punjab,111.6,120.3,41.2,65.1,6.7,7489.0,6963.0
2023-02-28,Andhra Pradesh,137.8,141.9,31.5,76.7,4.8,11018.0,10767.0
2019-10-31,Tripura,120.6,126.9,39.0,68.4,4.7,1862.0,810.0
2020-07-31,Uttarakhand,126.7,130.9,33.1,68.9,-0.3,83.0,3701.0
2020-11-30,Tamil Nadu,124.5,130.2,43.2,69.3,0.7,9179.0,5684.0
2023-10-31,Nagaland,135.7,141.6,48.5,76.7,7.3,199.0,261.0
2015-07-31,Dadra and Nagar Haveli and Daman and Diu,99.6,110.3,117.4,59.3,7.8,771.0,597.0
2018-04-30,West Bengal,112.0,120.7,27.7,65.2,7.2,3175.0,2407.0
2020-10-31,Rajasthan,121.7,127.7,17.7,69.5,-0.4,1690.0,1783.0
2020-08-31,Kerala,127.1,132.9,53.0,70.5,0.1,5407.0,5934.0
2019-01-31,Telangana,125.0,126.4,95.5,69.4,7.2,2492.0,1900.0
2019-04-30,Delhi,122.7,126.5,117.2,68.4,4.3,1946.0,1997.0
2024-06-30,Mizoram,139.8,145.6,87.7,79.2,5.7,0.0,0.0
2023-11-30,Delhi,139.7,143.0,43.9,75.9,4.6,2484.0,220.0
2017-05-31,Meghalaya,108.8,117.6,113.8,66.0,4.4,2506.0,1655.0
2021-06-30,Uttarakhand,127.1,131.0,118.0,73.3,7.0,978.0,2146.0
2015-09-30,West Bengal,100.9,108.9,112.4,60.9,7.4,4454.0,5156.0
2021-04-30,Ladakh,129.6,135.2,107.2,72.5,4.3,20.0,409.0
2018-06-30,Gujarat,112.7,120.8,27.8,66.4,4.7,6104.0,7678.0
2025-08-31,Puducherry,145.9,146.3,126.6,78.5,4.9,1405.0,935.0
2016-08-31,Andhra Pradesh,103.8,113.4,115.3,60.5,7.4,8885.0,7868.0
2020-12-31,Bihar,125.0,126.5,45.1,70.7,1.6,6297.0,5814.0
2020-05-31,Uttar Pradesh,124.8,129.4,58.4,70.1,-1.3,7131.0,14515.0
2024-05-31,Punjab,147.1,148.4,103.3,78.6,7.2,6822.0,343.0
2016-12-31,Madhya Pradesh,105.7,111.5,48.8,60.9,5.4,270.0,7404.0
2025-08-31,Jammu and Kashmir,149.3,151.3,94.5,81.5,5.6,393.0,2603.0
2021-11-30,Jharkhand,128.4,137.4,108.9,71.8,5.1,4590.0,2977.0
2020-03-31,Haryana,121.5,132.5,41.8,70.4,-1.6,14111.0,1787.0
2019-12-31,Nagaland,117.8,125.5,79.0,67.5,6.9,1998.0,1194.0
2023-03-31,Mizoram,142.7,140.2,87.8,76.3,5.4,0.0,0.0
2020-02-29,Chhattisgarh,126.7,130.3,28.9,72.4,1.0,2556.0,1261.0
2017-06-30,Chandigarh,110.6,118.4,84.4,65.2,4.8,717.0,24.0
2016-10-31,Dadra and Nagar Haveli and Daman and Diu,104.0,115.8,70.9,61.4,4.8,89.0,143.0
2025-06-30,Telangana,152.5,150.1,51.9,79.0,6.5,6219.0,5890.0
2018-06-30,Mizoram,113.0,122.8,109.5,66.4,7.6,0.0,0.0
2023-02-28,Puducherry,138.0,140.2,138.0,75.7,7.5,2193.0,2260.0
2017-07-31,Jammu and Kashmir,109.8,119.5,25.5,63.3,4.3,1331.0,1894.0
2024-04-30,Manipur,140.6,143.4,98.7,80.0,6.8,2444.0,943.0
2025-02-28,Karnataka,147.9,148.7,73.8,78.0,4.7,9846.0,9931.0
2016-05-31,Puducherry,104.5,115.2,72.6,62.7,5.2,1102.0,914.0
2018-02-28,Haryana,114.1,124.6,57.4,67.9,6.2,10527.0,268.0
2024-02-29,Manipur,143.0,147.4,80.9,76.8,7.4,3012.0,3043.0
2016-10-31,Ladakh,109.1,113.9,52.3,61.6,4.9,209.0,7.0
2019-08-31,Tamil Nadu,122.7,126.0,31.8,67.7,7.5,3378.0,4139.0
2024-11-30,Uttar Pradesh,148.4,144.2,60.2,79.6,6.9,11347.0,463.0
2019-09-30,Puducherry,119.8,125.3,87.0,68.0,6.7,813.0,735.0
2017-11-30,Karnataka,109.0,114.2,25.0,66.0,4.5,2195.0,2410.0
2024-06-30,Kerala,148.2,149.3,69.9,78.9,5.9,4647.0,7750.0
2025-05-31,Haryana,150.2,154.4,29.1,79.6,5.1,12211.0,7702.0
2025-09-30,Haryana,147.9,146.1,66.8,78.9,6.4,6430.0,6430.0
2019-04-30,Chhattisgarh,118.0,123.1,28.8,67.0,6.7,5761.0,2770.0
2022-01-31,Jharkhand,134.4,140.7,64.8,74.7,4.3,4462.0,1679.0
2020-05-31,Assam,125.0,128.4,62.3,72.6,1.0,7066.0,8275.0
2025-09-30,Sikkim,150.2,152.8,97.6,79.5,6.0,0.0,0.0
2016-09-30,Tripura,104.6,115.5,88.2,61.4,7.4,1708.0,2226.0
2016-04-30,Bihar,109.7,113.4,70.4,62.7,7.2,11078.0,10685.0
2025-03-31,Haryana,147.3,151.9,134.7,79.8,5.7,9465.0,15424.0
2020-01-31,Chandigarh,126.3,129.9,44.5,69.5,1.7,295.0,158.0
2019-06-30,Himachal Pradesh,119.0,125.9,30.4,69.6,6.3,2383.0,154.0
2017-02-28,Manipur,109.9,119.1,113.3,65.5,7.9,272.0,2117.0
2021-08-31,Andhra Pradesh,131.9,135.6,33.3,72.3,6.9,6985.0,1376.0
2020-05-31,Madhya Pradesh,121.4,132.0,72.0,69.3,1.9,3004.0,7109.0
2023-04-30,Bihar,138.1,146.7,76.2,76.4,4.9,2358.0,10448.0
2021-02-28,Meghalaya,129.7,134.7,27.3,73.0,5.9,1977.0,2088.0
2016-05-31,Andhra Pradesh,108.0,116.6,106.4,63.3,7.7,1980.0,814.0
2025-01-31,Maharashtra,152.9,152.5,35.1,81.1,4.5,5187.0,1356.0
2016-11-30,Uttarakhand,107.6,115.4,37.4,59.4,5.8,449.0,4270.0
2020-11-30,Uttar Pradesh,120.6,128.9,37.0,70.5,-0.5,918.0,5932.0
2023-12-31,Lakshadweep,137.9,144.2,105.1,76.8,7.5,0.0,0.0
2021-07-31,Arunachal Pradesh,128.0,134.9,32.1,72.9,7.2,896.0,648.0
2018-10-31,Meghalaya,114.9,119.4,82.3,66.4,6.2,1769.0,1513.0
2021-06-30,West Bengal,126.3,136.0,98.0,72.0,5.7,3398.0,6948.0
2016-04-30,Uttar Pradesh,107.2,110.7,32.3,61.7,6.7,54.0,11809.0
2020-11-30,Karnataka,121.0,131.3,50.9,69.2,-0.5,7739.0,68.0
2022-12-31,Tamil Nadu,137.1,136.9,139.1,73.4,4.4,7267.0,6047.0
2015-02-28,Chandigarh,101.7,110.3,116.7,61.4,7.6,332.0,232.0
2015-10-31,Dadra and Nagar Haveli and Daman and Diu,97.8,107.2,36.2,60.7,5.2,792.0,398.0
2025-05-31,Arunachal Pradesh,152.5,148.6,115.2,80.8,4.0,1007.0,1863.0
2021-09-30,Punjab,129.3,133.0,104.7,71.4,7.0,4593.0,9668.0
2020-10-31,Andaman and Nicobar Islands,123.8,129.7,65.3,70.5,1.6,469.0,174.0
2017-08-31,Jharkhand,109.2,116.8,52.4,65.8,5.2,1740.0,114.0
2023-09-30,Nagaland,139.3,142.7,56.4,76.1,7.1,704.0,1499.0
2021-12-31,Dadra and Nagar Haveli and Daman and Diu,129.5,135.0,24.8,72.8,7.2,632.0,578.0
2025-09-30,Bihar,149.6,149.1,71.9,79.5,6.7,6957.0,978.0
2019-10-31,Uttarakhand,118.2,126.1,32.4,67.6,4.2,3292.0,2884.0
2018-09-30,Nagaland,113.7,123.1,98.6,66.3,6.7,847.0,616.0
2023-01-31,Dadra and Nagar Haveli and Daman and Diu,138.9,137.5,41.2,75.3,7.7,39.0,680.0
2016-11-30,Gujarat,108.3,114.9,101.9,61.3,6.5,6148.0,3075.0
2016-11-30,Odisha,103.9,112.7,30.8,61.8,5.5,2224.0,2897.0
2021-07-31,Arunachal Pradesh,128.7,128.7,68.1,72.2,6.3,780.0,1329.0
2018-08-31,Maharashtra,118.0,121.2,58.5,65.4,8.0,5507.0,1615.0
2017-03-31,Ladakh,109.4,116.0,80.2,64.2,5.9,535.0,288.0
2017-02-28,West Bengal,108.2,117.1,71.9,62.9,7.4,11580.0,7911.0
2023-01-31,Assam,137.8,142.9,95.8,76.2,4.6,5009.0,2941.0
2017-12-31,Andaman and Nicobar Islands,107.2,119.7,20.1,62.1,4.2,971.0,983.0
2024-01-31,Uttarakhand,146.1,148.6,39.3,79.1,5.6,1996.0,4343.0
2019-07-31,Assam,116.4,128.7,71.7,66.4,4.6,1944.0,4419.0
2020-09-30,Chandigarh,127.7,127.9,25.8,71.6,1.4,537.0,788.0
2020-01-31,Nagaland,124.8,132.4,16.6,70.4,-0.5,634.0,1553.0
2019-07-31,Haryana,119.1,123.6,41.8,68.6,5.8,3093.0,455.0
2025-02-28,Jharkhand,149.5,152.1,117.6,79.6,5.3,2006.0,5536.0
2023-01-31,Sikkim,140.9,143.1,89.0,76.5,7.6,0.0,0.0
2021-08-31,Telangana,129.1,134.3,39.0,72.2,4.0,834.0,2752.0
2022-03-31,Assam,134.6,136.2,25.9,72.8,7.3,4344.0,8910.0
2018-02-28,Maharashtra,117.1,124.4,55.8,66.8,6.5,318.0,12949.0
2024-11-30,Telangana,145.7,144.0,66.9,77.2,4.2,4167.0,1739.0
2021-06-30,Uttarakhand,127.5,134.0,93.5,74.3,4.1,981.0,250.0
2017-11-30,Puducherry,108.6,118.1,111.9,63.2,4.7,443.0,1754.0
2021-07-31,Dadra and Nagar Haveli and Daman and Diu,126.4,130.6,57.2,70.4,7.9,718.0,866.0
2020-07-31,Uttarakhand,126.2,130.3,53.3,71.7,-1.7,699.0,2471.0
2022-03-31,Andaman and Nicobar Islands,136.4,135.8,100.2,74.8,7.0,1119.0,792.0
2017-10-31,Andaman and Nicobar Islands,108.1,120.9,62.2,64.5,5.6,17.0,58.0
2023-01-31,Kerala,144.6,147.4,31.9,75.4,4.9,3712.0,3382.0
2020-11-30,Maharashtra,129.9,128.5,40.4,70.1,0.3,10409.0,9129.0
2015-03-31,Uttarakhand,100.0,109.2,55.4,59.8,5.5,793.0,537.0
2019-10-31,Arunachal Pradesh,118.4,126.3,75.0,68.9,5.2,1434.0,744.0
2017-08-31,Nagaland,110.5,113.9,32.5,63.4,5.0,280.0,1486.0
2017-07-31,Madhya Pradesh,108.4,121.3,92.4,63.5,5.8,5187.0,1180.0
2021-10-31,Himachal Pradesh,131.9,133.4,98.8,72.7,4.7,2506.0,1940.0
2018-07-31,Andaman and Nicobar Islands,115.3,121.2,58.8,67.3,7.4,231.0,532.0
2023-09-30,Jharkhand,140.5,143.4,45.0,75.6,6.4,2113.0,2696.0
2015-01-31,Punjab,103.5,110.2,82.4,60.6,4.3,4835.0,11966.0
2020-01-31,Andaman and Nicobar Islands,123.8,130.3,69.3,71.0,-0.9,469.0,894.0
2016-02-29,Goa,103.8,115.7,90.1,61.1,6.5,2854.0,1142.0
2015-06-30,Uttar Pradesh,101.7,109.7,32.3,59.7,7.4,5112.0,4299.0
2023-07-31,Sikkim,139.2,139.8,71.7,74.3,4.1,0.0,0.0
2015-10-31,Uttar Pradesh,103.2,112.4,111.5,62.1,5.8,5898.0,609.0
2020-11-30,Mizoram,127.0,128.8,50.1,70.2,1.6,0.0,0.0
2022-06-30,Andhra Pradesh,134.3,136.9,41.7,74.9,4.8,9168.0,10349.0
2025-06-30,Dadra and Nagar Haveli and Daman and Diu,146.4,150.5,111.0,79.6,4.9,773.0,82.0
2023-01-31,Himachal Pradesh,137.1,139.4,66.4,75.5,6.0,3640.0,4688.0
2021-02-28,Uttar Pradesh,129.0,134.5,69.0,71.9,7.5,9308.0,16463.0
2024-07-31,Goa,145.8,147.9,73.8,77.8,5.6,3181.0,3161.0
2019-03-31,Arunachal Pradesh,122.2,129.2,92.6,70.4,5.9,2314.0,1837.0
2019-08-31,Uttarakhand,119.6,127.5,41.8,68.4,6.5,2836.0,3112.0
2018-05-31,Andhra Pradesh,113.2,124.1,58.8,66.7,5.2,4725.0,110.0
2017-08-31,Chandigarh,109.7,116.7,94.5,64.0,7.5,36.0,705.0
2016-03-31,Nagaland,105.0,115.7,90.5,62.1,7.8,984.0,870.0
2020-02-29,Puducherry,127.6,129.6,24.1,70.7,1.2,1438.0,328.0
2017-04-30,Rajasthan,112.5,120.3,55.1,64.0,6.6,4467.0,6863.0
2020-04-30,Andhra Pradesh,123.0,130.2,12.9,71.4,1.6,5990.0,7292.0
2025-07-31,Lakshadweep,150.9,152.2,87.6,79.2,4.8,0.0,0.0
2017-12-31,Puducherry,108.3,118.3,48.1,65.2,6.9,1124.0,1104.0
2024-06-30,Maharashtra,143.3,144.5,25.4,79.2,5.4,2933.0,11925.0
2016-01-31,Chhattisgarh,107.1,114.1,62.5,64.1,8.0,2652.0,7401.0
2016-03-31,Ladakh,104.6,113.3,112.7,60.3,7.0,205.0,540.0
2022-05-31,Lakshadweep,136.3,140.6,134.8,75.1,6.3,0.0,0.0
2016-10-31,Himachal Pradesh,106.1,111.3,57.2,61.3,7.6,3945.0,1375.0
2021-02-28,Jammu and Kashmir,129.8,130.6,64.9,72.9,7.9,3820.0,2655.0
2017-01-31,Tripura,110.7,118.6,44.3,64.9,7.3,806.0,463.0
2023-05-31,Karnataka,140.4,141.4,32.2,75.1,7.0,2837.0,6594.0
2024-09-30,Madhya Pradesh,142.7,143.7,107.3,78.7,4.2,3252.0,1728.0
2018-05-31,Chandigarh,116.0,121.9,100.0,65.7,6.8,173.0,386.0
2022-04-30,Puducherry,133.6,138.5,129.6,73.3,5.3,373.0,1188.0
2024-02-29,Lakshadweep,142.9,148.5,136.2,76.1,7.7,0.0,0.0
2024-12-31,Chandigarh,146.7,142.3,133.9,79.4,6.4,261.0,93.0
2023-01-31,Nagaland,138.8,142.4,27.3,75.9,5.5,1290.0,2143.0
2019-09-30,Assam,122.2,129.3,117.8,66.9,5.4,4281.0,5683.0
2022-12-31,Gujarat,137.2,141.2,69.5,74.3,6.2,1156.0,729.0
2025-01-31,Puducherry,149.0,150.2,130.3,80.1,6.0,1685.0,1000.0
2020-02-29,Haryana,127.1,128.8,38.4,69.1,-1.7,13582.0,7897.0
2020-08-31,Lakshadweep,124.2,129.5,37.3,69.1,1.5,0.0,0.0
2021-09-30,Maharashtra,129.9,132.0,21.1,73.1,7.2,6927.0,5372.0
2016-05-31,Chhattisgarh,106.0,113.1,25.2,62.2,5.7,1672.0,7116.0
2024-09-30,Gujarat,149.1,146.2,104.6,77.4,4.4,6388.0,5054.0
2019-02-28,Jharkhand,121.9,126.9,113.8,67.6,4.3,3343.0,4312.0
2024-04-30,Punjab,144.9,147.7,50.9,77.6,5.0,8176.0,5428.0
2022-10-31,Rajasthan,135.2,137.8,35.3,72.3,6.2,2249.0,1113.0
2022-01-31,West Bengal,131.8,137.6,49.7,74.9,4.6,9212.0,9755.0
2021-02-28,Andaman and Nicobar Islands,132.0,135.8,41.2,71.6,4.9,862.0,543.0
2024-01-31,Goa,146.8,145.3,59.2,77.8,6.0,945.0,4235.0
2016-06-30,Assam,105.6,115.4,29.5,62.6,4.9,6166.0,6207.0
2018-06-30,Mizoram,116.4,118.7,43.6,67.2,7.4,0.0,0.0
2023-05-31,Delhi,135.9,142.9,134.6,76.2,6.4,604.0,369.0
2018-09-30,Jharkhand,112.8,126.2,109.0,64.9,4.3,2992.0,860.0
2021-10-31,Delhi,133.6,132.1,51.6,71.8,4.6,930.0,2033.0
2016-05-31,West Bengal,104.5,116.9,119.7,61.9,4.8,3508.0,3215.0
2021-01-31,Tamil Nadu,131.5,135.4,49.8,70.2,6.5,8680.0,6301.0
2016-02-29,Jharkhand,103.5,115.7,92.2,62.5,4.4,3959.0,907.0
2021-10-31,Haryana,129.1,135.3,84.4,72.7,4.2,3308.0,4276.0
2024-12-31,Meghalaya,148.7,144.7,31.7,78.1,6.9,2910.0,124.0
2024-12-31,Lakshadweep,144.7,143.4,65.1,77.2,5.9,0.0,0.0
2018-11-30,Tripura,116.0,122.9,115.1,66.2,7.4,2667.0,521.0
2023-11-30,Manipur,140.3,141.8,30.1,77.0,7.2,781.0,2240.0
2023-12-31,Meghalaya,140.5,139.2,45.0,75.8,5.1,1074.0,1945.0
2015-09-30,Mizoram,100.4,109.1,117.1,60.8,4.8,0.0,0.0
2021-07-31,Uttarakhand,126.0,131.9,24.0,72.4,6.1,3705.0,1347.0
2016-03-31,Uttar Pradesh,106.0,117.8,64.7,60.1,4.3,15729.0,17551.0
2016-07-31,Haryana,103.9,115.7,111.8,61.5,6.5,8476.0,7133.0
2022-06-30,Karnataka,138.6,136.0,137.2,74.5,4.0,10818.0,1008.0
2017-02-28,Uttarakhand,108.5,119.0,117.9,64.1,7.2,2256.0,1385.0
2022-08-31,Himachal Pradesh,134.1,135.7,81.8,74.9,7.6,338.0,3575.0
2021-10-31,Karnataka,134.9,130.4,28.6,72.2,8.0,3120.0,1256.0
2018-06-30,Gujarat,116.4,120.6,97.3,66.7,5.4,4596.0,4558.0
2016-07-31,West Bengal,103.0,113.7,90.9,61.7,6.2,1249.0,5269.0
2016-05-31,Chandigarh,105.4,114.8,78.0,62.3,7.5,112.0,223.0
2021-04-30,Ladakh,127.6,135.7,108.8,71.0,5.8,424.0,178.0
2020-03-31,Himachal Pradesh,125.5,129.3,66.7,70.9,0.4,3871.0,1264.0
2023-11-30,Jammu and Kashmir,138.4,143.3,106.0,76.3,4.2,1905.0,371.0
2019-01-31,Madhya Pradesh,123.7,122.8,31.2,66.8,5.6,380.0,4841.0
2019-07-31,Bihar,120.8,128.9,29.6,67.8,4.3,7005.0,6333.0
2023-03-31,Jharkhand,141.1,138.9,73.0,78.5,5.5,5565.0,3490.0
2019-04-30,Uttar Pradesh,121.9,125.0,49.3,67.8,5.4,12258.0,1436.0
2023-04-30,Assam,142.1,140.6,40.0,75.7,6.6,7838.0,3181.0
2024-09-30,Mizoram,143.6,143.1,97.3,77.2,5.5,0.0,0.0
2024-10-31,Uttarakhand,145.2,146.7,106.0,76.9,5.5,413.0,1731.0
2015-07-31,Sikkim,99.1,113.4,89.8,59.0,5.1,0.0,0.0
2018-10-31,Ladakh,119.2,118.4,37.5,68.0,6.4,75.0,7.0
2018-10-31,Haryana,110.4,117.4,50.6,66.4,5.6,7969.0,4346.0
2023-04-30,Delhi,138.8,140.3,47.9,74.6,7.8,616.0,2115.0
2019-06-30,Uttar Pradesh,119.8,125.5,80.1,68.0,7.6,2156.0,10870.0
2020-02-29,Dadra and Nagar Haveli and Daman and Diu,125.3,131.5,46.0,71.0,-1.1,684.0,290.0
2025-09-30,Karnataka,150.2,149.0,84.4,80.4,5.6,7695.0,4920.0
2019-01-31,Andaman and Nicobar Islands,119.9,122.3,49.6,66.6,6.5,142.0,791.0
2017-01-31,Andaman and Nicobar Islands,109.7,120.6,43.7,64.6,4.1,346.0,852.0
2015-10-31,Manipur,100.5,108.2,109.0,60.0,4.9,996.0,187.0
2024-10-31,Manipur,145.9,147.3,29.9,78.2,5.1,1563.0,770.0
2022-08-31,Gujarat,138.6,135.7,102.8,75.9,5.6,9345.0,8234.0
2021-08-31,Andaman and Nicobar Islands,133.6,133.6,22.0,72.0,7.6,293.0,21.0
2020-11-30,Delhi,125.6,130.7,23.6,69.3,-0.8,1452.0,1744.0
2021-06-30,Meghalaya,129.0,132.3,48.9,70.3,4.3,2048.0,1048.0
2018-07-31,Puducherry,114.1,122.8,108.6,65.3,6.7,255.0,1007.0
2022-06-30,Rajasthan,132.4,137.3,40.5,73.2,5.5,3412.0,6959.0
2021-06-30,Gujarat,131.9,133.1,113.8,70.1,4.7,6896.0,2180.0
2017-02-28,Andaman and Nicobar Islands,109.9,121.0,101.5,64.7,6.8,424.0,623.0
2025-01-31,Himachal Pradesh,150.9,150.7,105.5,80.5,5.0,4607.0,2645.0
2018-09-30,Gujarat,115.7,123.0,61.2,66.0,6.3,7684.0,1495.0
2020-03-31,Maharashtra,123.6,131.5,66.3,69.0,-0.2,5959.0,8098.0
2020-08-31,Chandigarh,123.4,131.2,43.7,70.2,0.5,20.0,628.0
2015-02-28,Telangana,99.1,110.7,57.1,60.6,6.9,8788.0,3422.0
2023-12-31,Puducherry,141.0,144.5,94.3,77.8,6.5,1916.0,1461.0
2017-06-30,Haryana,109.8,116.1,43.2,64.3,6.1,11613.0,9168.0
2019-01-31,Andhra Pradesh,116.5,126.3,47.3,68.5,4.5,10815.0,12976.0
2018-08-31,Puducherry,113.0,121.4,111.9,66.2,6.3,1405.0,783.0
2016-01-31,Punjab,104.5,114.3,99.4,61.8,6.8,10498.0,9565.0
2021-06-30,Dadra and Nagar Haveli and Daman and Diu,129.9,132.6,71.4,72.8,7.3,508.0,770.0
2025-06-30,Manipur,151.0,146.8,74.0,79.9,5.2,1316.0,929.0
2023-02-28,Manipur,140.1,143.6,120.9,75.9,5.1,149.0,310.0
2017-02-28,Puducherry,109.3,122.8,77.1,63.6,7.0,520.0,361.0
2018-12-31,Chhattisgarh,114.2,124.2,61.5,65.7,5.9,200.0,4873.0
2020-06-30,Sikkim,125.4,131.7,42.9,70.3,-1.1,0.0,0.0
2022-03-31,Kerala,135.8,138.5,51.9,74.6,4.6,9468.0,5645.0
2021-07-31,Dadra and Nagar Haveli and Daman and Diu,129.3,133.7,40.2,71.3,5.7,90.0,328.0
2016-11-30,Andaman and Nicobar Islands,102.8,113.8,118.9,62.2,6.9,524.0,860.0
2021-09-30,Sikkim,129.8,133.8,117.0,71.1,5.8,0.0,0.0
2018-12-31,Haryana,113.7,120.7,62.1,66.6,7.5,9373.0,9170.0
2025-04-30,West Bengal,150.6,146.7,85.8,81.5,4.0,11122.0,1699.0
2021-12-31,Rajasthan,133.0,134.4,102.7,72.6,4.7,5650.0,6129.0
2016-08-31,Karnataka,102.3,113.4,92.6,61.7,6.5,7294.0,3733.0
2018-10-31,Karnataka,117.3,124.3,30.0,67.0,6.7,6285.0,7435.0
2015-12-31,Tamil Nadu,100.9,111.5,57.5,58.8,5.1,10413.0,3675.0
2018-04-30,Madhya Pradesh,117.2,117.9,45.0,66.3,7.8,1946.0,7101.0
2020-06-30,Uttarakhand,124.1,133.4,71.6,72.8,-1.2,487.0,2814.0
2023-04-30,Tamil Nadu,137.1,141.0,113.8,75.1,5.6,11104.0,2876.0
2021-06-30,Delhi,130.4,133.3,24.8,71.7,7.9,1164.0,2473.0
2016-04-30,Uttar Pradesh,107.8,110.6,110.0,61.8,5.9,8838.0,3129.0
2021-11-30,Ladakh,127.9,134.5,112.8,70.9,6.5,38.0,251.0
2018-08-31,Delhi,113.2,122.8,53.3,65.2,6.2,54.0,843.0
2023-04-30,Meghalaya,141.2,145.4,101.0,76.0,4.7,2154.0,19.0
2016-10-31,Jharkhand,104.0,115.7,88.2,63.6,8.0,4306.0,4747.0
2016-06-30,Mizoram,108.3,113.0,93.0,62.5,4.2,0.0,0.0
2015-12-31,Tamil Nadu,101.3,106.5,89.4,61.1,7.9,3080.0,7293.0
2025-03-31,Andhra Pradesh,148.6,148.8,91.2,80.8,5.9,615.0,12300.0
2024-09-30,Andaman and Nicobar Islands,143.9,148.1,138.5,78.3,4.8,643.0,370.0
2019-03-31,Tripura,118.9,125.2,71.2,66.2,4.7,2774.0,612.0
2020-11-30,Goa,124.9,127.8,18.7,71.6,1.6,3444.0,1792.0
2018-12-31,Jharkhand,115.6,122.3,28.0,67.0,6.8,5911.0,3159.0
2016-07-31,Maharashtra,105.5,113.3,21.8,62.3,7.6,8302.0,9357.0
2015-06-30,Tamil Nadu,97.8,109.1,62.8,58.7,4.9,8702.0,8104.0
2021-12-31,Odisha,131.8,132.5,47.3,70.5,5.7,1230.0,3679.0
2019-05-31,Dadra and Nagar Haveli and Daman and Diu,119.4,126.2,109.5,66.8,7.9,596.0,779.0
2023-11-30,Odisha,138.1,144.1,128.1,75.3,5.7,3207.0,4513.0
2023-05-31,Andhra Pradesh,139.1,143.0,124.5,76.4,5.8,5594.0,9419.0
2018-12-31,Madhya Pradesh,117.0,118.1,106.7,65.8,5.2,634.0,5714.0
2020-09-30,Puducherry,125.4,133.1,29.9,70.1,1.4,1342.0,20.0
2015-11-30,Mizoram,100.6,111.5,62.6,60.6,5.5,0.0,0.0
2025-02-28,Lakshadweep,147.7,150.6,61.4,81.3,6.5,0.0,0.0
2020-09-30,Puducherry,125.3,130.8,17.2,69.4,1.1,1241.0,643.0
2016-11-30,Delhi,107.0,115.2,112.4,60.3,6.5,247.0,1646.0
2018-01-31,West Bengal,111.4,122.8,81.6,65.2,7.7,3377.0,1406.0
2015-09-30,Andaman and Nicobar Islands,99.2,108.1,33.3,60.6,7.1,252.0,464.0
2016-03-31,Telangana,106.2,115.0,40.6,62.8,4.3,9812.0,2327.0
2022-09-30,Meghalaya,135.3,138.3,78.1,74.9,6.5,1833.0,2069.0
2016-05-31,Madhya Pradesh,103.0,114.8,25.2,61.3,6.2,1302.0,49.0
2020-12-31,Uttar Pradesh,125.8,128.7,28.3,70.3,1.0,14180.0,1474.0
2025-01-31,Gujarat,147.7,152.2,108.4,81.5,7.4,2130.0,5383.0
2015-11-30,Maharashtra,98.3,108.9,112.0,60.8,7.2,3452.0,11482.0
2020-12-31,Lakshadweep,123.5,129.9,67.7,68.2,1.1,0.0,0.0
2023-10-31,Karnataka,143.1,141.0,86.4,76.0,7.0,240.0,2202.0
2025-05-31,Lakshadweep,146.7,148.0,61.5,79.7,4.8,0.0,0.0
2017-11-30,Karnataka,106.8,119.4,112.1,62.5,7.7,9398.0,4026.0
2024-11-30,Punjab,145.6,145.0,118.4,79.5,6.7,11799.0,6386.0
2016-02-29,Puducherry,105.2,114.3,78.7,60.6,5.9,1557.0,2209.0
2016-02-29,Sikkim,104.1,111.2,103.5,61.9,4.8,0.0,0.0
2015-10-31,Tamil Nadu,100.0,106.4,65.9,61.3,6.7,4300.0,4263.0
2018-02-28,Andaman and Nicobar Islands,112.9,125.5,31.2,65.1,4.4,939.0,394.0
2023-12-31,Kerala,140.2,145.2,136.6,76.0,5.3,344.0,5385.0
2024-11-30,Dadra and Nagar Haveli and Daman and Diu,145.4,144.8,88.1,78.5,6.3,770.0,451.0
2017-10-31,Andaman and Nicobar Islands,112.4,118.9,89.5,63.2,6.6,116.0,120.0
2015-10-31,Dadra and Nagar Haveli and Daman and Diu,103.8,109.1,59.2,59.4,4.1,738.0,60.0
2025-02-28,Kerala,149.5,151.3,40.3,80.3,4.0,4720.0,3104.0
2024-07-31,Jammu and Kashmir,142.5,143.8,56.6,78.6,4.4,991.0,620.0
2015-01-31,Uttarakhand,100.8,107.6,24.4,60.8,7.1,1649.0,3937.0
2015-12-31,Manipur,99.7,110.0,28.8,59.0,6.3,1793.0,248.0
2023-07-31,Chandigarh,139.6,142.8,48.6,74.4,6.4,678.0,319.0
2015-04-30,Gujarat,96.8,108.6,76.1,60.9,6.4,3058.0,11508.0
2023-02-28,Ladakh,140.2,139.4,143.1,77.2,4.1,373.0,424.0
2023-10-31,Telangana,140.8,144.5,125.2,78.6,4.7,2275.0,5573.0
2022-01-31,Nagaland,137.0,137.1,34.3,77.1,6.9,606.0,1496.0
2025-01-31,Telangana,149.0,149.1,125.1,81.8,6.6,2159.0,6275.0
2021-10-31,Lakshadweep,128.3,136.5,73.6,71.0,5.8,0.0,0.0
2016-07-31,Kerala,104.0,118.5,86.0,61.8,4.1,4276.0,83.0
2015-12-31,West Bengal,101.9,110.7,33.0,60.6,5.7,7591.0,10396.0
2021-09-30,Karnataka,132.8,135.8,59.5,72.5,5.0,7886.0,8583.0
2021-02-28,Assam,132.2,131.7,108.4,71.8,6.8,4113.0,7785.0
2023-02-28,Assam,141.3,143.5,75.0,77.3,7.3,1330.0,160.0
2015-06-30,Andaman and Nicobar Islands,99.9,111.7,32.7,59.5,6.0,159.0,443.0
2025-05-31,Lakshadweep,150.2,148.1,61.3,80.2,5.6,0.0,0.0
2019-03-31,Dadra and Nagar Haveli and Daman and Diu,120.5,124.9,42.2,68.1,5.1,283.0,259.0
2015-11-30,Andhra Pradesh,99.5,112.4,88.7,60.5,4.4,9931.0,5618.0
2025-07-31,Rajasthan,151.8,149.4,133.3,80.5,5.5,4250.0,2512.0
2021-01-31,Punjab,126.7,136.8,93.3,71.1,6.7,2724.0,11785.0
2015-02-28,Karnataka,97.1,110.0,104.4,57.2,6.7,5724.0,10859.0
2015-08-31,Jharkhand,96.7,109.9,100.6,59.5,5.7,405.0,1903.0
2025-04-30,Assam,148.4,152.0,25.8,80.2,7.9,1514.0,6515.0
2019-05-31,Maharashtra,122.7,130.1,32.4,68.5,7.8,4825.0,5953.0
2015-10-31,Dadra and Nagar Haveli and Daman and Diu,97.6,111.3,62.3,59.4,7.5,289.0,695.0
2024-04-30,Jammu and Kashmir,142.7,146.3,37.5,78.3,5.7,2645.0,3325.0
2015-08-31,Himachal Pradesh,98.3,112.5,93.5,60.3,7.0,3063.0,2924.0
2017-12-31,Goa,112.2,120.7,27.0,63.3,7.7,3778.0,2609.0
2023-10-31,Andaman and Nicobar Islands,142.9,143.1,73.9,75.8,7.0,537.0,669.0
2016-02-29,Sikkim,107.0,114.8,59.2,60.8,5.3,0.0,0.0
2022-02-28,Assam,137.2,139.4,89.2,72.0,4.3,2331.0,1704.0
2019-02-28,Arunachal Pradesh,123.3,123.1,82.9,69.2,7.8,360.0,1297.0
2016-08-31,West Bengal,101.4,111.9,114.7,62.2,8.0,1783.0,8790.0
2022-03-31,Chhattisgarh,132.6,138.5,56.5,73.7,6.8,1544.0,1399.0
2025-09-30,Himachal Pradesh,148.6,148.5,103.9,80.4,5.3,2292.0,725.0
2018-02-28,Lakshadweep,115.2,122.1,23.5,66.5,7.5,0.0,0.0
2018-08-31,Mizoram,115.2,122.4,20.1,68.0,7.8,0.0,0.0
2022-02-28,Karnataka,135.2,136.0,27.0,75.3,6.0,8899.0,10397.0
2018-08-31,Jammu and Kashmir,116.7,123.2,64.9,66.4,5.2,1002.0,2684.0
2021-02-28,Nagaland,126.2,130.2,75.5,74.1,5.6,1799.0,1133.0
2024-11-30,Ladakh,144.7,145.4,24.7,77.9,4.3,206.0,47.0
2025-02-28,Odisha,150.5,146.9,71.6,81.2,6.3,926.0,7897.0
2019-03-31,Tripura,119.3,125.4,24.1,67.5,5.5,2106.0,1761.0
2018-02-28,Dadra and Nagar Haveli and Daman and Diu,115.4,123.9,85.3,66.1,7.5,54.0,66.0
2019-03-31,Tamil Nadu,122.0,124.5,83.1,68.7,5.1,12155.0,8723.0
2015-10-31,Maharashtra,100.1,106.0,98.4,60.2,4.0,4149.0,7524.0
2024-12-31,Uttarakhand,149.3,145.5,89.6,78.3,6.9,1290.0,2046.0
2020-10-31,Jammu and Kashmir,126.9,128.3,49.4,70.3,1.7,1527.0,102.0
2022-01-31,Madhya Pradesh,135.5,138.0,57.5,75.3,6.2,8736.0,3359.0
2019-09-30,Ladakh,121.0,125.5,28.5,68.1,4.7,387.0,259.0
2025-06-30,Telangana,151.5,150.4,112.5,79.4,6.4,8363.0,489.0
2018-03-31,Delhi,118.4,124.3,81.2,65.9,4.8,3459.0,1465.0
2017-09-30,Gujarat,112.3,117.2,113.8,65.3,6.0,1313.0,6443.0
2016-06-30,Himachal Pradesh,106.0,114.2,118.9,62.9,5.3,3813.0,3248.0
2019-09-30,Rajasthan,118.5,125.4,104.7,67.9,4.7,3024.0,4572.0
2022-12-31,Lakshadweep,135.8,140.0,142.3,73.2,6.4,0.0,0.0
2018-12-31,Arunachal Pradesh,116.2,122.3,84.7,65.4,4.3,634.0,1755.0
2018-06-30,Tripura,116.6,123.0,29.2,66.0,7.8,2076.0,2698.0
2017-03-31,Andhra Pradesh,108.5,119.5,29.0,63.9,7.1,8728.0,11518.0
2021-02-28,Karnataka,131.5,130.1,100.7,71.3,7.7,11414.0,6990.0
2024-02-29,Meghalaya,146.6,147.6,52.4,79.0,4.2,2517.0,2029.0
2017-08-31,Tamil Nadu,107.6,118.8,26.1,63.4,4.0,6554.0,4755.0
2017-02-28,Manipur,107.6,116.7,67.2,63.1,5.4,2816.0,2841.0
2017-01-31,Uttarakhand,112.2,120.6,51.5,63.8,6.5,256.0,1120.0
2021-03-31,Meghalaya,128.3,136.0,78.8,72.5,5.0,697.0,1161.0
2016-11-30,Delhi,108.1,113.6,80.0,61.1,6.2,1286.0,1985.0
2019-09-30,Haryana,119.4,121.9,88.2,68.1,6.4,3366.0,7294.0
2025-06-30,Andhra Pradesh,150.8,149.9,93.2,79.6,4.6,10335.0,5370.0
2022-03-31,Odisha,135.7,136.0,69.7,73.7,7.1,7099.0,9155.0
2017-07-31,Uttar Pradesh,108.6,113.6,22.4,64.0,7.7,9786.0,1396.0
2020-04-30,Assam,127.8,131.2,66.3,70.6,1.4,1424.0,771.0
2017-09-30,Telangana,109.4,121.1,52.7,64.0,7.8,2032.0,29.0
2015-02-28,Sikkim,100.1,109.8,70.7,62.6,5.0,0.0,0.0
2016-06-30,Andhra Pradesh,101.0,114.5,75.7,62.7,4.1,5385.0,5924.0
2021-12-31,Himachal Pradesh,127.3,136.7,51.5,72.4,5.0,3227.0,1197.0
2017-11-30,Delhi,112.3,118.4,50.8,63.7,6.6,2343.0,1361.0
2024-06-30,Tamil Nadu,145.0,144.8,55.3,77.5,6.4,7592.0,3807.0
2024-02-29,Puducherry,143.8,141.5,53.2,79.0,5.1,626.0,1370.0
2022-04-30,Jammu and Kashmir,133.9,139.6,27.6,72.4,5.6,4201.0,3366.0
2020-12-31,Jharkhand,126.1,130.8,69.5,71.1,-0.4,4193.0,2963.0
2025-05-31,Lakshadweep,152.5,151.9,95.4,81.2,7.8,0.0,0.0
2017-06-30,Arunachal Pradesh,108.9,113.1,30.8,63.9,5.3,482.0,948.0
2019-05-31,Gujarat,122.2,130.2,79.2,69.2,4.8,2546.0,10744.0
2022-03-31,Telangana,134.7,136.4,51.9,73.7,6.3,364.0,7089.0
2016-01-31,Assam,106.0,116.2,51.1,61.9,4.5,428.0,8080.0
2018-04-30,Kerala,111.4,118.2,100.1,66.5,6.0,516.0,8351.0
2022-05-31,Ladakh,131.8,136.5,130.3,73.6,6.7,139.0,359.0
2020-08-31,Uttarakhand,126.6,128.9,54.0,70.7,-0.1,2633.0,3521.0
2018-06-30,Andhra Pradesh,115.5,120.0,113.3,65.5,7.6,4834.0,6350.0
2022-10-31,Ladakh,135.8,136.4,132.6,74.3,7.4,159.0,271.0
2016-07-31,Lakshadweep,102.8,117.2,75.1,64.6,5.6,0.0,0.0
2016-11-30,Uttarakhand,104.2,113.3,110.8,62.5,7.6,3390.0,585.0
2019-06-30,Dadra and Nagar Haveli and Daman and Diu,116.7,130.3,74.5,69.1,6.9,380.0,35.0
2020-05-31,Delhi,123.3,132.1,18.3,70.9,0.4,300.0,158.0
2016-12-31,Lakshadweep,105.0,110.0,102.9,60.0,6.3,0.0,0.0
2017-10-31,Bihar,110.7,117.3,33.1,63.9,5.7,5056.0,2806.0
2019-05-31,Tripura,118.6,125.2,51.6,69.4,4.8,2549.0,1677.0
2016-06-30,Andaman and Nicobar Islands,106.1,112.1,58.0,60.8,5.8,139.0,896.0
2019-09-30,Himachal Pradesh,119.9,128.4,100.7,67.8,7.2,504.0,3906.0
2024-04-30,Maharashtra,144.5,147.7,34.0,80.1,5.1,5521.0,11088.0
2015-05-31,Chhattisgarh,100.2,114.3,64.5,58.9,6.6,7387.0,4570.0
2016-01-31,Mizoram,109.2,113.1,63.7,63.2,6.2,0.0,0.0
2021-11-30,Lakshadweep,129.7,134.9,78.2,71.1,7.7,0.0,0.0
2017-05-31,Goa,111.9,117.3,55.4,64.6,7.0,459.0,2224.0
2015-03-31,Chhattisgarh,101.1,109.2,77.7,60.7,5.4,6528.0,6936.0
2022-06-30,Andaman and Nicobar Islands,134.5,139.6,142.3,74.8,6.2,563.0,465.0
2023-08-31,West Bengal,136.9,146.4,32.6,75.1,7.6,835.0,6184.0
2025-03-31,Jharkhand,148.7,152.0,129.0,81.2,4.9,5368.0,2810.0
2021-04-30,Tamil Nadu,130.2,135.8,50.9,71.3,5.9,6945.0,3273.0
2023-12-31,Odisha,139.8,141.9,79.9,74.4,4.9,3492.0,5350.0
2021-10-31,Bihar,132.6,135.7,94.1,71.0,5.7,6272.0,494.0
2021-05-31,Lakshadweep,128.5,136.4,111.0,71.2,4.2,0.0,0.0
2015-02-28,Punjab,99.7,108.3,20.9,60.8,7.5,15856.0,11278.0
2025-07-31,West Bengal,151.1,150.1,103.5,81.0,7.9,4752.0,415.0
2017-02-28,Ladakh,109.4,117.4,27.0,64.1,6.3,310.0,369.0
2022-04-30,Tamil Nadu,136.9,136.7,87.1,73.0,6.2,5433.0,3743.0
2016-04-30,Assam,102.8,116.0,95.0,61.5,7.8,8994.0,1940.0
2021-01-31,Telangana,127.0,133.5,37.0,71.9,5.6,9605.0,126.0
2017-08-31,Arunachal Pradesh,109.4,118.9,96.4,62.8,6.5,859.0,577.0
2016-03-31,Nagaland,104.9,115.0,51.0,60.9,7.3,667.0,846.0
2015-05-31,Lakshadweep,100.4,109.5,81.1,60.0,6.0,0.0,0.0
2021-02-28,Chandigarh,130.3,131.1,85.8,71.8,4.9,210.0,734.0
2019-04-30,Uttarakhand,119.2,125.3,84.9,66.9,7.3,5567.0,5745.0
2021-05-31,Maharashtra,127.0,135.1,21.9,73.3,5.1,11747.0,2578.0
2024-02-29,Andhra Pradesh,144.8,146.6,42.3,77.3,7.4,2831.0,153.0
2023-10-31,Andhra Pradesh,137.9,138.1,126.7,74.8,7.8,7949.0,1683.0
2025-07-31,Haryana,150.1,151.6,136.8,81.3,6.2,11993.0,5690.0
2015-07-31,Mizoram,97.8,108.9,76.4,60.3,4.2,0.0,0.0
2018-04-30,Andhra Pradesh,115.8,123.1,79.7,65.7,7.8,1555.0,9248.0
2023-03-31,Maharashtra,143.3,143.6,114.6,75.3,7.3,10641.0,779.0
2022-01-31,Madhya Pradesh,133.5,138.9,72.7,73.6,4.5,7725.0,3402.0
2020-05-31,Chandigarh,122.5,133.8,31.7,69.3,-0.1,354.0,722.0
2015-11-30,Madhya Pradesh,102.3,112.0,96.8,59.5,5.3,6738.0,6986.0
2023-12-31,Assam,143.5,141.1,27.4,76.2,5.3,6653.0,6154.0
2017-02-28,Sikkim,107.5,117.3,108.5,63.1,6.3,0.0,0.0
2022-01-31,Jammu and Kashmir,134.8,137.8,76.9,71.4,6.8,2687.0,4326.0
2025-03-31,Maharashtra,151.0,149.3,84.5,81.7,4.0,526.0,7352.0
2020-08-31,Sikkim,124.5,130.7,50.1,68.8,-0.8,0.0,0.0
2023-08-31,Delhi,136.5,139.7,56.9,74.4,7.6,1448.0,2320.0
2021-08-31,Kerala,127.3,136.8,79.7,73.2,6.0,2299.0,5143.0
2019-05-31,Telangana,117.5,126.1,89.3,67.5,6.0,7176.0,4351.0
2023-10-31,Chhattisgarh,137.9,144.7,38.2,76.3,7.4,3050.0,2671.0
2018-08-31,Himachal Pradesh,115.2,119.6,72.0,66.8,4.5,3866.0,464.0
2022-06-30,Arunachal Pradesh,137.2,135.6,63.5,74.9,6.9,1183.0,767.0
2023-05-31,Dadra and Nagar Haveli and Daman and Diu,137.3,144.2,90.9,76.5,6.0,105.0,269.0
2023-01-31,Andaman and Nicobar Islands,138.4,140.7,26.6,75.3,7.0,675.0,823.0
2015-09-30,Andaman and Nicobar Islands,97.8,108.0,94.3,58.7,6.7,409.0,406.0
2015-12-31,Ladakh,100.6,112.3,36.8,61.8,6.7,322.0,74.0
2020-09-30,Chandigarh,123.4,128.4,53.4,70.1,1.4,143.0,767.0
2017-04-30,Sikkim,108.0,118.0,96.9,64.5,6.2,0.0,0.0
2019-08-31,Rajasthan,116.8,124.9,95.3,67.5,5.6,4575.0,539.0
2023-03-31,Kerala,142.7,143.5,122.1,76.3,4.8,3558.0,4362.0
2024-02-29,Gujarat,149.4,146.5,60.9,77.6,5.4,2017.0,343.0
2021-05-31,Tripura,130.2,135.8,116.7,71.7,7.5,731.0,3190.0
2023-07-31,Haryana,143.0,139.6,26.9,74.7,5.3,11677.0,2936.0
2023-10-31,Delhi,138.9,142.5,81.7,76.4,7.9,2331.0,844.0
2024-01-31,Meghalaya,145.0,146.2,56.4,75.7,6.4,2498.0,1246.0
2024-04-30,Jharkhand,146.3,144.5,112.8,79.1,7.3,334.0,6796.0
2019-10-31,Kerala,118.5,123.9,100.5,69.9,6.0,1794.0,353.0
2021-06-30,Sikkim,129.7,133.8,102.2,71.6,6.6,0.0,0.0
2021-03-31,Gujarat,129.4,133.4,49.7,72.9,8.0,6417.0,11875.0
2018-06-30,Rajasthan,115.9,124.4,47.4,65.6,6.0,5037.0,2991.0
2020-08-31,Sikkim,125.1,131.7,52.6,70.0,1.2,0.0,0.0
2017-09-30,Himachal Pradesh,108.5,116.6,112.8,63.4,6.6,3552.0,2064.0
2020-11-30,Punjab,124.4,129.5,27.3,69.6,-0.4,7546.0,11413.0
2019-08-31,Madhya Pradesh,122.2,127.1,111.1,67.6,4.1,6251.0,3587.0
2023-09-30,Telangana,141.1,143.3,95.0,74.1,8.0,327.0,1097.0
2023-05-31,Chandigarh,140.9,144.4,112.6,76.3,6.2,1045.0,916.0
2019-03-31,Nagaland,124.5,125.9,64.0,66.1,7.2,1523.0,1125.0
2021-02-28,Tripura,127.7,134.3,100.7,71.6,4.5,1446.0,155.0
2025-01-31,Punjab,151.4,146.4,140.5,78.2,5.2,14338.0,6166.0
2015-05-31,Karnataka,100.1,107.8,37.1,59.6,7.9,6279.0,6511.0
2021-11-30,Puducherry,130.7,135.8,58.6,72.3,5.2,1510.0,355.0
2019-03-31,Tamil Nadu,120.4,123.8,106.2,69.4,5.6,6270.0,12620.0
2015-10-31,Uttar Pradesh,98.6,106.6,37.7,60.0,5.1,8804.0,4946.0
2015-04-30,Tamil Nadu,97.9,111.5,61.3,59.7,5.9,8159.0,7589.0
2022-11-30,Delhi,135.0,137.2,43.9,72.9,4.6,1472.0,1443.0
2021-08-31,Tripura,128.4,132.4,84.8,71.1,6.0,1781.0,2188.0
2017-12-31,Puducherry,109.3,115.0,43.8,65.2,5.2,822.0,1950.0
2017-01-31,Uttar Pradesh,111.6,115.1,58.1,64.5,7.3,6649.0,11168.0
2023-02-28,Chhattisgarh,137.5,141.1,82.9,75.1,5.6,2219.0,6139.0
2023-05-31,Andaman and Nicobar Islands,139.6,141.7,59.7,74.0,7.2,427.0,420.0
2015-09-30,Chandigarh,102.1,112.5,88.0,61.6,6.6,161.0,56.0
2020-01-31,Uttarakhand,124.0,129.7,18.7,68.8,-1.5,1920.0,3299.0
2019-05-31,Tripura,122.9,125.4,108.0,68.0,7.2,152.0,629.0
2020-03-31,Jharkhand,121.9,129.4,40.9,69.1,-2.0,1764.0,1350.0
2025-01-31,Puducherry,153.6,145.5,92.7,78.9,6.1,227.0,402.0
2023-09-30,Kerala,140.0,141.0,98.7,76.2,7.7,5988.0,5013.0
2015-04-30,Andaman and Nicobar Islands,97.3,111.3,26.0,60.9,4.6,1081.0,1044.0
2022-09-30,Odisha,136.7,138.2,114.8,74.7,4.3,2883.0,2659.0
2017-04-30,Odisha,110.9,119.6,114.6,64.6,6.1,8208.0,9515.0
2021-08-31,Andaman and Nicobar Islands,132.8,136.2,72.0,71.0,7.3,621.0,481.0
2021-04-30,Arunachal Pradesh,126.9,130.7,59.1,72.2,4.8,1307.0,1088.0
2024-08-31,Uttar Pradesh,142.8,144.7,118.2,78.3,7.9,5639.0,700.0
2020-09-30,Puducherry,126.5,132.0,55.2,68.6,-1.6,345.0,230.0
2023-02-28,Chandigarh,145.1,142.2,102.1,73.9,6.8,551.0,339.0
2015-01-31,Kerala,101.2,109.7,116.5,60.1,7.7,3329.0,8549.0
2022-12-31,Punjab,136.5,140.1,93.8,73.2,7.9,11466.0,2094.0
2016-05-31,Delhi,103.5,112.4,44.8,60.7,6.6,2670.0,1459.0
2024-04-30,Himachal Pradesh,144.6,144.5,27.0,76.0,6.3,5012.0,4457.0
2022-07-31,Arunachal Pradesh,133.8,136.4,78.4,73.3,4.4,934.0,1295.0
2022-04-30,West Bengal,136.0,135.3,102.3,75.6,4.1,12094.0,6948.0
2022-06-30,Puducherry,136.9,137.6,44.7,74.9,7.9,298.0,1137.0
2019-01-31,Rajasthan,120.4,126.4,22.6,69.5,5.1,361.0,3494.0
2018-02-28,Odisha,116.6,119.9,110.9,65.3,4.3,2355.0,6816.0
2019-11-30,Maharashtra,119.9,125.8,50.2,69.1,6.2,4672.0,6022.0
2020-08-31,Mizoram,127.6,128.8,40.0,71.2,-1.4,0.0,0.0
2019-01-31,Chhattisgarh,118.3,125.8,29.1,69.5,5.4,7679.0,1051.0
2025-06-30,Rajasthan,152.8,152.9,69.8,79.7,5.4,6001.0,2544.0
2024-03-31,Sikkim,143.6,146.2,74.9,77.5,5.0,0.0,0.0
2018-12-31,Punjab,115.0,122.2,110.3,65.9,7.9,7847.0,7994.0
2019-03-31,West Bengal,117.6,130.1,106.5,68.1,5.1,3190.0,705.0
2018-07-31,Lakshadweep,116.0,121.0,38.9,64.7,6.2,0.0,0.0
2023-02-28,Odisha,140.3,143.2,90.7,75.4,5.0,7671.0,3418.0
2025-04-30,West Bengal,151.5,148.9,111.7,81.1,7.0,5111.0,9716.0
2021-08-31,Tamil Nadu,126.5,135.6,49.2,71.4,4.9,1372.0,5907.0
2024-03-31,Delhi,145.3,144.2,71.3,78.1,6.5,2062.0,1501.0
2017-03-31,Nagaland,110.8,117.3,118.5,64.5,7.3,1501.0,864.0
2024-05-31,Jammu and Kashmir,143.0,144.9,115.2,79.2,5.1,1164.0,393.0
2022-02-28,Ladakh,136.1,135.9,76.5,74.6,7.2,346.0,563.0
2024-06-30,Odisha,140.4,141.7,88.1,78.9,4.4,7251.0,847.0
2025-04-30,Uttar Pradesh,149.7,150.8,99.1,80.4,4.5,3862.0,11428.0
2019-01-31,Ladakh,122.8,124.7,69.9,68.3,5.6,1.0,310.0
2021-04-30,Uttar Pradesh,129.7,133.5,61.2,72.9,5.6,17140.0,6197.0
2019-07-31,Gujarat,118.6,125.7,55.9,65.7,6.1,9650.0,1164.0
2019-08-31,Tamil Nadu,119.9,123.1,36.9,68.7,4.1,423.0,3159.0
2022-11-30,Chhattisgarh,135.2,137.2,140.8,71.9,4.5,3646.0,5258.0
2018-08-31,Tamil Nadu,116.8,118.4,29.1,65.5,4.0,1686.0,2379.0
2022-03-31,Ladakh,135.3,137.1,96.1,74.9,7.8,287.0,208.0
2021-12-31,Lakshadweep,131.5,137.0,116.0,71.8,5.3,0.0,0.0
2016-04-30,Manipur,105.2,112.9,57.5,61.9,6.8,918.0,1778.0
2018-01-31,Uttarakhand,113.5,119.7,45.2,66.2,6.4,638.0,3768.0
2021-05-31,Mizoram,127.2,133.0,115.6,73.9,6.9,0.0,0.0
2018-09-30,Punjab,115.7,125.1,100.2,63.8,7.5,3655.0,5512.0
2020-02-29,Meghalaya,120.1,129.1,51.3,69.3,0.6,3124.0,2419.0
2023-04-30,West Bengal,136.5,138.9,97.4,77.4,5.7,2289.0,8681.0
2019-04-30,Dadra and Nagar Haveli and Daman and Diu,117.2,122.3,56.0,67.7,5.3,180.0,374.0
2016-07-31,Meghalaya,106.4,113.2,84.1,61.8,4.3,1250.0,1718.0
2024-01-31,Maharashtra,142.0,147.6,111.0,78.7,4.1,6722.0,8345.0
2018-08-31,Jharkhand,115.9,122.9,23.2,64.8,7.1,3387.0,4771.0
2015-07-31,Arunachal Pradesh,97.9,112.2,31.8,60.9,4.5,1630.0,912.0
2024-09-30,Delhi,144.7,147.3,61.8,77.6,4.1,1783.0,1053.0
2020-08-31,Sikkim,124.9,130.0,31.4,69.8,-1.1,0.0,0.0
2017-10-31,Arunachal Pradesh,109.7,112.7,110.1,63.2,5.3,339.0,428.0
2020-09-30,Gujarat,123.7,132.8,53.1,70.5,0.5,2707.0,2637.0
2019-07-31,Chandigarh,116.9,123.1,57.4,67.7,4.2,544.0,804.0
2015-10-31,Odisha,100.1,114.6,100.9,60.3,7.7,501.0,6191.0
2018-06-30,Mizoram,116.1,120.5,52.3,65.6,7.8,0.0,0.0
2018-05-31,Jharkhand,116.4,120.5,119.1,66.0,5.9,4348.0,3709.0
2025-02-28,Manipur,150.2,148.9,117.8,79.4,7.4,332.0,1703.0
2015-10-31,Chhattisgarh,100.5,110.0,100.8,59.7,7.2,363.0,15.0
2023-06-30,Jammu and Kashmir,138.5,139.3,55.3,75.1,6.3,807.0,1190.0
2025-08-31,Bihar,150.9,148.2,41.4,79.0,7.0,5676.0,3177.0
2022-08-31,Jammu and Kashmir,135.8,139.9,70.7,75.8,7.7,1618.0,1979.0
2024-05-31,Andhra Pradesh,144.4,148.7,64.1,78.2,6.3,451.0,4592.0
2021-06-30,Mizoram,130.1,131.8,97.0,69.9,6.0,0.0,0.0
2022-01-31,Rajasthan,134.9,138.7,44.9,73.9,4.0,2894.0,3798.0
2017-06-30,Sikkim,110.9,117.0,72.7,65.0,6.2,0.0,0.0
2019-01-31,Chhattisgarh,116.9,127.0,82.8,66.3,7.3,5374.0,6626.0
2015-09-30,Ladakh,96.9,108.2,58.5,60.6,7.0,53.0,116.0
2020-09-30,Himachal Pradesh,122.0,131.5,24.0,69.9,-0.7,1385.0,421.0
2019-10-31,Punjab,119.1,125.7,109.6,66.2,4.1,7582.0,2613.0
2020-02-29,Maharashtra,125.9,129.0,20.3,69.4,1.6,13833.0,2104.0
2019-04-30,Punjab,115.5,125.9,50.4,67.8,5.7,12787.0,11569.0
2018-04-30,Uttar Pradesh,115.2,124.9,95.7,64.7,6.3,8246.0,9088.0
2020-03-31,Bihar,127.4,129.8,48.3,69.2,-0.1,1915.0,346.0
2019-02-28,Punjab,120.5,126.6,93.1,68.2,5.4,16598.0,631.0
2021-06-30,Karnataka,126.0,134.2,100.9,72.2,6.0,6335.0,8948.0
2023-01-31,Gujarat,141.0,142.2,131.4,76.4,6.0,68.0,5046.0
2018-07-31,Dadra and Nagar Haveli and Daman and Diu,115.5,124.4,50.5,65.3,5.4,274.0,188.0
2017-12-31,Haryana,109.3,119.7,67.4,65.1,7.2,2315.0,5277.0
2025-02-28,Tamil Nadu,150.4,147.3,106.6,79.9,4.2,1859.0,2519.0
2023-12-31,Manipur,137.2,143.1,119.4,75.6,4.5,1641.0,719.0
2015-10-31,Andhra Pradesh,100.1,113.2,77.8,59.8,4.3,766.0,8581.0
2022-11-30,Jharkhand,136.0,137.5,85.6,74.3,6.3,2340.0,4482.0
2015-06-30,Telangana,98.6,111.7,89.2,60.3,5.7,466.0,5733.0
2019-09-30,Manipur,119.1,120.5,58.2,67.5,5.8,1964.0,1671.0
2025-09-30,Rajasthan,148.9,148.1,131.2,80.9,6.3,4721.0,628.0
2020-11-30,Sikkim,124.0,134.8,24.7,69.8,0.7,0.0,0.0
2016-09-30,Telangana,103.3,115.5,108.4,62.7,4.7,4569.0,7181.0
2022-08-31,Jharkhand,133.5,138.4,101.2,75.4,5.2,2059.0,4532.0
2025-07-31,Tamil Nadu,151.0,153.7,96.1,79.5,8.0,8835.0,8038.0
2021-08-31,Meghalaya,126.5,131.8,67.0,71.6,7.8,1190.0,789.0
2019-08-31,Chhattisgarh,120.4,128.5,35.5,66.9,7.8,324.0,2772.0
2024-08-31,Delhi,146.0,144.3,127.8,77.1,4.1,2167.0,1193.0
2017-01-31,Ladakh,107.3,118.2,25.3,64.7,4.4,1.0,437.0
2015-05-31,Tripura,99.8,106.8,47.0,60.7,4.2,426.0,543.0
2024-12-31,Uttar Pradesh,143.2,145.2,37.2,76.2,7.3,3507.0,2915.0
2016-09-30,Arunachal Pradesh,107.3,116.6,30.7,61.0,8.0,1147.0,1505.0
2016-06-30,Puducherry,104.6,113.0,59.0,63.4,6.2,234.0,780.0
2019-09-30,Dadra and Nagar Haveli and Daman and Diu,122.9,127.0,36.0,67.1,6.8,481.0,378.0
2022-09-30,Odisha,137.6,137.0,93.8,73.7,5.4,2514.0,1610.0
2016-07-31,Nagaland,105.6,114.9,82.7,62.0,7.1,995.0,915.0
2025-08-31,Assam,154.3,151.5,129.9,80.2,6.6,6558.0,3067.0
2023-01-31,Gujarat,136.9,140.6,60.0,74.5,7.2,11676.0,12464.0
2016-09-30,Tamil Nadu,107.9,112.3,50.9,62.2,6.0,2889.0,2631.0
2018-04-30,Andhra Pradesh,114.5,121.2,44.6,63.1,4.8,13264.0,8135.0
2020-07-31,Gujarat,124.7,129.2,58.9,69.3,-0.2,2073.0,2761.0
2025-07-31,Sikkim,149.1,146.0,75.4,79.6,5.2,0.0,0.0
2019-07-31,Assam,117.1,126.7,75.2,66.4,6.8,4471.0,2245.0
2024-01-31,Odisha,146.1,146.8,69.0,78.7,4.5,2262.0,581.0
2023-02-28,Chandigarh,137.5,138.4,42.8,75.1,5.3,993.0,759.0
2024-04-30,Himachal Pradesh,143.8,147.7,36.3,79.7,4.0,5330.0,129.0
2024-07-31,Jammu and Kashmir,143.9,145.2,128.2,78.4,7.3,3319.0,1884.0
2024-09-30,Jammu and Kashmir,147.0,146.7,55.9,77.7,5.6,433.0,806.0
2022-03-31,Madhya Pradesh,134.9,137.5,137.0,74.7,7.1,1392.0,2173.0
2021-09-30,Uttar Pradesh,125.1,134.7,114.7,70.3,4.4,3152.0,6998.0
2020-06-30,West Bengal,123.2,130.2,40.7,70.2,1.7,2875.0,5406.0
2016-07-31,Tripura,101.9,115.8,115.9,60.7,7.4,1734.0,2102.0
2024-10-31,Assam,146.0,146.0,27.4,78.8,6.4,5840.0,1051.0
2018-06-30,Karnataka,112.6,123.5,29.2,65.5,4.0,7086.0,1243.0
2018-06-30,Chandigarh,113.8,124.8,44.3,63.9,7.6,235.0,570.0
2019-11-30,Delhi,123.5,125.8,40.9,66.6,7.9,2558.0,1643.0
2016-08-31,Puducherry,106.3,113.5,45.3,62.0,6.6,1448.0,1111.0
2021-01-31,Assam,127.7,135.1,65.2,72.3,6.9,6594.0,1949.0
2016-05-31,Chhattisgarh,106.7,109.9,26.3,60.4,4.5,3744.0,6194.0
2017-03-31,Dadra and Nagar Haveli and Daman and Diu,108.6,116.3,75.5,62.1,7.1,793.0,37.0
2015-02-28,Bihar,101.6,108.2,50.9,59.6,4.4,7838.0,2254.0
2020-03-31,Haryana,124.2,131.1,16.3,71.6,0.7,15640.0,15609.0
2020-02-29,Mizoram,123.1,130.3,57.2,69.5,0.6,0.0,0.0
2023-04-30,Sikkim,137.9,144.5,102.4,76.2,4.6,0.0,0.0
2016-07-31,Telangana,105.6,116.4,99.3,59.4,4.4,3909.0,7106.0
2016-05-31,Dadra and Nagar Haveli and Daman and Diu,106.8,110.1,113.9,64.7,5.8,941.0,945.0
2020-09-30,Tripura,125.7,126.6,47.1,68.9,0.4,555.0,1581.0
2024-09-30,Lakshadweep,144.1,146.1,118.4,78.1,7.8,0.0,0.0
2021-09-30,Uttar Pradesh,126.4,130.9,39.9,70.1,4.7,7912.0,4395.0
2018-03-31,Ladakh,113.7,118.1,61.0,66.4,5.7,159.0,489.0
2017-12-31,Uttarakhand,107.5,116.5,73.0,63.4,6.4,946.0,543.0
2017-05-31,Tamil Nadu,112.7,113.8,74.1,64.2,6.7,3323.0,5411.0
2019-03-31,Punjab,119.2,123.9,91.8,67.7,6.3,14396.0,4198.0
2016-02-29,Uttarakhand,105.6,115.4,99.6,62.5,4.7,5322.0,3225.0
2020-09-30,Mizoram,124.3,129.0,52.0,71.0,2.0,0.0,0.0
2019-09-30,Maharashtra,120.9,129.0,24.7,66.6,5.3,8767.0,325.0
2015-12-31,Assam,101.4,108.9,55.1,61.7,4.4,1690.0,6240.0
2016-05-31,Uttarakhand,109.7,115.1,77.2,61.3,5.6,357.0,3262.0
2017-06-30,Maharashtra,109.1,116.9,70.8,64.4,6.4,9399.0,7448.0
2022-04-30,West Bengal,137.1,137.6,29.4,73.1,4.4,1308.0,7722.0
2023-03-31,Tripura,140.6,141.2,141.7,76.1,4.7,2201.0,1747.0
2016-11-30,Karnataka,103.8,115.1,115.6,61.6,4.3,3608.0,2411.0
2025-09-30,Kerala,149.0,151.4,116.9,82.0,4.0,491.0,225.0
2021-07-31,Delhi,130.9,138.1,25.5,71.2,7.7,2137.0,1419.0
2017-08-31,Punjab,109.4,118.0,63.0,65.6,7.4,1832.0,1170.0
2015-09-30,Puducherry,100.2,111.1,61.0,59.0,4.9,146.0,231.0
2016-03-31,Tamil Nadu,106.3,111.9,75.8,63.6,6.3,377.0,10099.0
2017-03-31,Odisha,115.0,119.4,25.6,65.0,7.2,3961.0,3107.0
2024-01-31,Ladakh,145.1,146.1,74.8,77.6,5.5,254.0,171.0
2021-04-30,Andhra Pradesh,127.7,128.7,95.8,71.8,7.0,9816.0,4189.0
2020-05-31,Jharkhand,125.8,128.3,71.9,70.2,0.7,4097.0,2470.0
2024-01-31,Andhra Pradesh,144.0,141.9,95.5,78.0,6.0,5401.0,10336.0
2025-09-30,Chhattisgarh,153.8,148.5,136.9,80.4,7.6,2904.0,2271.0
2015-10-31,Sikkim,99.0,110.6,119.9,60.1,4.8,0.0,0.0
2018-11-30,Arunachal Pradesh,115.0,121.4,63.5,65.0,7.6,1128.0,150.0
2025-03-31,Himachal Pradesh,151.2,151.2,104.2,79.5,7.2,4048.0,2713.0
2019-11-30,Gujarat,121.0,121.3,41.3,68.3,7.4,10519.0,5059.0
2022-12-31,Rajasthan,137.8,139.9,81.1,72.9,4.0,6603.0,5627.0
2023-07-31,Gujarat,141.3,142.5,33.4,75.5,6.7,10452.0,2224.0
2025-04-30,Himachal Pradesh,154.7,147.5,27.5,80.5,5.6,1949.0,3451.0
2022-02-28,Himachal Pradesh,135.9,138.0,131.2,74.2,6.4,571.0,4173.0
2024-04-30,Kerala,147.6,150.4,127.0,77.7,4.3,2526.0,1403.0
2017-03-31,Ladakh,109.1,120.9,51.2,65.0,4.9,35.0,249.0
2016-06-30,Himachal Pradesh,108.9,117.4,65.7,63.0,5.4,636.0,2495.0
2021-10-31,Jharkhand,129.3,133.6,69.4,71.4,6.9,2029.0,4320.0
2020-12-31,Jharkhand,128.0,132.3,43.2,70.7,1.0,438.0,5158.0
2019-06-30,Mizoram,121.8,128.6,33.5,67.1,4.1,0.0,0.0
2020-11-30,Bihar,125.1,127.9,58.5,70.3,-1.7,8777.0,443.0
2018-02-28,Meghalaya,118.0,124.6,54.8,66.2,7.8,1726.0,2567.0
2017-11-30,Ladakh,110.0,120.1,23.2,64.0,4.7,240.0,144.0
2021-10-31,Uttarakhand,132.7,132.7,87.7,71.7,4.9,108.0,2696.0
2015-04-30,Goa,100.8,110.2,103.0,60.1,5.2,4062.0,3371.0
2016-11-30,Himachal Pradesh,104.2,116.7,111.8,62.0,5.1,230.0,3155.0
2018-12-31,Lakshadweep,115.6,121.9,87.4,63.7,4.5,0.0,0.0
2025-05-31,Chandigarh,150.1,151.8,47.0,81.4,5.3,648.0,772.0
2019-07-31,Maharashtra,119.1,125.1,79.0,68.6,6.2,6741.0,5606.0
2020-08-31,Andaman and Nicobar Islands,125.5,127.8,66.7,69.5,1.3,443.0,60.0
2022-04-30,West Bengal,135.8,135.6,66.1,74.9,6.6,6782.0,9080.0
2015-01-31,Sikkim,95.1,109.4,115.3,59.5,4.7,0.0,0.0
2022-11-30,Dadra and Nagar Haveli and Daman and Diu,136.0,138.9,35.7,71.3,6.5,688.0,127.0
2023-10-31,Mizoram,141.5,138.5,111.4,76.3,5.4,0.0,0.0
2023-12-31,Mizoram,142.9,145.9,38.4,74.4,7.3,0.0,0.0
2018-06-30,Manipur,112.5,124.1,99.9,64.7,5.4,2382.0,2374.0
2023-06-30,Lakshadweep,138.0,143.0,35.7,74.9,7.9,0.0,0.0
2025-04-30,West Bengal,150.4,151.6,63.1,80.1,6.5,1599.0,10446.0
2023-07-31,Karnataka,138.6,140.7,117.2,76.2,5.7,1450.0,9757.0
2021-02-28,Mizoram,127.6,131.0,66.0,73.1,6.0,0.0,0.0
2023-12-31,Kerala,139.2,142.8,129.9,74.8,4.7,4507.0,4630.0
2025-02-28,Himachal Pradesh,149.3,152.1,72.2,79.3,6.7,2832.0,811.0
2016-05-31,Tripura,103.0,113.0,119.5,63.3,7.9,897.0,3088.0
2020-11-30,Uttar Pradesh,123.0,128.1,13.1,70.5,0.4,5031.0,759.0
2020-02-29,Bihar,124.8,128.9,53.8,70.3,-0.7,9355.0,8368.0
2018-05-31,Odisha,112.1,123.0,111.6,66.0,4.6,3044.0,3674.0
2024-11-30,Madhya Pradesh,142.1,147.2,88.3,78.4,6.6,3537.0,1027.0
2018-09-30,Andaman and Nicobar Islands,115.1,125.6,118.9,66.0,6.7,794.0,302.0
2019-10-31,Himachal Pradesh,123.0,126.9,90.8,68.1,5.2,3546.0,3424.0
2025-06-30,Gujarat,151.5,148.3,75.5,80.5,5.4,3182.0,951.0
2018-08-31,Gujarat,117.4,121.4,71.5,65.1,7.8,4442.0,2171.0
2016-03-31,Rajasthan,101.4,111.9,107.7,62.2,6.4,3186.0,7718.0
2021-06-30,Himachal Pradesh,127.2,136.2,115.8,70.1,7.1,2925.0,2112.0
2020-10-31,Uttarakhand,125.0,127.8,45.4,70.0,0.3,2454.0,432.0
2023-05-31,Rajasthan,141.7,140.9,60.9,75.5,6.4,5855.0,4360.0
2015-03-31,Chhattisgarh,101.3,111.0,43.9,60.8,4.2,8148.0,3312.0
2022-02-28,Chhattisgarh,132.3,141.2,81.2,72.6,6.7,1536.0,1474.0
2021-02-28,Haryana,132.3,139.7,49.6,72.2,5.4,14082.0,7568.0
2019-03-31,Manipur,119.8,123.3,62.1,68.6,5.9,1050.0,2839.0
2020-07-31,Madhya Pradesh,126.6,131.3,62.1,70.7,0.5,5307.0,6554.0
2021-04-30,Delhi,128.8,134.0,67.2,71.3,7.9,3048.0,344.0
2022-09-30,Lakshadweep,131.9,137.5,100.9,73.6,6.8,0.0,0.0
2015-07-31,Ladakh,101.7,109.4,29.0,60.4,4.9,403.0,336.0
2016-01-31,Tamil Nadu,105.9,111.5,96.2,60.8,5.3,1576.0,2295.0
2024-12-31,Puducherry,142.5,149.3,81.9,77.6,4.6,928.0,1377.0
2020-06-30,Nagaland,123.7,125.8,33.7,69.1,-1.0,391.0,167.0
2015-04-30,Kerala,101.4,109.7,81.1,58.2,7.7,174.0,1226.0
2022-04-30,Tamil Nadu,135.4,141.0,36.2,75.5,7.2,5290.0,11157.0
2016-05-31,Arunachal Pradesh,106.0,114.5,61.4,62.0,6.2,89.0,1495.0
2019-04-30,Uttarakhand,119.0,124.7,101.1,67.0,7.8,786.0,2884.0
2020-09-30,Dadra and Nagar Haveli and Daman and Diu,127.8,128.7,27.7,67.7,-0.3,230.0,671.0
2016-09-30,Sikkim,104.8,115.8,111.4,62.3,5.4,0.0,0.0
2016-12-31,Chhattisgarh,100.3,113.4,80.4,60.4,6.2,3523.0,5297.0
2015-04-30,Mizoram,100.2,109.9,74.1,59.3,5.2,0.0,0.0
2015-03-31,Gujarat,101.2,111.2,60.0,60.0,4.0,8850.0,1483.0
2020-08-31,Nagaland,125.6,131.9,56.5,68.8,0.9,862.0,1348.0
2023-05-31,Arunachal Pradesh,139.1,140.9,91.7,77.7,7.0,1501.0,105.0
2019-06-30,Dadra and Nagar Haveli and Daman and Diu,116.1,123.3,99.7,67.0,6.5,700.0,403.0
2017-11-30,West Bengal,108.7,116.0,53.2,62.8,7.7,6771.0,8031.0
2019-08-31,Assam,118.9,128.8,90.2,68.2,6.7,1154.0,5759.0
2023-12-31,Himachal Pradesh,138.7,142.1,137.2,75.6,4.6,973.0,1436.0
2018-04-30,Delhi,116.2,119.5,48.0,67.9,5.1,2395.0,2560.0
2020-08-31,West Bengal,124.3,128.1,70.9,71.4,-1.1,3873.0,1025.0
2018-10-31,West Bengal,117.8,124.3,61.1,67.5,7.2,8344.0,3153.0
2021-06-30,Nagaland,129.5,134.2,23.9,72.5,7.8,1934.0,1698.0
2015-06-30,Manipur,102.4,106.7,55.8,60.7,4.9,886.0,2244.0
2016-05-31,Karnataka,105.4,111.8,35.0,61.6,7.1,3307.0,305.0
2023-03-31,Tripura,140.5,144.3,60.5,76.7,5.7,947.0,576.0
2021-09-30,Chhattisgarh,128.6,132.9,29.6,71.3,5.4,1724.0,2676.0
2015-02-28,Uttarakhand,97.3,114.2,37.8,59.9,7.9,883.0,568.0
2021-05-31,Kerala,129.9,137.8,32.7,70.6,5.4,4476.0,3059.0
2020-06-30,Jharkhand,128.4,133.0,14.6,69.6,1.3,2681.0,5942.0
2019-04-30,Himachal Pradesh,119.1,127.0,49.6,68.6,6.9,2063.0,3540.0
2022-08-31,Arunachal Pradesh,133.8,140.1,136.9,75.1,7.1,800.0,1219.0
2016-10-31,Himachal Pradesh,104.7,113.9,114.9,62.5,7.4,4071.0,2164.0
2024-03-31,Meghalaya,148.5,145.9,125.6,79.4,6.3,1262.0,585.0
2023-11-30,Andhra Pradesh,141.6,139.6,25.5,74.6,6.4,8774.0,794.0
2020-07-31,Rajasthan,127.4,129.9,13.7,70.5,-1.7,3663.0,4813.0
2020-09-30,Andhra Pradesh,121.0,127.5,12.6,69.1,0.3,1842.0,4615.0
2021-12-31,Maharashtra,128.4,134.0,56.7,72.4,4.8,5160.0,2735.0
2023-07-31,Lakshadweep,138.4,139.6,141.6,75.2,7.1,0.0,0.0
2018-03-31,Telangana,117.3,120.3,109.7,65.4,4.5,9248.0,9195.0
2016-01-31,Delhi,106.3,108.9,45.1,62.9,6.8,3234.0,3035.0
2018-05-31,Chandigarh,117.1,120.4,61.0,66.2,4.1,806.0,743.0
2019-09-30,Uttar Pradesh,116.2,124.6,102.4,67.2,5.4,1968.0,5153.0
2015-12-31,Maharashtra,102.2,109.4,95.9,58.5,6.6,7326.0,804.0
2016-01-31,Kerala,106.3,116.4,33.3,61.1,6.8,1361.0,5639.0
2024-12-31,Assam,143.2,145.9,36.9,77.9,6.5,1176.0,2707.0
2023-01-31,Gujarat,139.6,143.9,89.2,74.8,5.8,492.0,2241.0
2019-09-30,Rajasthan,118.2,127.9,30.2,68.2,5.0,3105.0,3595.0
2018-04-30,Uttarakhand,114.8,124.8,102.5,64.9,6.5,604.0,1416.0
2024-10-31,Jharkhand,145.9,144.2,54.4,77.8,4.7,1963.0,3385.0
2021-08-31,Jharkhand,132.8,131.6,38.8,72.3,4.2,372.0,2227.0
2025-08-31,Ladakh,148.1,149.8,46.3,79.5,4.1,305.0,58.0
2017-11-30,Mizoram,109.1,115.9,24.5,65.1,5.1,0.0,0.0
2015-03-31,Puducherry,97.8,109.5,84.2,60.4,4.1,938.0,2241.0
2024-12-31,Nagaland,146.5,144.1,43.7,77.1,5.0,791.0,894.0
2015-05-31,Uttar Pradesh,96.8,107.6,43.3,58.9,5.2,1027.0,6024.0
2015-11-30,Arunachal Pradesh,100.4,110.7,95.1,61.6,5.4,943.0,17.0
2025-06-30,Himachal Pradesh,147.5,153.7,30.9,81.1,6.9,248.0,1195.0
2020-11-30,Chhattisgarh,125.1,129.5,24.2,69.6,-0.5,4677.0,4935.0
2024-09-30,Uttar Pradesh,147.3,146.6,41.9,78.3,7.9,9619.0,6879.0
2023-10-31,Manipur,139.0,142.1,24.6,75.7,7.8,2072.0,340.0
2024-08-31,Tripura,145.4,145.9,88.7,78.7,7.9,2291.0,2000.0
2020-07-31,Uttar Pradesh,123.2,132.9,23.4,70.2,-1.8,8094.0,7843.0
2017-07-31,West Bengal,109.8,117.4,83.3,62.0,4.2,1105.0,7930.0
2021-03-31,Tamil Nadu,126.9,127.5,70.2,73.1,7.4,6577.0,10844.0
2020-11-30,Rajasthan,126.4,128.2,52.1,71.4,1.1,1988.0,321.0
2020-06-30,Sikkim,124.2,130.2,70.9,69.5,0.2,0.0,0.0
2020-10-31,Odisha,124.6,129.8,25.2,70.3,0.9,661.0,3063.0
2018-05-31,Jharkhand,115.1,121.5,86.6,67.1,6.4,5505.0,1509.0
2016-08-31,Ladakh,101.1,113.0,103.4,65.4,6.9,108.0,257.0
2018-03-31,Dadra and Nagar Haveli and Daman and Diu,113.6,122.2,115.7,66.5,5.0,1038.0,692.0
2018-09-30,Dadra and Nagar Haveli and Daman and Diu,115.3,126.1,82.2,66.3,4.8,82.0,744.0
2020-10-31,Jammu and Kashmir,124.7,129.3,19.9,70.9,-0.5,1770.0,1133.0
2025-05-31,Karnataka,154.4,154.3,30.5,81.0,6.6,9118.0,8364.0
2022-07-31,Mizoram,137.5,138.9,57.4,74.5,7.5,0.0,0.0
2020-10-31,Delhi,125.3,128.7,67.7,68.7,1.4,209.0,2181.0
2021-12-31,Sikkim,128.0,135.7,73.7,72.2,8.0,0.0,0.0
2022-05-31,Uttar Pradesh,134.0,133.1,93.5,74.3,7.9,14269.0,1087.0
2021-07-31,Ladakh,131.3,134.0,81.1,70.5,6.5,446.0,37.0
2024-05-31,Arunachal Pradesh,145.2,147.0,63.9,78.6,6.0,1823.0,2121.0
2022-09-30,Lakshadweep,137.6,139.1,45.8,72.9,7.0,0.0,0.0
2020-12-31,Assam,125.1,131.3,69.3,71.3,-1.7,1294.0,6082.0
2019-01-31,Tamil Nadu,120.2,127.4,95.5,67.2,5.4,815.0,8299.0
2019-04-30,Andhra Pradesh,123.2,126.6,71.1,68.9,7.1,4057.0,13046.0
2017-09-30,Chhattisgarh,107.8,119.4,57.7,63.3,7.8,3102.0,1245.0
2016-10-31,Andhra Pradesh,108.5,112.9,68.3,63.3,7.6,8400.0,9755.0
2024-06-30,Nagaland,146.5,148.4,28.0,79.4,4.3,1489.0,1396.0
2016-06-30,Chhattisgarh,111.5,113.1,44.7,62.6,4.9,5999.0,142.0
2024-10-31,Nagaland,143.6,148.3,54.1,77.4,5.1,1470.0,413.0
2024-09-30,Jammu and Kashmir,148.3,146.0,77.4,78.4,5.5,1890.0,1431.0
2018-01-31,Lakshadweep,115.3,122.4,43.6,65.3,4.3,0.0,0.0
2020-04-30,Uttar Pradesh,124.6,131.8,23.1,68.9,-1.1,12033.0,11896.0
2021-07-31,Delhi,130.6,137.0,96.6,71.5,6.9,1015.0,2681.0
2025-03-31,Telangana,150.3,150.1,131.2,79.9,5.0,10436.0,1698.0
2018-08-31,Uttarakhand,113.4,122.4,26.7,65.4,7.8,2843.0,2116.0
2021-10-31,Odisha,129.7,128.8,41.0,71.7,5.7,2016.0,6015.0
2022-03-31,Nagaland,135.6,136.3,116.8,73.4,4.4,539.0,1609.0
2016-04-30,Manipur,104.1,111.0,101.6,62.0,7.4,2590.0,1417.0
2019-06-30,Uttarakhand,121.1,125.2,70.0,67.8,7.7,189.0,1600.0
2023-06-30,Karnataka,139.4,140.7,107.4,74.5,7.7,8900.0,7403.0
2023-02-28,Telangana,140.9,140.4,33.3,76.0,6.0,5122.0,7516.0
2015-02-28,Assam,100.7,107.9,105.0,59.2,7.7,2027.0,8690.0
2022-10-31,Gujarat,135.9,139.1,123.9,73.1,6.8,8328.0,321.0
2019-11-30,Kerala,117.3,122.4,89.3,67.1,4.8,4822.0,1997.0
2020-09-30,Delhi,127.2,127.8,67.0,70.2,1.2,1190.0,473.0
2024-11-30,Sikkim,143.3,146.1,29.7,78.4,5.7,0.0,0.0
2022-08-31,Jammu and Kashmir,134.6,139.9,51.7,74.1,5.8,1831.0,364.0
2018-09-30,Maharashtra,113.7,120.1,56.3,66.7,5.7,3196.0,2011.0
2016-12-31,Uttar Pradesh,105.1,116.1,35.9,62.0,4.7,6506.0,7220.0
2022-07-31,Odisha,134.8,132.5,121.8,74.1,5.6,5339.0,3642.0
2022-10-31,Rajasthan,136.3,138.0,114.9,73.1,6.0,4194.0,4669.0
2019-10-31,Dadra and Nagar Haveli and Daman and Diu,120.1,126.6,97.3,68.5,5.1,822.0,102.0
2025-08-31,Chhattisgarh,149.2,148.0,59.0,79.9,4.7,2367.0,1471.0
2015-07-31,Jammu and Kashmir,96.4,107.4,96.3,60.6,4.8,2609.0,1857.0
2018-11-30,Mizoram,116.8,122.3,32.3,65.9,4.8,0.0,0.0
2019-05-31,Lakshadweep,121.0,125.9,30.7,68.0,5.8,0.0,0.0
2018-02-28,Bihar,116.9,120.4,78.4,65.2,4.8,6180.0,2918.0
2019-05-31,Jharkhand,119.6,125.4,24.9,67.8,6.9,2558.0,6428.0
2018-12-31,Chandigarh,115.7,120.8,113.9,68.0,5.3,241.0,23.0
2022-11-30,Himachal Pradesh,133.7,140.5,63.5,72.1,7.8,4152.0,3616.0
2020-04-30,Uttar Pradesh,123.5,131.4,40.6,69.5,1.8,7998.0,9370.0
2022-09-30,Sikkim,134.4,138.4,121.6,74.8,5.2,0.0,0.0
2025-05-31,Rajasthan,151.8,153.8,72.0,79.3,7.0,2064.0,2756.0
2018-03-31,Tamil Nadu,114.5,124.1,63.1,66.1,6.7,7333.0,3727.0
2015-04-30,Kerala,99.9,112.5,54.8,59.9,5.7,3032.0,5144.0
2025-06-30,Dadra and Nagar Haveli and Daman and Diu,150.5,153.2,66.2,80.9,7.5,282.0,972.0
2015-03-31,Mizoram,100.1,109.7,66.8,59.8,4.3,0.0,0.0
2020-04-30,Rajasthan,127.0,127.6,68.8,68.4,1.4,5589.0,1111.0
2017-05-31,Delhi,108.5,114.4,113.6,65.7,4.8,2580.0,818.0
2024-08-31,Manipur,145.2,147.5,89.4,77.9,5.5,2210.0,1790.0
2015-11-30,Lakshadweep,100.9,108.1,65.6,60.2,6.8,0.0,0.0
2023-01-31,Jammu and Kashmir,136.7,148.7,121.0,75.5,4.4,1729.0,3219.0
2023-06-30,Manipur,140.5,140.3,105.7,76.2,4.2,1090.0,1359.0
2016-09-30,Andaman and Nicobar Islands,107.7,112.0,108.2,63.0,5.7,447.0,239.0
2018-03-31,Karnataka,114.3,123.6,93.1,65.9,5.1,10076.0,3625.0
2023-06-30,Andaman and Nicobar Islands,137.8,143.6,138.3,75.2,6.9,53.0,787.0
2018-10-31,Sikkim,115.9,125.6,108.6,64.7,4.3,0.0,0.0
2020-06-30,Uttar Pradesh,125.4,129.5,63.3,71.2,-1.1,9355.0,12465.0
2022-07-31,Nagaland,138.0,140.3,71.0,73.6,6.5,687.0,1007.0
2024-03-31,Tripura,145.9,145.7,70.3,78.6,6.0,46.0,925.0
2021-10-31,Rajasthan,128.1,135.1,94.1,72.7,5.7,5061.0,2551.0
2025-03-31,Telangana,148.0,149.6,34.0,79.8,7.0,6868.0,3023.0
2023-03-31,West Bengal,141.7,145.8,62.7,75.9,5.4,11254.0,7835.0
2017-11-30,Assam,110.7,122.5,113.2,64.0,7.1,6537.0,1754.0
2023-07-31,Madhya Pradesh,139.9,139.6,78.0,76.8,6.8,5237.0,148.0
2025-09-30,Goa,150.3,152.6,56.4,79.2,6.2,1913.0,965.0
2017-01-31,Karnataka,110.9,116.1,67.6,63.8,7.6,1491.0,7584.0
2018-07-31,Tamil Nadu,115.7,124.3,48.9,66.3,5.4,288.0,1547.0
2021-12-31,Himachal Pradesh,127.0,137.3,96.8,72.3,4.2,1854.0,2234.0
2019-03-31,Mizoram,122.4,124.1,105.1,68.6,5.5,0.0,0.0
2025-06-30,Himachal Pradesh,152.6,147.6,117.9,78.7,7.5,256.0,4811.0
2020-09-30,Odisha,128.6,129.0,20.9,69.7,-0.6,5982.0,1638.0
2015-09-30,Jammu and Kashmir,103.2,112.3,53.6,60.4,7.1,1649.0,497.0
2015-02-28,Lakshadweep,102.8,111.0,41.4,58.7,7.3,0.0,0.0
2015-10-31,West Bengal,99.4,109.5,24.3,61.8,5.7,4290.0,7538.0
2024-06-30,West Bengal,145.6,147.4,112.7,76.5,4.8,1419.0,2908.0
2021-04-30,Manipur,132.3,133.4,62.8,70.9,5.4,2579.0,2161.0
2022-01-31,Odisha,131.4,138.3,57.2,73.3,5.6,1574.0,2086.0
2019-01-31,Delhi,119.6,127.1,50.8,67.2,7.7,2903.0,2718.0
2020-10-31,Tamil Nadu,121.6,131.0,20.1,70.5,1.1,135.0,8654.0
2022-06-30,West Bengal,135.6,141.4,123.2,74.1,7.9,6398.0,5184.0
2017-02-28,Bihar,112.5,115.6,34.4,63.1,4.4,4172.0,4409.0
2020-12-31,Dadra and Nagar Haveli and Daman and Diu,125.0,131.9,32.3,72.1,1.8,495.0,211.0
2015-05-31,Jammu and Kashmir,98.9,108.1,20.7,60.8,4.9,579.0,2468.0
2016-03-31,Chhattisgarh,105.6,113.2,63.6,62.3,4.7,3807.0,5687.0
2025-03-31,Delhi,150.8,149.7,66.6,80.7,4.5,1774.0,1413.0
2015-01-31,Lakshadweep,101.0,109.2,91.9,60.4,5.3,0.0,0.0
2015-03-31,Manipur,97.6,107.3,91.5,60.2,6.5,1003.0,2944.0
2018-11-30,Puducherry,115.5,121.1,23.9,66.5,6.7,1428.0,1159.0
2022-11-30,Himachal Pradesh,135.4,138.5,37.9,74.0,5.5,1736.0,2710.0
2016-01-31,Jammu and Kashmir,106.9,113.7,110.5,62.7,4.9,2736.0,2981.0
2024-12-31,Telangana,144.8,148.9,119.0,78.1,8.0,3433.0,3760.0
2019-07-31,Nagaland,123.9,125.8,58.9,67.7,5.1,1639.0,199.0
2020-06-30,Mizoram,125.2,130.0,22.0,71.6,-0.8,0.0,0.0
2022-06-30,Andhra Pradesh,134.0,138.4,55.3,74.1,5.9,7480.0,5504.0
2020-02-29,Karnataka,123.0,129.7,51.5,69.8,-0.5,1549.0,8310.0
2023-06-30,Delhi,139.0,143.0,137.5,75.1,4.6,2327.0,1594.0
2015-08-31,Goa,98.4,109.0,81.6,59.0,5.1,163.0,1689.0
2023-01-31,Andaman and Nicobar Islands,139.7,139.7,27.2,76.0,8.0,168.0,476.0
2024-09-30,Punjab,148.4,145.9,102.1,77.6,7.3,3512.0,1568.0
2020-04-30,Nagaland,122.1,130.8,68.7,69.3,-1.9,111.0,1405.0
2016-09-30,Maharashtra,102.2,114.3,55.9,63.3,4.4,5957.0,1660.0
2024-07-31,Punjab,144.5,144.2,136.0,79.0,7.5,12391.0,11805.0
2022-01-31,Nagaland,132.3,138.3,104.5,73.0,7.1,592.0,1109.0
2016-08-31,Uttarakhand,103.0,115.4,39.0,61.7,6.3,2094.0,745.0
2015-08-31,Nagaland,100.7,110.4,34.5,58.4,5.6,654.0,1055.0
2019-10-31,Mizoram,119.9,124.6,37.6,67.5,7.7,0.0,0.0
2018-10-31,Tripura,115.9,122.2,89.9,65.3,5.2,1088.0,1595.0
2017-07-31,Chhattisgarh,111.2,121.4,79.0,63.8,5.3,5801.0,5782.0
2022-09-30,Goa,137.7,135.9,78.7,73.1,7.5,2702.0,1437.0
2015-09-30,Ladakh,100.8,112.2,46.3,58.2,6.5,396.0,64.0
2016-03-31,Delhi,107.4,109.5,110.7,61.4,7.8,1663.0,1945.0
2022-10-31,Manipur,135.2,136.9,49.6,75.3,6.6,2415.0,1193.0
2017-05-31,Meghalaya,110.8,117.1,48.4,63.4,4.1,2154.0,774.0
2021-08-31,Telangana,130.8,136.2,25.5,73.9,4.7,3893.0,4892.0
2017-12-31,Rajasthan,110.6,121.5,47.5,63.2,5.1,1597.0,3653.0
2021-12-31,Madhya Pradesh,130.4,136.2,112.3,72.1,7.5,5264.0,2217.0
2024-01-31,Andaman and Nicobar Islands,148.6,147.0,46.5,78.3,7.3,512.0,896.0
2024-10-31,Puducherry,146.4,148.1,48.5,77.0,7.2,890.0,356.0
2018-01-31,Chhattisgarh,114.1,119.3,80.0,64.3,6.2,1650.0,5441.0
2022-02-28,Assam,139.7,139.8,92.0,75.1,4.6,2650.0,227.0
2020-11-30,Rajasthan,124.2,127.8,22.6,71.1,0.0,5370.0,118.0
2022-09-30,Himachal Pradesh,135.0,136.5,42.5,75.4,4.5,2196.0,891.0
2021-08-31,Assam,128.3,134.8,31.7,71.2,7.4,5140.0,919.0
2023-06-30,Chandigarh,141.4,139.5,127.3,76.4,4.6,855.0,571.0
2016-02-29,Assam,108.4,116.5,85.4,62.0,7.2,1587.0,6087.0
2024-09-30,Puducherry,142.0,146.0,138.4,77.9,7.4,47.0,961.0
2021-01-31,Mizoram,129.4,131.4,36.6,71.6,4.4,0.0,0.0
2022-07-31,Maharashtra,137.2,141.0,79.3,74.8,7.6,1743.0,2310.0
2022-06-30,Karnataka,132.9,137.5,113.2,76.6,7.6,1609.0,4446.0
2017-05-31,Andhra Pradesh,111.1,117.7,41.4,64.3,6.6,2339.0,3956.0
2019-01-31,Andhra Pradesh,117.4,125.6,88.5,68.2,6.1,1808.0,2342.0
2020-12-31,Manipur,125.8,124.2,40.4,69.3,-1.6,2803.0,43.0
2018-06-30,Arunachal Pradesh,115.2,124.5,63.1,66.7,5.6,1046.0,862.0
2018-06-30,Kerala,121.6,122.1,84.5,63.5,6.4,2249.0,6384.0
2023-09-30,Arunachal Pradesh,141.5,142.3,80.1,75.7,7.9,351.0,1427.0
2017-03-31,Tamil Nadu,105.7,119.4,102.0,64.4,4.5,9011.0,8764.0
2019-10-31,Puducherry,119.9,125.4,113.1,68.2,4.9,1592.0,1431.0
2018-10-31,Mizoram,116.6,119.8,78.9,65.9,6.1,0.0,0.0
2020-06-30,Maharashtra,124.2,128.1,30.0,68.2,-1.7,10086.0,2671.0
2017-01-31,Karnataka,109.1,119.7,97.7,65.5,8.0,7813.0,3298.0
2021-01-31,Punjab,129.2,134.0,37.0,72.2,6.9,1149.0,16209.0
2024-09-30,Gujarat,146.1,148.0,35.4,78.0,5.7,6746.0,6767.0
2025-09-30,Andhra Pradesh,147.5,152.4,86.2,81.3,7.6,4224.0,1895.0
2022-03-31,Manipur,133.9,139.8,101.6,75.2,4.6,3186.0,2271.0
2021-02-28,Puducherry,132.1,136.5,103.5,71.8,5.2,584.0,385.0
2025-05-31,Himachal Pradesh,149.0,148.6,138.6,79.7,7.8,4081.0,974.0
2020-07-31,Andhra Pradesh,123.9,131.2,64.4,70.5,1.0,2350.0,1098.0
2015-06-30,Himachal Pradesh,97.2,109.1,118.9,61.2,7.7,3760.0,3157.0
2025-05-31,Arunachal Pradesh,151.3,147.8,81.1,81.0,7.9,933.0,387.0
2019-10-31,Sikkim,120.9,126.9,51.7,67.0,5.4,0.0,0.0
2020-10-31,Tripura,126.9,131.5,39.6,68.9,-0.6,613.0,791.0
2019-05-31,Maharashtra,119.8,125.3,84.4,67.1,7.4,3058.0,5100.0
2020-06-30,Jammu and Kashmir,125.6,130.1,42.4,70.5,1.7,980.0,1945.0
2019-10-31,Meghalaya,120.6,127.4,83.4,67.6,5.8,2326.0,699.0
2021-10-31,Odisha,127.2,132.8,108.7,72.5,4.6,3081.0,2771.0
2022-03-31,Dadra and Nagar Haveli and Daman and Diu,139.7,139.6,43.9,72.7,6.6,238.0,1168.0
2015-02-28,Arunachal Pradesh,102.0,108.2,32.0,59.2,4.0,1216.0,1413.0
2018-01-31,Lakshadweep,115.2,122.8,69.9,66.5,5.8,0.0,0.0
2023-07-31,Ladakh,139.6,139.6,141.8,74.5,7.7,394.0,229.0
2016-12-31,Karnataka,107.6,116.7,25.9,63.8,7.6,3499.0,2819.0
2024-04-30,Haryana,145.2,147.4,142.4,79.1,7.2,1462.0,6898.0
2020-05-31,Chhattisgarh,126.8,134.0,70.1,71.4,0.9,4497.0,3618.0
2025-09-30,Puducherry,148.8,148.1,59.1,80.8,6.1,838.0,1426.0
2024-09-30,Lakshadweep,143.2,147.3,130.9,76.1,6.9,0.0,0.0
2024-08-31,Goa,144.7,146.0,24.9,79.1,4.4,505.0,2078.0
2023-09-30,Haryana,140.0,139.1,78.5,76.7,4.6,1015.0,1611.0
2015-03-31,Puducherry,100.8,110.2,60.2,59.7,4.2,382.0,1500.0
2018-10-31,Bihar,117.9,123.1,110.3,65.5,5.3,5656.0,89.0
2019-07-31,Ladakh,122.2,129.9,67.2,68.8,7.5,372.0,360.0
2021-03-31,Tripura,132.6,133.0,61.8,70.4,6.0,782.0,322.0
2018-09-30,Uttar Pradesh,113.5,122.9,84.0,66.9,7.4,6988.0,10426.0
2021-05-31,Delhi,129.4,134.6,57.6,71.4,4.3,1158.0,3185.0
2016-12-31,Himachal Pradesh,106.9,113.7,73.7,62.2,4.2,4872.0,74.0
2017-11-30,Haryana,112.4,117.8,115.6,64.2,7.2,8260.0,4423.0
2016-12-31,Mizoram,106.5,115.5,40.3,60.6,6.0,0.0,0.0
2017-04-30,Manipur,108.9,117.8,65.9,62.4,5.9,2520.0,180.0
2016-04-30,Madhya Pradesh,102.9,113.5,21.5,62.2,5.9,1307.0,718.0
2019-11-30,Assam,120.5,125.0,104.2,67.9,5.5,4277.0,2062.0
2016-03-31,Kerala,103.2,111.0,29.2,62.3,7.5,5394.0,6575.0
2015-11-30,Andaman and Nicobar Islands,100.9,111.9,29.5,59.0,6.1,314.0,314.0
2021-07-31,Andhra Pradesh,132.5,133.0,108.3,72.9,7.9,8083.0,3818.0
2024-07-31,Lakshadweep,145.4,148.5,73.1,79.2,7.4,0.0,0.0
2020-08-31,Punjab,122.4,132.5,53.2,69.7,-0.8,870.0,4240.0
2018-07-31,Haryana,114.0,126.8,105.8,64.8,6.5,1651.0,11099.0
2020-09-30,Dadra and Nagar Haveli and Daman and Diu,126.7,130.9,34.5,69.4,0.7,264.0,374.0
2021-03-31,Dadra and Nagar Haveli and Daman and Diu,130.9,135.1,46.2,72.3,7.5,105.0,594.0
2023-07-31,Tripura,141.1,143.2,44.3,76.4,4.5,1777.0,120.0
2018-05-31,Haryana,118.5,122.5,80.7,68.0,5.4,5118.0,8573.0
2019-11-30,Chandigarh,120.7,128.4,45.2,68.8,7.2,897.0,690.0
2018-03-31,Chandigarh,115.6,121.8,83.4,65.7,4.9,680.0,251.0
2015-03-31,Uttarakhand,101.7,111.1,51.7,60.5,6.3,5813.0,1210.0
2015-07-31,Jammu and Kashmir,97.7,109.8,54.8,60.3,7.1,557.0,1533.0
2019-01-31,Madhya Pradesh,119.1,123.4,44.9,68.0,4.9,6513.0,805.0
2017-02-28,Rajasthan,108.5,119.5,61.8,65.7,5.6,1515.0,5131.0
2023-05-31,Himachal Pradesh,141.3,136.5,43.5,75.4,7.7,133.0,3631.0
2021-07-31,Telangana,128.2,135.1,52.0,72.6,5.4,522.0,2988.0
2015-02-28,Delhi,101.1,112.2,97.8,60.6,6.4,1462.0,2264.0
2025-07-31,Andhra Pradesh,149.6,151.2,49.9,81.8,5.7,3567.0,1018.0
2016-08-31,Haryana,104.3,112.4,114.7,59.9,7.5,1616.0,5113.0
2024-09-30,Assam,146.8,149.1,83.2,79.2,5.7,3665.0,5990.0
2017-08-31,Maharashtra,107.3,121.6,30.7,62.9,5.4,5964.0,7531.0
2017-04-30,Maharashtra,109.0,119.3,114.3,62.5,4.7,2897.0,15115.0
2021-05-31,Delhi,135.9,137.7,65.7,71.1,5.4,482.0,1858.0
2015-01-31,Bihar,103.7,114.2,75.7,58.5,6.7,10415.0,5135.0
2019-08-31,Tripura,116.4,124.7,38.5,69.2,4.7,2240.0,1457.0
2017-11-30,Madhya Pradesh,109.0,116.2,53.3,65.6,6.8,6135.0,5136.0
2024-04-30,Tripura,145.1,147.5,108.4,77.3,4.0,2070.0,407.0
2017-06-30,Himachal Pradesh,107.2,111.7,32.4,63.8,5.5,1455.0,605.0
2019-06-30,Jammu and Kashmir,124.0,125.6,77.0,69.1,5.9,2192.0,1752.0
2017-12-31,Andaman and Nicobar Islands,110.1,116.7,89.4,65.7,4.4,430.0,283.0
2021-08-31,Maharashtra,129.6,133.6,20.2,72.2,6.7,8786.0,4568.0
2019-10-31,Puducherry,120.8,123.5,103.8,67.6,4.4,464.0,437.0
2021-11-30,Tripura,130.7,133.7,25.6,70.6,4.4,831.0,2238.0
2020-05-31,West Bengal,123.3,131.2,26.8,68.8,1.5,4436.0,2950.0
2020-09-30,Chandigarh,127.6,133.5,69.8,71.6,-0.3,711.0,716.0
2025-08-31,Arunachal Pradesh,150.3,150.9,33.7,78.8,7.9,1126.0,1366.0
2019-03-31,Rajasthan,122.6,122.5,102.6,68.4,7.1,6986.0,5853.0
2016-10-31,Puducherry,103.8,114.1,85.2,61.8,5.9,769.0,1563.0
2023-11-30,Odisha,136.4,144.8,95.8,75.7,5.1,2660.0,6412.0
2024-01-31,Dadra and Nagar Haveli and Daman and Diu,147.9,145.6,93.8,76.4,5.2,250.0,717.0
2024-08-31,Uttar Pradesh,146.5,147.4,44.0,77.8,5.1,10293.0,8972.0
2023-05-31,Kerala,142.3,144.4,104.3,77.6,5.1,6230.0,4098.0
2023-04-30,Chandigarh,142.5,142.3,138.2,76.0,4.3,1056.0,368.0
2020-08-31,Uttar Pradesh,125.0,130.7,16.6,70.6,0.2,11241.0,459.0
2017-12-31,Dadra and Nagar Haveli and Daman and Diu,109.3,119.2,53.2,62.5,4.4,600.0,623.0
2016-10-31,Manipur,104.8,113.2,67.2,61.9,4.0,652.0,1871.0
2020-06-30,Jharkhand,126.1,129.6,25.9,69.8,-1.1,1152.0,2479.0
2016-09-30,Ladakh,105.6,112.2,94.1,61.9,5.4,360.0,158.0
2023-04-30,Uttar Pradesh,136.3,141.0,106.6,76.4,7.7,14542.0,1740.0
2025-08-31,Himachal Pradesh,149.8,151.6,38.1,80.2,8.0,473.0,736.0
2018-08-31,Mizoram,117.8,123.1,76.9,65.0,6.3,0.0,0.0
2023-07-31,Goa,140.0,139.7,68.3,75.3,7.6,402.0,538.0
2018-11-30,Sikkim,119.4,120.1,42.8,66.0,6.5,0.0,0.0
2018-03-31,Meghalaya,113.1,120.8,104.8,68.1,6.0,1773.0,2604.0
2017-05-31,Sikkim,110.7,115.2,25.5,63.2,4.2,0.0,0.0
2019-06-30,Bihar,118.0,126.5,66.7,67.5,4.2,3461.0,7740.0
2022-06-30,Bihar,133.3,136.7,81.0,73.7,4.1,8145.0,7136.0
2022-01-31,Himachal Pradesh,133.3,139.0,92.4,74.3,4.6,2222.0,3357.0
2016-05-31,Maharashtra,109.4,116.0,39.8,63.0,4.3,2051.0,3601.0
2021-08-31,Uttar Pradesh,129.5,130.7,107.1,72.4,4.8,3062.0,935.0
2021-01-31,Assam,128.6,132.8,116.5,71.0,6.1,8268.0,3798.0
2019-01-31,Lakshadweep,120.0,122.9,74.9,68.6,6.0,0.0,0.0
2023-05-31,Karnataka,139.6,138.3,54.7,77.5,5.4,9291.0,9729.0
2015-02-28,Assam,101.6,111.1,107.7,60.0,6.7,43.0,320.0
2019-11-30,Madhya Pradesh,115.9,126.4,118.8,67.7,5.6,6631.0,4095.0
2023-01-31,Madhya Pradesh,138.1,140.9,113.0,77.8,4.9,2504.0,1637.0
2023-03-31,Telangana,141.7,140.1,64.0,74.7,6.8,8833.0,2091.0
2023-07-31,Punjab,139.0,139.8,52.3,76.1,7.9,11391.0,8401.0
2015-02-28,Jharkhand,98.5,110.4,35.7,60.4,7.2,4647.0,3079.0
2018-05-31,Tamil Nadu,113.4,121.5,43.5,66.3,5.7,437.0,6712.0
2025-03-31,Delhi,151.4,148.2,51.3,80.6,5.5,2570.0,11.0
2021-10-31,Jammu and Kashmir,131.4,134.8,116.7,70.8,4.2,86.0,3000.0
2017-05-31,Maharashtra,111.9,118.6,84.3,63.7,6.6,9729.0,11307.0
2016-02-29,Meghalaya,102.7,112.1,36.7,61.6,4.9,93.0,1410.0
2015-12-31,Chandigarh,97.6,109.1,68.8,58.9,6.7,747.0,92.0
2023-03-31,Odisha,142.3,143.7,46.2,74.6,7.0,2034.0,5496.0
2021-09-30,Delhi,130.4,135.5,80.6,73.3,7.5,2144.0,789.0
2023-10-31,Arunachal Pradesh,138.8,140.7,65.0,76.2,6.2,1369.0,15.0
2017-08-31,Haryana,109.7,121.3,39.6,63.1,7.3,2107.0,3361.0
2021-02-28,Punjab,127.5,133.6,44.3,71.1,6.9,12479.0,10194.0
2021-09-30,Assam,128.9,135.6,87.5,72.0,5.4,1692.0,3722.0
2020-09-30,Rajasthan,125.3,127.9,36.5,70.9,-0.4,4983.0,2629.0
2018-09-30,Andhra Pradesh,115.7,121.7,71.3,65.1,5.0,6682.0,3317.0
2023-10-31,Rajasthan,139.8,140.2,122.6,76.6,7.4,4124.0,5018.0
2023-04-30,Haryana,139.6,138.7,102.7,77.4,6.1,9308.0,6343.0
2015-09-30,Arunachal Pradesh,101.5,109.9,66.2,60.5,6.7,1207.0,1530.0
2020-02-29,Tamil Nadu,124.8,129.3,69.2,69.2,0.3,880.0,6664.0
2017-05-31,Karnataka,109.1,120.1,41.5,63.9,6.7,2202.0,3316.0
2025-05-31,Meghalaya,148.5,148.8,58.7,79.7,7.4,2099.0,3167.0
2024-06-30,Himachal Pradesh,141.5,146.5,133.4,77.5,4.3,4265.0,1288.0
2024-12-31,Lakshadweep,146.3,145.2,126.4,78.0,7.6,0.0,0.0
2021-07-31,Ladakh,132.9,132.1,33.0,71.5,7.3,240.0,207.0
2022-09-30,Tamil Nadu,133.3,139.6,135.6,73.1,7.6,4182.0,5207.0
2015-04-30,Chandigarh,97.5,108.8,21.0,60.5,6.9,466.0,201.0
2021-10-31,Jharkhand,128.8,133.1,102.2,72.9,5.1,1286.0,317.0
2021-03-31,Dadra and Nagar Haveli and Daman and Diu,130.6,131.6,47.9,73.0,4.5,67.0,1041.0
2016-02-29,Uttar Pradesh,104.0,110.6,38.9,61.0,4.5,2206.0,1213.0
2024-06-30,Chandigarh,144.0,146.9,77.8,79.0,6.0,826.0,954.0
2020-02-29,Arunachal Pradesh,124.8,129.8,65.8,71.6,0.5,483.0,1777.0
2023-10-31,Andaman and Nicobar Islands,140.2,143.8,118.3,75.0,6.6,134.0,563.0
2020-04-30,Lakshadweep,125.7,131.0,70.0,69.1,0.9,0.0,0.0
2023-06-30,Rajasthan,139.4,139.5,88.9,74.7,4.5,6174.0,847.0
2023-10-31,Uttarakhand,139.4,142.0,85.3,74.9,4.0,1970.0,2488.0
2016-08-31,Telangana,101.2,113.9,21.3,63.4,4.5,5648.0,1062.0
2019-10-31,Puducherry,121.9,128.0,38.1,67.1,4.6,885.0,752.0
2024-04-30,Tamil Nadu,145.5,148.5,83.7,78.7,6.9,5374.0,4637.0
2019-09-30,Maharashtra,123.0,122.5,95.3,66.5,5.1,10368.0,1769.0
2024-11-30,Chhattisgarh,146.0,148.2,122.7,76.6,4.4,4744.0,2375.0
2023-01-31,Himachal Pradesh,139.9,143.9,58.0,75.2,7.0,3570.0,5436.0
2022-08-31,Haryana,132.0,136.4,109.5,74.6,7.8,5530.0,9543.0
2019-04-30,Gujarat,116.7,125.9,102.9,67.8,4.4,1069.0,7808.0
2018-01-31,Chandigarh,117.1,117.8,57.5,65.9,7.9,420.0,769.0
2015-08-31,Kerala,101.1,109.9,89.6,59.2,7.8,244.0,2961.0
2018-08-31,Punjab,117.9,119.9,63.7,65.5,6.1,6134.0,10476.0
2023-02-28,Andaman and Nicobar Islands,141.9,143.0,142.3,74.9,5.2,451.0,376.0
2024-10-31,Kerala,144.3,146.8,24.8,78.7,4.6,2574.0,2896.0
2020-09-30,Punjab,120.4,129.8,36.9,70.3,1.8,3054.0,543.0
2018-09-30,Sikkim,116.2,122.4,46.4,65.7,6.4,0.0,0.0
2017-08-31,Tamil Nadu,108.0,116.4,105.0,63.7,6.6,8962.0,6028.0
2017-09-30,Uttar Pradesh,109.6,115.7,48.7,64.3,7.4,10595.0,5404.0
2025-06-30,West Bengal,150.8,154.2,89.3,80.9,5.8,3841.0,10932.0
2020-07-31,Himachal Pradesh,123.7,132.0,56.4,69.4,1.4,763.0,975.0
2017-06-30,Chhattisgarh,108.3,118.3,69.7,64.7,7.0,4677.0,1787.0
2024-06-30,Arunachal Pradesh,144.4,145.6,73.2,77.4,5.2,862.0,1864.0
2017-05-31,West Bengal,105.9,122.8,24.3,63.8,5.3,3216.0,6179.0
2017-06-30,Madhya Pradesh,107.9,121.3,22.3,63.8,5.5,5893.0,575.0
2020-02-29,Manipur,122.9,129.4,69.4,71.1,1.4,254.0,2625.0
2015-03-31,Maharashtra,99.5,108.1,84.3,59.5,7.1,14353.0,9233.0
2020-08-31,Maharashtra,123.1,130.1,61.5,67.9,0.2,410.0,4856.0
2017-01-31,Assam,109.0,117.2,68.0,63.0,4.6,6340.0,5560.0
2018-08-31,Jharkhand,114.1,120.1,46.2,67.9,5.6,983.0,264.0
2019-07-31,Goa,124.3,128.7,49.5,66.3,6.5,3202.0,813.0
2018-05-31,Punjab,116.5,123.0,24.3,64.1,6.7,16430.0,1904.0
2020-04-30,Jammu and Kashmir,124.8,129.2,59.5,70.8,-1.4,537.0,3135.0
2017-07-31,Punjab,110.9,117.2,78.2,64.7,5.0,3647.0,13154.0
2018-11-30,Assam,116.8,122.0,68.1,65.6,7.7,1707.0,4490.0
2022-12-31,Bihar,135.6,137.0,126.3,74.5,5.5,4064.0,903.0
2021-05-31,Karnataka,127.9,132.9,64.5,71.6,5.3,8567.0,9564.0
2024-02-29,Dadra and Nagar Haveli and Daman and Diu,144.7,150.1,137.8,77.0,6.8,970.0,575.0
2020-09-30,Andaman and Nicobar Islands,123.0,128.2,12.8,71.7,0.5,781.0,640.0
2019-10-31,Punjab,119.3,121.6,118.5,67.3,5.0,5458.0,1233.0
2023-10-31,Telangana,139.7,143.3,121.9,74.7,5.6,1893.0,5746.0
2018-08-31,Tamil Nadu,117.1,124.2,55.5,64.3,4.6,8000.0,6025.0
2021-02-28,Sikkim,128.4,134.3,79.5,73.3,5.1,0.0,0.0
2019-08-31,Sikkim,118.3,122.8,106.5,68.2,5.7,0.0,0.0
2025-07-31,Punjab,148.6,149.7,81.8,80.8,6.1,9799.0,2202.0
2017-06-30,Gujarat,108.8,117.0,25.1,65.9,7.0,251.0,917.0
2020-11-30,Telangana,124.4,132.7,66.2,69.5,-0.4,5393.0,6875.0
2024-10-31,Tripura,145.7,144.3,86.0,80.1,6.2,1008.0,838.0
2019-07-31,Maharashtra,118.4,126.5,74.5,67.9,7.8,234.0,712.0
2020-07-31,Andaman and Nicobar Islands,125.2,131.2,12.8,70.1,-1.9,679.0,81.0
2015-03-31,Assam,100.3,108.3,30.0,61.4,4.9,7952.0,7498.0
2017-02-28,Andaman and Nicobar Islands,111.1,116.8,97.7,64.0,4.9,961.0,805.0
2019-09-30,Meghalaya,119.6,126.9,63.5,68.8,6.7,50.0,1064.0
2025-06-30,Rajasthan,151.7,143.6,143.8,79.5,6.4,1100.0,2367.0
2019-05-31,Sikkim,120.7,128.7,89.6,68.4,6.2,0.0,0.0
2018-07-31,Rajasthan,115.6,120.0,115.0,67.4,4.6,1463.0,2109.0
2019-01-31,Sikkim,118.9,126.1,47.9,68.6,5.5,0.0,0.0
2018-06-30,Himachal Pradesh,115.5,119.3,37.6,65.6,7.0,4646.0,3269.0
2015-11-30,Tamil Nadu,100.7,112.6,57.7,60.1,6.9,8166.0,7117.0
2023-07-31,Himachal Pradesh,138.8,142.0,55.8,75.6,4.7,3819.0,4212.0
2023-02-28,Lakshadweep,142.4,142.4,97.6,75.9,5.7,0.0,0.0
2022-01-31,Ladakh,140.2,139.1,113.3,75.5,5.8,531.0,224.0
2023-04-30,Ladakh,138.7,144.2,72.3,76.1,6.0,113.0,136.0
2023-08-31,Chhattisgarh,139.1,139.8,34.8,76.9,5.8,2654.0,1465.0
2018-10-31,Uttar Pradesh,114.1,121.5,22.6,66.5,6.0,1576.0,4921.0
2018-08-31,Bihar,112.4,124.5,41.8,67.3,7.3,4806.0,8003.0
2016-10-31,Telangana,103.2,113.1,93.2,61.0,5.6,4618.0,5759.0
2024-06-30,Maharashtra,146.7,148.7,50.6,78.2,6.2,8869.0,5001.0
2025-05-31,Uttarakhand,149.8,150.4,133.3,81.9,6.4,1040.0,1552.0
2025-04-30,Kerala,153.8,149.2,102.2,79.3,7.8,8227.0,1461.0
2017-06-30,Nagaland,109.4,119.4,106.2,66.2,6.6,195.0,1706.0
2015-08-31,Himachal Pradesh,100.8,109.7,58.6,59.2,4.5,2266.0,2821.0
2023-02-28,Arunachal Pradesh,138.2,143.7,142.0,75.7,6.3,1938.0,798.0
2019-09-30,Lakshadweep,119.8,125.0,87.9,68.8,6.6,0.0,0.0
2024-03-31,Madhya Pradesh,145.2,147.7,66.8,78.2,4.0,238.0,6915.0
2021-01-31,Telangana,125.8,134.9,41.3,70.0,4.3,3408.0,2059.0
2024-07-31,Arunachal Pradesh,143.4,145.3,128.0,78.4,4.1,1730.0,1385.0
2016-08-31,Odisha,106.3,110.4,51.8,62.1,4.2,182.0,5654.0
2017-01-31,Nagaland,111.2,119.0,24.4,63.5,4.4,1871.0,784.0
2016-07-31,Arunachal Pradesh,102.5,116.2,47.9,61.7,7.8,588.0,763.0
2015-05-31,Uttar Pradesh,99.3,110.4,37.9,57.9,4.8,7693.0,6280.0
2021-03-31,Telangana,125.3,129.5,52.0,71.5,4.8,5467.0,10504.0
2025-08-31,Uttarakhand,150.0,152.3,97.6,80.7,7.4,133.0,4062.0
2020-12-31,Andaman and Nicobar Islands,127.5,130.8,42.0,70.2,-1.2,849.0,797.0
2018-04-30,Haryana,117.6,123.2,91.1,67.0,6.7,7396.0,1233.0
2017-02-28,Dadra and Nagar Haveli and Daman and Diu,112.5,117.8,53.4,65.9,5.7,726.0,1049.0
2017-03-31,Puducherry,111.1,114.1,32.0,63.2,4.1,1020.0,166.0
2021-11-30,Maharashtra,132.3,135.2,36.0,71.1,7.3,63.0,1397.0
2025-08-31,Bihar,149.6,149.6,119.7,81.0,7.4,5010.0,8193.0
2017-09-30,Andaman and Nicobar Islands,109.0,116.5,29.8,63.8,5.9,570.0,126.0
2023-01-31,Delhi,142.3,145.5,119.8,75.8,6.6,2847.0,2179.0
2024-03-31,Rajasthan,145.6,147.2,49.5,80.7,5.9,2533.0,4214.0
2016-04-30,Andhra Pradesh,101.4,114.4,87.8,63.2,5.2,5674.0,12265.0
2016-11-30,Uttarakhand,107.4,112.3,82.3,62.2,6.2,4290.0,557.0
2017-02-28,Arunachal Pradesh,109.6,116.0,29.8,64.5,6.8,346.0,193.0
2022-12-31,Jharkhand,133.7,139.0,103.9,74.2,4.6,2280.0,5826.0
2015-12-31,Jharkhand,102.0,106.0,64.8,58.7,6.1,5924.0,3576.0
2020-12-31,Chandigarh,126.7,131.1,54.4,70.4,1.0,464.0,302.0
2023-10-31,Andhra Pradesh,138.1,143.2,124.3,75.9,5.9,5.0,2608.0
2024-09-30,Dadra and Nagar Haveli and Daman and Diu,144.7,148.8,28.7,77.3,4.6,117.0,2.0
2017-02-28,Jammu and Kashmir,108.2,120.0,84.8,63.6,7.5,4205.0,396.0
2016-10-31,Andaman and Nicobar Islands,103.2,116.3,30.5,60.8,6.7,586.0,764.0
2016-01-31,Madhya Pradesh,99.0,112.8,57.9,60.5,6.5,1118.0,2116.0
2023-11-30,Himachal Pradesh,138.0,139.1,25.5,75.3,6.6,1058.0,388.0
2016-11-30,Karnataka,104.7,114.4,52.9,61.2,5.0,9006.0,8406.0
2023-01-31,Telangana,134.3,142.9,44.3,77.9,6.0,3770.0,7618.0
2016-06-30,Tripura,102.3,116.0,75.6,63.4,5.3,1528.0,2037.0
2024-09-30,Madhya Pradesh,146.2,149.0,85.5,77.5,7.3,4411.0,4962.0
2017-06-30,Maharashtra,107.2,115.7,99.3,64.5,6.4,11689.0,10258.0
2017-02-28,Assam,109.7,119.7,84.0,64.0,6.9,6631.0,5838.0
2018-03-31,Goa,111.7,117.5,91.5,65.5,6.6,1004.0,1359.0
2024-05-31,Madhya Pradesh,145.8,146.6,35.1,77.1,5.9,663.0,2268.0
2018-10-31,Andhra Pradesh,114.3,123.4,22.8,65.7,7.2,5397.0,9462.0
2019-02-28,Andaman and Nicobar Islands,118.2,122.9,117.0,67.5,6.5,149.0,519.0
2023-10-31,Maharashtra,134.7,143.2,75.2,75.8,4.9,8070.0,8530.0
2020-12-31,Kerala,123.2,127.9,35.7,72.1,0.5,1528.0,1426.0
2021-02-28,Uttar Pradesh,131.3,133.2,23.5,71.9,7.3,10747.0,16085.0
2016-05-31,Tamil Nadu,108.1,115.7,31.9,60.8,7.8,9733.0,4651.0
2020-10-31,Assam,124.6,129.4,68.4,69.8,1.9,4355.0,1686.0
2015-06-30,Maharashtra,99.8,109.3,89.5,61.2,5.5,6133.0,6961.0
2017-02-28,Puducherry,108.6,118.6,60.9,66.0,6.5,1496.0,939.0
2023-03-31,Tamil Nadu,142.5,143.6,132.5,74.6,5.9,423.0,12250.0
2016-10-31,Jharkhand,104.5,114.0,79.0,62.0,7.4,4744.0,3408.0
2019-03-31,Bihar,121.8,129.2,94.6,68.4,7.3,3196.0,7137.0
2023-08-31,Jharkhand,140.5,141.3,75.8,77.0,5.8,1370.0,3467.0
2022-05-31,Telangana,135.2,140.5,75.8,73.8,7.2,3567.0,5519.0
2015-09-30,Puducherry,98.0,111.1,26.8,60.0,4.8,94.0,1594.0
2021-07-31,Telangana,133.6,135.3,93.4,71.6,5.5,5363.0,7614.0
2019-04-30,Tripura,122.9,123.7,29.9,66.7,4.3,2621.0,1978.0
2016-01-31,Manipur,109.5,116.4,96.4,62.9,7.2,2430.0,1549.0
2019-03-31,Kerala,117.8,126.2,39.1,67.0,7.9,9209.0,7434.0
2017-10-31,Andhra Pradesh,110.5,122.6,44.7,62.4,6.3,1201.0,9432.0
2017-11-30,Himachal Pradesh,108.4,118.5,111.8,63.5,7.1,2591.0,2027.0
2024-12-31,Maharashtra,145.9,146.0,80.6,76.3,5.6,10298.0,2973.0
2020-10-31,Dadra and Nagar Haveli and Daman and Diu,125.6,129.0,19.5,69.6,1.7,792.0,138.0
2020-07-31,Telangana,124.2,130.0,66.3,69.5,0.4,2395.0,7201.0
2023-07-31,Jharkhand,139.5,144.8,78.3,75.9,6.8,3285.0,4614.0
2021-01-31,Nagaland,134.2,135.6,33.1,71.5,5.0,439.0,1768.0
2024-08-31,Assam,144.7,146.6,70.9,78.1,4.6,1180.0,4916.0
2020-07-31,Kerala,120.6,131.7,47.4,71.9,-1.4,1113.0,2469.0
2025-01-31,Jammu and Kashmir,148.9,149.1,67.5,77.5,7.5,2095.0,4043.0
2022-10-31,Tamil Nadu,132.8,137.0,134.9,75.5,7.3,6655.0,2563.0
2025-09-30,Sikkim,148.2,148.7,56.4,78.6,7.3,0.0,0.0
2022-07-31,Karnataka,136.4,140.0,45.1,74.5,6.9,9305.0,1729.0
2022-08-31,Tamil Nadu,136.8,140.2,50.5,75.3,7.5,8328.0,7529.0
2020-03-31,Kerala,123.3,128.4,17.0,69.8,-0.7,1235.0,2622.0
2017-05-31,Andaman and Nicobar Islands,108.9,116.6,65.2,64.2,7.5,781.0,778.0
2015-12-31,Tripura,98.6,109.7,107.8,60.7,7.7,701.0,1901.0
2021-05-31,Telangana,133.0,132.0,50.5,73.0,6.9,6806.0,713.0
2018-05-31,Bihar,116.8,122.5,45.8,64.8,6.4,4190.0,9968.0
2018-01-31,Andaman and Nicobar Islands,116.4,124.9,103.7,66.4,4.9,991.0,728.0
2016-12-31,Assam,102.9,114.7,50.6,61.9,7.5,5222.0,6843.0
2023-03-31,Dadra and Nagar Haveli and Daman and Diu,136.6,144.1,81.2,76.5,6.3,411.0,60.0
2023-04-30,Tripura,142.5,139.4,27.7,76.5,6.4,2979.0,1099.0
2019-10-31,Tamil Nadu,123.8,125.0,48.7,67.9,6.4,6119.0,4440.0
2017-05-31,Sikkim,106.5,114.2,33.1,64.0,7.5,0.0,0.0
2019-12-31,Andaman and Nicobar Islands,124.5,125.9,30.6,68.5,4.5,263.0,8.0
2022-11-30,Ladakh,134.8,142.4,75.8,73.6,4.2,236.0,254.0
2018-06-30,Madhya Pradesh,115.3,125.5,47.7,66.8,4.9,2448.0,2354.0
2018-07-31,Assam,112.4,122.8,36.6,65.3,6.0,3218.0,4448.0
2021-02-28,Sikkim,126.5,134.2,71.1,74.0,5.9,0.0,0.0
2020-04-30,Ladakh,120.5,131.0,59.0,70.5,-1.1,548.0,572.0
2015-02-28,Jharkhand,102.1,107.6,93.5,60.3,4.5,4282.0,3946.0
2020-06-30,Himachal Pradesh,124.8,130.5,27.0,69.4,-0.1,301.0,1116.0
2017-07-31,Odisha,110.9,113.7,46.3,63.9,5.2,8085.0,6043.0
2024-07-31,Haryana,147.3,140.9,111.8,78.4,7.7,8417.0,7140.0
2017-02-28,Delhi,109.8,117.3,75.7,65.2,7.4,2403.0,2396.0
2017-05-31,Punjab,113.4,122.7,94.2,62.9,4.3,3655.0,12949.0
2021-06-30,Chandigarh,128.3,137.3,20.1,70.7,4.2,465.0,702.0
2017-01-31,Jammu and Kashmir,109.2,120.3,28.7,63.5,6.5,1529.0,2541.0
2018-12-31,Dadra and Nagar Haveli and Daman and Diu,113.2,122.0,100.2,65.6,4.3,735.0,612.0
2020-05-31,Odisha,126.7,133.1,63.1,69.6,1.2,6270.0,1834.0
2020-07-31,Maharashtra,127.2,129.0,32.6,70.5,1.3,5919.0,3210.0
2022-06-30,Jharkhand,134.1,135.6,139.0,74.2,5.9,2221.0,4811.0
2018-02-28,Assam,112.2,120.9,50.2,65.8,5.7,447.0,2416.0
2022-03-31,Puducherry,137.5,134.8,130.8,75.4,6.4,1894.0,2031.0
2020-05-31,West Bengal,123.2,134.5,37.3,72.3,-1.3,2577.0,2000.0
2017-03-31,Odisha,109.2,119.1,76.2,64.5,4.6,8632.0,7747.0
2023-10-31,Uttar Pradesh,137.9,140.3,101.2,76.4,7.4,6985.0,5680.0
2025-03-31,Bihar,150.6,149.8,40.0,80.1,5.2,10503.0,3352.0
2018-08-31,Kerala,113.5,121.8,23.7,64.9,4.3,4283.0,6151.0
2023-04-30,Uttar Pradesh,141.4,144.9,75.2,77.0,6.0,3026.0,3400.0
2017-04-30,Gujarat,108.9,122.5,36.0,63.8,7.5,1672.0,3759.0
2016-05-31,Assam,106.1,116.2,74.9,61.9,5.1,5006.0,2898.0
2025-07-31,Uttar Pradesh,148.2,151.5,78.4,80.1,5.8,7551.0,6521.0
2025-03-31,Arunachal Pradesh,152.5,150.6,38.7,78.8,5.6,1274.0,2285.0
2021-04-30,Kerala,129.0,134.2,86.6,73.3,4.2,1943.0,6295.0
2018-10-31,Lakshadweep,115.2,122.2,22.0,66.8,7.5,0.0,0.0
2020-09-30,Karnataka,122.6,130.2,19.6,69.2,0.2,5264.0,6656.0
2022-01-31,Lakshadweep,135.0,137.6,108.0,73.0,4.4,0.0,0.0
2015-11-30,Manipur,97.7,109.1,72.8,59.2,4.5,1985.0,481.0
2020-09-30,Goa,124.9,127.9,28.9,69.2,0.7,2960.0,2319.0
2023-03-31,Uttar Pradesh,138.1,141.5,45.6,74.9,7.9,1742.0,15496.0
2022-07-31,Haryana,134.7,135.4,101.1,74.3,5.7,2403.0,7388.0
2022-10-31,Haryana,135.9,136.9,48.7,74.3,7.7,3624.0,6665.0
2024-07-31,Haryana,142.3,145.8,142.2,76.8,5.7,11191.0,11222.0
2017-07-31,Mizoram,109.9,118.5,106.9,66.0,4.4,0.0,0.0
2015-11-30,Odisha,100.8,110.5,33.2,59.0,5.4,4112.0,7034.0
2022-03-31,Assam,135.8,139.0,127.1,72.0,5.7,4484.0,2000.0
2025-01-31,Himachal Pradesh,153.8,150.8,65.4,80.6,4.7,4939.0,2528.0
2023-09-30,Delhi,138.5,145.6,82.8,76.0,4.2,1442.0,1504.0
2017-03-31,Lakshadweep,110.0,121.3,34.3,63.6,5.3,0.0,0.0
2015-02-28,Lakshadweep,103.5,109.2,31.9,60.1,6.2,0.0,0.0
2023-07-31,Goa,137.3,143.8,127.9,76.0,5.0,2438.0,3560.0
2023-05-31,Andaman and Nicobar Islands,135.4,141.6,99.6,76.7,7.8,804.0,245.0
2016-09-30,Mizoram,106.1,110.7,66.0,61.8,5.9,0.0,0.0
2019-10-31,Odisha,122.1,127.3,23.6,67.5,4.5,6414.0,6294.0
2022-01-31,Dadra and Nagar Haveli and Daman and Diu,130.8,136.9,134.6,74.2,5.7,1005.0,726.0
2022-09-30,Odisha,134.4,136.6,69.1,74.8,6.8,1936.0,6456.0
2016-08-31,Tamil Nadu,103.0,112.8,61.7,61.9,5.9,2480.0,3493.0
2020-01-31,Jammu and Kashmir,125.6,128.5,29.4,70.0,-0.4,96.0,2543.0
2018-02-28,Maharashtra,114.9,125.7,109.1,67.3,4.4,6643.0,9882.0
2017-01-31,Andhra Pradesh,112.6,115.6,54.5,64.0,5.8,12777.0,756.0
2025-01-31,Delhi,147.3,149.7,44.9,78.5,4.4,302.0,1862.0
2017-02-28,Ladakh,110.8,114.6,70.1,64.1,5.5,585.0,169.0
2020-07-31,Andhra Pradesh,126.2,128.5,58.9,70.0,1.6,5794.0,2200.0
2015-01-31,Punjab,100.1,107.4,57.1,60.3,6.7,8741.0,3026.0
2019-03-31,Sikkim,116.0,127.0,85.2,68.2,7.1,0.0,0.0
2015-05-31,Jammu and Kashmir,100.8,107.0,50.4,60.0,5.0,4134.0,2902.0
2016-01-31,Assam,103.5,116.9,92.0,62.3,4.3,3271.0,5620.0
2018-12-31,Kerala,111.5,119.4,86.9,64.8,5.4,1596.0,5100.0
2019-09-30,Madhya Pradesh,120.7,123.9,88.1,70.3,6.2,5890.0,5996.0
2024-07-31,Kerala,146.5,147.3,101.5,78.1,7.1,4223.0,6333.0
2017-11-30,Arunachal Pradesh,108.8,121.8,35.6,62.9,5.6,697.0,1594.0
2021-04-30,Punjab,131.7,133.1,108.8,70.5,5.5,5881.0,12374.0
2022-10-31,Andhra Pradesh,136.7,139.2,94.3,74.5,7.6,9117.0,5606.0
2015-05-31,Jammu and Kashmir,100.0,107.9,58.2,59.6,5.8,1208.0,3071.0
2016-10-31,Telangana,106.2,113.0,37.2,62.3,5.8,839.0,2573.0
2023-07-31,Uttar Pradesh,142.0,141.8,118.0,78.1,5.6,12094.0,9950.0
2025-04-30,Karnataka,151.1,148.3,85.1,80.0,5.5,705.0,7405.0
2019-05-31,Manipur,115.4,128.3,34.7,69.1,6.9,819.0,45.0
2020-09-30,Goa,120.0,131.6,67.3,69.0,-0.6,856.0,2477.0
2023-08-31,Himachal Pradesh,142.1,140.9,36.7,76.3,5.5,1663.0,1099.0
2016-04-30,Goa,103.6,109.1,72.4,61.1,5.1,4688.0,2708.0
2024-08-31,Mizoram,144.0,144.5,97.3,76.8,6.3,0.0,0.0
2021-04-30,Tamil Nadu,133.8,136.5,119.9,72.2,7.8,1333.0,7894.0
2024-01-31,Dadra and Nagar Haveli and Daman and Diu,143.5,145.8,40.9,79.5,5.6,967.0,946.0
2018-03-31,Meghalaya,114.7,124.0,81.4,67.0,7.9,3384.0,83.0
2022-05-31,Sikkim,135.0,141.3,81.2,76.7,6.6,0.0,0.0
2024-04-30,Meghalaya,144.6,147.2,54.9,77.9,7.2,3169.0,954.0
2018-11-30,Kerala,117.7,124.3,114.2,66.3,5.3,3614.0,691.0
2025-08-31,Himachal Pradesh,149.3,148.9,118.9,80.7,4.9,1134.0,4101.0
2021-05-31,Goa,131.4,136.3,97.7,72.1,6.3,2574.0,4395.0
2016-03-31,Bihar,105.1,113.6,109.9,62.9,8.0,199.0,11656.0
2017-12-31,Mizoram,111.9,116.5,92.5,63.5,6.8,0.0,0.0
2020-03-31,Jharkhand,122.3,134.2,42.4,69.3,-0.0,645.0,2476.0
2020-09-30,Jammu and Kashmir,120.5,130.0,35.5,69.5,0.3,1516.0,273.0
2021-02-28,Rajasthan,130.1,132.6,90.4,71.0,7.5,6993.0,3991.0
2016-12-31,Odisha,103.3,114.9,80.3,60.3,6.8,3284.0,4694.0
2019-01-31,Uttarakhand,122.9,123.8,74.3,67.8,6.7,2681.0,567.0
2015-07-31,Karnataka,99.8,107.5,78.9,57.8,5.2,496.0,6718.0
2015-04-30,Goa,100.4,109.6,85.5,59.6,7.8,2288.0,115.0
2022-06-30,West Bengal,134.4,135.1,140.2,71.9,5.0,7334.0,7762.0
2019-12-31,Assam,118.7,125.1,95.3,69.6,6.1,7760.0,5040.0
2019-07-31,Telangana,120.1,123.4,37.6,67.6,5.4,2228.0,1934.0
2016-04-30,Madhya Pradesh,107.0,116.0,66.7,59.2,4.7,4294.0,867.0
2017-05-31,Manipur,109.4,121.4,87.8,64.0,4.6,1637.0,1082.0
2016-02-29,Himachal Pradesh,104.2,111.2,37.6,62.3,5.2,4868.0,4077.0
2021-07-31,Jammu and Kashmir,131.6,138.3,113.3,71.4,6.8,924.0,1723.0
2017-09-30,Nagaland,106.6,119.5,27.7,65.6,7.9,1147.0,277.0
2016-09-30,Assam,107.4,114.5,81.1,62.6,7.4,6202.0,587.0
2016-11-30,West Bengal,103.4,111.0,117.6,61.8,4.9,9437.0,165.0
2019-09-30,Meghalaya,121.9,122.7,92.8,68.5,4.3,1160.0,692.0
2022-09-30,Tamil Nadu,135.6,137.9,105.3,75.5,6.7,8515.0,7529.0
2016-08-31,Lakshadweep,100.8,113.7,119.7,60.8,4.1,0.0,0.0
2016-07-31,Jharkhand,105.0,113.4,99.2,61.2,7.4,571.0,1335.0
2023-07-31,Madhya Pradesh,142.6,142.1,140.4,76.0,7.3,3823.0,2801.0
2021-05-31,Manipur,129.4,132.6,89.9,70.3,7.2,1081.0,999.0
2017-09-30,West Bengal,109.6,117.6,86.5,64.3,6.2,2061.0,4734.0
2016-06-30,Madhya Pradesh,103.5,114.0,96.3,63.6,7.9,5506.0,5529.0
2021-01-31,Jammu and Kashmir,132.4,139.1,38.9,71.9,5.8,197.0,119.0
2016-05-31,Arunachal Pradesh,104.1,109.5,100.6,60.4,7.9,192.0,39.0
2016-07-31,Andhra Pradesh,108.6,114.8,117.0,62.8,7.5,4756.0,580.0
2020-10-31,Lakshadweep,127.3,130.2,48.7,71.6,-0.3,0.0,0.0
2024-12-31,Chandigarh,147.7,146.0,25.5,75.3,7.6,59.0,85.0
2023-05-31,Sikkim,140.2,142.7,32.7,76.5,5.2,0.0,0.0
2017-10-31,Bihar,109.0,122.0,43.5,64.6,7.1,2366.0,1074.0
2021-12-31,Telangana,131.0,134.7,69.1,72.5,4.0,3207.0,4356.0
2021-02-28,Maharashtra,133.1,131.0,61.4,72.2,5.1,7892.0,375.0
2022-04-30,Mizoram,138.5,138.7,141.5,74.1,7.0,0.0,0.0
2022-01-31,Maharashtra,131.3,137.7,137.5,73.7,7.9,9194.0,8957.0
2015-11-30,Uttarakhand,105.4,108.8,59.3,61.5,4.7,4306.0,3194.0
2022-07-31,Rajasthan,135.5,138.4,119.3,74.1,5.8,1997.0,5116.0
2025-07-31,Jammu and Kashmir,151.6,149.8,100.4,82.4,6.3,1554.0,218.0
2024-05-31,Uttar Pradesh,143.2,145.5,53.2,78.9,7.8,10706.0,6307.0
2021-08-31,Dadra and Nagar Haveli and Daman and Diu,128.1,133.8,113.1,72.1,5.8,769.0,283.0
2015-07-31,Delhi,97.1,107.7,46.0,59.1,7.7,122.0,2556.0
2016-04-30,Karnataka,108.4,115.4,107.0,62.6,7.9,10742.0,12639.0
2016-04-30,Meghalaya,103.6,113.7,83.8,61.2,7.8,637.0,75.0
2015-12-31,Goa,99.8,110.5,82.1,59.3,7.0,3804.0,2969.0
2017-11-30,Puducherry,109.4,116.3,103.8,63.6,4.5,1543.0,7.0
2016-09-30,Lakshadweep,103.0,111.8,69.4,60.7,6.4,0.0,0.0
2016-05-31,Rajasthan,104.6,113.3,105.3,63.8,7.0,2645.0,3645.0
2017-08-31,Andaman and Nicobar Islands,110.2,117.9,75.0,62.8,7.8,110.0,66.0
2018-05-31,Karnataka,117.5,121.2,118.5,66.3,7.1,9807.0,9948.0
2017-03-31,Chhattisgarh,107.9,118.2,86.0,63.2,6.2,1934.0,6862.0
2020-06-30,Uttarakhand,123.8,125.7,34.4,68.6,1.9,1821.0,1445.0
2022-08-31,West Bengal,136.1,142.0,115.6,73.8,5.8,7205.0,6427.0
2020-01-31,Dadra and Nagar Haveli and Daman and Diu,125.1,128.5,42.6,69.9,1.0,699.0,875.0
2015-03-31,Karnataka,100.1,107.7,100.6,61.5,5.3,11394.0,12522.0
2023-07-31,Madhya Pradesh,138.1,144.3,124.0,76.4,5.8,4489.0,655.0
2019-07-31,Goa,121.6,123.7,81.7,68.2,4.1,1274.0,474.0
2015-01-31,Uttarakhand,102.8,110.4,107.2,60.8,7.5,669.0,5440.0
2023-05-31,Chandigarh,142.6,139.7,72.4,75.7,4.1,203.0,812.0
2018-09-30,Odisha,114.6,121.4,25.7,65.4,5.6,5629.0,3538.0
2017-02-28,Maharashtra,104.8,117.4,86.3,63.3,6.0,70.0,11099.0
2025-01-31,Himachal Pradesh,150.5,148.5,115.7,79.3,7.9,5236.0,4234.0
2018-10-31,West Bengal,115.2,123.8,27.3,66.3,7.7,4807.0,5343.0
2025-02-28,West Bengal,148.0,152.8,116.5,78.5,6.6,2045.0,11402.0
2017-07-31,Tripura,108.4,116.5,83.9,63.8,6.3,1612.0,670.0
2019-11-30,Uttar Pradesh,118.0,126.3,31.6,69.3,5.5,1356.0,3613.0
2017-05-31,Bihar,110.5,115.4,74.0,64.3,4.2,8428.0,10507.0
2023-10-31,Assam,138.4,142.2,37.0,75.9,5.1,1544.0,2048.0
2016-05-31,Puducherry,105.3,115.6,52.2,61.5,7.4,1772.0,1603.0
2016-12-31,Rajasthan,109.8,114.2,100.4,61.1,6.6,865.0,6374.0
2024-01-31,Mizoram,144.6,144.9,36.1,79.3,7.3,0.0,0.0
2022-07-31,Puducherry,132.7,137.5,79.1,74.1,7.3,1172.0,843.0
2017-01-31,Kerala,107.1,117.0,80.6,63.5,4.2,769.0,7855.0
2017-08-31,Tripura,110.7,117.6,114.1,63.7,5.3,1316.0,281.0
2024-08-31,Rajasthan,149.0,144.7,112.5,77.1,6.7,2760.0,601.0
2021-10-31,Nagaland,128.2,134.3,33.9,72.1,7.4,618.0,196.0
2024-02-29,Ladakh,140.7,143.6,140.3,78.1,7.2,154.0,476.0
2018-01-31,Goa,118.4,116.4,67.8,66.6,5.7,1023.0,2807.0
2017-02-28,Punjab,115.0,120.1,57.0,62.5,7.7,4053.0,10843.0
2020-04-30,Punjab,126.5,129.9,19.7,70.1,1.3,13096.0,1818.0
2020-12-31,Lakshadweep,125.9,130.2,68.0,70.6,1.0,0.0,0.0
2023-10-31,Dadra and Nagar Haveli and Daman and Diu,140.1,140.5,94.3,75.8,4.7,308.0,726.0
2022-02-28,Punjab,136.4,137.1,142.6,75.3,4.9,2043.0,7487.0
2019-05-31,Chandigarh,121.3,123.9,37.4,68.6,4.0,177.0,1057.0
2022-08-31,Assam,135.6,140.4,89.5,75.1,5.2,5121.0,4101.0
2023-03-31,Punjab,138.1,141.0,37.2,74.9,5.2,1281.0,2984.0
2015-11-30,Haryana,100.6,106.9,72.4,58.2,4.3,4417.0,2870.0
2017-07-31,Rajasthan,109.8,119.4,109.0,64.3,5.4,1960.0,6101.0
2023-04-30,Tamil Nadu,138.4,144.3,37.1,74.0,5.2,10345.0,903.0
2022-03-31,Andhra Pradesh,135.6,137.6,56.4,73.4,7.2,808.0,660.0
2016-03-31,Arunachal Pradesh,104.0,117.0,88.2,62.0,4.6,1727.0,1233.0
2023-05-31,Jharkhand,140.1,142.6,33.2,76.7,6.9,977.0,6202.0
2017-05-31,Chandigarh,110.9,117.7,65.4,64.1,4.5,221.0,794.0
2024-06-30,Telangana,146.2,145.8,64.0,79.5,6.0,8986.0,8915.0
2023-11-30,Lakshadweep,139.1,143.0,124.6,75.3,6.9,0.0,0.0
2023-12-31,Chandigarh,140.9,144.2,29.9,75.1,6.4,993.0,727.0
2021-12-31,Maharashtra,131.4,135.0,106.3,74.3,6.6,10750.0,12758.0
2016-03-31,Assam,106.9,114.5,90.4,61.8,4.8,1951.0,3093.0
2019-02-28,Tripura,120.6,126.1,49.7,68.1,7.3,866.0,3488.0
2016-11-30,Gujarat,106.2,115.4,39.8,61.4,7.8,7068.0,3354.0
2019-11-30,Mizoram,119.2,124.7,115.0,67.1,4.6,0.0,0.0
2022-06-30,Uttarakhand,140.2,135.0,90.5,73.8,7.6,2193.0,868.0
2024-07-31,Tamil Nadu,144.9,146.4,65.4,79.0,5.6,8479.0,7647.0
2021-03-31,Lakshadweep,132.2,132.0,24.4,71.8,6.8,0.0,0.0
2025-03-31,Arunachal Pradesh,149.0,147.0,43.9,77.5,6.0,1613.0,1810.0
2016-06-30,Karnataka,105.7,117.2,79.8,60.9,7.2,6537.0,7746.0
2019-02-28,Puducherry,120.7,119.4,71.3,69.9,4.2,1253.0,937.0
2024-10-31,Puducherry,146.1,147.2,114.9,75.5,5.3,1625.0,790.0
2023-12-31,Gujarat,138.3,139.9,124.2,75.3,4.2,10055.0,7176.0
2020-07-31,Jharkhand,125.8,128.4,35.8,70.4,0.4,1471.0,610.0
2021-06-30,Tripura,129.0,134.9,30.1,72.5,4.7,2745.0,1012.0
2021-03-31,Arunachal Pradesh,131.6,138.7,99.2,72.5,5.7,709.0,1793.0
2018-03-31,Chandigarh,113.2,123.4,75.4,66.9,6.6,775.0,793.0
2017-01-31,Mizoram,110.6,116.0,118.0,63.8,5.8,0.0,0.0
2016-09-30,Andaman and Nicobar Islands,104.9,113.9,99.6,61.0,6.1,397.0,695.0
2016-03-31,Nagaland,108.7,113.4,52.9,61.8,4.8,1021.0,340.0
2018-12-31,Jammu and Kashmir,117.2,117.9,62.8,67.2,4.3,1601.0,1166.0
2022-02-28,Mizoram,137.7,138.1,52.3,72.3,5.0,0.0,0.0
2024-08-31,Sikkim,143.5,144.7,85.4,77.5,5.3,0.0,0.0
2019-02-28,Tripura,119.2,127.5,91.1,68.0,5.7,599.0,458.0
2020-09-30,Punjab,125.0,129.4,48.7,69.3,-1.9,212.0,1649.0
2015-04-30,Meghalaya,102.3,113.1,54.2,59.5,4.1,2558.0,2227.0
2021-06-30,Tripura,130.8,134.7,102.3,72.4,4.4,852.0,646.0
2015-09-30,Manipur,98.5,110.4,30.5,60.1,6.7,75.0,679.0
2025-01-31,Manipur,148.6,153.9,41.1,80.9,4.3,1110.0,2855.0
2024-07-31,Manipur,147.4,146.6,72.5,78.6,4.2,37.0,713.0
2023-05-31,Nagaland,140.8,145.3,108.3,77.0,7.2,2096.0,1874.0
2023-01-31,Andhra Pradesh,140.1,139.7,107.3,75.4,4.2,11640.0,38.0
2021-09-30,Delhi,129.9,130.0,56.7,74.6,4.3,869.0,1154.0
2018-07-31,Assam,116.8,122.4,89.7,64.3,6.2,776.0,579.0
2022-11-30,Sikkim,132.9,140.4,31.3,74.8,5.8,0.0,0.0
2015-06-30,Rajasthan,100.1,107.7,49.0,59.0,7.9,2803.0,5297.0
2020-07-31,Uttarakhand,125.2,129.1,53.6,68.4,1.1,2691.0,3993.0
2023-04-30,Bihar,137.5,138.6,46.1,77.7,6.6,3912.0,1562.0
2015-12-31,Jammu and Kashmir,99.6,109.9,41.3,59.6,4.3,547.0,753.0
2020-06-30,Andhra Pradesh,129.6,130.0,17.2,68.7,0.5,9705.0,6855.0
2015-02-28,Bihar,98.3,111.2,56.4,59.6,4.2,6402.0,1443.0
2021-09-30,Telangana,130.3,133.0,102.5,71.3,7.6,1279.0,1478.0
2020-10-31,Andaman and Nicobar Islands,120.8,129.5,62.2,69.8,-1.7,622.0,575.0
2024-07-31,Sikkim,144.7,147.3,127.5,77.7,6.3,0.0,0.0
2022-04-30,Tamil Nadu,132.9,138.4,28.4,72.6,5.7,1989.0,3320.0
2015-06-30,Rajasthan,99.3,110.8,119.3,60.1,6.0,5816.0,5056.0
2017-03-31,Maharashtra,110.9,119.7,70.3,64.0,5.6,14271.0,532.0
2021-10-31,Haryana,127.7,135.5,107.3,73.6,4.4,9506.0,278.0
2022-04-30,Meghalaya,135.5,142.2,132.6,75.4,6.6,2342.0,2287.0
2024-12-31,Jammu and Kashmir,143.4,146.9,85.7,78.0,8.0,1072.0,2995.0
2016-12-31,Telangana,102.3,114.9,25.1,62.5,4.4,3801.0,5700.0
2023-06-30,Uttar Pradesh,142.0,141.4,95.7,75.0,8.0,9454.0,13223.0
2017-10-31,Gujarat,108.1,118.1,53.4,64.7,7.6,6689.0,6654.0
2018-11-30,Tripura,114.2,119.4,40.7,68.7,7.6,1610.0,270.0
2016-12-31,Uttar Pradesh,103.9,112.8,38.3,60.9,7.3,4515.0,6891.0
2020-05-31,Uttar Pradesh,125.4,132.3,45.6,69.4,-1.5,4130.0,2732.0
2016-06-30,Chandigarh,105.1,110.9,30.4,62.2,5.0,512.0,835.0
2018-08-31,Arunachal Pradesh,114.7,124.8,102.2,66.2,5.7,1049.0,1149.0
2021-04-30,Himachal Pradesh,128.6,133.4,42.7,72.1,5.9,830.0,4678.0
2019-09-30,Karnataka,119.5,124.2,74.9,67.3,4.3,977.0,2482.0
2023-11-30,Manipur,140.6,141.4,39.1,74.6,7.9,2368.0,2489.0
2025-04-30,Kerala,150.2,151.2,127.2,79.1,6.8,823.0,1522.0
2024-08-31,Jammu and Kashmir,147.2,146.2,107.1,78.8,5.8,1185.0,2369.0
2022-09-30,Meghalaya,136.5,141.8,48.8,76.0,8.0,358.0,371.0
2018-06-30,Lakshadweep,117.2,122.9,91.6,66.5,5.1,0.0,0.0
2017-04-30,Nagaland,112.7,119.0,28.3,63.7,5.3,206.0,950.0
2025-03-31,Rajasthan,150.4,151.1,116.7,80.8,4.8,6151.0,2869.0
2016-12-31,Meghalaya,106.7,114.3,69.0,60.6,4.7,727.0,343.0
2023-10-31,Gujarat,140.7,141.5,38.4,76.0,4.8,4610.0,9327.0
2024-10-31,Chhattisgarh,147.7,146.2,90.1,77.4,6.4,3554.0,385.0
2019-05-31,Delhi,116.5,126.5,40.1,67.7,5.2,853.0,2444.0
2023-04-30,Dadra and Nagar Haveli and Daman and Diu,139.4,141.9,104.7,75.4,7.8,888.0,441.0
2015-05-31,Rajasthan,100.8,112.5,90.9,58.9,7.3,516.0,4134.0
2019-01-31,Assam,121.1,128.3,96.1,69.7,4.6,6446.0,2920.0
2023-02-28,Jharkhand,140.0,139.6,131.4,75.4,7.3,5552.0,2319.0
2017-06-30,Karnataka,106.7,119.9,85.5,63.4,5.4,1858.0,8788.0
2020-12-31,Sikkim,124.6,130.0,41.5,69.9,-0.1,0.0,0.0
2023-07-31,Mizoram,141.6,141.4,126.5,76.2,7.1,0.0,0.0
2020-03-31,Tripura,124.4,131.4,66.0,71.6,1.4,555.0,2216.0
2017-02-28,West Bengal,110.2,118.6,98.2,64.2,7.8,7562.0,7114.0
2018-01-31,Punjab,118.8,120.2,114.2,66.6,5.7,5619.0,6710.0
2015-07-31,Chandigarh,99.6,111.6,117.9,58.2,6.2,685.0,834.0
2025-07-31,Dadra and Nagar Haveli and Daman and Diu,149.7,149.8,54.2,80.3,6.5,520.0,839.0
2022-08-31,Madhya Pradesh,135.4,139.6,46.0,73.2,6.5,1163.0,1919.0
2023-07-31,Jharkhand,140.5,142.0,77.8,75.3,5.6,4514.0,5201.0
2019-05-31,Delhi,120.3,127.6,119.7,66.8,4.6,2938.0,1622.0
2023-12-31,Punjab,140.8,143.9,34.6,75.7,4.3,12163.0,3017.0
2024-04-30,Maharashtra,142.6,148.4,109.4,78.4,7.6,4839.0,15230.0
2015-07-31,Haryana,99.8,108.8,105.1,60.4,5.5,2251.0,3057.0
2020-07-31,Haryana,122.5,133.7,71.8,70.2,0.2,9108.0,8430.0
2023-12-31,West Bengal,140.1,141.7,98.4,75.4,7.9,7899.0,10451.0
2024-03-31,Jharkhand,146.2,143.6,69.6,77.3,7.2,862.0,4161.0
2021-11-30,Maharashtra,129.7,134.4,36.6,71.6,7.9,3008.0,4613.0
2025-04-30,Maharashtra,148.1,149.6,141.8,80.1,5.1,4945.0,14195.0
2023-08-31,Goa,139.1,140.8,134.9,74.4,5.9,3130.0,1648.0
2020-07-31,Puducherry,128.6,130.1,60.3,69.7,1.7,1312.0,381.0
2015-07-31,Mizoram,102.9,111.5,114.4,59.6,6.2,0.0,0.0
2024-02-29,Rajasthan,143.9,146.7,31.3,78.4,5.4,5523.0,7465.0
2017-10-31,West Bengal,108.9,120.7,83.1,66.8,4.6,6862.0,7664.0
2023-10-31,Manipur,139.8,141.8,57.0,76.0,6.2,2042.0,673.0
2019-10-31,Ladakh,122.5,126.9,96.6,68.0,6.4,336.0,85.0
2015-09-30,Ladakh,96.5,110.5,29.6,60.7,6.9,5.0,246.0
2018-12-31,Himachal Pradesh,113.9,125.7,45.9,65.8,7.2,1822.0,3350.0
2024-07-31,Jammu and Kashmir,145.8,144.0,126.0,78.4,4.5,800.0,902.0
2018-05-31,Nagaland,115.6,120.9,94.9,67.3,6.5,1979.0,1463.0
2018-12-31,Mizoram,114.1,126.2,119.2,65.7,7.1,0.0,0.0
2017-01-31,Nagaland,109.5,117.6,84.4,65.5,5.6,1431.0,1576.0
2024-08-31,Bihar,145.7,142.9,60.4,78.2,5.1,4109.0,2083.0
2021-06-30,Punjab,129.2,138.0,74.8,72.8,5.9,10037.0,1259.0
2023-12-31,Madhya Pradesh,137.9,140.1,137.3,77.0,5.2,6337.0,6047.0
2017-01-31,Karnataka,109.6,118.2,85.2,65.3,6.0,3481.0,735.0
2018-03-31,Delhi,115.4,124.2,108.1,67.1,5.2,322.0,1536.0
2024-11-30,West Bengal,140.8,147.8,26.7,79.4,5.7,1818.0,4321.0
2021-07-31,Haryana,130.8,132.2,57.0,72.2,7.7,720.0,5582.0
2021-08-31,Punjab,131.9,138.8,113.5,71.3,7.7,11195.0,8412.0
2017-03-31,Nagaland,109.3,119.1,23.9,64.1,8.0,156.0,202.0
2023-08-31,Gujarat,139.3,141.9,86.3,74.9,5.9,5037.0,2616.0
2021-02-28,Delhi,128.5,132.0,54.7,71.7,4.7,1554.0,2703.0
2020-08-31,Karnataka,124.7,131.0,50.8,69.4,1.3,3577.0,2733.0
2017-04-30,Chandigarh,108.9,121.0,36.2,62.5,6.4,1050.0,837.0
2025-03-31,Jammu and Kashmir,152.9,149.4,102.4,80.9,7.0,3045.0,345.0
2021-11-30,Punjab,130.2,130.5,119.2,73.3,4.7,6762.0,12079.0
2017-06-30,Jharkhand,105.7,116.6,47.1,63.3,5.3,4934.0,386.0
2016-10-31,Chandigarh,106.1,113.3,66.1,62.6,5.1,621.0,722.0
2015-03-31,Nagaland,103.4,107.0,23.0,62.7,6.2,586.0,1250.0
2023-05-31,Tripura,141.0,143.0,76.1,77.2,8.0,2922.0,2906.0
2023-09-30,Lakshadweep,142.4,143.5,72.7,75.0,6.4,0.0,0.0
2015-02-28,Puducherry,101.4,108.6,76.5,60.9,6.3,249.0,1254.0
2019-06-30,Dadra and Nagar Haveli and Daman and Diu,122.0,127.7,45.7,67.8,7.0,861.0,173.0
2015-06-30,West Bengal,101.9,108.2,52.9,60.9,5.3,5041.0,7076.0
2023-11-30,Uttar Pradesh,141.9,139.3,97.2,78.3,5.0,656.0,493.0
2025-03-31,Bihar,150.6,147.9,133.0,79.9,7.4,10188.0,11581.0
2015-02-28,Punjab,96.6,108.3,43.5,61.4,7.8,13388.0,16950.0
2024-03-31,Haryana,142.8,147.6,105.3,77.2,5.7,2578.0,14619.0
2015-02-28,Arunachal Pradesh,97.9,111.1,72.4,59.5,4.2,2126.0,681.0
2022-09-30,Uttarakhand,129.9,136.2,36.6,72.0,4.7,2593.0,1223.0
2023-05-31,Puducherry,139.1,140.7,91.9,77.6,7.4,240.0,1789.0
2023-01-31,Ladakh,142.8,145.5,109.1,74.3,4.5,498.0,61.0
2024-03-31,Rajasthan,142.1,147.6,95.8,76.9,7.1,5445.0,8157.0
2015-06-30,Haryana,101.5,107.2,30.4,60.2,6.5,3824.0,10514.0
2025-07-31,Tamil Nadu,151.1,152.7,126.5,82.0,6.9,4082.0,631.0
2023-08-31,Haryana,140.5,146.5,28.9,74.1,5.0,8099.0,2847.0
2015-01-31,Chhattisgarh,102.4,109.9,43.6,60.4,4.1,4592.0,544.0
2017-09-30,Andhra Pradesh,109.9,117.4,81.6,62.6,4.2,1154.0,55.0
2018-04-30,Rajasthan,118.0,121.1,41.8,67.7,6.9,1789.0,1073.0
2017-08-31,Jharkhand,109.6,117.4,30.2,64.2,6.5,1457.0,1013.0
2016-05-31,Arunachal Pradesh,105.7,115.5,71.2,63.6,7.4,580.0,283.0
2025-06-30,Rajasthan,149.7,148.7,110.7,79.2,5.6,1243.0,1974.0
2015-08-31,Madhya Pradesh,98.2,111.5,61.1,59.5,6.2,2886.0,1738.0
2019-09-30,West Bengal,117.3,126.0,89.8,67.1,7.1,1649.0,5601.0
2018-06-30,Chandigarh,116.2,120.8,106.1,67.4,6.0,363.0,603.0
2023-02-28,Nagaland,142.7,142.7,139.1,77.4,8.0,937.0,971.0
2024-12-31,Arunachal Pradesh,145.5,145.6,52.0,77.3,7.0,752.0,1705.0
2022-03-31,Odisha,136.0,136.7,96.6,75.0,6.7,4144.0,6495.0
2019-06-30,Rajasthan,116.9,125.9,46.7,67.9,7.2,3268.0,4147.0
2021-12-31,Uttar Pradesh,130.8,134.0,107.1,70.1,7.1,2937.0,1782.0
2017-01-31,Tripura,105.8,117.0,109.0,64.5,4.9,1949.0,3244.0
2020-07-31,Odisha,122.6,128.4,31.3,70.9,0.5,2089.0,12.0
2018-10-31,Tripura,117.7,122.2,84.5,67.1,6.4,2264.0,326.0
2016-10-31,Punjab,105.0,114.4,108.8,62.1,5.7,10755.0,6378.0
2015-08-31,Goa,100.2,110.8,70.8,59.7,7.5,591.0,651.0
2018-03-31,Nagaland,116.1,122.7,92.0,65.5,5.2,1265.0,1907.0
2019-01-31,Nagaland,121.6,128.6,100.1,68.9,5.3,1783.0,524.0
2018-10-31,Punjab,114.5,119.8,107.2,66.4,4.7,8818.0,5948.0
2018-02-28,Puducherry,115.6,125.2,71.5,65.4,7.9,1456.0,304.0
2019-06-30,Jharkhand,119.9,123.3,114.2,68.3,4.5,2606.0,740.0
2022-08-31,Delhi,131.9,140.5,99.5,74.7,7.9,1247.0,152.0
2018-04-30,Odisha,114.3,123.0,35.2,66.7,6.8,1411.0,3433.0
2017-10-31,Arunachal Pradesh,110.8,117.0,81.2,64.0,4.4,845.0,190.0
2022-12-31,Assam,134.2,133.2,59.8,75.2,4.6,7032.0,2243.0
2021-07-31,Chandigarh,129.2,131.0,57.2,71.2,5.3,525.0,128.0
2025-07-31,Odisha,151.6,148.7,121.1,80.0,5.0,5983.0,4371.0
2016-05-31,Rajasthan,105.3,114.9,117.3,62.9,7.9,7193.0,5292.0
2024-02-29,Maharashtra,145.7,144.9,128.4,78.3,6.5,14971.0,12391.0
2019-04-30,Dadra and Nagar Haveli and Daman and Diu,116.8,125.9,52.6,68.1,4.3,622.0,264.0
2024-10-31,Rajasthan,145.9,145.1,78.4,77.3,6.1,1970.0,2173.0
2015-09-30,Mizoram,97.8,110.3,118.3,58.7,7.6,0.0,0.0
2017-09-30,Telangana,110.0,115.2,112.4,63.3,5.7,5200.0,4235.0
2024-05-31,Puducherry,142.9,145.5,141.2,79.2,6.7,378.0,590.0
2022-01-31,Punjab,136.9,139.1,76.0,73.3,7.1,4685.0,2957.0
2015-10-31,Meghalaya,103.7,115.1,100.1,60.0,4.7,1946.0,777.0
2015-06-30,Kerala,99.7,111.7,107.1,62.0,7.4,4270.0,5894.0
2024-07-31,Telangana,144.7,145.6,29.3,79.0,5.8,7847.0,7372.0
2025-01-31,Madhya Pradesh,152.1,148.7,55.9,79.8,4.2,1867.0,7868.0
2020-05-31,Puducherry,126.1,130.9,65.0,69.8,-0.7,1861.0,66.0
2016-08-31,Uttarakhand,104.9,112.3,58.9,63.4,6.3,3657.0,2209.0
2019-09-30,Rajasthan,120.7,126.3,47.9,67.7,4.8,1073.0,5574.0
2018-10-31,Assam,119.1,122.6,47.3,66.0,5.3,2063.0,1241.0
2015-10-31,Maharashtra,98.7,109.6,57.5,59.8,6.3,1860.0,5657.0
2024-05-31,Chandigarh,143.8,147.9,53.3,79.6,5.5,192.0,572.0
2015-12-31,Jharkhand,101.6,109.8,20.3,60.0,4.9,4423.0,5692.0
2015-11-30,Andhra Pradesh,104.2,109.1,37.3,59.7,5.9,3970.0,10540.0
2024-10-31,West Bengal,145.4,145.0,129.9,78.7,4.7,8994.0,5348.0
2018-03-31,Odisha,111.6,119.4,27.6,67.9,5.0,3267.0,9213.0
2019-05-31,Chandigarh,120.8,123.2,61.3,66.8,7.3,59.0,485.0
2019-08-31,Punjab,119.0,127.2,65.6,68.3,4.9,7860.0,12170.0
2023-08-31,Punjab,141.0,145.0,117.4,75.2,6.8,8624.0,2866.0
2025-09-30,Tamil Nadu,147.3,154.3,54.3,81.4,5.0,7511.0,5788.0
2019-08-31,Dadra and Nagar Haveli and Daman and Diu,117.0,128.2,51.0,66.9,4.8,715.0,575.0
2024-10-31,Lakshadweep,144.4,147.0,25.7,78.8,5.0,0.0,0.0
2017-06-30,Uttar Pradesh,113.3,118.6,110.3,63.3,5.9,10376.0,3048.0
2015-12-31,Maharashtra,97.3,112.6,88.6,61.6,4.6,851.0,3806.0
2017-11-30,Goa,109.4,117.3,46.3,66.4,4.4,1141.0,3573.0
2021-05-31,Delhi,127.1,137.6,108.8,73.2,7.0,1859.0,3267.0
2023-06-30,Haryana,140.6,141.9,34.4,76.0,4.1,10814.0,6923.0
2022-03-31,Bihar,135.4,138.5,68.2,72.8,5.5,3410.0,2690.0
2019-04-30,Madhya Pradesh,117.2,126.0,76.4,68.2,5.6,2199.0,8085.0
2021-08-31,Jammu and Kashmir,132.6,136.3,70.6,72.3,7.6,1311.0,1492.0
2016-10-31,Andaman and Nicobar Islands,101.2,114.0,85.5,64.3,7.1,510.0,46.0
2021-03-31,Tripura,133.2,134.8,49.8,72.1,6.0,1709.0,58.0
2019-10-31,Puducherry,122.7,123.6,95.8,67.3,5.9,1232.0,38.0
2022-09-30,Karnataka,135.6,137.6,72.7,74.2,6.3,6205.0,1767.0
2023-07-31,Andaman and Nicobar Islands,141.8,144.1,39.0,75.6,5.4,731.0,285.0
2015-07-31,Sikkim,99.6,108.3,94.0,59.9,6.8,0.0,0.0
2025-08-31,Puducherry,146.9,149.9,133.4,82.2,6.7,347.0,1463.0
2019-07-31,Karnataka,120.5,125.9,56.4,67.2,6.3,203.0,6146.0
2023-10-31,West Bengal,136.9,140.8,94.8,77.0,4.2,7651.0,1178.0
2020-02-29,Haryana,125.0,132.0,53.3,69.7,1.4,743.0,14598.0
2022-06-30,Telangana,132.5,139.0,123.8,74.0,4.2,2668.0,5987.0
2023-02-28,Jharkhand,142.0,143.8,47.8,76.0,6.9,5896.0,776.0
2021-05-31,Manipur,130.8,136.1,77.0,71.0,5.9,1246.0,2399.0
2024-11-30,Rajasthan,146.4,146.1,112.8,78.6,7.8,483.0,4715.0
2017-12-31,Ladakh,110.7,121.1,39.9,61.7,7.8,440.0,397.0
2022-05-31,Ladakh,138.8,135.6,80.7,73.7,7.2,131.0,461.0
2022-09-30,Punjab,137.0,137.7,79.7,74.3,5.8,8281.0,8966.0
2024-06-30,Madhya Pradesh,148.4,146.3,124.7,78.6,5.3,5980.0,3599.0
2017-04-30,Arunachal Pradesh,108.2,114.5,97.7,64.5,4.8,2114.0,291.0
2017-09-30,Uttarakhand,108.9,120.8,43.2,62.9,4.9,3835.0,27.0
2016-08-31,Gujarat,100.2,112.3,43.3,61.6,8.0,7622.0,1847.0
2023-05-31,Uttar Pradesh,139.2,142.1,110.8,76.1,6.1,1066.0,8238.0
2016-11-30,Chandigarh,104.9,115.5,94.0,61.2,4.0,462.0,602.0
2024-04-30,Odisha,145.9,150.6,45.5,78.2,4.2,6278.0,330.0
2016-02-29,Rajasthan,103.9,110.7,61.1,62.5,5.8,1679.0,5880.0
2022-07-31,Uttar Pradesh,136.5,139.2,123.1,73.5,5.8,12723.0,10342.0
2021-05-31,Jharkhand,131.3,133.4,27.9,72.6,5.6,6505.0,820.0
2022-01-31,Ladakh,134.1,139.3,68.9,73.7,7.3,527.0,206.0
2024-01-31,Uttarakhand,143.1,147.9,101.3,77.2,6.8,3082.0,5370.0
2017-07-31,Haryana,110.1,118.8,97.1,65.3,4.4,5639.0,3965.0
2025-02-28,Uttar Pradesh,150.2,150.2,102.3,79.5,5.5,13916.0,12402.0
2023-11-30,Andhra Pradesh,138.8,139.9,71.7,74.6,6.4,236.0,5240.0
2019-06-30,Tamil Nadu,119.5,124.0,119.2,67.5,5.5,10155.0,6018.0
2018-07-31,Himachal Pradesh,112.2,123.6,24.2,66.2,4.8,2761.0,2195.0
2022-05-31,Dadra and Nagar Haveli and Daman and Diu,136.4,136.3,83.4,74.3,6.5,645.0,325.0
2024-07-31,Gujarat,146.4,146.9,85.2,76.9,6.4,2195.0,4235.0
2023-03-31,Himachal Pradesh,140.1,144.6,52.8,76.6,7.9,1394.0,5464.0
2018-11-30,Gujarat,116.5,119.4,75.9,66.0,6.2,1605.0,2592.0
2020-11-30,West Bengal,125.3,132.6,25.2,68.5,0.6,7815.0,1010.0
2020-07-31,Puducherry,128.2,132.5,38.6,68.3,0.2,1434.0,1041.0
2020-02-29,Meghalaya,122.4,130.7,37.9,70.2,0.0,1621.0,3064.0
2024-01-31,Jharkhand,145.4,144.8,116.8,77.7,4.2,2631.0,1805.0
2018-01-31,Telangana,116.8,123.1,114.3,65.1,4.6,5376.0,5522.0
2024-11-30,Jharkhand,148.0,145.6,48.3,77.4,6.0,663.0,4241.0
2022-02-28,Andaman and Nicobar Islands,136.6,136.6,143.0,73.9,7.6,439.0,148.0
2025-06-30,Tripura,147.9,150.3,136.8,79.9,6.6,298.0,1696.0
2019-04-30,Chandigarh,116.7,124.2,31.3,67.9,4.8,439.0,372.0
2022-07-31,Odisha,134.7,135.6,133.5,73.9,6.8,3725.0,6418.0
2017-09-30,Dadra and Nagar Haveli and Daman and Diu,110.7,116.9,76.5,66.0,7.6,136.0,95.0
2021-09-30,Chandigarh,131.9,130.6,107.9,71.5,4.1,697.0,649.0
2018-06-30,Puducherry,112.8,124.4,114.6,66.7,5.0,327.0,1117.0
2024-04-30,West Bengal,146.2,147.0,127.1,78.6,4.6,7017.0,9991.0
2025-06-30,Odisha,144.6,148.3,72.3,79.4,7.1,2963.0,577.0
2023-10-31,Karnataka,138.5,141.0,100.4,74.3,7.6,1700.0,1928.0
2025-05-31,West Bengal,151.7,151.5,79.8,79.6,6.2,5628.0,6093.0
2024-05-31,Goa,142.6,148.5,68.0,76.3,7.4,903.0,1403.0
2020-04-30,Mizoram,122.8,130.2,27.0,68.2,-1.1,0.0,0.0
2025-03-31,Uttarakhand,148.9,149.5,77.0,79.5,6.6,4460.0,5867.0
2024-06-30,Ladakh,145.4,142.7,120.7,78.1,6.3,381.0,466.0
2016-08-31,Andhra Pradesh,102.8,113.4,104.4,61.8,4.2,2612.0,5137.0
2016-04-30,Meghalaya,104.9,111.7,115.8,60.4,7.7,1459.0,961.0
2016-07-31,Bihar,104.1,111.7,49.1,60.8,5.4,365.0,6834.0
2024-12-31,Tamil Nadu,147.3,148.5,102.0,78.2,7.2,7970.0,6226.0
2018-02-28,Lakshadweep,114.0,121.8,89.4,66.6,7.2,0.0,0.0
2022-09-30,Assam,135.1,138.3,47.0,73.2,7.9,3601.0,5892.0
2023-09-30,Rajasthan,140.3,142.8,68.0,76.0,5.3,3134.0,4690.0
2023-04-30,Telangana,139.2,141.6,65.1,76.2,8.0,5294.0,8515.0
2022-06-30,Manipur,136.5,138.1,142.3,75.7,5.2,1341.0,1715.0
2018-08-31,Karnataka,117.0,122.0,115.8,67.6,5.8,1782.0,5623.0
2021-04-30,Assam,129.0,133.1,102.2,72.6,6.8,7489.0,7862.0
2021-07-31,Odisha,130.6,134.5,67.3,70.0,4.6,6229.0,90.0
2021-01-31,Haryana,128.1,133.8,46.4,73.5,5.1,14361.0,899.0
2022-12-31,Puducherry,136.1,138.2,133.9,74.5,6.9,1418.0,1644.0
2022-05-31,Puducherry,135.5,138.0,56.2,73.4,7.9,1688.0,1698.0
2023-07-31,Uttar Pradesh,139.3,145.9,86.6,78.0,6.9,3019.0,1172.0
2015-06-30,Assam,100.7,112.0,44.5,59.7,7.4,3787.0,5054.0
2025-02-28,Lakshadweep,151.2,151.6,140.6,82.2,4.1,0.0,0.0
2024-08-31,Jharkhand,147.5,146.9,29.0,76.9,6.3,4087.0,2488.0
2020-02-29,Jharkhand,125.8,130.9,22.5,69.6,-1.9,5534.0,1597.0
2022-05-31,Karnataka,136.8,137.4,115.8,71.9,6.7,9257.0,2574.0
2022-12-31,Maharashtra,138.8,140.2,42.2,73.5,6.7,1053.0,10217.0
2025-06-30,Dadra and Nagar Haveli and Daman and Diu,147.9,150.7,141.5,81.2,4.8,781.0,110.0
2022-06-30,Himachal Pradesh,137.3,139.2,62.6,73.4,7.4,2128.0,155.0
2022-02-28,Goa,133.2,137.4,134.2,73.2,7.5,3388.0,3655.0
2025-01-31,Jammu and Kashmir,148.6,148.3,103.5,81.3,6.5,2953.0,2318.0
2021-04-30,Puducherry,130.0,136.3,83.4,72.2,5.7,319.0,2317.0
2022-08-31,Nagaland,133.7,138.3,133.8,74.1,7.3,424.0,1387.0
2020-10-31,Tamil Nadu,123.4,129.0,42.8,68.9,0.9,695.0,1736.0
2016-11-30,Chandigarh,104.9,114.7,60.1,61.0,7.3,619.0,38.0
2019-10-31,Assam,119.3,125.8,41.8,67.8,5.9,47.0,4072.0
2018-10-31,Manipur,113.7,125.1,34.5,64.1,6.3,1672.0,1759.0
2016-10-31,Assam,103.1,113.3,99.2,62.8,7.0,5714.0,2097.0
2015-08-31,Manipur,102.9,110.9,32.8,60.6,5.1,215.0,986.0
2025-03-31,Assam,147.6,152.2,71.3,80.4,5.0,2441.0,9200.0
2016-08-31,Andaman and Nicobar Islands,104.7,115.3,60.9,60.7,6.7,166.0,579.0
2021-06-30,Dadra and Nagar Haveli and Daman and Diu,132.2,135.1,86.4,72.7,7.8,922.0,669.0
2018-03-31,Gujarat,116.6,121.0,47.9,65.1,5.8,956.0,13336.0
2018-01-31,Gujarat,115.5,122.2,103.8,67.2,7.6,1955.0,2637.0
2021-03-31,Karnataka,128.8,134.9,40.7,71.7,6.1,9620.0,6503.0
2024-10-31,West Bengal,145.0,146.3,118.7,78.1,7.9,7076.0,1496.0
2023-08-31,Ladakh,137.8,145.0,126.0,76.6,7.2,354.0,126.0
2017-07-31,Tripura,109.4,117.7,39.3,64.3,7.4,1408.0,307.0
2025-03-31,Mizoram,149.4,150.1,121.1,76.8,6.7,0.0,0.0
2019-06-30,Rajasthan,119.6,131.2,91.4,66.3,7.5,6768.0,5817.0
2017-10-31,Punjab,108.4,119.7,107.4,63.2,6.4,717.0,3543.0
2025-02-28,Jharkhand,146.6,148.1,85.2,80.4,6.3,1455.0,2245.0
2024-05-31,Goa,147.5,147.0,52.1,79.7,7.5,58.0,3441.0
2020-02-29,Kerala,127.1,131.6,66.7,69.7,1.7,1299.0,1903.0
2016-11-30,Mizoram,106.7,112.4,99.0,62.8,5.9,0.0,0.0
2018-10-31,Delhi,115.8,121.4,22.1,66.7,7.5,2049.0,340.0
2019-08-31,Ladakh,120.3,123.6,113.9,66.7,4.8,91.0,362.0
2024-10-31,Odisha,143.6,146.6,137.8,78.0,7.8,4957.0,587.0
2024-05-31,Chhattisgarh,143.8,142.8,66.6,77.4,7.0,724.0,4107.0
2018-08-31,Andaman and Nicobar Islands,117.9,120.4,21.0,65.1,7.0,621.0,532.0
2025-08-31,Chandigarh,153.4,147.2,90.3,81.7,6.7,561.0,473.0
2023-12-31,Andhra Pradesh,139.6,142.7,133.6,76.4,5.8,10576.0,10763.0
2016-05-31,Kerala,105.0,113.3,32.4,61.2,5.8,5329.0,6435.0
2019-11-30,Manipur,121.5,126.8,79.1,67.4,7.4,1249.0,727.0
2023-03-31,Chhattisgarh,140.2,138.3,111.8,76.1,4.6,5344.0,6847.0
2021-12-31,Karnataka,130.3,132.4,33.5,72.4,6.1,2888.0,6885.0
2018-09-30,Punjab,114.9,123.6,71.3,64.0,5.2,7471.0,11026.0
2023-12-31,Andaman and Nicobar Islands,138.1,139.7,34.7,77.3,7.9,759.0,811.0
2020-02-29,Maharashtra,124.3,132.0,45.5,70.2,-1.3,8708.0,11099.0
2019-11-30,Uttar Pradesh,119.7,125.7,64.2,67.1,4.3,3305.0,7825.0
2015-11-30,Puducherry,95.0,108.3,46.5,62.4,7.9,1192.0,1501.0
2023-06-30,Jharkhand,140.2,140.5,126.4,76.4,6.2,994.0,1961.0
2020-10-31,Uttarakhand,129.6,130.4,34.9,71.5,1.7,3272.0,1795.0
2025-03-31,Tripura,149.1,154.4,108.0,81.2,5.8,1744.0,2229.0
2017-10-31,Jharkhand,110.1,123.4,99.1,66.0,5.3,3608.0,1430.0
2023-05-31,Lakshadweep,138.3,139.3,45.4,77.1,7.6,0.0,0.0
2023-08-31,Puducherry,137.8,143.3,38.3,76.9,6.8,431.0,1157.0
2018-04-30,Tamil Nadu,114.4,125.3,20.8,66.8,4.5,4644.0,6535.0
2016-07-31,Delhi,106.3,111.5,50.6,63.4,6.1,892.0,2304.0
2020-07-31,Lakshadweep,124.5,128.8,61.0,69.4,-1.7,0.0,0.0
2021-10-31,Sikkim,129.3,134.6,97.3,72.4,6.7,0.0,0.0
2020-04-30,Sikkim,126.0,130.1,64.3,69.5,0.2,0.0,0.0
2021-11-30,Tamil Nadu,130.4,131.2,96.1,72.9,6.2,8439.0,5015.0
2018-11-30,Odisha,115.6,123.5,22.4,65.7,7.9,4438.0,5280.0
2015-06-30,Tamil Nadu,102.4,110.9,58.6,59.8,7.8,2393.0,5752.0
2016-04-30,Sikkim,107.1,115.9,20.6,60.1,4.8,0.0,0.0
2018-03-31,Chandigarh,118.0,123.1,23.6,68.0,4.0,752.0,283.0
2024-05-31,Odisha,142.6,147.1,81.4,76.8,6.7,8747.0,2908.0
2020-11-30,Sikkim,126.7,130.1,33.6,70.4,-1.5,0.0,0.0
2024-02-29,Andhra Pradesh,148.3,148.4,91.0,78.6,5.3,5479.0,1922.0
2019-07-31,Puducherry,116.7,123.3,26.6,69.4,7.7,770.0,610.0
2025-09-30,Uttar Pradesh,150.0,147.8,94.6,79.5,7.9,5942.0,7352.0
2019-01-31,Bihar,118.9,128.2,26.5,66.6,7.7,3626.0,7823.0
2016-09-30,Kerala,105.0,113.4,62.4,63.0,6.0,1938.0,5367.0
2018-01-31,West Bengal,117.3,120.2,55.2,67.2,6.8,11641.0,166.0
2024-08-31,Assam,142.2,147.7,50.9,78.4,4.7,770.0,3374.0
2016-12-31,West Bengal,105.5,115.4,51.2,62.0,7.8,6853.0,10016.0
2019-07-31,Andaman and Nicobar Islands,118.9,122.0,20.1,68.0,5.1,567.0,778.0
2017-01-31,Punjab,112.4,119.4,52.4,62.9,4.8,8619.0,11379.0
2025-07-31,Arunachal Pradesh,150.8,148.7,33.4,77.8,4.2,1662.0,1219.0
2022-09-30,Andhra Pradesh,134.7,139.0,134.6,75.7,6.2,4634.0,5692.0
2022-10-31,Ladakh,133.6,137.8,32.9,74.0,7.8,178.0,62.0
2020-11-30,Nagaland,130.3,131.2,69.2,70.8,1.6,1386.0,746.0
2025-02-28,Himachal Pradesh,150.6,150.0,83.0,79.6,4.5,556.0,4130.0
2016-12-31,Tripura,102.2,111.5,71.3,61.6,5.1,2292.0,316.0
2015-11-30,Odisha,98.4,106.8,98.8,59.5,6.7,3693.0,3898.0
2021-01-31,Tripura,130.8,131.3,89.5,71.8,6.2,774.0,2637.0
2015-12-31,Manipur,98.5,107.8,43.7,61.1,4.4,1592.0,1717.0
2017-11-30,Uttar Pradesh,108.8,118.9,22.5,64.1,5.8,4833.0,3314.0
2016-11-30,Punjab,107.0,115.9,97.8,63.7,4.3,10829.0,7194.0
2021-11-30,Assam,131.8,133.4,33.0,70.9,7.4,1734.0,3068.0
2022-04-30,Tripura,133.9,136.2,95.8,73.8,4.4,1956.0,1954.0
2021-08-31,Rajasthan,132.3,134.1,114.3,71.9,5.9,3228.0,979.0
2023-01-31,Puducherry,138.6,138.1,89.9,76.7,6.0,1221.0,761.0
2017-10-31,Telangana,113.4,119.2,48.6,63.3,6.1,4220.0,4959.0
2021-03-31,Tripura,131.1,133.9,37.9,73.2,6.4,830.0,434.0
2025-08-31,Andhra Pradesh,150.6,150.1,27.2,80.6,6.8,5997.0,6876.0
2017-07-31,Andaman and Nicobar Islands,109.2,116.9,82.3,65.6,4.0,779.0,221.0
2023-07-31,Lakshadweep,138.8,140.8,91.0,75.5,4.1,0.0,0.0
2016-03-31,Andhra Pradesh,100.3,110.7,66.2,60.3,6.4,576.0,5993.0
2019-09-30,Jammu and Kashmir,119.4,127.7,39.4,69.0,4.7,1579.0,2274.0
2021-03-31,Meghalaya,130.0,131.5,43.7,73.1,7.3,2921.0,2007.0
2017-10-31,Lakshadweep,106.3,116.6,115.9,61.7,6.5,0.0,0.0
2023-07-31,Manipur,141.6,140.1,26.4,76.6,7.9,1727.0,2245.0
2021-03-31,Chhattisgarh,129.7,135.7,56.3,72.3,6.9,3482.0,439.0
2017-05-31,Jharkhand,112.4,116.8,23.9,63.5,4.4,546.0,5089.0
2016-04-30,Sikkim,103.6,115.9,39.2,63.6,4.7,0.0,0.0
2021-05-31,Haryana,132.5,135.2,113.3,71.6,4.2,3887.0,3991.0
2018-01-31,Manipur,114.1,120.1,35.0,67.7,7.0,323.0,463.0
2021-09-30,Punjab,129.9,133.8,80.1,72.9,4.5,1526.0,506.0
2025-04-30,Tripura,150.4,146.6,65.6,80.7,6.7,833.0,79.0
2016-07-31,Kerala,104.9,114.8,83.3,62.5,6.2,5065.0,4437.0
2023-06-30,Uttar Pradesh,140.6,140.7,126.3,76.7,6.5,2583.0,12932.0
2021-05-31,Bihar,126.2,131.9,48.7,71.4,6.0,3142.0,5892.0
2018-05-31,Uttar Pradesh,114.7,121.5,27.9,64.8,4.1,13382.0,6091.0
2020-01-31,Jharkhand,124.8,129.1,24.3,71.7,-1.6,1657.0,5680.0
2017-02-28,Manipur,106.0,118.6,63.9,63.4,7.5,261.0,2289.0
2020-11-30,Chhattisgarh,126.3,133.8,42.9,69.8,-1.0,5284.0,4474.0
2023-07-31,Lakshadweep,138.2,144.6,137.0,74.7,4.4,0.0,0.0
2020-10-31,Lakshadweep,126.9,127.6,13.0,70.6,1.2,0.0,0.0
2023-11-30,Sikkim,140.2,145.1,114.9,74.9,6.7,0.0,0.0
2023-11-30,Sikkim,138.9,142.1,32.7,76.4,7.7,0.0,0.0
2023-07-31,Kerala,142.0,136.9,33.4,75.7,5.6,3358.0,2398.0
2016-07-31,Karnataka,108.3,113.5,85.4,62.2,4.4,5098.0,7929.0
2020-08-31,Telangana,125.1,126.9,66.5,71.7,0.8,1213.0,2757.0
2020-10-31,Meghalaya,127.7,129.1,29.3,68.9,-0.4,1403.0,2091.0
2024-05-31,Meghalaya,144.6,149.8,56.3,77.5,7.2,1321.0,1817.0
2019-09-30,Andhra Pradesh,121.9,123.4,81.8,67.2,4.2,1176.0,903.0
2020-01-31,Tamil Nadu,124.3,127.3,58.6,70.5,1.3,2582.0,8296.0
2022-08-31,West Bengal,138.7,137.8,128.3,74.4,4.3,1929.0,7979.0
2017-06-30,Lakshadweep,112.2,116.4,45.0,63.8,7.5,0.0,0.0
2025-07-31,Ladakh,150.9,149.5,112.8,81.2,5.9,47.0,185.0
2024-07-31,Assam,139.9,146.2,60.9,78.0,7.7,5715.0,777.0
2015-06-30,Madhya Pradesh,100.9,107.0,74.5,59.4,4.3,794.0,1958.0
2016-06-30,West Bengal,102.5,114.5,39.1,63.3,5.3,7620.0,4118.0
2015-10-31,West Bengal,100.7,108.5,34.6,59.8,6.7,6700.0,3682.0
2022-08-31,Telangana,137.6,140.1,136.2,73.8,5.2,588.0,7430.0
2021-05-31,Madhya Pradesh,131.4,132.3,74.7,71.9,7.4,5993.0,5555.0
2023-05-31,Telangana,141.7,140.6,24.6,76.2,7.9,4886.0,823.0
2021-12-31,Chhattisgarh,129.3,132.1,99.3,73.2,5.1,6896.0,3260.0
2019-04-30,Mizoram,117.0,125.2,89.1,68.9,5.4,0.0,0.0
2017-07-31,Kerala,108.5,115.1,52.6,64.6,7.9,237.0,3649.0
2024-02-29,Nagaland,144.3,147.0,79.7,77.0,5.4,1769.0,2246.0
2022-09-30,Delhi,135.0,136.9,78.0,74.0,6.2,2024.0,651.0
2019-05-31,Dadra and Nagar Haveli and Daman and Diu,122.5,127.6,47.5,67.9,7.1,382.0,572.0
2022-02-28,Puducherry,136.5,138.1,141.7,74.6,5.8,1607.0,1728.0
2015-02-28,Chandigarh,104.4,113.4,74.4,59.8,5.5,997.0,264.0
2022-02-28,Lakshadweep,133.0,137.5,131.7,75.4,6.0,0.0,0.0
2015-04-30,Jharkhand,102.3,109.3,78.5,60.6,7.1,6641.0,932.0
2015-06-30,Dadra and Nagar Haveli and Daman and Diu,101.8,111.2,89.0,60.6,5.2,319.0,196.0
2024-10-31,Jammu and Kashmir,144.8,141.8,27.5,77.0,5.4,366.0,1742.0
2022-05-31,Manipur,133.1,137.0,85.4,73.3,4.8,1252.0,2398.0
2016-02-29,Uttarakhand,103.8,113.8,92.1,61.5,6.8,2302.0,3259.0
2019-08-31,Uttarakhand,118.7,127.4,32.2,68.0,7.6,3393.0,2181.0
2021-09-30,Andhra Pradesh,133.4,135.9,87.8,73.2,4.7,4199.0,1269.0
2018-10-31,Kerala,116.7,124.2,28.4,65.2,4.1,3700.0,656.0
2016-04-30,Bihar,106.7,113.4,100.7,60.4,5.5,1231.0,5293.0
2024-12-31,Tamil Nadu,145.2,144.5,141.3,79.4,5.6,5713.0,8212.0
2021-12-31,Puducherry,129.5,134.1,82.7,71.5,6.6,913.0,1243.0
2015-08-31,Tamil Nadu,100.7,109.5,27.7,59.9,4.3,8365.0,8549.0
2022-04-30,Odisha,135.2,134.7,94.4,75.0,7.3,2787.0,4816.0
2016-07-31,Punjab,104.8,114.3,94.1,63.2,6.3,7170.0,6034.0
2023-01-31,Punjab,140.7,140.2,136.0,75.1,6.2,15896.0,4790.0
2020-06-30,Andaman and Nicobar Islands,122.9,129.5,14.7,70.3,0.5,519.0,126.0
2021-07-31,Madhya Pradesh,130.5,133.4,97.5,73.4,5.5,4535.0,2363.0
2022-02-28,West Bengal,134.8,142.3,39.9,74.0,4.2,10396.0,1683.0
2025-04-30,Telangana,148.6,151.8,118.9,81.1,7.0,9290.0,4541.0
2018-10-31,Sikkim,116.3,123.3,108.9,66.2,6.4,0.0,0.0
2024-05-31,Sikkim,148.6,147.9,127.3,79.1,7.9,0.0,0.0
2022-07-31,Karnataka,137.6,137.3,102.3,75.3,5.4,2746.0,7242.0
2017-09-30,Haryana,109.4,115.5,70.1,65.7,6.7,626.0,7851.0
2021-05-31,Lakshadweep,131.3,129.7,107.5,72.5,7.7,0.0,0.0
2025-01-31,Telangana,151.7,151.1,86.3,79.6,6.8,8186.0,1688.0
2025-08-31,Kerala,150.2,151.1,46.8,80.3,4.2,1105.0,4928.0
2021-06-30,Rajasthan,130.0,132.5,114.3,72.3,6.5,1189.0,137.0
2020-07-31,Assam,125.7,128.7,34.4,70.0,-1.0,444.0,188.0
2024-07-31,Nagaland,150.0,144.4,98.9,78.7,6.0,1633.0,1557.0
2020-03-31,Goa,125.5,128.4,23.9,70.6,1.0,2666.0,2459.0
2024-05-31,Ladakh,142.5,145.0,37.3,78.3,5.8,134.0,275.0
2022-10-31,Manipur,132.9,138.7,90.1,76.2,6.8,2310.0,1414.0
2018-12-31,Manipur,114.7,124.1,75.5,65.2,4.1,170.0,111.0
2015-12-31,Telangana,97.5,110.0,57.0,60.4,4.8,7842.0,1953.0
2018-04-30,Gujarat,114.7,124.5,51.2,66.0,5.5,67.0,10471.0
2022-01-31,Himachal Pradesh,139.5,142.7,68.9,72.2,5.8,4506.0,1575.0
2019-09-30,Karnataka,119.0,126.8,99.5,67.4,4.5,7318.0,7079.0
2022-03-31,Meghalaya,132.8,137.9,66.9,72.6,7.3,1752.0,3379.0
2021-12-31,Gujarat,129.6,129.3,112.1,72.8,7.7,10136.0,355.0
2025-01-31,Tripura,149.8,151.2,37.6,78.7,7.0,2969.0,1786.0
2021-02-28,Maharashtra,128.0,134.1,113.2,70.6,7.7,7148.0,14601.0
2023-11-30,Andhra Pradesh,137.5,142.2,106.7,75.8,7.0,3076.0,4740.0
2025-04-30,Punjab,152.7,149.6,65.3,79.7,5.8,3232.0,15344.0
2023-04-30,West Bengal,141.0,141.1,24.8,75.6,5.6,873.0,201.0
2018-07-31,Puducherry,114.0,120.0,100.2,64.9,4.7,273.0,1140.0
2024-11-30,Himachal Pradesh,142.7,147.6,140.3,78.9,4.3,529.0,4143.0
2016-11-30,Punjab,104.0,108.6,118.2,61.8,4.9,9159.0,9219.0
2018-01-31,Dadra and Nagar Haveli and Daman and Diu,112.5,122.9,62.3,67.0,6.1,1070.0,63.0
2020-05-31,Rajasthan,123.8,127.0,16.2,69.0,-0.7,5027.0,6923.0
2016-10-31,Sikkim,109.1,116.6,51.4,61.4,7.8,0.0,0.0
2023-09-30,Madhya Pradesh,140.5,141.3,61.2,75.1,4.9,147.0,1096.0
2022-04-30,Tripura,133.8,139.1,36.3,74.0,7.3,3241.0,3444.0
2025-05-31,Sikkim,151.4,150.4,87.0,79.3,7.3,0.0,0.0
2021-07-31,Punjab,128.1,136.4,80.5,73.1,4.6,6458.0,2149.0
2022-06-30,Lakshadweep,134.2,141.7,111.5,71.7,6.8,0.0,0.0
2019-03-31,Meghalaya,116.3,128.3,25.1,69.7,7.3,3377.0,1475.0
2023-06-30,Punjab,142.5,143.2,57.0,75.7,7.5,1903.0,12703.0
2023-10-31,Sikkim,139.6,141.4,66.6,75.2,7.8,0.0,0.0
2019-12-31,Manipur,118.4,127.0,109.2,69.8,7.7,2980.0,2034.0
2018-10-31,Kerala,116.3,124.1,110.1,65.9,5.2,4774.0,1861.0
2017-12-31,Himachal Pradesh,107.9,117.2,46.0,63.7,5.1,1285.0,1469.0
2015-11-30,Manipur,98.0,110.1,68.7,59.4,5.6,1615.0,2531.0
2015-12-31,Sikkim,99.2,108.5,62.5,59.7,5.9,0.0,0.0
2018-03-31,Kerala,112.6,123.7,72.7,66.5,4.9,6162.0,1334.0
2017-12-31,Uttarakhand,108.7,119.0,48.6,64.5,4.3,2135.0,4443.0
2019-04-30,Odisha,119.6,123.5,66.3,66.8,6.6,2628.0,5893.0
2017-07-31,Tripura,109.8,118.7,34.5,62.8,4.7,208.0,236.0
2017-09-30,Jharkhand,107.4,117.6,91.0,65.0,7.7,331.0,1007.0
2019-10-31,Jammu and Kashmir,119.5,126.3,57.0,67.5,5.2,1507.0,3026.0
2025-08-31,Kerala,151.2,148.6,89.1,79.9,4.8,2304.0,4177.0
2017-07-31,Haryana,111.5,120.6,80.5,64.1,4.8,7005.0,1831.0
2019-07-31,Karnataka,119.0,124.7,103.7,69.5,5.2,4702.0,1386.0
2015-10-31,Odisha,99.6,114.3,28.2,61.3,6.4,2300.0,750.0
2016-03-31,Tamil Nadu,104.5,114.3,68.3,62.3,7.9,2858.0,4909.0
2015-03-31,Telangana,97.2,109.4,109.4,59.3,5.9,6745.0,1488.0
2018-07-31,Manipur,113.9,122.9,53.0,68.3,6.4,1606.0,655.0
2020-07-31,Punjab,126.6,130.6,38.7,70.7,1.3,894.0,12391.0
2019-08-31,Tripura,121.6,130.0,28.5,69.4,5.3,125.0,2089.0
2020-03-31,Maharashtra,125.8,130.9,57.0,69.8,1.1,11221.0,4535.0
2016-03-31,Jharkhand,99.7,110.3,28.5,60.8,5.7,5168.0,1892.0
2024-01-31,Andaman and Nicobar Islands,143.4,144.7,99.7,78.5,5.3,873.0,111.0
2024-08-31,Kerala,145.9,147.6,68.9,78.0,7.5,213.0,914.0
2022-08-31,Delhi,138.4,137.7,64.6,75.7,7.9,1783.0,2400.0
2018-11-30,Tamil Nadu,115.0,121.0,78.6,65.9,6.8,6464.0,8680.0
2019-09-30,Maharashtra,120.2,124.7,76.8,67.6,6.6,278.0,4270.0
2019-02-28,Tamil Nadu,119.8,124.2,60.5,69.3,6.9,7429.0,5230.0
2020-11-30,Sikkim,122.4,130.5,28.7,69.6,-0.8,0.0,0.0
2021-10-31,Andaman and Nicobar Islands,130.7,132.7,70.8,71.7,6.5,217.0,419.0
2024-08-31,Ladakh,142.0,148.7,56.1,76.5,4.3,275.0,54.0
2023-09-30,Arunachal Pradesh,139.8,140.3,36.3,77.1,6.0,480.0,449.0
2022-04-30,Punjab,135.2,135.4,119.9,73.8,5.3,8522.0,16969.0
2015-02-28,Chhattisgarh,100.1,110.0,90.2,58.8,4.2,3211.0,7053.0
2023-08-31,Uttarakhand,137.4,137.9,34.1,77.2,6.2,1656.0,1338.0
2021-12-31,Assam,128.6,129.2,36.3,71.7,5.4,733.0,5681.0
2018-07-31,Nagaland,116.4,123.2,30.0,67.8,6.4,520.0,1262.0
2020-11-30,Madhya Pradesh,125.1,130.1,59.4,71.3,-1.6,2632.0,113.0
2022-10-31,Sikkim,133.6,133.8,116.7,72.8,5.1,0.0,0.0
2018-06-30,Madhya Pradesh,112.9,122.2,60.8,66.7,6.2,1734.0,1841.0
2020-05-31,Kerala,126.6,129.4,61.3,71.1,1.3,2934.0,1625.0
2017-10-31,Lakshadweep,110.1,115.0,117.4,62.3,7.7,0.0,0.0
2024-12-31,Ladakh,142.7,147.5,140.5,77.7,5.5,316.0,483.0
2015-01-31,Gujarat,99.6,113.0,118.1,59.5,4.2,1577.0,5075.0
2020-01-31,Goa,123.4,133.8,62.8,71.1,-0.5,2198.0,3977.0
2022-04-30,Goa,135.6,138.7,50.0,73.1,7.9,2968.0,1980.0
2020-08-31,Tripura,127.5,130.0,15.4,70.3,-0.7,128.0,1880.0
2025-07-31,Uttarakhand,147.8,153.5,121.4,81.9,7.9,2510.0,3043.0
2016-10-31,Chhattisgarh,105.3,114.5,50.9,60.0,6.5,1837.0,1488.0
2021-10-31,Odisha,130.3,133.3,53.8,72.1,7.4,4717.0,3151.0
2025-09-30,Himachal Pradesh,145.7,148.7,32.8,80.1,5.9,1404.0,847.0
2017-06-30,Andhra Pradesh,111.7,119.1,91.5,61.5,6.5,4880.0,11208.0
2025-06-30,Himachal Pradesh,154.2,146.7,75.7,78.3,7.4,547.0,813.0
2023-01-31,Jharkhand,140.3,144.3,48.5,76.9,7.9,3996.0,1588.0
2016-12-31,Maharashtra,107.7,111.2,85.2,61.9,4.7,11330.0,11057.0
2016-02-29,Tripura,102.5,112.3,118.0,62.2,7.6,1478.0,2395.0
2017-12-31,Odisha,108.6,118.6,69.8,63.9,6.7,6986.0,2975.0
2016-12-31,Mizoram,105.1,117.5,80.6,63.2,7.8,0.0,0.0
2022-11-30,Nagaland,133.3,137.5,43.5,76.4,5.3,423.0,1226.0
2019-07-31,Himachal Pradesh,120.1,123.9,36.1,69.1,5.0,1992.0,2838.0
2016-12-31,Andhra Pradesh,107.0,116.1,65.8,59.7,5.5,2710.0,7312.0
2017-02-28,Goa,108.2,117.1,104.5,64.0,7.5,1148.0,3314.0
2021-08-31,Mizoram,132.1,130.6,110.9,73.4,5.8,0.0,0.0
2020-05-31,Himachal Pradesh,121.2,131.2,50.5,69.6,-1.9,1135.0,139.0
2021-03-31,Karnataka,128.9,133.6,56.1,73.4,5.0,12039.0,998.0
2018-07-31,Nagaland,114.6,121.5,95.0,65.7,4.9,747.0,638.0
2017-05-31,Gujarat,108.1,119.5,49.2,62.7,6.7,2408.0,5865.0
2021-09-30,Jammu and Kashmir,128.9,135.7,42.0,72.7,5.2,1612.0,852.0
2019-06-30,Gujarat,122.8,124.5,99.5,68.5,4.5,6314.0,7706.0
2018-03-31,Karnataka,117.5,122.2,95.1,65.4,5.5,6868.0,11854.0
2018-06-30,Jharkhand,116.4,118.9,108.2,67.3,5.1,823.0,5034.0
2017-05-31,Puducherry,112.1,117.5,77.6,62.1,5.7,320.0,946.0
2018-06-30,Telangana,113.8,120.2,109.7,67.1,4.7,1376.0,5441.0
2022-10-31,Kerala,132.6,137.6,27.2,73.5,7.8,2286.0,2990.0
2017-08-31,Himachal Pradesh,108.4,117.2,45.4,65.8,7.2,678.0,1957.0
2017-02-28,Sikkim,108.7,117.6,100.4,64.8,7.4,0.0,0.0
2024-07-31,Lakshadweep,143.8,142.7,74.8,77.7,5.2,0.0,0.0
2025-09-30,Haryana,151.1,147.4,52.7,79.0,7.4,8768.0,6247.0
2019-08-31,Rajasthan,120.6,125.6,99.6,66.4,6.4,4281.0,4543.0
2025-02-28,Meghalaya,149.6,153.0,122.7,79.9,4.2,2582.0,3351.0
2023-10-31,Delhi,139.8,143.5,78.8,76.1,4.6,1815.0,296.0
2021-09-30,Tripura,132.2,134.9,66.7,73.1,5.8,1923.0,214.0
2024-12-31,Goa,142.4,144.8,117.7,77.3,5.6,1588.0,1404.0
2019-04-30,Bihar,121.6,124.1,97.1,68.4,7.2,1838.0,1260.0
2022-07-31,Tamil Nadu,130.8,139.2,128.0,73.6,7.5,2865.0,6795.0
2016-10-31,Himachal Pradesh,103.9,111.7,84.6,63.5,7.5,851.0,4010.0
2017-10-31,Ladakh,113.0,121.3,38.6,63.9,5.5,2.0,235.0
2024-02-29,Karnataka,145.6,145.9,90.0,77.3,6.5,7212.0,3540.0
2019-01-31,Jammu and Kashmir,119.1,130.0,58.2,66.8,6.0,2620.0,2469.0
2025-09-30,Kerala,151.8,153.4,27.2,79.5,7.6,4402.0,5588.0
2021-01-31,Jammu and Kashmir,131.2,134.8,39.7,71.8,7.6,442.0,3675.0
2021-12-31,Gujarat,131.1,134.8,40.6,71.8,4.2,246.0,740.0
2019-05-31,Andaman and Nicobar Islands,119.6,124.7,28.2,68.4,6.3,998.0,776.0
2023-04-30,Rajasthan,141.9,144.6,78.4,75.7,6.0,5278.0,4253.0
2025-04-30,Assam,148.7,149.2,85.0,79.2,7.1,7321.0,6841.0
2018-09-30,Telangana,113.6,118.6,54.0,65.6,4.8,2476.0,3566.0
2023-09-30,Chandigarh,143.7,144.3,73.5,75.8,6.8,386.0,347.0
2023-10-31,Uttarakhand,139.0,143.1,89.9,75.4,7.0,2819.0,3353.0
2018-07-31,Andaman and Nicobar Islands,110.9,121.0,32.0,64.4,4.1,860.0,372.0
2018-12-31,Chandigarh,117.1,122.5,76.2,64.5,5.7,699.0,563.0
2025-06-30,Ladakh,152.7,150.1,109.2,78.0,7.9,90.0,153.0
2015-07-31,Tamil Nadu,99.5,113.0,107.5,60.2,5.2,8407.0,7997.0
2016-04-30,Uttar Pradesh,100.8,112.0,50.2,62.5,7.5,14985.0,749.0
2025-09-30,Ladakh,149.9,153.0,113.7,79.2,6.3,396.0,223.0
2024-07-31,West Bengal,149.1,148.7,96.7,78.5,5.2,5010.0,7271.0
2018-01-31,Bihar,115.4,120.7,70.3,65.6,7.3,1448.0,2514.0
2025-05-31,Andaman and Nicobar Islands,151.5,150.8,134.3,79.9,8.0,1036.0,227.0
2021-09-30,Maharashtra,131.7,135.1,82.0,70.7,7.0,3500.0,2560.0
2020-02-29,Delhi,126.9,136.0,34.0,71.2,0.9,1701.0,2830.0
2020-12-31,Dadra and Nagar Haveli and Daman and Diu,128.7,128.4,54.8,71.6,-0.9,838.0,325.0
2025-05-31,Maharashtra,152.2,146.1,139.2,80.3,6.0,1061.0,1609.0
2020-06-30,Tripura,124.8,126.0,67.1,69.2,-0.3,2450.0,1286.0
2017-06-30,Himachal Pradesh,107.8,118.4,118.0,64.1,6.7,4106.0,71.0
2016-08-31,Tripura,105.9,116.0,29.5,61.2,4.1,87.0,783.0
2021-10-31,Tripura,129.6,132.2,64.3,70.7,7.9,506.0,1600.0
2023-11-30,Chandigarh,141.4,141.6,75.9,76.7,7.5,527.0,805.0
2018-01-31,Punjab,113.3,121.1,58.4,65.0,7.3,13010.0,1663.0
2021-05-31,Tamil Nadu,129.4,131.7,37.8,71.1,7.2,10734.0,1452.0
2022-05-31,Andhra Pradesh,135.0,139.2,123.9,71.8,7.3,2597.0,6670.0
2022-04-30,Manipur,133.1,134.5,104.8,75.1,5.7,393.0,798.0
2017-09-30,Rajasthan,110.1,119.3,80.6,65.5,7.2,2507.0,1391.0
2019-10-31,Chandigarh,121.6,125.1,64.7,68.7,5.5,783.0,134.0
2017-04-30,Karnataka,113.8,120.0,58.9,64.8,7.4,7397.0,6425.0
2017-11-30,Uttar Pradesh,108.5,118.3,98.6,62.7,6.5,6109.0,3156.0
2025-05-31,Chandigarh,151.8,146.9,87.2,79.7,5.4,210.0,334.0
2020-05-31,Himachal Pradesh,121.0,130.6,48.5,70.7,1.6,3259.0,3195.0
2018-06-30,Chhattisgarh,115.0,121.2,30.0,65.0,5.0,5408.0,2124.0
2022-01-31,Puducherry,135.1,140.2,80.6,73.6,7.9,1561.0,1941.0
2024-03-31,Delhi,146.6,147.5,39.6,76.4,6.7,3088.0,1677.0
2016-03-31,Puducherry,104.0,116.3,25.4,61.7,5.6,1587.0,1996.0
2020-09-30,Andhra Pradesh,125.5,129.3,53.4,69.8,-1.5,1490.0,9190.0
2023-09-30,Manipur,142.2,140.2,57.0,76.5,7.0,1445.0,678.0
2020-04-30,Dadra and Nagar Haveli and Daman and Diu,122.7,130.0,69.9,68.3,-1.8,615.0,864.0
2018-05-31,Kerala,111.1,123.5,80.5,64.3,7.9,7226.0,2712.0
2020-11-30,Gujarat,127.2,128.1,50.7,71.2,0.2,3696.0,8833.0
2019-08-31,Delhi,118.0,126.6,39.7,69.1,6.0,2082.0,1705.0
2017-01-31,Lakshadweep,110.9,118.8,32.9,63.4,4.4,0.0,0.0
2023-09-30,Chhattisgarh,143.9,144.8,87.0,77.5,4.3,5354.0,4761.0
2024-11-30,Chhattisgarh,146.7,143.9,135.1,78.2,4.4,5492.0,1232.0
2015-09-30,Mizoram,98.1,111.0,25.6,61.1,5.0,0.0,0.0
2019-12-31,Gujarat,117.1,125.0,70.8,67.7,6.8,8182.0,10784.0
2025-05-31,Tripura,148.4,148.5,47.8,80.3,7.4,333.0,1050.0
2019-01-31,Tripura,120.3,129.9,98.2,67.7,5.7,1215.0,2554.0
2019-03-31,Assam,119.5,126.9,88.2,69.7,6.2,2837.0,3751.0
2020-10-31,Ladakh,127.7,133.1,17.8,69.8,0.8,157.0,377.0
2018-01-31,West Bengal,116.3,120.5,81.6,65.9,7.2,41.0,1699.0
2017-07-31,Tamil Nadu,108.5,121.4,118.4,62.4,7.6,9190.0,6036.0
2020-02-29,Haryana,126.7,129.2,43.7,69.9,0.1,1490.0,7788.0
2022-09-30,Dadra and Nagar Haveli and Daman and Diu,138.0,139.6,58.3,75.7,4.6,750.0,605.0
2016-02-29,Rajasthan,104.4,112.1,35.2,63.4,4.0,2102.0,3569.0
2021-07-31,Jammu and Kashmir,131.0,131.9,119.0,71.8,6.1,1767.0,2753.0
2015-08-31,Andaman and Nicobar Islands,98.3,109.9,76.4,59.9,6.0,643.0,243.0
2017-12-31,Assam,109.7,121.1,57.5,62.8,7.7,5809.0,7790.0
2018-12-31,Tripura,113.2,124.5,41.4,66.3,4.1,218.0,2446.0
2022-01-31,Arunachal Pradesh,137.5,138.3,138.0,74.3,4.6,1306.0,837.0
2017-04-30,Puducherry,109.0,117.4,82.7,64.5,4.8,1853.0,765.0
2019-03-31,Manipur,120.9,126.6,25.8,66.4,6.2,1206.0,1802.0
2023-08-31,Kerala,141.3,139.9,31.1,77.2,5.1,3027.0,880.0
2023-05-31,Telangana,146.2,142.3,136.7,75.8,4.8,250.0,6263.0
2017-05-31,Goa,109.5,118.1,91.0,65.2,6.1,1474.0,2303.0
2025-07-31,Goa,148.4,150.1,36.4,80.2,4.2,740.0,2044.0
2021-10-31,Uttar Pradesh,129.9,134.9,82.4,73.4,7.9,4106.0,7575.0
2015-10-31,Assam,98.3,111.6,61.9,60.6,7.4,4477.0,20.0
2023-10-31,Lakshadweep,139.0,137.2,118.6,75.2,5.1,0.0,0.0
2015-01-31,Nagaland,101.5,108.3,47.4,60.8,5.3,1628.0,838.0
2018-03-31,West Bengal,113.7,120.7,58.3,67.0,5.0,10837.0,8584.0
2016-09-30,Delhi,106.1,113.7,36.7,62.2,7.7,2374.0,1230.0
2020-05-31,Mizoram,126.2,129.9,27.1,69.7,-0.6,0.0,0.0
2016-03-31,Lakshadweep,105.5,115.3,38.9,62.9,6.1,0.0,0.0
2020-01-31,Kerala,126.3,130.6,13.5,71.2,-0.6,7267.0,4053.0
2022-03-31,Rajasthan,134.4,140.4,29.5,72.7,4.7,3711.0,2424.0
2023-09-30,Arunachal Pradesh,136.0,141.4,124.3,76.1,7.9,1539.0,1510.0
2017-10-31,Uttar Pradesh,110.1,116.6,100.4,63.8,7.7,5777.0,4058.0
2025-04-30,Mizoram,150.2,149.7,40.9,81.9,7.8,0.0,0.0
2024-02-29,Ladakh,144.3,146.1,104.1,77.3,5.2,524.0,510.0
2017-09-30,Puducherry,111.3,118.2,94.6,64.6,5.9,186.0,777.0
2023-02-28,Odisha,141.5,141.5,30.2,76.7,6.1,8612.0,8817.0
2020-01-31,Lakshadweep,125.4,132.2,17.3,70.1,-1.4,0.0,0.0
2015-10-31,Sikkim,100.2,112.0,76.3,61.4,4.1,0.0,0.0
2021-12-31,Nagaland,132.4,136.2,57.4,71.9,7.3,542.0,670.0
2020-05-31,Telangana,122.9,128.0,54.0,68.8,-0.8,2234.0,5333.0
2021-05-31,Andhra Pradesh,129.3,135.4,75.8,73.5,5.9,6993.0,10786.0
2015-01-31,Arunachal Pradesh,102.0,113.2,23.1,59.6,5.1,908.0,550.0
2021-08-31,Telangana,131.1,136.2,88.4,72.1,6.5,6182.0,4833.0
2016-03-31,Arunachal Pradesh,104.5,113.0,40.4,61.8,4.6,375.0,1368.0
2017-04-30,Uttarakhand,110.8,117.3,51.3,63.1,8.0,2698.0,4961.0
2016-11-30,Arunachal Pradesh,103.9,110.9,93.6,61.1,4.5,1083.0,1424.0
2024-01-31,Tamil Nadu,145.3,148.6,116.6,76.5,4.2,5609.0,11863.0
2023-11-30,Delhi,141.4,140.0,65.5,76.5,6.4,2159.0,1616.0
2024-05-31,Puducherry,147.6,145.0,34.7,78.7,5.9,1788.0,705.0
2023-02-28,Lakshadweep,141.3,143.1,116.4,76.2,6.9,0.0,0.0
2017-04-30,Assam,112.7,118.3,107.0,64.6,4.5,3476.0,7392.0
2018-06-30,Uttarakhand,112.1,122.7,116.4,65.9,5.5,3153.0,3842.0
2023-03-31,Kerala,135.6,140.8,62.1,76.2,6.0,7484.0,6111.0
2020-01-31,Haryana,120.6,127.5,19.4,70.0,1.0,13006.0,11187.0
2025-03-31,Punjab,152.2,150.4,136.5,79.9,6.3,10394.0,13701.0
2020-04-30,Mizoram,126.2,128.2,36.0,68.9,-0.0,0.0,0.0
2017-07-31,Delhi,108.6,119.0,29.4,65.3,6.0,917.0,2287.0
2021-09-30,Karnataka,129.2,132.2,69.9,71.7,6.2,2634.0,2212.0
2015-10-31,Himachal Pradesh,100.7,109.7,39.1,59.5,7.5,908.0,2730.0
2015-08-31,Puducherry,98.6,113.4,55.5,59.4,6.3,330.0,1435.0
2019-11-30,Gujarat,118.4,126.4,52.0,67.6,6.2,7539.0,8530.0
2017-06-30,Meghalaya,108.7,116.4,118.7,63.6,7.2,422.0,45.0
2016-08-31,Uttarakhand,103.5,115.0,84.0,62.2,4.3,336.0,2799.0
2018-12-31,Manipur,115.1,121.7,69.2,64.3,6.6,310.0,1417.0
2018-01-31,Telangana,118.3,120.4,71.4,65.1,7.2,7950.0,3541.0
2025-09-30,Odisha,148.0,150.0,96.5,81.5,4.4,339.0,6361.0
2023-04-30,Tamil Nadu,139.9,144.5,128.7,77.4,7.2,9140.0,454.0
2019-06-30,Dadra and Nagar Haveli and Daman and Diu,120.9,127.2,34.6,67.7,7.1,324.0,372.0
2025-02-28,Chandigarh,151.1,149.6,96.0,82.5,4.0,1019.0,101.0
2017-01-31,Gujarat,109.0,115.6,52.2,64.7,5.0,10163.0,12859.0
2015-09-30,Assam,101.2,111.5,77.1,61.5,4.6,2468.0,152.0
2017-10-31,Chandigarh,110.8,119.0,71.8,64.1,6.0,199.0,105.0
2018-07-31,Jharkhand,114.1,118.7,23.0,65.7,7.7,4261.0,1898.0
2021-02-28,Puducherry,127.3,131.0,78.2,73.0,6.4,2108.0,2144.0
2022-10-31,Madhya Pradesh,132.7,141.1,109.1,75.1,6.4,2439.0,4000.0
2016-10-31,Madhya Pradesh,106.5,114.6,44.6,61.7,4.5,6245.0,571.0
2020-10-31,Tripura,127.9,127.2,18.4,70.4,1.6,1917.0,122.0
2022-10-31,Puducherry,135.0,140.3,49.4,71.1,7.6,734.0,847.0
2017-08-31,Puducherry,112.8,120.4,83.6,63.3,5.7,908.0,1404.0
2023-10-31,Manipur,139.9,140.6,80.3,77.4,6.7,512.0,1094.0
2015-01-31,Assam,97.7,108.2,106.5,59.5,5.2,2414.0,5195.0
2020-12-31,Sikkim,124.6,130.2,29.1,69.9,-1.3,0.0,0.0
2019-02-28,Puducherry,123.0,126.3,56.5,67.9,4.7,416.0,1915.0
2016-03-31,Chhattisgarh,103.8,113.7,72.8,60.9,5.0,2928.0,4777.0
2019-05-31,Sikkim,119.7,123.9,66.0,67.9,5.4,0.0,0.0
2015-08-31,Andaman and Nicobar Islands,102.4,109.3,74.8,59.8,6.3,138.0,567.0
2021-02-28,Haryana,132.2,133.2,51.2,71.1,7.1,746.0,9873.0
2018-10-31,Puducherry,115.6,119.0,36.7,65.9,5.2,1242.0,1458.0
2020-09-30,Bihar,126.1,132.0,60.2,68.8,-0.2,6541.0,7156.0
2024-06-30,Tripura,147.1,143.9,28.7,78.0,5.8,1843.0,156.0
2025-03-31,Tamil Nadu,150.6,152.6,68.4,79.9,7.2,12812.0,10270.0
2024-09-30,Tripura,147.6,146.3,34.5,80.0,5.6,1424.0,1103.0
2018-07-31,Puducherry,116.3,120.7,93.6,65.2,7.7,176.0,19.0
2016-08-31,Goa,104.7,114.8,56.6,62.8,5.0,1439.0,3219.0
2016-09-30,Puducherry,105.9,113.7,23.0,60.6,7.0,841.0,628.0
2021-10-31,Rajasthan,129.2,136.6,27.6,74.5,5.9,2635.0,1727.0
2019-09-30,Chandigarh,118.1,130.2,39.9,68.4,4.4,781.0,107.0
2021-02-28,Assam,127.7,134.8,98.7,72.2,5.1,6525.0,4237.0
2023-02-28,Manipur,139.6,141.6,119.9,76.6,7.4,537.0,2069.0
2024-02-29,Rajasthan,145.6,149.2,143.6,78.1,4.0,4884.0,1476.0
2024-07-31,Odisha,148.6,145.6,52.9,77.6,7.0,3734.0,7279.0
2018-06-30,Odisha,115.8,120.9,26.0,65.1,7.2,1027.0,8780.0
2020-08-31,Puducherry,125.4,132.5,29.0,70.2,0.8,14.0,1030.0
2020-10-31,Maharashtra,124.8,131.7,22.7,71.3,-0.9,6036.0,123.0
2021-06-30,Bihar,129.3,133.0,91.0,70.1,7.5,6204.0,7968.0
2022-06-30,Dadra and Nagar Haveli and Daman and Diu,135.3,138.6,140.3,76.2,4.7,58.0,502.0
2024-03-31,Karnataka,144.4,145.3,56.8,77.1,5.0,9637.0,10468.0
2024-04-30,Karnataka,144.4,147.2,63.4,78.3,7.3,10618.0,1053.0
2023-07-31,Bihar,141.6,143.0,66.1,75.3,6.2,5972.0,6486.0
2016-07-31,Meghalaya,103.2,111.4,105.7,61.9,7.7,742.0,2633.0
2020-10-31,Goa,124.5,130.1,46.7,70.3,-0.9,2376.0,3033.0
2020-03-31,Nagaland,123.6,127.0,70.4,69.8,-1.6,1666.0,312.0
2021-03-31,Tripura,130.2,131.2,82.7,72.2,4.4,933.0,1524.0
2023-08-31,Telangana,141.7,141.0,108.7,76.1,6.8,3190.0,4804.0
2021-03-31,Himachal Pradesh,130.7,132.8,28.9,72.6,7.7,3475.0,515.0
2025-08-31,Puducherry,149.6,146.6,138.2,80.5,4.7,1390.0,1411.0
2019-08-31,Puducherry,121.9,123.6,82.8,65.8,7.9,1408.0,364.0
2016-10-31,West Bengal,106.8,110.9,72.0,61.7,4.8,2900.0,6693.0
2022-05-31,Karnataka,135.1,136.5,70.5,75.3,4.3,4907.0,5414.0
2016-07-31,Maharashtra,108.2,115.1,27.7,62.8,6.0,6983.0,389.0
2017-02-28,Uttar Pradesh,110.8,121.0,33.3,62.9,7.2,539.0,1056.0
2016-11-30,Haryana,105.8,116.1,21.2,61.6,5.4,2807.0,12366.0
2018-11-30,West Bengal,112.6,122.9,119.9,65.8,5.3,972.0,8751.0
2016-01-31,Punjab,101.6,114.8,98.6,61.8,4.8,1979.0,12157.0
2020-06-30,Tripura,125.1,129.8,59.8,69.8,1.6,1910.0,2184.0
2021-01-31,Jharkhand,132.0,133.8,93.0,71.5,5.4,572.0,4962.0
2021-05-31,Karnataka,130.7,136.8,68.4,71.0,6.7,3953.0,3047.0
2017-07-31,Uttar Pradesh,111.9,119.2,28.8,66.1,4.5,8432.0,1360.0
2022-01-31,Tamil Nadu,134.2,138.4,32.7,74.2,5.8,2920.0,6689.0
2019-11-30,Odisha,120.2,122.5,111.6,67.8,7.2,6316.0,7038.0
2018-05-31,Nagaland,115.0,123.5,20.0,66.8,7.9,938.0,2147.0
2024-04-30,Odisha,141.4,147.5,107.9,76.4,4.7,8169.0,4250.0
2022-12-31,Manipur,138.6,136.8,99.4,74.5,4.4,1174.0,1319.0
2025-02-28,Meghalaya,152.4,150.5,84.1,78.5,8.0,2630.0,1126.0
2023-09-30,Punjab,141.9,141.7,141.0,76.4,6.2,1227.0,6754.0
2021-02-28,Odisha,132.6,132.9,39.8,71.1,5.4,6513.0,9929.0
2023-03-31,Karnataka,139.1,142.8,118.2,76.7,7.8,1777.0,7041.0
2025-06-30,Gujarat,151.6,147.8,105.0,82.7,5.6,2596.0,9075.0
2021-03-31,Odisha,129.1,138.1,117.4,72.2,4.9,3821.0,6890.0
2016-02-29,Telangana,105.3,115.1,113.4,60.5,7.2,1820.0,6136.0
2018-02-28,Dadra and Nagar Haveli and Daman and Diu,111.5,121.8,32.9,65.3,5.3,18.0,986.0
2018-09-30,Haryana,114.7,123.9,50.8,66.3,5.3,6613.0,2470.0
2021-03-31,Telangana,126.9,135.6,105.1,73.3,5.8,3613.0,1620.0
2017-05-31,Haryana,107.5,116.5,42.9,62.9,6.8,10364.0,5770.0
2016-06-30,Madhya Pradesh,104.9,113.0,57.9,63.9,7.4,7635.0,7158.0
2016-08-31,Jharkhand,103.6,109.4,82.6,62.6,4.9,4039.0,1314.0
2016-02-29,Odisha,105.7,111.9,76.3,62.0,5.4,3077.0,4317.0
2019-06-30,Tamil Nadu,123.3,127.3,84.1,68.9,6.0,10101.0,5210.0
2017-07-31,Delhi,108.8,118.4,91.3,62.7,4.1,259.0,630.0
2019-10-31,Chandigarh,119.5,125.0,92.9,67.1,6.8,39.0,48.0
2023-08-31,Chandigarh,141.3,142.7,112.5,74.6,6.3,763.0,510.0
2025-08-31,Andaman and Nicobar Islands,148.7,148.9,143.0,82.2,4.5,84.0,483.0
2017-01-31,Jammu and Kashmir,108.6,115.1,55.7,64.0,4.5,4274.0,67.0
2016-07-31,Himachal Pradesh,104.1,112.1,24.4,62.2,7.6,3353.0,794.0
2015-03-31,Haryana,101.8,114.6,54.9,61.1,6.7,6335.0,1917.0
2022-02-28,Tripura,131.5,137.7,133.4,72.6,5.6,23.0,353.0
2015-09-30,Haryana,98.3,109.8,28.3,59.2,5.4,6415.0,10092.0
2022-10-31,Uttar Pradesh,138.1,139.0,101.6,74.4,5.3,267.0,779.0
2016-08-31,Karnataka,98.8,116.0,62.3,63.7,6.6,1481.0,8850.0
2017-11-30,Tamil Nadu,109.7,117.5,112.2,64.9,4.7,1685.0,4647.0
2019-05-31,Lakshadweep,123.1,128.2,112.9,68.4,7.9,0.0,0.0
2024-02-29,Andhra Pradesh,148.8,145.6,118.2,78.3,6.7,13340.0,10646.0
2015-04-30,Himachal Pradesh,101.6,110.0,29.9,61.1,4.5,3304.0,1460.0
2023-06-30,West Bengal,142.3,141.0,27.0,75.0,4.6,1968.0,5672.0
2018-11-30,Delhi,113.1,123.5,33.7,66.3,6.6,785.0,1810.0
2022-10-31,Lakshadweep,133.3,135.2,62.6,74.5,5.5,0.0,0.0
2018-12-31,Haryana,118.4,122.5,44.1,65.7,6.6,8142.0,10652.0
2022-07-31,Nagaland,134.5,139.2,68.4,73.9,6.9,133.0,1114.0
2021-12-31,Gujarat,126.2,136.1,34.3,70.4,6.2,9786.0,76.0
2020-08-31,Nagaland,125.8,131.1,57.2,69.4,-1.3,370.0,494.0
2025-05-31,Kerala,149.6,148.2,125.4,77.6,6.2,124.0,5966.0
2021-01-31,Bihar,130.2,135.2,68.8,72.7,5.7,4613.0,7121.0
2015-04-30,Madhya Pradesh,95.2,111.5,115.7,60.1,7.6,3801.0,1632.0
2021-04-30,Karnataka,124.7,135.3,32.0,71.9,7.0,6656.0,9334.0
2021-01-31,Meghalaya,130.6,133.5,30.6,72.3,6.5,511.0,1167.0
2021-05-31,Maharashtra,129.4,133.7,40.0,72.3,4.2,10503.0,9386.0
2018-12-31,Meghalaya,114.1,124.0,118.2,65.7,8.0,2999.0,520.0
2023-06-30,Sikkim,140.8,142.0,74.0,74.6,6.3,0.0,0.0
2023-10-31,Nagaland,138.4,140.1,134.9,76.5,5.0,404.0,324.0
2021-05-31,Tripura,129.5,133.2,40.2,71.0,6.4,3264.0,2133.0
2018-03-31,Jammu and Kashmir,114.1,125.0,104.6,66.4,7.3,406.0,2499.0
2019-10-31,Gujarat,121.8,123.3,51.0,69.3,6.2,822.0,3875.0
2016-07-31,Punjab,101.2,116.6,93.4,63.8,7.1,8642.0,641.0
2022-04-30,Uttarakhand,133.7,138.0,140.9,74.4,5.7,272.0,1470.0
2024-05-31,Andaman and Nicobar Islands,147.2,143.3,136.0,77.7,6.4,725.0,1017.0
2021-05-31,Jharkhand,128.3,135.6,103.1,71.5,5.7,1794.0,6313.0
2021-05-31,Karnataka,130.2,132.6,25.0,72.3,6.1,6635.0,6084.0
2017-04-30,Punjab,113.3,118.2,80.8,62.1,4.7,1816.0,16814.0
2020-06-30,Delhi,125.3,126.3,62.1,69.2,1.9,2374.0,10.0
2015-10-31,Madhya Pradesh,104.3,112.7,59.9,59.2,7.9,5245.0,3660.0
2025-06-30,Meghalaya,152.8,149.4,111.7,80.4,7.1,299.0,2104.0
2019-10-31,Karnataka,118.7,124.8,33.8,67.9,5.3,6058.0,6203.0
2025-05-31,Chhattisgarh,147.5,150.4,45.2,80.2,7.5,6742.0,5853.0
2024-04-30,Assam,143.8,147.8,101.2,77.9,7.6,8550.0,3586.0
2021-12-31,Arunachal Pradesh,130.8,133.6,63.7,71.8,4.7,1124.0,1972.0
2022-12-31,Jharkhand,135.7,139.7,50.2,74.3,4.2,3541.0,2534.0
2017-09-30,Goa,111.3,117.9,48.3,64.7,6.3,1495.0,2364.0
2018-11-30,Rajasthan,113.1,122.2,81.9,67.1,5.9,2301.0,303.0
2024-04-30,Dadra and Nagar Haveli and Daman and Diu,143.4,144.4,111.0,78.0,6.9,1073.0,565.0
2018-07-31,Puducherry,116.1,124.1,40.8,67.1,5.2,934.0,652.0
2015-08-31,Lakshadweep,104.0,111.3,115.5,61.6,5.5,0.0,0.0
2015-03-31,Andaman and Nicobar Islands,97.8,111.1,20.8,59.4,5.1,469.0,455.0
2025-05-31,Andhra Pradesh,149.9,152.1,108.0,80.8,5.2,6638.0,12792.0
2015-12-31,Delhi,99.3,107.9,49.1,59.4,4.0,601.0,1905.0
2021-12-31,Mizoram,130.3,134.1,67.9,73.2,6.0,0.0,0.0
2016-04-30,Puducherry,102.6,116.2,77.0,62.2,5.9,970.0,991.0
2021-06-30,Meghalaya,130.2,133.9,76.2,71.6,5.4,695.0,1453.0
2019-11-30,Gujarat,122.4,126.3,97.6,67.1,6.2,2006.0,2230.0
2020-03-31,Ladakh,121.8,130.2,61.4,69.4,-0.2,509.0,560.0
2019-01-31,Madhya Pradesh,122.0,126.9,27.3,67.8,5.7,3429.0,92.0
2019-03-31,Punjab,117.6,122.2,90.3,69.1,4.0,16025.0,14242.0
2017-09-30,Bihar,110.5,118.2,59.9,63.7,4.3,3328.0,4956.0
2017-06-30,Chhattisgarh,111.0,118.8,101.9,63.5,4.6,6399.0,6913.0
2021-04-30,Meghalaya,130.8,134.8,80.9,73.8,4.7,1640.0,1651.0
2016-03-31,Himachal Pradesh,104.3,117.2,21.0,61.6,5.8,5227.0,4475.0
2021-10-31,Kerala,131.3,132.8,86.6,70.8,7.5,5266.0,4094.0
2022-08-31,Maharashtra,132.5,141.3,135.1,72.6,5.6,3922.0,2051.0
2016-11-30,Manipur,106.8,113.3,28.3,61.3,6.5,2573.0,411.0
2022-10-31,Chhattisgarh,134.1,135.3,83.3,74.0,4.1,2591.0,2765.0
2018-09-30,Nagaland,115.6,125.0,82.6,66.0,7.4,1425.0,1136.0
2020-02-29,Haryana,124.3,132.1,23.8,69.4,1.9,3950.0,3292.0
2016-03-31,Haryana,108.1,114.3,85.1,60.5,5.1,15912.0,733.0
2018-10-31,Tripura,115.9,120.8,25.0,65.1,7.3,2220.0,541.0
2020-04-30,Bihar,126.3,129.6,66.3,68.7,-1.8,1056.0,3331.0
2021-03-31,Uttar Pradesh,131.6,134.5,96.3,69.0,5.0,9940.0,15492.0
2019-04-30,Karnataka,119.5,128.8,114.1,65.7,6.4,8732.0,9978.0
2022-04-30,Goa,135.6,135.4,74.2,74.3,7.6,4288.0,26.0
2019-09-30,Delhi,120.3,125.6,23.4,67.7,4.9,1563.0,925.0
2021-11-30,Sikkim,131.3,133.5,54.2,72.6,6.5,0.0,0.0
2020-06-30,Andaman and Nicobar Islands,124.1,129.0,42.9,69.3,0.3,150.0,718.0
2016-08-31,Chhattisgarh,103.6,112.7,113.6,61.4,6.6,5101.0,2880.0
2017-09-30,Andhra Pradesh,112.4,121.2,108.3,63.1,7.8,1861.0,7073.0
2020-12-31,Sikkim,126.6,128.4,47.6,69.1,0.8,0.0,0.0
2017-01-31,Jammu and Kashmir,108.3,118.3,93.0,63.2,6.6,3558.0,268.0
2018-10-31,Dadra and Nagar Haveli and Daman and Diu,118.8,119.6,115.4,67.7,4.7,334.0,101.0
2021-01-31,Assam,128.9,135.7,105.1,71.9,5.3,7220.0,7220.0
2023-02-28,Assam,140.2,141.0,103.1,75.2,5.6,8657.0,1242.0
2019-09-30,Gujarat,122.3,121.6,74.0,69.0,7.3,6911.0,8535.0
2022-03-31,Andhra Pradesh,137.3,139.9,81.1,74.0,4.2,6342.0,4727.0
2019-07-31,Telangana,118.6,124.9,95.7,69.1,6.9,5787.0,3293.0
2020-01-31,Chandigarh,126.0,132.6,60.5,70.5,0.1,490.0,794.0
2022-05-31,Lakshadweep,134.4,140.2,50.1,74.1,4.3,0.0,0.0
2015-08-31,Lakshadweep,100.8,109.8,67.4,60.3,7.2,0.0,0.0
2016-04-30,Rajasthan,104.7,114.8,97.1,62.4,4.4,4426.0,5407.0
2024-08-31,Meghalaya,144.2,146.2,105.1,76.7,7.9,147.0,1917.0
2020-01-31,Bihar,123.1,127.2,47.5,70.1,0.3,6843.0,5290.0
2016-03-31,Mizoram,107.4,116.8,52.4,62.3,6.8,0.0,0.0
2023-06-30,Madhya Pradesh,138.5,141.5,97.1,76.4,6.2,1083.0,2234.0
2019-06-30,Jammu and Kashmir,122.9,126.0,81.2,67.5,7.7,3643.0,839.0
2016-02-29,Puducherry,104.4,114.1,63.2,63.2,4.5,2266.0,1594.0
2017-12-31,Karnataka,111.0,117.5,116.0,64.2,4.5,2220.0,730.0
2023-09-30,Ladakh,143.1,143.3,102.4,75.6,7.3,189.0,201.0
2021-10-31,Tripura,129.1,133.8,105.1,72.4,5.9,865.0,112.0
2020-07-31,Chandigarh,125.9,129.0,19.7,71.0,0.2,832.0,539.0
2015-10-31,Madhya Pradesh,101.0,109.2,95.7,59.3,5.6,3204.0,2359.0
2019-01-31,Telangana,118.7,129.3,80.2,67.1,5.8,6701.0,5229.0
2024-03-31,Ladakh,145.4,146.1,61.0,78.8,5.3,509.0,334.0
2020-05-31,Puducherry,126.5,133.2,20.2,71.0,-1.4,1148.0,437.0
2019-09-30,Haryana,123.4,124.1,58.0,67.9,5.9,826.0,2365.0
2017-03-31,Nagaland,109.2,116.7,64.1,63.8,7.0,387.0,1737.0
2024-05-31,Gujarat,145.7,145.0,40.9,78.9,6.8,3375.0,8920.0
2020-11-30,Sikkim,124.7,129.8,52.2,69.2,0.1,0.0,0.0
2021-11-30,Gujarat,130.4,132.6,50.7,69.6,7.7,6611.0,7514.0
2019-09-30,Madhya Pradesh,118.8,125.7,100.6,68.1,6.2,118.0,3574.0
2024-12-31,Arunachal Pradesh,144.7,146.4,101.8,78.1,7.4,1544.0,228.0
2022-09-30,Arunachal Pradesh,138.0,140.0,61.3,74.9,7.3,627.0,473.0
2016-03-31,Andaman and Nicobar Islands,105.3,111.3,56.0,62.8,4.2,766.0,914.0
2024-03-31,Uttarakhand,145.2,147.9,137.1,79.7,6.5,5787.0,2986.0
2023-05-31,Nagaland,138.3,143.5,137.8,76.3,7.2,1580.0,1152.0
2024-11-30,Arunachal Pradesh,147.2,144.1,74.2,80.2,7.6,645.0,368.0
2021-04-30,Bihar,131.7,132.4,87.9,73.2,6.0,10417.0,6856.0
2016-08-31,Haryana,105.3,114.7,118.0,62.1,7.0,7415.0,7142.0
2021-01-31,Ladakh,133.8,132.7,119.4,73.1,7.9,130.0,178.0
2025-02-28,Himachal Pradesh,148.9,152.7,32.7,79.1,7.3,4955.0,2634.0
2018-05-31,Nagaland,112.9,122.0,75.3,65.7,7.4,32.0,960.0
2016-11-30,Sikkim,104.8,111.6,92.7,61.9,5.6,0.0,0.0
2016-11-30,Karnataka,103.3,111.8,38.7,61.8,4.4,5070.0,9842.0
2015-09-30,Uttarakhand,100.5,107.0,102.2,60.9,7.9,130.0,2208.0
2016-01-31,Lakshadweep,105.1,113.8,66.8,63.1,6.8,0.0,0.0
2019-03-31,Arunachal Pradesh,122.3,125.9,69.8,68.8,4.7,552.0,677.0
2020-04-30,Arunachal Pradesh,124.1,131.0,28.5,69.4,0.2,2301.0,653.0
2019-04-30,Chandigarh,120.7,128.5,50.0,68.7,6.9,193.0,1116.0
2018-02-28,Sikkim,115.4,122.0,28.4,67.2,4.4,0.0,0.0
2023-04-30,Sikkim,141.7,144.5,135.8,76.7,4.7,0.0,0.0
2019-03-31,Telangana,117.7,124.5,58.2,66.6,7.5,182.0,2538.0
2019-07-31,Uttarakhand,118.2,123.1,36.2,67.0,7.8,2569.0,2299.0
2024-01-31,Karnataka,143.8,147.6,41.1,78.6,5.5,5097.0,373.0
2018-08-31,Madhya Pradesh,112.8,123.4,60.7,67.2,5.7,6291.0,4730.0
2024-02-29,Uttarakhand,146.2,146.5,99.9,77.0,5.6,5838.0,5131.0
2025-08-31,Manipur,151.2,151.4,117.3,80.0,7.3,1423.0,874.0
2023-09-30,Mizoram,142.2,137.4,135.0,76.0,5.8,0.0,0.0
2015-10-31,Himachal Pradesh,99.7,109.1,83.6,59.0,5.5,3588.0,3560.0
2023-04-30,Tamil Nadu,139.1,144.2,74.5,76.3,6.5,11107.0,11108.0
2024-01-31,Bihar,143.1,145.5,74.6,78.4,6.0,2050.0,9391.0
2023-12-31,Manipur,142.6,143.3,92.9,76.2,6.1,376.0,1243.0
2022-10-31,Dadra and Nagar Haveli and Daman and Diu,134.6,143.2,88.6,75.0,5.6,821.0,577.0
2020-03-31,Goa,123.5,132.0,50.4,70.0,-0.6,3105.0,1089.0
2021-12-31,Uttar Pradesh,131.5,133.3,70.3,72.7,4.1,11050.0,8214.0
2017-01-31,Andhra Pradesh,109.3,114.5,25.9,64.4,7.7,6355.0,3089.0
2015-12-31,Sikkim,97.9,111.4,70.1,60.7,4.1,0.0,0.0
2017-01-31,Chandigarh,108.3,114.0,22.3,63.5,7.1,556.0,1061.0
2015-11-30,Sikkim,100.2,108.4,38.1,60.5,5.2,0.0,0.0
2020-04-30,Delhi,122.9,128.5,35.2,71.2,0.4,618.0,1435.0
2025-06-30,Chhattisgarh,149.8,149.8,90.2,80.9,6.4,1936.0,2418.0
2019-02-28,Ladakh,118.3,126.5,38.5,69.2,6.8,131.0,571.0
2022-05-31,Jharkhand,133.1,136.3,57.2,74.2,6.5,2192.0,5757.0
2023-03-31,Andhra Pradesh,139.0,144.1,68.9,77.6,6.3,4854.0,7381.0
2024-08-31,Kerala,145.3,148.8,47.7,77.7,6.1,6047.0,1445.0
2022-12-31,Assam,135.6,137.5,143.9,73.7,6.2,3688.0,7585.0
2016-02-29,Jharkhand,106.8,116.1,100.5,63.8,7.5,5993.0,3803.0
2015-01-31,Andhra Pradesh,98.4,108.6,101.1,60.5,4.4,3180.0,7206.0
2017-01-31,Odisha,112.8,115.9,76.9,64.9,4.6,8274.0,6741.0
2020-12-31,Nagaland,130.4,132.2,69.7,68.3,-0.4,1018.0,490.0
2020-09-30,Dadra and Nagar Haveli and Daman and Diu,124.2,130.5,55.9,70.4,1.0,510.0,238.0
2023-09-30,Sikkim,136.5,142.8,63.7,76.3,7.1,0.0,0.0
2016-11-30,Bihar,101.5,117.7,81.1,62.6,5.4,1816.0,8044.0
2015-09-30,Jharkhand,99.0,111.3,74.4,60.6,7.7,580.0,1628.0
2024-10-31,Jharkhand,143.6,150.8,93.6,77.7,5.1,1066.0,837.0
2022-10-31,Manipur,135.0,138.2,122.1,76.5,5.7,1228.0,2434.0
2017-09-30,Chhattisgarh,111.0,121.0,71.0,63.2,4.6,2139.0,2735.0
2016-02-29,Mizoram,102.4,113.9,92.9,61.8,6.7,0.0,0.0
2015-01-31,Nagaland,99.7,107.7,45.1,60.9,5.6,992.0,176.0
2022-06-30,Chhattisgarh,134.0,139.7,135.8,73.0,7.8,5874.0,3865.0
2022-05-31,Haryana,139.1,137.9,34.4,74.0,4.1,7211.0,12956.0
2022-06-30,Uttarakhand,132.2,142.1,143.2,74.8,5.6,2991.0,1062.0
2016-02-29,Tripura,103.5,115.1,83.3,61.5,4.1,1490.0,2422.0
2024-03-31,Uttar Pradesh,145.1,147.9,80.4,77.3,5.3,17742.0,11021.0
2021-11-30,Tamil Nadu,128.5,130.9,51.1,72.4,5.5,1925.0,172.0
2020-12-31,Tamil Nadu,127.3,131.5,36.3,70.2,-1.8,3339.0,4706.0
2017-03-31,Andaman and Nicobar Islands,108.0,117.9,98.2,63.4,5.0,747.0,234.0
2021-02-28,Delhi,128.2,132.4,33.9,72.2,5.0,295.0,787.0
2023-03-31,Nagaland,142.4,144.8,54.3,76.0,5.1,1283.0,313.0
2020-12-31,Gujarat,122.6,127.4,19.4,71.0,-2.0,1842.0,10753.0
2016-11-30,Lakshadweep,106.7,114.7,62.7,61.1,7.4,0.0,0.0
2020-08-31,Gujarat,124.1,128.8,35.2,69.2,0.1,245.0,5824.0
2024-09-30,Haryana,143.8,146.5,101.9,77.8,8.0,9239.0,5985.0
2023-10-31,Rajasthan,139.0,141.4,143.5,75.7,5.1,1478.0,118.0
2022-09-30,Mizoram,132.8,137.6,131.1,75.0,4.1,0.0,0.0
2020-05-31,Delhi,126.8,130.1,64.8,70.2,2.0,2072.0,1502.0
2020-08-31,Chandigarh,125.3,128.1,50.7,70.7,-0.2,419.0,439.0
2025-08-31,Arunachal Pradesh,151.8,152.1,56.5,81.4,8.0,593.0,1373.0
2020-03-31,Ladakh,127.4,131.3,35.0,69.2,-2.0,596.0,307.0
2024-05-31,Sikkim,146.1,144.0,54.0,79.5,4.9,0.0,0.0
2022-06-30,Lakshadweep,132.1,140.8,40.2,74.0,7.3,0.0,0.0
2021-09-30,Tripura,128.1,135.5,63.6,69.7,7.7,148.0,1175.0
2023-07-31,Haryana,141.7,142.2,131.7,76.2,6.6,7579.0,10310.0
2024-08-31,Delhi,145.1,143.2,113.3,76.6,7.7,1819.0,2457.0
2016-01-31,Andaman and Nicobar Islands,106.3,112.7,118.5,60.7,7.8,86.0,602.0
2025-04-30,Mizoram,149.8,146.2,47.4,79.0,7.0,0.0,0.0
2022-04-30,Arunachal Pradesh,134.1,138.4,84.1,73.9,5.4,1349.0,643.0
2015-11-30,Dadra and Nagar Haveli and Daman and Diu,101.3,111.7,99.3,58.8,4.6,396.0,838.0
2016-03-31,Bihar,101.5,112.6,66.0,63.3,6.1,9355.0,6382.0
2015-10-31,Uttar Pradesh,99.4,110.0,55.5,61.1,5.2,9935.0,380.0
2018-05-31,Himachal Pradesh,115.1,124.0,101.6,68.6,4.5,4934.0,4136.0
2021-01-31,Dadra and Nagar Haveli and Daman and Diu,130.4,132.8,63.0,71.9,5.6,876.0,590.0
2019-04-30,Jharkhand,117.4,127.1,111.3,67.5,5.9,4892.0,4518.0
2025-08-31,Goa,147.5,154.2,56.2,80.2,6.6,2689.0,2330.0
2017-04-30,Uttar Pradesh,109.2,119.5,109.6,64.9,4.9,8848.0,1497.0
2020-05-31,Karnataka,124.9,127.9,28.7,71.3,-0.7,12028.0,4262.0
2016-05-31,Manipur,108.1,113.9,49.0,61.4,4.7,2509.0,2017.0
2022-11-30,Punjab,133.2,139.4,74.5,75.0,8.0,13200.0,13012.0
2020-03-31,Maharashtra,124.0,131.0,42.9,71.0,-0.1,6779.0,13294.0
2018-02-28,Rajasthan,118.2,119.9,61.8,69.0,4.6,989.0,1736.0
2020-10-31,Uttarakhand,127.1,130.9,63.7,71.4,1.6,2370.0,876.0
2023-08-31,Chandigarh,137.8,141.6,119.5,77.9,5.0,98.0,168.0
2019-05-31,Gujarat,121.4,125.1,51.0,70.0,4.8,4387.0,12970.0
2024-11-30,Manipur,146.7,147.1,85.4,77.3,4.5,237.0,231.0
2021-02-28,Meghalaya,130.4,137.5,63.1,71.2,6.2,154.0,842.0
2019-06-30,Punjab,117.7,124.5,25.6,69.0,7.5,1676.0,662.0
2016-08-31,Punjab,103.8,114.9,94.8,61.6,7.6,5520.0,9979.0
2021-07-31,Sikkim,128.7,133.8,38.2,72.8,7.1,0.0,0.0
2017-07-31,Goa,111.1,119.2,113.4,63.9,6.3,2921.0,1179.0
2019-10-31,Punjab,119.1,126.2,59.8,68.4,6.1,6204.0,9685.0
2023-09-30,Chhattisgarh,139.5,140.8,98.7,76.3,5.5,2289.0,111.0
2015-10-31,Karnataka,98.8,108.8,101.8,60.7,4.2,3785.0,8062.0
2015-10-31,Arunachal Pradesh,96.9,110.9,38.0,58.8,7.3,203.0,1118.0
2018-03-31,Chandigarh,120.2,122.3,74.1,64.7,8.0,597.0,638.0
2018-01-31,Haryana,115.8,123.2,43.7,65.9,7.7,12783.0,12102.0
2024-11-30,Haryana,147.9,142.8,85.2,78.1,7.7,12410.0,2119.0
2020-07-31,Mizoram,122.8,132.2,46.8,71.7,-1.5,0.0,0.0
2018-07-31,Jammu and Kashmir,118.0,124.8,36.9,66.4,4.4,3021.0,2959.0
2019-04-30,Chandigarh,119.2,126.3,78.1,68.2,7.5,536.0,127.0
2023-05-31,Andhra Pradesh,141.1,143.3,78.6,75.8,7.1,4842.0,3702.0
2019-08-31,Chhattisgarh,122.0,128.0,72.2,68.5,5.6,2956.0,952.0
2021-04-30,Meghalaya,133.0,133.6,110.5,71.8,7.3,2249.0,3398.0
2020-08-31,Ladakh,124.9,130.5,41.0,68.8,1.7,304.0,407.0
2023-10-31,Manipur,138.0,143.0,81.1,77.1,6.6,1765.0,1839.0
2025-05-31,Mizoram,150.0,149.0,80.4,79.5,7.8,0.0,0.0
2022-08-31,Madhya Pradesh,136.2,138.3,98.8,73.6,7.6,2378.0,5054.0
2016-11-30,Telangana,103.9,110.0,56.8,60.6,7.0,13.0,6554.0
2024-01-31,Bihar,144.2,144.8,120.2,78.4,5.1,3237.0,924.0
2020-01-31,Madhya Pradesh,121.9,132.9,29.2,71.7,1.8,6368.0,4595.0
2018-08-31,Himachal Pradesh,113.0,122.8,50.0,64.3,5.3,1184.0,3117.0
2016-04-30,Uttar Pradesh,105.9,112.4,78.9,60.4,6.5,7493.0,11442.0
2016-10-31,Meghalaya,106.8,111.5,46.0,62.4,5.3,2475.0,10.0
2019-09-30,Goa,122.2,131.0,29.0,68.3,5.7,2713.0,1788.0
2020-02-29,Karnataka,129.6,128.6,24.3,69.5,0.6,4804.0,12277.0
2023-11-30,Arunachal Pradesh,143.0,141.0,133.6,75.4,5.3,1690.0,109.0
2020-11-30,Chandigarh,124.7,131.2,12.6,70.3,-1.1,627.0,543.0
2022-06-30,Odisha,133.1,136.3,40.0,72.1,5.3,6100.0,8536.0
2020-12-31,Tamil Nadu,124.5,130.8,57.5,68.7,0.1,10895.0,2698.0
2020-10-31,Kerala,123.9,130.1,70.8,69.0,1.3,1943.0,4860.0
2017-06-30,Goa,110.3,115.7,88.8,63.6,7.5,2809.0,583.0
2023-07-31,Ladakh,141.8,142.1,134.7,75.6,6.9,427.0,363.0
2017-08-31,Manipur,111.0,118.7,105.5,61.4,6.7,822.0,1440.0
2022-02-28,Ladakh,138.2,135.9,81.6,72.7,5.8,425.0,518.0
2019-09-30,Madhya Pradesh,120.8,127.0,53.4,68.6,7.3,6331.0,4524.0
2024-01-31,Haryana,142.4,147.4,99.9,78.5,6.0,9014.0,14734.0
2015-09-30,Tripura,98.9,108.0,73.4,60.9,4.5,1238.0,547.0
2017-07-31,Telangana,110.8,119.0,22.6,64.5,5.1,765.0,1285.0
2020-11-30,Dadra and Nagar Haveli and Daman and Diu,125.5,130.5,69.4,69.9,-0.6,533.0,605.0
2016-01-31,Madhya Pradesh,107.6,113.3,77.0,61.0,6.3,6811.0,2664.0
2017-11-30,Andaman and Nicobar Islands,110.0,117.5,107.4,63.0,6.6,333.0,717.0
2016-09-30,Lakshadweep,104.6,114.8,93.5,61.2,5.3,0.0,0.0
2020-04-30,Nagaland,121.9,128.8,32.4,70.8,1.6,663.0,1080.0
2022-11-30,Uttar Pradesh,133.4,139.2,132.1,74.5,6.6,3065.0,1956.0
2017-10-31,Nagaland,110.6,116.4,99.0,63.0,4.2,1249.0,1313.0
2025-01-31,Puducherry,150.4,148.5,75.6,80.4,7.9,715.0,1984.0
2016-03-31,Dadra and Nagar Haveli and Daman and Diu,106.2,111.4,104.0,62.6,7.5,814.0,628.0
2024-12-31,Manipur,145.9,142.6,56.6,78.5,7.3,2546.0,2633.0
2022-12-31,Punjab,134.8,138.3,104.5,74.9,5.5,8992.0,8764.0
2015-06-30,West Bengal,98.0,106.1,31.5,60.1,7.0,7532.0,6261.0
2024-01-31,Bihar,145.0,146.7,127.9,77.7,4.2,6371.0,6580.0
2023-01-31,Haryana,139.9,141.8,111.5,76.1,4.4,4959.0,11607.0
2017-08-31,Nagaland,112.7,121.8,35.3,65.0,6.0,592.0,1071.0
2021-11-30,Lakshadweep,132.7,135.2,22.1,72.8,6.3,0.0,0.0
2024-10-31,Tamil Nadu,144.0,147.0,70.8,78.1,7.1,2118.0,5262.0
2021-07-31,Manipur,128.8,132.7,87.5,73.1,5.2,2206.0,217.0
2021-06-30,Gujarat,127.3,132.9,48.3,73.9,6.2,7901.0,1300.0
2023-11-30,Dadra and Nagar Haveli and Daman and Diu,139.7,141.2,140.8,78.6,4.3,583.0,251.0
2025-06-30,Lakshadweep,149.1,149.9,136.2,82.5,5.9,0.0,0.0
2016-03-31,Maharashtra,110.2,112.8,79.8,65.2,6.7,6002.0,13315.0
2021-01-31,Odisha,127.8,135.1,51.6,73.3,8.0,9535.0,285.0
2023-05-31,Meghalaya,140.1,141.2,131.6,73.3,7.1,1619.0,1868.0
2023-02-28,Himachal Pradesh,138.7,144.2,120.4,76.2,8.0,5434.0,3486.0
2017-02-28,Andhra Pradesh,110.0,116.4,28.6,62.5,6.0,8129.0,10412.0
2022-08-31,Tripura,134.3,139.5,81.2,75.7,5.7,1962.0,1162.0
2025-05-31,Haryana,151.6,153.9,141.7,79.7,7.3,2481.0,13178.0
2021-01-31,Lakshadweep,130.9,137.5,65.4,72.4,5.8,0.0,0.0
2025-03-31,Haryana,151.6,148.3,135.9,79.9,7.0,6095.0,15985.0
2019-05-31,Madhya Pradesh,118.5,128.3,117.7,69.8,8.0,6175.0,7614.0
2021-06-30,Assam,132.2,129.6,58.7,70.8,6.9,7541.0,5356.0
2022-08-31,Arunachal Pradesh,134.0,134.9,139.7,74.7,4.1,1290.0,336.0
2022-04-30,West Bengal,132.2,139.2,40.6,73.0,4.7,4930.0,5169.0
2016-01-31,Bihar,104.6,114.9,36.0,59.9,5.1,1879.0,6166.0
2018-07-31,Tamil Nadu,115.2,123.2,47.7,66.2,7.3,7384.0,2495.0
2021-04-30,Puducherry,127.5,133.0,66.8,70.8,7.7,1704.0,1936.0
2019-03-31,Gujarat,121.7,123.8,38.1,66.5,6.6,218.0,12095.0
2016-07-31,Chandigarh,103.4,110.4,54.0,60.4,4.4,195.0,15.0
2025-02-28,Himachal Pradesh,148.3,148.3,36.4,79.6,6.0,4701.0,4627.0
2016-12-31,Odisha,105.0,115.3,63.0,62.9,7.4,125.0,645.0
2017-02-28,Himachal Pradesh,111.7,119.7,102.7,62.5,5.4,5405.0,5310.0
2024-12-31,Tamil Nadu,142.6,146.6,95.4,79.1,4.3,5744.0,9395.0
2021-10-31,Karnataka,131.9,134.4,101.0,71.5,7.1,2711.0,1407.0
2023-04-30,Madhya Pradesh,135.7,145.4,40.3,74.9,6.6,9161.0,5425.0
2016-05-31,Andaman and Nicobar Islands,105.7,116.8,59.9,63.2,5.9,326.0,569.0
2020-08-31,Dadra and Nagar Haveli and Daman and Diu,122.7,131.9,14.4,71.0,-1.7,497.0,274.0
2018-08-31,Haryana,113.4,124.3,57.0,66.8,7.4,8878.0,462.0
2020-01-31,Odisha,128.5,130.7,48.9,70.2,-0.8,2390.0,3090.0
2025-03-31,Chhattisgarh,148.0,151.0,92.3,78.9,7.8,6078.0,6690.0
2022-09-30,Uttarakhand,134.9,136.5,31.2,75.2,5.8,2500.0,1326.0
2021-02-28,Maharashtra,127.9,134.8,26.2,72.0,6.9,3989.0,6055.0
2020-07-31,Sikkim,126.5,128.7,30.3,70.1,2.0,0.0,0.0
2024-03-31,Sikkim,145.8,148.5,116.6,78.4,6.5,0.0,0.0
2015-02-28,Chhattisgarh,101.1,111.2,22.1,61.0,6.2,986.0,3609.0
2022-05-31,Meghalaya,137.3,137.1,97.9,72.4,6.9,1193.0,197.0
2017-02-28,Uttar Pradesh,109.3,119.4,38.4,64.0,5.4,3615.0,7303.0
2023-03-31,Meghalaya,142.1,144.2,137.3,75.5,5.5,1991.0,1961.0
2017-03-31,Kerala,113.0,116.3,63.0,65.5,7.9,2038.0,2216.0
2022-05-31,Meghalaya,135.6,137.5,29.7,75.7,4.5,2346.0,1126.0
2015-01-31,Kerala,97.8,108.1,91.4,60.3,7.4,1666.0,3988.0
2023-07-31,Lakshadweep,137.6,141.9,82.2,74.7,7.2,0.0,0.0
2018-05-31,Chhattisgarh,115.9,124.7,108.1,65.4,4.2,3598.0,5761.0
2019-03-31,Ladakh,117.8,126.0,85.2,65.5,6.8,102.0,215.0
2016-03-31,West Bengal,102.3,115.2,89.3,63.0,4.4,1338.0,2840.0
2015-08-31,Bihar,101.8,108.9,96.7,59.4,4.8,3573.0,8057.0
2018-02-28,Andaman and Nicobar Islands,114.1,123.7,62.0,67.2,7.8,820.0,1093.0
2024-06-30,Odisha,149.8,145.9,119.1,77.4,5.4,942.0,8477.0
2021-11-30,Tripura,128.7,135.5,25.1,71.8,4.2,1380.0,762.0
2019-08-31,Jammu and Kashmir,119.0,127.7,96.6,67.6,6.1,2794.0,1989.0
2023-07-31,Telangana,140.7,139.9,100.4,74.4,4.8,735.0,4336.0
2023-06-30,Odisha,140.4,140.6,92.0,74.4,5.7,5777.0,160.0
2021-06-30,Tamil Nadu,129.8,133.2,51.8,74.0,4.4,6046.0,3995.0
2021-11-30,Dadra and Nagar Haveli and Daman and Diu,129.8,137.6,31.4,71.2,4.4,411.0,98.0
2017-06-30,Odisha,116.5,120.7,84.7,64.7,6.0,4526.0,8863.0
2015-05-31,Lakshadweep,103.3,110.2,67.2,62.6,5.3,0.0,0.0
2024-11-30,Madhya Pradesh,146.7,151.5,50.1,77.6,4.6,1998.0,2754.0
2017-07-31,Nagaland,107.5,115.4,24.3,64.5,6.3,1168.0,1331.0
2016-11-30,Gujarat,104.9,113.5,73.9,62.3,4.2,3284.0,3754.0
2018-12-31,Telangana,116.3,124.4,32.6,66.3,7.0,1185.0,6108.0
2024-01-31,Mizoram,146.5,146.1,135.5,78.5,4.2,0.0,0.0
2018-04-30,Manipur,117.6,120.3,35.1,64.8,7.9,2231.0,44.0
2015-06-30,Himachal Pradesh,98.7,110.8,23.2,58.6,6.9,4750.0,3205.0
2018-02-28,Puducherry,114.9,127.4,46.2,66.0,7.6,1426.0,1518.0
2023-04-30,Jammu and Kashmir,138.5,140.3,45.0,77.4,5.8,1485.0,1094.0
2017-03-31,Haryana,112.7,116.5,99.1,64.9,4.2,9018.0,15860.0
2020-09-30,Karnataka,126.4,127.8,29.4,68.6,0.3,2473.0,6304.0
2019-09-30,Telangana,119.0,125.2,44.5,68.6,7.9,7007.0,3956.0
2016-05-31,Chandigarh,105.4,116.2,119.5,62.3,6.5,504.0,823.0
2020-11-30,Rajasthan,125.1,133.1,21.0,70.1,0.4,891.0,208.0
2018-11-30,Jammu and Kashmir,113.2,119.5,28.5,66.1,5.9,1267.0,3014.0
2021-07-31,Kerala,131.9,135.2,50.6,72.3,5.3,558.0,4256.0
2024-02-29,Himachal Pradesh,145.2,147.5,72.6,78.0,6.0,302.0,2939.0
2016-01-31,Kerala,103.9,112.6,96.0,61.4,7.3,1145.0,5347.0
2025-04-30,West Bengal,148.2,151.5,138.7,79.8,4.9,4003.0,4784.0
2024-01-31,Andaman and Nicobar Islands,146.7,146.8,115.6,76.2,5.6,69.0,854.0
2022-06-30,Jammu and Kashmir,135.5,140.2,111.2,74.5,5.8,2411.0,2326.0
2022-02-28,Andaman and Nicobar Islands,133.6,133.5,143.0,74.5,6.3,772.0,779.0
2022-08-31,Goa,134.0,138.6,115.8,75.7,4.3,1165.0,908.0
2016-12-31,Meghalaya,105.0,115.6,34.0,62.6,4.8,893.0,2434.0
2021-01-31,West Bengal,130.1,136.1,66.2,71.8,5.6,2051.0,5890.0
2015-04-30,Andhra Pradesh,100.4,111.6,70.4,60.5,7.2,8808.0,7268.0
2024-05-31,Andaman and Nicobar Islands,141.5,143.6,60.6,77.7,4.7,609.0,923.0
2018-10-31,Goa,115.2,124.9,36.4,65.3,7.5,1089.0,1144.0
2016-06-30,Uttarakhand,102.6,115.5,91.2,59.6,5.4,829.0,3752.0
2018-07-31,Sikkim,117.8,122.0,47.7,66.4,5.0,0.0,0.0
2022-09-30,Gujarat,137.1,138.1,99.0,74.5,5.6,8200.0,942.0
2023-07-31,Andhra Pradesh,142.3,145.5,62.7,77.3,6.2,1820.0,1982.0
2025-04-30,Madhya Pradesh,145.1,151.4,84.7,81.4,6.9,1261.0,8868.0
2015-10-31,Maharashtra,99.4,110.3,53.7,60.3,5.9,7953.0,4890.0
2021-01-31,Manipur,129.8,132.3,61.2,70.8,7.3,982.0,380.0
2017-07-31,Kerala,111.1,117.5,93.2,62.8,7.3,170.0,4680.0
2019-12-31,Bihar,121.8,124.3,108.4,68.2,4.0,5051.0,5924.0
2024-10-31,Rajasthan,147.6,142.5,85.0,78.9,7.2,969.0,3407.0
2016-02-29,Arunachal Pradesh,100.4,114.4,81.0,63.0,5.8,480.0,96.0
2015-02-28,Rajasthan,98.4,106.5,106.4,59.6,7.9,7163.0,6795.0
2016-12-31,Maharashtra,105.1,112.7,34.3,59.9,7.3,7655.0,11893.0
2020-04-30,Arunachal Pradesh,126.7,129.4,21.7,68.8,-1.0,1812.0,644.0
2023-04-30,Karnataka,141.6,139.1,67.1,74.1,6.5,11804.0,5009.0
2024-06-30,Maharashtra,145.9,148.0,61.1,78.3,4.8,12783.0,9070.0
2016-12-31,Punjab,103.7,113.8,118.6,61.7,5.2,3125.0,5934.0
2022-07-31,Jammu and Kashmir,134.0,133.4,91.7,73.7,4.8,2395.0,2838.0
2017-02-28,Uttarakhand,108.7,119.7,72.4,64.5,7.0,3381.0,4343.0
2020-05-31,Goa,123.0,133.5,46.7,69.6,1.4,2119.0,1255.0
2024-12-31,Gujarat,143.0,146.4,129.0,79.9,5.6,8457.0,9896.0
2015-04-30,Andhra Pradesh,97.8,111.2,44.4,59.8,7.4,4474.0,6019.0
2015-01-31,Madhya Pradesh,100.7,110.6,71.1,58.3,6.8,2973.0,1281.0
2019-02-28,Mizoram,120.2,127.1,47.1,65.5,5.7,0.0,0.0
2024-02-29,Ladakh,143.1,144.9,117.7,78.5,6.5,95.0,203.0
2021-02-28,Andhra Pradesh,126.6,132.5,97.7,72.6,5.7,10429.0,5329.0
2020-02-29,Andhra Pradesh,124.3,127.9,69.4,70.6,-0.3,1010.0,1485.0
2021-09-30,Odisha,133.0,134.2,64.7,70.7,6.3,7186.0,3081.0
2019-08-31,Chandigarh,120.0,127.3,35.9,67.1,6.5,526.0,512.0
2024-03-31,Madhya Pradesh,146.6,147.3,131.6,79.7,8.0,1595.0,3830.0
2016-09-30,Gujarat,105.4,113.2,109.1,61.8,7.1,6858.0,4078.0
2015-09-30,Punjab,99.9,109.6,43.5,59.4,5.1,7071.0,4451.0
2020-10-31,Himachal Pradesh,122.1,129.6,28.6,71.4,1.2,1096.0,77.0
2025-09-30,Madhya Pradesh,149.2,149.0,61.6,79.0,7.7,2715.0,2538.0
2024-10-31,Punjab,143.9,142.1,78.2,77.6,5.2,5711.0,81.0
2019-08-31,Tripura,123.0,125.6,102.9,69.2,7.3,1283.0,293.0
2017-07-31,Chhattisgarh,110.4,117.4,34.4,65.3,5.0,3126.0,2155.0
2018-01-31,Tripura,117.6,121.9,90.0,67.4,5.7,144.0,546.0
2022-07-31,Kerala,137.3,136.9,66.3,74.7,6.8,1858.0,1680.0
2024-06-30,Uttar Pradesh,143.3,146.6,47.5,80.0,5.0,9053.0,662.0
2025-08-31,Sikkim,150.0,155.4,64.6,80.9,4.7,0.0,0.0
2025-02-28,Andhra Pradesh,153.4,151.6,88.0,80.3,5.9,4019.0,8515.0
2020-09-30,Haryana,126.1,129.1,67.3,70.0,1.2,10331.0,8832.0
2017-12-31,Ladakh,111.0,117.6,82.8,63.7,6.4,416.0,219.0
2017-08-31,Assam,111.8,117.8,80.7,62.8,6.8,553.0,3219.0
2020-04-30,Sikkim,126.0,130.2,18.5,67.8,-1.3,0.0,0.0
2018-12-31,Rajasthan,116.1,122.0,28.0,67.0,6.2,3480.0,5720.0
2021-09-30,Rajasthan,130.6,133.1,32.9,71.9,5.3,3060.0,564.0
2019-12-31,Dadra and Nagar Haveli and Daman and Diu,119.3,125.0,29.6,67.1,5.7,457.0,732.0
2015-01-31,Andhra Pradesh,97.9,111.3,77.6,62.0,5.5,1377.0,6469.0
2020-05-31,Uttarakhand,121.3,129.5,39.2,71.2,0.0,2777.0,5121.0
2017-09-30,Arunachal Pradesh,109.3,119.1,20.5,63.8,7.6,1243.0,391.0
2018-02-28,Andaman and Nicobar Islands,115.9,121.6,55.1,66.6,6.6,948.0,503.0
2017-01-31,Andhra Pradesh,110.5,114.4,32.7,64.0,7.4,6582.0,4885.0
2019-11-30,Haryana,121.3,123.9,118.8,67.6,7.1,1143.0,12475.0
2023-05-31,Jammu and Kashmir,139.7,138.8,79.2,77.2,4.3,381.0,367.0
2025-07-31,Jammu and Kashmir,155.4,150.4,75.1,80.3,4.9,431.0,997.0
2018-05-31,Gujarat,119.1,118.6,84.4,64.8,7.8,7195.0,10222.0
2019-09-30,Tamil Nadu,117.0,125.0,55.7,68.4,5.8,6721.0,4417.0
2018-12-31,Tamil Nadu,116.3,121.3,91.6,66.6,7.2,9303.0,232.0
2020-12-31,Odisha,126.9,129.5,66.3,71.7,-0.5,362.0,5812.0
2019-08-31,Manipur,115.8,127.8,69.9,68.3,7.3,1153.0,1252.0
2020-05-31,Haryana,125.3,132.1,35.0,70.1,-1.4,3359.0,12894.0
2015-12-31,Delhi,101.0,108.5,72.2,60.5,5.1,1510.0,632.0
2020-09-30,Jammu and Kashmir,125.0,130.0,48.2,68.9,-1.5,443.0,3185.0
2022-05-31,Madhya Pradesh,135.8,137.2,125.7,76.7,6.0,6401.0,4687.0
2017-01-31,Dadra and Nagar Haveli and Daman and Diu,110.2,118.8,59.4,66.0,6.3,623.0,121.0
2015-01-31,Gujarat,101.4,109.8,25.1,61.0,6.2,9524.0,12134.0
2019-01-31,Punjab,123.1,126.9,83.1,68.3,7.5,14804.0,13000.0
2019-12-31,Haryana,121.5,123.7,118.7,66.6,5.1,9138.0,3741.0
2015-02-28,Ladakh,102.4,110.5,105.4,60.0,4.2,202.0,488.0
2021-01-31,Maharashtra,127.9,131.2,95.8,72.5,5.7,10249.0,14163.0
2024-02-29,Chandigarh,149.1,144.4,45.2,77.0,7.7,100.0,408.0
2020-01-31,Himachal Pradesh,125.6,130.2,56.9,69.5,-1.8,4838.0,143.0
2016-05-31,Madhya Pradesh,104.2,110.1,28.1,61.5,5.1,2956.0,8573.0
2019-01-31,Kerala,120.8,121.6,69.4,67.4,6.5,4811.0,2713.0
2021-04-30,Arunachal Pradesh,128.9,131.7,57.1,73.7,7.0,2182.0,814.0
2018-07-31,Rajasthan,115.3,120.1,110.5,65.8,5.9,841.0,3649.0
2019-09-30,Andaman and Nicobar Islands,120.6,124.3,36.0,69.4,5.5,571.0,63.0
2019-02-28,Punjab,118.6,125.0,98.9,67.5,5.5,10948.0,6544.0
2018-01-31,Himachal Pradesh,115.3,122.6,24.9,65.7,5.7,685.0,3497.0
2018-10-31,Manipur,113.6,125.9,90.2,66.0,7.4,667.0,421.0
2016-03-31,Delhi,103.6,112.7,49.4,62.2,5.9,337.0,1445.0
2021-08-31,Gujarat,128.0,134.8,117.6,70.9,5.3,6158.0,9678.0
2016-12-31,Assam,104.3,116.5,87.2,62.4,4.7,2704.0,4900.0
2025-05-31,Tamil Nadu,148.9,152.1,61.1,78.9,5.1,1423.0,11327.0
2024-10-31,Sikkim,145.9,144.4,52.3,79.9,5.9,0.0,0.0
2021-08-31,Madhya Pradesh,132.2,135.7,83.9,71.5,6.2,3623.0,3727.0
2022-10-31,Himachal Pradesh,136.3,140.6,56.7,74.9,6.5,1847.0,189.0
2020-05-31,Puducherry,126.9,133.1,23.2,69.4,0.8,155.0,422.0
2022-04-30,Kerala,136.8,141.1,101.7,75.3,6.5,1766.0,537.0
2022-04-30,Puducherry,133.1,135.8,110.9,73.5,5.4,1165.0,1194.0
2025-06-30,Delhi,149.3,150.5,52.6,79.9,5.0,1798.0,2362.0
2022-05-31,Jammu and Kashmir,138.6,136.6,88.3,73.8,5.3,4119.0,4171.0
2020-01-31,West Bengal,123.9,127.4,51.8,69.7,1.1,10886.0,8973.0
2016-03-31,Assam,108.7,115.0,114.2,60.5,7.2,6436.0,1128.0
2022-10-31,Kerala,134.2,138.4,120.4,73.3,4.4,4342.0,1038.0
2019-03-31,Madhya Pradesh,115.9,126.3,62.1,68.4,6.0,7157.0,1555.0
2017-03-31,Assam,109.5,117.1,104.4,64.5,6.1,6542.0,694.0
2021-02-28,Nagaland,131.7,138.9,64.2,70.9,4.1,735.0,878.0
2020-01-31,Uttar Pradesh,128.3,133.0,19.8,69.3,-0.1,5176.0,5128.0
2017-07-31,Jharkhand,107.0,117.2,54.1,63.9,5.5,2875.0,4447.0
2015-12-31,Bihar,101.7,110.0,100.5,60.1,5.7,8733.0,735.0
2018-10-31,Kerala,116.8,123.0,115.6,66.4,6.4,1272.0,2046.0
2017-08-31,Meghalaya,112.6,120.1,118.4,65.0,5.9,1696.0,998.0
2020-01-31,Mizoram,119.7,131.0,50.3,70.3,0.3,0.0,0.0
2018-10-31,Dadra and Nagar Haveli and Daman and Diu,118.3,122.2,67.8,65.0,6.4,531.0,486.0
2022-01-31,Uttar Pradesh,135.9,135.2,43.4,74.7,4.9,9570.0,3290.0
2021-08-31,Arunachal Pradesh,130.9,137.9,30.3,73.0,7.5,183.0,540.0
2015-04-30,Andaman and Nicobar Islands,102.1,108.7,71.9,58.4,4.9,902.0,1001.0
2019-04-30,Chandigarh,116.0,128.1,92.8,68.5,6.9,936.0,185.0
2024-04-30,Karnataka,147.0,146.1,62.9,79.3,7.2,11859.0,5002.0
2017-12-31,Puducherry,114.7,120.5,87.5,63.4,6.8,1675.0,1252.0
2019-06-30,Gujarat,117.3,123.4,77.1,68.7,5.7,9521.0,364.0
2024-11-30,Andaman and Nicobar Islands,144.9,144.7,136.9,77.3,7.5,391.0,546.0
2025-07-31,Delhi,150.1,149.7,49.1,79.7,5.3,999.0,2131.0
2016-05-31,Uttarakhand,105.7,112.2,79.1,61.1,6.7,3980.0,2144.0
2021-03-31,Meghalaya,130.9,132.9,61.4,72.6,7.5,1580.0,1769.0
2023-09-30,Mizoram,138.7,144.6,55.4,76.8,4.6,0.0,0.0
2024-09-30,Karnataka,145.1,147.1,66.9,78.4,6.6,2016.0,992.0
2018-07-31,Maharashtra,118.5,124.9,49.5,66.6,7.6,1642.0,5471.0
2024-04-30,Madhya Pradesh,145.8,146.1,87.3,78.7,4.4,6236.0,6250.0
2024-07-31,Jammu and Kashmir,145.7,145.7,91.0,79.4,4.6,1643.0,2228.0
2017-03-31,Uttar Pradesh,108.6,115.4,106.6,63.4,5.5,17262.0,17681.0
2018-01-31,Tripura,117.7,124.1,98.1,63.5,8.0,2788.0,3017.0
2018-10-31,Kerala,114.6,121.7,50.3,65.6,4.9,899.0,1844.0
2024-05-31,Bihar,140.9,146.4,135.8,77.6,5.3,10494.0,1433.0
2017-11-30,Uttarakhand,110.8,116.9,106.8,64.8,7.3,3936.0,1976.0
2021-08-31,Haryana,131.4,139.7,82.6,69.7,4.5,11285.0,8294.0
2021-08-31,Haryana,129.4,134.2,21.9,72.3,8.0,3901.0,1367.0
2025-01-31,Andaman and Nicobar Islands,145.5,148.6,49.1,81.3,7.0,263.0,775.0
2025-02-28,Assam,147.8,147.7,118.7,80.0,7.8,3013.0,8908.0
2021-09-30,Rajasthan,129.8,135.1,65.4,72.6,4.6,2995.0,2938.0
2024-11-30,Dadra and Nagar Haveli and Daman and Diu,144.2,144.5,39.1,77.3,4.9,726.0,718.0
2019-10-31,Madhya Pradesh,120.9,125.1,60.8,68.7,5.5,4544.0,6297.0
2020-03-31,Dadra and Nagar Haveli and Daman and Diu,126.2,126.9,24.7,69.9,-1.0,696.0,1081.0
2023-04-30,Mizoram,139.1,142.1,131.1,75.4,4.2,0.0,0.0
2020-06-30,Lakshadweep,122.2,130.1,65.4,70.1,0.9,0.0,0.0
2022-01-31,Telangana,137.9,141.7,70.4,74.8,4.2,3493.0,7187.0
2025-03-31,Arunachal Pradesh,151.1,148.9,40.5,79.9,7.0,774.0,2288.0
2015-02-28,Assam,101.3,105.6,55.9,59.8,6.9,1790.0,4947.0
2023-10-31,Uttar Pradesh,140.8,141.6,39.4,76.0,4.3,4893.0,6633.0
2023-12-31,Arunachal Pradesh,142.2,144.6,60.5,76.3,4.8,461.0,1007.0
2020-12-31,Delhi,124.2,131.2,58.3,70.2,0.3,396.0,693.0
2025-06-30,Puducherry,151.7,152.2,59.0,80.2,6.6,1344.0,938.0
2019-09-30,Uttar Pradesh,121.3,126.9,74.4,66.8,7.6,5963.0,11180.0
2021-09-30,Puducherry,131.3,133.1,31.9,71.9,6.1,344.0,883.0
2016-07-31,Maharashtra,102.6,111.8,54.8,63.3,7.7,6219.0,5209.0
2015-07-31,Dadra and Nagar Haveli and Daman and Diu,100.3,108.0,24.0,60.6,4.8,747.0,510.0
2019-06-30,Punjab,120.8,124.8,74.8,69.2,6.5,12306.0,12900.0
2023-08-31,Jharkhand,143.6,143.3,65.7,76.4,7.4,353.0,4652.0
2022-02-28,Punjab,135.2,137.8,128.6,74.2,4.9,13430.0,8523.0
2021-10-31,Delhi,132.2,130.4,59.3,73.4,7.2,2034.0,570.0
2020-01-31,Arunachal Pradesh,122.0,130.6,45.5,69.6,1.5,1803.0,1224.0
2022-03-31,Kerala,133.6,140.4,141.2,73.5,8.0,4265.0,5481.0
2015-02-28,Meghalaya,100.9,106.8,84.3,61.7,4.4,2522.0,976.0
2017-07-31,Himachal Pradesh,110.9,119.1,70.0,64.9,6.2,439.0,4081.0
2017-09-30,Karnataka,108.6,113.8,29.8,63.7,7.1,8365.0,5497.0
2021-08-31,Rajasthan,131.9,132.2,102.1,71.4,6.7,2955.0,312.0
2015-11-30,Kerala,99.7,107.4,84.2,59.0,6.0,2993.0,2450.0
2025-08-31,Bihar,149.6,151.4,37.0,79.7,6.1,3170.0,5948.0
2025-08-31,Uttar Pradesh,149.8,153.3,53.5,80.9,5.6,4480.0,9811.0
2017-07-31,Odisha,112.7,120.1,73.8,61.8,5.4,8025.0,4425.0
2025-06-30,Mizoram,152.2,152.1,29.4,81.1,6.4,0.0,0.0
2018-11-30,Andhra Pradesh,118.8,120.1,91.8,66.7,7.0,7903.0,2428.0
2023-11-30,Haryana,141.1,143.2,51.3,75.0,5.1,12529.0,129.0
2016-07-31,Chandigarh,108.9,114.5,69.0,62.1,7.8,518.0,616.0
2021-09-30,Telangana,130.5,131.6,44.2,71.5,5.5,1313.0,370.0
2025-03-31,Mizoram,149.7,152.2,82.7,79.1,5.7,0.0,0.0
2023-11-30,Chandigarh,139.1,142.9,46.8,76.3,5.6,525.0,154.0
2019-01-31,Himachal Pradesh,119.6,125.6,79.4,68.5,4.4,3386.0,14.0
2021-01-31,Arunachal Pradesh,129.7,135.6,111.0,72.8,4.5,822.0,1689.0
2019-02-28,Uttar Pradesh,118.6,126.3,100.7,66.2,7.2,1754.0,10625.0
2021-09-30,Lakshadweep,128.8,136.4,44.2,71.6,5.5,0.0,0.0
2022-11-30,Uttarakhand,136.2,141.8,83.8,74.6,4.9,3711.0,2467.0
2015-12-31,Karnataka,99.0,109.4,62.3,61.0,6.8,8703.0,10653.0
2016-11-30,Andhra Pradesh,101.6,113.4,116.5,62.3,7.8,1983.0,1479.0
2019-06-30,Nagaland,116.5,125.0,99.9,69.1,7.7,1962.0,467.0
2024-10-31,Haryana,140.8,146.0,36.9,78.2,6.9,4942.0,9681.0
2019-11-30,Uttarakhand,117.2,128.7,36.9,68.5,4.8,1037.0,3202.0
2015-03-31,Nagaland,97.6,107.9,90.2,59.2,4.6,1888.0,1191.0
2019-10-31,Himachal Pradesh,118.1,123.3,36.0,68.7,7.5,2015.0,945.0
2019-09-30,Arunachal Pradesh,120.6,126.5,115.0,66.7,7.9,1001.0,321.0
2022-06-30,Mizoram,132.5,137.9,143.2,73.0,6.5,0.0,0.0
2019-07-31,Karnataka,118.2,126.4,97.8,67.2,7.6,2747.0,4592.0
2018-09-30,Goa,111.3,118.1,22.7,67.7,7.3,3041.0,1903.0
2015-01-31,Chhattisgarh,98.7,113.1,68.3,59.6,4.6,5782.0,5413.0
2016-09-30,Kerala,106.4,114.4,60.6,62.4,4.9,6098.0,684.0
2016-09-30,Jammu and Kashmir,105.0,118.9,100.0,62.6,4.3,588.0,2194.0
2019-04-30,Telangana,120.2,126.8,48.7,68.5,5.9,8936.0,7882.0
2021-10-31,Chandigarh,130.0,133.2,58.6,71.0,5.3,122.0,562.0
2020-07-31,Mizoram,122.4,130.5,17.6,70.4,1.0,0.0,0.0
2024-05-31,Ladakh,144.2,149.0,65.1,77.0,4.0,310.0,334.0
2018-08-31,Goa,115.4,120.6,117.4,64.4,6.9,599.0,1100.0
2015-10-31,Lakshadweep,101.9,111.2,114.2,61.7,4.8,0.0,0.0
2020-04-30,Puducherry,125.7,130.9,57.0,69.8,-1.9,1666.0,1749.0
2020-09-30,Meghalaya,126.8,131.2,66.4,69.8,1.2,345.0,682.0
2020-08-31,Gujarat,122.8,128.2,24.7,71.1,-1.9,2293.0,2083.0
2017-04-30,Lakshadweep,107.0,119.3,82.2,64.8,5.5,0.0,0.0
2024-08-31,Mizoram,141.5,147.1,84.0,77.4,7.6,0.0,0.0
2019-03-31,Lakshadweep,121.6,129.1,62.3,68.4,7.6,0.0,0.0
2015-04-30,Maharashtra,97.1,113.5,52.5,60.6,4.1,15238.0,11120.0
2021-07-31,Uttar Pradesh,132.1,134.7,106.6,70.8,4.1,6546.0,6363.0
2016-05-31,Himachal Pradesh,104.1,114.5,68.5,61.3,6.4,5074.0,2243.0
2023-12-31,Madhya Pradesh,143.3,140.1,110.9,75.8,4.8,5811.0,4880.0
2021-02-28,Tripura,129.1,133.6,90.6,72.1,7.6,2206.0,295.0
2016-11-30,Kerala,104.2,113.1,33.6,63.4,5.9,4794.0,4623.0
2016-06-30,Meghalaya,105.1,116.0,24.9,61.4,5.3,2225.0,2032.0
2025-09-30,Chandigarh,149.2,150.6,124.8,81.6,7.8,704.0,798.0
2017-11-30,Rajasthan,110.8,116.0,69.0,64.6,5.3,1203.0,5597.0
2020-04-30,Telangana,122.9,128.3,60.6,68.5,1.3,3084.0,2766.0
2019-11-30,Chhattisgarh,120.4,131.1,49.7,68.4,4.5,1414.0,3441.0
2015-01-31,Delhi,98.5,109.1,106.2,61.6,4.9,1739.0,2807.0
2020-07-31,Dadra and Nagar Haveli and Daman and Diu,124.6,131.4,61.8,69.9,1.9,395.0,705.0
2018-01-31,Himachal Pradesh,112.2,122.0,58.2,65.4,7.0,5359.0,1069.0
2017-05-31,Jammu and Kashmir,111.7,117.5,61.2,63.5,5.5,368.0,1539.0
2022-05-31,Haryana,134.3,140.3,66.1,74.6,5.4,14757.0,12056.0
2023-04-30,Karnataka,141.8,141.1,28.2,74.7,5.7,5862.0,1201.0
2025-02-28,Mizoram,148.5,149.4,106.5,81.9,5.2,0.0,0.0
2022-06-30,Meghalaya,135.0,140.7,56.7,75.2,6.4,462.0,1963.0
2016-02-29,Punjab,106.9,113.2,108.4,62.8,7.3,10789.0,5465.0
2022-01-31,Uttarakhand,132.6,135.2,131.7,73.0,4.0,3248.0,4055.0
2016-09-30,Maharashtra,103.2,111.7,92.3,63.6,7.7,614.0,8290.0
2017-02-28,Sikkim,111.6,119.0,38.2,65.4,4.5,0.0,0.0
2018-05-31,Gujarat,117.7,120.6,28.9,67.6,7.6,7118.0,778.0
2025-02-28,Karnataka,150.0,152.3,122.0,80.5,4.9,10862.0,12804.0
2018-02-28,Mizoram,113.1,122.0,109.3,66.2,7.7,0.0,0.0
2022-04-30,Madhya Pradesh,134.4,139.5,66.2,74.4,7.1,8379.0,2927.0
2015-11-30,Mizoram,103.9,110.7,55.3,60.6,5.1,0.0,0.0
2017-05-31,Karnataka,107.3,120.1,59.0,65.4,4.1,7509.0,4600.0
2019-12-31,Bihar,121.1,129.8,102.8,66.8,6.9,4421.0,6801.0
2020-01-31,Meghalaya,125.3,131.1,54.4,70.4,-0.1,2154.0,1200.0
2016-10-31,Dadra and Nagar Haveli and Daman and Diu,102.7,115.0,32.2,62.7,6.7,99.0,348.0
2021-06-30,Rajasthan,129.4,136.2,83.5,73.2,5.5,4690.0,1861.0
2024-05-31,Delhi,141.4,144.9,25.2,77.9,4.5,2918.0,1120.0
2025-03-31,Madhya Pradesh,150.6,151.1,109.2,80.3,5.4,1965.0,4034.0
2018-08-31,Andaman and Nicobar Islands,115.9,120.2,96.5,66.1,5.1,196.0,376.0
2023-01-31,Manipur,137.3,140.5,121.8,76.5,6.9,293.0,1444.0
2021-05-31,Jharkhand,131.1,133.0,82.6,71.6,4.6,4875.0,1863.0
2019-07-31,Delhi,118.7,128.5,38.1,68.8,7.3,2657.0,499.0
2019-03-31,Manipur,118.5,125.7,99.4,68.6,6.4,1236.0,1771.0
2023-06-30,Madhya Pradesh,138.0,140.4,132.0,74.7,5.9,6747.0,3478.0
2017-05-31,Jammu and Kashmir,111.3,119.5,83.4,63.0,5.4,3237.0,66.0
2020-09-30,Rajasthan,121.7,126.7,28.5,70.0,-1.1,143.0,213.0
2021-08-31,Chandigarh,126.8,130.3,37.9,75.3,6.2,19.0,169.0
2017-07-31,Gujarat,108.8,117.5,43.1,63.9,4.9,6436.0,8536.0
2024-04-30,Telangana,143.9,145.5,26.0,77.1,8.0,5994.0,858.0
2018-10-31,Meghalaya,116.3,124.1,21.0,65.5,7.6,1745.0,1372.0
2023-01-31,Chhattisgarh,139.8,144.4,59.6,76.7,5.6,2435.0,1361.0
2019-04-30,Goa,119.8,125.8,112.3,69.8,5.0,380.0,2322.0
2021-02-28,Arunachal Pradesh,126.8,133.6,82.1,71.5,5.2,1974.0,236.0
2018-05-31,Assam,114.5,120.4,58.6,66.4,7.9,934.0,2415.0
2021-05-31,Jharkhand,125.2,133.8,21.1,71.6,5.6,2508.0,6554.0
2024-06-30,Telangana,145.5,140.9,142.8,78.8,7.6,4854.0,7452.0
2019-04-30,Delhi,121.4,125.1,65.6,67.6,4.2,794.0,3203.0
2022-03-31,Punjab,133.4,137.8,143.0,74.9,7.1,13389.0,6017.0
2024-01-31,Sikkim,145.8,144.4,110.4,75.5,7.0,0.0,0.0
2020-09-30,Lakshadweep,124.1,128.7,15.1,70.8,-2.0,0.0,0.0
2024-12-31,Chandigarh,147.5,145.4,127.1,77.9,4.5,445.0,745.0
2020-07-31,Assam,125.5,130.0,43.8,70.6,-1.4,2120.0,4974.0
2020-01-31,Bihar,122.9,131.7,39.2,70.0,0.0,9637.0,5276.0
2020-11-30,Bihar,127.3,130.9,57.5,68.8,1.2,7007.0,5012.0
2017-06-30,Dadra and Nagar Haveli and Daman and Diu,111.7,119.8,97.5,64.2,7.0,849.0,237.0
2022-12-31,Himachal Pradesh,134.2,139.1,119.6,74.8,7.0,117.0,3351.0
2019-08-31,Chandigarh,121.0,126.2,96.1,68.3,7.3,642.0,65.0
2019-05-31,Andaman and Nicobar Islands,121.0,130.5,84.1,66.6,8.0,725.0,231.0
2015-07-31,Tripura,99.1,108.6,87.6,60.2,4.4,2672.0,2114.0
2023-01-31,Jammu and Kashmir,140.1,140.2,127.0,76.5,5.9,680.0,2090.0
2024-05-31,Tripura,145.5,145.7,106.9,77.6,7.9,2599.0,1722.0
2025-05-31,Ladakh,148.6,149.9,36.2,77.0,7.5,538.0,238.0
2025-01-31,Karnataka,152.7,150.3,101.5,79.5,8.0,10731.0,1117.0
2018-02-28,Uttar Pradesh,111.0,120.1,37.0,64.7,6.3,9662.0,17515.0
2025-02-28,Tripura,151.4,153.9,25.7,79.9,6.7,2388.0,541.0
2017-02-28,Rajasthan,107.6,117.3,41.4,62.7,5.1,5425.0,3493.0
2025-09-30,Arunachal Pradesh,149.5,148.1,42.5,78.7,5.8,1127.0,562.0
2015-04-30,Jharkhand,96.8,110.5,30.2,60.8,4.1,3480.0,1529.0
2018-03-31,Jammu and Kashmir,112.4,124.2,41.5,66.2,6.9,773.0,1433.0
2019-06-30,Delhi,119.8,129.2,76.4,68.5,7.7,2327.0,2380.0
2017-09-30,Dadra and Nagar Haveli and Daman and Diu,110.1,113.2,35.1,63.4,4.4,435.0,149.0
2016-08-31,Bihar,107.1,115.5,47.9,61.5,5.8,6690.0,7168.0
2016-04-30,Assam,104.2,117.5,105.0,61.4,6.5,961.0,3888.0
2025-07-31,Chhattisgarh,151.2,148.8,130.6,79.5,6.5,3471.0,5077.0
2022-03-31,Mizoram,135.0,137.5,64.0,73.5,5.2,0.0,0.0
2021-10-31,Madhya Pradesh,131.2,132.1,109.9,71.0,4.1,3066.0,2838.0
2020-02-29,Andhra Pradesh,122.8,128.9,47.1,69.3,1.5,1786.0,11066.0
2017-07-31,Tamil Nadu,110.2,115.9,42.6,64.2,4.4,635.0,6792.0
2018-06-30,Tripura,115.7,123.9,95.4,65.0,4.7,459.0,1258.0
2015-12-31,Dadra and Nagar Haveli and Daman and Diu,99.0,109.8,112.2,60.3,7.9,121.0,591.0
2020-05-31,Madhya Pradesh,125.8,124.0,51.6,68.4,0.7,7932.0,5357.0
2021-01-31,Andhra Pradesh,131.0,132.8,40.1,72.3,7.5,5189.0,12381.0
2024-07-31,Puducherry,144.0,144.6,34.3,77.9,7.6,534.0,461.0
2023-10-31,Andaman and Nicobar Islands,141.6,143.7,51.5,76.3,8.0,591.0,791.0
2016-04-30,Dadra and Nagar Haveli and Daman and Diu,100.4,113.9,53.9,62.3,4.2,913.0,453.0
2021-06-30,Haryana,126.2,133.8,53.4,71.0,4.2,3854.0,6489.0
2025-05-31,Arunachal Pradesh,147.9,151.3,83.8,80.1,4.8,1630.0,617.0
2024-04-30,Kerala,145.6,148.1,84.6,76.9,6.6,7877.0,5973.0
2025-07-31,Delhi,148.5,150.5,80.6,79.6,5.0,1304.0,244.0
2016-09-30,Chandigarh,102.3,112.7,54.4,62.9,6.0,336.0,192.0
2022-05-31,Uttarakhand,134.8,135.0,36.8,73.0,7.1,2800.0,3597.0
2018-11-30,Tripura,115.2,124.9,61.8,65.9,4.7,859.0,2195.0
2022-01-31,Delhi,133.7,144.8,142.3,73.2,5.1,2862.0,779.0
2025-08-31,Meghalaya,147.6,150.2,102.5,80.3,6.9,69.0,425.0
2020-12-31,Lakshadweep,125.0,130.6,38.4,70.9,-1.7,0.0,0.0
2018-06-30,Telangana,116.6,125.0,28.3,65.5,7.0,5370.0,5245.0
2015-09-30,Arunachal Pradesh,97.6,106.6,41.3,60.2,6.7,370.0,257.0
2017-01-31,Arunachal Pradesh,113.2,119.9,77.5,63.8,4.5,78.0,948.0
2015-02-28,Punjab,98.9,110.8,69.8,59.0,5.0,5302.0,9649.0
2016-07-31,Uttarakhand,103.7,112.5,21.9,62.4,4.1,2710.0,1296.0
2016-08-31,Sikkim,105.3,113.0,28.6,62.5,6.3,0.0,0.0
2020-10-31,Odisha,125.2,127.4,33.4,69.0,2.0,6548.0,1089.0
2016-05-31,Gujarat,100.5,116.3,34.1,62.9,5.7,5069.0,4195.0
2025-04-30,Assam,149.8,147.9,138.9,81.3,4.4,2392.0,3992.0
2022-05-31,Puducherry,136.2,138.8,28.1,73.1,5.4,2074.0,1855.0
2022-10-31,Tamil Nadu,137.1,134.7,140.9,75.4,7.7,4751.0,3631.0
2021-12-31,Chhattisgarh,129.8,136.8,85.7,72.0,4.3,3023.0,1768.0
2022-03-31,Assam,134.3,137.6,72.9,73.9,7.9,6314.0,2536.0
2019-03-31,Telangana,121.4,128.1,73.9,69.7,7.4,1202.0,3466.0
2021-10-31,Uttarakhand,133.6,133.6,61.0,72.8,4.8,2014.0,3011.0
2015-08-31,Puducherry,100.2,108.8,77.3,59.4,6.8,806.0,58.0
2025-01-31,Rajasthan,149.6,147.3,42.2,79.5,4.4,5424.0,5960.0
2015-04-30,Kerala,102.5,112.1,32.0,60.3,4.6,968.0,6769.0
2022-02-28,Lakshadweep,132.7,137.3,87.4,74.3,6.0,0.0,0.0
2025-08-31,Sikkim,150.1,150.6,32.6,80.0,5.6,0.0,0.0
2024-02-29,Puducherry,149.8,144.6,59.1,77.3,7.3,1336.0,1789.0
2023-03-31,Tamil Nadu,140.9,142.0,135.2,75.5,7.8,5755.0,8036.0
2018-01-31,Andhra Pradesh,116.5,122.4,107.6,66.0,7.8,539.0,5955.0
2020-11-30,Bihar,124.3,126.5,61.9,68.4,1.0,5446.0,35.0
2017-09-30,Mizoram,111.2,116.6,70.7,64.5,6.7,0.0,0.0
2017-07-31,Uttar Pradesh,112.4,121.2,22.8,64.3,6.3,5002.0,4892.0
2025-05-31,Dadra and Nagar Haveli and Daman and Diu,147.0,148.4,38.6,79.1,5.5,944.0,1061.0
2015-12-31,Delhi,99.8,111.8,111.9,60.5,8.0,290.0,2732.0
2015-11-30,West Bengal,100.7,110.7,103.6,58.3,5.8,3749.0,2355.0
2022-04-30,Jharkhand,134.9,139.0,69.2,74.4,6.7,1053.0,5262.0
2020-12-31,Ladakh,124.0,131.3,55.7,70.9,-0.3,362.0,47.0
2017-08-31,Himachal Pradesh,112.8,118.0,105.5,64.4,4.4,3966.0,300.0
2019-09-30,Uttar Pradesh,120.4,124.9,82.0,68.6,4.6,5963.0,7744.0
2022-02-28,Puducherry,133.6,136.5,126.4,74.7,7.0,2084.0,633.0
2016-07-31,Maharashtra,107.0,113.3,44.5,62.4,7.2,3130.0,9141.0
2024-08-31,Uttar Pradesh,147.8,148.5,79.5,77.9,5.5,5097.0,2551.0
2016-02-29,Dadra and Nagar Haveli and Daman and Diu,107.3,111.3,77.9,61.7,4.3,25.0,875.0
2017-09-30,West Bengal,109.2,117.4,83.1,65.1,7.8,132.0,5611.0
2015-10-31,Mizoram,99.3,107.0,118.7,60.6,6.0,0.0,0.0
2021-08-31,Kerala,127.9,132.8,104.6,73.2,4.5,5028.0,4284.0
2020-04-30,Uttarakhand,125.5,129.8,15.3,71.0,1.3,2732.0,5323.0
2020-08-31,Andhra Pradesh,127.2,132.8,22.1,68.8,0.4,36.0,474.0
2022-08-31,Delhi,136.1,141.0,102.9,73.3,6.8,1207.0,613.0
2025-05-31,Madhya Pradesh,153.5,146.4,52.9,78.2,6.8,3788.0,2527.0
2021-08-31,Chhattisgarh,126.1,131.0,35.9,70.4,6.4,1338.0,5342.0
2019-11-30,West Bengal,120.3,125.7,86.7,66.2,6.2,2145.0,906.0
2023-01-31,Telangana,141.7,143.5,88.4,73.7,5.5,2235.0,4229.0
2016-07-31,Punjab,103.8,110.8,100.5,61.8,7.8,3015.0,1319.0
2016-10-31,Punjab,102.7,113.3,51.9,63.2,7.2,3332.0,11242.0
2015-09-30,Tamil Nadu,97.6,112.1,53.0,60.4,7.6,6624.0,2053.0
2015-09-30,Assam,100.2,112.3,35.0,60.7,5.2,3886.0,5479.0
2017-03-31,Chhattisgarh,107.5,117.4,85.2,64.1,7.9,8156.0,624.0
2016-05-31,Manipur,107.9,110.0,90.9,62.1,4.7,673.0,3113.0
2018-09-30,Chhattisgarh,116.0,124.1,33.8,66.8,4.2,4955.0,1675.0
2015-08-31,Puducherry,99.6,108.2,45.4,59.8,5.3,327.0,1348.0
2025-05-31,Tamil Nadu,149.8,151.1,42.5,80.1,4.8,1273.0,7500.0
2025-03-31,Mizoram,152.2,148.2,113.7,79.6,6.1,0.0,0.0
2017-09-30,Himachal Pradesh,112.7,118.2,40.9,62.8,5.4,501.0,2573.0
2015-01-31,Bihar,98.1,110.6,35.2,59.9,4.7,6756.0,740.0
2015-06-30,Chandigarh,98.5,112.6,27.0,58.8,7.4,361.0,927.0
2018-05-31,Maharashtra,114.3,119.2,103.1,66.9,6.0,3286.0,7561.0
2015-05-31,Chandigarh,98.8,108.2,32.4,60.5,4.4,388.0,995.0
2021-08-31,Dadra and Nagar Haveli and Daman and Diu,126.4,137.2,23.0,73.5,4.3,430.0,372.0
2016-06-30,Andhra Pradesh,103.4,114.5,26.4,61.2,5.5,10699.0,7730.0
2021-10-31,Uttarakhand,128.6,132.3,56.7,70.6,7.6,1476.0,4106.0
2020-05-31,Arunachal Pradesh,122.6,131.4,47.8,68.5,0.4,2015.0,582.0
2021-11-30,Jharkhand,130.9,132.0,59.8,73.6,4.6,183.0,652.0
2017-01-31,Telangana,109.7,118.4,65.5,63.6,5.0,1531.0,7276.0
2020-09-30,Punjab,126.2,128.6,67.2,68.5,1.9,4513.0,4070.0
2021-10-31,Meghalaya,128.0,136.5,95.9,72.5,7.3,1386.0,336.0
2024-09-30,Nagaland,146.3,144.3,64.9,77.7,7.8,441.0,776.0
2022-11-30,Jammu and Kashmir,135.3,132.7,42.5,73.1,4.3,1687.0,2202.0
2017-09-30,Chandigarh,108.9,117.1,94.9,65.5,4.7,248.0,306.0
2024-03-31,Chhattisgarh,148.2,144.7,92.8,77.9,4.7,532.0,5452.0
2025-05-31,Karnataka,150.2,149.5,139.5,80.6,7.2,6042.0,506.0
2016-04-30,Bihar,103.9,115.1,110.8,62.4,7.4,5922.0,3064.0
2021-08-31,Karnataka,130.6,131.6,76.4,74.7,5.7,1334.0,46.0
2018-02-28,Kerala,113.1,120.4,27.0,65.8,7.9,9212.0,8897.0
2021-06-30,West Bengal,129.6,134.0,23.1,71.0,5.0,9074.0,2377.0
2020-03-31,Uttar Pradesh,129.1,128.7,62.3,69.3,1.2,15639.0,16149.0
2024-04-30,Puducherry,141.5,146.1,107.8,79.0,8.0,192.0,1224.0
2022-05-31,Andhra Pradesh,133.9,139.1,91.2,74.3,7.3,1411.0,7037.0
2018-02-28,Goa,114.7,122.0,88.9,65.5,5.9,3962.0,2941.0
2019-04-30,Delhi,119.3,128.2,74.0,68.3,4.4,222.0,35.0
2017-05-31,Telangana,109.0,116.1,77.8,65.3,7.6,933.0,8996.0
2021-04-30,Puducherry,133.4,132.8,42.6,73.7,6.2,2312.0,1134.0
2020-04-30,Haryana,123.9,133.0,39.3,70.4,-1.0,5865.0,5655.0
2022-07-31,Meghalaya,135.8,136.5,25.3,75.1,5.8,1147.0,1067.0
2022-05-31,Meghalaya,133.8,142.9,104.2,72.6,5.2,2532.0,1743.0
2016-01-31,Meghalaya,105.8,115.9,53.2,62.6,6.2,285.0,290.0
2020-12-31,Puducherry,126.9,128.4,51.4,69.8,-1.3,222.0,778.0
2015-05-31,Punjab,99.9,111.2,112.6,58.9,5.8,4442.0,6108.0
2015-12-31,Maharashtra,98.9,110.6,79.2,59.1,5.7,1218.0,11789.0
2015-03-31,Uttar Pradesh,99.8,107.1,52.8,59.2,6.5,14908.0,10070.0
2017-09-30,Arunachal Pradesh,111.1,121.1,40.7,64.3,4.1,914.0,807.0
2025-01-31,Odisha,151.7,151.6,54.2,78.9,6.4,2260.0,6478.0
2019-02-28,Arunachal Pradesh,120.5,129.0,118.7,68.7,6.4,215.0,1371.0
2017-05-31,Uttar Pradesh,109.8,120.1,81.5,65.0,5.6,7263.0,954.0
2018-03-31,Tripura,117.6,122.7,64.1,65.9,5.0,1557.0,2129.0
2022-07-31,Odisha,133.7,140.2,51.7,73.8,7.4,645.0,2417.0
2023-04-30,Mizoram,139.2,139.3,116.8,76.2,5.4,0.0,0.0
2016-05-31,Chandigarh,108.6,118.0,58.7,61.5,5.2,90.0,208.0
2019-08-31,Kerala,119.8,127.5,50.1,69.5,5.9,3968.0,6239.0
2018-10-31,Rajasthan,116.3,118.1,42.2,63.9,5.1,3802.0,5674.0
2020-07-31,Ladakh,123.2,127.0,23.1,69.6,-1.3,436.0,234.0
2020-07-31,West Bengal,127.0,130.6,28.4,68.4,-0.2,2197.0,9039.0
2016-11-30,Delhi,102.7,112.2,82.7,62.6,7.0,1445.0,410.0
2022-10-31,Himachal Pradesh,132.6,139.0,52.8,74.2,7.0,1565.0,1380.0
2019-06-30,Nagaland,121.8,124.0,26.1,68.8,7.2,720.0,199.0
2021-05-31,Telangana,129.3,131.5,55.9,72.2,7.5,4569.0,5208.0
2016-04-30,Lakshadweep,104.5,112.9,78.5,62.4,7.7,0.0,0.0
2018-05-31,Tamil Nadu,115.9,128.5,26.0,65.1,5.5,9810.0,7603.0
2023-02-28,Kerala,139.4,139.8,78.3,76.1,5.8,9072.0,7775.0
2025-08-31,Puducherry,147.9,152.5,30.3,79.2,4.2,746.0,1289.0
2020-01-31,Uttar Pradesh,123.9,128.5,58.1,70.6,-0.4,15225.0,8183.0
2022-02-28,Goa,133.1,137.8,128.6,73.1,6.3,1249.0,1899.0
2024-10-31,Chhattisgarh,147.3,146.2,139.7,77.5,6.8,2447.0,3482.0
2023-04-30,Tamil Nadu,142.4,141.9,107.0,75.9,5.7,5501.0,7745.0
2019-01-31,Manipur,118.3,126.1,83.2,69.5,5.9,109.0,1243.0
2015-02-28,Lakshadweep,100.9,110.7,89.4,60.0,6.2,0.0,0.0
2024-12-31,Madhya Pradesh,144.5,143.0,126.6,80.0,7.2,1719.0,5847.0
2025-03-31,West Bengal,152.9,149.7,120.9,81.4,6.5,8727.0,4564.0
2022-02-28,Delhi,139.7,137.9,76.6,73.7,7.2,3493.0,1094.0
2021-05-31,Haryana,131.5,135.1,85.1,72.4,4.9,3807.0,5253.0
2019-11-30,Meghalaya,119.0,125.4,36.2,68.6,4.8,2028.0,249.0
2015-12-31,Lakshadweep,97.7,111.1,89.5,57.1,4.8,0.0,0.0
2015-04-30,Meghalaya,100.5,108.7,93.1,58.3,4.0,3044.0,1536.0
2024-09-30,Madhya Pradesh,144.7,144.9,120.2,78.4,4.7,2435.0,2245.0
2022-11-30,Punjab,132.1,138.6,122.1,74.5,4.5,716.0,12666.0
2025-05-31,Odisha,150.2,147.9,76.8,80.2,5.8,438.0,5563.0
2018-05-31,Karnataka,119.2,120.9,110.4,64.9,4.5,9601.0,10366.0
2025-03-31,Uttarakhand,151.6,149.0,141.7,82.4,5.7,1108.0,195.0
2015-07-31,Meghalaya,97.7,109.1,117.8,60.6,8.0,2075.0,166.0
2020-09-30,Himachal Pradesh,125.0,130.1,47.1,71.0,-0.2,1748.0,1420.0
2020-09-30,Madhya Pradesh,125.7,128.2,45.6,70.9,-1.7,859.0,3400.0
2021-09-30,Odisha,131.0,135.3,65.7,72.1,6.8,1088.0,4783.0
2017-06-30,Chandigarh,106.7,117.5,50.0,64.1,7.6,797.0,231.0
2021-01-31,Mizoram,129.8,134.8,53.4,72.9,6.5,0.0,0.0
2015-06-30,Chandigarh,100.5,107.5,41.6,59.5,7.2,270.0,195.0
2022-05-31,Andaman and Nicobar Islands,134.6,132.3,138.7,75.0,5.2,962.0,222.0
2020-06-30,Arunachal Pradesh,121.1,131.9,49.2,70.2,-1.2,157.0,636.0
2015-10-31,Assam,99.7,110.4,113.4,60.6,7.8,5983.0,3875.0
2018-01-31,Punjab,116.6,123.1,58.7,66.2,5.1,11851.0,3611.0
2021-05-31,Andhra Pradesh,128.9,136.6,49.8,71.1,5.7,6519.0,10441.0
2021-05-31,Chhattisgarh,129.1,132.1,33.3,71.8,6.6,2848.0,5515.0
2017-08-31,Delhi,112.8,114.4,50.0,65.2,5.6,1447.0,832.0
2018-11-30,Tamil Nadu,114.6,124.0,109.0,66.6,4.1,4095.0,7289.0
2024-02-29,Nagaland,145.2,147.3,93.9,79.1,7.2,1757.0,2092.0
2024-12-31,Bihar,141.3,148.2,78.3,78.9,5.3,5389.0,4438.0
2015-10-31,Delhi,97.9,113.3,76.8,59.4,4.9,1937.0,957.0
2023-01-31,Uttar Pradesh,144.4,139.7,131.1,74.4,6.0,9788.0,12546.0
2015-05-31,Sikkim,103.3,111.9,39.3,60.8,4.0,0.0,0.0
2021-05-31,Chandigarh,130.9,133.5,116.6,71.8,7.5,727.0,23.0
2015-01-31,Uttar Pradesh,95.4,111.9,86.6,60.7,5.0,12185.0,5465.0
2020-07-31,Andhra Pradesh,122.3,133.7,63.3,71.4,1.2,9002.0,289.0
2016-03-31,Goa,102.3,114.1,72.5,61.6,6.7,544.0,3311.0
2022-09-30,Mizoram,132.3,136.5,52.4,73.2,6.2,0.0,0.0
2017-06-30,Dadra and Nagar Haveli and Daman and Diu,109.2,115.3,76.7,63.0,7.2,400.0,190.0
2023-07-31,Bihar,141.6,137.5,32.2,76.0,8.0,7735.0,794.0
2021-10-31,Jharkhand,128.7,136.9,105.2,70.6,5.0,844.0,1892.0
2021-03-31,Puducherry,129.4,137.0,85.0,72.4,5.4,902.0,124.0
2019-12-31,Sikkim,119.4,128.0,48.3,68.4,5.9,0.0,0.0
2018-04-30,Sikkim,116.8,121.4,47.4,66.4,6.2,0.0,0.0
2021-02-28,Gujarat,131.8,135.6,110.3,70.3,6.2,9172.0,13045.0
2025-01-31,Manipur,150.3,150.6,124.9,81.2,6.2,990.0,2893.0
2015-03-31,Odisha,102.6,107.7,96.3,60.1,7.3,1690.0,9299.0
2017-12-31,Jharkhand,109.2,120.3,61.5,63.5,5.6,2560.0,4952.0
2018-07-31,Bihar,118.5,123.0,107.3,66.6,4.0,1895.0,620.0
2024-07-31,Tripura,143.8,147.5,53.6,78.6,7.5,1609.0,719.0
2024-01-31,West Bengal,141.1,146.7,26.9,76.9,6.6,9760.0,9980.0
2022-06-30,Nagaland,132.5,138.3,75.9,74.0,4.8,1447.0,995.0
2021-12-31,Jammu and Kashmir,127.3,134.7,112.0,71.4,4.1,3693.0,2342.0
2021-05-31,Odisha,128.5,133.4,77.1,71.6,5.3,1783.0,5762.0
2015-05-31,Punjab,102.3,111.2,42.9,60.5,4.5,9502.0,10562.0
2021-06-30,Delhi,129.1,137.9,85.1,71.1,7.6,298.0,2066.0
2022-07-31,Andhra Pradesh,132.3,138.9,113.4,74.6,5.1,4356.0,6593.0
2022-03-31,Andhra Pradesh,132.1,140.2,90.0,73.1,6.8,13259.0,4876.0
2016-02-29,Odisha,104.9,111.6,104.3,63.2,6.6,5826.0,8134.0
2023-08-31,Himachal Pradesh,143.0,143.6,95.1,75.3,6.9,501.0,1465.0
2021-11-30,Maharashtra,130.4,135.0,29.6,74.3,6.1,1592.0,9825.0
2019-06-30,Assam,121.9,128.2,101.0,68.8,6.9,6176.0,2534.0
2022-11-30,Chandigarh,135.8,137.2,41.6,73.8,6.0,26.0,369.0
2015-09-30,Andhra Pradesh,96.9,112.0,108.3,59.0,5.5,167.0,2805.0
2019-05-31,Chhattisgarh,121.2,124.6,72.2,68.5,7.4,1619.0,1798.0
2021-05-31,Tamil Nadu,127.7,136.3,93.2,73.0,5.8,8345.0,8575.0
2019-12-31,Goa,119.2,128.4,117.2,68.6,6.3,2825.0,3281.0
2018-10-31,Punjab,113.6,119.8,63.2,65.4,5.9,9840.0,7778.0
2019-06-30,Haryana,119.8,126.7,66.0,69.4,7.1,3177.0,4951.0
2021-02-28,Dadra and Nagar Haveli and Daman and Diu,129.5,133.6,102.6,72.3,6.2,483.0,829.0
2024-04-30,Manipur,144.2,147.0,37.2,77.3,5.9,1888.0,2613.0
2022-11-30,Uttar Pradesh,134.4,138.1,27.3,76.2,5.0,2145.0,3136.0
2016-11-30,Delhi,105.5,113.6,80.4,62.7,7.6,155.0,1580.0
2017-03-31,Lakshadweep,109.4,116.8,36.8,64.4,7.5,0.0,0.0
2020-10-31,Andhra Pradesh,124.7,132.9,27.3,69.5,1.0,2187.0,6115.0
2024-01-31,Chhattisgarh,149.0,144.5,141.2,78.0,6.6,5236.0,4449.0
2021-05-31,Sikkim,132.1,132.9,85.3,71.2,6.0,0.0,0.0
2019-02-28,Dadra and Nagar Haveli and Daman and Diu,119.0,123.5,105.6,68.2,4.7,577.0,1160.0
2025-04-30,Chhattisgarh,150.2,151.7,131.7,80.5,5.5,1999.0,1833.0
2016-07-31,Haryana,105.1,116.1,32.1,60.1,7.4,948.0,5026.0
2015-01-31,Goa,100.2,110.8,112.8,58.7,7.2,1093.0,3666.0
2018-04-30,Jharkhand,115.0,120.5,106.7,65.1,4.4,3660.0,423.0
2016-10-31,Meghalaya,105.2,110.6,24.5,60.5,4.3,887.0,1725.0
2024-04-30,West Bengal,144.5,147.1,141.3,77.2,7.4,6270.0,4540.0
2018-04-30,Andhra Pradesh,113.8,123.8,65.8,67.5,7.6,2185.0,9370.0
2018-02-28,Nagaland,114.2,121.0,117.4,67.1,5.2,417.0,2042.0
2018-12-31,Karnataka,111.5,122.1,102.4,65.4,5.4,10883.0,6080.0
2021-03-31,Assam,131.4,130.9,64.0,72.6,5.3,1124.0,6581.0
2023-11-30,Andaman and Nicobar Islands,141.0,140.4,85.4,74.8,4.5,120.0,812.0
2015-08-31,Bihar,104.0,110.8,47.5,62.0,7.0,4845.0,6617.0
2022-02-28,Dadra and Nagar Haveli and Daman and Diu,132.6,137.8,82.4,73.8,5.5,733.0,617.0
2020-08-31,Karnataka,124.2,130.4,18.4,68.0,-0.4,4777.0,6725.0
2021-03-31,Chandigarh,132.3,136.3,110.9,74.2,7.5,1083.0,263.0
2022-06-30,Manipur,135.7,135.5,109.6,73.7,7.7,342.0,169.0
2021-08-31,Manipur,133.3,134.4,100.5,74.0,7.3,2150.0,304.0
2022-11-30,Lakshadweep,138.0,136.6,87.7,74.9,7.2,0.0,0.0
2020-10-31,Andaman and Nicobar Islands,120.1,129.6,19.5,70.3,-0.4,466.0,70.0
2022-06-30,West Bengal,135.5,138.6,88.5,72.2,4.1,6384.0,9657.0
2019-11-30,Rajasthan,120.5,123.5,52.9,68.1,4.4,1675.0,2027.0
2017-04-30,Karnataka,110.0,116.7,21.0,62.4,6.1,2815.0,1676.0
2020-12-31,Lakshadweep,124.1,129.2,48.9,69.7,1.5,0.0,0.0
2016-02-29,Uttarakhand,108.1,114.8,105.4,62.2,7.3,2032.0,2687.0
2016-12-31,Telangana,104.9,116.2,91.1,63.3,6.3,2896.0,6699.0
2024-04-30,Andhra Pradesh,138.7,142.7,50.8,77.4,4.4,9611.0,9372.0
2018-08-31,Lakshadweep,114.1,120.7,101.9,68.2,5.9,0.0,0.0
2019-08-31,Andhra Pradesh,124.1,125.7,50.9,66.5,7.3,965.0,4195.0
2024-12-31,Puducherry,142.8,145.7,50.2,77.2,7.5,634.0,685.0
2017-08-31,Nagaland,112.4,118.8,116.1,64.2,4.7,324.0,266.0
2017-01-31,Andaman and Nicobar Islands,112.1,115.5,21.7,61.7,4.4,513.0,1068.0
2024-08-31,Goa,144.5,145.6,44.1,76.8,5.5,74.0,934.0
2020-06-30,Dadra and Nagar Haveli and Daman and Diu,125.4,129.2,40.0,70.5,-1.3,966.0,357.0
2018-06-30,Maharashtra,114.9,123.4,36.7,66.9,6.9,8509.0,3479.0
2021-04-30,Karnataka,128.9,134.1,36.7,71.0,5.8,6996.0,2239.0
2018-02-28,Chhattisgarh,113.7,121.1,83.4,65.5,4.8,4424.0,3936.0
2020-01-31,Sikkim,127.8,132.4,61.1,70.5,-0.6,0.0,0.0
2022-05-31,Madhya Pradesh,134.7,136.9,103.4,72.3,7.7,1605.0,8274.0
2016-06-30,Kerala,103.5,112.4,30.1,61.8,4.2,3115.0,405.0
2020-10-31,Bihar,126.1,131.2,65.7,69.8,1.1,633.0,3461.0
2021-10-31,Bihar,130.9,133.0,112.3,73.8,4.9,7337.0,1292.0
2024-08-31,Chandigarh,142.0,146.1,57.7,78.5,4.4,397.0,445.0
2021-08-31,Andhra Pradesh,128.7,137.5,75.3,72.0,6.6,8842.0,123.0
2016-03-31,Dadra and Nagar Haveli and Daman and Diu,101.6,113.0,68.5,62.8,4.9,1068.0,324.0
2016-01-31,Tamil Nadu,110.1,112.1,86.8,62.2,5.9,10545.0,5131.0
2024-11-30,Maharashtra,144.3,145.6,141.4,77.1,7.4,3830.0,11582.0
2018-07-31,Jammu and Kashmir,113.6,121.4,118.6,66.7,7.3,2817.0,1747.0
2019-09-30,Mizoram,119.0,127.5,70.9,68.9,4.6,0.0,0.0
2016-05-31,Lakshadweep,103.5,111.3,29.2,61.7,4.4,0.0,0.0
2017-08-31,Ladakh,109.6,123.4,53.4,64.2,6.7,269.0,172.0
2019-07-31,Tamil Nadu,122.5,124.6,61.4,70.0,4.8,3678.0,3284.0
2016-01-31,Puducherry,105.2,115.1,73.5,62.2,7.1,2022.0,1686.0
2018-11-30,Sikkim,112.2,123.9,116.0,65.8,5.7,0.0,0.0
2022-03-31,Arunachal Pradesh,132.7,138.4,55.5,73.0,4.6,437.0,2245.0
2020-02-29,Punjab,125.3,131.2,44.2,69.1,0.3,1859.0,3943.0
2017-05-31,Maharashtra,108.3,118.1,49.1,64.1,4.2,346.0,5277.0
2016-10-31,Kerala,104.6,115.3,111.9,61.4,4.5,2034.0,5570.0
2020-05-31,West Bengal,130.3,129.1,71.4,70.6,-1.8,8069.0,9595.0
2017-05-31,Haryana,108.0,116.7,107.1,63.6,5.8,2290.0,8792.0
2018-12-31,Andaman and Nicobar Islands,112.1,118.4,53.9,68.9,7.8,490.0,426.0
2015-05-31,Rajasthan,98.5,110.9,47.8,60.2,4.5,7648.0,3438.0
2023-05-31,Nagaland,136.4,141.3,75.7,74.4,4.6,235.0,73.0
2020-11-30,Odisha,127.6,130.7,56.9,70.2,-2.0,6464.0,78.0
2020-06-30,Jharkhand,122.7,129.4,12.6,69.6,-1.9,5508.0,1251.0
2020-12-31,Himachal Pradesh,123.1,132.5,71.7,70.7,0.6,4408.0,3971.0
2017-01-31,Tamil Nadu,107.3,117.7,108.3,64.0,6.9,2544.0,10119.0
2019-12-31,Chandigarh,116.6,124.8,22.4,68.4,5.7,321.0,209.0
2018-04-30,Sikkim,114.9,121.2,58.2,68.7,5.0,0.0,0.0
2015-07-31,Andaman and Nicobar Islands,98.5,111.0,88.8,59.8,6.9,13.0,666.0
2018-10-31,Goa,111.4,127.8,44.1,66.7,4.7,2654.0,1225.0
2022-02-28,Jammu and Kashmir,134.3,140.7,41.1,75.1,7.1,3313.0,4247.0
2016-09-30,Maharashtra,105.7,111.6,82.9,62.3,7.1,5652.0,6794.0
2015-01-31,Chhattisgarh,99.1,110.5,110.4,58.4,5.8,5393.0,7405.0
2025-03-31,Nagaland,151.2,148.4,138.7,80.8,4.8,1008.0,1342.0
2025-05-31,Jammu and Kashmir,153.4,149.2,25.2,78.0,6.5,2055.0,1389.0
2017-09-30,Chandigarh,111.6,117.4,107.4,65.7,7.4,754.0,392.0
2015-04-30,Gujarat,100.4,109.8,76.1,58.7,6.1,13103.0,13952.0
2015-03-31,Puducherry,101.6,111.8,43.8,62.0,5.8,2057.0,396.0
2022-07-31,Odisha,139.5,137.5,98.0,74.1,7.9,311.0,4386.0
2019-04-30,Karnataka,117.1,126.3,119.6,68.9,6.1,6945.0,7806.0
2017-04-30,Mizoram,111.3,118.0,47.6,64.5,4.1,0.0,0.0
2020-10-31,Karnataka,123.0,128.6,28.6,71.0,0.5,4521.0,4678.0
2019-09-30,West Bengal,120.5,124.9,89.9,66.0,5.8,8330.0,8496.0
2023-12-31,Assam,137.4,140.8,29.2,75.4,5.2,7117.0,2003.0
2016-12-31,Jharkhand,106.5,115.3,102.1,62.4,5.3,3846.0,1645.0
2021-05-31,Telangana,130.6,133.3,85.3,72.1,7.7,9411.0,5010.0
2021-04-30,Delhi,133.0,137.5,104.1,71.6,4.5,2916.0,1383.0
2020-09-30,Uttar Pradesh,124.5,128.4,25.8,70.2,-1.8,4578.0,404.0
2023-05-31,Chhattisgarh,139.4,140.4,125.7,75.8,7.6,3538.0,4956.0
2022-08-31,Telangana,134.4,135.9,77.8,76.2,5.0,966.0,1375.0
2022-08-31,Uttar Pradesh,139.9,137.8,39.9,75.3,4.3,12050.0,9073.0
2017-06-30,Gujarat,111.3,116.9,110.1,65.5,5.2,10902.0,5714.0
2016-06-30,Kerala,107.7,113.3,90.5,63.8,5.7,1433.0,1331.0
2018-08-31,Ladakh,116.4,124.0,36.8,66.5,7.8,224.0,296.0
2023-03-31,Mizoram,141.8,141.7,53.6,75.1,5.7,0.0,0.0
2025-01-31,Meghalaya,147.0,149.2,56.3,79.7,4.4,1074.0,3085.0
2024-07-31,Dadra and Nagar Haveli and Daman and Diu,143.9,146.6,139.6,78.4,4.6,408.0,468.0
2019-12-31,Nagaland,118.8,126.4,108.6,68.2,5.4,898.0,1536.0
2019-08-31,Lakshadweep,120.1,127.5,54.6,66.7,4.7,0.0,0.0
2017-07-31,Arunachal Pradesh,109.8,119.7,66.7,64.4,4.2,705.0,1739.0
2023-05-31,Jharkhand,136.8,142.9,58.2,74.9,4.7,1983.0,3104.0
2019-11-30,Maharashtra,120.1,127.9,94.3,69.9,4.4,4942.0,9377.0
2025-04-30,Jharkhand,146.0,148.6,43.3,80.8,4.8,4727.0,4553.0
2023-01-31,West Bengal,141.6,141.8,64.6,75.8,8.0,8643.0,11605.0
2023-11-30,Telangana,140.2,142.2,96.7,76.1,5.8,3871.0,5279.0
2016-06-30,Puducherry,107.5,114.2,107.7,63.7,6.6,1368.0,1714.0
2020-11-30,Himachal Pradesh,125.4,136.2,50.1,68.5,-1.5,1297.0,3629.0
2023-10-31,Andaman and Nicobar Islands,139.1,144.2,136.8,75.5,7.4,413.0,13.0
2019-06-30,Ladakh,116.8,128.1,113.1,68.5,5.1,77.0,420.0
2022-10-31,Himachal Pradesh,134.2,137.4,110.2,71.9,7.9,1109.0,1228.0
2021-04-30,Karnataka,128.4,133.9,47.9,71.9,7.3,9487.0,8852.0
2017-11-30,Rajasthan,110.7,119.5,88.3,63.6,7.8,2837.0,4599.0
2015-11-30,Madhya Pradesh,99.2,113.0,39.3,62.5,6.7,4395.0,1318.0
2020-01-31,Telangana,126.2,128.3,32.0,69.9,0.9,2740.0,636.0
2018-08-31,Andhra Pradesh,117.7,121.1,95.8,65.0,7.4,6563.0,550.0
2025-01-31,Jammu and Kashmir,147.2,149.6,126.1,79.1,6.9,3268.0,2344.0
2020-08-31,Jammu and Kashmir,125.0,130.5,37.0,67.3,-0.8,1451.0,1974.0
2017-01-31,Rajasthan,109.9,119.5,72.3,65.7,5.4,4771.0,4500.0
2021-12-31,Chhattisgarh,130.6,135.4,58.6,72.1,4.9,4993.0,4452.0
2024-06-30,Rajasthan,146.4,146.9,81.5,77.8,7.1,3382.0,5807.0
2015-01-31,Bihar,103.2,108.5,71.2,60.9,5.5,10710.0,6738.0
2022-02-28,Delhi,132.8,137.7,107.0,74.5,4.2,2506.0,1790.0
2020-02-29,Ladakh,121.9,127.3,57.0,70.0,2.0,235.0,505.0
2020-04-30,Haryana,125.4,132.0,70.5,69.0,-0.8,3197.0,11338.0
2025-06-30,Andaman and Nicobar Islands,150.9,150.1,76.5,79.5,4.1,137.0,767.0
2023-09-30,Gujarat,141.4,139.7,34.0,76.1,6.8,2253.0,5827.0
2020-02-29,Andhra Pradesh,123.5,134.7,53.3,70.7,-0.7,1961.0,8.0
2017-11-30,Chhattisgarh,106.8,112.9,69.8,62.7,4.9,4671.0,5514.0
2016-01-31,Madhya Pradesh,107.4,113.9,104.1,61.9,6.3,7036.0,1169.0
2018-07-31,Uttar Pradesh,116.0,124.6,34.7,67.3,5.3,3168.0,11130.0
2024-03-31,Kerala,144.2,145.0,101.4,76.8,5.8,161.0,5073.0
2025-08-31,Haryana,145.7,150.3,79.1,80.7,6.1,9674.0,2260.0
2019-03-31,Puducherry,118.7,127.0,61.9,66.7,7.7,346.0,436.0
2018-09-30,Sikkim,116.4,117.4,76.5,65.5,4.8,0.0,0.0
2018-06-30,Himachal Pradesh,115.9,119.8,88.4,64.0,5.9,1055.0,543.0
2016-03-31,Himachal Pradesh,102.2,113.9,105.1,62.3,7.1,1625.0,665.0
2019-12-31,Nagaland,121.2,125.8,43.5,67.2,4.8,10.0,900.0
2018-04-30,Mizoram,114.8,119.3,49.3,64.0,4.3,0.0,0.0
2024-04-30,Gujarat,147.5,146.0,89.8,78.1,4.1,4660.0,3208.0
2021-05-31,Puducherry,128.6,135.1,54.7,73.1,4.4,290.0,147.0
2023-09-30,Meghalaya,138.8,144.6,92.2,76.4,5.1,1369.0,1834.0
2023-11-30,West Bengal,140.2,142.4,48.0,76.4,5.6,4986.0,8358.0
2025-02-28,Tripura,149.2,148.2,60.9,80.8,6.4,1625.0,251.0
2021-08-31,Sikkim,128.3,135.1,52.5,71.3,4.8,0.0,0.0
2025-05-31,Puducherry,153.7,151.4,143.1,80.1,5.1,272.0,1152.0
2017-08-31,Manipur,112.8,117.7,105.4,66.2,6.8,737.0,2387.0
2023-12-31,Meghalaya,138.1,141.2,124.5,76.1,7.6,636.0,2048.0
2024-06-30,Meghalaya,145.4,145.1,85.6,77.2,4.5,926.0,1249.0
2020-08-31,Sikkim,121.9,131.3,40.0,70.3,-0.3,0.0,0.0
2025-07-31,Andaman and Nicobar Islands,153.4,149.7,32.4,79.6,5.2,109.0,414.0
2024-06-30,Lakshadweep,146.5,146.7,47.7,78.0,6.1,0.0,0.0
2015-08-31,Telangana,102.0,108.5,109.5,60.7,4.5,981.0,178.0
2020-04-30,Tamil Nadu,124.5,130.1,43.5,69.5,1.3,404.0,6420.0
2018-05-31,Tamil Nadu,117.3,119.8,118.7,63.1,6.8,4974.0,11849.0
2018-04-30,Tripura,117.4,120.8,79.2,65.8,7.3,3210.0,2151.0
2015-03-31,Uttar Pradesh,99.7,110.1,57.7,60.5,6.5,8544.0,10319.0
2024-02-29,Ladakh,142.7,144.5,56.9,79.7,7.8,272.0,203.0
2024-06-30,Puducherry,145.9,145.2,134.2,79.1,6.6,1221.0,1861.0
2024-04-30,Madhya Pradesh,144.7,147.5,68.5,77.7,7.0,6063.0,1665.0
2015-04-30,Delhi,103.7,109.4,34.6,60.5,5.4,1675.0,607.0
2017-02-28,Bihar,110.1,117.3,47.8,63.8,4.7,1401.0,3868.0
2016-05-31,Ladakh,105.2,112.2,84.6,62.9,6.6,110.0,514.0
2022-08-31,Punjab,136.6,137.0,40.0,73.8,7.7,693.0,11957.0
2017-07-31,Andaman and Nicobar Islands,110.0,118.0,29.2,64.8,7.9,757.0,235.0
2023-11-30,Manipur,141.4,143.3,78.9,77.7,5.8,250.0,1531.0
2024-03-31,Manipur,143.9,142.9,34.0,80.5,6.2,887.0,902.0
2023-05-31,Madhya Pradesh,137.8,143.6,71.2,74.5,5.2,5051.0,4027.0
2024-04-30,Maharashtra,143.2,145.2,62.7,76.2,6.7,7731.0,4867.0
2020-02-29,Sikkim,124.3,129.8,35.5,69.1,0.2,0.0,0.0
2024-04-30,Andhra Pradesh,145.2,147.4,82.5,77.9,4.2,5536.0,3139.0
2024-08-31,Andhra Pradesh,146.0,150.4,46.2,77.5,7.4,6989.0,7776.0
2017-11-30,Dadra and Nagar Haveli and Daman and Diu,110.9,119.1,64.2,65.2,6.1,212.0,98.0
2017-04-30,Delhi,110.0,117.0,56.2,63.2,6.3,1035.0,1849.0
2023-07-31,Andhra Pradesh,137.9,142.4,119.5,74.9,4.8,4112.0,1669.0
2025-05-31,Telangana,151.4,150.8,107.4,81.3,4.0,243.0,5006.0
2023-06-30,Sikkim,137.0,139.2,128.7,76.5,7.8,0.0,0.0
2016-09-30,Tamil Nadu,102.7,111.8,86.9,62.3,7.7,7643.0,6742.0
2019-04-30,Arunachal Pradesh,120.1,126.8,32.1,66.9,7.1,805.0,969.0
2023-01-31,Sikkim,141.6,143.1,84.8,77.1,5.9,0.0,0.0
2019-03-31,Himachal Pradesh,121.3,126.8,94.2,67.8,5.3,3356.0,5684.0
2021-11-30,Bihar,129.8,135.3,104.2,72.1,4.6,420.0,7712.0
2019-07-31,Tripura,120.9,125.3,38.1,68.3,4.3,860.0,1753.0
2021-05-31,Manipur,127.9,136.2,42.4,73.4,5.8,3020.0,1168.0
2025-07-31,Telangana,148.9,153.6,127.5,80.4,7.2,4010.0,2613.0
2022-09-30,Gujarat,133.9,136.7,82.2,73.3,6.9,6761.0,1252.0
2022-04-30,Haryana,133.1,135.5,78.3,74.0,7.0,12368.0,12823.0
2021-08-31,Uttarakhand,129.3,133.9,69.4,72.7,4.5,273.0,1653.0
2022-08-31,Uttarakhand,134.6,139.8,44.8,75.7,7.5,2881.0,390.0
2018-11-30,Jammu and Kashmir,114.1,123.3,82.8,65.6,7.2,2856.0,2313.0
2018-02-28,Chandigarh,114.5,122.3,100.8,65.5,4.4,543.0,111.0
2016-03-31,Andaman and Nicobar Islands,99.3,109.4,103.7,62.8,5.4,86.0,294.0
2015-01-31,Chhattisgarh,100.8,108.6,23.0,59.1,5.5,6085.0,6853.0
2015-01-31,Nagaland,99.2,112.2,91.5,59.4,6.9,545.0,670.0
2019-01-31,Manipur,119.2,122.5,29.1,68.0,7.4,562.0,2263.0
2022-12-31,Uttar Pradesh,132.2,138.0,140.0,74.4,5.5,415.0,13963.0
2017-02-28,Arunachal Pradesh,113.1,116.9,68.2,65.0,4.5,645.0,1808.0
2022-03-31,Dadra and Nagar Haveli and Daman and Diu,138.2,139.3,117.0,74.2,4.3,1157.0,176.0
2022-09-30,Tripura,131.7,134.7,98.6,74.1,6.6,298.0,662.0
2023-06-30,Tripura,139.5,141.4,138.2,76.6,6.0,1769.0,4.0
2020-11-30,Lakshadweep,126.9,130.3,70.4,68.5,1.4,0.0,0.0
2022-11-30,Sikkim,134.3,137.3,57.5,74.1,7.8,0.0,0.0
2024-10-31,Jharkhand,143.8,147.2,81.9,79.6,7.6,4139.0,1486.0
2024-11-30,Ladakh,143.7,142.9,84.5,78.8,4.3,368.0,199.0
2019-03-31,Kerala,120.6,123.8,37.8,68.0,5.1,8083.0,4521.0
2021-09-30,Rajasthan,135.2,133.3,110.4,72.7,5.0,5045.0,5118.0
2017-12-31,Manipur,111.7,118.7,55.0,62.8,4.3,19.0,1157.0
2020-07-31,Karnataka,122.8,131.0,17.2,70.4,-0.3,8785.0,138.0
2025-09-30,Gujarat,148.7,150.3,42.5,80.0,7.6,980.0,4137.0
2024-06-30,Telangana,144.5,144.2,85.6,78.1,5.6,8823.0,8346.0
2024-03-31,Chandigarh,143.3,144.8,129.8,77.6,7.8,702.0,303.0
2023-04-30,Maharashtra,137.9,144.2,99.4,77.4,6.3,9788.0,4924.0
2024-01-31,Goa,146.5,150.0,49.8,77.5,5.7,2875.0,745.0
2024-12-31,Haryana,144.0,147.2,59.6,76.9,6.2,8425.0,9683.0
2021-07-31,Ladakh,130.7,134.7,117.6,70.5,5.7,322.0,440.0
2016-07-31,Kerala,108.6,111.7,25.3,59.8,5.2,189.0,557.0
2025-07-31,Chhattisgarh,149.0,150.4,143.3,80.2,4.7,3812.0,3040.0
2017-05-31,Madhya Pradesh,110.5,114.6,110.6,63.2,5.8,5535.0,6104.0
2016-12-31,Odisha,103.0,116.6,87.8,60.7,6.1,309.0,4342.0
2015-10-31,Sikkim,100.8,111.1,114.3,59.7,7.3,0.0,0.0
2023-09-30,Kerala,142.6,141.9,42.3,76.7,5.9,2294.0,436.0
2019-07-31,Lakshadweep,122.5,123.7,114.3,67.9,7.3,0.0,0.0
2015-02-28,Mizoram,100.1,110.4,41.3,60.1,7.8,0.0,0.0
2024-03-31,Uttar Pradesh,144.0,143.0,89.5,79.2,6.9,3128.0,10967.0
2018-02-28,Meghalaya,115.5,121.4,68.9,66.8,4.5,707.0,2928.0
2023-06-30,Kerala,140.1,142.8,85.5,76.1,5.8,6174.0,4655.0
2022-11-30,Meghalaya,135.9,136.6,56.1,73.0,7.4,857.0,2654.0
2022-08-31,Chhattisgarh,133.7,137.9,117.7,73.5,6.0,3741.0,4276.0
2020-11-30,Haryana,124.2,134.7,56.6,70.0,0.4,11094.0,10379.0
2016-12-31,Gujarat,104.6,110.4,115.4,62.7,7.1,9851.0,3049.0
2020-08-31,Uttarakhand,126.3,128.5,42.4,70.3,-2.0,1306.0,1623.0
2025-08-31,Uttar Pradesh,151.6,149.5,89.8,79.4,5.3,11370.0,710.0
2022-09-30,Madhya Pradesh,134.1,136.9,132.4,74.4,7.1,1659.0,2834.0
2018-08-31,Jammu and Kashmir,112.7,122.9,111.9,67.7,4.6,2365.0,536.0
2019-07-31,Mizoram,120.7,127.1,85.0,68.3,5.7,0.0,0.0
2017-05-31,Gujarat,111.5,118.1,102.0,64.6,4.5,2855.0,813.0
2018-01-31,Himachal Pradesh,114.7,122.3,70.5,65.7,4.9,4521.0,3765.0
2024-07-31,Jharkhand,143.6,142.4,70.6,77.8,5.1,1517.0,2102.0
2015-03-31,Maharashtra,99.0,110.9,106.4,58.3,6.1,8550.0,5011.0
2025-02-28,Madhya Pradesh,153.3,150.4,117.3,80.1,7.6,1758.0,1977.0
2018-07-31,Haryana,115.4,120.6,44.2,63.2,5.5,10718.0,6107.0
2015-07-31,Jharkhand,102.0,113.2,24.8,58.5,7.4,2546.0,2093.0
2025-05-31,Delhi,148.4,149.9,91.9,80.3,6.8,2385.0,2738.0
2019-01-31,Punjab,122.4,126.5,104.2,67.0,7.1,11889.0,7997.0
2025-01-31,Bihar,151.8,149.9,53.7,78.0,7.0,2206.0,5960.0
2021-01-31,Andhra Pradesh,129.8,130.7,96.7,72.1,5.2,9588.0,5455.0
2018-05-31,Odisha,116.2,120.0,61.4,64.5,4.9,9809.0,9257.0
2023-10-31,Telangana,142.6,141.4,64.3,77.1,7.9,6940.0,4417.0
2021-05-31,Karnataka,127.8,136.0,37.3,72.5,7.0,6689.0,6459.0
2025-07-31,Sikkim,148.9,149.1,136.1,81.8,5.5,0.0,0.0
2022-07-31,Assam,136.0,138.4,51.1,74.4,6.2,6313.0,5887.0
2015-08-31,Mizoram,100.0,110.9,47.9,61.9,7.1,0.0,0.0
2017-08-31,Punjab,110.8,116.4,53.1,63.0,4.2,5785.0,12347.0
2020-04-30,Jammu and Kashmir,126.4,128.1,29.1,69.4,0.3,2069.0,1233.0
2016-01-31,Manipur,106.0,112.6,36.3,62.3,4.1,1101.0,2360.0
2022-09-30,Karnataka,134.5,136.5,66.5,73.9,4.7,2650.0,5884.0
2020-01-31,Madhya Pradesh,124.6,127.8,40.3,70.1,-1.7,6255.0,7963.0
2015-08-31,Uttar Pradesh,103.1,111.7,75.2,60.0,5.9,5702.0,6072.0
2017-05-31,Tamil Nadu,110.2,119.2,35.6,63.8,5.1,834.0,2124.0
2022-11-30,Madhya Pradesh,137.7,135.8,117.5,73.1,4.2,1818.0,6711.0
2018-05-31,Meghalaya,117.8,122.3,51.2,65.3,5.8,2115.0,2977.0
2015-11-30,Maharashtra,98.4,109.4,111.8,59.1,6.3,3653.0,3858.0
2015-02-28,Puducherry,101.5,109.8,53.0,59.0,5.5,1170.0,1548.0
2021-08-31,Andaman and Nicobar Islands,127.8,134.1,106.3,72.1,5.0,122.0,143.0
2022-03-31,West Bengal,138.2,135.0,66.3,73.3,5.6,10596.0,11386.0
2023-10-31,Uttarakhand,140.4,138.0,84.7,75.5,6.1,28.0,2934.0
2016-05-31,Madhya Pradesh,105.3,114.0,57.2,63.4,5.7,3154.0,3021.0
2016-11-30,Assam,103.3,113.2,58.7,62.5,4.4,4012.0,5434.0
2018-12-31,Chhattisgarh,113.8,121.6,81.9,66.8,5.8,6496.0,74.0
2016-08-31,Meghalaya,105.5,112.7,89.3,63.1,6.9,661.0,961.0
2015-02-28,Dadra and Nagar Haveli and Daman and Diu,100.2,110.0,107.0,61.6,7.3,92.0,42.0
2022-04-30,Sikkim,134.2,134.6,92.3,74.0,5.8,0.0,0.0
2017-07-31,Assam,111.8,118.1,41.7,64.3,8.0,1933.0,2705.0
2021-06-30,Chhattisgarh,130.0,128.9,119.0,71.5,7.4,4950.0,1016.0
2015-04-30,Assam,98.0,108.5,88.4,59.2,4.9,3988.0,8103.0
2025-08-31,Manipur,151.4,149.0,69.0,78.5,5.8,673.0,429.0
2017-07-31,Puducherry,107.7,114.3,116.8,63.0,5.2,1593.0,1710.0
2016-09-30,Manipur,101.2,116.5,115.8,61.5,6.2,2113.0,2214.0
2016-11-30,Uttarakhand,105.2,113.8,28.0,62.2,4.9,1834.0,2108.0
2017-05-31,Madhya Pradesh,107.9,116.5,22.0,62.9,4.1,5462.0,516.0
2023-09-30,Puducherry,140.4,145.8,29.3,75.0,7.6,1091.0,868.0
2019-04-30,Nagaland,121.6,126.4,88.5,65.9,6.1,2200.0,1277.0
2024-07-31,Jharkhand,147.0,146.7,109.3,77.3,7.7,5351.0,5235.0
2023-05-31,Lakshadweep,141.0,141.5,110.9,76.1,4.5,0.0,0.0
2021-12-31,Bihar,127.3,132.9,83.0,72.1,4.6,8076.0,8526.0
2020-01-31,Arunachal Pradesh,123.6,130.4,29.1,69.7,-1.2,1217.0,1612.0
2025-05-31,Chandigarh,150.0,144.3,44.1,79.8,5.8,525.0,696.0
2020-11-30,Dadra and Nagar Haveli and Daman and Diu,125.0,126.2,67.7,70.0,2.0,461.0,432.0
2020-10-31,Assam,123.1,127.0,66.8,71.2,0.5,5425.0,1187.0
2023-12-31,Chhattisgarh,139.1,137.2,53.1,75.6,4.2,2972.0,4720.0
2016-09-30,Puducherry,106.6,114.9,36.8,61.9,5.6,1577.0,915.0
2021-10-31,Maharashtra,131.0,132.4,57.5,70.7,6.9,5914.0,5460.0
2022-04-30,Gujarat,134.4,140.3,29.8,74.5,5.3,731.0,9163.0
2024-03-31,Manipur,147.1,145.4,43.5,77.9,6.0,3470.0,2601.0
2015-10-31,Odisha,97.3,108.1,58.0,59.5,6.8,2378.0,4888.0
2015-12-31,Odisha,101.6,109.5,43.9,58.8,7.9,4535.0,5999.0
2015-07-31,Mizoram,101.4,111.9,93.7,60.3,5.3,0.0,0.0
2024-06-30,Madhya Pradesh,146.5,145.2,132.6,76.9,7.0,154.0,2029.0
2017-02-28,Rajasthan,110.6,120.2,110.9,64.5,7.0,3477.0,573.0
2016-03-31,Andhra Pradesh,103.7,115.9,80.4,63.8,6.2,6664.0,6508.0
2017-09-30,Nagaland,111.2,116.5,90.3,65.2,7.3,1403.0,462.0
2020-02-29,Telangana,124.2,128.7,41.6,70.0,1.5,4306.0,2493.0
2018-11-30,Chandigarh,115.4,120.6,34.7,66.6,6.5,720.0,712.0
2022-11-30,Gujarat,133.5,135.3,100.2,73.3,7.3,10204.0,8983.0
2017-11-30,Uttarakhand,109.3,114.7,55.0,62.7,5.9,3630.0,1062.0
2021-04-30,Uttarakhand,129.7,132.7,20.6,72.1,5.9,4010.0,246.0
2025-03-31,Assam,150.8,144.8,93.0,79.4,6.4,213.0,2918.0
2021-11-30,Meghalaya,131.1,131.4,39.8,70.6,7.2,2347.0,744.0
2017-01-31,Bihar,113.4,118.6,108.7,62.3,4.5,10219.0,2426.0
2019-09-30,Andhra Pradesh,120.3,122.9,113.4,67.7,7.1,455.0,5702.0
2017-08-31,Delhi,108.1,120.2,36.2,65.0,5.2,2027.0,1414.0
2020-03-31,Uttar Pradesh,126.6,130.8,13.8,69.8,-1.8,9095.0,7901.0
2015-12-31,Assam,100.7,113.3,20.4,59.8,7.2,5728.0,7725.0
2020-03-31,Bihar,124.6,133.7,66.8,69.9,-0.5,3770.0,4113.0
2021-05-31,Delhi,129.2,135.1,35.2,71.0,4.9,221.0,545.0
2022-08-31,Chhattisgarh,133.8,136.4,76.2,73.6,6.8,3045.0,1826.0
2015-01-31,Andaman and Nicobar Islands,98.7,106.3,25.7,61.3,6.3,902.0,684.0
2020-10-31,Karnataka,122.6,126.7,34.4,71.5,1.4,6651.0,4017.0
2022-02-28,Assam,136.9,141.5,118.3,75.0,7.8,935.0,5278.0
2018-03-31,Nagaland,115.9,118.6,60.7,66.8,5.3,622.0,1254.0
2016-11-30,Chandigarh,105.2,113.2,97.6,63.5,5.3,100.0,701.0
2020-08-31,Mizoram,123.8,132.0,53.3,68.9,-0.4,0.0,0.0
2015-04-30,Chandigarh,102.2,107.9,71.7,62.7,6.1,578.0,548.0
2025-06-30,Chandigarh,147.2,152.2,112.5,77.9,5.5,382.0,483.0
2016-09-30,Delhi,104.7,113.5,107.9,61.7,4.1,1470.0,538.0
2023-09-30,Mizoram,142.0,142.0,119.2,72.5,5.6,0.0,0.0
2020-06-30,Meghalaya,121.0,129.0,53.5,70.8,-1.0,1850.0,1418.0
2015-07-31,Delhi,100.4,107.8,90.2,58.8,7.2,442.0,885.0
2019-01-31,Arunachal Pradesh,118.7,127.0,36.1,66.9,7.7,749.0,891.0
2016-04-30,Arunachal Pradesh,105.2,114.7,115.1,63.4,5.2,749.0,1583.0
2021-12-31,Telangana,129.3,135.1,40.6,71.8,6.6,8948.0,6356.0
2022-03-31,Chhattisgarh,136.2,139.6,65.9,74.6,4.4,8055.0,6202.0
2023-02-28,Ladakh,142.5,140.8,86.2,75.5,5.5,344.0,414.0
2021-03-31,Assam,135.0,134.7,32.6,71.1,6.3,7841.0,8003.0
2017-10-31,Lakshadweep,109.8,119.4,79.4,64.9,4.4,0.0,0.0
2017-02-28,Maharashtra,111.5,118.4,38.3,64.2,5.5,2440.0,11134.0
2020-06-30,Chhattisgarh,125.7,128.8,67.4,70.2,-0.1,39.0,4489.0
2025-05-31,Uttar Pradesh,150.8,150.3,130.6,79.4,4.7,808.0,14868.0
2020-03-31,Mizoram,128.0,125.6,44.7,69.8,-0.1,0.0,0.0
2022-03-31,Odisha,133.6,138.4,77.9,73.4,7.3,5239.0,30.0
2018-05-31,Karnataka,114.3,119.4,30.3,66.8,7.1,11306.0,3249.0
2023-02-28,Gujarat,139.6,141.7,122.8,76.0,7.1,4710.0,7791.0
2025-04-30,Madhya Pradesh,148.0,148.8,69.5,80.6,4.2,2037.0,9009.0
2021-07-31,Tripura,130.0,133.7,44.6,71.7,7.9,350.0,902.0
2015-10-31,Kerala,101.3,106.5,119.5,61.8,6.9,6362.0,6557.0
2016-03-31,Dadra and Nagar Haveli and Daman and Diu,106.7,115.0,86.8,61.9,7.8,770.0,942.0
2018-06-30,West Bengal,114.6,123.4,27.4,66.4,7.9,6346.0,5107.0
2022-09-30,Manipur,137.3,135.7,120.2,74.6,5.4,829.0,565.0
2016-05-31,Delhi,100.9,110.9,95.0,61.2,6.2,878.0,1608.0
2015-09-30,Karnataka,104.7,107.8,60.1,59.7,6.9,8301.0,7656.0
2024-06-30,Lakshadweep,146.1,147.1,38.8,78.6,7.4,0.0,0.0
2017-12-31,Meghalaya,109.1,117.5,69.7,62.5,7.9,473.0,1629.0
2017-12-31,Himachal Pradesh,110.9,117.2,96.3,64.4,7.9,3447.0,4709.0
2018-12-31,Kerala,114.7,121.3,27.6,64.6,5.3,1883.0,2464.0
2019-03-31,Odisha,115.8,124.3,36.3,66.5,6.7,1263.0,3631.0
2023-01-31,Maharashtra,140.1,142.3,98.3,74.9,4.6,11979.0,5948.0
2024-11-30,Kerala,146.8,148.7,91.1,78.5,7.2,7119.0,2856.0
2022-11-30,Telangana,136.9,135.8,132.6,76.6,4.6,5814.0,3238.0
2020-10-31,Himachal Pradesh,125.5,130.9,60.9,68.7,2.0,985.0,737.0
2021-02-28,Rajasthan,131.9,133.5,111.9,72.1,7.9,1427.0,5305.0
2021-08-31,Kerala,130.9,133.5,66.6,73.0,4.3,487.0,4223.0
2020-08-31,Chhattisgarh,125.4,132.4,59.3,70.5,-0.6,2404.0,3837.0
2021-05-31,Himachal Pradesh,128.6,135.6,24.9,71.3,5.1,122.0,757.0
2024-08-31,Punjab,144.3,145.6,59.3,78.7,5.9,10821.0,12401.0
2015-06-30,Goa,99.5,111.5,84.4,59.5,5.2,3368.0,503.0
2021-03-31,Madhya Pradesh,130.6,130.2,96.4,71.9,4.3,1932.0,1693.0
2022-04-30,Meghalaya,136.6,133.2,92.5,73.1,5.6,3054.0,2911.0
2015-03-31,Punjab,98.8,108.2,68.1,61.1,4.8,7407.0,2232.0
2019-04-30,Chhattisgarh,117.2,123.6,43.3,68.3,6.2,7297.0,4780.0
2021-02-28,Mizoram,132.9,133.1,37.4,71.7,6.7,0.0,0.0
2025-05-31,Jharkhand,148.1,151.9,129.1,80.3,5.6,247.0,6483.0
2020-05-31,Chandigarh,126.0,129.2,20.5,70.1,1.8,388.0,493.0
2019-04-30,Gujarat,120.5,127.5,63.5,68.3,4.8,1226.0,8349.0
2021-04-30,Karnataka,129.3,135.5,108.8,72.8,4.0,3357.0,8792.0
2022-05-31,Haryana,136.2,134.1,41.7,74.3,6.8,11705.0,4431.0
2020-12-31,Dadra and Nagar Haveli and Daman and Diu,122.6,131.1,19.7,69.2,1.6,441.0,345.0
2020-08-31,Andhra Pradesh,128.3,132.0,53.6,68.3,-0.2,9714.0,8415.0
2024-07-31,Tripura,150.3,148.1,63.8,78.8,7.0,1138.0,1387.0
2019-09-30,West Bengal,122.5,125.5,63.6,67.4,5.2,8659.0,2394.0
2020-06-30,Tamil Nadu,123.4,129.8,49.5,71.1,1.8,9738.0,10357.0
2022-06-30,Andaman and Nicobar Islands,130.3,138.0,69.5,72.5,6.5,460.0,248.0
2019-02-28,Sikkim,121.0,125.5,100.0,67.1,7.5,0.0,0.0
2016-02-29,Jharkhand,102.4,111.6,116.9,61.9,6.3,1279.0,2370.0
2016-04-30,Mizoram,104.2,112.1,113.3,62.1,4.0,0.0,0.0
2018-06-30,Madhya Pradesh,118.0,122.9,74.5,66.9,7.1,2907.0,6756.0
2024-02-29,Meghalaya,148.2,145.4,66.6,79.0,7.9,2092.0,1620.0
2016-10-31,Kerala,108.5,113.9,63.4,61.9,4.2,4164.0,3706.0
2020-08-31,Manipur,125.2,131.9,31.8,70.8,0.9,1102.0,991.0
2016-07-31,Odisha,106.8,113.9,64.2,60.2,6.9,7168.0,1494.0
2020-06-30,Rajasthan,121.0,127.5,12.8,69.7,1.5,1104.0,5605.0
2021-01-31,Lakshadweep,127.0,138.2,25.5,72.8,6.5,0.0,0.0
2019-06-30,Chhattisgarh,119.4,125.1,97.1,68.1,4.6,1953.0,5973.0
2024-04-30,Manipur,146.7,145.0,64.2,79.5,6.9,2278.0,2848.0
2016-06-30,Lakshadweep,104.1,114.3,99.4,61.1,6.3,0.0,0.0
2024-09-30,Andhra Pradesh,146.6,145.5,81.6,78.9,4.3,9102.0,7554.0
2022-01-31,Manipur,132.7,137.6,120.7,73.5,7.5,495.0,1461.0
2018-03-31,Jammu and Kashmir,115.2,120.6,86.4,66.5,4.5,1586.0,742.0
2023-09-30,Punjab,141.1,143.7,48.1,75.1,5.8,7109.0,8878.0
2020-08-31,Dadra and Nagar Haveli and Daman and Diu,126.5,132.0,38.9,70.1,1.6,193.0,455.0
2017-01-31,Punjab,109.1,121.4,90.4,64.9,6.6,3314.0,10906.0
2025-03-31,Telangana,150.1,153.7,63.7,80.8,7.0,7549.0,5427.0
2025-01-31,Jharkhand,146.9,145.8,47.2,80.1,7.8,4387.0,4612.0
2020-01-31,Maharashtra,124.8,131.0,44.4,70.8,-1.7,13046.0,11940.0
2023-04-30,Jammu and Kashmir,142.2,139.4,56.8,76.6,5.5,3858.0,102.0
2019-03-31,Andaman and Nicobar Islands,119.5,128.3,79.4,67.7,5.5,315.0,232.0
2023-02-28,Himachal Pradesh,138.5,142.4,56.6,76.2,4.4,5830.0,3308.0
2015-02-28,Jharkhand,101.6,108.3,110.7,60.9,7.2,1226.0,4016.0
2015-05-31,Arunachal Pradesh,104.6,107.5,54.4,61.9,4.3,1527.0,1811.0
2022-02-28,Tamil Nadu,139.3,136.4,132.9,74.6,5.4,3600.0,7198.0
2020-08-31,Nagaland,125.5,128.1,28.8,68.8,1.6,499.0,744.0
2015-09-30,Andhra Pradesh,101.5,112.4,80.4,60.4,6.7,3908.0,2054.0
2022-09-30,Karnataka,138.3,137.9,39.6,75.8,7.6,2581.0,2262.0
2025-05-31,Ladakh,150.5,147.8,117.4,79.4,7.0,446.0,80.0
2020-01-31,Delhi,125.9,130.6,24.0,68.7,-0.0,3208.0,1326.0
2019-03-31,Ladakh,119.4,126.6,106.4,68.5,4.3,135.0,458.0
2015-10-31,Telangana,104.7,109.5,65.2,60.1,7.0,685.0,6067.0
2020-02-29,Tripura,126.4,132.3,17.7,70.1,0.5,1094.0,605.0
2024-05-31,Tamil Nadu,144.5,146.9,67.6,77.8,5.9,10222.0,7203.0
2025-02-28,Sikkim,148.8,150.8,117.6,79.4,6.8,0.0,0.0
2025-03-31,Delhi,146.3,146.1,33.2,79.3,5.0,1802.0,2812.0
2020-03-31,Odisha,121.8,129.1,49.5,70.3,-0.8,5152.0,6814.0
2024-03-31,Puducherry,143.5,147.1,84.9,78.7,7.5,93.0,1423.0
2022-05-31,Tamil Nadu,136.9,138.6,61.2,73.6,7.5,2794.0,8897.0
2019-03-31,Uttar Pradesh,120.7,126.0,95.6,69.3,4.8,5644.0,5297.0
2023-08-31,Sikkim,137.5,143.2,30.3,76.0,5.1,0.0,0.0
2025-03-31,Assam,148.1,150.7,83.7,80.8,6.7,7234.0,6030.0
2018-12-31,Bihar,115.6,123.4,70.7,65.6,7.4,2806.0,7725.0
2017-08-31,Delhi,113.3,118.6,28.6,64.1,5.8,2385.0,2126.0
2024-12-31,Karnataka,142.8,147.4,40.3,78.4,7.7,4557.0,3239.0
2023-03-31,Punjab,140.9,143.3,73.2,75.9,6.3,146.0,4658.0
2021-02-28,Lakshadweep,129.1,133.8,73.7,70.8,5.0,0.0,0.0
2017-10-31,Manipur,109.2,117.9,25.3,65.3,4.1,1928.0,1168.0
2020-10-31,Tripura,122.7,130.2,12.7,69.9,0.6,290.0,1289.0
2024-02-29,Mizoram,146.3,143.5,47.1,76.0,4.4,0.0,0.0
2016-04-30,Sikkim,104.0,110.9,68.8,61.5,4.3,0.0,0.0
2019-11-30,Puducherry,119.3,127.0,24.0,69.6,7.1,1150.0,1783.0
2016-07-31,Delhi,107.0,115.1,93.3,63.2,4.1,1710.0,980.0
2022-11-30,Tripura,137.1,137.9,42.2,74.3,7.4,1679.0,1509.0
2024-05-31,Maharashtra,143.5,146.7,116.7,78.8,6.4,1359.0,9068.0
2018-05-31,Chandigarh,115.6,123.3,40.5,67.4,6.5,718.0,385.0
2021-09-30,Sikkim,131.8,134.9,54.7,72.1,7.8,0.0,0.0
2023-07-31,Sikkim,139.6,143.1,81.5,77.1,7.5,0.0,0.0
2019-06-30,Odisha,121.3,123.4,54.7,67.2,4.3,6793.0,1646.0
2022-11-30,Bihar,134.4,141.3,26.8,72.9,7.4,2236.0,3430.0
2020-02-29,Haryana,124.3,130.6,66.5,70.0,-1.9,11808.0,9305.0
2023-03-31,Jharkhand,138.1,143.9,58.4,76.7,5.3,3295.0,7086.0
2022-09-30,West Bengal,138.4,139.2,40.3,75.3,7.4,4144.0,5166.0
2020-05-31,Rajasthan,124.0,127.9,20.0,69.9,-0.5,637.0,2093.0
2020-08-31,Andhra Pradesh,123.4,128.6,70.5,69.2,0.5,2906.0,2217.0
2017-04-30,Puducherry,107.9,117.0,32.3,66.2,6.5,695.0,1135.0
2016-06-30,Karnataka,105.2,116.3,54.7,61.8,5.0,9419.0,7093.0
2017-02-28,Meghalaya,108.0,116.1,26.8,63.0,4.0,2809.0,1717.0
2023-08-31,Maharashtra,138.6,139.5,112.3,76.6,6.1,6104.0,744.0
2019-07-31,Andhra Pradesh,121.6,126.9,79.7,71.4,5.7,1527.0,8977.0
2024-11-30,Dadra and Nagar Haveli and Daman and Diu,145.9,149.5,88.0,78.1,7.5,894.0,705.0
2025-04-30,Kerala,147.3,148.3,126.7,80.1,7.2,1847.0,230.0
2025-09-30,Uttarakhand,151.4,152.9,92.8,80.8,6.4,158.0,1073.0
2015-08-31,Mizoram,100.1,111.5,115.6,60.9,4.6,0.0,0.0
2019-03-31,Meghalaya,122.3,125.2,82.3,66.8,6.9,2314.0,498.0
2022-01-31,Andhra Pradesh,137.8,135.4,66.5,75.5,6.4,9326.0,1941.0
2017-01-31,Chandigarh,106.8,117.3,23.7,63.9,4.1,423.0,227.0
2021-11-30,Tamil Nadu,131.5,132.4,92.5,72.1,7.0,2739.0,7028.0
2022-09-30,Uttarakhand,138.3,140.4,68.8,72.9,7.3,2247.0,403.0
2024-09-30,Meghalaya,145.4,145.9,95.9,77.7,7.1,2003.0,1448.0
2019-08-31,Telangana,121.4,127.0,107.6,69.4,4.7,2101.0,2969.0
2015-12-31,West Bengal,100.4,111.0,20.8,61.1,6.0,9702.0,3582.0
2024-12-31,Chandigarh,147.0,144.7,115.2,78.5,6.1,279.0,211.0
2020-11-30,Uttar Pradesh,125.8,130.1,38.1,67.5,-1.2,10637.0,3446.0
2016-05-31,Telangana,101.0,116.0,32.4,61.3,7.7,4694.0,99.0
2025-02-28,Dadra and Nagar Haveli and Daman and Diu,149.8,149.8,93.9,80.4,4.2,1125.0,978.0
2025-04-30,Tripura,149.6,149.5,87.9,79.6,8.0,2297.0,1080.0
2015-10-31,Arunachal Pradesh,101.4,111.4,104.2,60.7,7.1,310.0,724.0
2017-07-31,Gujarat,112.4,115.4,72.2,64.8,5.5,2415.0,10120.0
2019-12-31,Tamil Nadu,119.5,121.6,102.7,69.4,7.0,8069.0,7585.0
2020-10-31,Andaman and Nicobar Islands,122.6,130.6,44.7,68.2,0.7,561.0,633.0
2016-05-31,Jammu and Kashmir,105.6,116.0,64.7,61.6,7.7,192.0,1137.0
2019-02-28,Chandigarh,118.4,129.6,57.1,67.2,5.5,675.0,256.0
2018-01-31,Andaman and Nicobar Islands,113.8,122.4,37.4,65.4,7.1,660.0,1054.0
2024-10-31,Dadra and Nagar Haveli and Daman and Diu,149.8,147.6,94.1,77.9,4.6,275.0,626.0
2021-08-31,Arunachal Pradesh,128.6,136.6,74.4,72.2,7.4,717.0,1185.0
2015-11-30,Manipur,96.9,110.1,117.6,60.7,6.5,171.0,985.0
2025-03-31,Meghalaya,151.2,148.7,73.5,79.2,7.2,2612.0,3046.0
2017-11-30,Haryana,111.4,116.5,62.2,63.7,5.7,5251.0,6945.0
2017-09-30,West Bengal,111.8,117.4,36.4,64.1,5.4,8501.0,4004.0
2016-06-30,Mizoram,106.7,116.9,79.8,62.1,6.1,0.0,0.0
2016-01-31,Maharashtra,105.3,115.9,104.8,61.4,5.6,13183.0,777.0
2022-06-30,Rajasthan,135.3,137.6,53.8,73.4,6.1,1671.0,5996.0
2024-02-29,Uttarakhand,146.9,148.5,25.1,77.8,5.7,5510.0,3904.0
2015-01-31,Rajasthan,103.2,110.9,89.1,58.5,4.8,1992.0,2065.0
2020-03-31,Lakshadweep,122.5,129.6,13.9,68.7,1.3,0.0,0.0
2017-10-31,Meghalaya,108.8,118.4,60.9,63.8,4.1,2348.0,1068.0
2023-07-31,West Bengal,141.3,142.8,97.5,76.1,7.7,3179.0,3832.0
2015-10-31,Andaman and Nicobar Islands,100.5,110.3,58.6,61.2,7.3,193.0,142.0
2025-08-31,Ladakh,146.4,153.5,55.3,78.4,5.7,283.0,107.0
2015-07-31,Telangana,98.9,109.7,99.9,60.4,5.3,6724.0,2003.0
2019-08-31,Rajasthan,120.6,123.2,50.1,69.4,4.7,3184.0,4110.0
2021-08-31,Haryana,130.0,134.6,38.0,72.3,4.5,7555.0,1312.0
2015-12-31,West Bengal,99.3,109.4,58.8,59.3,6.2,3023.0,182.0
2018-12-31,Nagaland,119.7,119.3,33.2,65.7,4.4,1181.0,1232.0
2017-02-28,Odisha,110.0,119.3,89.0,65.8,5.9,5023.0,6695.0
2024-04-30,Odisha,145.5,138.8,109.2,79.1,7.3,8989.0,2687.0
2025-02-28,Uttar Pradesh,150.3,150.6,25.8,79.4,7.0,9472.0,2379.0
2015-12-31,Goa,100.4,105.3,89.5,59.2,4.5,939.0,1219.0
2018-06-30,Uttar Pradesh,115.1,122.0,49.9,66.4,7.8,10678.0,2205.0
2020-01-31,West Bengal,120.8,131.1,51.4,70.5,-1.9,8425.0,1133.0
2019-10-31,Lakshadweep,118.0,127.5,90.6,69.4,6.8,0.0,0.0
2017-10-31,Puducherry,109.4,119.6,47.8,63.8,5.2,1491.0,1372.0
2015-07-31,Tripura,101.6,107.9,38.5,58.5,6.5,1727.0,2127.0
2024-01-31,Sikkim,144.4,146.4,123.2,77.7,6.3,0.0,0.0
2017-11-30,Dadra and Nagar Haveli and Daman and Diu,108.3,116.6,93.9,63.5,4.7,708.0,5.0
2016-03-31,Goa,106.9,112.5,103.7,59.3,6.6,3861.0,4436.0
2017-01-31,Dadra and Nagar Haveli and Daman and Diu,112.7,117.8,63.6,63.7,5.3,1005.0,1098.0
2019-11-30,Andhra Pradesh,116.9,125.2,65.6,69.0,6.4,3011.0,1478.0
2021-07-31,Himachal Pradesh,130.2,131.9,54.4,72.7,6.2,2216.0,1541.0
2022-02-28,Kerala,129.7,138.6,83.9,73.7,7.4,4292.0,3406.0
2022-04-30,Rajasthan,134.4,139.1,101.6,73.6,4.9,7022.0,4457.0
2020-11-30,Assam,128.8,128.3,60.9,69.5,0.4,5709.0,2146.0
2025-01-31,Chhattisgarh,150.2,149.6,46.0,79.5,7.4,3039.0,2205.0
2022-09-30,Madhya Pradesh,132.2,137.7,72.7,74.8,5.8,6217.0,2851.0
2022-12-31,Andaman and Nicobar Islands,132.3,137.7,79.3,75.4,7.1,410.0,840.0
2017-08-31,West Bengal,108.1,117.9,68.8,64.8,7.8,6885.0,8370.0
2019-05-31,Tripura,118.7,126.6,74.2,67.3,6.2,2489.0,1145.0
2019-11-30,Jharkhand,116.2,128.3,100.2,67.2,5.2,1630.0,3697.0
2020-09-30,Puducherry,125.7,130.3,65.2,71.5,0.3,207.0,142.0
2022-02-28,Manipur,136.1,137.0,43.1,74.1,7.7,2796.0,2238.0
2016-06-30,Chandigarh,104.3,114.0,91.3,61.3,5.0,219.0,669.0
2021-09-30,Madhya Pradesh,134.1,131.9,67.9,72.1,6.8,1981.0,1819.0
2024-06-30,Chhattisgarh,144.1,144.2,74.1,76.7,7.1,1914.0,3547.0
2016-12-31,Maharashtra,107.4,114.9,31.3,60.8,4.1,12238.0,12330.0
2020-06-30,Jharkhand,122.2,123.7,15.8,69.4,1.1,3278.0,5211.0
2020-02-29,Puducherry,125.6,129.6,70.7,70.9,0.8,1185.0,1155.0
2019-06-30,Dadra and Nagar Haveli and Daman and Diu,120.9,127.9,84.2,67.7,6.5,38.0,745.0
2018-01-31,Chhattisgarh,113.6,122.8,65.2,66.7,4.3,4907.0,2827.0
2018-01-31,Goa,115.3,123.7,96.2,66.2,4.1,647.0,4358.0
2017-11-30,Madhya Pradesh,108.6,118.7,29.1,62.6,5.2,5880.0,4516.0
2025-04-30,Madhya Pradesh,149.4,154.0,96.9,81.6,5.4,156.0,8163.0
2016-06-30,Delhi,104.4,111.5,86.1,60.8,4.6,1829.0,474.0
2025-02-28,Tamil Nadu,147.2,150.2,78.2,79.4,6.0,10506.0,7789.0
2018-12-31,Rajasthan,116.0,123.5,45.3,65.5,4.9,3716.0,980.0
2016-05-31,Haryana,106.2,113.2,115.5,62.8,5.4,3923.0,10633.0
2019-09-30,Puducherry,119.3,128.4,50.1,67.4,5.2,560.0,554.0
2015-08-31,Dadra and Nagar Haveli and Daman and Diu,100.5,111.2,32.5,59.1,7.1,149.0,170.0
2025-08-31,Dadra and Nagar Haveli and Daman and Diu,148.2,147.0,99.7,80.9,7.5,557.0,762.0
2024-09-30,Punjab,142.5,146.7,92.9,77.7,5.2,652.0,5909.0
2019-08-31,Jammu and Kashmir,119.2,127.2,95.5,68.6,5.5,3162.0,1770.0
2025-06-30,Arunachal Pradesh,151.4,153.3,114.5,82.4,7.3,847.0,581.0
2019-11-30,Telangana,119.8,125.6,82.0,67.6,7.0,6111.0,7251.0
2019-10-31,Karnataka,119.1,127.1,40.8,68.4,6.8,9002.0,2809.0
2023-12-31,Bihar,140.7,142.5,130.5,74.8,6.8,1272.0,7236.0
2021-02-28,Uttar Pradesh,128.2,132.9,44.8,71.4,5.2,14621.0,15361.0
2023-05-31,Maharashtra,137.5,141.3,35.3,76.3,7.7,8640.0,13733.0
2018-12-31,Punjab,114.3,117.6,50.1,67.4,7.2,1681.0,4620.0
2020-11-30,Ladakh,123.3,129.1,41.0,68.5,-0.2,135.0,179.0
2024-08-31,Tripura,142.6,149.1,48.9,78.4,6.6,1862.0,50.0
2025-02-28,Jharkhand,151.8,149.7,64.0,78.9,4.6,122.0,966.0
2021-06-30,Jammu and Kashmir,134.4,135.7,71.4,71.7,6.3,743.0,3957.0
2017-05-31,Chhattisgarh,106.9,118.5,52.3,63.4,5.2,1986.0,3523.0
2022-09-30,Bihar,134.2,138.8,34.7,73.2,4.4,232.0,7444.0
2021-01-31,Punjab,130.3,138.0,39.7,72.2,6.4,777.0,14888.0
2023-04-30,Tamil Nadu,136.6,141.2,119.3,75.0,7.5,2585.0,11730.0
2021-02-28,Chhattisgarh,129.6,133.2,115.4,68.8,4.6,2716.0,3916.0
2022-11-30,Andaman and Nicobar Islands,134.7,140.2,41.8,73.6,7.6,640.0,669.0
2016-05-31,Andaman and Nicobar Islands,106.0,113.8,88.1,61.2,4.5,37.0,21.0
2023-01-31,Lakshadweep,138.5,141.5,132.7,75.5,7.0,0.0,0.0
2015-09-30,Sikkim,98.9,111.9,49.9,59.2,8.0,0.0,0.0
2016-07-31,Gujarat,106.9,114.5,102.9,62.5,4.4,4025.0,4702.0
2024-06-30,Delhi,145.8,145.7,132.6,78.6,4.9,1463.0,2115.0
2025-05-31,Sikkim,151.5,149.3,59.9,78.7,5.9,0.0,0.0
2020-01-31,West Bengal,121.5,128.3,15.4,71.2,-0.6,5689.0,11916.0
2018-06-30,Rajasthan,113.7,118.9,111.7,66.7,7.6,4194.0,5940.0
2016-01-31,Ladakh,108.0,116.2,53.0,61.5,6.9,489.0,39.0
2022-01-31,Bihar,134.8,137.2,25.6,73.9,7.1,5290.0,10581.0
2016-08-31,Goa,104.7,110.6,67.5,62.9,5.8,494.0,623.0
2019-02-28,Odisha,119.8,129.6,31.6,67.5,5.4,5343.0,1406.0
2022-08-31,Karnataka,138.1,138.2,132.2,74.7,6.0,7821.0,6937.0
2022-04-30,Mizoram,133.5,138.0,42.6,74.3,6.6,0.0,0.0
2020-09-30,Nagaland,126.3,126.8,30.3,70.8,1.9,1035.0,523.0
2018-01-31,Madhya Pradesh,115.5,123.2,99.0,66.6,7.2,556.0,6819.0
2023-03-31,Karnataka,137.3,140.9,120.8,75.4,4.6,12826.0,3775.0
2025-05-31,Uttarakhand,149.4,148.9,132.2,80.1,5.6,1582.0,1136.0
2019-06-30,Meghalaya,118.3,126.8,69.7,68.8,4.3,1280.0,1127.0
2018-05-31,Manipur,112.5,122.2,118.7,66.7,6.7,2920.0,2608.0
2018-09-30,Maharashtra,117.4,120.1,71.6,66.6,7.0,9158.0,9563.0
2023-07-31,Manipur,137.6,139.2,118.9,75.8,6.7,1834.0,1737.0
2023-10-31,Nagaland,141.5,142.3,67.4,77.5,7.8,771.0,137.0
2025-08-31,Kerala,148.3,150.2,137.0,80.3,7.7,2952.0,2398.0
2022-02-28,Uttar Pradesh,137.7,143.2,106.2,75.7,5.1,6660.0,8824.0
2018-11-30,Nagaland,114.2,117.5,27.7,64.8,5.0,949.0,389.0
2015-05-31,Uttar Pradesh,100.7,110.3,30.9,59.7,4.1,4534.0,3353.0
2015-01-31,Nagaland,98.9,106.8,109.1,59.8,6.0,1620.0,2122.0
2018-08-31,Andhra Pradesh,110.7,121.2,101.0,66.8,7.4,2428.0,8569.0
2018-02-28,Meghalaya,111.7,121.1,53.0,65.2,4.6,2570.0,1078.0
2016-07-31,Rajasthan,101.2,115.1,72.2,61.2,6.4,3307.0,3843.0
2024-07-31,Haryana,145.5,147.1,126.3,79.0,6.9,9720.0,6859.0
2022-03-31,Arunachal Pradesh,134.9,140.7,36.4,73.8,5.5,1574.0,769.0
2025-03-31,Odisha,151.2,150.5,40.6,80.6,6.8,1332.0,649.0
2021-10-31,Andaman and Nicobar Islands,128.6,136.0,91.6,71.2,7.3,241.0,552.0
2019-10-31,Chandigarh,115.7,128.8,28.2,68.7,4.0,74.0,611.0
2020-07-31,Assam,127.6,130.5,33.2,70.8,0.0,2932.0,3370.0
2025-02-28,Haryana,152.0,152.3,54.2,81.3,6.4,3499.0,11453.0
2022-03-31,Jammu and Kashmir,135.7,138.4,115.2,73.0,7.4,4658.0,1925.0
2019-07-31,Nagaland,122.2,126.0,20.2,66.8,4.6,208.0,31.0
2022-05-31,Uttar Pradesh,134.8,136.7,37.8,73.9,7.2,14292.0,11638.0
2019-10-31,Tripura,120.5,126.8,29.9,69.2,4.6,2099.0,974.0
2020-03-31,Haryana,123.6,130.7,31.1,69.1,-0.4,10639.0,6516.0
2022-07-31,Nagaland,132.9,138.7,51.9,72.9,5.1,592.0,1063.0
2019-04-30,Telangana,116.8,128.3,42.8,67.5,5.0,2307.0,7697.0
2025-06-30,Chhattisgarh,148.5,151.8,68.4,80.2,6.0,4436.0,2845.0
2016-12-31,Uttar Pradesh,110.3,111.1,41.4,62.1,7.0,4279.0,5396.0
2020-12-31,Jharkhand,122.0,127.1,18.4,69.1,2.0,1869.0,2168.0
2015-09-30,Karnataka,98.1,110.2,78.3,59.3,8.0,140.0,2995.0
2024-02-29,Bihar,145.2,144.0,138.2,77.9,4.5,6345.0,5660.0
2022-10-31,Jharkhand,139.8,137.8,96.9,73.3,6.9,700.0,4698.0
2024-09-30,Kerala,142.9,144.2,114.8,76.9,4.2,1180.0,3699.0
2021-11-30,Jharkhand,128.7,134.2,117.2,72.5,5.4,2005.0,3636.0
2021-08-31,Kerala,131.3,132.0,35.3,71.4,5.4,2882.0,271.0
2023-04-30,Chhattisgarh,141.2,142.8,79.2,75.5,5.0,5205.0,7602.0
2018-04-30,Uttarakhand,113.6,119.9,78.2,65.7,6.1,5101.0,1926.0
2023-07-31,Delhi,138.3,142.3,62.7,76.3,5.0,878.0,1587.0
2020-02-29,Lakshadweep,125.9,126.6,48.8,70.1,-1.3,0.0,0.0
2020-09-30,Chhattisgarh,124.4,127.7,49.4,69.4,-1.3,4487.0,1140.0
2024-01-31,Tamil Nadu,145.6,147.4,125.1,77.9,5.3,11591.0,6089.0
2015-04-30,Telangana,99.7,112.6,103.3,59.8,7.9,2299.0,707.0
2020-12-31,Arunachal Pradesh,125.7,131.8,20.6,71.5,1.9,573.0,947.0
2016-05-31,Chandigarh,105.9,115.5,36.9,62.0,7.6,526.0,225.0
2024-06-30,Jharkhand,141.1,149.0,50.7,77.2,5.7,1549.0,4070.0
2022-01-31,Andhra Pradesh,134.1,139.9,55.3,72.4,7.6,10228.0,1423.0
2019-09-30,Madhya Pradesh,120.7,122.9,76.4,68.9,5.7,4262.0,5864.0
2023-11-30,Ladakh,141.6,143.9,63.3,75.9,7.1,16.0,276.0
2018-12-31,Assam,114.3,123.9,115.3,66.3,5.6,4661.0,1886.0
2024-09-30,Meghalaya,141.3,142.3,38.2,78.8,6.5,1979.0,16.0
2017-07-31,Maharashtra,112.5,116.7,44.6,63.2,4.2,10871.0,6998.0
2024-04-30,Chhattisgarh,146.7,149.2,128.2,77.2,6.4,4032.0,6078.0
2018-11-30,Tripura,115.2,121.7,78.4,66.1,5.3,2544.0,2219.0
2023-12-31,Andaman and Nicobar Islands,139.1,139.7,89.7,78.3,8.0,568.0,126.0
2020-12-31,Mizoram,126.2,131.7,47.7,69.3,0.6,0.0,0.0
2020-11-30,Himachal Pradesh,124.1,129.4,27.1,69.5,0.1,3830.0,1889.0
2023-12-31,Nagaland,141.8,141.2,115.4,76.8,4.8,946.0,1369.0
2019-05-31,Kerala,123.6,127.7,69.7,68.6,6.5,3866.0,787.0
2016-04-30,West Bengal,104.0,114.8,24.3,61.5,5.2,9415.0,8388.0
2024-08-31,Lakshadweep,146.6,145.8,45.3,76.4,4.9,0.0,0.0
2021-01-31,Punjab,128.7,134.7,101.7,71.7,5.4,13473.0,4076.0
2021-02-28,Andhra Pradesh,132.1,133.7,54.5,73.8,4.4,1991.0,2763.0
2021-09-30,Kerala,129.5,135.8,97.3,71.6,6.2,3157.0,2044.0
2015-12-31,Sikkim,102.9,107.2,86.3,60.8,5.1,0.0,0.0
2025-08-31,Haryana,149.4,149.6,60.2,78.9,7.5,7769.0,2556.0
2020-10-31,Kerala,123.2,129.2,19.6,70.8,-1.7,3910.0,5842.0
2018-05-31,Telangana,114.3,122.6,100.7,66.9,5.4,5778.0,6819.0
2019-11-30,West Bengal,119.6,123.7,84.3,68.0,6.2,9407.0,8776.0
2022-05-31,Kerala,135.5,141.0,60.1,75.2,4.9,1980.0,7183.0
2016-12-31,Dadra and Nagar Haveli and Daman and Diu,104.3,112.5,72.3,61.9,4.2,980.0,789.0
2021-08-31,West Bengal,130.5,136.1,81.2,74.0,4.3,1170.0,5641.0
2022-08-31,Himachal Pradesh,135.5,139.2,24.3,73.9,4.6,2699.0,609.0
2022-08-31,Sikkim,134.1,138.4,104.5,73.7,5.1,0.0,0.0
2021-09-30,Gujarat,130.7,134.5,85.6,72.3,6.8,2836.0,7751.0
2020-11-30,Bihar,123.8,126.3,17.0,68.8,-0.6,5791.0,6071.0
2020-05-31,Andaman and Nicobar Islands,129.0,129.0,59.3,70.2,-0.3,329.0,833.0
2019-04-30,Jharkhand,120.6,132.5,102.5,67.2,4.6,4482.0,3689.0
2017-06-30,Rajasthan,111.2,118.4,49.0,65.0,5.5,3434.0,2148.0
2023-03-31,Bihar,139.6,142.8,43.5,76.9,5.7,2426.0,9205.0
2023-02-28,Telangana,138.6,138.2,106.4,75.2,4.3,2106.0,1767.0
2018-06-30,Rajasthan,116.7,121.5,32.3,65.6,4.5,5958.0,560.0
2017-03-31,Nagaland,110.7,117.3,105.8,65.0,5.0,368.0,219.0
2020-12-31,Uttar Pradesh,119.8,128.5,40.8,71.9,0.0,14373.0,1573.0
2016-06-30,Haryana,108.9,115.1,111.0,62.0,4.8,84.0,8574.0
2021-05-31,Tamil Nadu,131.5,133.1,84.2,72.8,4.9,8633.0,2150.0
2018-09-30,Himachal Pradesh,114.2,120.6,48.5,66.8,6.0,1395.0,1239.0
2024-07-31,Tripura,146.2,143.1,80.2,78.8,7.6,1954.0,1064.0
2022-03-31,Ladakh,135.8,135.8,87.5,71.7,6.1,317.0,466.0
2022-08-31,Lakshadweep,136.0,136.0,121.8,73.1,4.3,0.0,0.0
2016-10-31,Gujarat,103.3,113.3,106.2,63.5,4.7,5622.0,7071.0
2022-08-31,Delhi,135.1,137.0,106.0,73.2,7.4,225.0,2426.0
2021-05-31,Dadra and Nagar Haveli and Daman and Diu,130.6,132.7,49.4,71.8,7.5,96.0,700.0
2017-01-31,Mizoram,112.5,114.6,72.9,66.0,7.2,0.0,0.0
2023-12-31,Jammu and Kashmir,140.2,140.0,39.7,75.5,6.2,384.0,360.0
2024-01-31,Sikkim,145.9,146.3,51.6,78.1,5.8,0.0,0.0
2016-12-31,Andaman and Nicobar Islands,103.2,116.9,50.3,62.4,5.1,137.0,579.0
2016-07-31,Nagaland,105.1,117.2,27.3,63.2,6.2,1594.0,1651.0
2021-11-30,Jharkhand,131.7,138.0,108.5,72.6,6.7,1568.0,4669.0
2024-07-31,Manipur,143.6,146.5,38.7,77.5,6.4,2612.0,843.0
2015-09-30,Gujarat,99.2,109.9,89.7,60.0,4.9,8997.0,4090.0
2024-04-30,Maharashtra,143.1,147.3,84.7,77.8,7.6,7077.0,7327.0
2023-06-30,Uttar Pradesh,137.3,141.3,123.8,76.9,5.6,10967.0,3909.0
2018-12-31,Nagaland,113.3,123.6,94.1,66.0,7.5,481.0,1259.0
2020-09-30,Nagaland,126.1,129.7,57.6,70.2,-0.3,892.0,114.0
2024-11-30,Goa,144.5,146.6,74.2,77.5,4.2,3249.0,1046.0
2018-09-30,Tripura,113.3,120.5,103.4,68.0,7.0,1802.0,1388.0
2025-05-31,Kerala,154.4,151.9,35.4,79.2,7.7,5036.0,7557.0
2016-02-29,Chandigarh,103.6,112.0,64.4,64.1,5.0,1033.0,657.0
2018-01-31,Odisha,116.2,120.7,119.5,65.8,6.2,4241.0,6139.0
2019-05-31,Rajasthan,120.7,125.3,114.8,68.9,7.2,921.0,3234.0
2016-06-30,Meghalaya,105.5,112.3,28.2,62.1,5.3,1986.0,2289.0
2018-02-28,Jammu and Kashmir,111.3,123.1,77.3,64.8,5.1,3385.0,819.0
2025-09-30,Gujarat,152.5,150.3,61.9,79.5,5.6,5871.0,867.0
2018-08-31,Odisha,115.6,120.0,92.8,67.1,6.2,4435.0,5551.0
2018-11-30,Uttar Pradesh,116.8,121.0,93.6,65.0,6.2,8524.0,8436.0
2017-11-30,Nagaland,112.3,118.3,20.0,61.4,5.9,1176.0,752.0
2019-12-31,Kerala,123.4,126.4,104.6,66.2,7.3,3080.0,3560.0
2022-06-30,Chhattisgarh,133.0,136.1,50.8,74.0,4.6,1479.0,3177.0
2019-04-30,Uttar Pradesh,118.6,126.0,116.6,67.0,4.3,15919.0,5116.0
2015-08-31,Chhattisgarh,98.8,111.2,110.5,60.1,4.7,2495.0,3739.0
2023-11-30,Nagaland,138.3,141.4,46.9,76.6,6.8,1381.0,16.0
2022-12-31,Goa,137.6,135.9,100.4,74.6,4.6,2656.0,574.0
2017-02-28,Andhra Pradesh,108.0,120.7,49.6,64.4,5.3,10473.0,1914.0
2024-03-31,Karnataka,144.2,147.3,36.4,80.0,7.5,9901.0,12484.0
2025-03-31,Meghalaya,146.7,149.2,128.9,81.6,4.6,805.0,31.0
2019-03-31,Uttar Pradesh,121.5,126.2,38.1,67.0,6.1,1996.0,16548.0
2025-03-31,Nagaland,149.7,149.3,74.5,80.6,6.0,1129.0,1290.0
2015-05-31,Ladakh,101.8,108.0,112.4,60.6,4.1,84.0,543.0
2021-05-31,Uttar Pradesh,131.4,135.4,27.5,70.9,4.5,3011.0,9937.0
2015-01-31,Delhi,96.7,113.3,75.1,59.5,7.8,1879.0,216.0
2015-11-30,Andhra Pradesh,100.4,111.8,77.2,58.4,7.8,10762.0,5941.0
2015-08-31,Uttarakhand,97.8,110.5,96.3,59.4,7.5,643.0,3120.0
2017-08-31,Sikkim,110.3,117.4,102.7,64.6,5.7,0.0,0.0
2017-04-30,Odisha,108.8,112.7,62.4,65.1,6.4,2359.0,9738.0
2025-08-31,Madhya Pradesh,153.7,153.1,113.2,82.2,7.3,271.0,134.0
2020-02-29,Assam,130.3,128.7,66.6,70.8,-0.2,8117.0,5108.0
2017-03-31,Uttarakhand,109.5,119.7,108.6,64.4,7.6,2049.0,847.0
2018-09-30,Jammu and Kashmir,115.2,123.9,70.2,67.8,5.3,191.0,946.0
2023-09-30,Himachal Pradesh,135.4,143.8,96.8,77.6,6.5,3244.0,770.0
2022-08-31,Punjab,131.7,135.2,104.7,73.4,6.3,12147.0,9817.0
2017-01-31,Uttar Pradesh,110.8,120.0,101.9,63.9,7.9,195.0,9070.0
2018-08-31,Jammu and Kashmir,114.9,121.1,70.8,66.7,7.5,1309.0,1468.0
2021-08-31,Rajasthan,130.8,133.8,31.2,70.6,4.7,2567.0,4926.0
2021-10-31,Lakshadweep,128.4,133.8,58.5,72.4,4.2,0.0,0.0
2022-04-30,Sikkim,135.6,136.8,110.4,74.4,5.8,0.0,0.0
2025-07-31,Maharashtra,144.9,149.4,98.9,80.7,6.2,3359.0,7260.0
2019-07-31,Andaman and Nicobar Islands,118.8,126.3,95.3,68.9,7.2,568.0,97.0
2019-08-31,Dadra and Nagar Haveli and Daman and Diu,120.9,124.1,70.0,67.7,4.6,74.0,25.0
2016-03-31,Mizoram,108.4,110.7,37.4,62.4,7.7,0.0,0.0
2019-10-31,Tamil Nadu,119.8,127.8,31.5,67.6,6.3,8264.0,4192.0
2022-04-30,Ladakh,136.2,138.6,81.8,75.0,7.4,187.0,430.0
2023-01-31,Tripura,138.7,138.3,48.7,76.2,7.3,1106.0,115.0
2015-08-31,Nagaland,100.9,110.8,118.2,61.0,7.8,855.0,530.0
2018-04-30,Meghalaya,114.0,121.6,39.9,64.2,6.6,156.0,2674.0
2016-02-29,Arunachal Pradesh,108.9,111.4,76.7,60.7,7.1,1345.0,819.0
2019-05-31,Uttar Pradesh,119.3,124.9,20.2,68.3,7.3,6877.0,1291.0
2025-07-31,Puducherry,149.7,150.7,54.4,78.7,5.9,222.0,754.0
2021-08-31,Kerala,131.5,132.0,45.9,73.0,5.7,1001.0,1257.0
2024-07-31,Jharkhand,146.0,144.0,112.6,79.0,7.8,1991.0,2830.0
2019-07-31,Andaman and Nicobar Islands,119.3,124.9,69.6,68.5,4.3,502.0,441.0
2018-08-31,Arunachal Pradesh,115.8,120.1,21.2,65.7,7.8,121.0,132.0
2016-06-30,Meghalaya,102.9,111.8,57.9,61.7,6.3,617.0,2628.0
2016-04-30,Ladakh,105.5,111.8,84.5,62.9,5.2,65.0,424.0
2015-12-31,Ladakh,101.1,110.9,83.7,60.6,6.2,410.0,52.0
2018-09-30,Sikkim,114.2,120.2,25.4,65.1,6.6,0.0,0.0
2022-09-30,Goa,134.3,140.2,135.5,74.4,4.4,2570.0,93.0
2016-10-31,Jammu and Kashmir,103.7,118.3,44.7,63.5,6.7,1770.0,616.0
2023-01-31,Dadra and Nagar Haveli and Daman and Diu,137.1,141.7,131.0,76.6,7.6,978.0,511.0
2018-11-30,Arunachal Pradesh,115.8,126.0,41.3,65.6,7.9,748.0,372.0
2017-05-31,Jammu and Kashmir,109.0,119.1,76.8,63.8,6.4,863.0,4361.0
2018-09-30,West Bengal,116.1,122.3,60.6,65.6,5.3,595.0,370.0
2021-05-31,Gujarat,129.6,133.9,78.1,71.6,6.3,3510.0,4838.0
2015-09-30,Rajasthan,101.2,106.1,69.8,58.8,4.0,2174.0,1074.0
2016-12-31,Tripura,101.6,113.1,20.2,62.1,7.7,2817.0,2706.0
2016-03-31,Nagaland,102.7,111.8,55.1,60.4,7.1,1193.0,1809.0
2016-01-31,Madhya Pradesh,103.3,115.8,21.1,62.8,4.7,1978.0,7522.0
2022-07-31,Haryana,137.4,141.4,106.0,73.7,6.4,5190.0,1683.0
2023-05-31,Maharashtra,140.8,142.4,126.4,77.3,4.1,11341.0,6875.0
2020-11-30,Mizoram,124.5,130.5,35.1,69.0,2.0,0.0,0.0
2025-02-28,Madhya Pradesh,149.0,151.9,87.0,79.9,4.7,5372.0,2498.0
2021-04-30,Karnataka,131.2,134.2,26.6,72.1,4.6,4425.0,11053.0
2024-08-31,Jharkhand,143.8,148.4,70.2,76.8,6.2,4033.0,3669.0
2020-01-31,Mizoram,126.5,134.7,20.3,70.5,1.9,0.0,0.0
2025-06-30,Andaman and Nicobar Islands,149.6,152.9,31.8,78.9,4.5,703.0,278.0
2015-01-31,Arunachal Pradesh,102.6,108.8,37.2,60.4,7.5,1565.0,1526.0
2020-08-31,Andhra Pradesh,123.1,131.7,64.3,71.5,-1.7,5840.0,9806.0
2022-04-30,Uttarakhand,134.7,136.7,141.9,74.6,4.3,5129.0,708.0
2016-09-30,Odisha,103.2,113.6,107.9,61.6,6.5,5280.0,6110.0
2015-03-31,Nagaland,103.3,113.3,117.0,61.2,6.3,2093.0,1234.0
2019-03-31,Jammu and Kashmir,120.0,124.0,93.1,70.3,5.4,4117.0,4101.0
2021-07-31,Himachal Pradesh,128.0,133.2,36.0,72.2,6.1,2493.0,2435.0
2022-11-30,Tripura,133.2,140.3,91.6,73.3,7.0,1661.0,425.0
2025-03-31,Sikkim,151.0,148.3,111.8,80.1,7.1,0.0,0.0
2015-06-30,Madhya Pradesh,96.4,106.2,71.3,58.8,4.0,4480.0,5895.0
2016-05-31,Andaman and Nicobar Islands,104.6,111.0,75.5,63.1,4.3,575.0,618.0
2024-09-30,Sikkim,143.3,144.8,94.3,78.3,4.0,0.0,0.0
2019-12-31,Meghalaya,119.7,125.9,66.7,67.5,4.1,2296.0,1251.0
2025-05-31,Odisha,150.2,149.4,58.9,80.5,7.4,593.0,4799.0
2021-09-30,Haryana,129.8,133.0,83.7,71.5,4.3,1392.0,8951.0
2022-01-31,Kerala,134.5,138.2,30.4,73.8,6.8,1509.0,7946.0
2019-03-31,Arunachal Pradesh,120.3,125.0,37.1,68.0,7.9,2132.0,2132.0
2020-11-30,Chhattisgarh,128.5,128.6,67.5,71.8,-1.3,1997.0,1997.0
2018-03-31,Maharashtra,117.5,122.5,68.9,64.9,4.3,5651.0,13740.0
2020-09-30,Meghalaya,124.3,130.2,61.3,70.8,1.8,915.0,1359.0
2018-12-31,Puducherry,116.5,124.0,92.7,65.3,7.8,1942.0,1396.0
2025-05-31,Jharkhand,151.4,154.0,62.5,81.8,6.8,5258.0,3030.0
2019-09-30,Haryana,119.2,121.8,100.4,67.1,6.5,8483.0,8945.0
2016-09-30,Tripura,104.9,115.0,29.1,61.1,6.4,1640.0,2398.0
2021-10-31,Uttarakhand,131.1,134.3,107.5,72.8,7.3,326.0,3440.0
2023-03-31,Jharkhand,138.5,144.6,105.7,76.0,6.2,1562.0,4516.0
2016-03-31,Ladakh,104.5,113.0,112.7,62.8,5.3,490.0,390.0
2020-09-30,Gujarat,124.6,129.2,65.7,71.2,-0.7,2627.0,2945.0
2021-04-30,Manipur,129.5,131.4,58.0,72.2,4.2,2112.0,3187.0
2020-02-29,Madhya Pradesh,124.4,132.1,63.4,71.0,0.4,6166.0,3983.0
2024-11-30,Delhi,145.9,146.3,91.6,76.1,6.3,2335.0,806.0
2018-01-31,Jammu and Kashmir,115.1,124.3,35.7,66.4,6.6,2318.0,1362.0
2017-02-28,Arunachal Pradesh,111.3,117.1,103.0,63.8,6.6,1842.0,471.0
2015-08-31,Karnataka,105.0,108.7,110.8,61.5,4.5,5965.0,6000.0
2015-04-30,Rajasthan,98.9,111.5,28.5,57.8,4.5,7647.0,3623.0
2016-09-30,Maharashtra,105.4,113.3,113.1,61.3,4.3,5162.0,6227.0
2017-01-31,Tripura,111.0,119.3,80.1,62.7,7.8,419.0,1502.0
2018-07-31,Tamil Nadu,117.2,123.0,22.6,66.2,6.4,1486.0,7799.0
2018-01-31,Andhra Pradesh,115.9,122.2,74.2,66.3,4.3,4316.0,5767.0
2018-06-30,Goa,112.8,120.8,99.7,66.0,5.7,1133.0,1029.0
2022-08-31,Ladakh,133.7,138.7,88.0,74.8,5.4,408.0,344.0
2020-01-31,Nagaland,125.3,128.5,54.4,71.1,1.2,988.0,1823.0
2020-08-31,Chhattisgarh,123.6,130.2,64.8,70.4,-0.1,3916.0,2369.0
2019-05-31,Andhra Pradesh,117.0,129.4,107.0,66.7,7.1,370.0,12059.0
2021-12-31,Chandigarh,128.4,136.5,37.9,71.4,5.9,227.0,725.0
2017-10-31,Andhra Pradesh,108.4,117.0,62.7,64.7,6.1,8090.0,5822.0
2021-04-30,Maharashtra,128.0,134.5,31.1,72.3,5.7,10017.0,1049.0
2023-01-31,West Bengal,145.1,140.9,95.4,75.4,6.2,6781.0,3588.0
2017-06-30,Dadra and Nagar Haveli and Daman and Diu,110.6,118.6,115.5,65.0,6.9,568.0,604.0
2022-04-30,Tamil Nadu,135.2,136.2,45.8,74.6,7.5,946.0,5642.0
2015-07-31,Dadra and Nagar Haveli and Daman and Diu,101.8,108.7,60.4,61.0,6.4,762.0,109.0
2017-12-31,Gujarat,113.6,121.7,115.4,64.4,4.5,8990.0,6623.0
2018-02-28,Punjab,115.8,122.3,95.0,65.3,7.1,10809.0,384.0
2019-04-30,Punjab,122.0,125.1,27.1,69.5,5.5,15201.0,15885.0
2022-09-30,Dadra and Nagar Haveli and Daman and Diu,134.0,133.7,75.4,74.7,6.5,499.0,790.0
2023-11-30,Himachal Pradesh,138.2,142.3,142.5,76.5,4.8,1359.0,940.0
2025-06-30,Karnataka,151.8,154.4,78.4,80.9,4.7,1615.0,1988.0
2019-01-31,Goa,121.8,124.9,82.9,67.7,4.2,151.0,3095.0
2016-09-30,Nagaland,106.6,113.2,90.1,62.6,5.3,1237.0,19.0
2016-03-31,Andaman and Nicobar Islands,105.3,114.1,86.4,61.9,6.4,280.0,262.0
2016-02-29,Andhra Pradesh,103.4,112.7,71.9,61.3,5.3,8925.0,11092.0
2018-06-30,Delhi,114.0,126.4,33.3,64.7,5.0,2156.0,2286.0
2016-03-31,Assam,107.3,116.0,90.8,60.0,8.0,6842.0,7300.0
2020-03-31,Meghalaya,123.8,131.4,68.0,70.4,-1.9,2023.0,1966.0
2017-03-31,Jammu and Kashmir,110.4,122.2,114.2,63.3,6.4,3947.0,2939.0
2022-09-30,Uttar Pradesh,133.5,141.4,95.2,73.5,5.3,1751.0,10391.0
2023-09-30,Ladakh,139.6,142.2,83.1,75.2,7.4,193.0,101.0
2019-05-31,Rajasthan,117.8,125.4,53.4,66.5,6.9,2892.0,4388.0
2019-04-30,Ladakh,119.9,125.4,30.4,69.1,6.5,231.0,347.0
2020-03-31,Odisha,124.0,128.9,65.0,72.0,1.3,6059.0,5961.0
2019-09-30,Himachal Pradesh,116.6,125.6,33.7,66.2,5.8,2263.0,1277.0
2024-12-31,Uttarakhand,146.3,145.0,58.6,78.4,5.0,4310.0,2661.0
2019-04-30,Dadra and Nagar Haveli and Daman and Diu,121.2,123.7,94.0,66.8,7.9,54.0,346.0
2023-11-30,Manipur,140.1,137.2,108.6,76.8,7.4,1936.0,1797.0
2018-07-31,Lakshadweep,112.8,124.1,88.1,67.4,7.6,0.0,0.0
2024-09-30,Andaman and Nicobar Islands,142.8,140.7,113.0,78.8,7.7,501.0,262.0
2015-04-30,Himachal Pradesh,104.7,110.7,74.2,59.1,5.5,2303.0,5395.0
2021-08-31,Mizoram,124.8,135.9,35.5,71.3,7.4,0.0,0.0
2018-05-31,Maharashtra,112.8,122.9,119.8,65.6,7.6,4915.0,7582.0
2015-02-28,Goa,104.3,109.7,109.2,60.7,6.2,740.0,239.0
2018-07-31,Lakshadweep,119.9,122.4,63.1,65.8,6.5,0.0,0.0
2021-10-31,Goa,133.4,133.1,73.0,72.7,6.3,3066.0,2753.0
2023-12-31,Lakshadweep,141.1,141.8,71.2,76.0,4.1,0.0,0.0
2017-02-28,Puducherry,108.7,117.4,83.8,63.9,6.1,1239.0,1588.0
2021-10-31,Puducherry,126.6,132.6,93.1,72.1,4.2,1085.0,447.0
2021-11-30,Kerala,130.8,136.4,43.2,72.0,5.8,2435.0,6967.0
2021-01-31,Himachal Pradesh,128.5,135.7,63.3,70.4,4.2,2347.0,3565.0
2023-04-30,Chhattisgarh,142.9,141.7,100.8,75.0,5.8,4112.0,7020.0
2019-01-31,Mizoram,116.3,126.1,118.8,69.6,5.2,0.0,0.0
2020-03-31,West Bengal,125.4,128.5,31.5,70.5,1.0,12299.0,2742.0
2019-07-31,Sikkim,121.9,126.7,94.5,69.8,5.9,0.0,0.0
2017-10-31,Goa,112.0,117.8,54.7,63.1,6.0,339.0,2553.0
2023-09-30,Lakshadweep,141.7,141.3,35.1,76.0,7.6,0.0,0.0
2023-09-30,Odisha,140.7,142.5,116.4,75.8,5.9,7120.0,603.0
2020-09-30,Mizoram,125.3,130.2,51.0,69.0,-1.8,0.0,0.0
2016-03-31,Jharkhand,106.8,112.3,71.4,60.3,4.5,2982.0,6198.0
2015-03-31,Manipur,100.7,111.8,87.5,59.0,5.2,1258.0,2963.0
2015-03-31,Rajasthan,100.7,112.0,107.9,61.0,5.1,4984.0,3297.0
2023-06-30,Assam,140.1,140.6,114.8,75.5,7.3,2751.0,2088.0
2015-04-30,Chandigarh,99.2,116.4,105.8,59.7,7.0,20.0,728.0
2022-04-30,Manipur,132.3,136.1,58.8,74.0,4.2,1599.0,1187.0
2018-09-30,Uttarakhand,112.6,123.2,100.0,66.2,4.8,702.0,4.0
2018-09-30,Dadra and Nagar Haveli and Daman and Diu,114.2,123.1,56.0,65.7,5.8,541.0,688.0
2021-03-31,Meghalaya,129.8,135.4,22.1,71.6,4.3,1266.0,1948.0
2015-09-30,West Bengal,98.1,113.4,24.3,60.4,4.7,5264.0,2175.0
2024-10-31,Himachal Pradesh,142.9,145.5,111.6,79.6,7.6,2017.0,2752.0
2020-05-31,Himachal Pradesh,124.3,130.1,28.3,69.4,1.6,4820.0,4437.0
2017-02-28,Kerala,111.8,118.8,50.8,62.5,7.2,8159.0,9356.0
2017-02-28,West Bengal,105.8,114.6,82.3,63.4,5.3,3385.0,9376.0
2016-11-30,Gujarat,103.1,114.3,94.2,61.9,5.5,6062.0,6329.0
2017-06-30,Jammu and Kashmir,110.3,118.8,75.9,62.2,7.4,1158.0,3395.0
2015-10-31,Ladakh,102.6,108.6,90.6,60.1,6.6,326.0,340.0
2020-12-31,Andhra Pradesh,129.3,134.4,68.5,70.6,1.4,11964.0,3707.0
2020-04-30,Puducherry,124.3,130.5,63.2,69.0,-0.9,2287.0,492.0
2025-03-31,Sikkim,149.3,148.5,52.9,79.7,6.2,0.0,0.0
2023-09-30,Chandigarh,139.7,140.9,132.8,76.7,8.0,187.0,250.0
2021-02-28,Punjab,130.5,132.4,49.7,72.0,7.6,5441.0,16365.0
2023-09-30,Haryana,139.9,140.5,103.3,76.2,6.8,3506.0,7384.0
2018-11-30,Gujarat,115.2,122.7,107.5,65.9,6.7,10642.0,3175.0
2022-03-31,Arunachal Pradesh,132.3,138.9,98.8,74.1,4.3,2341.0,1830.0
2019-05-31,Chandigarh,116.7,126.9,100.6,69.6,5.9,894.0,626.0
2025-09-30,Kerala,151.4,151.4,135.3,80.6,6.0,4977.0,3904.0
2015-02-28,Ladakh,99.6,110.8,116.7,58.0,4.2,284.0,501.0
2019-10-31,Uttarakhand,121.7,130.4,61.1,68.2,7.0,3393.0,1637.0
2020-12-31,Puducherry,125.4,131.8,71.6,71.8,-1.7,83.0,1852.0
2017-03-31,Karnataka,107.1,115.9,47.2,64.0,5.7,10327.0,11323.0
2017-05-31,Punjab,113.1,118.1,66.2,62.2,7.6,391.0,14422.0
2016-03-31,Chandigarh,105.1,111.7,96.1,61.0,5.4,563.0,1092.0
2025-09-30,Lakshadweep,148.5,150.0,140.4,79.9,6.3,0.0,0.0
2019-12-31,Uttar Pradesh,118.9,123.2,25.3,67.2,5.2,1856.0,8365.0
2023-11-30,Tamil Nadu,137.6,141.5,137.5,77.6,4.7,7018.0,8950.0
2015-03-31,Telangana,100.7,109.8,119.9,58.9,6.9,9561.0,2793.0
2024-07-31,Arunachal Pradesh,144.8,143.3,133.1,78.0,4.8,135.0,846.0
2019-04-30,Lakshadweep,124.0,126.0,30.8,68.0,4.3,0.0,0.0
2019-12-31,Manipur,121.0,125.3,104.1,69.5,5.7,2002.0,2240.0
2017-10-31,Goa,113.9,115.8,84.0,63.9,6.8,2426.0,2703.0
2022-12-31,Meghalaya,133.1,139.8,25.1,75.1,6.3,130.0,2896.0
2022-05-31,Karnataka,134.3,137.3,142.1,73.7,5.0,4096.0,4442.0
2019-12-31,Himachal Pradesh,121.8,128.3,35.1,67.9,7.3,3160.0,1127.0
2016-07-31,Assam,106.2,114.4,59.7,61.6,4.4,4880.0,1890.0
2024-03-31,Gujarat,145.0,145.2,27.6,76.3,6.7,10106.0,11776.0
2016-10-31,Chandigarh,102.8,112.1,51.0,63.0,6.4,744.0,338.0
2025-08-31,Sikkim,145.6,147.7,92.2,80.7,7.6,0.0,0.0
2017-11-30,Bihar,109.6,118.4,113.1,64.0,6.1,2213.0,6584.0
2023-11-30,Chhattisgarh,139.6,142.7,142.8,75.5,7.3,1855.0,1076.0
2025-08-31,Sikkim,150.3,148.3,74.8,78.8,4.9,0.0,0.0
2021-11-30,Bihar,127.1,131.6,62.8,71.5,6.2,6714.0,7325.0
2024-03-31,Bihar,143.2,147.4,43.2,78.0,6.1,10016.0,5136.0
2022-06-30,Manipur,135.8,139.5,83.8,74.3,5.2,113.0,535.0
2016-12-31,Meghalaya,106.2,112.3,114.0,62.5,4.0,586.0,1511.0
2021-05-31,Punjab,130.4,133.6,36.5,71.1,7.0,15112.0,2150.0
2023-05-31,Jharkhand,139.3,143.0,56.0,75.1,5.6,222.0,3.0
2016-01-31,Delhi,102.6,111.8,109.1,61.9,5.2,2972.0,2713.0
2023-02-28,Dadra and Nagar Haveli and Daman and Diu,141.9,140.2,99.2,75.7,4.8,1130.0,822.0
2024-12-31,Andhra Pradesh,146.5,147.6,63.7,78.7,7.4,7328.0,1478.0
2018-01-31,Tripura,113.9,120.2,101.3,64.6,5.3,1900.0,2610.0
2018-12-31,Nagaland,116.7,122.1,30.9,66.6,4.8,1739.0,1740.0
2015-01-31,Tripura,99.9,110.2,105.8,60.1,6.1,1002.0,627.0
2019-12-31,Manipur,118.6,123.6,71.8,67.4,7.1,445.0,1932.0
2018-08-31,Bihar,116.9,124.0,95.7,66.3,6.4,579.0,7198.0
2024-07-31,Jammu and Kashmir,145.2,142.9,86.2,78.6,7.8,2908.0,25.0
2023-12-31,Bihar,139.1,142.6,53.6,74.1,7.8,5875.0,6332.0
2018-08-31,Punjab,112.4,121.1,84.1,67.9,7.6,11238.0,6633.0
2021-06-30,Kerala,127.6,134.2,35.5,72.0,6.3,414.0,5467.0
2017-01-31,Chandigarh,111.7,117.5,43.0,64.5,7.1,384.0,561.0
2024-08-31,Sikkim,145.9,143.7,89.9,78.4,5.2,0.0,0.0
2024-11-30,Ladakh,142.7,145.4,70.8,78.2,6.3,265.0,335.0
2015-10-31,Puducherry,97.6,111.0,94.5,59.5,4.3,249.0,934.0
2024-01-31,Uttarakhand,149.2,145.5,94.0,78.1,5.1,1658.0,140.0
2017-11-30,Tripura,110.9,117.0,58.1,64.0,5.3,1967.0,2644.0
2016-07-31,Kerala,107.4,110.0,52.7,62.3,5.4,5241.0,605.0
2015-08-31,Kerala,103.0,108.2,111.3,61.5,4.6,4167.0,5482.0
2015-10-31,Rajasthan,98.1,108.5,24.0,59.7,4.3,934.0,5677.0
2017-05-31,Delhi,113.5,119.7,89.1,63.1,6.3,2058.0,3241.0
2016-03-31,Gujarat,102.8,113.2,59.2,62.0,6.0,9074.0,9629.0
2022-03-31,Odisha,136.5,139.0,69.3,73.3,6.3,8204.0,8681.0
2016-11-30,Telangana,104.8,112.4,85.2,60.9,4.5,7115.0,6092.0
2018-10-31,Punjab,116.4,117.9,105.0,65.3,7.8,5698.0,3148.0
2017-04-30,Chhattisgarh,109.6,120.0,92.4,62.6,5.7,3261.0,7554.0
2017-02-28,Chandigarh,111.1,116.5,87.0,62.7,5.8,1013.0,425.0
2015-10-31,Gujarat,102.7,111.9,69.6,61.5,6.2,4199.0,2919.0
2015-04-30,Punjab,102.2,109.6,66.9,61.1,6.8,10947.0,6336.0
2019-07-31,Mizoram,119.9,128.8,66.1,68.0,5.5,0.0,0.0
2020-06-30,Puducherry,123.1,136.4,20.7,68.9,-0.4,440.0,892.0
2020-07-31,Gujarat,124.4,130.9,45.6,68.1,1.5,7940.0,4900.0
2019-07-31,Karnataka,120.9,123.3,51.5,67.7,5.0,5664.0,9049.0
2017-07-31,Nagaland,111.3,119.1,81.8,64.6,5.8,1283.0,1794.0
2021-02-28,Chandigarh,132.1,134.8,73.4,71.9,6.5,90.0,880.0
2016-07-31,Punjab,103.5,111.5,114.0,62.9,7.9,9891.0,1470.0
2021-09-30,Arunachal Pradesh,128.1,132.7,63.5,71.6,4.1,1546.0,1352.0
2022-03-31,Gujarat,133.0,137.1,103.7,73.7,6.1,7368.0,3174.0
2016-08-31,Uttarakhand,104.6,114.7,79.3,62.5,7.7,771.0,528.0
2016-01-31,Manipur,105.4,112.2,88.4,60.7,5.0,639.0,3052.0
2021-05-31,Odisha,130.7,131.9,46.7,72.2,4.4,6286.0,1234.0
2018-07-31,Puducherry,112.2,119.7,45.7,66.2,6.4,1659.0,97.0
2019-02-28,Arunachal Pradesh,118.1,122.3,76.0,67.8,4.6,960.0,1743.0
2017-04-30,West Bengal,108.6,119.3,104.9,65.3,7.5,10608.0,10880.0
2015-04-30,Arunachal Pradesh,103.5,110.2,92.0,60.7,6.9,2218.0,629.0
2016-10-31,Karnataka,104.2,115.6,68.9,60.4,4.5,3479.0,5765.0
2024-11-30,Goa,142.0,144.6,54.6,77.6,6.3,3156.0,2163.0
2023-05-31,Tamil Nadu,140.8,140.5,115.1,75.3,4.1,3292.0,9704.0
2018-03-31,Jharkhand,114.8,122.7,112.6,65.9,7.4,6494.0,60.0
2017-10-31,Delhi,107.7,119.8,41.3,63.0,4.8,13.0,2366.0
2023-01-31,Odisha,139.1,144.0,119.9,74.9,6.9,5509.0,874.0
2018-08-31,Karnataka,114.3,119.8,37.2,65.8,4.4,3242.0,5159.0
2018-04-30,Telangana,114.8,123.9,110.1,66.1,5.9,6602.0,1723.0
2023-01-31,West Bengal,141.9,145.0,101.0,75.2,7.7,10165.0,6593.0
2021-02-28,Kerala,131.1,134.8,38.1,71.1,4.3,4929.0,5077.0
2022-02-28,West Bengal,135.3,140.3,28.4,72.4,5.2,803.0,9707.0
2022-06-30,Chhattisgarh,137.0,139.0,107.4,74.3,7.1,564.0,3243.0
2020-07-31,Odisha,124.2,127.8,48.4,69.6,-0.1,4771.0,1713.0
2021-04-30,Haryana,128.5,135.9,81.1,71.4,6.6,7919.0,4705.0
2022-08-31,West Bengal,135.6,138.8,81.9,74.8,7.2,6454.0,4853.0
2015-10-31,Chhattisgarh,100.5,108.0,81.4,57.4,7.1,536.0,3472.0
2022-02-28,Haryana,132.0,136.9,128.8,74.5,5.6,2238.0,45.0
2023-06-30,Telangana,143.0,142.8,138.2,77.4,5.7,1316.0,39.0
2023-12-31,Punjab,138.0,146.8,65.3,73.9,6.3,14819.0,9507.0
2022-07-31,Jammu and Kashmir,136.1,141.6,82.5,72.0,4.5,2252.0,3360.0
2021-07-31,Goa,131.1,130.0,47.3,70.5,7.5,459.0,99.0
2022-02-28,Chhattisgarh,128.8,138.0,73.4,72.8,4.4,5606.0,5074.0
2023-11-30,Jharkhand,140.5,145.0,119.5,77.0,4.7,4885.0,1745.0
2023-05-31,West Bengal,143.3,141.2,75.0,75.7,7.8,6685.0,6832.0
2023-12-31,Kerala,138.6,141.0,71.0,78.0,5.1,2053.0,2880.0
2019-12-31,Manipur,116.2,124.9,105.0,67.6,5.0,1045.0,2533.0
2018-12-31,Assam,114.8,123.7,20.1,65.7,5.7,3004.0,4985.0
2024-09-30,Tamil Nadu,145.9,146.8,126.3,79.3,6.9,3290.0,747.0
2023-10-31,Ladakh,139.8,143.1,45.8,73.4,5.5,383.0,33.0
2017-09-30,Gujarat,108.1,117.6,47.5,64.1,7.5,97.0,2603.0
2018-08-31,Andhra Pradesh,112.9,125.5,56.2,66.5,4.6,2755.0,2880.0
2024-04-30,Haryana,141.8,145.4,129.7,79.1,4.5,13166.0,4712.0
2022-05-31,Uttarakhand,131.3,139.8,133.0,74.9,4.3,3471.0,41.0
2017-12-31,Sikkim,109.3,113.8,86.1,64.3,5.2,0.0,0.0
2021-09-30,Dadra and Nagar Haveli and Daman and Diu,130.8,133.9,63.9,73.3,4.8,430.0,455.0
2022-04-30,Karnataka,135.3,137.1,85.9,75.4,5.8,3096.0,7627.0
2017-07-31,Rajasthan,110.5,118.2,78.0,64.6,8.0,5462.0,2086.0
2023-12-31,Manipur,141.3,138.8,138.5,75.0,7.5,2801.0,704.0
2017-06-30,West Bengal,112.6,121.3,116.9,64.2,7.6,1297.0,3846.0
2015-12-31,Tamil Nadu,100.1,110.3,104.7,60.8,7.3,9818.0,1775.0
2019-03-31,Uttarakhand,120.7,130.5,78.4,67.7,5.1,2495.0,3746.0
2025-01-31,Odisha,150.7,151.6,70.9,80.7,4.9,8075.0,8960.0
2016-01-31,Meghalaya,105.3,114.5,43.0,61.9,6.9,3273.0,2789.0
2022-07-31,Kerala,135.0,138.0,88.1,73.4,6.4,68.0,2829.0
2021-02-28,Tamil Nadu,130.2,135.3,54.6,72.1,4.8,11024.0,12596.0
2016-08-31,Gujarat,108.1,115.5,27.3,60.6,7.9,591.0,3372.0
2020-12-31,Chandigarh,127.9,131.0,40.6,70.3,-0.9,651.0,409.0
2021-01-31,Meghalaya,126.6,138.5,77.1,71.3,7.3,517.0,2968.0
2020-11-30,Lakshadweep,125.4,132.3,48.7,70.6,-1.1,0.0,0.0
2021-06-30,Rajasthan,130.0,132.7,27.4,70.9,4.1,4001.0,5913.0
2017-04-30,Bihar,112.5,116.4,68.3,65.9,5.8,5592.0,1316.0
2025-01-31,Gujarat,149.9,150.9,102.7,79.0,4.5,5913.0,1307.0
2018-07-31,Uttarakhand,115.5,122.4,116.1,66.9,7.9,782.0,1963.0
2015-08-31,Goa,98.7,110.6,22.5,59.9,7.2,378.0,2216.0
2016-01-31,Punjab,106.6,110.8,87.6,62.5,5.8,8974.0,5664.0
2024-03-31,Kerala,142.5,147.8,31.5,78.7,7.9,1527.0,4925.0
2017-11-30,Maharashtra,109.4,117.3,35.9,63.8,5.0,9341.0,8767.0
2016-11-30,Puducherry,102.9,118.5,37.3,61.8,6.7,1750.0,901.0
2018-10-31,Mizoram,114.4,122.5,52.9,65.8,4.1,0.0,0.0
2016-03-31,Punjab,103.9,113.8,103.1,60.0,5.5,13894.0,9001.0
2020-01-31,Arunachal Pradesh,126.7,131.0,63.4,70.8,-0.6,1040.0,657.0
2024-07-31,Rajasthan,144.6,144.7,69.0,78.0,5.5,2005.0,1307.0
2020-04-30,Kerala,128.0,133.4,37.9,69.7,2.0,8874.0,2233.0
2019-04-30,Madhya Pradesh,119.5,130.7,41.7,67.9,5.5,362.0,3966.0
2020-09-30,Andhra Pradesh,122.8,131.5,38.0,69.6,1.5,9298.0,291.0
2020-07-31,Nagaland,124.5,131.3,28.5,68.0,0.2,465.0,451.0
2021-11-30,Maharashtra,131.0,132.8,37.5,71.6,4.8,6230.0,8851.0
2015-02-28,Dadra and Nagar Haveli and Daman and Diu,103.4,110.0,35.8,60.0,4.9,486.0,386.0
2021-06-30,Telangana,128.7,135.1,97.6,71.2,6.6,2565.0,8258.0
2017-04-30,Kerala,113.3,115.7,31.7,64.1,5.9,8828.0,5441.0
2019-06-30,Tripura,119.6,129.2,81.6,68.8,4.6,2642.0,2963.0
2020-07-31,Ladakh,124.1,126.9,22.0,69.4,1.2,255.0,134.0
2023-06-30,Maharashtra,141.6,137.9,124.5,74.6,7.7,4369.0,7961.0
2024-12-31,Nagaland,147.8,149.5,56.9,78.0,5.9,762.0,1020.0
2018-12-31,Telangana,116.1,123.6,24.5,66.4,6.5,2067.0,8943.0
2018-11-30,Uttar Pradesh,112.2,120.1,65.2,67.7,7.3,2592.0,12339.0
2016-09-30,Chandigarh,105.7,114.3,120.0,61.5,7.9,695.0,648.0
2022-08-31,Bihar,139.3,138.5,121.6,74.0,7.9,7747.0,6662.0
2025-01-31,Andaman and Nicobar Islands,145.4,150.2,92.4,81.2,7.7,388.0,187.0
2024-08-31,Nagaland,145.7,143.9,46.7,77.1,7.3,833.0,9.0
2015-01-31,Bihar,99.4,110.6,31.8,60.6,5.7,10438.0,9418.0
2021-05-31,Delhi,128.1,136.3,103.9,72.5,6.7,2710.0,1179.0
2022-01-31,Arunachal Pradesh,137.1,134.5,118.5,74.6,7.1,253.0,1564.0
2018-10-31,Kerala,111.5,121.0,66.2,65.4,4.4,4287.0,5445.0
2018-11-30,Sikkim,114.3,119.7,62.1,65.1,4.5,0.0,0.0
2019-11-30,Uttar Pradesh,122.0,124.5,94.9,67.7,6.8,11040.0,9481.0
2019-06-30,Maharashtra,121.8,126.8,73.6,68.0,6.7,12453.0,1167.0
2022-02-28,Himachal Pradesh,136.2,135.4,72.5,72.7,7.2,3442.0,3734.0
2015-12-31,Jharkhand,100.3,113.5,45.2,60.5,4.7,5999.0,4995.0
2015-06-30,Gujarat,99.8,110.1,32.3,60.8,7.7,3751.0,5674.0
2019-05-31,Punjab,119.1,125.2,79.5,66.8,5.0,5899.0,15145.0
2022-06-30,Manipur,133.1,134.2,123.1,74.9,4.5,1572.0,2705.0
2015-05-31,Puducherry,101.6,110.3,94.6,58.8,5.3,796.0,395.0
2021-01-31,Telangana,130.4,134.1,89.6,71.3,7.2,5361.0,9773.0
2016-02-29,Arunachal Pradesh,106.7,111.4,112.9,62.0,4.1,1475.0,129.0
2023-10-31,Punjab,138.4,140.0,71.3,76.1,4.9,419.0,5329.0
2019-04-30,Madhya Pradesh,118.4,129.4,33.7,69.4,7.8,350.0,981.0
2024-08-31,Tripura,146.0,145.2,36.2,78.6,4.1,1869.0,1881.0
2017-02-28,Ladakh,105.4,118.1,115.5,64.3,5.1,108.0,499.0
2019-05-31,Assam,114.9,127.1,78.9,67.3,5.3,1545.0,6725.0
2024-01-31,Kerala,147.0,145.7,121.3,77.5,7.7,5301.0,7537.0
2017-05-31,Delhi,108.6,120.7,73.6,63.0,7.4,2486.0,1.0
2016-07-31,West Bengal,105.4,112.5,59.8,61.5,5.8,601.0,319.0
2018-11-30,Karnataka,115.8,121.1,40.0,67.7,5.3,8252.0,5900.0
2016-11-30,Mizoram,107.1,113.2,105.6,61.9,7.8,0.0,0.0
2024-09-30,Maharashtra,144.1,144.4,31.6,78.2,4.8,1860.0,3536.0
2023-10-31,Dadra and Nagar Haveli and Daman and Diu,139.2,140.2,132.0,75.6,5.9,224.0,702.0
2019-05-31,Chhattisgarh,118.8,126.1,40.5,67.1,5.7,2048.0,1027.0
2022-12-31,Arunachal Pradesh,136.2,140.7,25.1,74.1,7.7,666.0,1595.0
2015-05-31,Madhya Pradesh,101.3,107.6,30.4,60.1,7.0,3526.0,5413.0
2016-04-30,Punjab,107.6,113.6,108.4,63.2,5.9,3616.0,1326.0
2016-05-31,Karnataka,102.5,115.5,27.4,61.5,6.4,2832.0,9920.0
2023-06-30,Maharashtra,144.5,146.0,66.6,75.6,7.6,8944.0,1068.0
2016-08-31,Bihar,104.4,115.9,45.0,61.2,7.3,1775.0,1914.0
2024-04-30,Assam,144.9,145.6,28.4,78.2,6.5,2645.0,6194.0
2024-12-31,Karnataka,145.3,144.9,87.8,79.1,7.7,1816.0,1299.0
2024-03-31,Tripura,143.2,148.3,143.8,79.0,5.5,1845.0,1177.0
2015-01-31,Tamil Nadu,99.2,111.8,105.3,61.7,6.9,2686.0,2107.0
2019-10-31,Mizoram,122.9,126.0,36.9,66.7,4.1,0.0,0.0
2022-09-30,Dadra and Nagar Haveli and Daman and Diu,138.0,137.6,130.1,74.3,6.3,250.0,307.0
2015-06-30,Maharashtra,100.4,114.0,65.2,60.4,4.5,2934.0,8388.0
2023-12-31,Nagaland,142.1,145.7,56.8,74.5,6.1,1718.0,1478.0
2023-07-31,Assam,140.8,142.8,100.8,77.0,5.0,1430.0,941.0
2019-02-28,Jammu and Kashmir,119.9,126.4,41.7,65.7,5.5,4338.0,2132.0
2024-10-31,Odisha,143.5,143.7,129.6,77.8,7.2,6430.0,4850.0
2024-02-29,Tamil Nadu,143.3,146.1,98.9,76.3,4.2,9423.0,2515.0
2022-04-30,Dadra and Nagar Haveli and Daman and Diu,133.5,140.4,40.3,77.0,6.1,930.0,473.0
2016-08-31,Telangana,108.2,110.1,77.1,61.9,4.6,2751.0,4584.0
2016-02-29,Mizoram,106.7,115.2,71.0,62.9,6.3,0.0,0.0
2018-04-30,Uttarakhand,117.9,123.4,67.1,66.0,6.5,460.0,2325.0
2017-10-31,Himachal Pradesh,110.8,119.4,56.5,63.3,4.7,2522.0,1092.0
2025-04-30,Lakshadweep,148.2,148.7,80.9,81.1,4.0,0.0,0.0
2018-09-30,Maharashtra,116.2,121.4,78.6,66.0,4.3,1513.0,5462.0
2021-08-31,Sikkim,132.5,132.8,93.4,70.8,6.8,0.0,0.0
2020-11-30,Maharashtra,126.3,134.0,67.1,69.4,-0.7,5188.0,5274.0
2021-06-30,Maharashtra,127.4,137.1,24.4,71.0,5.5,4907.0,4642.0
2021-06-30,West Bengal,127.1,134.7,76.9,71.9,6.8,848.0,4273.0
2017-09-30,Delhi,111.3,118.1,95.2,63.7,6.0,2372.0,1100.0
2017-09-30,Sikkim,109.4,118.0,31.6,63.8,6.5,0.0,0.0
2018-08-31,Jammu and Kashmir,115.6,121.4,111.1,66.5,7.7,2944.0,2191.0
2016-08-31,West Bengal,103.6,110.2,44.5,64.7,6.0,3276.0,3675.0
2024-03-31,Assam,145.3,146.1,124.0,78.1,6.6,4018.0,992.0
2015-07-31,Sikkim,97.8,114.1,86.2,59.2,6.6,0.0,0.0
2016-12-31,Tamil Nadu,105.5,114.6,76.0,64.3,6.1,7349.0,8340.0
2020-10-31,Goa,126.5,128.8,64.2,71.5,0.5,1944.0,921.0
2024-04-30,Maharashtra,146.6,146.5,140.3,78.6,7.3,12512.0,3079.0
2023-08-31,Sikkim,137.4,141.6,143.7,76.1,7.2,0.0,0.0
2019-06-30,Ladakh,120.9,124.0,88.3,68.4,4.2,380.0,272.0
2018-02-28,Punjab,113.8,119.8,53.9,63.7,7.8,1931.0,10399.0
2021-02-28,Tamil Nadu,133.1,134.1,107.5,70.4,7.4,11076.0,5831.0
2021-08-31,Madhya Pradesh,131.9,131.1,85.4,72.9,7.9,5493.0,6191.0
2017-08-31,Himachal Pradesh,110.1,118.0,52.3,65.4,4.8,1102.0,2333.0
2018-09-30,Goa,119.4,121.8,113.2,64.2,6.1,2852.0,1951.0
2020-01-31,West Bengal,123.5,131.4,56.9,69.1,1.5,5271.0,7215.0
2019-05-31,Gujarat,119.9,125.7,65.3,67.3,5.5,9859.0,3625.0
2025-08-31,Odisha,151.1,147.9,78.5,79.1,5.6,1064.0,1411.0
2021-04-30,Dadra and Nagar Haveli and Daman and Diu,134.1,134.3,119.6,72.3,7.6,853.0,130.0
2017-03-31,Jammu and Kashmir,112.9,120.1,57.4,64.7,6.8,1553.0,4002.0
2020-02-29,Andaman and Nicobar Islands,126.6,128.9,17.6,69.0,-0.5,1038.0,1136.0
2016-06-30,Delhi,103.2,117.2,73.9,60.6,5.5,1825.0,717.0
2025-07-31,Sikkim,148.2,150.2,130.2,78.8,5.9,0.0,0.0
2024-01-31,Assam,146.4,145.3,94.1,77.5,5.5,2117.0,8173.0
2023-07-31,Madhya Pradesh,137.5,140.7,119.2,77.6,4.8,70.0,3956.0
2021-05-31,Madhya Pradesh,130.6,134.4,25.5,72.1,5.7,513.0,1960.0
2024-09-30,Madhya Pradesh,146.6,145.8,104.8,79.9,4.3,2265.0,695.0
2023-08-31,Kerala,137.0,139.4,33.5,76.8,7.4,229.0,2352.0
2019-01-31,Chhattisgarh,121.3,129.2,75.6,67.4,7.3,3941.0,6212.0
2024-08-31,Madhya Pradesh,146.8,145.3,83.7,78.1,7.6,2235.0,2057.0
2023-04-30,Kerala,139.3,145.2,137.5,75.5,5.8,107.0,5791.0
2025-05-31,Jharkhand,149.7,147.8,39.9,78.9,6.6,5053.0,24.0
2017-01-31,Manipur,106.4,119.9,20.9,63.7,7.2,19.0,2858.0
2025-08-31,Arunachal Pradesh,149.8,152.7,40.5,80.8,5.3,459.0,870.0
2023-04-30,Meghalaya,136.9,144.5,44.5,75.4,6.5,2319.0,2269.0
2015-05-31,Delhi,98.6,110.8,45.1,59.8,5.8,1846.0,662.0
2016-07-31,Puducherry,104.2,116.0,101.5,61.4,5.5,1363.0,1024.0
2016-06-30,Tripura,102.7,114.9,57.7,63.4,7.4,966.0,2077.0
2025-01-31,Uttar Pradesh,147.5,147.9,124.9,79.8,6.5,2494.0,6052.0
2017-08-31,Maharashtra,107.6,118.8,47.2,63.7,6.5,2130.0,3875.0
2015-10-31,Manipur,102.4,107.8,106.1,59.7,4.6,1374.0,1138.0
2018-01-31,Jammu and Kashmir,114.9,119.5,20.8,66.3,5.4,2512.0,1333.0
2022-02-28,Dadra and Nagar Haveli and Daman and Diu,137.5,138.6,136.1,74.1,7.4,106.0,134.0
2016-01-31,Puducherry,104.2,112.8,94.6,63.0,4.9,799.0,923.0
2015-09-30,Himachal Pradesh,99.2,113.2,61.3,59.6,7.9,2883.0,1167.0
2022-04-30,Gujarat,134.2,141.4,93.3,75.8,7.3,9998.0,8568.0
2018-10-31,Andhra Pradesh,109.0,127.5,113.3,65.3,5.1,2823.0,9681.0
2024-11-30,Tamil Nadu,146.0,143.3,93.9,78.1,4.4,2646.0,5247.0
2016-07-31,Maharashtra,104.8,111.7,42.9,62.5,4.7,9842.0,2541.0
2022-10-31,Tripura,135.1,139.7,92.7,74.0,5.0,168.0,1213.0
2017-02-28,Haryana,105.8,117.4,107.1,64.0,5.0,10149.0,2058.0
2018-10-31,Goa,114.9,120.6,118.7,65.1,4.1,355.0,271.0
2024-10-31,Manipur,144.1,145.2,94.1,78.7,6.9,1631.0,2317.0
2018-10-31,Punjab,115.3,121.9,35.6,66.2,7.9,11467.0,10027.0
2016-02-29,Mizoram,104.8,115.3,97.2,62.0,5.1,0.0,0.0
2022-01-31,Lakshadweep,134.0,134.4,143.6,72.1,4.1,0.0,0.0
2020-03-31,Goa,126.1,130.8,40.4,70.6,1.2,416.0,10.0
2020-12-31,West Bengal,127.0,129.6,35.0,70.6,0.5,4229.0,296.0
2015-03-31,Jharkhand,99.2,108.4,75.3,57.2,4.0,5482.0,4383.0
2017-04-30,Himachal Pradesh,107.1,120.8,36.5,64.6,4.9,3885.0,5419.0
2025-05-31,Puducherry,147.2,149.1,140.6,79.8,4.4,2167.0,710.0
2022-03-31,Madhya Pradesh,135.8,137.3,124.6,72.3,6.9,1340.0,254.0
2021-05-31,Karnataka,132.6,133.4,31.3,71.0,4.0,10539.0,3498.0
2021-04-30,Karnataka,126.4,137.1,114.5,70.8,5.8,435.0,7705.0
2024-06-30,Chandigarh,143.0,146.2,137.1,77.2,6.0,401.0,871.0
2021-03-31,West Bengal,129.3,133.9,51.6,72.5,7.1,1346.0,7858.0
2019-11-30,Tamil Nadu,115.9,127.8,81.9,68.6,6.1,7818.0,8574.0
2019-11-30,Manipur,119.8,121.5,31.1,68.6,4.5,193.0,2113.0
2018-11-30,Karnataka,115.7,122.4,28.4,65.7,5.7,7877.0,2592.0
2022-11-30,Madhya Pradesh,136.0,138.4,84.2,76.6,7.7,2168.0,6628.0
2021-06-30,West Bengal,129.2,135.7,25.0,69.5,4.9,6904.0,335.0
2024-05-31,Gujarat,144.3,146.6,129.0,77.0,5.2,10799.0,12815.0
2024-01-31,Dadra and Nagar Haveli and Daman and Diu,143.0,143.7,135.4,78.3,7.5,452.0,827.0
2023-10-31,Sikkim,136.5,138.7,32.1,75.3,7.1,0.0,0.0
2022-05-31,Maharashtra,134.6,139.3,29.7,73.7,5.2,6484.0,8878.0
2017-09-30,Goa,110.8,117.0,42.1,64.0,6.8,557.0,1621.0
2023-01-31,Dadra and Nagar Haveli and Daman and Diu,140.0,141.3,135.6,75.7,4.3,369.0,93.0
2021-07-31,Assam,132.2,132.3,96.9,70.6,6.2,1444.0,3611.0
2016-04-30,Mizoram,105.7,114.0,87.6,62.8,7.5,0.0,0.0
2018-08-31,Punjab,116.3,121.9,97.6,66.8,7.4,11381.0,3032.0
2024-12-31,Gujarat,145.3,143.6,47.9,79.6,4.8,9922.0,4122.0
2023-12-31,Mizoram,143.7,143.5,54.8,74.1,6.1,0.0,0.0
2015-04-30,Uttar Pradesh,99.0,108.6,51.8,60.8,5.6,5838.0,162.0
2019-08-31,Uttarakhand,121.4,128.9,80.5,67.1,6.2,3814.0,2537.0
2020-04-30,Madhya Pradesh,125.5,130.4,48.5,69.9,0.5,2930.0,1351.0
2022-11-30,Chhattisgarh,136.5,137.8,49.0,73.3,7.9,4068.0,604.0
2019-08-31,Andhra Pradesh,120.7,123.0,63.7,67.0,6.3,1441.0,5022.0
2017-08-31,Mizoram,109.9,119.1,89.0,64.6,4.5,0.0,0.0
2024-08-31,Meghalaya,145.8,145.9,61.2,79.7,6.6,1721.0,1144.0
2015-09-30,Nagaland,101.0,110.3,27.5,62.0,4.0,79.0,77.0
2023-09-30,West Bengal,141.3,144.6,47.7,77.0,4.0,8452.0,477.0
2021-06-30,Assam,132.9,135.7,36.5,70.9,4.7,3556.0,3114.0
2022-03-31,Nagaland,135.4,140.2,99.8,73.9,5.1,1207.0,2113.0
2016-09-30,Chandigarh,102.8,109.2,26.9,61.9,5.1,541.0,623.0
2019-07-31,Lakshadweep,120.3,125.6,108.5,68.5,5.8,0.0,0.0
2021-04-30,Maharashtra,129.1,130.8,28.4,72.7,6.1,1041.0,1100.0
2025-06-30,Mizoram,149.1,150.9,95.7,79.5,5.7,0.0,0.0
2021-12-31,Odisha,129.4,130.2,113.0,73.3,5.5,981.0,674.0
2024-07-31,Haryana,143.2,148.1,31.5,80.4,6.7,11586.0,2149.0
2018-12-31,Bihar,110.2,125.1,58.3,66.4,5.0,4316.0,7827.0
2025-03-31,Telangana,153.0,149.6,63.4,79.4,6.5,9366.0,9335.0
2021-06-30,Andaman and Nicobar Islands,129.0,134.7,54.4,73.1,7.8,883.0,150.0
2017-06-30,Karnataka,106.6,121.1,80.0,65.1,5.9,4711.0,7260.0
2017-05-31,Kerala,110.4,122.2,46.2,64.7,6.0,7931.0,3769.0
2018-05-31,Maharashtra,116.2,125.4,22.7,66.0,6.9,8883.0,13726.0
2017-02-28,Gujarat,109.6,119.1,116.2,65.4,6.0,13574.0,9383.0
2019-02-28,Assam,117.4,129.2,94.9,67.0,4.6,4722.0,5373.0
2015-02-28,Lakshadweep,97.2,108.1,33.5,59.9,6.4,0.0,0.0
2019-07-31,Karnataka,124.6,124.6,65.5,69.9,6.0,2388.0,1928.0
2023-08-31,Arunachal Pradesh,137.2,143.9,31.5,76.0,7.8,276.0,987.0
2016-02-29,Mizoram,101.7,114.1,22.8,62.0,4.4,0.0,0.0
2025-08-31,Tamil Nadu,149.4,151.3,29.7,80.2,6.1,6792.0,5015.0
2023-08-31,Delhi,141.6,143.8,114.7,75.1,6.5,742.0,2372.0
2022-11-30,Sikkim,138.3,139.9,77.4,72.9,6.5,0.0,0.0
2021-09-30,Maharashtra,129.6,130.3,104.4,71.5,4.2,4597.0,5821.0
2020-01-31,Punjab,124.5,131.4,30.3,69.8,-1.8,789.0,777.0
2015-12-31,Mizoram,97.4,108.7,97.5,61.2,5.1,0.0,0.0
2016-01-31,Haryana,107.2,114.5,27.8,62.3,6.7,7999.0,14198.0
2022-05-31,Gujarat,134.9,137.1,100.2,75.5,6.9,8408.0,112.0
2022-11-30,Ladakh,134.9,137.2,67.3,74.5,4.8,201.0,248.0
2019-11-30,Bihar,120.9,124.8,47.7,68.9,7.3,148.0,960.0
2018-01-31,Chandigarh,115.6,123.5,101.5,66.6,5.9,1098.0,743.0
2017-01-31,Rajasthan,109.7,117.7,25.2,65.6,5.1,5203.0,4387.0
2016-04-30,Uttarakhand,107.6,113.5,115.0,62.1,5.2,5256.0,1692.0
2022-03-31,Assam,131.8,137.3,118.3,74.1,5.1,8190.0,928.0
2016-11-30,Dadra and Nagar Haveli and Daman and Diu,105.4,115.2,55.6,60.9,6.4,877.0,736.0
2025-06-30,Meghalaya,150.8,148.3,143.0,80.9,6.1,7.0,179.0
2019-12-31,Madhya Pradesh,119.2,129.2,40.2,67.5,7.8,678.0,5470.0
2023-04-30,Gujarat,141.2,140.7,72.3,76.7,5.1,9636.0,1144.0
2023-07-31,Karnataka,141.3,141.1,130.2,76.2,5.3,4438.0,2353.0
2020-03-31,Puducherry,127.2,130.0,71.8,68.9,1.6,958.0,574.0
2018-02-28,Karnataka,114.8,122.9,43.9,66.1,5.2,5368.0,8289.0
2025-08-31,Lakshadweep,149.6,149.6,113.2,79.6,5.0,0.0,0.0
2019-02-28,Delhi,121.1,125.5,50.6,66.6,5.6,1257.0,3449.0
2018-04-30,Andaman and Nicobar Islands,114.6,124.2,96.6,66.3,6.0,746.0,1074.0
2015-08-31,Dadra and Nagar Haveli and Daman and Diu,97.0,105.5,32.5,61.7,6.7,708.0,462.0
2015-08-31,Uttarakhand,101.7,108.8,53.6,59.0,4.8,1141.0,1064.0
2023-08-31,Arunachal Pradesh,136.3,140.3,33.0,73.3,6.2,941.0,921.0
2017-10-31,Haryana,110.8,117.2,69.2,66.0,6.9,6478.0,4246.0
2019-09-30,Kerala,125.1,128.8,90.2,66.4,5.0,4529.0,2612.0
2016-10-31,Punjab,106.1,112.6,57.9,63.8,5.4,4356.0,6267.0
2022-03-31,Chhattisgarh,133.6,137.8,97.8,75.3,4.8,7517.0,5932.0
2018-04-30,Madhya Pradesh,114.1,123.1,76.9,66.1,4.4,7640.0,5016.0
2022-02-28,Andhra Pradesh,135.7,136.4,59.4,73.4,7.0,7657.0,12110.0
2022-11-30,Delhi,135.0,133.4,82.4,75.1,5.0,394.0,2597.0
2016-01-31,Himachal Pradesh,106.5,108.9,26.9,62.2,5.5,2862.0,1792.0
2017-04-30,Puducherry,112.9,120.7,66.0,65.8,5.0,738.0,99.0
2021-12-31,Haryana,132.6,134.9,65.8,72.5,4.2,4038.0,5990.0
2020-02-29,Delhi,122.7,129.3,13.7,71.8,1.1,2466.0,982.0
2022-09-30,Ladakh,135.0,137.3,85.7,74.8,6.6,263.0,240.0
2022-03-31,Kerala,136.0,136.3,112.5,75.3,5.9,4288.0,93.0
2016-12-31,Ladakh,108.0,114.3,65.2,62.4,6.7,294.0,55.0
2023-02-28,Odisha,140.7,143.4,101.5,75.9,7.4,137.0,1052.0
2015-07-31,Rajasthan,98.6,108.2,73.2,59.6,6.5,1212.0,3059.0
2018-01-31,Delhi,115.9,122.5,98.5,65.1,7.6,2486.0,3115.0
2020-08-31,Bihar,128.6,128.3,42.9,69.9,-1.9,2358.0,4624.0
2022-02-28,Bihar,134.5,137.8,63.8,73.0,7.5,11679.0,6892.0
2022-03-31,Karnataka,133.6,136.9,123.3,73.6,6.2,7784.0,2149.0
2016-03-31,Uttar Pradesh,104.9,115.8,26.8,62.2,7.4,5640.0,3425.0
2025-03-31,Chhattisgarh,148.7,150.0,58.7,80.5,7.0,7780.0,3899.0
2023-11-30,Chandigarh,141.7,139.7,95.0,77.4,4.2,322.0,660.0
2022-05-31,Arunachal Pradesh,133.7,137.8,126.7,74.3,7.4,763.0,1910.0
2025-05-31,Telangana,152.6,152.0,32.7,80.5,5.3,6689.0,435.0
2024-05-31,Meghalaya,146.0,143.6,35.5,77.8,5.7,1848.0,2714.0
2023-11-30,Nagaland,141.4,141.4,57.9,76.0,4.0,1694.0,545.0
2022-03-31,Kerala,136.4,137.2,65.3,74.1,7.0,2801.0,5238.0
2020-08-31,Uttar Pradesh,126.7,130.4,62.6,72.1,0.4,206.0,3659.0
2016-03-31,Kerala,104.4,113.6,115.9,62.4,7.8,7358.0,8286.0
2020-05-31,Uttar Pradesh,123.0,130.7,13.0,68.8,1.0,6482.0,15118.0
2019-06-30,Bihar,119.0,124.6,21.5,68.2,6.0,2829.0,387.0
2022-09-30,Uttarakhand,136.9,137.7,127.8,73.2,5.6,662.0,3468.0
2016-08-31,Tamil Nadu,101.5,113.6,33.6,61.3,7.2,8805.0,5523.0
2017-09-30,Rajasthan,106.0,121.6,53.9,64.1,6.1,4087.0,4674.0
2023-04-30,Puducherry,140.4,142.6,57.0,76.4,5.8,448.0,1290.0
2021-05-31,Karnataka,131.7,135.7,48.2,72.4,7.8,11352.0,4306.0
2023-11-30,Assam,142.0,145.7,63.4,75.3,5.5,7132.0,5080.0
2024-12-31,Goa,143.1,146.5,64.3,76.5,6.0,2688.0,117.0
2021-02-28,Maharashtra,127.6,133.5,82.0,71.9,6.2,157.0,2412.0
2015-11-30,Goa,98.6,108.0,82.9,59.9,4.2,3359.0,2852.0
2017-07-31,Madhya Pradesh,109.2,115.5,72.3,63.9,6.1,3718.0,3538.0
2015-12-31,Andaman and Nicobar Islands,99.3,105.7,105.9,60.2,5.3,128.0,387.0
2025-04-30,Delhi,150.2,151.8,125.5,79.6,6.6,528.0,959.0
2021-06-30,Mizoram,132.8,134.9,41.7,72.9,6.6,0.0,0.0
2022-12-31,Karnataka,134.9,137.5,89.2,74.7,6.8,7376.0,7560.0
2019-02-28,Arunachal Pradesh,121.9,125.5,98.4,68.8,5.6,977.0,1712.0
2024-09-30,Puducherry,146.3,144.0,128.0,79.5,4.4,679.0,1444.0
2016-05-31,Dadra and Nagar Haveli and Daman and Diu,103.6,115.0,45.5,62.5,5.8,348.0,663.0
2025-09-30,Meghalaya,151.3,148.8,83.3,80.1,6.2,245.0,1200.0
2020-04-30,Sikkim,126.1,129.5,43.5,69.9,1.2,0.0,0.0
2022-03-31,Jammu and Kashmir,135.0,135.8,108.0,74.7,6.2,1522.0,1529.0
2016-04-30,Gujarat,105.3,112.1,53.0,62.1,5.6,6816.0,11873.0
2020-03-31,Manipur,124.9,131.9,29.6,68.2,-1.6,1754.0,750.0
2021-04-30,Bihar,127.8,136.2,90.6,71.4,5.2,811.0,4101.0
2022-01-31,Telangana,139.7,135.5,71.9,75.5,6.0,1557.0,8274.0
2024-01-31,Madhya Pradesh,147.1,147.2,24.5,76.1,7.5,8756.0,7467.0
2016-05-31,Andaman and Nicobar Islands,106.1,112.5,113.8,62.3,7.2,423.0,89.0
2019-10-31,Meghalaya,119.2,125.0,35.0,68.5,6.5,1760.0,1657.0
2021-07-31,Andhra Pradesh,129.8,136.4,34.9,71.9,6.5,726.0,8519.0
2020-01-31,Puducherry,122.7,129.4,61.1,69.3,0.6,1814.0,1579.0
2024-05-31,Puducherry,145.9,145.4,64.3,76.9,5.9,1601.0,1518.0
2025-01-31,Meghalaya,150.7,146.7,63.4,80.2,6.2,1439.0,2034.0
2017-10-31,Lakshadweep,109.6,117.3,82.2,63.7,7.4,0.0,0.0
2020-10-31,Delhi,125.1,128.7,15.5,71.5,-1.1,1498.0,991.0
2016-05-31,Manipur,104.4,114.9,43.7,62.5,5.7,2238.0,749.0
2016-08-31,Mizoram,104.0,112.9,25.3,61.6,5.2,0.0,0.0
2019-11-30,Mizoram,118.4,128.4,49.2,68.3,6.1,0.0,0.0
2020-09-30,Jammu and Kashmir,123.0,130.8,64.2,69.3,-0.2,1277.0,146.0
2023-06-30,Andaman and Nicobar Islands,138.6,142.4,133.1,75.8,6.7,143.0,714.0
2024-12-31,Kerala,143.7,147.4,61.1,76.2,5.9,1142.0,3296.0
2019-09-30,Madhya Pradesh,122.2,126.4,38.8,67.6,6.4,2267.0,1405.0
2021-11-30,Rajasthan,128.8,135.5,33.5,72.5,7.4,3332.0,2287.0
2025-09-30,Andhra Pradesh,145.9,149.7,71.3,79.8,5.4,7292.0,6134.0
2016-01-31,Madhya Pradesh,105.6,113.8,102.6,62.9,6.0,4229.0,5064.0
2015-06-30,Telangana,101.2,108.4,105.3,61.3,6.2,3881.0,7050.0
2023-01-31,Telangana,141.9,140.6,29.5,76.7,5.1,9508.0,7592.0
2022-10-31,Madhya Pradesh,135.3,140.6,49.1,76.0,5.1,5700.0,5183.0
2024-02-29,Ladakh,142.7,146.9,48.4,79.0,6.1,239.0,501.0
2019-03-31,Chhattisgarh,118.4,122.9,102.8,68.0,5.0,319.0,7439.0
2019-03-31,Maharashtra,121.2,128.1,65.6,67.8,7.4,7332.0,5148.0
2022-03-31,Meghalaya,137.9,138.3,68.2,73.6,8.0,1891.0,2477.0
2020-08-31,Goa,122.7,128.4,69.4,69.3,0.1,2035.0,2044.0
2021-12-31,Arunachal Pradesh,130.4,137.6,112.5,72.3,6.3,200.0,1458.0
2018-06-30,Bihar,113.9,124.5,64.0,65.6,4.6,7117.0,1158.0
2019-09-30,Meghalaya,118.4,127.5,32.8,66.7,4.7,105.0,2359.0
2020-02-29,Ladakh,125.1,130.3,22.3,70.8,-1.9,438.0,355.0
2015-07-31,Rajasthan,99.7,110.7,31.2,59.4,4.8,1992.0,1737.0
2024-04-30,Mizoram,141.0,141.7,105.7,76.5,7.0,0.0,0.0
2017-02-28,Assam,110.4,119.5,75.5,65.1,5.6,5406.0,8780.0
2016-07-31,Telangana,105.7,114.4,75.7,63.2,5.9,5085.0,3657.0
2015-09-30,Goa,101.5,110.5,29.8,58.9,5.0,2871.0,1965.0
2020-01-31,Odisha,123.9,130.4,59.6,69.5,-0.8,7071.0,6204.0
2016-08-31,Puducherry,101.8,113.1,73.6,61.2,5.3,280.0,205.0
2023-10-31,Sikkim,139.2,140.1,34.9,75.4,4.7,0.0,0.0
2019-02-28,Assam,121.4,126.2,94.7,65.9,4.6,9045.0,9343.0
2021-09-30,Tamil Nadu,129.8,131.3,118.1,71.6,8.0,7427.0,3202.0
2015-10-31,Karnataka,101.7,110.6,64.1,59.6,5.4,5580.0,5539.0
2020-05-31,Lakshadweep,122.4,127.9,18.9,71.6,1.2,0.0,0.0
2015-08-31,Chandigarh,101.6,111.9,30.1,60.1,5.4,141.0,156.0
2016-10-31,Ladakh,105.5,111.1,22.6,61.5,6.5,391.0,347.0
2016-06-30,Assam,104.3,113.9,97.0,62.2,7.4,6548.0,3865.0
2015-09-30,Ladakh,102.1,110.1,89.4,58.7,6.8,227.0,250.0
2019-06-30,Meghalaya,120.5,128.4,78.4,68.1,4.3,882.0,884.0
2017-02-28,Lakshadweep,108.0,118.5,96.6,63.3,4.8,0.0,0.0
2022-10-31,Ladakh,137.0,136.4,143.9,74.1,7.5,68.0,83.0
2023-04-30,Sikkim,139.5,140.2,72.2,76.5,5.9,0.0,0.0
2017-02-28,Kerala,110.1,120.9,90.6,63.4,6.4,5810.0,1260.0
2017-10-31,Maharashtra,108.3,117.9,57.7,64.3,4.1,2215.0,1056.0
2015-08-31,Gujarat,99.9,109.6,55.2,59.3,5.9,2694.0,8746.0
2018-12-31,Arunachal Pradesh,113.1,120.6,105.1,64.9,5.7,1777.0,1347.0
2023-11-30,Karnataka,139.7,139.6,93.0,76.9,6.7,8669.0,1890.0
2019-06-30,Jharkhand,120.1,129.8,32.1,69.0,5.1,888.0,4593.0
2024-11-30,Goa,146.2,146.1,72.4,78.2,7.0,3563.0,2584.0
2021-09-30,Himachal Pradesh,127.2,131.8,99.7,72.8,6.7,148.0,736.0
2022-12-31,Odisha,137.0,139.5,136.8,72.5,6.0,2228.0,3805.0
2023-06-30,Tripura,142.1,143.2,97.7,76.8,5.5,663.0,182.0
2020-02-29,Chhattisgarh,124.6,127.5,35.7,71.4,1.4,2122.0,2882.0
2018-10-31,Chhattisgarh,115.3,120.8,45.2,66.6,6.1,1641.0,161.0
2022-03-31,Assam,135.6,138.9,74.6,73.9,6.3,8905.0,5197.0
2023-03-31,Bihar,140.2,143.5,91.9,74.7,5.8,10183.0,185.0
2018-03-31,Kerala,116.2,120.5,20.4,66.5,5.3,7652.0,6763.0
2019-05-31,Uttar Pradesh,119.2,122.3,46.9,68.6,7.5,16122.0,1892.0
2021-08-31,Goa,128.5,134.5,87.2,73.1,5.2,2125.0,70.0
2016-04-30,Jharkhand,105.9,115.7,87.3,61.7,6.7,2513.0,4475.0
2023-08-31,Uttarakhand,136.9,141.9,102.4,75.4,7.6,3853.0,343.0
2020-10-31,Tamil Nadu,126.2,129.4,69.0,69.2,-0.7,4450.0,2168.0
2023-12-31,Chandigarh,141.4,145.2,92.2,75.1,5.5,216.0,688.0
2018-11-30,Tripura,113.4,118.0,47.0,66.5,5.2,74.0,1706.0
2015-09-30,Maharashtra,102.8,111.4,101.2,60.0,7.4,1689.0,153.0
2017-10-31,Assam,109.3,119.6,58.9,64.5,6.0,3596.0,743.0
2022-02-28,Bihar,134.1,136.5,52.7,74.2,6.4,6587.0,3291.0
2024-07-31,Ladakh,143.7,141.4,90.8,77.6,6.4,125.0,362.0
2020-04-30,Tripura,125.9,131.5,29.3,69.1,-0.2,2505.0,2913.0
2017-10-31,Haryana,109.2,118.6,59.6,65.3,7.7,4919.0,1300.0
2015-12-31,Tripura,97.1,112.8,89.3,60.2,7.7,2291.0,2602.0
2023-01-31,Ladakh,140.7,140.9,143.5,77.2,4.2,323.0,121.0
2025-01-31,Chandigarh,149.4,150.3,101.4,80.5,6.0,843.0,49.0
2022-03-31,Manipur,137.2,134.6,57.2,73.6,6.3,1238.0,1407.0
2023-06-30,Chhattisgarh,140.6,143.4,34.9,75.6,7.7,2321.0,6614.0
2022-12-31,Nagaland,135.5,134.9,67.4,73.2,4.3,1664.0,1061.0
2024-06-30,Lakshadweep,147.0,145.9,26.3,79.3,7.2,0.0,0.0
2018-11-30,Gujarat,115.3,119.9,66.5,67.4,6.6,1041.0,4155.0
2019-10-31,Bihar,121.6,126.7,86.0,67.7,6.9,8193.0,7472.0
2025-01-31,Dadra and Nagar Haveli and Daman and Diu,148.7,149.6,85.4,80.7,5.2,244.0,1023.0
2024-10-31,Meghalaya,148.3,145.5,127.8,77.6,7.0,1565.0,767.0
2015-05-31,Assam,100.6,109.9,69.4,58.5,5.1,7192.0,7539.0
2022-12-31,Assam,132.6,138.1,79.5,73.4,6.7,4.0,1078.0
2016-09-30,Assam,105.3,116.8,51.0,62.7,7.1,4796.0,3918.0
2025-08-31,Andaman and Nicobar Islands,150.4,150.9,124.5,81.0,7.1,216.0,227.0
2025-04-30,Odisha,150.2,148.6,132.4,80.0,6.2,1173.0,4512.0
2016-09-30,Bihar,100.4,112.8,117.8,61.3,5.7,491.0,5470.0
2019-06-30,Jammu and Kashmir,118.9,128.0,118.1,66.9,5.0,981.0,3525.0
2023-08-31,Meghalaya,137.2,139.9,141.7,75.7,4.1,235.0,1717.0
2024-03-31,Uttar Pradesh,142.3,146.0,109.4,77.8,4.2,15671.0,12673.0
2024-08-31,Bihar,145.3,142.6,91.5,77.8,5.7,7658.0,2716.0
2019-09-30,Puducherry,118.9,125.8,37.2,66.8,4.4,216.0,559.0
2025-08-31,Rajasthan,149.3,147.8,116.0,80.4,4.4,3450.0,5474.0
2024-12-31,Tripura,143.2,144.7,112.2,78.1,4.8,887.0,2056.0
2020-10-31,Assam,127.8,130.4,62.5,69.7,1.3,665.0,1774.0
2022-11-30,Nagaland,135.1,139.2,79.5,74.0,6.4,288.0,862.0
2023-03-31,Tripura,137.0,140.6,131.1,76.5,6.8,3372.0,3294.0
2018-06-30,Lakshadweep,116.3,124.2,91.9,66.6,5.9,0.0,0.0
2020-10-31,Punjab,124.3,127.6,22.3,71.3,-1.2,5351.0,5073.0
2015-02-28,Manipur,102.4,111.6,40.7,61.3,7.4,3113.0,108.0
2024-01-31,Arunachal Pradesh,145.0,145.2,121.7,78.5,5.5,1938.0,1836.0
2020-05-31,Chandigarh,123.6,131.9,37.5,69.8,0.9,221.0,447.0
2020-10-31,Kerala,123.9,129.2,26.9,69.4,-0.4,5631.0,3691.0
2020-09-30,Gujarat,124.2,128.6,37.4,70.9,1.9,6993.0,1499.0
2025-01-31,Sikkim,151.0,151.2,43.4,78.8,6.3,0.0,0.0
2024-01-31,Haryana,143.4,146.9,131.0,78.1,6.9,1461.0,5004.0
2019-12-31,Tamil Nadu,122.5,124.9,27.2,67.1,7.3,8074.0,1870.0
2022-09-30,Tamil Nadu,135.7,139.1,66.4,75.0,5.6,5468.0,659.0
2015-12-31,Kerala,100.4,109.7,75.7,60.8,6.6,619.0,5558.0
2023-07-31,Goa,140.1,142.3,128.8,76.0,5.0,3573.0,1309.0
2024-04-30,Maharashtra,145.0,146.7,117.8,80.9,7.0,9391.0,9444.0
2020-05-31,West Bengal,122.5,127.2,13.3,69.3,0.4,2125.0,11379.0
2018-12-31,Chhattisgarh,115.6,122.0,102.5,66.4,7.0,3694.0,2736.0
2022-04-30,Bihar,138.9,135.1,100.6,74.6,6.0,1581.0,6597.0
2020-02-29,Tripura,126.4,127.9,20.0,70.2,-1.4,3177.0,1796.0
2018-08-31,Uttarakhand,115.9,121.8,81.7,65.7,7.5,510.0,1147.0
2019-07-31,Bihar,116.9,128.0,101.8,68.1,7.3,8889.0,3612.0
2023-12-31,Andaman and Nicobar Islands,142.2,141.5,96.3,77.8,6.8,985.0,546.0
2018-11-30,Uttarakhand,116.6,121.3,119.9,66.0,7.4,3196.0,992.0
2015-02-28,Gujarat,102.3,109.1,70.7,60.7,6.1,13899.0,121.0
2024-05-31,Lakshadweep,143.2,146.8,104.8,76.4,8.0,0.0,0.0
2015-11-30,Punjab,99.2,107.8,27.0,59.9,7.3,8899.0,4256.0
2024-04-30,Ladakh,142.0,143.2,121.6,80.3,4.7,109.0,366.0
2022-06-30,Chandigarh,131.9,140.7,98.9,73.5,5.6,915.0,251.0
2019-07-31,Andaman and Nicobar Islands,118.8,126.8,76.1,67.4,4.7,726.0,80.0
2016-05-31,West Bengal,105.9,112.6,90.9,63.7,4.9,2941.0,668.0
2020-08-31,Assam,124.2,128.7,45.6,69.4,-1.3,2528.0,4605.0
2019-04-30,Uttarakhand,118.7,124.9,96.6,67.3,5.4,2908.0,3155.0
2023-01-31,Rajasthan,140.7,139.4,94.0,76.7,7.6,4427.0,1720.0
2018-12-31,Jammu and Kashmir,108.5,121.4,72.0,68.4,4.0,1334.0,1820.0
2017-05-31,Punjab,108.9,118.0,33.5,64.9,4.0,9467.0,13977.0
2017-03-31,Himachal Pradesh,110.7,120.7,67.2,64.1,7.7,2771.0,4614.0
2023-08-31,Jammu and Kashmir,139.2,142.2,88.6,77.3,5.0,390.0,429.0
2019-12-31,Jharkhand,122.6,127.5,82.5,67.8,4.0,1729.0,1909.0
2023-10-31,Rajasthan,138.7,141.4,78.7,75.5,5.8,3625.0,1269.0
2020-09-30,Telangana,123.8,129.1,20.8,71.5,-1.9,1018.0,4651.0
2024-06-30,Andhra Pradesh,143.0,146.0,42.0,79.3,4.2,11968.0,11905.0
2016-09-30,Dadra and Nagar Haveli and Daman and Diu,103.5,115.7,92.1,61.6,6.1,738.0,50.0
2023-06-30,Tamil Nadu,140.6,140.8,103.4,77.0,4.6,8407.0,4226.0
2022-11-30,Nagaland,136.6,138.4,55.1,75.3,7.3,1480.0,87.0
2023-09-30,Uttarakhand,144.3,142.4,77.5,75.8,5.2,3348.0,2479.0
2025-05-31,Kerala,151.2,150.0,60.8,80.2,4.9,706.0,8434.0
2015-02-28,Jammu and Kashmir,97.6,111.7,38.1,58.8,7.0,4094.0,3234.0
2020-06-30,Meghalaya,127.5,130.1,31.6,70.0,0.9,1108.0,1529.0
2024-05-31,Rajasthan,146.0,145.7,55.5,77.4,4.4,210.0,5173.0
2018-06-30,Uttarakhand,115.1,121.9,28.2,65.8,4.6,4777.0,1093.0
2016-08-31,Ladakh,107.1,109.8,70.4,60.7,5.9,168.0,356.0
2023-01-31,Madhya Pradesh,144.7,141.7,78.1,77.3,6.4,582.0,2816.0
2020-08-31,Haryana,124.6,127.9,54.9,71.1,-0.2,10898.0,8901.0
2021-03-31,Haryana,128.3,133.6,82.0,73.3,5.5,1359.0,7803.0
2025-05-31,Meghalaya,152.7,150.0,65.2,80.0,7.6,1691.0,2443.0
2018-11-30,Tamil Nadu,120.3,122.9,69.6,65.7,7.5,2122.0,2332.0
2015-05-31,Puducherry,100.3,114.0,73.6,60.3,5.2,1876.0,494.0
2019-01-31,Telangana,120.1,128.7,111.8,68.4,4.9,4431.0,6882.0
2025-04-30,Rajasthan,150.3,150.0,141.8,81.5,6.3,4311.0,7517.0
2018-01-31,Madhya Pradesh,115.9,123.1,101.6,66.2,4.4,4498.0,1826.0
2016-07-31,Bihar,102.2,113.2,76.2,62.1,4.9,7485.0,7009.0
2018-04-30,Andaman and Nicobar Islands,115.6,122.4,112.8,66.8,4.7,237.0,905.0
2016-05-31,Bihar,105.5,114.4,37.8,60.1,4.8,3545.0,6218.0
2023-03-31,Rajasthan,140.4,140.0,107.6,77.5,4.9,8155.0,372.0
2022-09-30,Puducherry,135.3,137.1,79.3,74.8,6.5,273.0,970.0
2018-06-30,Himachal Pradesh,115.2,118.6,34.5,66.5,6.0,250.0,550.0
2025-03-31,Tripura,145.8,149.6,33.0,80.6,7.4,2207.0,3029.0
2023-11-30,Rajasthan,138.6,141.9,81.7,76.9,6.9,3438.0,1177.0
2020-12-31,Bihar,126.7,129.9,26.3,72.7,-2.0,1314.0,8206.0
2020-05-31,Meghalaya,127.2,128.0,27.0,69.6,-1.6,2979.0,2490.0
2024-01-31,Tripura,144.2,145.8,62.4,79.2,7.3,724.0,1162.0
2019-05-31,Gujarat,118.1,126.3,91.8,68.4,4.3,5686.0,1640.0
2016-12-31,Chhattisgarh,106.4,114.9,36.4,61.2,6.7,1774.0,5086.0
2017-04-30,Rajasthan,110.5,118.5,91.8,65.2,4.5,6425.0,1498.0
2020-02-29,Puducherry,124.8,129.4,59.0,70.4,-0.8,766.0,1160.0
2016-05-31,Sikkim,106.7,113.7,79.4,62.4,7.6,0.0,0.0
2016-08-31,Uttarakhand,102.6,114.5,44.8,62.3,5.0,1251.0,1025.0
2015-03-31,Jharkhand,102.3,109.2,25.2,60.5,4.3,6434.0,4850.0
2019-03-31,Manipur,117.0,124.3,60.8,68.9,5.4,1845.0,386.0
2015-03-31,Assam,98.3,109.2,104.7,59.6,5.9,1395.0,2149.0
2021-01-31,Madhya Pradesh,127.9,134.8,30.2,72.0,6.9,1923.0,7806.0
2023-09-30,Uttar Pradesh,138.8,143.4,113.4,77.1,4.1,11302.0,5003.0
2024-10-31,Andhra Pradesh,145.6,147.9,80.1,77.1,4.5,1990.0,2715.0
2017-10-31,Himachal Pradesh,111.4,116.3,109.9,65.1,5.6,97.0,889.0
2020-02-29,Uttar Pradesh,124.8,133.9,33.4,70.0,-0.3,273.0,16925.0
2024-12-31,Nagaland,142.4,144.6,108.6,79.1,7.8,1247.0,1348.0
2024-07-31,Haryana,141.0,145.5,112.8,78.6,6.0,1038.0,5809.0
2016-01-31,Manipur,106.7,116.4,39.9,61.6,5.5,1425.0,2761.0
2020-09-30,Sikkim,126.4,126.7,21.5,69.6,1.8,0.0,0.0
2021-05-31,Bihar,132.1,134.3,29.3,71.4,6.6,8005.0,954.0
2015-01-31,Rajasthan,99.7,109.4,90.2,58.9,6.1,1953.0,1311.0
2022-05-31,Meghalaya,136.3,135.2,89.8,74.2,5.0,2394.0,2914.0
2018-11-30,Tripura,113.7,119.2,28.7,66.3,5.0,1670.0,1796.0
2015-04-30,Tamil Nadu,101.0,112.2,50.8,60.7,5.4,7627.0,7621.0
2015-10-31,Mizoram,99.0,111.0,34.2,59.8,7.0,0.0,0.0
2017-04-30,Lakshadweep,108.4,119.9,29.3,64.7,7.3,0.0,0.0
2025-01-31,Arunachal Pradesh,150.5,147.9,59.9,81.2,4.8,881.0,1587.0
2025-06-30,Andhra Pradesh,150.4,150.6,35.6,81.9,7.3,187.0,6955.0
2020-02-29,Himachal Pradesh,126.8,134.5,27.6,69.2,0.2,1727.0,1057.0
2020-07-31,Uttar Pradesh,122.4,129.5,45.2,71.4,1.6,3834.0,4951.0
2021-02-28,Jammu and Kashmir,131.9,134.1,76.1,72.5,4.8,3990.0,1177.0
2022-11-30,Goa,135.3,138.0,44.2,74.4,5.9,1900.0,2652.0
2017-12-31,Himachal Pradesh,112.1,117.8,39.1,63.7,7.1,4636.0,166.0
2024-04-30,Punjab,147.1,144.4,126.6,79.3,6.3,13661.0,4314.0
2024-05-31,Uttar Pradesh,140.1,146.1,44.0,78.4,5.9,13850.0,2436.0
2024-02-29,Puducherry,147.1,149.3,29.5,76.9,4.1,1571.0,1734.0
2024-06-30,Jharkhand,147.2,145.9,53.4,76.4,6.3,3120.0,2067.0
2020-07-31,Chandigarh,122.5,132.4,46.6,70.2,-1.0,142.0,94.0
2025-06-30,Bihar,146.9,155.7,24.9,80.6,4.4,7556.0,601.0
2022-02-28,Puducherry,136.5,136.4,142.2,73.4,7.8,1367.0,68.0
2016-07-31,Himachal Pradesh,105.2,115.1,43.0,61.8,4.4,2074.0,623.0
2020-09-30,Chhattisgarh,123.7,127.7,26.3,71.1,-0.7,3644.0,1372.0
2015-10-31,Himachal Pradesh,102.9,109.7,93.9,59.8,6.1,1449.0,3143.0
2025-08-31,Tripura,150.6,155.0,53.8,80.6,7.5,1497.0,1794.0
2023-03-31,Assam,135.8,143.3,71.5,75.6,5.7,6686.0,8545.0
2017-08-31,Tripura,108.0,118.6,74.4,65.3,6.0,1936.0,1815.0
2024-04-30,Nagaland,147.1,143.6,26.6,78.4,6.2,159.0,271.0
2016-12-31,Karnataka,105.1,112.8,103.7,62.2,7.5,5972.0,3649.0
2017-11-30,Tamil Nadu,108.6,116.3,71.2,65.5,7.2,5059.0,7216.0
2021-11-30,Puducherry,130.9,131.9,51.3,70.7,5.1,585.0,1553.0
2020-10-31,Puducherry,123.8,131.7,36.0,70.8,1.5,710.0,547.0
2024-01-31,Telangana,142.5,147.4,30.7,76.6,7.0,5072.0,5074.0
2023-03-31,Arunachal Pradesh,142.0,141.7,110.2,76.2,4.0,2060.0,459.0
2017-09-30,Madhya Pradesh,112.3,116.9,74.0,64.2,4.7,3320.0,5193.0
2019-08-31,Punjab,121.0,127.5,111.4,68.5,7.4,8285.0,6902.0
2015-12-31,Gujarat,96.9,113.4,66.4,58.4,6.6,10196.0,9280.0
2015-11-30,Himachal Pradesh,103.7,112.0,102.8,60.4,5.0,284.0,2017.0
2020-10-31,Puducherry,128.6,130.2,23.3,71.4,-0.0,1164.0,1058.0
2018-05-31,Andhra Pradesh,117.5,123.8,25.7,65.6,4.6,4460.0,5793.0
2023-10-31,Haryana,140.6,143.9,137.8,75.5,5.3,5874.0,4959.0
2015-03-31,Andhra Pradesh,100.2,110.3,45.7,59.6,7.6,10681.0,7086.0
2015-03-31,Tripura,100.9,110.3,103.4,61.0,5.4,2872.0,1631.0
2021-12-31,Andaman and Nicobar Islands,127.7,132.9,45.7,71.4,6.6,42.0,859.0
2023-11-30,Mizoram,138.9,143.7,42.7,75.8,4.4,0.0,0.0
2016-08-31,Gujarat,103.8,113.7,93.3,63.0,6.1,3388.0,641.0
2022-12-31,Jammu and Kashmir,136.2,136.0,117.4,73.3,5.4,1923.0,1827.0
2025-04-30,Meghalaya,150.5,148.1,125.2,81.1,4.6,637.0,652.0
2016-09-30,Rajasthan,103.1,113.9,106.5,61.6,7.2,1371.0,3972.0
2024-06-30,Arunachal Pradesh,141.8,144.1,82.0,78.0,7.3,655.0,1160.0
2016-01-31,Uttar Pradesh,105.7,119.4,60.0,63.0,5.2,3956.0,14196.0
2022-02-28,Chhattisgarh,132.9,139.0,114.1,75.0,6.6,5702.0,8115.0
2017-11-30,Chhattisgarh,107.5,117.0,76.9,63.7,5.6,5469.0,850.0
2018-11-30,Himachal Pradesh,119.2,122.4,116.5,65.2,4.2,3179.0,1284.0
2025-05-31,Nagaland,154.6,151.5,69.1,81.5,5.7,1308.0,1424.0
2024-02-29,Odisha,144.1,146.4,29.1,77.9,6.3,7952.0,5368.0
2018-01-31,Goa,111.4,120.1,78.9,66.6,5.2,1644.0,4159.0
2016-09-30,Uttarakhand,107.4,113.8,55.3,62.8,7.8,1341.0,1172.0
2016-02-29,Dadra and Nagar Haveli and Daman and Diu,105.7,113.5,54.3,61.4,6.2,367.0,967.0
2022-07-31,Rajasthan,136.5,137.1,91.7,72.8,5.5,3999.0,1161.0
2019-12-31,Maharashtra,118.7,124.3,112.2,68.7,6.9,2537.0,1454.0
2025-04-30,Meghalaya,147.9,151.8,56.0,78.7,5.4,1477.0,1677.0
2016-11-30,Arunachal Pradesh,104.5,114.9,58.0,61.1,4.1,631.0,708.0
2024-03-31,Nagaland,145.3,146.9,130.9,78.8,4.0,1465.0,1313.0
2025-04-30,Nagaland,148.5,146.3,131.4,80.5,5.2,1030.0,1165.0
2017-06-30,Jammu and Kashmir,112.6,117.2,43.5,64.4,4.6,3171.0,2064.0
2024-07-31,Maharashtra,141.5,148.5,108.8,77.6,5.4,11206.0,6464.0
2022-06-30,Nagaland,135.8,138.8,73.9,75.3,7.1,654.0,1887.0
2018-02-28,Odisha,115.3,119.7,113.6,65.2,5.2,1036.0,9221.0
2021-11-30,Tripura,132.4,137.3,93.2,70.1,6.2,330.0,1734.0
2017-03-31,Jammu and Kashmir,108.1,113.2,69.4,62.4,7.7,4265.0,510.0
2023-08-31,Gujarat,141.4,142.3,122.1,76.2,6.8,9917.0,4781.0
2024-08-31,Assam,146.0,149.4,143.7,78.0,6.2,3244.0,2268.0
2016-03-31,Kerala,105.5,110.9,64.7,62.8,7.5,3792.0,4370.0
2015-03-31,Meghalaya,98.2,109.0,57.4,60.7,5.3,645.0,1750.0
2015-10-31,Punjab,98.5,107.2,80.7,60.0,4.8,7402.0,317.0
2024-12-31,Chhattisgarh,144.4,148.8,106.0,76.7,7.0,5214.0,3928.0
2025-08-31,Dadra and Nagar Haveli and Daman and Diu,149.0,148.4,108.5,79.5,4.2,91.0,697.0
2015-11-30,Telangana,102.5,112.0,67.4,59.5,5.7,4024.0,3446.0
2020-09-30,Telangana,125.3,132.8,31.9,71.6,0.4,2759.0,5650.0
2020-04-30,Meghalaya,126.6,127.4,61.3,69.9,0.3,285.0,2483.0
2016-02-29,West Bengal,102.1,111.0,115.8,63.0,5.5,8222.0,5464.0
2019-02-28,Chhattisgarh,116.3,127.0,106.4,68.2,6.7,7813.0,4523.0
2020-12-31,Madhya Pradesh,124.6,131.6,52.9,69.9,0.6,4766.0,6105.0
2020-09-30,Manipur,122.4,129.9,33.6,69.5,0.4,1501.0,2023.0
2025-07-31,Bihar,150.1,150.1,98.7,80.5,4.7,2060.0,7072.0
2016-04-30,Maharashtra,103.3,117.0,30.1,61.0,7.6,970.0,10421.0
2021-06-30,Uttarakhand,130.6,133.5,73.4,72.0,5.8,4927.0,3437.0
2023-05-31,Jharkhand,138.4,144.8,117.7,76.1,5.7,2175.0,3343.0
2019-08-31,Tamil Nadu,121.1,124.8,45.1,68.2,6.8,9029.0,4356.0
2023-09-30,West Bengal,138.2,146.8,84.2,75.2,4.4,6932.0,1604.0
2018-12-31,Madhya Pradesh,111.3,120.2,27.3,65.6,6.2,6727.0,1411.0
2016-05-31,Ladakh,106.7,116.4,103.8,62.3,4.9,547.0,59.0
2024-03-31,Lakshadweep,143.5,144.1,66.0,78.2,4.6,0.0,0.0
2020-10-31,Andhra Pradesh,127.7,131.6,46.9,71.3,0.8,7393.0,3039.0
2021-08-31,Bihar,128.7,134.0,57.9,71.8,8.0,4945.0,703.0
2022-09-30,Andhra Pradesh,133.4,138.6,95.7,72.8,7.9,344.0,1319.0
2018-02-28,Nagaland,114.4,123.3,94.4,65.5,7.3,931.0,1147.0
2023-05-31,Madhya Pradesh,138.9,142.5,63.2,75.0,7.7,872.0,3869.0
2020-02-29,Tripura,125.3,130.3,43.2,71.6,-1.4,3205.0,2092.0
2025-01-31,Rajasthan,150.8,146.3,119.4,80.8,4.7,2371.0,1449.0
2018-12-31,Manipur,116.1,124.8,88.8,66.4,4.3,1537.0,720.0
2015-10-31,Jharkhand,99.8,113.1,25.7,60.4,4.5,4676.0,1624.0
2017-12-31,Jammu and Kashmir,107.0,117.8,76.9,63.9,4.7,180.0,3134.0
2015-04-30,Bihar,103.4,111.1,57.6,58.6,7.3,9285.0,10444.0
2018-08-31,Chhattisgarh,114.3,124.7,90.9,65.6,7.8,4741.0,1719.0
2019-08-31,Telangana,119.2,127.2,21.7,65.6,5.4,5670.0,6387.0
2018-06-30,Telangana,114.8,120.9,53.1,66.7,4.1,7609.0,4092.0
2024-06-30,Odisha,144.5,143.6,34.4,78.1,5.2,6324.0,8366.0
2016-09-30,Punjab,101.5,115.3,112.0,62.1,6.8,7507.0,3859.0
2021-07-31,West Bengal,131.1,134.3,107.6,71.3,7.8,800.0,1107.0
2020-09-30,Karnataka,123.4,130.0,70.1,69.9,0.8,4228.0,5323.0
2020-10-31,Tamil Nadu,124.4,128.5,50.6,70.6,-1.4,1629.0,1706.0
2020-07-31,Manipur,128.5,129.3,60.4,70.4,-0.6,314.0,860.0
2018-12-31,Rajasthan,116.9,122.7,81.2,64.9,4.8,4053.0,4800.0
2017-12-31,Ladakh,113.2,117.4,69.2,63.3,7.1,455.0,298.0
2017-03-31,Madhya Pradesh,108.6,118.1,103.4,64.7,5.7,2219.0,6983.0
2020-12-31,Lakshadweep,126.5,129.9,58.6,69.7,1.3,0.0,0.0
2023-05-31,Jharkhand,140.8,143.3,112.0,77.8,7.7,5105.0,5326.0
2022-12-31,Lakshadweep,134.9,135.1,131.3,73.0,6.7,0.0,0.0
2025-08-31,Punjab,148.5,149.3,135.4,79.8,6.6,5149.0,3106.0
2017-02-28,Meghalaya,112.2,115.8,64.5,63.6,4.5,1814.0,3078.0
2020-06-30,Chhattisgarh,124.0,130.3,29.0,69.8,0.4,498.0,6380.0
2016-10-31,Mizoram,105.3,112.4,71.2,61.0,7.4,0.0,0.0
2016-05-31,Ladakh,106.8,115.9,29.3,60.2,5.5,15.0,398.0
2015-07-31,Uttar Pradesh,98.0,109.2,113.8,60.6,5.7,1525.0,11276.0
2023-11-30,Bihar,137.8,140.8,142.1,77.5,7.4,8084.0,3629.0
2020-08-31,Uttar Pradesh,130.0,128.3,51.2,69.5,1.9,12227.0,4928.0
2025-08-31,Punjab,148.3,150.5,113.5,80.3,7.4,5672.0,5202.0
2018-01-31,Madhya Pradesh,118.2,119.5,52.4,65.8,4.3,4793.0,8093.0
2018-02-28,Gujarat,114.9,121.8,106.6,65.8,6.8,1519.0,5553.0
2022-12-31,Telangana,134.1,137.8,132.0,73.4,4.3,3210.0,899.0
2015-01-31,Assam,99.3,109.0,27.7,60.7,7.2,6827.0,1219.0
2018-06-30,Assam,114.9,122.4,33.1,66.3,6.2,374.0,7789.0
2020-03-31,Meghalaya,127.7,129.1,27.7,69.3,-1.0,2510.0,2627.0
2021-09-30,Dadra and Nagar Haveli and Daman and Diu,131.5,134.6,90.4,72.8,5.5,460.0,137.0
2015-08-31,Delhi,99.6,108.9,38.3,61.4,7.6,1325.0,1927.0
2017-03-31,Maharashtra,106.3,116.5,42.0,65.2,6.0,11052.0,10012.0
2019-04-30,Tripura,120.0,126.5,58.2,67.8,5.0,290.0,2279.0
2022-07-31,Arunachal Pradesh,135.3,139.6,97.4,73.2,7.3,121.0,1652.0
2022-02-28,Madhya Pradesh,137.5,143.7,141.2,73.1,7.8,8017.0,219.0
2016-04-30,Nagaland,102.1,113.3,98.4,61.5,5.0,502.0,1336.0
2020-06-30,Punjab,124.0,131.5,45.5,69.6,1.7,673.0,13646.0
2015-05-31,Arunachal Pradesh,98.9,109.1,24.9,60.9,6.4,1977.0,372.0
2021-10-31,Gujarat,129.9,135.5,71.7,70.1,6.4,9133.0,6975.0
2024-10-31,Madhya Pradesh,145.2,148.6,48.5,77.9,6.3,3055.0,3038.0
2021-09-30,Haryana,130.9,134.3,50.0,71.5,4.4,3526.0,6560.0
2020-10-31,Assam,121.2,131.4,27.1,69.3,0.6,3980.0,1126.0
2024-07-31,Maharashtra,145.3,146.9,65.7,78.5,7.9,5661.0,1291.0
2015-07-31,Tamil Nadu,100.5,110.0,26.2,59.3,4.4,7653.0,7872.0
2019-02-28,Haryana,120.2,125.1,77.7,67.9,6.7,14053.0,744.0
2024-03-31,Delhi,144.6,145.3,29.5,78.9,7.6,2399.0,3153.0
2018-11-30,Uttarakhand,108.2,119.4,86.1,65.7,4.8,1509.0,3565.0
2024-04-30,Karnataka,146.1,148.1,111.7,79.3,7.2,74.0,8586.0
2018-07-31,Delhi,113.1,125.7,68.6,65.2,5.0,650.0,211.0
2022-07-31,Karnataka,136.2,135.2,117.8,71.1,4.1,4952.0,3629.0
2017-05-31,Nagaland,112.5,120.1,116.7,64.5,6.1,1313.0,1884.0
2025-08-31,West Bengal,146.6,149.9,64.8,80.3,6.8,3566.0,8428.0
2022-12-31,Uttar Pradesh,136.2,136.7,98.3,75.0,4.8,4027.0,11669.0
2024-09-30,Chandigarh,142.5,146.3,62.8,78.4,4.3,513.0,412.0
2020-10-31,Jharkhand,124.9,128.4,38.6,71.5,-0.5,2229.0,4532.0
2020-10-31,Assam,124.7,130.5,13.2,70.3,1.1,4289.0,2389.0
2024-02-29,Lakshadweep,146.5,145.4,32.9,79.0,4.7,0.0,0.0
2019-08-31,Ladakh,121.2,125.3,99.8,68.8,6.8,363.0,17.0
2022-05-31,Jharkhand,135.5,140.4,40.8,73.4,6.4,2909.0,3367.0
2023-04-30,Rajasthan,136.7,138.5,107.9,75.6,7.8,1248.0,6.0
2025-09-30,Gujarat,145.0,148.9,109.1,79.8,5.3,21.0,9450.0
2019-09-30,Tripura,121.8,122.0,119.6,70.2,4.9,182.0,217.0
2019-03-31,Puducherry,121.5,126.3,89.6,67.4,6.6,298.0,2373.0
2024-04-30,Tripura,143.0,145.0,39.4,78.4,7.9,2621.0,1438.0
2023-08-31,Himachal Pradesh,140.7,140.6,99.2,76.1,6.2,4080.0,2317.0
2025-07-31,Haryana,149.6,150.6,86.9,80.2,5.2,10168.0,952.0
2019-07-31,Jammu and Kashmir,122.2,127.2,111.7,68.1,7.6,3382.0,3429.0
2015-01-31,West Bengal,100.2,112.4,89.0,59.6,6.4,10449.0,1949.0
2022-06-30,Jharkhand,136.8,143.9,86.2,72.9,4.9,20.0,5391.0
2019-05-31,Maharashtra,118.8,124.9,82.4,67.1,7.8,4392.0,5191.0
2021-01-31,Andaman and Nicobar Islands,130.6,132.7,64.3,72.7,5.1,517.0,349.0
2023-12-31,Andhra Pradesh,139.2,142.0,85.0,76.5,7.6,7137.0,4841.0
2015-08-31,Odisha,98.8,110.2,92.2,60.2,6.5,5445.0,237.0
2018-06-30,Maharashtra,110.3,125.5,27.8,67.8,6.0,2666.0,11891.0
2017-01-31,Punjab,111.8,119.0,81.5,66.4,5.3,747.0,7878.0
2018-02-28,Ladakh,118.5,120.1,28.8,65.1,4.5,106.0,457.0
2022-01-31,Haryana,132.2,136.0,126.6,75.4,5.0,8004.0,11068.0
2016-12-31,Telangana,106.4,115.4,114.2,60.8,5.3,7465.0,6760.0
2019-12-31,Gujarat,121.3,125.6,98.0,67.6,5.2,4910.0,5461.0
2024-03-31,Chhattisgarh,144.0,148.8,110.2,78.2,4.3,5502.0,6285.0
2020-06-30,Maharashtra,123.5,131.0,68.6,70.8,1.8,4838.0,10117.0
2019-05-31,Himachal Pradesh,122.4,123.9,41.9,66.7,5.9,27.0,5016.0
2023-10-31,Punjab,142.2,139.6,51.5,76.1,4.4,7389.0,7015.0
2022-12-31,Uttar Pradesh,135.9,138.7,81.7,74.1,5.9,8418.0,599.0
2018-03-31,Tripura,114.0,121.3,20.7,64.5,4.3,3418.0,2751.0
2018-06-30,Punjab,117.2,124.3,116.5,66.4,7.7,10737.0,10517.0
2024-03-31,Goa,143.3,146.7,27.9,77.9,5.0,2609.0,2989.0
2023-08-31,Gujarat,142.8,142.6,95.5,76.6,6.9,9172.0,3577.0
2021-05-31,Ladakh,133.3,131.5,55.4,71.5,5.0,329.0,215.0
2015-08-31,Ladakh,102.4,109.0,30.3,59.6,5.9,49.0,60.0
2017-02-28,Punjab,110.7,117.9,22.5,66.3,7.7,1138.0,6862.0
2018-07-31,Nagaland,109.9,118.3,46.2,65.2,7.5,629.0,223.0
2024-02-29,Haryana,144.6,147.2,36.8,77.8,7.1,7376.0,3499.0
2023-04-30,Uttarakhand,143.5,143.7,136.8,75.5,7.2,594.0,1888.0
2020-03-31,Chhattisgarh,126.9,128.9,26.7,70.1,1.1,5664.0,313.0
2019-01-31,Dadra and Nagar Haveli and Daman and Diu,120.9,128.5,29.4,68.3,7.0,755.0,157.0
2024-07-31,Rajasthan,143.6,148.4,116.4,79.2,7.6,5725.0,615.0
2020-05-31,Assam,127.0,131.0,36.9,69.4,-2.0,1684.0,2003.0
2020-11-30,Uttar Pradesh,121.9,129.9,62.6,69.7,-2.0,8957.0,10950.0
2015-07-31,Mizoram,99.7,112.0,103.8,60.2,6.6,0.0,0.0
2021-08-31,Chandigarh,133.5,131.0,119.2,70.2,4.8,734.0,505.0
2020-07-31,Tamil Nadu,123.4,130.1,60.2,71.2,-1.5,3073.0,1516.0
2023-05-31,Tripura,141.2,140.3,49.7,72.8,4.5,1943.0,2760.0
2022-11-30,Bihar,131.5,136.7,94.4,74.7,6.4,1713.0,8995.0
2022-03-31,Karnataka,133.7,138.9,87.2,77.5,4.4,1678.0,516.0
2022-07-31,Nagaland,135.4,136.4,85.0,74.6,6.0,1235.0,657.0
2023-07-31,Delhi,140.7,138.9,59.6,76.7,5.8,1810.0,489.0
2025-06-30,Ladakh,154.1,154.4,49.2,80.1,4.4,93.0,251.0
2024-05-31,Nagaland,144.0,144.8,110.0,77.2,5.8,2080.0,826.0
2015-04-30,Meghalaya,101.2,108.3,30.2,60.8,6.7,257.0,2595.0
2022-04-30,Sikkim,136.1,140.4,30.0,72.6,6.4,0.0,0.0
2015-03-31,Rajasthan,98.8,108.8,58.1,58.8,5.8,3839.0,7992.0
2022-07-31,Dadra and Nagar Haveli and Daman and Diu,136.9,135.5,113.3,73.5,5.5,673.0,602.0
2015-03-31,Dadra and Nagar Haveli and Daman and Diu,101.3,108.2,106.9,60.5,4.2,154.0,698.0
2021-09-30,Uttarakhand,129.5,133.1,74.0,70.8,7.8,3440.0,2906.0
2022-10-31,Assam,135.4,135.9,124.8,74.7,5.6,768.0,4440.0
2025-06-30,Dadra and Nagar Haveli and Daman and Diu,148.1,148.3,27.0,80.4,5.7,805.0,382.0
2024-05-31,Puducherry,143.2,145.1,78.6,78.1,4.5,1659.0,1567.0
2023-04-30,Uttar Pradesh,140.0,143.9,40.0,74.3,6.1,5851.0,13063.0
2019-05-31,Telangana,121.5,130.1,78.3,68.9,7.9,6332.0,3089.0
2022-03-31,Jharkhand,134.3,140.2,134.5,73.8,5.0,3860.0,3290.0
2022-05-31,Andaman and Nicobar Islands,133.8,137.5,24.9,73.9,5.3,56.0,751.0
2019-06-30,Madhya Pradesh,119.5,123.2,86.8,67.5,4.9,1091.0,1938.0
2016-08-31,Goa,106.7,115.4,99.2,60.4,7.5,3169.0,763.0
2024-05-31,Maharashtra,142.3,144.0,113.3,77.0,5.9,5604.0,13727.0
2019-01-31,Chandigarh,121.7,125.3,22.0,69.0,7.3,825.0,749.0
2017-05-31,Bihar,111.0,121.2,37.4,65.6,7.4,9029.0,653.0
2018-12-31,West Bengal,112.3,125.4,29.4,66.6,7.0,9759.0,2775.0
2016-01-31,Jharkhand,104.5,114.4,28.5,62.8,5.0,1014.0,5475.0
2015-03-31,Uttar Pradesh,101.3,112.5,93.0,61.7,4.1,5047.0,4294.0
2015-02-28,Puducherry,96.2,112.4,62.5,61.6,4.6,1856.0,131.0
2016-04-30,Andaman and Nicobar Islands,102.9,115.3,92.5,62.6,6.8,89.0,954.0
2022-10-31,Haryana,132.0,137.5,67.3,73.4,7.0,4849.0,9797.0
2023-06-30,Nagaland,138.8,140.9,38.0,74.0,7.1,1579.0,1115.0
2018-09-30,Himachal Pradesh,117.1,122.1,91.8,66.1,5.0,2998.0,573.0
2020-11-30,Sikkim,126.6,127.4,49.6,70.2,1.4,0.0,0.0
2019-08-31,Nagaland,119.0,125.0,31.3,70.6,7.7,564.0,8.0
2025-07-31,Delhi,152.1,151.2,134.9,80.7,6.7,2574.0,1922.0
2017-08-31,Arunachal Pradesh,111.3,116.7,50.9,64.2,7.0,1398.0,1509.0
2019-01-31,Uttar Pradesh,122.6,129.1,85.5,67.1,4.4,10415.0,8301.0
2016-01-31,Mizoram,104.8,114.5,23.2,62.1,5.6,0.0,0.0
2017-01-31,Bihar,111.1,119.6,64.3,65.3,4.3,4957.0,734.0
2019-12-31,Himachal Pradesh,126.7,125.6,116.4,67.8,6.6,3934.0,2792.0
2019-11-30,Jharkhand,119.4,127.3,108.7,66.7,6.0,5001.0,3374.0
2019-10-31,Chhattisgarh,119.9,123.7,42.1,67.1,5.8,5627.0,1613.0
2016-08-31,Sikkim,104.7,114.8,107.9,60.6,7.6,0.0,0.0
2019-09-30,Odisha,119.8,127.0,49.3,67.3,7.0,2126.0,5729.0
2019-06-30,Delhi,121.1,128.6,105.2,66.9,7.9,1601.0,1365.0
2024-04-30,Goa,145.1,142.0,111.5,78.5,4.2,2142.0,3822.0
2022-02-28,Tamil Nadu,132.3,136.7,66.2,74.7,6.5,3110.0,4142.0
2018-01-31,Maharashtra,115.0,118.4,111.1,67.5,6.5,13293.0,5681.0
2021-12-31,Dadra and Nagar Haveli and Daman and Diu,128.9,132.3,68.5,71.9,4.1,996.0,437.0
2018-12-31,Delhi,111.5,121.8,51.8,65.9,7.1,1268.0,1780.0
2024-10-31,Mizoram,147.3,147.2,57.6,78.3,4.6,0.0,0.0
2018-12-31,Andhra Pradesh,113.9,126.5,113.9,65.4,6.8,9140.0,11723.0
2024-04-30,Kerala,145.8,148.7,115.0,76.9,4.2,7474.0,4385.0
2024-02-29,Assam,138.7,145.0,66.0,77.1,6.5,6163.0,7795.0
2015-06-30,Ladakh,101.0,111.4,45.4,60.6,6.1,85.0,174.0
2021-06-30,Telangana,129.4,136.5,41.2,72.9,5.9,5443.0,3421.0
2016-11-30,Maharashtra,101.9,113.8,44.4,64.4,5.5,633.0,11002.0
2025-06-30,West Bengal,148.9,149.9,37.3,79.0,5.7,5938.0,6982.0
2021-12-31,Uttarakhand,128.6,133.5,68.5,70.9,5.9,3597.0,182.0
2016-01-31,Punjab,106.5,115.0,24.1,60.1,5.2,3000.0,14908.0
2018-11-30,Manipur,115.2,122.8,21.2,66.2,7.7,2126.0,178.0
2018-08-31,Tripura,112.0,122.3,81.8,66.5,7.9,1954.0,2232.0
2023-09-30,Goa,140.9,145.5,34.6,75.4,5.2,535.0,200.0
2016-02-29,Maharashtra,100.9,116.0,104.5,60.5,7.1,13163.0,9163.0
2025-01-31,Chandigarh,147.7,146.8,36.8,82.0,7.0,1089.0,776.0
2017-12-31,West Bengal,110.0,114.4,74.3,64.4,7.5,5622.0,2701.0
2015-08-31,Dadra and Nagar Haveli and Daman and Diu,98.8,110.8,87.6,58.8,4.0,579.0,64.0
2016-04-30,Himachal Pradesh,107.4,113.8,42.9,61.6,5.4,2438.0,2034.0
2022-07-31,Arunachal Pradesh,135.3,134.5,130.6,76.3,4.6,1085.0,400.0
2024-12-31,Andhra Pradesh,146.3,142.2,81.8,78.9,5.6,1955.0,1795.0
2019-12-31,Arunachal Pradesh,121.3,125.5,51.5,67.7,6.3,621.0,1727.0
2015-10-31,West Bengal,99.1,110.5,110.1,59.0,7.6,3613.0,8106.0
2017-07-31,Ladakh,107.9,118.6,105.8,65.4,7.4,336.0,322.0
2016-09-30,Tamil Nadu,104.9,112.8,91.0,60.6,6.0,6758.0,4434.0
2021-09-30,Punjab,131.7,132.9,49.0,72.5,4.1,3229.0,2144.0
2017-09-30,Delhi,109.5,117.0,59.0,64.5,5.2,1193.0,901.0
2017-07-31,Chandigarh,111.2,119.0,89.0,65.1,4.4,592.0,314.0
2017-12-31,Tripura,109.9,114.9,38.5,64.6,6.6,171.0,1138.0
2020-08-31,Meghalaya,121.9,130.0,41.7,70.6,1.0,2194.0,1752.0
2022-06-30,Gujarat,132.1,140.0,112.5,74.3,6.6,4632.0,2526.0
2015-09-30,Delhi,103.1,109.3,85.8,60.3,5.1,1359.0,2245.0
2017-06-30,Puducherry,107.7,118.3,92.0,65.9,7.7,1160.0,1779.0
2024-07-31,Mizoram,143.7,146.8,131.0,78.0,6.4,0.0,0.0
2018-09-30,Bihar,116.8,120.7,116.8,66.9,6.4,5623.0,4850.0
2015-04-30,Madhya Pradesh,97.6,109.8,65.8,59.6,7.3,3383.0,8950.0
2020-09-30,Uttar Pradesh,123.6,127.4,15.6,69.0,0.6,3957.0,1011.0
2016-11-30,Madhya Pradesh,104.6,115.0,103.4,61.5,4.8,1783.0,3142.0
2016-04-30,Lakshadweep,104.3,114.3,31.8,61.8,6.4,0.0,0.0
2016-10-31,Kerala,103.1,116.3,41.9,61.0,6.4,5274.0,1830.0
2020-12-31,Maharashtra,124.6,131.8,51.2,68.5,0.8,7832.0,4921.0
2018-12-31,Rajasthan,116.4,124.4,94.6,67.2,7.1,1847.0,3552.0
2023-11-30,Delhi,139.8,144.5,107.4,75.4,5.4,1011.0,1062.0
2015-07-31,Assam,98.7,108.6,63.8,59.7,4.0,1159.0,1024.0
2019-03-31,Gujarat,121.9,127.0,111.8,67.4,5.4,3761.0,8473.0
2020-05-31,Manipur,128.4,131.3,61.9,67.7,0.5,769.0,2552.0
2015-09-30,Gujarat,101.9,108.8,86.4,61.6,7.1,7820.0,1551.0
2021-10-31,Uttar Pradesh,127.8,136.5,64.1,71.1,5.3,12105.0,3304.0
2018-09-30,Uttar Pradesh,112.8,121.8,66.4,67.0,4.9,873.0,5261.0
2025-02-28,Kerala,150.9,151.3,45.1,79.0,7.2,1704.0,7362.0
2015-10-31,Arunachal Pradesh,100.3,112.2,98.0,60.2,4.8,190.0,800.0
2021-01-31,Manipur,127.6,134.9,106.6,73.0,6.3,276.0,2966.0
2018-12-31,Dadra and Nagar Haveli and Daman and Diu,115.6,125.6,102.7,64.8,6.0,309.0,617.0
2022-03-31,Puducherry,135.2,142.8,89.7,73.6,5.7,1751.0,77.0
2024-03-31,Kerala,148.0,146.0,124.6,77.4,5.7,3663.0,2719.0
2016-04-30,Goa,104.1,115.9,99.0,61.5,6.8,2563.0,3618.0
2019-05-31,Lakshadweep,122.8,130.7,103.2,68.8,4.4,0.0,0.0
2018-04-30,Ladakh,117.9,120.8,118.2,67.4,5.6,76.0,463.0
2023-04-30,Jharkhand,138.7,136.4,121.2,75.6,7.9,5526.0,2328.0
2016-08-31,Meghalaya,105.7,115.9,47.1,62.3,7.1,814.0,1486.0
2020-09-30,Tripura,124.6,129.2,61.3,68.7,-0.6,2393.0,2353.0
2018-09-30,Chandigarh,114.5,119.6,57.6,68.5,5.8,253.0,664.0
2015-06-30,Andaman and Nicobar Islands,100.5,108.6,71.6,60.5,4.5,315.0,511.0
2018-03-31,Tamil Nadu,113.4,118.9,99.6,66.8,5.9,419.0,12414.0
2023-06-30,Gujarat,136.8,145.4,62.0,75.5,4.4,8817.0,10384.0
2023-11-30,Maharashtra,138.9,144.9,27.1,77.1,5.6,6528.0,766.0
2018-03-31,Arunachal Pradesh,117.4,121.5,91.8,66.1,6.2,1054.0,882.0
2024-10-31,Chhattisgarh,144.6,145.7,132.3,79.0,5.5,2982.0,1217.0
2021-10-31,Sikkim,130.0,134.4,112.8,71.1,6.3,0.0,0.0
2019-06-30,Goa,121.6,129.3,99.9,68.2,7.9,596.0,3486.0
2024-02-29,Gujarat,141.8,143.9,136.2,76.0,5.0,5321.0,6040.0
2015-12-31,Ladakh,100.9,109.7,102.1,60.6,6.3,179.0,310.0
2024-02-29,Chhattisgarh,148.3,148.5,27.6,78.6,5.9,41.0,7789.0
2018-02-28,Uttar Pradesh,115.2,121.3,55.0,64.2,7.2,9753.0,6704.0
2015-07-31,West Bengal,96.2,108.3,53.6,58.9,5.3,8547.0,4916.0
2021-06-30,Tamil Nadu,129.8,134.3,41.9,71.2,6.6,1022.0,10041.0
2020-05-31,Arunachal Pradesh,126.2,126.4,59.9,70.5,0.9,850.0,1258.0
2023-06-30,Rajasthan,140.2,142.7,86.4,73.2,7.9,6611.0,2066.0
2023-05-31,Arunachal Pradesh,140.5,141.5,124.4,77.9,4.6,392.0,1904.0
2018-08-31,Arunachal Pradesh,115.8,123.3,80.1,65.3,8.0,863.0,1149.0
2017-07-31,Nagaland,108.1,116.6,79.1,67.0,6.9,199.0,1253.0
2021-05-31,Uttarakhand,128.4,134.9,58.4,72.0,5.8,3157.0,1803.0
2018-12-31,Chhattisgarh,114.3,122.4,99.0,63.6,5.1,5947.0,3224.0
2021-10-31,Himachal Pradesh,130.8,131.6,88.3,70.4,6.5,1690.0,758.0
2025-07-31,Maharashtra,147.6,148.1,64.7,80.0,4.6,2979.0,3197.0
2021-12-31,Bihar,134.1,136.5,119.4,70.6,7.8,4058.0,5008.0
2015-10-31,Andhra Pradesh,95.2,111.9,66.3,59.0,4.7,9825.0,5407.0
2017-05-31,Sikkim,106.6,114.5,51.7,61.5,7.1,0.0,0.0
2018-12-31,Manipur,116.1,121.1,88.8,65.5,5.4,2267.0,2938.0
2024-08-31,Tripura,145.9,146.6,50.7,79.5,4.9,2476.0,2135.0
2016-01-31,Lakshadweep,104.9,115.1,103.1,61.3,7.2,0.0,0.0
2018-11-30,Dadra and Nagar Haveli and Daman and Diu,116.4,122.5,88.0,66.5,7.6,291.0,781.0
2023-07-31,Tamil Nadu,141.1,142.8,128.4,74.9,4.0,7537.0,6230.0
2022-07-31,Mizoram,135.0,137.3,63.5,75.0,7.9,0.0,0.0
2019-05-31,Puducherry,120.5,126.3,105.4,67.5,5.7,1977.0,2009.0
2022-08-31,Chhattisgarh,128.7,136.0,84.1,74.3,4.4,2939.0,2129.0
2021-05-31,Chandigarh,129.7,133.3,25.9,71.2,5.8,701.0,722.0
2018-08-31,Chandigarh,114.9,117.8,39.4,65.7,4.5,767.0,473.0
2015-02-28,Maharashtra,103.8,107.9,41.8,58.7,5.0,13403.0,4811.0
2023-05-31,Tripura,138.3,140.2,116.2,77.6,6.2,140.0,1440.0
2019-09-30,Assam,119.9,124.3,40.3,68.0,5.4,1279.0,4980.0
2019-09-30,Punjab,122.8,127.5,76.2,67.2,4.9,9657.0,9397.0
2017-10-31,Tamil Nadu,111.1,114.9,85.3,63.7,4.8,4209.0,8120.0
2019-10-31,Tamil Nadu,120.1,124.7,97.4,68.4,6.5,4052.0,5456.0
2017-11-30,Rajasthan,111.9,119.3,98.4,64.7,7.6,1345.0,150.0
2021-03-31,Chhattisgarh,128.4,131.4,91.8,71.4,4.2,5077.0,5486.0
2017-09-30,Himachal Pradesh,113.5,120.5,41.3,64.7,5.0,3716.0,3379.0
2024-07-31,Sikkim,146.3,146.4,89.2,78.0,6.7,0.0,0.0
2021-03-31,Odisha,126.7,135.4,49.0,71.2,7.9,4664.0,5278.0
2021-01-31,Chhattisgarh,128.8,132.1,97.5,71.6,6.7,6001.0,1223.0
2021-06-30,Bihar,125.7,132.5,94.8,71.4,4.2,7175.0,6249.0
2015-09-30,Rajasthan,101.6,109.7,43.0,61.9,4.7,1257.0,2495.0
2018-12-31,Nagaland,116.1,123.6,84.1,66.1,5.4,1565.0,231.0
2020-07-31,Chhattisgarh,124.1,131.6,15.5,70.7,1.7,3932.0,2652.0
2024-11-30,Madhya Pradesh,147.4,146.8,116.2,79.2,4.7,1804.0,6418.0
2024-11-30,Uttar Pradesh,144.8,145.6,117.6,78.1,5.1,6447.0,13336.0
2022-02-28,Meghalaya,140.2,136.5,65.6,74.9,5.5,2235.0,1164.0
2023-10-31,Karnataka,137.6,144.1,120.8,76.0,5.6,2723.0,6309.0
2021-04-30,Assam,131.3,133.3,105.8,71.9,6.0,3270.0,5420.0
2018-04-30,Bihar,114.2,118.9,39.0,65.7,7.7,6642.0,182.0
2016-07-31,Himachal Pradesh,103.6,112.1,55.1,61.5,8.0,3118.0,2552.0
2018-11-30,Chandigarh,114.7,120.6,46.1,66.5,4.1,729.0,845.0
2020-05-31,Kerala,125.7,129.3,34.5,68.9,1.0,4298.0,6828.0
2017-06-30,Madhya Pradesh,110.1,117.9,64.7,62.8,7.0,3751.0,2339.0
2025-06-30,Rajasthan,151.4,147.3,85.2,80.9,4.3,6306.0,4317.0
2020-06-30,Rajasthan,126.2,129.0,14.1,71.2,1.5,424.0,6541.0
2015-05-31,Uttarakhand,102.9,109.3,25.5,61.7,7.8,2295.0,3676.0
2022-09-30,Chhattisgarh,132.6,137.6,102.6,73.6,4.8,5372.0,2990.0
2023-01-31,Mizoram,136.9,140.4,77.1,74.3,7.1,0.0,0.0
2022-10-31,Rajasthan,134.9,142.9,34.8,72.1,6.3,4503.0,3019.0
2023-10-31,Andhra Pradesh,138.4,141.3,70.3,77.3,4.1,4830.0,1762.0
2022-01-31,Meghalaya,136.7,136.8,81.1,74.9,5.2,1456.0,3131.0
2019-10-31,Sikkim,117.9,123.8,83.6,68.5,5.1,0.0,0.0
2021-07-31,Tamil Nadu,128.9,135.5,31.8,72.6,7.5,5926.0,5030.0
2015-08-31,Punjab,99.3,106.3,119.5,60.7,7.6,5950.0,2025.0
2015-12-31,Haryana,103.5,106.4,67.5,61.9,4.1,12721.0,8510.0
2022-10-31,Chandigarh,139.2,137.9,105.7,72.9,7.0,514.0,98.0
2022-07-31,Arunachal Pradesh,132.7,138.9,133.0,73.1,4.5,820.0,1049.0
2017-09-30,Lakshadweep,105.6,117.8,23.2,64.5,7.2,0.0,0.0
2023-04-30,Odisha,138.9,146.1,96.2,76.8,7.4,10121.0,7306.0
2016-03-31,Madhya Pradesh,104.9,113.0,74.0,60.8,4.2,1499.0,624.0
2024-06-30,Telangana,144.9,145.4,30.9,78.8,5.3,4935.0,8499.0
2025-09-30,Jharkhand,149.8,149.9,107.2,79.6,5.5,1532.0,4244.0
2015-11-30,Chhattisgarh,101.6,110.1,42.1,60.5,7.8,920.0,4669.0
2019-07-31,Uttarakhand,119.2,125.8,90.2,66.7,5.5,1873.0,58.0
2015-02-28,Tripura,100.4,109.7,56.3,58.1,5.0,1019.0,1410.0
2020-05-31,Gujarat,126.3,127.4,58.2,70.6,-1.1,5778.0,2265.0
2016-04-30,Uttarakhand,105.4,115.4,114.2,64.0,4.6,3617.0,4966.0
2023-10-31,Rajasthan,141.4,144.0,127.3,76.0,6.5,3985.0,4625.0
2017-06-30,West Bengal,106.6,117.1,68.3,65.8,5.8,3830.0,9286.0
2015-10-31,Rajasthan,100.2,109.9,42.5,58.6,6.9,33.0,4791.0
2020-02-29,Puducherry,125.5,133.1,71.5,69.1,-0.6,65.0,1516.0
2022-01-31,Rajasthan,134.7,136.5,103.1,74.5,4.7,1587.0,3800.0
2020-07-31,Uttarakhand,123.8,130.4,35.8,70.5,0.0,1819.0,4310.0
2018-05-31,Manipur,115.9,122.2,68.2,65.5,5.8,1066.0,2193.0
2016-06-30,Chhattisgarh,105.2,117.2,32.8,62.6,7.0,3620.0,2652.0
2019-10-31,Mizoram,119.9,129.7,70.5,67.5,6.1,0.0,0.0
2019-12-31,Haryana,119.3,127.6,37.3,68.1,7.5,10258.0,8210.0
2022-04-30,Telangana,134.4,145.1,67.9,74.3,5.3,8134.0,7965.0
2017-03-31,Nagaland,108.5,118.1,69.2,65.9,6.6,1143.0,1004.0
2020-08-31,Chhattisgarh,124.0,121.1,68.9,69.1,-0.1,4953.0,5279.0
2016-10-31,Meghalaya,103.1,113.0,82.5,62.6,4.3,1040.0,2305.0
2018-04-30,Rajasthan,114.2,121.1,57.2,66.8,7.4,7566.0,1065.0
2024-01-31,Kerala,145.7,149.1,37.6,80.3,7.3,4085.0,7088.0
2021-02-28,Mizoram,131.6,133.6,94.7,73.5,5.4,0.0,0.0
2020-06-30,Delhi,124.9,132.7,40.0,70.7,-0.1,1660.0,366.0
2015-06-30,Karnataka,99.8,111.6,26.8,58.1,7.3,3702.0,5662.0
2024-04-30,Karnataka,145.3,146.6,102.8,78.5,4.6,10214.0,2035.0
2016-06-30,West Bengal,107.0,114.8,55.0,63.1,7.9,7938.0,10426.0
2021-09-30,Chandigarh,129.6,134.6,60.4,70.9,7.5,166.0,182.0
2023-06-30,Maharashtra,140.9,144.3,124.7,75.1,6.8,10198.0,1748.0
2024-02-29,Rajasthan,145.7,145.5,40.5,79.8,6.2,3862.0,3395.0
2017-06-30,Lakshadweep,108.8,117.2,54.0,65.2,7.6,0.0,0.0
2025-02-28,Uttarakhand,151.4,150.8,67.6,78.5,7.0,3272.0,4799.0
2020-02-29,Puducherry,120.9,130.4,12.2,70.0,0.6,1005.0,506.0
2024-12-31,Haryana,147.1,145.6,125.4,78.0,7.6,11001.0,13710.0
2023-11-30,Delhi,137.6,146.4,124.2,77.6,4.8,340.0,703.0
2021-04-30,Rajasthan,129.7,135.4,86.2,73.7,5.0,8027.0,1819.0
2015-09-30,Andaman and Nicobar Islands,101.7,108.9,109.9,60.3,7.7,338.0,67.0
2018-03-31,Meghalaya,114.1,123.2,47.3,65.0,4.3,1098.0,933.0
2016-12-31,Bihar,105.5,112.1,42.1,61.6,4.2,9577.0,1406.0
2025-05-31,Tripura,151.7,147.7,32.2,78.2,7.2,1023.0,263.0
2024-10-31,Chhattisgarh,148.7,147.6,95.0,76.4,5.7,3889.0,5708.0
2017-10-31,Odisha,110.0,116.3,69.6,66.7,7.7,1140.0,4667.0
2020-01-31,Goa,125.4,130.1,60.6,69.7,1.4,675.0,997.0
2021-07-31,Chandigarh,130.1,131.9,68.1,71.7,5.1,488.0,855.0
2019-02-28,West Bengal,119.6,125.4,40.3,67.9,7.8,6132.0,5814.0
2019-03-31,Madhya Pradesh,117.3,125.1,101.0,68.1,6.2,1315.0,5410.0
2019-04-30,Assam,117.8,125.8,65.5,68.4,6.5,4340.0,3140.0
2025-02-28,Jammu and Kashmir,150.0,154.6,138.7,79.1,7.6,3429.0,1398.0
2015-08-31,Bihar,100.7,112.6,73.4,61.5,5.5,7465.0,7216.0
2024-05-31,Jharkhand,147.5,145.8,38.0,77.3,5.0,3212.0,5993.0
2018-09-30,Goa,114.6,121.6,105.1,64.3,6.3,3077.0,116.0
2022-04-30,Andhra Pradesh,138.1,136.6,129.4,72.6,5.6,12001.0,5666.0
2017-04-30,Andhra Pradesh,107.6,115.9,64.5,64.0,4.7,14011.0,4828.0
2024-11-30,Gujarat,145.4,145.7,27.1,78.9,4.5,8998.0,2380.0
2023-11-30,Meghalaya,139.5,144.7,27.6,76.8,6.9,2512.0,2005.0
2017-03-31,Telangana,107.4,111.7,55.1,65.3,4.1,3065.0,7423.0
2021-09-30,Bihar,126.6,136.0,91.6,70.7,6.1,3483.0,6875.0
2023-05-31,Meghalaya,139.1,144.3,63.7,77.3,5.3,20.0,1727.0
2020-02-29,Gujarat,124.3,125.7,12.5,70.5,1.5,9591.0,5587.0
2020-02-29,Tripura,123.2,130.1,62.9,69.7,-1.4,1666.0,845.0
2017-02-28,Manipur,111.5,117.1,116.9,63.3,7.0,1469.0,3242.0
2025-01-31,Himachal Pradesh,149.2,149.7,65.6,79.1,7.1,2115.0,5436.0
2016-12-31,Karnataka,103.0,114.4,27.3,62.5,5.7,5121.0,6825.0
2018-03-31,Gujarat,114.5,122.6,49.1,66.1,6.6,67.0,2693.0
2025-04-30,Tamil Nadu,148.7,147.3,119.9,78.2,4.4,4591.0,4233.0
2016-09-30,Assam,108.3,117.3,74.2,61.7,4.6,4603.0,3511.0
2022-10-31,Gujarat,134.4,137.0,70.1,73.6,5.3,2150.0,6009.0
2024-07-31,Assam,143.2,151.3,64.1,79.2,5.8,944.0,6245.0
2025-01-31,Kerala,153.3,148.1,37.8,80.3,4.4,6597.0,3044.0
2016-01-31,Assam,106.5,111.9,54.0,61.6,6.3,426.0,6888.0
2016-07-31,Gujarat,105.2,114.6,67.0,61.2,5.0,2629.0,2797.0
2021-09-30,Tamil Nadu,128.4,135.8,87.3,72.3,7.1,3798.0,5355.0
2025-03-31,Manipur,151.5,152.5,55.4,79.4,4.0,124.0,2972.0
2020-08-31,Tamil Nadu,122.1,128.0,65.8,68.5,-1.6,310.0,1591.0
2016-07-31,Chhattisgarh,106.4,113.3,68.5,62.4,6.9,1429.0,5351.0
2020-04-30,Andaman and Nicobar Islands,125.5,133.7,36.3,69.9,-0.8,875.0,716.0
2023-05-31,Odisha,142.0,141.3,95.3,75.8,7.0,3526.0,5474.0
2020-06-30,Telangana,120.3,131.8,22.1,70.1,0.9,458.0,7795.0
2020-06-30,Tamil Nadu,123.2,126.2,18.4,70.5,1.2,7612.0,7335.0
2021-03-31,West Bengal,128.0,130.8,54.7,70.7,4.0,12992.0,7039.0
2018-09-30,Mizoram,112.8,123.9,24.0,65.2,6.2,0.0,0.0
2022-03-31,Himachal Pradesh,135.9,137.7,69.3,75.5,5.2,963.0,5647.0
2020-07-31,Mizoram,124.4,131.5,52.3,71.1,-0.5,0.0,0.0
2015-03-31,Andhra Pradesh,98.3,108.7,101.2,62.0,7.5,4352.0,1757.0
2016-12-31,Himachal Pradesh,102.8,110.7,78.0,62.8,6.9,3102.0,1119.0
2022-04-30,Goa,133.1,138.2,107.0,74.7,8.0,3955.0,672.0
2016-05-31,Manipur,106.7,111.2,103.3,61.9,6.6,503.0,2005.0
2018-04-30,Goa,114.9,122.3,97.3,64.5,7.6,384.0,237.0
2015-06-30,Nagaland,101.7,108.1,52.0,60.7,4.5,368.0,1053.0
2024-11-30,Telangana,150.3,147.3,92.8,77.9,6.9,4437.0,3116.0
2024-12-31,Chandigarh,145.0,145.5,55.8,76.3,4.3,467.0,455.0
2017-11-30,Odisha,107.2,117.4,77.6,64.6,4.4,3706.0,2157.0
2024-05-31,West Bengal,144.7,146.7,75.1,79.1,7.4,2051.0,4737.0
2017-05-31,Tamil Nadu,113.8,119.9,57.3,63.2,5.4,5608.0,11536.0
2015-07-31,Telangana,102.2,110.4,38.4,59.6,5.3,6062.0,6978.0
2019-05-31,Uttarakhand,118.7,129.6,76.2,68.4,4.7,2124.0,3149.0
2016-11-30,Madhya Pradesh,104.4,117.5,92.9,61.1,5.9,5345.0,1321.0
2023-01-31,Karnataka,141.6,140.6,92.6,75.9,4.8,5557.0,4214.0
2021-04-30,Manipur,131.0,131.8,26.9,72.2,6.2,1928.0,1028.0
2015-10-31,Chandigarh,101.6,107.6,112.4,60.8,6.6,293.0,688.0
2024-09-30,Goa,144.5,149.6,24.7,78.0,6.6,2488.0,1303.0
2016-12-31,Tripura,105.8,111.6,108.5,62.5,5.5,294.0,857.0
2018-03-31,Dadra and Nagar Haveli and Daman and Diu,114.4,121.2,96.6,65.8,6.8,878.0,907.0
2020-06-30,Karnataka,127.8,130.0,17.8,70.1,-0.8,3570.0,10337.0
2015-06-30,Bihar,96.9,113.5,43.7,60.4,7.2,5017.0,8784.0
2016-09-30,Manipur,102.0,111.4,54.9,59.5,4.0,1272.0,29.0
2021-01-31,Telangana,128.6,136.2,111.0,71.3,7.9,985.0,1042.0
2021-02-28,Maharashtra,128.6,134.0,118.0,73.1,5.7,10946.0,13120.0
2017-12-31,Telangana,106.9,117.7,28.7,62.0,5.3,4731.0,7688.0
2018-08-31,Tamil Nadu,111.6,121.9,59.7,66.4,6.5,3382.0,927.0
2022-07-31,Chhattisgarh,137.1,136.6,41.9,75.4,7.5,1632.0,744.0
2019-12-31,Uttar Pradesh,119.7,125.2,47.8,69.1,5.4,13286.0,3587.0
2022-09-30,Chandigarh,134.5,136.6,141.7,74.8,4.3,601.0,57.0
2021-11-30,Assam,130.1,131.4,118.4,73.7,5.4,5580.0,612.0
2021-11-30,Nagaland,133.2,131.6,67.2,73.2,4.0,1706.0,1153.0
2021-05-31,Sikkim,130.2,136.4,38.3,71.6,4.7,0.0,0.0
2017-02-28,West Bengal,109.8,117.3,74.7,64.7,4.2,3545.0,5716.0
2016-09-30,Chandigarh,103.7,115.3,52.1,60.6,5.6,724.0,166.0
2024-12-31,Arunachal Pradesh,146.2,145.6,135.5,79.0,4.2,1055.0,646.0
2023-12-31,Himachal Pradesh,139.9,141.6,122.2,75.9,7.9,3818.0,2281.0
2017-03-31,Andhra Pradesh,113.3,117.8,50.9,65.1,7.1,4936.0,8539.0
2020-11-30,Ladakh,124.7,131.5,13.1,70.3,-1.5,48.0,252.0
2019-02-28,Rajasthan,122.0,124.6,119.8,69.0,7.2,6434.0,7908.0
2022-11-30,West Bengal,133.6,137.7,106.0,74.1,5.7,8367.0,6102.0
2016-11-30,Ladakh,103.6,115.8,62.6,61.7,6.6,243.0,148.0
2021-09-30,Lakshadweep,126.3,136.2,48.8,72.3,7.3,0.0,0.0
2016-08-31,Goa,106.6,117.0,20.4,60.5,6.7,429.0,2392.0
2025-04-30,Tamil Nadu,149.9,148.1,42.5,79.9,4.3,3162.0,1489.0
2016-01-31,Goa,106.3,112.7,20.6,61.6,4.2,431.0,1407.0
2015-03-31,Sikkim,103.4,109.6,79.8,58.6,6.3,0.0,0.0
2025-09-30,Dadra and Nagar Haveli and Daman and Diu,148.3,147.4,103.6,79.3,4.8,366.0,600.0
2022-06-30,Odisha,133.0,139.7,116.0,72.7,7.9,172.0,818.0
2017-11-30,Haryana,108.4,118.6,38.7,62.5,4.1,3124.0,491.0
2016-02-29,Haryana,100.8,113.7,29.6,61.4,7.0,2693.0,11946.0
2019-02-28,Punjab,119.6,128.1,85.0,68.5,4.2,14049.0,10428.0
2021-06-30,Telangana,131.8,132.5,70.0,70.5,6.4,5139.0,5642.0
2015-03-31,Madhya Pradesh,100.1,112.3,107.6,60.0,5.7,7692.0,8091.0
2018-04-30,Gujarat,111.9,125.5,73.3,66.2,6.5,4773.0,5862.0
2019-03-31,Haryana,119.3,126.6,64.5,67.9,7.0,13586.0,3539.0
2015-01-31,Uttarakhand,100.3,110.0,68.8,60.8,4.1,5185.0,4610.0
2023-08-31,Assam,141.9,142.3,117.9,79.1,6.1,2916.0,3398.0
2024-09-30,Mizoram,146.6,143.2,26.2,79.7,7.8,0.0,0.0
2024-08-31,Chhattisgarh,144.3,145.6,134.2,77.4,4.9,1389.0,1752.0
2019-04-30,Himachal Pradesh,119.3,130.1,91.4,67.0,4.3,2395.0,5243.0
2024-12-31,Goa,146.2,150.2,130.2,77.5,7.1,1434.0,2250.0
2022-02-28,Haryana,133.8,138.2,139.2,74.5,7.0,1454.0,6313.0
2018-10-31,Uttar Pradesh,116.7,120.9,42.6,66.0,5.6,5305.0,6236.0
2021-04-30,Punjab,128.7,136.1,77.8,72.0,7.3,8127.0,11630.0
2015-10-31,Uttar Pradesh,103.1,109.9,68.6,60.1,6.2,10542.0,7837.0
2020-01-31,Assam,125.5,131.9,44.3,70.1,-1.0,3409.0,6800.0
2016-06-30,Tripura,101.1,112.5,24.7,62.3,7.3,2053.0,2071.0
2022-02-28,Manipur,136.3,138.6,133.7,74.9,4.4,2769.0,390.0
2025-08-31,Karnataka,150.5,149.3,138.6,80.3,4.9,3290.0,1530.0
2023-08-31,Lakshadweep,141.0,142.0,106.2,74.9,5.8,0.0,0.0
2023-05-31,Lakshadweep,144.5,140.9,55.0,76.9,4.3,0.0,0.0
2015-06-30,Goa,99.5,109.7,98.7,61.1,8.0,306.0,1152.0
2022-01-31,Arunachal Pradesh,131.9,138.6,111.7,73.9,5.3,2036.0,2159.0
2019-03-31,Tamil Nadu,122.5,127.4,77.5,68.3,7.8,2949.0,6521.0
2017-12-31,Andaman and Nicobar Islands,106.4,117.7,37.0,63.5,5.9,370.0,210.0
2020-11-30,Gujarat,123.5,132.9,24.1,69.2,-1.6,3976.0,4625.0
2023-04-30,Chandigarh,140.1,139.4,94.7,75.3,5.8,782.0,590.0
2017-01-31,Meghalaya,108.2,115.0,32.9,63.4,7.3,2739.0,3110.0
2018-08-31,Andhra Pradesh,114.9,120.8,92.4,67.4,7.0,3797.0,4972.0
2016-02-29,Madhya Pradesh,104.7,114.0,41.3,61.9,7.8,6826.0,7755.0
2017-05-31,Ladakh,113.1,121.2,111.0,63.2,6.5,121.0,362.0
2021-02-28,Andhra Pradesh,125.2,133.6,110.0,71.8,4.9,11532.0,10420.0
2019-02-28,Sikkim,120.2,124.1,49.4,68.7,6.2,0.0,0.0
2015-05-31,Andaman and Nicobar Islands,98.2,108.7,28.3,61.5,4.6,820.0,538.0
2024-02-29,Meghalaya,143.9,146.2,97.4,78.5,5.3,3060.0,1538.0
2025-02-28,Himachal Pradesh,151.4,147.8,77.8,80.0,7.2,4676.0,3665.0
2022-04-30,Tripura,136.0,141.9,41.2,75.7,4.1,2131.0,2600.0
2019-09-30,Sikkim,120.7,121.3,73.1,67.8,6.5,0.0,0.0
2017-02-28,Arunachal Pradesh,107.5,116.5,119.3,63.7,6.8,2078.0,1693.0
2015-06-30,Andhra Pradesh,102.4,108.9,26.9,58.8,7.6,6967.0,8447.0
2019-12-31,Jharkhand,118.2,124.1,46.4,67.4,7.0,2063.0,5997.0
2023-04-30,Jammu and Kashmir,142.8,143.3,88.6,74.8,5.6,2202.0,2229.0
2015-12-31,Telangana,98.7,108.7,99.3,58.7,7.1,3518.0,2894.0
2021-03-31,Telangana,132.1,135.2,21.9,71.9,6.5,10404.0,10474.0
2015-03-31,Jharkhand,100.2,113.2,93.3,59.5,6.3,6825.0,2324.0
2020-03-31,Punjab,121.7,132.5,20.4,71.2,-0.8,11145.0,3320.0
2016-07-31,Kerala,104.3,114.3,103.1,62.3,6.2,5195.0,1961.0
2016-06-30,Tamil Nadu,108.4,114.0,89.2,62.7,7.5,7548.0,7882.0
2021-08-31,Tamil Nadu,131.6,135.8,65.7,72.5,5.7,9064.0,7149.0
2021-01-31,Himachal Pradesh,129.1,133.4,102.2,70.9,6.8,3176.0,2698.0
2025-06-30,Bihar,152.6,149.0,112.0,79.8,7.6,564.0,9451.0
2020-12-31,Andaman and Nicobar Islands,125.6,128.0,57.6,70.4,0.7,183.0,41.0
2018-02-28,Uttarakhand,118.3,122.6,49.0,64.3,4.4,2051.0,1348.0
2020-08-31,Andaman and Nicobar Islands,124.8,127.9,49.2,68.2,-1.5,401.0,764.0
2021-08-31,Bihar,129.4,132.6,34.1,72.2,7.2,7906.0,2365.0
2018-06-30,Arunachal Pradesh,117.0,126.2,102.1,65.8,4.1,1819.0,1802.0
2020-04-30,Gujarat,125.5,131.3,43.6,66.5,-0.7,6176.0,7634.0
2021-06-30,Puducherry,131.1,134.8,102.5,70.2,4.5,98.0,42.0
2025-07-31,Kerala,148.3,148.6,49.3,79.0,7.1,1110.0,3767.0
2023-09-30,Uttarakhand,142.3,143.5,39.6,76.5,7.5,1886.0,51.0
2021-04-30,Sikkim,132.0,132.0,88.9,71.5,5.2,0.0,0.0
2025-02-28,Manipur,152.7,146.9,31.0,81.1,6.2,2840.0,1905.0
2018-08-31,Jharkhand,112.3,120.9,44.4,65.3,7.8,3412.0,2257.0
2023-06-30,Jammu and Kashmir,137.7,139.6,133.0,75.4,7.8,1518.0,3635.0
2020-02-29,Punjab,123.5,130.9,20.0,72.3,0.1,14593.0,3508.0
2015-01-31,Lakshadweep,99.5,110.7,57.6,60.8,5.1,0.0,0.0
2016-05-31,Punjab,102.3,114.5,114.6,63.1,4.2,645.0,12991.0
2016-04-30,Chhattisgarh,106.3,115.2,22.0,61.3,4.4,1261.0,2322.0
2015-09-30,Andaman and Nicobar Islands,99.1,111.1,64.5,59.8,4.6,613.0,388.0
2019-11-30,Uttarakhand,122.5,124.6,98.6,68.0,6.7,3115.0,132.0
2024-11-30,Uttar Pradesh,149.2,147.0,133.1,77.8,7.2,4532.0,4792.0
2024-11-30,Karnataka,143.8,146.6,112.3,78.2,4.2,2422.0,3715.0
2018-05-31,Andaman and Nicobar Islands,113.5,120.8,108.8,66.2,7.6,401.0,1039.0
2020-06-30,Punjab,126.5,129.3,14.1,69.8,-0.7,12737.0,12319.0
2021-03-31,Goa,130.2,135.7,30.0,71.7,6.1,16.0,1755.0
2015-11-30,Haryana,100.7,107.4,93.8,61.4,8.0,1966.0,3858.0
2015-08-31,Arunachal Pradesh,102.7,110.7,95.3,59.1,5.1,279.0,121.0
2023-03-31,Uttarakhand,139.5,141.8,96.6,75.5,4.9,3319.0,4559.0
2020-12-31,Punjab,122.9,129.9,55.8,68.6,-0.2,7382.0,4304.0
2024-05-31,Chandigarh,142.5,145.4,127.0,77.1,6.1,111.0,947.0
2023-11-30,Andaman and Nicobar Islands,139.6,142.8,89.5,75.5,5.5,575.0,137.0
2017-10-31,Arunachal Pradesh,109.3,114.8,114.7,64.1,7.3,491.0,1296.0
2019-09-30,Manipur,121.7,126.5,89.4,68.8,7.6,1825.0,1593.0
2024-09-30,Delhi,147.8,143.9,80.6,78.9,7.9,224.0,1548.0
2024-12-31,Karnataka,147.8,148.1,74.6,79.4,7.3,6714.0,6709.0
2020-11-30,Telangana,123.6,127.4,57.0,69.0,-0.0,6664.0,960.0
2018-04-30,Manipur,113.4,117.2,83.0,65.1,6.5,93.0,813.0
2023-07-31,Chhattisgarh,136.4,138.6,122.1,74.9,4.7,693.0,4810.0
2025-04-30,Himachal Pradesh,150.0,149.9,117.7,81.8,5.1,460.0,2131.0
2025-03-31,Bihar,151.8,146.9,86.9,80.6,8.0,10782.0,10769.0
2023-04-30,Uttarakhand,138.6,139.4,137.5,76.9,5.0,2101.0,3548.0
2019-10-31,Bihar,117.0,124.6,90.4,66.8,5.9,1628.0,640.0
2024-01-31,Madhya Pradesh,148.8,147.1,48.1,78.0,5.5,6729.0,64.0
2025-01-31,Rajasthan,148.6,148.5,98.2,80.6,6.8,6382.0,2593.0
2022-08-31,Karnataka,134.8,137.6,48.2,72.6,5.3,1203.0,4599.0
2019-02-28,Kerala,119.1,125.5,75.9,67.5,6.7,9129.0,6905.0
2023-09-30,Maharashtra,137.3,139.1,118.8,76.4,7.8,7905.0,4233.0
2024-09-30,Ladakh,146.8,146.8,121.5,75.8,5.0,180.0,337.0
2017-03-31,Madhya Pradesh,106.5,122.5,85.1,65.5,5.5,807.0,526.0
2017-08-31,Chhattisgarh,112.2,114.5,98.3,64.7,5.4,3989.0,1578.0
2015-01-31,Rajasthan,100.5,108.2,67.2,58.9,5.2,7695.0,7657.0
2016-05-31,Himachal Pradesh,104.5,111.5,75.1,62.0,5.1,3535.0,2546.0
2021-12-31,Delhi,129.5,133.6,108.0,72.5,6.5,23.0,1806.0
2018-09-30,Mizoram,115.9,119.1,69.3,66.1,6.2,0.0,0.0
2020-06-30,Uttarakhand,123.7,132.5,33.1,69.9,1.1,573.0,497.0
2017-08-31,Andhra Pradesh,110.4,120.8,99.7,63.9,7.2,7144.0,1517.0
2018-09-30,Chhattisgarh,113.2,123.4,25.0,66.8,4.6,3282.0,4456.0
2015-09-30,Kerala,95.7,111.9,115.8,60.8,4.7,14.0,975.0
2017-06-30,Tripura,111.2,118.2,54.0,64.7,6.1,534.0,1662.0
2021-12-31,Tripura,134.9,136.2,83.0,72.7,5.4,2395.0,2581.0
2019-12-31,Kerala,121.1,125.4,88.5,68.5,4.7,502.0,4068.0
2015-01-31,Karnataka,99.9,108.9,33.7,60.6,6.8,10523.0,861.0
2015-05-31,Chandigarh,99.2,111.3,102.3,61.7,6.0,29.0,52.0
2020-03-31,Uttarakhand,124.3,129.2,46.3,69.9,1.4,5589.0,2395.0
2020-05-31,Mizoram,124.2,134.3,31.7,68.3,-1.2,0.0,0.0
2021-06-30,Chandigarh,130.4,136.1,105.1,73.2,6.9,954.0,418.0
2024-06-30,Assam,140.2,144.9,99.0,78.5,5.3,826.0,5948.0
2017-01-31,Karnataka,104.9,117.7,98.6,64.5,4.8,726.0,7596.0
2018-07-31,Delhi,115.9,121.7,119.2,65.1,7.9,2056.0,574.0
2019-09-30,Himachal Pradesh,119.6,124.5,33.0,66.3,4.4,3774.0,3983.0
2020-12-31,Nagaland,123.0,131.8,57.0,70.3,-0.5,718.0,1927.0
2017-03-31,Andhra Pradesh,108.0,116.3,95.8,63.7,6.9,3336.0,11550.0
2025-08-31,Goa,148.9,149.8,129.0,80.0,5.7,2450.0,137.0
2023-10-31,Puducherry,139.2,140.5,73.0,75.5,7.0,429.0,636.0
2020-11-30,Chhattisgarh,127.8,128.9,64.2,70.1,0.3,92.0,5970.0
2020-07-31,Assam,122.9,131.5,50.4,69.3,-0.0,1531.0,6662.0
2022-06-30,Uttar Pradesh,136.5,139.4,32.3,75.5,6.7,6599.0,1911.0
2015-04-30,Goa,101.2,109.3,23.2,59.8,7.2,2010.0,2877.0
2023-10-31,Karnataka,139.6,144.3,81.8,76.9,6.2,4317.0,2891.0
2021-07-31,Karnataka,131.5,135.1,98.6,72.5,5.2,8063.0,9464.0
2022-12-31,Meghalaya,135.9,138.2,70.1,75.3,4.1,286.0,1648.0
2022-09-30,Punjab,132.5,139.8,126.2,74.2,7.6,3820.0,8961.0
2021-02-28,Punjab,128.8,136.8,69.2,72.9,6.8,11172.0,487.0
2025-06-30,Uttar Pradesh,150.8,150.9,27.2,80.7,4.2,9527.0,10865.0
2016-04-30,Jammu and Kashmir,103.8,114.5,117.4,63.6,7.4,3616.0,4181.0
2024-08-31,Tripura,146.2,142.2,82.8,78.7,4.2,2345.0,662.0
2016-06-30,Chandigarh,107.3,114.5,85.0,61.2,6.8,661.0,557.0
2016-04-30,Tripura,104.9,114.9,39.9,61.8,6.8,2891.0,134.0
2019-08-31,Jharkhand,118.8,126.6,49.7,66.8,7.7,2032.0,1700.0
2021-07-31,Jammu and Kashmir,128.6,132.2,68.4,71.7,4.7,2350.0,1505.0
2023-07-31,Uttarakhand,139.3,140.6,126.7,74.6,6.3,1771.0,1690.0
2017-04-30,Bihar,109.1,119.4,30.2,64.8,6.2,9688.0,5671.0
2015-05-31,Meghalaya,101.7,109.2,98.0,58.2,4.1,1318.0,2857.0
2023-10-31,Andaman and Nicobar Islands,138.8,142.4,93.5,74.9,6.6,1.0,264.0
2016-10-31,Jammu and Kashmir,104.6,109.8,70.0,62.3,5.0,2229.0,346.0
2024-09-30,Rajasthan,146.6,146.0,129.2,78.8,5.3,3245.0,2515.0
2023-04-30,Dadra and Nagar Haveli and Daman and Diu,139.3,143.6,38.2,74.0,5.0,785.0,623.0
2016-01-31,Odisha,104.1,114.6,119.1,62.4,4.2,1928.0,1314.0
2020-05-31,Lakshadweep,126.7,129.7,63.3,70.6,-1.7,0.0,0.0
2022-02-28,Bihar,137.3,135.9,63.1,72.3,4.8,2464.0,5411.0
2020-04-30,Maharashtra,125.1,126.4,39.1,68.2,-0.6,14491.0,3081.0
2017-08-31,Andhra Pradesh,113.3,116.4,22.5,64.0,4.5,2427.0,4744.0
2021-08-31,Odisha,130.3,136.1,72.8,72.5,7.7,782.0,596.0
2019-03-31,Lakshadweep,121.8,125.9,74.8,67.5,4.9,0.0,0.0
2021-07-31,Haryana,133.9,135.4,112.7,72.2,6.6,5376.0,1366.0
2023-10-31,Chhattisgarh,138.7,144.9,70.6,76.0,4.6,3400.0,2851.0
2020-03-31,Haryana,124.0,130.2,46.2,72.0,-1.1,9954.0,15135.0
2021-04-30,Goa,131.6,135.7,94.1,69.8,4.3,1620.0,1260.0
2019-12-31,Jammu and Kashmir,119.7,128.3,80.9,67.5,7.0,2297.0,988.0
2020-05-31,Karnataka,123.1,127.2,21.4,69.6,-0.3,805.0,711.0
2024-09-30,Madhya Pradesh,144.3,144.5,44.6,76.3,5.9,424.0,1520.0
2021-09-30,Tripura,127.2,130.6,33.8,72.4,5.5,1752.0,370.0
2023-09-30,Andaman and Nicobar Islands,140.0,138.4,50.1,75.4,5.6,206.0,688.0
2025-08-31,Punjab,150.3,149.0,63.4,79.1,4.0,5418.0,512.0
2020-11-30,Jammu and Kashmir,127.2,129.5,56.4,68.7,-0.6,891.0,1084.0
2022-02-28,Uttar Pradesh,137.4,134.3,31.3,74.1,7.2,3258.0,17016.0
2020-11-30,Punjab,124.4,130.9,61.2,70.5,0.8,5488.0,5341.0
2018-10-31,Goa,119.2,121.0,46.2,65.8,6.4,3233.0,1815.0
2018-11-30,Mizoram,112.9,124.9,81.3,66.9,6.6,0.0,0.0
2021-07-31,Uttarakhand,127.2,134.4,75.3,72.4,6.8,2945.0,2566.0
2025-07-31,Odisha,147.5,150.4,42.5,81.8,6.4,6846.0,7799.0
2024-01-31,Lakshadweep,142.7,145.6,58.5,76.9,6.5,0.0,0.0
2024-11-30,Tamil Nadu,146.5,145.8,59.5,76.6,6.3,8907.0,8634.0
2023-05-31,Dadra and Nagar Haveli and Daman and Diu,143.4,142.7,98.9,76.6,7.7,18.0,635.0
2015-06-30,Meghalaya,103.4,111.8,98.9,59.7,6.7,959.0,1592.0
2025-06-30,Assam,146.2,147.3,143.6,78.7,5.4,1760.0,5646.0
