Date,Year,Season,Crop,State,District,Irrigation_Type,Area_ha,Fertilizer_Use,Yield_kg_ha,Production_tons
2024-04-28,2024,Kharif,Pulses,Uttar Pradesh,Kanpur,Canal,285.12,199.0,1991.0,567.67
2017-05-13,2017,Perennial,Tea,Kerala,Kozhikode,Drip,647.36,130.0,2857.0,1849.51
2022-04-08,2022,Zaid,Coconut,Andhra Pradesh,Guntur,Rainfed,31.65,198.0,6466.0,204.65
2024-05-05,2024,Rabi,Potato,Uttar Pradesh,Varanasi,Rainfed,1381.65,162.0,22078.0,30504.07
2023-10-12,2023,Kharif,Maize,Telangana,Nizamabad,Rainfed,455.26,68.0,5272.0,2400.13
2018-04-03,2018,Kharif,Cotton,Telangana,Hyderabad,Tube Well,211.81,169.0,1402.0,296.96
2022-10-04,2022,Kharif,Pulses,Rajasthan,Jaipur,Tube Well,11.97,74.0,2013.0,24.1
2016-08-17,2016,Perennial,Coffee,Karnataka,Mysore,Tube Well,619.91,130.0,1799.0,1115.22
2019-01-26,2019,Rabi,Pulses,Madhya Pradesh,Bhopal,Tube Well,203.15,142.0,1742.0,353.89
2019-04-26,2019,Zaid,Coconut,Andhra Pradesh,Visakhapatnam,Rainfed,761.2,184.0,11499.0,8753.04
2019-02-12,2019,Kharif,Pulses,Madhya Pradesh,Bhopal,Rainfed,232.12,82.0,834.0,193.59
2016-09-05,2016,Perennial,Sugarcane,Tamil Nadu,Madurai,Tube Well,105.95,181.0,76660.0,8122.13
2020-02-16,2020,Perennial,Tea,Assam,Tinsukia,Rainfed,408.99,190.0,1725.0,705.51
2024-01-19,2024,Kharif,Pulses,Uttar Pradesh,Varanasi,Canal,851.08,63.0,1276.0,1085.98
2025-05-06,2025,Kharif,Oilseeds,Maharashtra,Pune,Rainfed,593.84,183.0,2321.0,1378.3
2019-10-21,2019,Kharif,Cotton,Maharashtra,Pune,Drip,600.87,89.0,736.0,442.24
2019-10-01,2019,Kharif,Maize,Telangana,Hyderabad,Canal,534.79,62.0,7283.0,3894.88
2020-03-11,2020,Rabi,Potato,Bihar,Gaya,Canal,531.09,194.0,41765.0,22180.97
2024-04-20,2024,Rabi,Pulses,Madhya Pradesh,Bhopal,Tube Well,114.73,109.0,2544.0,291.87
2018-07-30,2018,Kharif,Pulses,Uttar Pradesh,Varanasi,Tube Well,303.66,143.0,2413.0,732.73
2017-02-07,2017,Rabi,Wheat,Madhya Pradesh,Bhopal,Rainfed,122.01,133.0,4095.0,499.63
2019-06-19,2019,Kharif,Maize,Maharashtra,Nashik,Rainfed,904.35,82.0,3930.0,3554.1
2024-08-25,2024,Kharif,Oilseeds,Madhya Pradesh,Bhopal,Rainfed,427.59,150.0,2155.0,921.46
2023-08-20,2023,Kharif,Pulses,Uttar Pradesh,Varanasi,Tube Well,650.48,57.0,1268.0,824.81
2023-12-26,2023,Rabi,Potato,West Bengal,Howrah,Rainfed,880.19,80.0,21671.0,19074.6
2018-09-11,2018,Zaid,Coconut,Karnataka,Bangalore,Canal,365.12,192.0,15879.0,5797.74
2023-03-17,2023,Kharif,Cotton,Andhra Pradesh,Guntur,Rainfed,686.05,193.0,925.0,634.6
2022-07-09,2022,Rabi,Wheat,Bihar,Gaya,Rainfed,83.66,122.0,2669.0,223.29
2024-07-27,2024,Rabi,Wheat,Punjab,Ludhiana,Tube Well,1119.16,75.0,3641.0,4074.86
2021-09-10,2021,Kharif,Rice,Chhattisgarh,Raipur,Rainfed,489.68,113.0,2218.0,1086.11
2017-05-21,2017,Rabi,Wheat,Rajasthan,Jodhpur,Rainfed,563.64,182.0,3916.0,2207.21
2015-07-08,2015,Kharif,Maize,Bihar,Purnia,Canal,885.63,61.0,5341.0,4730.15
2016-01-31,2016,Kharif,Maize,Telangana,Warangal,Rainfed,684.65,69.0,5320.0,3642.34
2015-01-21,2015,Perennial,Coffee,Karnataka,Belgaum,Canal,930.49,184.0,2166.0,2015.44
2018-02-07,2018,Perennial,Apple,Jammu and Kashmir,Srinagar,Rainfed,144.81,112.0,6328.0,916.36
2019-06-18,2019,Perennial,Tea,Assam,Cachar,Rainfed,281.24,63.0,2303.0,647.7
2016-06-28,2016,Kharif,Rice,Tamil Nadu,Chennai,Drip,1039.29,71.0,6395.0,6646.26
2019-05-04,2019,Kharif,Cotton,Maharashtra,Pune,Drip,1189.8,182.0,1425.0,1695.46
2018-07-14,2018,Rabi,Oilseeds,Maharashtra,Pune,Drip,717.56,124.0,3804.0,2729.6
2020-05-29,2020,Rabi,Wheat,Haryana,Gurgaon,Tube Well,519.52,74.0,2455.0,1275.42
2021-01-15,2021,Kharif,Maize,Bihar,Purnia,Tube Well,867.34,184.0,8620.0,7476.47
2022-05-03,2022,Rabi,Wheat,Madhya Pradesh,Bhopal,Rainfed,265.49,177.0,3287.0,872.67
2020-08-23,2020,Kharif,Pulses,Madhya Pradesh,Bhopal,Tube Well,131.37,53.0,2188.0,287.44
2015-10-17,2015,Perennial,Sugarcane,Tamil Nadu,Coimbatore,Tube Well,707.05,137.0,93503.0,66111.3
2020-04-21,2020,Kharif,Cotton,Maharashtra,Nashik,Tube Well,64.98,87.0,1273.0,82.72
2022-11-02,2022,Rabi,Wheat,Uttar Pradesh,Kanpur,Tube Well,574.86,130.0,3783.0,2174.7
2017-11-28,2017,Kharif,Rice,Assam,Kamrup,Rainfed,648.05,92.0,3013.0,1952.57
2016-10-26,2016,Rabi,Potato,Uttar Pradesh,Kanpur,Rainfed,449.87,97.0,28490.0,12816.8
2020-04-10,2020,Rabi,Wheat,Uttar Pradesh,Lucknow,Tube Well,1397.66,140.0,4611.0,6444.61
2022-12-24,2022,Kharif,Pulses,Madhya Pradesh,Bhopal,Rainfed,765.1,131.0,1891.0,1446.8
2015-08-07,2015,Perennial,Tea,West Bengal,Howrah,Rainfed,899.24,109.0,1826.0,1642.01
2021-11-17,2021,Zaid,Coconut,Karnataka,Hubli,Tube Well,1086.53,66.0,13466.0,14631.21
2020-07-08,2020,Perennial,Tea,Kerala,Kozhikode,Rainfed,429.3,195.0,2450.0,1051.79
2020-08-02,2020,Perennial,Sugarcane,Uttar Pradesh,Lucknow,Canal,858.11,76.0,67675.0,58072.59
2021-06-06,2021,Rabi,Pulses,Maharashtra,Pune,Drip,1088.66,145.0,2559.0,2785.88
2022-09-01,2022,Perennial,Coffee,Karnataka,Bangalore,Drip,547.16,62.0,664.0,363.31
2023-07-19,2023,Kharif,Oilseeds,Rajasthan,Jodhpur,Tube Well,290.64,153.0,3687.0,1071.59
2017-09-09,2017,Kharif,Rice,Odisha,Bhubaneswar,Rainfed,557.13,64.0,2772.0,1544.36
2020-04-28,2020,Kharif,Pulses,Uttar Pradesh,Lucknow,Rainfed,989.91,84.0,1459.0,1444.28
2025-07-10,2025,Kharif,Maize,Madhya Pradesh,Bhopal,Tube Well,603.21,147.0,7206.0,4346.73
2020-04-26,2020,Kharif,Pulses,Madhya Pradesh,Bhopal,Tube Well,537.88,92.0,1950.0,1048.87
2023-03-12,2023,Kharif,Cotton,Telangana,Nizamabad,Rainfed,673.69,130.0,979.0,659.54
2018-05-28,2018,Perennial,Tea,Kerala,Thrissur,Drip,542.9,69.0,3035.0,1647.7
2017-01-15,2017,Kharif,Cotton,Gujarat,Surat,Rainfed,581.73,80.0,667.0,388.01
2021-04-24,2021,Kharif,Oilseeds,Maharashtra,Nashik,Drip,184.07,160.0,3194.0,587.92
2017-06-03,2017,Rabi,Pulses,Uttar Pradesh,Varanasi,Rainfed,1180.31,55.0,918.0,1083.52
2022-09-08,2022,Kharif,Oilseeds,Gujarat,Surat,Tube Well,46.63,67.0,2301.0,107.3
2019-10-14,2019,Perennial,Apple,Himachal Pradesh,Shimla,Rainfed,496.33,82.0,6225.0,3089.65
2024-08-09,2024,Kharif,Cotton,Gujarat,Rajkot,Rainfed,995.87,53.0,821.0,817.61
2025-06-17,2025,Perennial,Tea,Assam,Tinsukia,Rainfed,540.02,64.0,1375.0,742.53
2020-10-15,2020,Zaid,Coconut,Andhra Pradesh,Chittoor,Canal,1160.26,92.0,14142.0,16408.4
2023-03-24,2023,Kharif,Maize,Madhya Pradesh,Bhopal,Rainfed,493.85,64.0,3729.0,1841.57
2021-07-15,2021,Kharif,Rice,Chhattisgarh,Raipur,Rainfed,48.94,180.0,3244.0,158.76
2015-03-22,2015,Perennial,Sugarcane,Tamil Nadu,Chennai,Drip,619.73,60.0,95069.0,58917.11
2021-01-23,2021,Zaid,Coconut,Tamil Nadu,Chennai,Tube Well,312.15,179.0,7816.0,2439.76
2018-11-04,2018,Zaid,Coconut,Kerala,Thrissur,Rainfed,301.89,173.0,6314.0,1906.13
2019-07-20,2019,Zaid,Coconut,Kerala,Kozhikode,Drip,373.07,65.0,13216.0,4930.49
2022-11-24,2022,Kharif,Cotton,Maharashtra,Mumbai,Rainfed,1009.23,54.0,724.0,730.68
2016-05-11,2016,Kharif,Rice,Odisha,Bhubaneswar,Canal,457.61,57.0,3187.0,1458.4
2020-07-30,2020,Kharif,Pulses,Madhya Pradesh,Bhopal,Rainfed,385.0,139.0,888.0,341.88
2021-07-03,2021,Perennial,Coffee,Tamil Nadu,Madurai,Tube Well,339.15,151.0,1336.0,453.1
2017-05-08,2017,Rabi,Potato,West Bengal,Howrah,Rainfed,598.46,143.0,26528.0,15875.95
2025-09-26,2025,Kharif,Cotton,Gujarat,Ahmedabad,Tube Well,305.59,131.0,910.0,278.09
2016-03-28,2016,Kharif,Maize,Andhra Pradesh,Guntur,Tube Well,320.58,76.0,4529.0,1451.91
2015-12-17,2015,Kharif,Maize,Bihar,Patna,Tube Well,759.69,176.0,6032.0,4582.45
2023-06-19,2023,Kharif,Rice,Punjab,Amritsar,Canal,520.4,99.0,6426.0,3344.09
2024-09-19,2024,Zaid,Coconut,Andhra Pradesh,Guntur,Tube Well,71.17,198.0,11007.0,783.37
2018-09-28,2018,Rabi,Pulses,Rajasthan,Jaipur,Tube Well,247.14,108.0,1427.0,352.67
2025-05-31,2025,Perennial,Tea,Kerala,Thrissur,Rainfed,514.47,89.0,1799.0,925.53
2016-09-02,2016,Rabi,Wheat,Rajasthan,Jaipur,Tube Well,571.65,184.0,5281.0,3018.88
2023-11-01,2023,Kharif,Maize,Telangana,Nizamabad,Canal,866.12,135.0,4306.0,3729.51
2019-09-12,2019,Zaid,Coconut,Andhra Pradesh,Visakhapatnam,Tube Well,898.0,158.0,11837.0,10629.63
2020-04-14,2020,Zaid,Coconut,Karnataka,Bangalore,Drip,477.45,111.0,14993.0,7158.41
2024-06-14,2024,Rabi,Wheat,Uttar Pradesh,Kanpur,Tube Well,455.69,183.0,3540.0,1613.14
2022-01-18,2022,Zaid,Coconut,Karnataka,Hubli,Canal,151.3,188.0,17415.0,2634.89
2021-12-05,2021,Rabi,Wheat,Rajasthan,Jodhpur,Rainfed,443.1,116.0,3215.0,1424.57
2023-03-16,2023,Rabi,Pulses,Madhya Pradesh,Bhopal,Rainfed,412.81,86.0,1370.0,565.55
2020-11-20,2020,Rabi,Oilseeds,Rajasthan,Udaipur,Rainfed,477.61,147.0,3146.0,1502.56
2020-03-30,2020,Kharif,Pulses,Maharashtra,Nagpur,Tube Well,315.9,193.0,1413.0,446.37
2016-03-02,2016,Kharif,Rice,Tamil Nadu,Madurai,Tube Well,362.77,143.0,5756.0,2088.1
2018-08-19,2018,Kharif,Oilseeds,Rajasthan,Jaipur,Tube Well,211.55,193.0,3900.0,825.04
2024-09-09,2024,Rabi,Pulses,Uttar Pradesh,Lucknow,Rainfed,1198.5,102.0,1377.0,1650.33
2024-08-13,2024,Kharif,Pulses,Maharashtra,Mumbai,Drip,230.89,187.0,1286.0,296.92
2019-09-02,2019,Rabi,Wheat,Haryana,Gurgaon,Canal,855.78,67.0,3783.0,3237.42
2022-04-22,2022,Perennial,Coffee,Kerala,Kozhikode,Rainfed,50.57,104.0,652.0,32.97
2017-02-27,2017,Kharif,Pulses,Uttar Pradesh,Lucknow,Rainfed,828.8,124.0,1524.0,1263.09
2020-09-10,2020,Rabi,Oilseeds,Rajasthan,Jodhpur,Rainfed,54.1,148.0,2666.0,144.23
2024-06-02,2024,Zaid,Coconut,Tamil Nadu,Madurai,Canal,201.71,94.0,10769.0,2172.21
2017-12-16,2017,Kharif,Maize,Maharashtra,Pune,Rainfed,155.8,189.0,5627.0,876.69
2024-11-20,2024,Kharif,Cotton,Gujarat,Ahmedabad,Rainfed,422.6,186.0,553.0,233.7
2020-07-24,2020,Kharif,Rice,Andhra Pradesh,Visakhapatnam,Tube Well,419.04,170.0,3267.0,1369.0
2025-08-16,2025,Kharif,Oilseeds,Rajasthan,Udaipur,Tube Well,580.23,67.0,3213.0,1864.28
2025-07-02,2025,Perennial,Tea,Kerala,Kozhikode,Drip,188.29,62.0,1375.0,258.9
2015-07-02,2015,Perennial,Coffee,Tamil Nadu,Coimbatore,Drip,104.16,125.0,1127.0,117.39
2020-11-18,2020,Rabi,Oilseeds,Rajasthan,Udaipur,Rainfed,426.42,165.0,3183.0,1357.29
2024-03-31,2024,Perennial,Sugarcane,Maharashtra,Nashik,Rainfed,896.81,68.0,68012.0,60993.84
2015-03-13,2015,Perennial,Apple,Himachal Pradesh,Shimla,Rainfed,154.46,146.0,12600.0,1946.2
2024-06-03,2024,Kharif,Pulses,Maharashtra,Nagpur,Drip,787.63,129.0,1543.0,1215.31
2022-07-29,2022,Perennial,Tea,West Bengal,Howrah,Canal,855.9,159.0,2055.0,1758.87
2024-09-18,2024,Rabi,Wheat,Haryana,Hisar,Canal,493.1,115.0,4092.0,2017.77
2019-08-04,2019,Perennial,Coffee,Tamil Nadu,Chennai,Drip,582.64,154.0,1719.0,1001.56
2018-07-19,2018,Perennial,Sugarcane,Tamil Nadu,Madurai,Tube Well,169.83,74.0,118137.0,20063.21
2023-01-03,2023,Kharif,Cotton,Gujarat,Ahmedabad,Rainfed,38.14,82.0,823.0,31.39
2025-02-07,2025,Kharif,Maize,Bihar,Gaya,Canal,981.55,186.0,5019.0,4926.4
2021-10-03,2021,Kharif,Maize,Bihar,Patna,Rainfed,306.73,99.0,4052.0,1242.87
2018-09-09,2018,Rabi,Pulses,Uttar Pradesh,Varanasi,Rainfed,425.56,198.0,1275.0,542.59
2022-03-10,2022,Perennial,Apple,Himachal Pradesh,Mandi,Rainfed,486.89,57.0,6885.0,3352.24
2023-05-01,2023,Perennial,Coffee,Kerala,Thrissur,Drip,585.3,124.0,1443.0,844.59
2017-08-23,2017,Kharif,Cotton,Maharashtra,Mumbai,Drip,765.03,99.0,897.0,686.23
2020-01-05,2020,Rabi,Pulses,Uttar Pradesh,Kanpur,Tube Well,1051.99,199.0,1712.0,1801.01
2021-11-03,2021,Rabi,Potato,Uttar Pradesh,Lucknow,Tube Well,1067.79,199.0,43826.0,46796.96
2024-12-30,2024,Kharif,Oilseeds,Madhya Pradesh,Bhopal,Rainfed,613.04,85.0,2088.0,1280.03
2024-04-10,2024,Kharif,Maize,Telangana,Hyderabad,Tube Well,69.8,90.0,4701.0,328.13
2023-06-16,2023,Kharif,Maize,Madhya Pradesh,Bhopal,Tube Well,336.14,162.0,5388.0,1811.12
2015-11-06,2015,Perennial,Apple,Jammu and Kashmir,Srinagar,Rainfed,125.1,183.0,14938.0,1868.74
2022-06-09,2022,Kharif,Oilseeds,Madhya Pradesh,Bhopal,Tube Well,65.75,150.0,3827.0,251.63
2021-06-23,2021,Rabi,Wheat,Bihar,Patna,Rainfed,418.47,180.0,3808.0,1593.53
2015-07-10,2015,Zaid,Coconut,Tamil Nadu,Chennai,Canal,681.63,59.0,9103.0,6204.88
2020-07-21,2020,Kharif,Cotton,Andhra Pradesh,Guntur,Rainfed,222.41,146.0,1085.0,241.31
2022-09-03,2022,Perennial,Apple,Himachal Pradesh,Shimla,Rainfed,159.46,155.0,15653.0,2496.03
2021-10-22,2021,Perennial,Sugarcane,Maharashtra,Nashik,Rainfed,834.53,79.0,55523.0,46335.61
2023-01-20,2023,Kharif,Oilseeds,Gujarat,Rajkot,Tube Well,699.4,167.0,3865.0,2703.18
2017-11-09,2017,Rabi,Oilseeds,Maharashtra,Pune,Rainfed,1130.73,192.0,3117.0,3524.49
2025-09-01,2025,Kharif,Rice,Uttar Pradesh,Lucknow,Rainfed,1188.93,185.0,3543.0,4212.38
2017-08-03,2017,Kharif,Maize,Karnataka,Hubli,Tube Well,1062.52,87.0,4786.0,5085.22
2021-09-27,2021,Kharif,Rice,West Bengal,Kolkata,Rainfed,660.94,99.0,3652.0,2413.75
2023-03-14,2023,Rabi,Wheat,Madhya Pradesh,Bhopal,Tube Well,561.79,125.0,3365.0,1890.42
2024-11-09,2024,Rabi,Pulses,Madhya Pradesh,Bhopal,Rainfed,689.8,74.0,919.0,633.93
2016-02-13,2016,Kharif,Maize,Telangana,Warangal,Rainfed,757.59,193.0,6781.0,5137.22
2018-11-09,2018,Kharif,Rice,Uttar Pradesh,Kanpur,Tube Well,1080.9,74.0,4187.0,4525.73
2024-04-30,2024,Perennial,Sugarcane,Maharashtra,Nashik,Tube Well,655.33,164.0,103956.0,68125.49
2022-02-20,2022,Kharif,Cotton,Telangana,Nizamabad,Canal,253.15,101.0,662.0,167.59
2020-06-25,2020,Kharif,Cotton,Andhra Pradesh,Krishna,Rainfed,1053.89,136.0,847.0,892.64
2018-07-02,2018,Rabi,Wheat,Uttar Pradesh,Lucknow,Tube Well,1167.22,57.0,4065.0,4744.75
2017-11-13,2017,Perennial,Apple,Jammu and Kashmir,Srinagar,Rainfed,336.78,81.0,7150.0,2407.98
2016-02-26,2016,Kharif,Maize,Madhya Pradesh,Bhopal,Rainfed,121.22,117.0,4191.0,508.03
2018-11-23,2018,Rabi,Pulses,Maharashtra,Pune,Drip,416.11,152.0,1527.0,635.4
2015-07-20,2015,Zaid,Coconut,Andhra Pradesh,Guntur,Tube Well,515.61,167.0,9708.0,5005.54
2025-09-21,2025,Kharif,Cotton,Maharashtra,Nagpur,Tube Well,1091.47,55.0,1265.0,1380.71
2017-08-18,2017,Zaid,Coconut,Andhra Pradesh,Chittoor,Rainfed,1072.54,73.0,5551.0,5953.67
2023-09-08,2023,Kharif,Rice,Punjab,Patiala,Tube Well,434.49,159.0,2926.0,1271.32
2024-06-18,2024,Rabi,Pulses,Rajasthan,Udaipur,Tube Well,483.64,172.0,2065.0,998.72
2016-07-31,2016,Rabi,Potato,Punjab,Patiala,Tube Well,125.94,85.0,26566.0,3345.72
2022-03-12,2022,Rabi,Potato,West Bengal,Darjeeling,Rainfed,456.43,84.0,15935.0,7273.21
2016-09-07,2016,Kharif,Maize,Karnataka,Bangalore,Canal,540.47,63.0,6063.0,3276.87
2018-05-16,2018,Perennial,Coffee,Karnataka,Bangalore,Tube Well,844.54,73.0,647.0,546.42
2019-01-10,2019,Kharif,Cotton,Gujarat,Surat,Tube Well,1071.45,51.0,775.0,830.37
2023-12-06,2023,Kharif,Oilseeds,Gujarat,Rajkot,Rainfed,411.37,138.0,1364.0,561.11
2016-03-14,2016,Kharif,Cotton,Maharashtra,Nashik,Rainfed,690.78,186.0,668.0,461.44
2024-07-31,2024,Rabi,Wheat,Rajasthan,Jodhpur,Rainfed,456.74,72.0,2598.0,1186.61
2018-03-25,2018,Rabi,Potato,West Bengal,Darjeeling,Canal,368.27,163.0,29230.0,10764.53
2020-11-13,2020,Kharif,Pulses,Rajasthan,Udaipur,Tube Well,690.02,136.0,1229.0,848.03
2025-01-06,2025,Rabi,Wheat,Rajasthan,Udaipur,Tube Well,614.28,191.0,3247.0,1994.57
2023-06-04,2023,Kharif,Cotton,Gujarat,Ahmedabad,Rainfed,362.72,170.0,1048.0,380.13
2021-12-06,2021,Rabi,Pulses,Maharashtra,Pune,Rainfed,665.25,178.0,1453.0,966.61
2018-06-25,2018,Kharif,Oilseeds,Maharashtra,Nagpur,Tube Well,307.78,146.0,1855.0,570.93
2019-02-27,2019,Rabi,Oilseeds,Madhya Pradesh,Bhopal,Rainfed,416.46,172.0,1646.0,685.49
2024-01-10,2024,Kharif,Pulses,Madhya Pradesh,Bhopal,Rainfed,549.83,103.0,1656.0,910.52
2016-03-22,2016,Perennial,Coffee,Kerala,Kozhikode,Drip,77.56,81.0,732.0,56.77
2023-03-03,2023,Kharif,Oilseeds,Madhya Pradesh,Bhopal,Rainfed,697.39,187.0,2313.0,1613.06
2025-03-08,2025,Kharif,Pulses,Madhya Pradesh,Bhopal,Tube Well,479.06,160.0,1729.0,828.29
2022-07-22,2022,Kharif,Pulses,Madhya Pradesh,Bhopal,Tube Well,791.79,64.0,2096.0,1659.59
2021-12-06,2021,Perennial,Tea,Kerala,Thrissur,Rainfed,30.22,180.0,2478.0,74.89
2022-12-06,2022,Perennial,Coffee,Tamil Nadu,Madurai,Canal,916.33,102.0,1575.0,1443.22
2017-05-22,2017,Kharif,Oilseeds,Gujarat,Ahmedabad,Rainfed,952.44,95.0,1736.0,1653.44
2021-10-03,2021,Rabi,Oilseeds,Gujarat,Rajkot,Tube Well,168.09,143.0,3086.0,518.73
2022-01-26,2022,Perennial,Tea,Kerala,Ernakulam,Rainfed,274.89,135.0,2064.0,567.37
2024-07-05,2024,Rabi,Wheat,Haryana,Faridabad,Tube Well,1239.87,131.0,3560.0,4413.94
2019-07-14,2019,Rabi,Pulses,Madhya Pradesh,Bhopal,Tube Well,419.58,88.0,2297.0,963.78
2016-07-11,2016,Kharif,Pulses,Madhya Pradesh,Bhopal,Rainfed,327.01,194.0,2297.0,751.14
2024-09-05,2024,Kharif,Pulses,Maharashtra,Mumbai,Rainfed,1178.09,193.0,1363.0,1605.74
2019-09-22,2019,Perennial,Sugarcane,Karnataka,Mysore,Drip,111.75,51.0,112802.0,12605.62
2016-11-24,2016,Perennial,Sugarcane,Tamil Nadu,Chennai,Drip,525.7,101.0,103375.0,54344.24
2024-08-24,2024,Rabi,Pulses,Rajasthan,Udaipur,Tube Well,460.14,57.0,1582.0,727.94
2024-10-04,2024,Kharif,Cotton,Maharashtra,Nagpur,Rainfed,795.02,178.0,802.0,637.61
2016-10-07,2016,Kharif,Maize,Maharashtra,Pune,Drip,350.92,183.0,6134.0,2152.54
2017-10-03,2017,Zaid,Coconut,Karnataka,Belgaum,Drip,624.01,128.0,16410.0,10240.0
2015-01-23,2015,Perennial,Tea,West Bengal,Howrah,Rainfed,782.33,176.0,2379.0,1861.16
2018-02-02,2018,Perennial,Apple,Himachal Pradesh,Shimla,Rainfed,296.59,156.0,10261.0,3043.31
2019-10-24,2019,Zaid,Coconut,Andhra Pradesh,Chittoor,Rainfed,824.51,125.0,10363.0,8544.4
2017-05-11,2017,Rabi,Oilseeds,Rajasthan,Jodhpur,Rainfed,186.69,105.0,2435.0,454.59
2019-11-03,2019,Kharif,Pulses,Madhya Pradesh,Bhopal,Rainfed,667.95,90.0,1089.0,727.4
2017-12-27,2017,Kharif,Pulses,Madhya Pradesh,Bhopal,Tube Well,365.25,89.0,1254.0,458.02
2025-03-19,2025,Perennial,Tea,Assam,Cachar,Rainfed,789.91,134.0,2370.0,1872.09
2019-03-30,2019,Rabi,Potato,Uttar Pradesh,Kanpur,Tube Well,44.7,75.0,31670.0,1415.65
2023-05-12,2023,Kharif,Maize,Andhra Pradesh,Guntur,Canal,462.58,76.0,7563.0,3498.49
2023-11-12,2023,Kharif,Oilseeds,Maharashtra,Nashik,Drip,242.81,52.0,1304.0,316.62
2023-11-17,2023,Rabi,Wheat,Haryana,Gurgaon,Canal,782.3,142.0,4377.0,3424.13
2019-12-13,2019,Kharif,Cotton,Andhra Pradesh,Chittoor,Rainfed,299.41,199.0,1123.0,336.24
2015-08-17,2015,Kharif,Rice,Tamil Nadu,Madurai,Canal,813.85,183.0,5693.0,4633.25
2019-07-08,2019,Rabi,Pulses,Uttar Pradesh,Lucknow,Rainfed,1323.98,156.0,1803.0,2387.14
2018-01-15,2018,Rabi,Pulses,Madhya Pradesh,Bhopal,Rainfed,176.6,168.0,1073.0,189.49
2024-11-25,2024,Rabi,Oilseeds,Madhya Pradesh,Bhopal,Tube Well,136.94,113.0,1299.0,177.89
2018-04-07,2018,Kharif,Oilseeds,Gujarat,Ahmedabad,Rainfed,1051.68,95.0,1164.0,1224.16
2017-04-06,2017,Zaid,Coconut,Andhra Pradesh,Visakhapatnam,Tube Well,439.91,105.0,8987.0,3953.47
2016-08-27,2016,Kharif,Pulses,Rajasthan,Udaipur,Rainfed,309.86,62.0,1101.0,341.16
2025-01-13,2025,Kharif,Rice,Telangana,Warangal,Rainfed,206.66,145.0,4950.0,1022.97
2023-04-23,2023,Zaid,Coconut,Kerala,Ernakulam,Rainfed,346.0,76.0,4420.0,1529.32
2022-03-13,2022,Rabi,Oilseeds,Gujarat,Surat,Rainfed,285.25,164.0,2084.0,594.46
2018-12-18,2018,Perennial,Tea,West Bengal,Howrah,Rainfed,735.86,78.0,2316.0,1704.25
2019-12-09,2019,Rabi,Wheat,Uttar Pradesh,Varanasi,Tube Well,753.33,84.0,3692.0,2781.29
2018-09-16,2018,Rabi,Wheat,Bihar,Patna,Canal,790.18,194.0,3500.0,2765.63
2022-06-05,2022,Kharif,Cotton,Andhra Pradesh,Visakhapatnam,Canal,382.15,66.0,784.0,299.61
2020-08-01,2020,Kharif,Maize,Telangana,Nizamabad,Tube Well,459.98,125.0,6454.0,2968.71
2022-04-16,2022,Kharif,Cotton,Gujarat,Ahmedabad,Tube Well,318.83,59.0,480.0,153.04
2023-03-25,2023,Kharif,Rice,Uttar Pradesh,Lucknow,Canal,1402.37,64.0,6050.0,8484.34
2022-11-11,2022,Perennial,Tea,Kerala,Ernakulam,Rainfed,422.33,145.0,1982.0,837.06
2016-05-28,2016,Kharif,Pulses,Uttar Pradesh,Lucknow,Rainfed,268.46,145.0,1762.0,473.03
2024-06-16,2024,Perennial,Sugarcane,Maharashtra,Pune,Drip,361.87,79.0,99119.0,35868.19
2023-06-30,2023,Rabi,Wheat,Bihar,Muzaffarpur,Canal,92.07,181.0,5930.0,545.98
2016-08-06,2016,Zaid,Coconut,Kerala,Ernakulam,Drip,31.97,155.0,13180.0,421.36
2025-04-15,2025,Rabi,Wheat,Uttar Pradesh,Kanpur,Rainfed,793.62,95.0,3261.0,2587.99
2024-09-29,2024,Rabi,Pulses,Madhya Pradesh,Bhopal,Rainfed,276.33,87.0,1772.0,489.66
2019-03-02,2019,Rabi,Potato,Bihar,Patna,Canal,964.14,163.0,40062.0,38625.38
2019-06-25,2019,Kharif,Oilseeds,Maharashtra,Nashik,Drip,231.02,160.0,1611.0,372.17
2020-12-02,2020,Zaid,Coconut,Karnataka,Bangalore,Canal,875.36,72.0,7851.0,6872.45
2018-11-05,2018,Kharif,Rice,Andhra Pradesh,Visakhapatnam,Tube Well,386.01,102.0,3477.0,1342.16
2022-05-11,2022,Kharif,Cotton,Gujarat,Ahmedabad,Rainfed,276.01,83.0,389.0,107.37
2024-04-26,2024,Rabi,Pulses,Rajasthan,Udaipur,Tube Well,679.05,94.0,2317.0,1573.36
2020-06-29,2020,Kharif,Maize,Bihar,Gaya,Canal,804.55,93.0,5149.0,4142.63
2025-01-02,2025,Perennial,Tea,West Bengal,Darjeeling,Rainfed,697.38,196.0,1768.0,1232.97
2016-12-22,2016,Perennial,Sugarcane,Maharashtra,Nashik,Rainfed,909.29,163.0,60666.0,55162.99
2020-06-06,2020,Perennial,Sugarcane,Uttar Pradesh,Kanpur,Rainfed,1487.16,167.0,110489.0,164314.82
2018-09-20,2018,Kharif,Pulses,Uttar Pradesh,Varanasi,Rainfed,893.88,92.0,1748.0,1562.5
2019-05-19,2019,Kharif,Maize,Maharashtra,Nagpur,Tube Well,141.45,50.0,5423.0,767.08
2018-10-30,2018,Perennial,Tea,West Bengal,Kolkata,Rainfed,80.7,59.0,1977.0,159.54
2021-07-20,2021,Rabi,Pulses,Madhya Pradesh,Bhopal,Tube Well,536.62,133.0,2323.0,1246.57
2019-02-16,2019,Perennial,Apple,Himachal Pradesh,Mandi,Rainfed,332.22,93.0,11306.0,3756.08
2017-09-30,2017,Perennial,Apple,Himachal Pradesh,Kangra,Rainfed,376.61,79.0,6418.0,2417.08
2021-04-26,2021,Perennial,Coffee,Tamil Nadu,Coimbatore,Canal,128.57,57.0,1485.0,190.93
2022-03-24,2022,Kharif,Cotton,Maharashtra,Nagpur,Drip,1228.92,181.0,1350.0,1659.04
2017-12-12,2017,Kharif,Pulses,Rajasthan,Udaipur,Tube Well,390.3,140.0,2265.0,884.03
2017-05-05,2017,Perennial,Apple,Jammu and Kashmir,Srinagar,Rainfed,263.33,66.0,9692.0,2552.19
2015-08-23,2015,Kharif,Rice,Punjab,Amritsar,Tube Well,61.93,165.0,6887.0,426.51
2021-02-22,2021,Kharif,Rice,Assam,Dibrugarh,Rainfed,769.17,163.0,4282.0,3293.59
2022-08-23,2022,Rabi,Wheat,Uttar Pradesh,Kanpur,Canal,848.26,93.0,4102.0,3479.56
2025-03-31,2025,Perennial,Tea,Kerala,Thrissur,Drip,455.06,78.0,2989.0,1360.17
2020-01-21,2020,Rabi,Wheat,Madhya Pradesh,Bhopal,Tube Well,755.41,172.0,3946.0,2980.85
2018-07-13,2018,Rabi,Potato,Bihar,Gaya,Tube Well,930.06,99.0,20602.0,19161.1
2020-07-12,2020,Kharif,Cotton,Telangana,Nizamabad,Tube Well,206.07,177.0,1157.0,238.42
2016-03-15,2016,Rabi,Potato,Punjab,Patiala,Canal,1397.34,57.0,26392.0,36878.6
2018-04-21,2018,Perennial,Tea,West Bengal,Kolkata,Rainfed,812.92,125.0,1377.0,1119.39
2020-02-27,2020,Kharif,Maize,Madhya Pradesh,Bhopal,Rainfed,24.93,77.0,4787.0,119.34
2019-02-08,2019,Rabi,Pulses,Maharashtra,Pune,Tube Well,319.4,151.0,2437.0,778.38
2017-06-27,2017,Perennial,Tea,Kerala,Ernakulam,Drip,336.25,200.0,3032.0,1019.51
2023-02-15,2023,Zaid,Coconut,Kerala,Kozhikode,Drip,470.43,112.0,11498.0,5409.0
2023-08-06,2023,Rabi,Potato,West Bengal,Kolkata,Canal,774.45,65.0,19644.0,15213.3
2016-10-10,2016,Zaid,Coconut,Kerala,Ernakulam,Drip,176.07,98.0,15449.0,2720.11
2020-10-03,2020,Kharif,Cotton,Gujarat,Vadodara,Tube Well,1005.67,184.0,1463.0,1471.3
2018-01-11,2018,Kharif,Cotton,Maharashtra,Mumbai,Rainfed,1100.97,165.0,868.0,955.64
2022-06-30,2022,Perennial,Apple,Himachal Pradesh,Mandi,Rainfed,321.15,85.0,11162.0,3584.68
2022-01-30,2022,Perennial,Apple,Himachal Pradesh,Mandi,Rainfed,461.34,193.0,9686.0,4468.54
2018-02-17,2018,Perennial,Coffee,Kerala,Thrissur,Drip,652.26,143.0,830.0,541.38
2024-03-06,2024,Perennial,Coffee,Kerala,Ernakulam,Drip,185.08,75.0,924.0,171.01
2019-06-24,2019,Rabi,Potato,Bihar,Purnia,Rainfed,800.69,136.0,12225.0,9788.44
2023-05-18,2023,Rabi,Oilseeds,Madhya Pradesh,Bhopal,Rainfed,763.03,118.0,2062.0,1573.37
2024-04-30,2024,Zaid,Coconut,Karnataka,Belgaum,Canal,159.99,173.0,13422.0,2147.39
2020-02-01,2020,Rabi,Potato,Uttar Pradesh,Varanasi,Tube Well,1468.26,102.0,22356.0,32824.42
2021-07-29,2021,Zaid,Coconut,Tamil Nadu,Coimbatore,Tube Well,37.24,181.0,11961.0,445.43
2020-02-09,2020,Zaid,Coconut,Andhra Pradesh,Visakhapatnam,Canal,631.38,172.0,6991.0,4413.98
2020-10-01,2020,Perennial,Tea,West Bengal,Howrah,Canal,853.54,151.0,3108.0,2652.8
2017-08-14,2017,Kharif,Cotton,Gujarat,Ahmedabad,Tube Well,950.62,89.0,528.0,501.93
2019-05-26,2019,Kharif,Cotton,Maharashtra,Mumbai,Drip,957.73,196.0,1466.0,1404.03
2015-07-22,2015,Kharif,Rice,Assam,Kamrup,Rainfed,428.19,132.0,3457.0,1480.25
2023-06-07,2023,Rabi,Potato,Bihar,Patna,Canal,654.45,186.0,20875.0,13661.64
2015-08-11,2015,Kharif,Cotton,Andhra Pradesh,Chittoor,Rainfed,842.92,82.0,784.0,660.85
2015-11-28,2015,Rabi,Pulses,Rajasthan,Udaipur,Rainfed,351.23,198.0,2026.0,711.59
2017-02-11,2017,Rabi,Wheat,Uttar Pradesh,Lucknow,Canal,897.57,172.0,4220.0,3787.75
2017-07-03,2017,Kharif,Rice,Andhra Pradesh,Guntur,Rainfed,1017.18,192.0,3586.0,3647.61
2023-11-12,2023,Rabi,Oilseeds,Maharashtra,Pune,Tube Well,413.61,82.0,1572.0,650.19
2023-07-08,2023,Kharif,Maize,Madhya Pradesh,Bhopal,Rainfed,423.33,115.0,4865.0,2059.5
2022-07-08,2022,Kharif,Pulses,Madhya Pradesh,Bhopal,Tube Well,16.7,65.0,2125.0,35.49
2018-11-25,2018,Perennial,Sugarcane,Uttar Pradesh,Kanpur,Tube Well,1034.28,71.0,93548.0,96754.83
2021-07-27,2021,Kharif,Maize,Karnataka,Mysore,Drip,222.97,93.0,4745.0,1057.99
2025-06-30,2025,Kharif,Cotton,Telangana,Warangal,Rainfed,438.09,193.0,1075.0,470.95
2018-01-28,2018,Rabi,Potato,Uttar Pradesh,Varanasi,Tube Well,323.21,150.0,14632.0,4729.21
2019-03-29,2019,Zaid,Coconut,Andhra Pradesh,Chittoor,Canal,38.01,97.0,14053.0,534.15
2020-01-01,2020,Kharif,Cotton,Gujarat,Rajkot,Rainfed,585.03,193.0,1316.0,769.9
2017-05-13,2017,Rabi,Potato,Uttar Pradesh,Varanasi,Tube Well,643.0,161.0,30833.0,19825.62
2016-06-13,2016,Kharif,Maize,Bihar,Muzaffarpur,Tube Well,430.9,186.0,8258.0,3558.37
2020-08-31,2020,Kharif,Cotton,Gujarat,Surat,Tube Well,258.48,189.0,687.0,177.58
2024-09-22,2024,Rabi,Pulses,Rajasthan,Udaipur,Rainfed,663.57,163.0,1185.0,786.33
2018-10-11,2018,Rabi,Oilseeds,Gujarat,Ahmedabad,Tube Well,14.17,86.0,2015.0,28.55
2016-01-18,2016,Rabi,Potato,Bihar,Muzaffarpur,Rainfed,892.63,199.0,29746.0,26552.17
2019-01-07,2019,Zaid,Coconut,Kerala,Kozhikode,Rainfed,592.15,99.0,7781.0,4607.52
2017-04-13,2017,Perennial,Tea,West Bengal,Darjeeling,Rainfed,197.56,151.0,1647.0,325.38
2018-08-28,2018,Rabi,Wheat,Uttar Pradesh,Kanpur,Rainfed,713.57,177.0,2614.0,1865.27
2024-05-29,2024,Kharif,Cotton,Gujarat,Vadodara,Tube Well,1186.73,76.0,1268.0,1504.77
2020-11-01,2020,Zaid,Coconut,Kerala,Thrissur,Drip,518.52,141.0,6153.0,3190.45
2016-08-23,2016,Kharif,Cotton,Gujarat,Rajkot,Tube Well,161.58,106.0,857.0,138.47
2023-07-17,2023,Rabi,Pulses,Maharashtra,Nashik,Rainfed,600.36,87.0,1055.0,633.38
2023-02-01,2023,Kharif,Rice,Chhattisgarh,Raipur,Rainfed,333.06,52.0,2157.0,718.41
2020-11-13,2020,Kharif,Maize,Andhra Pradesh,Visakhapatnam,Tube Well,964.69,181.0,5103.0,4922.81
2024-08-29,2024,Perennial,Apple,Jammu and Kashmir,Srinagar,Rainfed,367.3,70.0,9302.0,3416.62
2019-01-24,2019,Perennial,Sugarcane,Maharashtra,Nagpur,Rainfed,116.09,182.0,81114.0,9416.52
2021-12-24,2021,Rabi,Pulses,Rajasthan,Jaipur,Tube Well,226.69,140.0,1930.0,437.51
2024-07-01,2024,Rabi,Pulses,Maharashtra,Pune,Rainfed,394.99,143.0,1786.0,705.45
2020-03-08,2020,Kharif,Cotton,Andhra Pradesh,Guntur,Rainfed,1195.3,174.0,1251.0,1495.32
2020-10-22,2020,Kharif,Rice,Assam,Cachar,Rainfed,451.79,126.0,2442.0,1103.27
2022-03-20,2022,Kharif,Cotton,Andhra Pradesh,Chittoor,Tube Well,1057.0,104.0,594.0,627.86
2020-01-29,2020,Rabi,Pulses,Madhya Pradesh,Bhopal,Rainfed,346.57,71.0,1111.0,385.04
2017-01-18,2017,Zaid,Coconut,Karnataka,Belgaum,Tube Well,797.77,136.0,11282.0,9000.44
2021-04-13,2021,Rabi,Oilseeds,Gujarat,Surat,Rainfed,351.04,133.0,1259.0,441.96
2019-04-02,2019,Kharif,Cotton,Andhra Pradesh,Chittoor,Canal,1095.03,94.0,1270.0,1390.69
2016-08-09,2016,Perennial,Apple,Himachal Pradesh,Kangra,Rainfed,233.02,140.0,11216.0,2613.55
2021-01-19,2021,Zaid,Coconut,Karnataka,Mysore,Canal,886.06,116.0,13567.0,12021.18
2020-11-03,2020,Rabi,Potato,Punjab,Amritsar,Tube Well,391.17,171.0,24507.0,9586.4
2021-04-08,2021,Rabi,Wheat,Rajasthan,Jaipur,Rainfed,488.59,134.0,2946.0,1439.39
2017-07-19,2017,Rabi,Potato,West Bengal,Darjeeling,Rainfed,451.62,190.0,30126.0,13605.5
2020-12-22,2020,Kharif,Rice,Bihar,Gaya,Rainfed,41.13,128.0,2914.0,119.85
2023-12-06,2023,Kharif,Oilseeds,Madhya Pradesh,Bhopal,Tube Well,336.28,183.0,2567.0,863.23
2022-01-08,2022,Zaid,Coconut,Kerala,Kozhikode,Drip,444.52,128.0,5936.0,2638.67
2016-05-29,2016,Kharif,Pulses,Rajasthan,Udaipur,Tube Well,114.72,134.0,1970.0,226.0
2021-05-22,2021,Kharif,Pulses,Uttar Pradesh,Varanasi,Rainfed,284.03,105.0,1820.0,516.93
2016-06-08,2016,Kharif,Pulses,Maharashtra,Nagpur,Drip,609.67,110.0,1167.0,711.48
2024-06-16,2024,Kharif,Oilseeds,Madhya Pradesh,Bhopal,Rainfed,280.76,190.0,2566.0,720.43
2020-09-17,2020,Perennial,Tea,West Bengal,Darjeeling,Canal,490.41,83.0,2901.0,1422.68
2020-08-08,2020,Zaid,Coconut,Karnataka,Hubli,Drip,512.3,68.0,10297.0,5275.15
2023-09-06,2023,Rabi,Pulses,Madhya Pradesh,Bhopal,Rainfed,120.66,175.0,1323.0,159.63
2021-02-23,2021,Kharif,Pulses,Uttar Pradesh,Varanasi,Canal,279.98,137.0,2812.0,787.3
2021-07-15,2021,Rabi,Potato,Punjab,Patiala,Canal,1273.77,93.0,14722.0,18752.44
2021-09-12,2021,Rabi,Pulses,Madhya Pradesh,Bhopal,Tube Well,138.55,115.0,1368.0,189.54
2023-09-19,2023,Kharif,Maize,Andhra Pradesh,Chittoor,Rainfed,802.44,129.0,5894.0,4729.58
2019-08-16,2019,Rabi,Oilseeds,Rajasthan,Udaipur,Tube Well,298.78,139.0,2160.0,645.36
2019-08-27,2019,Kharif,Maize,Maharashtra,Nashik,Rainfed,1259.03,173.0,6122.0,7707.78
2019-01-13,2019,Rabi,Pulses,Maharashtra,Nagpur,Drip,95.27,109.0,1677.0,159.77
2021-02-22,2021,Rabi,Pulses,Rajasthan,Jaipur,Rainfed,582.97,151.0,1920.0,1119.3
2016-06-02,2016,Kharif,Cotton,Gujarat,Rajkot,Tube Well,594.82,175.0,1364.0,811.33
2015-08-04,2015,Kharif,Rice,Punjab,Amritsar,Canal,17.98,177.0,5125.0,92.15
2024-11-12,2024,Rabi,Oilseeds,Gujarat,Rajkot,Rainfed,323.76,88.0,1981.0,641.37
2017-11-23,2017,Rabi,Wheat,Punjab,Amritsar,Canal,617.47,103.0,3126.0,1930.21
2019-03-24,2019,Perennial,Coffee,Kerala,Ernakulam,Drip,258.21,139.0,907.0,234.2
2021-05-28,2021,Rabi,Oilseeds,Gujarat,Rajkot,Tube Well,441.31,183.0,3543.0,1563.56
2023-04-03,2023,Kharif,Cotton,Andhra Pradesh,Visakhapatnam,Rainfed,1100.84,169.0,1202.0,1323.21
2020-07-20,2020,Kharif,Rice,Uttar Pradesh,Lucknow,Rainfed,547.79,138.0,4409.0,2415.21
2020-02-26,2020,Rabi,Oilseeds,Maharashtra,Mumbai,Tube Well,550.29,198.0,4211.0,2317.27
2017-06-25,2017,Kharif,Pulses,Uttar Pradesh,Varanasi,Rainfed,1144.09,116.0,1903.0,2177.2
2021-12-07,2021,Rabi,Wheat,Uttar Pradesh,Lucknow,Canal,1192.81,176.0,5343.0,6373.18
2019-03-05,2019,Perennial,Apple,Jammu and Kashmir,Srinagar,Rainfed,42.79,173.0,15679.0,670.9
2017-06-19,2017,Rabi,Oilseeds,Madhya Pradesh,Bhopal,Tube Well,566.22,186.0,1952.0,1105.26
2024-03-31,2024,Kharif,Pulses,Maharashtra,Pune,Tube Well,632.52,198.0,2500.0,1581.3
2023-08-05,2023,Rabi,Pulses,Rajasthan,Jaipur,Tube Well,102.36,124.0,2250.0,230.31
2023-02-26,2023,Rabi,Pulses,Rajasthan,Jodhpur,Rainfed,192.65,79.0,938.0,180.71
2020-11-08,2020,Rabi,Pulses,Maharashtra,Mumbai,Tube Well,68.1,119.0,2475.0,168.55
2023-09-06,2023,Perennial,Coffee,Kerala,Thrissur,Rainfed,294.59,178.0,575.0,169.39
2022-09-15,2022,Kharif,Cotton,Gujarat,Surat,Tube Well,313.93,175.0,1075.0,337.47
2018-10-27,2018,Perennial,Coffee,Karnataka,Mysore,Canal,426.49,100.0,688.0,293.43
2019-05-06,2019,Perennial,Tea,Kerala,Kozhikode,Rainfed,468.47,57.0,1629.0,763.14
2024-10-24,2024,Kharif,Maize,Maharashtra,Nagpur,Drip,954.72,126.0,6101.0,5824.75
2015-09-20,2015,Kharif,Oilseeds,Madhya Pradesh,Bhopal,Rainfed,488.23,121.0,2309.0,1127.32
2016-08-26,2016,Kharif,Oilseeds,Madhya Pradesh,Bhopal,Tube Well,545.92,63.0,2989.0,1631.75
2023-02-02,2023,Kharif,Maize,Maharashtra,Mumbai,Tube Well,1126.67,169.0,7554.0,8510.87
2024-04-14,2024,Kharif,Maize,Maharashtra,Mumbai,Drip,1137.23,93.0,7014.0,7976.53
2023-01-14,2023,Rabi,Wheat,Madhya Pradesh,Bhopal,Rainfed,689.97,147.0,2368.0,1633.85
2021-05-26,2021,Kharif,Maize,Andhra Pradesh,Visakhapatnam,Canal,192.27,65.0,5256.0,1010.57
2020-07-15,2020,Kharif,Pulses,Rajasthan,Jodhpur,Rainfed,183.24,179.0,2014.0,369.05
2021-03-28,2021,Perennial,Apple,Jammu and Kashmir,Srinagar,Rainfed,205.91,161.0,12695.0,2614.03
2018-11-14,2018,Kharif,Oilseeds,Rajasthan,Jaipur,Rainfed,257.53,108.0,2372.0,610.86
2023-04-20,2023,Perennial,Apple,Himachal Pradesh,Shimla,Rainfed,74.52,144.0,7772.0,579.17
2016-02-08,2016,Kharif,Oilseeds,Gujarat,Surat,Rainfed,352.42,78.0,1568.0,552.59
2020-11-25,2020,Kharif,Rice,Andhra Pradesh,Visakhapatnam,Tube Well,1170.76,198.0,7254.0,8492.69
2019-10-30,2019,Rabi,Potato,Uttar Pradesh,Kanpur,Tube Well,526.92,169.0,38352.0,20208.44
2021-02-24,2021,Rabi,Oilseeds,Madhya Pradesh,Bhopal,Tube Well,340.94,168.0,1890.0,644.38
2022-02-21,2022,Perennial,Coffee,Kerala,Ernakulam,Rainfed,15.06,73.0,983.0,14.8
2024-09-22,2024,Zaid,Coconut,Karnataka,Bangalore,Drip,794.16,53.0,9965.0,7913.8
2018-08-19,2018,Perennial,Apple,Jammu and Kashmir,Srinagar,Rainfed,171.28,138.0,9988.0,1710.74
2021-03-20,2021,Kharif,Rice,Andhra Pradesh,Chittoor,Canal,132.74,72.0,4274.0,567.33
2024-07-17,2024,Kharif,Rice,Chhattisgarh,Raipur,Rainfed,678.3,167.0,4363.0,2959.42
2020-03-31,2020,Zaid,Coconut,Kerala,Ernakulam,Drip,624.17,112.0,16491.0,10293.19
2021-03-19,2021,Perennial,Sugarcane,Uttar Pradesh,Lucknow,Tube Well,1091.96,101.0,118830.0,129757.61
2018-01-05,2018,Perennial,Sugarcane,Karnataka,Mysore,Tube Well,1054.08,61.0,110192.0,116151.18
2016-01-01,2016,Rabi,Oilseeds,Maharashtra,Mumbai,Rainfed,535.65,199.0,2812.0,1506.25
2019-07-04,2019,Kharif,Rice,Punjab,Ludhiana,Tube Well,1080.61,193.0,3036.0,3280.73
2018-05-24,2018,Zaid,Coconut,Kerala,Thrissur,Drip,172.9,70.0,9781.0,1691.13
2017-08-14,2017,Kharif,Cotton,Telangana,Hyderabad,Rainfed,630.44,100.0,801.0,504.98
2020-12-12,2020,Perennial,Apple,Himachal Pradesh,Shimla,Rainfed,16.9,109.0,13508.0,228.29
2022-08-20,2022,Perennial,Coffee,Kerala,Ernakulam,Rainfed,109.78,95.0,1396.0,153.25
2020-12-19,2020,Rabi,Wheat,Madhya Pradesh,Bhopal,Tube Well,345.95,190.0,4273.0,1478.24
2021-03-17,2021,Zaid,Coconut,Andhra Pradesh,Guntur,Canal,24.39,158.0,9344.0,227.9
2016-08-22,2016,Zaid,Coconut,Andhra Pradesh,Guntur,Tube Well,559.74,193.0,9907.0,5545.34
2017-02-15,2017,Kharif,Cotton,Andhra Pradesh,Visakhapatnam,Rainfed,632.12,181.0,980.0,619.48
2019-06-03,2019,Perennial,Sugarcane,Maharashtra,Mumbai,Drip,811.87,163.0,97695.0,79315.64
2016-02-14,2016,Rabi,Wheat,Bihar,Gaya,Canal,109.38,155.0,5549.0,606.95
2018-02-28,2018,Perennial,Sugarcane,Uttar Pradesh,Varanasi,Canal,279.71,180.0,107250.0,29998.9
2024-10-19,2024,Kharif,Pulses,Madhya Pradesh,Bhopal,Tube Well,494.49,153.0,2757.0,1363.31
2019-09-05,2019,Perennial,Apple,Himachal Pradesh,Shimla,Rainfed,332.51,78.0,5793.0,1926.23
2023-02-22,2023,Kharif,Cotton,Gujarat,Ahmedabad,Tube Well,40.82,147.0,756.0,30.86
2020-08-21,2020,Kharif,Rice,Telangana,Warangal,Canal,490.93,127.0,4895.0,2403.1
2025-08-04,2025,Perennial,Coffee,Tamil Nadu,Coimbatore,Drip,865.63,197.0,2213.0,1915.64
2021-01-09,2021,Kharif,Maize,Madhya Pradesh,Bhopal,Tube Well,64.59,126.0,5381.0,347.56
2021-08-28,2021,Kharif,Rice,Telangana,Nizamabad,Tube Well,377.72,56.0,5252.0,1983.79
2016-01-04,2016,Perennial,Sugarcane,Maharashtra,Pune,Drip,431.2,90.0,96218.0,41489.2
2018-06-28,2018,Perennial,Sugarcane,Maharashtra,Pune,Drip,1188.63,188.0,147776.0,175650.99
2018-06-03,2018,Rabi,Pulses,Madhya Pradesh,Bhopal,Rainfed,156.78,194.0,1313.0,205.85
2024-07-15,2024,Rabi,Pulses,Uttar Pradesh,Kanpur,Rainfed,484.36,159.0,1498.0,725.57
2024-12-30,2024,Rabi,Oilseeds,Gujarat,Surat,Tube Well,1079.15,59.0,1823.0,1967.29
2021-07-06,2021,Kharif,Cotton,Maharashtra,Nagpur,Rainfed,436.54,54.0,519.0,226.56
2025-10-22,2025,Kharif,Pulses,Madhya Pradesh,Bhopal,Rainfed,429.76,122.0,1344.0,577.6
2016-08-19,2016,Rabi,Pulses,Uttar Pradesh,Lucknow,Canal,59.22,200.0,1875.0,111.04
2016-10-04,2016,Zaid,Coconut,Karnataka,Belgaum,Tube Well,1083.54,180.0,14921.0,16167.5
2022-12-11,2022,Zaid,Coconut,Tamil Nadu,Chennai,Tube Well,909.19,190.0,14692.0,13357.82
2021-03-31,2021,Zaid,Coconut,Andhra Pradesh,Guntur,Rainfed,764.94,144.0,7344.0,5617.72
2021-05-10,2021,Kharif,Oilseeds,Madhya Pradesh,Bhopal,Rainfed,58.0,179.0,3379.0,195.98
2022-01-22,2022,Rabi,Wheat,Punjab,Patiala,Tube Well,121.56,98.0,4976.0,604.88
2022-03-27,2022,Kharif,Pulses,Rajasthan,Jodhpur,Tube Well,386.03,54.0,2204.0,850.81
2022-08-11,2022,Rabi,Pulses,Maharashtra,Nashik,Drip,377.73,188.0,2399.0,906.17
2024-06-20,2024,Rabi,Oilseeds,Madhya Pradesh,Bhopal,Rainfed,502.0,83.0,1751.0,879.0
2017-02-03,2017,Perennial,Coffee,Tamil Nadu,Chennai,Tube Well,662.03,159.0,1139.0,754.05
2025-08-16,2025,Kharif,Maize,Telangana,Hyderabad,Canal,756.4,149.0,4378.0,3311.52
2022-10-01,2022,Kharif,Rice,Bihar,Muzaffarpur,Tube Well,288.56,74.0,4695.0,1354.79
2021-03-13,2021,Kharif,Rice,Andhra Pradesh,Guntur,Canal,697.66,79.0,4646.0,3241.33
2018-09-25,2018,Zaid,Coconut,Andhra Pradesh,Chittoor,Canal,935.06,99.0,11910.0,11136.56
2019-09-15,2019,Rabi,Oilseeds,Madhya Pradesh,Bhopal,Rainfed,397.71,164.0,2378.0,945.75
2016-08-01,2016,Kharif,Rice,Odisha,Bhubaneswar,Rainfed,749.27,56.0,2198.0,1646.9
2022-09-17,2022,Kharif,Cotton,Andhra Pradesh,Chittoor,Canal,166.22,111.0,1288.0,214.09
2023-04-20,2023,Zaid,Coconut,Karnataka,Belgaum,Tube Well,809.95,150.0,9499.0,7693.72
2020-12-05,2020,Kharif,Maize,Madhya Pradesh,Bhopal,Rainfed,754.96,76.0,4307.0,3251.61
2022-10-30,2022,Perennial,Sugarcane,Uttar Pradesh,Varanasi,Canal,504.51,68.0,84889.0,42827.35
2015-06-15,2015,Zaid,Coconut,Kerala,Thrissur,Rainfed,299.41,109.0,4202.0,1258.12
2025-04-28,2025,Kharif,Oilseeds,Maharashtra,Nagpur,Rainfed,117.78,93.0,2691.0,316.95
2017-03-20,2017,Kharif,Maize,Madhya Pradesh,Bhopal,Tube Well,516.78,147.0,4732.0,2445.4
2024-02-16,2024,Perennial,Sugarcane,Maharashtra,Pune,Drip,722.66,195.0,127563.0,92184.68
2018-08-26,2018,Kharif,Maize,Maharashtra,Mumbai,Rainfed,62.05,51.0,5095.0,316.14
2021-09-29,2021,Kharif,Maize,Andhra Pradesh,Guntur,Tube Well,905.13,185.0,5351.0,4843.35
2024-09-09,2024,Perennial,Apple,Jammu and Kashmir,Srinagar,Rainfed,333.42,115.0,9275.0,3092.47
2018-05-10,2018,Perennial,Tea,Assam,Dibrugarh,Rainfed,726.62,150.0,1692.0,1229.44
2015-06-04,2015,Perennial,Apple,Himachal Pradesh,Shimla,Rainfed,277.41,178.0,6661.0,1847.83
2023-08-10,2023,Zaid,Coconut,Andhra Pradesh,Visakhapatnam,Rainfed,548.57,136.0,7793.0,4275.01
2024-08-20,2024,Kharif,Pulses,Uttar Pradesh,Varanasi,Rainfed,1315.44,65.0,1275.0,1677.19
2017-11-12,2017,Kharif,Rice,Andhra Pradesh,Guntur,Canal,484.45,71.0,2601.0,1260.05
2019-04-30,2019,Zaid,Coconut,Andhra Pradesh,Chittoor,Canal,789.98,168.0,11725.0,9262.52
2020-04-08,2020,Rabi,Oilseeds,Rajasthan,Udaipur,Tube Well,434.6,84.0,1459.0,634.08
2018-07-20,2018,Rabi,Oilseeds,Madhya Pradesh,Bhopal,Tube Well,304.01,135.0,3747.0,1139.13
2025-07-30,2025,Perennial,Sugarcane,Karnataka,Mysore,Tube Well,104.71,114.0,107029.0,11207.01
2021-09-09,2021,Kharif,Maize,Madhya Pradesh,Bhopal,Rainfed,26.92,96.0,3115.0,83.86
2019-06-16,2019,Rabi,Oilseeds,Gujarat,Vadodara,Tube Well,519.6,168.0,3773.0,1960.45
2019-03-17,2019,Kharif,Rice,Telangana,Nizamabad,Tube Well,438.27,160.0,4328.0,1896.83
2025-03-18,2025,Rabi,Oilseeds,Maharashtra,Nashik,Drip,1071.25,147.0,2166.0,2320.33
2025-04-01,2025,Kharif,Maize,Madhya Pradesh,Bhopal,Tube Well,337.39,106.0,4811.0,1623.18
2022-01-28,2022,Kharif,Rice,Telangana,Nizamabad,Rainfed,260.23,84.0,3646.0,948.8
2023-02-05,2023,Kharif,Pulses,Madhya Pradesh,Bhopal,Rainfed,375.06,127.0,933.0,349.93
2025-02-04,2025,Rabi,Pulses,Madhya Pradesh,Bhopal,Tube Well,198.01,173.0,1247.0,246.92
2021-11-25,2021,Zaid,Coconut,Andhra Pradesh,Chittoor,Tube Well,118.72,136.0,12157.0,1443.28
2019-05-25,2019,Rabi,Oilseeds,Rajasthan,Jodhpur,Rainfed,88.0,196.0,3446.0,303.25
2025-06-18,2025,Perennial,Tea,West Bengal,Darjeeling,Canal,357.88,52.0,2078.0,743.67
2022-12-23,2022,Kharif,Oilseeds,Rajasthan,Jodhpur,Rainfed,18.75,200.0,2137.0,40.07
2017-06-28,2017,Kharif,Cotton,Maharashtra,Pune,Tube Well,294.06,154.0,1608.0,472.85
2017-01-16,2017,Perennial,Sugarcane,Karnataka,Belgaum,Drip,868.4,175.0,96952.0,84193.12
2017-01-13,2017,Kharif,Cotton,Gujarat,Rajkot,Rainfed,289.19,100.0,587.0,169.75
2024-05-20,2024,Perennial,Coffee,Tamil Nadu,Chennai,Canal,130.7,126.0,1942.0,253.82
2019-08-27,2019,Kharif,Cotton,Gujarat,Surat,Tube Well,1139.41,170.0,1308.0,1490.35
2022-11-26,2022,Perennial,Tea,Assam,Kamrup,Rainfed,501.75,164.0,1194.0,599.09
2015-06-16,2015,Kharif,Oilseeds,Rajasthan,Jaipur,Tube Well,51.42,100.0,2970.0,152.72
2017-09-19,2017,Perennial,Sugarcane,Tamil Nadu,Chennai,Canal,77.85,99.0,119904.0,9334.53
2018-10-04,2018,Rabi,Wheat,Rajasthan,Jaipur,Tube Well,432.36,149.0,3510.0,1517.58
2018-09-06,2018,Perennial,Tea,West Bengal,Kolkata,Canal,598.74,190.0,2418.0,1447.75
2022-10-20,2022,Kharif,Maize,Bihar,Purnia,Tube Well,77.69,116.0,4677.0,363.36
2025-02-18,2025,Rabi,Wheat,Haryana,Gurgaon,Canal,321.8,103.0,4336.0,1395.32
2021-01-04,2021,Perennial,Coffee,Karnataka,Hubli,Tube Well,1022.66,184.0,1698.0,1736.48
2022-05-30,2022,Rabi,Pulses,Uttar Pradesh,Lucknow,Canal,862.3,152.0,1275.0,1099.43
2024-11-20,2024,Rabi,Pulses,Uttar Pradesh,Varanasi,Rainfed,666.08,108.0,1620.0,1079.05
2017-10-03,2017,Rabi,Oilseeds,Gujarat,Ahmedabad,Rainfed,307.68,59.0,2123.0,653.2
2017-07-05,2017,Rabi,Pulses,Rajasthan,Jodhpur,Rainfed,102.25,158.0,922.0,94.27
2016-02-13,2016,Rabi,Oilseeds,Gujarat,Ahmedabad,Tube Well,489.13,103.0,2685.0,1313.31
2019-12-07,2019,Rabi,Pulses,Rajasthan,Jaipur,Tube Well,646.43,61.0,1806.0,1167.45
2025-06-30,2025,Perennial,Apple,Jammu and Kashmir,Srinagar,Rainfed,29.0,142.0,9912.0,287.45
2016-06-30,2016,Kharif,Pulses,Rajasthan,Jodhpur,Rainfed,693.78,98.0,1856.0,1287.66
2025-01-16,2025,Kharif,Pulses,Madhya Pradesh,Bhopal,Rainfed,174.17,101.0,1184.0,206.22
2022-04-07,2022,Perennial,Apple,Jammu and Kashmir,Srinagar,Rainfed,169.42,122.0,5840.0,989.41
2024-01-05,2024,Perennial,Sugarcane,Uttar Pradesh,Varanasi,Tube Well,77.13,158.0,116896.0,9016.19
2021-05-03,2021,Rabi,Wheat,Punjab,Ludhiana,Tube Well,881.33,91.0,3995.0,3520.91
2018-02-28,2018,Rabi,Pulses,Madhya Pradesh,Bhopal,Tube Well,392.01,62.0,2340.0,917.3
2020-11-09,2020,Kharif,Cotton,Gujarat,Ahmedabad,Rainfed,803.38,114.0,594.0,477.21
2016-08-15,2016,Kharif,Pulses,Uttar Pradesh,Kanpur,Rainfed,818.59,58.0,1165.0,953.66
2020-05-26,2020,Rabi,Wheat,Madhya Pradesh,Bhopal,Rainfed,324.56,155.0,3182.0,1032.75
2017-10-20,2017,Kharif,Maize,Telangana,Nizamabad,Rainfed,666.6,194.0,6474.0,4315.57
2017-08-28,2017,Rabi,Wheat,Madhya Pradesh,Bhopal,Rainfed,29.77,149.0,3050.0,90.8
2018-04-17,2018,Kharif,Pulses,Madhya Pradesh,Bhopal,Tube Well,437.41,91.0,2148.0,939.56
2022-10-12,2022,Perennial,Sugarcane,Tamil Nadu,Coimbatore,Tube Well,134.13,77.0,70117.0,9404.79
2021-11-27,2021,Perennial,Tea,Kerala,Ernakulam,Drip,354.45,85.0,2160.0,765.61
2017-07-20,2017,Rabi,Wheat,Bihar,Purnia,Tube Well,793.21,83.0,2832.0,2246.37
2025-01-28,2025,Rabi,Pulses,Rajasthan,Udaipur,Rainfed,108.3,97.0,1910.0,206.85
2019-04-29,2019,Kharif,Maize,Maharashtra,Pune,Tube Well,1217.2,65.0,4185.0,5093.98
2024-10-24,2024,Perennial,Coffee,Tamil Nadu,Coimbatore,Tube Well,978.47,184.0,1340.0,1311.15
2022-10-24,2022,Rabi,Potato,West Bengal,Kolkata,Rainfed,462.25,183.0,13269.0,6133.6
2016-05-13,2016,Kharif,Rice,Assam,Dibrugarh,Rainfed,14.72,142.0,5077.0,74.73
2018-06-17,2018,Perennial,Apple,Himachal Pradesh,Kangra,Rainfed,396.97,59.0,10296.0,4087.2
2017-10-14,2017,Perennial,Coffee,Kerala,Kozhikode,Rainfed,705.91,171.0,1635.0,1154.16
2016-07-23,2016,Perennial,Apple,Jammu and Kashmir,Srinagar,Rainfed,78.15,59.0,4968.0,388.25
2022-09-02,2022,Zaid,Coconut,Tamil Nadu,Coimbatore,Canal,1008.65,66.0,6687.0,6744.84
2025-03-01,2025,Rabi,Potato,Bihar,Muzaffarpur,Rainfed,914.96,99.0,17393.0,15913.9
2021-07-05,2021,Rabi,Pulses,Madhya Pradesh,Bhopal,Tube Well,382.32,115.0,2009.0,768.08
2024-07-12,2024,Perennial,Tea,Kerala,Kozhikode,Rainfed,640.45,103.0,1487.0,952.35
2023-08-15,2023,Perennial,Coffee,Tamil Nadu,Madurai,Canal,494.99,75.0,1527.0,755.85
2020-10-04,2020,Kharif,Pulses,Rajasthan,Udaipur,Tube Well,399.19,67.0,1187.0,473.84
2021-08-12,2021,Kharif,Oilseeds,Gujarat,Rajkot,Rainfed,390.61,179.0,2492.0,973.4
2019-02-11,2019,Kharif,Pulses,Uttar Pradesh,Varanasi,Tube Well,247.61,104.0,1628.0,403.11
2022-11-24,2022,Perennial,Apple,Himachal Pradesh,Kangra,Rainfed,375.8,83.0,9673.0,3635.11
2022-09-22,2022,Perennial,Sugarcane,Karnataka,Mysore,Tube Well,11.52,123.0,103431.0,1191.53
2023-11-20,2023,Kharif,Pulses,Madhya Pradesh,Bhopal,Tube Well,467.85,56.0,1015.0,474.87
2017-08-31,2017,Rabi,Wheat,Punjab,Patiala,Tube Well,1298.38,140.0,5222.0,6780.14
2017-05-18,2017,Kharif,Oilseeds,Rajasthan,Jodhpur,Tube Well,162.68,87.0,3177.0,516.83
2021-06-15,2021,Perennial,Sugarcane,Tamil Nadu,Madurai,Drip,372.86,140.0,106381.0,39665.22
2022-03-31,2022,Perennial,Tea,Assam,Tinsukia,Rainfed,474.11,142.0,1941.0,920.25
2015-09-24,2015,Perennial,Sugarcane,Maharashtra,Mumbai,Rainfed,328.46,171.0,57708.0,18954.77
2019-10-09,2019,Rabi,Pulses,Uttar Pradesh,Varanasi,Tube Well,1272.76,84.0,1716.0,2184.06
2023-03-17,2023,Rabi,Potato,West Bengal,Kolkata,Rainfed,409.6,120.0,19008.0,7785.68
2024-07-21,2024,Kharif,Rice,Uttar Pradesh,Lucknow,Canal,876.6,194.0,4828.0,4232.22
2019-02-16,2019,Kharif,Oilseeds,Madhya Pradesh,Bhopal,Rainfed,188.64,159.0,2884.0,544.04
2017-10-19,2017,Perennial,Sugarcane,Uttar Pradesh,Varanasi,Canal,71.67,196.0,91623.0,6566.62
2025-07-18,2025,Perennial,Apple,Jammu and Kashmir,Srinagar,Rainfed,77.74,189.0,7779.0,604.74
2020-07-30,2020,Perennial,Tea,Kerala,Thrissur,Rainfed,46.5,142.0,1899.0,88.3
2021-11-02,2021,Perennial,Apple,Jammu and Kashmir,Srinagar,Rainfed,192.76,90.0,11539.0,2224.26
2017-05-18,2017,Rabi,Oilseeds,Maharashtra,Nagpur,Drip,766.76,164.0,1604.0,1229.88
2025-03-30,2025,Zaid,Coconut,Karnataka,Mysore,Canal,58.7,155.0,12148.0,713.09
2018-06-24,2018,Perennial,Apple,Jammu and Kashmir,Srinagar,Rainfed,45.29,138.0,8453.0,382.84
2017-11-25,2017,Perennial,Apple,Himachal Pradesh,Mandi,Rainfed,247.91,155.0,13687.0,3393.14
2019-04-25,2019,Kharif,Rice,Telangana,Nizamabad,Rainfed,721.27,142.0,3630.0,2618.21
2015-11-28,2015,Rabi,Wheat,Uttar Pradesh,Kanpur,Rainfed,945.73,128.0,3816.0,3608.91
2016-01-06,2016,Kharif,Oilseeds,Rajasthan,Jodhpur,Rainfed,82.25,112.0,1815.0,149.28
2016-02-10,2016,Perennial,Apple,Himachal Pradesh,Mandi,Rainfed,444.9,57.0,12111.0,5388.18
2020-04-25,2020,Rabi,Oilseeds,Rajasthan,Jaipur,Tube Well,643.04,180.0,3525.0,2266.72
2020-05-03,2020,Kharif,Cotton,Andhra Pradesh,Visakhapatnam,Canal,396.7,180.0,1607.0,637.5
2022-03-07,2022,Rabi,Potato,Uttar Pradesh,Lucknow,Canal,927.87,139.0,37105.0,34428.62
2020-08-25,2020,Rabi,Pulses,Uttar Pradesh,Lucknow,Tube Well,743.57,90.0,1718.0,1277.45
2019-12-31,2019,Kharif,Oilseeds,Madhya Pradesh,Bhopal,Tube Well,754.2,54.0,2013.0,1518.2
2017-07-31,2017,Kharif,Oilseeds,Madhya Pradesh,Bhopal,Tube Well,411.91,50.0,2910.0,1198.66
2018-06-20,2018,Rabi,Oilseeds,Gujarat,Ahmedabad,Rainfed,1152.36,61.0,1585.0,1826.49
2019-06-02,2019,Rabi,Potato,West Bengal,Kolkata,Rainfed,227.28,104.0,11755.0,2671.68
2024-10-24,2024,Zaid,Coconut,Karnataka,Mysore,Tube Well,386.64,78.0,13201.0,5104.03
2018-02-11,2018,Rabi,Potato,Punjab,Ludhiana,Canal,1174.2,90.0,23255.0,27306.02
2015-11-13,2015,Perennial,Tea,West Bengal,Darjeeling,Rainfed,864.14,155.0,1306.0,1128.57
2019-06-13,2019,Rabi,Oilseeds,Maharashtra,Pune,Drip,954.52,194.0,3692.0,3524.09
2022-05-13,2022,Rabi,Wheat,Uttar Pradesh,Kanpur,Canal,1290.82,81.0,4817.0,6217.88
2018-08-23,2018,Perennial,Apple,Jammu and Kashmir,Srinagar,Rainfed,283.99,120.0,13964.0,3965.64
2016-10-16,2016,Rabi,Oilseeds,Rajasthan,Jaipur,Tube Well,448.9,199.0,3148.0,1413.14
2016-10-23,2016,Kharif,Cotton,Gujarat,Ahmedabad,Rainfed,556.12,190.0,542.0,301.42
2022-06-16,2022,Kharif,Maize,Telangana,Warangal,Canal,425.71,103.0,6755.0,2875.67
2016-07-04,2016,Zaid,Coconut,Karnataka,Mysore,Drip,452.72,98.0,12153.0,5501.91
2021-02-13,2021,Rabi,Wheat,Madhya Pradesh,Bhopal,Tube Well,499.97,86.0,2984.0,1491.91
2019-08-04,2019,Zaid,Coconut,Tamil Nadu,Madurai,Drip,453.26,73.0,14650.0,6640.26
2021-01-16,2021,Kharif,Rice,Tamil Nadu,Chennai,Tube Well,170.77,119.0,2958.0,505.14
2019-07-30,2019,Kharif,Pulses,Maharashtra,Pune,Tube Well,147.42,101.0,1581.0,233.07
2025-10-22,2025,Kharif,Maize,Karnataka,Hubli,Canal,1017.67,162.0,4823.0,4908.22
2019-10-01,2019,Kharif,Oilseeds,Maharashtra,Nashik,Tube Well,41.91,86.0,3481.0,145.89
2022-12-22,2022,Rabi,Pulses,Maharashtra,Mumbai,Rainfed,146.05,160.0,925.0,135.1
2022-03-23,2022,Kharif,Rice,Uttar Pradesh,Kanpur,Rainfed,673.5,93.0,3203.0,2157.22
2020-02-23,2020,Rabi,Pulses,Madhya Pradesh,Bhopal,Rainfed,217.71,139.0,1945.0,423.45
2022-10-10,2022,Perennial,Coffee,Kerala,Ernakulam,Drip,330.62,146.0,1120.0,370.29
2020-03-27,2020,Kharif,Rice,Chhattisgarh,Raipur,Rainfed,91.04,151.0,2504.0,227.96
2021-04-14,2021,Rabi,Potato,West Bengal,Kolkata,Canal,152.69,76.0,15831.0,2417.24
2023-11-13,2023,Zaid,Coconut,Tamil Nadu,Coimbatore,Canal,882.72,92.0,9417.0,8312.57
2018-11-20,2018,Kharif,Pulses,Uttar Pradesh,Kanpur,Tube Well,1141.07,87.0,1623.0,1851.96
2024-12-09,2024,Rabi,Pulses,Maharashtra,Pune,Drip,144.49,136.0,2434.0,351.69
2020-09-11,2020,Perennial,Apple,Jammu and Kashmir,Srinagar,Rainfed,270.44,61.0,6787.0,1835.48
2017-11-12,2017,Perennial,Coffee,Karnataka,Mysore,Drip,674.15,128.0,1737.0,1171.0
2023-05-02,2023,Kharif,Oilseeds,Maharashtra,Nashik,Tube Well,930.24,63.0,3537.0,3290.26
2022-02-26,2022,Perennial,Tea,Kerala,Thrissur,Rainfed,384.81,101.0,2278.0,876.6
2015-12-19,2015,Rabi,Potato,Uttar Pradesh,Lucknow,Rainfed,412.28,153.0,24651.0,10163.11
2016-09-04,2016,Kharif,Oilseeds,Gujarat,Vadodara,Tube Well,799.78,112.0,3722.0,2976.78
2023-01-20,2023,Rabi,Potato,Bihar,Gaya,Canal,377.64,92.0,38793.0,14649.79
2015-12-02,2015,Perennial,Coffee,Karnataka,Belgaum,Canal,248.66,142.0,1521.0,378.21
2019-08-13,2019,Rabi,Oilseeds,Madhya Pradesh,Bhopal,Rainfed,332.82,161.0,1702.0,566.46
2018-07-20,2018,Kharif,Rice,Odisha,Bhubaneswar,Canal,689.31,88.0,6127.0,4223.4
2016-10-24,2016,Rabi,Pulses,Madhya Pradesh,Bhopal,Tube Well,385.88,95.0,2273.0,877.11
2025-06-21,2025,Kharif,Cotton,Gujarat,Surat,Tube Well,366.84,146.0,641.0,235.14
2021-12-19,2021,Kharif,Maize,Maharashtra,Nashik,Tube Well,1083.11,195.0,8618.0,9334.24
2015-12-10,2015,Kharif,Pulses,Rajasthan,Udaipur,Tube Well,618.33,82.0,1517.0,938.01
2019-05-10,2019,Kharif,Rice,Bihar,Gaya,Tube Well,438.92,148.0,4080.0,1790.79
2019-04-01,2019,Kharif,Pulses,Rajasthan,Udaipur,Tube Well,268.53,186.0,1773.0,476.1
2025-02-02,2025,Kharif,Pulses,Uttar Pradesh,Varanasi,Rainfed,922.92,119.0,1213.0,1119.5
2017-11-25,2017,Rabi,Pulses,Rajasthan,Jodhpur,Tube Well,50.0,98.0,1789.0,89.45
2020-01-10,2020,Kharif,Pulses,Maharashtra,Nashik,Drip,901.81,150.0,2244.0,2023.66
2024-03-22,2024,Kharif,Pulses,Uttar Pradesh,Varanasi,Rainfed,1175.61,55.0,1191.0,1400.15
2021-11-30,2021,Perennial,Coffee,Kerala,Ernakulam,Rainfed,323.98,104.0,910.0,294.82
2018-02-05,2018,Rabi,Oilseeds,Maharashtra,Pune,Tube Well,235.25,89.0,3068.0,721.75
2018-04-08,2018,Rabi,Wheat,Madhya Pradesh,Bhopal,Tube Well,32.77,84.0,2464.0,80.75
2017-03-14,2017,Kharif,Maize,Andhra Pradesh,Visakhapatnam,Canal,768.32,77.0,7387.0,5675.58
2022-02-19,2022,Kharif,Cotton,Maharashtra,Nashik,Tube Well,357.0,161.0,1365.0,487.3
2021-10-20,2021,Kharif,Pulses,Maharashtra,Pune,Tube Well,608.42,193.0,2438.0,1483.33
2020-09-03,2020,Kharif,Cotton,Gujarat,Vadodara,Rainfed,469.76,108.0,741.0,348.09
2017-09-28,2017,Kharif,Maize,Madhya Pradesh,Bhopal,Tube Well,148.16,57.0,6877.0,1018.9
2015-09-19,2015,Kharif,Pulses,Uttar Pradesh,Kanpur,Tube Well,767.47,158.0,1119.0,858.8
2017-02-09,2017,Kharif,Maize,Maharashtra,Nagpur,Drip,602.88,131.0,4691.0,2828.11
2017-08-01,2017,Kharif,Pulses,Madhya Pradesh,Bhopal,Tube Well,503.08,159.0,2472.0,1243.61
2021-07-29,2021,Rabi,Pulses,Maharashtra,Nashik,Drip,334.93,147.0,2517.0,843.02
2023-11-11,2023,Kharif,Rice,Uttar Pradesh,Kanpur,Rainfed,329.81,186.0,3222.0,1062.65
2018-08-01,2018,Kharif,Oilseeds,Gujarat,Vadodara,Rainfed,979.07,71.0,2053.0,2010.03
2017-06-10,2017,Rabi,Wheat,Bihar,Gaya,Tube Well,705.17,75.0,3700.0,2609.13
2023-01-26,2023,Rabi,Potato,Bihar,Muzaffarpur,Rainfed,774.48,101.0,20374.0,15779.26
2024-10-05,2024,Kharif,Rice,West Bengal,Howrah,Canal,144.39,124.0,5217.0,753.28
2022-08-08,2022,Zaid,Coconut,Tamil Nadu,Chennai,Drip,254.2,189.0,19090.0,4852.68
2019-06-02,2019,Rabi,Oilseeds,Rajasthan,Udaipur,Tube Well,407.12,186.0,4351.0,1771.38
2020-10-09,2020,Kharif,Rice,West Bengal,Kolkata,Rainfed,944.35,181.0,5617.0,5304.41
2021-06-19,2021,Perennial,Apple,Jammu and Kashmir,Srinagar,Rainfed,357.92,83.0,10061.0,3601.03
2022-04-07,2022,Perennial,Sugarcane,Karnataka,Mysore,Drip,916.78,159.0,100340.0,91989.71
2016-03-23,2016,Kharif,Rice,Punjab,Amritsar,Tube Well,74.66,108.0,4723.0,352.62
2019-11-16,2019,Kharif,Cotton,Gujarat,Ahmedabad,Rainfed,986.85,190.0,1035.0,1021.39
2016-07-22,2016,Perennial,Sugarcane,Tamil Nadu,Madurai,Tube Well,990.01,82.0,80234.0,79432.46
2018-05-31,2018,Zaid,Coconut,Andhra Pradesh,Guntur,Rainfed,77.53,71.0,8499.0,658.93
2017-09-09,2017,Kharif,Oilseeds,Madhya Pradesh,Bhopal,Tube Well,338.86,176.0,3231.0,1094.86
2025-03-08,2025,Kharif,Rice,Andhra Pradesh,Krishna,Tube Well,648.57,158.0,6587.0,4272.13
2017-01-30,2017,Kharif,Oilseeds,Rajasthan,Udaipur,Rainfed,170.6,173.0,1654.0,282.17
2015-11-16,2015,Rabi,Wheat,Bihar,Muzaffarpur,Tube Well,521.52,74.0,4092.0,2134.06
2025-03-08,2025,Rabi,Pulses,Maharashtra,Mumbai,Drip,1152.88,183.0,2122.0,2446.41
2024-01-14,2024,Kharif,Cotton,Gujarat,Surat,Tube Well,1041.66,152.0,698.0,727.08
2019-08-01,2019,Rabi,Oilseeds,Maharashtra,Nagpur,Rainfed,1222.39,148.0,1757.0,2147.74
2015-05-11,2015,Zaid,Coconut,Tamil Nadu,Chennai,Canal,537.68,137.0,6281.0,3377.17
2016-02-25,2016,Kharif,Rice,Chhattisgarh,Raipur,Rainfed,293.29,165.0,3275.0,960.52
2016-03-13,2016,Kharif,Oilseeds,Madhya Pradesh,Bhopal,Tube Well,535.97,112.0,1471.0,788.41
2015-05-05,2015,Zaid,Coconut,Karnataka,Bangalore,Canal,464.27,70.0,14232.0,6607.49
2017-05-29,2017,Perennial,Tea,West Bengal,Kolkata,Rainfed,55.72,131.0,1205.0,67.14
2016-01-07,2016,Rabi,Oilseeds,Rajasthan,Udaipur,Tube Well,506.75,162.0,3709.0,1879.54
2019-03-01,2019,Rabi,Oilseeds,Madhya Pradesh,Bhopal,Tube Well,231.98,73.0,3383.0,784.79
2023-12-22,2023,Kharif,Oilseeds,Maharashtra,Nashik,Rainfed,73.32,84.0,1860.0,136.38
2024-02-14,2024,Rabi,Wheat,Bihar,Patna,Canal,30.41,154.0,3056.0,92.93
2019-09-03,2019,Rabi,Wheat,Rajasthan,Jodhpur,Rainfed,652.64,90.0,3102.0,2024.49
2018-01-29,2018,Kharif,Oilseeds,Gujarat,Ahmedabad,Rainfed,309.97,75.0,1389.0,430.55
2024-04-13,2024,Kharif,Maize,Telangana,Hyderabad,Canal,408.63,183.0,5363.0,2191.48
2024-12-10,2024,Kharif,Maize,Maharashtra,Nagpur,Rainfed,1236.24,74.0,4433.0,5480.25
2016-10-20,2016,Kharif,Pulses,Maharashtra,Mumbai,Drip,613.1,102.0,1694.0,1038.59
2025-04-17,2025,Kharif,Rice,Odisha,Bhubaneswar,Canal,79.96,114.0,5673.0,453.61
2025-08-01,2025,Kharif,Cotton,Telangana,Warangal,Canal,501.22,121.0,1196.0,599.46
2023-04-24,2023,Kharif,Pulses,Maharashtra,Pune,Tube Well,123.78,104.0,2287.0,283.08
2018-06-30,2018,Kharif,Maize,Madhya Pradesh,Bhopal,Rainfed,85.12,187.0,3641.0,309.92
2017-06-04,2017,Perennial,Coffee,Karnataka,Belgaum,Canal,938.11,149.0,1057.0,991.58
2023-08-12,2023,Rabi,Pulses,Rajasthan,Udaipur,Tube Well,209.7,104.0,1886.0,395.49
2022-08-05,2022,Rabi,Potato,Bihar,Patna,Tube Well,681.88,104.0,35179.0,23987.86
2020-08-08,2020,Zaid,Coconut,Tamil Nadu,Coimbatore,Tube Well,564.73,125.0,13896.0,7847.49
2017-12-14,2017,Rabi,Potato,West Bengal,Darjeeling,Canal,252.34,55.0,28592.0,7214.91
2022-04-30,2022,Kharif,Maize,Bihar,Gaya,Tube Well,522.64,189.0,6940.0,3627.12
2018-05-14,2018,Rabi,Potato,Punjab,Patiala,Canal,112.8,83.0,28947.0,3265.22
2016-02-28,2016,Rabi,Pulses,Uttar Pradesh,Lucknow,Canal,527.35,155.0,1534.0,808.95
2020-06-20,2020,Zaid,Coconut,Karnataka,Belgaum,Drip,579.89,167.0,13515.0,7837.21
2025-01-14,2025,Rabi,Wheat,Bihar,Gaya,Rainfed,236.11,174.0,3356.0,792.39
2016-09-30,2016,Kharif,Oilseeds,Rajasthan,Udaipur,Tube Well,465.53,75.0,2136.0,994.37
2024-04-06,2024,Kharif,Rice,Tamil Nadu,Coimbatore,Tube Well,66.47,131.0,6231.0,414.17
2025-08-31,2025,Kharif,Maize,Telangana,Hyderabad,Canal,441.48,63.0,6757.0,2983.08
2021-08-26,2021,Rabi,Oilseeds,Rajasthan,Jodhpur,Rainfed,503.35,171.0,1289.0,648.82
2024-05-06,2024,Rabi,Wheat,Haryana,Faridabad,Canal,607.63,123.0,5462.0,3318.88
2024-11-25,2024,Kharif,Pulses,Rajasthan,Jaipur,Tube Well,613.46,74.0,1297.0,795.66
2016-03-16,2016,Perennial,Tea,Assam,Kamrup,Rainfed,509.43,158.0,1448.0,737.65
2017-02-04,2017,Rabi,Pulses,Rajasthan,Udaipur,Rainfed,671.36,100.0,1913.0,1284.31
2017-02-01,2017,Kharif,Pulses,Uttar Pradesh,Varanasi,Canal,433.34,67.0,1655.0,717.18
2019-01-08,2019,Kharif,Pulses,Rajasthan,Jodhpur,Tube Well,657.76,119.0,2312.0,1520.74
2024-12-01,2024,Kharif,Oilseeds,Rajasthan,Jaipur,Tube Well,428.71,85.0,1940.0,831.7
2019-12-16,2019,Kharif,Pulses,Rajasthan,Udaipur,Tube Well,524.17,193.0,2733.0,1432.56
2017-12-03,2017,Kharif,Pulses,Maharashtra,Nagpur,Drip,1173.79,104.0,2491.0,2923.91
2024-01-28,2024,Kharif,Rice,Telangana,Hyderabad,Tube Well,500.57,136.0,4796.0,2400.73
2022-09-08,2022,Kharif,Pulses,Madhya Pradesh,Bhopal,Rainfed,691.12,192.0,1902.0,1314.51
2015-06-06,2015,Kharif,Cotton,Gujarat,Surat,Tube Well,654.62,109.0,1506.0,985.86
2016-11-11,2016,Perennial,Coffee,Kerala,Kozhikode,Drip,483.37,104.0,1319.0,637.57
2023-06-21,2023,Kharif,Oilseeds,Maharashtra,Mumbai,Rainfed,584.18,74.0,1875.0,1095.34
2022-03-07,2022,Rabi,Oilseeds,Madhya Pradesh,Bhopal,Rainfed,125.05,191.0,2822.0,352.89
2020-05-01,2020,Rabi,Oilseeds,Madhya Pradesh,Bhopal,Rainfed,447.27,170.0,1979.0,885.15
2022-10-29,2022,Perennial,Sugarcane,Maharashtra,Mumbai,Drip,1270.91,83.0,130667.0,166066.0
2022-07-20,2022,Kharif,Oilseeds,Gujarat,Surat,Rainfed,946.75,100.0,1070.0,1013.02
2015-09-07,2015,Kharif,Pulses,Uttar Pradesh,Varanasi,Tube Well,1123.77,187.0,1881.0,2113.81
2016-06-09,2016,Perennial,Tea,West Bengal,Howrah,Canal,711.21,131.0,2887.0,2053.26
2021-02-19,2021,Perennial,Coffee,Kerala,Ernakulam,Drip,284.85,133.0,1355.0,385.97
2018-03-26,2018,Perennial,Sugarcane,Tamil Nadu,Chennai,Tube Well,194.88,147.0,86454.0,16848.16
2020-01-15,2020,Kharif,Oilseeds,Gujarat,Surat,Rainfed,277.22,164.0,2019.0,559.71
2018-07-13,2018,Kharif,Oilseeds,Gujarat,Vadodara,Rainfed,17.52,191.0,3188.0,55.85
2016-11-30,2016,Rabi,Oilseeds,Maharashtra,Mumbai,Drip,878.79,170.0,3246.0,2852.55
2017-02-08,2017,Perennial,Sugarcane,Tamil Nadu,Chennai,Canal,894.95,190.0,102536.0,91764.59
2020-10-31,2020,Rabi,Potato,West Bengal,Darjeeling,Rainfed,303.11,173.0,26275.0,7964.22
2024-03-29,2024,Rabi,Pulses,Rajasthan,Jodhpur,Rainfed,73.38,57.0,1400.0,102.73
2019-08-24,2019,Kharif,Oilseeds,Maharashtra,Nagpur,Rainfed,443.09,68.0,1978.0,876.43
2023-03-06,2023,Zaid,Coconut,Andhra Pradesh,Guntur,Rainfed,357.54,183.0,8123.0,2904.3
2024-05-29,2024,Kharif,Oilseeds,Rajasthan,Jodhpur,Rainfed,321.1,54.0,1038.0,333.3
2023-01-22,2023,Kharif,Oilseeds,Rajasthan,Udaipur,Tube Well,192.23,169.0,3191.0,613.41
2017-09-13,2017,Rabi,Wheat,Punjab,Patiala,Canal,516.2,177.0,4273.0,2205.72
2020-02-04,2020,Rabi,Potato,Uttar Pradesh,Lucknow,Tube Well,1362.26,112.0,24010.0,32707.86
2015-06-15,2015,Kharif,Rice,Andhra Pradesh,Visakhapatnam,Canal,408.45,103.0,3586.0,1464.7
2024-12-20,2024,Kharif,Maize,Madhya Pradesh,Bhopal,Rainfed,630.56,79.0,3569.0,2250.47
2022-06-12,2022,Rabi,Oilseeds,Gujarat,Rajkot,Tube Well,754.74,57.0,3003.0,2266.48
2022-10-07,2022,Kharif,Rice,Chhattisgarh,Raipur,Rainfed,242.9,162.0,3787.0,919.86
2023-10-10,2023,Rabi,Oilseeds,Maharashtra,Nagpur,Rainfed,1064.95,61.0,1121.0,1193.81
2018-10-19,2018,Kharif,Oilseeds,Rajasthan,Jodhpur,Rainfed,420.6,192.0,1262.0,530.8
2023-05-10,2023,Rabi,Potato,Uttar Pradesh,Lucknow,Canal,22.84,95.0,18959.0,433.02
2015-11-05,2015,Rabi,Oilseeds,Rajasthan,Jaipur,Rainfed,57.42,169.0,2200.0,126.32
2021-08-26,2021,Kharif,Pulses,Uttar Pradesh,Lucknow,Rainfed,1131.43,59.0,1412.0,1597.58
2024-05-16,2024,Kharif,Pulses,Maharashtra,Nashik,Tube Well,586.02,130.0,1297.0,760.07
2020-08-21,2020,Kharif,Maize,Telangana,Hyderabad,Canal,370.9,102.0,5699.0,2113.76
2019-04-26,2019,Kharif,Maize,Madhya Pradesh,Bhopal,Rainfed,125.2,55.0,2925.0,366.21
2023-10-26,2023,Perennial,Apple,Jammu and Kashmir,Srinagar,Rainfed,71.35,148.0,5788.0,412.97
2019-10-25,2019,Kharif,Rice,Uttar Pradesh,Kanpur,Rainfed,1198.65,191.0,5296.0,6348.05
2024-10-03,2024,Perennial,Tea,Assam,Tinsukia,Rainfed,664.92,52.0,1796.0,1194.2
2023-10-16,2023,Kharif,Oilseeds,Gujarat,Surat,Rainfed,676.4,91.0,2495.0,1687.62
2024-11-10,2024,Rabi,Wheat,Haryana,Hisar,Tube Well,420.23,156.0,3295.0,1384.66
2022-05-16,2022,Zaid,Coconut,Karnataka,Mysore,Canal,1026.64,181.0,9961.0,10226.36
2016-04-17,2016,Rabi,Pulses,Madhya Pradesh,Bhopal,Tube Well,502.93,79.0,1621.0,815.25
2023-07-10,2023,Rabi,Wheat,Bihar,Patna,Rainfed,798.68,61.0,3050.0,2435.97
2017-12-31,2017,Rabi,Wheat,Punjab,Amritsar,Tube Well,14.89,51.0,3537.0,52.67
2018-02-24,2018,Kharif,Pulses,Madhya Pradesh,Bhopal,Rainfed,365.75,82.0,1400.0,512.05
2015-06-01,2015,Perennial,Tea,Kerala,Ernakulam,Rainfed,698.05,61.0,1136.0,792.98
2023-05-22,2023,Perennial,Tea,Assam,Kamrup,Rainfed,277.2,104.0,1707.0,473.18
2021-03-21,2021,Perennial,Coffee,Karnataka,Mysore,Drip,801.94,116.0,1873.0,1502.03
2016-10-16,2016,Kharif,Cotton,Andhra Pradesh,Visakhapatnam,Tube Well,792.63,122.0,1062.0,841.77
2019-06-21,2019,Zaid,Coconut,Kerala,Kozhikode,Rainfed,130.25,71.0,5250.0,683.81
2020-09-22,2020,Perennial,Sugarcane,Maharashtra,Nagpur,Rainfed,1009.63,120.0,72507.0,73205.24
2022-12-05,2022,Kharif,Cotton,Maharashtra,Mumbai,Rainfed,155.16,51.0,905.0,140.42
2016-10-16,2016,Kharif,Oilseeds,Rajasthan,Jaipur,Tube Well,512.26,86.0,1566.0,802.2
2024-03-25,2024,Zaid,Coconut,Karnataka,Belgaum,Tube Well,1090.16,105.0,11034.0,12028.83
2023-12-26,2023,Rabi,Wheat,Punjab,Amritsar,Tube Well,1437.39,68.0,4683.0,6731.3
2017-04-22,2017,Perennial,Apple,Himachal Pradesh,Mandi,Rainfed,402.12,172.0,9856.0,3963.29
2016-05-16,2016,Kharif,Maize,Bihar,Muzaffarpur,Canal,539.17,80.0,3983.0,2147.51
2020-10-30,2020,Zaid,Coconut,Kerala,Thrissur,Rainfed,543.11,163.0,10002.0,5432.19
2019-12-16,2019,Kharif,Maize,Madhya Pradesh,Bhopal,Tube Well,585.21,121.0,4125.0,2413.99
2017-01-18,2017,Kharif,Maize,Karnataka,Hubli,Tube Well,19.16,122.0,4703.0,90.11
2018-05-02,2018,Kharif,Pulses,Maharashtra,Nashik,Drip,142.05,147.0,1281.0,181.97
2021-11-18,2021,Perennial,Tea,Assam,Tinsukia,Rainfed,481.68,57.0,1146.0,552.01
2015-12-10,2015,Rabi,Pulses,Maharashtra,Nagpur,Rainfed,18.43,62.0,1683.0,31.02
2022-04-08,2022,Rabi,Wheat,Rajasthan,Jaipur,Tube Well,637.14,99.0,4381.0,2791.31
2025-09-08,2025,Kharif,Oilseeds,Madhya Pradesh,Bhopal,Rainfed,396.83,113.0,1706.0,676.99
2015-06-24,2015,Perennial,Apple,Jammu and Kashmir,Srinagar,Rainfed,110.53,114.0,14184.0,1567.76
2018-02-23,2018,Kharif,Pulses,Uttar Pradesh,Lucknow,Tube Well,596.79,152.0,2213.0,1320.7
2024-11-12,2024,Perennial,Tea,Kerala,Kozhikode,Drip,682.11,50.0,2090.0,1425.61
2019-11-24,2019,Rabi,Oilseeds,Rajasthan,Udaipur,Rainfed,649.76,194.0,1318.0,856.38
2022-09-20,2022,Kharif,Rice,West Bengal,Darjeeling,Rainfed,136.7,76.0,3969.0,542.56
2019-03-01,2019,Rabi,Potato,Uttar Pradesh,Lucknow,Rainfed,1169.16,87.0,16926.0,19789.2
2021-09-08,2021,Kharif,Rice,Chhattisgarh,Raipur,Rainfed,408.98,186.0,3330.0,1361.9
2017-06-13,2017,Zaid,Coconut,Kerala,Kozhikode,Rainfed,472.55,51.0,5687.0,2687.39
2022-03-16,2022,Rabi,Oilseeds,Rajasthan,Jaipur,Rainfed,547.82,199.0,1186.0,649.71
2018-04-25,2018,Kharif,Maize,Madhya Pradesh,Bhopal,Tube Well,186.05,55.0,6072.0,1129.7
2022-02-17,2022,Perennial,Coffee,Karnataka,Belgaum,Drip,588.84,68.0,836.0,492.27
2017-11-14,2017,Kharif,Maize,Madhya Pradesh,Bhopal,Rainfed,262.29,86.0,4401.0,1154.34
2020-02-11,2020,Rabi,Potato,Punjab,Amritsar,Tube Well,150.82,116.0,13437.0,2026.57
2023-10-31,2023,Perennial,Coffee,Karnataka,Mysore,Tube Well,124.54,128.0,1499.0,186.69
2018-09-12,2018,Rabi,Potato,Punjab,Ludhiana,Canal,213.34,66.0,21536.0,4594.49
2022-12-27,2022,Kharif,Pulses,Madhya Pradesh,Bhopal,Tube Well,495.77,61.0,1830.0,907.26
2017-07-20,2017,Perennial,Tea,Kerala,Ernakulam,Rainfed,93.61,55.0,1032.0,96.61
2021-09-08,2021,Rabi,Pulses,Uttar Pradesh,Varanasi,Tube Well,859.45,89.0,1388.0,1192.92
2022-02-01,2022,Kharif,Oilseeds,Madhya Pradesh,Bhopal,Rainfed,474.75,188.0,1402.0,665.6
2024-10-21,2024,Kharif,Maize,Andhra Pradesh,Visakhapatnam,Tube Well,1085.64,108.0,6338.0,6880.79
2022-04-10,2022,Zaid,Coconut,Tamil Nadu,Madurai,Drip,692.75,165.0,7485.0,5185.23
2023-12-27,2023,Rabi,Pulses,Madhya Pradesh,Bhopal,Tube Well,788.61,79.0,1874.0,1477.86
2019-04-05,2019,Rabi,Pulses,Madhya Pradesh,Bhopal,Tube Well,34.48,60.0,1128.0,38.89
2018-05-10,2018,Perennial,Coffee,Kerala,Kozhikode,Drip,566.28,133.0,2104.0,1191.45
2018-12-03,2018,Zaid,Coconut,Kerala,Ernakulam,Drip,30.92,173.0,11418.0,353.04
2018-04-27,2018,Kharif,Oilseeds,Maharashtra,Mumbai,Tube Well,950.9,185.0,1830.0,1740.15
2023-01-10,2023,Kharif,Oilseeds,Rajasthan,Jodhpur,Tube Well,276.24,132.0,1451.0,400.82
2016-10-12,2016,Kharif,Pulses,Rajasthan,Jaipur,Rainfed,431.8,94.0,1170.0,505.21
2019-11-17,2019,Zaid,Coconut,Andhra Pradesh,Guntur,Canal,378.35,66.0,13785.0,5215.55
2023-12-10,2023,Kharif,Oilseeds,Rajasthan,Jaipur,Rainfed,119.78,150.0,1391.0,166.61
2023-10-28,2023,Rabi,Potato,Uttar Pradesh,Varanasi,Rainfed,1088.03,92.0,25187.0,27404.21
2025-04-14,2025,Zaid,Coconut,Andhra Pradesh,Chittoor,Canal,1086.5,177.0,11044.0,11999.31
2025-07-10,2025,Perennial,Apple,Himachal Pradesh,Kangra,Rainfed,99.96,141.0,13861.0,1385.55
2022-06-08,2022,Kharif,Rice,Uttar Pradesh,Lucknow,Rainfed,1381.85,179.0,5234.0,7232.6
2020-10-16,2020,Perennial,Sugarcane,Tamil Nadu,Chennai,Drip,162.8,135.0,146090.0,23783.45
2020-03-29,2020,Kharif,Maize,Karnataka,Bangalore,Drip,811.87,166.0,4935.0,4006.58
2020-12-10,2020,Perennial,Apple,Himachal Pradesh,Shimla,Rainfed,480.13,94.0,12693.0,6094.29
2020-02-03,2020,Kharif,Cotton,Andhra Pradesh,Guntur,Tube Well,185.37,125.0,603.0,111.78
2016-05-01,2016,Kharif,Maize,Maharashtra,Nagpur,Drip,571.27,53.0,4960.0,2833.5
2018-05-20,2018,Zaid,Coconut,Kerala,Thrissur,Drip,276.59,141.0,13548.0,3747.24
2023-09-08,2023,Kharif,Pulses,Uttar Pradesh,Kanpur,Canal,588.83,130.0,1861.0,1095.81
2017-07-18,2017,Kharif,Maize,Maharashtra,Nashik,Drip,981.55,163.0,7196.0,7063.23
2025-05-27,2025,Zaid,Coconut,Kerala,Kozhikode,Drip,532.34,159.0,17858.0,9506.53
2018-05-29,2018,Zaid,Coconut,Andhra Pradesh,Guntur,Canal,1162.74,144.0,15039.0,17486.45
2024-10-29,2024,Rabi,Potato,Uttar Pradesh,Varanasi,Rainfed,286.36,59.0,15826.0,4531.93
2021-02-15,2021,Rabi,Pulses,Madhya Pradesh,Bhopal,Tube Well,439.18,185.0,2220.0,974.98
2025-04-09,2025,Rabi,Wheat,Bihar,Muzaffarpur,Tube Well,454.63,53.0,2426.0,1102.93
2019-06-06,2019,Kharif,Pulses,Madhya Pradesh,Bhopal,Rainfed,735.9,170.0,1499.0,1103.11
2022-03-06,2022,Kharif,Maize,Madhya Pradesh,Bhopal,Rainfed,18.39,122.0,4968.0,91.36
2019-09-09,2019,Kharif,Oilseeds,Rajasthan,Jaipur,Rainfed,692.53,173.0,2724.0,1886.45
2017-07-27,2017,Perennial,Sugarcane,Maharashtra,Mumbai,Drip,628.86,120.0,135483.0,85199.84
2018-01-12,2018,Rabi,Pulses,Uttar Pradesh,Varanasi,Tube Well,942.05,147.0,1565.0,1474.31
2021-02-17,2021,Rabi,Wheat,Uttar Pradesh,Kanpur,Tube Well,546.48,104.0,4847.0,2648.79
2017-07-26,2017,Rabi,Potato,West Bengal,Darjeeling,Canal,939.25,162.0,34121.0,32048.15
2018-06-07,2018,Perennial,Coffee,Kerala,Kozhikode,Rainfed,453.97,88.0,559.0,253.77
2018-05-18,2018,Kharif,Rice,Bihar,Purnia,Rainfed,666.18,158.0,3438.0,2290.33
2021-09-13,2021,Rabi,Pulses,Madhya Pradesh,Bhopal,Tube Well,522.63,79.0,1669.0,872.27
2019-05-09,2019,Rabi,Wheat,Madhya Pradesh,Bhopal,Rainfed,297.55,158.0,2960.0,880.75
2016-10-19,2016,Rabi,Wheat,Punjab,Ludhiana,Canal,123.23,94.0,2914.0,359.09
2024-09-04,2024,Kharif,Rice,Andhra Pradesh,Visakhapatnam,Tube Well,971.17,92.0,4556.0,4424.65
2018-03-05,2018,Perennial,Tea,West Bengal,Howrah,Canal,325.79,172.0,1788.0,582.51
2020-02-29,2020,Perennial,Tea,Assam,Cachar,Rainfed,680.65,172.0,2656.0,1807.81
2020-10-23,2020,Rabi,Wheat,Madhya Pradesh,Bhopal,Rainfed,490.83,154.0,4056.0,1990.81
2018-06-24,2018,Rabi,Wheat,Punjab,Patiala,Canal,537.02,189.0,4525.0,2430.02
2023-02-18,2023,Perennial,Sugarcane,Karnataka,Belgaum,Canal,657.73,73.0,67012.0,44075.8
2022-01-23,2022,Zaid,Coconut,Kerala,Ernakulam,Rainfed,519.94,90.0,8182.0,4254.15
2025-07-21,2025,Kharif,Oilseeds,Maharashtra,Pune,Drip,921.62,94.0,2971.0,2738.13
2022-08-13,2022,Rabi,Pulses,Uttar Pradesh,Kanpur,Rainfed,1235.28,96.0,1834.0,2265.5
2024-02-09,2024,Rabi,Wheat,Uttar Pradesh,Varanasi,Canal,248.03,99.0,2813.0,697.71
2022-11-28,2022,Rabi,Pulses,Uttar Pradesh,Kanpur,Canal,1416.78,155.0,2368.0,3354.94
2018-05-13,2018,Zaid,Coconut,Karnataka,Hubli,Canal,457.82,91.0,11040.0,5054.33
2019-03-28,2019,Perennial,Sugarcane,Maharashtra,Nashik,Tube Well,1119.98,93.0,73359.0,82160.61
2020-11-04,2020,Perennial,Apple,Jammu and Kashmir,Srinagar,Rainfed,95.99,136.0,6558.0,629.5
2016-02-17,2016,Rabi,Wheat,Uttar Pradesh,Kanpur,Tube Well,53.25,79.0,4122.0,219.5
2024-12-24,2024,Kharif,Oilseeds,Maharashtra,Pune,Rainfed,749.61,105.0,1678.0,1257.85
2018-09-30,2018,Perennial,Coffee,Karnataka,Hubli,Drip,363.89,59.0,1909.0,694.67
2024-02-20,2024,Perennial,Coffee,Kerala,Ernakulam,Drip,787.72,193.0,2241.0,1765.28
2020-03-23,2020,Kharif,Pulses,Maharashtra,Mumbai,Tube Well,144.74,98.0,1864.0,269.8
2025-01-05,2025,Perennial,Coffee,Karnataka,Bangalore,Drip,61.56,178.0,1793.0,110.38
2017-09-20,2017,Perennial,Coffee,Tamil Nadu,Madurai,Canal,59.07,129.0,916.0,54.11
2019-12-27,2019,Rabi,Potato,West Bengal,Kolkata,Rainfed,246.39,84.0,26798.0,6602.76
2019-07-19,2019,Rabi,Oilseeds,Gujarat,Ahmedabad,Tube Well,699.24,79.0,2333.0,1631.33
2017-08-30,2017,Kharif,Cotton,Andhra Pradesh,Krishna,Rainfed,611.62,154.0,888.0,543.12
2024-12-14,2024,Kharif,Rice,Uttar Pradesh,Lucknow,Tube Well,531.61,195.0,6853.0,3643.12
2025-07-03,2025,Kharif,Cotton,Andhra Pradesh,Guntur,Rainfed,115.66,77.0,384.0,44.41
2017-07-25,2017,Perennial,Tea,West Bengal,Darjeeling,Rainfed,264.77,67.0,1621.0,429.19
2023-10-09,2023,Kharif,Oilseeds,Madhya Pradesh,Bhopal,Rainfed,155.48,108.0,2263.0,351.85
2022-10-18,2022,Kharif,Cotton,Maharashtra,Mumbai,Tube Well,971.91,109.0,678.0,658.95
2015-12-08,2015,Kharif,Pulses,Rajasthan,Jaipur,Tube Well,548.16,171.0,1260.0,690.68
2021-04-19,2021,Rabi,Wheat,Punjab,Ludhiana,Tube Well,1167.75,120.0,4025.0,4700.19
2017-07-21,2017,Perennial,Apple,Himachal Pradesh,Shimla,Rainfed,484.83,59.0,9597.0,4652.91
2015-10-20,2015,Kharif,Pulses,Uttar Pradesh,Kanpur,Tube Well,1327.51,188.0,1755.0,2329.78
2020-08-05,2020,Kharif,Maize,Andhra Pradesh,Visakhapatnam,Tube Well,602.39,106.0,7221.0,4349.86
2023-10-09,2023,Zaid,Coconut,Tamil Nadu,Chennai,Tube Well,462.28,150.0,8844.0,4088.4
2023-09-27,2023,Rabi,Pulses,Madhya Pradesh,Bhopal,Rainfed,733.46,150.0,1533.0,1124.39
2024-04-12,2024,Kharif,Oilseeds,Maharashtra,Nashik,Tube Well,798.48,58.0,1605.0,1281.56
2021-11-24,2021,Rabi,Potato,Uttar Pradesh,Varanasi,Canal,448.65,51.0,12292.0,5514.81
2016-12-17,2016,Kharif,Oilseeds,Gujarat,Ahmedabad,Rainfed,681.71,63.0,1710.0,1165.72
2018-12-04,2018,Kharif,Maize,Telangana,Warangal,Canal,893.01,193.0,7069.0,6312.69
2019-11-02,2019,Rabi,Oilseeds,Madhya Pradesh,Bhopal,Rainfed,681.08,169.0,2818.0,1919.28
2018-12-09,2018,Rabi,Oilseeds,Maharashtra,Nagpur,Tube Well,372.85,70.0,2269.0,846.0
2017-01-13,2017,Perennial,Apple,Himachal Pradesh,Mandi,Rainfed,476.95,142.0,8298.0,3957.73
2017-04-03,2017,Kharif,Maize,Andhra Pradesh,Guntur,Tube Well,1177.94,142.0,6553.0,7719.04
2023-10-21,2023,Rabi,Potato,Uttar Pradesh,Varanasi,Canal,354.44,50.0,21148.0,7495.7
2023-09-26,2023,Rabi,Pulses,Maharashtra,Nagpur,Drip,1165.31,114.0,1523.0,1774.77
2016-11-12,2016,Kharif,Rice,Odisha,Bhubaneswar,Canal,796.05,157.0,6892.0,5486.38
2019-06-06,2019,Rabi,Oilseeds,Gujarat,Vadodara,Rainfed,57.31,78.0,1971.0,112.96
2023-09-08,2023,Kharif,Rice,Odisha,Bhubaneswar,Canal,606.02,178.0,3921.0,2376.2
2016-07-15,2016,Perennial,Coffee,Karnataka,Hubli,Tube Well,342.76,149.0,1613.0,552.87
2019-08-12,2019,Kharif,Oilseeds,Maharashtra,Nagpur,Drip,880.25,51.0,3264.0,2873.14
2021-12-01,2021,Rabi,Pulses,Rajasthan,Udaipur,Tube Well,640.36,178.0,2470.0,1581.69
2016-03-28,2016,Kharif,Rice,West Bengal,Kolkata,Canal,553.67,53.0,4586.0,2539.13
2025-04-25,2025,Perennial,Sugarcane,Maharashtra,Mumbai,Rainfed,544.59,183.0,86573.0,47146.79
2016-05-03,2016,Rabi,Wheat,Bihar,Purnia,Tube Well,922.32,100.0,4497.0,4147.67
2025-03-03,2025,Rabi,Wheat,Bihar,Purnia,Canal,974.37,155.0,4960.0,4832.88
2016-10-22,2016,Kharif,Rice,Odisha,Bhubaneswar,Rainfed,65.39,168.0,4132.0,270.19
2023-01-04,2023,Zaid,Coconut,Karnataka,Mysore,Drip,1015.9,92.0,12550.0,12749.54
2019-01-24,2019,Kharif,Rice,Tamil Nadu,Chennai,Drip,100.22,103.0,3464.0,347.16
2024-10-18,2024,Perennial,Coffee,Kerala,Ernakulam,Rainfed,276.46,126.0,539.0,149.01
2019-03-01,2019,Kharif,Oilseeds,Madhya Pradesh,Bhopal,Tube Well,612.43,137.0,3864.0,2366.43
2024-01-17,2024,Kharif,Oilseeds,Gujarat,Rajkot,Rainfed,934.67,94.0,2811.0,2627.36
2024-11-05,2024,Kharif,Maize,Madhya Pradesh,Bhopal,Tube Well,583.4,199.0,8007.0,4671.28
2021-11-12,2021,Rabi,Potato,Punjab,Amritsar,Tube Well,68.28,161.0,24517.0,1674.02
2023-08-05,2023,Rabi,Potato,Bihar,Gaya,Canal,141.64,91.0,16899.0,2393.57
2017-08-03,2017,Kharif,Maize,Madhya Pradesh,Bhopal,Tube Well,749.61,146.0,5582.0,4184.32
2021-12-13,2021,Zaid,Coconut,Tamil Nadu,Chennai,Canal,98.79,115.0,13302.0,1314.1
2020-01-02,2020,Rabi,Potato,Punjab,Ludhiana,Canal,127.03,179.0,25216.0,3203.19
2017-11-30,2017,Rabi,Potato,West Bengal,Howrah,Canal,920.85,99.0,34150.0,31447.03
2021-11-03,2021,Rabi,Pulses,Madhya Pradesh,Bhopal,Tube Well,516.6,78.0,1952.0,1008.4
2022-10-03,2022,Rabi,Wheat,Uttar Pradesh,Lucknow,Tube Well,533.97,57.0,3801.0,2029.62
2017-01-08,2017,Rabi,Oilseeds,Gujarat,Rajkot,Rainfed,207.2,198.0,3336.0,691.22
2019-08-21,2019,Kharif,Maize,Karnataka,Bangalore,Tube Well,973.75,104.0,7238.0,7048.0
2025-08-27,2025,Kharif,Maize,Maharashtra,Nagpur,Rainfed,1285.21,83.0,4927.0,6332.23
2020-07-31,2020,Perennial,Coffee,Kerala,Kozhikode,Drip,49.48,124.0,1003.0,49.63
2019-09-03,2019,Perennial,Apple,Himachal Pradesh,Kangra,Rainfed,281.52,94.0,14090.0,3966.62
2015-08-08,2015,Kharif,Cotton,Gujarat,Surat,Tube Well,320.95,85.0,716.0,229.8
2019-11-16,2019,Kharif,Cotton,Gujarat,Rajkot,Rainfed,1000.54,142.0,744.0,744.4
2021-01-17,2021,Rabi,Potato,Uttar Pradesh,Lucknow,Canal,525.65,61.0,32543.0,17106.23
2023-11-01,2023,Rabi,Wheat,Rajasthan,Udaipur,Rainfed,503.09,126.0,2506.0,1260.74
2021-07-12,2021,Kharif,Maize,Andhra Pradesh,Krishna,Tube Well,652.03,108.0,6309.0,4113.66
2023-06-30,2023,Kharif,Pulses,Maharashtra,Mumbai,Drip,708.57,130.0,1957.0,1386.67
2022-08-20,2022,Zaid,Coconut,Karnataka,Mysore,Canal,945.22,98.0,11827.0,11179.12
2021-12-30,2021,Rabi,Potato,Punjab,Ludhiana,Canal,710.9,136.0,41012.0,29155.43
2016-12-05,2016,Kharif,Rice,Andhra Pradesh,Krishna,Rainfed,1016.26,62.0,4078.0,4144.31
2021-01-20,2021,Kharif,Maize,Telangana,Warangal,Rainfed,333.45,106.0,3891.0,1297.45
2022-11-04,2022,Kharif,Pulses,Madhya Pradesh,Bhopal,Rainfed,148.08,86.0,838.0,124.09
2019-05-21,2019,Rabi,Oilseeds,Maharashtra,Pune,Tube Well,597.57,116.0,3820.0,2282.72
2024-08-21,2024,Kharif,Maize,Maharashtra,Pune,Tube Well,652.88,110.0,6125.0,3998.89
2021-02-27,2021,Kharif,Maize,Bihar,Patna,Rainfed,483.6,145.0,3769.0,1822.69
2016-07-12,2016,Zaid,Coconut,Karnataka,Mysore,Canal,891.08,144.0,12854.0,11453.94
2022-01-11,2022,Kharif,Pulses,Maharashtra,Mumbai,Tube Well,738.44,112.0,1100.0,812.28
2023-06-03,2023,Rabi,Oilseeds,Maharashtra,Mumbai,Drip,1156.09,77.0,1812.0,2094.84
2025-08-14,2025,Kharif,Maize,Andhra Pradesh,Visakhapatnam,Tube Well,621.88,137.0,6613.0,4112.49
2021-12-30,2021,Kharif,Cotton,Telangana,Warangal,Rainfed,210.0,195.0,838.0,175.98
2023-10-31,2023,Kharif,Rice,Chhattisgarh,Raipur,Rainfed,99.35,78.0,2828.0,280.96
2024-04-07,2024,Zaid,Coconut,Kerala,Thrissur,Drip,696.01,60.0,11786.0,8203.17
2024-09-16,2024,Perennial,Tea,Assam,Tinsukia,Rainfed,54.38,90.0,2235.0,121.54
2022-12-04,2022,Perennial,Apple,Jammu and Kashmir,Srinagar,Rainfed,55.87,112.0,11923.0,666.14
2019-08-08,2019,Kharif,Pulses,Uttar Pradesh,Varanasi,Rainfed,104.85,96.0,1333.0,139.77
2022-02-20,2022,Rabi,Pulses,Rajasthan,Udaipur,Rainfed,302.38,175.0,1789.0,540.96
2025-06-29,2025,Kharif,Oilseeds,Maharashtra,Nagpur,Rainfed,697.07,124.0,2471.0,1722.46
2025-09-12,2025,Kharif,Rice,West Bengal,Howrah,Rainfed,31.66,87.0,4181.0,132.37
2023-10-27,2023,Perennial,Apple,Jammu and Kashmir,Srinagar,Rainfed,211.08,193.0,9341.0,1971.7
2019-07-21,2019,Kharif,Cotton,Telangana,Hyderabad,Tube Well,360.45,69.0,587.0,211.58
2016-03-05,2016,Kharif,Cotton,Maharashtra,Pune,Rainfed,1008.0,68.0,882.0,889.06
2018-05-18,2018,Kharif,Cotton,Gujarat,Vadodara,Tube Well,997.65,87.0,614.0,612.56
2016-08-19,2016,Kharif,Cotton,Telangana,Warangal,Tube Well,619.62,62.0,906.0,561.38
2021-04-30,2021,Kharif,Pulses,Uttar Pradesh,Varanasi,Canal,715.51,163.0,1584.0,1133.37
2018-02-13,2018,Rabi,Oilseeds,Maharashtra,Nagpur,Drip,288.83,97.0,2276.0,657.38
2017-11-24,2017,Rabi,Potato,West Bengal,Kolkata,Canal,933.36,159.0,28373.0,26482.22
2020-01-20,2020,Perennial,Coffee,Karnataka,Mysore,Tube Well,382.42,164.0,1972.0,754.13
2019-05-12,2019,Perennial,Coffee,Tamil Nadu,Chennai,Tube Well,398.36,86.0,1455.0,579.61
2019-07-22,2019,Kharif,Maize,Madhya Pradesh,Bhopal,Tube Well,733.65,128.0,4673.0,3428.35
2019-05-01,2019,Kharif,Rice,Odisha,Bhubaneswar,Rainfed,878.28,128.0,4826.0,4238.58
2022-01-09,2022,Kharif,Maize,Telangana,Warangal,Rainfed,809.34,181.0,5113.0,4138.16
2018-10-19,2018,Rabi,Wheat,Haryana,Faridabad,Tube Well,1397.55,54.0,2792.0,3901.96
2021-12-02,2021,Kharif,Rice,Assam,Cachar,Rainfed,696.44,98.0,3534.0,2461.22
2023-06-07,2023,Rabi,Wheat,Uttar Pradesh,Varanasi,Canal,1059.49,182.0,3613.0,3827.94
2024-03-11,2024,Rabi,Oilseeds,Rajasthan,Jodhpur,Tube Well,212.74,86.0,2138.0,454.84
2020-03-09,2020,Rabi,Wheat,Rajasthan,Jaipur,Rainfed,667.54,71.0,3386.0,2260.29
2021-01-21,2021,Rabi,Wheat,Bihar,Muzaffarpur,Rainfed,877.86,136.0,3499.0,3071.63
2022-12-28,2022,Kharif,Pulses,Rajasthan,Jaipur,Rainfed,176.12,96.0,1350.0,237.76
2023-08-01,2023,Perennial,Tea,Kerala,Ernakulam,Rainfed,396.44,120.0,1374.0,544.71
2021-04-09,2021,Zaid,Coconut,Kerala,Ernakulam,Rainfed,65.34,173.0,7017.0,458.49
2018-03-19,2018,Kharif,Cotton,Telangana,Nizamabad,Tube Well,858.44,128.0,1572.0,1349.47
2021-06-16,2021,Perennial,Coffee,Karnataka,Mysore,Drip,634.32,127.0,1216.0,771.33
2020-02-09,2020,Rabi,Pulses,Uttar Pradesh,Lucknow,Rainfed,375.35,92.0,1502.0,563.78
2015-06-26,2015,Perennial,Sugarcane,Tamil Nadu,Madurai,Drip,328.72,169.0,116043.0,38145.65
2025-02-22,2025,Zaid,Coconut,Tamil Nadu,Chennai,Tube Well,1078.92,161.0,5881.0,6345.13
2024-06-10,2024,Rabi,Potato,Uttar Pradesh,Kanpur,Rainfed,927.27,85.0,27824.0,25800.36
2017-09-24,2017,Kharif,Rice,Uttar Pradesh,Lucknow,Rainfed,636.82,98.0,2233.0,1422.02
2024-04-12,2024,Kharif,Rice,Odisha,Bhubaneswar,Rainfed,454.86,168.0,4423.0,2011.85
2019-04-02,2019,Rabi,Potato,West Bengal,Howrah,Rainfed,117.42,104.0,26147.0,3070.18
2020-03-19,2020,Rabi,Pulses,Maharashtra,Nashik,Drip,106.78,111.0,2382.0,254.35
2019-10-22,2019,Kharif,Maize,Madhya Pradesh,Bhopal,Rainfed,478.24,105.0,5422.0,2593.02
2020-10-27,2020,Kharif,Maize,Karnataka,Bangalore,Canal,568.08,74.0,6564.0,3728.88
2020-08-18,2020,Perennial,Coffee,Tamil Nadu,Chennai,Canal,401.48,101.0,1250.0,501.85
2015-08-24,2015,Perennial,Tea,Assam,Tinsukia,Rainfed,457.23,170.0,2616.0,1196.11
2017-10-10,2017,Rabi,Wheat,Haryana,Hisar,Tube Well,111.02,124.0,5050.0,560.65
2023-07-20,2023,Kharif,Rice,Chhattisgarh,Raipur,Rainfed,661.35,119.0,3391.0,2242.64
2022-11-23,2022,Kharif,Maize,Karnataka,Mysore,Tube Well,330.15,73.0,5358.0,1768.94
2017-08-02,2017,Kharif,Cotton,Maharashtra,Mumbai,Rainfed,102.59,77.0,748.0,76.74
2023-06-27,2023,Perennial,Coffee,Karnataka,Hubli,Drip,194.76,56.0,985.0,191.84
2023-03-26,2023,Kharif,Pulses,Madhya Pradesh,Bhopal,Tube Well,85.42,52.0,1083.0,92.51
2021-02-16,2021,Rabi,Pulses,Uttar Pradesh,Lucknow,Tube Well,276.12,123.0,1469.0,405.62
2019-12-26,2019,Kharif,Cotton,Andhra Pradesh,Krishna,Tube Well,505.94,111.0,1387.0,701.74
2015-11-27,2015,Rabi,Potato,Bihar,Patna,Rainfed,740.67,91.0,20315.0,15046.71
2022-12-11,2022,Rabi,Oilseeds,Rajasthan,Jaipur,Tube Well,197.92,199.0,4031.0,797.82
2023-12-12,2023,Perennial,Apple,Jammu and Kashmir,Srinagar,Rainfed,180.01,110.0,12551.0,2259.31
2018-10-09,2018,Kharif,Pulses,Maharashtra,Nashik,Rainfed,1208.1,168.0,1355.0,1636.98
2015-08-24,2015,Kharif,Maize,Madhya Pradesh,Bhopal,Tube Well,243.7,82.0,4351.0,1060.34
2020-06-29,2020,Kharif,Maize,Madhya Pradesh,Bhopal,Tube Well,637.83,87.0,5807.0,3703.88
2023-06-29,2023,Perennial,Apple,Jammu and Kashmir,Srinagar,Rainfed,71.55,135.0,15120.0,1081.84
2021-11-18,2021,Perennial,Sugarcane,Maharashtra,Pune,Tube Well,240.04,51.0,105978.0,25438.96
2018-11-27,2018,Rabi,Wheat,Uttar Pradesh,Lucknow,Tube Well,689.67,53.0,4081.0,2814.54
2019-02-26,2019,Rabi,Oilseeds,Madhya Pradesh,Bhopal,Rainfed,194.94,71.0,2371.0,462.2
2015-11-12,2015,Rabi,Potato,Punjab,Amritsar,Canal,1355.51,83.0,26294.0,35641.78
2025-06-22,2025,Kharif,Cotton,Gujarat,Rajkot,Tube Well,70.4,129.0,713.0,50.2
2017-10-09,2017,Perennial,Sugarcane,Tamil Nadu,Coimbatore,Tube Well,661.03,153.0,89146.0,58928.18
2024-04-28,2024,Rabi,Pulses,Maharashtra,Mumbai,Rainfed,789.46,97.0,1470.0,1160.51
2020-03-14,2020,Kharif,Rice,Tamil Nadu,Coimbatore,Drip,81.97,86.0,3952.0,323.95
2024-05-06,2024,Rabi,Oilseeds,Rajasthan,Udaipur,Rainfed,515.47,173.0,2874.0,1481.46
2020-07-20,2020,Kharif,Oilseeds,Maharashtra,Nashik,Rainfed,614.88,74.0,1647.0,1012.71
2022-08-02,2022,Kharif,Maize,Karnataka,Bangalore,Drip,798.15,152.0,5029.0,4013.9
2018-10-08,2018,Zaid,Coconut,Andhra Pradesh,Chittoor,Canal,994.04,190.0,15760.0,15666.07
2019-03-15,2019,Kharif,Pulses,Rajasthan,Jaipur,Tube Well,232.8,85.0,2015.0,469.09
2020-06-05,2020,Rabi,Wheat,Bihar,Purnia,Tube Well,489.64,63.0,2957.0,1447.87
2023-07-10,2023,Kharif,Pulses,Uttar Pradesh,Varanasi,Rainfed,398.53,197.0,2303.0,917.81
2015-11-27,2015,Kharif,Maize,Andhra Pradesh,Visakhapatnam,Canal,249.8,91.0,5466.0,1365.41
2017-08-05,2017,Kharif,Cotton,Andhra Pradesh,Visakhapatnam,Tube Well,10.71,91.0,1175.0,12.58
2024-02-17,2024,Kharif,Oilseeds,Rajasthan,Udaipur,Rainfed,674.91,123.0,2909.0,1963.31
2019-03-07,2019,Zaid,Coconut,Karnataka,Mysore,Tube Well,490.61,85.0,6458.0,3168.36
2023-11-18,2023,Kharif,Rice,Uttar Pradesh,Lucknow,Tube Well,29.47,199.0,6922.0,203.99
2024-08-21,2024,Rabi,Wheat,Uttar Pradesh,Lucknow,Rainfed,23.32,56.0,3104.0,72.39
2021-05-17,2021,Rabi,Potato,Bihar,Muzaffarpur,Rainfed,295.47,118.0,13650.0,4033.17
2024-08-22,2024,Rabi,Oilseeds,Madhya Pradesh,Bhopal,Tube Well,21.01,132.0,3118.0,65.51
2021-10-24,2021,Perennial,Tea,West Bengal,Kolkata,Canal,418.22,120.0,3163.0,1322.83
2017-08-03,2017,Zaid,Coconut,Tamil Nadu,Madurai,Drip,78.6,128.0,15017.0,1180.34
2022-03-04,2022,Kharif,Oilseeds,Maharashtra,Mumbai,Rainfed,60.63,198.0,2941.0,178.31
2024-09-08,2024,Kharif,Oilseeds,Madhya Pradesh,Bhopal,Rainfed,538.81,182.0,1505.0,810.91
2018-09-02,2018,Kharif,Maize,Karnataka,Hubli,Canal,998.46,96.0,4681.0,4673.79
2020-06-02,2020,Rabi,Wheat,Madhya Pradesh,Bhopal,Rainfed,333.42,133.0,3248.0,1082.95
2024-05-18,2024,Kharif,Oilseeds,Rajasthan,Udaipur,Rainfed,587.37,50.0,1944.0,1141.85
2019-12-29,2019,Rabi,Pulses,Uttar Pradesh,Lucknow,Tube Well,53.61,111.0,2493.0,133.65
2022-09-20,2022,Rabi,Potato,West Bengal,Howrah,Rainfed,857.68,75.0,18308.0,15702.41
2022-12-21,2022,Kharif,Pulses,Uttar Pradesh,Varanasi,Rainfed,103.57,157.0,1271.0,131.64
2021-10-27,2021,Zaid,Coconut,Andhra Pradesh,Guntur,Tube Well,1007.74,83.0,6775.0,6827.44
2021-11-17,2021,Kharif,Maize,Madhya Pradesh,Bhopal,Tube Well,707.07,162.0,4452.0,3147.88
2017-07-10,2017,Kharif,Cotton,Telangana,Hyderabad,Canal,709.52,97.0,597.0,423.58
2018-08-30,2018,Zaid,Coconut,Kerala,Ernakulam,Drip,658.39,189.0,13728.0,9038.38
2018-06-16,2018,Rabi,Pulses,Uttar Pradesh,Kanpur,Tube Well,846.61,117.0,1319.0,1116.68
2018-05-05,2018,Rabi,Potato,West Bengal,Howrah,Canal,298.72,176.0,40613.0,12131.92
2021-07-02,2021,Rabi,Oilseeds,Gujarat,Vadodara,Rainfed,775.44,144.0,2345.0,1818.41
2020-04-16,2020,Kharif,Cotton,Gujarat,Ahmedabad,Tube Well,533.05,197.0,1625.0,866.21
2015-12-05,2015,Perennial,Tea,West Bengal,Howrah,Rainfed,15.82,161.0,1805.0,28.56
2019-04-25,2019,Zaid,Coconut,Kerala,Thrissur,Rainfed,386.69,159.0,9610.0,3716.09
2023-09-10,2023,Rabi,Wheat,Madhya Pradesh,Bhopal,Tube Well,524.44,90.0,3789.0,1987.1
2025-03-22,2025,Kharif,Cotton,Andhra Pradesh,Chittoor,Canal,26.52,126.0,1644.0,43.6
2022-06-10,2022,Rabi,Oilseeds,Gujarat,Vadodara,Tube Well,749.42,94.0,3245.0,2431.87
2019-03-27,2019,Kharif,Pulses,Madhya Pradesh,Bhopal,Tube Well,525.5,53.0,1752.0,920.68
2017-12-01,2017,Kharif,Cotton,Telangana,Warangal,Canal,150.72,157.0,1290.0,194.43
2020-01-28,2020,Perennial,Sugarcane,Maharashtra,Mumbai,Drip,566.09,85.0,83514.0,47276.44
2025-06-18,2025,Kharif,Pulses,Uttar Pradesh,Lucknow,Tube Well,1446.86,110.0,2166.0,3133.9
2024-01-04,2024,Perennial,Tea,Kerala,Ernakulam,Rainfed,708.51,93.0,2418.0,1713.18
2017-02-17,2017,Rabi,Oilseeds,Rajasthan,Udaipur,Rainfed,293.47,80.0,1201.0,352.46
2019-05-17,2019,Kharif,Rice,Odisha,Bhubaneswar,Rainfed,321.36,60.0,3591.0,1154.0
2019-08-11,2019,Rabi,Wheat,Punjab,Patiala,Tube Well,194.88,101.0,3847.0,749.7
2019-01-23,2019,Perennial,Tea,West Bengal,Howrah,Canal,48.36,62.0,2796.0,135.21
2024-12-12,2024,Zaid,Coconut,Kerala,Thrissur,Rainfed,245.0,131.0,4184.0,1025.08
2020-09-05,2020,Perennial,Tea,Kerala,Thrissur,Drip,752.82,53.0,1515.0,1140.52
2024-01-07,2024,Rabi,Oilseeds,Rajasthan,Udaipur,Tube Well,671.44,191.0,1584.0,1063.56
2023-08-20,2023,Rabi,Pulses,Uttar Pradesh,Lucknow,Rainfed,1220.65,195.0,1156.0,1411.07
2017-03-11,2017,Perennial,Sugarcane,Tamil Nadu,Coimbatore,Tube Well,392.4,96.0,107241.0,42081.37
2023-05-17,2023,Kharif,Maize,Andhra Pradesh,Guntur,Tube Well,180.92,89.0,4239.0,766.92
2019-03-31,2019,Rabi,Oilseeds,Rajasthan,Udaipur,Rainfed,420.92,66.0,2085.0,877.62
2017-10-11,2017,Kharif,Cotton,Maharashtra,Pune,Drip,843.99,186.0,1740.0,1468.54
2022-06-30,2022,Perennial,Sugarcane,Tamil Nadu,Coimbatore,Drip,472.79,138.0,76045.0,35953.32
2018-03-17,2018,Perennial,Apple,Himachal Pradesh,Shimla,Rainfed,348.91,142.0,5613.0,1958.43
2024-12-25,2024,Kharif,Pulses,Rajasthan,Jodhpur,Tube Well,525.21,184.0,2899.0,1522.58
2017-03-08,2017,Zaid,Coconut,Karnataka,Bangalore,Tube Well,863.54,187.0,13752.0,11875.4
2018-10-06,2018,Perennial,Coffee,Kerala,Ernakulam,Rainfed,406.82,174.0,720.0,292.91
2024-05-01,2024,Kharif,Cotton,Maharashtra,Mumbai,Rainfed,1031.22,166.0,716.0,738.35
2022-07-29,2022,Rabi,Potato,Uttar Pradesh,Lucknow,Canal,47.96,182.0,45049.0,2160.55
2025-08-13,2025,Perennial,Sugarcane,Maharashtra,Nashik,Drip,887.72,181.0,96797.0,85928.63
2018-02-06,2018,Kharif,Pulses,Rajasthan,Jodhpur,Tube Well,172.59,105.0,2174.0,375.21
2022-08-12,2022,Rabi,Wheat,Punjab,Amritsar,Tube Well,413.08,196.0,3688.0,1523.44
2021-02-17,2021,Kharif,Pulses,Maharashtra,Nashik,Rainfed,127.78,156.0,1394.0,178.13
2023-01-31,2023,Perennial,Tea,West Bengal,Kolkata,Rainfed,219.71,106.0,2323.0,510.39
2017-10-08,2017,Perennial,Coffee,Karnataka,Hubli,Canal,1091.29,116.0,718.0,783.55
2024-06-26,2024,Perennial,Sugarcane,Maharashtra,Mumbai,Rainfed,545.85,153.0,70944.0,38724.78
2023-05-13,2023,Rabi,Wheat,Uttar Pradesh,Lucknow,Canal,1392.37,104.0,3955.0,5506.82
2020-10-27,2020,Perennial,Tea,West Bengal,Darjeeling,Canal,187.56,174.0,2903.0,544.49
2016-12-17,2016,Perennial,Tea,West Bengal,Kolkata,Canal,232.42,72.0,1306.0,303.54
2020-05-12,2020,Kharif,Rice,Odisha,Bhubaneswar,Canal,506.45,186.0,4933.0,2498.32
2022-02-04,2022,Perennial,Sugarcane,Tamil Nadu,Coimbatore,Canal,390.99,95.0,87916.0,34374.28
2019-06-13,2019,Kharif,Pulses,Uttar Pradesh,Kanpur,Rainfed,969.43,73.0,783.0,759.06
2022-09-26,2022,Rabi,Wheat,Rajasthan,Udaipur,Rainfed,301.21,179.0,3069.0,924.41
2018-08-09,2018,Kharif,Rice,Andhra Pradesh,Guntur,Canal,975.8,86.0,6168.0,6018.73
2024-07-05,2024,Kharif,Cotton,Andhra Pradesh,Guntur,Rainfed,523.56,177.0,699.0,365.97
2021-10-28,2021,Kharif,Pulses,Rajasthan,Jaipur,Rainfed,404.92,94.0,1471.0,595.64
2017-07-02,2017,Rabi,Potato,West Bengal,Kolkata,Rainfed,359.97,190.0,18388.0,6619.13
2021-05-23,2021,Kharif,Pulses,Uttar Pradesh,Lucknow,Tube Well,1059.02,83.0,1138.0,1205.16
2022-02-03,2022,Zaid,Coconut,Kerala,Ernakulam,Rainfed,527.24,60.0,5800.0,3057.99
2020-05-17,2020,Kharif,Pulses,Uttar Pradesh,Varanasi,Rainfed,601.53,190.0,1572.0,945.61
2019-01-26,2019,Kharif,Rice,Punjab,Patiala,Canal,421.29,75.0,3640.0,1533.5
2023-09-01,2023,Rabi,Pulses,Uttar Pradesh,Lucknow,Rainfed,925.02,192.0,1790.0,1655.79
2016-09-05,2016,Zaid,Coconut,Kerala,Ernakulam,Rainfed,755.09,174.0,13021.0,9832.03
2019-12-12,2019,Kharif,Rice,Bihar,Purnia,Tube Well,141.32,62.0,2600.0,367.43
2020-08-21,2020,Rabi,Wheat,Rajasthan,Jaipur,Tube Well,561.39,117.0,4478.0,2513.9
2015-02-15,2015,Perennial,Coffee,Tamil Nadu,Chennai,Drip,601.86,61.0,640.0,385.19
2019-04-13,2019,Rabi,Pulses,Maharashtra,Mumbai,Drip,687.97,99.0,1100.0,756.77
2018-05-07,2018,Kharif,Maize,Maharashtra,Pune,Rainfed,1250.57,103.0,3383.0,4230.68
2021-07-24,2021,Kharif,Cotton,Andhra Pradesh,Guntur,Tube Well,730.99,140.0,1064.0,777.77
2020-11-01,2020,Perennial,Tea,Assam,Cachar,Rainfed,666.11,196.0,1247.0,830.64
2016-11-24,2016,Kharif,Oilseeds,Gujarat,Vadodara,Rainfed,622.23,75.0,2310.0,1437.35
2023-11-07,2023,Perennial,Tea,West Bengal,Howrah,Rainfed,282.34,99.0,1032.0,291.37
2019-10-22,2019,Rabi,Pulses,Rajasthan,Jaipur,Rainfed,489.2,138.0,1476.0,722.06
2020-10-19,2020,Perennial,Coffee,Tamil Nadu,Madurai,Tube Well,1016.26,76.0,1423.0,1446.14
2022-03-11,2022,Zaid,Coconut,Karnataka,Belgaum,Canal,926.94,157.0,8596.0,7967.98
2020-06-15,2020,Perennial,Apple,Himachal Pradesh,Mandi,Rainfed,107.2,111.0,10899.0,1168.37
2023-06-24,2023,Kharif,Cotton,Maharashtra,Nashik,Rainfed,418.79,192.0,704.0,294.83
2017-08-29,2017,Zaid,Coconut,Andhra Pradesh,Krishna,Tube Well,625.09,144.0,7805.0,4878.83
2024-05-20,2024,Rabi,Pulses,Uttar Pradesh,Kanpur,Canal,861.69,104.0,2369.0,2041.34
2018-10-04,2018,Rabi,Oilseeds,Maharashtra,Nashik,Tube Well,260.02,158.0,2329.0,605.59
2022-03-29,2022,Rabi,Oilseeds,Rajasthan,Jodhpur,Rainfed,168.71,176.0,2961.0,499.55
2023-03-05,2023,Perennial,Coffee,Tamil Nadu,Coimbatore,Canal,837.13,170.0,1067.0,893.22
2017-03-22,2017,Perennial,Sugarcane,Tamil Nadu,Coimbatore,Drip,806.05,89.0,91351.0,73633.47
2019-03-28,2019,Zaid,Coconut,Andhra Pradesh,Visakhapatnam,Tube Well,1008.66,113.0,6243.0,6297.06
2021-01-21,2021,Rabi,Wheat,Madhya Pradesh,Bhopal,Rainfed,747.01,118.0,3060.0,2285.85
2020-02-21,2020,Rabi,Pulses,Madhya Pradesh,Bhopal,Tube Well,253.53,108.0,1614.0,409.2
2017-07-14,2017,Zaid,Coconut,Karnataka,Bangalore,Canal,946.96,97.0,5314.0,5032.15
2022-01-22,2022,Kharif,Cotton,Andhra Pradesh,Krishna,Canal,802.55,163.0,1136.0,911.7
2023-10-11,2023,Kharif,Oilseeds,Gujarat,Vadodara,Tube Well,1149.75,52.0,1326.0,1524.57
2020-04-01,2020,Kharif,Maize,Andhra Pradesh,Chittoor,Canal,333.77,94.0,7195.0,2401.48
2025-02-17,2025,Kharif,Rice,Bihar,Patna,Rainfed,276.97,71.0,3265.0,904.31
2021-09-26,2021,Kharif,Oilseeds,Maharashtra,Mumbai,Tube Well,918.54,69.0,2841.0,2609.57
2016-12-31,2016,Kharif,Cotton,Gujarat,Rajkot,Rainfed,1114.81,92.0,1031.0,1149.37
2024-04-24,2024,Kharif,Maize,Maharashtra,Mumbai,Rainfed,1073.68,164.0,3485.0,3741.77
2021-12-30,2021,Kharif,Maize,Karnataka,Belgaum,Tube Well,802.47,195.0,5951.0,4775.5
2018-12-13,2018,Perennial,Sugarcane,Maharashtra,Pune,Drip,509.63,127.0,73937.0,37680.51
2017-09-28,2017,Rabi,Pulses,Uttar Pradesh,Varanasi,Canal,1079.47,101.0,1137.0,1227.36
2020-10-28,2020,Kharif,Rice,West Bengal,Kolkata,Canal,883.19,174.0,3165.0,2795.3
2024-10-16,2024,Rabi,Wheat,Bihar,Purnia,Tube Well,755.75,60.0,3467.0,2620.19
2023-11-10,2023,Kharif,Cotton,Andhra Pradesh,Guntur,Canal,815.4,64.0,938.0,764.85
2021-10-26,2021,Perennial,Coffee,Tamil Nadu,Madurai,Drip,61.37,102.0,775.0,47.56
2017-02-23,2017,Zaid,Coconut,Kerala,Kozhikode,Rainfed,531.17,117.0,6225.0,3306.53
2025-10-29,2025,Kharif,Maize,Maharashtra,Pune,Tube Well,627.0,170.0,5324.0,3338.15
2016-08-12,2016,Rabi,Wheat,Haryana,Gurgaon,Canal,1346.58,189.0,3977.0,5355.35
2025-06-24,2025,Perennial,Coffee,Kerala,Thrissur,Drip,489.68,130.0,1654.0,809.93
2020-03-06,2020,Perennial,Apple,Jammu and Kashmir,Srinagar,Rainfed,247.21,124.0,12368.0,3057.49
2024-12-12,2024,Rabi,Pulses,Rajasthan,Udaipur,Rainfed,695.9,82.0,1156.0,804.46
2017-05-23,2017,Rabi,Pulses,Rajasthan,Jaipur,Tube Well,74.58,118.0,2281.0,170.12
2025-04-28,2025,Kharif,Oilseeds,Gujarat,Vadodara,Tube Well,338.82,189.0,2698.0,914.14
2022-11-27,2022,Perennial,Coffee,Karnataka,Mysore,Tube Well,725.13,109.0,1315.0,953.55
2020-10-16,2020,Kharif,Pulses,Madhya Pradesh,Bhopal,Tube Well,259.04,82.0,1193.0,309.03
2019-02-22,2019,Perennial,Sugarcane,Tamil Nadu,Chennai,Canal,387.3,101.0,81519.0,31572.31
2017-03-12,2017,Rabi,Oilseeds,Gujarat,Ahmedabad,Rainfed,1072.25,127.0,2550.0,2734.24
2021-01-30,2021,Rabi,Oilseeds,Maharashtra,Mumbai,Drip,757.37,140.0,4357.0,3299.86
2017-10-05,2017,Rabi,Oilseeds,Madhya Pradesh,Bhopal,Tube Well,91.26,115.0,3131.0,285.74
2019-02-16,2019,Kharif,Cotton,Telangana,Hyderabad,Tube Well,286.67,164.0,626.0,179.46
2016-12-13,2016,Kharif,Oilseeds,Maharashtra,Nashik,Drip,108.12,138.0,1890.0,204.35
2020-11-19,2020,Kharif,Oilseeds,Maharashtra,Nashik,Rainfed,727.41,150.0,2043.0,1486.1
2015-07-02,2015,Kharif,Maize,Bihar,Patna,Canal,181.54,179.0,7846.0,1424.36
2025-03-29,2025,Zaid,Coconut,Andhra Pradesh,Krishna,Canal,1029.97,180.0,8055.0,8296.41
2015-07-13,2015,Kharif,Rice,Telangana,Hyderabad,Tube Well,523.81,81.0,5194.0,2720.67
2020-08-29,2020,Kharif,Pulses,Uttar Pradesh,Varanasi,Canal,98.47,144.0,2091.0,205.9
2018-10-06,2018,Perennial,Sugarcane,Uttar Pradesh,Kanpur,Canal,458.3,157.0,129258.0,59238.94
2024-04-28,2024,Perennial,Apple,Jammu and Kashmir,Srinagar,Rainfed,250.37,72.0,9938.0,2488.18
2020-01-20,2020,Perennial,Sugarcane,Maharashtra,Nashik,Rainfed,442.79,176.0,90286.0,39977.74
2016-07-12,2016,Perennial,Sugarcane,Tamil Nadu,Coimbatore,Tube Well,569.36,77.0,75680.0,43089.16
2021-10-04,2021,Kharif,Maize,Karnataka,Mysore,Drip,1001.2,170.0,7999.0,8008.6
2019-05-07,2019,Kharif,Maize,Madhya Pradesh,Bhopal,Rainfed,286.53,74.0,5218.0,1495.11
2017-09-28,2017,Zaid,Coconut,Kerala,Thrissur,Drip,275.34,161.0,16757.0,4613.87
2020-03-17,2020,Rabi,Oilseeds,Gujarat,Ahmedabad,Rainfed,985.51,72.0,995.0,980.58
2023-11-16,2023,Kharif,Rice,Odisha,Bhubaneswar,Rainfed,293.69,107.0,3884.0,1140.69
2018-10-02,2018,Perennial,Apple,Himachal Pradesh,Shimla,Rainfed,48.2,72.0,13996.0,674.61
2020-09-10,2020,Kharif,Maize,Maharashtra,Nagpur,Drip,243.42,91.0,6439.0,1567.38
2019-11-23,2019,Kharif,Oilseeds,Maharashtra,Nagpur,Rainfed,1233.95,198.0,1566.0,1932.37
2021-07-16,2021,Rabi,Oilseeds,Gujarat,Vadodara,Tube Well,1120.62,66.0,3270.0,3664.43
2016-01-31,2016,Rabi,Pulses,Rajasthan,Jaipur,Tube Well,165.12,111.0,1441.0,237.94
2020-11-17,2020,Rabi,Pulses,Rajasthan,Udaipur,Rainfed,391.92,152.0,925.0,362.53
2015-12-02,2015,Kharif,Maize,Andhra Pradesh,Chittoor,Tube Well,173.47,64.0,5073.0,880.01
2016-12-28,2016,Perennial,Sugarcane,Karnataka,Hubli,Tube Well,745.4,66.0,65290.0,48667.17
2018-04-17,2018,Kharif,Oilseeds,Gujarat,Surat,Tube Well,230.51,71.0,1474.0,339.77
2019-09-19,2019,Kharif,Oilseeds,Rajasthan,Jaipur,Rainfed,44.36,147.0,2070.0,91.83
2021-08-16,2021,Perennial,Tea,West Bengal,Darjeeling,Rainfed,909.14,186.0,2197.0,1997.38
2017-04-11,2017,Perennial,Sugarcane,Maharashtra,Nagpur,Drip,429.77,174.0,148621.0,63872.85
2024-11-10,2024,Perennial,Tea,Assam,Tinsukia,Rainfed,95.73,197.0,2397.0,229.46
2015-12-11,2015,Perennial,Coffee,Tamil Nadu,Chennai,Drip,918.96,137.0,1970.0,1810.35
2019-10-13,2019,Rabi,Pulses,Madhya Pradesh,Bhopal,Tube Well,612.29,194.0,1917.0,1173.76
2019-03-04,2019,Rabi,Wheat,Uttar Pradesh,Varanasi,Rainfed,1028.8,96.0,2592.0,2666.65
2021-03-26,2021,Kharif,Rice,Tamil Nadu,Madurai,Tube Well,1003.26,113.0,4893.0,4908.95
2016-04-15,2016,Rabi,Potato,Uttar Pradesh,Kanpur,Tube Well,738.95,109.0,30741.0,22716.06
2024-01-26,2024,Kharif,Pulses,Madhya Pradesh,Bhopal,Tube Well,111.16,57.0,1728.0,192.08
2016-02-19,2016,Kharif,Pulses,Uttar Pradesh,Varanasi,Canal,101.41,174.0,1673.0,169.66
2019-04-04,2019,Zaid,Coconut,Andhra Pradesh,Visakhapatnam,Tube Well,388.94,54.0,8065.0,3136.8
2019-03-16,2019,Rabi,Pulses,Rajasthan,Jaipur,Rainfed,69.91,159.0,1467.0,102.56
2023-01-01,2023,Kharif,Rice,Andhra Pradesh,Krishna,Tube Well,647.26,111.0,2635.0,1705.53
2024-07-25,2024,Kharif,Rice,Andhra Pradesh,Guntur,Canal,27.25,51.0,5579.0,152.03
2019-05-10,2019,Rabi,Potato,Bihar,Gaya,Canal,449.33,93.0,26361.0,11844.79
2019-08-08,2019,Kharif,Cotton,Telangana,Nizamabad,Tube Well,168.83,102.0,1271.0,214.58
2019-12-14,2019,Perennial,Sugarcane,Uttar Pradesh,Kanpur,Tube Well,558.72,195.0,86927.0,48567.85
2022-11-03,2022,Rabi,Pulses,Maharashtra,Nashik,Drip,880.79,149.0,2198.0,1935.98
2020-12-21,2020,Rabi,Potato,West Bengal,Howrah,Canal,392.55,132.0,39840.0,15639.19
2020-08-15,2020,Rabi,Pulses,Rajasthan,Jodhpur,Rainfed,245.52,69.0,988.0,242.57
2020-03-24,2020,Perennial,Coffee,Tamil Nadu,Madurai,Canal,1089.92,109.0,1135.0,1237.06
2022-08-06,2022,Kharif,Pulses,Rajasthan,Udaipur,Tube Well,505.98,55.0,1470.0,743.79
2023-06-01,2023,Rabi,Wheat,Bihar,Patna,Rainfed,518.72,164.0,3058.0,1586.25
2019-06-28,2019,Rabi,Potato,Punjab,Ludhiana,Tube Well,873.27,74.0,26529.0,23166.98
2018-09-10,2018,Kharif,Oilseeds,Maharashtra,Nagpur,Rainfed,810.04,139.0,1895.0,1535.03
2021-10-14,2021,Perennial,Tea,Assam,Cachar,Rainfed,29.41,155.0,2190.0,64.41
2017-04-06,2017,Zaid,Coconut,Andhra Pradesh,Chittoor,Canal,105.51,105.0,10491.0,1106.91
2022-09-15,2022,Rabi,Oilseeds,Rajasthan,Jodhpur,Tube Well,457.94,145.0,1800.0,824.29
2015-04-11,2015,Perennial,Coffee,Tamil Nadu,Chennai,Tube Well,407.27,165.0,2049.0,834.5
2023-06-15,2023,Perennial,Sugarcane,Maharashtra,Mumbai,Tube Well,81.52,78.0,75263.0,6135.44
2019-11-27,2019,Zaid,Coconut,Andhra Pradesh,Chittoor,Tube Well,364.04,140.0,11534.0,4198.84
2024-02-12,2024,Perennial,Coffee,Tamil Nadu,Chennai,Canal,152.01,160.0,821.0,124.8
2021-02-01,2021,Rabi,Oilseeds,Maharashtra,Nashik,Rainfed,1192.04,104.0,2829.0,3372.28
2022-02-08,2022,Rabi,Wheat,Uttar Pradesh,Varanasi,Canal,312.36,74.0,4849.0,1514.63
2019-08-03,2019,Rabi,Potato,Bihar,Patna,Tube Well,152.25,93.0,21595.0,3287.84
2024-04-02,2024,Zaid,Coconut,Kerala,Kozhikode,Drip,504.67,190.0,7949.0,4011.62
2015-09-13,2015,Kharif,Maize,Andhra Pradesh,Krishna,Canal,631.08,104.0,7060.0,4455.42
2016-11-24,2016,Perennial,Apple,Himachal Pradesh,Mandi,Rainfed,292.21,66.0,7080.0,2068.85
2019-08-18,2019,Perennial,Tea,Kerala,Kozhikode,Drip,354.4,62.0,2625.0,930.3
2019-01-01,2019,Kharif,Rice,Telangana,Hyderabad,Rainfed,425.78,77.0,4502.0,1916.86
2023-11-15,2023,Perennial,Coffee,Karnataka,Hubli,Canal,858.89,69.0,1358.0,1166.37
2024-12-21,2024,Kharif,Oilseeds,Madhya Pradesh,Bhopal,Rainfed,183.74,124.0,2813.0,516.86
2018-05-06,2018,Kharif,Cotton,Andhra Pradesh,Krishna,Canal,481.87,102.0,768.0,370.08
2018-01-30,2018,Zaid,Coconut,Kerala,Ernakulam,Rainfed,766.68,176.0,12714.0,9747.57
2024-09-13,2024,Kharif,Rice,Punjab,Ludhiana,Tube Well,293.08,182.0,3896.0,1141.84
2017-03-28,2017,Perennial,Sugarcane,Maharashtra,Nashik,Rainfed,388.97,121.0,62994.0,24502.78
2021-03-18,2021,Perennial,Sugarcane,Uttar Pradesh,Kanpur,Rainfed,295.43,183.0,107096.0,31639.37
2020-01-15,2020,Rabi,Pulses,Uttar Pradesh,Kanpur,Canal,40.54,118.0,1998.0,81.0
2025-10-09,2025,Kharif,Cotton,Gujarat,Surat,Tube Well,331.1,146.0,1425.0,471.82
2025-01-11,2025,Kharif,Rice,Chhattisgarh,Raipur,Rainfed,42.06,74.0,4157.0,174.84
2021-10-31,2021,Rabi,Wheat,Bihar,Muzaffarpur,Rainfed,163.14,58.0,3012.0,491.38
2017-06-08,2017,Perennial,Tea,West Bengal,Kolkata,Rainfed,405.32,74.0,1211.0,490.84
2024-04-26,2024,Rabi,Potato,West Bengal,Kolkata,Rainfed,32.59,88.0,23088.0,752.44
2020-07-21,2020,Kharif,Cotton,Maharashtra,Nagpur,Rainfed,981.31,163.0,498.0,488.69
2020-12-17,2020,Rabi,Wheat,Uttar Pradesh,Kanpur,Canal,1195.43,76.0,3031.0,3623.35
2017-12-29,2017,Rabi,Pulses,Uttar Pradesh,Kanpur,Tube Well,623.01,70.0,1880.0,1171.26
2016-09-03,2016,Zaid,Coconut,Kerala,Ernakulam,Rainfed,787.89,189.0,12954.0,10206.33
2017-09-21,2017,Kharif,Cotton,Andhra Pradesh,Chittoor,Canal,818.0,153.0,1472.0,1204.1
2016-12-18,2016,Zaid,Coconut,Karnataka,Hubli,Drip,820.66,121.0,9507.0,7802.01
2023-09-24,2023,Rabi,Oilseeds,Gujarat,Ahmedabad,Rainfed,238.84,64.0,2449.0,584.92
2017-10-15,2017,Perennial,Tea,Assam,Tinsukia,Rainfed,671.58,178.0,2769.0,1859.61
2020-10-05,2020,Kharif,Maize,Karnataka,Hubli,Tube Well,1040.1,66.0,4742.0,4932.15
2019-02-03,2019,Rabi,Oilseeds,Madhya Pradesh,Bhopal,Tube Well,196.69,142.0,1870.0,367.81
2025-02-23,2025,Perennial,Sugarcane,Maharashtra,Mumbai,Drip,895.54,150.0,89814.0,80432.03
2025-06-05,2025,Kharif,Pulses,Uttar Pradesh,Lucknow,Tube Well,1122.94,110.0,1649.0,1851.73
2017-01-20,2017,Perennial,Tea,West Bengal,Darjeeling,Canal,342.63,187.0,1649.0,565.0
2022-02-13,2022,Rabi,Oilseeds,Madhya Pradesh,Bhopal,Tube Well,385.26,58.0,2308.0,889.18
2017-07-14,2017,Kharif,Maize,Andhra Pradesh,Visakhapatnam,Canal,126.07,173.0,7770.0,979.56
2023-02-10,2023,Kharif,Oilseeds,Madhya Pradesh,Bhopal,Rainfed,146.74,133.0,2163.0,317.4
2018-12-10,2018,Zaid,Coconut,Tamil Nadu,Coimbatore,Tube Well,77.11,142.0,16013.0,1234.76
2024-02-16,2024,Kharif,Maize,Telangana,Warangal,Tube Well,508.55,198.0,6536.0,3323.88
2017-09-22,2017,Rabi,Oilseeds,Madhya Pradesh,Bhopal,Tube Well,503.96,137.0,1386.0,698.49
2025-09-27,2025,Kharif,Cotton,Maharashtra,Nashik,Rainfed,1191.79,170.0,866.0,1032.09
2023-09-07,2023,Rabi,Potato,Punjab,Patiala,Canal,817.86,73.0,35896.0,29357.9
2017-05-19,2017,Kharif,Rice,Odisha,Bhubaneswar,Canal,241.94,171.0,3409.0,824.77
2015-08-22,2015,Perennial,Tea,Assam,Kamrup,Rainfed,56.98,164.0,1475.0,84.05
2020-09-02,2020,Perennial,Tea,West Bengal,Kolkata,Rainfed,974.6,195.0,2407.0,2345.86
2023-06-25,2023,Perennial,Sugarcane,Uttar Pradesh,Kanpur,Tube Well,723.5,190.0,95246.0,68910.48
2019-01-03,2019,Zaid,Coconut,Tamil Nadu,Chennai,Drip,813.68,82.0,13462.0,10953.76
2025-10-27,2025,Kharif,Rice,Chhattisgarh,Raipur,Rainfed,20.11,120.0,3343.0,67.23
2017-11-30,2017,Zaid,Coconut,Karnataka,Mysore,Drip,542.07,187.0,16512.0,8950.66
2019-03-01,2019,Kharif,Cotton,Telangana,Hyderabad,Rainfed,299.89,146.0,902.0,270.5
2019-04-02,2019,Kharif,Pulses,Maharashtra,Pune,Tube Well,49.13,120.0,1179.0,57.92
2022-06-13,2022,Kharif,Maize,Maharashtra,Nashik,Rainfed,1010.62,66.0,3862.0,3903.01
2021-06-26,2021,Rabi,Oilseeds,Maharashtra,Nagpur,Rainfed,671.64,103.0,1659.0,1114.25
2021-06-09,2021,Zaid,Coconut,Tamil Nadu,Madurai,Drip,373.17,150.0,15721.0,5866.61
2023-05-28,2023,Rabi,Oilseeds,Rajasthan,Udaipur,Rainfed,566.0,167.0,2499.0,1414.43
2023-07-19,2023,Rabi,Potato,West Bengal,Howrah,Rainfed,497.15,117.0,26074.0,12962.69
2025-07-13,2025,Kharif,Pulses,Uttar Pradesh,Kanpur,Rainfed,15.21,58.0,1140.0,17.34
2016-12-17,2016,Perennial,Coffee,Karnataka,Hubli,Drip,1039.45,145.0,1773.0,1842.94
2020-02-10,2020,Rabi,Pulses,Madhya Pradesh,Bhopal,Rainfed,211.99,188.0,1009.0,213.9
2020-07-08,2020,Rabi,Wheat,Haryana,Karnal,Tube Well,1164.5,124.0,2737.0,3187.24
2018-10-08,2018,Kharif,Oilseeds,Gujarat,Ahmedabad,Tube Well,981.53,189.0,2315.0,2272.24
2018-08-23,2018,Zaid,Coconut,Karnataka,Mysore,Canal,186.99,103.0,13524.0,2528.85
2021-10-05,2021,Rabi,Wheat,Bihar,Gaya,Tube Well,479.26,183.0,4467.0,2140.85
2015-06-09,2015,Kharif,Rice,Tamil Nadu,Chennai,Drip,53.82,168.0,4985.0,268.29
2017-01-18,2017,Kharif,Rice,West Bengal,Howrah,Rainfed,396.46,194.0,5437.0,2155.55
2015-11-23,2015,Rabi,Wheat,Madhya Pradesh,Bhopal,Tube Well,587.47,169.0,4264.0,2504.97
2021-04-13,2021,Rabi,Potato,Punjab,Patiala,Canal,363.23,98.0,29287.0,10637.92
2021-09-04,2021,Kharif,Oilseeds,Madhya Pradesh,Bhopal,Tube Well,102.53,185.0,4340.0,444.98
2019-05-28,2019,Perennial,Tea,Assam,Kamrup,Rainfed,410.63,150.0,1926.0,790.87
2021-02-03,2021,Kharif,Maize,Bihar,Gaya,Canal,541.62,74.0,6729.0,3644.56
2024-02-18,2024,Rabi,Pulses,Maharashtra,Pune,Tube Well,881.82,57.0,1512.0,1333.31
2018-01-09,2018,Perennial,Apple,Jammu and Kashmir,Srinagar,Rainfed,306.06,105.0,5358.0,1639.87
2021-12-25,2021,Rabi,Pulses,Maharashtra,Nashik,Tube Well,907.59,168.0,2560.0,2323.43
2023-07-24,2023,Rabi,Potato,Uttar Pradesh,Kanpur,Canal,1269.66,143.0,41114.0,52200.8
2015-08-31,2015,Kharif,Cotton,Gujarat,Ahmedabad,Rainfed,275.26,129.0,779.0,214.43
2017-09-28,2017,Kharif,Maize,Karnataka,Belgaum,Canal,631.05,51.0,5424.0,3422.82
2020-06-05,2020,Perennial,Sugarcane,Karnataka,Belgaum,Canal,402.5,115.0,96557.0,38864.19
2018-11-12,2018,Rabi,Pulses,Uttar Pradesh,Varanasi,Tube Well,1443.55,74.0,2406.0,3473.18
2015-10-27,2015,Perennial,Coffee,Tamil Nadu,Chennai,Canal,489.9,118.0,1913.0,937.18
2021-10-30,2021,Kharif,Pulses,Rajasthan,Udaipur,Rainfed,672.2,199.0,992.0,666.82
2022-10-16,2022,Kharif,Rice,Tamil Nadu,Chennai,Drip,848.28,182.0,6853.0,5813.26
2019-06-17,2019,Kharif,Pulses,Uttar Pradesh,Kanpur,Canal,1080.51,97.0,1997.0,2157.78
2019-05-28,2019,Rabi,Pulses,Rajasthan,Udaipur,Tube Well,349.18,139.0,1125.0,392.83
2018-02-25,2018,Kharif,Rice,Andhra Pradesh,Guntur,Tube Well,537.62,125.0,4409.0,2370.37
2017-12-18,2017,Perennial,Sugarcane,Karnataka,Mysore,Canal,583.94,70.0,71742.0,41893.02
2023-12-05,2023,Rabi,Potato,Uttar Pradesh,Lucknow,Tube Well,447.51,198.0,40928.0,18315.69
2022-12-28,2022,Perennial,Apple,Jammu and Kashmir,Srinagar,Rainfed,362.76,114.0,5205.0,1888.17
2019-02-25,2019,Kharif,Maize,Karnataka,Mysore,Tube Well,875.82,126.0,7444.0,6519.6
2022-09-01,2022,Perennial,Sugarcane,Maharashtra,Pune,Tube Well,1043.8,147.0,133248.0,139084.26
2024-11-04,2024,Zaid,Coconut,Andhra Pradesh,Chittoor,Rainfed,525.45,79.0,4365.0,2293.59
2021-09-14,2021,Zaid,Coconut,Kerala,Thrissur,Rainfed,66.16,83.0,9362.0,619.39
2025-01-29,2025,Perennial,Coffee,Karnataka,Bangalore,Drip,754.55,79.0,1387.0,1046.56
2020-12-08,2020,Zaid,Coconut,Karnataka,Bangalore,Tube Well,418.11,108.0,14931.0,6242.8
2017-12-15,2017,Rabi,Potato,Bihar,Patna,Tube Well,871.73,80.0,31649.0,27589.38
2022-09-24,2022,Kharif,Oilseeds,Gujarat,Surat,Rainfed,938.6,189.0,2748.0,2579.27
2019-05-23,2019,Kharif,Cotton,Telangana,Hyderabad,Canal,139.34,157.0,1661.0,231.44
2019-08-09,2019,Perennial,Coffee,Tamil Nadu,Madurai,Tube Well,665.87,185.0,964.0,641.9
2020-08-17,2020,Rabi,Pulses,Maharashtra,Mumbai,Drip,902.96,177.0,1961.0,1770.7
2021-06-20,2021,Zaid,Coconut,Karnataka,Mysore,Canal,629.27,155.0,15600.0,9816.61
2023-09-15,2023,Rabi,Oilseeds,Maharashtra,Pune,Drip,673.11,86.0,1612.0,1085.05
2023-10-18,2023,Kharif,Rice,Tamil Nadu,Coimbatore,Canal,258.37,142.0,6829.0,1764.41
2020-06-25,2020,Kharif,Oilseeds,Rajasthan,Udaipur,Tube Well,172.78,78.0,3024.0,522.49
2021-01-10,2021,Rabi,Wheat,Punjab,Amritsar,Canal,1154.33,70.0,3593.0,4147.51
2020-07-26,2020,Rabi,Wheat,Madhya Pradesh,Bhopal,Tube Well,24.76,145.0,3664.0,90.72
2024-10-09,2024,Kharif,Oilseeds,Rajasthan,Jodhpur,Rainfed,547.45,144.0,1385.0,758.22
2019-06-20,2019,Rabi,Potato,West Bengal,Darjeeling,Rainfed,584.21,73.0,11178.0,6530.3
2017-02-04,2017,Kharif,Pulses,Uttar Pradesh,Lucknow,Rainfed,1404.97,103.0,1302.0,1829.27
2016-07-02,2016,Rabi,Oilseeds,Madhya Pradesh,Bhopal,Tube Well,797.88,60.0,3151.0,2514.12
2017-06-26,2017,Kharif,Rice,Punjab,Patiala,Tube Well,998.59,157.0,5020.0,5012.92
2017-06-01,2017,Zaid,Coconut,Tamil Nadu,Madurai,Drip,459.36,198.0,12327.0,5662.53
2023-02-26,2023,Kharif,Cotton,Gujarat,Vadodara,Rainfed,575.35,161.0,721.0,414.83
2023-06-11,2023,Rabi,Wheat,Punjab,Amritsar,Canal,314.28,177.0,3482.0,1094.32
2020-06-20,2020,Kharif,Oilseeds,Maharashtra,Nashik,Rainfed,138.01,121.0,3063.0,422.72
2019-05-06,2019,Kharif,Maize,Telangana,Nizamabad,Rainfed,525.1,64.0,2847.0,1494.96
2023-06-04,2023,Kharif,Pulses,Rajasthan,Jaipur,Tube Well,565.79,159.0,1645.0,930.72
2019-03-25,2019,Rabi,Oilseeds,Madhya Pradesh,Bhopal,Tube Well,216.8,88.0,3141.0,680.97
2017-03-30,2017,Rabi,Pulses,Rajasthan,Jodhpur,Tube Well,299.56,108.0,1828.0,547.6
2016-09-16,2016,Kharif,Oilseeds,Gujarat,Ahmedabad,Rainfed,670.18,155.0,1773.0,1188.23
2015-12-06,2015,Rabi,Pulses,Maharashtra,Nashik,Rainfed,1181.19,186.0,2280.0,2693.11
2023-11-24,2023,Perennial,Tea,Assam,Dibrugarh,Rainfed,119.52,123.0,1989.0,237.73
2019-01-09,2019,Zaid,Coconut,Kerala,Ernakulam,Drip,197.14,194.0,10242.0,2019.11
2020-04-27,2020,Kharif,Oilseeds,Rajasthan,Jodhpur,Rainfed,643.79,128.0,2805.0,1805.83
2024-04-15,2024,Rabi,Pulses,Rajasthan,Jaipur,Rainfed,37.28,68.0,914.0,34.07
2020-02-29,2020,Kharif,Rice,Assam,Kamrup,Rainfed,528.33,128.0,3528.0,1863.95
2017-09-07,2017,Kharif,Pulses,Madhya Pradesh,Bhopal,Rainfed,515.23,179.0,2046.0,1054.16
2023-07-17,2023,Perennial,Coffee,Tamil Nadu,Coimbatore,Drip,427.75,131.0,2155.0,921.8
2023-12-29,2023,Kharif,Rice,Bihar,Purnia,Canal,473.48,162.0,4626.0,2190.32
2018-10-28,2018,Rabi,Wheat,Punjab,Amritsar,Tube Well,1283.83,132.0,3047.0,3911.83
2022-06-10,2022,Rabi,Potato,Punjab,Ludhiana,Canal,255.82,132.0,29806.0,7624.97
2018-05-29,2018,Zaid,Coconut,Karnataka,Bangalore,Drip,262.41,93.0,15682.0,4115.11
2020-08-28,2020,Rabi,Potato,Uttar Pradesh,Lucknow,Canal,773.4,80.0,29653.0,22933.63
2017-12-31,2017,Kharif,Cotton,Telangana,Warangal,Tube Well,374.67,92.0,1099.0,411.76
2023-09-10,2023,Kharif,Rice,Chhattisgarh,Raipur,Rainfed,406.32,116.0,2983.0,1212.05
2019-12-21,2019,Rabi,Oilseeds,Maharashtra,Pune,Drip,1197.88,171.0,3435.0,4114.72
2016-08-04,2016,Kharif,Cotton,Telangana,Nizamabad,Tube Well,826.22,174.0,1590.0,1313.69
2020-12-13,2020,Kharif,Rice,Uttar Pradesh,Lucknow,Canal,352.73,75.0,3939.0,1389.4
2017-10-06,2017,Kharif,Pulses,Rajasthan,Jaipur,Rainfed,218.48,133.0,1144.0,249.94
2025-02-28,2025,Kharif,Rice,Odisha,Bhubaneswar,Rainfed,154.24,112.0,3483.0,537.22
2016-01-16,2016,Kharif,Maize,Madhya Pradesh,Bhopal,Rainfed,742.95,136.0,4355.0,3235.55
2022-01-12,2022,Kharif,Cotton,Andhra Pradesh,Chittoor,Rainfed,483.46,147.0,834.0,403.21
2016-04-26,2016,Rabi,Pulses,Rajasthan,Udaipur,Rainfed,320.3,92.0,893.0,286.03
2019-10-04,2019,Rabi,Potato,Uttar Pradesh,Lucknow,Rainfed,1205.93,188.0,19206.0,23161.09
2022-02-28,2022,Perennial,Tea,Assam,Tinsukia,Rainfed,415.25,190.0,2580.0,1071.34
2019-10-31,2019,Kharif,Cotton,Maharashtra,Nashik,Tube Well,164.48,66.0,855.0,140.63
2024-07-24,2024,Kharif,Oilseeds,Madhya Pradesh,Bhopal,Tube Well,355.9,155.0,4085.0,1453.85
2024-05-21,2024,Kharif,Maize,Bihar,Purnia,Canal,634.22,55.0,6213.0,3940.41
2023-08-11,2023,Rabi,Pulses,Madhya Pradesh,Bhopal,Tube Well,578.18,57.0,1445.0,835.47
2019-12-28,2019,Zaid,Coconut,Andhra Pradesh,Chittoor,Canal,777.97,194.0,9294.0,7230.45
2023-06-26,2023,Kharif,Maize,Karnataka,Hubli,Canal,139.91,154.0,7329.0,1025.4
2019-11-10,2019,Perennial,Sugarcane,Maharashtra,Mumbai,Drip,402.6,99.0,89380.0,35984.39
2018-01-30,2018,Kharif,Rice,Telangana,Warangal,Canal,662.87,150.0,6884.0,4563.2
2016-01-21,2016,Rabi,Oilseeds,Maharashtra,Nashik,Drip,1145.45,177.0,1932.0,2213.01
2017-06-23,2017,Zaid,Coconut,Kerala,Ernakulam,Drip,47.28,181.0,6673.0,315.5
2022-09-10,2022,Perennial,Tea,Kerala,Thrissur,Drip,43.36,53.0,1674.0,72.58
2018-06-29,2018,Zaid,Coconut,Kerala,Ernakulam,Drip,518.29,173.0,13788.0,7146.18
2016-09-09,2016,Perennial,Apple,Jammu and Kashmir,Srinagar,Rainfed,223.74,178.0,15090.0,3376.24
2024-05-04,2024,Kharif,Maize,Telangana,Hyderabad,Canal,148.25,139.0,4962.0,735.62
2024-03-01,2024,Perennial,Coffee,Tamil Nadu,Madurai,Drip,607.64,122.0,1551.0,942.45
2024-01-10,2024,Kharif,Oilseeds,Maharashtra,Pune,Rainfed,1267.09,67.0,1199.0,1519.24
2023-06-09,2023,Perennial,Apple,Himachal Pradesh,Kangra,Rainfed,319.14,86.0,10258.0,3273.74
2022-01-11,2022,Rabi,Oilseeds,Maharashtra,Mumbai,Drip,589.39,124.0,1487.0,876.42
2021-05-26,2021,Perennial,Sugarcane,Uttar Pradesh,Kanpur,Rainfed,1243.02,180.0,88328.0,109793.47
2017-01-18,2017,Rabi,Pulses,Maharashtra,Mumbai,Drip,284.54,170.0,2211.0,629.12
2018-05-11,2018,Rabi,Wheat,Bihar,Purnia,Canal,420.18,124.0,2873.0,1207.18
2022-12-13,2022,Rabi,Pulses,Rajasthan,Jaipur,Tube Well,374.16,168.0,2313.0,865.43
2015-09-09,2015,Zaid,Coconut,Tamil Nadu,Madurai,Drip,559.95,165.0,13189.0,7385.18
2019-12-19,2019,Kharif,Pulses,Uttar Pradesh,Varanasi,Canal,1382.25,137.0,2180.0,3013.3
2016-03-15,2016,Kharif,Cotton,Gujarat,Ahmedabad,Rainfed,358.28,83.0,790.0,283.04
2022-08-13,2022,Kharif,Oilseeds,Gujarat,Surat,Rainfed,77.24,102.0,2428.0,187.54
2025-08-07,2025,Kharif,Oilseeds,Gujarat,Vadodara,Rainfed,1100.49,75.0,1937.0,2131.65
2018-03-13,2018,Perennial,Coffee,Kerala,Kozhikode,Rainfed,181.48,51.0,1283.0,232.84
2024-11-20,2024,Kharif,Maize,Maharashtra,Pune,Tube Well,498.95,62.0,6866.0,3425.79
2018-12-01,2018,Perennial,Sugarcane,Karnataka,Mysore,Tube Well,588.67,164.0,121921.0,71771.24
2020-06-08,2020,Kharif,Oilseeds,Gujarat,Rajkot,Rainfed,1171.3,55.0,2567.0,3006.73
2024-11-01,2024,Kharif,Rice,Andhra Pradesh,Visakhapatnam,Rainfed,646.97,110.0,4808.0,3110.63
2023-02-11,2023,Zaid,Coconut,Tamil Nadu,Madurai,Tube Well,498.04,198.0,9085.0,4524.69
2021-03-24,2021,Rabi,Pulses,Madhya Pradesh,Bhopal,Tube Well,471.07,169.0,2837.0,1336.43
2023-07-30,2023,Rabi,Pulses,Maharashtra,Nashik,Drip,1262.34,163.0,1718.0,2168.7
2018-04-14,2018,Rabi,Oilseeds,Madhya Pradesh,Bhopal,Rainfed,656.18,91.0,1010.0,662.74
2017-09-05,2017,Zaid,Coconut,Andhra Pradesh,Chittoor,Tube Well,211.07,146.0,16035.0,3384.51
2025-08-09,2025,Kharif,Pulses,Madhya Pradesh,Bhopal,Rainfed,644.58,125.0,1106.0,712.91
2022-02-24,2022,Perennial,Apple,Himachal Pradesh,Mandi,Rainfed,422.14,144.0,11591.0,4893.02
2020-07-27,2020,Perennial,Tea,Kerala,Kozhikode,Drip,555.65,115.0,3469.0,1927.55
2020-01-31,2020,Rabi,Pulses,Madhya Pradesh,Bhopal,Rainfed,529.21,130.0,897.0,474.7
2020-01-26,2020,Kharif,Maize,Maharashtra,Mumbai,Drip,578.73,198.0,6169.0,3570.19
2021-06-22,2021,Rabi,Pulses,Uttar Pradesh,Kanpur,Rainfed,966.13,99.0,1513.0,1461.75
2020-02-20,2020,Kharif,Oilseeds,Rajasthan,Udaipur,Tube Well,518.93,82.0,3090.0,1603.49
2023-09-21,2023,Kharif,Pulses,Maharashtra,Nashik,Tube Well,168.44,117.0,2307.0,388.59
2021-12-13,2021,Kharif,Pulses,Madhya Pradesh,Bhopal,Tube Well,213.29,129.0,2478.0,528.53
2023-10-22,2023,Rabi,Wheat,Uttar Pradesh,Kanpur,Rainfed,299.18,63.0,2158.0,645.63
2020-03-12,2020,Perennial,Sugarcane,Karnataka,Hubli,Tube Well,926.92,171.0,97841.0,90690.78
2020-02-02,2020,Zaid,Coconut,Andhra Pradesh,Krishna,Canal,819.2,113.0,13126.0,10752.82
2016-01-06,2016,Zaid,Coconut,Karnataka,Belgaum,Drip,501.35,112.0,13660.0,6848.44
2023-06-12,2023,Rabi,Wheat,Haryana,Gurgaon,Tube Well,1158.22,149.0,3604.0,4174.22
2018-07-02,2018,Kharif,Pulses,Madhya Pradesh,Bhopal,Rainfed,576.26,166.0,1292.0,744.53
2016-05-04,2016,Kharif,Maize,Andhra Pradesh,Chittoor,Canal,1097.18,198.0,6162.0,6760.82
2023-12-14,2023,Perennial,Tea,West Bengal,Darjeeling,Rainfed,93.72,76.0,2214.0,207.5
2021-11-03,2021,Kharif,Cotton,Andhra Pradesh,Guntur,Tube Well,615.9,102.0,1432.0,881.97
2024-08-16,2024,Perennial,Sugarcane,Tamil Nadu,Madurai,Tube Well,780.36,75.0,61270.0,47812.66
2016-10-24,2016,Rabi,Oilseeds,Rajasthan,Jodhpur,Rainfed,153.17,182.0,1877.0,287.5
2025-04-01,2025,Rabi,Wheat,Madhya Pradesh,Bhopal,Tube Well,268.43,132.0,3727.0,1000.44
2021-03-25,2021,Zaid,Coconut,Tamil Nadu,Madurai,Canal,466.68,178.0,17874.0,8341.44
2019-01-16,2019,Rabi,Pulses,Madhya Pradesh,Bhopal,Rainfed,637.52,198.0,2255.0,1437.61
2022-09-09,2022,Perennial,Apple,Himachal Pradesh,Kangra,Rainfed,251.85,133.0,11841.0,2982.16
2017-02-06,2017,Perennial,Apple,Jammu and Kashmir,Srinagar,Rainfed,202.22,68.0,5089.0,1029.1
2024-02-16,2024,Rabi,Pulses,Uttar Pradesh,Kanpur,Rainfed,652.02,104.0,1027.0,669.62
2021-02-18,2021,Kharif,Maize,Madhya Pradesh,Bhopal,Rainfed,190.59,55.0,3911.0,745.4
2016-05-20,2016,Rabi,Wheat,Bihar,Muzaffarpur,Canal,923.84,177.0,5896.0,5446.96
2023-04-06,2023,Perennial,Sugarcane,Karnataka,Mysore,Canal,356.4,53.0,66076.0,23549.49
2024-06-28,2024,Kharif,Rice,Tamil Nadu,Madurai,Tube Well,628.54,139.0,5926.0,3724.73
2020-06-19,2020,Rabi,Potato,Punjab,Ludhiana,Tube Well,231.68,66.0,16406.0,3800.94
2017-02-06,2017,Rabi,Wheat,Uttar Pradesh,Varanasi,Tube Well,657.02,51.0,3475.0,2283.14
2016-05-22,2016,Zaid,Coconut,Tamil Nadu,Coimbatore,Tube Well,995.15,88.0,12542.0,12481.17
2017-11-29,2017,Kharif,Cotton,Gujarat,Rajkot,Tube Well,1194.6,133.0,1279.0,1527.89
2017-05-06,2017,Zaid,Coconut,Kerala,Ernakulam,Rainfed,295.78,61.0,9387.0,2776.49
2017-03-04,2017,Perennial,Apple,Jammu and Kashmir,Srinagar,Rainfed,70.06,142.0,13998.0,980.7
2016-08-10,2016,Kharif,Maize,Madhya Pradesh,Bhopal,Tube Well,258.42,151.0,5415.0,1399.34
2020-08-29,2020,Kharif,Maize,Telangana,Hyderabad,Tube Well,301.25,195.0,6071.0,1828.89
2019-11-09,2019,Perennial,Tea,Assam,Tinsukia,Rainfed,519.16,185.0,2542.0,1319.7
2016-11-12,2016,Kharif,Rice,Odisha,Bhubaneswar,Canal,451.58,135.0,2971.0,1341.64
2016-07-18,2016,Perennial,Apple,Himachal Pradesh,Mandi,Rainfed,386.55,169.0,11303.0,4369.17
2020-04-08,2020,Rabi,Oilseeds,Madhya Pradesh,Bhopal,Tube Well,564.03,105.0,3626.0,2045.17
2018-12-18,2018,Kharif,Pulses,Maharashtra,Pune,Rainfed,334.19,138.0,1971.0,658.69
2024-08-02,2024,Perennial,Sugarcane,Tamil Nadu,Madurai,Canal,864.84,111.0,121466.0,105048.66
2023-10-29,2023,Rabi,Pulses,Madhya Pradesh,Bhopal,Rainfed,679.49,101.0,819.0,556.5
2016-05-31,2016,Rabi,Oilseeds,Maharashtra,Mumbai,Tube Well,781.92,159.0,3887.0,3039.32
2018-01-04,2018,Kharif,Rice,Tamil Nadu,Madurai,Tube Well,1021.16,95.0,5935.0,6060.58
2018-12-02,2018,Rabi,Potato,Punjab,Ludhiana,Tube Well,1176.59,107.0,29816.0,35081.21
2015-12-09,2015,Kharif,Oilseeds,Rajasthan,Udaipur,Tube Well,420.82,105.0,2040.0,858.47
2025-09-16,2025,Kharif,Oilseeds,Gujarat,Vadodara,Rainfed,1088.34,181.0,2249.0,2447.68
2025-03-19,2025,Perennial,Coffee,Kerala,Thrissur,Rainfed,484.28,76.0,1195.0,578.71
2019-04-04,2019,Kharif,Cotton,Maharashtra,Nashik,Drip,682.34,107.0,1463.0,998.26
2021-04-13,2021,Rabi,Wheat,Madhya Pradesh,Bhopal,Rainfed,291.44,183.0,3061.0,892.1
2018-06-09,2018,Kharif,Maize,Maharashtra,Nagpur,Drip,1148.89,52.0,4993.0,5736.41
2017-02-02,2017,Zaid,Coconut,Andhra Pradesh,Guntur,Canal,156.05,192.0,15238.0,2377.89
2016-11-30,2016,Kharif,Cotton,Telangana,Hyderabad,Canal,431.42,185.0,1446.0,623.83
2024-06-10,2024,Perennial,Sugarcane,Maharashtra,Nashik,Rainfed,703.26,113.0,76674.0,53921.76
2020-12-05,2020,Rabi,Potato,Punjab,Ludhiana,Canal,836.58,148.0,26415.0,22098.26
2015-11-01,2015,Kharif,Maize,Karnataka,Hubli,Canal,720.56,199.0,7744.0,5580.02
2019-12-22,2019,Kharif,Rice,Bihar,Muzaffarpur,Rainfed,510.74,133.0,2201.0,1124.14
2016-12-22,2016,Kharif,Cotton,Gujarat,Vadodara,Tube Well,315.61,65.0,546.0,172.32
2020-09-19,2020,Rabi,Potato,Punjab,Ludhiana,Canal,1286.85,178.0,32347.0,41625.74
2021-09-04,2021,Kharif,Pulses,Maharashtra,Pune,Drip,858.21,70.0,1368.0,1174.03
2021-08-18,2021,Perennial,Tea,West Bengal,Kolkata,Rainfed,945.42,89.0,2098.0,1983.49
2018-01-13,2018,Rabi,Potato,Bihar,Muzaffarpur,Tube Well,283.28,181.0,36932.0,10462.1
2017-08-07,2017,Kharif,Maize,Bihar,Purnia,Tube Well,640.69,88.0,6348.0,4067.1
2024-10-19,2024,Rabi,Wheat,Bihar,Purnia,Rainfed,717.03,162.0,4194.0,3007.22
2016-10-31,2016,Zaid,Coconut,Andhra Pradesh,Chittoor,Rainfed,466.25,117.0,5232.0,2439.42
2024-10-12,2024,Kharif,Cotton,Maharashtra,Nagpur,Tube Well,1057.79,164.0,858.0,907.58
2022-11-26,2022,Kharif,Pulses,Madhya Pradesh,Bhopal,Tube Well,11.98,85.0,1357.0,16.26
2023-02-20,2023,Kharif,Oilseeds,Rajasthan,Jaipur,Rainfed,420.49,113.0,2599.0,1092.85
2020-02-09,2020,Zaid,Coconut,Karnataka,Bangalore,Tube Well,678.79,98.0,10298.0,6990.18
2016-03-22,2016,Rabi,Pulses,Rajasthan,Udaipur,Tube Well,378.35,87.0,1363.0,515.69
2024-10-04,2024,Rabi,Wheat,Rajasthan,Jodhpur,Tube Well,444.73,97.0,2859.0,1271.48
2015-09-29,2015,Perennial,Coffee,Kerala,Kozhikode,Rainfed,142.11,98.0,1374.0,195.26
2019-04-05,2019,Perennial,Apple,Himachal Pradesh,Kangra,Rainfed,345.54,193.0,13798.0,4767.76
2025-01-23,2025,Rabi,Wheat,Madhya Pradesh,Bhopal,Rainfed,275.27,130.0,3192.0,878.66
2021-10-09,2021,Perennial,Coffee,Kerala,Kozhikode,Drip,367.12,119.0,2085.0,765.45
2021-02-22,2021,Kharif,Rice,Uttar Pradesh,Kanpur,Tube Well,506.33,125.0,6016.0,3046.08
2021-04-12,2021,Kharif,Pulses,Maharashtra,Mumbai,Drip,621.38,199.0,1645.0,1022.17
2021-03-12,2021,Kharif,Pulses,Uttar Pradesh,Kanpur,Canal,936.14,148.0,2023.0,1893.81
2022-02-24,2022,Kharif,Oilseeds,Maharashtra,Nashik,Tube Well,1091.46,156.0,2749.0,3000.42
2024-04-07,2024,Rabi,Wheat,Punjab,Patiala,Tube Well,730.32,97.0,4641.0,3389.42
2016-04-03,2016,Perennial,Apple,Himachal Pradesh,Mandi,Rainfed,168.38,121.0,6671.0,1123.26
2020-03-04,2020,Kharif,Pulses,Maharashtra,Nagpur,Drip,639.45,78.0,1772.0,1133.11
2019-05-03,2019,Kharif,Maize,Andhra Pradesh,Visakhapatnam,Tube Well,829.68,153.0,6809.0,5649.29
2022-09-22,2022,Rabi,Potato,West Bengal,Darjeeling,Canal,387.9,102.0,38293.0,14853.85
2022-10-28,2022,Perennial,Sugarcane,Tamil Nadu,Coimbatore,Drip,461.57,162.0,145294.0,67063.35
2016-10-18,2016,Kharif,Oilseeds,Gujarat,Vadodara,Tube Well,679.78,82.0,2530.0,1719.84
2020-07-06,2020,Rabi,Potato,Uttar Pradesh,Varanasi,Tube Well,448.07,111.0,28560.0,12796.88
2018-06-01,2018,Kharif,Cotton,Telangana,Hyderabad,Tube Well,196.09,121.0,1421.0,278.64
2015-08-23,2015,Kharif,Rice,Andhra Pradesh,Chittoor,Canal,177.07,75.0,5334.0,944.49
2015-02-28,2015,Perennial,Apple,Himachal Pradesh,Shimla,Rainfed,182.78,60.0,12662.0,2314.36
2017-11-10,2017,Perennial,Sugarcane,Maharashtra,Pune,Rainfed,72.36,98.0,93507.0,6766.17
2019-06-21,2019,Kharif,Pulses,Madhya Pradesh,Bhopal,Rainfed,470.95,132.0,1885.0,887.74
2023-02-13,2023,Perennial,Apple,Himachal Pradesh,Shimla,Rainfed,96.2,148.0,5483.0,527.46
2021-11-13,2021,Rabi,Pulses,Madhya Pradesh,Bhopal,Tube Well,308.14,114.0,1522.0,468.99
2025-09-07,2025,Perennial,Coffee,Kerala,Kozhikode,Drip,222.69,125.0,1299.0,289.27
2019-07-15,2019,Rabi,Wheat,Rajasthan,Jodhpur,Rainfed,444.97,131.0,3510.0,1561.84
2020-03-15,2020,Rabi,Oilseeds,Rajasthan,Jodhpur,Tube Well,596.74,127.0,2142.0,1278.22
2017-05-29,2017,Rabi,Pulses,Rajasthan,Udaipur,Rainfed,446.98,64.0,1099.0,491.23
2023-09-24,2023,Rabi,Wheat,Haryana,Gurgaon,Canal,764.08,111.0,3770.0,2880.58
2017-04-10,2017,Kharif,Pulses,Uttar Pradesh,Varanasi,Rainfed,1006.93,81.0,1860.0,1872.89
2015-12-20,2015,Kharif,Pulses,Madhya Pradesh,Bhopal,Tube Well,33.69,130.0,1767.0,59.53
2025-07-30,2025,Kharif,Oilseeds,Madhya Pradesh,Bhopal,Rainfed,107.05,164.0,1416.0,151.58
2018-04-03,2018,Zaid,Coconut,Kerala,Ernakulam,Rainfed,84.99,137.0,4280.0,363.76
2024-02-27,2024,Kharif,Maize,Telangana,Hyderabad,Canal,97.4,83.0,4746.0,462.26
2016-09-13,2016,Rabi,Oilseeds,Maharashtra,Pune,Rainfed,346.02,81.0,2750.0,951.56
2018-04-20,2018,Perennial,Tea,Kerala,Kozhikode,Rainfed,430.32,56.0,2216.0,953.59
2019-11-25,2019,Kharif,Maize,Bihar,Muzaffarpur,Tube Well,123.53,114.0,5950.0,735.0
2025-02-08,2025,Rabi,Wheat,Bihar,Gaya,Tube Well,935.77,115.0,4279.0,4004.16
2020-10-01,2020,Rabi,Pulses,Uttar Pradesh,Varanasi,Tube Well,1282.84,85.0,2160.0,2770.93
2025-02-13,2025,Perennial,Sugarcane,Maharashtra,Pune,Rainfed,1263.42,165.0,58443.0,73838.06
2016-07-10,2016,Kharif,Oilseeds,Maharashtra,Mumbai,Rainfed,64.83,108.0,1756.0,113.84
2024-02-20,2024,Rabi,Oilseeds,Gujarat,Vadodara,Tube Well,1023.17,150.0,3153.0,3226.06
2023-03-16,2023,Perennial,Tea,West Bengal,Darjeeling,Canal,886.07,146.0,3358.0,2975.42
2023-08-08,2023,Perennial,Sugarcane,Tamil Nadu,Coimbatore,Drip,993.3,141.0,127570.0,126715.28
2024-09-05,2024,Rabi,Potato,Punjab,Patiala,Canal,796.64,186.0,25951.0,20673.6
2024-11-24,2024,Rabi,Pulses,Uttar Pradesh,Lucknow,Canal,1183.95,52.0,2279.0,2698.22
2024-08-14,2024,Rabi,Potato,West Bengal,Kolkata,Rainfed,65.9,60.0,21382.0,1409.07
2021-12-17,2021,Perennial,Coffee,Karnataka,Mysore,Drip,92.71,158.0,2022.0,187.46
2017-09-09,2017,Rabi,Potato,Punjab,Patiala,Canal,186.61,103.0,23505.0,4386.27
2018-11-22,2018,Kharif,Maize,Karnataka,Belgaum,Drip,1007.12,198.0,4870.0,4904.67
2020-03-04,2020,Perennial,Apple,Himachal Pradesh,Shimla,Rainfed,39.97,82.0,6379.0,254.97
2020-01-26,2020,Rabi,Pulses,Rajasthan,Udaipur,Tube Well,79.1,78.0,2323.0,183.75
2024-11-27,2024,Rabi,Pulses,Rajasthan,Udaipur,Rainfed,651.98,138.0,889.0,579.61
2019-11-30,2019,Kharif,Pulses,Rajasthan,Jodhpur,Rainfed,84.1,92.0,1478.0,124.3
2019-07-22,2019,Rabi,Wheat,Uttar Pradesh,Varanasi,Canal,1305.94,101.0,3727.0,4867.24
2019-05-16,2019,Kharif,Pulses,Madhya Pradesh,Bhopal,Tube Well,633.52,188.0,1930.0,1222.69
2018-02-12,2018,Rabi,Wheat,Uttar Pradesh,Varanasi,Rainfed,70.02,54.0,2542.0,177.99
2021-07-20,2021,Kharif,Maize,Karnataka,Belgaum,Canal,33.81,130.0,4458.0,150.72
2022-04-13,2022,Rabi,Pulses,Rajasthan,Jaipur,Rainfed,378.73,100.0,937.0,354.87
2019-07-27,2019,Perennial,Apple,Jammu and Kashmir,Srinagar,Rainfed,398.9,102.0,5593.0,2231.05
2020-09-12,2020,Kharif,Maize,Andhra Pradesh,Chittoor,Tube Well,1055.81,87.0,3905.0,4122.94
2021-12-28,2021,Perennial,Tea,Assam,Dibrugarh,Rainfed,254.92,70.0,1056.0,269.2
2016-08-07,2016,Rabi,Wheat,Rajasthan,Jaipur,Tube Well,276.55,55.0,3941.0,1089.88
2025-08-10,2025,Perennial,Apple,Jammu and Kashmir,Srinagar,Rainfed,161.28,198.0,7164.0,1155.41
2022-08-13,2022,Zaid,Coconut,Karnataka,Hubli,Canal,810.25,149.0,8758.0,7096.17
2020-10-18,2020,Rabi,Pulses,Madhya Pradesh,Bhopal,Rainfed,279.49,167.0,1764.0,493.02
2017-09-18,2017,Zaid,Coconut,Karnataka,Bangalore,Drip,171.1,60.0,6245.0,1068.52
2024-08-11,2024,Perennial,Sugarcane,Tamil Nadu,Chennai,Canal,824.35,52.0,115074.0,94861.25
2023-05-25,2023,Rabi,Pulses,Uttar Pradesh,Lucknow,Canal,692.44,140.0,1944.0,1346.1
2017-01-28,2017,Kharif,Cotton,Andhra Pradesh,Guntur,Canal,101.37,159.0,1711.0,173.44
2017-02-25,2017,Rabi,Potato,Punjab,Patiala,Canal,1187.18,109.0,18581.0,22058.99
2018-05-31,2018,Perennial,Tea,West Bengal,Howrah,Canal,647.99,108.0,1401.0,907.83
2020-01-06,2020,Zaid,Coconut,Andhra Pradesh,Krishna,Canal,592.35,108.0,11681.0,6919.24
2021-02-01,2021,Zaid,Coconut,Karnataka,Mysore,Drip,743.94,73.0,8669.0,6449.22
2024-02-02,2024,Rabi,Wheat,Haryana,Faridabad,Canal,712.46,163.0,4627.0,3296.55
2015-07-11,2015,Perennial,Sugarcane,Maharashtra,Pune,Drip,846.46,82.0,97998.0,82951.39
2023-03-06,2023,Kharif,Cotton,Maharashtra,Mumbai,Drip,1129.06,99.0,1051.0,1186.64
2023-02-17,2023,Rabi,Pulses,Maharashtra,Nashik,Tube Well,801.43,151.0,2518.0,2018.0
2020-12-08,2020,Kharif,Rice,Punjab,Amritsar,Canal,992.8,50.0,3091.0,3068.74
2022-06-07,2022,Kharif,Oilseeds,Rajasthan,Jodhpur,Tube Well,433.56,165.0,2828.0,1226.11
2025-04-10,2025,Kharif,Maize,Andhra Pradesh,Visakhapatnam,Canal,642.1,185.0,6474.0,4156.96
2016-04-02,2016,Kharif,Oilseeds,Madhya Pradesh,Bhopal,Tube Well,145.86,58.0,2743.0,400.09
2017-04-15,2017,Rabi,Pulses,Madhya Pradesh,Bhopal,Rainfed,275.19,139.0,912.0,250.97
2015-09-30,2015,Kharif,Rice,Assam,Kamrup,Rainfed,557.56,111.0,3623.0,2020.04
2023-03-20,2023,Rabi,Oilseeds,Rajasthan,Jaipur,Tube Well,303.58,62.0,2305.0,699.75
2017-01-12,2017,Kharif,Oilseeds,Madhya Pradesh,Bhopal,Tube Well,330.84,152.0,4081.0,1350.16
2024-03-30,2024,Kharif,Rice,Punjab,Patiala,Canal,1141.31,142.0,6063.0,6919.76
2023-05-27,2023,Kharif,Oilseeds,Gujarat,Surat,Rainfed,16.63,146.0,1405.0,23.37
2025-04-17,2025,Kharif,Maize,Andhra Pradesh,Visakhapatnam,Canal,818.0,172.0,6759.0,5528.86
2019-11-15,2019,Rabi,Wheat,Rajasthan,Jodhpur,Rainfed,347.57,93.0,3487.0,1211.98
2024-09-14,2024,Rabi,Oilseeds,Maharashtra,Nagpur,Tube Well,496.02,152.0,2837.0,1407.21
2015-12-29,2015,Rabi,Pulses,Madhya Pradesh,Bhopal,Rainfed,279.02,161.0,1351.0,376.96
2022-04-06,2022,Rabi,Pulses,Maharashtra,Nagpur,Rainfed,233.01,75.0,1183.0,275.65
2022-07-14,2022,Kharif,Rice,Uttar Pradesh,Varanasi,Tube Well,508.04,194.0,4593.0,2333.43
2019-04-23,2019,Perennial,Sugarcane,Tamil Nadu,Chennai,Tube Well,436.65,101.0,64629.0,28220.25
2018-12-15,2018,Rabi,Pulses,Madhya Pradesh,Bhopal,Rainfed,355.58,157.0,1832.0,651.42
2020-10-15,2020,Rabi,Wheat,Punjab,Patiala,Canal,1011.73,163.0,4740.0,4795.6
2020-05-10,2020,Kharif,Cotton,Telangana,Hyderabad,Canal,413.68,126.0,850.0,351.63
2024-03-03,2024,Kharif,Maize,Madhya Pradesh,Bhopal,Tube Well,639.06,69.0,5837.0,3730.19
2024-12-06,2024,Kharif,Pulses,Rajasthan,Jaipur,Rainfed,451.42,91.0,1140.0,514.62
2016-07-03,2016,Kharif,Maize,Maharashtra,Nagpur,Rainfed,254.58,85.0,3592.0,914.45
2022-11-06,2022,Rabi,Potato,Bihar,Purnia,Canal,284.4,128.0,34435.0,9793.31
2023-08-23,2023,Rabi,Potato,West Bengal,Darjeeling,Rainfed,96.38,89.0,25402.0,2448.24
2022-10-20,2022,Rabi,Oilseeds,Madhya Pradesh,Bhopal,Tube Well,757.12,132.0,3014.0,2281.96
2017-09-27,2017,Zaid,Coconut,Tamil Nadu,Coimbatore,Tube Well,976.34,93.0,12830.0,12526.44
2016-06-11,2016,Perennial,Sugarcane,Maharashtra,Pune,Rainfed,119.39,50.0,61457.0,7337.35
2021-11-09,2021,Zaid,Coconut,Tamil Nadu,Chennai,Tube Well,635.74,104.0,5829.0,3705.73
2024-02-19,2024,Perennial,Apple,Himachal Pradesh,Shimla,Rainfed,480.6,141.0,11754.0,5648.97
2020-04-09,2020,Kharif,Rice,Punjab,Amritsar,Tube Well,1123.24,166.0,3922.0,4405.35
2024-07-17,2024,Kharif,Maize,Karnataka,Bangalore,Canal,546.08,54.0,6450.0,3522.22
2019-04-22,2019,Kharif,Cotton,Maharashtra,Nashik,Drip,321.02,89.0,925.0,296.94
2020-05-27,2020,Rabi,Pulses,Uttar Pradesh,Lucknow,Canal,425.77,198.0,2496.0,1062.72
2025-05-24,2025,Perennial,Apple,Himachal Pradesh,Kangra,Rainfed,370.76,89.0,10215.0,3787.31
2019-08-29,2019,Kharif,Maize,Bihar,Muzaffarpur,Tube Well,782.77,167.0,7738.0,6057.07
2016-03-11,2016,Perennial,Apple,Jammu and Kashmir,Srinagar,Rainfed,216.19,126.0,13813.0,2986.23
2017-09-17,2017,Kharif,Oilseeds,Madhya Pradesh,Bhopal,Rainfed,105.55,68.0,1060.0,111.88
2015-12-26,2015,Perennial,Coffee,Tamil Nadu,Coimbatore,Tube Well,1027.92,147.0,1092.0,1122.49
2018-07-27,2018,Kharif,Rice,Tamil Nadu,Madurai,Tube Well,930.79,195.0,6843.0,6369.4
2017-10-11,2017,Kharif,Oilseeds,Madhya Pradesh,Bhopal,Rainfed,121.03,183.0,2060.0,249.32
2023-03-05,2023,Rabi,Wheat,Madhya Pradesh,Bhopal,Rainfed,54.81,154.0,3294.0,180.54
2024-06-25,2024,Kharif,Pulses,Uttar Pradesh,Varanasi,Rainfed,808.44,127.0,1059.0,856.14
2019-12-07,2019,Kharif,Pulses,Madhya Pradesh,Bhopal,Tube Well,234.47,98.0,1844.0,432.36
2020-02-27,2020,Kharif,Oilseeds,Rajasthan,Jaipur,Rainfed,205.44,104.0,1525.0,313.3
2018-05-30,2018,Perennial,Sugarcane,Uttar Pradesh,Lucknow,Tube Well,139.96,102.0,116120.0,16252.16
2022-01-09,2022,Rabi,Potato,Bihar,Muzaffarpur,Rainfed,953.85,188.0,16083.0,15340.77
2017-12-02,2017,Kharif,Maize,Karnataka,Bangalore,Canal,914.88,82.0,5209.0,4765.61
2023-01-22,2023,Rabi,Potato,Bihar,Muzaffarpur,Canal,122.7,107.0,15910.0,1952.16
2020-02-01,2020,Zaid,Coconut,Andhra Pradesh,Chittoor,Canal,1053.15,115.0,11802.0,12429.28
2021-05-22,2021,Kharif,Pulses,Madhya Pradesh,Bhopal,Rainfed,549.54,111.0,1949.0,1071.05
2023-07-03,2023,Rabi,Pulses,Rajasthan,Jodhpur,Rainfed,234.55,51.0,909.0,213.21
2016-06-20,2016,Kharif,Oilseeds,Maharashtra,Nagpur,Drip,1133.91,91.0,1406.0,1594.28
2019-01-17,2019,Kharif,Pulses,Madhya Pradesh,Bhopal,Tube Well,482.44,125.0,1728.0,833.66
2020-10-10,2020,Rabi,Potato,West Bengal,Howrah,Canal,935.05,164.0,36793.0,34403.29
2024-08-10,2024,Kharif,Cotton,Maharashtra,Pune,Rainfed,615.36,135.0,1243.0,764.89
2020-03-04,2020,Rabi,Oilseeds,Gujarat,Surat,Tube Well,605.77,108.0,1415.0,857.16
2018-06-25,2018,Zaid,Coconut,Tamil Nadu,Chennai,Canal,327.2,150.0,14814.0,4847.14
2024-08-20,2024,Kharif,Cotton,Maharashtra,Mumbai,Drip,510.12,150.0,1042.0,531.55
2020-01-28,2020,Rabi,Potato,Punjab,Ludhiana,Tube Well,855.95,87.0,16148.0,13821.88
2016-06-23,2016,Kharif,Oilseeds,Rajasthan,Udaipur,Tube Well,663.47,66.0,1643.0,1090.08
2024-08-31,2024,Perennial,Coffee,Karnataka,Mysore,Tube Well,664.13,170.0,2030.0,1348.18
2023-06-23,2023,Rabi,Pulses,Rajasthan,Jodhpur,Rainfed,111.69,129.0,1846.0,206.18
2024-02-15,2024,Perennial,Sugarcane,Maharashtra,Pune,Tube Well,19.03,76.0,79346.0,1509.95
2017-10-04,2017,Rabi,Wheat,Rajasthan,Jodhpur,Rainfed,597.18,89.0,3765.0,2248.38
2023-07-21,2023,Kharif,Rice,Uttar Pradesh,Lucknow,Canal,552.84,165.0,3418.0,1889.61
2020-08-04,2020,Rabi,Potato,Uttar Pradesh,Kanpur,Canal,479.3,148.0,23610.0,11316.27
2022-09-21,2022,Perennial,Apple,Jammu and Kashmir,Srinagar,Rainfed,322.29,192.0,13323.0,4293.87
2024-07-20,2024,Rabi,Wheat,Rajasthan,Jaipur,Rainfed,662.3,120.0,4103.0,2717.42
2017-05-13,2017,Perennial,Coffee,Tamil Nadu,Chennai,Canal,825.37,58.0,1177.0,971.46
2017-11-25,2017,Perennial,Coffee,Kerala,Ernakulam,Drip,147.34,155.0,1982.0,292.03
2015-08-18,2015,Kharif,Maize,Madhya Pradesh,Bhopal,Rainfed,319.19,88.0,5566.0,1776.61
2018-12-20,2018,Kharif,Cotton,Gujarat,Rajkot,Tube Well,913.68,99.0,515.0,470.55
2019-05-25,2019,Rabi,Wheat,Madhya Pradesh,Bhopal,Tube Well,726.47,79.0,3137.0,2278.94
2017-09-04,2017,Rabi,Wheat,Rajasthan,Udaipur,Tube Well,699.03,96.0,2764.0,1932.12
2021-06-17,2021,Perennial,Coffee,Tamil Nadu,Coimbatore,Tube Well,567.6,174.0,1831.0,1039.28
2024-11-09,2024,Perennial,Tea,West Bengal,Howrah,Rainfed,906.55,137.0,1955.0,1772.31
2015-12-21,2015,Kharif,Rice,Bihar,Muzaffarpur,Canal,56.17,66.0,2832.0,159.07
2018-02-09,2018,Kharif,Cotton,Telangana,Nizamabad,Canal,264.38,138.0,1039.0,274.69
2020-07-27,2020,Zaid,Coconut,Tamil Nadu,Madurai,Tube Well,414.95,145.0,11101.0,4606.36
2015-06-17,2015,Kharif,Pulses,Maharashtra,Mumbai,Tube Well,1268.43,183.0,2384.0,3023.94
2025-05-13,2025,Perennial,Sugarcane,Karnataka,Mysore,Tube Well,13.7,179.0,128719.0,1763.45
2017-02-18,2017,Rabi,Potato,Uttar Pradesh,Varanasi,Canal,468.95,59.0,14363.0,6735.53
2018-08-13,2018,Rabi,Wheat,Punjab,Amritsar,Canal,1396.31,180.0,4499.0,6282.0
2015-12-27,2015,Kharif,Rice,Odisha,Bhubaneswar,Rainfed,282.94,58.0,2271.0,642.56
2017-03-13,2017,Rabi,Wheat,Punjab,Amritsar,Tube Well,345.35,73.0,4218.0,1456.69
2017-01-02,2017,Rabi,Potato,West Bengal,Kolkata,Canal,805.8,67.0,28729.0,23149.83
2024-06-15,2024,Rabi,Pulses,Madhya Pradesh,Bhopal,Rainfed,598.82,77.0,1582.0,947.33
2025-05-18,2025,Kharif,Pulses,Maharashtra,Mumbai,Rainfed,619.11,170.0,993.0,614.78
2023-10-16,2023,Zaid,Coconut,Andhra Pradesh,Visakhapatnam,Canal,1136.83,153.0,11697.0,13297.5
2018-08-22,2018,Perennial,Tea,Kerala,Kozhikode,Drip,170.14,153.0,3408.0,579.84
2021-03-06,2021,Kharif,Cotton,Gujarat,Surat,Rainfed,1096.96,188.0,1115.0,1223.11
2019-09-01,2019,Kharif,Rice,West Bengal,Howrah,Rainfed,833.5,109.0,4614.0,3845.77
2018-10-14,2018,Kharif,Cotton,Gujarat,Surat,Rainfed,448.17,50.0,508.0,227.67
2020-01-13,2020,Rabi,Wheat,Rajasthan,Udaipur,Tube Well,566.77,146.0,3528.0,1999.56
2024-08-11,2024,Rabi,Oilseeds,Rajasthan,Jodhpur,Tube Well,101.91,180.0,2728.0,278.01
2020-12-11,2020,Rabi,Wheat,Rajasthan,Jodhpur,Tube Well,100.38,196.0,4527.0,454.42
2023-09-28,2023,Kharif,Pulses,Rajasthan,Jodhpur,Tube Well,651.66,105.0,1407.0,916.89
2022-06-13,2022,Kharif,Rice,Telangana,Nizamabad,Rainfed,94.35,173.0,3525.0,332.58
2023-01-11,2023,Rabi,Wheat,Uttar Pradesh,Lucknow,Tube Well,16.08,177.0,4866.0,78.25
2020-12-20,2020,Rabi,Wheat,Rajasthan,Udaipur,Rainfed,278.43,72.0,3092.0,860.91
2017-06-17,2017,Perennial,Apple,Himachal Pradesh,Kangra,Rainfed,60.89,145.0,6538.0,398.1
2018-06-11,2018,Kharif,Maize,Andhra Pradesh,Krishna,Rainfed,1037.01,76.0,5640.0,5848.74
2023-02-20,2023,Rabi,Wheat,Haryana,Faridabad,Canal,1292.54,117.0,4253.0,5497.17
2018-10-03,2018,Rabi,Wheat,Bihar,Gaya,Rainfed,487.6,182.0,3375.0,1645.65
2019-12-16,2019,Rabi,Potato,Uttar Pradesh,Kanpur,Tube Well,643.95,168.0,41711.0,26859.8
2023-05-31,2023,Zaid,Coconut,Andhra Pradesh,Visakhapatnam,Tube Well,651.46,136.0,6904.0,4497.68
2023-12-06,2023,Rabi,Wheat,Haryana,Karnal,Canal,324.41,171.0,4601.0,1492.61
2019-07-26,2019,Perennial,Sugarcane,Tamil Nadu,Coimbatore,Canal,334.78,73.0,113287.0,37926.22
2016-10-05,2016,Kharif,Oilseeds,Madhya Pradesh,Bhopal,Rainfed,89.77,79.0,1712.0,153.69
2022-05-21,2022,Kharif,Cotton,Maharashtra,Mumbai,Rainfed,585.92,81.0,945.0,553.69
2023-08-15,2023,Zaid,Coconut,Karnataka,Mysore,Tube Well,676.74,166.0,15859.0,10732.42
2017-06-27,2017,Rabi,Pulses,Madhya Pradesh,Bhopal,Tube Well,744.88,184.0,1624.0,1209.69
2018-01-03,2018,Kharif,Maize,Andhra Pradesh,Chittoor,Canal,889.5,134.0,5220.0,4643.19
2016-03-20,2016,Kharif,Pulses,Madhya Pradesh,Bhopal,Rainfed,581.22,194.0,1429.0,830.56
2018-08-15,2018,Kharif,Oilseeds,Rajasthan,Udaipur,Rainfed,222.52,159.0,2014.0,448.16
2024-09-13,2024,Perennial,Sugarcane,Tamil Nadu,Chennai,Drip,978.24,135.0,81245.0,79477.11
2020-12-09,2020,Kharif,Pulses,Madhya Pradesh,Bhopal,Rainfed,758.1,142.0,1148.0,870.3
2015-11-19,2015,Kharif,Maize,Bihar,Muzaffarpur,Tube Well,932.94,177.0,8104.0,7560.55
2019-10-04,2019,Kharif,Maize,Telangana,Warangal,Rainfed,44.53,64.0,4348.0,193.62
2016-11-12,2016,Kharif,Maize,Andhra Pradesh,Krishna,Tube Well,729.18,75.0,4593.0,3349.12
2018-07-18,2018,Kharif,Rice,Andhra Pradesh,Krishna,Canal,775.44,90.0,6261.0,4855.03
2020-12-03,2020,Rabi,Wheat,Madhya Pradesh,Bhopal,Rainfed,243.1,184.0,4050.0,984.56
2020-03-26,2020,Kharif,Pulses,Maharashtra,Nagpur,Tube Well,1290.21,192.0,1823.0,2352.05
2020-10-14,2020,Perennial,Tea,Assam,Kamrup,Rainfed,240.04,103.0,2138.0,513.21
2021-05-28,2021,Kharif,Pulses,Madhya Pradesh,Bhopal,Rainfed,181.12,189.0,1743.0,315.69
2022-08-29,2022,Rabi,Potato,Punjab,Amritsar,Tube Well,731.38,132.0,31693.0,23179.63
2024-10-17,2024,Perennial,Coffee,Tamil Nadu,Chennai,Canal,362.23,121.0,1126.0,407.87
2016-05-07,2016,Rabi,Potato,Punjab,Patiala,Tube Well,1386.8,175.0,20398.0,28287.95
2016-04-06,2016,Rabi,Potato,Punjab,Amritsar,Tube Well,665.71,132.0,20175.0,13430.7
2025-06-29,2025,Kharif,Cotton,Andhra Pradesh,Guntur,Tube Well,498.08,118.0,610.0,303.83
2022-11-08,2022,Kharif,Cotton,Gujarat,Surat,Tube Well,754.78,52.0,897.0,677.04
2021-03-24,2021,Rabi,Pulses,Maharashtra,Mumbai,Rainfed,114.64,52.0,1163.0,133.33
2015-09-03,2015,Perennial,Tea,West Bengal,Howrah,Canal,834.84,144.0,1431.0,1194.66
2023-10-13,2023,Rabi,Pulses,Madhya Pradesh,Bhopal,Tube Well,617.04,61.0,2148.0,1325.4
2024-01-09,2024,Rabi,Oilseeds,Rajasthan,Jaipur,Tube Well,337.08,161.0,3322.0,1119.78
2022-10-25,2022,Zaid,Coconut,Kerala,Thrissur,Rainfed,765.0,143.0,8084.0,6184.26
2024-05-01,2024,Rabi,Oilseeds,Rajasthan,Jaipur,Tube Well,409.74,119.0,3840.0,1573.4
2024-10-23,2024,Kharif,Pulses,Uttar Pradesh,Lucknow,Rainfed,1045.9,156.0,2104.0,2200.57
2022-05-05,2022,Rabi,Wheat,Rajasthan,Jaipur,Tube Well,647.8,199.0,3269.0,2117.66
2022-01-03,2022,Perennial,Apple,Himachal Pradesh,Kangra,Rainfed,336.51,87.0,10779.0,3627.24
2017-09-27,2017,Kharif,Cotton,Telangana,Warangal,Rainfed,394.33,134.0,1108.0,436.92
2020-10-15,2020,Rabi,Pulses,Maharashtra,Mumbai,Rainfed,41.95,176.0,1135.0,47.61
2018-05-30,2018,Kharif,Rice,West Bengal,Kolkata,Rainfed,803.85,53.0,2158.0,1734.71
2019-06-29,2019,Rabi,Pulses,Madhya Pradesh,Bhopal,Rainfed,772.24,81.0,1063.0,820.89
2025-10-25,2025,Kharif,Pulses,Madhya Pradesh,Bhopal,Tube Well,381.49,128.0,1510.0,576.05
2021-08-27,2021,Rabi,Potato,Uttar Pradesh,Kanpur,Canal,516.26,133.0,40996.0,21164.59
2015-08-16,2015,Zaid,Coconut,Andhra Pradesh,Guntur,Rainfed,627.92,63.0,9459.0,5939.5
2023-03-28,2023,Kharif,Maize,Madhya Pradesh,Bhopal,Rainfed,585.47,111.0,3210.0,1879.36
2024-02-17,2024,Rabi,Potato,Uttar Pradesh,Lucknow,Rainfed,11.03,128.0,26769.0,295.26
2021-04-05,2021,Zaid,Coconut,Kerala,Thrissur,Rainfed,710.9,113.0,5429.0,3859.48
2019-07-10,2019,Perennial,Coffee,Kerala,Kozhikode,Rainfed,710.23,155.0,934.0,663.35
2021-09-24,2021,Kharif,Cotton,Telangana,Nizamabad,Rainfed,491.76,166.0,726.0,357.02
2019-07-19,2019,Kharif,Cotton,Gujarat,Vadodara,Rainfed,155.63,119.0,633.0,98.51
2020-04-30,2020,Kharif,Pulses,Rajasthan,Udaipur,Rainfed,473.55,114.0,1188.0,562.58
2023-06-04,2023,Perennial,Tea,Assam,Cachar,Rainfed,118.9,156.0,2325.0,276.44
2021-06-02,2021,Perennial,Apple,Jammu and Kashmir,Srinagar,Rainfed,207.94,133.0,8044.0,1672.67
2017-07-12,2017,Rabi,Potato,Uttar Pradesh,Kanpur,Tube Well,149.51,181.0,37755.0,5644.75
2022-12-12,2022,Perennial,Tea,West Bengal,Howrah,Canal,652.08,122.0,1560.0,1017.24
2022-06-04,2022,Rabi,Potato,West Bengal,Howrah,Canal,356.7,136.0,30805.0,10988.14
2021-10-04,2021,Rabi,Pulses,Maharashtra,Mumbai,Rainfed,1081.98,69.0,1715.0,1855.6
2016-05-22,2016,Kharif,Pulses,Madhya Pradesh,Bhopal,Tube Well,641.96,175.0,1287.0,826.2
2023-05-22,2023,Zaid,Coconut,Tamil Nadu,Chennai,Tube Well,1098.34,113.0,11757.0,12913.18
2022-03-22,2022,Kharif,Cotton,Gujarat,Vadodara,Tube Well,316.43,158.0,1132.0,358.2
2024-04-25,2024,Perennial,Sugarcane,Karnataka,Mysore,Drip,77.36,114.0,93902.0,7264.26
2025-01-03,2025,Zaid,Coconut,Karnataka,Mysore,Canal,492.87,50.0,5766.0,2841.89
2019-10-03,2019,Zaid,Coconut,Andhra Pradesh,Visakhapatnam,Rainfed,109.25,110.0,9487.0,1036.45
2018-09-24,2018,Kharif,Oilseeds,Gujarat,Vadodara,Tube Well,222.41,72.0,1943.0,432.14
2018-12-26,2018,Kharif,Pulses,Maharashtra,Nagpur,Tube Well,780.52,110.0,1554.0,1212.93
2019-08-13,2019,Kharif,Cotton,Andhra Pradesh,Visakhapatnam,Tube Well,714.64,98.0,1228.0,877.58
2019-06-29,2019,Kharif,Pulses,Maharashtra,Mumbai,Rainfed,65.89,80.0,1845.0,121.57
2024-02-20,2024,Kharif,Maize,Maharashtra,Mumbai,Drip,581.35,69.0,5191.0,3017.79
2020-05-17,2020,Perennial,Sugarcane,Tamil Nadu,Madurai,Canal,587.94,159.0,127651.0,75051.13
2024-11-20,2024,Rabi,Pulses,Uttar Pradesh,Varanasi,Tube Well,409.36,163.0,2746.0,1124.1
2019-02-21,2019,Kharif,Maize,Maharashtra,Nashik,Drip,1134.94,90.0,4446.0,5045.94
2022-06-13,2022,Kharif,Cotton,Gujarat,Vadodara,Tube Well,201.71,124.0,1087.0,219.26
2016-05-17,2016,Rabi,Potato,Punjab,Patiala,Tube Well,388.31,120.0,13403.0,5204.52
2020-09-22,2020,Rabi,Oilseeds,Maharashtra,Pune,Rainfed,212.52,103.0,2638.0,560.63
2018-10-09,2018,Rabi,Oilseeds,Maharashtra,Nashik,Drip,160.35,92.0,2132.0,341.87
2018-03-11,2018,Perennial,Tea,West Bengal,Darjeeling,Rainfed,968.09,78.0,1425.0,1379.53
2020-10-11,2020,Rabi,Pulses,Uttar Pradesh,Varanasi,Canal,424.01,181.0,2461.0,1043.49
2024-11-08,2024,Perennial,Apple,Himachal Pradesh,Kangra,Rainfed,364.04,175.0,14503.0,5279.67
2019-03-18,2019,Perennial,Apple,Himachal Pradesh,Mandi,Rainfed,219.71,113.0,9121.0,2003.97
2022-11-08,2022,Kharif,Maize,Andhra Pradesh,Chittoor,Rainfed,766.69,158.0,5468.0,4192.26
2023-06-29,2023,Perennial,Coffee,Karnataka,Hubli,Canal,1021.71,125.0,2010.0,2053.64
2024-01-18,2024,Kharif,Maize,Bihar,Purnia,Tube Well,846.16,63.0,6679.0,5651.5
2015-01-31,2015,Perennial,Sugarcane,Karnataka,Mysore,Canal,85.2,173.0,127189.0,10836.5
2023-10-12,2023,Kharif,Cotton,Maharashtra,Pune,Rainfed,1100.31,83.0,1108.0,1219.14
2021-07-08,2021,Perennial,Coffee,Karnataka,Mysore,Drip,502.49,156.0,2085.0,1047.69
2016-10-21,2016,Perennial,Apple,Himachal Pradesh,Shimla,Rainfed,181.57,129.0,12809.0,2325.73
2021-02-02,2021,Perennial,Sugarcane,Tamil Nadu,Madurai,Drip,742.9,154.0,144752.0,107536.26
2021-10-12,2021,Zaid,Coconut,Kerala,Kozhikode,Rainfed,760.66,121.0,10832.0,8239.47
2016-11-28,2016,Kharif,Oilseeds,Rajasthan,Jaipur,Tube Well,74.95,155.0,2789.0,209.04
2022-06-26,2022,Kharif,Pulses,Uttar Pradesh,Varanasi,Canal,1154.43,55.0,1700.0,1962.53
2018-12-04,2018,Rabi,Pulses,Uttar Pradesh,Lucknow,Canal,313.23,56.0,984.0,308.22
2021-04-14,2021,Kharif,Maize,Maharashtra,Pune,Rainfed,500.38,184.0,3527.0,1764.84
2022-01-25,2022,Rabi,Potato,Uttar Pradesh,Kanpur,Rainfed,1312.0,162.0,27457.0,36023.58
2021-08-22,2021,Kharif,Cotton,Telangana,Hyderabad,Canal,495.76,174.0,1264.0,626.64
2016-01-06,2016,Perennial,Coffee,Kerala,Thrissur,Drip,63.29,118.0,1791.0,113.35
2018-11-28,2018,Rabi,Pulses,Rajasthan,Jaipur,Rainfed,360.55,119.0,1987.0,716.41
2019-01-08,2019,Perennial,Sugarcane,Maharashtra,Nashik,Tube Well,1028.64,130.0,96884.0,99658.76
2019-07-01,2019,Kharif,Cotton,Maharashtra,Nashik,Rainfed,692.26,87.0,455.0,314.98
2020-10-03,2020,Perennial,Sugarcane,Tamil Nadu,Coimbatore,Drip,191.91,160.0,124025.0,23801.64
2023-12-11,2023,Perennial,Sugarcane,Uttar Pradesh,Kanpur,Canal,673.11,174.0,82348.0,55429.26
2022-08-07,2022,Rabi,Oilseeds,Rajasthan,Udaipur,Rainfed,647.8,186.0,2567.0,1662.9
2022-04-20,2022,Rabi,Oilseeds,Gujarat,Surat,Tube Well,793.26,128.0,2733.0,2167.98
2018-04-25,2018,Zaid,Coconut,Tamil Nadu,Coimbatore,Canal,805.58,112.0,13080.0,10536.99
2021-02-08,2021,Kharif,Oilseeds,Rajasthan,Jaipur,Rainfed,552.3,175.0,1915.0,1057.65
2016-02-01,2016,Rabi,Potato,Bihar,Gaya,Rainfed,99.79,163.0,14209.0,1417.92
2022-06-10,2022,Kharif,Maize,Karnataka,Belgaum,Canal,643.87,180.0,5607.0,3610.18
2018-12-03,2018,Kharif,Rice,Tamil Nadu,Chennai,Canal,419.75,148.0,5814.0,2440.43
2023-05-10,2023,Kharif,Rice,Tamil Nadu,Coimbatore,Drip,161.68,182.0,5427.0,877.44
2020-09-07,2020,Kharif,Rice,Odisha,Bhubaneswar,Rainfed,190.41,63.0,3345.0,636.92
2018-10-26,2018,Kharif,Maize,Maharashtra,Pune,Drip,1017.7,152.0,5973.0,6078.72
2023-01-29,2023,Kharif,Oilseeds,Maharashtra,Pune,Tube Well,218.32,63.0,3154.0,688.58
2023-09-13,2023,Perennial,Sugarcane,Tamil Nadu,Chennai,Drip,350.54,162.0,152958.0,53617.9
2020-02-19,2020,Rabi,Oilseeds,Rajasthan,Jaipur,Tube Well,206.56,144.0,2219.0,458.36
2016-02-20,2016,Perennial,Tea,Assam,Cachar,Rainfed,48.42,52.0,1878.0,90.93
2022-12-18,2022,Rabi,Wheat,Bihar,Gaya,Tube Well,467.54,140.0,3178.0,1485.84
2024-09-01,2024,Kharif,Maize,Andhra Pradesh,Chittoor,Tube Well,921.46,72.0,6276.0,5783.08
2022-06-10,2022,Rabi,Oilseeds,Rajasthan,Jaipur,Rainfed,25.29,71.0,1746.0,44.16
2020-01-23,2020,Rabi,Potato,Uttar Pradesh,Varanasi,Rainfed,177.7,73.0,20811.0,3698.11
2025-01-29,2025,Kharif,Maize,Maharashtra,Nagpur,Rainfed,939.04,123.0,3829.0,3595.58
2023-01-29,2023,Rabi,Oilseeds,Madhya Pradesh,Bhopal,Rainfed,478.93,67.0,2516.0,1204.99
2024-11-01,2024,Kharif,Cotton,Maharashtra,Pune,Tube Well,932.67,69.0,643.0,599.71
2022-05-06,2022,Rabi,Pulses,Rajasthan,Jodhpur,Rainfed,168.77,88.0,1854.0,312.9
2017-09-19,2017,Rabi,Potato,West Bengal,Howrah,Canal,886.11,50.0,13470.0,11935.9
2019-12-22,2019,Kharif,Oilseeds,Gujarat,Vadodara,Tube Well,581.05,91.0,1961.0,1139.44
2025-10-04,2025,Kharif,Oilseeds,Madhya Pradesh,Bhopal,Tube Well,492.14,143.0,2900.0,1427.21
2020-10-18,2020,Zaid,Coconut,Tamil Nadu,Chennai,Canal,110.45,140.0,15389.0,1699.72
2023-09-05,2023,Rabi,Wheat,Bihar,Gaya,Canal,212.98,195.0,4882.0,1039.77
2019-08-09,2019,Kharif,Pulses,Maharashtra,Nashik,Drip,1007.63,68.0,1372.0,1382.47
2016-02-23,2016,Perennial,Sugarcane,Maharashtra,Mumbai,Drip,298.84,180.0,146399.0,43749.88
2018-07-20,2018,Kharif,Pulses,Maharashtra,Nagpur,Rainfed,129.36,109.0,1525.0,197.27
2018-04-29,2018,Rabi,Oilseeds,Gujarat,Vadodara,Tube Well,720.67,108.0,1880.0,1354.86
2024-01-20,2024,Perennial,Coffee,Tamil Nadu,Madurai,Tube Well,607.25,102.0,1348.0,818.57
2019-02-14,2019,Kharif,Rice,Andhra Pradesh,Krishna,Tube Well,733.39,69.0,4806.0,3524.67
2019-09-14,2019,Kharif,Pulses,Rajasthan,Udaipur,Rainfed,436.63,122.0,1664.0,726.55
2021-12-21,2021,Kharif,Maize,Maharashtra,Pune,Drip,655.25,168.0,7991.0,5236.1
2023-08-23,2023,Kharif,Pulses,Madhya Pradesh,Bhopal,Rainfed,400.08,181.0,2129.0,851.77
2016-07-16,2016,Kharif,Rice,Odisha,Bhubaneswar,Canal,832.51,194.0,6916.0,5757.64
2019-04-01,2019,Rabi,Pulses,Madhya Pradesh,Bhopal,Tube Well,431.77,168.0,2174.0,938.67
2015-10-31,2015,Kharif,Pulses,Uttar Pradesh,Lucknow,Rainfed,929.78,143.0,895.0,832.15
2019-03-20,2019,Rabi,Pulses,Madhya Pradesh,Bhopal,Tube Well,220.91,125.0,2247.0,496.38
2015-04-02,2015,Perennial,Apple,Himachal Pradesh,Shimla,Rainfed,436.84,181.0,16753.0,7318.38
2015-11-27,2015,Perennial,Apple,Jammu and Kashmir,Srinagar,Rainfed,19.5,161.0,8860.0,172.77
2020-05-22,2020,Rabi,Potato,Uttar Pradesh,Varanasi,Rainfed,840.27,74.0,20881.0,17545.68
2018-01-10,2018,Kharif,Cotton,Gujarat,Ahmedabad,Tube Well,466.78,152.0,1405.0,655.83
2024-02-04,2024,Rabi,Oilseeds,Maharashtra,Nagpur,Drip,789.04,115.0,3218.0,2539.13
2022-12-15,2022,Rabi,Pulses,Uttar Pradesh,Kanpur,Canal,546.66,139.0,2696.0,1473.8
2023-12-26,2023,Rabi,Oilseeds,Madhya Pradesh,Bhopal,Rainfed,576.97,185.0,2225.0,1283.76
2018-11-03,2018,Kharif,Rice,Tamil Nadu,Coimbatore,Tube Well,32.16,148.0,4945.0,159.03
2015-07-13,2015,Perennial,Coffee,Karnataka,Hubli,Drip,452.42,191.0,863.0,390.44
2017-04-13,2017,Rabi,Wheat,Uttar Pradesh,Lucknow,Rainfed,1248.58,180.0,4310.0,5381.38
2023-05-02,2023,Kharif,Oilseeds,Gujarat,Rajkot,Rainfed,307.74,69.0,1424.0,438.22
2018-11-18,2018,Kharif,Oilseeds,Maharashtra,Mumbai,Drip,78.05,52.0,3711.0,289.64
2025-04-22,2025,Rabi,Oilseeds,Rajasthan,Jodhpur,Tube Well,352.6,108.0,1802.0,635.39
2024-03-01,2024,Perennial,Sugarcane,Karnataka,Hubli,Tube Well,1074.42,180.0,90813.0,97571.3
2019-03-13,2019,Zaid,Coconut,Karnataka,Mysore,Drip,79.93,85.0,10535.0,842.06
2016-11-28,2016,Zaid,Coconut,Tamil Nadu,Chennai,Tube Well,86.36,154.0,12897.0,1113.78
2019-10-28,2019,Kharif,Pulses,Madhya Pradesh,Bhopal,Tube Well,480.14,121.0,1745.0,837.84
2020-03-16,2020,Rabi,Potato,Bihar,Gaya,Canal,257.57,162.0,25023.0,6445.17
2022-09-30,2022,Rabi,Oilseeds,Madhya Pradesh,Bhopal,Rainfed,334.08,75.0,1966.0,656.8
2022-05-02,2022,Kharif,Oilseeds,Madhya Pradesh,Bhopal,Rainfed,666.1,86.0,2814.0,1874.41
2021-10-22,2021,Kharif,Pulses,Madhya Pradesh,Bhopal,Rainfed,167.09,86.0,1886.0,315.13
2017-01-26,2017,Zaid,Coconut,Andhra Pradesh,Visakhapatnam,Rainfed,865.97,132.0,6940.0,6009.83
2025-09-17,2025,Kharif,Cotton,Gujarat,Ahmedabad,Rainfed,610.34,93.0,923.0,563.34
2021-06-07,2021,Rabi,Potato,Uttar Pradesh,Varanasi,Canal,1358.39,172.0,36481.0,49555.43
2020-01-27,2020,Kharif,Cotton,Andhra Pradesh,Krishna,Tube Well,1167.82,102.0,1172.0,1368.69
2022-12-03,2022,Kharif,Maize,Andhra Pradesh,Chittoor,Tube Well,587.1,149.0,4600.0,2700.66
2016-11-21,2016,Kharif,Pulses,Uttar Pradesh,Lucknow,Tube Well,881.12,192.0,2137.0,1882.95
2015-11-26,2015,Perennial,Tea,Kerala,Thrissur,Drip,599.22,141.0,3169.0,1898.93
2016-04-14,2016,Perennial,Tea,West Bengal,Howrah,Rainfed,357.35,86.0,1255.0,448.47
2025-06-27,2025,Perennial,Sugarcane,Maharashtra,Mumbai,Drip,302.5,175.0,105329.0,31862.02
2023-10-06,2023,Rabi,Oilseeds,Gujarat,Vadodara,Tube Well,1157.98,52.0,1625.0,1881.72
2016-11-15,2016,Kharif,Maize,Karnataka,Mysore,Tube Well,481.55,88.0,7005.0,3373.26
2021-03-16,2021,Rabi,Wheat,Rajasthan,Jodhpur,Rainfed,11.1,108.0,3733.0,41.44
2017-02-09,2017,Rabi,Oilseeds,Rajasthan,Udaipur,Rainfed,588.03,79.0,1274.0,749.15
2023-04-13,2023,Perennial,Coffee,Kerala,Thrissur,Rainfed,483.73,141.0,1341.0,648.68
2022-03-03,2022,Kharif,Pulses,Madhya Pradesh,Bhopal,Tube Well,143.16,134.0,1661.0,237.79
2024-07-29,2024,Rabi,Oilseeds,Rajasthan,Udaipur,Rainfed,30.8,111.0,2396.0,73.8
2017-07-01,2017,Kharif,Maize,Telangana,Hyderabad,Rainfed,269.42,94.0,4387.0,1181.95
2018-03-02,2018,Kharif,Cotton,Gujarat,Rajkot,Tube Well,1114.19,115.0,1010.0,1125.33
2017-08-07,2017,Zaid,Coconut,Kerala,Thrissur,Drip,747.46,94.0,15028.0,11232.83
2022-04-13,2022,Rabi,Oilseeds,Gujarat,Vadodara,Tube Well,380.09,83.0,2788.0,1059.69
2020-10-07,2020,Kharif,Pulses,Maharashtra,Nagpur,Tube Well,1088.35,103.0,1377.0,1498.66
2023-07-20,2023,Kharif,Oilseeds,Gujarat,Rajkot,Tube Well,535.8,140.0,1658.0,888.36
2022-05-09,2022,Rabi,Oilseeds,Gujarat,Rajkot,Tube Well,788.67,147.0,3936.0,3104.21
2017-10-09,2017,Zaid,Coconut,Karnataka,Hubli,Canal,374.54,95.0,6837.0,2560.73
2018-12-14,2018,Perennial,Coffee,Karnataka,Mysore,Canal,572.41,192.0,1901.0,1088.15
2024-04-20,2024,Perennial,Tea,West Bengal,Howrah,Canal,330.22,89.0,2256.0,744.98
2023-07-26,2023,Zaid,Coconut,Kerala,Thrissur,Drip,58.28,157.0,7770.0,452.84
2019-12-29,2019,Kharif,Pulses,Rajasthan,Jodhpur,Rainfed,106.17,62.0,1596.0,169.45
2023-08-07,2023,Rabi,Pulses,Maharashtra,Pune,Rainfed,384.97,150.0,2036.0,783.8
2018-02-09,2018,Rabi,Potato,Bihar,Purnia,Tube Well,976.49,119.0,16267.0,15884.56
2017-09-21,2017,Kharif,Oilseeds,Gujarat,Ahmedabad,Rainfed,1159.15,135.0,1194.0,1384.03
2024-12-23,2024,Perennial,Coffee,Kerala,Ernakulam,Rainfed,663.85,78.0,1283.0,851.72
2021-09-14,2021,Kharif,Rice,Punjab,Amritsar,Canal,356.43,115.0,4750.0,1693.04
2023-09-02,2023,Perennial,Apple,Jammu and Kashmir,Srinagar,Rainfed,182.22,165.0,13002.0,2369.22
2019-06-12,2019,Rabi,Wheat,Rajasthan,Jodhpur,Tube Well,313.45,165.0,4078.0,1278.25
2016-05-02,2016,Rabi,Pulses,Rajasthan,Udaipur,Tube Well,277.01,86.0,1596.0,442.11
2019-05-07,2019,Rabi,Wheat,Uttar Pradesh,Lucknow,Tube Well,76.87,103.0,3306.0,254.13
2022-10-17,2022,Perennial,Coffee,Kerala,Ernakulam,Rainfed,432.28,51.0,959.0,414.56
2020-06-17,2020,Rabi,Potato,Punjab,Patiala,Canal,118.49,63.0,16247.0,1925.11
2021-12-12,2021,Rabi,Oilseeds,Madhya Pradesh,Bhopal,Rainfed,643.52,69.0,2274.0,1463.36
2019-05-03,2019,Kharif,Rice,West Bengal,Kolkata,Canal,763.52,94.0,4763.0,3636.65
2024-06-06,2024,Rabi,Oilseeds,Madhya Pradesh,Bhopal,Rainfed,288.66,164.0,2979.0,859.92
2023-04-25,2023,Kharif,Rice,Chhattisgarh,Raipur,Rainfed,456.52,127.0,4947.0,2258.4
2020-01-30,2020,Zaid,Coconut,Karnataka,Bangalore,Tube Well,264.01,169.0,15952.0,4211.49
2017-07-19,2017,Rabi,Pulses,Uttar Pradesh,Lucknow,Canal,405.22,163.0,2238.0,906.88
2023-10-16,2023,Rabi,Wheat,Madhya Pradesh,Bhopal,Tube Well,258.17,138.0,3567.0,920.89
2021-01-15,2021,Kharif,Oilseeds,Madhya Pradesh,Bhopal,Rainfed,639.64,125.0,1774.0,1134.72
2024-07-19,2024,Kharif,Cotton,Gujarat,Vadodara,Tube Well,260.72,190.0,1357.0,353.8
2017-04-21,2017,Zaid,Coconut,Kerala,Ernakulam,Drip,454.6,135.0,14180.0,6446.23
2019-07-17,2019,Kharif,Maize,Karnataka,Mysore,Canal,228.51,122.0,4783.0,1092.96
2020-04-19,2020,Kharif,Rice,West Bengal,Kolkata,Canal,320.69,180.0,7551.0,2421.53
2025-07-06,2025,Kharif,Cotton,Andhra Pradesh,Guntur,Rainfed,290.22,61.0,447.0,129.73
2017-02-13,2017,Perennial,Coffee,Tamil Nadu,Chennai,Tube Well,713.06,148.0,1523.0,1085.99
2019-12-24,2019,Zaid,Coconut,Andhra Pradesh,Guntur,Canal,636.81,67.0,10234.0,6517.11
2020-07-07,2020,Kharif,Pulses,Uttar Pradesh,Lucknow,Canal,1084.74,173.0,2257.0,2448.26
2018-03-03,2018,Kharif,Maize,Karnataka,Hubli,Tube Well,249.74,169.0,6551.0,1636.05
2024-11-02,2024,Kharif,Cotton,Telangana,Warangal,Canal,18.14,126.0,617.0,11.19
2017-01-05,2017,Zaid,Coconut,Karnataka,Hubli,Tube Well,751.76,149.0,16487.0,12394.27
2024-06-20,2024,Rabi,Wheat,Haryana,Hisar,Tube Well,169.65,166.0,5614.0,952.42
2020-06-04,2020,Kharif,Cotton,Gujarat,Ahmedabad,Rainfed,303.1,122.0,844.0,255.82
2025-08-04,2025,Kharif,Pulses,Madhya Pradesh,Bhopal,Rainfed,251.49,186.0,1202.0,302.29
2015-12-28,2015,Kharif,Maize,Telangana,Nizamabad,Canal,674.65,116.0,4821.0,3252.49
2019-06-29,2019,Rabi,Oilseeds,Maharashtra,Pune,Tube Well,817.4,184.0,1625.0,1328.28
2019-08-14,2019,Zaid,Coconut,Tamil Nadu,Madurai,Canal,210.85,137.0,12531.0,2642.16
2019-02-20,2019,Kharif,Rice,Bihar,Purnia,Tube Well,601.91,114.0,4456.0,2682.11
2016-10-02,2016,Kharif,Maize,Telangana,Nizamabad,Canal,640.25,51.0,5109.0,3271.04
2019-04-27,2019,Kharif,Cotton,Andhra Pradesh,Krishna,Rainfed,472.79,94.0,803.0,379.65
2022-05-10,2022,Perennial,Sugarcane,Tamil Nadu,Madurai,Tube Well,278.09,180.0,135688.0,37733.48
2015-12-08,2015,Kharif,Cotton,Maharashtra,Nagpur,Tube Well,885.89,114.0,592.0,524.45
2022-08-09,2022,Zaid,Coconut,Andhra Pradesh,Visakhapatnam,Tube Well,736.96,113.0,10816.0,7970.96
2018-02-20,2018,Rabi,Pulses,Rajasthan,Udaipur,Tube Well,63.76,123.0,2163.0,137.91
2016-04-30,2016,Kharif,Maize,Karnataka,Bangalore,Tube Well,736.68,93.0,7384.0,5439.65
2025-04-02,2025,Kharif,Oilseeds,Madhya Pradesh,Bhopal,Tube Well,395.93,124.0,3273.0,1295.88
2019-11-29,2019,Kharif,Rice,Andhra Pradesh,Guntur,Tube Well,906.51,106.0,4660.0,4224.34
2018-11-15,2018,Rabi,Pulses,Uttar Pradesh,Kanpur,Tube Well,294.17,186.0,2516.0,740.13
2016-09-29,2016,Zaid,Coconut,Karnataka,Bangalore,Tube Well,291.46,135.0,16114.0,4696.59
2016-01-01,2016,Rabi,Pulses,Madhya Pradesh,Bhopal,Tube Well,439.22,175.0,2683.0,1178.43
2016-11-21,2016,Rabi,Pulses,Rajasthan,Jaipur,Rainfed,342.4,153.0,984.0,336.92
2018-08-13,2018,Kharif,Rice,Odisha,Bhubaneswar,Rainfed,353.87,82.0,3567.0,1262.25
2021-01-09,2021,Perennial,Apple,Himachal Pradesh,Shimla,Rainfed,375.56,180.0,14589.0,5479.04
2016-11-08,2016,Zaid,Coconut,Kerala,Kozhikode,Drip,456.15,63.0,12023.0,5484.29
2020-01-09,2020,Kharif,Rice,Chhattisgarh,Raipur,Rainfed,500.09,117.0,3318.0,1659.3
2022-07-08,2022,Perennial,Coffee,Karnataka,Belgaum,Canal,177.05,86.0,1058.0,187.32
2025-03-13,2025,Rabi,Oilseeds,Gujarat,Rajkot,Rainfed,877.5,131.0,2357.0,2068.27
2020-12-21,2020,Rabi,Pulses,Madhya Pradesh,Bhopal,Tube Well,374.61,95.0,1623.0,607.99
2021-04-03,2021,Zaid,Coconut,Andhra Pradesh,Visakhapatnam,Canal,50.18,158.0,10413.0,522.52
2022-12-04,2022,Perennial,Tea,Kerala,Thrissur,Rainfed,195.25,191.0,2602.0,508.04
2017-03-01,2017,Rabi,Wheat,Punjab,Ludhiana,Tube Well,48.38,156.0,3668.0,177.46
2025-08-19,2025,Kharif,Rice,West Bengal,Darjeeling,Canal,507.99,103.0,5222.0,2652.72
2024-07-01,2024,Kharif,Cotton,Gujarat,Surat,Rainfed,397.8,140.0,1167.0,464.23
2018-07-01,2018,Perennial,Sugarcane,Maharashtra,Nagpur,Rainfed,1283.81,183.0,92392.0,118613.77
2022-05-22,2022,Kharif,Maize,Telangana,Nizamabad,Tube Well,782.97,91.0,5572.0,4362.71
2016-11-22,2016,Kharif,Oilseeds,Gujarat,Surat,Tube Well,992.55,68.0,1276.0,1266.49
2025-03-16,2025,Rabi,Pulses,Rajasthan,Udaipur,Tube Well,355.77,70.0,1935.0,688.41
2020-01-14,2020,Rabi,Wheat,Madhya Pradesh,Bhopal,Tube Well,647.6,124.0,5274.0,3415.44
2021-06-22,2021,Rabi,Wheat,Haryana,Gurgaon,Canal,380.95,160.0,5295.0,2017.13
2024-12-09,2024,Perennial,Coffee,Tamil Nadu,Madurai,Drip,621.11,149.0,1699.0,1055.27
2015-10-29,2015,Kharif,Cotton,Maharashtra,Mumbai,Rainfed,516.86,118.0,793.0,409.87
2018-05-09,2018,Kharif,Pulses,Rajasthan,Jodhpur,Rainfed,128.23,159.0,1172.0,150.29
2018-10-21,2018,Kharif,Cotton,Gujarat,Surat,Tube Well,96.41,145.0,1305.0,125.82
2017-09-17,2017,Perennial,Tea,Kerala,Ernakulam,Rainfed,450.99,144.0,1354.0,610.64
2023-03-15,2023,Rabi,Oilseeds,Madhya Pradesh,Bhopal,Rainfed,87.13,80.0,2646.0,230.55
2016-06-06,2016,Kharif,Rice,Andhra Pradesh,Guntur,Canal,864.42,97.0,4020.0,3474.97
2018-02-10,2018,Perennial,Tea,West Bengal,Howrah,Canal,1014.4,102.0,2119.0,2149.51
2021-04-18,2021,Perennial,Apple,Himachal Pradesh,Kangra,Rainfed,89.43,171.0,8004.0,715.8
2024-05-05,2024,Perennial,Sugarcane,Maharashtra,Pune,Drip,617.51,166.0,114088.0,70450.48
2020-10-01,2020,Perennial,Tea,Kerala,Kozhikode,Rainfed,593.63,88.0,1957.0,1161.73
2018-07-28,2018,Kharif,Pulses,Uttar Pradesh,Kanpur,Rainfed,437.39,58.0,1064.0,465.38
2015-09-09,2015,Zaid,Coconut,Andhra Pradesh,Guntur,Canal,1105.71,165.0,14191.0,15691.13
2023-01-21,2023,Rabi,Wheat,Rajasthan,Udaipur,Rainfed,623.04,111.0,3273.0,2039.21
2017-12-16,2017,Perennial,Apple,Himachal Pradesh,Kangra,Rainfed,60.84,83.0,8370.0,509.23
2021-01-12,2021,Zaid,Coconut,Andhra Pradesh,Chittoor,Rainfed,42.61,68.0,6063.0,258.34
2015-09-14,2015,Zaid,Coconut,Tamil Nadu,Madurai,Tube Well,1074.34,52.0,12574.0,13508.75
2021-11-03,2021,Rabi,Wheat,Madhya Pradesh,Bhopal,Rainfed,765.62,114.0,2055.0,1573.35
2025-09-11,2025,Kharif,Pulses,Madhya Pradesh,Bhopal,Rainfed,343.61,101.0,1645.0,565.24
2020-03-17,2020,Rabi,Potato,Bihar,Gaya,Rainfed,60.06,154.0,19945.0,1197.9
2019-05-20,2019,Perennial,Apple,Himachal Pradesh,Mandi,Rainfed,313.25,196.0,14159.0,4435.31
2024-03-20,2024,Perennial,Sugarcane,Maharashtra,Mumbai,Rainfed,388.5,81.0,72044.0,27989.09
2022-12-31,2022,Kharif,Cotton,Maharashtra,Nashik,Tube Well,1218.37,86.0,576.0,701.78
2025-07-10,2025,Kharif,Oilseeds,Gujarat,Surat,Tube Well,955.65,101.0,3756.0,3589.42
2017-04-14,2017,Kharif,Cotton,Gujarat,Vadodara,Tube Well,783.02,120.0,615.0,481.56
2023-08-09,2023,Zaid,Coconut,Tamil Nadu,Coimbatore,Drip,320.11,155.0,7967.0,2550.32
2015-11-29,2015,Perennial,Tea,Assam,Dibrugarh,Rainfed,564.0,103.0,1623.0,915.37
2018-10-26,2018,Kharif,Rice,West Bengal,Howrah,Canal,325.19,66.0,5986.0,1946.59
2019-09-22,2019,Rabi,Wheat,Punjab,Amritsar,Tube Well,66.07,160.0,3628.0,239.7
2018-09-27,2018,Perennial,Coffee,Karnataka,Mysore,Canal,564.19,169.0,1588.0,895.93
2020-02-24,2020,Zaid,Coconut,Andhra Pradesh,Krishna,Canal,591.53,87.0,10531.0,6229.4
2022-11-03,2022,Rabi,Wheat,Haryana,Faridabad,Tube Well,1070.58,71.0,3188.0,3413.01
2021-11-28,2021,Rabi,Oilseeds,Rajasthan,Jaipur,Tube Well,607.31,129.0,3186.0,1934.89
2019-12-01,2019,Rabi,Oilseeds,Madhya Pradesh,Bhopal,Tube Well,290.03,81.0,2446.0,709.41
2020-04-06,2020,Kharif,Cotton,Andhra Pradesh,Chittoor,Tube Well,544.87,106.0,1103.0,600.99
2021-05-03,2021,Rabi,Oilseeds,Rajasthan,Jaipur,Rainfed,334.58,167.0,1577.0,527.63
2024-09-11,2024,Rabi,Potato,Uttar Pradesh,Lucknow,Canal,493.09,83.0,36497.0,17996.31
2025-04-28,2025,Perennial,Coffee,Kerala,Ernakulam,Rainfed,597.28,171.0,682.0,407.34
2024-09-15,2024,Rabi,Oilseeds,Gujarat,Ahmedabad,Rainfed,631.3,151.0,2575.0,1625.6
2022-04-24,2022,Zaid,Coconut,Tamil Nadu,Madurai,Canal,1006.21,83.0,14183.0,14271.08
2022-06-03,2022,Kharif,Rice,Assam,Kamrup,Rainfed,523.75,129.0,2347.0,1229.24
2019-02-25,2019,Rabi,Wheat,Madhya Pradesh,Bhopal,Rainfed,177.4,142.0,2192.0,388.86
2018-07-18,2018,Kharif,Oilseeds,Rajasthan,Udaipur,Rainfed,123.72,80.0,1590.0,196.71
2015-09-13,2015,Kharif,Pulses,Madhya Pradesh,Bhopal,Rainfed,304.18,72.0,1642.0,499.46
2022-08-12,2022,Zaid,Coconut,Andhra Pradesh,Guntur,Canal,422.84,130.0,13557.0,5732.44
2017-03-17,2017,Perennial,Apple,Jammu and Kashmir,Srinagar,Rainfed,168.78,154.0,14374.0,2426.04
2018-04-30,2018,Kharif,Maize,Madhya Pradesh,Bhopal,Tube Well,155.04,120.0,5496.0,852.1
2018-04-07,2018,Rabi,Oilseeds,Gujarat,Rajkot,Tube Well,1174.08,61.0,3511.0,4122.19
2023-01-02,2023,Perennial,Sugarcane,Karnataka,Hubli,Drip,168.82,189.0,109118.0,18421.3
2022-11-15,2022,Kharif,Rice,West Bengal,Kolkata,Canal,721.39,154.0,6402.0,4618.34
2016-09-16,2016,Rabi,Wheat,Madhya Pradesh,Bhopal,Rainfed,20.32,143.0,2884.0,58.6
2021-09-07,2021,Zaid,Coconut,Tamil Nadu,Chennai,Drip,453.59,147.0,8578.0,3890.9
2024-09-05,2024,Rabi,Wheat,Haryana,Gurgaon,Canal,439.76,110.0,3593.0,1580.06
2021-09-28,2021,Kharif,Pulses,Uttar Pradesh,Kanpur,Tube Well,579.22,198.0,1537.0,890.26
2023-05-22,2023,Kharif,Pulses,Madhya Pradesh,Bhopal,Rainfed,403.48,70.0,894.0,360.71
2025-01-08,2025,Zaid,Coconut,Karnataka,Mysore,Drip,664.41,161.0,10558.0,7014.84
2019-12-10,2019,Rabi,Oilseeds,Gujarat,Vadodara,Tube Well,704.38,113.0,1675.0,1179.84
2021-12-25,2021,Kharif,Maize,Maharashtra,Pune,Drip,823.62,182.0,7121.0,5865.0
2019-06-16,2019,Zaid,Coconut,Tamil Nadu,Coimbatore,Canal,930.56,158.0,6250.0,5816.0
2020-05-01,2020,Kharif,Pulses,Rajasthan,Jaipur,Tube Well,621.83,134.0,1770.0,1100.64
2024-02-23,2024,Zaid,Coconut,Kerala,Thrissur,Rainfed,592.43,191.0,13458.0,7972.92
2019-07-29,2019,Kharif,Oilseeds,Gujarat,Ahmedabad,Rainfed,103.94,187.0,1970.0,204.76
2020-04-02,2020,Perennial,Sugarcane,Maharashtra,Mumbai,Tube Well,1250.07,58.0,66461.0,83080.9
2020-07-09,2020,Kharif,Rice,Andhra Pradesh,Chittoor,Tube Well,1137.4,79.0,3547.0,4034.36
2019-04-06,2019,Kharif,Maize,Bihar,Patna,Canal,714.59,151.0,7751.0,5538.79
2022-11-14,2022,Kharif,Cotton,Andhra Pradesh,Chittoor,Tube Well,625.75,188.0,955.0,597.59
2019-07-14,2019,Kharif,Pulses,Rajasthan,Udaipur,Rainfed,182.93,115.0,1282.0,234.52
2023-02-14,2023,Perennial,Tea,West Bengal,Kolkata,Canal,834.42,56.0,2651.0,2212.05
2020-05-13,2020,Perennial,Apple,Jammu and Kashmir,Srinagar,Rainfed,352.37,146.0,8159.0,2874.99
2015-06-05,2015,Kharif,Oilseeds,Madhya Pradesh,Bhopal,Tube Well,535.5,79.0,2381.0,1275.03
2021-07-13,2021,Rabi,Wheat,Rajasthan,Jaipur,Rainfed,444.06,133.0,2231.0,990.7
2018-05-12,2018,Zaid,Coconut,Andhra Pradesh,Guntur,Canal,239.68,108.0,7222.0,1730.97
2021-07-26,2021,Perennial,Apple,Jammu and Kashmir,Srinagar,Rainfed,149.54,134.0,7458.0,1115.27
2023-01-13,2023,Rabi,Oilseeds,Madhya Pradesh,Bhopal,Rainfed,581.28,190.0,2220.0,1290.44
2022-04-17,2022,Kharif,Cotton,Maharashtra,Mumbai,Rainfed,31.8,123.0,1090.0,34.66
2016-10-13,2016,Rabi,Potato,Uttar Pradesh,Varanasi,Tube Well,965.48,55.0,19850.0,19164.78
2020-08-31,2020,Rabi,Oilseeds,Gujarat,Surat,Tube Well,922.34,137.0,2377.0,2192.4
2015-10-03,2015,Kharif,Rice,Assam,Tinsukia,Rainfed,274.42,99.0,2869.0,787.31
2020-10-18,2020,Rabi,Wheat,Rajasthan,Jaipur,Rainfed,62.56,167.0,2933.0,183.49
2024-07-25,2024,Kharif,Rice,Andhra Pradesh,Krishna,Rainfed,984.75,120.0,3294.0,3243.77
2021-09-29,2021,Zaid,Coconut,Tamil Nadu,Madurai,Canal,164.6,161.0,16417.0,2702.24
2022-06-18,2022,Kharif,Pulses,Rajasthan,Udaipur,Tube Well,265.85,186.0,1213.0,322.48
2017-03-12,2017,Rabi,Potato,Uttar Pradesh,Lucknow,Tube Well,1063.81,104.0,28659.0,30487.73
2019-01-20,2019,Rabi,Oilseeds,Madhya Pradesh,Bhopal,Rainfed,655.42,198.0,3237.0,2121.59
2015-12-23,2015,Rabi,Potato,Punjab,Ludhiana,Canal,1294.95,72.0,22975.0,29751.48
2015-10-27,2015,Kharif,Rice,Telangana,Warangal,Rainfed,482.07,147.0,4248.0,2047.83
2017-03-17,2017,Rabi,Pulses,Rajasthan,Jodhpur,Tube Well,338.35,55.0,1746.0,590.76
2018-03-19,2018,Rabi,Wheat,Madhya Pradesh,Bhopal,Tube Well,680.17,82.0,3276.0,2228.24
2016-06-06,2016,Rabi,Pulses,Rajasthan,Jodhpur,Tube Well,398.52,145.0,1320.0,526.05
2019-05-24,2019,Rabi,Oilseeds,Gujarat,Rajkot,Tube Well,698.59,57.0,1678.0,1172.23
2022-09-04,2022,Rabi,Pulses,Rajasthan,Udaipur,Tube Well,309.44,65.0,1029.0,318.41
2024-07-31,2024,Perennial,Apple,Himachal Pradesh,Shimla,Rainfed,192.68,94.0,12384.0,2386.15
2021-03-31,2021,Kharif,Oilseeds,Madhya Pradesh,Bhopal,Tube Well,389.63,136.0,2784.0,1084.73
2024-01-03,2024,Perennial,Apple,Himachal Pradesh,Kangra,Rainfed,188.78,52.0,11617.0,2193.06
2017-11-07,2017,Rabi,Potato,Uttar Pradesh,Lucknow,Tube Well,521.88,122.0,20792.0,10850.93
2022-06-18,2022,Kharif,Pulses,Maharashtra,Nashik,Rainfed,1291.83,144.0,1888.0,2438.98
2022-02-15,2022,Kharif,Rice,Odisha,Bhubaneswar,Rainfed,309.23,110.0,2951.0,912.54
2016-03-16,2016,Kharif,Rice,Assam,Tinsukia,Rainfed,212.54,60.0,2170.0,461.21
2021-12-01,2021,Zaid,Coconut,Andhra Pradesh,Visakhapatnam,Rainfed,431.17,142.0,8813.0,3799.9
2016-02-02,2016,Zaid,Coconut,Tamil Nadu,Madurai,Canal,653.95,141.0,16400.0,10724.78
2022-11-23,2022,Zaid,Coconut,Karnataka,Bangalore,Canal,1002.98,126.0,10112.0,10142.13
2023-05-21,2023,Rabi,Pulses,Rajasthan,Jaipur,Rainfed,553.63,154.0,1542.0,853.7
2020-06-20,2020,Rabi,Potato,Punjab,Patiala,Tube Well,1264.94,81.0,23236.0,29392.15
2020-07-12,2020,Kharif,Cotton,Gujarat,Rajkot,Rainfed,1032.22,152.0,830.0,856.74
2018-02-11,2018,Kharif,Rice,Chhattisgarh,Raipur,Rainfed,645.16,74.0,2493.0,1608.38
2018-06-16,2018,Rabi,Potato,West Bengal,Darjeeling,Canal,266.23,109.0,24752.0,6589.72
2024-12-20,2024,Kharif,Pulses,Rajasthan,Jaipur,Rainfed,326.27,60.0,1282.0,418.28
2018-10-13,2018,Kharif,Oilseeds,Gujarat,Ahmedabad,Rainfed,468.39,173.0,2792.0,1307.74
2023-04-26,2023,Rabi,Pulses,Madhya Pradesh,Bhopal,Rainfed,311.68,131.0,1012.0,315.42
2025-06-23,2025,Zaid,Coconut,Kerala,Kozhikode,Drip,525.3,196.0,13845.0,7272.78
2018-07-12,2018,Perennial,Coffee,Tamil Nadu,Chennai,Tube Well,447.97,191.0,1713.0,767.37
2020-06-29,2020,Perennial,Tea,Kerala,Ernakulam,Rainfed,496.9,200.0,1842.0,915.29
2024-05-04,2024,Rabi,Wheat,Punjab,Ludhiana,Canal,579.6,65.0,3830.0,2219.87
2016-11-07,2016,Rabi,Oilseeds,Rajasthan,Udaipur,Rainfed,224.68,141.0,2576.0,578.78
2019-12-21,2019,Rabi,Wheat,Bihar,Purnia,Canal,359.55,111.0,3945.0,1418.42
2024-04-12,2024,Zaid,Coconut,Andhra Pradesh,Chittoor,Tube Well,966.47,130.0,8894.0,8595.78
2023-09-28,2023,Kharif,Pulses,Maharashtra,Nashik,Drip,785.36,96.0,2443.0,1918.63
2017-04-14,2017,Rabi,Potato,Bihar,Muzaffarpur,Rainfed,974.26,57.0,27174.0,26474.54
2017-07-12,2017,Perennial,Sugarcane,Karnataka,Hubli,Canal,917.6,156.0,88474.0,81183.74
2015-06-23,2015,Kharif,Oilseeds,Gujarat,Surat,Tube Well,588.08,195.0,4122.0,2424.07
2021-09-21,2021,Rabi,Wheat,Uttar Pradesh,Lucknow,Tube Well,371.14,130.0,4123.0,1530.21
2016-06-28,2016,Rabi,Potato,West Bengal,Howrah,Canal,744.56,99.0,24980.0,18599.11
2018-03-01,2018,Kharif,Rice,Assam,Kamrup,Rainfed,584.05,191.0,5399.0,3153.29
2023-06-29,2023,Kharif,Oilseeds,Maharashtra,Nashik,Rainfed,608.79,105.0,2818.0,1715.57
2020-08-09,2020,Kharif,Oilseeds,Gujarat,Ahmedabad,Rainfed,283.61,187.0,1772.0,502.56
2025-10-13,2025,Kharif,Cotton,Telangana,Nizamabad,Tube Well,505.94,178.0,992.0,501.89
2024-07-07,2024,Kharif,Oilseeds,Rajasthan,Jodhpur,Rainfed,185.14,129.0,2818.0,521.72
2018-03-11,2018,Perennial,Coffee,Karnataka,Hubli,Drip,1034.6,152.0,1491.0,1542.59
2017-08-22,2017,Kharif,Maize,Telangana,Warangal,Rainfed,569.71,155.0,4208.0,2397.34
2017-08-16,2017,Rabi,Oilseeds,Maharashtra,Mumbai,Tube Well,386.59,146.0,4009.0,1549.84
2025-01-21,2025,Kharif,Maize,Andhra Pradesh,Visakhapatnam,Canal,266.72,74.0,4592.0,1224.78
2017-02-21,2017,Perennial,Tea,Kerala,Thrissur,Rainfed,576.21,154.0,2083.0,1200.25
2021-11-10,2021,Kharif,Pulses,Madhya Pradesh,Bhopal,Tube Well,569.16,50.0,1511.0,860.0
2015-11-08,2015,Rabi,Oilseeds,Madhya Pradesh,Bhopal,Rainfed,481.73,157.0,2079.0,1001.52
2023-08-07,2023,Perennial,Tea,Kerala,Kozhikode,Drip,495.3,133.0,1689.0,836.56
2025-05-01,2025,Perennial,Sugarcane,Uttar Pradesh,Varanasi,Rainfed,909.76,89.0,60984.0,55480.8
2020-02-09,2020,Kharif,Cotton,Telangana,Warangal,Canal,330.49,171.0,795.0,262.74
2016-07-28,2016,Perennial,Apple,Himachal Pradesh,Kangra,Rainfed,469.33,111.0,12619.0,5922.48
2024-06-05,2024,Rabi,Oilseeds,Gujarat,Surat,Rainfed,580.34,123.0,2471.0,1434.02
2018-04-30,2018,Rabi,Oilseeds,Gujarat,Surat,Tube Well,34.19,54.0,3000.0,102.57
2024-12-09,2024,Kharif,Maize,Andhra Pradesh,Guntur,Rainfed,424.55,110.0,5139.0,2181.76
2016-10-30,2016,Kharif,Maize,Bihar,Muzaffarpur,Tube Well,138.98,75.0,4089.0,568.29
2023-11-24,2023,Zaid,Coconut,Tamil Nadu,Coimbatore,Tube Well,406.09,91.0,14718.0,5976.83
2024-04-29,2024,Rabi,Pulses,Rajasthan,Jodhpur,Tube Well,429.7,88.0,1270.0,545.72
2020-01-20,2020,Rabi,Oilseeds,Gujarat,Ahmedabad,Rainfed,36.97,57.0,1552.0,57.38
2016-06-25,2016,Zaid,Coconut,Tamil Nadu,Madurai,Drip,958.52,119.0,13734.0,13164.31
2021-05-02,2021,Zaid,Coconut,Andhra Pradesh,Visakhapatnam,Rainfed,736.27,128.0,5331.0,3925.06
2022-11-07,2022,Kharif,Cotton,Maharashtra,Mumbai,Rainfed,391.03,136.0,566.0,221.32
2017-06-01,2017,Rabi,Potato,Bihar,Purnia,Tube Well,318.09,119.0,36030.0,11460.78
2016-06-21,2016,Kharif,Maize,Andhra Pradesh,Krishna,Canal,564.15,180.0,6042.0,3408.59
2016-04-15,2016,Zaid,Coconut,Karnataka,Hubli,Drip,280.42,56.0,11796.0,3307.83
2020-12-09,2020,Rabi,Oilseeds,Maharashtra,Nashik,Tube Well,15.6,142.0,3700.0,57.72
2018-10-25,2018,Perennial,Coffee,Tamil Nadu,Chennai,Canal,38.95,180.0,2227.0,86.74
2019-03-08,2019,Kharif,Maize,Maharashtra,Pune,Drip,471.49,56.0,4593.0,2165.55
2020-10-19,2020,Kharif,Maize,Maharashtra,Mumbai,Drip,170.25,124.0,4834.0,822.99
2019-02-19,2019,Kharif,Pulses,Rajasthan,Jodhpur,Rainfed,25.43,138.0,1788.0,45.47
2023-06-17,2023,Kharif,Cotton,Maharashtra,Nashik,Drip,1118.46,79.0,728.0,814.24
2017-11-22,2017,Kharif,Rice,Odisha,Bhubaneswar,Canal,253.98,88.0,4830.0,1226.72
2018-08-05,2018,Perennial,Coffee,Tamil Nadu,Coimbatore,Canal,558.4,168.0,1532.0,855.47
2018-01-18,2018,Kharif,Rice,Odisha,Bhubaneswar,Canal,169.67,135.0,5166.0,876.52
2018-01-20,2018,Kharif,Pulses,Madhya Pradesh,Bhopal,Tube Well,46.91,97.0,1987.0,93.21
2021-02-24,2021,Zaid,Coconut,Karnataka,Mysore,Drip,821.9,165.0,16616.0,13656.69
2021-03-30,2021,Rabi,Oilseeds,Rajasthan,Jaipur,Rainfed,96.22,162.0,1700.0,163.57
2021-08-03,2021,Zaid,Coconut,Tamil Nadu,Madurai,Tube Well,38.03,102.0,10718.0,407.61
2018-04-02,2018,Kharif,Maize,Andhra Pradesh,Guntur,Rainfed,708.8,123.0,4136.0,2931.6
2017-08-25,2017,Rabi,Pulses,Rajasthan,Udaipur,Tube Well,19.29,150.0,1632.0,31.48
2024-12-29,2024,Kharif,Maize,Andhra Pradesh,Visakhapatnam,Rainfed,529.18,101.0,3036.0,1606.59
2017-09-02,2017,Kharif,Rice,Odisha,Bhubaneswar,Canal,267.06,144.0,5415.0,1446.13
2020-03-02,2020,Perennial,Sugarcane,Uttar Pradesh,Kanpur,Tube Well,485.93,88.0,122039.0,59302.41
2022-02-11,2022,Kharif,Cotton,Maharashtra,Nashik,Drip,15.03,94.0,1372.0,20.62
2018-07-19,2018,Rabi,Potato,West Bengal,Darjeeling,Rainfed,1061.14,97.0,14627.0,15521.29
2018-12-07,2018,Rabi,Potato,Bihar,Patna,Tube Well,521.79,190.0,35803.0,18681.65
2025-02-24,2025,Kharif,Maize,Madhya Pradesh,Bhopal,Tube Well,462.28,175.0,5595.0,2586.46
2024-05-20,2024,Perennial,Sugarcane,Uttar Pradesh,Kanpur,Rainfed,1002.52,135.0,92330.0,92562.67
2021-06-05,2021,Kharif,Rice,Punjab,Amritsar,Canal,1198.31,135.0,6409.0,7679.97
2020-08-05,2020,Rabi,Wheat,Rajasthan,Jodhpur,Rainfed,429.46,58.0,2440.0,1047.88
2021-06-12,2021,Perennial,Apple,Himachal Pradesh,Shimla,Rainfed,383.48,147.0,5396.0,2069.26
2018-10-19,2018,Rabi,Wheat,Bihar,Purnia,Rainfed,454.25,99.0,2579.0,1171.51
2016-03-10,2016,Perennial,Apple,Himachal Pradesh,Mandi,Rainfed,191.92,142.0,7522.0,1443.62
2015-06-21,2015,Kharif,Cotton,Andhra Pradesh,Chittoor,Tube Well,989.53,176.0,1288.0,1274.51
2023-11-01,2023,Rabi,Potato,Bihar,Gaya,Rainfed,866.66,57.0,14420.0,12497.24
2022-01-24,2022,Kharif,Cotton,Gujarat,Surat,Rainfed,173.99,141.0,456.0,79.34
2021-06-09,2021,Zaid,Coconut,Karnataka,Mysore,Tube Well,601.5,135.0,11101.0,6677.25
2020-04-09,2020,Perennial,Apple,Himachal Pradesh,Mandi,Rainfed,344.98,81.0,13139.0,4532.69
2024-01-09,2024,Kharif,Rice,Bihar,Muzaffarpur,Canal,92.76,147.0,4806.0,445.8
2019-11-12,2019,Rabi,Pulses,Maharashtra,Mumbai,Rainfed,1209.18,133.0,1313.0,1587.65
2018-06-04,2018,Kharif,Maize,Madhya Pradesh,Bhopal,Tube Well,420.89,165.0,5001.0,2104.87
2023-05-08,2023,Rabi,Potato,Uttar Pradesh,Kanpur,Rainfed,971.73,67.0,16516.0,16049.09
2023-01-20,2023,Rabi,Potato,Punjab,Patiala,Canal,275.58,117.0,22614.0,6231.97
2016-01-25,2016,Perennial,Coffee,Karnataka,Hubli,Drip,298.23,200.0,2429.0,724.4
2025-03-06,2025,Rabi,Potato,West Bengal,Kolkata,Rainfed,141.89,153.0,11515.0,1633.86
2024-08-13,2024,Kharif,Cotton,Maharashtra,Pune,Tube Well,350.56,153.0,820.0,287.46
2022-07-29,2022,Kharif,Cotton,Gujarat,Vadodara,Tube Well,595.95,98.0,573.0,341.48
2019-02-14,2019,Kharif,Rice,Uttar Pradesh,Varanasi,Rainfed,1252.11,64.0,4230.0,5296.43
2021-09-23,2021,Kharif,Maize,Maharashtra,Nashik,Tube Well,698.5,192.0,6278.0,4385.18
2016-07-30,2016,Kharif,Rice,Assam,Dibrugarh,Rainfed,203.13,66.0,4076.0,827.96
2019-09-22,2019,Perennial,Tea,West Bengal,Howrah,Canal,58.64,199.0,3175.0,186.18
2018-08-26,2018,Rabi,Pulses,Rajasthan,Udaipur,Tube Well,439.16,69.0,2284.0,1003.04
2015-11-06,2015,Rabi,Wheat,Uttar Pradesh,Kanpur,Rainfed,636.04,76.0,1939.0,1233.28
2015-12-08,2015,Kharif,Pulses,Rajasthan,Udaipur,Rainfed,689.2,96.0,1031.0,710.57
2015-05-28,2015,Perennial,Sugarcane,Karnataka,Mysore,Drip,859.94,127.0,122759.0,105565.37
2016-04-08,2016,Zaid,Coconut,Tamil Nadu,Chennai,Canal,891.12,169.0,12898.0,11493.67
2016-02-13,2016,Kharif,Rice,West Bengal,Kolkata,Canal,23.34,196.0,6332.0,147.79
2022-10-07,2022,Zaid,Coconut,Karnataka,Hubli,Drip,857.8,104.0,11916.0,10221.54
2021-09-07,2021,Rabi,Oilseeds,Madhya Pradesh,Bhopal,Tube Well,163.74,53.0,2501.0,409.51
2017-09-01,2017,Kharif,Oilseeds,Gujarat,Ahmedabad,Rainfed,707.1,143.0,3058.0,2162.31
2015-11-10,2015,Rabi,Wheat,Uttar Pradesh,Kanpur,Rainfed,676.66,157.0,4198.0,2840.62
2018-11-15,2018,Rabi,Pulses,Rajasthan,Jaipur,Rainfed,404.41,110.0,852.0,344.56
2017-09-15,2017,Kharif,Cotton,Andhra Pradesh,Chittoor,Canal,168.8,78.0,926.0,156.31
2023-10-28,2023,Perennial,Tea,Kerala,Thrissur,Rainfed,370.94,96.0,1735.0,643.58
2017-09-14,2017,Perennial,Coffee,Karnataka,Mysore,Canal,50.27,148.0,1231.0,61.88
2017-07-17,2017,Rabi,Pulses,Madhya Pradesh,Bhopal,Rainfed,42.39,124.0,888.0,37.64
2015-11-30,2015,Rabi,Pulses,Uttar Pradesh,Lucknow,Canal,990.03,162.0,2007.0,1986.99
2021-10-15,2021,Rabi,Potato,West Bengal,Kolkata,Rainfed,1047.35,83.0,28316.0,29656.76
2024-06-15,2024,Rabi,Pulses,Uttar Pradesh,Lucknow,Tube Well,1168.32,176.0,1277.0,1491.94
2022-08-04,2022,Rabi,Pulses,Madhya Pradesh,Bhopal,Tube Well,380.63,73.0,2141.0,814.93
2018-05-14,2018,Kharif,Oilseeds,Rajasthan,Udaipur,Tube Well,48.55,99.0,1757.0,85.3
2022-04-10,2022,Rabi,Oilseeds,Madhya Pradesh,Bhopal,Rainfed,45.57,139.0,2283.0,104.04
2016-06-29,2016,Perennial,Sugarcane,Uttar Pradesh,Kanpur,Canal,245.26,161.0,101697.0,24942.21
2018-12-03,2018,Rabi,Oilseeds,Gujarat,Surat,Tube Well,1171.21,90.0,2109.0,2470.08
2018-09-08,2018,Kharif,Pulses,Uttar Pradesh,Kanpur,Tube Well,604.0,192.0,2724.0,1645.3
2019-05-01,2019,Zaid,Coconut,Kerala,Thrissur,Rainfed,676.29,156.0,12858.0,8695.74
2021-01-29,2021,Kharif,Maize,Andhra Pradesh,Chittoor,Tube Well,849.12,83.0,5100.0,4330.51
2024-08-10,2024,Kharif,Pulses,Madhya Pradesh,Bhopal,Tube Well,488.29,159.0,2197.0,1072.77
2022-02-02,2022,Kharif,Cotton,Gujarat,Surat,Tube Well,1137.91,154.0,1174.0,1335.91
2017-02-06,2017,Kharif,Rice,Chhattisgarh,Raipur,Rainfed,168.98,163.0,2461.0,415.86
2015-07-27,2015,Zaid,Coconut,Andhra Pradesh,Krishna,Canal,551.32,187.0,6619.0,3649.19
2024-12-26,2024,Rabi,Pulses,Uttar Pradesh,Varanasi,Tube Well,1298.44,157.0,2413.0,3133.14
2020-05-16,2020,Kharif,Cotton,Maharashtra,Pune,Tube Well,721.77,103.0,910.0,656.81
2021-06-04,2021,Perennial,Apple,Himachal Pradesh,Shimla,Rainfed,130.76,169.0,8998.0,1176.58
2015-06-21,2015,Perennial,Sugarcane,Maharashtra,Mumbai,Tube Well,279.5,154.0,137919.0,38548.36
2015-02-16,2015,Perennial,Coffee,Karnataka,Bangalore,Drip,830.64,136.0,857.0,711.86
2017-02-15,2017,Kharif,Cotton,Gujarat,Ahmedabad,Rainfed,25.22,103.0,612.0,15.43
2020-10-15,2020,Rabi,Wheat,Haryana,Faridabad,Canal,1280.73,188.0,5686.0,7282.23
2025-08-23,2025,Perennial,Sugarcane,Karnataka,Bangalore,Canal,30.08,127.0,97975.0,2947.09
2021-05-02,2021,Zaid,Coconut,Andhra Pradesh,Krishna,Canal,760.88,144.0,12366.0,9409.04
2016-08-26,2016,Kharif,Cotton,Andhra Pradesh,Guntur,Tube Well,729.65,112.0,567.0,413.71
2019-04-19,2019,Kharif,Pulses,Maharashtra,Pune,Drip,756.15,167.0,2937.0,2220.81
2023-12-21,2023,Rabi,Pulses,Rajasthan,Jodhpur,Tube Well,337.3,101.0,1222.0,412.18
2017-01-23,2017,Perennial,Apple,Jammu and Kashmir,Srinagar,Rainfed,342.45,172.0,7987.0,2735.15
2025-01-24,2025,Rabi,Oilseeds,Madhya Pradesh,Bhopal,Tube Well,530.87,66.0,1559.0,827.63
2023-05-18,2023,Rabi,Pulses,Maharashtra,Mumbai,Drip,1018.6,156.0,2116.0,2155.36
2018-03-05,2018,Kharif,Oilseeds,Maharashtra,Mumbai,Rainfed,159.02,122.0,2712.0,431.26
2023-04-16,2023,Rabi,Potato,Bihar,Purnia,Tube Well,59.4,155.0,21343.0,1267.77
2023-11-22,2023,Perennial,Apple,Jammu and Kashmir,Srinagar,Rainfed,21.13,130.0,6706.0,141.7
2023-05-12,2023,Kharif,Oilseeds,Maharashtra,Nagpur,Tube Well,199.9,70.0,2177.0,435.18
2022-11-29,2022,Zaid,Coconut,Karnataka,Hubli,Canal,737.04,122.0,16272.0,11993.11
2018-02-07,2018,Perennial,Tea,West Bengal,Darjeeling,Rainfed,548.48,195.0,1180.0,647.21
2022-11-22,2022,Kharif,Rice,Telangana,Warangal,Tube Well,679.5,163.0,4952.0,3364.88
2024-01-28,2024,Rabi,Potato,Bihar,Patna,Tube Well,199.81,95.0,29316.0,5857.63
2023-05-21,2023,Kharif,Maize,Andhra Pradesh,Chittoor,Canal,446.69,192.0,8351.0,3730.31
2018-07-08,2018,Zaid,Coconut,Karnataka,Hubli,Tube Well,978.46,167.0,14148.0,13843.25
2016-04-16,2016,Rabi,Potato,Punjab,Patiala,Canal,1404.21,105.0,15303.0,21488.63
2016-01-25,2016,Rabi,Pulses,Madhya Pradesh,Bhopal,Rainfed,738.17,141.0,1441.0,1063.7
2019-10-03,2019,Zaid,Coconut,Karnataka,Mysore,Tube Well,901.95,114.0,6006.0,5417.11
2020-11-03,2020,Kharif,Rice,Tamil Nadu,Madurai,Drip,760.18,65.0,4969.0,3777.33
2017-04-28,2017,Perennial,Sugarcane,Karnataka,Mysore,Tube Well,1005.91,171.0,76916.0,77370.57
2024-05-19,2024,Rabi,Potato,Bihar,Purnia,Canal,717.04,79.0,13925.0,9984.78
2024-02-17,2024,Kharif,Oilseeds,Rajasthan,Udaipur,Rainfed,668.22,119.0,1651.0,1103.23
2019-11-26,2019,Rabi,Potato,Punjab,Amritsar,Tube Well,46.93,155.0,40043.0,1879.22
2016-05-15,2016,Zaid,Coconut,Tamil Nadu,Chennai,Drip,1014.59,190.0,15488.0,15713.97
2016-02-26,2016,Kharif,Oilseeds,Gujarat,Vadodara,Rainfed,671.33,59.0,924.0,620.31
2019-05-20,2019,Perennial,Tea,West Bengal,Kolkata,Rainfed,131.86,109.0,1436.0,189.35
2015-12-10,2015,Perennial,Apple,Himachal Pradesh,Kangra,Rainfed,115.31,142.0,5514.0,635.82
2018-09-19,2018,Kharif,Rice,Odisha,Bhubaneswar,Rainfed,768.42,167.0,3202.0,2460.48
2021-12-25,2021,Perennial,Tea,Kerala,Kozhikode,Drip,409.83,188.0,3235.0,1325.8
2023-11-07,2023,Kharif,Pulses,Rajasthan,Jaipur,Rainfed,688.14,50.0,1541.0,1060.42
2022-05-16,2022,Kharif,Oilseeds,Madhya Pradesh,Bhopal,Rainfed,102.85,144.0,2789.0,286.85
2018-11-09,2018,Kharif,Oilseeds,Madhya Pradesh,Bhopal,Rainfed,335.88,51.0,2543.0,854.14
2024-03-23,2024,Perennial,Tea,Kerala,Ernakulam,Drip,272.18,168.0,2393.0,651.33
2022-02-08,2022,Rabi,Pulses,Rajasthan,Jaipur,Rainfed,366.13,72.0,1724.0,631.21
2019-08-11,2019,Kharif,Maize,Maharashtra,Nashik,Tube Well,827.13,184.0,7558.0,6251.45
2025-03-15,2025,Rabi,Pulses,Madhya Pradesh,Bhopal,Rainfed,532.69,73.0,1361.0,724.99
2016-07-24,2016,Rabi,Pulses,Uttar Pradesh,Kanpur,Tube Well,11.93,165.0,2752.0,32.83
2019-12-10,2019,Kharif,Cotton,Telangana,Nizamabad,Tube Well,89.17,93.0,1446.0,128.94
2025-03-16,2025,Perennial,Tea,Assam,Cachar,Rainfed,37.7,134.0,2467.0,93.01
2017-06-11,2017,Perennial,Apple,Jammu and Kashmir,Srinagar,Rainfed,347.19,141.0,7470.0,2593.51
2021-12-27,2021,Rabi,Potato,Uttar Pradesh,Kanpur,Rainfed,476.81,81.0,13532.0,6452.19
2015-08-27,2015,Perennial,Apple,Himachal Pradesh,Kangra,Rainfed,189.86,95.0,13744.0,2609.44
2025-02-26,2025,Rabi,Pulses,Madhya Pradesh,Bhopal,Tube Well,365.79,66.0,1516.0,554.54
2017-07-03,2017,Perennial,Apple,Himachal Pradesh,Kangra,Rainfed,426.16,51.0,11700.0,4986.07
2019-10-09,2019,Rabi,Wheat,Bihar,Muzaffarpur,Canal,24.02,86.0,4340.0,104.25
2024-02-03,2024,Rabi,Oilseeds,Rajasthan,Jodhpur,Tube Well,91.85,127.0,3351.0,307.79
2022-05-06,2022,Kharif,Maize,Madhya Pradesh,Bhopal,Tube Well,551.28,157.0,4298.0,2369.4
2018-12-31,2018,Perennial,Sugarcane,Uttar Pradesh,Kanpur,Rainfed,1446.2,169.0,79663.0,115208.63
2022-02-10,2022,Rabi,Pulses,Maharashtra,Nashik,Rainfed,839.19,60.0,1679.0,1409.0
2020-07-25,2020,Kharif,Pulses,Rajasthan,Udaipur,Tube Well,190.18,91.0,1727.0,328.44
2023-11-05,2023,Kharif,Oilseeds,Maharashtra,Nagpur,Rainfed,680.63,166.0,2639.0,1796.18
2021-11-08,2021,Rabi,Wheat,Bihar,Purnia,Tube Well,975.23,122.0,4620.0,4505.56
2019-09-16,2019,Rabi,Oilseeds,Gujarat,Surat,Tube Well,638.41,77.0,1505.0,960.81
2021-05-06,2021,Zaid,Coconut,Kerala,Thrissur,Drip,305.07,109.0,7331.0,2236.47
2016-01-02,2016,Perennial,Tea,West Bengal,Kolkata,Rainfed,427.93,91.0,2032.0,869.55
2023-08-09,2023,Kharif,Oilseeds,Maharashtra,Nagpur,Drip,1257.47,58.0,1409.0,1771.78
2025-05-28,2025,Zaid,Coconut,Kerala,Kozhikode,Rainfed,577.94,165.0,7456.0,4309.12
2019-10-11,2019,Kharif,Cotton,Maharashtra,Nashik,Rainfed,896.45,94.0,1111.0,995.96
2015-03-27,2015,Perennial,Apple,Jammu and Kashmir,Srinagar,Rainfed,100.5,192.0,12415.0,1247.71
2023-07-24,2023,Perennial,Apple,Himachal Pradesh,Shimla,Rainfed,284.15,183.0,16071.0,4566.57
2020-08-02,2020,Rabi,Oilseeds,Rajasthan,Jodhpur,Tube Well,256.15,157.0,2260.0,578.9
2019-09-13,2019,Zaid,Coconut,Tamil Nadu,Coimbatore,Canal,271.82,99.0,11981.0,3256.68
2021-01-01,2021,Kharif,Maize,Karnataka,Mysore,Tube Well,986.15,92.0,4812.0,4745.35
2022-08-29,2022,Rabi,Oilseeds,Gujarat,Surat,Rainfed,465.96,121.0,1256.0,585.25
2016-09-11,2016,Perennial,Apple,Jammu and Kashmir,Srinagar,Rainfed,120.29,103.0,14838.0,1784.86
2022-04-09,2022,Rabi,Wheat,Punjab,Ludhiana,Tube Well,1398.26,185.0,3436.0,4804.42
2015-10-10,2015,Kharif,Oilseeds,Rajasthan,Udaipur,Rainfed,146.17,69.0,1286.0,187.97
2018-04-22,2018,Rabi,Pulses,Uttar Pradesh,Varanasi,Tube Well,1120.8,159.0,2536.0,2842.35
2024-06-18,2024,Perennial,Sugarcane,Uttar Pradesh,Kanpur,Canal,982.59,142.0,128031.0,125801.98
2018-02-12,2018,Kharif,Oilseeds,Madhya Pradesh,Bhopal,Tube Well,737.18,171.0,4222.0,3112.37
2018-10-04,2018,Kharif,Cotton,Telangana,Hyderabad,Rainfed,750.52,131.0,478.0,358.75
2020-11-23,2020,Zaid,Coconut,Andhra Pradesh,Guntur,Rainfed,849.3,144.0,5082.0,4316.14
2019-10-30,2019,Perennial,Tea,West Bengal,Darjeeling,Canal,352.88,194.0,2586.0,912.55
2023-02-03,2023,Kharif,Oilseeds,Maharashtra,Nashik,Tube Well,649.28,64.0,2581.0,1675.79
2018-10-09,2018,Kharif,Rice,Punjab,Ludhiana,Canal,1417.3,66.0,2618.0,3710.49
2018-12-06,2018,Kharif,Rice,Odisha,Bhubaneswar,Rainfed,30.65,109.0,2491.0,76.35
2017-04-20,2017,Kharif,Maize,Telangana,Hyderabad,Canal,716.96,121.0,7003.0,5020.87
2018-09-13,2018,Rabi,Potato,Punjab,Patiala,Tube Well,385.2,80.0,28489.0,10973.96
2017-01-15,2017,Zaid,Coconut,Tamil Nadu,Madurai,Canal,211.67,62.0,5797.0,1227.05
2017-12-25,2017,Rabi,Wheat,Punjab,Amritsar,Canal,356.01,53.0,4664.0,1660.43
2016-10-05,2016,Rabi,Pulses,Rajasthan,Jodhpur,Rainfed,51.23,165.0,1224.0,62.71
2016-07-16,2016,Kharif,Maize,Maharashtra,Nagpur,Drip,1289.65,123.0,8110.0,10459.06
2020-06-19,2020,Perennial,Tea,Assam,Cachar,Rainfed,697.2,177.0,2691.0,1876.17
2024-12-15,2024,Rabi,Wheat,Rajasthan,Jodhpur,Tube Well,369.53,104.0,3797.0,1403.11
2015-10-13,2015,Perennial,Coffee,Tamil Nadu,Coimbatore,Drip,789.46,156.0,1382.0,1091.03
2018-11-14,2018,Rabi,Oilseeds,Rajasthan,Jaipur,Rainfed,394.05,123.0,1605.0,632.45
2017-09-27,2017,Kharif,Maize,Telangana,Warangal,Tube Well,732.31,142.0,7383.0,5406.64
2017-01-03,2017,Rabi,Oilseeds,Madhya Pradesh,Bhopal,Rainfed,677.36,106.0,1394.0,944.24
2019-10-22,2019,Kharif,Pulses,Uttar Pradesh,Lucknow,Tube Well,356.86,62.0,1821.0,649.84
2015-12-01,2015,Rabi,Oilseeds,Madhya Pradesh,Bhopal,Tube Well,373.2,192.0,3151.0,1175.95
2025-10-07,2025,Kharif,Cotton,Telangana,Nizamabad,Rainfed,575.01,175.0,674.0,387.56
2017-01-23,2017,Kharif,Rice,Tamil Nadu,Madurai,Tube Well,1076.5,97.0,6227.0,6703.37
2016-03-15,2016,Perennial,Coffee,Karnataka,Belgaum,Tube Well,754.13,194.0,1994.0,1503.74
2018-02-09,2018,Kharif,Pulses,Rajasthan,Udaipur,Tube Well,629.37,95.0,1034.0,650.77
2018-10-04,2018,Perennial,Coffee,Kerala,Kozhikode,Drip,678.43,116.0,1305.0,885.35
2020-08-31,2020,Kharif,Cotton,Gujarat,Surat,Tube Well,702.66,163.0,969.0,680.88
2016-12-16,2016,Rabi,Pulses,Uttar Pradesh,Varanasi,Canal,1341.55,96.0,2437.0,3269.36
2017-04-11,2017,Rabi,Oilseeds,Rajasthan,Jodhpur,Tube Well,270.42,99.0,1931.0,522.18
2016-09-05,2016,Rabi,Pulses,Madhya Pradesh,Bhopal,Rainfed,309.63,112.0,2021.0,625.76
2023-08-14,2023,Kharif,Pulses,Rajasthan,Jodhpur,Rainfed,548.87,120.0,1067.0,585.64
2024-11-27,2024,Kharif,Pulses,Madhya Pradesh,Bhopal,Tube Well,116.29,69.0,1304.0,151.64
2020-05-16,2020,Kharif,Rice,Uttar Pradesh,Lucknow,Rainfed,465.68,53.0,3620.0,1685.76
2019-02-21,2019,Kharif,Cotton,Telangana,Warangal,Canal,551.63,188.0,810.0,446.82
2023-04-14,2023,Rabi,Oilseeds,Rajasthan,Jodhpur,Rainfed,299.85,103.0,2765.0,829.09
2020-07-31,2020,Perennial,Apple,Himachal Pradesh,Mandi,Rainfed,470.95,65.0,5654.0,2662.75
2021-10-20,2021,Perennial,Tea,West Bengal,Howrah,Rainfed,1054.77,164.0,2735.0,2884.8
2017-02-01,2017,Zaid,Coconut,Andhra Pradesh,Chittoor,Tube Well,608.07,94.0,13760.0,8367.04
2016-12-22,2016,Zaid,Coconut,Tamil Nadu,Chennai,Tube Well,597.58,77.0,12990.0,7762.56
2016-10-30,2016,Rabi,Oilseeds,Rajasthan,Jodhpur,Rainfed,509.99,194.0,2103.0,1072.51
2017-12-09,2017,Kharif,Maize,Bihar,Patna,Canal,462.69,188.0,6953.0,3217.08
2020-11-30,2020,Perennial,Apple,Jammu and Kashmir,Srinagar,Rainfed,84.14,66.0,8883.0,747.42
2016-04-24,2016,Rabi,Pulses,Maharashtra,Nashik,Tube Well,973.59,185.0,2899.0,2822.44
2019-01-16,2019,Rabi,Potato,Uttar Pradesh,Varanasi,Tube Well,1109.3,184.0,15598.0,17302.86
2018-09-14,2018,Kharif,Oilseeds,Gujarat,Vadodara,Tube Well,301.53,145.0,2413.0,727.59
2018-05-24,2018,Rabi,Wheat,Madhya Pradesh,Bhopal,Rainfed,668.0,129.0,4103.0,2740.8
2016-11-16,2016,Rabi,Pulses,Uttar Pradesh,Varanasi,Tube Well,924.34,83.0,1524.0,1408.69
2024-01-08,2024,Perennial,Apple,Jammu and Kashmir,Srinagar,Rainfed,102.16,68.0,8377.0,855.79
2019-05-06,2019,Rabi,Wheat,Madhya Pradesh,Bhopal,Tube Well,525.11,141.0,4435.0,2328.86
2018-09-25,2018,Kharif,Pulses,Uttar Pradesh,Kanpur,Canal,358.08,173.0,2824.0,1011.22
2015-11-02,2015,Perennial,Sugarcane,Tamil Nadu,Coimbatore,Drip,299.1,153.0,97575.0,29184.68
2019-04-02,2019,Kharif,Pulses,Maharashtra,Nashik,Rainfed,1103.93,77.0,1838.0,2029.02
2017-06-24,2017,Rabi,Potato,West Bengal,Kolkata,Canal,1023.15,94.0,20434.0,20907.05
2021-12-16,2021,Kharif,Oilseeds,Rajasthan,Udaipur,Rainfed,187.25,132.0,2756.0,516.06
2021-03-12,2021,Zaid,Coconut,Andhra Pradesh,Guntur,Tube Well,1114.38,144.0,8480.0,9449.94
2016-12-12,2016,Perennial,Sugarcane,Karnataka,Mysore,Tube Well,270.29,61.0,63054.0,17042.87
2023-12-22,2023,Kharif,Maize,Madhya Pradesh,Bhopal,Tube Well,102.64,142.0,7403.0,759.84
2025-07-04,2025,Perennial,Coffee,Tamil Nadu,Chennai,Tube Well,73.46,160.0,1333.0,97.92
2019-06-05,2019,Kharif,Oilseeds,Maharashtra,Nagpur,Rainfed,322.33,77.0,1690.0,544.74
2025-04-14,2025,Perennial,Apple,Jammu and Kashmir,Srinagar,Rainfed,160.25,87.0,8988.0,1440.33
2024-02-13,2024,Zaid,Coconut,Andhra Pradesh,Krishna,Canal,1113.78,89.0,11503.0,12811.81
2016-02-07,2016,Perennial,Coffee,Karnataka,Bangalore,Canal,273.95,191.0,1173.0,321.34
2017-02-03,2017,Kharif,Pulses,Maharashtra,Nashik,Rainfed,481.45,111.0,1095.0,527.19
2022-10-15,2022,Perennial,Coffee,Karnataka,Hubli,Canal,810.23,130.0,1369.0,1109.2
2025-05-21,2025,Zaid,Coconut,Karnataka,Bangalore,Tube Well,339.26,159.0,6002.0,2036.24
2022-09-22,2022,Kharif,Rice,Tamil Nadu,Chennai,Drip,755.96,106.0,5461.0,4128.3
2019-12-07,2019,Perennial,Coffee,Karnataka,Hubli,Canal,480.96,66.0,1638.0,787.81
2022-09-02,2022,Kharif,Maize,Karnataka,Bangalore,Drip,224.12,148.0,7747.0,1736.26
2015-06-26,2015,Perennial,Tea,Assam,Kamrup,Rainfed,589.91,150.0,1840.0,1085.43
2016-08-22,2016,Kharif,Cotton,Maharashtra,Nashik,Rainfed,44.88,89.0,827.0,37.12
2017-03-12,2017,Zaid,Coconut,Karnataka,Hubli,Canal,328.64,55.0,5102.0,1676.72
2020-02-12,2020,Rabi,Wheat,Bihar,Purnia,Canal,362.62,150.0,5508.0,1997.31
2020-10-30,2020,Kharif,Rice,Punjab,Patiala,Tube Well,692.75,156.0,5121.0,3547.57
2021-11-04,2021,Kharif,Pulses,Uttar Pradesh,Lucknow,Canal,1023.01,54.0,1427.0,1459.84
2022-12-15,2022,Kharif,Pulses,Madhya Pradesh,Bhopal,Tube Well,372.93,154.0,1601.0,597.06
2016-09-02,2016,Rabi,Pulses,Madhya Pradesh,Bhopal,Tube Well,479.52,191.0,2346.0,1124.95
2017-06-20,2017,Kharif,Pulses,Maharashtra,Mumbai,Drip,778.56,77.0,1978.0,1539.99
2018-03-18,2018,Rabi,Wheat,Punjab,Amritsar,Tube Well,566.17,128.0,3158.0,1787.96
2024-07-21,2024,Kharif,Oilseeds,Rajasthan,Udaipur,Rainfed,654.44,155.0,1982.0,1297.1
2015-12-31,2015,Kharif,Pulses,Maharashtra,Nagpur,Rainfed,1243.05,85.0,1552.0,1929.21
2019-08-04,2019,Zaid,Coconut,Andhra Pradesh,Chittoor,Canal,702.4,163.0,9388.0,6594.13
2019-12-20,2019,Kharif,Pulses,Maharashtra,Mumbai,Tube Well,102.48,180.0,2045.0,209.57
2021-12-05,2021,Perennial,Sugarcane,Tamil Nadu,Madurai,Canal,545.33,172.0,93664.0,51077.79
2024-02-16,2024,Perennial,Tea,West Bengal,Darjeeling,Rainfed,211.02,89.0,1075.0,226.85
2024-06-04,2024,Rabi,Oilseeds,Maharashtra,Nashik,Drip,633.35,171.0,2758.0,1746.78
2020-03-16,2020,Rabi,Oilseeds,Madhya Pradesh,Bhopal,Rainfed,158.9,112.0,2493.0,396.14
2020-12-20,2020,Perennial,Sugarcane,Uttar Pradesh,Lucknow,Tube Well,1058.74,90.0,75380.0,79807.82
2019-12-29,2019,Kharif,Maize,Maharashtra,Nagpur,Rainfed,113.75,75.0,4974.0,565.79
2025-04-20,2025,Kharif,Cotton,Telangana,Nizamabad,Rainfed,858.44,186.0,1071.0,919.39
2016-10-24,2016,Kharif,Pulses,Uttar Pradesh,Kanpur,Canal,301.11,114.0,1907.0,574.22
2021-05-06,2021,Zaid,Coconut,Andhra Pradesh,Guntur,Canal,796.18,180.0,17799.0,14171.21
2023-09-22,2023,Kharif,Oilseeds,Rajasthan,Udaipur,Rainfed,642.7,74.0,2610.0,1677.45
2018-07-14,2018,Rabi,Pulses,Uttar Pradesh,Kanpur,Rainfed,379.35,165.0,1634.0,619.86
2022-07-27,2022,Perennial,Coffee,Karnataka,Hubli,Tube Well,1028.38,67.0,1258.0,1293.7
2015-09-10,2015,Perennial,Tea,Kerala,Thrissur,Drip,317.05,53.0,1781.0,564.67
2015-12-08,2015,Rabi,Wheat,Rajasthan,Jaipur,Rainfed,672.77,199.0,4486.0,3018.05
2023-12-10,2023,Kharif,Pulses,Maharashtra,Mumbai,Drip,1263.06,61.0,2395.0,3025.03
2016-09-20,2016,Perennial,Tea,Kerala,Kozhikode,Rainfed,158.58,119.0,2164.0,343.17
2018-07-14,2018,Rabi,Wheat,Uttar Pradesh,Lucknow,Canal,1248.32,182.0,3422.0,4271.75
2020-02-20,2020,Kharif,Rice,Tamil Nadu,Madurai,Tube Well,220.83,173.0,5891.0,1300.91
2021-02-22,2021,Kharif,Cotton,Telangana,Hyderabad,Rainfed,211.53,121.0,619.0,130.94
2019-01-17,2019,Perennial,Tea,West Bengal,Kolkata,Canal,101.7,142.0,1823.0,185.4
2020-06-28,2020,Rabi,Pulses,Madhya Pradesh,Bhopal,Tube Well,133.66,144.0,2338.0,312.5
2015-11-01,2015,Perennial,Sugarcane,Karnataka,Mysore,Drip,699.12,66.0,126403.0,88370.87
2019-10-05,2019,Perennial,Sugarcane,Maharashtra,Mumbai,Rainfed,589.54,93.0,54192.0,31948.35
2022-01-28,2022,Rabi,Potato,Uttar Pradesh,Varanasi,Tube Well,1188.51,95.0,16646.0,19783.94
2016-07-02,2016,Rabi,Oilseeds,Gujarat,Surat,Rainfed,405.08,107.0,1442.0,584.13
2020-08-10,2020,Rabi,Pulses,Madhya Pradesh,Bhopal,Rainfed,775.21,91.0,1904.0,1476.0
2023-02-06,2023,Kharif,Rice,Uttar Pradesh,Lucknow,Rainfed,84.31,88.0,3960.0,333.87
2025-01-18,2025,Rabi,Pulses,Uttar Pradesh,Kanpur,Canal,103.77,103.0,2142.0,222.28
2023-01-24,2023,Zaid,Coconut,Kerala,Kozhikode,Drip,564.09,107.0,11196.0,6315.55
2025-04-16,2025,Rabi,Potato,Punjab,Ludhiana,Canal,1332.43,123.0,28538.0,38024.89
2021-01-14,2021,Perennial,Tea,Kerala,Kozhikode,Drip,638.45,76.0,1887.0,1204.76
2018-08-21,2018,Rabi,Potato,Punjab,Amritsar,Tube Well,739.83,168.0,18607.0,13766.02
2016-06-04,2016,Rabi,Potato,Punjab,Ludhiana,Tube Well,411.77,179.0,37043.0,15253.2
2023-12-24,2023,Rabi,Potato,Uttar Pradesh,Varanasi,Tube Well,30.04,87.0,23978.0,720.3
2017-03-21,2017,Rabi,Pulses,Rajasthan,Jodhpur,Tube Well,361.52,68.0,1319.0,476.84
2017-03-30,2017,Zaid,Coconut,Andhra Pradesh,Guntur,Canal,576.01,158.0,13224.0,7617.16
2023-06-30,2023,Kharif,Maize,Bihar,Muzaffarpur,Tube Well,350.8,189.0,5333.0,1870.82
2023-01-11,2023,Rabi,Potato,Punjab,Ludhiana,Canal,871.33,55.0,23968.0,20884.04
2018-04-19,2018,Kharif,Pulses,Madhya Pradesh,Bhopal,Rainfed,585.76,52.0,929.0,544.17
2022-09-26,2022,Kharif,Oilseeds,Madhya Pradesh,Bhopal,Rainfed,563.7,78.0,2394.0,1349.5
2022-11-11,2022,Rabi,Potato,Uttar Pradesh,Varanasi,Canal,402.25,153.0,23757.0,9556.25
2021-01-17,2021,Rabi,Potato,West Bengal,Darjeeling,Canal,647.98,195.0,29155.0,18891.86
2015-10-02,2015,Perennial,Sugarcane,Karnataka,Belgaum,Canal,172.16,163.0,129089.0,22223.96
2017-03-06,2017,Rabi,Potato,West Bengal,Darjeeling,Canal,142.55,136.0,32617.0,4649.55
2017-06-04,2017,Zaid,Coconut,Andhra Pradesh,Chittoor,Tube Well,945.17,155.0,10015.0,9465.88
2018-06-08,2018,Rabi,Pulses,Maharashtra,Nashik,Drip,904.93,85.0,1184.0,1071.44
2023-12-22,2023,Rabi,Potato,Uttar Pradesh,Varanasi,Tube Well,1154.21,153.0,39433.0,45513.96
2023-05-04,2023,Kharif,Pulses,Madhya Pradesh,Bhopal,Rainfed,130.45,98.0,799.0,104.23
2023-12-03,2023,Kharif,Maize,Telangana,Hyderabad,Rainfed,824.01,83.0,4993.0,4114.28
2024-09-03,2024,Kharif,Pulses,Uttar Pradesh,Varanasi,Tube Well,208.34,85.0,2380.0,495.85
2024-05-12,2024,Rabi,Potato,Punjab,Amritsar,Canal,1306.36,150.0,23232.0,30349.36
2018-08-22,2018,Kharif,Cotton,Maharashtra,Pune,Tube Well,464.57,165.0,651.0,302.44
2018-06-05,2018,Kharif,Pulses,Uttar Pradesh,Kanpur,Canal,167.1,137.0,1549.0,258.84
2025-06-09,2025,Kharif,Rice,Odisha,Bhubaneswar,Canal,265.22,60.0,3599.0,954.53
2019-06-25,2019,Perennial,Tea,West Bengal,Howrah,Canal,207.78,56.0,2037.0,423.25
2025-01-08,2025,Kharif,Cotton,Andhra Pradesh,Guntur,Tube Well,593.9,83.0,1005.0,596.87
2019-10-26,2019,Rabi,Oilseeds,Madhya Pradesh,Bhopal,Tube Well,760.3,93.0,3061.0,2327.28
2025-04-22,2025,Kharif,Pulses,Madhya Pradesh,Bhopal,Tube Well,269.02,111.0,2427.0,652.91
2015-12-09,2015,Rabi,Wheat,Madhya Pradesh,Bhopal,Rainfed,493.56,61.0,2695.0,1330.14
2021-09-03,2021,Kharif,Pulses,Madhya Pradesh,Bhopal,Tube Well,714.46,159.0,2375.0,1696.84
2023-11-10,2023,Kharif,Rice,Odisha,Bhubaneswar,Canal,570.77,157.0,3470.0,1980.57
2021-10-09,2021,Rabi,Pulses,Maharashtra,Nagpur,Drip,477.24,102.0,1648.0,786.49
2015-10-22,2015,Kharif,Cotton,Gujarat,Ahmedabad,Rainfed,1189.1,134.0,520.0,618.33
2022-11-22,2022,Kharif,Maize,Maharashtra,Mumbai,Drip,251.76,65.0,6534.0,1645.0
2022-04-07,2022,Kharif,Oilseeds,Rajasthan,Jodhpur,Tube Well,371.05,112.0,3639.0,1350.25
2022-01-10,2022,Kharif,Pulses,Maharashtra,Nagpur,Tube Well,1037.75,179.0,2701.0,2802.96
2017-06-28,2017,Kharif,Oilseeds,Rajasthan,Udaipur,Rainfed,10.45,149.0,1782.0,18.62
2016-02-02,2016,Kharif,Maize,Telangana,Nizamabad,Canal,634.82,66.0,4585.0,2910.65
2023-02-18,2023,Perennial,Sugarcane,Tamil Nadu,Chennai,Drip,300.48,177.0,99854.0,30004.13
2024-05-13,2024,Rabi,Oilseeds,Rajasthan,Jodhpur,Tube Well,127.11,152.0,2180.0,277.1
2017-12-04,2017,Rabi,Pulses,Rajasthan,Udaipur,Rainfed,199.19,118.0,919.0,183.06
2022-01-17,2022,Kharif,Oilseeds,Gujarat,Vadodara,Rainfed,1160.51,154.0,1377.0,1598.02
2018-08-07,2018,Perennial,Sugarcane,Tamil Nadu,Coimbatore,Tube Well,982.21,76.0,73464.0,72157.08
2015-12-24,2015,Kharif,Rice,Telangana,Hyderabad,Canal,200.24,133.0,2833.0,567.28
2020-12-09,2020,Kharif,Rice,Bihar,Gaya,Tube Well,125.86,143.0,2921.0,367.64
2022-11-10,2022,Rabi,Oilseeds,Maharashtra,Nashik,Rainfed,479.76,189.0,2757.0,1322.7
2021-09-06,2021,Kharif,Rice,Odisha,Bhubaneswar,Canal,537.18,60.0,4722.0,2536.56
2025-07-11,2025,Kharif,Rice,Odisha,Bhubaneswar,Rainfed,781.76,106.0,4840.0,3783.72
2024-07-21,2024,Rabi,Pulses,Uttar Pradesh,Varanasi,Canal,1449.47,191.0,1972.0,2858.35
2022-11-06,2022,Perennial,Sugarcane,Maharashtra,Mumbai,Drip,978.99,83.0,96229.0,94207.23
2022-04-07,2022,Rabi,Potato,Bihar,Muzaffarpur,Rainfed,603.02,172.0,12713.0,7666.19
2024-04-29,2024,Zaid,Coconut,Tamil Nadu,Madurai,Tube Well,165.14,50.0,6001.0,991.01
2023-09-03,2023,Perennial,Tea,Assam,Dibrugarh,Rainfed,68.48,54.0,1848.0,126.55
2019-01-08,2019,Kharif,Rice,Bihar,Purnia,Canal,600.07,99.0,3564.0,2138.65
2017-05-01,2017,Kharif,Maize,Karnataka,Mysore,Tube Well,597.58,165.0,7525.0,4496.79
2024-10-22,2024,Kharif,Rice,Assam,Cachar,Rainfed,678.41,66.0,3824.0,2594.24
2016-08-14,2016,Rabi,Pulses,Uttar Pradesh,Varanasi,Rainfed,490.68,107.0,1701.0,834.65
2021-11-10,2021,Rabi,Oilseeds,Rajasthan,Udaipur,Rainfed,37.39,70.0,2229.0,83.34
2019-05-13,2019,Perennial,Tea,Assam,Tinsukia,Rainfed,344.73,84.0,1982.0,683.25
2021-12-04,2021,Zaid,Coconut,Kerala,Kozhikode,Rainfed,775.65,125.0,8668.0,6723.33
2018-02-27,2018,Rabi,Oilseeds,Maharashtra,Nagpur,Drip,1036.29,98.0,3228.0,3345.14
2015-07-20,2015,Kharif,Rice,Andhra Pradesh,Krishna,Tube Well,50.19,82.0,4379.0,219.78
2018-05-15,2018,Perennial,Tea,West Bengal,Darjeeling,Canal,963.4,109.0,1756.0,1691.73
2022-02-24,2022,Perennial,Apple,Jammu and Kashmir,Srinagar,Rainfed,193.96,155.0,7815.0,1515.8
2022-12-11,2022,Perennial,Apple,Jammu and Kashmir,Srinagar,Rainfed,152.26,68.0,8441.0,1285.23
2023-06-09,2023,Kharif,Maize,Karnataka,Belgaum,Drip,387.95,122.0,4350.0,1687.58
2023-04-02,2023,Rabi,Pulses,Maharashtra,Mumbai,Tube Well,777.74,91.0,2323.0,1806.69
2022-07-26,2022,Kharif,Rice,Punjab,Ludhiana,Tube Well,800.59,107.0,3593.0,2876.52
2021-08-08,2021,Kharif,Oilseeds,Rajasthan,Udaipur,Rainfed,463.07,173.0,1237.0,572.82
2024-01-02,2024,Kharif,Maize,Telangana,Hyderabad,Tube Well,520.54,189.0,6280.0,3268.99
2024-11-16,2024,Rabi,Pulses,Madhya Pradesh,Bhopal,Tube Well,123.72,86.0,2193.0,271.32
2021-01-21,2021,Rabi,Potato,West Bengal,Darjeeling,Rainfed,290.39,144.0,19189.0,5572.29
2023-03-29,2023,Kharif,Rice,Punjab,Amritsar,Tube Well,1263.13,152.0,3860.0,4875.68
2023-05-07,2023,Kharif,Cotton,Maharashtra,Pune,Drip,865.6,176.0,1308.0,1132.2
2020-06-13,2020,Rabi,Pulses,Madhya Pradesh,Bhopal,Rainfed,364.24,185.0,1702.0,619.94
2020-03-06,2020,Kharif,Cotton,Telangana,Nizamabad,Rainfed,172.52,120.0,1034.0,178.39
2019-02-03,2019,Kharif,Oilseeds,Maharashtra,Mumbai,Rainfed,19.92,197.0,3027.0,60.3
2020-09-25,2020,Rabi,Oilseeds,Maharashtra,Mumbai,Tube Well,412.33,196.0,3584.0,1477.79
2023-12-12,2023,Zaid,Coconut,Karnataka,Mysore,Tube Well,69.78,126.0,5347.0,373.11
2023-06-07,2023,Kharif,Pulses,Uttar Pradesh,Kanpur,Tube Well,728.6,131.0,1072.0,781.06
2025-08-05,2025,Kharif,Cotton,Gujarat,Surat,Rainfed,987.94,150.0,1277.0,1261.6
2020-10-12,2020,Kharif,Maize,Bihar,Purnia,Canal,292.54,106.0,5061.0,1480.54
2024-12-16,2024,Perennial,Apple,Jammu and Kashmir,Srinagar,Rainfed,340.62,149.0,8435.0,2873.13
2018-10-24,2018,Rabi,Oilseeds,Maharashtra,Mumbai,Rainfed,918.89,127.0,2560.0,2352.36
2018-12-30,2018,Rabi,Potato,West Bengal,Kolkata,Rainfed,146.54,55.0,19663.0,2881.42
2021-12-07,2021,Kharif,Pulses,Maharashtra,Nagpur,Tube Well,841.48,178.0,1959.0,1648.46
2015-12-02,2015,Rabi,Potato,West Bengal,Howrah,Rainfed,175.33,191.0,14225.0,2494.07
2017-10-15,2017,Kharif,Rice,Telangana,Nizamabad,Canal,592.76,54.0,2715.0,1609.34
2023-11-24,2023,Rabi,Pulses,Uttar Pradesh,Varanasi,Tube Well,222.64,168.0,2337.0,520.31
2024-10-09,2024,Perennial,Apple,Jammu and Kashmir,Srinagar,Rainfed,163.08,108.0,6274.0,1023.16
2019-04-20,2019,Rabi,Potato,Uttar Pradesh,Lucknow,Tube Well,854.23,138.0,25312.0,21622.27
2018-04-30,2018,Perennial,Tea,Assam,Tinsukia,Rainfed,49.8,125.0,2178.0,108.46
2018-05-09,2018,Zaid,Coconut,Karnataka,Bangalore,Tube Well,177.11,133.0,15267.0,2703.94
2020-01-09,2020,Kharif,Pulses,Uttar Pradesh,Varanasi,Rainfed,487.41,124.0,1910.0,930.95
2016-08-23,2016,Perennial,Apple,Himachal Pradesh,Kangra,Rainfed,236.54,178.0,15419.0,3647.21
2020-12-16,2020,Kharif,Cotton,Telangana,Nizamabad,Canal,774.05,153.0,994.0,769.41
2020-03-03,2020,Rabi,Potato,Uttar Pradesh,Kanpur,Tube Well,289.04,112.0,36895.0,10664.13
2025-08-06,2025,Kharif,Oilseeds,Maharashtra,Mumbai,Tube Well,458.24,153.0,3283.0,1504.4
2018-02-12,2018,Kharif,Cotton,Andhra Pradesh,Chittoor,Rainfed,576.17,195.0,1288.0,742.11
2019-02-27,2019,Rabi,Wheat,Rajasthan,Jodhpur,Tube Well,214.09,62.0,2565.0,549.14
2020-10-17,2020,Kharif,Cotton,Gujarat,Ahmedabad,Rainfed,754.64,108.0,434.0,327.51
2024-08-25,2024,Rabi,Potato,Uttar Pradesh,Varanasi,Tube Well,392.34,181.0,26984.0,10586.9
2023-01-29,2023,Rabi,Wheat,Bihar,Patna,Canal,774.63,161.0,5361.0,4152.79
2019-05-10,2019,Kharif,Pulses,Maharashtra,Nashik,Drip,661.65,190.0,2064.0,1365.65
2016-11-01,2016,Kharif,Maize,Bihar,Gaya,Rainfed,95.44,56.0,5150.0,491.52
2020-08-24,2020,Rabi,Oilseeds,Rajasthan,Jodhpur,Tube Well,442.63,179.0,2126.0,941.03
2017-10-16,2017,Kharif,Maize,Madhya Pradesh,Bhopal,Tube Well,459.7,169.0,4439.0,2040.61
2020-10-23,2020,Zaid,Coconut,Kerala,Thrissur,Rainfed,277.49,172.0,11297.0,3134.8
2020-11-05,2020,Rabi,Pulses,Maharashtra,Nagpur,Rainfed,24.39,140.0,1648.0,40.19
2018-02-03,2018,Perennial,Apple,Jammu and Kashmir,Srinagar,Rainfed,88.27,58.0,8596.0,758.77
2016-08-09,2016,Rabi,Potato,Bihar,Patna,Canal,411.65,131.0,37517.0,15443.87
2024-07-11,2024,Rabi,Pulses,Maharashtra,Nagpur,Rainfed,267.89,111.0,1807.0,484.08
2016-10-26,2016,Rabi,Wheat,Haryana,Karnal,Canal,812.71,129.0,3681.0,2991.59
2025-08-16,2025,Kharif,Pulses,Maharashtra,Nagpur,Drip,928.9,161.0,2758.0,2561.91
2018-04-24,2018,Kharif,Maize,Maharashtra,Nagpur,Rainfed,1114.26,139.0,4278.0,4766.8
2021-01-28,2021,Zaid,Coconut,Andhra Pradesh,Guntur,Canal,779.91,94.0,11718.0,9138.99
2022-04-13,2022,Rabi,Oilseeds,Gujarat,Vadodara,Rainfed,829.92,140.0,1471.0,1220.81
2020-06-16,2020,Zaid,Coconut,Karnataka,Belgaum,Canal,673.2,62.0,7512.0,5057.08
2017-08-16,2017,Perennial,Coffee,Tamil Nadu,Chennai,Canal,1084.18,51.0,1140.0,1235.97
2017-12-12,2017,Perennial,Tea,Assam,Kamrup,Rainfed,216.19,110.0,1484.0,320.83
2018-01-09,2018,Perennial,Sugarcane,Uttar Pradesh,Kanpur,Tube Well,406.73,164.0,79729.0,32428.18
2020-04-27,2020,Rabi,Potato,Bihar,Muzaffarpur,Tube Well,135.07,173.0,28151.0,3802.36
2023-04-21,2023,Kharif,Cotton,Maharashtra,Nashik,Rainfed,636.53,132.0,848.0,539.78
2019-08-24,2019,Rabi,Potato,Punjab,Ludhiana,Canal,153.28,180.0,19919.0,3053.18
2021-09-06,2021,Kharif,Maize,Madhya Pradesh,Bhopal,Rainfed,223.42,69.0,3291.0,735.28
2015-12-01,2015,Rabi,Wheat,Punjab,Ludhiana,Canal,729.19,195.0,3187.0,2323.93
2017-02-01,2017,Zaid,Coconut,Andhra Pradesh,Visakhapatnam,Canal,1149.54,188.0,6497.0,7468.56
2018-03-18,2018,Rabi,Oilseeds,Rajasthan,Udaipur,Rainfed,675.03,140.0,1824.0,1231.25
2019-03-16,2019,Kharif,Oilseeds,Gujarat,Vadodara,Tube Well,895.05,59.0,1514.0,1355.11
2016-01-19,2016,Kharif,Pulses,Madhya Pradesh,Bhopal,Rainfed,317.51,118.0,1946.0,617.87
2018-09-23,2018,Rabi,Wheat,Uttar Pradesh,Lucknow,Canal,1299.09,77.0,3034.0,3941.44
2018-11-18,2018,Kharif,Oilseeds,Rajasthan,Jodhpur,Tube Well,614.06,144.0,1546.0,949.34
2017-08-08,2017,Perennial,Tea,West Bengal,Howrah,Rainfed,1002.12,78.0,1527.0,1530.24
2015-07-29,2015,Kharif,Cotton,Telangana,Warangal,Canal,579.62,122.0,760.0,440.51
2023-02-17,2023,Kharif,Oilseeds,Maharashtra,Mumbai,Tube Well,270.31,81.0,1372.0,370.87
2025-04-09,2025,Kharif,Maize,Maharashtra,Nagpur,Drip,127.49,77.0,6928.0,883.25
2024-06-15,2024,Rabi,Pulses,Madhya Pradesh,Bhopal,Rainfed,732.67,87.0,1419.0,1039.66
2023-05-28,2023,Rabi,Wheat,Rajasthan,Jodhpur,Tube Well,48.33,54.0,2451.0,118.46
2016-03-28,2016,Kharif,Rice,Uttar Pradesh,Lucknow,Tube Well,450.88,157.0,4752.0,2142.58
2025-09-05,2025,Kharif,Oilseeds,Gujarat,Surat,Rainfed,589.48,96.0,1059.0,624.26
2023-08-21,2023,Rabi,Wheat,Madhya Pradesh,Bhopal,Tube Well,27.36,155.0,3769.0,103.12
2023-06-23,2023,Kharif,Cotton,Maharashtra,Pune,Tube Well,1179.92,148.0,950.0,1120.92
2021-06-07,2021,Rabi,Oilseeds,Maharashtra,Nagpur,Drip,380.39,60.0,3374.0,1283.44
2021-09-29,2021,Rabi,Wheat,Bihar,Gaya,Tube Well,38.22,97.0,4366.0,166.87
2024-12-14,2024,Kharif,Oilseeds,Rajasthan,Jaipur,Rainfed,695.58,135.0,2942.0,2046.4
2020-09-05,2020,Kharif,Oilseeds,Maharashtra,Pune,Rainfed,411.7,188.0,1471.0,605.61
2015-11-13,2015,Perennial,Sugarcane,Tamil Nadu,Madurai,Canal,965.67,110.0,103069.0,99530.64
2021-01-01,2021,Rabi,Potato,Punjab,Amritsar,Canal,685.68,126.0,14382.0,9861.45
2019-01-12,2019,Rabi,Potato,Bihar,Patna,Rainfed,666.49,163.0,29252.0,19496.17
2022-11-06,2022,Kharif,Cotton,Telangana,Hyderabad,Rainfed,224.57,170.0,774.0,173.82
2017-09-20,2017,Rabi,Potato,West Bengal,Howrah,Rainfed,558.13,189.0,13096.0,7309.27
2020-07-25,2020,Kharif,Cotton,Maharashtra,Mumbai,Tube Well,342.37,125.0,872.0,298.55
2021-03-07,2021,Rabi,Potato,Bihar,Gaya,Canal,951.57,79.0,19981.0,19013.32
2025-09-03,2025,Perennial,Sugarcane,Tamil Nadu,Chennai,Canal,76.43,165.0,130331.0,9961.2
2015-06-18,2015,Kharif,Maize,Maharashtra,Mumbai,Drip,364.33,69.0,4385.0,1597.59
2024-10-13,2024,Kharif,Cotton,Maharashtra,Mumbai,Rainfed,1162.11,113.0,856.0,994.77
2018-08-22,2018,Kharif,Maize,Maharashtra,Mumbai,Tube Well,629.25,144.0,7353.0,4626.88
2019-08-08,2019,Kharif,Oilseeds,Rajasthan,Jodhpur,Tube Well,424.06,154.0,3444.0,1460.46
2017-07-17,2017,Kharif,Cotton,Gujarat,Rajkot,Rainfed,785.52,160.0,1261.0,990.54
2016-05-25,2016,Kharif,Cotton,Telangana,Warangal,Tube Well,73.13,79.0,487.0,35.61
2016-01-26,2016,Zaid,Coconut,Andhra Pradesh,Guntur,Rainfed,31.11,197.0,7955.0,247.48
2021-02-23,2021,Rabi,Potato,Bihar,Gaya,Canal,938.46,77.0,21997.0,20643.3
2016-11-09,2016,Kharif,Cotton,Gujarat,Ahmedabad,Tube Well,333.09,64.0,504.0,167.88
2020-08-21,2020,Perennial,Coffee,Karnataka,Bangalore,Canal,424.54,150.0,1897.0,805.35
2018-06-03,2018,Kharif,Maize,Andhra Pradesh,Visakhapatnam,Rainfed,821.69,186.0,5800.0,4765.8
2015-07-31,2015,Perennial,Sugarcane,Karnataka,Mysore,Drip,267.57,134.0,111550.0,29847.43
2020-02-09,2020,Kharif,Rice,Bihar,Purnia,Tube Well,735.74,139.0,4355.0,3204.15
2022-05-12,2022,Perennial,Coffee,Tamil Nadu,Coimbatore,Canal,509.48,131.0,1946.0,991.45
2022-03-19,2022,Rabi,Pulses,Madhya Pradesh,Bhopal,Rainfed,686.72,56.0,1018.0,699.08
2023-12-11,2023,Perennial,Sugarcane,Maharashtra,Nagpur,Rainfed,369.32,152.0,72305.0,26703.68
2022-09-28,2022,Perennial,Sugarcane,Tamil Nadu,Chennai,Tube Well,232.17,104.0,124402.0,28882.41
2018-04-19,2018,Kharif,Cotton,Maharashtra,Nagpur,Tube Well,1082.88,190.0,665.0,720.12
2017-10-29,2017,Perennial,Coffee,Tamil Nadu,Chennai,Drip,365.7,78.0,1690.0,618.03
2019-01-23,2019,Kharif,Cotton,Gujarat,Vadodara,Tube Well,500.12,95.0,1221.0,610.65
2025-01-15,2025,Kharif,Cotton,Maharashtra,Nagpur,Tube Well,1033.88,126.0,1486.0,1536.35
2019-01-24,2019,Kharif,Pulses,Madhya Pradesh,Bhopal,Tube Well,512.11,122.0,1195.0,611.97
2023-04-17,2023,Rabi,Potato,Uttar Pradesh,Varanasi,Rainfed,668.17,110.0,29644.0,19807.23
2022-12-13,2022,Kharif,Cotton,Telangana,Hyderabad,Rainfed,232.4,97.0,417.0,96.91
2022-08-09,2022,Rabi,Pulses,Maharashtra,Nashik,Rainfed,995.82,72.0,1132.0,1127.27
2020-11-14,2020,Rabi,Pulses,Madhya Pradesh,Bhopal,Rainfed,152.54,173.0,1011.0,154.22
2020-01-29,2020,Zaid,Coconut,Tamil Nadu,Chennai,Drip,1021.82,117.0,6250.0,6386.38
2019-09-24,2019,Perennial,Apple,Jammu and Kashmir,Srinagar,Rainfed,68.62,136.0,15450.0,1060.18
2017-06-13,2017,Rabi,Wheat,Madhya Pradesh,Bhopal,Rainfed,645.9,132.0,3603.0,2327.18
2020-02-09,2020,Kharif,Rice,Punjab,Amritsar,Tube Well,642.13,136.0,4740.0,3043.7
2021-04-08,2021,Kharif,Pulses,Uttar Pradesh,Lucknow,Rainfed,287.15,156.0,1014.0,291.17
2016-08-29,2016,Kharif,Maize,Madhya Pradesh,Bhopal,Tube Well,327.88,144.0,6255.0,2050.89
2016-08-17,2016,Kharif,Pulses,Rajasthan,Jaipur,Tube Well,162.87,91.0,1473.0,239.91
2025-10-24,2025,Kharif,Rice,Bihar,Purnia,Tube Well,144.63,133.0,3774.0,545.83
2015-08-18,2015,Kharif,Maize,Karnataka,Bangalore,Tube Well,270.68,87.0,5996.0,1623.0
2019-02-07,2019,Perennial,Apple,Jammu and Kashmir,Srinagar,Rainfed,348.29,138.0,13663.0,4758.69
2018-05-15,2018,Rabi,Pulses,Madhya Pradesh,Bhopal,Tube Well,93.69,115.0,1731.0,162.18
2021-04-20,2021,Kharif,Oilseeds,Maharashtra,Nashik,Rainfed,1264.58,56.0,1809.0,2287.63
2017-07-15,2017,Rabi,Pulses,Uttar Pradesh,Lucknow,Tube Well,17.45,160.0,2219.0,38.72
2019-06-19,2019,Kharif,Cotton,Gujarat,Surat,Rainfed,793.3,91.0,487.0,386.34
2024-02-24,2024,Rabi,Wheat,Haryana,Faridabad,Tube Well,1200.55,188.0,5367.0,6443.35
2025-02-06,2025,Rabi,Oilseeds,Gujarat,Rajkot,Tube Well,1121.41,92.0,3333.0,3737.66
2024-12-01,2024,Rabi,Pulses,Uttar Pradesh,Kanpur,Tube Well,224.54,199.0,2163.0,485.68
2016-06-21,2016,Rabi,Potato,Uttar Pradesh,Lucknow,Rainfed,1050.33,119.0,14084.0,14792.85
2019-06-06,2019,Perennial,Coffee,Tamil Nadu,Madurai,Tube Well,127.01,54.0,1160.0,147.33
2022-05-15,2022,Perennial,Coffee,Tamil Nadu,Madurai,Drip,394.35,61.0,774.0,305.23
2021-05-23,2021,Rabi,Oilseeds,Rajasthan,Jaipur,Rainfed,515.03,62.0,2328.0,1198.99
2024-11-19,2024,Rabi,Potato,Bihar,Gaya,Rainfed,352.51,58.0,14834.0,5229.13
2023-08-08,2023,Rabi,Pulses,Maharashtra,Nashik,Tube Well,414.25,90.0,1457.0,603.56
2016-06-21,2016,Kharif,Rice,Odisha,Bhubaneswar,Canal,113.29,99.0,6371.0,721.77
2023-05-04,2023,Kharif,Rice,Chhattisgarh,Raipur,Rainfed,55.84,67.0,3039.0,169.7
2019-11-21,2019,Kharif,Cotton,Andhra Pradesh,Krishna,Tube Well,147.18,116.0,1343.0,197.66
2015-12-08,2015,Rabi,Oilseeds,Rajasthan,Jodhpur,Rainfed,614.08,105.0,2272.0,1395.19
2019-01-28,2019,Rabi,Potato,West Bengal,Darjeeling,Canal,22.21,145.0,23310.0,517.72
2019-06-25,2019,Kharif,Rice,Assam,Tinsukia,Rainfed,557.36,79.0,2258.0,1258.52
2020-05-21,2020,Perennial,Tea,West Bengal,Howrah,Canal,847.8,187.0,3358.0,2846.91
2019-01-12,2019,Perennial,Tea,West Bengal,Kolkata,Rainfed,629.0,127.0,2227.0,1400.78
2023-11-22,2023,Zaid,Coconut,Andhra Pradesh,Guntur,Tube Well,879.62,144.0,7314.0,6433.54
2016-06-28,2016,Rabi,Oilseeds,Gujarat,Vadodara,Rainfed,786.2,56.0,1365.0,1073.16
2017-11-15,2017,Perennial,Apple,Himachal Pradesh,Kangra,Rainfed,233.22,134.0,13311.0,3104.39
2019-12-28,2019,Kharif,Maize,Karnataka,Hubli,Drip,427.15,105.0,8257.0,3526.98
2016-09-12,2016,Zaid,Coconut,Tamil Nadu,Madurai,Drip,1036.05,189.0,17172.0,17791.05
2020-11-20,2020,Kharif,Pulses,Uttar Pradesh,Lucknow,Canal,1458.19,183.0,2463.0,3591.52
2017-05-14,2017,Zaid,Coconut,Andhra Pradesh,Chittoor,Rainfed,785.01,146.0,12148.0,9536.3
2020-09-11,2020,Kharif,Oilseeds,Gujarat,Ahmedabad,Rainfed,244.79,165.0,1739.0,425.69
2021-06-03,2021,Perennial,Coffee,Kerala,Thrissur,Drip,363.84,147.0,761.0,276.88
2017-03-15,2017,Perennial,Sugarcane,Karnataka,Bangalore,Drip,551.23,53.0,83056.0,45782.96
2021-06-10,2021,Kharif,Pulses,Maharashtra,Pune,Tube Well,987.78,155.0,2736.0,2702.57
2023-06-11,2023,Rabi,Oilseeds,Gujarat,Ahmedabad,Tube Well,804.65,77.0,3350.0,2695.58
2019-08-03,2019,Perennial,Apple,Jammu and Kashmir,Srinagar,Rainfed,210.78,152.0,5964.0,1257.09
2022-09-20,2022,Rabi,Wheat,Madhya Pradesh,Bhopal,Rainfed,547.49,52.0,2714.0,1485.89
2020-09-27,2020,Perennial,Coffee,Tamil Nadu,Chennai,Tube Well,36.22,97.0,728.0,26.37
2020-06-04,2020,Rabi,Potato,Punjab,Patiala,Canal,1167.19,128.0,35763.0,41742.22
2015-07-16,2015,Kharif,Cotton,Gujarat,Vadodara,Rainfed,261.84,100.0,691.0,180.93
2025-09-02,2025,Kharif,Cotton,Gujarat,Surat,Rainfed,791.13,154.0,1228.0,971.51
2024-08-08,2024,Kharif,Oilseeds,Madhya Pradesh,Bhopal,Rainfed,100.04,128.0,1154.0,115.45
2022-11-26,2022,Zaid,Coconut,Andhra Pradesh,Krishna,Canal,146.21,194.0,15258.0,2230.87
2019-12-08,2019,Kharif,Pulses,Madhya Pradesh,Bhopal,Tube Well,38.17,104.0,1630.0,62.22
2016-01-21,2016,Rabi,Oilseeds,Rajasthan,Udaipur,Tube Well,638.06,158.0,2149.0,1371.19
2024-05-12,2024,Rabi,Oilseeds,Rajasthan,Udaipur,Rainfed,427.15,175.0,2289.0,977.75
2024-01-20,2024,Rabi,Oilseeds,Rajasthan,Udaipur,Rainfed,259.75,88.0,1909.0,495.86
2021-05-09,2021,Perennial,Apple,Himachal Pradesh,Mandi,Rainfed,396.01,163.0,9366.0,3709.03
2021-09-07,2021,Perennial,Tea,Kerala,Ernakulam,Rainfed,504.6,109.0,1986.0,1002.14
2020-10-14,2020,Rabi,Pulses,Madhya Pradesh,Bhopal,Rainfed,499.86,69.0,1489.0,744.29
2017-02-28,2017,Perennial,Apple,Himachal Pradesh,Kangra,Rainfed,248.65,51.0,5205.0,1294.22
2016-10-15,2016,Zaid,Coconut,Andhra Pradesh,Krishna,Canal,19.43,162.0,12872.0,250.1
2021-08-06,2021,Rabi,Pulses,Uttar Pradesh,Varanasi,Tube Well,395.11,78.0,2007.0,792.99
2022-02-25,2022,Perennial,Sugarcane,Maharashtra,Mumbai,Rainfed,150.71,58.0,49190.0,7413.42
2015-06-01,2015,Kharif,Pulses,Rajasthan,Udaipur,Rainfed,467.06,125.0,1647.0,769.25
2021-08-11,2021,Kharif,Pulses,Rajasthan,Udaipur,Tube Well,181.55,102.0,2241.0,406.85
2024-04-11,2024,Perennial,Coffee,Kerala,Thrissur,Rainfed,365.63,154.0,1448.0,529.43
2024-11-12,2024,Rabi,Potato,Punjab,Ludhiana,Tube Well,536.61,66.0,12857.0,6899.19
2019-02-05,2019,Perennial,Sugarcane,Tamil Nadu,Chennai,Canal,166.09,70.0,105919.0,17592.09
2024-09-25,2024,Perennial,Apple,Himachal Pradesh,Kangra,Rainfed,479.6,111.0,13097.0,6281.32
2017-07-05,2017,Kharif,Cotton,Gujarat,Rajkot,Rainfed,1120.77,128.0,746.0,836.09
2016-11-01,2016,Perennial,Apple,Jammu and Kashmir,Srinagar,Rainfed,43.0,174.0,11713.0,503.66
2025-01-10,2025,Rabi,Wheat,Haryana,Faridabad,Tube Well,1160.04,138.0,3422.0,3969.66
2022-11-02,2022,Rabi,Oilseeds,Gujarat,Ahmedabad,Rainfed,591.16,185.0,1852.0,1094.83
2020-03-20,2020,Rabi,Potato,West Bengal,Kolkata,Canal,853.37,83.0,25625.0,21867.61
2017-07-03,2017,Perennial,Coffee,Karnataka,Bangalore,Tube Well,174.76,139.0,882.0,154.14
2020-06-18,2020,Kharif,Maize,Bihar,Patna,Tube Well,140.95,148.0,5655.0,797.07
2021-04-18,2021,Rabi,Potato,Uttar Pradesh,Varanasi,Rainfed,1337.23,159.0,17571.0,23496.47
2016-02-03,2016,Rabi,Wheat,Madhya Pradesh,Bhopal,Rainfed,719.28,198.0,2889.0,2078.0
2016-07-05,2016,Zaid,Coconut,Andhra Pradesh,Guntur,Canal,564.44,120.0,10768.0,6077.89
2023-07-14,2023,Rabi,Oilseeds,Madhya Pradesh,Bhopal,Tube Well,697.42,105.0,3418.0,2383.78
2023-10-26,2023,Kharif,Pulses,Maharashtra,Pune,Drip,871.02,178.0,1712.0,1491.19
2015-10-28,2015,Kharif,Cotton,Telangana,Hyderabad,Rainfed,174.66,77.0,880.0,153.7
2018-04-12,2018,Kharif,Rice,Odisha,Bhubaneswar,Canal,302.77,56.0,3355.0,1015.79
2022-09-04,2022,Perennial,Tea,West Bengal,Darjeeling,Canal,158.31,117.0,1651.0,261.37
2018-10-21,2018,Kharif,Cotton,Telangana,Nizamabad,Canal,698.81,87.0,1488.0,1039.83
2016-07-03,2016,Kharif,Cotton,Maharashtra,Pune,Rainfed,1280.97,109.0,912.0,1168.24
2021-09-23,2021,Perennial,Coffee,Tamil Nadu,Chennai,Tube Well,605.55,198.0,901.0,545.6
2021-05-18,2021,Kharif,Maize,Andhra Pradesh,Krishna,Tube Well,790.48,102.0,6218.0,4915.2
2017-05-04,2017,Perennial,Sugarcane,Uttar Pradesh,Kanpur,Tube Well,1121.68,156.0,81980.0,91955.33
2021-11-04,2021,Rabi,Potato,Punjab,Ludhiana,Canal,344.15,88.0,35838.0,12333.65
2016-01-16,2016,Perennial,Sugarcane,Maharashtra,Nashik,Rainfed,443.44,96.0,61301.0,27183.32
2024-02-14,2024,Kharif,Maize,Andhra Pradesh,Visakhapatnam,Tube Well,500.66,86.0,6682.0,3345.41
2016-12-03,2016,Kharif,Maize,Karnataka,Bangalore,Drip,658.1,136.0,5270.0,3468.19
2023-11-26,2023,Zaid,Coconut,Kerala,Thrissur,Rainfed,681.89,84.0,8138.0,5549.22
2015-10-22,2015,Perennial,Tea,West Bengal,Howrah,Canal,287.08,158.0,3456.0,992.15
2018-04-17,2018,Zaid,Coconut,Tamil Nadu,Coimbatore,Tube Well,523.27,152.0,8817.0,4613.67
2016-08-29,2016,Kharif,Oilseeds,Rajasthan,Jaipur,Tube Well,528.56,113.0,1506.0,796.01
2019-06-01,2019,Zaid,Coconut,Andhra Pradesh,Krishna,Rainfed,113.99,54.0,7639.0,870.77
2015-08-16,2015,Zaid,Coconut,Andhra Pradesh,Krishna,Canal,620.34,53.0,6493.0,4027.87
2017-10-10,2017,Rabi,Potato,Punjab,Patiala,Canal,225.13,130.0,34197.0,7698.77
2020-06-28,2020,Zaid,Coconut,Tamil Nadu,Coimbatore,Tube Well,597.67,176.0,12565.0,7509.72
2020-07-12,2020,Perennial,Coffee,Kerala,Thrissur,Rainfed,616.58,140.0,899.0,554.31
2024-08-19,2024,Rabi,Pulses,Uttar Pradesh,Kanpur,Tube Well,363.05,115.0,2140.0,776.93
2021-02-13,2021,Kharif,Oilseeds,Maharashtra,Pune,Tube Well,1105.83,182.0,2147.0,2374.22
2020-07-18,2020,Rabi,Pulses,Uttar Pradesh,Kanpur,Canal,508.86,80.0,2417.0,1229.91
2018-12-06,2018,Kharif,Rice,Chhattisgarh,Raipur,Rainfed,141.64,104.0,3032.0,429.45
2022-01-26,2022,Rabi,Wheat,Bihar,Muzaffarpur,Rainfed,470.67,135.0,3713.0,1747.6
2016-07-11,2016,Rabi,Oilseeds,Rajasthan,Jaipur,Rainfed,614.49,94.0,1485.0,912.52
2021-12-02,2021,Kharif,Rice,Punjab,Ludhiana,Canal,112.71,200.0,6465.0,728.67
2019-01-11,2019,Kharif,Cotton,Andhra Pradesh,Chittoor,Rainfed,399.81,118.0,435.0,173.92
2023-09-14,2023,Kharif,Pulses,Rajasthan,Udaipur,Rainfed,460.68,58.0,1056.0,486.48
2020-08-19,2020,Perennial,Coffee,Tamil Nadu,Coimbatore,Drip,399.76,76.0,780.0,311.81
2021-10-29,2021,Perennial,Apple,Jammu and Kashmir,Srinagar,Rainfed,37.62,130.0,9931.0,373.6
2023-07-18,2023,Kharif,Oilseeds,Maharashtra,Nagpur,Drip,438.28,133.0,2726.0,1194.75
2022-11-23,2022,Perennial,Tea,West Bengal,Darjeeling,Canal,904.85,198.0,2393.0,2165.31
2024-11-14,2024,Rabi,Potato,Bihar,Purnia,Tube Well,968.36,140.0,40199.0,38927.1
2025-04-16,2025,Kharif,Pulses,Uttar Pradesh,Lucknow,Canal,69.27,150.0,1574.0,109.03
2021-03-26,2021,Kharif,Maize,Andhra Pradesh,Chittoor,Tube Well,687.45,82.0,6575.0,4519.98
2021-12-19,2021,Rabi,Oilseeds,Maharashtra,Nagpur,Rainfed,145.84,66.0,1760.0,256.68
2016-04-04,2016,Zaid,Coconut,Tamil Nadu,Coimbatore,Drip,751.63,140.0,9851.0,7404.31
2021-01-24,2021,Zaid,Coconut,Karnataka,Bangalore,Drip,18.6,180.0,8864.0,164.87
2023-03-10,2023,Kharif,Pulses,Uttar Pradesh,Varanasi,Tube Well,31.97,138.0,2110.0,67.46
2020-09-28,2020,Kharif,Maize,Telangana,Nizamabad,Rainfed,701.42,116.0,4076.0,2858.99
2022-02-27,2022,Rabi,Oilseeds,Gujarat,Surat,Tube Well,98.58,137.0,3545.0,349.47
2021-12-02,2021,Kharif,Cotton,Andhra Pradesh,Guntur,Tube Well,373.17,120.0,1540.0,574.68
2016-05-28,2016,Kharif,Maize,Telangana,Warangal,Canal,862.66,71.0,4603.0,3970.82
2024-11-09,2024,Kharif,Rice,Tamil Nadu,Chennai,Drip,1083.92,161.0,3645.0,3950.89
2025-07-18,2025,Perennial,Coffee,Karnataka,Belgaum,Tube Well,185.93,130.0,1088.0,202.29
2024-05-05,2024,Perennial,Apple,Jammu and Kashmir,Srinagar,Rainfed,228.75,110.0,9748.0,2229.86
2022-02-23,2022,Rabi,Oilseeds,Maharashtra,Nashik,Drip,731.3,134.0,2339.0,1710.51
2018-09-20,2018,Perennial,Sugarcane,Tamil Nadu,Coimbatore,Canal,503.09,86.0,126740.0,63761.63
2015-08-24,2015,Kharif,Pulses,Uttar Pradesh,Varanasi,Tube Well,1387.8,114.0,2251.0,3123.94
2020-01-24,2020,Rabi,Potato,Uttar Pradesh,Lucknow,Rainfed,1133.51,143.0,31299.0,35477.73
2020-05-29,2020,Kharif,Maize,Bihar,Purnia,Canal,766.88,84.0,5280.0,4049.13
2016-09-03,2016,Rabi,Wheat,Uttar Pradesh,Lucknow,Canal,411.66,162.0,3833.0,1577.89
2015-09-19,2015,Perennial,Coffee,Kerala,Thrissur,Rainfed,353.11,128.0,944.0,333.34
2021-02-03,2021,Rabi,Wheat,Uttar Pradesh,Lucknow,Tube Well,736.26,179.0,4406.0,3243.96
2023-03-15,2023,Kharif,Maize,Maharashtra,Nashik,Drip,395.6,177.0,8190.0,3239.96
2017-07-23,2017,Rabi,Potato,West Bengal,Howrah,Rainfed,113.35,124.0,28539.0,3234.9
2017-04-10,2017,Kharif,Cotton,Gujarat,Rajkot,Rainfed,160.37,79.0,734.0,117.71
2017-05-14,2017,Perennial,Tea,Assam,Kamrup,Rainfed,152.73,160.0,1574.0,240.4
2024-12-05,2024,Rabi,Pulses,Rajasthan,Jaipur,Rainfed,150.52,113.0,1198.0,180.32
2022-04-29,2022,Rabi,Oilseeds,Rajasthan,Jaipur,Tube Well,177.16,139.0,3243.0,574.53
2023-12-21,2023,Rabi,Wheat,Uttar Pradesh,Lucknow,Canal,390.64,66.0,3883.0,1516.86
2024-11-13,2024,Rabi,Wheat,Madhya Pradesh,Bhopal,Rainfed,370.02,145.0,3184.0,1178.14
2020-02-20,2020,Kharif,Pulses,Rajasthan,Udaipur,Rainfed,361.61,106.0,1044.0,377.52
2020-11-25,2020,Rabi,Oilseeds,Maharashtra,Pune,Tube Well,408.45,100.0,3480.0,1421.41
2025-07-25,2025,Kharif,Maize,Karnataka,Mysore,Drip,998.95,197.0,8642.0,8632.93
2025-03-15,2025,Zaid,Coconut,Andhra Pradesh,Visakhapatnam,Rainfed,668.24,115.0,5212.0,3482.87
2024-03-22,2024,Perennial,Apple,Jammu and Kashmir,Srinagar,Rainfed,317.12,152.0,9399.0,2980.61
2016-12-27,2016,Perennial,Sugarcane,Karnataka,Mysore,Drip,1017.42,144.0,114503.0,116497.64
2019-04-14,2019,Rabi,Pulses,Uttar Pradesh,Varanasi,Canal,253.07,66.0,1666.0,421.61
2024-02-12,2024,Rabi,Potato,Uttar Pradesh,Lucknow,Tube Well,647.53,162.0,25275.0,16366.32
2019-12-05,2019,Kharif,Pulses,Madhya Pradesh,Bhopal,Tube Well,352.24,98.0,2096.0,738.3
2015-10-03,2015,Zaid,Coconut,Karnataka,Hubli,Drip,396.37,170.0,6876.0,2725.44
2018-11-21,2018,Kharif,Pulses,Maharashtra,Pune,Drip,21.49,141.0,2018.0,43.37
2017-01-21,2017,Rabi,Oilseeds,Gujarat,Ahmedabad,Tube Well,981.01,98.0,1921.0,1884.52
2016-04-14,2016,Kharif,Rice,Telangana,Warangal,Tube Well,109.29,103.0,2867.0,313.33
2023-09-28,2023,Kharif,Oilseeds,Rajasthan,Jodhpur,Rainfed,696.88,160.0,2119.0,1476.69
2021-01-22,2021,Rabi,Pulses,Rajasthan,Jodhpur,Rainfed,543.34,133.0,1055.0,573.22
2021-02-13,2021,Kharif,Pulses,Madhya Pradesh,Bhopal,Tube Well,468.21,150.0,1532.0,717.3
2025-02-23,2025,Zaid,Coconut,Andhra Pradesh,Guntur,Rainfed,193.98,74.0,7598.0,1473.86
2023-01-08,2023,Kharif,Rice,West Bengal,Darjeeling,Rainfed,571.78,168.0,5474.0,3129.92
2024-10-04,2024,Kharif,Maize,Maharashtra,Nagpur,Tube Well,346.83,98.0,6369.0,2208.96
2024-03-16,2024,Rabi,Wheat,Rajasthan,Udaipur,Rainfed,184.1,143.0,2732.0,502.96
2024-11-20,2024,Kharif,Oilseeds,Rajasthan,Jaipur,Tube Well,582.38,67.0,2099.0,1222.42
2018-04-23,2018,Kharif,Pulses,Madhya Pradesh,Bhopal,Rainfed,310.71,98.0,1270.0,394.6
2015-04-08,2015,Zaid,Coconut,Tamil Nadu,Chennai,Tube Well,501.29,147.0,7180.0,3599.26
2019-10-20,2019,Kharif,Oilseeds,Madhya Pradesh,Bhopal,Rainfed,675.94,91.0,1287.0,869.93
2021-03-06,2021,Perennial,Tea,Assam,Dibrugarh,Rainfed,79.35,182.0,1391.0,110.38
2017-09-07,2017,Kharif,Maize,Madhya Pradesh,Bhopal,Rainfed,479.75,149.0,4922.0,2361.33
2017-10-03,2017,Kharif,Maize,Bihar,Patna,Tube Well,582.43,181.0,7289.0,4245.33
2023-12-27,2023,Zaid,Coconut,Andhra Pradesh,Krishna,Canal,516.01,109.0,11706.0,6040.41
2023-06-25,2023,Kharif,Pulses,Maharashtra,Nagpur,Drip,1080.41,55.0,2491.0,2691.3
2024-10-27,2024,Kharif,Rice,Odisha,Bhubaneswar,Canal,849.17,136.0,3344.0,2839.62
2024-05-14,2024,Kharif,Pulses,Rajasthan,Jaipur,Rainfed,331.08,101.0,1968.0,651.57
2022-08-31,2022,Kharif,Cotton,Gujarat,Surat,Rainfed,552.81,117.0,789.0,436.17
2022-09-08,2022,Perennial,Tea,Assam,Kamrup,Rainfed,406.63,152.0,1439.0,585.14
2020-07-02,2020,Kharif,Rice,Uttar Pradesh,Lucknow,Rainfed,1087.45,155.0,5260.0,5719.99
2018-03-07,2018,Zaid,Coconut,Karnataka,Mysore,Canal,738.19,54.0,9373.0,6919.05
2019-02-09,2019,Perennial,Coffee,Kerala,Ernakulam,Drip,186.04,165.0,1303.0,242.41
2022-08-17,2022,Rabi,Pulses,Madhya Pradesh,Bhopal,Tube Well,60.48,124.0,1395.0,84.37
2019-12-26,2019,Perennial,Coffee,Tamil Nadu,Coimbatore,Tube Well,1044.69,134.0,1031.0,1077.08
2017-09-19,2017,Kharif,Cotton,Telangana,Warangal,Tube Well,242.35,95.0,1483.0,359.41
2020-09-10,2020,Perennial,Sugarcane,Karnataka,Hubli,Tube Well,706.07,113.0,84426.0,59610.67
2024-01-23,2024,Kharif,Cotton,Andhra Pradesh,Krishna,Canal,995.84,157.0,1722.0,1714.84
2022-07-07,2022,Rabi,Wheat,Punjab,Patiala,Canal,457.41,167.0,3940.0,1802.2
2024-11-28,2024,Rabi,Pulses,Madhya Pradesh,Bhopal,Tube Well,511.99,108.0,1383.0,708.08
2018-11-07,2018,Kharif,Rice,Tamil Nadu,Chennai,Drip,127.61,154.0,3851.0,491.43
2023-12-06,2023,Rabi,Pulses,Rajasthan,Jaipur,Rainfed,679.25,89.0,1256.0,853.14
2025-02-27,2025,Zaid,Coconut,Karnataka,Mysore,Drip,73.39,175.0,9210.0,675.92
2021-07-18,2021,Kharif,Oilseeds,Rajasthan,Udaipur,Tube Well,312.34,141.0,3254.0,1016.35
2020-09-21,2020,Kharif,Cotton,Telangana,Warangal,Rainfed,487.77,166.0,656.0,319.98
2025-01-18,2025,Zaid,Coconut,Andhra Pradesh,Visakhapatnam,Rainfed,950.67,122.0,10999.0,10456.42
2016-07-27,2016,Rabi,Oilseeds,Madhya Pradesh,Bhopal,Rainfed,105.69,84.0,2565.0,271.09
2022-08-17,2022,Perennial,Tea,Assam,Tinsukia,Rainfed,358.24,114.0,1450.0,519.45
2020-12-23,2020,Zaid,Coconut,Kerala,Thrissur,Rainfed,246.77,107.0,10054.0,2481.03
2017-01-04,2017,Perennial,Coffee,Tamil Nadu,Coimbatore,Tube Well,350.09,100.0,1717.0,601.1
2017-07-31,2017,Zaid,Coconut,Karnataka,Mysore,Drip,858.88,82.0,11599.0,9962.15
2024-04-12,2024,Kharif,Pulses,Madhya Pradesh,Bhopal,Rainfed,14.31,164.0,1370.0,19.6
2021-10-18,2021,Kharif,Cotton,Andhra Pradesh,Guntur,Rainfed,901.41,63.0,695.0,626.48
2018-03-17,2018,Zaid,Coconut,Andhra Pradesh,Guntur,Tube Well,974.37,183.0,14981.0,14597.04
2022-12-05,2022,Rabi,Wheat,Madhya Pradesh,Bhopal,Tube Well,722.08,76.0,3129.0,2259.39
2017-03-10,2017,Kharif,Rice,Assam,Tinsukia,Rainfed,505.24,197.0,3498.0,1767.33
2018-08-23,2018,Kharif,Rice,Andhra Pradesh,Visakhapatnam,Tube Well,406.81,198.0,3700.0,1505.2
2021-04-16,2021,Perennial,Coffee,Karnataka,Hubli,Tube Well,475.69,110.0,1158.0,550.85
2021-09-12,2021,Rabi,Pulses,Maharashtra,Pune,Rainfed,1260.96,198.0,1054.0,1329.05
2015-11-17,2015,Rabi,Wheat,Rajasthan,Udaipur,Rainfed,618.02,180.0,2996.0,1851.59
2016-02-25,2016,Rabi,Potato,West Bengal,Howrah,Canal,515.24,62.0,21467.0,11060.66
2018-02-07,2018,Kharif,Pulses,Uttar Pradesh,Kanpur,Tube Well,1415.16,192.0,1634.0,2312.37
2021-12-06,2021,Kharif,Maize,Karnataka,Hubli,Canal,907.02,56.0,4012.0,3638.96
2020-06-20,2020,Kharif,Rice,Punjab,Amritsar,Tube Well,1352.62,77.0,4321.0,5844.67
2019-08-24,2019,Kharif,Pulses,Uttar Pradesh,Kanpur,Tube Well,1027.64,138.0,2486.0,2554.71
2023-10-16,2023,Zaid,Coconut,Andhra Pradesh,Krishna,Canal,1030.61,62.0,8215.0,8466.46
2023-03-17,2023,Rabi,Wheat,Haryana,Gurgaon,Tube Well,1249.55,74.0,2981.0,3724.91
2024-08-04,2024,Perennial,Sugarcane,Karnataka,Mysore,Tube Well,110.3,193.0,95022.0,10480.93
2023-12-19,2023,Perennial,Sugarcane,Maharashtra,Nagpur,Drip,1255.13,199.0,151046.0,189582.37
2021-05-03,2021,Kharif,Rice,Chhattisgarh,Raipur,Rainfed,240.19,170.0,3999.0,960.52
2018-06-20,2018,Rabi,Pulses,Uttar Pradesh,Kanpur,Canal,665.45,127.0,1325.0,881.72
2024-11-04,2024,Rabi,Wheat,Uttar Pradesh,Kanpur,Canal,1189.94,185.0,5210.0,6199.59
2018-06-30,2018,Perennial,Tea,Assam,Dibrugarh,Rainfed,535.27,67.0,1146.0,613.42
2024-04-14,2024,Kharif,Oilseeds,Maharashtra,Pune,Rainfed,1162.05,191.0,1293.0,1502.53
2018-02-24,2018,Rabi,Wheat,Uttar Pradesh,Varanasi,Rainfed,606.85,103.0,2500.0,1517.12
2022-04-21,2022,Rabi,Pulses,Maharashtra,Nagpur,Drip,491.54,179.0,1575.0,774.18
2025-10-14,2025,Kharif,Oilseeds,Madhya Pradesh,Bhopal,Tube Well,35.03,150.0,3050.0,106.84
2023-03-28,2023,Kharif,Pulses,Madhya Pradesh,Bhopal,Rainfed,375.55,194.0,1601.0,601.26
2016-11-06,2016,Rabi,Wheat,Rajasthan,Udaipur,Tube Well,509.61,180.0,4996.0,2546.01
2022-11-06,2022,Zaid,Coconut,Karnataka,Hubli,Drip,338.28,183.0,12806.0,4332.01
2023-06-03,2023,Kharif,Rice,West Bengal,Darjeeling,Canal,514.37,145.0,4651.0,2392.33
2024-02-11,2024,Rabi,Potato,Punjab,Ludhiana,Tube Well,336.9,175.0,29504.0,9939.9
2019-10-24,2019,Kharif,Maize,Karnataka,Mysore,Tube Well,852.34,164.0,6077.0,5179.67
2015-08-03,2015,Zaid,Coconut,Andhra Pradesh,Guntur,Canal,82.01,74.0,5404.0,443.18
2022-09-13,2022,Kharif,Cotton,Gujarat,Surat,Rainfed,849.41,147.0,1015.0,862.15
2023-06-12,2023,Perennial,Tea,Assam,Tinsukia,Rainfed,309.36,72.0,2296.0,710.29
2022-05-30,2022,Kharif,Pulses,Maharashtra,Pune,Drip,63.66,180.0,2058.0,131.01
2016-09-07,2016,Kharif,Cotton,Maharashtra,Mumbai,Tube Well,1110.98,60.0,867.0,963.22
2017-07-22,2017,Kharif,Rice,Chhattisgarh,Raipur,Rainfed,346.53,198.0,2493.0,863.9
2017-08-12,2017,Kharif,Oilseeds,Madhya Pradesh,Bhopal,Rainfed,483.46,110.0,2803.0,1355.14
2016-06-07,2016,Rabi,Potato,West Bengal,Darjeeling,Canal,807.91,76.0,36082.0,29151.01
2021-01-22,2021,Kharif,Pulses,Uttar Pradesh,Lucknow,Rainfed,986.06,190.0,2046.0,2017.48
2019-11-09,2019,Perennial,Tea,Kerala,Thrissur,Rainfed,587.38,57.0,1058.0,621.45
2015-09-25,2015,Kharif,Maize,Telangana,Warangal,Canal,688.43,121.0,7812.0,5378.02
2021-12-04,2021,Kharif,Cotton,Maharashtra,Nagpur,Rainfed,770.01,166.0,465.0,358.05
2021-03-04,2021,Kharif,Pulses,Uttar Pradesh,Lucknow,Tube Well,554.8,98.0,1681.0,932.62
2019-03-06,2019,Kharif,Rice,Telangana,Nizamabad,Canal,226.4,129.0,4866.0,1101.66
2024-03-08,2024,Kharif,Rice,Punjab,Amritsar,Canal,1355.33,155.0,6537.0,8859.79
2021-05-11,2021,Rabi,Oilseeds,Gujarat,Ahmedabad,Tube Well,1164.21,193.0,3700.0,4307.58
2024-11-10,2024,Rabi,Wheat,Rajasthan,Jaipur,Rainfed,256.79,65.0,3332.0,855.62
2016-09-03,2016,Rabi,Wheat,Bihar,Purnia,Tube Well,121.19,74.0,4502.0,545.6
2016-06-09,2016,Rabi,Potato,West Bengal,Darjeeling,Rainfed,252.57,126.0,20240.0,5112.02
2019-02-09,2019,Rabi,Potato,Bihar,Muzaffarpur,Rainfed,673.96,113.0,25948.0,17487.91
2024-10-02,2024,Kharif,Oilseeds,Madhya Pradesh,Bhopal,Tube Well,146.62,112.0,1468.0,215.24
2018-01-05,2018,Rabi,Potato,Uttar Pradesh,Kanpur,Canal,1172.38,95.0,24709.0,28968.34
2019-03-10,2019,Perennial,Tea,Assam,Tinsukia,Rainfed,739.19,134.0,1099.0,812.37
2024-09-02,2024,Rabi,Oilseeds,Rajasthan,Jaipur,Tube Well,674.92,182.0,4115.0,2777.3
2016-03-30,2016,Rabi,Potato,Punjab,Ludhiana,Tube Well,23.9,74.0,35154.0,840.18
2020-02-15,2020,Kharif,Oilseeds,Rajasthan,Jodhpur,Tube Well,671.13,82.0,1429.0,959.04
2024-01-22,2024,Zaid,Coconut,Tamil Nadu,Coimbatore,Canal,816.81,151.0,11916.0,9733.11
2019-06-04,2019,Zaid,Coconut,Andhra Pradesh,Guntur,Tube Well,110.02,58.0,7713.0,848.58
2016-02-20,2016,Rabi,Potato,Bihar,Gaya,Canal,421.09,151.0,24305.0,10234.59
2016-11-13,2016,Perennial,Tea,Kerala,Kozhikode,Drip,563.04,97.0,2292.0,1290.49
2018-08-05,2018,Kharif,Rice,Andhra Pradesh,Krishna,Canal,1148.46,104.0,3158.0,3626.84
2024-06-17,2024,Kharif,Maize,Maharashtra,Nagpur,Rainfed,221.74,111.0,3577.0,793.16
2021-09-04,2021,Zaid,Coconut,Karnataka,Belgaum,Tube Well,149.23,102.0,10943.0,1633.02
2019-04-15,2019,Perennial,Tea,Kerala,Ernakulam,Drip,383.15,176.0,1609.0,616.49
2017-11-09,2017,Kharif,Maize,Telangana,Hyderabad,Tube Well,871.61,192.0,7087.0,6177.1
2019-01-21,2019,Kharif,Oilseeds,Rajasthan,Udaipur,Tube Well,680.25,132.0,2192.0,1491.11
2015-11-08,2015,Kharif,Pulses,Rajasthan,Jodhpur,Rainfed,167.26,137.0,1900.0,317.79
2019-04-26,2019,Kharif,Oilseeds,Rajasthan,Jaipur,Rainfed,230.35,61.0,2024.0,466.23
2025-03-09,2025,Zaid,Coconut,Tamil Nadu,Coimbatore,Tube Well,999.75,157.0,13493.0,13489.63
2016-08-04,2016,Rabi,Potato,Punjab,Patiala,Tube Well,1104.91,138.0,16619.0,18362.5
2024-09-12,2024,Kharif,Rice,Uttar Pradesh,Lucknow,Canal,1458.75,58.0,3411.0,4975.8
2019-09-04,2019,Kharif,Pulses,Uttar Pradesh,Lucknow,Canal,1340.79,80.0,2539.0,3404.27
2023-06-23,2023,Kharif,Rice,Uttar Pradesh,Lucknow,Tube Well,330.49,80.0,4024.0,1329.89
2016-10-09,2016,Kharif,Pulses,Rajasthan,Jaipur,Rainfed,534.21,76.0,1165.0,622.35
2025-03-27,2025,Rabi,Wheat,Rajasthan,Udaipur,Rainfed,43.51,149.0,4041.0,175.82
2018-10-27,2018,Perennial,Tea,Assam,Cachar,Rainfed,656.09,189.0,1207.0,791.9
2020-03-30,2020,Perennial,Tea,Assam,Kamrup,Rainfed,485.23,164.0,1992.0,966.58
2017-03-16,2017,Kharif,Cotton,Telangana,Hyderabad,Rainfed,860.93,122.0,585.0,503.64
2023-07-05,2023,Perennial,Tea,Kerala,Kozhikode,Drip,768.43,111.0,2177.0,1672.87
2015-12-28,2015,Zaid,Coconut,Kerala,Kozhikode,Drip,50.14,108.0,7810.0,391.59
2016-05-11,2016,Zaid,Coconut,Karnataka,Hubli,Tube Well,184.97,140.0,5839.0,1080.04
2023-06-05,2023,Rabi,Potato,Bihar,Gaya,Canal,489.36,104.0,24372.0,11926.68
2023-11-29,2023,Kharif,Cotton,Telangana,Nizamabad,Tube Well,792.75,84.0,1267.0,1004.41
2015-12-03,2015,Kharif,Pulses,Rajasthan,Jodhpur,Rainfed,571.97,140.0,2063.0,1179.97
2024-04-19,2024,Kharif,Cotton,Telangana,Hyderabad,Tube Well,868.29,109.0,1156.0,1003.74
2019-10-07,2019,Kharif,Rice,Telangana,Warangal,Rainfed,560.09,52.0,2861.0,1602.42
2017-04-03,2017,Kharif,Maize,Maharashtra,Nagpur,Tube Well,340.97,53.0,6143.0,2094.58
2019-04-27,2019,Rabi,Pulses,Madhya Pradesh,Bhopal,Tube Well,29.83,91.0,1750.0,52.2
2017-11-25,2017,Zaid,Coconut,Andhra Pradesh,Guntur,Tube Well,275.28,127.0,9211.0,2535.6
2022-03-15,2022,Rabi,Wheat,Rajasthan,Jaipur,Tube Well,475.94,103.0,2999.0,1427.34
2017-04-13,2017,Kharif,Maize,Maharashtra,Mumbai,Rainfed,1204.89,54.0,4888.0,5889.5
2019-09-15,2019,Perennial,Tea,Assam,Kamrup,Rainfed,263.51,83.0,1680.0,442.7
2023-06-01,2023,Perennial,Tea,West Bengal,Howrah,Rainfed,964.52,64.0,2263.0,2182.71
2024-02-07,2024,Zaid,Coconut,Kerala,Ernakulam,Drip,321.97,192.0,16717.0,5382.37
2023-11-12,2023,Perennial,Apple,Himachal Pradesh,Shimla,Rainfed,161.05,97.0,9058.0,1458.79
2024-03-16,2024,Rabi,Pulses,Rajasthan,Jodhpur,Tube Well,361.1,52.0,1950.0,704.14
2017-07-13,2017,Perennial,Tea,Kerala,Ernakulam,Rainfed,359.4,149.0,1811.0,650.87
2024-02-15,2024,Kharif,Maize,Bihar,Muzaffarpur,Tube Well,914.66,85.0,3986.0,3645.83
2022-01-22,2022,Kharif,Pulses,Uttar Pradesh,Kanpur,Rainfed,707.7,135.0,1495.0,1058.01
2023-04-22,2023,Kharif,Rice,West Bengal,Darjeeling,Canal,312.3,73.0,5770.0,1801.97
2018-02-23,2018,Kharif,Rice,Odisha,Bhubaneswar,Rainfed,759.88,198.0,5326.0,4047.12
2025-06-02,2025,Kharif,Oilseeds,Gujarat,Surat,Tube Well,1198.51,196.0,3194.0,3828.04
2016-08-11,2016,Rabi,Oilseeds,Rajasthan,Jodhpur,Rainfed,457.24,148.0,1895.0,866.47
2016-04-24,2016,Zaid,Coconut,Karnataka,Bangalore,Drip,283.0,156.0,6182.0,1749.51
2021-09-30,2021,Rabi,Potato,Bihar,Gaya,Rainfed,246.43,114.0,16475.0,4059.93
2023-10-22,2023,Kharif,Cotton,Gujarat,Surat,Tube Well,78.67,194.0,1765.0,138.85
2021-03-25,2021,Perennial,Sugarcane,Maharashtra,Mumbai,Rainfed,109.71,114.0,87637.0,9614.66
2019-12-04,2019,Rabi,Potato,Uttar Pradesh,Varanasi,Tube Well,1373.32,86.0,30021.0,41228.44
2016-11-09,2016,Kharif,Pulses,Madhya Pradesh,Bhopal,Rainfed,86.22,67.0,1594.0,137.43
2022-10-18,2022,Rabi,Pulses,Madhya Pradesh,Bhopal,Tube Well,392.63,81.0,1886.0,740.5
2015-07-01,2015,Kharif,Cotton,Gujarat,Vadodara,Rainfed,840.76,136.0,916.0,770.14
2015-11-09,2015,Kharif,Cotton,Gujarat,Ahmedabad,Tube Well,1021.92,87.0,942.0,962.65
2020-01-16,2020,Perennial,Sugarcane,Maharashtra,Nashik,Drip,230.94,148.0,107934.0,24926.28
2017-05-05,2017,Kharif,Maize,Telangana,Nizamabad,Rainfed,399.62,107.0,5627.0,2248.66
2017-10-22,2017,Rabi,Pulses,Madhya Pradesh,Bhopal,Tube Well,208.67,183.0,1852.0,386.46
2018-11-02,2018,Perennial,Coffee,Tamil Nadu,Madurai,Tube Well,288.85,134.0,1800.0,519.93
2016-05-19,2016,Zaid,Coconut,Kerala,Ernakulam,Rainfed,250.03,143.0,11423.0,2856.09
2023-01-21,2023,Kharif,Pulses,Uttar Pradesh,Lucknow,Rainfed,884.8,133.0,1810.0,1601.49
2016-07-31,2016,Kharif,Maize,Andhra Pradesh,Visakhapatnam,Rainfed,29.73,183.0,3547.0,105.45
2025-09-23,2025,Kharif,Cotton,Maharashtra,Mumbai,Tube Well,537.31,60.0,608.0,326.68
2022-10-26,2022,Rabi,Potato,Bihar,Gaya,Tube Well,194.96,60.0,19113.0,3726.27
2020-01-29,2020,Rabi,Oilseeds,Rajasthan,Jaipur,Rainfed,677.31,155.0,2935.0,1987.9
2020-10-19,2020,Kharif,Maize,Maharashtra,Mumbai,Rainfed,761.72,165.0,6221.0,4738.66
2025-08-24,2025,Perennial,Sugarcane,Uttar Pradesh,Kanpur,Rainfed,1303.46,115.0,52963.0,69035.15
2017-10-21,2017,Rabi,Oilseeds,Madhya Pradesh,Bhopal,Tube Well,164.6,103.0,2098.0,345.33
2022-11-22,2022,Kharif,Rice,Odisha,Bhubaneswar,Rainfed,730.91,92.0,4440.0,3245.24
2020-10-06,2020,Rabi,Oilseeds,Gujarat,Surat,Tube Well,503.59,85.0,1845.0,929.12
2023-01-12,2023,Rabi,Potato,Bihar,Patna,Rainfed,185.92,187.0,33848.0,6293.02
2025-03-31,2025,Kharif,Oilseeds,Maharashtra,Nagpur,Drip,992.01,94.0,2691.0,2669.5
2020-10-16,2020,Kharif,Maize,Andhra Pradesh,Krishna,Rainfed,916.79,147.0,6246.0,5726.27
2017-11-23,2017,Perennial,Coffee,Karnataka,Bangalore,Drip,1095.52,168.0,1435.0,1572.07
2021-06-06,2021,Rabi,Oilseeds,Rajasthan,Jaipur,Rainfed,548.85,53.0,1492.0,818.88
2017-11-05,2017,Rabi,Pulses,Maharashtra,Mumbai,Drip,197.39,55.0,1559.0,307.73
2023-05-01,2023,Rabi,Oilseeds,Maharashtra,Pune,Rainfed,426.08,100.0,2741.0,1167.89
2017-06-27,2017,Kharif,Cotton,Gujarat,Ahmedabad,Rainfed,547.56,154.0,723.0,395.89
2025-03-01,2025,Kharif,Cotton,Gujarat,Rajkot,Tube Well,160.72,89.0,1160.0,186.44
2020-09-30,2020,Rabi,Potato,Bihar,Patna,Rainfed,790.16,50.0,17457.0,13793.82
2019-11-30,2019,Kharif,Oilseeds,Rajasthan,Jaipur,Rainfed,373.42,93.0,2818.0,1052.3
2017-06-23,2017,Kharif,Oilseeds,Rajasthan,Jodhpur,Tube Well,661.67,64.0,1559.0,1031.54
2024-07-26,2024,Perennial,Coffee,Karnataka,Mysore,Canal,652.35,83.0,1188.0,774.99
2024-09-09,2024,Perennial,Sugarcane,Uttar Pradesh,Lucknow,Rainfed,789.12,100.0,55669.0,43929.52
2015-03-24,2015,Zaid,Coconut,Tamil Nadu,Chennai,Drip,87.85,69.0,11191.0,983.13
2018-05-24,2018,Perennial,Tea,Assam,Kamrup,Rainfed,127.98,156.0,1750.0,223.96
2015-07-25,2015,Kharif,Pulses,Rajasthan,Udaipur,Tube Well,596.17,88.0,1080.0,643.86
2023-06-25,2023,Perennial,Sugarcane,Uttar Pradesh,Lucknow,Tube Well,1486.11,149.0,127426.0,189369.05
2018-12-26,2018,Kharif,Maize,Karnataka,Belgaum,Drip,462.55,140.0,6087.0,2815.54
2022-10-22,2022,Perennial,Apple,Jammu and Kashmir,Srinagar,Rainfed,325.93,185.0,11357.0,3701.59
2021-07-02,2021,Perennial,Sugarcane,Uttar Pradesh,Varanasi,Canal,945.1,63.0,86647.0,81890.08
2017-10-25,2017,Zaid,Coconut,Karnataka,Mysore,Canal,1055.37,82.0,10098.0,10657.13
2021-02-11,2021,Perennial,Apple,Jammu and Kashmir,Srinagar,Rainfed,102.87,180.0,5855.0,602.3
2022-10-17,2022,Rabi,Oilseeds,Gujarat,Rajkot,Rainfed,658.35,173.0,2950.0,1942.13
2023-11-09,2023,Kharif,Cotton,Telangana,Warangal,Tube Well,373.83,79.0,810.0,302.8
2017-01-07,2017,Rabi,Potato,West Bengal,Darjeeling,Canal,600.47,66.0,30327.0,18210.45
2016-05-26,2016,Rabi,Potato,West Bengal,Howrah,Rainfed,303.06,178.0,12771.0,3870.38
2015-10-11,2015,Kharif,Oilseeds,Gujarat,Rajkot,Tube Well,602.32,77.0,2482.0,1494.96
2019-07-25,2019,Rabi,Potato,Punjab,Ludhiana,Canal,940.96,181.0,42669.0,40149.82
2018-05-04,2018,Perennial,Coffee,Kerala,Thrissur,Drip,74.16,194.0,1446.0,107.24
2018-12-07,2018,Kharif,Rice,Punjab,Patiala,Tube Well,1117.05,83.0,3177.0,3548.87
2018-09-26,2018,Zaid,Coconut,Karnataka,Bangalore,Tube Well,780.11,176.0,6900.0,5382.76
2016-01-04,2016,Perennial,Sugarcane,Tamil Nadu,Coimbatore,Tube Well,969.7,114.0,120580.0,116926.43
2023-09-10,2023,Perennial,Apple,Jammu and Kashmir,Srinagar,Rainfed,176.08,168.0,8218.0,1447.03
2025-02-20,2025,Perennial,Tea,Assam,Kamrup,Rainfed,58.72,111.0,2487.0,146.04
2019-02-19,2019,Rabi,Wheat,Bihar,Gaya,Canal,466.85,61.0,3061.0,1429.03
2021-10-06,2021,Perennial,Sugarcane,Karnataka,Belgaum,Tube Well,159.99,157.0,103381.0,16539.93
2023-08-06,2023,Zaid,Coconut,Tamil Nadu,Coimbatore,Drip,715.72,73.0,10021.0,7172.23
2025-05-07,2025,Kharif,Rice,Odisha,Bhubaneswar,Rainfed,51.95,189.0,2514.0,130.6
2022-02-08,2022,Rabi,Pulses,Madhya Pradesh,Bhopal,Rainfed,305.46,113.0,1457.0,445.06
2017-04-20,2017,Zaid,Coconut,Kerala,Kozhikode,Drip,75.45,62.0,12008.0,906.0
2022-09-23,2022,Kharif,Oilseeds,Maharashtra,Pune,Drip,14.34,84.0,3317.0,47.57
2017-05-20,2017,Rabi,Wheat,Madhya Pradesh,Bhopal,Rainfed,768.84,179.0,3448.0,2650.96
2025-04-26,2025,Rabi,Wheat,Haryana,Faridabad,Canal,1394.62,98.0,4768.0,6649.55
2016-11-08,2016,Kharif,Cotton,Maharashtra,Mumbai,Tube Well,726.6,178.0,1447.0,1051.39
2015-12-07,2015,Rabi,Pulses,Madhya Pradesh,Bhopal,Tube Well,198.78,76.0,1249.0,248.28
2015-08-25,2015,Zaid,Coconut,Andhra Pradesh,Guntur,Rainfed,1094.21,120.0,7400.0,8097.15
2017-07-31,2017,Rabi,Oilseeds,Maharashtra,Nagpur,Tube Well,1200.72,182.0,1868.0,2242.94
2025-07-18,2025,Kharif,Pulses,Madhya Pradesh,Bhopal,Tube Well,685.06,57.0,1120.0,767.27
2023-05-09,2023,Kharif,Pulses,Uttar Pradesh,Lucknow,Rainfed,821.11,96.0,1626.0,1335.12
2015-08-11,2015,Kharif,Cotton,Maharashtra,Pune,Tube Well,106.37,186.0,1206.0,128.28
2021-07-27,2021,Perennial,Tea,Kerala,Thrissur,Rainfed,79.87,139.0,2016.0,161.02
2022-09-22,2022,Kharif,Cotton,Andhra Pradesh,Krishna,Tube Well,1076.98,157.0,1376.0,1481.92
2019-01-16,2019,Rabi,Wheat,Punjab,Amritsar,Tube Well,1314.98,176.0,3678.0,4836.5
2020-02-15,2020,Kharif,Oilseeds,Maharashtra,Nagpur,Drip,570.37,129.0,2609.0,1488.1
2015-09-13,2015,Kharif,Cotton,Telangana,Hyderabad,Canal,302.06,177.0,1332.0,402.34
2019-08-10,2019,Perennial,Apple,Jammu and Kashmir,Srinagar,Rainfed,261.21,146.0,6401.0,1672.01
2015-10-07,2015,Zaid,Coconut,Tamil Nadu,Coimbatore,Tube Well,889.62,153.0,14791.0,13158.37
2020-06-23,2020,Kharif,Pulses,Maharashtra,Nagpur,Drip,953.87,73.0,1585.0,1511.88
2018-03-12,2018,Rabi,Oilseeds,Maharashtra,Pune,Drip,804.13,191.0,3714.0,2986.54
2024-11-05,2024,Kharif,Cotton,Telangana,Nizamabad,Rainfed,216.04,169.0,1333.0,287.98
2022-11-09,2022,Rabi,Pulses,Madhya Pradesh,Bhopal,Tube Well,217.38,88.0,1696.0,368.68
2024-12-14,2024,Rabi,Potato,Uttar Pradesh,Kanpur,Canal,1088.86,137.0,20147.0,21937.26
2016-03-25,2016,Kharif,Cotton,Maharashtra,Nashik,Drip,1045.38,106.0,797.0,833.17
2023-05-18,2023,Kharif,Oilseeds,Gujarat,Vadodara,Rainfed,148.2,149.0,1208.0,179.03
2015-07-12,2015,Kharif,Cotton,Andhra Pradesh,Visakhapatnam,Canal,232.88,199.0,1579.0,367.72
2017-02-09,2017,Perennial,Apple,Jammu and Kashmir,Srinagar,Rainfed,275.38,57.0,7241.0,1994.03
2023-01-23,2023,Perennial,Sugarcane,Tamil Nadu,Coimbatore,Drip,434.0,193.0,94258.0,40907.97
2022-05-14,2022,Kharif,Rice,Assam,Cachar,Rainfed,455.0,61.0,3809.0,1733.1
2019-03-02,2019,Zaid,Coconut,Kerala,Kozhikode,Drip,495.7,119.0,9208.0,4564.41
2023-12-14,2023,Kharif,Maize,Bihar,Patna,Tube Well,778.44,122.0,6317.0,4917.41
2021-04-02,2021,Kharif,Oilseeds,Maharashtra,Nashik,Tube Well,1049.37,90.0,2280.0,2392.56
2019-11-04,2019,Zaid,Coconut,Kerala,Ernakulam,Rainfed,231.28,135.0,7027.0,1625.2
2023-07-27,2023,Perennial,Sugarcane,Maharashtra,Mumbai,Tube Well,708.27,175.0,107053.0,75822.43
2017-09-17,2017,Perennial,Coffee,Karnataka,Hubli,Tube Well,144.64,94.0,1018.0,147.24
2017-10-11,2017,Rabi,Oilseeds,Rajasthan,Jodhpur,Rainfed,590.99,61.0,2521.0,1489.89
2015-12-26,2015,Kharif,Maize,Telangana,Hyderabad,Rainfed,762.45,145.0,3448.0,2628.93
2018-08-23,2018,Zaid,Coconut,Karnataka,Mysore,Canal,336.46,163.0,6240.0,2099.51
2018-10-17,2018,Kharif,Rice,Uttar Pradesh,Lucknow,Canal,249.32,193.0,4968.0,1238.62
2015-12-09,2015,Rabi,Potato,West Bengal,Darjeeling,Rainfed,86.4,74.0,12693.0,1096.68
2018-11-27,2018,Kharif,Maize,Bihar,Gaya,Canal,579.23,185.0,7972.0,4617.62
2023-12-22,2023,Rabi,Oilseeds,Madhya Pradesh,Bhopal,Tube Well,82.23,122.0,2246.0,184.69
2020-05-31,2020,Kharif,Maize,Karnataka,Belgaum,Tube Well,751.85,85.0,4657.0,3501.37
2017-07-01,2017,Kharif,Cotton,Andhra Pradesh,Visakhapatnam,Canal,816.97,194.0,1063.0,868.44
2018-12-07,2018,Perennial,Apple,Himachal Pradesh,Mandi,Rainfed,310.85,86.0,6942.0,2157.92
2023-08-11,2023,Kharif,Oilseeds,Gujarat,Surat,Rainfed,1053.11,160.0,1756.0,1849.26
2019-11-09,2019,Rabi,Oilseeds,Gujarat,Rajkot,Rainfed,460.15,168.0,2376.0,1093.32
2021-02-28,2021,Kharif,Cotton,Maharashtra,Pune,Tube Well,1173.93,115.0,1418.0,1664.63
2016-06-08,2016,Kharif,Maize,Telangana,Hyderabad,Tube Well,42.86,153.0,5704.0,244.47
2025-04-06,2025,Kharif,Rice,Punjab,Ludhiana,Tube Well,178.01,136.0,3992.0,710.62
2017-12-17,2017,Kharif,Cotton,Telangana,Warangal,Tube Well,376.86,79.0,1248.0,470.32
2015-06-05,2015,Perennial,Apple,Jammu and Kashmir,Srinagar,Rainfed,241.66,164.0,5774.0,1395.34
2019-09-13,2019,Kharif,Oilseeds,Maharashtra,Mumbai,Tube Well,51.76,189.0,2358.0,122.05
2018-01-18,2018,Perennial,Sugarcane,Maharashtra,Pune,Tube Well,741.99,123.0,95691.0,71001.77
2023-04-19,2023,Rabi,Wheat,Haryana,Gurgaon,Canal,437.28,199.0,4986.0,2180.28
2022-05-26,2022,Rabi,Pulses,Maharashtra,Nagpur,Rainfed,1154.42,114.0,1002.0,1156.73
2021-08-17,2021,Rabi,Oilseeds,Maharashtra,Nashik,Rainfed,697.94,122.0,1921.0,1340.74
2024-09-08,2024,Rabi,Oilseeds,Gujarat,Rajkot,Tube Well,709.59,151.0,2948.0,2091.87
2018-08-17,2018,Zaid,Coconut,Karnataka,Bangalore,Drip,1040.73,78.0,10668.0,11102.51
2025-03-06,2025,Kharif,Oilseeds,Madhya Pradesh,Bhopal,Tube Well,613.7,185.0,3139.0,1926.4
2024-11-14,2024,Kharif,Cotton,Maharashtra,Mumbai,Drip,575.37,170.0,1441.0,829.11
2023-07-21,2023,Perennial,Coffee,Karnataka,Mysore,Canal,529.8,181.0,1332.0,705.69
2016-10-15,2016,Perennial,Tea,West Bengal,Kolkata,Canal,716.24,141.0,1554.0,1113.04
2015-03-04,2015,Perennial,Sugarcane,Tamil Nadu,Madurai,Canal,228.22,183.0,80180.0,18298.68
2017-03-23,2017,Rabi,Pulses,Rajasthan,Jaipur,Rainfed,71.17,152.0,1983.0,141.13
2021-07-26,2021,Zaid,Coconut,Kerala,Ernakulam,Drip,255.88,127.0,13587.0,3476.64
2024-06-28,2024,Rabi,Pulses,Maharashtra,Pune,Tube Well,1014.11,190.0,2527.0,2562.66
2020-06-14,2020,Rabi,Oilseeds,Madhya Pradesh,Bhopal,Tube Well,213.29,116.0,3720.0,793.44
2019-05-18,2019,Kharif,Maize,Karnataka,Belgaum,Tube Well,152.53,125.0,6945.0,1059.32
2020-06-19,2020,Rabi,Pulses,Uttar Pradesh,Lucknow,Tube Well,336.34,75.0,1969.0,662.25
2023-04-08,2023,Kharif,Pulses,Rajasthan,Udaipur,Tube Well,478.49,192.0,2343.0,1121.1
2019-03-20,2019,Kharif,Pulses,Uttar Pradesh,Kanpur,Tube Well,924.78,83.0,1361.0,1258.63
2021-01-06,2021,Perennial,Apple,Himachal Pradesh,Mandi,Rainfed,347.27,80.0,13903.0,4828.09
2018-12-16,2018,Kharif,Cotton,Maharashtra,Nashik,Drip,425.33,65.0,1073.0,456.38
2023-06-07,2023,Kharif,Rice,Assam,Kamrup,Rainfed,721.68,118.0,2726.0,1967.3
2019-10-22,2019,Kharif,Maize,Telangana,Hyderabad,Rainfed,412.08,91.0,3534.0,1456.29
2018-02-13,2018,Perennial,Tea,Assam,Dibrugarh,Rainfed,415.83,161.0,2445.0,1016.7
2017-10-04,2017,Rabi,Oilseeds,Maharashtra,Pune,Rainfed,1233.96,96.0,1475.0,1820.09
2017-03-30,2017,Rabi,Oilseeds,Gujarat,Rajkot,Tube Well,1175.34,158.0,1514.0,1779.46
2025-01-06,2025,Perennial,Sugarcane,Karnataka,Belgaum,Drip,731.08,79.0,94454.0,69053.43
2020-04-21,2020,Perennial,Sugarcane,Uttar Pradesh,Varanasi,Canal,1417.77,84.0,116456.0,165107.82
2020-06-07,2020,Kharif,Oilseeds,Gujarat,Ahmedabad,Tube Well,654.39,171.0,2612.0,1709.27
2019-04-18,2019,Rabi,Wheat,Bihar,Purnia,Tube Well,314.21,106.0,4613.0,1449.45
2015-03-30,2015,Zaid,Coconut,Karnataka,Mysore,Drip,353.45,67.0,13723.0,4850.39
2024-08-19,2024,Rabi,Oilseeds,Maharashtra,Nagpur,Rainfed,731.03,194.0,3148.0,2301.28
2016-04-21,2016,Kharif,Pulses,Uttar Pradesh,Varanasi,Tube Well,911.5,77.0,1826.0,1664.4
2025-04-24,2025,Perennial,Apple,Himachal Pradesh,Mandi,Rainfed,225.41,73.0,11292.0,2545.33
2024-01-14,2024,Rabi,Wheat,Bihar,Purnia,Canal,884.93,104.0,3356.0,2969.83
2015-06-16,2015,Kharif,Maize,Telangana,Warangal,Rainfed,389.76,64.0,3052.0,1189.55
2016-02-19,2016,Rabi,Oilseeds,Rajasthan,Jaipur,Rainfed,198.66,73.0,1945.0,386.39
2023-05-29,2023,Kharif,Oilseeds,Rajasthan,Jodhpur,Rainfed,15.51,177.0,1152.0,17.87
2022-12-21,2022,Kharif,Maize,Madhya Pradesh,Bhopal,Tube Well,776.75,76.0,5320.0,4132.31
2015-06-15,2015,Zaid,Coconut,Andhra Pradesh,Visakhapatnam,Canal,990.93,67.0,5977.0,5922.79
2022-01-21,2022,Kharif,Pulses,Madhya Pradesh,Bhopal,Tube Well,496.29,182.0,1352.0,670.98
2021-11-18,2021,Rabi,Pulses,Uttar Pradesh,Kanpur,Tube Well,1247.51,117.0,2406.0,3001.51
2016-08-09,2016,Rabi,Wheat,Uttar Pradesh,Varanasi,Rainfed,1217.33,74.0,3095.0,3767.64
2016-02-24,2016,Kharif,Maize,Maharashtra,Mumbai,Tube Well,1212.09,137.0,6664.0,8077.37
2021-12-06,2021,Perennial,Coffee,Kerala,Kozhikode,Rainfed,314.99,56.0,824.0,259.55
2022-11-05,2022,Kharif,Oilseeds,Gujarat,Surat,Tube Well,670.27,114.0,2369.0,1587.87
2024-01-09,2024,Kharif,Pulses,Maharashtra,Mumbai,Rainfed,137.23,139.0,1234.0,169.34
2018-10-03,2018,Kharif,Maize,Madhya Pradesh,Bhopal,Rainfed,772.6,194.0,4988.0,3853.73
2018-11-18,2018,Kharif,Rice,Chhattisgarh,Raipur,Rainfed,689.74,99.0,3717.0,2563.76
2017-01-18,2017,Kharif,Oilseeds,Madhya Pradesh,Bhopal,Tube Well,633.38,165.0,1942.0,1230.02
2017-05-07,2017,Zaid,Coconut,Andhra Pradesh,Chittoor,Canal,550.4,70.0,7605.0,4185.79
2018-07-06,2018,Perennial,Sugarcane,Uttar Pradesh,Kanpur,Rainfed,749.88,115.0,76008.0,56996.88
2023-03-16,2023,Kharif,Pulses,Madhya Pradesh,Bhopal,Rainfed,353.94,83.0,1211.0,428.62
2019-01-16,2019,Rabi,Oilseeds,Madhya Pradesh,Bhopal,Rainfed,241.72,124.0,2727.0,659.17
2020-05-03,2020,Zaid,Coconut,Tamil Nadu,Chennai,Tube Well,585.29,113.0,13692.0,8013.79
2021-09-03,2021,Perennial,Coffee,Karnataka,Hubli,Canal,68.26,197.0,1298.0,88.6
2021-05-04,2021,Rabi,Oilseeds,Rajasthan,Udaipur,Rainfed,694.4,188.0,2184.0,1516.57
2022-02-27,2022,Kharif,Rice,Odisha,Bhubaneswar,Canal,387.4,137.0,6945.0,2690.49
2016-07-30,2016,Kharif,Oilseeds,Madhya Pradesh,Bhopal,Tube Well,742.62,76.0,3212.0,2385.3
2023-07-01,2023,Zaid,Coconut,Karnataka,Belgaum,Tube Well,799.46,134.0,7690.0,6147.85
2019-09-22,2019,Perennial,Tea,West Bengal,Kolkata,Rainfed,326.04,169.0,1583.0,516.12
2024-06-01,2024,Kharif,Rice,Assam,Kamrup,Rainfed,185.42,56.0,2050.0,380.11
2023-05-24,2023,Kharif,Pulses,Uttar Pradesh,Varanasi,Rainfed,1493.56,115.0,1641.0,2450.93
2020-11-03,2020,Perennial,Sugarcane,Maharashtra,Mumbai,Tube Well,1006.04,56.0,76630.0,77092.85
2018-05-24,2018,Perennial,Coffee,Tamil Nadu,Chennai,Tube Well,282.13,87.0,1280.0,361.13
2021-10-06,2021,Perennial,Tea,Kerala,Kozhikode,Drip,63.28,64.0,2766.0,175.03
2024-06-12,2024,Zaid,Coconut,Tamil Nadu,Chennai,Canal,769.64,194.0,16520.0,12714.45
2015-09-26,2015,Kharif,Oilseeds,Madhya Pradesh,Bhopal,Rainfed,249.38,75.0,1560.0,389.03
2024-01-24,2024,Rabi,Pulses,Uttar Pradesh,Kanpur,Canal,339.78,73.0,1362.0,462.78
2023-11-08,2023,Rabi,Oilseeds,Gujarat,Rajkot,Tube Well,884.58,196.0,4007.0,3544.51
2023-09-26,2023,Kharif,Rice,Odisha,Bhubaneswar,Canal,614.54,127.0,4354.0,2675.71
2022-07-29,2022,Rabi,Potato,Uttar Pradesh,Varanasi,Canal,727.3,164.0,38962.0,28337.06
2016-10-19,2016,Zaid,Coconut,Tamil Nadu,Madurai,Drip,1037.49,99.0,7134.0,7401.45
2021-02-16,2021,Kharif,Cotton,Gujarat,Ahmedabad,Rainfed,818.77,130.0,1179.0,965.33
2018-05-28,2018,Zaid,Coconut,Tamil Nadu,Madurai,Tube Well,983.83,51.0,9063.0,8916.45
2023-05-13,2023,Rabi,Oilseeds,Madhya Pradesh,Bhopal,Tube Well,160.54,111.0,1729.0,277.57
2022-01-28,2022,Perennial,Apple,Jammu and Kashmir,Srinagar,Rainfed,125.69,133.0,10862.0,1365.24
2022-03-03,2022,Kharif,Maize,Bihar,Patna,Canal,113.47,127.0,7769.0,881.55
2017-03-25,2017,Kharif,Maize,Telangana,Nizamabad,Rainfed,281.08,111.0,4209.0,1183.07
2021-09-12,2021,Rabi,Oilseeds,Rajasthan,Jodhpur,Tube Well,680.53,168.0,1928.0,1312.06
2025-01-12,2025,Kharif,Pulses,Madhya Pradesh,Bhopal,Rainfed,770.66,125.0,1544.0,1189.9
2019-06-29,2019,Zaid,Coconut,Kerala,Thrissur,Drip,610.71,145.0,15880.0,9698.07
2023-06-07,2023,Zaid,Coconut,Andhra Pradesh,Chittoor,Rainfed,630.05,78.0,4724.0,2976.36
2017-03-11,2017,Kharif,Maize,Bihar,Muzaffarpur,Canal,782.97,179.0,4716.0,3692.49
2019-11-29,2019,Rabi,Oilseeds,Maharashtra,Nashik,Drip,724.0,104.0,1541.0,1115.68
2016-08-14,2016,Rabi,Potato,Punjab,Patiala,Tube Well,15.23,122.0,19221.0,292.74
2020-01-25,2020,Kharif,Pulses,Rajasthan,Jaipur,Tube Well,356.07,103.0,1029.0,366.4
2016-02-16,2016,Perennial,Sugarcane,Karnataka,Mysore,Drip,662.83,184.0,113222.0,75046.94
2021-09-13,2021,Perennial,Tea,West Bengal,Darjeeling,Rainfed,299.67,185.0,2339.0,700.93
2022-11-19,2022,Rabi,Pulses,Uttar Pradesh,Kanpur,Canal,312.91,84.0,2118.0,662.74
2018-01-05,2018,Zaid,Coconut,Andhra Pradesh,Chittoor,Canal,335.83,163.0,13379.0,4493.07
2016-03-15,2016,Rabi,Oilseeds,Gujarat,Surat,Tube Well,752.12,65.0,1886.0,1418.5
2020-07-18,2020,Perennial,Coffee,Kerala,Ernakulam,Rainfed,125.39,54.0,1121.0,140.56
2017-11-28,2017,Rabi,Pulses,Uttar Pradesh,Kanpur,Canal,1083.29,175.0,2238.0,2424.4
2018-08-23,2018,Zaid,Coconut,Karnataka,Mysore,Drip,470.72,70.0,14156.0,6663.51
2022-11-30,2022,Perennial,Sugarcane,Tamil Nadu,Chennai,Canal,395.15,73.0,92760.0,36654.11
2022-12-18,2022,Kharif,Oilseeds,Rajasthan,Udaipur,Rainfed,566.99,141.0,1447.0,820.43
2017-10-21,2017,Perennial,Apple,Jammu and Kashmir,Srinagar,Rainfed,207.36,173.0,12724.0,2638.45
2025-09-29,2025,Kharif,Maize,Madhya Pradesh,Bhopal,Rainfed,308.94,78.0,3281.0,1013.63
2016-06-15,2016,Kharif,Cotton,Gujarat,Vadodara,Tube Well,1055.0,67.0,1392.0,1468.56
2022-05-31,2022,Kharif,Maize,Bihar,Muzaffarpur,Canal,374.57,62.0,6279.0,2351.93
2024-09-01,2024,Perennial,Tea,Assam,Tinsukia,Rainfed,688.61,54.0,1936.0,1333.15
2019-03-09,2019,Perennial,Apple,Jammu and Kashmir,Srinagar,Rainfed,206.64,67.0,10974.0,2267.67
2017-05-14,2017,Zaid,Coconut,Andhra Pradesh,Visakhapatnam,Tube Well,257.53,191.0,7048.0,1815.07
2016-06-18,2016,Zaid,Coconut,Tamil Nadu,Coimbatore,Canal,677.97,64.0,9526.0,6458.34
2018-06-11,2018,Rabi,Potato,Uttar Pradesh,Kanpur,Rainfed,435.13,140.0,24456.0,10641.54
2017-04-28,2017,Perennial,Sugarcane,Uttar Pradesh,Varanasi,Tube Well,229.26,188.0,90198.0,20678.79
2018-04-15,2018,Rabi,Potato,Uttar Pradesh,Kanpur,Tube Well,138.93,144.0,32229.0,4477.57
2015-07-02,2015,Kharif,Oilseeds,Maharashtra,Mumbai,Drip,321.79,55.0,3333.0,1072.53
2020-09-09,2020,Kharif,Cotton,Maharashtra,Nashik,Rainfed,960.16,139.0,657.0,630.83
2021-02-02,2021,Zaid,Coconut,Tamil Nadu,Madurai,Drip,923.42,185.0,8885.0,8204.59
2024-01-28,2024,Zaid,Coconut,Kerala,Ernakulam,Drip,690.76,98.0,15159.0,10471.23
2015-12-08,2015,Kharif,Rice,Telangana,Nizamabad,Canal,250.43,97.0,2646.0,662.64
2020-04-05,2020,Kharif,Rice,Uttar Pradesh,Varanasi,Canal,994.85,87.0,3566.0,3547.64
2019-11-09,2019,Perennial,Apple,Himachal Pradesh,Shimla,Rainfed,122.87,126.0,9401.0,1155.1
2025-10-25,2025,Kharif,Cotton,Gujarat,Surat,Tube Well,751.09,86.0,1156.0,868.26
2020-12-20,2020,Zaid,Coconut,Andhra Pradesh,Krishna,Canal,1065.78,159.0,17505.0,18656.48
2016-09-14,2016,Perennial,Tea,Kerala,Kozhikode,Drip,42.31,147.0,2323.0,98.29
2018-12-01,2018,Rabi,Oilseeds,Rajasthan,Jodhpur,Tube Well,689.81,110.0,3732.0,2574.37
2023-05-28,2023,Kharif,Pulses,Maharashtra,Mumbai,Tube Well,1076.94,158.0,1734.0,1867.41
2016-10-06,2016,Zaid,Coconut,Andhra Pradesh,Visakhapatnam,Tube Well,916.38,65.0,11329.0,10381.67
2021-10-03,2021,Perennial,Apple,Himachal Pradesh,Shimla,Rainfed,348.77,162.0,7330.0,2556.48
2017-02-15,2017,Rabi,Pulses,Uttar Pradesh,Kanpur,Tube Well,1157.71,140.0,1835.0,2124.4
2019-11-23,2019,Perennial,Coffee,Kerala,Kozhikode,Rainfed,795.73,145.0,1469.0,1168.93
2015-09-22,2015,Kharif,Maize,Karnataka,Hubli,Canal,849.51,60.0,4847.0,4117.57
2019-09-03,2019,Rabi,Wheat,Madhya Pradesh,Bhopal,Tube Well,287.76,143.0,3015.0,867.6
2018-10-27,2018,Zaid,Coconut,Kerala,Thrissur,Rainfed,495.0,124.0,8453.0,4184.23
2021-07-05,2021,Perennial,Coffee,Karnataka,Hubli,Drip,377.25,123.0,1346.0,507.78
2016-05-04,2016,Kharif,Oilseeds,Maharashtra,Mumbai,Tube Well,1261.38,98.0,1839.0,2319.68
2021-04-04,2021,Perennial,Coffee,Kerala,Ernakulam,Rainfed,721.11,51.0,1268.0,914.37
2019-02-09,2019,Rabi,Wheat,Bihar,Patna,Tube Well,571.94,113.0,4148.0,2372.41
2015-08-18,2015,Kharif,Maize,Karnataka,Belgaum,Canal,861.59,110.0,5432.0,4680.16
2016-09-06,2016,Kharif,Cotton,Gujarat,Rajkot,Tube Well,1092.53,113.0,1550.0,1693.42
2020-04-05,2020,Perennial,Coffee,Kerala,Kozhikode,Rainfed,202.44,142.0,679.0,137.46
2022-09-04,2022,Kharif,Cotton,Andhra Pradesh,Guntur,Rainfed,699.58,95.0,1058.0,740.16
2020-11-08,2020,Kharif,Oilseeds,Rajasthan,Udaipur,Rainfed,342.38,90.0,1420.0,486.18
2025-03-12,2025,Kharif,Pulses,Maharashtra,Nagpur,Drip,1005.35,125.0,1563.0,1571.36
2016-07-15,2016,Perennial,Apple,Jammu and Kashmir,Srinagar,Rainfed,157.84,139.0,10583.0,1670.42
2016-08-11,2016,Rabi,Wheat,Rajasthan,Jodhpur,Rainfed,499.2,135.0,3500.0,1747.2
2015-10-09,2015,Zaid,Coconut,Kerala,Thrissur,Rainfed,328.36,182.0,10834.0,3557.45
2022-08-23,2022,Kharif,Maize,Maharashtra,Nashik,Drip,153.29,165.0,4715.0,722.76
2019-05-13,2019,Rabi,Oilseeds,Madhya Pradesh,Bhopal,Rainfed,94.63,58.0,1439.0,136.17
2020-06-17,2020,Rabi,Oilseeds,Rajasthan,Jodhpur,Tube Well,92.15,135.0,3123.0,287.78
2021-08-17,2021,Perennial,Coffee,Kerala,Ernakulam,Rainfed,35.69,113.0,1408.0,50.25
2018-06-10,2018,Perennial,Coffee,Karnataka,Hubli,Tube Well,590.94,104.0,1491.0,881.09
2023-07-07,2023,Kharif,Maize,Madhya Pradesh,Bhopal,Tube Well,540.8,194.0,5625.0,3042.0
2018-02-05,2018,Rabi,Potato,Uttar Pradesh,Lucknow,Tube Well,198.83,119.0,26377.0,5244.54
2021-08-31,2021,Kharif,Cotton,Andhra Pradesh,Guntur,Tube Well,738.11,158.0,1284.0,947.73
2023-04-11,2023,Rabi,Wheat,Bihar,Patna,Rainfed,601.76,195.0,2636.0,1586.24
2017-09-05,2017,Kharif,Cotton,Maharashtra,Pune,Rainfed,199.75,73.0,787.0,157.2
2023-02-09,2023,Kharif,Rice,Tamil Nadu,Chennai,Drip,450.45,58.0,4337.0,1953.6
2024-09-06,2024,Kharif,Maize,Madhya Pradesh,Bhopal,Tube Well,606.56,97.0,5045.0,3060.1
2021-03-14,2021,Rabi,Potato,West Bengal,Howrah,Canal,28.26,57.0,27342.0,772.68
2020-10-17,2020,Kharif,Cotton,Gujarat,Surat,Rainfed,184.87,68.0,848.0,156.77
2021-10-22,2021,Zaid,Coconut,Karnataka,Mysore,Drip,1095.45,199.0,19100.0,20923.1
2023-08-12,2023,Rabi,Pulses,Uttar Pradesh,Varanasi,Canal,1102.98,194.0,2031.0,2240.15
2017-02-03,2017,Kharif,Rice,Odisha,Bhubaneswar,Canal,423.08,154.0,5210.0,2204.25
2016-09-13,2016,Zaid,Coconut,Kerala,Ernakulam,Rainfed,507.54,163.0,5804.0,2945.76
2022-03-03,2022,Kharif,Pulses,Madhya Pradesh,Bhopal,Rainfed,678.51,71.0,1367.0,927.52
2021-07-31,2021,Rabi,Potato,West Bengal,Darjeeling,Rainfed,928.11,139.0,11367.0,10549.83
2020-08-10,2020,Rabi,Potato,Bihar,Purnia,Rainfed,331.45,73.0,12236.0,4055.62
2023-04-06,2023,Kharif,Maize,Madhya Pradesh,Bhopal,Tube Well,398.12,107.0,4501.0,1791.94
2025-08-01,2025,Kharif,Cotton,Maharashtra,Pune,Tube Well,833.09,102.0,1150.0,958.05
2025-03-20,2025,Kharif,Maize,Maharashtra,Nagpur,Drip,102.75,142.0,6959.0,715.04
2019-12-11,2019,Perennial,Apple,Himachal Pradesh,Shimla,Rainfed,473.44,62.0,11963.0,5663.76
2021-03-22,2021,Rabi,Wheat,Uttar Pradesh,Varanasi,Rainfed,654.79,66.0,2720.0,1781.03
2021-12-31,2021,Rabi,Oilseeds,Gujarat,Vadodara,Tube Well,451.33,141.0,2650.0,1196.02
2024-03-06,2024,Rabi,Oilseeds,Maharashtra,Pune,Drip,1180.16,145.0,1968.0,2322.55
2017-05-31,2017,Kharif,Rice,West Bengal,Kolkata,Rainfed,138.93,101.0,4193.0,582.53
2016-07-14,2016,Rabi,Pulses,Rajasthan,Jodhpur,Tube Well,37.09,72.0,966.0,35.83
2015-09-01,2015,Zaid,Coconut,Andhra Pradesh,Krishna,Canal,825.15,183.0,11241.0,9275.51
2021-06-01,2021,Kharif,Pulses,Maharashtra,Nashik,Rainfed,506.65,58.0,938.0,475.24
2020-12-22,2020,Kharif,Cotton,Andhra Pradesh,Chittoor,Canal,919.73,158.0,1484.0,1364.88
2020-02-08,2020,Kharif,Cotton,Maharashtra,Pune,Drip,98.42,71.0,1223.0,120.37
2024-04-12,2024,Rabi,Potato,Bihar,Gaya,Rainfed,389.92,146.0,25892.0,10095.81
2015-09-03,2015,Perennial,Apple,Himachal Pradesh,Kangra,Rainfed,125.31,150.0,7005.0,877.8
2021-07-13,2021,Kharif,Rice,West Bengal,Darjeeling,Rainfed,816.17,171.0,4478.0,3654.81
2025-03-01,2025,Rabi,Pulses,Madhya Pradesh,Bhopal,Tube Well,189.46,109.0,2094.0,396.73
2024-07-13,2024,Kharif,Maize,Andhra Pradesh,Krishna,Tube Well,554.95,53.0,3480.0,1931.23
2017-05-15,2017,Perennial,Apple,Himachal Pradesh,Kangra,Rainfed,411.25,172.0,9154.0,3764.58
2021-02-16,2021,Kharif,Cotton,Gujarat,Vadodara,Tube Well,1099.31,117.0,613.0,673.88
2017-06-23,2017,Rabi,Potato,West Bengal,Darjeeling,Rainfed,797.64,177.0,26666.0,21269.87
2025-04-25,2025,Zaid,Coconut,Karnataka,Belgaum,Canal,477.86,166.0,8422.0,4024.54
2017-10-17,2017,Zaid,Coconut,Kerala,Thrissur,Drip,461.87,125.0,8794.0,4061.68
2019-10-12,2019,Rabi,Oilseeds,Maharashtra,Nagpur,Tube Well,899.7,200.0,1729.0,1555.58
2023-09-20,2023,Kharif,Oilseeds,Gujarat,Rajkot,Tube Well,1051.17,119.0,2575.0,2706.76
2024-10-13,2024,Kharif,Rice,West Bengal,Darjeeling,Canal,978.55,154.0,3043.0,2977.73
2021-01-16,2021,Kharif,Maize,Madhya Pradesh,Bhopal,Rainfed,745.47,150.0,5980.0,4457.91
2021-12-23,2021,Kharif,Rice,Chhattisgarh,Raipur,Rainfed,569.39,128.0,2163.0,1231.59
2021-09-01,2021,Rabi,Wheat,Rajasthan,Jodhpur,Rainfed,111.29,138.0,2247.0,250.07
2016-11-14,2016,Kharif,Rice,Odisha,Bhubaneswar,Canal,675.4,170.0,5835.0,3940.96
2018-02-13,2018,Kharif,Pulses,Uttar Pradesh,Lucknow,Canal,1223.74,136.0,2673.0,3271.06
2021-06-04,2021,Rabi,Pulses,Maharashtra,Nagpur,Rainfed,1142.45,118.0,1912.0,2184.36
2025-07-31,2025,Perennial,Apple,Himachal Pradesh,Shimla,Rainfed,463.16,149.0,6293.0,2914.67
2016-10-23,2016,Rabi,Potato,West Bengal,Howrah,Rainfed,564.98,55.0,14334.0,8098.42
2016-06-12,2016,Kharif,Pulses,Madhya Pradesh,Bhopal,Rainfed,527.52,66.0,1324.0,698.44
2021-06-28,2021,Kharif,Cotton,Maharashtra,Pune,Rainfed,22.32,69.0,394.0,8.79
2017-11-14,2017,Perennial,Sugarcane,Maharashtra,Mumbai,Tube Well,748.89,114.0,99148.0,74250.95
2016-06-27,2016,Kharif,Cotton,Andhra Pradesh,Chittoor,Canal,573.11,181.0,1148.0,657.93
2018-07-01,2018,Kharif,Maize,Karnataka,Mysore,Drip,1058.91,146.0,7100.0,7518.26
2017-10-02,2017,Rabi,Pulses,Rajasthan,Udaipur,Rainfed,632.18,196.0,2214.0,1399.65
2024-11-20,2024,Rabi,Pulses,Maharashtra,Mumbai,Drip,1038.91,56.0,1429.0,1484.6
2019-10-04,2019,Rabi,Pulses,Maharashtra,Pune,Tube Well,83.52,158.0,2191.0,182.99
2022-07-10,2022,Kharif,Maize,Madhya Pradesh,Bhopal,Rainfed,327.6,97.0,4223.0,1383.45
2017-07-23,2017,Kharif,Maize,Telangana,Nizamabad,Rainfed,629.48,53.0,3898.0,2453.71
2020-01-03,2020,Perennial,Sugarcane,Karnataka,Hubli,Canal,42.33,174.0,123348.0,5221.32
2021-12-05,2021,Kharif,Pulses,Uttar Pradesh,Lucknow,Canal,361.36,74.0,2442.0,882.44
2023-08-12,2023,Rabi,Wheat,Uttar Pradesh,Kanpur,Canal,1332.39,82.0,4757.0,6338.18
2025-01-10,2025,Zaid,Coconut,Karnataka,Mysore,Tube Well,151.46,101.0,11553.0,1749.82
2023-03-20,2023,Rabi,Potato,Punjab,Ludhiana,Tube Well,86.55,168.0,27335.0,2365.84
2018-02-07,2018,Kharif,Oilseeds,Gujarat,Rajkot,Rainfed,700.9,144.0,1976.0,1384.98
2023-11-26,2023,Kharif,Pulses,Uttar Pradesh,Varanasi,Rainfed,1420.23,90.0,1696.0,2408.71
2022-12-04,2022,Rabi,Oilseeds,Madhya Pradesh,Bhopal,Tube Well,669.35,75.0,1735.0,1161.32
2017-11-08,2017,Perennial,Sugarcane,Tamil Nadu,Chennai,Tube Well,1072.5,66.0,94212.0,101042.37
2018-03-17,2018,Perennial,Coffee,Kerala,Thrissur,Drip,605.28,72.0,1311.0,793.52
2025-02-10,2025,Kharif,Rice,Bihar,Muzaffarpur,Tube Well,443.0,180.0,5721.0,2534.4
2022-05-13,2022,Kharif,Oilseeds,Gujarat,Rajkot,Tube Well,1136.47,188.0,2017.0,2292.26
2021-05-19,2021,Perennial,Tea,Assam,Tinsukia,Rainfed,347.04,195.0,2373.0,823.53
2017-07-09,2017,Zaid,Coconut,Tamil Nadu,Chennai,Canal,391.6,175.0,13524.0,5296.0
2020-02-20,2020,Perennial,Coffee,Tamil Nadu,Coimbatore,Drip,498.53,183.0,1076.0,536.42
2020-06-09,2020,Kharif,Oilseeds,Gujarat,Vadodara,Rainfed,978.63,172.0,2126.0,2080.57
2020-06-25,2020,Rabi,Wheat,Punjab,Ludhiana,Tube Well,1377.36,194.0,4973.0,6849.61
2015-06-21,2015,Zaid,Coconut,Andhra Pradesh,Krishna,Rainfed,435.64,177.0,12655.0,5513.02
2020-06-12,2020,Rabi,Potato,Uttar Pradesh,Kanpur,Rainfed,698.75,119.0,12743.0,8904.17
2025-02-22,2025,Rabi,Oilseeds,Maharashtra,Nashik,Rainfed,1168.84,98.0,1004.0,1173.52
2024-07-09,2024,Kharif,Maize,Maharashtra,Pune,Rainfed,70.69,138.0,3700.0,261.55
2020-04-10,2020,Rabi,Potato,West Bengal,Kolkata,Rainfed,864.42,141.0,31686.0,27390.01
2019-04-23,2019,Kharif,Pulses,Rajasthan,Jodhpur,Rainfed,323.41,136.0,1816.0,587.31
2018-03-11,2018,Rabi,Pulses,Rajasthan,Jodhpur,Rainfed,269.8,156.0,1677.0,452.45
2022-04-11,2022,Perennial,Tea,Assam,Tinsukia,Rainfed,363.07,155.0,1306.0,474.17
2020-09-14,2020,Kharif,Cotton,Telangana,Warangal,Canal,382.63,63.0,902.0,345.13
2016-05-22,2016,Perennial,Apple,Himachal Pradesh,Shimla,Rainfed,380.74,93.0,11878.0,4522.43
2019-12-24,2019,Kharif,Maize,Karnataka,Mysore,Drip,1021.46,183.0,9001.0,9194.16
2017-02-08,2017,Rabi,Oilseeds,Maharashtra,Pune,Drip,643.98,139.0,2597.0,1672.42
2022-11-11,2022,Perennial,Coffee,Kerala,Ernakulam,Drip,667.86,99.0,2058.0,1374.46
2024-12-08,2024,Kharif,Rice,Punjab,Patiala,Canal,1100.6,178.0,3646.0,4012.79
2022-09-08,2022,Kharif,Oilseeds,Maharashtra,Nashik,Drip,436.58,87.0,2381.0,1039.5
2018-11-26,2018,Rabi,Oilseeds,Gujarat,Surat,Tube Well,708.9,111.0,3549.0,2515.89
2016-03-16,2016,Kharif,Pulses,Rajasthan,Jodhpur,Rainfed,470.1,91.0,1539.0,723.48
2023-02-22,2023,Zaid,Coconut,Andhra Pradesh,Krishna,Tube Well,37.96,181.0,15220.0,577.75
2019-10-29,2019,Perennial,Sugarcane,Tamil Nadu,Chennai,Tube Well,441.59,159.0,133613.0,59002.16
2024-09-01,2024,Rabi,Oilseeds,Madhya Pradesh,Bhopal,Tube Well,794.18,119.0,2637.0,2094.25
2023-02-28,2023,Kharif,Maize,Bihar,Purnia,Rainfed,640.88,190.0,4267.0,2734.63
2021-11-18,2021,Rabi,Potato,Punjab,Ludhiana,Tube Well,508.02,189.0,35088.0,17825.41
2022-06-23,2022,Zaid,Coconut,Kerala,Ernakulam,Rainfed,207.52,157.0,9296.0,1929.11
2020-07-10,2020,Kharif,Rice,Uttar Pradesh,Kanpur,Canal,322.13,184.0,6570.0,2116.39
2017-10-17,2017,Rabi,Pulses,Madhya Pradesh,Bhopal,Rainfed,327.3,158.0,1548.0,506.66
2024-07-04,2024,Rabi,Oilseeds,Rajasthan,Jaipur,Rainfed,143.35,144.0,2804.0,401.95
2019-09-01,2019,Rabi,Wheat,Bihar,Purnia,Tube Well,143.83,113.0,4926.0,708.51
2016-12-18,2016,Kharif,Maize,Maharashtra,Nagpur,Rainfed,479.64,91.0,5111.0,2451.44
2019-03-13,2019,Zaid,Coconut,Karnataka,Bangalore,Tube Well,671.63,59.0,11648.0,7823.15
2018-02-18,2018,Kharif,Pulses,Maharashtra,Mumbai,Rainfed,198.85,170.0,1679.0,333.87
2018-07-15,2018,Kharif,Cotton,Andhra Pradesh,Visakhapatnam,Tube Well,62.77,68.0,926.0,58.13
2025-01-24,2025,Perennial,Coffee,Kerala,Thrissur,Drip,37.36,112.0,2069.0,77.3
2020-08-08,2020,Zaid,Coconut,Kerala,Ernakulam,Rainfed,221.23,85.0,8822.0,1951.69
2025-10-13,2025,Kharif,Cotton,Gujarat,Ahmedabad,Rainfed,236.26,118.0,1096.0,258.94
2025-03-17,2025,Kharif,Oilseeds,Maharashtra,Mumbai,Tube Well,705.64,97.0,2530.0,1785.27
2024-05-04,2024,Kharif,Maize,Karnataka,Hubli,Canal,506.74,174.0,6986.0,3540.09
2025-02-15,2025,Kharif,Oilseeds,Madhya Pradesh,Bhopal,Tube Well,266.57,197.0,3461.0,922.6
2024-09-15,2024,Kharif,Cotton,Gujarat,Ahmedabad,Rainfed,1001.92,191.0,1134.0,1136.18
2022-08-26,2022,Kharif,Cotton,Gujarat,Vadodara,Rainfed,610.89,143.0,810.0,494.82
2021-04-16,2021,Rabi,Oilseeds,Rajasthan,Jodhpur,Rainfed,73.16,197.0,1995.0,145.95
2024-01-24,2024,Zaid,Coconut,Kerala,Ernakulam,Drip,243.65,110.0,8282.0,2017.91
2020-10-14,2020,Rabi,Wheat,Rajasthan,Jaipur,Tube Well,681.6,128.0,3785.0,2579.86
2019-02-17,2019,Rabi,Oilseeds,Rajasthan,Jaipur,Tube Well,684.11,89.0,1763.0,1206.09
2018-01-14,2018,Kharif,Maize,Madhya Pradesh,Bhopal,Rainfed,211.19,185.0,4858.0,1025.96
2019-09-13,2019,Perennial,Sugarcane,Maharashtra,Nagpur,Rainfed,225.73,77.0,88915.0,20070.78
2017-10-09,2017,Perennial,Coffee,Tamil Nadu,Coimbatore,Tube Well,550.3,142.0,2011.0,1106.65
2019-12-24,2019,Perennial,Sugarcane,Karnataka,Hubli,Drip,534.8,170.0,122225.0,65365.93
2018-08-03,2018,Perennial,Apple,Himachal Pradesh,Mandi,Rainfed,210.97,139.0,6849.0,1444.93
2016-04-19,2016,Perennial,Coffee,Tamil Nadu,Chennai,Tube Well,587.0,62.0,1092.0,641.0
2017-07-10,2017,Rabi,Wheat,Madhya Pradesh,Bhopal,Tube Well,193.43,142.0,4363.0,843.94
2017-03-02,2017,Kharif,Rice,Odisha,Bhubaneswar,Rainfed,112.29,165.0,3445.0,386.84
2022-02-26,2022,Rabi,Potato,Bihar,Muzaffarpur,Tube Well,574.76,78.0,17127.0,9843.91
2025-01-01,2025,Zaid,Coconut,Kerala,Ernakulam,Drip,746.75,161.0,8882.0,6632.63
2015-08-09,2015,Zaid,Coconut,Andhra Pradesh,Chittoor,Rainfed,173.92,182.0,8864.0,1541.63
2021-04-26,2021,Rabi,Oilseeds,Gujarat,Rajkot,Tube Well,848.73,198.0,2136.0,1812.89
2020-11-03,2020,Kharif,Maize,Andhra Pradesh,Guntur,Rainfed,531.1,112.0,3792.0,2013.93
2021-07-07,2021,Kharif,Maize,Madhya Pradesh,Bhopal,Rainfed,242.24,54.0,5098.0,1234.94
2016-12-25,2016,Perennial,Sugarcane,Uttar Pradesh,Kanpur,Canal,1281.13,113.0,120193.0,153982.86
2017-02-11,2017,Rabi,Potato,Uttar Pradesh,Lucknow,Canal,690.17,149.0,15966.0,11019.25
2020-10-14,2020,Rabi,Oilseeds,Gujarat,Rajkot,Rainfed,704.14,184.0,1872.0,1318.15
2015-06-21,2015,Kharif,Oilseeds,Gujarat,Rajkot,Tube Well,537.24,191.0,3043.0,1634.82
2024-07-29,2024,Kharif,Pulses,Madhya Pradesh,Bhopal,Tube Well,74.19,186.0,1277.0,94.74
2015-09-17,2015,Perennial,Apple,Himachal Pradesh,Shimla,Rainfed,301.5,149.0,12757.0,3846.24
2025-02-25,2025,Rabi,Pulses,Rajasthan,Jaipur,Rainfed,299.0,152.0,1367.0,408.73
2022-01-16,2022,Zaid,Coconut,Tamil Nadu,Coimbatore,Tube Well,104.56,50.0,8254.0,863.04
2018-12-14,2018,Rabi,Pulses,Madhya Pradesh,Bhopal,Rainfed,480.69,105.0,1117.0,536.93
2019-10-07,2019,Rabi,Oilseeds,Madhya Pradesh,Bhopal,Rainfed,17.8,186.0,1909.0,33.98
2016-11-18,2016,Kharif,Oilseeds,Rajasthan,Jodhpur,Rainfed,153.88,153.0,2956.0,454.87
2017-10-07,2017,Zaid,Coconut,Tamil Nadu,Chennai,Drip,861.37,120.0,14690.0,12653.53
2023-07-15,2023,Rabi,Wheat,Haryana,Hisar,Tube Well,62.72,66.0,4595.0,288.2
2024-01-24,2024,Rabi,Oilseeds,Rajasthan,Jaipur,Rainfed,456.21,87.0,2318.0,1057.49
2021-04-02,2021,Rabi,Pulses,Uttar Pradesh,Varanasi,Canal,1425.06,133.0,2090.0,2978.38
2025-05-22,2025,Perennial,Tea,West Bengal,Darjeeling,Canal,196.6,185.0,2117.0,416.2
2020-06-14,2020,Kharif,Rice,Telangana,Hyderabad,Canal,381.23,64.0,4935.0,1881.37
2020-01-31,2020,Perennial,Tea,West Bengal,Howrah,Rainfed,637.29,73.0,2221.0,1415.42
2023-07-30,2023,Kharif,Cotton,Telangana,Hyderabad,Canal,410.87,148.0,653.0,268.3
2018-02-28,2018,Rabi,Pulses,Rajasthan,Udaipur,Tube Well,438.06,94.0,1666.0,729.81
2020-10-23,2020,Kharif,Oilseeds,Madhya Pradesh,Bhopal,Rainfed,329.24,75.0,1227.0,403.98
2018-12-02,2018,Kharif,Rice,Telangana,Warangal,Rainfed,142.17,77.0,4204.0,597.68
2019-02-04,2019,Rabi,Pulses,Uttar Pradesh,Kanpur,Rainfed,142.68,124.0,1588.0,226.58
2016-11-14,2016,Kharif,Pulses,Rajasthan,Jaipur,Tube Well,523.67,138.0,2509.0,1313.89
2021-06-24,2021,Rabi,Wheat,Punjab,Amritsar,Tube Well,365.55,186.0,3110.0,1136.86
2020-09-28,2020,Perennial,Coffee,Kerala,Thrissur,Rainfed,679.49,129.0,1465.0,995.45
2023-10-03,2023,Kharif,Rice,Chhattisgarh,Raipur,Rainfed,522.69,154.0,2394.0,1251.32
2015-12-29,2015,Zaid,Coconut,Andhra Pradesh,Krishna,Rainfed,68.85,77.0,5977.0,411.52
2016-12-20,2016,Rabi,Potato,Bihar,Gaya,Tube Well,209.2,157.0,18321.0,3832.75
2016-08-31,2016,Rabi,Potato,Uttar Pradesh,Varanasi,Canal,445.07,147.0,18494.0,8231.12
2021-07-22,2021,Kharif,Rice,Telangana,Nizamabad,Tube Well,539.09,82.0,3077.0,1658.78
2017-08-21,2017,Kharif,Cotton,Maharashtra,Nagpur,Tube Well,1054.68,150.0,1082.0,1141.16
2023-03-18,2023,Kharif,Rice,Assam,Dibrugarh,Rainfed,57.66,82.0,4169.0,240.38
2022-01-30,2022,Kharif,Maize,Maharashtra,Pune,Tube Well,332.0,139.0,7715.0,2561.38
2023-02-03,2023,Kharif,Pulses,Madhya Pradesh,Bhopal,Tube Well,307.21,150.0,2043.0,627.63
2021-04-07,2021,Rabi,Pulses,Rajasthan,Jaipur,Tube Well,136.53,154.0,1374.0,187.59
2021-11-07,2021,Perennial,Tea,Assam,Dibrugarh,Rainfed,440.78,186.0,1281.0,564.64
2016-12-13,2016,Perennial,Sugarcane,Uttar Pradesh,Varanasi,Rainfed,722.22,192.0,86331.0,62349.97
2023-05-15,2023,Rabi,Potato,Punjab,Amritsar,Canal,481.58,172.0,37779.0,18193.61
2023-05-05,2023,Kharif,Cotton,Andhra Pradesh,Visakhapatnam,Canal,625.1,182.0,1359.0,849.51
2020-01-07,2020,Kharif,Rice,Telangana,Hyderabad,Canal,326.68,53.0,4525.0,1478.23
2019-01-24,2019,Kharif,Oilseeds,Maharashtra,Nagpur,Tube Well,452.72,104.0,1397.0,632.45
2024-03-03,2024,Kharif,Maize,Karnataka,Mysore,Tube Well,299.28,56.0,4928.0,1474.85
2016-04-23,2016,Rabi,Wheat,Madhya Pradesh,Bhopal,Tube Well,436.95,84.0,3808.0,1663.91
2024-08-10,2024,Rabi,Potato,West Bengal,Howrah,Canal,494.09,107.0,29364.0,14508.46
2018-05-25,2018,Kharif,Cotton,Andhra Pradesh,Visakhapatnam,Rainfed,243.63,180.0,458.0,111.58
2019-04-17,2019,Kharif,Rice,Punjab,Patiala,Tube Well,29.32,127.0,3449.0,101.12
2020-06-10,2020,Perennial,Tea,Assam,Tinsukia,Rainfed,129.23,147.0,2606.0,336.77
2024-07-27,2024,Zaid,Coconut,Karnataka,Bangalore,Tube Well,56.69,104.0,10282.0,582.89
2021-10-13,2021,Kharif,Maize,Andhra Pradesh,Krishna,Tube Well,523.6,140.0,6936.0,3631.69
2017-01-27,2017,Perennial,Tea,Kerala,Thrissur,Rainfed,187.83,172.0,1637.0,307.48
2021-08-07,2021,Perennial,Tea,Kerala,Kozhikode,Drip,342.16,95.0,2559.0,875.59
2020-04-07,2020,Kharif,Oilseeds,Madhya Pradesh,Bhopal,Rainfed,270.27,190.0,1973.0,533.24
2015-11-18,2015,Kharif,Maize,Telangana,Nizamabad,Canal,488.83,82.0,4968.0,2428.51
2018-10-10,2018,Rabi,Wheat,Bihar,Purnia,Canal,726.63,188.0,4322.0,3140.49
2018-09-13,2018,Perennial,Apple,Himachal Pradesh,Kangra,Rainfed,244.86,54.0,8708.0,2132.24
2016-10-26,2016,Perennial,Apple,Jammu and Kashmir,Srinagar,Rainfed,34.17,131.0,8692.0,297.01
2017-01-12,2017,Kharif,Pulses,Uttar Pradesh,Lucknow,Rainfed,36.09,198.0,1294.0,46.7
2023-07-27,2023,Kharif,Oilseeds,Madhya Pradesh,Bhopal,Tube Well,178.45,141.0,3055.0,545.16
2019-01-12,2019,Rabi,Pulses,Uttar Pradesh,Lucknow,Tube Well,643.2,133.0,1685.0,1083.79
2022-03-10,2022,Rabi,Wheat,Bihar,Purnia,Canal,54.46,152.0,3473.0,189.14
2024-03-31,2024,Kharif,Rice,Odisha,Bhubaneswar,Canal,301.68,93.0,5571.0,1680.66
2021-12-30,2021,Perennial,Sugarcane,Maharashtra,Mumbai,Tube Well,1154.26,58.0,100701.0,116235.14
2022-06-07,2022,Rabi,Pulses,Rajasthan,Udaipur,Tube Well,72.11,88.0,2307.0,166.36
2018-09-10,2018,Perennial,Tea,Assam,Dibrugarh,Rainfed,759.33,76.0,1735.0,1317.44
2017-04-27,2017,Perennial,Coffee,Tamil Nadu,Coimbatore,Drip,943.77,189.0,1245.0,1174.99
2022-07-24,2022,Zaid,Coconut,Karnataka,Mysore,Drip,916.64,178.0,17128.0,15700.21
2022-04-03,2022,Rabi,Wheat,Bihar,Patna,Rainfed,865.02,98.0,2526.0,2185.04
2017-03-08,2017,Rabi,Potato,West Bengal,Howrah,Rainfed,97.25,175.0,26001.0,2528.6
2016-11-27,2016,Kharif,Maize,Telangana,Warangal,Rainfed,144.54,82.0,3420.0,494.33
2022-04-09,2022,Rabi,Wheat,Haryana,Karnal,Canal,196.78,80.0,4145.0,815.65
2019-06-30,2019,Kharif,Cotton,Maharashtra,Pune,Rainfed,153.5,165.0,1187.0,182.2
2018-04-22,2018,Rabi,Pulses,Maharashtra,Nashik,Rainfed,432.75,99.0,1431.0,619.27
2021-09-03,2021,Kharif,Pulses,Maharashtra,Nagpur,Rainfed,1080.98,60.0,1253.0,1354.47
2022-10-19,2022,Kharif,Maize,Madhya Pradesh,Bhopal,Rainfed,209.05,158.0,6545.0,1368.23
2019-08-19,2019,Kharif,Maize,Bihar,Gaya,Tube Well,251.78,198.0,4572.0,1151.14
2017-10-31,2017,Kharif,Rice,Uttar Pradesh,Varanasi,Canal,1017.07,135.0,4205.0,4276.78
2024-01-20,2024,Zaid,Coconut,Kerala,Thrissur,Rainfed,86.57,90.0,11031.0,954.95
2021-11-21,2021,Zaid,Coconut,Karnataka,Bangalore,Drip,402.71,106.0,12706.0,5116.83
2023-06-05,2023,Rabi,Wheat,Punjab,Ludhiana,Tube Well,450.19,147.0,4235.0,1906.55
2024-10-26,2024,Kharif,Oilseeds,Madhya Pradesh,Bhopal,Rainfed,679.37,155.0,2478.0,1683.48
2023-11-20,2023,Kharif,Maize,Andhra Pradesh,Visakhapatnam,Canal,622.26,183.0,6025.0,3749.12
2021-11-21,2021,Kharif,Pulses,Rajasthan,Udaipur,Rainfed,456.07,186.0,1014.0,462.45
2022-06-16,2022,Kharif,Pulses,Maharashtra,Mumbai,Drip,176.45,179.0,1777.0,313.55
2017-06-23,2017,Perennial,Apple,Jammu and Kashmir,Srinagar,Rainfed,372.28,147.0,8989.0,3346.42
2024-07-30,2024,Kharif,Rice,Chhattisgarh,Raipur,Rainfed,232.49,117.0,3510.0,816.04
2023-10-28,2023,Kharif,Maize,Madhya Pradesh,Bhopal,Rainfed,568.4,152.0,4531.0,2575.42
2025-06-23,2025,Kharif,Maize,Karnataka,Hubli,Tube Well,1050.54,150.0,6297.0,6615.25
2017-02-09,2017,Kharif,Oilseeds,Gujarat,Vadodara,Rainfed,615.29,83.0,1336.0,822.03
2018-06-10,2018,Rabi,Wheat,Haryana,Faridabad,Canal,715.47,126.0,3274.0,2342.45
2024-11-13,2024,Rabi,Oilseeds,Maharashtra,Mumbai,Drip,161.25,81.0,2261.0,364.59
2025-08-22,2025,Kharif,Pulses,Madhya Pradesh,Bhopal,Tube Well,318.32,185.0,1999.0,636.32
2024-02-13,2024,Kharif,Pulses,Maharashtra,Nagpur,Rainfed,1109.68,98.0,1194.0,1324.96
2023-03-19,2023,Kharif,Maize,Bihar,Patna,Rainfed,143.76,171.0,5287.0,760.06
2023-07-12,2023,Kharif,Rice,Telangana,Nizamabad,Canal,826.58,107.0,3917.0,3237.71
2024-04-21,2024,Kharif,Cotton,Gujarat,Surat,Tube Well,804.1,165.0,766.0,615.94
2015-11-16,2015,Perennial,Sugarcane,Tamil Nadu,Madurai,Canal,468.85,83.0,119146.0,55861.6
2025-01-09,2025,Rabi,Wheat,Madhya Pradesh,Bhopal,Tube Well,441.73,165.0,3397.0,1500.56
2018-03-25,2018,Rabi,Oilseeds,Rajasthan,Jodhpur,Tube Well,113.84,77.0,3555.0,404.7
2022-05-04,2022,Rabi,Pulses,Maharashtra,Nashik,Rainfed,290.55,124.0,2051.0,595.92
2021-01-13,2021,Rabi,Pulses,Rajasthan,Udaipur,Rainfed,207.62,67.0,1523.0,316.21
2017-11-22,2017,Rabi,Wheat,Madhya Pradesh,Bhopal,Rainfed,314.03,129.0,3131.0,983.23
2023-03-28,2023,Rabi,Potato,Punjab,Amritsar,Canal,1374.13,173.0,38738.0,53231.05
2018-12-09,2018,Zaid,Coconut,Kerala,Thrissur,Rainfed,300.38,163.0,12122.0,3641.21
2018-04-03,2018,Kharif,Pulses,Madhya Pradesh,Bhopal,Rainfed,423.83,58.0,1510.0,639.98
2024-12-29,2024,Rabi,Oilseeds,Rajasthan,Jodhpur,Tube Well,121.8,124.0,1590.0,193.66
2016-01-10,2016,Rabi,Wheat,Punjab,Patiala,Canal,1106.6,178.0,3023.0,3345.25
2022-11-14,2022,Perennial,Sugarcane,Maharashtra,Nashik,Drip,732.76,148.0,89095.0,65285.25
2024-10-10,2024,Rabi,Pulses,Uttar Pradesh,Varanasi,Rainfed,665.46,59.0,940.0,625.53
2023-10-22,2023,Rabi,Wheat,Bihar,Purnia,Tube Well,947.71,99.0,2986.0,2829.86
2020-06-09,2020,Kharif,Maize,Maharashtra,Nashik,Rainfed,1158.94,133.0,4753.0,5508.44
2023-12-24,2023,Rabi,Wheat,Uttar Pradesh,Lucknow,Canal,992.67,76.0,3838.0,3809.87
2019-08-25,2019,Kharif,Cotton,Telangana,Warangal,Rainfed,830.41,152.0,1060.0,880.23
2015-09-14,2015,Kharif,Pulses,Uttar Pradesh,Lucknow,Rainfed,851.52,145.0,1116.0,950.3
2017-07-09,2017,Kharif,Pulses,Rajasthan,Jaipur,Rainfed,580.59,80.0,869.0,504.53
2021-05-02,2021,Rabi,Wheat,Rajasthan,Jodhpur,Rainfed,292.53,133.0,3497.0,1022.98
2023-06-19,2023,Kharif,Maize,Maharashtra,Pune,Rainfed,121.9,172.0,4984.0,607.55
2021-07-22,2021,Kharif,Cotton,Andhra Pradesh,Krishna,Rainfed,1193.04,106.0,934.0,1114.3
2021-01-01,2021,Perennial,Coffee,Karnataka,Bangalore,Tube Well,190.54,87.0,1088.0,207.31
2025-10-29,2025,Kharif,Cotton,Maharashtra,Nagpur,Drip,334.45,155.0,1513.0,506.02
2019-08-05,2019,Rabi,Potato,Punjab,Amritsar,Canal,253.02,61.0,29007.0,7339.35
2022-09-23,2022,Rabi,Pulses,Madhya Pradesh,Bhopal,Rainfed,276.61,175.0,1778.0,491.81
2020-02-04,2020,Kharif,Rice,Assam,Tinsukia,Rainfed,238.53,192.0,2407.0,574.14
2015-10-02,2015,Zaid,Coconut,Andhra Pradesh,Guntur,Canal,725.31,195.0,16819.0,12198.99
2018-06-21,2018,Kharif,Oilseeds,Gujarat,Surat,Rainfed,1195.79,115.0,1783.0,2132.09
2016-07-17,2016,Rabi,Pulses,Uttar Pradesh,Lucknow,Canal,88.24,143.0,1370.0,120.89
2018-05-22,2018,Rabi,Oilseeds,Rajasthan,Jodhpur,Tube Well,547.13,179.0,3633.0,1987.72
2017-05-28,2017,Rabi,Wheat,Haryana,Hisar,Tube Well,187.91,84.0,3651.0,686.06
2020-02-12,2020,Rabi,Potato,West Bengal,Howrah,Canal,31.62,54.0,12870.0,406.95
2020-05-15,2020,Kharif,Pulses,Madhya Pradesh,Bhopal,Tube Well,514.48,108.0,2231.0,1147.8
2016-03-11,2016,Kharif,Maize,Telangana,Hyderabad,Canal,787.25,183.0,6540.0,5148.62
2022-02-03,2022,Zaid,Coconut,Kerala,Ernakulam,Rainfed,149.28,126.0,10409.0,1553.86
2021-03-08,2021,Rabi,Potato,West Bengal,Darjeeling,Rainfed,382.36,130.0,26217.0,10024.33
2021-08-16,2021,Perennial,Sugarcane,Karnataka,Hubli,Drip,193.94,154.0,83045.0,16105.75
2015-03-11,2015,Perennial,Sugarcane,Tamil Nadu,Chennai,Tube Well,998.09,136.0,108715.0,108507.35
2016-01-14,2016,Perennial,Tea,Kerala,Thrissur,Drip,223.58,58.0,1956.0,437.32
2019-05-26,2019,Rabi,Oilseeds,Rajasthan,Udaipur,Rainfed,316.85,134.0,2200.0,697.07
2021-11-05,2021,Kharif,Maize,Madhya Pradesh,Bhopal,Rainfed,716.85,147.0,3509.0,2515.43
2015-11-10,2015,Zaid,Coconut,Karnataka,Bangalore,Canal,612.63,146.0,12452.0,7628.47
2020-07-04,2020,Rabi,Oilseeds,Rajasthan,Jaipur,Tube Well,653.67,159.0,3579.0,2339.48
2023-08-09,2023,Kharif,Cotton,Telangana,Nizamabad,Canal,834.54,128.0,1650.0,1376.99
2016-11-22,2016,Perennial,Apple,Himachal Pradesh,Shimla,Rainfed,236.18,185.0,9376.0,2214.42
2018-07-11,2018,Perennial,Tea,Kerala,Thrissur,Rainfed,470.08,120.0,1265.0,594.65
2018-02-11,2018,Rabi,Potato,Punjab,Ludhiana,Tube Well,353.17,128.0,23023.0,8131.03
2022-12-25,2022,Kharif,Cotton,Telangana,Hyderabad,Canal,891.58,167.0,615.0,548.32
2022-03-07,2022,Kharif,Oilseeds,Maharashtra,Nashik,Rainfed,369.03,175.0,2045.0,754.67
2025-06-29,2025,Perennial,Apple,Himachal Pradesh,Mandi,Rainfed,393.82,147.0,15201.0,5986.46
2021-03-10,2021,Perennial,Sugarcane,Uttar Pradesh,Varanasi,Tube Well,476.32,69.0,71285.0,33954.47
2025-08-29,2025,Kharif,Oilseeds,Gujarat,Rajkot,Rainfed,382.52,100.0,1936.0,740.56
2020-12-26,2020,Kharif,Pulses,Madhya Pradesh,Bhopal,Rainfed,92.05,53.0,1346.0,123.9
2020-05-21,2020,Perennial,Sugarcane,Tamil Nadu,Coimbatore,Tube Well,620.29,94.0,73815.0,45786.71
2015-09-08,2015,Kharif,Maize,Karnataka,Bangalore,Tube Well,276.87,136.0,5378.0,1489.01
2020-11-26,2020,Rabi,Pulses,Maharashtra,Pune,Tube Well,201.43,171.0,2705.0,544.87
2023-09-19,2023,Perennial,Sugarcane,Karnataka,Belgaum,Drip,257.07,138.0,95236.0,24482.32
2021-11-11,2021,Kharif,Maize,Madhya Pradesh,Bhopal,Rainfed,208.36,56.0,4468.0,930.95
2023-04-18,2023,Rabi,Potato,Bihar,Gaya,Rainfed,509.04,89.0,12359.0,6291.23
2022-04-27,2022,Kharif,Cotton,Andhra Pradesh,Chittoor,Rainfed,469.25,137.0,989.0,464.09
2019-09-19,2019,Kharif,Rice,Odisha,Bhubaneswar,Canal,77.19,156.0,4127.0,318.56
2015-04-22,2015,Perennial,Coffee,Karnataka,Mysore,Tube Well,594.27,180.0,1060.0,629.93
2024-06-24,2024,Rabi,Oilseeds,Maharashtra,Nashik,Tube Well,1026.19,195.0,1852.0,1900.5
2015-07-02,2015,Perennial,Coffee,Kerala,Ernakulam,Drip,463.65,184.0,867.0,401.98
2023-01-27,2023,Rabi,Pulses,Maharashtra,Nashik,Tube Well,1267.16,120.0,2571.0,3257.87
2015-11-12,2015,Kharif,Maize,Bihar,Muzaffarpur,Tube Well,108.16,162.0,5971.0,645.82
2023-04-02,2023,Kharif,Rice,Tamil Nadu,Madurai,Tube Well,905.06,86.0,5342.0,4834.83
2021-04-07,2021,Kharif,Oilseeds,Rajasthan,Udaipur,Tube Well,358.93,60.0,3332.0,1195.95
2020-12-14,2020,Kharif,Pulses,Maharashtra,Nashik,Tube Well,682.86,58.0,1221.0,833.77
2016-08-28,2016,Kharif,Oilseeds,Rajasthan,Udaipur,Rainfed,368.18,86.0,2643.0,973.1
2021-09-02,2021,Kharif,Maize,Madhya Pradesh,Bhopal,Tube Well,267.0,56.0,5963.0,1592.12
2021-05-15,2021,Rabi,Oilseeds,Maharashtra,Nagpur,Drip,428.68,178.0,3385.0,1451.08
2022-03-25,2022,Zaid,Coconut,Tamil Nadu,Madurai,Drip,698.71,123.0,15002.0,10482.05
2017-10-27,2017,Rabi,Oilseeds,Gujarat,Rajkot,Tube Well,63.27,172.0,1747.0,110.53
2020-12-04,2020,Zaid,Coconut,Kerala,Thrissur,Rainfed,475.14,191.0,7048.0,3348.79
2016-11-23,2016,Kharif,Maize,Andhra Pradesh,Krishna,Canal,872.26,199.0,5285.0,4609.89
2020-09-19,2020,Kharif,Rice,Andhra Pradesh,Guntur,Canal,434.03,191.0,7212.0,3130.22
2018-08-18,2018,Rabi,Oilseeds,Maharashtra,Nagpur,Rainfed,290.39,157.0,1308.0,379.83
2023-02-17,2023,Rabi,Pulses,Uttar Pradesh,Lucknow,Canal,327.95,116.0,2684.0,880.22
2022-02-13,2022,Kharif,Cotton,Maharashtra,Pune,Rainfed,115.57,140.0,518.0,59.87
2023-05-12,2023,Perennial,Apple,Himachal Pradesh,Shimla,Rainfed,53.96,172.0,13008.0,701.91
2017-06-19,2017,Zaid,Coconut,Kerala,Thrissur,Drip,141.68,185.0,14738.0,2088.08
2020-06-29,2020,Rabi,Potato,West Bengal,Howrah,Canal,30.9,193.0,44174.0,1364.98
2020-01-15,2020,Kharif,Pulses,Rajasthan,Jodhpur,Rainfed,193.7,160.0,1304.0,252.58
2023-01-24,2023,Zaid,Coconut,Karnataka,Belgaum,Canal,343.98,131.0,9281.0,3192.48
2017-04-02,2017,Rabi,Pulses,Madhya Pradesh,Bhopal,Tube Well,796.22,195.0,2693.0,2144.22
2015-09-13,2015,Zaid,Coconut,Tamil Nadu,Chennai,Canal,1090.94,194.0,18282.0,19944.57
2020-11-22,2020,Zaid,Coconut,Tamil Nadu,Coimbatore,Drip,213.88,122.0,6065.0,1297.18
2022-01-21,2022,Perennial,Sugarcane,Maharashtra,Nagpur,Drip,284.81,147.0,122036.0,34757.07
2019-09-21,2019,Rabi,Potato,Punjab,Amritsar,Canal,742.94,171.0,22166.0,16468.01
2020-01-14,2020,Kharif,Cotton,Gujarat,Rajkot,Tube Well,187.05,115.0,1277.0,238.86
2018-07-27,2018,Rabi,Potato,Punjab,Amritsar,Tube Well,761.02,174.0,36532.0,27801.58
2023-07-25,2023,Rabi,Pulses,Maharashtra,Pune,Rainfed,525.21,67.0,1596.0,838.24
2020-12-20,2020,Zaid,Coconut,Kerala,Ernakulam,Rainfed,266.45,122.0,7706.0,2053.26
2024-12-17,2024,Kharif,Cotton,Andhra Pradesh,Chittoor,Canal,988.9,122.0,722.0,713.99
2025-08-15,2025,Kharif,Rice,Odisha,Bhubaneswar,Canal,747.02,153.0,5433.0,4058.56
2019-06-26,2019,Perennial,Sugarcane,Tamil Nadu,Chennai,Tube Well,1086.8,67.0,106367.0,115599.66
2021-09-07,2021,Zaid,Coconut,Kerala,Ernakulam,Rainfed,186.24,65.0,10473.0,1950.49
2020-02-14,2020,Perennial,Sugarcane,Uttar Pradesh,Varanasi,Tube Well,1333.53,185.0,106079.0,141459.53
2016-11-22,2016,Zaid,Coconut,Tamil Nadu,Madurai,Drip,596.25,96.0,8143.0,4855.26
2023-04-28,2023,Rabi,Pulses,Madhya Pradesh,Bhopal,Tube Well,477.25,99.0,1190.0,567.93
2017-05-28,2017,Rabi,Potato,Punjab,Ludhiana,Canal,1345.48,167.0,38430.0,51706.8
2021-06-01,2021,Perennial,Tea,West Bengal,Kolkata,Canal,1037.47,112.0,2432.0,2523.13
2018-11-12,2018,Rabi,Oilseeds,Rajasthan,Jaipur,Rainfed,511.5,175.0,2642.0,1351.38
2018-09-04,2018,Rabi,Potato,Uttar Pradesh,Kanpur,Canal,528.29,110.0,17720.0,9361.3
2020-08-03,2020,Kharif,Maize,Karnataka,Bangalore,Tube Well,543.74,164.0,4264.0,2318.51
2024-08-10,2024,Rabi,Potato,West Bengal,Howrah,Rainfed,680.41,129.0,30590.0,20813.74
2016-06-20,2016,Zaid,Coconut,Kerala,Kozhikode,Drip,664.63,190.0,16779.0,11151.83
2022-10-02,2022,Kharif,Pulses,Maharashtra,Mumbai,Tube Well,858.75,99.0,1616.0,1387.74
2021-11-22,2021,Kharif,Rice,Chhattisgarh,Raipur,Rainfed,262.16,104.0,3362.0,881.38
2024-11-23,2024,Kharif,Oilseeds,Maharashtra,Nagpur,Tube Well,549.07,195.0,4240.0,2328.06
2022-05-01,2022,Kharif,Oilseeds,Maharashtra,Nashik,Drip,75.06,161.0,2162.0,162.28
2025-07-29,2025,Kharif,Pulses,Madhya Pradesh,Bhopal,Tube Well,740.17,166.0,2498.0,1848.94
2022-06-12,2022,Rabi,Wheat,Haryana,Faridabad,Canal,132.49,94.0,2658.0,352.16
2016-01-02,2016,Perennial,Apple,Himachal Pradesh,Shimla,Rainfed,294.17,130.0,14362.0,4224.87
2025-01-11,2025,Rabi,Potato,West Bengal,Darjeeling,Rainfed,960.1,97.0,21450.0,20594.14
2020-06-10,2020,Kharif,Maize,Madhya Pradesh,Bhopal,Tube Well,342.48,89.0,5495.0,1881.93
2022-01-20,2022,Kharif,Maize,Andhra Pradesh,Guntur,Tube Well,962.15,130.0,6829.0,6570.52
2020-07-12,2020,Rabi,Wheat,Haryana,Gurgaon,Tube Well,1127.3,198.0,3182.0,3587.07
2022-04-15,2022,Kharif,Oilseeds,Rajasthan,Jaipur,Tube Well,51.29,82.0,1702.0,87.3
2019-06-06,2019,Perennial,Tea,Kerala,Ernakulam,Rainfed,335.59,86.0,1554.0,521.51
2015-11-13,2015,Rabi,Potato,Uttar Pradesh,Lucknow,Rainfed,1039.63,86.0,21570.0,22424.82
2016-08-17,2016,Zaid,Coconut,Kerala,Thrissur,Drip,343.66,169.0,7980.0,2742.41
2024-04-13,2024,Kharif,Oilseeds,Maharashtra,Nagpur,Rainfed,713.27,127.0,1827.0,1303.14
2022-03-06,2022,Rabi,Wheat,Rajasthan,Udaipur,Rainfed,420.18,108.0,2533.0,1064.32
2024-01-06,2024,Kharif,Maize,Karnataka,Belgaum,Canal,174.84,177.0,7429.0,1298.89
2024-04-12,2024,Perennial,Sugarcane,Uttar Pradesh,Lucknow,Rainfed,623.85,95.0,94141.0,58729.86
2016-11-10,2016,Rabi,Oilseeds,Maharashtra,Mumbai,Tube Well,46.72,109.0,1712.0,79.98
2024-01-25,2024,Kharif,Rice,Odisha,Bhubaneswar,Canal,143.17,61.0,3149.0,450.84
2020-02-19,2020,Kharif,Oilseeds,Rajasthan,Jodhpur,Rainfed,363.46,68.0,2052.0,745.82
2016-02-12,2016,Kharif,Rice,Assam,Tinsukia,Rainfed,463.13,71.0,3152.0,1459.79
2022-01-12,2022,Rabi,Potato,Punjab,Patiala,Canal,227.89,102.0,32275.0,7355.15
2016-08-23,2016,Kharif,Pulses,Uttar Pradesh,Varanasi,Rainfed,1135.87,129.0,1194.0,1356.23
2018-04-12,2018,Rabi,Oilseeds,Rajasthan,Jodhpur,Rainfed,267.36,50.0,1881.0,502.9
2025-04-24,2025,Kharif,Cotton,Andhra Pradesh,Visakhapatnam,Canal,1105.57,78.0,899.0,993.91
2024-08-17,2024,Rabi,Wheat,Punjab,Patiala,Canal,587.62,76.0,3235.0,1900.95
2018-03-30,2018,Perennial,Coffee,Karnataka,Hubli,Tube Well,173.29,88.0,1521.0,263.57
2020-11-08,2020,Zaid,Coconut,Andhra Pradesh,Visakhapatnam,Tube Well,911.98,75.0,12518.0,11416.17
2020-03-21,2020,Zaid,Coconut,Kerala,Thrissur,Drip,458.56,79.0,8770.0,4021.57
2024-03-28,2024,Kharif,Cotton,Maharashtra,Mumbai,Tube Well,508.83,198.0,1339.0,681.32
2018-12-05,2018,Kharif,Oilseeds,Gujarat,Vadodara,Tube Well,433.59,139.0,1839.0,797.37
2025-01-02,2025,Rabi,Potato,West Bengal,Darjeeling,Rainfed,174.34,164.0,28536.0,4974.97
2018-12-30,2018,Kharif,Maize,Karnataka,Hubli,Drip,381.51,173.0,5987.0,2284.1
2017-07-02,2017,Rabi,Potato,Punjab,Amritsar,Tube Well,53.72,150.0,18518.0,994.79
2017-12-03,2017,Kharif,Oilseeds,Maharashtra,Nashik,Rainfed,658.1,156.0,3141.0,2067.09
2022-07-03,2022,Kharif,Cotton,Gujarat,Rajkot,Rainfed,1077.1,145.0,790.0,850.91
2019-11-12,2019,Kharif,Rice,Andhra Pradesh,Krishna,Rainfed,956.44,147.0,4224.0,4040.0
2015-05-28,2015,Perennial,Apple,Himachal Pradesh,Mandi,Rainfed,23.98,189.0,15059.0,361.11
2017-03-17,2017,Kharif,Pulses,Rajasthan,Udaipur,Tube Well,618.07,78.0,1971.0,1218.22
2021-08-15,2021,Rabi,Oilseeds,Gujarat,Rajkot,Tube Well,548.27,91.0,2650.0,1452.92
2022-07-31,2022,Kharif,Maize,Karnataka,Mysore,Tube Well,218.07,64.0,4865.0,1060.91
2020-10-21,2020,Rabi,Wheat,Haryana,Gurgaon,Tube Well,1055.85,176.0,5525.0,5833.57
2018-12-24,2018,Kharif,Pulses,Maharashtra,Nagpur,Drip,426.51,117.0,1361.0,580.48
2022-08-27,2022,Perennial,Tea,Assam,Dibrugarh,Rainfed,210.12,186.0,2663.0,559.55
2016-03-18,2016,Perennial,Tea,Assam,Dibrugarh,Rainfed,137.44,112.0,2089.0,287.11
2023-06-23,2023,Kharif,Cotton,Telangana,Nizamabad,Canal,443.09,116.0,1164.0,515.76
2016-02-03,2016,Perennial,Tea,Kerala,Kozhikode,Rainfed,83.78,117.0,1518.0,127.18
2018-02-25,2018,Perennial,Apple,Jammu and Kashmir,Srinagar,Rainfed,316.39,142.0,6884.0,2178.03
2024-05-01,2024,Perennial,Sugarcane,Uttar Pradesh,Kanpur,Tube Well,711.31,165.0,102068.0,72601.99
2021-12-04,2021,Perennial,Coffee,Karnataka,Hubli,Drip,497.2,103.0,1775.0,882.53
2025-10-18,2025,Kharif,Maize,Andhra Pradesh,Guntur,Rainfed,12.21,145.0,5608.0,68.47
2024-01-13,2024,Rabi,Pulses,Madhya Pradesh,Bhopal,Tube Well,656.11,81.0,1923.0,1261.7
2021-07-12,2021,Kharif,Rice,Andhra Pradesh,Chittoor,Canal,596.48,133.0,6965.0,4154.48
2021-06-25,2021,Kharif,Rice,West Bengal,Darjeeling,Rainfed,489.49,132.0,5152.0,2521.85
2019-09-04,2019,Perennial,Apple,Jammu and Kashmir,Srinagar,Rainfed,306.94,183.0,10255.0,3147.67
2024-07-14,2024,Kharif,Maize,Bihar,Gaya,Canal,72.27,184.0,5444.0,393.44
2020-08-08,2020,Zaid,Coconut,Kerala,Ernakulam,Rainfed,299.68,123.0,7953.0,2383.36
2019-07-29,2019,Perennial,Sugarcane,Uttar Pradesh,Varanasi,Tube Well,867.84,54.0,106912.0,92782.51
2019-05-01,2019,Perennial,Sugarcane,Maharashtra,Pune,Rainfed,604.15,177.0,82307.0,49725.77
2016-05-21,2016,Perennial,Coffee,Kerala,Thrissur,Rainfed,153.49,50.0,752.0,115.42
2022-06-12,2022,Kharif,Rice,Bihar,Patna,Tube Well,306.28,122.0,5557.0,1702.0
2025-02-10,2025,Kharif,Rice,West Bengal,Kolkata,Canal,337.22,53.0,4769.0,1608.2
2016-04-09,2016,Rabi,Wheat,Bihar,Patna,Canal,992.05,103.0,5226.0,5184.45
2024-08-12,2024,Kharif,Pulses,Rajasthan,Jaipur,Tube Well,235.08,146.0,2000.0,470.16
2016-05-05,2016,Kharif,Maize,Maharashtra,Pune,Rainfed,274.68,106.0,5907.0,1622.53
2025-03-13,2025,Kharif,Pulses,Rajasthan,Jaipur,Tube Well,577.62,189.0,1689.0,975.6
2023-11-11,2023,Zaid,Coconut,Andhra Pradesh,Krishna,Canal,511.19,146.0,15618.0,7983.77
2020-10-30,2020,Rabi,Pulses,Maharashtra,Pune,Rainfed,582.58,147.0,1312.0,764.34
2019-07-08,2019,Kharif,Pulses,Maharashtra,Pune,Rainfed,718.07,106.0,1773.0,1273.14
2020-04-11,2020,Rabi,Oilseeds,Maharashtra,Nashik,Drip,778.44,56.0,3608.0,2808.61
2019-06-26,2019,Kharif,Rice,Bihar,Patna,Rainfed,594.65,161.0,4256.0,2530.83
2019-07-16,2019,Kharif,Maize,Andhra Pradesh,Chittoor,Rainfed,51.05,157.0,5666.0,289.25
2022-09-11,2022,Zaid,Coconut,Tamil Nadu,Coimbatore,Canal,902.54,130.0,16243.0,14659.96
2019-01-20,2019,Rabi,Oilseeds,Gujarat,Ahmedabad,Tube Well,241.87,112.0,2262.0,547.11
2017-05-31,2017,Zaid,Coconut,Tamil Nadu,Chennai,Tube Well,328.65,131.0,10814.0,3554.02
2025-08-07,2025,Kharif,Cotton,Andhra Pradesh,Chittoor,Tube Well,216.38,162.0,1575.0,340.8
2017-02-23,2017,Perennial,Apple,Himachal Pradesh,Mandi,Rainfed,385.87,157.0,12814.0,4944.54
2024-08-25,2024,Rabi,Pulses,Maharashtra,Pune,Tube Well,762.92,149.0,2546.0,1942.39
2024-10-03,2024,Rabi,Wheat,Madhya Pradesh,Bhopal,Tube Well,606.68,186.0,4734.0,2872.02
2016-03-10,2016,Rabi,Potato,Bihar,Purnia,Rainfed,656.86,141.0,26377.0,17326.0
2019-01-15,2019,Perennial,Tea,West Bengal,Darjeeling,Canal,123.53,52.0,1228.0,151.69
2022-11-07,2022,Rabi,Pulses,Rajasthan,Udaipur,Tube Well,218.03,143.0,1647.0,359.1
2019-12-09,2019,Rabi,Pulses,Rajasthan,Jodhpur,Tube Well,360.01,142.0,2348.0,845.3
2024-02-17,2024,Perennial,Coffee,Karnataka,Hubli,Drip,342.39,60.0,1153.0,394.78
2025-01-16,2025,Zaid,Coconut,Karnataka,Belgaum,Drip,235.96,114.0,9733.0,2296.6
2022-11-27,2022,Rabi,Potato,Punjab,Patiala,Tube Well,1306.02,148.0,39929.0,52148.07
2022-10-18,2022,Zaid,Coconut,Karnataka,Bangalore,Tube Well,825.08,156.0,11736.0,9683.14
2017-07-20,2017,Kharif,Rice,Tamil Nadu,Chennai,Drip,386.29,184.0,4085.0,1577.99
2025-07-26,2025,Kharif,Maize,Bihar,Muzaffarpur,Rainfed,767.36,176.0,4977.0,3819.15
2020-07-04,2020,Rabi,Potato,Punjab,Ludhiana,Canal,945.03,67.0,25279.0,23889.41
2019-11-05,2019,Perennial,Apple,Himachal Pradesh,Shimla,Rainfed,11.86,141.0,15837.0,187.83
2018-08-11,2018,Perennial,Sugarcane,Uttar Pradesh,Varanasi,Canal,576.59,139.0,121444.0,70023.4
2020-09-20,2020,Kharif,Pulses,Uttar Pradesh,Varanasi,Canal,442.83,96.0,1865.0,825.88
2019-10-29,2019,Rabi,Potato,Uttar Pradesh,Kanpur,Canal,334.68,78.0,23620.0,7905.14
2024-07-29,2024,Kharif,Rice,Odisha,Bhubaneswar,Canal,233.91,80.0,6038.0,1412.35
2022-03-20,2022,Perennial,Coffee,Tamil Nadu,Madurai,Canal,1037.18,77.0,1449.0,1502.87
2024-04-02,2024,Perennial,Coffee,Karnataka,Mysore,Tube Well,540.09,171.0,1223.0,660.53
2023-06-05,2023,Rabi,Potato,Punjab,Amritsar,Canal,1273.09,72.0,24170.0,30770.59
2023-03-10,2023,Perennial,Sugarcane,Uttar Pradesh,Lucknow,Rainfed,329.18,90.0,62117.0,20447.67
2023-07-01,2023,Zaid,Coconut,Tamil Nadu,Chennai,Tube Well,200.1,83.0,14323.0,2866.03
2016-11-10,2016,Rabi,Wheat,Punjab,Patiala,Canal,1334.3,157.0,4959.0,6616.79
2024-04-03,2024,Kharif,Oilseeds,Maharashtra,Nagpur,Rainfed,649.46,74.0,1683.0,1093.04
2021-12-30,2021,Rabi,Wheat,Madhya Pradesh,Bhopal,Rainfed,717.17,54.0,2147.0,1539.76
2024-02-23,2024,Rabi,Potato,Uttar Pradesh,Kanpur,Tube Well,103.91,106.0,17315.0,1799.2
2017-08-22,2017,Rabi,Pulses,Uttar Pradesh,Kanpur,Rainfed,1375.49,96.0,1350.0,1856.91
2021-03-23,2021,Kharif,Oilseeds,Gujarat,Rajkot,Rainfed,504.38,110.0,1951.0,984.05
2018-11-04,2018,Perennial,Coffee,Karnataka,Bangalore,Drip,179.35,163.0,1407.0,252.35
2017-06-10,2017,Kharif,Maize,Bihar,Muzaffarpur,Tube Well,686.55,52.0,6414.0,4403.53
2016-08-30,2016,Rabi,Wheat,Punjab,Patiala,Canal,1197.38,56.0,4807.0,5755.81
2018-10-21,2018,Rabi,Oilseeds,Gujarat,Vadodara,Tube Well,66.38,88.0,2116.0,140.46
2022-12-31,2022,Rabi,Wheat,Punjab,Patiala,Tube Well,1480.92,183.0,3770.0,5583.07
2017-12-25,2017,Rabi,Oilseeds,Gujarat,Ahmedabad,Rainfed,839.46,75.0,2401.0,2015.54
2024-02-13,2024,Kharif,Rice,Assam,Tinsukia,Rainfed,263.91,200.0,3919.0,1034.26
2018-09-23,2018,Kharif,Rice,Assam,Tinsukia,Rainfed,129.52,171.0,2965.0,384.03
2024-02-21,2024,Rabi,Pulses,Maharashtra,Pune,Rainfed,516.37,118.0,1040.0,537.02
2016-06-16,2016,Rabi,Pulses,Madhya Pradesh,Bhopal,Tube Well,184.25,162.0,1600.0,294.8
2023-12-15,2023,Kharif,Pulses,Rajasthan,Jodhpur,Tube Well,350.97,128.0,1066.0,374.13
2020-03-28,2020,Zaid,Coconut,Kerala,Ernakulam,Rainfed,627.7,135.0,12143.0,7622.16
2016-07-25,2016,Rabi,Pulses,Maharashtra,Nashik,Tube Well,861.57,137.0,1777.0,1531.01
2023-06-06,2023,Rabi,Pulses,Rajasthan,Jodhpur,Tube Well,310.8,147.0,1235.0,383.84
2022-10-20,2022,Perennial,Coffee,Karnataka,Bangalore,Tube Well,139.65,59.0,778.0,108.65
2016-02-09,2016,Kharif,Pulses,Uttar Pradesh,Lucknow,Rainfed,1436.16,142.0,1266.0,1818.18
2023-08-22,2023,Kharif,Maize,Bihar,Muzaffarpur,Tube Well,277.67,158.0,6510.0,1807.63
2017-07-17,2017,Zaid,Coconut,Karnataka,Mysore,Drip,312.84,97.0,13169.0,4119.79
2021-09-04,2021,Rabi,Oilseeds,Maharashtra,Mumbai,Drip,842.7,197.0,2613.0,2201.98
2019-02-17,2019,Rabi,Oilseeds,Maharashtra,Mumbai,Drip,1003.96,72.0,3804.0,3819.06
2017-11-14,2017,Perennial,Sugarcane,Karnataka,Bangalore,Tube Well,1082.73,187.0,128952.0,139620.2
2024-06-21,2024,Perennial,Coffee,Karnataka,Belgaum,Tube Well,1066.39,151.0,1833.0,1954.69
2021-03-19,2021,Perennial,Apple,Jammu and Kashmir,Srinagar,Rainfed,366.37,150.0,8895.0,3258.86
2018-07-17,2018,Rabi,Wheat,Punjab,Ludhiana,Canal,658.62,181.0,4183.0,2755.01
2016-12-01,2016,Rabi,Oilseeds,Rajasthan,Udaipur,Rainfed,125.0,175.0,2336.0,292.0
2018-05-26,2018,Rabi,Pulses,Maharashtra,Pune,Drip,763.97,102.0,1852.0,1414.87
2022-06-02,2022,Kharif,Cotton,Gujarat,Surat,Rainfed,30.54,156.0,663.0,20.25
2022-12-22,2022,Rabi,Wheat,Bihar,Purnia,Rainfed,204.29,58.0,3653.0,746.27
2023-05-03,2023,Kharif,Maize,Madhya Pradesh,Bhopal,Tube Well,12.0,120.0,7270.0,87.24
2016-03-15,2016,Perennial,Tea,Assam,Tinsukia,Rainfed,152.62,191.0,1566.0,239.0
2024-09-20,2024,Rabi,Potato,Punjab,Ludhiana,Canal,717.39,91.0,36158.0,25939.39
2021-02-09,2021,Rabi,Wheat,Punjab,Amritsar,Tube Well,596.05,57.0,3701.0,2205.98
2021-11-14,2021,Kharif,Cotton,Andhra Pradesh,Krishna,Rainfed,449.46,137.0,433.0,194.62
2020-11-28,2020,Kharif,Pulses,Rajasthan,Jodhpur,Rainfed,583.36,103.0,1210.0,705.87
2024-07-28,2024,Kharif,Rice,Uttar Pradesh,Kanpur,Rainfed,1015.74,107.0,2083.0,2115.79
2015-12-05,2015,Rabi,Wheat,Uttar Pradesh,Kanpur,Canal,1405.28,137.0,3065.0,4307.18
2021-08-12,2021,Kharif,Rice,Bihar,Gaya,Canal,450.89,143.0,3611.0,1628.16
2017-10-21,2017,Rabi,Pulses,Madhya Pradesh,Bhopal,Tube Well,225.06,116.0,1798.0,404.66
2025-04-01,2025,Perennial,Sugarcane,Tamil Nadu,Madurai,Canal,143.73,126.0,95475.0,13722.62
2023-05-22,2023,Perennial,Sugarcane,Uttar Pradesh,Lucknow,Rainfed,1011.32,199.0,67113.0,67872.72
2017-04-02,2017,Rabi,Wheat,Rajasthan,Jaipur,Rainfed,590.8,194.0,3233.0,1910.06
2016-02-24,2016,Kharif,Rice,Uttar Pradesh,Lucknow,Canal,283.77,156.0,4237.0,1202.33
2016-09-29,2016,Perennial,Apple,Jammu and Kashmir,Srinagar,Rainfed,352.71,74.0,8585.0,3028.02
2021-11-27,2021,Perennial,Tea,West Bengal,Kolkata,Rainfed,583.64,104.0,1255.0,732.47
2019-02-08,2019,Kharif,Rice,Odisha,Bhubaneswar,Rainfed,138.23,182.0,4356.0,602.13
2018-12-09,2018,Zaid,Coconut,Kerala,Thrissur,Drip,517.86,114.0,6142.0,3180.7
2015-08-29,2015,Kharif,Oilseeds,Maharashtra,Nagpur,Drip,680.87,193.0,2855.0,1943.88
2017-12-01,2017,Perennial,Sugarcane,Tamil Nadu,Madurai,Drip,40.72,123.0,135721.0,5526.56
2018-10-20,2018,Perennial,Sugarcane,Tamil Nadu,Chennai,Tube Well,445.18,179.0,102692.0,45716.42
2020-01-20,2020,Kharif,Oilseeds,Maharashtra,Pune,Rainfed,1022.38,55.0,1711.0,1749.29
2023-12-18,2023,Perennial,Sugarcane,Maharashtra,Nashik,Rainfed,726.5,115.0,54308.0,39454.76
2019-08-21,2019,Rabi,Potato,West Bengal,Howrah,Rainfed,317.42,155.0,24075.0,7641.89
2025-08-01,2025,Perennial,Coffee,Kerala,Kozhikode,Drip,743.63,180.0,2262.0,1682.09
2024-02-16,2024,Rabi,Oilseeds,Gujarat,Surat,Tube Well,292.96,141.0,2152.0,630.45
2025-09-20,2025,Perennial,Sugarcane,Karnataka,Hubli,Tube Well,285.48,76.0,84278.0,24059.68
2021-10-22,2021,Kharif,Oilseeds,Gujarat,Rajkot,Rainfed,432.02,183.0,2480.0,1071.41
2025-06-22,2025,Kharif,Maize,Telangana,Nizamabad,Canal,806.14,136.0,4612.0,3717.92
2016-09-23,2016,Kharif,Pulses,Madhya Pradesh,Bhopal,Rainfed,411.02,66.0,1802.0,740.66
2022-05-08,2022,Perennial,Tea,Assam,Kamrup,Rainfed,548.92,120.0,1746.0,958.41
2016-05-15,2016,Perennial,Tea,Kerala,Thrissur,Drip,781.25,155.0,1774.0,1385.94
2019-07-20,2019,Perennial,Tea,West Bengal,Darjeeling,Rainfed,863.79,118.0,1537.0,1327.65
2020-09-30,2020,Perennial,Tea,West Bengal,Darjeeling,Canal,198.13,181.0,2364.0,468.38
2015-09-11,2015,Kharif,Rice,Uttar Pradesh,Varanasi,Tube Well,1184.65,114.0,3938.0,4665.15
2024-10-23,2024,Kharif,Cotton,Maharashtra,Nashik,Tube Well,975.35,138.0,1291.0,1259.18
2019-05-18,2019,Kharif,Oilseeds,Madhya Pradesh,Bhopal,Rainfed,193.77,82.0,1619.0,313.71
2022-12-07,2022,Kharif,Oilseeds,Rajasthan,Udaipur,Tube Well,234.49,127.0,2187.0,512.83
2024-05-20,2024,Kharif,Maize,Bihar,Purnia,Tube Well,713.03,83.0,4862.0,3466.75
2024-04-12,2024,Rabi,Oilseeds,Madhya Pradesh,Bhopal,Rainfed,198.33,84.0,2457.0,487.3
2020-10-15,2020,Kharif,Maize,Karnataka,Hubli,Canal,236.92,92.0,5106.0,1209.71
2019-11-26,2019,Kharif,Oilseeds,Maharashtra,Nagpur,Tube Well,917.48,57.0,1199.0,1100.06
2025-07-18,2025,Kharif,Maize,Karnataka,Hubli,Tube Well,969.85,74.0,4937.0,4788.15
2022-04-22,2022,Kharif,Oilseeds,Maharashtra,Nashik,Rainfed,106.77,114.0,1580.0,168.7
2024-09-07,2024,Perennial,Sugarcane,Karnataka,Mysore,Drip,496.04,70.0,124086.0,61551.62
2018-10-18,2018,Zaid,Coconut,Karnataka,Belgaum,Drip,671.82,70.0,10170.0,6832.41
2025-01-24,2025,Perennial,Apple,Jammu and Kashmir,Srinagar,Rainfed,273.75,195.0,8528.0,2334.54
2022-08-10,2022,Rabi,Pulses,Madhya Pradesh,Bhopal,Tube Well,796.99,114.0,2566.0,2045.08
2020-01-05,2020,Kharif,Oilseeds,Rajasthan,Udaipur,Rainfed,481.06,111.0,1508.0,725.44
2021-01-25,2021,Zaid,Coconut,Kerala,Thrissur,Rainfed,499.92,90.0,9821.0,4909.71
2025-09-02,2025,Kharif,Maize,Telangana,Hyderabad,Canal,890.86,127.0,6853.0,6105.06
2019-10-06,2019,Kharif,Cotton,Telangana,Hyderabad,Rainfed,63.99,139.0,816.0,52.22
2022-06-06,2022,Kharif,Pulses,Uttar Pradesh,Varanasi,Rainfed,120.91,113.0,1304.0,157.67
2015-08-07,2015,Kharif,Rice,Assam,Dibrugarh,Rainfed,452.94,109.0,4646.0,2104.36
2024-06-30,2024,Kharif,Rice,Punjab,Amritsar,Tube Well,544.41,155.0,4766.0,2594.66
2022-01-31,2022,Kharif,Maize,Bihar,Purnia,Rainfed,105.73,192.0,4768.0,504.12
2020-05-31,2020,Rabi,Wheat,Punjab,Patiala,Canal,466.61,182.0,4108.0,1916.83
2016-04-03,2016,Kharif,Cotton,Gujarat,Vadodara,Rainfed,812.48,68.0,579.0,470.43
2019-03-07,2019,Kharif,Pulses,Madhya Pradesh,Bhopal,Tube Well,705.69,148.0,1775.0,1252.6
2019-12-28,2019,Perennial,Sugarcane,Tamil Nadu,Chennai,Drip,112.81,51.0,70135.0,7911.93
2018-05-25,2018,Kharif,Pulses,Uttar Pradesh,Kanpur,Rainfed,814.82,145.0,940.0,765.93
2016-09-02,2016,Kharif,Rice,Andhra Pradesh,Krishna,Tube Well,362.38,120.0,4752.0,1722.03
2021-07-22,2021,Perennial,Apple,Himachal Pradesh,Kangra,Rainfed,336.99,124.0,9859.0,3322.38
2021-11-28,2021,Kharif,Rice,Uttar Pradesh,Varanasi,Tube Well,828.68,138.0,3408.0,2824.14
2017-03-28,2017,Kharif,Maize,Bihar,Purnia,Tube Well,927.44,161.0,4666.0,4327.44
2020-04-10,2020,Rabi,Potato,Bihar,Purnia,Rainfed,47.31,159.0,14103.0,667.21
2018-04-22,2018,Kharif,Cotton,Gujarat,Ahmedabad,Rainfed,569.34,57.0,595.0,338.76
2016-01-07,2016,Rabi,Potato,Uttar Pradesh,Varanasi,Tube Well,297.21,160.0,26699.0,7935.21
2021-02-12,2021,Perennial,Sugarcane,Tamil Nadu,Chennai,Tube Well,595.09,174.0,85635.0,50960.53
2021-07-18,2021,Kharif,Rice,Andhra Pradesh,Chittoor,Tube Well,1025.76,60.0,5005.0,5133.93
2019-03-21,2019,Rabi,Wheat,Uttar Pradesh,Varanasi,Canal,1367.86,98.0,3139.0,4293.71
2020-04-11,2020,Rabi,Wheat,Madhya Pradesh,Bhopal,Rainfed,324.6,169.0,2505.0,813.12
2022-03-11,2022,Kharif,Pulses,Rajasthan,Udaipur,Tube Well,570.13,124.0,2632.0,1500.58
2019-08-06,2019,Rabi,Oilseeds,Rajasthan,Jaipur,Rainfed,203.55,154.0,2061.0,419.52
2024-02-13,2024,Kharif,Cotton,Telangana,Warangal,Canal,15.61,125.0,740.0,11.55
2024-11-24,2024,Rabi,Pulses,Maharashtra,Mumbai,Tube Well,1113.26,197.0,2788.0,3103.77
2021-08-11,2021,Kharif,Pulses,Maharashtra,Pune,Drip,164.04,190.0,1724.0,282.8
2016-04-25,2016,Rabi,Pulses,Maharashtra,Pune,Drip,32.72,92.0,2589.0,84.71
2019-10-06,2019,Kharif,Maize,Madhya Pradesh,Bhopal,Rainfed,289.5,108.0,3372.0,976.19
2018-09-15,2018,Perennial,Coffee,Tamil Nadu,Madurai,Drip,423.52,115.0,1895.0,802.57
2022-07-22,2022,Kharif,Maize,Andhra Pradesh,Krishna,Rainfed,101.89,66.0,3300.0,336.24
2023-11-07,2023,Rabi,Potato,Bihar,Patna,Rainfed,816.04,111.0,29049.0,23705.15
2017-07-18,2017,Rabi,Wheat,Haryana,Karnal,Tube Well,573.77,166.0,4461.0,2559.59
2024-10-20,2024,Zaid,Coconut,Andhra Pradesh,Guntur,Rainfed,593.01,177.0,6229.0,3693.86
2023-02-06,2023,Rabi,Pulses,Uttar Pradesh,Kanpur,Tube Well,404.29,183.0,2641.0,1067.73
2016-04-27,2016,Rabi,Oilseeds,Maharashtra,Mumbai,Tube Well,669.84,52.0,2057.0,1377.86
2016-03-29,2016,Zaid,Coconut,Karnataka,Hubli,Drip,845.74,168.0,15238.0,12887.39
2018-03-14,2018,Perennial,Sugarcane,Maharashtra,Pune,Tube Well,1178.98,125.0,108673.0,128123.29
2017-10-23,2017,Kharif,Maize,Maharashtra,Pune,Tube Well,1261.98,81.0,6281.0,7926.5
2018-06-19,2018,Rabi,Oilseeds,Rajasthan,Jodhpur,Tube Well,304.44,125.0,2232.0,679.51
2015-07-17,2015,Perennial,Coffee,Tamil Nadu,Coimbatore,Drip,1089.14,177.0,2255.0,2456.01
2017-08-26,2017,Perennial,Tea,West Bengal,Howrah,Canal,331.5,115.0,2495.0,827.09
2025-09-13,2025,Perennial,Sugarcane,Tamil Nadu,Madurai,Tube Well,17.6,199.0,80424.0,1415.46
2024-01-20,2024,Kharif,Oilseeds,Maharashtra,Pune,Drip,1000.23,143.0,1680.0,1680.39
2017-03-30,2017,Kharif,Oilseeds,Maharashtra,Nagpur,Drip,240.18,123.0,3548.0,852.16
2024-06-22,2024,Rabi,Wheat,Haryana,Karnal,Canal,82.91,94.0,4831.0,400.54
2022-01-07,2022,Zaid,Coconut,Tamil Nadu,Chennai,Canal,1017.17,52.0,11521.0,11718.82
2019-04-30,2019,Rabi,Pulses,Maharashtra,Pune,Rainfed,1031.44,142.0,1207.0,1244.95
2021-01-23,2021,Rabi,Potato,Punjab,Amritsar,Canal,162.97,137.0,20453.0,3333.23
2015-03-13,2015,Perennial,Apple,Jammu and Kashmir,Srinagar,Rainfed,312.99,128.0,11085.0,3469.49
2016-01-09,2016,Kharif,Cotton,Maharashtra,Nagpur,Rainfed,1098.76,131.0,583.0,640.58
2021-05-12,2021,Perennial,Tea,West Bengal,Howrah,Canal,996.78,177.0,2361.0,2353.4
2019-04-23,2019,Rabi,Pulses,Uttar Pradesh,Varanasi,Rainfed,820.1,98.0,1533.0,1257.21
2019-02-24,2019,Kharif,Oilseeds,Maharashtra,Nagpur,Tube Well,917.4,133.0,2105.0,1931.13
2023-01-03,2023,Rabi,Wheat,Haryana,Hisar,Canal,1069.51,152.0,3974.0,4250.23
2017-09-09,2017,Zaid,Coconut,Karnataka,Belgaum,Canal,760.62,81.0,8773.0,6672.92
2016-09-13,2016,Kharif,Rice,Bihar,Purnia,Tube Well,650.37,189.0,4970.0,3232.34
2022-04-06,2022,Kharif,Pulses,Rajasthan,Udaipur,Tube Well,387.82,161.0,2261.0,876.86
2025-07-09,2025,Perennial,Tea,Kerala,Thrissur,Drip,388.56,58.0,2760.0,1072.43
2023-09-03,2023,Kharif,Maize,Maharashtra,Nagpur,Drip,1295.0,180.0,7868.0,10189.06
2021-06-16,2021,Rabi,Wheat,Haryana,Faridabad,Tube Well,479.21,189.0,3016.0,1445.3
2016-05-06,2016,Rabi,Wheat,Haryana,Gurgaon,Tube Well,132.69,169.0,5401.0,716.66
2021-06-13,2021,Rabi,Oilseeds,Maharashtra,Mumbai,Drip,996.9,114.0,3049.0,3039.55
2020-05-26,2020,Rabi,Wheat,Punjab,Amritsar,Canal,328.6,199.0,5982.0,1965.69
2023-07-03,2023,Kharif,Pulses,Madhya Pradesh,Bhopal,Tube Well,430.83,69.0,2336.0,1006.42
2018-12-23,2018,Rabi,Potato,Punjab,Amritsar,Canal,152.74,130.0,26945.0,4115.58
2023-11-12,2023,Kharif,Maize,Telangana,Warangal,Rainfed,561.16,76.0,5443.0,3054.39
2018-06-17,2018,Rabi,Potato,Bihar,Patna,Rainfed,944.57,116.0,17633.0,16655.6
2022-06-16,2022,Kharif,Oilseeds,Gujarat,Surat,Tube Well,870.02,189.0,2235.0,1944.49
2017-07-22,2017,Rabi,Pulses,Rajasthan,Udaipur,Rainfed,158.03,169.0,990.0,156.45
2024-06-24,2024,Kharif,Pulses,Madhya Pradesh,Bhopal,Rainfed,777.2,167.0,1491.0,1158.81
2017-07-14,2017,Kharif,Maize,Karnataka,Belgaum,Canal,344.72,103.0,6724.0,2317.9
2016-05-25,2016,Kharif,Cotton,Andhra Pradesh,Krishna,Tube Well,529.57,190.0,1739.0,920.92
2016-10-30,2016,Kharif,Rice,Punjab,Patiala,Tube Well,752.19,105.0,4549.0,3421.71
2018-09-05,2018,Perennial,Sugarcane,Karnataka,Bangalore,Tube Well,1089.88,56.0,100929.0,110000.5
2024-06-15,2024,Kharif,Rice,Tamil Nadu,Chennai,Drip,85.09,146.0,6986.0,594.44
2020-05-23,2020,Perennial,Tea,Assam,Cachar,Rainfed,560.42,104.0,1810.0,1014.36
2023-06-29,2023,Perennial,Coffee,Karnataka,Belgaum,Tube Well,404.5,73.0,802.0,324.41
2018-05-09,2018,Rabi,Pulses,Uttar Pradesh,Varanasi,Canal,126.7,190.0,2792.0,353.75
2024-04-01,2024,Kharif,Maize,Telangana,Warangal,Tube Well,842.18,146.0,6474.0,5452.27
2025-07-19,2025,Kharif,Rice,Andhra Pradesh,Guntur,Rainfed,711.93,191.0,4933.0,3511.95
2023-02-06,2023,Zaid,Coconut,Karnataka,Belgaum,Tube Well,831.33,137.0,12512.0,10401.6
2017-12-21,2017,Kharif,Pulses,Maharashtra,Mumbai,Tube Well,320.1,60.0,1024.0,327.78
2020-11-07,2020,Kharif,Rice,Assam,Dibrugarh,Rainfed,611.62,54.0,2275.0,1391.44
2018-04-19,2018,Rabi,Wheat,Punjab,Patiala,Tube Well,1244.43,185.0,3757.0,4675.32
2019-09-25,2019,Perennial,Tea,Assam,Cachar,Rainfed,350.36,56.0,1300.0,455.47
2021-11-10,2021,Zaid,Coconut,Karnataka,Hubli,Canal,633.43,142.0,15222.0,9642.07
2019-03-01,2019,Kharif,Pulses,Madhya Pradesh,Bhopal,Tube Well,777.78,95.0,1903.0,1480.12
2019-03-03,2019,Rabi,Oilseeds,Maharashtra,Nagpur,Tube Well,1102.28,153.0,1618.0,1783.49
2021-06-24,2021,Kharif,Oilseeds,Madhya Pradesh,Bhopal,Rainfed,361.43,93.0,1734.0,626.72
2016-06-11,2016,Kharif,Cotton,Gujarat,Vadodara,Rainfed,800.84,56.0,770.0,616.65
2024-09-30,2024,Perennial,Apple,Jammu and Kashmir,Srinagar,Rainfed,315.85,160.0,8252.0,2606.39
2020-04-09,2020,Kharif,Rice,Odisha,Bhubaneswar,Canal,31.65,97.0,2782.0,88.05
2024-10-24,2024,Kharif,Cotton,Andhra Pradesh,Visakhapatnam,Rainfed,710.16,133.0,739.0,524.81
2019-07-15,2019,Kharif,Rice,Punjab,Amritsar,Canal,1476.95,166.0,5002.0,7387.7
2018-06-21,2018,Perennial,Tea,Assam,Dibrugarh,Rainfed,758.27,155.0,2567.0,1946.48
2025-02-28,2025,Zaid,Coconut,Andhra Pradesh,Visakhapatnam,Tube Well,1000.6,102.0,14304.0,14312.58
2023-02-06,2023,Rabi,Wheat,Madhya Pradesh,Bhopal,Rainfed,93.91,162.0,3306.0,310.47
2017-12-05,2017,Zaid,Coconut,Karnataka,Belgaum,Canal,1093.51,189.0,11919.0,13033.55
2022-08-19,2022,Kharif,Maize,Karnataka,Bangalore,Tube Well,674.4,141.0,6690.0,4511.74
2019-02-07,2019,Rabi,Wheat,Punjab,Patiala,Tube Well,342.13,156.0,3507.0,1199.85
2025-03-24,2025,Kharif,Cotton,Gujarat,Ahmedabad,Tube Well,812.38,180.0,911.0,740.08
2024-12-07,2024,Kharif,Oilseeds,Gujarat,Ahmedabad,Tube Well,1029.26,177.0,1449.0,1491.4
2019-03-15,2019,Rabi,Pulses,Uttar Pradesh,Varanasi,Tube Well,177.37,103.0,1137.0,201.67
2018-03-23,2018,Perennial,Coffee,Kerala,Kozhikode,Rainfed,733.99,199.0,793.0,582.05
2021-02-24,2021,Kharif,Cotton,Maharashtra,Nagpur,Tube Well,1197.06,54.0,1058.0,1266.49
2019-12-29,2019,Kharif,Maize,Andhra Pradesh,Chittoor,Tube Well,26.02,198.0,5422.0,141.08
2023-10-29,2023,Kharif,Pulses,Madhya Pradesh,Bhopal,Tube Well,721.25,87.0,1172.0,845.3
2020-09-10,2020,Kharif,Maize,Bihar,Gaya,Rainfed,947.35,116.0,4940.0,4679.91
2025-07-06,2025,Perennial,Sugarcane,Tamil Nadu,Chennai,Canal,51.08,183.0,125467.0,6408.85
2024-07-14,2024,Rabi,Wheat,Bihar,Patna,Rainfed,301.22,87.0,2049.0,617.2
2016-04-21,2016,Rabi,Pulses,Rajasthan,Jaipur,Rainfed,267.44,84.0,1660.0,443.95
2022-02-25,2022,Zaid,Coconut,Andhra Pradesh,Visakhapatnam,Tube Well,425.18,146.0,12131.0,5157.86
2024-03-06,2024,Kharif,Maize,Bihar,Gaya,Rainfed,761.41,156.0,4572.0,3481.17
2022-07-12,2022,Rabi,Wheat,Rajasthan,Jaipur,Tube Well,257.09,51.0,4570.0,1174.9
2016-08-20,2016,Rabi,Wheat,Uttar Pradesh,Lucknow,Canal,1435.3,118.0,2754.0,3952.82
2017-05-05,2017,Rabi,Pulses,Maharashtra,Nashik,Drip,1293.54,123.0,2083.0,2694.44
2019-01-10,2019,Perennial,Apple,Himachal Pradesh,Shimla,Rainfed,165.24,91.0,6424.0,1061.5
2023-02-04,2023,Zaid,Coconut,Tamil Nadu,Coimbatore,Canal,564.59,132.0,9267.0,5232.06
2018-04-05,2018,Kharif,Cotton,Telangana,Hyderabad,Tube Well,506.36,73.0,609.0,308.37
2019-07-21,2019,Perennial,Sugarcane,Maharashtra,Mumbai,Drip,757.43,99.0,114481.0,86711.34
2017-11-01,2017,Kharif,Rice,Bihar,Gaya,Canal,380.47,157.0,4669.0,1776.41
2019-03-04,2019,Kharif,Pulses,Uttar Pradesh,Varanasi,Canal,257.33,181.0,3004.0,773.02
2023-10-08,2023,Kharif,Pulses,Rajasthan,Udaipur,Tube Well,47.65,138.0,2143.0,102.11
2018-10-09,2018,Kharif,Pulses,Uttar Pradesh,Varanasi,Canal,168.46,61.0,2331.0,392.68
2016-03-13,2016,Rabi,Pulses,Uttar Pradesh,Kanpur,Tube Well,1352.92,152.0,1508.0,2040.2
2017-12-10,2017,Rabi,Wheat,Bihar,Purnia,Rainfed,287.57,185.0,3015.0,867.02
2024-11-06,2024,Perennial,Sugarcane,Karnataka,Belgaum,Canal,93.74,126.0,94189.0,8829.28
2022-10-30,2022,Rabi,Oilseeds,Maharashtra,Nagpur,Drip,814.35,124.0,3842.0,3128.73
2018-10-25,2018,Rabi,Wheat,Bihar,Muzaffarpur,Rainfed,84.55,199.0,2831.0,239.36
2016-09-22,2016,Kharif,Oilseeds,Rajasthan,Jodhpur,Rainfed,58.34,145.0,3099.0,180.8
2017-10-10,2017,Kharif,Rice,Punjab,Ludhiana,Canal,936.14,171.0,3176.0,2973.18
2017-02-01,2017,Rabi,Wheat,Punjab,Patiala,Tube Well,891.18,147.0,5190.0,4625.22
2025-03-06,2025,Rabi,Wheat,Uttar Pradesh,Varanasi,Tube Well,71.8,83.0,3559.0,255.54
2025-05-06,2025,Perennial,Apple,Jammu and Kashmir,Srinagar,Rainfed,189.59,93.0,10027.0,1901.02
2017-02-15,2017,Kharif,Maize,Karnataka,Belgaum,Canal,484.99,150.0,8629.0,4184.98
2015-11-06,2015,Kharif,Cotton,Gujarat,Rajkot,Rainfed,660.56,118.0,1121.0,740.49
2021-11-17,2021,Rabi,Potato,West Bengal,Howrah,Rainfed,814.25,111.0,28356.0,23088.87
2018-11-29,2018,Kharif,Maize,Maharashtra,Mumbai,Tube Well,374.81,53.0,5503.0,2062.58
2020-11-28,2020,Kharif,Maize,Andhra Pradesh,Chittoor,Tube Well,525.01,183.0,8545.0,4486.21
2020-06-02,2020,Zaid,Coconut,Andhra Pradesh,Visakhapatnam,Tube Well,953.36,183.0,13835.0,13189.74
2017-12-26,2017,Kharif,Maize,Telangana,Hyderabad,Rainfed,831.08,119.0,5590.0,4645.74
2020-02-20,2020,Rabi,Potato,Punjab,Patiala,Canal,1338.07,155.0,35456.0,47442.61
2021-06-11,2021,Kharif,Maize,Telangana,Hyderabad,Rainfed,435.09,77.0,5068.0,2205.04
2022-05-08,2022,Kharif,Cotton,Andhra Pradesh,Krishna,Tube Well,629.83,126.0,1206.0,759.57
2016-08-05,2016,Kharif,Oilseeds,Rajasthan,Udaipur,Rainfed,375.08,116.0,2499.0,937.32
2017-11-16,2017,Perennial,Apple,Himachal Pradesh,Shimla,Rainfed,435.67,148.0,10074.0,4388.94
2018-02-28,2018,Kharif,Oilseeds,Rajasthan,Jaipur,Tube Well,589.56,120.0,3164.0,1865.37
2023-08-09,2023,Zaid,Coconut,Andhra Pradesh,Visakhapatnam,Tube Well,380.72,125.0,8219.0,3129.14
2021-03-15,2021,Kharif,Oilseeds,Madhya Pradesh,Bhopal,Rainfed,138.65,94.0,2223.0,308.22
2022-04-02,2022,Zaid,Coconut,Kerala,Thrissur,Drip,309.39,57.0,10381.0,3211.78
2021-04-13,2021,Kharif,Maize,Andhra Pradesh,Krishna,Rainfed,353.2,188.0,6541.0,2310.28
2016-06-02,2016,Rabi,Pulses,Uttar Pradesh,Lucknow,Canal,1426.66,52.0,1937.0,2763.44
2021-12-20,2021,Rabi,Potato,Uttar Pradesh,Kanpur,Canal,406.21,92.0,28530.0,11589.17
2019-07-29,2019,Perennial,Tea,Kerala,Ernakulam,Rainfed,153.15,117.0,1500.0,229.72
2019-01-04,2019,Kharif,Cotton,Telangana,Hyderabad,Tube Well,810.54,98.0,1374.0,1113.68
2025-04-24,2025,Kharif,Pulses,Madhya Pradesh,Bhopal,Rainfed,78.32,133.0,908.0,71.11
2017-11-01,2017,Kharif,Pulses,Madhya Pradesh,Bhopal,Rainfed,215.61,119.0,1925.0,415.05
2020-09-17,2020,Perennial,Apple,Himachal Pradesh,Mandi,Rainfed,225.16,88.0,11165.0,2513.91
2020-12-31,2020,Rabi,Potato,Punjab,Amritsar,Canal,896.71,63.0,16978.0,15224.34
2017-09-24,2017,Zaid,Coconut,Kerala,Kozhikode,Drip,268.86,71.0,14619.0,3930.46
2017-12-25,2017,Kharif,Cotton,Andhra Pradesh,Visakhapatnam,Tube Well,600.52,123.0,871.0,523.05
2015-12-23,2015,Kharif,Oilseeds,Gujarat,Ahmedabad,Rainfed,246.61,177.0,1508.0,371.89
2017-12-28,2017,Kharif,Rice,Tamil Nadu,Coimbatore,Canal,635.96,65.0,3655.0,2324.43
2016-07-08,2016,Perennial,Sugarcane,Maharashtra,Nagpur,Drip,536.08,152.0,147571.0,79109.86
2022-10-06,2022,Rabi,Pulses,Madhya Pradesh,Bhopal,Rainfed,680.92,169.0,1898.0,1292.39
2024-05-01,2024,Perennial,Coffee,Karnataka,Mysore,Drip,463.15,92.0,1920.0,889.25
2019-07-29,2019,Kharif,Rice,Bihar,Purnia,Canal,449.38,150.0,4171.0,1874.36
2017-12-10,2017,Rabi,Wheat,Madhya Pradesh,Bhopal,Tube Well,477.82,153.0,3002.0,1434.42
2016-07-06,2016,Rabi,Potato,Bihar,Patna,Canal,131.94,156.0,30913.0,4078.66
2018-06-02,2018,Kharif,Maize,Bihar,Gaya,Canal,165.23,184.0,6770.0,1118.61
2016-01-08,2016,Perennial,Tea,West Bengal,Kolkata,Rainfed,871.36,110.0,2098.0,1828.11
2020-01-29,2020,Perennial,Coffee,Kerala,Kozhikode,Drip,226.0,87.0,1400.0,316.4
2023-01-05,2023,Perennial,Coffee,Kerala,Ernakulam,Drip,550.91,132.0,1304.0,718.39
2017-06-12,2017,Zaid,Coconut,Andhra Pradesh,Chittoor,Canal,125.94,59.0,4932.0,621.14
2023-05-28,2023,Kharif,Pulses,Madhya Pradesh,Bhopal,Tube Well,659.26,100.0,1722.0,1135.25
2017-05-02,2017,Kharif,Pulses,Rajasthan,Jodhpur,Rainfed,691.88,182.0,1075.0,743.77
2020-12-25,2020,Perennial,Coffee,Kerala,Thrissur,Rainfed,305.22,130.0,1485.0,453.25
2023-08-13,2023,Kharif,Maize,Karnataka,Belgaum,Canal,561.03,116.0,7831.0,4393.43
2022-01-07,2022,Zaid,Coconut,Kerala,Thrissur,Rainfed,359.74,90.0,10137.0,3646.68
2022-12-30,2022,Zaid,Coconut,Tamil Nadu,Madurai,Canal,984.66,88.0,6795.0,6690.76
2023-09-10,2023,Rabi,Pulses,Madhya Pradesh,Bhopal,Tube Well,17.85,85.0,1202.0,21.46
2017-07-30,2017,Perennial,Apple,Himachal Pradesh,Shimla,Rainfed,330.2,174.0,11943.0,3943.58
2022-03-27,2022,Kharif,Cotton,Gujarat,Rajkot,Rainfed,786.32,198.0,1145.0,900.34
2021-12-26,2021,Kharif,Rice,West Bengal,Kolkata,Rainfed,426.8,130.0,4921.0,2100.28
2018-02-20,2018,Kharif,Rice,Punjab,Amritsar,Tube Well,336.81,62.0,5514.0,1857.17
2018-01-02,2018,Rabi,Pulses,Maharashtra,Pune,Rainfed,319.19,163.0,1088.0,347.28
2022-02-22,2022,Kharif,Rice,Bihar,Patna,Rainfed,802.46,182.0,5673.0,4552.36
2017-04-08,2017,Kharif,Oilseeds,Maharashtra,Nashik,Tube Well,95.27,190.0,1934.0,184.25
2019-12-19,2019,Perennial,Sugarcane,Karnataka,Belgaum,Drip,624.57,144.0,136629.0,85334.37
2019-04-11,2019,Perennial,Tea,Kerala,Thrissur,Rainfed,252.4,126.0,1950.0,492.18
2016-08-26,2016,Kharif,Rice,Odisha,Bhubaneswar,Canal,246.07,143.0,5742.0,1412.93
2022-03-02,2022,Kharif,Cotton,Andhra Pradesh,Krishna,Canal,611.83,52.0,1064.0,650.99
2021-11-02,2021,Perennial,Tea,West Bengal,Kolkata,Rainfed,988.67,148.0,2481.0,2452.89
2023-09-29,2023,Kharif,Rice,West Bengal,Kolkata,Canal,683.72,156.0,5689.0,3889.68
2025-06-04,2025,Kharif,Pulses,Uttar Pradesh,Lucknow,Tube Well,1185.03,158.0,2543.0,3013.53
2018-07-13,2018,Kharif,Rice,Punjab,Amritsar,Canal,905.02,134.0,3452.0,3124.13
2015-12-21,2015,Rabi,Pulses,Rajasthan,Jaipur,Tube Well,491.42,155.0,2560.0,1258.04
2019-03-24,2019,Kharif,Oilseeds,Madhya Pradesh,Bhopal,Rainfed,351.6,146.0,3203.0,1126.17
2025-04-12,2025,Perennial,Tea,Assam,Cachar,Rainfed,741.53,67.0,1854.0,1374.8
2020-01-17,2020,Rabi,Oilseeds,Madhya Pradesh,Bhopal,Rainfed,406.53,185.0,3375.0,1372.04
2016-05-28,2016,Rabi,Wheat,Uttar Pradesh,Varanasi,Tube Well,832.14,143.0,3328.0,2769.36
2017-11-04,2017,Kharif,Rice,Andhra Pradesh,Guntur,Canal,634.71,159.0,6559.0,4163.06
2024-03-03,2024,Rabi,Potato,West Bengal,Kolkata,Rainfed,354.65,101.0,13271.0,4706.56
2021-02-08,2021,Rabi,Potato,Punjab,Patiala,Tube Well,354.55,188.0,29816.0,10571.26
2023-06-27,2023,Zaid,Coconut,Andhra Pradesh,Chittoor,Canal,97.86,125.0,12851.0,1257.6
2017-06-27,2017,Zaid,Coconut,Karnataka,Belgaum,Drip,792.81,152.0,13970.0,11075.56
2020-12-21,2020,Rabi,Potato,Punjab,Ludhiana,Tube Well,441.02,193.0,34632.0,15273.4
2016-09-18,2016,Perennial,Sugarcane,Karnataka,Mysore,Canal,434.23,187.0,100971.0,43844.64
2022-06-19,2022,Perennial,Tea,West Bengal,Darjeeling,Canal,1012.72,147.0,3526.0,3570.85
2019-02-26,2019,Zaid,Coconut,Tamil Nadu,Madurai,Tube Well,627.43,75.0,4893.0,3070.01
2023-02-23,2023,Kharif,Cotton,Maharashtra,Pune,Drip,135.23,193.0,1442.0,195.0
2018-11-02,2018,Kharif,Cotton,Maharashtra,Mumbai,Tube Well,1041.5,198.0,1629.0,1696.6
2017-03-24,2017,Kharif,Maize,Telangana,Hyderabad,Tube Well,237.96,66.0,6733.0,1602.18
2016-07-25,2016,Rabi,Pulses,Uttar Pradesh,Kanpur,Rainfed,833.53,118.0,1702.0,1418.67
2021-10-03,2021,Rabi,Oilseeds,Gujarat,Vadodara,Rainfed,616.88,132.0,2252.0,1389.21
2020-04-11,2020,Rabi,Wheat,Madhya Pradesh,Bhopal,Tube Well,198.08,64.0,3446.0,682.58
2020-01-28,2020,Perennial,Apple,Himachal Pradesh,Kangra,Rainfed,66.73,78.0,9024.0,602.17
2017-01-23,2017,Perennial,Coffee,Karnataka,Bangalore,Canal,240.28,131.0,1290.0,309.96
2024-05-24,2024,Perennial,Tea,West Bengal,Kolkata,Canal,116.1,194.0,3168.0,367.8
2019-02-12,2019,Kharif,Cotton,Maharashtra,Pune,Rainfed,365.56,54.0,894.0,326.81
2020-12-12,2020,Rabi,Wheat,Haryana,Gurgaon,Canal,1396.24,187.0,4632.0,6467.38
2018-04-29,2018,Kharif,Oilseeds,Madhya Pradesh,Bhopal,Rainfed,327.65,185.0,2836.0,929.22
2015-11-29,2015,Kharif,Maize,Telangana,Nizamabad,Rainfed,778.86,179.0,5192.0,4043.84
2019-07-23,2019,Kharif,Maize,Andhra Pradesh,Visakhapatnam,Rainfed,663.52,107.0,3301.0,2190.28
2024-05-24,2024,Kharif,Pulses,Maharashtra,Pune,Drip,869.89,124.0,2614.0,2273.89
2018-04-21,2018,Rabi,Potato,Uttar Pradesh,Lucknow,Rainfed,242.96,111.0,27678.0,6724.65
2024-02-27,2024,Perennial,Sugarcane,Maharashtra,Mumbai,Tube Well,364.5,192.0,93503.0,34081.84
2018-07-17,2018,Kharif,Pulses,Madhya Pradesh,Bhopal,Rainfed,413.25,128.0,1814.0,749.64
2024-08-13,2024,Zaid,Coconut,Tamil Nadu,Coimbatore,Canal,970.45,62.0,9940.0,9646.27
2024-01-11,2024,Rabi,Oilseeds,Madhya Pradesh,Bhopal,Rainfed,43.88,91.0,1215.0,53.31
2025-04-16,2025,Kharif,Rice,Chhattisgarh,Raipur,Rainfed,359.77,119.0,3271.0,1176.81
2022-02-22,2022,Rabi,Wheat,Punjab,Amritsar,Tube Well,86.01,193.0,3184.0,273.86
2019-07-16,2019,Kharif,Pulses,Rajasthan,Jaipur,Tube Well,325.21,135.0,2346.0,762.94
2022-10-31,2022,Rabi,Wheat,Bihar,Gaya,Rainfed,632.58,154.0,2601.0,1645.34
2021-09-09,2021,Rabi,Pulses,Uttar Pradesh,Lucknow,Tube Well,1119.64,63.0,1177.0,1317.82
2020-11-23,2020,Kharif,Rice,Assam,Tinsukia,Rainfed,119.44,182.0,2987.0,356.77
2018-08-28,2018,Kharif,Maize,Bihar,Muzaffarpur,Tube Well,174.91,131.0,4915.0,859.68
2016-03-28,2016,Rabi,Wheat,Rajasthan,Jodhpur,Rainfed,334.34,188.0,3845.0,1285.54
2020-12-04,2020,Perennial,Coffee,Karnataka,Bangalore,Tube Well,1097.86,117.0,1485.0,1630.32
2022-04-10,2022,Kharif,Pulses,Maharashtra,Pune,Drip,469.3,152.0,1438.0,674.85
2022-04-25,2022,Zaid,Coconut,Karnataka,Hubli,Canal,476.0,121.0,13424.0,6389.82
2023-09-01,2023,Rabi,Pulses,Uttar Pradesh,Varanasi,Rainfed,654.35,71.0,1143.0,747.92
2020-09-23,2020,Perennial,Coffee,Kerala,Kozhikode,Drip,73.75,91.0,1295.0,95.51
2019-12-06,2019,Perennial,Sugarcane,Tamil Nadu,Madurai,Canal,853.85,60.0,68841.0,58779.89
2021-05-14,2021,Rabi,Oilseeds,Madhya Pradesh,Bhopal,Tube Well,209.95,116.0,3147.0,660.71
2023-07-23,2023,Rabi,Pulses,Rajasthan,Udaipur,Rainfed,495.53,147.0,1345.0,666.49
2020-01-17,2020,Perennial,Apple,Himachal Pradesh,Kangra,Rainfed,242.79,87.0,10943.0,2656.85
2020-12-27,2020,Kharif,Rice,Bihar,Muzaffarpur,Canal,615.66,124.0,4521.0,2783.4
2021-08-29,2021,Kharif,Oilseeds,Rajasthan,Jaipur,Tube Well,47.24,119.0,1437.0,67.88
2019-03-30,2019,Kharif,Pulses,Rajasthan,Jaipur,Rainfed,624.08,130.0,1717.0,1071.55
2019-04-20,2019,Perennial,Coffee,Karnataka,Bangalore,Canal,275.8,78.0,1334.0,367.92
2020-02-17,2020,Perennial,Tea,Assam,Tinsukia,Rainfed,539.38,130.0,1724.0,929.89
2020-10-24,2020,Kharif,Pulses,Rajasthan,Jaipur,Tube Well,560.63,105.0,1330.0,745.64
2021-12-23,2021,Rabi,Pulses,Madhya Pradesh,Bhopal,Tube Well,436.63,93.0,1935.0,844.88
2021-07-04,2021,Rabi,Pulses,Rajasthan,Jaipur,Tube Well,242.76,138.0,1529.0,371.18
2022-02-06,2022,Kharif,Oilseeds,Maharashtra,Nagpur,Tube Well,1271.5,72.0,2231.0,2836.72
2016-12-14,2016,Perennial,Apple,Jammu and Kashmir,Srinagar,Rainfed,118.59,185.0,6361.0,754.35
2020-05-13,2020,Kharif,Cotton,Telangana,Hyderabad,Canal,854.31,190.0,1569.0,1340.41
2023-12-03,2023,Kharif,Cotton,Gujarat,Vadodara,Rainfed,195.91,149.0,509.0,99.72
2016-06-10,2016,Rabi,Potato,Punjab,Patiala,Tube Well,589.94,95.0,34868.0,20570.03
2017-07-11,2017,Zaid,Coconut,Andhra Pradesh,Krishna,Canal,174.81,144.0,15597.0,2726.51
2016-11-11,2016,Kharif,Oilseeds,Madhya Pradesh,Bhopal,Tube Well,11.77,140.0,3993.0,47.0
2019-02-24,2019,Rabi,Wheat,Rajasthan,Udaipur,Tube Well,189.58,109.0,4907.0,930.27
2019-09-26,2019,Rabi,Wheat,Haryana,Faridabad,Tube Well,131.22,93.0,4924.0,646.13
2021-09-21,2021,Kharif,Maize,Karnataka,Hubli,Drip,1085.12,75.0,7431.0,8063.53
2017-03-15,2017,Kharif,Rice,Tamil Nadu,Coimbatore,Tube Well,840.2,83.0,2866.0,2408.01
2019-01-03,2019,Rabi,Oilseeds,Gujarat,Surat,Tube Well,14.41,148.0,2579.0,37.16
2020-06-16,2020,Kharif,Maize,Karnataka,Mysore,Canal,253.77,183.0,4905.0,1244.74
2022-03-23,2022,Perennial,Coffee,Kerala,Thrissur,Drip,539.4,108.0,1458.0,786.45
2016-03-19,2016,Perennial,Sugarcane,Maharashtra,Nashik,Tube Well,524.13,68.0,91128.0,47762.92
2021-10-01,2021,Perennial,Sugarcane,Maharashtra,Mumbai,Drip,1083.08,52.0,120617.0,130637.86
2024-08-15,2024,Kharif,Pulses,Madhya Pradesh,Bhopal,Rainfed,408.84,111.0,1983.0,810.73
2016-07-27,2016,Perennial,Apple,Jammu and Kashmir,Srinagar,Rainfed,264.92,85.0,7315.0,1937.89
2021-10-16,2021,Rabi,Wheat,Haryana,Karnal,Canal,839.88,98.0,4162.0,3495.58
2018-03-07,2018,Kharif,Rice,Tamil Nadu,Coimbatore,Tube Well,705.6,86.0,4183.0,2951.52
2016-05-06,2016,Kharif,Cotton,Telangana,Hyderabad,Rainfed,214.79,150.0,904.0,194.17
2023-03-28,2023,Kharif,Maize,Bihar,Patna,Tube Well,379.56,146.0,6299.0,2390.85
2019-05-04,2019,Rabi,Pulses,Maharashtra,Nagpur,Drip,75.31,187.0,3021.0,227.51
2024-02-26,2024,Rabi,Potato,Bihar,Muzaffarpur,Canal,591.76,155.0,40543.0,23991.73
2025-10-21,2025,Kharif,Rice,Telangana,Nizamabad,Rainfed,418.74,75.0,2238.0,937.14
2016-02-08,2016,Rabi,Potato,Uttar Pradesh,Kanpur,Canal,1143.47,163.0,24867.0,28434.67
2021-02-15,2021,Kharif,Maize,Telangana,Hyderabad,Canal,193.68,77.0,6651.0,1288.17
2022-02-27,2022,Rabi,Pulses,Madhya Pradesh,Bhopal,Tube Well,355.08,134.0,2177.0,773.01
2015-10-28,2015,Kharif,Oilseeds,Maharashtra,Nashik,Drip,243.16,62.0,2896.0,704.19
2019-07-15,2019,Perennial,Apple,Jammu and Kashmir,Srinagar,Rainfed,249.45,57.0,13633.0,3400.75
2022-06-30,2022,Perennial,Tea,Assam,Tinsukia,Rainfed,679.94,120.0,1545.0,1050.51
2023-08-31,2023,Rabi,Oilseeds,Rajasthan,Jodhpur,Tube Well,538.16,66.0,2410.0,1296.97
2019-02-13,2019,Kharif,Oilseeds,Madhya Pradesh,Bhopal,Tube Well,755.92,96.0,3715.0,2808.24
2018-07-18,2018,Kharif,Pulses,Madhya Pradesh,Bhopal,Rainfed,777.66,101.0,1621.0,1260.59
2019-05-27,2019,Perennial,Coffee,Karnataka,Hubli,Drip,851.52,165.0,1766.0,1503.78
2021-08-14,2021,Kharif,Rice,Andhra Pradesh,Visakhapatnam,Rainfed,351.3,100.0,2440.0,857.17
2023-07-02,2023,Kharif,Oilseeds,Rajasthan,Udaipur,Rainfed,161.29,124.0,1543.0,248.87
2020-06-11,2020,Kharif,Cotton,Telangana,Nizamabad,Rainfed,408.32,166.0,778.0,317.67
2024-07-30,2024,Rabi,Wheat,Madhya Pradesh,Bhopal,Rainfed,795.17,81.0,2800.0,2226.48
2016-07-01,2016,Rabi,Potato,Bihar,Patna,Tube Well,418.54,171.0,28486.0,11922.53
2023-01-12,2023,Perennial,Tea,West Bengal,Kolkata,Rainfed,226.98,175.0,2647.0,600.82
2017-01-07,2017,Kharif,Oilseeds,Gujarat,Vadodara,Rainfed,1133.77,198.0,1417.0,1606.55
2022-06-09,2022,Kharif,Rice,Tamil Nadu,Coimbatore,Tube Well,430.65,117.0,3580.0,1541.73
2023-06-20,2023,Perennial,Apple,Himachal Pradesh,Kangra,Rainfed,348.54,106.0,6441.0,2244.95
2021-02-15,2021,Perennial,Coffee,Karnataka,Bangalore,Canal,869.09,155.0,1794.0,1559.15
2024-06-09,2024,Kharif,Rice,Assam,Kamrup,Rainfed,676.09,59.0,4500.0,3042.4
2023-12-11,2023,Rabi,Pulses,Uttar Pradesh,Kanpur,Rainfed,1233.71,56.0,1706.0,2104.71
2022-09-14,2022,Kharif,Oilseeds,Rajasthan,Jaipur,Tube Well,587.01,100.0,3095.0,1816.8
2017-05-05,2017,Perennial,Apple,Jammu and Kashmir,Srinagar,Rainfed,270.38,159.0,5717.0,1545.76
2022-04-18,2022,Kharif,Pulses,Madhya Pradesh,Bhopal,Tube Well,329.03,67.0,1446.0,475.78
2020-11-16,2020,Perennial,Coffee,Kerala,Ernakulam,Rainfed,537.16,145.0,1460.0,784.25
2021-05-28,2021,Rabi,Potato,Uttar Pradesh,Lucknow,Rainfed,1256.73,90.0,22416.0,28170.86
2018-02-07,2018,Rabi,Potato,Punjab,Amritsar,Canal,532.46,148.0,20368.0,10845.15
2019-03-18,2019,Kharif,Pulses,Rajasthan,Jaipur,Tube Well,214.59,119.0,1780.0,381.97
2024-03-02,2024,Rabi,Potato,Bihar,Gaya,Tube Well,350.27,67.0,13982.0,4897.48
2024-06-20,2024,Rabi,Potato,Bihar,Patna,Canal,555.77,87.0,26312.0,14623.42
2020-02-11,2020,Kharif,Pulses,Uttar Pradesh,Kanpur,Canal,88.14,83.0,2406.0,212.06
2020-06-14,2020,Rabi,Pulses,Maharashtra,Nagpur,Drip,1014.87,75.0,1111.0,1127.52
2015-02-25,2015,Perennial,Tea,Assam,Dibrugarh,Rainfed,119.69,120.0,1971.0,235.91
2020-07-22,2020,Rabi,Potato,West Bengal,Howrah,Rainfed,154.79,193.0,16970.0,2626.79
2020-07-05,2020,Zaid,Coconut,Andhra Pradesh,Chittoor,Canal,245.21,149.0,17141.0,4203.14
2018-04-11,2018,Kharif,Maize,Telangana,Warangal,Canal,523.47,175.0,4793.0,2508.99
2023-01-10,2023,Rabi,Pulses,Maharashtra,Pune,Tube Well,378.38,197.0,2293.0,867.63
2015-12-02,2015,Kharif,Cotton,Andhra Pradesh,Krishna,Tube Well,448.03,131.0,809.0,362.46
2017-04-05,2017,Rabi,Wheat,Haryana,Faridabad,Tube Well,1304.99,86.0,4641.0,6056.46
2019-05-21,2019,Perennial,Tea,Assam,Tinsukia,Rainfed,679.29,189.0,1361.0,924.51
2022-02-28,2022,Rabi,Potato,West Bengal,Kolkata,Rainfed,938.89,155.0,20239.0,19002.19
2018-10-31,2018,Kharif,Pulses,Maharashtra,Nashik,Drip,755.16,194.0,1646.0,1242.99
2019-12-15,2019,Kharif,Rice,West Bengal,Kolkata,Rainfed,954.45,148.0,4734.0,4518.37
2018-09-27,2018,Rabi,Potato,Bihar,Patna,Tube Well,780.78,166.0,24127.0,18837.88
2018-07-30,2018,Rabi,Potato,Punjab,Patiala,Canal,1430.32,184.0,20898.0,29890.83
2020-12-10,2020,Perennial,Sugarcane,Tamil Nadu,Madurai,Drip,80.16,164.0,132463.0,10618.23
2025-09-06,2025,Perennial,Sugarcane,Karnataka,Mysore,Drip,41.31,134.0,132657.0,5480.06
2024-09-01,2024,Rabi,Potato,Punjab,Amritsar,Canal,270.79,121.0,26377.0,7142.63
2021-11-04,2021,Kharif,Pulses,Madhya Pradesh,Bhopal,Rainfed,743.98,174.0,1409.0,1048.27
2023-04-20,2023,Kharif,Pulses,Rajasthan,Jodhpur,Rainfed,427.84,166.0,1728.0,739.31
2020-12-08,2020,Kharif,Oilseeds,Rajasthan,Jodhpur,Tube Well,304.02,105.0,2940.0,893.82
2024-01-03,2024,Kharif,Oilseeds,Gujarat,Ahmedabad,Rainfed,620.13,125.0,2403.0,1490.17
2021-02-10,2021,Rabi,Pulses,Uttar Pradesh,Varanasi,Canal,1246.11,145.0,1615.0,2012.47
2023-03-16,2023,Rabi,Pulses,Rajasthan,Udaipur,Tube Well,651.09,54.0,2237.0,1456.49
2023-10-31,2023,Rabi,Oilseeds,Rajasthan,Jaipur,Tube Well,513.49,87.0,1762.0,904.77
2016-06-28,2016,Kharif,Oilseeds,Gujarat,Surat,Rainfed,914.22,88.0,1693.0,1547.77
2025-08-10,2025,Kharif,Rice,Andhra Pradesh,Krishna,Canal,391.25,182.0,4325.0,1692.16
2019-11-04,2019,Kharif,Cotton,Gujarat,Rajkot,Rainfed,565.77,100.0,1133.0,641.02
2025-05-20,2025,Kharif,Rice,Tamil Nadu,Chennai,Drip,974.88,132.0,6526.0,6362.07
2016-10-22,2016,Perennial,Apple,Jammu and Kashmir,Srinagar,Rainfed,316.51,175.0,14752.0,4669.16
2019-04-29,2019,Kharif,Oilseeds,Madhya Pradesh,Bhopal,Rainfed,550.57,89.0,979.0,539.01
2018-12-29,2018,Rabi,Wheat,Madhya Pradesh,Bhopal,Tube Well,61.55,69.0,4025.0,247.74
2015-08-08,2015,Kharif,Cotton,Maharashtra,Pune,Rainfed,60.96,192.0,675.0,41.15
2024-05-09,2024,Perennial,Sugarcane,Tamil Nadu,Coimbatore,Tube Well,152.15,156.0,137132.0,20864.63
2023-07-11,2023,Rabi,Potato,Bihar,Gaya,Tube Well,585.58,77.0,24987.0,14631.89
2016-04-15,2016,Kharif,Maize,Telangana,Nizamabad,Tube Well,487.38,173.0,6726.0,3278.12
2021-12-03,2021,Rabi,Wheat,Punjab,Patiala,Tube Well,1414.61,168.0,3856.0,5454.74
2016-10-04,2016,Zaid,Coconut,Andhra Pradesh,Guntur,Canal,836.76,176.0,12461.0,10426.87
2024-11-09,2024,Perennial,Tea,Assam,Kamrup,Rainfed,242.24,91.0,2069.0,501.19
2020-07-08,2020,Kharif,Cotton,Gujarat,Rajkot,Rainfed,202.18,117.0,867.0,175.29
2018-03-29,2018,Perennial,Sugarcane,Maharashtra,Nashik,Rainfed,1105.9,154.0,89219.0,98667.29
2016-08-04,2016,Perennial,Sugarcane,Uttar Pradesh,Kanpur,Tube Well,694.84,109.0,94658.0,65772.16
2025-02-13,2025,Perennial,Coffee,Kerala,Ernakulam,Drip,526.24,60.0,1551.0,816.2
2020-09-02,2020,Rabi,Potato,Punjab,Ludhiana,Tube Well,852.06,70.0,33477.0,28524.41
2020-02-04,2020,Rabi,Potato,Uttar Pradesh,Lucknow,Rainfed,170.11,140.0,11704.0,1990.97
2024-08-11,2024,Rabi,Potato,West Bengal,Howrah,Canal,72.19,106.0,16208.0,1170.06
2020-02-01,2020,Zaid,Coconut,Kerala,Thrissur,Rainfed,307.84,51.0,8553.0,2632.96
2016-02-19,2016,Rabi,Oilseeds,Rajasthan,Jaipur,Rainfed,259.47,165.0,1943.0,504.15
2018-07-26,2018,Rabi,Potato,Bihar,Patna,Tube Well,677.06,113.0,20242.0,13705.05
2017-11-27,2017,Rabi,Pulses,Maharashtra,Nagpur,Drip,825.54,97.0,1387.0,1145.02
2015-12-08,2015,Zaid,Coconut,Tamil Nadu,Madurai,Drip,1066.15,157.0,13022.0,13883.41
2024-10-31,2024,Perennial,Sugarcane,Karnataka,Bangalore,Drip,945.33,118.0,95675.0,90444.45
2020-03-08,2020,Kharif,Cotton,Maharashtra,Nashik,Rainfed,650.59,154.0,877.0,570.57
2021-02-19,2021,Perennial,Tea,West Bengal,Howrah,Rainfed,555.03,52.0,2203.0,1222.73
2024-02-01,2024,Rabi,Wheat,Uttar Pradesh,Varanasi,Tube Well,1014.45,51.0,4052.0,4110.55
2017-12-06,2017,Perennial,Tea,Kerala,Kozhikode,Rainfed,100.13,134.0,2306.0,230.9
2024-02-12,2024,Rabi,Wheat,Bihar,Muzaffarpur,Rainfed,999.89,197.0,2618.0,2617.71
2021-12-15,2021,Kharif,Oilseeds,Gujarat,Rajkot,Tube Well,627.38,91.0,2053.0,1288.01
2024-01-27,2024,Perennial,Apple,Himachal Pradesh,Kangra,Rainfed,455.85,152.0,6569.0,2994.48
2022-06-13,2022,Kharif,Maize,Madhya Pradesh,Bhopal,Tube Well,774.21,76.0,7145.0,5531.73
2018-10-25,2018,Perennial,Apple,Himachal Pradesh,Mandi,Rainfed,295.0,97.0,11640.0,3433.8
2018-01-09,2018,Rabi,Potato,Bihar,Muzaffarpur,Rainfed,112.32,62.0,9571.0,1075.01
2023-11-29,2023,Rabi,Wheat,Rajasthan,Jodhpur,Rainfed,405.61,182.0,3357.0,1361.63
2015-10-09,2015,Kharif,Rice,Chhattisgarh,Raipur,Rainfed,422.37,97.0,2748.0,1160.67
2019-05-17,2019,Rabi,Oilseeds,Rajasthan,Udaipur,Tube Well,554.54,85.0,2559.0,1419.07
2020-10-15,2020,Kharif,Rice,Andhra Pradesh,Krishna,Tube Well,67.39,160.0,3558.0,239.77
2023-04-01,2023,Kharif,Cotton,Andhra Pradesh,Chittoor,Tube Well,564.92,80.0,543.0,306.75
2015-07-31,2015,Kharif,Maize,Telangana,Hyderabad,Rainfed,831.27,86.0,3830.0,3183.76
2021-06-20,2021,Kharif,Oilseeds,Gujarat,Ahmedabad,Tube Well,1189.65,66.0,1888.0,2246.06
2019-03-29,2019,Perennial,Tea,Assam,Dibrugarh,Rainfed,161.19,194.0,2406.0,387.82
2015-09-29,2015,Perennial,Tea,Kerala,Kozhikode,Drip,697.77,87.0,2298.0,1603.48
2025-10-17,2025,Kharif,Cotton,Maharashtra,Mumbai,Rainfed,198.66,199.0,740.0,147.01
2020-01-15,2020,Zaid,Coconut,Karnataka,Mysore,Tube Well,926.88,76.0,10360.0,9602.48
2021-05-20,2021,Kharif,Rice,Chhattisgarh,Raipur,Rainfed,201.32,53.0,2005.0,403.65
2019-04-21,2019,Rabi,Wheat,Haryana,Gurgaon,Canal,1343.88,184.0,5059.0,6798.69
2025-08-13,2025,Perennial,Coffee,Karnataka,Hubli,Tube Well,768.09,137.0,874.0,671.31
2023-05-04,2023,Perennial,Apple,Himachal Pradesh,Mandi,Rainfed,205.56,103.0,7761.0,1595.35
2019-10-28,2019,Rabi,Pulses,Maharashtra,Nashik,Tube Well,372.46,127.0,1511.0,562.79
2015-04-07,2015,Zaid,Coconut,Kerala,Ernakulam,Rainfed,195.84,89.0,7497.0,1468.21
2020-08-07,2020,Kharif,Cotton,Andhra Pradesh,Krishna,Rainfed,820.14,145.0,1245.0,1021.07
2024-12-18,2024,Perennial,Tea,Assam,Dibrugarh,Rainfed,717.67,142.0,1585.0,1137.51
2019-02-02,2019,Kharif,Pulses,Maharashtra,Pune,Drip,983.88,62.0,1456.0,1432.53
2025-04-09,2025,Rabi,Pulses,Rajasthan,Jodhpur,Rainfed,586.01,187.0,1150.0,673.91
2023-02-16,2023,Rabi,Potato,Bihar,Purnia,Tube Well,783.57,119.0,23346.0,18293.23
2017-02-16,2017,Rabi,Potato,Punjab,Patiala,Canal,1468.93,79.0,17318.0,25438.93
2015-07-29,2015,Kharif,Cotton,Andhra Pradesh,Chittoor,Rainfed,911.79,96.0,501.0,456.81
2022-03-21,2022,Perennial,Sugarcane,Tamil Nadu,Madurai,Canal,239.15,180.0,140416.0,33580.49
2020-10-15,2020,Kharif,Rice,Chhattisgarh,Raipur,Rainfed,556.2,107.0,2164.0,1203.62
2022-10-21,2022,Rabi,Wheat,Uttar Pradesh,Lucknow,Tube Well,489.88,134.0,4596.0,2251.49
2024-06-02,2024,Kharif,Oilseeds,Rajasthan,Jaipur,Rainfed,697.1,192.0,1624.0,1132.09
2020-08-31,2020,Kharif,Pulses,Madhya Pradesh,Bhopal,Tube Well,307.57,148.0,1120.0,344.48
2022-12-28,2022,Rabi,Pulses,Maharashtra,Pune,Drip,387.7,151.0,2636.0,1021.98
2022-12-28,2022,Rabi,Potato,West Bengal,Howrah,Canal,270.75,87.0,30990.0,8390.54
2024-03-05,2024,Kharif,Cotton,Andhra Pradesh,Chittoor,Tube Well,793.63,150.0,921.0,730.93
2017-11-20,2017,Kharif,Rice,West Bengal,Kolkata,Rainfed,129.05,109.0,2252.0,290.62
2016-11-17,2016,Rabi,Oilseeds,Gujarat,Vadodara,Tube Well,1144.74,187.0,2522.0,2887.03
2019-01-10,2019,Zaid,Coconut,Tamil Nadu,Coimbatore,Canal,330.8,69.0,6789.0,2245.8
2015-03-26,2015,Perennial,Sugarcane,Uttar Pradesh,Varanasi,Canal,450.15,93.0,125922.0,56683.79
2019-08-12,2019,Kharif,Oilseeds,Gujarat,Vadodara,Tube Well,64.82,60.0,2415.0,156.54
2025-10-23,2025,Kharif,Oilseeds,Gujarat,Ahmedabad,Rainfed,302.76,107.0,2935.0,888.6
2022-09-26,2022,Kharif,Cotton,Maharashtra,Nagpur,Tube Well,550.48,72.0,818.0,450.29
2025-01-07,2025,Kharif,Maize,Karnataka,Belgaum,Tube Well,412.87,177.0,6734.0,2780.27
2023-09-13,2023,Rabi,Oilseeds,Madhya Pradesh,Bhopal,Rainfed,225.69,189.0,1588.0,358.4
2022-03-29,2022,Rabi,Potato,Uttar Pradesh,Varanasi,Rainfed,70.71,150.0,28262.0,1998.41
2023-12-16,2023,Kharif,Maize,Andhra Pradesh,Chittoor,Rainfed,367.69,66.0,2901.0,1066.67
2018-05-26,2018,Kharif,Cotton,Gujarat,Rajkot,Tube Well,936.21,101.0,1212.0,1134.69
2023-03-05,2023,Kharif,Maize,Maharashtra,Nagpur,Tube Well,576.04,195.0,6194.0,3567.99
2015-05-09,2015,Perennial,Coffee,Tamil Nadu,Chennai,Tube Well,326.95,70.0,1290.0,421.77
2020-09-07,2020,Perennial,Coffee,Karnataka,Hubli,Drip,342.22,133.0,1592.0,544.81
2024-10-05,2024,Kharif,Maize,Maharashtra,Nagpur,Drip,725.22,103.0,7096.0,5146.16
2019-09-16,2019,Kharif,Maize,Telangana,Hyderabad,Tube Well,279.04,200.0,5401.0,1507.1
2023-09-26,2023,Perennial,Tea,Kerala,Ernakulam,Rainfed,508.33,93.0,1756.0,892.63
2016-11-22,2016,Perennial,Sugarcane,Uttar Pradesh,Varanasi,Canal,1484.29,57.0,86814.0,128857.15
2021-03-14,2021,Rabi,Pulses,Rajasthan,Jodhpur,Rainfed,38.41,155.0,1240.0,47.63
2025-08-21,2025,Kharif,Maize,Andhra Pradesh,Visakhapatnam,Rainfed,210.8,99.0,4434.0,934.69
2015-10-11,2015,Kharif,Oilseeds,Gujarat,Vadodara,Rainfed,223.14,149.0,3131.0,698.65
2025-02-19,2025,Rabi,Wheat,Madhya Pradesh,Bhopal,Rainfed,363.19,66.0,3620.0,1314.75
2018-09-21,2018,Kharif,Maize,Bihar,Purnia,Tube Well,51.0,128.0,5100.0,260.1
2025-03-17,2025,Kharif,Pulses,Uttar Pradesh,Kanpur,Canal,721.51,106.0,2483.0,1791.51
2017-08-07,2017,Rabi,Pulses,Rajasthan,Jaipur,Tube Well,650.96,131.0,2475.0,1611.13
2022-11-27,2022,Kharif,Rice,Uttar Pradesh,Kanpur,Canal,27.23,178.0,4143.0,112.81
2022-03-25,2022,Zaid,Coconut,Andhra Pradesh,Guntur,Canal,444.28,196.0,13631.0,6055.98
2024-06-25,2024,Kharif,Oilseeds,Gujarat,Ahmedabad,Tube Well,915.46,163.0,3863.0,3536.42
2019-10-30,2019,Kharif,Cotton,Andhra Pradesh,Guntur,Canal,193.85,165.0,1199.0,232.43
2017-03-30,2017,Rabi,Wheat,Haryana,Gurgaon,Tube Well,117.81,129.0,3648.0,429.77
2021-01-05,2021,Kharif,Oilseeds,Gujarat,Rajkot,Rainfed,760.63,65.0,2134.0,1623.18
2020-02-07,2020,Perennial,Tea,West Bengal,Darjeeling,Rainfed,20.85,150.0,1359.0,28.34
2024-01-25,2024,Rabi,Wheat,Uttar Pradesh,Lucknow,Rainfed,1204.64,72.0,2183.0,2629.73
2021-06-21,2021,Kharif,Pulses,Maharashtra,Mumbai,Rainfed,96.24,87.0,1739.0,167.36
2023-04-22,2023,Zaid,Coconut,Kerala,Ernakulam,Drip,424.24,156.0,6568.0,2786.41
2017-12-19,2017,Kharif,Pulses,Rajasthan,Jaipur,Rainfed,520.69,149.0,1902.0,990.35
2019-07-22,2019,Perennial,Tea,Assam,Tinsukia,Rainfed,201.19,97.0,1414.0,284.48
2016-12-08,2016,Kharif,Rice,Assam,Kamrup,Rainfed,91.8,166.0,3825.0,351.14
2024-11-02,2024,Rabi,Wheat,Punjab,Ludhiana,Tube Well,271.68,191.0,4551.0,1236.42
2019-12-28,2019,Kharif,Cotton,Gujarat,Surat,Tube Well,1027.07,132.0,1357.0,1393.73
2023-04-20,2023,Rabi,Wheat,Uttar Pradesh,Varanasi,Tube Well,1061.61,152.0,5217.0,5538.42
2017-09-19,2017,Perennial,Sugarcane,Uttar Pradesh,Varanasi,Rainfed,305.17,91.0,87848.0,26808.57
2025-06-17,2025,Perennial,Sugarcane,Karnataka,Mysore,Canal,790.57,196.0,121888.0,96361.0
2019-11-15,2019,Kharif,Pulses,Madhya Pradesh,Bhopal,Rainfed,569.81,91.0,1186.0,675.79
2023-11-02,2023,Kharif,Maize,Madhya Pradesh,Bhopal,Rainfed,798.2,183.0,5218.0,4165.01
2019-08-19,2019,Perennial,Apple,Jammu and Kashmir,Srinagar,Rainfed,162.71,189.0,6096.0,991.88
2017-01-26,2017,Perennial,Apple,Himachal Pradesh,Kangra,Rainfed,433.78,158.0,8153.0,3536.61
2018-06-09,2018,Kharif,Rice,Tamil Nadu,Madurai,Drip,496.62,172.0,4818.0,2392.72
2019-04-24,2019,Rabi,Wheat,Punjab,Ludhiana,Canal,1347.66,119.0,3605.0,4858.31
2023-05-12,2023,Kharif,Cotton,Telangana,Nizamabad,Tube Well,91.52,188.0,699.0,63.97
2021-12-15,2021,Perennial,Coffee,Tamil Nadu,Madurai,Drip,201.09,161.0,841.0,169.12
2017-03-10,2017,Kharif,Pulses,Madhya Pradesh,Bhopal,Tube Well,681.46,99.0,1648.0,1123.05
2019-04-10,2019,Kharif,Rice,Punjab,Patiala,Canal,1230.76,55.0,2696.0,3318.13
2025-02-22,2025,Zaid,Coconut,Tamil Nadu,Chennai,Tube Well,342.92,131.0,8405.0,2882.24
2018-02-16,2018,Kharif,Maize,Telangana,Warangal,Rainfed,541.15,176.0,4986.0,2698.17
2019-06-23,2019,Rabi,Potato,Bihar,Gaya,Rainfed,388.87,179.0,16076.0,6251.47
2017-07-20,2017,Rabi,Wheat,Uttar Pradesh,Kanpur,Tube Well,25.37,175.0,3104.0,78.75
2022-09-24,2022,Kharif,Cotton,Gujarat,Ahmedabad,Rainfed,41.06,82.0,714.0,29.32
2022-07-04,2022,Kharif,Pulses,Rajasthan,Jaipur,Rainfed,47.44,114.0,1359.0,64.47
2021-06-16,2021,Rabi,Potato,Punjab,Amritsar,Canal,895.17,142.0,40226.0,36009.11
2020-10-01,2020,Kharif,Oilseeds,Rajasthan,Jodhpur,Tube Well,202.67,150.0,1733.0,351.23
2018-06-11,2018,Rabi,Pulses,Rajasthan,Jodhpur,Rainfed,109.32,100.0,1523.0,166.49
2022-01-06,2022,Perennial,Coffee,Tamil Nadu,Coimbatore,Tube Well,1035.83,154.0,1139.0,1179.81
2020-03-16,2020,Zaid,Coconut,Kerala,Ernakulam,Drip,105.84,139.0,7346.0,777.5
2023-02-01,2023,Kharif,Cotton,Telangana,Warangal,Canal,609.84,135.0,1003.0,611.67
2025-05-18,2025,Kharif,Rice,Assam,Kamrup,Rainfed,716.39,149.0,3541.0,2536.74
2021-03-21,2021,Kharif,Rice,Assam,Dibrugarh,Rainfed,139.43,141.0,3288.0,458.45
2015-06-10,2015,Kharif,Oilseeds,Rajasthan,Jaipur,Tube Well,158.16,75.0,3057.0,483.5
2020-03-15,2020,Rabi,Potato,Bihar,Muzaffarpur,Rainfed,578.08,181.0,30421.0,17585.77
2022-12-23,2022,Rabi,Pulses,Madhya Pradesh,Bhopal,Rainfed,411.67,86.0,944.0,388.62
2015-09-30,2015,Kharif,Oilseeds,Madhya Pradesh,Bhopal,Tube Well,421.61,162.0,1880.0,792.63
2017-04-17,2017,Kharif,Maize,Telangana,Nizamabad,Canal,503.66,76.0,5382.0,2710.7
2020-11-30,2020,Kharif,Maize,Bihar,Muzaffarpur,Tube Well,950.4,149.0,5456.0,5185.38
2022-11-04,2022,Rabi,Pulses,Uttar Pradesh,Lucknow,Rainfed,90.22,184.0,2035.0,183.6
2023-09-24,2023,Kharif,Maize,Madhya Pradesh,Bhopal,Tube Well,610.75,51.0,6903.0,4216.01
2017-01-14,2017,Rabi,Oilseeds,Rajasthan,Jodhpur,Rainfed,170.43,197.0,1586.0,270.3
2023-12-05,2023,Kharif,Oilseeds,Gujarat,Ahmedabad,Tube Well,454.68,54.0,2927.0,1330.85
2022-07-12,2022,Perennial,Sugarcane,Karnataka,Bangalore,Tube Well,107.33,52.0,92786.0,9958.72
2016-08-13,2016,Perennial,Sugarcane,Tamil Nadu,Madurai,Drip,495.73,179.0,129293.0,64094.42
2019-02-28,2019,Kharif,Cotton,Andhra Pradesh,Krishna,Rainfed,967.02,156.0,667.0,645.0
2020-11-10,2020,Kharif,Pulses,Maharashtra,Pune,Tube Well,137.38,66.0,1088.0,149.47
2019-07-24,2019,Rabi,Potato,Bihar,Purnia,Tube Well,282.85,191.0,30761.0,8700.75
2025-09-29,2025,Kharif,Pulses,Madhya Pradesh,Bhopal,Rainfed,304.72,151.0,1662.0,506.44
2019-02-20,2019,Rabi,Wheat,Bihar,Muzaffarpur,Canal,112.86,67.0,4872.0,549.85
2020-10-15,2020,Perennial,Sugarcane,Uttar Pradesh,Lucknow,Rainfed,1145.85,179.0,94835.0,108666.68
2021-06-26,2021,Rabi,Wheat,Bihar,Muzaffarpur,Tube Well,789.08,122.0,3799.0,2997.71
2018-11-07,2018,Perennial,Sugarcane,Uttar Pradesh,Kanpur,Canal,1255.48,92.0,129690.0,162823.2
2022-01-10,2022,Kharif,Rice,Tamil Nadu,Coimbatore,Tube Well,646.45,174.0,4477.0,2894.16
2023-06-30,2023,Kharif,Pulses,Maharashtra,Mumbai,Rainfed,664.34,161.0,1094.0,726.79
2018-10-30,2018,Zaid,Coconut,Tamil Nadu,Madurai,Tube Well,296.18,143.0,12199.0,3613.1
2019-07-30,2019,Kharif,Maize,Madhya Pradesh,Bhopal,Tube Well,527.57,185.0,5548.0,2926.96
2023-05-31,2023,Rabi,Pulses,Madhya Pradesh,Bhopal,Rainfed,361.21,179.0,2159.0,779.85
2024-10-07,2024,Kharif,Maize,Karnataka,Belgaum,Tube Well,1068.15,84.0,5261.0,5619.54
2023-08-23,2023,Kharif,Oilseeds,Rajasthan,Jodhpur,Tube Well,678.04,182.0,1889.0,1280.82
2019-04-26,2019,Perennial,Sugarcane,Uttar Pradesh,Lucknow,Tube Well,1358.76,106.0,72996.0,99184.04
2017-11-24,2017,Kharif,Rice,Punjab,Ludhiana,Tube Well,546.53,115.0,5132.0,2804.79
2023-04-25,2023,Perennial,Coffee,Kerala,Thrissur,Rainfed,300.7,196.0,1007.0,302.8
2021-11-25,2021,Perennial,Coffee,Tamil Nadu,Madurai,Canal,939.41,164.0,1273.0,1195.87
2015-06-23,2015,Zaid,Coconut,Tamil Nadu,Chennai,Tube Well,804.76,98.0,11216.0,9026.19
2021-09-17,2021,Rabi,Potato,Uttar Pradesh,Lucknow,Rainfed,1059.5,147.0,15507.0,16429.67
2022-08-21,2022,Rabi,Pulses,Rajasthan,Jaipur,Tube Well,202.93,131.0,1302.0,264.21
2018-09-30,2018,Perennial,Apple,Jammu and Kashmir,Srinagar,Rainfed,335.01,67.0,10769.0,3607.72
2021-12-22,2021,Kharif,Maize,Karnataka,Hubli,Tube Well,641.57,183.0,4391.0,2817.13
2016-03-18,2016,Rabi,Oilseeds,Maharashtra,Nagpur,Rainfed,586.46,173.0,3156.0,1850.87
2018-02-05,2018,Rabi,Oilseeds,Rajasthan,Jaipur,Rainfed,607.14,167.0,1517.0,921.03
2022-04-29,2022,Rabi,Wheat,Rajasthan,Jaipur,Tube Well,282.0,134.0,3890.0,1096.98
2018-02-23,2018,Rabi,Potato,Uttar Pradesh,Kanpur,Tube Well,984.35,83.0,17444.0,17171.0
2024-08-25,2024,Kharif,Cotton,Andhra Pradesh,Krishna,Rainfed,564.43,183.0,655.0,369.7
2022-03-30,2022,Rabi,Oilseeds,Rajasthan,Jodhpur,Tube Well,418.99,103.0,3396.0,1422.89
2020-06-03,2020,Perennial,Sugarcane,Karnataka,Bangalore,Tube Well,54.2,53.0,91686.0,4969.38
2019-08-31,2019,Kharif,Maize,Maharashtra,Nagpur,Tube Well,604.84,197.0,5855.0,3541.34
2025-09-10,2025,Perennial,Sugarcane,Tamil Nadu,Madurai,Canal,616.58,179.0,94433.0,58225.5
2024-02-02,2024,Rabi,Wheat,Haryana,Hisar,Canal,694.88,143.0,3452.0,2398.73
2018-08-08,2018,Perennial,Tea,Kerala,Thrissur,Rainfed,679.45,52.0,1655.0,1124.49
2016-01-13,2016,Rabi,Wheat,Bihar,Muzaffarpur,Rainfed,318.01,84.0,3327.0,1058.02
2016-06-26,2016,Zaid,Coconut,Andhra Pradesh,Visakhapatnam,Rainfed,1062.05,118.0,6163.0,6545.41
2015-06-16,2015,Kharif,Cotton,Telangana,Nizamabad,Rainfed,369.08,144.0,712.0,262.78
2019-03-30,2019,Perennial,Coffee,Kerala,Thrissur,Drip,558.68,156.0,1849.0,1033.0
2019-02-19,2019,Kharif,Oilseeds,Madhya Pradesh,Bhopal,Tube Well,78.51,168.0,3517.0,276.12
2022-10-11,2022,Perennial,Sugarcane,Tamil Nadu,Chennai,Drip,228.17,133.0,87984.0,20075.31
2020-03-11,2020,Perennial,Tea,West Bengal,Howrah,Canal,839.67,148.0,2258.0,1895.97
2022-06-07,2022,Kharif,Rice,Andhra Pradesh,Chittoor,Canal,24.67,172.0,6882.0,169.78
2023-07-21,2023,Kharif,Maize,Andhra Pradesh,Guntur,Rainfed,1162.55,158.0,5713.0,6641.65
2018-04-24,2018,Zaid,Coconut,Kerala,Kozhikode,Drip,160.6,193.0,8520.0,1368.31
2023-04-11,2023,Kharif,Rice,Telangana,Warangal,Canal,812.16,181.0,4782.0,3883.75
2022-01-09,2022,Perennial,Coffee,Kerala,Kozhikode,Rainfed,417.6,75.0,1392.0,581.3
2015-10-07,2015,Kharif,Pulses,Rajasthan,Udaipur,Rainfed,399.56,192.0,1653.0,660.47
2016-10-23,2016,Kharif,Cotton,Maharashtra,Nashik,Tube Well,118.53,81.0,1191.0,141.17
2016-02-27,2016,Perennial,Apple,Himachal Pradesh,Kangra,Rainfed,188.96,199.0,6916.0,1306.85
2022-06-29,2022,Rabi,Pulses,Madhya Pradesh,Bhopal,Rainfed,133.41,155.0,1959.0,261.35
2020-03-21,2020,Perennial,Coffee,Karnataka,Mysore,Drip,583.27,144.0,1641.0,957.15
2016-01-18,2016,Kharif,Oilseeds,Rajasthan,Jaipur,Tube Well,390.01,99.0,1706.0,665.36
2018-06-16,2018,Rabi,Wheat,Haryana,Hisar,Canal,996.44,70.0,3445.0,3432.74
2018-02-02,2018,Rabi,Potato,Uttar Pradesh,Kanpur,Canal,1318.63,69.0,14524.0,19151.78
2024-10-10,2024,Rabi,Wheat,Uttar Pradesh,Lucknow,Rainfed,707.59,180.0,4030.0,2851.59
2016-01-04,2016,Rabi,Oilseeds,Maharashtra,Nashik,Rainfed,311.03,115.0,2532.0,787.53
2018-02-10,2018,Rabi,Wheat,Uttar Pradesh,Kanpur,Tube Well,507.02,134.0,4003.0,2029.6
2017-07-07,2017,Rabi,Potato,Uttar Pradesh,Lucknow,Rainfed,1272.16,190.0,21934.0,27903.56
2024-07-31,2024,Kharif,Rice,Tamil Nadu,Chennai,Drip,168.99,88.0,4560.0,770.59
2020-09-18,2020,Zaid,Coconut,Kerala,Thrissur,Rainfed,505.53,165.0,4760.0,2406.32
2025-08-28,2025,Kharif,Cotton,Telangana,Hyderabad,Canal,21.65,121.0,952.0,20.61
2024-11-08,2024,Rabi,Pulses,Madhya Pradesh,Bhopal,Tube Well,204.08,82.0,1168.0,238.37
2017-08-09,2017,Kharif,Pulses,Maharashtra,Pune,Rainfed,772.92,178.0,1155.0,892.72
2021-03-21,2021,Rabi,Pulses,Madhya Pradesh,Bhopal,Rainfed,370.57,152.0,2118.0,784.87
2015-12-03,2015,Zaid,Coconut,Karnataka,Bangalore,Drip,547.97,64.0,7831.0,4291.15
2020-12-04,2020,Kharif,Pulses,Uttar Pradesh,Kanpur,Canal,994.24,131.0,1925.0,1913.91
2020-02-12,2020,Kharif,Cotton,Maharashtra,Mumbai,Drip,312.62,178.0,1743.0,544.9
2022-01-08,2022,Kharif,Maize,Telangana,Hyderabad,Rainfed,259.92,60.0,3893.0,1011.87
2022-11-07,2022,Rabi,Oilseeds,Maharashtra,Nashik,Rainfed,892.95,112.0,2081.0,1858.23
2018-05-23,2018,Perennial,Coffee,Kerala,Thrissur,Drip,435.25,171.0,1038.0,451.79
2022-03-22,2022,Kharif,Rice,Chhattisgarh,Raipur,Rainfed,20.06,179.0,3233.0,64.85
2016-05-01,2016,Zaid,Coconut,Tamil Nadu,Madurai,Canal,740.66,166.0,11900.0,8813.85
2023-01-06,2023,Kharif,Pulses,Uttar Pradesh,Lucknow,Canal,933.94,96.0,1622.0,1514.85
2022-07-10,2022,Rabi,Potato,West Bengal,Howrah,Canal,95.68,126.0,14882.0,1423.91
2023-12-25,2023,Perennial,Apple,Jammu and Kashmir,Srinagar,Rainfed,301.53,161.0,9907.0,2987.26
2019-08-03,2019,Kharif,Pulses,Rajasthan,Jodhpur,Tube Well,370.25,73.0,2139.0,791.96
2019-11-26,2019,Rabi,Potato,Uttar Pradesh,Varanasi,Rainfed,315.07,139.0,13063.0,4115.76
2017-01-06,2017,Kharif,Maize,Maharashtra,Mumbai,Drip,731.57,158.0,4645.0,3398.14
2024-06-11,2024,Kharif,Rice,Telangana,Warangal,Tube Well,539.96,177.0,3398.0,1834.78
2016-06-09,2016,Kharif,Maize,Telangana,Hyderabad,Canal,828.91,67.0,6279.0,5204.73
2019-08-02,2019,Kharif,Oilseeds,Madhya Pradesh,Bhopal,Tube Well,596.29,99.0,3269.0,1949.27
2024-01-13,2024,Rabi,Pulses,Madhya Pradesh,Bhopal,Tube Well,248.52,131.0,1147.0,285.05
2016-02-01,2016,Rabi,Pulses,Uttar Pradesh,Varanasi,Canal,186.02,155.0,2708.0,503.74
2020-03-19,2020,Rabi,Potato,West Bengal,Kolkata,Rainfed,939.97,160.0,24756.0,23269.9
2021-11-24,2021,Kharif,Maize,Andhra Pradesh,Visakhapatnam,Rainfed,1016.82,88.0,4410.0,4484.18
2023-11-07,2023,Kharif,Cotton,Andhra Pradesh,Krishna,Canal,218.62,52.0,726.0,158.72
2018-05-02,2018,Rabi,Pulses,Rajasthan,Jodhpur,Rainfed,52.87,154.0,1355.0,71.64
2024-03-28,2024,Perennial,Sugarcane,Uttar Pradesh,Kanpur,Canal,1070.68,186.0,148593.0,159095.55
2019-02-05,2019,Kharif,Pulses,Maharashtra,Nashik,Drip,942.13,170.0,2935.0,2765.15
2020-01-15,2020,Perennial,Tea,Assam,Cachar,Rainfed,149.94,143.0,2069.0,310.23
2019-05-25,2019,Rabi,Pulses,Uttar Pradesh,Varanasi,Tube Well,1005.64,197.0,2224.0,2236.54
2020-04-09,2020,Rabi,Potato,Uttar Pradesh,Varanasi,Tube Well,425.6,115.0,18467.0,7859.56
2020-02-09,2020,Rabi,Oilseeds,Rajasthan,Jodhpur,Tube Well,189.83,129.0,3871.0,734.83
2020-03-19,2020,Kharif,Maize,Karnataka,Hubli,Canal,363.72,52.0,6345.0,2307.8
2019-04-17,2019,Kharif,Oilseeds,Madhya Pradesh,Bhopal,Rainfed,421.11,192.0,2039.0,858.64
2023-12-13,2023,Rabi,Oilseeds,Gujarat,Ahmedabad,Tube Well,967.3,138.0,3559.0,3442.62
2015-09-03,2015,Kharif,Oilseeds,Maharashtra,Mumbai,Rainfed,653.25,109.0,1433.0,936.11
2019-11-15,2019,Perennial,Coffee,Karnataka,Mysore,Canal,334.87,57.0,868.0,290.67
2018-06-16,2018,Rabi,Wheat,Bihar,Patna,Rainfed,885.13,104.0,3572.0,3161.68
2018-07-05,2018,Kharif,Maize,Karnataka,Belgaum,Tube Well,70.05,51.0,5390.0,377.57
2019-01-12,2019,Zaid,Coconut,Andhra Pradesh,Krishna,Tube Well,958.54,99.0,10666.0,10223.79
2020-04-18,2020,Kharif,Oilseeds,Maharashtra,Nashik,Drip,1021.85,193.0,3452.0,3527.43
2021-08-19,2021,Rabi,Wheat,Uttar Pradesh,Kanpur,Rainfed,387.78,73.0,2120.0,822.09
2017-08-25,2017,Rabi,Pulses,Rajasthan,Udaipur,Rainfed,146.82,132.0,1278.0,187.64
2017-08-26,2017,Perennial,Tea,West Bengal,Kolkata,Rainfed,963.42,78.0,1767.0,1702.36
2022-05-17,2022,Zaid,Coconut,Kerala,Kozhikode,Drip,451.51,168.0,9240.0,4171.95
2025-04-09,2025,Rabi,Wheat,Bihar,Muzaffarpur,Canal,55.55,134.0,4216.0,234.2
2023-06-06,2023,Rabi,Pulses,Rajasthan,Jodhpur,Rainfed,624.67,80.0,1401.0,875.16
2021-08-12,2021,Perennial,Apple,Himachal Pradesh,Mandi,Rainfed,181.01,180.0,16362.0,2961.69
2021-02-27,2021,Kharif,Oilseeds,Maharashtra,Nashik,Rainfed,451.38,168.0,1659.0,748.84
2018-08-10,2018,Kharif,Oilseeds,Maharashtra,Pune,Tube Well,839.84,193.0,2778.0,2333.08
2024-12-20,2024,Kharif,Pulses,Maharashtra,Mumbai,Drip,863.09,50.0,2472.0,2133.56
2019-09-19,2019,Kharif,Oilseeds,Gujarat,Ahmedabad,Rainfed,430.45,119.0,1407.0,605.64
2020-01-02,2020,Rabi,Pulses,Rajasthan,Udaipur,Tube Well,108.86,200.0,2595.0,282.49
2018-07-15,2018,Rabi,Potato,Uttar Pradesh,Varanasi,Rainfed,832.88,172.0,15163.0,12628.96
2024-09-12,2024,Rabi,Potato,West Bengal,Darjeeling,Canal,691.45,175.0,40501.0,28004.42
2021-09-24,2021,Kharif,Rice,Punjab,Ludhiana,Canal,1291.73,143.0,4930.0,6368.23
2024-02-05,2024,Zaid,Coconut,Tamil Nadu,Madurai,Drip,538.04,157.0,17872.0,9615.85
2018-10-08,2018,Kharif,Maize,Telangana,Nizamabad,Canal,584.67,171.0,5232.0,3058.99
2019-02-21,2019,Rabi,Potato,Bihar,Gaya,Tube Well,63.86,64.0,28087.0,1793.64
2021-11-14,2021,Rabi,Oilseeds,Rajasthan,Udaipur,Tube Well,627.22,154.0,3321.0,2083.0
2025-07-11,2025,Kharif,Pulses,Rajasthan,Udaipur,Rainfed,235.78,172.0,1862.0,439.02
2015-09-07,2015,Kharif,Cotton,Gujarat,Rajkot,Tube Well,762.34,56.0,560.0,426.91
2021-09-05,2021,Kharif,Rice,Bihar,Muzaffarpur,Canal,916.89,95.0,3748.0,3436.5
2019-02-23,2019,Perennial,Apple,Jammu and Kashmir,Srinagar,Rainfed,326.11,99.0,8281.0,2700.52
2015-07-21,2015,Perennial,Tea,Assam,Cachar,Rainfed,513.79,178.0,1680.0,863.17
2017-07-26,2017,Rabi,Wheat,Haryana,Karnal,Tube Well,988.01,167.0,4754.0,4697.0
2025-03-20,2025,Kharif,Rice,Odisha,Bhubaneswar,Canal,829.61,148.0,3106.0,2576.77
2024-07-03,2024,Rabi,Oilseeds,Maharashtra,Pune,Rainfed,1057.6,171.0,2750.0,2908.4
2017-03-15,2017,Zaid,Coconut,Karnataka,Belgaum,Tube Well,674.75,118.0,10729.0,7239.39
2016-07-02,2016,Zaid,Coconut,Karnataka,Hubli,Drip,727.99,181.0,8493.0,6182.82
2016-12-30,2016,Kharif,Cotton,Gujarat,Surat,Rainfed,185.25,85.0,559.0,103.55
2024-06-02,2024,Kharif,Rice,Odisha,Bhubaneswar,Rainfed,428.45,156.0,2501.0,1071.55
2022-03-18,2022,Zaid,Coconut,Andhra Pradesh,Guntur,Tube Well,368.19,86.0,9459.0,3482.71
2016-02-28,2016,Kharif,Rice,Andhra Pradesh,Guntur,Canal,524.05,56.0,4596.0,2408.53
2018-10-25,2018,Kharif,Maize,Karnataka,Bangalore,Canal,731.85,93.0,6181.0,4523.56
2017-07-25,2017,Kharif,Rice,Punjab,Ludhiana,Canal,232.24,124.0,6732.0,1563.44
2025-02-24,2025,Rabi,Wheat,Haryana,Karnal,Canal,34.15,177.0,3900.0,133.18
2016-03-28,2016,Perennial,Coffee,Tamil Nadu,Chennai,Canal,442.65,126.0,1745.0,772.42
2018-03-21,2018,Perennial,Coffee,Kerala,Kozhikode,Drip,264.53,77.0,1611.0,426.16
2022-05-22,2022,Rabi,Potato,Uttar Pradesh,Kanpur,Tube Well,636.44,199.0,16758.0,10665.46
2018-01-24,2018,Rabi,Pulses,Rajasthan,Jodhpur,Rainfed,652.54,91.0,1866.0,1217.64
2016-07-18,2016,Kharif,Oilseeds,Gujarat,Rajkot,Rainfed,851.43,198.0,3339.0,2842.92
2020-01-29,2020,Rabi,Pulses,Madhya Pradesh,Bhopal,Tube Well,268.69,190.0,1878.0,504.6
2016-08-04,2016,Kharif,Maize,Madhya Pradesh,Bhopal,Tube Well,151.63,131.0,5683.0,861.71
2022-06-23,2022,Rabi,Oilseeds,Gujarat,Rajkot,Tube Well,745.99,64.0,3120.0,2327.49
2023-10-02,2023,Kharif,Cotton,Telangana,Hyderabad,Rainfed,595.24,154.0,865.0,514.88
2017-11-11,2017,Kharif,Rice,Odisha,Bhubaneswar,Rainfed,440.42,177.0,4963.0,2185.8
2022-03-11,2022,Kharif,Rice,Andhra Pradesh,Guntur,Tube Well,263.19,117.0,2750.0,723.77
2020-09-28,2020,Kharif,Pulses,Uttar Pradesh,Kanpur,Rainfed,52.55,86.0,1062.0,55.81
2018-06-12,2018,Kharif,Oilseeds,Maharashtra,Pune,Rainfed,352.7,170.0,1319.0,465.21
2015-12-09,2015,Kharif,Cotton,Andhra Pradesh,Visakhapatnam,Rainfed,554.03,132.0,800.0,443.22
2015-02-10,2015,Perennial,Sugarcane,Maharashtra,Pune,Tube Well,1026.44,80.0,113011.0,115999.01
2020-12-31,2020,Rabi,Wheat,Uttar Pradesh,Lucknow,Canal,1282.09,192.0,4837.0,6201.47
2020-12-03,2020,Rabi,Wheat,Punjab,Ludhiana,Tube Well,625.27,192.0,4490.0,2807.46
2019-12-02,2019,Perennial,Coffee,Karnataka,Belgaum,Tube Well,877.78,105.0,1106.0,970.82
2018-08-25,2018,Perennial,Tea,West Bengal,Darjeeling,Rainfed,1092.75,60.0,1006.0,1099.31
2025-04-11,2025,Rabi,Oilseeds,Maharashtra,Nagpur,Rainfed,934.43,145.0,2713.0,2535.11
2015-05-16,2015,Perennial,Coffee,Kerala,Thrissur,Drip,585.59,98.0,1467.0,859.06
2020-05-18,2020,Kharif,Pulses,Rajasthan,Udaipur,Tube Well,637.58,60.0,2249.0,1433.92
2015-09-14,2015,Kharif,Cotton,Gujarat,Ahmedabad,Tube Well,412.39,184.0,1087.0,448.27
2017-04-02,2017,Rabi,Oilseeds,Madhya Pradesh,Bhopal,Tube Well,18.85,200.0,2695.0,50.8
2021-02-23,2021,Rabi,Pulses,Madhya Pradesh,Bhopal,Rainfed,789.71,103.0,1960.0,1547.83
2023-09-01,2023,Rabi,Wheat,Uttar Pradesh,Varanasi,Canal,740.8,162.0,3352.0,2483.16
2019-09-13,2019,Kharif,Rice,Telangana,Hyderabad,Canal,709.25,60.0,3375.0,2393.72
2015-10-04,2015,Kharif,Oilseeds,Maharashtra,Nashik,Drip,1058.11,105.0,2742.0,2901.34
2025-03-21,2025,Rabi,Oilseeds,Rajasthan,Jaipur,Rainfed,284.29,66.0,1901.0,540.44
2022-02-11,2022,Kharif,Rice,Bihar,Muzaffarpur,Rainfed,545.86,58.0,3334.0,1819.9
2021-08-27,2021,Rabi,Pulses,Rajasthan,Jodhpur,Tube Well,382.54,138.0,1426.0,545.5
2016-11-23,2016,Rabi,Pulses,Madhya Pradesh,Bhopal,Rainfed,183.97,170.0,2134.0,392.59
2025-02-26,2025,Zaid,Coconut,Karnataka,Belgaum,Drip,138.23,118.0,13672.0,1889.88
2019-06-06,2019,Zaid,Coconut,Kerala,Ernakulam,Rainfed,439.42,129.0,6324.0,2778.89
2019-09-21,2019,Perennial,Sugarcane,Maharashtra,Pune,Rainfed,164.98,91.0,63014.0,10396.05
2021-08-22,2021,Rabi,Wheat,Bihar,Gaya,Canal,352.63,160.0,5506.0,1941.58
2017-12-23,2017,Zaid,Coconut,Kerala,Thrissur,Drip,157.01,104.0,9754.0,1531.48
2021-02-24,2021,Rabi,Wheat,Bihar,Gaya,Rainfed,709.85,60.0,2857.0,2028.04
2025-02-02,2025,Kharif,Pulses,Madhya Pradesh,Bhopal,Tube Well,698.89,75.0,1140.0,796.73
2015-08-21,2015,Kharif,Maize,Andhra Pradesh,Chittoor,Canal,697.72,69.0,4677.0,3263.24
2019-09-08,2019,Kharif,Pulses,Rajasthan,Udaipur,Tube Well,293.01,115.0,1689.0,494.89
2017-12-15,2017,Rabi,Potato,Punjab,Amritsar,Tube Well,1495.0,60.0,27123.0,40548.88
2024-02-25,2024,Rabi,Potato,Bihar,Patna,Tube Well,31.0,171.0,22288.0,690.93
2024-07-08,2024,Perennial,Tea,Kerala,Kozhikode,Drip,250.43,186.0,3858.0,966.16
2025-03-25,2025,Kharif,Rice,Uttar Pradesh,Kanpur,Rainfed,425.22,87.0,2572.0,1093.67
2016-03-04,2016,Kharif,Rice,Andhra Pradesh,Visakhapatnam,Canal,433.88,123.0,5964.0,2587.66
2022-11-27,2022,Perennial,Tea,West Bengal,Howrah,Canal,261.35,128.0,2146.0,560.86
2020-07-22,2020,Kharif,Pulses,Madhya Pradesh,Bhopal,Rainfed,218.77,198.0,2100.0,459.42
2022-01-19,2022,Rabi,Potato,Bihar,Muzaffarpur,Canal,265.1,60.0,34838.0,9235.55
2020-03-26,2020,Rabi,Wheat,Rajasthan,Jaipur,Tube Well,358.96,150.0,3276.0,1175.95
2024-06-05,2024,Rabi,Pulses,Uttar Pradesh,Lucknow,Rainfed,592.67,102.0,1381.0,818.48
2024-09-12,2024,Kharif,Cotton,Maharashtra,Pune,Rainfed,834.67,125.0,542.0,452.39
2017-01-26,2017,Kharif,Maize,Karnataka,Hubli,Canal,570.7,83.0,6546.0,3735.8
2021-01-26,2021,Kharif,Oilseeds,Madhya Pradesh,Bhopal,Tube Well,154.9,74.0,3211.0,497.38
2017-08-01,2017,Rabi,Oilseeds,Maharashtra,Nagpur,Rainfed,1054.96,87.0,1720.0,1814.53
2025-03-07,2025,Rabi,Oilseeds,Maharashtra,Mumbai,Drip,619.13,61.0,2291.0,1418.43
2025-06-13,2025,Kharif,Pulses,Madhya Pradesh,Bhopal,Tube Well,131.05,92.0,1302.0,170.63
2020-09-24,2020,Rabi,Potato,Bihar,Purnia,Tube Well,175.21,154.0,22409.0,3926.28
2019-10-23,2019,Perennial,Tea,West Bengal,Darjeeling,Rainfed,878.7,148.0,1599.0,1405.04
2019-02-26,2019,Kharif,Rice,Assam,Dibrugarh,Rainfed,565.36,133.0,2589.0,1463.72
2021-09-14,2021,Rabi,Potato,Uttar Pradesh,Lucknow,Rainfed,764.73,50.0,14579.0,11149.0
2024-05-20,2024,Rabi,Potato,Bihar,Gaya,Tube Well,313.02,69.0,33597.0,10516.53
2015-11-22,2015,Kharif,Pulses,Maharashtra,Mumbai,Drip,604.07,176.0,1863.0,1125.38
2024-09-30,2024,Kharif,Rice,Chhattisgarh,Raipur,Rainfed,449.17,91.0,2749.0,1234.77
2019-08-08,2019,Rabi,Wheat,Uttar Pradesh,Lucknow,Tube Well,1320.13,187.0,4057.0,5355.77
2024-06-24,2024,Perennial,Coffee,Karnataka,Mysore,Canal,615.9,181.0,2211.0,1361.75
2023-09-22,2023,Perennial,Sugarcane,Tamil Nadu,Coimbatore,Drip,311.64,73.0,115359.0,35950.48
2016-10-13,2016,Rabi,Oilseeds,Madhya Pradesh,Bhopal,Rainfed,43.76,185.0,1604.0,70.19
2015-03-01,2015,Zaid,Coconut,Karnataka,Mysore,Tube Well,201.25,144.0,13690.0,2755.11
2015-08-02,2015,Kharif,Pulses,Uttar Pradesh,Varanasi,Canal,978.76,145.0,2455.0,2402.86
2020-09-18,2020,Rabi,Wheat,Punjab,Patiala,Tube Well,249.05,178.0,5634.0,1403.15
2016-06-13,2016,Rabi,Pulses,Rajasthan,Jaipur,Tube Well,342.26,111.0,2412.0,825.53
2022-03-06,2022,Kharif,Cotton,Maharashtra,Nashik,Drip,911.65,160.0,726.0,661.86
2018-01-06,2018,Zaid,Coconut,Karnataka,Bangalore,Canal,345.97,150.0,10997.0,3804.63
2021-07-10,2021,Rabi,Oilseeds,Madhya Pradesh,Bhopal,Rainfed,538.59,166.0,2668.0,1436.96
2017-09-22,2017,Kharif,Cotton,Andhra Pradesh,Krishna,Canal,701.48,149.0,1694.0,1188.31
2022-05-04,2022,Perennial,Apple,Himachal Pradesh,Shimla,Rainfed,225.08,62.0,5393.0,1213.86
2015-06-24,2015,Kharif,Rice,Odisha,Bhubaneswar,Canal,808.55,94.0,4053.0,3277.05
2023-04-24,2023,Kharif,Cotton,Andhra Pradesh,Visakhapatnam,Rainfed,833.55,191.0,916.0,763.53
2023-09-17,2023,Kharif,Oilseeds,Madhya Pradesh,Bhopal,Tube Well,294.87,84.0,2243.0,661.39
2018-07-17,2018,Zaid,Coconut,Kerala,Ernakulam,Rainfed,645.37,121.0,7859.0,5071.96
2020-08-05,2020,Zaid,Coconut,Andhra Pradesh,Guntur,Tube Well,888.34,104.0,8859.0,7869.8
2015-11-08,2015,Kharif,Rice,Uttar Pradesh,Lucknow,Tube Well,1189.61,63.0,5796.0,6894.98
2019-05-02,2019,Rabi,Wheat,Madhya Pradesh,Bhopal,Tube Well,516.36,77.0,4371.0,2257.01
2019-10-12,2019,Kharif,Cotton,Gujarat,Ahmedabad,Tube Well,461.45,93.0,1236.0,570.35
2021-01-29,2021,Zaid,Coconut,Karnataka,Mysore,Drip,389.95,119.0,10364.0,4041.44
2022-10-26,2022,Rabi,Wheat,Rajasthan,Jodhpur,Rainfed,461.36,181.0,4274.0,1971.85
2021-03-06,2021,Rabi,Potato,West Bengal,Howrah,Canal,152.68,127.0,16433.0,2508.99
2019-08-23,2019,Perennial,Coffee,Kerala,Ernakulam,Rainfed,657.73,148.0,693.0,455.81
2018-01-10,2018,Kharif,Maize,Maharashtra,Mumbai,Rainfed,487.73,114.0,5951.0,2902.48
2024-06-04,2024,Kharif,Cotton,Telangana,Hyderabad,Tube Well,571.03,181.0,1239.0,707.51
2016-10-22,2016,Rabi,Oilseeds,Rajasthan,Jaipur,Tube Well,354.35,149.0,1817.0,643.85
2021-01-25,2021,Perennial,Tea,Assam,Kamrup,Rainfed,420.27,64.0,2242.0,942.25
2025-04-04,2025,Kharif,Rice,Telangana,Nizamabad,Tube Well,666.83,122.0,6479.0,4320.39
2018-01-24,2018,Kharif,Pulses,Madhya Pradesh,Bhopal,Tube Well,505.07,174.0,2666.0,1346.52
2016-01-28,2016,Kharif,Cotton,Gujarat,Rajkot,Rainfed,307.87,160.0,649.0,199.81
2025-04-08,2025,Rabi,Pulses,Maharashtra,Nagpur,Rainfed,105.75,186.0,1298.0,137.26
2015-10-17,2015,Kharif,Rice,Bihar,Purnia,Tube Well,841.83,84.0,3956.0,3330.28
2021-09-14,2021,Rabi,Oilseeds,Maharashtra,Nagpur,Tube Well,1151.51,197.0,3212.0,3698.65
2015-05-27,2015,Perennial,Sugarcane,Tamil Nadu,Madurai,Drip,189.3,93.0,135219.0,25596.96
2024-09-27,2024,Rabi,Oilseeds,Madhya Pradesh,Bhopal,Rainfed,254.49,58.0,2663.0,677.71
2018-05-16,2018,Kharif,Oilseeds,Madhya Pradesh,Bhopal,Tube Well,233.05,124.0,3752.0,874.4
2018-10-01,2018,Rabi,Potato,Uttar Pradesh,Kanpur,Rainfed,1406.8,67.0,10968.0,15429.78
2023-05-23,2023,Kharif,Rice,West Bengal,Howrah,Canal,233.21,152.0,6171.0,1439.14
2025-05-10,2025,Perennial,Apple,Himachal Pradesh,Kangra,Rainfed,91.6,185.0,15737.0,1441.51
2017-04-26,2017,Rabi,Oilseeds,Madhya Pradesh,Bhopal,Rainfed,153.65,188.0,1914.0,294.09
2017-04-22,2017,Kharif,Rice,Uttar Pradesh,Varanasi,Tube Well,1097.51,141.0,3614.0,3966.4
2018-08-22,2018,Rabi,Potato,Punjab,Amritsar,Canal,1333.15,130.0,34757.0,46336.29
2025-01-11,2025,Rabi,Oilseeds,Madhya Pradesh,Bhopal,Tube Well,320.76,199.0,1764.0,565.82
2019-01-05,2019,Rabi,Oilseeds,Maharashtra,Pune,Drip,185.54,137.0,4229.0,784.65
2019-11-27,2019,Kharif,Cotton,Gujarat,Rajkot,Tube Well,707.01,189.0,771.0,545.1
2024-10-23,2024,Perennial,Coffee,Kerala,Kozhikode,Drip,175.85,187.0,1525.0,268.17
2023-01-30,2023,Perennial,Coffee,Kerala,Thrissur,Rainfed,60.68,93.0,1449.0,87.93
2017-10-30,2017,Rabi,Potato,Uttar Pradesh,Varanasi,Canal,1330.48,52.0,35860.0,47711.01
2024-01-07,2024,Perennial,Tea,West Bengal,Darjeeling,Canal,959.22,116.0,2940.0,2820.11
2021-12-04,2021,Kharif,Rice,Odisha,Bhubaneswar,Canal,878.56,179.0,6820.0,5991.78
2023-02-16,2023,Rabi,Wheat,Bihar,Gaya,Rainfed,479.26,175.0,4426.0,2121.2
2016-12-08,2016,Rabi,Potato,Uttar Pradesh,Varanasi,Tube Well,448.06,141.0,38806.0,17387.42
2022-10-30,2022,Rabi,Wheat,Bihar,Purnia,Tube Well,772.09,73.0,3902.0,3012.7
2021-02-21,2021,Rabi,Oilseeds,Gujarat,Surat,Rainfed,224.79,66.0,2293.0,515.44
2018-07-25,2018,Kharif,Maize,Karnataka,Bangalore,Drip,275.19,193.0,7686.0,2115.11
2024-07-19,2024,Kharif,Pulses,Madhya Pradesh,Bhopal,Rainfed,211.99,113.0,1427.0,302.51
2020-03-01,2020,Kharif,Oilseeds,Maharashtra,Nagpur,Rainfed,1237.59,147.0,2968.0,3673.17
2018-04-04,2018,Kharif,Oilseeds,Maharashtra,Pune,Drip,951.47,186.0,3937.0,3745.94
2021-05-21,2021,Zaid,Coconut,Andhra Pradesh,Guntur,Canal,169.1,180.0,16448.0,2781.36
2023-09-18,2023,Kharif,Cotton,Gujarat,Surat,Tube Well,120.49,135.0,641.0,77.23
2023-05-22,2023,Kharif,Rice,Andhra Pradesh,Krishna,Rainfed,1012.95,123.0,3847.0,3896.82
2024-07-12,2024,Rabi,Potato,Bihar,Purnia,Tube Well,804.25,160.0,23276.0,18719.72
2017-11-14,2017,Rabi,Oilseeds,Gujarat,Ahmedabad,Rainfed,808.48,102.0,2014.0,1628.28
2021-12-15,2021,Perennial,Tea,West Bengal,Kolkata,Rainfed,223.75,144.0,2052.0,459.14
2016-09-14,2016,Rabi,Potato,West Bengal,Howrah,Canal,533.51,53.0,32492.0,17334.81
2018-10-25,2018,Kharif,Maize,Karnataka,Bangalore,Canal,666.97,174.0,4636.0,3092.07
2024-03-02,2024,Perennial,Tea,West Bengal,Howrah,Canal,1026.03,200.0,1944.0,1994.6
2017-12-12,2017,Rabi,Wheat,Madhya Pradesh,Bhopal,Rainfed,143.84,193.0,4448.0,639.8
2020-08-29,2020,Kharif,Rice,Tamil Nadu,Madurai,Tube Well,571.84,104.0,6246.0,3571.71
2025-03-05,2025,Rabi,Pulses,Uttar Pradesh,Kanpur,Tube Well,245.05,130.0,1156.0,283.28
2021-11-04,2021,Perennial,Apple,Jammu and Kashmir,Srinagar,Rainfed,183.1,85.0,8010.0,1466.63
2024-10-31,2024,Kharif,Cotton,Telangana,Warangal,Tube Well,188.12,95.0,511.0,96.13
2017-12-30,2017,Kharif,Cotton,Maharashtra,Pune,Rainfed,1088.68,119.0,1030.0,1121.34
2023-05-05,2023,Kharif,Oilseeds,Madhya Pradesh,Bhopal,Tube Well,211.24,162.0,3327.0,702.8
2023-10-21,2023,Kharif,Oilseeds,Gujarat,Vadodara,Tube Well,506.35,53.0,2464.0,1247.65
2021-05-07,2021,Rabi,Potato,Punjab,Patiala,Tube Well,617.6,109.0,30642.0,18924.5
2019-02-26,2019,Rabi,Potato,West Bengal,Howrah,Canal,954.26,133.0,29042.0,27713.62
2023-06-10,2023,Kharif,Rice,Bihar,Purnia,Tube Well,760.22,82.0,3324.0,2526.97
2016-02-23,2016,Perennial,Tea,Kerala,Kozhikode,Rainfed,55.48,62.0,1964.0,108.96
2017-07-12,2017,Zaid,Coconut,Kerala,Thrissur,Rainfed,63.0,131.0,10736.0,676.37
2017-12-28,2017,Rabi,Pulses,Rajasthan,Jaipur,Rainfed,390.33,146.0,1958.0,764.27
2020-02-15,2020,Perennial,Apple,Himachal Pradesh,Kangra,Rainfed,219.58,146.0,15599.0,3425.23
2016-10-07,2016,Kharif,Rice,Uttar Pradesh,Varanasi,Rainfed,420.62,103.0,4223.0,1776.28
2018-09-28,2018,Rabi,Potato,Bihar,Patna,Rainfed,794.69,86.0,10701.0,8503.98
2021-11-18,2021,Rabi,Pulses,Uttar Pradesh,Lucknow,Canal,201.67,83.0,1055.0,212.76
2020-07-18,2020,Perennial,Apple,Himachal Pradesh,Mandi,Rainfed,487.29,56.0,11293.0,5502.97
2021-02-05,2021,Zaid,Coconut,Karnataka,Belgaum,Tube Well,36.27,78.0,5402.0,195.93
2022-02-10,2022,Kharif,Pulses,Uttar Pradesh,Kanpur,Rainfed,186.16,173.0,1322.0,246.1
2024-02-16,2024,Perennial,Tea,Assam,Dibrugarh,Rainfed,255.94,50.0,1084.0,277.44
2020-11-06,2020,Kharif,Cotton,Andhra Pradesh,Visakhapatnam,Rainfed,615.89,57.0,1072.0,660.23
2016-12-28,2016,Perennial,Sugarcane,Maharashtra,Nashik,Drip,288.82,69.0,85401.0,24665.52
2025-08-31,2025,Perennial,Coffee,Tamil Nadu,Madurai,Canal,812.47,113.0,750.0,609.35
2016-12-12,2016,Kharif,Cotton,Telangana,Nizamabad,Canal,328.21,100.0,1531.0,502.49
2022-06-03,2022,Zaid,Coconut,Andhra Pradesh,Visakhapatnam,Tube Well,55.86,77.0,10751.0,600.55
2018-07-27,2018,Kharif,Cotton,Telangana,Warangal,Tube Well,791.17,67.0,510.0,403.5
2017-04-23,2017,Rabi,Pulses,Rajasthan,Jaipur,Tube Well,661.27,191.0,2654.0,1755.01
2022-05-31,2022,Rabi,Wheat,Punjab,Ludhiana,Canal,931.66,187.0,3524.0,3283.17
2017-08-21,2017,Rabi,Wheat,Punjab,Ludhiana,Canal,1211.74,166.0,5329.0,6457.36
2021-10-15,2021,Perennial,Apple,Jammu and Kashmir,Srinagar,Rainfed,57.23,88.0,10679.0,611.16
2020-12-07,2020,Rabi,Oilseeds,Madhya Pradesh,Bhopal,Tube Well,222.37,99.0,1710.0,380.25
2024-06-02,2024,Rabi,Oilseeds,Gujarat,Rajkot,Rainfed,397.03,150.0,2706.0,1074.36
2024-01-03,2024,Perennial,Sugarcane,Uttar Pradesh,Kanpur,Canal,1441.52,94.0,94950.0,136872.32
2022-02-23,2022,Perennial,Apple,Himachal Pradesh,Mandi,Rainfed,260.99,130.0,11882.0,3101.08
2019-05-21,2019,Kharif,Oilseeds,Maharashtra,Pune,Rainfed,19.56,148.0,2948.0,57.66
2017-03-27,2017,Perennial,Coffee,Tamil Nadu,Madurai,Drip,424.4,128.0,1099.0,466.42
2020-09-26,2020,Kharif,Cotton,Gujarat,Surat,Rainfed,19.22,112.0,701.0,13.47
2023-08-12,2023,Perennial,Apple,Himachal Pradesh,Kangra,Rainfed,126.52,102.0,14877.0,1882.24
2025-01-30,2025,Kharif,Pulses,Madhya Pradesh,Bhopal,Tube Well,369.21,167.0,2001.0,738.79
2024-12-26,2024,Kharif,Pulses,Madhya Pradesh,Bhopal,Rainfed,265.48,161.0,1617.0,429.28
2023-05-21,2023,Rabi,Potato,Punjab,Patiala,Tube Well,58.77,154.0,21823.0,1282.54
2019-02-28,2019,Rabi,Potato,Uttar Pradesh,Varanasi,Canal,183.34,106.0,24447.0,4482.11
2024-05-04,2024,Kharif,Rice,Uttar Pradesh,Varanasi,Tube Well,830.82,166.0,4965.0,4125.02
2015-06-12,2015,Kharif,Maize,Telangana,Nizamabad,Rainfed,629.09,194.0,4376.0,2752.9
2022-02-03,2022,Rabi,Wheat,Madhya Pradesh,Bhopal,Rainfed,329.59,153.0,2688.0,885.94
2020-03-10,2020,Perennial,Apple,Jammu and Kashmir,Srinagar,Rainfed,295.28,111.0,11113.0,3281.45
2025-06-12,2025,Kharif,Pulses,Madhya Pradesh,Bhopal,Rainfed,139.03,169.0,1137.0,158.08
2022-04-05,2022,Kharif,Pulses,Rajasthan,Jaipur,Tube Well,94.22,141.0,1990.0,187.5
2022-06-27,2022,Rabi,Pulses,Rajasthan,Udaipur,Rainfed,589.22,182.0,1874.0,1104.2
2023-02-28,2023,Kharif,Pulses,Rajasthan,Jaipur,Rainfed,244.06,157.0,1134.0,276.76
2025-08-09,2025,Perennial,Sugarcane,Uttar Pradesh,Kanpur,Rainfed,654.05,165.0,96634.0,63203.47
2015-02-17,2015,Perennial,Tea,Kerala,Ernakulam,Rainfed,758.59,150.0,1663.0,1261.54
2022-04-22,2022,Rabi,Pulses,Madhya Pradesh,Bhopal,Rainfed,345.05,64.0,1842.0,635.58
2021-08-04,2021,Kharif,Maize,Madhya Pradesh,Bhopal,Rainfed,12.76,123.0,6124.0,78.14
2019-06-18,2019,Zaid,Coconut,Karnataka,Belgaum,Tube Well,1032.39,58.0,12138.0,12531.15
2024-07-26,2024,Rabi,Potato,Uttar Pradesh,Lucknow,Canal,31.04,117.0,22935.0,711.9
2016-07-30,2016,Perennial,Tea,West Bengal,Darjeeling,Rainfed,731.89,157.0,2629.0,1924.14
2022-04-20,2022,Rabi,Potato,West Bengal,Howrah,Canal,361.95,113.0,40503.0,14660.06
2017-03-23,2017,Zaid,Coconut,Kerala,Thrissur,Drip,381.61,50.0,9623.0,3672.23
2018-09-25,2018,Rabi,Pulses,Maharashtra,Nashik,Drip,716.0,105.0,2133.0,1527.23
2023-12-11,2023,Rabi,Pulses,Rajasthan,Jodhpur,Rainfed,291.84,60.0,741.0,216.25
2022-09-03,2022,Perennial,Sugarcane,Tamil Nadu,Madurai,Drip,854.06,167.0,80482.0,68736.46
2017-05-07,2017,Rabi,Oilseeds,Madhya Pradesh,Bhopal,Tube Well,745.26,168.0,2844.0,2119.52
2016-12-07,2016,Rabi,Potato,Bihar,Patna,Canal,95.55,171.0,33066.0,3159.46
2018-07-05,2018,Kharif,Oilseeds,Maharashtra,Mumbai,Drip,1042.33,55.0,2051.0,2137.82
2021-07-18,2021,Rabi,Pulses,Rajasthan,Udaipur,Tube Well,98.78,55.0,1067.0,105.4
2023-01-11,2023,Rabi,Pulses,Rajasthan,Jodhpur,Rainfed,65.39,186.0,1990.0,130.13
2021-07-06,2021,Kharif,Cotton,Telangana,Hyderabad,Tube Well,860.69,69.0,877.0,754.83
2021-01-19,2021,Kharif,Pulses,Madhya Pradesh,Bhopal,Rainfed,396.55,151.0,1708.0,677.31
2025-03-03,2025,Rabi,Oilseeds,Rajasthan,Jodhpur,Tube Well,115.3,169.0,3275.0,377.61
2023-05-08,2023,Zaid,Coconut,Karnataka,Hubli,Canal,631.25,117.0,11396.0,7193.72
2017-05-01,2017,Rabi,Potato,Uttar Pradesh,Kanpur,Tube Well,402.22,132.0,18165.0,7306.33
2018-07-24,2018,Kharif,Pulses,Madhya Pradesh,Bhopal,Tube Well,376.8,84.0,1891.0,712.53
2016-01-02,2016,Rabi,Potato,Bihar,Gaya,Canal,628.41,189.0,25215.0,15845.36
2017-09-21,2017,Kharif,Oilseeds,Madhya Pradesh,Bhopal,Tube Well,696.72,95.0,3307.0,2304.05
2024-06-19,2024,Rabi,Wheat,Punjab,Amritsar,Canal,14.59,83.0,3053.0,44.54
2018-03-05,2018,Kharif,Maize,Bihar,Patna,Tube Well,222.0,129.0,5158.0,1145.08
2020-06-16,2020,Kharif,Pulses,Uttar Pradesh,Varanasi,Tube Well,153.44,79.0,1616.0,247.96
2020-12-22,2020,Kharif,Oilseeds,Maharashtra,Mumbai,Drip,135.26,153.0,3739.0,505.74
2019-01-13,2019,Kharif,Cotton,Maharashtra,Pune,Tube Well,1230.05,127.0,1296.0,1594.14
2021-02-10,2021,Kharif,Oilseeds,Rajasthan,Jodhpur,Rainfed,655.9,72.0,1573.0,1031.73
2017-06-21,2017,Kharif,Oilseeds,Rajasthan,Jodhpur,Rainfed,527.02,60.0,1856.0,978.15
2015-12-19,2015,Rabi,Oilseeds,Maharashtra,Mumbai,Drip,839.55,71.0,1913.0,1606.06
2017-08-19,2017,Rabi,Pulses,Maharashtra,Pune,Rainfed,1103.88,70.0,1614.0,1781.66
2019-12-17,2019,Kharif,Oilseeds,Maharashtra,Mumbai,Drip,85.35,97.0,1906.0,162.68
2016-12-01,2016,Perennial,Apple,Jammu and Kashmir,Srinagar,Rainfed,56.6,175.0,14843.0,840.11
2018-05-16,2018,Kharif,Pulses,Maharashtra,Mumbai,Rainfed,419.08,59.0,1763.0,738.84
2021-09-26,2021,Rabi,Wheat,Rajasthan,Udaipur,Rainfed,584.42,69.0,3721.0,2174.63
2019-08-19,2019,Kharif,Maize,Telangana,Hyderabad,Tube Well,430.29,95.0,6983.0,3004.72
2023-09-19,2023,Kharif,Cotton,Maharashtra,Nagpur,Rainfed,659.61,133.0,606.0,399.72
2021-07-03,2021,Rabi,Pulses,Rajasthan,Udaipur,Tube Well,168.19,164.0,1836.0,308.8
2022-01-16,2022,Rabi,Potato,West Bengal,Howrah,Rainfed,716.74,188.0,13524.0,9693.19
2020-06-06,2020,Perennial,Coffee,Kerala,Kozhikode,Drip,711.4,112.0,934.0,664.45
2016-09-10,2016,Rabi,Potato,West Bengal,Darjeeling,Canal,369.17,66.0,13615.0,5026.25
2021-05-30,2021,Perennial,Sugarcane,Uttar Pradesh,Varanasi,Canal,932.59,82.0,104767.0,97704.66
2023-11-07,2023,Kharif,Oilseeds,Madhya Pradesh,Bhopal,Rainfed,272.24,93.0,2020.0,549.92
2020-01-26,2020,Kharif,Oilseeds,Gujarat,Ahmedabad,Rainfed,953.34,168.0,3153.0,3005.88
2023-10-24,2023,Kharif,Cotton,Andhra Pradesh,Guntur,Rainfed,575.2,153.0,836.0,480.87
2025-02-20,2025,Kharif,Pulses,Maharashtra,Nagpur,Rainfed,447.92,81.0,1501.0,672.33
2018-08-14,2018,Rabi,Wheat,Madhya Pradesh,Bhopal,Rainfed,341.84,176.0,3159.0,1079.87
2017-07-30,2017,Rabi,Wheat,Madhya Pradesh,Bhopal,Rainfed,82.07,179.0,4143.0,340.02
2021-10-01,2021,Kharif,Oilseeds,Madhya Pradesh,Bhopal,Tube Well,694.23,182.0,4147.0,2878.97
2025-07-30,2025,Perennial,Coffee,Kerala,Kozhikode,Drip,766.87,91.0,1260.0,966.26
2020-11-05,2020,Perennial,Apple,Jammu and Kashmir,Srinagar,Rainfed,196.19,70.0,5454.0,1070.02
2022-04-07,2022,Kharif,Pulses,Madhya Pradesh,Bhopal,Tube Well,184.86,66.0,1182.0,218.5
2019-12-06,2019,Kharif,Pulses,Uttar Pradesh,Lucknow,Tube Well,1000.34,110.0,2144.0,2144.73
2025-04-13,2025,Kharif,Cotton,Telangana,Hyderabad,Rainfed,412.62,114.0,670.0,276.46
2024-03-24,2024,Kharif,Rice,Odisha,Bhubaneswar,Canal,234.55,180.0,6587.0,1544.98
2023-02-03,2023,Kharif,Cotton,Gujarat,Rajkot,Rainfed,55.74,90.0,972.0,54.18
2022-08-14,2022,Rabi,Potato,West Bengal,Howrah,Canal,979.78,144.0,34052.0,33363.47
2020-04-10,2020,Kharif,Maize,Telangana,Nizamabad,Rainfed,719.09,168.0,6054.0,4353.37
2020-10-18,2020,Kharif,Pulses,Rajasthan,Udaipur,Rainfed,582.01,90.0,1660.0,966.14
2023-02-06,2023,Perennial,Tea,West Bengal,Howrah,Canal,489.43,90.0,2526.0,1236.3
2021-03-17,2021,Rabi,Oilseeds,Maharashtra,Nashik,Drip,981.7,150.0,1513.0,1485.31
2019-11-03,2019,Perennial,Tea,Assam,Kamrup,Rainfed,469.17,159.0,1944.0,912.07
2016-01-28,2016,Kharif,Maize,Karnataka,Bangalore,Canal,418.51,194.0,7397.0,3095.72
2017-05-02,2017,Kharif,Cotton,Telangana,Hyderabad,Rainfed,760.04,177.0,1319.0,1002.49
2023-11-28,2023,Rabi,Wheat,Madhya Pradesh,Bhopal,Rainfed,799.02,173.0,3702.0,2957.97
2017-06-10,2017,Kharif,Rice,Odisha,Bhubaneswar,Rainfed,810.36,154.0,4051.0,3282.77
2021-03-14,2021,Kharif,Rice,Andhra Pradesh,Guntur,Tube Well,933.67,68.0,4317.0,4030.65
2024-02-06,2024,Rabi,Pulses,Maharashtra,Nashik,Tube Well,974.29,171.0,1320.0,1286.06
2022-06-22,2022,Rabi,Wheat,Haryana,Hisar,Tube Well,913.85,190.0,4203.0,3840.91
2022-07-02,2022,Rabi,Potato,Bihar,Patna,Canal,855.08,109.0,17021.0,14554.32
2020-10-19,2020,Rabi,Oilseeds,Maharashtra,Nashik,Rainfed,646.07,97.0,1088.0,702.92
2017-12-20,2017,Rabi,Oilseeds,Rajasthan,Jodhpur,Tube Well,135.39,128.0,2205.0,298.53
2021-08-04,2021,Kharif,Rice,Uttar Pradesh,Varanasi,Canal,1154.39,193.0,6075.0,7012.92
2024-12-16,2024,Kharif,Pulses,Madhya Pradesh,Bhopal,Tube Well,736.41,58.0,2150.0,1583.28
2015-06-16,2015,Kharif,Pulses,Rajasthan,Jodhpur,Tube Well,245.53,156.0,2470.0,606.46
2024-08-20,2024,Kharif,Cotton,Telangana,Nizamabad,Rainfed,706.86,172.0,712.0,503.28
2017-09-12,2017,Perennial,Sugarcane,Maharashtra,Nagpur,Rainfed,363.1,168.0,58178.0,21124.43
2024-11-04,2024,Rabi,Oilseeds,Maharashtra,Mumbai,Tube Well,1225.95,135.0,2429.0,2977.83
2016-03-01,2016,Zaid,Coconut,Kerala,Thrissur,Rainfed,549.93,188.0,7486.0,4116.78
2023-02-26,2023,Kharif,Rice,Punjab,Patiala,Canal,858.22,70.0,3886.0,3335.04
2018-11-04,2018,Kharif,Pulses,Madhya Pradesh,Bhopal,Rainfed,626.1,87.0,1422.0,890.31
2025-07-20,2025,Kharif,Cotton,Telangana,Hyderabad,Tube Well,733.78,96.0,533.0,391.1
2022-03-23,2022,Kharif,Oilseeds,Rajasthan,Jodhpur,Rainfed,625.74,51.0,1571.0,983.04
2017-04-20,2017,Kharif,Oilseeds,Maharashtra,Mumbai,Tube Well,1172.44,106.0,2708.0,3174.97
2025-01-10,2025,Zaid,Coconut,Andhra Pradesh,Chittoor,Rainfed,72.7,74.0,7025.0,510.72
2018-09-25,2018,Rabi,Potato,Bihar,Gaya,Tube Well,131.68,159.0,32699.0,4305.8
2018-02-24,2018,Rabi,Wheat,Bihar,Muzaffarpur,Canal,827.8,112.0,3200.0,2648.96
2016-12-26,2016,Rabi,Potato,Punjab,Ludhiana,Tube Well,1419.62,156.0,18226.0,25873.99
2019-07-02,2019,Perennial,Tea,Assam,Cachar,Rainfed,253.06,94.0,1431.0,362.13
2018-09-25,2018,Kharif,Pulses,Maharashtra,Nashik,Tube Well,21.1,70.0,1103.0,23.27
2024-04-23,2024,Kharif,Oilseeds,Gujarat,Rajkot,Tube Well,394.02,70.0,1761.0,693.87
2017-01-28,2017,Kharif,Pulses,Maharashtra,Nagpur,Rainfed,503.89,80.0,863.0,434.86
2018-10-29,2018,Zaid,Coconut,Karnataka,Belgaum,Canal,839.53,67.0,8953.0,7516.31
2015-01-20,2015,Perennial,Apple,Jammu and Kashmir,Srinagar,Rainfed,28.56,83.0,11623.0,331.95
2017-04-06,2017,Kharif,Rice,Odisha,Bhubaneswar,Canal,199.25,137.0,4029.0,802.78
2016-01-17,2016,Perennial,Sugarcane,Karnataka,Hubli,Drip,984.43,88.0,67501.0,66450.01
2016-08-31,2016,Perennial,Tea,West Bengal,Howrah,Rainfed,178.75,101.0,1821.0,325.5
2021-05-30,2021,Kharif,Oilseeds,Maharashtra,Nashik,Tube Well,989.43,58.0,2785.0,2755.56
2015-08-01,2015,Kharif,Oilseeds,Maharashtra,Pune,Tube Well,476.09,184.0,2599.0,1237.36
2019-04-19,2019,Rabi,Wheat,Bihar,Muzaffarpur,Canal,666.03,71.0,3244.0,2160.6
2021-04-04,2021,Perennial,Sugarcane,Tamil Nadu,Coimbatore,Canal,90.49,102.0,98740.0,8934.98
2018-07-29,2018,Kharif,Rice,Uttar Pradesh,Kanpur,Tube Well,436.97,107.0,2951.0,1289.5
2019-08-15,2019,Zaid,Coconut,Karnataka,Belgaum,Tube Well,473.02,166.0,12966.0,6133.18
2019-11-13,2019,Kharif,Cotton,Andhra Pradesh,Guntur,Canal,1030.08,123.0,1357.0,1397.82
2025-05-03,2025,Zaid,Coconut,Karnataka,Mysore,Tube Well,624.21,107.0,12346.0,7706.5
2018-12-21,2018,Rabi,Wheat,Haryana,Karnal,Tube Well,72.86,154.0,3692.0,269.0
2019-11-03,2019,Rabi,Wheat,Punjab,Patiala,Canal,1204.78,140.0,5219.0,6287.75
2017-07-15,2017,Perennial,Apple,Jammu and Kashmir,Srinagar,Rainfed,31.26,62.0,13334.0,416.82
2021-07-17,2021,Perennial,Sugarcane,Tamil Nadu,Coimbatore,Drip,1028.46,97.0,88687.0,91211.03
2018-12-13,2018,Perennial,Apple,Himachal Pradesh,Mandi,Rainfed,113.74,197.0,8883.0,1010.35
2019-12-10,2019,Kharif,Maize,Bihar,Muzaffarpur,Canal,493.05,123.0,7030.0,3466.14
2022-09-07,2022,Rabi,Oilseeds,Gujarat,Surat,Rainfed,96.01,114.0,2453.0,235.51
2024-05-13,2024,Kharif,Pulses,Madhya Pradesh,Bhopal,Tube Well,453.75,72.0,1696.0,769.56
2016-08-08,2016,Rabi,Oilseeds,Gujarat,Surat,Rainfed,601.7,176.0,3208.0,1930.25
2018-04-04,2018,Rabi,Wheat,Haryana,Karnal,Canal,580.25,70.0,2861.0,1660.1
2018-08-21,2018,Rabi,Potato,Bihar,Purnia,Rainfed,45.22,66.0,18156.0,821.01
2017-10-23,2017,Rabi,Pulses,Maharashtra,Pune,Tube Well,1143.83,116.0,1096.0,1253.64
2019-12-04,2019,Perennial,Sugarcane,Karnataka,Bangalore,Canal,884.87,115.0,71370.0,63153.17
2024-09-24,2024,Kharif,Oilseeds,Madhya Pradesh,Bhopal,Rainfed,510.09,197.0,1290.0,658.02
2019-03-20,2019,Rabi,Pulses,Uttar Pradesh,Kanpur,Rainfed,862.62,69.0,1299.0,1120.54
2015-08-26,2015,Kharif,Pulses,Rajasthan,Jaipur,Rainfed,489.51,123.0,1554.0,760.7
2017-03-26,2017,Kharif,Rice,West Bengal,Howrah,Rainfed,166.95,80.0,1918.0,320.21
2017-10-09,2017,Kharif,Cotton,Maharashtra,Pune,Drip,1213.11,155.0,1370.0,1661.96
2019-09-19,2019,Perennial,Apple,Himachal Pradesh,Shimla,Rainfed,149.49,109.0,9958.0,1488.62
2020-10-09,2020,Perennial,Coffee,Karnataka,Bangalore,Drip,725.57,147.0,1080.0,783.62
2022-10-15,2022,Perennial,Tea,Kerala,Kozhikode,Rainfed,489.34,101.0,1014.0,496.19
2020-11-12,2020,Perennial,Tea,Kerala,Kozhikode,Drip,512.93,135.0,1805.0,925.84
2017-07-25,2017,Kharif,Cotton,Andhra Pradesh,Guntur,Rainfed,1055.95,120.0,903.0,953.52
2019-09-24,2019,Kharif,Maize,Maharashtra,Nashik,Tube Well,391.73,106.0,6364.0,2492.97
2024-08-23,2024,Rabi,Oilseeds,Maharashtra,Pune,Rainfed,976.14,131.0,2399.0,2341.76
2024-11-30,2024,Rabi,Pulses,Madhya Pradesh,Bhopal,Rainfed,482.73,108.0,988.0,476.94
2020-05-25,2020,Rabi,Potato,Uttar Pradesh,Varanasi,Rainfed,123.33,171.0,31549.0,3890.94
2023-08-26,2023,Kharif,Maize,Bihar,Muzaffarpur,Tube Well,420.01,124.0,5588.0,2347.02
2022-04-02,2022,Rabi,Pulses,Uttar Pradesh,Varanasi,Tube Well,1258.55,185.0,2514.0,3163.99
2024-07-30,2024,Rabi,Potato,Bihar,Purnia,Tube Well,322.19,83.0,16341.0,5264.91
2025-08-13,2025,Kharif,Cotton,Telangana,Warangal,Rainfed,439.21,67.0,723.0,317.55
2017-09-24,2017,Rabi,Pulses,Madhya Pradesh,Bhopal,Tube Well,396.02,107.0,1827.0,723.53
2022-07-13,2022,Rabi,Oilseeds,Maharashtra,Nashik,Rainfed,807.23,78.0,2415.0,1949.46
2024-01-11,2024,Rabi,Pulses,Madhya Pradesh,Bhopal,Rainfed,708.37,109.0,1555.0,1101.52
2018-11-06,2018,Kharif,Cotton,Telangana,Warangal,Rainfed,164.45,81.0,688.0,113.14
2016-08-15,2016,Zaid,Coconut,Karnataka,Mysore,Tube Well,560.03,180.0,9071.0,5080.03
2016-07-06,2016,Kharif,Rice,Tamil Nadu,Chennai,Drip,472.45,135.0,7194.0,3398.81
2025-06-11,2025,Kharif,Oilseeds,Gujarat,Vadodara,Rainfed,362.14,125.0,1624.0,588.12
2015-07-08,2015,Zaid,Coconut,Kerala,Thrissur,Drip,736.49,168.0,7780.0,5729.89
2022-03-28,2022,Rabi,Wheat,Madhya Pradesh,Bhopal,Tube Well,16.46,70.0,3111.0,51.21
2016-03-02,2016,Kharif,Pulses,Rajasthan,Jodhpur,Rainfed,94.25,179.0,1350.0,127.24
2023-12-08,2023,Rabi,Pulses,Madhya Pradesh,Bhopal,Rainfed,589.34,122.0,982.0,578.73
2020-12-02,2020,Rabi,Oilseeds,Madhya Pradesh,Bhopal,Rainfed,218.12,70.0,2262.0,493.39
2024-08-07,2024,Zaid,Coconut,Tamil Nadu,Madurai,Drip,798.27,173.0,13945.0,11131.88
2023-04-21,2023,Zaid,Coconut,Andhra Pradesh,Krishna,Rainfed,1000.38,119.0,6691.0,6693.54
2015-12-25,2015,Rabi,Pulses,Uttar Pradesh,Lucknow,Tube Well,389.38,141.0,2707.0,1054.05
2023-06-18,2023,Rabi,Oilseeds,Maharashtra,Pune,Tube Well,257.61,184.0,3368.0,867.63
2023-11-23,2023,Kharif,Pulses,Uttar Pradesh,Lucknow,Tube Well,226.5,184.0,2397.0,542.92
2025-01-11,2025,Kharif,Pulses,Rajasthan,Jodhpur,Rainfed,148.06,184.0,1676.0,248.15
2017-12-04,2017,Rabi,Wheat,Rajasthan,Jodhpur,Tube Well,194.36,113.0,4018.0,780.94
2019-03-05,2019,Rabi,Oilseeds,Maharashtra,Nagpur,Drip,1130.69,162.0,1591.0,1798.93
2017-08-03,2017,Rabi,Pulses,Uttar Pradesh,Lucknow,Canal,1157.31,85.0,2215.0,2563.44
2024-06-27,2024,Kharif,Oilseeds,Rajasthan,Udaipur,Rainfed,11.27,175.0,3174.0,35.77
2020-06-21,2020,Kharif,Pulses,Rajasthan,Jaipur,Rainfed,613.14,101.0,939.0,575.74
2017-10-24,2017,Rabi,Wheat,Haryana,Karnal,Tube Well,119.55,120.0,4708.0,562.84
2018-09-26,2018,Kharif,Maize,Karnataka,Bangalore,Canal,724.24,184.0,7004.0,5072.58
2017-05-10,2017,Zaid,Coconut,Andhra Pradesh,Chittoor,Rainfed,190.25,171.0,7023.0,1336.13
2017-06-07,2017,Kharif,Maize,Maharashtra,Nashik,Rainfed,90.34,193.0,6670.0,602.57
2017-11-27,2017,Rabi,Potato,Punjab,Patiala,Tube Well,1142.06,105.0,13208.0,15084.33
2019-05-11,2019,Perennial,Tea,West Bengal,Howrah,Canal,519.25,73.0,1771.0,919.59
2022-07-28,2022,Kharif,Cotton,Gujarat,Rajkot,Tube Well,722.88,187.0,1625.0,1174.68
2019-05-23,2019,Rabi,Oilseeds,Maharashtra,Mumbai,Rainfed,558.71,124.0,2027.0,1132.51
2020-06-15,2020,Kharif,Rice,Chhattisgarh,Raipur,Rainfed,56.35,183.0,4326.0,243.77
2016-10-05,2016,Rabi,Oilseeds,Maharashtra,Pune,Drip,964.11,160.0,3812.0,3675.19
2016-04-01,2016,Rabi,Wheat,Madhya Pradesh,Bhopal,Rainfed,658.08,181.0,2608.0,1716.27
2020-03-07,2020,Rabi,Potato,Bihar,Muzaffarpur,Canal,51.01,148.0,20528.0,1047.13
2019-09-22,2019,Rabi,Oilseeds,Maharashtra,Nashik,Tube Well,494.68,172.0,4288.0,2121.19
2019-01-07,2019,Perennial,Tea,Assam,Cachar,Rainfed,450.28,68.0,1265.0,569.6
2025-07-12,2025,Kharif,Maize,Karnataka,Bangalore,Canal,669.65,195.0,7148.0,4786.66
2023-10-08,2023,Kharif,Pulses,Rajasthan,Jodhpur,Tube Well,408.93,77.0,1404.0,574.14
2016-03-02,2016,Perennial,Sugarcane,Uttar Pradesh,Kanpur,Rainfed,1042.48,54.0,83980.0,87547.47
2024-03-08,2024,Rabi,Potato,West Bengal,Howrah,Canal,1063.83,130.0,40695.0,43292.56
2024-09-28,2024,Perennial,Coffee,Tamil Nadu,Madurai,Canal,435.74,157.0,934.0,406.98
2021-12-30,2021,Rabi,Pulses,Rajasthan,Jodhpur,Rainfed,394.07,157.0,1662.0,654.94
2018-02-09,2018,Perennial,Apple,Himachal Pradesh,Mandi,Rainfed,352.55,101.0,13008.0,4585.97
2022-04-30,2022,Rabi,Pulses,Uttar Pradesh,Varanasi,Rainfed,892.71,163.0,1972.0,1760.42
2024-04-11,2024,Zaid,Coconut,Karnataka,Mysore,Drip,431.56,176.0,11774.0,5081.19
2017-08-07,2017,Perennial,Coffee,Tamil Nadu,Chennai,Drip,690.25,142.0,1074.0,741.33
2024-01-16,2024,Rabi,Potato,Bihar,Patna,Tube Well,653.61,108.0,22771.0,14883.35
2019-03-05,2019,Kharif,Pulses,Uttar Pradesh,Kanpur,Tube Well,881.6,142.0,2317.0,2042.67
2020-12-21,2020,Kharif,Oilseeds,Maharashtra,Pune,Drip,274.59,179.0,4698.0,1290.02
2023-08-04,2023,Kharif,Oilseeds,Gujarat,Rajkot,Tube Well,612.12,185.0,3080.0,1885.33
2018-01-12,2018,Kharif,Oilseeds,Gujarat,Ahmedabad,Rainfed,1062.38,55.0,1264.0,1342.85
2020-01-27,2020,Kharif,Rice,Odisha,Bhubaneswar,Rainfed,783.06,68.0,1982.0,1552.02
2023-11-20,2023,Rabi,Wheat,Uttar Pradesh,Kanpur,Tube Well,1128.67,51.0,4479.0,5055.31
2022-08-18,2022,Rabi,Wheat,Haryana,Faridabad,Tube Well,979.1,124.0,3916.0,3834.16
2019-05-27,2019,Rabi,Wheat,Haryana,Gurgaon,Tube Well,223.06,115.0,4461.0,995.07
2016-11-05,2016,Rabi,Potato,West Bengal,Darjeeling,Canal,510.82,132.0,32411.0,16556.19
2025-08-28,2025,Kharif,Pulses,Madhya Pradesh,Bhopal,Rainfed,97.65,153.0,2029.0,198.13
2023-07-29,2023,Kharif,Maize,Bihar,Gaya,Canal,819.11,105.0,5059.0,4143.88
2021-09-13,2021,Kharif,Cotton,Gujarat,Ahmedabad,Rainfed,356.34,81.0,720.0,256.56
2023-11-17,2023,Rabi,Pulses,Maharashtra,Nashik,Rainfed,999.26,109.0,1908.0,1906.59
2021-07-07,2021,Kharif,Oilseeds,Madhya Pradesh,Bhopal,Tube Well,653.52,51.0,2502.0,1635.11
2017-05-03,2017,Kharif,Oilseeds,Maharashtra,Mumbai,Tube Well,1161.32,174.0,1640.0,1904.56
2024-03-04,2024,Rabi,Oilseeds,Rajasthan,Jaipur,Rainfed,530.14,108.0,1395.0,739.55
2019-08-02,2019,Perennial,Coffee,Karnataka,Mysore,Drip,625.55,143.0,1093.0,683.73
2021-03-26,2021,Kharif,Oilseeds,Maharashtra,Nashik,Drip,781.66,99.0,4100.0,3204.81
2023-12-15,2023,Rabi,Potato,West Bengal,Howrah,Rainfed,359.43,142.0,15433.0,5547.08
2023-11-11,2023,Rabi,Wheat,Uttar Pradesh,Lucknow,Rainfed,273.72,131.0,3911.0,1070.52
2021-09-08,2021,Zaid,Coconut,Kerala,Thrissur,Drip,113.2,81.0,6139.0,694.93
2015-02-19,2015,Perennial,Sugarcane,Karnataka,Hubli,Drip,208.41,144.0,87743.0,18286.52
2021-04-02,2021,Kharif,Rice,Tamil Nadu,Chennai,Tube Well,1028.01,66.0,5478.0,5631.44
2025-09-22,2025,Kharif,Rice,Bihar,Gaya,Rainfed,172.79,122.0,4836.0,835.61
2022-07-05,2022,Perennial,Apple,Himachal Pradesh,Kangra,Rainfed,364.63,158.0,7400.0,2698.26
2021-06-13,2021,Rabi,Pulses,Madhya Pradesh,Bhopal,Rainfed,155.86,132.0,1127.0,175.65
2018-07-20,2018,Rabi,Wheat,Bihar,Gaya,Canal,975.54,162.0,4496.0,4386.03
2022-04-22,2022,Rabi,Potato,Bihar,Patna,Canal,372.92,91.0,14352.0,5352.15
2018-12-09,2018,Rabi,Pulses,Maharashtra,Pune,Rainfed,541.66,57.0,1765.0,956.03
2018-09-19,2018,Perennial,Coffee,Kerala,Kozhikode,Drip,329.56,58.0,1095.0,360.87
2020-02-18,2020,Perennial,Tea,Kerala,Kozhikode,Drip,655.0,90.0,2341.0,1533.36
2017-04-01,2017,Zaid,Coconut,Karnataka,Belgaum,Canal,247.94,111.0,6517.0,1615.82
2024-03-09,2024,Kharif,Oilseeds,Maharashtra,Nashik,Tube Well,1082.02,131.0,1423.0,1539.71
2022-04-13,2022,Perennial,Tea,Assam,Kamrup,Rainfed,529.08,164.0,1881.0,995.2
2018-03-01,2018,Kharif,Oilseeds,Rajasthan,Jodhpur,Rainfed,161.99,176.0,1401.0,226.95
2023-07-10,2023,Kharif,Maize,Madhya Pradesh,Bhopal,Rainfed,61.67,154.0,5317.0,327.9
2025-04-13,2025,Perennial,Sugarcane,Maharashtra,Pune,Drip,1009.74,119.0,127632.0,128875.14
2023-03-17,2023,Kharif,Rice,Telangana,Warangal,Canal,204.88,90.0,2715.0,556.25
2021-05-06,2021,Kharif,Pulses,Rajasthan,Jaipur,Tube Well,623.46,114.0,1991.0,1241.31
2016-05-15,2016,Kharif,Oilseeds,Maharashtra,Pune,Rainfed,177.42,91.0,2562.0,454.55
2023-02-12,2023,Perennial,Sugarcane,Uttar Pradesh,Kanpur,Canal,928.38,144.0,102602.0,95253.64
2017-09-17,2017,Rabi,Wheat,Rajasthan,Jodhpur,Rainfed,487.6,173.0,4395.0,2143.0
2017-04-25,2017,Rabi,Potato,Punjab,Ludhiana,Tube Well,989.98,128.0,16250.0,16087.18
2023-12-22,2023,Kharif,Cotton,Andhra Pradesh,Krishna,Tube Well,386.08,57.0,768.0,296.51
2016-02-24,2016,Zaid,Coconut,Karnataka,Hubli,Drip,964.32,191.0,9360.0,9026.04
2022-09-15,2022,Zaid,Coconut,Andhra Pradesh,Krishna,Tube Well,926.07,94.0,14976.0,13868.82
2025-01-23,2025,Kharif,Pulses,Madhya Pradesh,Bhopal,Tube Well,413.06,187.0,1689.0,697.66
2023-04-25,2023,Rabi,Potato,Bihar,Purnia,Tube Well,607.26,172.0,25405.0,15427.44
2021-12-03,2021,Kharif,Rice,Chhattisgarh,Raipur,Rainfed,400.8,112.0,4596.0,1842.08
2021-03-16,2021,Perennial,Tea,Kerala,Ernakulam,Drip,757.89,59.0,3048.0,2310.05
2022-01-03,2022,Rabi,Oilseeds,Rajasthan,Jodhpur,Rainfed,628.53,192.0,3323.0,2088.61
2019-08-21,2019,Perennial,Sugarcane,Tamil Nadu,Coimbatore,Drip,266.69,149.0,116668.0,31114.19
2023-05-02,2023,Kharif,Pulses,Rajasthan,Jaipur,Tube Well,191.3,87.0,1971.0,377.05
2015-05-24,2015,Zaid,Coconut,Karnataka,Mysore,Drip,1079.77,130.0,9850.0,10635.73
2017-01-13,2017,Zaid,Coconut,Andhra Pradesh,Chittoor,Rainfed,291.51,145.0,9486.0,2765.26
2016-07-02,2016,Rabi,Pulses,Maharashtra,Pune,Tube Well,1239.99,84.0,1429.0,1771.95
2022-12-29,2022,Perennial,Coffee,Tamil Nadu,Chennai,Drip,718.23,64.0,1601.0,1149.89
2023-10-27,2023,Kharif,Pulses,Maharashtra,Nashik,Drip,74.64,90.0,1578.0,117.78
2025-09-12,2025,Kharif,Rice,West Bengal,Darjeeling,Canal,375.94,57.0,5644.0,2121.81
2019-07-21,2019,Rabi,Potato,Bihar,Purnia,Rainfed,481.39,60.0,11814.0,5687.14
2024-02-25,2024,Zaid,Coconut,Kerala,Kozhikode,Drip,668.14,73.0,11211.0,7490.52
2017-06-18,2017,Rabi,Oilseeds,Gujarat,Ahmedabad,Rainfed,401.02,74.0,1925.0,771.96
2022-11-23,2022,Kharif,Cotton,Telangana,Warangal,Tube Well,286.41,87.0,755.0,216.24
2024-09-28,2024,Rabi,Pulses,Rajasthan,Udaipur,Rainfed,644.98,191.0,962.0,620.47
2018-07-31,2018,Kharif,Rice,Chhattisgarh,Raipur,Rainfed,64.53,136.0,2580.0,166.49
2024-03-19,2024,Rabi,Pulses,Uttar Pradesh,Lucknow,Rainfed,831.77,113.0,1988.0,1653.56
2024-03-19,2024,Rabi,Potato,Bihar,Muzaffarpur,Canal,509.2,135.0,40472.0,20608.34
2020-02-26,2020,Zaid,Coconut,Kerala,Thrissur,Drip,55.29,51.0,6205.0,343.07
2020-05-02,2020,Kharif,Cotton,Andhra Pradesh,Krishna,Canal,114.43,184.0,1065.0,121.87
2016-10-15,2016,Rabi,Potato,Punjab,Patiala,Tube Well,579.13,130.0,25750.0,14912.6
2021-10-16,2021,Kharif,Rice,Odisha,Bhubaneswar,Rainfed,129.4,118.0,3511.0,454.32
2021-10-27,2021,Kharif,Cotton,Maharashtra,Nashik,Rainfed,626.71,191.0,737.0,461.89
2018-09-13,2018,Zaid,Coconut,Karnataka,Hubli,Tube Well,673.69,160.0,15859.0,10684.05
2020-02-28,2020,Perennial,Sugarcane,Tamil Nadu,Coimbatore,Canal,763.62,101.0,126189.0,96360.44
2024-05-12,2024,Kharif,Oilseeds,Rajasthan,Jaipur,Rainfed,387.06,190.0,1196.0,462.92
2019-06-08,2019,Zaid,Coconut,Kerala,Thrissur,Drip,309.93,178.0,14444.0,4476.63
2025-03-13,2025,Perennial,Tea,Assam,Tinsukia,Rainfed,112.51,193.0,1287.0,144.8
2017-09-10,2017,Perennial,Tea,Kerala,Thrissur,Drip,205.51,64.0,2437.0,500.83
2021-01-27,2021,Kharif,Cotton,Andhra Pradesh,Chittoor,Tube Well,509.11,193.0,1617.0,823.23
2022-09-07,2022,Perennial,Sugarcane,Uttar Pradesh,Lucknow,Tube Well,1386.93,131.0,110213.0,152857.72
2020-07-07,2020,Kharif,Pulses,Rajasthan,Jodhpur,Rainfed,149.79,151.0,1474.0,220.79
2020-10-31,2020,Kharif,Pulses,Madhya Pradesh,Bhopal,Rainfed,336.54,82.0,1867.0,628.32
2020-03-02,2020,Kharif,Oilseeds,Madhya Pradesh,Bhopal,Rainfed,588.52,71.0,2338.0,1375.96
2022-07-19,2022,Rabi,Oilseeds,Maharashtra,Pune,Rainfed,919.71,62.0,1381.0,1270.12
2018-07-13,2018,Kharif,Pulses,Madhya Pradesh,Bhopal,Tube Well,772.82,113.0,1637.0,1265.11
2020-08-31,2020,Kharif,Maize,Bihar,Purnia,Canal,198.99,83.0,6754.0,1343.98
2017-05-01,2017,Kharif,Rice,Uttar Pradesh,Lucknow,Tube Well,34.61,62.0,2423.0,83.86
2023-04-16,2023,Perennial,Tea,Kerala,Thrissur,Drip,264.64,193.0,1762.0,466.3
2020-09-04,2020,Perennial,Sugarcane,Maharashtra,Mumbai,Rainfed,203.1,160.0,102082.0,20732.85
2016-12-17,2016,Kharif,Cotton,Andhra Pradesh,Guntur,Tube Well,662.68,128.0,577.0,382.37
2025-04-11,2025,Perennial,Coffee,Kerala,Thrissur,Drip,720.04,162.0,1803.0,1298.23
2016-01-30,2016,Perennial,Tea,Assam,Kamrup,Rainfed,553.7,142.0,1575.0,872.08
2020-07-08,2020,Zaid,Coconut,Tamil Nadu,Madurai,Drip,158.02,77.0,13975.0,2208.33
2023-10-05,2023,Kharif,Rice,Tamil Nadu,Chennai,Drip,136.54,145.0,6756.0,922.46
2025-04-14,2025,Rabi,Oilseeds,Maharashtra,Nagpur,Rainfed,1185.77,152.0,3150.0,3735.18
2016-06-06,2016,Perennial,Tea,Kerala,Kozhikode,Drip,395.21,86.0,1532.0,605.46
2020-02-10,2020,Rabi,Oilseeds,Maharashtra,Nagpur,Rainfed,1201.54,98.0,1821.0,2188.0
2023-05-19,2023,Kharif,Pulses,Madhya Pradesh,Bhopal,Rainfed,591.61,107.0,1493.0,883.27
2018-11-11,2018,Rabi,Pulses,Uttar Pradesh,Lucknow,Canal,1490.09,140.0,2689.0,4006.85
2023-08-20,2023,Rabi,Oilseeds,Gujarat,Vadodara,Tube Well,1046.76,69.0,1830.0,1915.57
2017-05-03,2017,Rabi,Pulses,Uttar Pradesh,Kanpur,Rainfed,627.18,162.0,976.0,612.13
2019-06-08,2019,Kharif,Pulses,Rajasthan,Jodhpur,Tube Well,533.18,102.0,1323.0,705.4
2021-04-04,2021,Kharif,Pulses,Uttar Pradesh,Lucknow,Canal,712.13,154.0,2022.0,1439.93
2017-04-12,2017,Perennial,Sugarcane,Karnataka,Bangalore,Tube Well,264.05,190.0,123725.0,32669.59
2016-01-22,2016,Perennial,Apple,Jammu and Kashmir,Srinagar,Rainfed,104.0,180.0,13502.0,1404.21
2018-01-18,2018,Kharif,Maize,Karnataka,Bangalore,Drip,443.08,161.0,4925.0,2182.17
2022-06-08,2022,Perennial,Coffee,Kerala,Kozhikode,Drip,98.06,79.0,1668.0,163.56
2019-04-22,2019,Kharif,Oilseeds,Madhya Pradesh,Bhopal,Rainfed,150.44,160.0,2548.0,383.32
2016-08-12,2016,Rabi,Oilseeds,Maharashtra,Pune,Rainfed,655.79,145.0,1944.0,1274.86
2022-09-05,2022,Zaid,Coconut,Kerala,Ernakulam,Rainfed,763.6,166.0,9501.0,7254.96
2025-04-23,2025,Perennial,Tea,West Bengal,Kolkata,Canal,639.68,180.0,3253.0,2080.88
2023-04-01,2023,Perennial,Tea,Assam,Dibrugarh,Rainfed,332.71,97.0,1372.0,456.48
2016-06-03,2016,Kharif,Cotton,Telangana,Hyderabad,Canal,226.0,147.0,1651.0,373.13
2022-05-26,2022,Perennial,Tea,Kerala,Thrissur,Rainfed,164.76,91.0,1175.0,193.59
2019-05-16,2019,Kharif,Rice,West Bengal,Darjeeling,Rainfed,727.66,102.0,4677.0,3403.27
2019-12-06,2019,Zaid,Coconut,Karnataka,Hubli,Tube Well,934.67,128.0,13197.0,12334.84
2022-07-23,2022,Zaid,Coconut,Tamil Nadu,Chennai,Tube Well,444.75,115.0,12065.0,5365.91
2023-05-07,2023,Rabi,Wheat,Rajasthan,Jaipur,Tube Well,389.95,140.0,2939.0,1146.06
2019-06-06,2019,Kharif,Pulses,Madhya Pradesh,Bhopal,Rainfed,568.31,164.0,2103.0,1195.16
2019-11-12,2019,Perennial,Apple,Jammu and Kashmir,Srinagar,Rainfed,32.74,141.0,8461.0,277.01
2019-08-22,2019,Kharif,Pulses,Rajasthan,Udaipur,Rainfed,252.12,195.0,1968.0,496.17
2023-10-28,2023,Kharif,Rice,Andhra Pradesh,Chittoor,Rainfed,878.41,161.0,5119.0,4496.58
2025-03-03,2025,Zaid,Coconut,Karnataka,Bangalore,Tube Well,756.23,198.0,8874.0,6710.79
2018-05-03,2018,Rabi,Wheat,Uttar Pradesh,Lucknow,Rainfed,89.49,162.0,4218.0,377.47
2015-10-15,2015,Perennial,Sugarcane,Maharashtra,Pune,Tube Well,316.79,126.0,106775.0,33825.25
2015-09-03,2015,Kharif,Rice,Punjab,Ludhiana,Tube Well,1023.14,112.0,5141.0,5259.96
2022-11-07,2022,Kharif,Maize,Karnataka,Bangalore,Tube Well,305.84,160.0,8058.0,2464.46
2020-09-19,2020,Perennial,Sugarcane,Uttar Pradesh,Varanasi,Canal,1223.47,153.0,110475.0,135162.85
2016-09-26,2016,Rabi,Pulses,Madhya Pradesh,Bhopal,Rainfed,33.31,150.0,1435.0,47.8
2020-06-10,2020,Kharif,Maize,Telangana,Nizamabad,Rainfed,179.41,158.0,5362.0,962.0
2020-02-07,2020,Zaid,Coconut,Kerala,Ernakulam,Rainfed,232.24,181.0,9577.0,2224.16
2019-01-22,2019,Rabi,Pulses,Madhya Pradesh,Bhopal,Tube Well,740.98,84.0,1073.0,795.07
2022-10-26,2022,Rabi,Potato,Uttar Pradesh,Varanasi,Canal,1196.52,135.0,19108.0,22863.1
2016-08-01,2016,Rabi,Wheat,Haryana,Hisar,Canal,1238.96,140.0,2870.0,3555.82
2025-03-26,2025,Perennial,Apple,Jammu and Kashmir,Srinagar,Rainfed,181.79,94.0,5955.0,1082.56
2019-05-08,2019,Perennial,Tea,Assam,Kamrup,Rainfed,659.82,198.0,2443.0,1611.94
2021-04-04,2021,Zaid,Coconut,Andhra Pradesh,Visakhapatnam,Rainfed,1025.66,168.0,4492.0,4607.26
2020-10-08,2020,Kharif,Rice,West Bengal,Darjeeling,Canal,445.95,98.0,3831.0,1708.43
2019-11-11,2019,Perennial,Coffee,Kerala,Ernakulam,Drip,795.62,104.0,1315.0,1046.24
2021-10-24,2021,Rabi,Pulses,Rajasthan,Jodhpur,Rainfed,597.35,158.0,2107.0,1258.62
2017-12-06,2017,Rabi,Oilseeds,Gujarat,Ahmedabad,Rainfed,1169.18,52.0,1495.0,1747.92
2018-02-12,2018,Kharif,Pulses,Maharashtra,Nagpur,Rainfed,1127.78,120.0,1785.0,2013.09
2019-10-26,2019,Perennial,Tea,Assam,Dibrugarh,Rainfed,623.2,101.0,1600.0,997.12
2018-06-16,2018,Zaid,Coconut,Andhra Pradesh,Guntur,Tube Well,1133.17,178.0,6916.0,7837.0
2024-04-27,2024,Kharif,Cotton,Telangana,Warangal,Tube Well,383.64,169.0,682.0,261.64
2024-12-13,2024,Rabi,Wheat,Haryana,Karnal,Tube Well,1098.83,100.0,3624.0,3982.16
2021-04-09,2021,Perennial,Apple,Jammu and Kashmir,Srinagar,Rainfed,93.03,180.0,6326.0,588.51
2018-06-24,2018,Kharif,Pulses,Rajasthan,Jaipur,Rainfed,515.63,187.0,1704.0,878.63
2015-07-16,2015,Perennial,Sugarcane,Maharashtra,Nagpur,Drip,1023.11,133.0,108850.0,111365.52
2017-04-09,2017,Rabi,Wheat,Bihar,Muzaffarpur,Tube Well,719.36,74.0,4104.0,2952.25
2017-07-24,2017,Rabi,Potato,Punjab,Ludhiana,Tube Well,1276.22,166.0,19428.0,24794.4
2019-04-11,2019,Kharif,Oilseeds,Maharashtra,Nagpur,Drip,543.2,98.0,2995.0,1626.88
2016-07-12,2016,Kharif,Oilseeds,Madhya Pradesh,Bhopal,Tube Well,440.37,129.0,1797.0,791.34
2018-07-16,2018,Perennial,Sugarcane,Karnataka,Mysore,Drip,21.63,57.0,109147.0,2360.85
2018-09-07,2018,Kharif,Cotton,Maharashtra,Mumbai,Rainfed,198.41,125.0,668.0,132.54
2020-06-30,2020,Zaid,Coconut,Kerala,Thrissur,Rainfed,518.91,107.0,8939.0,4638.54
2025-06-03,2025,Kharif,Cotton,Maharashtra,Nagpur,Rainfed,735.39,153.0,1201.0,883.2
2017-04-21,2017,Kharif,Oilseeds,Rajasthan,Jodhpur,Tube Well,146.16,56.0,2300.0,336.17
2021-06-26,2021,Kharif,Maize,Maharashtra,Mumbai,Drip,324.07,144.0,5312.0,1721.46
2016-04-07,2016,Rabi,Wheat,Punjab,Ludhiana,Canal,522.68,166.0,5577.0,2914.99
2024-10-20,2024,Perennial,Apple,Himachal Pradesh,Shimla,Rainfed,361.04,52.0,7758.0,2800.95
2022-03-30,2022,Kharif,Rice,Punjab,Patiala,Tube Well,918.48,162.0,5899.0,5418.11
2020-01-15,2020,Kharif,Pulses,Madhya Pradesh,Bhopal,Tube Well,64.96,70.0,1416.0,91.98
2020-09-19,2020,Kharif,Oilseeds,Madhya Pradesh,Bhopal,Tube Well,610.35,155.0,2221.0,1355.59
2018-08-14,2018,Rabi,Wheat,Punjab,Ludhiana,Canal,401.36,118.0,4477.0,1796.89
2024-06-19,2024,Rabi,Potato,Uttar Pradesh,Varanasi,Rainfed,1010.92,133.0,13775.0,13925.42
2017-12-16,2017,Perennial,Sugarcane,Tamil Nadu,Madurai,Canal,144.47,101.0,123444.0,17833.95
2016-02-20,2016,Rabi,Pulses,Madhya Pradesh,Bhopal,Tube Well,798.36,87.0,1563.0,1247.84
2015-12-18,2015,Rabi,Potato,Bihar,Patna,Rainfed,89.53,61.0,9553.0,855.28
2025-06-11,2025,Kharif,Pulses,Rajasthan,Jaipur,Tube Well,521.8,180.0,1690.0,881.84
2020-03-25,2020,Perennial,Apple,Jammu and Kashmir,Srinagar,Rainfed,221.12,142.0,13693.0,3027.8
2016-06-10,2016,Kharif,Rice,Odisha,Bhubaneswar,Rainfed,86.49,197.0,5332.0,461.16
2017-09-05,2017,Kharif,Pulses,Rajasthan,Udaipur,Tube Well,28.5,178.0,2140.0,60.99
2021-07-12,2021,Rabi,Oilseeds,Madhya Pradesh,Bhopal,Rainfed,296.51,180.0,1801.0,534.01
2022-10-26,2022,Rabi,Potato,Bihar,Purnia,Rainfed,804.2,140.0,21832.0,17557.29
2017-07-19,2017,Rabi,Wheat,Uttar Pradesh,Varanasi,Tube Well,71.32,62.0,4325.0,308.46
2021-02-01,2021,Rabi,Potato,Bihar,Muzaffarpur,Rainfed,707.35,187.0,18713.0,13236.64
2017-12-21,2017,Zaid,Coconut,Andhra Pradesh,Guntur,Canal,789.9,68.0,8806.0,6955.86
2025-02-25,2025,Kharif,Pulses,Madhya Pradesh,Bhopal,Tube Well,219.77,128.0,1924.0,422.84
2024-10-27,2024,Perennial,Tea,Assam,Dibrugarh,Rainfed,71.22,179.0,2639.0,187.95
2021-01-04,2021,Rabi,Potato,Punjab,Ludhiana,Tube Well,1373.83,121.0,28424.0,39049.74
2021-07-21,2021,Rabi,Wheat,Bihar,Gaya,Canal,307.35,75.0,3043.0,935.27
2021-06-18,2021,Rabi,Pulses,Rajasthan,Jodhpur,Tube Well,86.85,106.0,1160.0,100.75
2023-10-04,2023,Kharif,Pulses,Maharashtra,Nashik,Tube Well,889.16,198.0,1362.0,1211.04
2017-05-27,2017,Zaid,Coconut,Andhra Pradesh,Krishna,Tube Well,267.85,200.0,17345.0,4645.86
2017-08-18,2017,Rabi,Oilseeds,Maharashtra,Mumbai,Tube Well,623.56,157.0,3692.0,2302.18
2025-06-28,2025,Kharif,Oilseeds,Rajasthan,Jaipur,Rainfed,44.78,183.0,2885.0,129.19
2020-10-16,2020,Rabi,Wheat,Haryana,Faridabad,Canal,1390.25,57.0,3642.0,5063.29
2023-10-19,2023,Perennial,Apple,Jammu and Kashmir,Srinagar,Rainfed,184.57,91.0,11418.0,2107.42
2017-12-29,2017,Rabi,Oilseeds,Gujarat,Surat,Tube Well,1198.94,105.0,1602.0,1920.7
2018-12-30,2018,Perennial,Tea,West Bengal,Darjeeling,Canal,430.39,52.0,2327.0,1001.52
2023-11-24,2023,Kharif,Maize,Madhya Pradesh,Bhopal,Tube Well,284.8,107.0,6959.0,1981.92
2023-12-10,2023,Kharif,Rice,Odisha,Bhubaneswar,Canal,823.97,64.0,2697.0,2222.25
2018-07-29,2018,Kharif,Maize,Bihar,Gaya,Rainfed,336.17,128.0,4046.0,1360.14
2024-10-31,2024,Rabi,Oilseeds,Maharashtra,Nashik,Tube Well,567.29,51.0,1406.0,797.61
2019-11-16,2019,Kharif,Maize,Maharashtra,Pune,Drip,110.76,91.0,5113.0,566.32
2019-08-22,2019,Kharif,Cotton,Maharashtra,Pune,Rainfed,1242.55,180.0,1154.0,1433.9
2022-03-30,2022,Perennial,Sugarcane,Maharashtra,Nagpur,Tube Well,119.85,82.0,81495.0,9767.18
2024-05-09,2024,Perennial,Apple,Himachal Pradesh,Kangra,Rainfed,387.88,60.0,10921.0,4236.04
2024-12-17,2024,Zaid,Coconut,Tamil Nadu,Madurai,Canal,597.09,87.0,13128.0,7838.6
2019-12-30,2019,Kharif,Pulses,Maharashtra,Nashik,Rainfed,89.21,174.0,1999.0,178.33
2020-08-17,2020,Kharif,Cotton,Gujarat,Vadodara,Rainfed,12.03,138.0,1163.0,13.99
2019-05-07,2019,Kharif,Cotton,Andhra Pradesh,Visakhapatnam,Tube Well,1123.31,138.0,1188.0,1334.49
2017-09-21,2017,Zaid,Coconut,Tamil Nadu,Chennai,Tube Well,818.97,50.0,7182.0,5881.84
2024-01-31,2024,Perennial,Coffee,Karnataka,Hubli,Drip,758.22,121.0,929.0,704.39
2024-03-17,2024,Rabi,Oilseeds,Maharashtra,Nashik,Tube Well,575.74,90.0,2493.0,1435.32
2015-06-21,2015,Kharif,Rice,Punjab,Patiala,Tube Well,365.53,100.0,2923.0,1068.44
2018-07-26,2018,Rabi,Potato,West Bengal,Darjeeling,Canal,751.05,140.0,39952.0,30005.95
2019-05-02,2019,Kharif,Pulses,Rajasthan,Udaipur,Rainfed,429.73,181.0,1512.0,649.75
2016-08-30,2016,Kharif,Rice,Uttar Pradesh,Lucknow,Rainfed,1092.25,77.0,4382.0,4786.24
2019-11-07,2019,Rabi,Oilseeds,Gujarat,Ahmedabad,Rainfed,445.29,165.0,2677.0,1192.04
2020-09-17,2020,Zaid,Coconut,Kerala,Ernakulam,Rainfed,789.67,57.0,9909.0,7824.84
2023-10-18,2023,Kharif,Cotton,Andhra Pradesh,Guntur,Rainfed,89.74,99.0,1094.0,98.18
2016-02-20,2016,Kharif,Maize,Bihar,Muzaffarpur,Rainfed,88.9,83.0,3032.0,269.54
2025-03-20,2025,Perennial,Apple,Jammu and Kashmir,Srinagar,Rainfed,367.58,187.0,14049.0,5164.13
2021-07-10,2021,Kharif,Maize,Madhya Pradesh,Bhopal,Rainfed,521.69,77.0,3491.0,1821.22
2021-08-22,2021,Kharif,Oilseeds,Rajasthan,Jodhpur,Tube Well,235.17,137.0,4021.0,945.62
2025-04-28,2025,Kharif,Maize,Maharashtra,Pune,Tube Well,992.92,75.0,6442.0,6396.39
2024-06-30,2024,Kharif,Pulses,Maharashtra,Mumbai,Tube Well,594.08,121.0,1057.0,627.94
2021-01-06,2021,Kharif,Rice,West Bengal,Kolkata,Canal,33.02,112.0,6450.0,212.98
2023-08-11,2023,Perennial,Apple,Jammu and Kashmir,Srinagar,Rainfed,263.93,56.0,7216.0,1904.52
2024-03-26,2024,Kharif,Oilseeds,Madhya Pradesh,Bhopal,Rainfed,202.06,174.0,2059.0,416.04
2024-06-06,2024,Rabi,Pulses,Rajasthan,Jodhpur,Rainfed,89.58,167.0,1704.0,152.64
2018-06-26,2018,Rabi,Oilseeds,Gujarat,Rajkot,Rainfed,278.08,92.0,2764.0,768.61
2018-01-13,2018,Rabi,Wheat,Haryana,Faridabad,Canal,671.86,142.0,5477.0,3679.78
2018-06-07,2018,Perennial,Tea,Assam,Dibrugarh,Rainfed,49.39,104.0,1840.0,90.88
2016-12-23,2016,Perennial,Sugarcane,Karnataka,Hubli,Drip,972.64,165.0,101223.0,98453.54
2018-05-31,2018,Kharif,Rice,Uttar Pradesh,Varanasi,Rainfed,844.28,154.0,3085.0,2604.6
2017-11-26,2017,Zaid,Coconut,Andhra Pradesh,Krishna,Canal,358.67,64.0,8531.0,3059.81
2023-11-01,2023,Rabi,Oilseeds,Rajasthan,Jaipur,Rainfed,484.03,177.0,1536.0,743.47
2025-01-27,2025,Perennial,Tea,West Bengal,Howrah,Rainfed,886.62,77.0,1902.0,1686.35
2025-04-30,2025,Rabi,Wheat,Punjab,Patiala,Canal,924.75,76.0,3857.0,3566.76
2015-03-25,2015,Perennial,Coffee,Kerala,Thrissur,Rainfed,169.97,160.0,1398.0,237.62
2017-03-09,2017,Zaid,Coconut,Karnataka,Bangalore,Tube Well,130.21,77.0,5761.0,750.14
2024-08-22,2024,Kharif,Oilseeds,Maharashtra,Mumbai,Drip,1119.27,68.0,2331.0,2609.02
2025-01-16,2025,Rabi,Oilseeds,Madhya Pradesh,Bhopal,Tube Well,195.4,100.0,1872.0,365.79
2019-10-24,2019,Perennial,Sugarcane,Tamil Nadu,Coimbatore,Tube Well,31.89,176.0,110518.0,3524.42
2020-06-16,2020,Perennial,Sugarcane,Maharashtra,Nagpur,Drip,839.34,77.0,96721.0,81181.8
2016-01-09,2016,Kharif,Pulses,Madhya Pradesh,Bhopal,Rainfed,130.78,101.0,1328.0,173.68
2022-12-09,2022,Zaid,Coconut,Karnataka,Belgaum,Drip,1090.16,93.0,8858.0,9656.64
2023-01-10,2023,Kharif,Maize,Karnataka,Hubli,Canal,958.01,103.0,6876.0,6587.28
2024-05-31,2024,Kharif,Maize,Andhra Pradesh,Visakhapatnam,Tube Well,734.05,157.0,6205.0,4554.78
2024-11-15,2024,Rabi,Potato,West Bengal,Kolkata,Canal,918.91,111.0,18910.0,17376.59
2022-02-16,2022,Kharif,Maize,Telangana,Nizamabad,Tube Well,428.78,164.0,6556.0,2811.08
2018-04-07,2018,Perennial,Tea,West Bengal,Darjeeling,Rainfed,869.45,146.0,2033.0,1767.59
2016-04-24,2016,Kharif,Oilseeds,Gujarat,Vadodara,Rainfed,779.37,104.0,1040.0,810.54
2016-03-01,2016,Perennial,Coffee,Kerala,Ernakulam,Rainfed,32.63,115.0,716.0,23.36
2019-09-25,2019,Kharif,Oilseeds,Rajasthan,Jaipur,Rainfed,664.64,156.0,1620.0,1076.72
2017-07-09,2017,Kharif,Cotton,Andhra Pradesh,Guntur,Canal,1034.49,130.0,833.0,861.73
2018-10-02,2018,Kharif,Cotton,Andhra Pradesh,Visakhapatnam,Canal,1144.55,180.0,894.0,1023.23
2017-01-28,2017,Kharif,Cotton,Gujarat,Surat,Rainfed,880.33,190.0,711.0,625.91
2020-06-26,2020,Kharif,Cotton,Telangana,Nizamabad,Rainfed,376.73,158.0,668.0,251.66
2022-06-17,2022,Kharif,Rice,Punjab,Ludhiana,Tube Well,318.41,198.0,6934.0,2207.85
2023-02-24,2023,Rabi,Oilseeds,Rajasthan,Jodhpur,Rainfed,134.2,139.0,1738.0,233.24
2021-03-25,2021,Kharif,Cotton,Telangana,Nizamabad,Rainfed,138.98,56.0,619.0,86.03
2021-06-08,2021,Rabi,Oilseeds,Rajasthan,Udaipur,Rainfed,162.22,126.0,1589.0,257.77
2018-12-22,2018,Kharif,Maize,Maharashtra,Nagpur,Drip,720.32,85.0,7895.0,5686.93
2017-07-08,2017,Perennial,Apple,Himachal Pradesh,Kangra,Rainfed,345.04,100.0,10251.0,3537.01
2023-03-13,2023,Perennial,Coffee,Tamil Nadu,Coimbatore,Drip,352.32,124.0,1594.0,561.6
2017-02-08,2017,Rabi,Pulses,Uttar Pradesh,Varanasi,Tube Well,827.63,94.0,2105.0,1742.16
2020-10-16,2020,Kharif,Pulses,Maharashtra,Nagpur,Tube Well,450.22,96.0,1508.0,678.93
2019-06-11,2019,Kharif,Rice,Bihar,Purnia,Rainfed,699.54,110.0,4946.0,3459.92
2024-04-14,2024,Perennial,Coffee,Karnataka,Mysore,Canal,1087.45,93.0,850.0,924.33
2020-09-27,2020,Kharif,Oilseeds,Maharashtra,Nashik,Rainfed,898.83,75.0,1810.0,1626.88
2018-08-27,2018,Kharif,Cotton,Gujarat,Ahmedabad,Tube Well,80.25,165.0,730.0,58.58
2022-05-14,2022,Kharif,Maize,Bihar,Purnia,Tube Well,482.46,109.0,6906.0,3331.87
2021-11-16,2021,Kharif,Rice,Punjab,Patiala,Canal,1157.88,175.0,3483.0,4032.9
2019-12-11,2019,Kharif,Cotton,Gujarat,Ahmedabad,Rainfed,655.27,182.0,959.0,628.4
2020-09-29,2020,Zaid,Coconut,Tamil Nadu,Chennai,Drip,1046.66,163.0,7415.0,7760.98
2018-08-28,2018,Kharif,Pulses,Rajasthan,Jodhpur,Tube Well,47.79,110.0,1730.0,82.68
2022-04-13,2022,Rabi,Wheat,Rajasthan,Jodhpur,Tube Well,210.9,158.0,3581.0,755.23
2024-03-22,2024,Kharif,Cotton,Maharashtra,Nashik,Tube Well,294.73,73.0,1350.0,397.89
2020-01-24,2020,Kharif,Oilseeds,Rajasthan,Jaipur,Rainfed,539.66,149.0,1193.0,643.81
2024-06-29,2024,Perennial,Coffee,Kerala,Thrissur,Drip,423.8,111.0,1613.0,683.59
2022-11-29,2022,Kharif,Cotton,Andhra Pradesh,Chittoor,Tube Well,174.63,148.0,1315.0,229.64
2020-11-06,2020,Perennial,Sugarcane,Uttar Pradesh,Lucknow,Rainfed,435.53,163.0,104215.0,45388.76
2023-06-14,2023,Rabi,Pulses,Uttar Pradesh,Kanpur,Rainfed,788.76,134.0,1948.0,1536.5
2017-07-17,2017,Kharif,Rice,Assam,Dibrugarh,Rainfed,796.94,146.0,5290.0,4215.81
2022-08-30,2022,Perennial,Tea,Assam,Kamrup,Rainfed,297.79,82.0,1322.0,393.68
2024-08-31,2024,Kharif,Oilseeds,Gujarat,Surat,Tube Well,196.62,139.0,2099.0,412.71
2024-11-26,2024,Perennial,Tea,West Bengal,Howrah,Canal,551.8,119.0,2179.0,1202.37
2022-01-13,2022,Kharif,Oilseeds,Maharashtra,Mumbai,Tube Well,410.14,114.0,2692.0,1104.1
2021-11-03,2021,Perennial,Sugarcane,Karnataka,Mysore,Drip,626.9,112.0,96042.0,60208.73
2015-11-14,2015,Kharif,Maize,Karnataka,Hubli,Canal,518.71,97.0,6854.0,3555.24
2022-07-06,2022,Rabi,Oilseeds,Maharashtra,Mumbai,Tube Well,899.44,96.0,1277.0,1148.58
2025-04-25,2025,Zaid,Coconut,Karnataka,Hubli,Tube Well,1006.58,155.0,5763.0,5800.92
2017-01-05,2017,Perennial,Tea,Assam,Tinsukia,Rainfed,168.41,134.0,2180.0,367.13
2021-12-13,2021,Perennial,Sugarcane,Maharashtra,Mumbai,Rainfed,1069.32,54.0,85418.0,91339.18
2017-07-13,2017,Perennial,Apple,Himachal Pradesh,Shimla,Rainfed,475.14,57.0,11650.0,5535.38
2018-03-19,2018,Perennial,Apple,Himachal Pradesh,Kangra,Rainfed,193.07,136.0,6509.0,1256.69
2019-07-01,2019,Kharif,Cotton,Andhra Pradesh,Chittoor,Tube Well,145.26,177.0,1656.0,240.55
2020-11-10,2020,Kharif,Rice,Chhattisgarh,Raipur,Rainfed,577.12,57.0,3254.0,1877.95
2025-09-28,2025,Kharif,Maize,Bihar,Gaya,Rainfed,704.08,126.0,5419.0,3815.41
2018-05-02,2018,Kharif,Pulses,Rajasthan,Jodhpur,Rainfed,156.77,178.0,1177.0,184.52
2017-12-31,2017,Kharif,Cotton,Andhra Pradesh,Chittoor,Tube Well,539.82,51.0,967.0,522.01
2015-11-29,2015,Rabi,Oilseeds,Gujarat,Surat,Tube Well,697.81,91.0,2066.0,1441.68
2020-08-10,2020,Kharif,Maize,Karnataka,Hubli,Tube Well,195.14,188.0,8693.0,1696.35
2020-05-13,2020,Rabi,Wheat,Punjab,Patiala,Canal,1075.22,62.0,3623.0,3895.52
2020-07-16,2020,Kharif,Rice,Chhattisgarh,Raipur,Rainfed,486.02,141.0,4539.0,2206.04
2018-04-20,2018,Kharif,Maize,Andhra Pradesh,Krishna,Tube Well,1065.68,126.0,6372.0,6790.51
2023-05-03,2023,Rabi,Pulses,Maharashtra,Mumbai,Drip,741.78,73.0,1194.0,885.69
2019-10-23,2019,Zaid,Coconut,Karnataka,Belgaum,Drip,636.0,56.0,10554.0,6712.34
2021-02-12,2021,Zaid,Coconut,Karnataka,Belgaum,Tube Well,685.13,125.0,11005.0,7539.86
2023-07-16,2023,Rabi,Pulses,Madhya Pradesh,Bhopal,Rainfed,226.29,160.0,1821.0,412.07
2024-08-17,2024,Kharif,Maize,Karnataka,Belgaum,Tube Well,836.88,77.0,4807.0,4022.88
2022-08-24,2022,Rabi,Wheat,Punjab,Patiala,Canal,997.12,154.0,5394.0,5378.47
2023-05-26,2023,Kharif,Pulses,Maharashtra,Pune,Tube Well,1092.5,132.0,2071.0,2262.57
2019-04-12,2019,Kharif,Maize,Telangana,Hyderabad,Canal,694.04,104.0,4146.0,2877.49
2020-09-24,2020,Rabi,Oilseeds,Gujarat,Ahmedabad,Rainfed,769.9,150.0,2607.0,2007.13
2019-12-22,2019,Kharif,Maize,Telangana,Nizamabad,Rainfed,153.19,79.0,5447.0,834.43
2016-11-05,2016,Kharif,Rice,Telangana,Nizamabad,Canal,828.04,119.0,5530.0,4579.06
2019-04-20,2019,Perennial,Apple,Jammu and Kashmir,Srinagar,Rainfed,153.21,132.0,9219.0,1412.44
2019-09-30,2019,Perennial,Tea,Assam,Cachar,Rainfed,771.8,119.0,1932.0,1491.12
2017-06-29,2017,Kharif,Maize,Telangana,Nizamabad,Tube Well,367.67,110.0,4526.0,1664.07
2021-04-27,2021,Kharif,Pulses,Uttar Pradesh,Lucknow,Rainfed,227.45,161.0,1673.0,380.52
2019-02-11,2019,Kharif,Pulses,Rajasthan,Jaipur,Tube Well,620.54,148.0,1927.0,1195.78
2024-12-06,2024,Kharif,Pulses,Uttar Pradesh,Lucknow,Canal,1194.64,146.0,1189.0,1420.43
2018-06-22,2018,Perennial,Sugarcane,Tamil Nadu,Madurai,Drip,867.06,184.0,104760.0,90833.21
2020-04-20,2020,Kharif,Rice,Uttar Pradesh,Lucknow,Tube Well,143.22,199.0,3842.0,550.25
2020-03-26,2020,Zaid,Coconut,Karnataka,Mysore,Tube Well,968.42,135.0,9587.0,9284.24
2021-06-19,2021,Kharif,Pulses,Madhya Pradesh,Bhopal,Rainfed,481.16,102.0,1083.0,521.1
2022-02-20,2022,Perennial,Coffee,Karnataka,Bangalore,Canal,522.69,167.0,1976.0,1032.84
2016-07-03,2016,Kharif,Rice,Telangana,Hyderabad,Rainfed,822.72,71.0,3838.0,3157.6
2022-05-13,2022,Zaid,Coconut,Kerala,Thrissur,Drip,536.17,127.0,14311.0,7673.13
2022-02-10,2022,Kharif,Oilseeds,Maharashtra,Nagpur,Tube Well,181.61,129.0,2293.0,416.43
2020-05-27,2020,Rabi,Potato,Uttar Pradesh,Lucknow,Canal,784.11,198.0,15659.0,12278.38
2016-01-25,2016,Kharif,Cotton,Telangana,Warangal,Rainfed,576.59,199.0,672.0,387.47
2025-02-04,2025,Kharif,Maize,Maharashtra,Nashik,Tube Well,1169.13,170.0,7509.0,8779.0
2019-05-23,2019,Perennial,Tea,Assam,Tinsukia,Rainfed,231.12,121.0,1957.0,452.3
2025-07-28,2025,Perennial,Coffee,Kerala,Kozhikode,Drip,637.44,132.0,1511.0,963.17
2023-07-01,2023,Perennial,Apple,Jammu and Kashmir,Srinagar,Rainfed,321.93,98.0,7699.0,2478.54
2018-12-21,2018,Rabi,Wheat,Madhya Pradesh,Bhopal,Rainfed,111.16,174.0,2417.0,268.67
2019-04-07,2019,Perennial,Coffee,Kerala,Thrissur,Rainfed,23.61,162.0,1415.0,33.41
2025-08-25,2025,Kharif,Pulses,Madhya Pradesh,Bhopal,Rainfed,469.31,166.0,938.0,440.21
2021-04-27,2021,Kharif,Oilseeds,Rajasthan,Jaipur,Tube Well,554.74,71.0,1340.0,743.35
2018-12-16,2018,Kharif,Oilseeds,Maharashtra,Mumbai,Drip,725.22,110.0,2226.0,1614.34
2025-04-13,2025,Rabi,Wheat,Punjab,Patiala,Canal,1221.89,131.0,4387.0,5360.43
2016-03-26,2016,Kharif,Rice,Punjab,Ludhiana,Canal,937.23,69.0,6199.0,5809.89
2025-07-16,2025,Kharif,Cotton,Gujarat,Surat,Tube Well,787.42,105.0,603.0,474.81
2024-03-07,2024,Rabi,Oilseeds,Madhya Pradesh,Bhopal,Rainfed,32.24,63.0,1797.0,57.94
2019-11-01,2019,Perennial,Coffee,Kerala,Kozhikode,Rainfed,79.99,194.0,1277.0,102.15
2017-07-03,2017,Kharif,Pulses,Maharashtra,Nagpur,Rainfed,945.29,163.0,1973.0,1865.06
2016-02-04,2016,Kharif,Maize,Bihar,Patna,Canal,765.21,143.0,7214.0,5520.22
2022-06-12,2022,Kharif,Pulses,Madhya Pradesh,Bhopal,Tube Well,438.32,81.0,2161.0,947.21
2015-07-04,2015,Kharif,Pulses,Maharashtra,Pune,Tube Well,771.31,100.0,1805.0,1392.21
2016-01-14,2016,Kharif,Rice,Bihar,Purnia,Tube Well,618.22,72.0,3964.0,2450.62
2017-06-07,2017,Rabi,Wheat,Madhya Pradesh,Bhopal,Tube Well,92.94,130.0,4319.0,401.41
2024-01-23,2024,Rabi,Wheat,Haryana,Faridabad,Canal,938.39,173.0,5684.0,5333.81
2023-08-31,2023,Rabi,Potato,Bihar,Patna,Canal,483.69,53.0,25372.0,12272.18
2017-05-24,2017,Kharif,Pulses,Maharashtra,Nashik,Rainfed,787.25,65.0,1415.0,1113.96
2022-03-16,2022,Perennial,Apple,Himachal Pradesh,Shimla,Rainfed,285.94,84.0,8055.0,2303.25
2016-12-21,2016,Kharif,Rice,Uttar Pradesh,Kanpur,Canal,1146.87,157.0,5519.0,6329.58
2016-06-07,2016,Rabi,Pulses,Rajasthan,Udaipur,Tube Well,229.81,184.0,2265.0,520.52
2018-10-26,2018,Perennial,Sugarcane,Karnataka,Bangalore,Drip,417.14,163.0,134356.0,56045.26
2023-03-05,2023,Kharif,Rice,West Bengal,Kolkata,Rainfed,436.85,129.0,3873.0,1691.92
2022-06-19,2022,Kharif,Cotton,Andhra Pradesh,Chittoor,Tube Well,917.32,66.0,662.0,607.27
2020-10-23,2020,Perennial,Tea,West Bengal,Darjeeling,Rainfed,479.91,163.0,2067.0,991.97
2019-11-28,2019,Kharif,Cotton,Maharashtra,Nagpur,Drip,238.43,66.0,823.0,196.23
2016-03-15,2016,Rabi,Potato,Uttar Pradesh,Varanasi,Rainfed,1474.73,102.0,11671.0,17211.57
2021-03-22,2021,Kharif,Maize,Madhya Pradesh,Bhopal,Tube Well,399.77,96.0,6877.0,2749.22
2016-07-11,2016,Rabi,Oilseeds,Madhya Pradesh,Bhopal,Rainfed,96.31,104.0,1129.0,108.73
2023-11-15,2023,Kharif,Maize,Maharashtra,Nashik,Drip,874.65,99.0,6719.0,5876.77
2020-10-06,2020,Kharif,Oilseeds,Maharashtra,Pune,Drip,963.52,165.0,4577.0,4410.03
2024-03-27,2024,Rabi,Wheat,Rajasthan,Udaipur,Rainfed,355.15,76.0,2060.0,731.61
2023-12-10,2023,Kharif,Rice,Bihar,Gaya,Rainfed,649.99,177.0,3003.0,1951.92
2015-07-20,2015,Kharif,Cotton,Gujarat,Vadodara,Tube Well,215.48,179.0,1459.0,314.39
2016-10-27,2016,Kharif,Rice,Chhattisgarh,Raipur,Rainfed,263.87,124.0,2367.0,624.58
2023-01-21,2023,Kharif,Cotton,Gujarat,Ahmedabad,Rainfed,202.58,66.0,990.0,200.55
2023-01-08,2023,Kharif,Rice,Assam,Kamrup,Rainfed,315.92,136.0,2110.0,666.59
2022-08-01,2022,Kharif,Oilseeds,Maharashtra,Mumbai,Rainfed,736.01,173.0,3117.0,2294.14
2025-08-03,2025,Perennial,Coffee,Karnataka,Mysore,Tube Well,492.37,93.0,708.0,348.6
2020-06-11,2020,Kharif,Oilseeds,Gujarat,Vadodara,Rainfed,715.93,176.0,3205.0,2294.56
2017-05-29,2017,Rabi,Wheat,Madhya Pradesh,Bhopal,Rainfed,406.39,152.0,4041.0,1642.22
2025-06-01,2025,Kharif,Cotton,Gujarat,Vadodara,Rainfed,388.2,198.0,970.0,376.55
2024-08-26,2024,Kharif,Pulses,Rajasthan,Jaipur,Rainfed,108.96,174.0,1947.0,212.15
2018-03-11,2018,Perennial,Coffee,Tamil Nadu,Chennai,Canal,285.41,80.0,731.0,208.63
2017-11-19,2017,Kharif,Cotton,Telangana,Hyderabad,Canal,188.63,117.0,691.0,130.34
2021-02-27,2021,Perennial,Tea,Assam,Kamrup,Rainfed,568.86,66.0,1443.0,820.86
2021-08-02,2021,Kharif,Cotton,Gujarat,Rajkot,Tube Well,985.76,60.0,974.0,960.13
2016-04-18,2016,Zaid,Coconut,Karnataka,Mysore,Canal,795.22,156.0,15919.0,12659.11
2022-01-16,2022,Rabi,Potato,West Bengal,Darjeeling,Canal,711.67,187.0,31881.0,22688.75
2024-05-26,2024,Perennial,Coffee,Tamil Nadu,Madurai,Tube Well,345.56,196.0,1731.0,598.16
2023-07-07,2023,Rabi,Oilseeds,Gujarat,Surat,Rainfed,856.07,91.0,2298.0,1967.25
2018-11-09,2018,Rabi,Wheat,Rajasthan,Jodhpur,Rainfed,427.51,80.0,3582.0,1531.34
2017-07-02,2017,Kharif,Oilseeds,Maharashtra,Nagpur,Tube Well,70.49,134.0,3430.0,241.78
2016-12-14,2016,Kharif,Maize,Karnataka,Mysore,Drip,999.3,80.0,7859.0,7853.5
2024-03-10,2024,Perennial,Coffee,Tamil Nadu,Madurai,Tube Well,97.15,94.0,651.0,63.24
2022-01-11,2022,Kharif,Cotton,Maharashtra,Pune,Rainfed,658.49,176.0,638.0,420.12
2019-07-25,2019,Kharif,Pulses,Uttar Pradesh,Kanpur,Rainfed,774.47,172.0,2146.0,1662.01
2020-06-16,2020,Zaid,Coconut,Tamil Nadu,Madurai,Canal,922.34,184.0,15730.0,14508.41
2023-06-22,2023,Kharif,Cotton,Maharashtra,Mumbai,Drip,1187.86,122.0,878.0,1042.94
2018-10-01,2018,Perennial,Tea,Kerala,Thrissur,Rainfed,752.34,135.0,2592.0,1950.07
2015-09-20,2015,Zaid,Coconut,Karnataka,Bangalore,Tube Well,630.94,166.0,15527.0,9796.61
2024-04-23,2024,Rabi,Oilseeds,Gujarat,Vadodara,Rainfed,818.06,86.0,1090.0,891.69
2023-03-24,2023,Perennial,Tea,Kerala,Ernakulam,Rainfed,79.93,173.0,2486.0,198.71
2019-09-24,2019,Kharif,Rice,Odisha,Bhubaneswar,Rainfed,444.25,53.0,3942.0,1751.23
2015-08-08,2015,Kharif,Oilseeds,Madhya Pradesh,Bhopal,Rainfed,719.31,170.0,1610.0,1158.09
2017-03-30,2017,Rabi,Wheat,Haryana,Hisar,Canal,643.42,166.0,4936.0,3175.92
2025-03-03,2025,Kharif,Oilseeds,Madhya Pradesh,Bhopal,Tube Well,64.98,95.0,3686.0,239.52
2021-06-04,2021,Zaid,Coconut,Karnataka,Mysore,Drip,228.7,159.0,14322.0,3275.44
2015-12-27,2015,Perennial,Sugarcane,Maharashtra,Mumbai,Rainfed,564.06,82.0,86843.0,48984.66
2019-11-04,2019,Rabi,Wheat,Punjab,Patiala,Tube Well,363.92,136.0,2964.0,1078.66
2018-04-20,2018,Kharif,Pulses,Madhya Pradesh,Bhopal,Tube Well,319.91,155.0,2328.0,744.75
2020-04-06,2020,Perennial,Tea,Kerala,Ernakulam,Drip,273.04,157.0,1984.0,541.71
2020-05-10,2020,Rabi,Wheat,Madhya Pradesh,Bhopal,Tube Well,261.95,197.0,3190.0,835.62
2017-10-07,2017,Rabi,Wheat,Haryana,Gurgaon,Canal,136.72,77.0,3926.0,536.76
2019-11-12,2019,Kharif,Rice,Tamil Nadu,Coimbatore,Canal,972.16,122.0,5837.0,5674.5
2022-06-30,2022,Perennial,Tea,West Bengal,Kolkata,Canal,765.05,182.0,2761.0,2112.3
2017-08-18,2017,Rabi,Wheat,Bihar,Gaya,Tube Well,627.15,134.0,5189.0,3254.28
2018-11-05,2018,Zaid,Coconut,Karnataka,Hubli,Tube Well,671.05,181.0,13882.0,9315.52
2015-12-10,2015,Perennial,Coffee,Kerala,Ernakulam,Rainfed,323.24,115.0,628.0,202.99
2025-10-12,2025,Kharif,Cotton,Maharashtra,Nagpur,Rainfed,1072.08,169.0,1279.0,1371.19
2017-04-19,2017,Rabi,Wheat,Uttar Pradesh,Varanasi,Rainfed,1395.76,181.0,2619.0,3655.5
2015-12-21,2015,Perennial,Apple,Himachal Pradesh,Mandi,Rainfed,12.75,177.0,14201.0,181.06
2025-02-10,2025,Kharif,Maize,Andhra Pradesh,Krishna,Rainfed,104.25,181.0,3914.0,408.03
2017-09-13,2017,Zaid,Coconut,Andhra Pradesh,Visakhapatnam,Tube Well,813.22,83.0,14697.0,11951.89
2017-09-09,2017,Perennial,Coffee,Tamil Nadu,Madurai,Canal,267.31,116.0,1130.0,302.06
2021-05-10,2021,Rabi,Wheat,Punjab,Ludhiana,Canal,1368.44,76.0,3777.0,5168.6
2021-01-20,2021,Zaid,Coconut,Andhra Pradesh,Visakhapatnam,Canal,804.22,77.0,9783.0,7867.68
2025-07-25,2025,Perennial,Apple,Himachal Pradesh,Shimla,Rainfed,190.46,123.0,6208.0,1182.38
2018-09-07,2018,Perennial,Sugarcane,Maharashtra,Mumbai,Drip,545.71,194.0,120268.0,65631.45
2019-10-13,2019,Kharif,Rice,Andhra Pradesh,Chittoor,Canal,832.15,139.0,3461.0,2880.07
2020-08-19,2020,Kharif,Pulses,Madhya Pradesh,Bhopal,Rainfed,121.36,178.0,1992.0,241.75
2024-01-27,2024,Rabi,Pulses,Uttar Pradesh,Kanpur,Canal,1326.28,191.0,3000.0,3978.84
2017-04-10,2017,Rabi,Pulses,Uttar Pradesh,Varanasi,Rainfed,17.11,63.0,1634.0,27.96
2022-10-26,2022,Rabi,Oilseeds,Gujarat,Ahmedabad,Tube Well,1174.95,74.0,2244.0,2636.59
2023-10-21,2023,Zaid,Coconut,Tamil Nadu,Chennai,Canal,192.73,94.0,5247.0,1011.25
2017-12-17,2017,Kharif,Pulses,Rajasthan,Udaipur,Rainfed,522.06,143.0,901.0,470.38
2023-05-19,2023,Rabi,Potato,Punjab,Patiala,Canal,69.49,59.0,24311.0,1689.37
2021-08-30,2021,Kharif,Rice,West Bengal,Howrah,Rainfed,480.26,168.0,4492.0,2157.33
2020-06-28,2020,Zaid,Coconut,Andhra Pradesh,Guntur,Tube Well,760.07,60.0,12382.0,9411.19
2019-05-10,2019,Rabi,Oilseeds,Madhya Pradesh,Bhopal,Tube Well,65.48,74.0,2650.0,173.52
2023-11-03,2023,Kharif,Pulses,Madhya Pradesh,Bhopal,Tube Well,360.2,107.0,2529.0,910.95
2022-05-16,2022,Kharif,Maize,Karnataka,Hubli,Drip,340.42,134.0,6543.0,2227.37
2020-05-29,2020,Zaid,Coconut,Tamil Nadu,Coimbatore,Drip,553.09,182.0,13904.0,7690.16
2025-01-12,2025,Rabi,Oilseeds,Rajasthan,Jaipur,Tube Well,358.16,195.0,2166.0,775.77
2019-10-11,2019,Kharif,Maize,Madhya Pradesh,Bhopal,Tube Well,630.33,183.0,5851.0,3688.06
2025-03-17,2025,Perennial,Tea,Kerala,Kozhikode,Rainfed,107.57,66.0,1881.0,202.34
2023-03-04,2023,Zaid,Coconut,Kerala,Ernakulam,Drip,75.35,145.0,13110.0,987.84
2024-12-04,2024,Perennial,Apple,Himachal Pradesh,Mandi,Rainfed,206.93,116.0,8860.0,1833.4
2019-08-05,2019,Rabi,Oilseeds,Maharashtra,Nagpur,Tube Well,1154.9,69.0,1461.0,1687.31
2019-03-08,2019,Rabi,Wheat,Madhya Pradesh,Bhopal,Tube Well,685.66,133.0,3601.0,2469.06
2020-05-13,2020,Perennial,Apple,Himachal Pradesh,Mandi,Rainfed,284.4,103.0,5417.0,1540.59
2024-02-01,2024,Rabi,Potato,Punjab,Patiala,Canal,1334.27,102.0,28636.0,38208.16
2017-10-21,2017,Zaid,Coconut,Kerala,Kozhikode,Drip,646.22,64.0,8461.0,5467.67
2018-01-19,2018,Kharif,Pulses,Madhya Pradesh,Bhopal,Rainfed,229.57,197.0,1463.0,335.86
2018-04-15,2018,Rabi,Wheat,Haryana,Hisar,Tube Well,246.45,159.0,4412.0,1087.34
2019-02-18,2019,Kharif,Cotton,Andhra Pradesh,Chittoor,Canal,368.38,92.0,1125.0,414.43
2025-06-26,2025,Kharif,Maize,Karnataka,Belgaum,Drip,257.56,188.0,7600.0,1957.46
2016-01-03,2016,Kharif,Maize,Andhra Pradesh,Guntur,Tube Well,751.04,192.0,6607.0,4962.12
2017-02-12,2017,Kharif,Oilseeds,Rajasthan,Jodhpur,Rainfed,413.58,172.0,2213.0,915.25
2015-12-19,2015,Perennial,Coffee,Tamil Nadu,Madurai,Canal,662.3,149.0,1899.0,1257.71
2017-04-22,2017,Kharif,Pulses,Maharashtra,Nashik,Rainfed,254.2,106.0,1362.0,346.22
2023-04-15,2023,Rabi,Wheat,Uttar Pradesh,Varanasi,Canal,1189.88,115.0,4166.0,4957.04
2016-09-22,2016,Perennial,Apple,Jammu and Kashmir,Srinagar,Rainfed,179.11,118.0,15216.0,2725.34
2022-04-30,2022,Rabi,Wheat,Rajasthan,Jodhpur,Rainfed,335.99,192.0,2730.0,917.25
2023-06-27,2023,Kharif,Cotton,Telangana,Nizamabad,Canal,897.3,164.0,1446.0,1297.5
2024-03-12,2024,Zaid,Coconut,Karnataka,Mysore,Tube Well,317.68,94.0,9741.0,3094.52
2019-01-12,2019,Rabi,Pulses,Maharashtra,Nagpur,Rainfed,518.44,144.0,1921.0,995.92
2021-08-11,2021,Zaid,Coconut,Andhra Pradesh,Guntur,Rainfed,814.99,139.0,7668.0,6249.34
2016-12-13,2016,Zaid,Coconut,Andhra Pradesh,Krishna,Tube Well,1057.69,172.0,9190.0,9720.17
2025-02-22,2025,Perennial,Coffee,Karnataka,Hubli,Drip,148.19,64.0,910.0,134.85
2022-03-21,2022,Rabi,Wheat,Uttar Pradesh,Kanpur,Tube Well,1105.22,155.0,5210.0,5758.2
2016-06-26,2016,Kharif,Oilseeds,Madhya Pradesh,Bhopal,Tube Well,735.44,100.0,3082.0,2266.63
2022-06-04,2022,Rabi,Wheat,Uttar Pradesh,Lucknow,Rainfed,640.16,69.0,2012.0,1288.0
2017-07-08,2017,Kharif,Pulses,Rajasthan,Udaipur,Rainfed,207.84,160.0,1818.0,377.85
2017-03-07,2017,Perennial,Sugarcane,Uttar Pradesh,Varanasi,Rainfed,1019.83,100.0,51233.0,52248.95
2017-12-18,2017,Kharif,Pulses,Uttar Pradesh,Kanpur,Canal,376.65,160.0,1490.0,561.21
2020-10-22,2020,Kharif,Cotton,Maharashtra,Nagpur,Tube Well,505.73,74.0,1054.0,533.04
2015-06-14,2015,Perennial,Sugarcane,Karnataka,Bangalore,Canal,987.64,198.0,113803.0,112396.39
2017-11-02,2017,Rabi,Wheat,Uttar Pradesh,Lucknow,Canal,889.6,171.0,5486.0,4880.35
2017-01-01,2017,Kharif,Pulses,Maharashtra,Nashik,Tube Well,132.52,93.0,1910.0,253.11
2018-01-29,2018,Rabi,Potato,Bihar,Gaya,Rainfed,336.4,161.0,32224.0,10840.15
2018-06-01,2018,Perennial,Coffee,Kerala,Thrissur,Rainfed,505.54,70.0,1268.0,641.02
2015-10-02,2015,Kharif,Maize,Andhra Pradesh,Krishna,Tube Well,582.98,148.0,5530.0,3223.88
2020-05-25,2020,Perennial,Coffee,Tamil Nadu,Coimbatore,Tube Well,729.77,59.0,1562.0,1139.9
2016-05-09,2016,Kharif,Pulses,Maharashtra,Pune,Tube Well,992.26,100.0,2333.0,2314.94
2020-04-17,2020,Zaid,Coconut,Kerala,Ernakulam,Rainfed,389.69,197.0,13693.0,5336.03
2016-06-07,2016,Perennial,Apple,Jammu and Kashmir,Srinagar,Rainfed,394.91,68.0,4779.0,1887.27
2023-12-19,2023,Kharif,Rice,Bihar,Muzaffarpur,Rainfed,915.53,140.0,4911.0,4496.17
2016-03-08,2016,Rabi,Potato,West Bengal,Kolkata,Canal,75.3,61.0,13978.0,1052.54
2018-08-02,2018,Kharif,Cotton,Telangana,Warangal,Canal,247.12,150.0,1184.0,292.59
2022-07-26,2022,Zaid,Coconut,Kerala,Kozhikode,Rainfed,247.43,92.0,7139.0,1766.4
2024-08-03,2024,Rabi,Oilseeds,Maharashtra,Nagpur,Rainfed,247.73,96.0,2791.0,691.41
2023-06-17,2023,Rabi,Potato,Punjab,Patiala,Canal,474.9,101.0,23939.0,11368.63
2023-08-04,2023,Kharif,Pulses,Maharashtra,Mumbai,Rainfed,558.02,81.0,1448.0,808.01
2021-03-19,2021,Kharif,Cotton,Andhra Pradesh,Krishna,Canal,71.35,191.0,1467.0,104.67
2021-10-07,2021,Kharif,Oilseeds,Gujarat,Vadodara,Tube Well,161.49,186.0,1518.0,245.14
2018-09-23,2018,Kharif,Cotton,Telangana,Hyderabad,Tube Well,95.66,181.0,1267.0,121.2
2018-08-23,2018,Rabi,Potato,West Bengal,Kolkata,Rainfed,60.49,66.0,18910.0,1143.87
2018-08-01,2018,Perennial,Apple,Jammu and Kashmir,Srinagar,Rainfed,197.78,85.0,10535.0,2083.61
2015-11-22,2015,Rabi,Potato,Uttar Pradesh,Varanasi,Rainfed,507.37,142.0,12270.0,6225.43
2016-04-14,2016,Rabi,Oilseeds,Gujarat,Surat,Rainfed,1123.18,196.0,1292.0,1451.15
2018-08-26,2018,Perennial,Sugarcane,Karnataka,Mysore,Canal,122.01,141.0,83511.0,10189.18
2023-03-01,2023,Zaid,Coconut,Tamil Nadu,Coimbatore,Canal,1019.38,99.0,14436.0,14715.77
2019-02-09,2019,Perennial,Coffee,Karnataka,Hubli,Tube Well,104.33,173.0,1227.0,128.01
2017-03-12,2017,Rabi,Potato,West Bengal,Darjeeling,Canal,684.95,70.0,23313.0,15968.24
2016-08-07,2016,Kharif,Cotton,Telangana,Hyderabad,Rainfed,230.48,182.0,810.0,186.69
2023-02-04,2023,Kharif,Pulses,Uttar Pradesh,Kanpur,Canal,1241.94,196.0,2569.0,3190.54
2021-05-29,2021,Zaid,Coconut,Kerala,Thrissur,Rainfed,58.57,195.0,7054.0,413.15
2017-09-14,2017,Kharif,Rice,Telangana,Nizamabad,Tube Well,857.73,72.0,2648.0,2271.27
2020-01-19,2020,Kharif,Pulses,Rajasthan,Jodhpur,Tube Well,42.61,132.0,1678.0,71.5
2017-08-24,2017,Rabi,Potato,Uttar Pradesh,Kanpur,Tube Well,369.26,138.0,33210.0,12263.12
2017-10-25,2017,Rabi,Potato,Bihar,Gaya,Canal,469.54,79.0,35929.0,16870.1
2016-11-10,2016,Rabi,Wheat,Haryana,Faridabad,Tube Well,1060.92,132.0,2813.0,2984.37
2023-01-07,2023,Kharif,Rice,Punjab,Amritsar,Canal,1427.16,147.0,6349.0,9061.04
2024-06-30,2024,Kharif,Rice,Odisha,Bhubaneswar,Canal,390.96,99.0,2897.0,1132.61
2016-08-29,2016,Rabi,Pulses,Maharashtra,Pune,Drip,986.93,97.0,1637.0,1615.6
2021-09-18,2021,Perennial,Tea,West Bengal,Howrah,Canal,802.61,59.0,1262.0,1012.89
2019-10-12,2019,Zaid,Coconut,Tamil Nadu,Chennai,Canal,632.57,194.0,17453.0,11040.24
2016-12-08,2016,Perennial,Coffee,Kerala,Kozhikode,Rainfed,555.83,171.0,1349.0,749.81
2017-09-02,2017,Zaid,Coconut,Tamil Nadu,Madurai,Drip,51.49,164.0,10673.0,549.55
2021-06-30,2021,Rabi,Potato,Bihar,Purnia,Canal,447.16,53.0,21185.0,9473.08
2016-02-12,2016,Kharif,Rice,Bihar,Muzaffarpur,Rainfed,788.0,144.0,4191.0,3302.51
2016-12-03,2016,Rabi,Wheat,Madhya Pradesh,Bhopal,Tube Well,384.63,77.0,2642.0,1016.19
2015-12-21,2015,Rabi,Pulses,Uttar Pradesh,Varanasi,Rainfed,1311.52,149.0,1050.0,1377.1
2022-08-30,2022,Rabi,Pulses,Rajasthan,Jaipur,Tube Well,585.21,143.0,2478.0,1450.15
2024-12-24,2024,Rabi,Wheat,Madhya Pradesh,Bhopal,Rainfed,692.12,178.0,2718.0,1881.18
2023-09-14,2023,Rabi,Potato,West Bengal,Howrah,Canal,151.7,88.0,31677.0,4805.4
2017-01-15,2017,Kharif,Pulses,Uttar Pradesh,Kanpur,Tube Well,373.77,54.0,1241.0,463.85
2018-01-26,2018,Rabi,Oilseeds,Maharashtra,Mumbai,Tube Well,48.18,187.0,1723.0,83.01
2017-02-25,2017,Kharif,Cotton,Maharashtra,Nagpur,Drip,1277.81,186.0,1781.0,2275.78
2025-08-09,2025,Perennial,Tea,Assam,Dibrugarh,Rainfed,196.55,118.0,2405.0,472.7
2024-07-16,2024,Kharif,Oilseeds,Rajasthan,Jodhpur,Rainfed,263.29,62.0,2037.0,536.32
2024-10-27,2024,Kharif,Maize,Telangana,Nizamabad,Rainfed,254.68,125.0,4540.0,1156.25
2018-10-08,2018,Rabi,Potato,Uttar Pradesh,Varanasi,Rainfed,69.29,129.0,21944.0,1520.5
2020-05-10,2020,Rabi,Potato,Uttar Pradesh,Varanasi,Rainfed,399.27,173.0,20367.0,8131.93
2018-12-16,2018,Rabi,Wheat,Uttar Pradesh,Lucknow,Canal,156.31,158.0,5128.0,801.56
2019-06-16,2019,Kharif,Rice,Assam,Kamrup,Rainfed,321.48,61.0,3922.0,1260.84
2017-12-14,2017,Rabi,Wheat,Madhya Pradesh,Bhopal,Tube Well,773.79,156.0,5071.0,3923.89
2023-09-07,2023,Kharif,Maize,Maharashtra,Nagpur,Tube Well,910.76,70.0,5464.0,4976.39
2020-05-24,2020,Perennial,Sugarcane,Karnataka,Bangalore,Canal,780.52,63.0,110891.0,86552.64
2019-07-23,2019,Perennial,Coffee,Tamil Nadu,Coimbatore,Drip,503.96,110.0,918.0,462.64
2016-12-01,2016,Rabi,Oilseeds,Maharashtra,Pune,Tube Well,1056.58,62.0,1249.0,1319.67
2022-11-21,2022,Kharif,Pulses,Madhya Pradesh,Bhopal,Rainfed,727.54,174.0,1772.0,1289.2
2023-08-24,2023,Zaid,Coconut,Kerala,Thrissur,Rainfed,769.62,119.0,4961.0,3818.08
2022-12-19,2022,Kharif,Rice,Uttar Pradesh,Lucknow,Rainfed,157.5,138.0,3865.0,608.74
2019-08-27,2019,Rabi,Wheat,Haryana,Faridabad,Tube Well,1232.71,137.0,4647.0,5728.4
2018-06-25,2018,Kharif,Maize,Karnataka,Belgaum,Drip,255.34,197.0,6828.0,1743.46
2016-06-12,2016,Perennial,Apple,Jammu and Kashmir,Srinagar,Rainfed,164.93,187.0,6236.0,1028.5
2017-04-15,2017,Kharif,Rice,Assam,Cachar,Rainfed,282.93,177.0,5261.0,1488.49
2023-02-12,2023,Rabi,Wheat,Haryana,Gurgaon,Tube Well,948.43,107.0,2673.0,2535.15
2021-04-11,2021,Zaid,Coconut,Karnataka,Mysore,Tube Well,661.74,72.0,13492.0,8928.2
2023-05-06,2023,Rabi,Wheat,Punjab,Patiala,Canal,172.57,139.0,2976.0,513.57
2021-08-10,2021,Kharif,Pulses,Madhya Pradesh,Bhopal,Tube Well,628.43,116.0,2190.0,1376.26
2024-02-05,2024,Perennial,Coffee,Tamil Nadu,Chennai,Tube Well,489.21,84.0,1750.0,856.12
2022-01-11,2022,Rabi,Oilseeds,Madhya Pradesh,Bhopal,Tube Well,11.76,65.0,3333.0,39.2
2021-07-08,2021,Rabi,Potato,Uttar Pradesh,Lucknow,Rainfed,627.61,115.0,28341.0,17787.1
2015-09-10,2015,Kharif,Rice,Odisha,Bhubaneswar,Rainfed,469.54,148.0,5004.0,2349.58
2016-03-02,2016,Rabi,Pulses,Maharashtra,Nashik,Rainfed,98.85,144.0,1510.0,149.26
2021-08-02,2021,Rabi,Pulses,Uttar Pradesh,Kanpur,Tube Well,235.19,166.0,2082.0,489.67
2018-12-28,2018,Kharif,Pulses,Madhya Pradesh,Bhopal,Tube Well,794.92,120.0,2024.0,1608.92
2019-11-24,2019,Kharif,Rice,Andhra Pradesh,Visakhapatnam,Rainfed,1046.72,98.0,4624.0,4840.03
2018-02-14,2018,Perennial,Sugarcane,Karnataka,Hubli,Canal,155.33,131.0,128157.0,19906.63
2017-02-05,2017,Kharif,Cotton,Telangana,Nizamabad,Tube Well,526.48,196.0,1525.0,802.88
2016-12-08,2016,Kharif,Cotton,Maharashtra,Mumbai,Rainfed,499.22,57.0,858.0,428.33
2016-02-22,2016,Rabi,Oilseeds,Madhya Pradesh,Bhopal,Rainfed,439.55,129.0,2331.0,1024.59
2023-02-09,2023,Zaid,Coconut,Tamil Nadu,Madurai,Tube Well,522.88,99.0,14369.0,7513.26
2019-09-14,2019,Kharif,Oilseeds,Rajasthan,Udaipur,Tube Well,43.22,66.0,1644.0,71.05
2023-04-16,2023,Rabi,Wheat,Bihar,Gaya,Canal,322.27,115.0,3235.0,1042.54
2018-02-01,2018,Kharif,Oilseeds,Madhya Pradesh,Bhopal,Tube Well,109.16,146.0,4064.0,443.63
2017-05-01,2017,Kharif,Pulses,Rajasthan,Jodhpur,Rainfed,347.39,129.0,1526.0,530.12
2019-01-07,2019,Kharif,Oilseeds,Gujarat,Vadodara,Rainfed,1089.71,54.0,1784.0,1944.04
2023-12-11,2023,Perennial,Coffee,Kerala,Thrissur,Drip,796.47,137.0,1982.0,1578.6
2021-10-26,2021,Kharif,Pulses,Madhya Pradesh,Bhopal,Rainfed,755.96,85.0,1752.0,1324.44
2016-02-16,2016,Kharif,Pulses,Madhya Pradesh,Bhopal,Rainfed,788.7,101.0,1004.0,791.85
2024-10-22,2024,Rabi,Wheat,Bihar,Muzaffarpur,Tube Well,25.09,97.0,2953.0,74.09
2022-02-24,2022,Perennial,Apple,Jammu and Kashmir,Srinagar,Rainfed,294.48,179.0,14665.0,4318.55
2021-02-25,2021,Kharif,Oilseeds,Gujarat,Surat,Rainfed,334.81,57.0,2347.0,785.8
2018-08-26,2018,Rabi,Potato,Uttar Pradesh,Kanpur,Rainfed,1299.77,102.0,14411.0,18730.99
2016-06-13,2016,Kharif,Cotton,Gujarat,Surat,Tube Well,978.34,109.0,1380.0,1350.11
2025-04-27,2025,Rabi,Oilseeds,Maharashtra,Pune,Rainfed,556.54,143.0,2092.0,1164.28
2021-01-22,2021,Rabi,Potato,West Bengal,Darjeeling,Rainfed,525.85,168.0,21580.0,11347.84
2022-01-19,2022,Rabi,Oilseeds,Rajasthan,Jaipur,Rainfed,192.91,159.0,3257.0,628.31
2018-04-12,2018,Kharif,Oilseeds,Maharashtra,Nagpur,Rainfed,382.56,163.0,2249.0,860.38
2018-03-04,2018,Kharif,Cotton,Gujarat,Rajkot,Rainfed,1177.6,79.0,485.0,571.14
2022-10-26,2022,Kharif,Maize,Andhra Pradesh,Visakhapatnam,Rainfed,1067.73,187.0,4403.0,4701.22
2015-09-18,2015,Kharif,Maize,Madhya Pradesh,Bhopal,Rainfed,161.58,112.0,4047.0,653.91
2023-01-01,2023,Kharif,Maize,Karnataka,Hubli,Drip,310.32,52.0,7374.0,2288.3
2022-04-13,2022,Zaid,Coconut,Kerala,Kozhikode,Drip,95.83,150.0,9168.0,878.57
2018-11-23,2018,Perennial,Sugarcane,Tamil Nadu,Coimbatore,Tube Well,1087.87,141.0,97217.0,105759.46
2023-11-18,2023,Perennial,Sugarcane,Karnataka,Bangalore,Tube Well,998.86,69.0,104427.0,104307.95
2017-10-02,2017,Perennial,Sugarcane,Tamil Nadu,Madurai,Tube Well,611.79,194.0,94360.0,57728.5
2017-09-28,2017,Rabi,Potato,Uttar Pradesh,Lucknow,Tube Well,1042.41,134.0,32281.0,33650.04
2022-10-03,2022,Zaid,Coconut,Kerala,Ernakulam,Drip,600.88,120.0,8066.0,4846.7
2016-04-01,2016,Kharif,Pulses,Madhya Pradesh,Bhopal,Tube Well,171.01,110.0,1405.0,240.27
2020-03-24,2020,Rabi,Wheat,Bihar,Purnia,Tube Well,935.32,81.0,4852.0,4538.17
2020-07-28,2020,Rabi,Potato,West Bengal,Howrah,Rainfed,584.15,193.0,20114.0,11749.59
2018-06-16,2018,Rabi,Oilseeds,Madhya Pradesh,Bhopal,Rainfed,83.04,155.0,2678.0,222.38
2017-10-09,2017,Zaid,Coconut,Tamil Nadu,Chennai,Tube Well,442.82,135.0,14424.0,6387.24
2018-08-18,2018,Kharif,Oilseeds,Maharashtra,Pune,Rainfed,786.12,145.0,1814.0,1426.02
2024-12-29,2024,Kharif,Cotton,Telangana,Nizamabad,Rainfed,324.01,176.0,773.0,250.46
2022-04-22,2022,Perennial,Tea,Kerala,Thrissur,Drip,562.37,145.0,3212.0,1806.33
2025-02-06,2025,Kharif,Maize,Madhya Pradesh,Bhopal,Tube Well,706.82,67.0,5733.0,4052.2
2023-03-01,2023,Rabi,Wheat,Haryana,Hisar,Canal,1082.93,155.0,3955.0,4282.99
2023-01-03,2023,Perennial,Sugarcane,Karnataka,Bangalore,Drip,710.5,135.0,127937.0,90899.24
2020-04-18,2020,Rabi,Wheat,Madhya Pradesh,Bhopal,Rainfed,414.6,195.0,4328.0,1794.39
2020-09-26,2020,Rabi,Wheat,Madhya Pradesh,Bhopal,Tube Well,211.03,160.0,3466.0,731.43
2022-07-17,2022,Kharif,Maize,Andhra Pradesh,Guntur,Tube Well,551.39,102.0,3902.0,2151.52
2020-10-23,2020,Kharif,Rice,Tamil Nadu,Madurai,Drip,329.32,70.0,3669.0,1208.28
2015-03-08,2015,Perennial,Tea,Assam,Kamrup,Rainfed,747.88,122.0,2071.0,1548.86
2019-01-23,2019,Rabi,Pulses,Uttar Pradesh,Varanasi,Rainfed,1361.89,152.0,2057.0,2801.41
2018-02-12,2018,Rabi,Potato,Bihar,Patna,Canal,164.27,77.0,34480.0,5664.03
2015-12-23,2015,Kharif,Cotton,Telangana,Nizamabad,Rainfed,742.13,147.0,621.0,460.86
2023-03-04,2023,Kharif,Oilseeds,Gujarat,Ahmedabad,Tube Well,846.47,174.0,3964.0,3355.41
2015-06-04,2015,Perennial,Coffee,Tamil Nadu,Chennai,Canal,1072.98,74.0,1648.0,1768.27
2020-02-09,2020,Kharif,Rice,Andhra Pradesh,Krishna,Rainfed,561.33,156.0,4585.0,2573.7
2020-01-11,2020,Rabi,Potato,Bihar,Muzaffarpur,Rainfed,724.95,60.0,21816.0,15815.51
2019-10-13,2019,Kharif,Pulses,Rajasthan,Jaipur,Rainfed,367.34,51.0,1595.0,585.91
2021-06-07,2021,Rabi,Pulses,Uttar Pradesh,Varanasi,Rainfed,113.41,55.0,1667.0,189.05
2023-08-12,2023,Perennial,Apple,Jammu and Kashmir,Srinagar,Rainfed,28.24,145.0,14128.0,398.97
2024-05-17,2024,Rabi,Oilseeds,Gujarat,Surat,Tube Well,155.31,196.0,1848.0,287.01
2023-03-01,2023,Kharif,Rice,Telangana,Hyderabad,Tube Well,273.61,166.0,5903.0,1615.12
2019-11-30,2019,Rabi,Pulses,Maharashtra,Nashik,Rainfed,344.26,88.0,1752.0,603.14
2022-05-15,2022,Zaid,Coconut,Kerala,Ernakulam,Rainfed,585.38,61.0,5046.0,2953.83
2017-10-08,2017,Rabi,Oilseeds,Madhya Pradesh,Bhopal,Tube Well,575.58,142.0,1944.0,1118.93
2020-04-18,2020,Perennial,Sugarcane,Maharashtra,Nagpur,Drip,1263.1,50.0,111624.0,140992.27
2016-04-27,2016,Rabi,Oilseeds,Madhya Pradesh,Bhopal,Rainfed,255.21,169.0,1881.0,480.05
2017-12-07,2017,Perennial,Coffee,Tamil Nadu,Madurai,Drip,1032.91,86.0,1206.0,1245.69
2018-10-31,2018,Rabi,Potato,West Bengal,Kolkata,Rainfed,678.01,95.0,17210.0,11668.55
2015-09-21,2015,Kharif,Rice,Tamil Nadu,Chennai,Tube Well,549.89,102.0,3350.0,1842.13
2017-06-26,2017,Kharif,Pulses,Madhya Pradesh,Bhopal,Rainfed,537.59,165.0,2133.0,1146.68
2017-11-13,2017,Kharif,Cotton,Maharashtra,Nashik,Rainfed,916.55,90.0,1015.0,930.3
2020-04-10,2020,Perennial,Apple,Himachal Pradesh,Shimla,Rainfed,94.25,93.0,7336.0,691.42
2023-01-06,2023,Zaid,Coconut,Kerala,Kozhikode,Rainfed,603.86,131.0,5071.0,3062.17
2016-04-07,2016,Rabi,Oilseeds,Madhya Pradesh,Bhopal,Rainfed,582.89,119.0,1787.0,1041.62
2017-07-25,2017,Kharif,Oilseeds,Maharashtra,Pune,Drip,1296.82,193.0,2943.0,3816.54
2020-05-08,2020,Kharif,Cotton,Maharashtra,Mumbai,Tube Well,1186.41,90.0,504.0,597.95
2020-03-13,2020,Zaid,Coconut,Tamil Nadu,Coimbatore,Drip,756.28,64.0,14260.0,10784.55
2024-04-28,2024,Rabi,Pulses,Rajasthan,Udaipur,Rainfed,501.53,131.0,1905.0,955.41
2024-02-02,2024,Kharif,Oilseeds,Rajasthan,Jaipur,Tube Well,662.73,78.0,3279.0,2173.09
2022-02-15,2022,Rabi,Potato,Punjab,Ludhiana,Canal,1451.1,112.0,35225.0,51115.0
2019-08-21,2019,Kharif,Cotton,Telangana,Warangal,Tube Well,746.0,78.0,1198.0,893.71
2024-01-28,2024,Kharif,Maize,Maharashtra,Pune,Drip,999.94,182.0,7748.0,7747.54
2016-02-21,2016,Rabi,Wheat,Madhya Pradesh,Bhopal,Tube Well,97.98,99.0,4951.0,485.1
2016-02-14,2016,Kharif,Maize,Bihar,Muzaffarpur,Rainfed,832.02,166.0,5694.0,4737.52
2020-11-24,2020,Perennial,Tea,Kerala,Kozhikode,Drip,210.02,192.0,3122.0,655.68
2016-12-26,2016,Kharif,Oilseeds,Madhya Pradesh,Bhopal,Tube Well,455.39,191.0,3800.0,1730.48
2024-11-21,2024,Kharif,Oilseeds,Rajasthan,Udaipur,Rainfed,289.71,129.0,1556.0,450.79
2023-09-25,2023,Kharif,Pulses,Uttar Pradesh,Lucknow,Canal,524.95,197.0,3044.0,1597.95
2018-12-11,2018,Zaid,Coconut,Tamil Nadu,Chennai,Drip,348.17,148.0,6209.0,2161.79
2020-10-11,2020,Rabi,Wheat,Madhya Pradesh,Bhopal,Rainfed,685.79,69.0,3080.0,2112.23
2019-03-07,2019,Rabi,Wheat,Madhya Pradesh,Bhopal,Rainfed,617.62,183.0,2454.0,1515.64
2022-03-10,2022,Kharif,Maize,Karnataka,Mysore,Drip,580.56,120.0,7923.0,4599.78
2019-07-11,2019,Kharif,Oilseeds,Rajasthan,Jodhpur,Rainfed,468.49,73.0,2763.0,1294.44
2018-03-08,2018,Rabi,Potato,Uttar Pradesh,Varanasi,Tube Well,1476.95,169.0,25872.0,38211.65
2025-09-25,2025,Perennial,Apple,Jammu and Kashmir,Srinagar,Rainfed,165.04,144.0,14511.0,2394.9
2024-10-14,2024,Perennial,Coffee,Karnataka,Hubli,Drip,610.7,182.0,1320.0,806.12
2025-08-16,2025,Kharif,Maize,Maharashtra,Pune,Tube Well,698.25,174.0,4992.0,3485.66
2023-12-14,2023,Rabi,Oilseeds,Rajasthan,Jaipur,Tube Well,655.82,98.0,1958.0,1284.1
2024-12-23,2024,Perennial,Tea,West Bengal,Howrah,Canal,393.2,88.0,1876.0,737.64
2024-02-25,2024,Kharif,Maize,Andhra Pradesh,Krishna,Rainfed,1183.64,160.0,5371.0,6357.33
2019-05-16,2019,Perennial,Sugarcane,Karnataka,Mysore,Drip,342.12,136.0,131568.0,45012.04
2024-09-01,2024,Kharif,Pulses,Rajasthan,Jodhpur,Tube Well,85.15,60.0,1227.0,104.48
2019-04-11,2019,Perennial,Coffee,Tamil Nadu,Madurai,Drip,218.6,77.0,775.0,169.42
2022-06-26,2022,Zaid,Coconut,Andhra Pradesh,Visakhapatnam,Rainfed,517.2,73.0,5435.0,2810.98
2021-11-27,2021,Perennial,Sugarcane,Uttar Pradesh,Lucknow,Rainfed,978.14,138.0,68613.0,67113.12
2022-12-13,2022,Rabi,Potato,Bihar,Gaya,Tube Well,521.66,63.0,18402.0,9599.59
2021-12-17,2021,Kharif,Cotton,Maharashtra,Nagpur,Rainfed,495.4,81.0,551.0,272.97
2022-04-29,2022,Perennial,Tea,West Bengal,Kolkata,Rainfed,622.62,132.0,1780.0,1108.26
2021-05-23,2021,Kharif,Pulses,Maharashtra,Nagpur,Drip,1092.06,70.0,2375.0,2593.64
2016-03-03,2016,Kharif,Oilseeds,Madhya Pradesh,Bhopal,Rainfed,672.76,87.0,1161.0,781.07
2020-09-02,2020,Zaid,Coconut,Karnataka,Bangalore,Tube Well,801.59,186.0,15939.0,12776.54
2025-01-11,2025,Zaid,Coconut,Kerala,Thrissur,Drip,762.43,155.0,12064.0,9197.96
2020-09-09,2020,Perennial,Apple,Jammu and Kashmir,Srinagar,Rainfed,240.18,96.0,11405.0,2739.25
2016-02-02,2016,Kharif,Pulses,Madhya Pradesh,Bhopal,Tube Well,16.05,182.0,2585.0,41.49
2016-04-14,2016,Zaid,Coconut,Karnataka,Bangalore,Drip,327.11,88.0,8655.0,2831.14
2020-11-03,2020,Zaid,Coconut,Andhra Pradesh,Visakhapatnam,Rainfed,400.59,138.0,12313.0,4932.46
2015-08-12,2015,Kharif,Rice,Tamil Nadu,Chennai,Tube Well,606.59,105.0,2874.0,1743.34
2018-06-25,2018,Kharif,Rice,Chhattisgarh,Raipur,Rainfed,634.37,163.0,3953.0,2507.66
2017-04-03,2017,Kharif,Rice,Punjab,Patiala,Canal,1258.79,106.0,3689.0,4643.68
2019-03-01,2019,Kharif,Pulses,Madhya Pradesh,Bhopal,Tube Well,193.42,87.0,1593.0,308.12
2021-11-28,2021,Perennial,Coffee,Kerala,Ernakulam,Rainfed,420.32,141.0,1009.0,424.1
2019-06-16,2019,Rabi,Pulses,Maharashtra,Mumbai,Tube Well,860.3,162.0,2671.0,2297.86
2024-05-22,2024,Zaid,Coconut,Karnataka,Belgaum,Tube Well,1086.39,130.0,10049.0,10917.13
2015-10-14,2015,Perennial,Tea,Kerala,Kozhikode,Rainfed,34.73,157.0,2236.0,77.66
2020-08-21,2020,Kharif,Rice,West Bengal,Howrah,Canal,515.63,113.0,6560.0,3382.53
2024-08-21,2024,Perennial,Tea,Kerala,Kozhikode,Rainfed,790.61,169.0,1941.0,1534.57
2016-05-30,2016,Rabi,Potato,West Bengal,Howrah,Canal,1075.15,138.0,25636.0,27562.55
2023-08-14,2023,Perennial,Tea,Assam,Kamrup,Rainfed,271.27,79.0,2342.0,635.31
2016-07-05,2016,Kharif,Oilseeds,Maharashtra,Nagpur,Rainfed,10.02,184.0,3030.0,30.36
2016-10-16,2016,Perennial,Tea,West Bengal,Darjeeling,Rainfed,649.54,176.0,2715.0,1763.5
2023-12-01,2023,Kharif,Maize,Madhya Pradesh,Bhopal,Rainfed,694.88,195.0,4867.0,3381.98
2016-10-10,2016,Kharif,Cotton,Andhra Pradesh,Guntur,Tube Well,395.91,135.0,1288.0,509.93
2023-02-02,2023,Zaid,Coconut,Karnataka,Belgaum,Drip,1028.35,151.0,9010.0,9265.43
2025-03-27,2025,Kharif,Pulses,Maharashtra,Nashik,Rainfed,439.19,180.0,2085.0,915.71
2019-07-14,2019,Rabi,Potato,Bihar,Patna,Canal,614.1,58.0,34944.0,21459.11
2016-02-06,2016,Rabi,Potato,Uttar Pradesh,Varanasi,Tube Well,1085.85,187.0,22500.0,24431.62
2021-10-08,2021,Zaid,Coconut,Kerala,Kozhikode,Rainfed,282.88,91.0,4713.0,1333.21
2025-10-26,2025,Kharif,Cotton,Maharashtra,Nashik,Tube Well,464.35,59.0,656.0,304.61
2016-09-05,2016,Kharif,Maize,Bihar,Muzaffarpur,Canal,475.29,86.0,6301.0,2994.8
2021-02-04,2021,Kharif,Oilseeds,Madhya Pradesh,Bhopal,Rainfed,669.83,138.0,1635.0,1095.17
2023-05-23,2023,Rabi,Pulses,Rajasthan,Jaipur,Tube Well,79.59,57.0,1827.0,145.41
2024-11-17,2024,Kharif,Pulses,Uttar Pradesh,Kanpur,Canal,950.9,50.0,1464.0,1392.12
2016-02-28,2016,Kharif,Oilseeds,Maharashtra,Pune,Drip,883.78,146.0,4222.0,3731.32
2023-04-13,2023,Kharif,Rice,Uttar Pradesh,Lucknow,Tube Well,841.23,118.0,4387.0,3690.48
2018-07-25,2018,Kharif,Rice,Tamil Nadu,Chennai,Canal,1030.06,177.0,5256.0,5414.0
2021-12-28,2021,Rabi,Wheat,Rajasthan,Jaipur,Rainfed,425.37,89.0,2616.0,1112.77
2024-11-01,2024,Perennial,Apple,Jammu and Kashmir,Srinagar,Rainfed,257.48,92.0,5591.0,1439.57
2024-08-10,2024,Kharif,Pulses,Rajasthan,Udaipur,Rainfed,423.83,62.0,1283.0,543.77
2022-09-02,2022,Rabi,Oilseeds,Rajasthan,Jodhpur,Rainfed,508.19,131.0,2665.0,1354.33
2018-11-16,2018,Rabi,Potato,Punjab,Ludhiana,Tube Well,211.76,105.0,37095.0,7855.24
2025-02-10,2025,Rabi,Wheat,Madhya Pradesh,Bhopal,Rainfed,716.48,101.0,2135.0,1529.68
2015-03-19,2015,Zaid,Coconut,Karnataka,Mysore,Drip,56.32,119.0,14764.0,831.51
2020-04-04,2020,Rabi,Wheat,Uttar Pradesh,Varanasi,Canal,964.71,177.0,3813.0,3678.44
2024-07-14,2024,Rabi,Potato,Punjab,Patiala,Canal,927.07,66.0,32764.0,30374.52
2019-06-21,2019,Kharif,Cotton,Andhra Pradesh,Guntur,Tube Well,257.66,129.0,897.0,231.12
2022-04-16,2022,Rabi,Oilseeds,Madhya Pradesh,Bhopal,Tube Well,42.16,79.0,1495.0,63.03
2016-12-16,2016,Rabi,Oilseeds,Madhya Pradesh,Bhopal,Rainfed,119.68,82.0,2130.0,254.92
2017-06-11,2017,Kharif,Oilseeds,Rajasthan,Udaipur,Rainfed,197.45,89.0,2705.0,534.1
2022-09-23,2022,Kharif,Maize,Andhra Pradesh,Guntur,Rainfed,1059.71,119.0,3631.0,3847.81
2022-08-11,2022,Perennial,Tea,Assam,Cachar,Rainfed,686.03,124.0,1067.0,731.99
2023-03-06,2023,Rabi,Potato,Bihar,Muzaffarpur,Canal,73.22,181.0,41914.0,3068.94
2022-10-20,2022,Rabi,Oilseeds,Rajasthan,Udaipur,Rainfed,209.59,184.0,2734.0,573.02
2021-04-10,2021,Perennial,Coffee,Tamil Nadu,Coimbatore,Tube Well,979.35,138.0,1770.0,1733.45
2022-08-28,2022,Zaid,Coconut,Tamil Nadu,Madurai,Canal,267.96,92.0,5826.0,1561.13
2023-01-07,2023,Rabi,Oilseeds,Rajasthan,Jaipur,Rainfed,697.22,173.0,3119.0,2174.63
2019-01-02,2019,Zaid,Coconut,Tamil Nadu,Madurai,Tube Well,289.96,169.0,10469.0,3035.59
2016-05-29,2016,Perennial,Tea,West Bengal,Howrah,Canal,815.63,170.0,3491.0,2847.36
2016-05-25,2016,Rabi,Pulses,Uttar Pradesh,Varanasi,Rainfed,631.42,52.0,793.0,500.72
2018-06-05,2018,Rabi,Pulses,Uttar Pradesh,Kanpur,Canal,213.0,163.0,2739.0,583.41
2022-02-05,2022,Kharif,Rice,West Bengal,Kolkata,Rainfed,288.12,178.0,4544.0,1309.22
2023-06-20,2023,Perennial,Apple,Himachal Pradesh,Shimla,Rainfed,340.81,141.0,11215.0,3822.18
2020-11-02,2020,Rabi,Oilseeds,Gujarat,Vadodara,Rainfed,411.1,163.0,1240.0,509.76
2025-04-07,2025,Kharif,Cotton,Andhra Pradesh,Krishna,Rainfed,728.91,166.0,1054.0,768.27
2024-05-07,2024,Perennial,Tea,Kerala,Thrissur,Rainfed,172.37,126.0,1966.0,338.88
2023-05-28,2023,Rabi,Potato,Punjab,Ludhiana,Tube Well,678.39,172.0,35087.0,23802.67
2020-11-19,2020,Kharif,Pulses,Rajasthan,Udaipur,Rainfed,363.45,169.0,1850.0,672.38
2021-12-28,2021,Rabi,Oilseeds,Rajasthan,Jaipur,Rainfed,294.82,187.0,2164.0,637.99
2021-10-07,2021,Rabi,Potato,Uttar Pradesh,Varanasi,Canal,304.9,188.0,21580.0,6579.74
2019-07-31,2019,Perennial,Apple,Jammu and Kashmir,Srinagar,Rainfed,190.01,129.0,14788.0,2809.87
2020-06-04,2020,Kharif,Maize,Karnataka,Belgaum,Drip,765.26,55.0,7293.0,5581.04
2021-09-02,2021,Perennial,Sugarcane,Tamil Nadu,Coimbatore,Tube Well,1061.75,53.0,70104.0,74432.92
2020-02-08,2020,Rabi,Oilseeds,Rajasthan,Jaipur,Rainfed,554.77,191.0,2609.0,1447.39
2020-06-21,2020,Kharif,Rice,Tamil Nadu,Chennai,Drip,186.0,101.0,3593.0,668.3
2021-03-31,2021,Perennial,Coffee,Tamil Nadu,Madurai,Drip,307.25,107.0,1896.0,582.55
2020-05-14,2020,Rabi,Potato,Uttar Pradesh,Varanasi,Rainfed,127.45,120.0,12275.0,1564.45
2017-01-22,2017,Kharif,Pulses,Rajasthan,Jodhpur,Tube Well,103.6,90.0,2469.0,255.79
2019-07-06,2019,Rabi,Wheat,Punjab,Patiala,Canal,383.52,139.0,4554.0,1746.55
2016-12-12,2016,Perennial,Coffee,Karnataka,Bangalore,Drip,227.48,168.0,808.0,183.8
2018-02-06,2018,Kharif,Pulses,Madhya Pradesh,Bhopal,Tube Well,178.78,89.0,2304.0,411.91
2018-09-16,2018,Kharif,Rice,Assam,Dibrugarh,Rainfed,192.31,161.0,4458.0,857.32
2023-05-14,2023,Kharif,Oilseeds,Madhya Pradesh,Bhopal,Tube Well,247.54,151.0,3310.0,819.36
2019-03-23,2019,Kharif,Oilseeds,Madhya Pradesh,Bhopal,Rainfed,109.21,129.0,1615.0,176.37
2020-12-22,2020,Zaid,Coconut,Andhra Pradesh,Chittoor,Tube Well,340.62,99.0,8453.0,2879.26
2023-03-20,2023,Rabi,Oilseeds,Gujarat,Surat,Tube Well,829.21,181.0,4105.0,3403.91
2022-10-19,2022,Kharif,Maize,Maharashtra,Pune,Drip,314.96,110.0,6867.0,2162.83
2022-05-18,2022,Kharif,Cotton,Andhra Pradesh,Visakhapatnam,Canal,214.49,106.0,552.0,118.4
2025-04-02,2025,Kharif,Rice,Assam,Kamrup,Rainfed,63.48,146.0,3199.0,203.07
2023-12-17,2023,Perennial,Coffee,Tamil Nadu,Chennai,Canal,554.97,188.0,1682.0,933.46
2017-09-07,2017,Kharif,Cotton,Gujarat,Rajkot,Rainfed,1011.96,126.0,537.0,543.42
2024-05-10,2024,Perennial,Coffee,Kerala,Ernakulam,Rainfed,56.62,158.0,655.0,37.09
2022-10-05,2022,Rabi,Pulses,Madhya Pradesh,Bhopal,Tube Well,438.44,119.0,1140.0,499.82
2024-06-03,2024,Kharif,Cotton,Telangana,Warangal,Canal,589.05,83.0,1157.0,681.53
2023-07-29,2023,Perennial,Tea,West Bengal,Kolkata,Canal,655.78,69.0,1845.0,1209.91
2024-02-25,2024,Rabi,Wheat,Madhya Pradesh,Bhopal,Rainfed,703.32,70.0,2572.0,1808.94
2025-05-17,2025,Zaid,Coconut,Andhra Pradesh,Krishna,Rainfed,1041.01,53.0,4056.0,4222.34
2022-04-20,2022,Perennial,Apple,Himachal Pradesh,Kangra,Rainfed,38.08,133.0,12992.0,494.74
2016-12-01,2016,Kharif,Pulses,Uttar Pradesh,Kanpur,Rainfed,547.81,70.0,1610.0,881.97
2017-03-07,2017,Kharif,Maize,Karnataka,Hubli,Drip,741.2,180.0,8644.0,6406.93
2018-07-27,2018,Zaid,Coconut,Andhra Pradesh,Chittoor,Rainfed,1143.41,197.0,10730.0,12268.79
2022-05-24,2022,Kharif,Rice,Uttar Pradesh,Kanpur,Rainfed,1208.98,124.0,4463.0,5395.68
2024-03-09,2024,Kharif,Cotton,Andhra Pradesh,Krishna,Canal,220.14,117.0,1173.0,258.22
2017-09-23,2017,Kharif,Pulses,Uttar Pradesh,Lucknow,Rainfed,426.02,102.0,1381.0,588.33
2021-03-01,2021,Kharif,Oilseeds,Rajasthan,Udaipur,Tube Well,536.88,146.0,2083.0,1118.32
2016-05-23,2016,Zaid,Coconut,Karnataka,Bangalore,Drip,523.91,141.0,6541.0,3426.9
2021-03-10,2021,Kharif,Cotton,Andhra Pradesh,Chittoor,Rainfed,661.29,102.0,629.0,415.95
2024-04-21,2024,Rabi,Oilseeds,Maharashtra,Mumbai,Tube Well,795.58,101.0,3000.0,2386.74
2015-12-14,2015,Rabi,Potato,West Bengal,Darjeeling,Canal,122.59,147.0,40887.0,5012.34
2023-09-07,2023,Rabi,Wheat,Haryana,Faridabad,Tube Well,1199.79,133.0,3369.0,4042.09
2019-09-29,2019,Kharif,Pulses,Madhya Pradesh,Bhopal,Tube Well,691.88,158.0,2243.0,1551.89
2016-12-18,2016,Zaid,Coconut,Andhra Pradesh,Guntur,Tube Well,567.2,191.0,11538.0,6544.35
2017-05-28,2017,Kharif,Rice,Assam,Cachar,Rainfed,505.21,167.0,4312.0,2178.47
2023-02-06,2023,Zaid,Coconut,Kerala,Thrissur,Drip,531.32,96.0,5478.0,2910.57
2020-09-25,2020,Perennial,Sugarcane,Maharashtra,Nagpur,Rainfed,254.74,164.0,62038.0,15803.56
2023-09-07,2023,Rabi,Oilseeds,Gujarat,Surat,Tube Well,143.98,118.0,1873.0,269.67
2018-09-13,2018,Rabi,Oilseeds,Rajasthan,Udaipur,Tube Well,24.26,167.0,3955.0,95.95
2020-06-07,2020,Rabi,Wheat,Madhya Pradesh,Bhopal,Tube Well,731.18,183.0,3030.0,2215.48
2021-04-06,2021,Kharif,Pulses,Madhya Pradesh,Bhopal,Tube Well,283.11,87.0,1832.0,518.66
2018-04-12,2018,Perennial,Sugarcane,Tamil Nadu,Coimbatore,Canal,103.56,86.0,124050.0,12846.62
2024-12-26,2024,Perennial,Tea,West Bengal,Kolkata,Rainfed,517.72,115.0,2012.0,1041.65
2018-07-17,2018,Kharif,Maize,Bihar,Gaya,Canal,84.87,58.0,5429.0,460.76
2023-06-14,2023,Rabi,Oilseeds,Madhya Pradesh,Bhopal,Rainfed,77.35,153.0,1923.0,148.74
2019-08-19,2019,Perennial,Apple,Jammu and Kashmir,Srinagar,Rainfed,200.67,162.0,12384.0,2485.1
2021-02-03,2021,Perennial,Tea,West Bengal,Howrah,Rainfed,564.63,102.0,1710.0,965.52
2024-03-24,2024,Rabi,Potato,Bihar,Muzaffarpur,Canal,584.34,120.0,32980.0,19271.53
2020-11-29,2020,Rabi,Wheat,Uttar Pradesh,Kanpur,Canal,987.9,139.0,4574.0,4518.65
2020-09-29,2020,Kharif,Pulses,Uttar Pradesh,Varanasi,Canal,1005.72,61.0,1816.0,1826.39
2018-09-27,2018,Perennial,Coffee,Karnataka,Bangalore,Tube Well,481.97,157.0,2034.0,980.33
2025-05-18,2025,Kharif,Oilseeds,Rajasthan,Jodhpur,Rainfed,454.04,129.0,2784.0,1264.05
2024-05-27,2024,Rabi,Oilseeds,Gujarat,Vadodara,Rainfed,372.64,144.0,2371.0,883.53
2023-06-27,2023,Kharif,Pulses,Maharashtra,Mumbai,Tube Well,579.29,159.0,2026.0,1173.64
2016-08-11,2016,Kharif,Oilseeds,Gujarat,Surat,Rainfed,478.06,151.0,2648.0,1265.9
2019-10-22,2019,Rabi,Wheat,Punjab,Amritsar,Canal,500.37,64.0,4451.0,2227.15
2016-03-01,2016,Perennial,Tea,Kerala,Thrissur,Rainfed,198.47,167.0,1602.0,317.95
2018-01-23,2018,Kharif,Cotton,Telangana,Warangal,Tube Well,79.83,142.0,1271.0,101.46
2019-09-05,2019,Rabi,Wheat,Rajasthan,Jaipur,Rainfed,359.08,157.0,2481.0,890.88
2016-09-28,2016,Kharif,Oilseeds,Gujarat,Surat,Tube Well,649.37,89.0,2307.0,1498.1
2020-03-21,2020,Kharif,Oilseeds,Maharashtra,Pune,Tube Well,443.64,83.0,3527.0,1564.72
2024-09-30,2024,Rabi,Wheat,Uttar Pradesh,Kanpur,Tube Well,1464.01,174.0,3807.0,5573.49
2022-09-12,2022,Rabi,Pulses,Rajasthan,Udaipur,Rainfed,394.3,109.0,991.0,390.75
2023-07-17,2023,Kharif,Oilseeds,Madhya Pradesh,Bhopal,Tube Well,712.32,136.0,1742.0,1240.86
2024-02-07,2024,Kharif,Cotton,Gujarat,Surat,Tube Well,688.4,133.0,959.0,660.18
2019-09-27,2019,Kharif,Maize,Maharashtra,Nashik,Drip,254.99,138.0,5403.0,1377.71
2023-11-12,2023,Kharif,Rice,West Bengal,Darjeeling,Canal,1072.34,60.0,4016.0,4306.52
2022-08-27,2022,Perennial,Apple,Himachal Pradesh,Mandi,Rainfed,443.81,95.0,11957.0,5306.64
2020-03-11,2020,Perennial,Sugarcane,Uttar Pradesh,Lucknow,Tube Well,712.2,60.0,110741.0,78869.74
2015-07-21,2015,Kharif,Oilseeds,Gujarat,Rajkot,Tube Well,299.24,122.0,1605.0,480.28
2022-04-14,2022,Rabi,Potato,Uttar Pradesh,Lucknow,Rainfed,341.78,185.0,28996.0,9910.25
2017-11-23,2017,Perennial,Coffee,Karnataka,Hubli,Canal,888.56,108.0,808.0,717.96
2019-12-16,2019,Kharif,Cotton,Andhra Pradesh,Chittoor,Canal,92.25,167.0,1042.0,96.12
2023-05-11,2023,Perennial,Coffee,Kerala,Ernakulam,Drip,514.07,93.0,2032.0,1044.59
2019-06-01,2019,Perennial,Sugarcane,Uttar Pradesh,Varanasi,Rainfed,963.8,178.0,60402.0,58215.45
2020-09-09,2020,Kharif,Pulses,Uttar Pradesh,Lucknow,Tube Well,281.86,113.0,1071.0,301.87
2022-10-04,2022,Kharif,Cotton,Andhra Pradesh,Chittoor,Rainfed,848.85,103.0,664.0,563.64
2015-07-24,2015,Perennial,Sugarcane,Tamil Nadu,Chennai,Canal,778.89,155.0,141651.0,110330.55
2023-06-19,2023,Rabi,Potato,Uttar Pradesh,Lucknow,Canal,531.55,127.0,14403.0,7655.91
2018-05-29,2018,Kharif,Cotton,Maharashtra,Nashik,Tube Well,633.55,101.0,733.0,464.39
2024-06-14,2024,Kharif,Oilseeds,Maharashtra,Pune,Drip,1084.26,59.0,2808.0,3044.6
2017-04-16,2017,Rabi,Potato,Bihar,Purnia,Tube Well,527.92,75.0,17720.0,9354.74
2021-09-25,2021,Rabi,Oilseeds,Madhya Pradesh,Bhopal,Tube Well,498.34,166.0,1569.0,781.9
2023-03-02,2023,Zaid,Coconut,Tamil Nadu,Coimbatore,Canal,459.92,188.0,6767.0,3112.28
2018-06-18,2018,Perennial,Sugarcane,Tamil Nadu,Coimbatore,Canal,173.06,75.0,98227.0,16999.16
2016-02-06,2016,Kharif,Oilseeds,Rajasthan,Jaipur,Rainfed,698.67,135.0,2236.0,1562.23
2016-03-14,2016,Rabi,Oilseeds,Gujarat,Vadodara,Tube Well,642.53,55.0,2803.0,1801.01
2024-06-27,2024,Rabi,Oilseeds,Rajasthan,Udaipur,Tube Well,242.15,94.0,1581.0,382.84
2020-04-02,2020,Rabi,Oilseeds,Madhya Pradesh,Bhopal,Tube Well,573.89,117.0,2608.0,1496.71
2025-01-10,2025,Kharif,Pulses,Madhya Pradesh,Bhopal,Rainfed,500.45,160.0,1670.0,835.75
2022-06-29,2022,Perennial,Sugarcane,Karnataka,Hubli,Drip,263.87,57.0,77468.0,20441.48
2024-03-23,2024,Perennial,Tea,West Bengal,Darjeeling,Rainfed,965.85,167.0,2022.0,1952.95
2016-12-11,2016,Rabi,Wheat,Madhya Pradesh,Bhopal,Tube Well,66.01,80.0,4165.0,274.93
2025-01-31,2025,Rabi,Potato,West Bengal,Howrah,Canal,670.21,164.0,43938.0,29447.69
2015-09-10,2015,Kharif,Maize,Telangana,Warangal,Rainfed,435.32,144.0,5121.0,2229.27
2019-08-16,2019,Rabi,Oilseeds,Gujarat,Ahmedabad,Rainfed,388.66,101.0,2700.0,1049.38
2023-05-03,2023,Rabi,Potato,Uttar Pradesh,Lucknow,Canal,1241.31,159.0,38986.0,48393.71
2020-01-30,2020,Rabi,Wheat,Punjab,Patiala,Canal,987.85,85.0,4983.0,4922.46
2019-06-20,2019,Perennial,Apple,Jammu and Kashmir,Srinagar,Rainfed,306.2,83.0,11734.0,3592.95
2019-06-09,2019,Rabi,Wheat,Uttar Pradesh,Varanasi,Canal,627.84,59.0,2964.0,1860.92
2024-03-22,2024,Kharif,Maize,Andhra Pradesh,Krishna,Tube Well,1131.45,109.0,5007.0,5665.17
2016-04-07,2016,Zaid,Coconut,Andhra Pradesh,Chittoor,Canal,420.22,65.0,12703.0,5338.05
2017-08-22,2017,Kharif,Maize,Madhya Pradesh,Bhopal,Tube Well,429.53,113.0,5908.0,2537.66
2023-10-30,2023,Kharif,Pulses,Maharashtra,Nashik,Drip,1214.41,51.0,1380.0,1675.89
2024-02-24,2024,Kharif,Rice,Andhra Pradesh,Chittoor,Tube Well,108.99,73.0,4776.0,520.54
2023-10-12,2023,Rabi,Oilseeds,Madhya Pradesh,Bhopal,Rainfed,95.96,190.0,3241.0,311.01
2019-08-16,2019,Zaid,Coconut,Kerala,Kozhikode,Rainfed,795.41,169.0,7645.0,6080.91
2024-10-06,2024,Rabi,Potato,Punjab,Patiala,Tube Well,1457.37,85.0,26979.0,39318.39
2017-12-21,2017,Zaid,Coconut,Andhra Pradesh,Krishna,Tube Well,928.32,158.0,12099.0,11231.74
2024-01-07,2024,Rabi,Wheat,Haryana,Gurgaon,Tube Well,683.02,150.0,3110.0,2124.19
2018-03-17,2018,Kharif,Rice,Assam,Dibrugarh,Rainfed,409.79,77.0,2154.0,882.69
2024-09-28,2024,Perennial,Apple,Jammu and Kashmir,Srinagar,Rainfed,110.31,106.0,13905.0,1533.86
2025-07-12,2025,Kharif,Rice,Tamil Nadu,Madurai,Tube Well,481.68,187.0,7033.0,3387.66
2021-07-03,2021,Kharif,Pulses,Maharashtra,Nashik,Tube Well,566.44,161.0,2649.0,1500.5
2019-05-04,2019,Rabi,Oilseeds,Rajasthan,Udaipur,Tube Well,34.9,164.0,2533.0,88.4
2023-05-30,2023,Kharif,Cotton,Maharashtra,Mumbai,Rainfed,594.57,135.0,663.0,394.2
2025-04-14,2025,Kharif,Cotton,Maharashtra,Nashik,Rainfed,628.93,150.0,1246.0,783.65
2022-09-29,2022,Rabi,Pulses,Uttar Pradesh,Kanpur,Tube Well,1002.02,126.0,2463.0,2467.98
2022-07-12,2022,Rabi,Oilseeds,Rajasthan,Jodhpur,Tube Well,366.35,161.0,3709.0,1358.79
2019-12-29,2019,Rabi,Oilseeds,Gujarat,Rajkot,Rainfed,1035.4,160.0,1832.0,1896.85
2015-08-08,2015,Perennial,Tea,Assam,Dibrugarh,Rainfed,300.37,55.0,1780.0,534.66
2021-04-27,2021,Rabi,Pulses,Maharashtra,Nagpur,Tube Well,538.54,145.0,2327.0,1253.18
2015-06-22,2015,Perennial,Tea,Kerala,Ernakulam,Rainfed,461.47,144.0,1993.0,919.71
2023-01-13,2023,Kharif,Oilseeds,Maharashtra,Pune,Drip,271.51,60.0,2810.0,762.94
2019-09-14,2019,Rabi,Wheat,Uttar Pradesh,Lucknow,Canal,596.31,112.0,4739.0,2825.91
2016-05-16,2016,Perennial,Sugarcane,Maharashtra,Nashik,Drip,895.16,185.0,140242.0,125539.03
2020-10-17,2020,Rabi,Potato,Punjab,Ludhiana,Tube Well,623.6,193.0,21886.0,13648.11
2022-11-07,2022,Zaid,Coconut,Karnataka,Bangalore,Drip,998.21,167.0,10991.0,10971.33
2024-07-14,2024,Kharif,Cotton,Gujarat,Rajkot,Tube Well,742.21,73.0,1233.0,915.14
2021-05-18,2021,Kharif,Maize,Bihar,Patna,Canal,162.23,106.0,5050.0,819.26
2024-07-20,2024,Rabi,Pulses,Uttar Pradesh,Kanpur,Canal,736.29,77.0,2401.0,1767.83
2017-08-06,2017,Kharif,Maize,Madhya Pradesh,Bhopal,Rainfed,614.18,148.0,5938.0,3647.0
2022-10-17,2022,Perennial,Apple,Himachal Pradesh,Kangra,Rainfed,325.24,166.0,15473.0,5032.44
2017-12-16,2017,Kharif,Pulses,Madhya Pradesh,Bhopal,Rainfed,709.36,183.0,1318.0,934.94
2016-12-23,2016,Perennial,Tea,Kerala,Ernakulam,Drip,602.49,179.0,1820.0,1096.53
2023-06-19,2023,Perennial,Sugarcane,Uttar Pradesh,Varanasi,Tube Well,101.8,65.0,65182.0,6635.53
2021-08-10,2021,Kharif,Cotton,Gujarat,Vadodara,Tube Well,143.89,69.0,1008.0,145.04
2019-01-24,2019,Kharif,Rice,Odisha,Bhubaneswar,Canal,588.28,186.0,4452.0,2619.02
2018-06-28,2018,Perennial,Tea,Assam,Cachar,Rainfed,198.34,177.0,1575.0,312.39
2016-05-02,2016,Perennial,Sugarcane,Tamil Nadu,Madurai,Canal,650.74,119.0,83466.0,54314.66
2025-04-15,2025,Rabi,Oilseeds,Madhya Pradesh,Bhopal,Tube Well,635.85,115.0,2760.0,1754.95
2024-12-10,2024,Kharif,Rice,Assam,Tinsukia,Rainfed,465.78,133.0,3824.0,1781.14
2024-12-25,2024,Rabi,Wheat,Punjab,Amritsar,Canal,629.08,139.0,4021.0,2529.53
2021-03-11,2021,Rabi,Potato,Punjab,Amritsar,Canal,972.94,88.0,16487.0,16040.86
2024-12-08,2024,Kharif,Maize,Maharashtra,Nashik,Rainfed,195.27,111.0,5843.0,1140.96
2025-06-19,2025,Zaid,Coconut,Andhra Pradesh,Krishna,Canal,870.62,143.0,10565.0,9198.1
2018-09-30,2018,Kharif,Cotton,Telangana,Hyderabad,Tube Well,630.35,81.0,609.0,383.88
2019-06-04,2019,Kharif,Rice,Punjab,Amritsar,Canal,776.46,200.0,3294.0,2557.66
2016-04-08,2016,Kharif,Maize,Karnataka,Belgaum,Drip,313.91,92.0,4685.0,1470.67
2015-08-18,2015,Kharif,Cotton,Gujarat,Vadodara,Rainfed,959.1,133.0,669.0,641.64
2021-07-06,2021,Kharif,Oilseeds,Rajasthan,Jodhpur,Rainfed,362.28,133.0,2372.0,859.33
2024-03-09,2024,Rabi,Pulses,Maharashtra,Mumbai,Tube Well,86.34,118.0,2567.0,221.63
2017-04-05,2017,Kharif,Cotton,Maharashtra,Pune,Rainfed,1195.01,86.0,596.0,712.23
2020-03-03,2020,Kharif,Pulses,Uttar Pradesh,Varanasi,Rainfed,1153.9,135.0,1840.0,2123.18
2015-06-14,2015,Kharif,Maize,Karnataka,Bangalore,Canal,647.44,64.0,7074.0,4579.99
2022-12-16,2022,Perennial,Tea,West Bengal,Darjeeling,Canal,486.14,108.0,2126.0,1033.53
2022-02-10,2022,Rabi,Pulses,Uttar Pradesh,Varanasi,Rainfed,1440.25,84.0,1061.0,1528.11
2021-06-07,2021,Rabi,Oilseeds,Rajasthan,Jodhpur,Tube Well,544.76,69.0,2366.0,1288.9
2018-09-03,2018,Rabi,Pulses,Rajasthan,Jodhpur,Tube Well,379.15,189.0,2757.0,1045.32
2020-11-16,2020,Perennial,Coffee,Tamil Nadu,Coimbatore,Drip,721.94,155.0,773.0,558.06
2015-07-03,2015,Kharif,Maize,Andhra Pradesh,Chittoor,Canal,344.09,75.0,5619.0,1933.44
2019-10-30,2019,Rabi,Wheat,Madhya Pradesh,Bhopal,Rainfed,164.62,192.0,4062.0,668.69
2015-11-12,2015,Zaid,Coconut,Andhra Pradesh,Guntur,Rainfed,335.25,82.0,8436.0,2828.17
2015-12-04,2015,Rabi,Pulses,Uttar Pradesh,Lucknow,Tube Well,446.77,85.0,1719.0,768.0
2021-01-26,2021,Kharif,Cotton,Maharashtra,Mumbai,Drip,964.26,70.0,1096.0,1056.83
2019-05-07,2019,Rabi,Pulses,Uttar Pradesh,Kanpur,Canal,218.69,159.0,2255.0,493.15
2025-09-03,2025,Kharif,Maize,Maharashtra,Nashik,Rainfed,1013.09,136.0,5323.0,5392.68
2023-01-19,2023,Rabi,Potato,Punjab,Patiala,Tube Well,789.86,59.0,20047.0,15834.32
2020-03-23,2020,Zaid,Coconut,Kerala,Thrissur,Drip,313.81,54.0,10255.0,3218.12
2024-12-17,2024,Kharif,Pulses,Rajasthan,Udaipur,Rainfed,217.27,130.0,1178.0,255.94
2020-12-24,2020,Perennial,Sugarcane,Uttar Pradesh,Varanasi,Canal,774.67,148.0,142371.0,110290.54
2016-05-24,2016,Kharif,Maize,Bihar,Patna,Rainfed,324.34,173.0,3994.0,1295.41
2025-05-19,2025,Perennial,Tea,West Bengal,Howrah,Canal,478.1,122.0,1683.0,804.64
2017-11-23,2017,Rabi,Potato,Uttar Pradesh,Varanasi,Rainfed,1111.13,151.0,16634.0,18482.54
2019-10-20,2019,Kharif,Cotton,Gujarat,Surat,Tube Well,754.94,160.0,1594.0,1203.37
2024-02-21,2024,Kharif,Maize,Madhya Pradesh,Bhopal,Rainfed,600.91,142.0,5303.0,3186.63
2016-02-08,2016,Perennial,Apple,Himachal Pradesh,Kangra,Rainfed,359.36,103.0,9515.0,3419.31
2018-10-08,2018,Kharif,Rice,West Bengal,Kolkata,Canal,898.43,70.0,5961.0,5355.54
2019-03-31,2019,Kharif,Oilseeds,Gujarat,Vadodara,Tube Well,250.01,147.0,3845.0,961.29
2021-09-14,2021,Kharif,Oilseeds,Rajasthan,Udaipur,Rainfed,696.63,165.0,1996.0,1390.47
2022-08-29,2022,Rabi,Oilseeds,Rajasthan,Jaipur,Rainfed,338.28,78.0,2022.0,684.0
2024-01-19,2024,Rabi,Wheat,Madhya Pradesh,Bhopal,Rainfed,577.4,124.0,3937.0,2273.22
2016-03-04,2016,Kharif,Cotton,Maharashtra,Mumbai,Drip,884.3,110.0,918.0,811.79
2015-09-20,2015,Kharif,Oilseeds,Gujarat,Vadodara,Rainfed,683.72,81.0,1735.0,1186.25
2020-11-07,2020,Kharif,Cotton,Maharashtra,Pune,Rainfed,1294.6,87.0,1000.0,1294.6
2025-02-12,2025,Kharif,Pulses,Rajasthan,Jodhpur,Rainfed,159.95,86.0,1581.0,252.88
2023-06-25,2023,Rabi,Potato,West Bengal,Kolkata,Rainfed,469.68,113.0,11120.0,5222.84
2022-08-26,2022,Zaid,Coconut,Kerala,Ernakulam,Drip,110.91,109.0,6902.0,765.5
2016-06-26,2016,Kharif,Oilseeds,Maharashtra,Nagpur,Drip,244.57,133.0,3924.0,959.69
2018-01-24,2018,Kharif,Oilseeds,Gujarat,Rajkot,Tube Well,858.43,64.0,1253.0,1075.61
2021-05-30,2021,Kharif,Cotton,Telangana,Warangal,Tube Well,14.31,137.0,1534.0,21.95
2017-11-21,2017,Perennial,Sugarcane,Tamil Nadu,Madurai,Tube Well,979.9,53.0,73565.0,72086.34
2021-02-06,2021,Perennial,Apple,Jammu and Kashmir,Srinagar,Rainfed,256.94,89.0,10656.0,2737.95
2022-03-11,2022,Perennial,Sugarcane,Maharashtra,Nagpur,Rainfed,578.77,125.0,80967.0,46861.27
2025-03-27,2025,Kharif,Cotton,Gujarat,Surat,Rainfed,404.32,153.0,778.0,314.56
2023-03-16,2023,Kharif,Maize,Bihar,Gaya,Tube Well,135.01,166.0,4384.0,591.88
2016-02-24,2016,Kharif,Pulses,Madhya Pradesh,Bhopal,Rainfed,738.03,55.0,937.0,691.53
2024-06-20,2024,Kharif,Maize,Andhra Pradesh,Guntur,Canal,857.66,131.0,6756.0,5794.35
2024-12-31,2024,Rabi,Pulses,Madhya Pradesh,Bhopal,Rainfed,275.75,103.0,1330.0,366.75
2022-04-13,2022,Zaid,Coconut,Karnataka,Belgaum,Tube Well,87.32,154.0,10156.0,886.82
2022-05-04,2022,Perennial,Tea,Assam,Dibrugarh,Rainfed,267.29,93.0,1121.0,299.63
2020-07-22,2020,Perennial,Apple,Jammu and Kashmir,Srinagar,Rainfed,82.01,162.0,9332.0,765.32
2016-03-01,2016,Kharif,Rice,West Bengal,Darjeeling,Canal,867.04,140.0,5068.0,4394.16
2017-11-12,2017,Rabi,Potato,Punjab,Amritsar,Tube Well,1082.2,168.0,16423.0,17772.97
2015-08-25,2015,Kharif,Rice,Andhra Pradesh,Chittoor,Rainfed,602.81,198.0,2566.0,1546.81
2023-12-30,2023,Kharif,Maize,Maharashtra,Mumbai,Drip,1152.74,186.0,7115.0,8201.75
2016-04-07,2016,Zaid,Coconut,Kerala,Kozhikode,Drip,152.74,139.0,12502.0,1909.56
2021-07-18,2021,Kharif,Rice,Chhattisgarh,Raipur,Rainfed,321.86,184.0,3164.0,1018.37
2025-01-16,2025,Rabi,Pulses,Rajasthan,Jaipur,Tube Well,500.33,73.0,1433.0,716.97
2021-01-05,2021,Kharif,Cotton,Telangana,Nizamabad,Rainfed,70.34,56.0,945.0,66.47
2018-09-20,2018,Rabi,Pulses,Maharashtra,Nashik,Rainfed,490.75,130.0,1924.0,944.2
2024-06-22,2024,Zaid,Coconut,Tamil Nadu,Chennai,Drip,633.11,196.0,10662.0,6750.22
2025-08-16,2025,Kharif,Cotton,Maharashtra,Mumbai,Drip,483.18,156.0,1037.0,501.06
2020-11-24,2020,Perennial,Coffee,Karnataka,Bangalore,Tube Well,533.42,96.0,1671.0,891.34
2020-08-07,2020,Kharif,Oilseeds,Maharashtra,Nagpur,Rainfed,794.47,150.0,3183.0,2528.8
2023-02-21,2023,Rabi,Wheat,Haryana,Karnal,Tube Well,522.06,56.0,3074.0,1604.81
2015-12-01,2015,Zaid,Coconut,Andhra Pradesh,Visakhapatnam,Canal,136.16,121.0,14129.0,1923.8
2017-08-12,2017,Rabi,Pulses,Maharashtra,Mumbai,Rainfed,189.88,86.0,1327.0,251.97
2019-06-10,2019,Perennial,Sugarcane,Maharashtra,Mumbai,Drip,689.84,57.0,80089.0,55248.6
2022-07-17,2022,Kharif,Pulses,Rajasthan,Udaipur,Rainfed,130.57,87.0,1564.0,204.21
2018-11-10,2018,Rabi,Oilseeds,Gujarat,Ahmedabad,Tube Well,1068.9,158.0,2692.0,2877.48
2024-06-01,2024,Rabi,Oilseeds,Gujarat,Vadodara,Tube Well,1002.68,133.0,2060.0,2065.52
2020-03-28,2020,Perennial,Coffee,Tamil Nadu,Madurai,Canal,390.44,54.0,735.0,286.97
2022-07-28,2022,Kharif,Rice,Chhattisgarh,Raipur,Rainfed,583.38,111.0,4646.0,2710.38
2016-10-06,2016,Zaid,Coconut,Tamil Nadu,Madurai,Drip,591.17,163.0,16902.0,9991.96
2023-11-11,2023,Rabi,Oilseeds,Maharashtra,Mumbai,Rainfed,215.18,193.0,1331.0,286.4
2015-10-07,2015,Kharif,Cotton,Gujarat,Ahmedabad,Tube Well,740.91,181.0,1351.0,1000.97
2016-07-13,2016,Rabi,Wheat,Uttar Pradesh,Kanpur,Tube Well,1022.38,50.0,2674.0,2733.84
2023-07-30,2023,Kharif,Cotton,Gujarat,Surat,Rainfed,109.83,83.0,880.0,96.65
2016-06-18,2016,Rabi,Potato,West Bengal,Darjeeling,Canal,352.75,81.0,35877.0,12655.61
2024-10-08,2024,Perennial,Apple,Himachal Pradesh,Shimla,Rainfed,12.64,112.0,7690.0,97.2
2019-01-04,2019,Rabi,Wheat,Bihar,Purnia,Tube Well,323.26,147.0,3702.0,1196.71
2023-10-20,2023,Rabi,Wheat,Haryana,Hisar,Tube Well,476.27,73.0,4319.0,2057.01
2022-05-30,2022,Rabi,Wheat,Haryana,Hisar,Tube Well,885.99,187.0,5085.0,4505.26
2019-12-04,2019,Kharif,Rice,Punjab,Amritsar,Canal,306.57,167.0,4777.0,1464.48
2025-02-24,2025,Kharif,Cotton,Maharashtra,Pune,Tube Well,48.82,113.0,1397.0,68.2
2021-11-02,2021,Rabi,Oilseeds,Gujarat,Ahmedabad,Tube Well,385.61,138.0,3842.0,1481.51
2021-01-07,2021,Kharif,Oilseeds,Maharashtra,Nagpur,Drip,1075.05,131.0,2767.0,2974.66
2023-11-30,2023,Kharif,Cotton,Telangana,Warangal,Tube Well,365.24,137.0,583.0,212.93
2016-07-17,2016,Rabi,Oilseeds,Gujarat,Surat,Tube Well,503.96,179.0,2921.0,1472.07
2021-04-04,2021,Kharif,Oilseeds,Rajasthan,Jaipur,Tube Well,333.63,80.0,3022.0,1008.23
2017-09-20,2017,Kharif,Pulses,Madhya Pradesh,Bhopal,Tube Well,603.91,153.0,1476.0,891.37
2021-03-25,2021,Rabi,Potato,Uttar Pradesh,Lucknow,Rainfed,725.24,66.0,11135.0,8075.55
2016-02-20,2016,Kharif,Oilseeds,Rajasthan,Jodhpur,Rainfed,72.99,119.0,1608.0,117.37
2025-09-08,2025,Perennial,Apple,Jammu and Kashmir,Srinagar,Rainfed,90.5,145.0,5479.0,495.85
2024-11-22,2024,Perennial,Tea,Kerala,Kozhikode,Rainfed,158.44,52.0,1873.0,296.76
2016-03-26,2016,Zaid,Coconut,Andhra Pradesh,Krishna,Tube Well,614.36,66.0,6134.0,3768.48
2021-08-27,2021,Kharif,Cotton,Andhra Pradesh,Guntur,Tube Well,45.62,64.0,1157.0,52.78
2017-08-17,2017,Zaid,Coconut,Andhra Pradesh,Krishna,Canal,347.5,106.0,7841.0,2724.75
2016-08-10,2016,Perennial,Apple,Jammu and Kashmir,Srinagar,Rainfed,246.81,143.0,15926.0,3930.7
2021-12-28,2021,Zaid,Coconut,Tamil Nadu,Madurai,Canal,396.57,199.0,12857.0,5098.7
2018-07-27,2018,Kharif,Cotton,Andhra Pradesh,Guntur,Rainfed,852.18,88.0,419.0,357.06
2019-05-18,2019,Rabi,Potato,Bihar,Muzaffarpur,Canal,397.31,70.0,31766.0,12620.95
2023-08-27,2023,Perennial,Apple,Himachal Pradesh,Shimla,Rainfed,489.84,112.0,9206.0,4509.47
2017-02-08,2017,Rabi,Wheat,Madhya Pradesh,Bhopal,Rainfed,772.63,72.0,3020.0,2333.34
2023-12-30,2023,Rabi,Pulses,Madhya Pradesh,Bhopal,Tube Well,641.87,54.0,2251.0,1444.85
2019-02-06,2019,Rabi,Pulses,Maharashtra,Mumbai,Tube Well,1241.16,135.0,1912.0,2373.1
2021-10-15,2021,Rabi,Oilseeds,Maharashtra,Pune,Tube Well,274.16,182.0,3792.0,1039.61
2024-04-19,2024,Kharif,Rice,Bihar,Gaya,Tube Well,753.41,179.0,4208.0,3170.35
2021-03-26,2021,Rabi,Oilseeds,Rajasthan,Jaipur,Tube Well,231.94,65.0,2877.0,667.29
2018-04-15,2018,Kharif,Oilseeds,Maharashtra,Nagpur,Drip,945.63,72.0,1564.0,1478.97
2023-01-03,2023,Rabi,Potato,Uttar Pradesh,Lucknow,Tube Well,567.1,124.0,36790.0,20863.61
2022-06-02,2022,Kharif,Pulses,Madhya Pradesh,Bhopal,Tube Well,238.64,105.0,1327.0,316.68
2017-03-02,2017,Rabi,Oilseeds,Madhya Pradesh,Bhopal,Rainfed,767.45,155.0,1747.0,1340.74
2023-06-17,2023,Kharif,Cotton,Andhra Pradesh,Chittoor,Rainfed,259.76,124.0,1205.0,313.01
2023-01-09,2023,Rabi,Pulses,Maharashtra,Nashik,Rainfed,988.55,53.0,893.0,882.78
2017-10-05,2017,Zaid,Coconut,Andhra Pradesh,Visakhapatnam,Tube Well,812.86,93.0,7537.0,6126.53
2016-07-10,2016,Kharif,Rice,Bihar,Patna,Rainfed,310.44,185.0,4275.0,1327.13
2018-04-15,2018,Kharif,Rice,Uttar Pradesh,Lucknow,Canal,692.93,127.0,6844.0,4742.41
2018-06-11,2018,Kharif,Maize,Telangana,Hyderabad,Rainfed,137.22,170.0,5663.0,777.08
2015-12-30,2015,Perennial,Coffee,Tamil Nadu,Coimbatore,Canal,1014.12,110.0,825.0,836.65
2019-08-22,2019,Rabi,Pulses,Rajasthan,Jaipur,Rainfed,678.0,152.0,1840.0,1247.52
2018-10-19,2018,Rabi,Pulses,Uttar Pradesh,Lucknow,Tube Well,1101.37,75.0,1584.0,1744.57
2016-12-02,2016,Kharif,Pulses,Rajasthan,Jodhpur,Tube Well,596.1,160.0,2793.0,1664.91
2020-05-16,2020,Rabi,Wheat,Haryana,Hisar,Canal,124.84,168.0,4831.0,603.1
2015-10-19,2015,Perennial,Tea,Assam,Kamrup,Rainfed,313.34,64.0,1663.0,521.08
2022-10-07,2022,Perennial,Coffee,Karnataka,Bangalore,Canal,370.58,77.0,1337.0,495.47
2021-03-14,2021,Rabi,Oilseeds,Maharashtra,Pune,Rainfed,738.79,119.0,2338.0,1727.29
2023-04-03,2023,Kharif,Cotton,Telangana,Nizamabad,Rainfed,173.19,146.0,1057.0,183.06
2020-05-22,2020,Kharif,Pulses,Rajasthan,Jaipur,Rainfed,398.73,146.0,959.0,382.38
2015-12-08,2015,Kharif,Rice,Telangana,Nizamabad,Rainfed,592.39,150.0,2583.0,1530.14
2016-09-03,2016,Kharif,Oilseeds,Maharashtra,Mumbai,Tube Well,180.74,157.0,2235.0,403.95
2022-11-02,2022,Kharif,Rice,West Bengal,Kolkata,Canal,153.58,126.0,4747.0,729.04
2020-09-01,2020,Kharif,Cotton,Andhra Pradesh,Chittoor,Tube Well,52.15,136.0,875.0,45.63
2021-08-28,2021,Kharif,Rice,Andhra Pradesh,Guntur,Tube Well,915.46,51.0,3044.0,2786.66
2021-11-26,2021,Perennial,Apple,Jammu and Kashmir,Srinagar,Rainfed,139.09,75.0,13467.0,1873.13
2023-03-29,2023,Rabi,Pulses,Uttar Pradesh,Lucknow,Tube Well,345.88,125.0,1110.0,383.93
2015-09-28,2015,Perennial,Coffee,Kerala,Thrissur,Drip,624.69,162.0,2201.0,1374.94
2018-05-01,2018,Zaid,Coconut,Tamil Nadu,Coimbatore,Drip,166.15,171.0,17478.0,2903.97
2015-11-18,2015,Kharif,Cotton,Telangana,Nizamabad,Canal,390.19,159.0,1384.0,540.02
2019-02-06,2019,Zaid,Coconut,Karnataka,Hubli,Canal,821.82,123.0,5859.0,4815.04
2015-06-28,2015,Kharif,Oilseeds,Madhya Pradesh,Bhopal,Tube Well,463.33,92.0,1808.0,837.7
2016-03-15,2016,Rabi,Potato,Uttar Pradesh,Kanpur,Tube Well,835.46,117.0,38578.0,32230.38
2023-07-21,2023,Kharif,Oilseeds,Maharashtra,Nagpur,Drip,213.13,51.0,3522.0,750.64
2021-09-18,2021,Perennial,Sugarcane,Tamil Nadu,Coimbatore,Drip,207.22,140.0,144887.0,30023.48
2023-09-11,2023,Kharif,Rice,Uttar Pradesh,Varanasi,Rainfed,878.01,61.0,4588.0,4028.31
2017-11-04,2017,Kharif,Cotton,Maharashtra,Nagpur,Drip,40.4,72.0,589.0,23.8
2019-03-09,2019,Perennial,Sugarcane,Karnataka,Hubli,Drip,957.34,144.0,116637.0,111661.27
2018-11-16,2018,Kharif,Oilseeds,Gujarat,Rajkot,Tube Well,427.06,52.0,3081.0,1315.77
2018-03-05,2018,Rabi,Oilseeds,Rajasthan,Udaipur,Tube Well,297.47,136.0,2210.0,657.41
2021-12-25,2021,Zaid,Coconut,Kerala,Kozhikode,Drip,214.16,146.0,11152.0,2388.31
2021-10-17,2021,Perennial,Tea,Kerala,Ernakulam,Drip,702.57,168.0,2203.0,1547.76
2018-06-05,2018,Perennial,Coffee,Karnataka,Mysore,Canal,710.33,60.0,659.0,468.11
2016-05-23,2016,Perennial,Coffee,Tamil Nadu,Coimbatore,Drip,500.4,50.0,716.0,358.29
2019-01-17,2019,Kharif,Oilseeds,Rajasthan,Jodhpur,Rainfed,413.86,165.0,1154.0,477.59
2020-09-12,2020,Perennial,Apple,Himachal Pradesh,Kangra,Rainfed,196.38,94.0,10059.0,1975.39
2018-08-22,2018,Rabi,Wheat,Uttar Pradesh,Varanasi,Tube Well,703.72,183.0,4713.0,3316.63
2016-10-27,2016,Rabi,Oilseeds,Gujarat,Rajkot,Rainfed,435.58,78.0,1535.0,668.62
2018-10-01,2018,Kharif,Oilseeds,Maharashtra,Nashik,Rainfed,539.77,138.0,2807.0,1515.13
2017-06-28,2017,Rabi,Pulses,Maharashtra,Nashik,Drip,416.32,66.0,2407.0,1002.08
2020-02-07,2020,Perennial,Apple,Jammu and Kashmir,Srinagar,Rainfed,40.28,110.0,6449.0,259.77
2018-08-24,2018,Perennial,Apple,Himachal Pradesh,Shimla,Rainfed,28.3,182.0,6279.0,177.7
2020-05-28,2020,Rabi,Pulses,Rajasthan,Jodhpur,Rainfed,130.13,141.0,1259.0,163.83
2017-05-16,2017,Kharif,Rice,Uttar Pradesh,Kanpur,Rainfed,384.94,153.0,4492.0,1729.15
2021-09-14,2021,Kharif,Oilseeds,Gujarat,Surat,Rainfed,1069.66,84.0,1937.0,2071.93
2021-01-03,2021,Perennial,Tea,Assam,Kamrup,Rainfed,492.89,188.0,1989.0,980.36
2024-07-08,2024,Zaid,Coconut,Andhra Pradesh,Guntur,Rainfed,1150.37,144.0,5580.0,6419.06
2016-10-13,2016,Rabi,Oilseeds,Rajasthan,Jodhpur,Rainfed,244.36,66.0,1582.0,386.58
2018-11-29,2018,Kharif,Oilseeds,Madhya Pradesh,Bhopal,Tube Well,327.37,52.0,3369.0,1102.91
2016-12-03,2016,Rabi,Wheat,Uttar Pradesh,Lucknow,Tube Well,1082.43,52.0,3096.0,3351.2
2019-07-20,2019,Rabi,Pulses,Rajasthan,Udaipur,Tube Well,408.75,58.0,1764.0,721.04
2018-04-14,2018,Perennial,Coffee,Karnataka,Bangalore,Canal,585.39,187.0,854.0,499.92
2021-10-12,2021,Rabi,Wheat,Uttar Pradesh,Kanpur,Canal,867.59,104.0,2829.0,2454.41
2023-02-09,2023,Kharif,Pulses,Maharashtra,Nashik,Drip,763.53,95.0,1784.0,1362.14
2022-07-12,2022,Rabi,Oilseeds,Gujarat,Vadodara,Rainfed,921.23,112.0,2234.0,2058.03
2021-05-18,2021,Kharif,Maize,Bihar,Gaya,Rainfed,671.4,111.0,4157.0,2791.01
2019-05-05,2019,Perennial,Coffee,Karnataka,Mysore,Canal,1053.47,86.0,873.0,919.68
2022-09-04,2022,Kharif,Pulses,Maharashtra,Nashik,Drip,1232.87,64.0,2163.0,2666.7
2023-11-18,2023,Rabi,Wheat,Uttar Pradesh,Varanasi,Tube Well,638.67,66.0,2706.0,1728.24
2017-08-30,2017,Kharif,Pulses,Maharashtra,Pune,Drip,56.08,140.0,2362.0,132.46
2018-04-20,2018,Rabi,Potato,Uttar Pradesh,Varanasi,Rainfed,26.5,110.0,29368.0,778.25
2018-06-02,2018,Rabi,Pulses,Maharashtra,Nashik,Tube Well,168.92,185.0,1993.0,336.66
2024-09-07,2024,Zaid,Coconut,Tamil Nadu,Madurai,Canal,91.64,120.0,7666.0,702.51
2023-01-09,2023,Kharif,Cotton,Andhra Pradesh,Visakhapatnam,Rainfed,454.31,126.0,1113.0,505.65
2020-07-13,2020,Kharif,Oilseeds,Madhya Pradesh,Bhopal,Rainfed,51.77,189.0,2313.0,119.74
2016-04-29,2016,Kharif,Rice,Bihar,Patna,Rainfed,628.66,125.0,4937.0,3103.69
2018-09-09,2018,Rabi,Pulses,Maharashtra,Nagpur,Rainfed,255.32,125.0,1723.0,439.92
2021-07-31,2021,Kharif,Maize,Bihar,Patna,Tube Well,518.83,104.0,5469.0,2837.48
2024-01-21,2024,Rabi,Potato,Punjab,Ludhiana,Canal,163.59,157.0,32556.0,5325.84
2015-12-21,2015,Perennial,Apple,Jammu and Kashmir,Srinagar,Rainfed,332.81,109.0,6741.0,2243.47
2018-04-11,2018,Perennial,Sugarcane,Maharashtra,Nashik,Rainfed,1016.15,138.0,73412.0,74597.6
2019-02-25,2019,Rabi,Potato,Uttar Pradesh,Varanasi,Canal,585.87,117.0,29771.0,17441.94
2018-02-01,2018,Rabi,Wheat,Madhya Pradesh,Bhopal,Rainfed,729.37,129.0,3314.0,2417.13
2018-03-22,2018,Kharif,Pulses,Uttar Pradesh,Varanasi,Tube Well,286.69,174.0,2159.0,618.96
2021-01-09,2021,Rabi,Potato,Uttar Pradesh,Lucknow,Tube Well,1222.77,112.0,32148.0,39309.61
2023-03-08,2023,Perennial,Tea,Assam,Tinsukia,Rainfed,441.23,85.0,1116.0,492.41
2015-11-15,2015,Kharif,Rice,Andhra Pradesh,Chittoor,Tube Well,402.2,136.0,2993.0,1203.78
2022-06-12,2022,Rabi,Oilseeds,Rajasthan,Jaipur,Rainfed,68.21,191.0,1495.0,101.97
2016-06-19,2016,Perennial,Apple,Jammu and Kashmir,Srinagar,Rainfed,76.81,154.0,14051.0,1079.26
2020-05-02,2020,Perennial,Apple,Himachal Pradesh,Shimla,Rainfed,432.8,96.0,5551.0,2402.47
2023-08-28,2023,Kharif,Oilseeds,Rajasthan,Jaipur,Rainfed,428.75,194.0,1681.0,720.73
2023-01-10,2023,Rabi,Pulses,Uttar Pradesh,Varanasi,Canal,363.27,101.0,1462.0,531.1
2024-11-01,2024,Kharif,Cotton,Andhra Pradesh,Guntur,Canal,600.06,197.0,1425.0,855.09
2025-10-03,2025,Kharif,Rice,West Bengal,Howrah,Canal,127.54,79.0,4069.0,518.96
2019-06-08,2019,Perennial,Coffee,Kerala,Thrissur,Drip,88.09,200.0,1136.0,100.07
2017-08-07,2017,Perennial,Sugarcane,Maharashtra,Pune,Tube Well,1181.02,61.0,85182.0,100601.65
2024-10-07,2024,Zaid,Coconut,Tamil Nadu,Madurai,Tube Well,509.06,157.0,13240.0,6739.95
2015-12-24,2015,Kharif,Pulses,Maharashtra,Mumbai,Rainfed,476.42,161.0,1917.0,913.3
2023-07-18,2023,Perennial,Tea,Kerala,Ernakulam,Rainfed,759.77,152.0,1285.0,976.3
2017-04-27,2017,Rabi,Pulses,Rajasthan,Udaipur,Rainfed,285.31,167.0,1841.0,525.26
2025-09-09,2025,Kharif,Cotton,Maharashtra,Mumbai,Tube Well,443.75,121.0,530.0,235.19
2016-03-08,2016,Rabi,Pulses,Maharashtra,Nagpur,Drip,362.15,58.0,2120.0,767.76
2019-06-10,2019,Kharif,Pulses,Maharashtra,Mumbai,Drip,738.93,104.0,2207.0,1630.82
2022-06-13,2022,Zaid,Coconut,Kerala,Kozhikode,Drip,451.14,146.0,11547.0,5209.31
2021-07-14,2021,Rabi,Potato,Bihar,Muzaffarpur,Tube Well,26.03,147.0,17490.0,455.26
2023-04-06,2023,Kharif,Rice,Punjab,Amritsar,Canal,984.55,79.0,5451.0,5366.78
2021-07-25,2021,Kharif,Pulses,Uttar Pradesh,Varanasi,Tube Well,1184.58,88.0,1096.0,1298.3
2020-06-10,2020,Kharif,Maize,Bihar,Purnia,Canal,619.8,123.0,7820.0,4846.84
2015-08-16,2015,Kharif,Oilseeds,Rajasthan,Udaipur,Rainfed,610.22,159.0,2792.0,1703.73
2016-11-03,2016,Rabi,Oilseeds,Gujarat,Ahmedabad,Rainfed,338.94,178.0,2806.0,951.07
2022-11-20,2022,Perennial,Tea,Kerala,Thrissur,Rainfed,161.66,63.0,1968.0,318.15
2016-11-07,2016,Kharif,Oilseeds,Gujarat,Vadodara,Rainfed,839.76,189.0,1306.0,1096.73
2016-05-14,2016,Kharif,Oilseeds,Gujarat,Rajkot,Rainfed,234.39,189.0,3427.0,803.25
2017-03-20,2017,Rabi,Wheat,Haryana,Hisar,Tube Well,136.64,51.0,4283.0,585.23
2016-10-04,2016,Perennial,Coffee,Karnataka,Belgaum,Drip,115.31,126.0,1451.0,167.31
2016-01-24,2016,Kharif,Cotton,Gujarat,Surat,Tube Well,924.39,138.0,1319.0,1219.27
2018-12-25,2018,Kharif,Rice,Chhattisgarh,Raipur,Rainfed,29.83,133.0,4426.0,132.03
2020-03-19,2020,Rabi,Pulses,Maharashtra,Mumbai,Drip,383.4,142.0,2658.0,1019.08
2019-05-26,2019,Kharif,Oilseeds,Maharashtra,Nashik,Drip,176.65,126.0,2175.0,384.21
2021-05-25,2021,Kharif,Oilseeds,Madhya Pradesh,Bhopal,Tube Well,606.38,94.0,2182.0,1323.12
2024-04-22,2024,Zaid,Coconut,Andhra Pradesh,Chittoor,Rainfed,609.16,64.0,9620.0,5860.12
2024-10-16,2024,Rabi,Wheat,Rajasthan,Jaipur,Tube Well,151.79,81.0,4321.0,655.88
2024-08-18,2024,Rabi,Pulses,Madhya Pradesh,Bhopal,Rainfed,602.82,161.0,1570.0,946.43
2022-06-11,2022,Zaid,Coconut,Tamil Nadu,Coimbatore,Drip,827.9,86.0,9607.0,7953.64
2020-05-31,2020,Rabi,Wheat,Uttar Pradesh,Varanasi,Tube Well,789.3,174.0,5650.0,4459.54
2022-11-18,2022,Kharif,Rice,Punjab,Amritsar,Canal,421.02,111.0,4369.0,1839.44
2025-06-30,2025,Kharif,Rice,Odisha,Bhubaneswar,Rainfed,531.79,112.0,4342.0,2309.03
2020-06-20,2020,Kharif,Cotton,Andhra Pradesh,Krishna,Canal,1120.9,180.0,1104.0,1237.47
2020-06-28,2020,Kharif,Rice,Punjab,Amritsar,Tube Well,86.94,82.0,3585.0,311.68
2023-09-26,2023,Rabi,Oilseeds,Gujarat,Ahmedabad,Tube Well,327.67,78.0,2771.0,907.97
2023-03-05,2023,Perennial,Coffee,Tamil Nadu,Chennai,Canal,320.62,198.0,2034.0,652.14
2015-12-21,2015,Perennial,Coffee,Kerala,Kozhikode,Drip,509.13,131.0,2152.0,1095.65
2023-01-08,2023,Rabi,Potato,West Bengal,Darjeeling,Canal,719.77,79.0,16477.0,11859.65
2023-05-04,2023,Kharif,Oilseeds,Maharashtra,Nashik,Drip,276.15,75.0,3612.0,997.45
2024-09-21,2024,Kharif,Pulses,Rajasthan,Udaipur,Rainfed,159.11,179.0,1618.0,257.44
2016-07-12,2016,Perennial,Apple,Himachal Pradesh,Shimla,Rainfed,464.82,140.0,6454.0,2999.95
2023-10-06,2023,Rabi,Pulses,Madhya Pradesh,Bhopal,Tube Well,607.48,67.0,2085.0,1266.6
2021-01-30,2021,Rabi,Wheat,Punjab,Amritsar,Canal,1402.06,183.0,4046.0,5672.73
2018-08-06,2018,Zaid,Coconut,Tamil Nadu,Chennai,Canal,914.33,117.0,14895.0,13618.95
2024-05-31,2024,Zaid,Coconut,Tamil Nadu,Chennai,Tube Well,448.31,198.0,7843.0,3516.1
2019-08-09,2019,Perennial,Tea,Kerala,Thrissur,Rainfed,106.31,92.0,2016.0,214.32
2025-10-16,2025,Kharif,Cotton,Gujarat,Vadodara,Tube Well,759.16,129.0,853.0,647.56
2018-05-13,2018,Zaid,Coconut,Andhra Pradesh,Visakhapatnam,Rainfed,428.87,76.0,5736.0,2460.0
2018-03-21,2018,Perennial,Sugarcane,Maharashtra,Nashik,Rainfed,558.78,116.0,53500.0,29894.73
2020-05-19,2020,Kharif,Cotton,Andhra Pradesh,Guntur,Rainfed,516.8,76.0,744.0,384.5
2021-10-27,2021,Rabi,Potato,West Bengal,Kolkata,Canal,1030.81,96.0,23364.0,24083.84
2017-03-24,2017,Kharif,Oilseeds,Madhya Pradesh,Bhopal,Rainfed,64.4,90.0,1092.0,70.32
2015-01-21,2015,Perennial,Apple,Himachal Pradesh,Shimla,Rainfed,104.62,92.0,7089.0,741.65
2024-07-08,2024,Kharif,Pulses,Uttar Pradesh,Lucknow,Rainfed,915.83,195.0,1608.0,1472.65
2021-08-12,2021,Rabi,Oilseeds,Rajasthan,Jaipur,Tube Well,619.79,56.0,3045.0,1887.26
2018-10-24,2018,Kharif,Maize,Telangana,Nizamabad,Tube Well,826.97,125.0,7655.0,6330.46
2023-10-08,2023,Zaid,Coconut,Tamil Nadu,Coimbatore,Drip,618.98,144.0,12062.0,7466.14
2023-09-24,2023,Kharif,Oilseeds,Maharashtra,Mumbai,Tube Well,54.58,149.0,2489.0,135.85
2015-11-09,2015,Kharif,Cotton,Gujarat,Rajkot,Rainfed,441.83,163.0,1284.0,567.31
2016-03-09,2016,Rabi,Wheat,Uttar Pradesh,Varanasi,Canal,1379.06,164.0,5785.0,7977.86
2022-03-13,2022,Perennial,Tea,West Bengal,Howrah,Canal,554.94,193.0,1984.0,1101.0
2020-10-02,2020,Kharif,Cotton,Andhra Pradesh,Chittoor,Tube Well,874.67,163.0,1163.0,1017.24
2016-01-11,2016,Kharif,Cotton,Gujarat,Surat,Tube Well,330.34,174.0,1517.0,501.13
2020-01-15,2020,Zaid,Coconut,Karnataka,Mysore,Drip,37.26,130.0,15338.0,571.49
2017-06-02,2017,Rabi,Pulses,Uttar Pradesh,Kanpur,Canal,871.76,149.0,2332.0,2032.94
2019-01-17,2019,Perennial,Coffee,Kerala,Kozhikode,Drip,669.63,122.0,1389.0,930.12
2023-09-17,2023,Kharif,Cotton,Gujarat,Ahmedabad,Rainfed,1188.42,91.0,704.0,836.65
2024-03-10,2024,Rabi,Potato,Uttar Pradesh,Lucknow,Tube Well,1271.47,97.0,32872.0,41795.76
2024-11-15,2024,Kharif,Rice,Bihar,Purnia,Rainfed,558.45,104.0,2670.0,1491.06
2015-09-15,2015,Kharif,Pulses,Madhya Pradesh,Bhopal,Tube Well,490.89,101.0,1665.0,817.33
2023-02-20,2023,Rabi,Oilseeds,Maharashtra,Mumbai,Drip,1073.17,130.0,3094.0,3320.39
2018-02-17,2018,Rabi,Pulses,Maharashtra,Pune,Rainfed,35.56,87.0,1738.0,61.8
2023-11-08,2023,Zaid,Coconut,Karnataka,Belgaum,Tube Well,1047.29,127.0,9277.0,9715.71
2018-08-08,2018,Kharif,Pulses,Madhya Pradesh,Bhopal,Tube Well,429.66,187.0,2137.0,918.18
2023-01-07,2023,Rabi,Pulses,Rajasthan,Udaipur,Tube Well,666.92,111.0,1464.0,976.37
2019-01-01,2019,Rabi,Potato,Uttar Pradesh,Kanpur,Tube Well,1149.13,83.0,32778.0,37666.18
2021-02-24,2021,Perennial,Apple,Jammu and Kashmir,Srinagar,Rainfed,69.4,102.0,12773.0,886.45
2022-06-01,2022,Kharif,Rice,Tamil Nadu,Chennai,Canal,190.13,182.0,6765.0,1286.23
2017-03-28,2017,Kharif,Pulses,Rajasthan,Udaipur,Rainfed,254.02,191.0,1003.0,254.78
2021-03-27,2021,Kharif,Oilseeds,Maharashtra,Nagpur,Rainfed,350.54,183.0,2249.0,788.36
2021-03-25,2021,Rabi,Pulses,Maharashtra,Nagpur,Tube Well,576.7,93.0,1203.0,693.77
2023-06-20,2023,Kharif,Maize,Karnataka,Belgaum,Drip,668.26,108.0,7005.0,4681.16
2024-09-23,2024,Perennial,Sugarcane,Tamil Nadu,Chennai,Drip,485.87,196.0,105895.0,51451.2
2016-10-24,2016,Kharif,Maize,Bihar,Muzaffarpur,Canal,65.86,99.0,7015.0,462.01
2015-09-07,2015,Perennial,Tea,West Bengal,Howrah,Rainfed,1073.44,71.0,1029.0,1104.57
2017-11-05,2017,Kharif,Maize,Maharashtra,Pune,Rainfed,558.41,92.0,4429.0,2473.2
2018-08-20,2018,Rabi,Pulses,Uttar Pradesh,Kanpur,Canal,1278.1,195.0,1468.0,1876.25
2016-08-21,2016,Perennial,Tea,West Bengal,Darjeeling,Rainfed,90.61,112.0,1858.0,168.35
2017-06-22,2017,Kharif,Maize,Madhya Pradesh,Bhopal,Tube Well,649.95,190.0,7098.0,4613.35
2016-08-22,2016,Perennial,Sugarcane,Tamil Nadu,Madurai,Canal,199.01,66.0,90536.0,18017.57
2024-02-09,2024,Rabi,Potato,Bihar,Gaya,Canal,682.61,165.0,23015.0,15710.27
2021-12-05,2021,Perennial,Coffee,Kerala,Ernakulam,Drip,532.83,64.0,684.0,364.46
2023-09-23,2023,Rabi,Potato,Punjab,Patiala,Canal,1365.61,80.0,29564.0,40372.89
2021-06-28,2021,Kharif,Cotton,Maharashtra,Pune,Rainfed,423.67,142.0,1168.0,494.85
2023-05-26,2023,Kharif,Maize,Madhya Pradesh,Bhopal,Tube Well,96.08,115.0,6759.0,649.4
2021-01-24,2021,Kharif,Cotton,Gujarat,Surat,Rainfed,1038.83,150.0,1204.0,1250.75
2020-03-24,2020,Kharif,Maize,Andhra Pradesh,Guntur,Canal,404.58,196.0,8974.0,3630.7
2019-01-08,2019,Kharif,Maize,Karnataka,Belgaum,Canal,263.46,58.0,5302.0,1396.86
2022-02-05,2022,Kharif,Pulses,Maharashtra,Mumbai,Tube Well,637.21,79.0,1992.0,1269.32
2020-11-19,2020,Rabi,Oilseeds,Maharashtra,Nagpur,Tube Well,198.52,146.0,2460.0,488.36
2024-12-07,2024,Zaid,Coconut,Tamil Nadu,Madurai,Tube Well,333.69,184.0,16560.0,5525.91
2018-10-25,2018,Kharif,Cotton,Telangana,Hyderabad,Canal,352.9,170.0,1265.0,446.42
2016-01-20,2016,Kharif,Cotton,Telangana,Warangal,Tube Well,256.76,120.0,1314.0,337.38
2019-09-14,2019,Rabi,Wheat,Punjab,Amritsar,Tube Well,680.89,162.0,2856.0,1944.62
2021-09-12,2021,Kharif,Maize,Madhya Pradesh,Bhopal,Tube Well,313.87,81.0,5773.0,1811.97
2020-09-07,2020,Kharif,Maize,Madhya Pradesh,Bhopal,Rainfed,621.93,52.0,4722.0,2936.75
2021-02-28,2021,Kharif,Pulses,Uttar Pradesh,Varanasi,Rainfed,1378.43,136.0,1169.0,1611.38
2020-08-24,2020,Perennial,Tea,Kerala,Kozhikode,Rainfed,89.73,172.0,1144.0,102.65
2024-04-18,2024,Perennial,Tea,West Bengal,Howrah,Canal,907.4,115.0,2869.0,2603.33
2016-08-14,2016,Kharif,Pulses,Madhya Pradesh,Bhopal,Rainfed,746.1,135.0,1270.0,947.55
2018-12-10,2018,Rabi,Pulses,Madhya Pradesh,Bhopal,Tube Well,552.42,113.0,1702.0,940.22
2023-05-06,2023,Rabi,Oilseeds,Madhya Pradesh,Bhopal,Rainfed,797.17,127.0,2206.0,1758.56
2015-11-07,2015,Rabi,Pulses,Madhya Pradesh,Bhopal,Tube Well,274.68,183.0,1357.0,372.74
2020-03-05,2020,Rabi,Wheat,Uttar Pradesh,Varanasi,Tube Well,1247.16,122.0,2904.0,3621.75
2018-02-03,2018,Rabi,Potato,West Bengal,Kolkata,Canal,744.34,51.0,35131.0,26149.41
2018-11-20,2018,Kharif,Cotton,Gujarat,Surat,Rainfed,394.88,170.0,749.0,295.77
2025-01-18,2025,Kharif,Oilseeds,Gujarat,Rajkot,Tube Well,848.57,143.0,2061.0,1748.9
2025-03-29,2025,Rabi,Potato,Bihar,Patna,Rainfed,514.53,160.0,12028.0,6188.77
2024-05-31,2024,Perennial,Tea,West Bengal,Darjeeling,Rainfed,215.98,185.0,1441.0,311.23
2019-06-03,2019,Rabi,Pulses,Uttar Pradesh,Lucknow,Rainfed,269.08,93.0,1287.0,346.31
2019-06-16,2019,Perennial,Sugarcane,Maharashtra,Nagpur,Tube Well,930.28,125.0,88745.0,82557.7
2023-09-13,2023,Perennial,Sugarcane,Uttar Pradesh,Lucknow,Canal,1070.78,140.0,100860.0,107998.87
2018-04-02,2018,Kharif,Rice,Chhattisgarh,Raipur,Rainfed,376.23,102.0,4085.0,1536.9
2019-01-13,2019,Rabi,Potato,Bihar,Patna,Rainfed,506.4,177.0,25772.0,13050.94
2017-02-20,2017,Rabi,Wheat,Uttar Pradesh,Varanasi,Tube Well,278.26,155.0,4155.0,1156.17
2022-05-02,2022,Perennial,Sugarcane,Uttar Pradesh,Varanasi,Tube Well,649.64,160.0,127310.0,82705.67
2016-12-15,2016,Perennial,Sugarcane,Uttar Pradesh,Kanpur,Canal,1308.38,171.0,138408.0,181090.26
2020-06-03,2020,Rabi,Oilseeds,Madhya Pradesh,Bhopal,Rainfed,685.23,89.0,2117.0,1450.63
2021-05-02,2021,Kharif,Pulses,Maharashtra,Nashik,Drip,862.59,162.0,1440.0,1242.13
2016-07-21,2016,Zaid,Coconut,Karnataka,Hubli,Drip,1097.12,166.0,11164.0,12248.25
2024-03-28,2024,Kharif,Oilseeds,Rajasthan,Jodhpur,Tube Well,626.29,176.0,3267.0,2046.09
2020-12-03,2020,Zaid,Coconut,Andhra Pradesh,Chittoor,Tube Well,182.82,123.0,5934.0,1084.85
2016-01-17,2016,Perennial,Coffee,Tamil Nadu,Chennai,Drip,445.06,126.0,749.0,333.35
2018-08-24,2018,Kharif,Rice,Andhra Pradesh,Chittoor,Tube Well,167.01,65.0,5739.0,958.47
2024-01-17,2024,Rabi,Wheat,Madhya Pradesh,Bhopal,Rainfed,378.21,178.0,3911.0,1479.18
2020-11-19,2020,Rabi,Pulses,Uttar Pradesh,Varanasi,Canal,1166.81,130.0,1369.0,1597.36
2024-08-09,2024,Rabi,Wheat,Haryana,Hisar,Tube Well,226.55,139.0,3915.0,886.94
2018-08-30,2018,Kharif,Maize,Andhra Pradesh,Chittoor,Canal,1057.7,68.0,4451.0,4707.82
2015-11-30,2015,Zaid,Coconut,Karnataka,Hubli,Drip,630.27,140.0,6021.0,3794.86
2019-09-15,2019,Perennial,Tea,Assam,Tinsukia,Rainfed,601.67,56.0,1446.0,870.01
2018-01-05,2018,Perennial,Tea,Assam,Tinsukia,Rainfed,45.67,188.0,2265.0,103.44
2020-07-04,2020,Kharif,Pulses,Uttar Pradesh,Kanpur,Tube Well,149.82,180.0,2818.0,422.19
2020-09-22,2020,Perennial,Sugarcane,Maharashtra,Mumbai,Tube Well,810.91,79.0,107668.0,87309.06
2017-02-15,2017,Zaid,Coconut,Karnataka,Hubli,Canal,923.63,139.0,8257.0,7626.41
2025-04-30,2025,Kharif,Oilseeds,Gujarat,Vadodara,Rainfed,1049.9,140.0,1776.0,1864.62
2016-04-13,2016,Kharif,Cotton,Maharashtra,Nagpur,Tube Well,898.0,171.0,1166.0,1047.07
2016-11-15,2016,Kharif,Oilseeds,Maharashtra,Pune,Drip,269.21,164.0,2122.0,571.26
2019-05-28,2019,Perennial,Tea,West Bengal,Kolkata,Rainfed,222.57,199.0,2628.0,584.91
2020-09-11,2020,Rabi,Wheat,Uttar Pradesh,Lucknow,Rainfed,1323.23,103.0,2325.0,3076.51
2023-12-29,2023,Zaid,Coconut,Kerala,Ernakulam,Drip,99.46,69.0,8200.0,815.57
2021-09-01,2021,Kharif,Pulses,Rajasthan,Jaipur,Rainfed,483.39,136.0,1575.0,761.34
2023-03-19,2023,Zaid,Coconut,Andhra Pradesh,Guntur,Canal,644.87,165.0,7359.0,4745.6
2022-06-08,2022,Kharif,Rice,Tamil Nadu,Coimbatore,Drip,469.35,93.0,5259.0,2468.31
2018-10-27,2018,Kharif,Rice,Uttar Pradesh,Varanasi,Canal,666.1,85.0,6205.0,4133.15
2019-06-26,2019,Rabi,Wheat,Uttar Pradesh,Varanasi,Canal,1418.36,170.0,5034.0,7140.02
2025-06-17,2025,Kharif,Maize,Madhya Pradesh,Bhopal,Rainfed,690.54,163.0,6001.0,4143.93
2018-04-15,2018,Perennial,Apple,Jammu and Kashmir,Srinagar,Rainfed,347.34,81.0,8970.0,3115.64
2020-04-29,2020,Kharif,Cotton,Andhra Pradesh,Guntur,Rainfed,493.88,180.0,785.0,387.7
2024-11-04,2024,Rabi,Potato,Bihar,Muzaffarpur,Tube Well,115.91,70.0,19820.0,2297.34
2021-07-17,2021,Rabi,Pulses,Uttar Pradesh,Varanasi,Tube Well,1496.78,66.0,1890.0,2828.91
2023-03-25,2023,Rabi,Wheat,Haryana,Faridabad,Tube Well,212.03,103.0,3863.0,819.07
2019-05-25,2019,Kharif,Oilseeds,Rajasthan,Jaipur,Tube Well,365.75,183.0,2831.0,1035.44
2020-09-15,2020,Kharif,Cotton,Telangana,Nizamabad,Rainfed,245.51,154.0,523.0,128.4
2017-01-16,2017,Perennial,Tea,Kerala,Kozhikode,Drip,413.49,109.0,2809.0,1161.49
2024-05-18,2024,Kharif,Rice,Telangana,Nizamabad,Rainfed,281.39,74.0,3939.0,1108.4
2017-04-20,2017,Perennial,Coffee,Tamil Nadu,Coimbatore,Drip,987.61,157.0,1056.0,1042.92
2025-08-13,2025,Perennial,Tea,Kerala,Thrissur,Drip,774.99,140.0,3156.0,2445.87
2022-03-31,2022,Kharif,Cotton,Gujarat,Ahmedabad,Rainfed,497.98,198.0,1287.0,640.9
2019-07-28,2019,Kharif,Oilseeds,Gujarat,Vadodara,Tube Well,93.53,165.0,1909.0,178.55
2023-04-24,2023,Rabi,Potato,West Bengal,Darjeeling,Canal,733.04,65.0,23534.0,17251.36
2020-12-12,2020,Perennial,Tea,Assam,Tinsukia,Rainfed,307.53,159.0,2537.0,780.2
2025-09-14,2025,Perennial,Tea,Kerala,Ernakulam,Drip,788.92,89.0,2332.0,1839.76
2018-10-24,2018,Rabi,Potato,West Bengal,Howrah,Rainfed,107.42,194.0,30493.0,3275.56
2017-05-01,2017,Zaid,Coconut,Karnataka,Hubli,Tube Well,139.85,53.0,6624.0,926.37
2023-03-02,2023,Kharif,Pulses,Uttar Pradesh,Lucknow,Tube Well,1052.14,86.0,1081.0,1137.36
2018-06-21,2018,Perennial,Apple,Jammu and Kashmir,Srinagar,Rainfed,305.87,125.0,5790.0,1770.99
2019-03-31,2019,Perennial,Sugarcane,Uttar Pradesh,Lucknow,Tube Well,711.93,62.0,116132.0,82677.85
2021-08-21,2021,Kharif,Cotton,Andhra Pradesh,Visakhapatnam,Tube Well,339.94,102.0,675.0,229.46
2022-04-17,2022,Kharif,Rice,Assam,Kamrup,Rainfed,254.75,125.0,4755.0,1211.34
2022-10-12,2022,Kharif,Maize,Maharashtra,Mumbai,Drip,445.99,117.0,5595.0,2495.31
2025-10-04,2025,Kharif,Pulses,Uttar Pradesh,Varanasi,Canal,345.67,119.0,1158.0,400.29
2015-10-20,2015,Perennial,Tea,Kerala,Kozhikode,Rainfed,682.01,182.0,1549.0,1056.43
2022-12-29,2022,Kharif,Cotton,Andhra Pradesh,Krishna,Rainfed,87.44,126.0,834.0,72.92
2019-04-05,2019,Kharif,Oilseeds,Maharashtra,Nashik,Rainfed,535.39,191.0,1400.0,749.55
2019-12-05,2019,Kharif,Cotton,Gujarat,Surat,Tube Well,899.65,72.0,1366.0,1228.92
2022-09-04,2022,Perennial,Apple,Jammu and Kashmir,Srinagar,Rainfed,11.49,92.0,13657.0,156.92
2021-11-22,2021,Rabi,Potato,Uttar Pradesh,Varanasi,Tube Well,1318.27,148.0,17857.0,23540.35
2023-07-18,2023,Rabi,Pulses,Rajasthan,Jodhpur,Rainfed,497.34,92.0,1643.0,817.13
2018-10-24,2018,Kharif,Pulses,Maharashtra,Pune,Rainfed,104.65,102.0,1344.0,140.65
2023-05-13,2023,Perennial,Tea,West Bengal,Darjeeling,Rainfed,985.55,185.0,2827.0,2786.15
2022-12-28,2022,Perennial,Sugarcane,Tamil Nadu,Chennai,Tube Well,541.16,131.0,70517.0,38160.98
2024-07-29,2024,Kharif,Oilseeds,Gujarat,Ahmedabad,Tube Well,786.16,100.0,2457.0,1931.6
2018-05-11,2018,Kharif,Pulses,Rajasthan,Udaipur,Tube Well,618.6,167.0,1621.0,1002.75
2019-03-29,2019,Kharif,Maize,Karnataka,Mysore,Canal,970.47,61.0,6352.0,6164.43
2020-01-19,2020,Kharif,Rice,West Bengal,Kolkata,Rainfed,455.53,135.0,2457.0,1119.24
2025-03-27,2025,Rabi,Potato,Punjab,Ludhiana,Canal,364.16,65.0,27887.0,10155.33
2022-02-27,2022,Perennial,Sugarcane,Karnataka,Mysore,Drip,290.59,77.0,128328.0,37290.83
2018-09-03,2018,Rabi,Potato,Punjab,Amritsar,Tube Well,1151.25,59.0,22334.0,25712.02
2025-07-19,2025,Perennial,Coffee,Kerala,Ernakulam,Drip,744.25,185.0,1515.0,1127.54
2019-07-26,2019,Rabi,Oilseeds,Madhya Pradesh,Bhopal,Tube Well,67.06,57.0,2322.0,155.71
2022-06-01,2022,Zaid,Coconut,Tamil Nadu,Chennai,Tube Well,26.37,127.0,9722.0,256.37
2019-06-10,2019,Zaid,Coconut,Karnataka,Mysore,Drip,907.0,84.0,10119.0,9177.93
2018-06-17,2018,Kharif,Pulses,Rajasthan,Jodhpur,Tube Well,276.76,108.0,1740.0,481.56
2023-07-01,2023,Kharif,Cotton,Gujarat,Rajkot,Rainfed,338.97,124.0,1238.0,419.64
2021-07-20,2021,Rabi,Wheat,Punjab,Ludhiana,Tube Well,290.68,118.0,2917.0,847.91
2024-08-27,2024,Kharif,Cotton,Maharashtra,Nagpur,Tube Well,456.96,162.0,884.0,403.95
2018-12-13,2018,Kharif,Maize,Maharashtra,Mumbai,Tube Well,1263.19,187.0,5322.0,6722.7
2019-01-05,2019,Rabi,Oilseeds,Gujarat,Ahmedabad,Tube Well,1172.72,95.0,2618.0,3070.18
2017-10-26,2017,Perennial,Tea,Assam,Cachar,Rainfed,271.9,54.0,911.0,247.7
2016-06-29,2016,Rabi,Pulses,Madhya Pradesh,Bhopal,Rainfed,771.32,184.0,2174.0,1676.85
2015-06-11,2015,Perennial,Sugarcane,Maharashtra,Nagpur,Tube Well,396.82,197.0,113923.0,45206.92
2024-03-24,2024,Rabi,Oilseeds,Madhya Pradesh,Bhopal,Tube Well,685.04,115.0,3628.0,2485.33
2022-08-30,2022,Zaid,Coconut,Andhra Pradesh,Guntur,Rainfed,262.29,118.0,6911.0,1812.69
2023-08-27,2023,Rabi,Potato,Uttar Pradesh,Lucknow,Tube Well,1241.47,72.0,15606.0,19374.38
2017-09-05,2017,Perennial,Tea,Kerala,Kozhikode,Drip,289.45,121.0,1839.0,532.3
2017-04-01,2017,Rabi,Oilseeds,Maharashtra,Nashik,Tube Well,262.48,96.0,2438.0,639.93
2018-04-16,2018,Rabi,Wheat,Punjab,Amritsar,Tube Well,1402.82,199.0,3106.0,4357.16
2017-12-22,2017,Rabi,Oilseeds,Madhya Pradesh,Bhopal,Tube Well,179.21,78.0,3113.0,557.88
2023-08-02,2023,Rabi,Pulses,Madhya Pradesh,Bhopal,Tube Well,793.55,107.0,2240.0,1777.55
2018-08-23,2018,Kharif,Maize,Karnataka,Hubli,Drip,128.35,142.0,7557.0,969.94
2015-08-24,2015,Kharif,Maize,Madhya Pradesh,Bhopal,Rainfed,17.92,102.0,5653.0,101.3
2020-03-01,2020,Kharif,Maize,Maharashtra,Nagpur,Drip,1133.32,121.0,6636.0,7520.71
2017-10-30,2017,Perennial,Apple,Jammu and Kashmir,Srinagar,Rainfed,238.78,196.0,11388.0,2719.23
2015-10-16,2015,Kharif,Oilseeds,Madhya Pradesh,Bhopal,Rainfed,343.08,126.0,2134.0,732.13
2017-06-23,2017,Kharif,Maize,Maharashtra,Pune,Tube Well,115.73,187.0,5195.0,601.22
2023-04-01,2023,Zaid,Coconut,Andhra Pradesh,Krishna,Rainfed,694.12,56.0,7376.0,5119.83
2017-05-13,2017,Kharif,Maize,Madhya Pradesh,Bhopal,Tube Well,321.04,68.0,5511.0,1769.25
2021-11-12,2021,Rabi,Potato,West Bengal,Kolkata,Canal,537.15,192.0,38970.0,20932.74
2022-02-19,2022,Kharif,Maize,Telangana,Hyderabad,Rainfed,571.05,69.0,3778.0,2157.43
2022-10-05,2022,Perennial,Tea,Kerala,Kozhikode,Drip,515.55,160.0,1736.0,894.99
2024-01-10,2024,Perennial,Coffee,Tamil Nadu,Madurai,Drip,1057.05,117.0,1556.0,1644.77
2016-08-02,2016,Perennial,Coffee,Tamil Nadu,Chennai,Canal,724.01,111.0,1734.0,1255.43
2024-09-29,2024,Rabi,Wheat,Punjab,Patiala,Canal,515.71,149.0,5663.0,2920.47
2024-02-08,2024,Zaid,Coconut,Andhra Pradesh,Guntur,Canal,402.26,159.0,6902.0,2776.4
2016-12-05,2016,Kharif,Maize,Maharashtra,Mumbai,Rainfed,625.54,190.0,6035.0,3775.13
2016-06-30,2016,Kharif,Maize,Madhya Pradesh,Bhopal,Tube Well,214.87,89.0,5935.0,1275.25
2020-09-19,2020,Kharif,Maize,Telangana,Nizamabad,Rainfed,345.03,155.0,3317.0,1144.46
2020-06-13,2020,Rabi,Oilseeds,Maharashtra,Nashik,Tube Well,1096.33,101.0,3088.0,3385.47
2020-04-07,2020,Rabi,Pulses,Uttar Pradesh,Varanasi,Rainfed,1291.04,158.0,910.0,1174.85
2019-01-01,2019,Rabi,Wheat,Bihar,Purnia,Tube Well,631.51,71.0,4279.0,2702.23
2019-01-23,2019,Kharif,Maize,Maharashtra,Mumbai,Drip,761.86,119.0,7346.0,5596.62
2021-01-02,2021,Rabi,Oilseeds,Maharashtra,Pune,Rainfed,560.96,78.0,2258.0,1266.65
2017-05-18,2017,Zaid,Coconut,Kerala,Ernakulam,Drip,512.36,100.0,6820.0,3494.3
2024-01-27,2024,Rabi,Wheat,Bihar,Gaya,Rainfed,807.99,157.0,4193.0,3387.9
2022-04-02,2022,Zaid,Coconut,Kerala,Ernakulam,Drip,592.9,85.0,14968.0,8874.53
2023-11-06,2023,Kharif,Rice,Telangana,Nizamabad,Rainfed,41.56,153.0,5102.0,212.04
2023-04-23,2023,Perennial,Coffee,Karnataka,Belgaum,Tube Well,806.93,124.0,1136.0,916.67
2016-04-18,2016,Rabi,Potato,Uttar Pradesh,Kanpur,Tube Well,1082.72,64.0,23459.0,25399.53
2021-10-24,2021,Kharif,Pulses,Maharashtra,Mumbai,Rainfed,137.7,108.0,942.0,129.71
2024-04-13,2024,Kharif,Maize,Maharashtra,Mumbai,Drip,203.82,180.0,4966.0,1012.17
2025-03-08,2025,Rabi,Oilseeds,Madhya Pradesh,Bhopal,Tube Well,632.45,198.0,1666.0,1053.66
2024-10-08,2024,Perennial,Sugarcane,Maharashtra,Mumbai,Drip,731.1,105.0,108833.0,79567.81
2024-08-21,2024,Rabi,Oilseeds,Maharashtra,Pune,Tube Well,1069.9,58.0,1919.0,2053.14
2024-12-14,2024,Kharif,Pulses,Maharashtra,Pune,Tube Well,248.32,70.0,1789.0,444.24
2017-01-09,2017,Perennial,Apple,Jammu and Kashmir,Srinagar,Rainfed,21.94,168.0,12155.0,266.68
2020-11-15,2020,Rabi,Wheat,Uttar Pradesh,Lucknow,Rainfed,251.29,148.0,4106.0,1031.8
2023-01-18,2023,Rabi,Pulses,Maharashtra,Nagpur,Tube Well,593.82,93.0,2321.0,1378.26
2023-06-14,2023,Rabi,Oilseeds,Gujarat,Rajkot,Rainfed,632.72,109.0,2452.0,1551.43
2025-09-16,2025,Kharif,Oilseeds,Madhya Pradesh,Bhopal,Rainfed,687.58,172.0,2952.0,2029.74
2017-01-30,2017,Rabi,Wheat,Punjab,Patiala,Canal,1077.14,112.0,2706.0,2914.74
2022-12-09,2022,Kharif,Rice,Bihar,Purnia,Canal,990.49,163.0,3011.0,2982.37
2023-04-15,2023,Perennial,Tea,Assam,Dibrugarh,Rainfed,72.19,94.0,1653.0,119.33
2019-06-18,2019,Rabi,Pulses,Maharashtra,Mumbai,Rainfed,177.99,159.0,1737.0,309.17
2021-07-25,2021,Rabi,Oilseeds,Rajasthan,Jaipur,Rainfed,68.21,120.0,2655.0,181.1
2024-04-15,2024,Rabi,Wheat,Bihar,Patna,Canal,543.07,132.0,4043.0,2195.63
2019-05-21,2019,Perennial,Apple,Himachal Pradesh,Shimla,Rainfed,140.76,140.0,15295.0,2152.92
2018-10-15,2018,Perennial,Apple,Jammu and Kashmir,Srinagar,Rainfed,276.62,118.0,13444.0,3718.88
2019-05-08,2019,Rabi,Potato,Bihar,Gaya,Canal,141.36,120.0,16491.0,2331.17
2018-04-20,2018,Zaid,Coconut,Andhra Pradesh,Chittoor,Tube Well,132.8,90.0,9342.0,1240.62
2016-06-18,2016,Rabi,Oilseeds,Madhya Pradesh,Bhopal,Rainfed,373.53,198.0,3487.0,1302.5
2024-01-15,2024,Rabi,Pulses,Maharashtra,Mumbai,Rainfed,494.91,186.0,1479.0,731.97
2022-10-06,2022,Kharif,Oilseeds,Gujarat,Surat,Rainfed,996.71,129.0,1847.0,1840.92
2016-02-20,2016,Rabi,Oilseeds,Maharashtra,Nagpur,Drip,1090.44,55.0,2005.0,2186.33
2017-01-13,2017,Kharif,Maize,Telangana,Nizamabad,Canal,114.51,75.0,5619.0,643.43
2024-01-31,2024,Perennial,Coffee,Tamil Nadu,Coimbatore,Drip,895.43,178.0,1931.0,1729.08
2023-05-16,2023,Kharif,Rice,West Bengal,Kolkata,Canal,624.94,190.0,3291.0,2056.68
2021-09-04,2021,Perennial,Coffee,Tamil Nadu,Coimbatore,Canal,558.88,74.0,1680.0,938.92
2022-07-06,2022,Rabi,Oilseeds,Gujarat,Rajkot,Tube Well,122.77,160.0,3978.0,488.38
2022-05-03,2022,Rabi,Pulses,Rajasthan,Jodhpur,Tube Well,520.35,143.0,2370.0,1233.23
2019-03-23,2019,Rabi,Pulses,Maharashtra,Mumbai,Rainfed,86.93,96.0,1866.0,162.21
2020-07-31,2020,Kharif,Oilseeds,Rajasthan,Jodhpur,Tube Well,201.61,115.0,1546.0,311.69
2023-01-24,2023,Kharif,Cotton,Gujarat,Vadodara,Rainfed,123.56,152.0,824.0,101.81
2022-01-09,2022,Kharif,Maize,Andhra Pradesh,Visakhapatnam,Canal,641.61,65.0,3971.0,2547.83
2021-08-30,2021,Rabi,Oilseeds,Rajasthan,Udaipur,Rainfed,455.21,78.0,2541.0,1156.69
2023-08-24,2023,Rabi,Oilseeds,Madhya Pradesh,Bhopal,Tube Well,713.78,55.0,3374.0,2408.29
2023-01-07,2023,Zaid,Coconut,Kerala,Thrissur,Rainfed,589.76,185.0,7295.0,4302.3
2018-06-04,2018,Kharif,Maize,Madhya Pradesh,Bhopal,Rainfed,769.27,136.0,4859.0,3737.88
2025-04-07,2025,Kharif,Oilseeds,Rajasthan,Udaipur,Rainfed,535.06,129.0,1663.0,889.8
2020-01-05,2020,Rabi,Oilseeds,Maharashtra,Nagpur,Rainfed,394.51,156.0,1917.0,756.28
2025-06-10,2025,Perennial,Sugarcane,Karnataka,Bangalore,Tube Well,606.87,198.0,110033.0,66775.73
2020-07-21,2020,Zaid,Coconut,Tamil Nadu,Madurai,Canal,509.15,76.0,13036.0,6637.28
2018-06-09,2018,Rabi,Pulses,Uttar Pradesh,Varanasi,Rainfed,853.29,70.0,914.0,779.91
2019-12-12,2019,Rabi,Oilseeds,Maharashtra,Mumbai,Tube Well,748.0,94.0,1644.0,1229.71
2016-06-06,2016,Kharif,Cotton,Maharashtra,Nagpur,Tube Well,915.71,186.0,821.0,751.8
2024-02-19,2024,Perennial,Apple,Himachal Pradesh,Mandi,Rainfed,50.69,112.0,5596.0,283.66
2022-02-28,2022,Rabi,Pulses,Rajasthan,Udaipur,Rainfed,525.25,169.0,1752.0,920.24
2015-09-18,2015,Kharif,Pulses,Maharashtra,Mumbai,Drip,195.43,80.0,1362.0,266.18
2022-04-12,2022,Rabi,Oilseeds,Maharashtra,Nashik,Rainfed,43.81,124.0,1937.0,84.86
2018-10-06,2018,Kharif,Cotton,Gujarat,Surat,Tube Well,627.5,69.0,1132.0,710.33
2015-08-14,2015,Perennial,Tea,Assam,Kamrup,Rainfed,469.37,112.0,1693.0,794.64
2021-07-11,2021,Kharif,Oilseeds,Maharashtra,Nashik,Rainfed,54.96,89.0,2728.0,149.93
2024-01-29,2024,Rabi,Oilseeds,Gujarat,Surat,Tube Well,623.29,132.0,3398.0,2117.94
2015-07-01,2015,Kharif,Cotton,Maharashtra,Mumbai,Tube Well,699.6,167.0,878.0,614.25
2016-11-03,2016,Zaid,Coconut,Andhra Pradesh,Visakhapatnam,Canal,72.47,191.0,7759.0,562.29
2020-01-28,2020,Zaid,Coconut,Andhra Pradesh,Chittoor,Tube Well,856.79,93.0,13932.0,11936.8
2016-02-07,2016,Rabi,Pulses,Madhya Pradesh,Bhopal,Rainfed,176.13,161.0,1404.0,247.29
2019-07-25,2019,Rabi,Wheat,Uttar Pradesh,Varanasi,Rainfed,1193.74,183.0,3150.0,3760.28
2017-03-21,2017,Perennial,Apple,Himachal Pradesh,Shimla,Rainfed,162.3,69.0,12238.0,1986.23
2020-05-25,2020,Kharif,Maize,Andhra Pradesh,Krishna,Tube Well,578.69,138.0,4095.0,2369.74
2024-07-20,2024,Kharif,Cotton,Gujarat,Vadodara,Tube Well,1071.3,142.0,1036.0,1109.87
2022-10-21,2022,Kharif,Rice,West Bengal,Kolkata,Rainfed,888.74,91.0,4034.0,3585.18
2017-03-24,2017,Perennial,Tea,Assam,Cachar,Rainfed,627.67,53.0,2058.0,1291.74
2020-05-26,2020,Kharif,Oilseeds,Maharashtra,Nagpur,Rainfed,216.96,89.0,2688.0,583.19
2024-07-12,2024,Zaid,Coconut,Kerala,Ernakulam,Rainfed,48.03,138.0,8177.0,392.74
2018-08-16,2018,Rabi,Oilseeds,Gujarat,Ahmedabad,Tube Well,730.85,79.0,3280.0,2397.19
2023-09-12,2023,Kharif,Oilseeds,Gujarat,Surat,Tube Well,498.72,93.0,1338.0,667.29
2025-10-25,2025,Kharif,Pulses,Rajasthan,Udaipur,Tube Well,637.26,156.0,1626.0,1036.18
2025-04-24,2025,Kharif,Maize,Bihar,Gaya,Rainfed,356.1,110.0,3056.0,1088.24
2021-09-05,2021,Rabi,Oilseeds,Rajasthan,Udaipur,Tube Well,293.28,60.0,1561.0,457.81
2018-05-22,2018,Kharif,Rice,Andhra Pradesh,Guntur,Tube Well,635.94,110.0,5376.0,3418.81
2017-12-08,2017,Kharif,Maize,Telangana,Nizamabad,Tube Well,718.8,200.0,4505.0,3238.19
2018-11-11,2018,Perennial,Apple,Himachal Pradesh,Kangra,Rainfed,141.47,89.0,9926.0,1404.23
2025-07-29,2025,Perennial,Sugarcane,Karnataka,Belgaum,Drip,1036.58,90.0,95444.0,98935.34
2019-06-22,2019,Kharif,Cotton,Telangana,Warangal,Rainfed,490.53,75.0,471.0,231.04
2022-08-16,2022,Kharif,Maize,Karnataka,Bangalore,Canal,926.67,91.0,6566.0,6084.52
2023-04-05,2023,Kharif,Cotton,Gujarat,Vadodara,Tube Well,635.49,136.0,1286.0,817.24
2023-12-28,2023,Rabi,Pulses,Uttar Pradesh,Lucknow,Rainfed,1160.27,195.0,1941.0,2252.08
2019-07-18,2019,Perennial,Coffee,Kerala,Thrissur,Rainfed,50.62,141.0,1346.0,68.13
2024-07-23,2024,Kharif,Rice,Bihar,Muzaffarpur,Canal,801.22,111.0,3965.0,3176.84
2020-08-30,2020,Kharif,Pulses,Madhya Pradesh,Bhopal,Rainfed,423.93,108.0,2002.0,848.71
2017-05-05,2017,Zaid,Coconut,Kerala,Thrissur,Drip,365.04,54.0,5775.0,2108.11
2021-03-11,2021,Rabi,Pulses,Madhya Pradesh,Bhopal,Tube Well,98.17,50.0,1814.0,178.08
2023-10-23,2023,Kharif,Rice,Punjab,Amritsar,Canal,1114.93,170.0,7310.0,8150.14
2018-08-09,2018,Rabi,Potato,Uttar Pradesh,Lucknow,Rainfed,205.43,124.0,14967.0,3074.67
2023-09-07,2023,Kharif,Pulses,Maharashtra,Nagpur,Rainfed,258.09,55.0,1031.0,266.09
2022-10-02,2022,Kharif,Cotton,Maharashtra,Nashik,Tube Well,173.09,93.0,1075.0,186.07
2016-02-09,2016,Zaid,Coconut,Tamil Nadu,Coimbatore,Drip,17.17,104.0,14196.0,243.75
2016-12-24,2016,Perennial,Tea,West Bengal,Kolkata,Canal,731.49,167.0,2211.0,1617.32
2023-11-27,2023,Rabi,Potato,Uttar Pradesh,Lucknow,Rainfed,413.56,115.0,27190.0,11244.7
2025-03-20,2025,Perennial,Apple,Himachal Pradesh,Shimla,Rainfed,83.24,168.0,8243.0,686.15
2018-11-06,2018,Rabi,Potato,Punjab,Ludhiana,Tube Well,486.76,145.0,37616.0,18309.96
2018-12-18,2018,Zaid,Coconut,Kerala,Thrissur,Drip,404.28,55.0,7605.0,3074.55
2018-09-03,2018,Rabi,Oilseeds,Maharashtra,Nashik,Drip,659.4,195.0,3604.0,2376.48
2015-05-16,2015,Perennial,Coffee,Tamil Nadu,Coimbatore,Canal,410.24,77.0,1085.0,445.11
2018-08-20,2018,Perennial,Coffee,Kerala,Thrissur,Drip,401.0,91.0,1112.0,445.91
2022-02-08,2022,Kharif,Maize,Telangana,Nizamabad,Canal,390.33,171.0,6054.0,2363.06
2017-03-02,2017,Perennial,Coffee,Kerala,Kozhikode,Drip,659.91,78.0,1319.0,870.42
2015-03-20,2015,Perennial,Coffee,Kerala,Ernakulam,Rainfed,33.4,110.0,1356.0,45.29
2020-01-12,2020,Zaid,Coconut,Karnataka,Hubli,Drip,956.15,180.0,15867.0,15171.23
2017-05-05,2017,Kharif,Oilseeds,Madhya Pradesh,Bhopal,Tube Well,202.69,146.0,2603.0,527.6
2017-09-08,2017,Perennial,Tea,Kerala,Thrissur,Rainfed,580.21,95.0,1396.0,809.97
2018-12-12,2018,Perennial,Apple,Jammu and Kashmir,Srinagar,Rainfed,167.97,147.0,14553.0,2444.47
2018-11-17,2018,Kharif,Pulses,Madhya Pradesh,Bhopal,Rainfed,242.52,172.0,2065.0,500.8
2017-12-10,2017,Perennial,Coffee,Kerala,Ernakulam,Drip,496.12,111.0,1338.0,663.81
2017-06-13,2017,Kharif,Maize,Andhra Pradesh,Guntur,Tube Well,924.97,136.0,6857.0,6342.52
2022-01-26,2022,Kharif,Pulses,Madhya Pradesh,Bhopal,Rainfed,365.45,198.0,1450.0,529.9
2016-11-09,2016,Rabi,Wheat,Rajasthan,Udaipur,Tube Well,331.92,195.0,3409.0,1131.52
2020-08-19,2020,Rabi,Oilseeds,Gujarat,Ahmedabad,Rainfed,80.04,126.0,1703.0,136.31
2022-01-01,2022,Rabi,Oilseeds,Rajasthan,Jodhpur,Rainfed,647.56,64.0,2187.0,1416.21
2022-05-11,2022,Kharif,Maize,Madhya Pradesh,Bhopal,Rainfed,679.05,155.0,5781.0,3925.59
2024-06-14,2024,Perennial,Coffee,Kerala,Thrissur,Drip,324.41,90.0,1825.0,592.05
2020-11-12,2020,Kharif,Maize,Bihar,Gaya,Rainfed,767.3,150.0,3297.0,2529.79
2023-06-07,2023,Kharif,Oilseeds,Rajasthan,Jaipur,Tube Well,226.16,103.0,2509.0,567.44
2019-01-25,2019,Kharif,Cotton,Maharashtra,Nagpur,Rainfed,952.24,158.0,678.0,645.62
2025-04-08,2025,Rabi,Potato,West Bengal,Darjeeling,Rainfed,573.19,105.0,23656.0,13559.38
2022-05-03,2022,Perennial,Apple,Jammu and Kashmir,Srinagar,Rainfed,189.7,191.0,8600.0,1631.42
2017-06-14,2017,Rabi,Potato,Punjab,Ludhiana,Canal,94.22,71.0,26666.0,2512.47
2017-12-01,2017,Perennial,Apple,Jammu and Kashmir,Srinagar,Rainfed,386.51,60.0,11126.0,4300.31
2016-11-14,2016,Kharif,Oilseeds,Rajasthan,Jodhpur,Tube Well,587.81,167.0,3605.0,2119.06
2022-11-13,2022,Rabi,Potato,Bihar,Patna,Tube Well,795.45,110.0,19822.0,15767.41
2023-09-12,2023,Rabi,Pulses,Madhya Pradesh,Bhopal,Rainfed,250.88,120.0,929.0,233.07
2019-01-20,2019,Rabi,Pulses,Madhya Pradesh,Bhopal,Tube Well,238.78,190.0,1564.0,373.45
2019-01-26,2019,Kharif,Oilseeds,Maharashtra,Nagpur,Tube Well,749.42,138.0,2973.0,2228.03
2019-06-10,2019,Rabi,Wheat,Haryana,Hisar,Canal,1186.25,149.0,2991.0,3548.07
2017-06-20,2017,Rabi,Pulses,Maharashtra,Pune,Drip,1215.67,53.0,1246.0,1514.72
2015-06-21,2015,Zaid,Coconut,Kerala,Thrissur,Rainfed,222.45,151.0,12942.0,2878.95
2018-12-10,2018,Rabi,Oilseeds,Madhya Pradesh,Bhopal,Tube Well,489.86,108.0,2265.0,1109.53
2018-09-11,2018,Kharif,Pulses,Madhya Pradesh,Bhopal,Rainfed,581.88,119.0,1430.0,832.09
2020-11-19,2020,Rabi,Wheat,Haryana,Karnal,Canal,324.69,171.0,3014.0,978.62
2019-01-16,2019,Kharif,Pulses,Maharashtra,Nagpur,Rainfed,535.63,129.0,1574.0,843.08
2020-06-10,2020,Perennial,Sugarcane,Maharashtra,Nagpur,Tube Well,251.84,198.0,98761.0,24871.97
2020-01-18,2020,Rabi,Wheat,Haryana,Karnal,Tube Well,981.48,170.0,4364.0,4283.18
2017-06-03,2017,Kharif,Cotton,Telangana,Nizamabad,Canal,778.77,159.0,1200.0,934.52
2020-06-08,2020,Perennial,Sugarcane,Uttar Pradesh,Kanpur,Rainfed,1317.53,138.0,104118.0,137178.59
2024-11-05,2024,Rabi,Oilseeds,Rajasthan,Udaipur,Rainfed,472.36,112.0,1554.0,734.05
2024-04-16,2024,Kharif,Pulses,Uttar Pradesh,Kanpur,Tube Well,527.26,58.0,1735.0,914.8
2022-04-23,2022,Rabi,Oilseeds,Rajasthan,Udaipur,Rainfed,466.12,53.0,1596.0,743.93
2018-02-20,2018,Kharif,Cotton,Telangana,Nizamabad,Canal,779.2,57.0,898.0,699.72
2021-03-10,2021,Perennial,Apple,Himachal Pradesh,Kangra,Rainfed,316.67,194.0,6440.0,2039.35
2015-09-10,2015,Perennial,Tea,Assam,Kamrup,Rainfed,336.18,98.0,2005.0,674.04
2015-05-04,2015,Perennial,Sugarcane,Karnataka,Mysore,Drip,1012.58,155.0,90393.0,91530.14
2019-03-21,2019,Rabi,Oilseeds,Madhya Pradesh,Bhopal,Tube Well,669.82,139.0,2624.0,1757.61
2017-07-16,2017,Rabi,Pulses,Madhya Pradesh,Bhopal,Tube Well,707.12,136.0,1781.0,1259.38
2023-10-21,2023,Zaid,Coconut,Andhra Pradesh,Guntur,Canal,1084.8,137.0,10911.0,11836.25
2019-08-18,2019,Kharif,Cotton,Gujarat,Vadodara,Rainfed,478.64,95.0,687.0,328.83
2024-06-02,2024,Rabi,Potato,Bihar,Muzaffarpur,Canal,861.04,183.0,22557.0,19422.48
2025-02-10,2025,Rabi,Pulses,Maharashtra,Mumbai,Drip,745.75,188.0,2135.0,1592.18
2024-10-08,2024,Kharif,Maize,Madhya Pradesh,Bhopal,Rainfed,40.15,147.0,3373.0,135.43
2020-05-13,2020,Rabi,Potato,Punjab,Ludhiana,Canal,957.4,180.0,22448.0,21491.72
2018-06-20,2018,Perennial,Sugarcane,Uttar Pradesh,Varanasi,Tube Well,711.22,59.0,104476.0,74305.42
2023-01-24,2023,Perennial,Apple,Himachal Pradesh,Mandi,Rainfed,144.83,65.0,12448.0,1802.84
2018-08-04,2018,Kharif,Pulses,Uttar Pradesh,Lucknow,Canal,1455.87,134.0,2324.0,3383.44
2021-09-11,2021,Kharif,Maize,Karnataka,Bangalore,Canal,70.03,177.0,7370.0,516.12
2016-08-14,2016,Kharif,Cotton,Gujarat,Vadodara,Tube Well,1135.59,97.0,1320.0,1498.98
2020-09-23,2020,Perennial,Tea,Assam,Kamrup,Rainfed,135.82,132.0,1248.0,169.5
2022-10-27,2022,Kharif,Pulses,Maharashtra,Nashik,Rainfed,496.31,51.0,1290.0,640.24
2023-03-06,2023,Zaid,Coconut,Karnataka,Belgaum,Tube Well,464.79,198.0,7348.0,3415.28
2025-09-15,2025,Kharif,Pulses,Madhya Pradesh,Bhopal,Rainfed,587.51,165.0,1919.0,1127.43
2018-08-13,2018,Rabi,Wheat,Punjab,Ludhiana,Canal,331.26,104.0,4043.0,1339.28
2016-12-05,2016,Kharif,Oilseeds,Maharashtra,Nashik,Tube Well,1282.07,197.0,3899.0,4998.79
2017-05-17,2017,Zaid,Coconut,Kerala,Kozhikode,Rainfed,601.72,64.0,9615.0,5785.54
2018-01-26,2018,Kharif,Oilseeds,Madhya Pradesh,Bhopal,Rainfed,634.06,120.0,1983.0,1257.34
2018-11-17,2018,Rabi,Oilseeds,Gujarat,Rajkot,Rainfed,136.65,59.0,1827.0,249.66
2023-01-07,2023,Kharif,Maize,Karnataka,Hubli,Tube Well,529.18,100.0,3902.0,2064.86
2023-07-25,2023,Zaid,Coconut,Kerala,Ernakulam,Rainfed,757.03,83.0,7856.0,5947.23
2023-03-21,2023,Perennial,Apple,Himachal Pradesh,Shimla,Rainfed,142.33,97.0,11593.0,1650.03
2024-06-12,2024,Kharif,Oilseeds,Gujarat,Surat,Rainfed,183.01,192.0,1696.0,310.38
2020-01-08,2020,Perennial,Apple,Jammu and Kashmir,Srinagar,Rainfed,199.3,114.0,15091.0,3007.64
2019-06-07,2019,Rabi,Potato,West Bengal,Kolkata,Canal,1024.13,99.0,38865.0,39802.81
2024-12-23,2024,Kharif,Rice,West Bengal,Darjeeling,Canal,540.6,146.0,4074.0,2202.4
2024-06-04,2024,Rabi,Potato,West Bengal,Kolkata,Rainfed,451.27,153.0,26331.0,11882.39
2018-11-26,2018,Kharif,Maize,Karnataka,Bangalore,Drip,718.8,198.0,5006.0,3598.31
2023-09-07,2023,Zaid,Coconut,Tamil Nadu,Coimbatore,Canal,1031.2,132.0,13027.0,13433.44
2015-06-07,2015,Zaid,Coconut,Karnataka,Mysore,Canal,63.47,163.0,13229.0,839.64
2024-08-29,2024,Kharif,Oilseeds,Madhya Pradesh,Bhopal,Tube Well,131.18,107.0,3388.0,444.44
2023-10-29,2023,Rabi,Pulses,Maharashtra,Mumbai,Rainfed,181.25,76.0,1103.0,199.92
2025-09-30,2025,Perennial,Sugarcane,Tamil Nadu,Coimbatore,Canal,103.01,114.0,127104.0,13092.98
2019-01-19,2019,Perennial,Tea,Assam,Tinsukia,Rainfed,248.66,113.0,2318.0,576.39
2020-04-02,2020,Rabi,Wheat,Punjab,Amritsar,Canal,351.67,113.0,4512.0,1586.74
2015-10-28,2015,Perennial,Apple,Jammu and Kashmir,Srinagar,Rainfed,223.99,154.0,10571.0,2367.8
2019-03-07,2019,Rabi,Pulses,Rajasthan,Jodhpur,Tube Well,235.83,111.0,1990.0,469.3
2020-01-08,2020,Kharif,Oilseeds,Gujarat,Surat,Rainfed,492.2,193.0,2847.0,1401.29
2016-05-02,2016,Perennial,Apple,Jammu and Kashmir,Srinagar,Rainfed,377.33,197.0,17181.0,6482.91
2024-07-13,2024,Rabi,Potato,West Bengal,Kolkata,Canal,179.66,129.0,17279.0,3104.35
2019-09-25,2019,Rabi,Wheat,Madhya Pradesh,Bhopal,Tube Well,316.88,134.0,3527.0,1117.64
2018-08-01,2018,Rabi,Potato,Punjab,Ludhiana,Tube Well,393.05,111.0,33050.0,12990.3
2016-04-21,2016,Perennial,Sugarcane,Uttar Pradesh,Kanpur,Canal,828.26,103.0,93513.0,77453.08
2018-02-19,2018,Perennial,Apple,Himachal Pradesh,Mandi,Rainfed,370.8,198.0,13676.0,5071.06
2024-06-14,2024,Rabi,Pulses,Rajasthan,Jodhpur,Rainfed,573.72,56.0,874.0,501.43
2019-01-26,2019,Kharif,Rice,Tamil Nadu,Madurai,Drip,571.67,112.0,5799.0,3315.11
2018-12-10,2018,Rabi,Pulses,Maharashtra,Pune,Tube Well,1112.84,73.0,1935.0,2153.35
2023-10-18,2023,Rabi,Pulses,Rajasthan,Jaipur,Tube Well,551.7,159.0,2105.0,1161.33
2023-03-27,2023,Kharif,Cotton,Gujarat,Vadodara,Tube Well,196.83,79.0,1232.0,242.49
2019-10-31,2019,Zaid,Coconut,Kerala,Ernakulam,Rainfed,203.89,183.0,12580.0,2564.94
2017-04-01,2017,Rabi,Wheat,Bihar,Gaya,Rainfed,675.0,106.0,3662.0,2471.85
2018-10-03,2018,Kharif,Rice,Andhra Pradesh,Krishna,Tube Well,1170.0,188.0,3496.0,4090.32
2024-02-03,2024,Kharif,Cotton,Andhra Pradesh,Krishna,Canal,457.59,198.0,1548.0,708.35
2022-04-11,2022,Kharif,Cotton,Maharashtra,Nashik,Tube Well,306.45,166.0,1077.0,330.05
2025-09-17,2025,Perennial,Coffee,Karnataka,Bangalore,Canal,957.35,143.0,1187.0,1136.37
2016-01-16,2016,Kharif,Pulses,Maharashtra,Nagpur,Rainfed,267.5,72.0,1744.0,466.52
2018-09-04,2018,Kharif,Pulses,Rajasthan,Udaipur,Tube Well,491.21,190.0,2166.0,1063.96
2021-06-17,2021,Rabi,Wheat,Rajasthan,Udaipur,Rainfed,33.63,167.0,3335.0,112.16
2024-04-17,2024,Kharif,Oilseeds,Rajasthan,Jaipur,Rainfed,23.1,93.0,2511.0,58.0
2020-10-29,2020,Kharif,Cotton,Telangana,Nizamabad,Rainfed,411.89,120.0,865.0,356.28
2019-03-15,2019,Kharif,Oilseeds,Rajasthan,Udaipur,Rainfed,463.01,60.0,2493.0,1154.28
2021-12-21,2021,Rabi,Potato,Bihar,Gaya,Canal,151.01,149.0,17335.0,2617.76
2024-12-23,2024,Rabi,Potato,West Bengal,Darjeeling,Canal,842.63,69.0,31791.0,26788.05
2023-11-16,2023,Kharif,Rice,Odisha,Bhubaneswar,Rainfed,124.58,148.0,2682.0,334.12
2022-05-29,2022,Rabi,Pulses,Maharashtra,Nashik,Tube Well,698.48,151.0,1479.0,1033.05
2020-03-02,2020,Perennial,Sugarcane,Maharashtra,Nagpur,Drip,407.71,99.0,80940.0,33000.05
2018-05-08,2018,Kharif,Oilseeds,Maharashtra,Pune,Drip,980.41,192.0,2370.0,2323.57
2016-09-06,2016,Kharif,Maize,Telangana,Nizamabad,Tube Well,725.66,167.0,7373.0,5350.29
2021-12-29,2021,Kharif,Maize,Maharashtra,Nashik,Tube Well,95.26,125.0,6568.0,625.67
2023-10-07,2023,Rabi,Oilseeds,Maharashtra,Pune,Rainfed,258.46,188.0,1676.0,433.18
2017-10-29,2017,Zaid,Coconut,Tamil Nadu,Coimbatore,Drip,982.98,178.0,9673.0,9508.37
2018-08-25,2018,Kharif,Oilseeds,Madhya Pradesh,Bhopal,Rainfed,338.33,154.0,1303.0,440.84
2015-05-05,2015,Zaid,Coconut,Tamil Nadu,Coimbatore,Drip,529.64,73.0,9565.0,5066.01
2020-11-17,2020,Kharif,Cotton,Maharashtra,Nagpur,Tube Well,226.75,125.0,930.0,210.88
2023-10-16,2023,Rabi,Potato,Punjab,Ludhiana,Tube Well,1492.39,180.0,18716.0,27931.57
2016-09-21,2016,Zaid,Coconut,Andhra Pradesh,Chittoor,Rainfed,1108.43,141.0,11358.0,12589.55
2016-04-03,2016,Kharif,Maize,Madhya Pradesh,Bhopal,Tube Well,11.6,132.0,7440.0,86.3
2025-03-01,2025,Rabi,Oilseeds,Maharashtra,Pune,Rainfed,720.45,193.0,1410.0,1015.83
2025-08-29,2025,Kharif,Oilseeds,Maharashtra,Nagpur,Drip,1135.22,52.0,1924.0,2184.16
2017-04-21,2017,Zaid,Coconut,Andhra Pradesh,Chittoor,Rainfed,522.33,52.0,8935.0,4667.02
2015-09-29,2015,Kharif,Pulses,Madhya Pradesh,Bhopal,Tube Well,355.08,184.0,2689.0,954.81
2017-02-04,2017,Perennial,Tea,Kerala,Thrissur,Drip,309.68,56.0,1401.0,433.86
2024-12-05,2024,Kharif,Pulses,Maharashtra,Pune,Tube Well,47.19,100.0,2382.0,112.41
2017-02-11,2017,Perennial,Sugarcane,Tamil Nadu,Chennai,Tube Well,871.41,189.0,78014.0,67982.18
2025-08-05,2025,Kharif,Maize,Bihar,Muzaffarpur,Canal,462.22,154.0,7105.0,3284.07
2025-02-15,2025,Zaid,Coconut,Tamil Nadu,Madurai,Drip,588.86,147.0,6234.0,3670.95
2021-04-13,2021,Kharif,Pulses,Uttar Pradesh,Varanasi,Tube Well,390.97,149.0,2637.0,1030.99
2023-09-21,2023,Perennial,Apple,Jammu and Kashmir,Srinagar,Rainfed,315.81,98.0,8421.0,2659.44
2018-02-11,2018,Kharif,Oilseeds,Gujarat,Vadodara,Rainfed,954.56,130.0,2399.0,2289.99
2020-11-30,2020,Kharif,Pulses,Maharashtra,Nagpur,Rainfed,723.27,144.0,1092.0,789.81
2017-04-23,2017,Rabi,Potato,West Bengal,Kolkata,Canal,996.04,96.0,21523.0,21437.77
2021-01-09,2021,Kharif,Oilseeds,Rajasthan,Jaipur,Tube Well,89.96,169.0,3552.0,319.54
2024-05-27,2024,Kharif,Cotton,Maharashtra,Nashik,Drip,1024.75,98.0,1614.0,1653.95
2016-08-02,2016,Perennial,Tea,Kerala,Kozhikode,Drip,451.28,61.0,3179.0,1434.62
2019-07-22,2019,Perennial,Sugarcane,Karnataka,Belgaum,Tube Well,261.8,80.0,110300.0,28876.54
2021-12-06,2021,Kharif,Maize,Maharashtra,Pune,Rainfed,180.67,111.0,5596.0,1011.03
2017-11-13,2017,Perennial,Apple,Jammu and Kashmir,Srinagar,Rainfed,127.39,186.0,16822.0,2142.95
2025-04-01,2025,Rabi,Oilseeds,Rajasthan,Udaipur,Tube Well,600.86,112.0,1397.0,839.4
2023-01-19,2023,Kharif,Cotton,Andhra Pradesh,Guntur,Canal,947.27,63.0,660.0,625.2
2016-07-18,2016,Zaid,Coconut,Kerala,Ernakulam,Drip,519.65,79.0,5847.0,3038.39
2024-03-05,2024,Rabi,Potato,Uttar Pradesh,Kanpur,Canal,144.59,132.0,27968.0,4043.89
2023-11-22,2023,Perennial,Coffee,Kerala,Ernakulam,Rainfed,764.32,77.0,1384.0,1057.82
2024-12-30,2024,Kharif,Oilseeds,Rajasthan,Jaipur,Tube Well,220.75,60.0,2539.0,560.48
2021-01-23,2021,Rabi,Oilseeds,Gujarat,Ahmedabad,Rainfed,732.33,157.0,2306.0,1688.75
2017-06-02,2017,Kharif,Pulses,Rajasthan,Jaipur,Rainfed,564.14,168.0,1993.0,1124.33
2025-01-12,2025,Kharif,Pulses,Rajasthan,Jaipur,Tube Well,101.67,178.0,2766.0,281.22
2019-09-19,2019,Kharif,Oilseeds,Rajasthan,Jaipur,Tube Well,460.02,177.0,3457.0,1590.29
2016-05-28,2016,Perennial,Coffee,Tamil Nadu,Chennai,Drip,45.2,107.0,1943.0,87.82
2023-01-21,2023,Perennial,Tea,West Bengal,Howrah,Canal,120.95,160.0,1849.0,223.64
2016-02-24,2016,Zaid,Coconut,Tamil Nadu,Madurai,Tube Well,798.23,138.0,10856.0,8665.58
2022-03-10,2022,Rabi,Potato,Punjab,Patiala,Tube Well,241.07,54.0,20045.0,4832.25
2021-07-03,2021,Kharif,Rice,Andhra Pradesh,Visakhapatnam,Tube Well,537.77,110.0,3861.0,2076.33
2024-07-18,2024,Kharif,Oilseeds,Gujarat,Surat,Rainfed,305.52,58.0,1306.0,399.01
2024-05-01,2024,Kharif,Maize,Maharashtra,Pune,Drip,553.39,63.0,7287.0,4032.55
2016-11-08,2016,Kharif,Oilseeds,Gujarat,Vadodara,Rainfed,101.89,58.0,1738.0,177.08
2023-04-08,2023,Zaid,Coconut,Karnataka,Belgaum,Canal,832.84,194.0,12739.0,10609.55
2016-08-05,2016,Rabi,Wheat,Haryana,Gurgaon,Tube Well,119.87,177.0,3681.0,441.24
2022-12-14,2022,Kharif,Cotton,Andhra Pradesh,Chittoor,Tube Well,1007.12,116.0,1523.0,1533.84
2024-05-13,2024,Kharif,Cotton,Andhra Pradesh,Chittoor,Tube Well,798.5,87.0,1098.0,876.75
2019-03-04,2019,Kharif,Pulses,Rajasthan,Jodhpur,Rainfed,297.44,61.0,737.0,219.21
2021-02-28,2021,Rabi,Potato,West Bengal,Darjeeling,Canal,954.47,115.0,20825.0,19876.84
2018-12-15,2018,Perennial,Sugarcane,Maharashtra,Pune,Rainfed,250.11,140.0,106165.0,26552.93
2025-01-28,2025,Rabi,Oilseeds,Madhya Pradesh,Bhopal,Tube Well,219.01,170.0,4206.0,921.16
2020-10-12,2020,Perennial,Sugarcane,Karnataka,Mysore,Tube Well,159.46,58.0,90236.0,14389.03
2016-08-16,2016,Rabi,Wheat,Haryana,Gurgaon,Tube Well,540.38,113.0,4051.0,2189.08
2021-01-25,2021,Kharif,Rice,Chhattisgarh,Raipur,Rainfed,690.85,197.0,5479.0,3785.17
2015-08-03,2015,Kharif,Pulses,Madhya Pradesh,Bhopal,Tube Well,137.21,68.0,1966.0,269.75
2015-11-26,2015,Perennial,Tea,West Bengal,Darjeeling,Rainfed,915.76,110.0,2418.0,2214.31
2020-05-06,2020,Zaid,Coconut,Kerala,Kozhikode,Rainfed,524.99,91.0,7628.0,4004.62
2017-07-02,2017,Kharif,Oilseeds,Gujarat,Surat,Tube Well,28.82,70.0,3530.0,101.73
2021-03-17,2021,Rabi,Pulses,Rajasthan,Udaipur,Rainfed,661.97,176.0,1631.0,1079.67
2024-04-15,2024,Rabi,Wheat,Madhya Pradesh,Bhopal,Rainfed,777.16,155.0,3582.0,2783.79
2022-08-26,2022,Rabi,Pulses,Uttar Pradesh,Kanpur,Rainfed,1388.1,112.0,910.0,1263.17
2015-05-21,2015,Perennial,Coffee,Karnataka,Hubli,Drip,556.9,105.0,1542.0,858.74
2019-06-24,2019,Rabi,Oilseeds,Maharashtra,Mumbai,Tube Well,294.28,174.0,3639.0,1070.88
2017-01-17,2017,Rabi,Wheat,Madhya Pradesh,Bhopal,Rainfed,319.1,64.0,2663.0,849.76
2022-05-18,2022,Kharif,Oilseeds,Gujarat,Ahmedabad,Rainfed,740.89,72.0,1884.0,1395.84
2022-03-09,2022,Kharif,Cotton,Andhra Pradesh,Chittoor,Canal,460.82,186.0,1091.0,502.75
2019-07-08,2019,Kharif,Maize,Andhra Pradesh,Krishna,Rainfed,852.72,173.0,6624.0,5648.42
2018-11-20,2018,Kharif,Maize,Madhya Pradesh,Bhopal,Tube Well,638.5,166.0,6276.0,4007.23
2016-05-23,2016,Zaid,Coconut,Karnataka,Bangalore,Canal,238.24,144.0,7142.0,1701.51
2020-02-28,2020,Zaid,Coconut,Andhra Pradesh,Krishna,Canal,491.88,94.0,5524.0,2717.15
2016-05-16,2016,Kharif,Oilseeds,Gujarat,Rajkot,Rainfed,1149.72,190.0,2932.0,3370.98
2016-08-21,2016,Perennial,Sugarcane,Maharashtra,Pune,Drip,332.25,124.0,111046.0,36895.03
2017-05-11,2017,Kharif,Rice,Punjab,Ludhiana,Canal,526.21,92.0,2612.0,1374.46
2017-10-17,2017,Kharif,Oilseeds,Gujarat,Vadodara,Rainfed,52.44,105.0,1763.0,92.45
2020-11-04,2020,Kharif,Rice,Tamil Nadu,Coimbatore,Drip,372.28,53.0,5963.0,2219.91
2018-08-28,2018,Kharif,Cotton,Andhra Pradesh,Krishna,Canal,451.41,88.0,1495.0,674.86
2024-03-16,2024,Kharif,Maize,Madhya Pradesh,Bhopal,Rainfed,88.87,78.0,3004.0,266.97
2016-11-27,2016,Rabi,Oilseeds,Gujarat,Vadodara,Rainfed,11.72,70.0,1167.0,13.68
2018-02-19,2018,Rabi,Oilseeds,Maharashtra,Nashik,Drip,752.27,55.0,1275.0,959.14
2021-09-14,2021,Perennial,Sugarcane,Maharashtra,Nagpur,Rainfed,398.97,84.0,89808.0,35830.7
2021-02-26,2021,Kharif,Pulses,Madhya Pradesh,Bhopal,Rainfed,24.08,66.0,822.0,19.79
2023-01-21,2023,Kharif,Oilseeds,Maharashtra,Pune,Drip,1119.33,57.0,1541.0,1724.89
2019-01-09,2019,Kharif,Pulses,Madhya Pradesh,Bhopal,Tube Well,471.68,71.0,1286.0,606.58
2023-12-02,2023,Rabi,Potato,Punjab,Ludhiana,Tube Well,265.04,80.0,34553.0,9157.93
2018-04-01,2018,Kharif,Cotton,Maharashtra,Pune,Rainfed,1126.17,112.0,962.0,1083.38
2018-09-20,2018,Perennial,Tea,West Bengal,Howrah,Rainfed,286.41,138.0,2038.0,583.7
2018-07-18,2018,Rabi,Pulses,Rajasthan,Jodhpur,Tube Well,166.94,98.0,2195.0,366.43
2018-09-04,2018,Rabi,Potato,Uttar Pradesh,Kanpur,Rainfed,1343.0,71.0,22381.0,30057.68
2015-11-28,2015,Rabi,Pulses,Maharashtra,Nashik,Drip,241.5,191.0,2716.0,655.91
2016-06-22,2016,Kharif,Pulses,Rajasthan,Udaipur,Rainfed,616.5,127.0,923.0,569.03
2019-01-06,2019,Kharif,Cotton,Telangana,Nizamabad,Canal,724.65,161.0,1278.0,926.1
2017-09-10,2017,Kharif,Maize,Karnataka,Mysore,Canal,347.66,154.0,7624.0,2650.56
2016-07-07,2016,Rabi,Potato,Punjab,Ludhiana,Tube Well,61.25,93.0,26618.0,1630.35
2020-12-18,2020,Kharif,Cotton,Andhra Pradesh,Krishna,Rainfed,108.26,134.0,430.0,46.55
2019-08-07,2019,Kharif,Rice,West Bengal,Darjeeling,Rainfed,129.39,140.0,2797.0,361.9
2015-04-08,2015,Perennial,Apple,Jammu and Kashmir,Srinagar,Rainfed,357.41,103.0,14562.0,5204.6
2020-06-12,2020,Kharif,Maize,Telangana,Warangal,Tube Well,369.59,151.0,7069.0,2612.63
2018-09-22,2018,Perennial,Apple,Jammu and Kashmir,Srinagar,Rainfed,22.69,169.0,13242.0,300.46
2018-01-26,2018,Zaid,Coconut,Kerala,Thrissur,Drip,449.67,105.0,12879.0,5791.3
2023-12-05,2023,Kharif,Maize,Telangana,Hyderabad,Tube Well,195.11,52.0,3907.0,762.29
2019-01-14,2019,Kharif,Pulses,Rajasthan,Jodhpur,Rainfed,172.24,102.0,800.0,137.79
2021-07-05,2021,Kharif,Rice,Odisha,Bhubaneswar,Canal,153.15,68.0,4130.0,632.51
2018-04-10,2018,Rabi,Wheat,Uttar Pradesh,Kanpur,Tube Well,1145.41,73.0,3475.0,3980.3
2019-12-02,2019,Rabi,Potato,Uttar Pradesh,Kanpur,Tube Well,10.91,105.0,33490.0,365.38
2018-09-26,2018,Zaid,Coconut,Andhra Pradesh,Krishna,Canal,532.39,81.0,6949.0,3699.58
2022-08-29,2022,Perennial,Apple,Jammu and Kashmir,Srinagar,Rainfed,43.88,190.0,8929.0,391.8
2019-01-31,2019,Rabi,Pulses,Madhya Pradesh,Bhopal,Tube Well,446.38,148.0,1229.0,548.6
2016-08-26,2016,Kharif,Cotton,Maharashtra,Nagpur,Drip,456.33,128.0,1040.0,474.58
2015-09-05,2015,Kharif,Cotton,Gujarat,Vadodara,Tube Well,43.74,51.0,697.0,30.49
2025-07-07,2025,Perennial,Coffee,Karnataka,Mysore,Tube Well,512.46,66.0,905.0,463.78
2021-11-12,2021,Kharif,Maize,Telangana,Warangal,Tube Well,517.82,168.0,5348.0,2769.3
2016-02-17,2016,Kharif,Maize,Madhya Pradesh,Bhopal,Tube Well,205.65,108.0,4742.0,975.19
2021-07-27,2021,Zaid,Coconut,Tamil Nadu,Chennai,Drip,844.41,57.0,8313.0,7019.58
2020-09-28,2020,Rabi,Wheat,Bihar,Gaya,Tube Well,377.34,174.0,4411.0,1664.45
2021-04-15,2021,Perennial,Tea,Kerala,Ernakulam,Rainfed,601.98,95.0,1625.0,978.22
2022-02-09,2022,Rabi,Potato,Bihar,Gaya,Tube Well,583.23,108.0,14463.0,8435.26
2021-09-15,2021,Kharif,Oilseeds,Gujarat,Ahmedabad,Rainfed,1044.41,196.0,2153.0,2248.61
2020-12-10,2020,Perennial,Coffee,Tamil Nadu,Madurai,Tube Well,606.15,52.0,1554.0,941.96
2016-04-20,2016,Kharif,Maize,Karnataka,Mysore,Drip,212.33,158.0,5019.0,1065.68
2018-02-10,2018,Kharif,Pulses,Madhya Pradesh,Bhopal,Rainfed,659.85,192.0,2234.0,1474.1
2022-10-23,2022,Rabi,Potato,West Bengal,Kolkata,Rainfed,863.51,60.0,14846.0,12819.67
2017-04-17,2017,Kharif,Rice,West Bengal,Howrah,Canal,1069.87,180.0,3090.0,3305.9
2020-08-05,2020,Rabi,Wheat,Punjab,Patiala,Tube Well,149.44,112.0,3240.0,484.19
2020-07-04,2020,Kharif,Cotton,Maharashtra,Mumbai,Rainfed,772.69,182.0,518.0,400.25
2024-06-03,2024,Rabi,Oilseeds,Gujarat,Rajkot,Rainfed,595.09,96.0,2096.0,1247.31
2017-09-13,2017,Kharif,Rice,West Bengal,Kolkata,Rainfed,741.25,197.0,3434.0,2545.45
2015-04-28,2015,Zaid,Coconut,Karnataka,Bangalore,Tube Well,1078.4,147.0,14356.0,15481.51
2022-08-10,2022,Perennial,Coffee,Karnataka,Hubli,Tube Well,590.18,144.0,1684.0,993.86
2019-07-31,2019,Kharif,Rice,Bihar,Patna,Rainfed,688.88,171.0,3807.0,2622.57
2019-03-28,2019,Kharif,Maize,Telangana,Nizamabad,Rainfed,319.02,115.0,4761.0,1518.85
2021-09-30,2021,Kharif,Oilseeds,Rajasthan,Jaipur,Rainfed,216.29,89.0,2151.0,465.24
2020-01-02,2020,Kharif,Oilseeds,Gujarat,Vadodara,Rainfed,409.0,89.0,1495.0,611.46
2015-10-22,2015,Zaid,Coconut,Tamil Nadu,Chennai,Tube Well,52.08,100.0,6470.0,336.96
2023-03-24,2023,Zaid,Coconut,Tamil Nadu,Madurai,Drip,320.37,143.0,10396.0,3330.57
2016-01-04,2016,Kharif,Pulses,Rajasthan,Jodhpur,Rainfed,129.33,176.0,1030.0,133.21
2019-08-29,2019,Kharif,Pulses,Maharashtra,Nagpur,Drip,600.08,125.0,1693.0,1015.94
2020-06-11,2020,Kharif,Pulses,Maharashtra,Pune,Drip,604.46,111.0,2052.0,1240.35
2019-09-30,2019,Rabi,Potato,Bihar,Muzaffarpur,Rainfed,767.58,169.0,23178.0,17790.97
2025-06-20,2025,Kharif,Pulses,Maharashtra,Pune,Drip,657.96,93.0,1282.0,843.5
2023-04-11,2023,Perennial,Apple,Jammu and Kashmir,Srinagar,Rainfed,190.6,153.0,5518.0,1051.73
2016-10-09,2016,Zaid,Coconut,Kerala,Thrissur,Rainfed,192.98,66.0,4376.0,844.48
2019-12-28,2019,Kharif,Pulses,Maharashtra,Nagpur,Rainfed,1109.7,67.0,785.0,871.11
2018-05-05,2018,Rabi,Potato,Bihar,Gaya,Tube Well,100.09,147.0,24729.0,2475.13
2019-02-01,2019,Perennial,Sugarcane,Karnataka,Hubli,Tube Well,1080.7,62.0,81828.0,88431.52
2018-05-06,2018,Rabi,Potato,Uttar Pradesh,Varanasi,Rainfed,719.35,73.0,13963.0,10044.28
2018-07-08,2018,Kharif,Maize,Karnataka,Belgaum,Drip,212.73,144.0,5415.0,1151.93
2021-12-26,2021,Kharif,Pulses,Rajasthan,Jodhpur,Rainfed,254.49,116.0,1300.0,330.84
2020-01-11,2020,Perennial,Sugarcane,Karnataka,Mysore,Drip,26.75,134.0,79320.0,2121.81
2021-09-08,2021,Rabi,Wheat,Uttar Pradesh,Varanasi,Tube Well,258.12,197.0,3614.0,932.85
2021-01-18,2021,Rabi,Potato,Uttar Pradesh,Varanasi,Rainfed,509.66,145.0,19400.0,9887.4
2024-07-17,2024,Perennial,Sugarcane,Tamil Nadu,Madurai,Canal,614.31,139.0,77383.0,47537.15
2016-12-02,2016,Perennial,Apple,Himachal Pradesh,Kangra,Rainfed,73.45,107.0,13443.0,987.39
2020-10-21,2020,Perennial,Coffee,Karnataka,Bangalore,Tube Well,746.8,145.0,1609.0,1201.6
2022-11-23,2022,Kharif,Pulses,Madhya Pradesh,Bhopal,Tube Well,676.98,52.0,1454.0,984.33
2023-06-01,2023,Rabi,Pulses,Uttar Pradesh,Kanpur,Canal,862.79,134.0,1374.0,1185.47
2018-10-12,2018,Zaid,Coconut,Karnataka,Belgaum,Tube Well,333.62,60.0,6514.0,2173.2
2025-05-03,2025,Zaid,Coconut,Andhra Pradesh,Visakhapatnam,Canal,154.46,83.0,6346.0,980.2
2025-01-06,2025,Rabi,Pulses,Maharashtra,Nashik,Tube Well,30.04,134.0,1333.0,40.04
2019-08-07,2019,Kharif,Oilseeds,Maharashtra,Nashik,Drip,954.03,150.0,2768.0,2640.76
2018-07-04,2018,Zaid,Coconut,Andhra Pradesh,Visakhapatnam,Canal,757.89,108.0,7989.0,6054.78
2023-05-23,2023,Zaid,Coconut,Karnataka,Belgaum,Drip,529.15,113.0,15590.0,8249.45
2018-04-21,2018,Kharif,Pulses,Rajasthan,Jodhpur,Tube Well,80.38,125.0,2583.0,207.62
2017-08-09,2017,Rabi,Oilseeds,Maharashtra,Nagpur,Rainfed,277.06,164.0,2633.0,729.5
2017-06-29,2017,Kharif,Pulses,Uttar Pradesh,Varanasi,Tube Well,1224.61,53.0,2048.0,2508.0
2023-05-28,2023,Kharif,Pulses,Madhya Pradesh,Bhopal,Rainfed,389.08,117.0,1129.0,439.27
2024-10-03,2024,Kharif,Cotton,Gujarat,Rajkot,Rainfed,1155.77,52.0,842.0,973.16
2019-07-20,2019,Rabi,Oilseeds,Rajasthan,Udaipur,Rainfed,699.98,98.0,1101.0,770.68
2021-10-30,2021,Rabi,Wheat,Uttar Pradesh,Varanasi,Tube Well,1203.05,128.0,5212.0,6270.3
2020-09-04,2020,Rabi,Oilseeds,Maharashtra,Nagpur,Drip,343.06,62.0,2996.0,1027.81
2018-06-06,2018,Rabi,Potato,Uttar Pradesh,Lucknow,Canal,354.36,123.0,22467.0,7961.41
2020-09-22,2020,Perennial,Apple,Jammu and Kashmir,Srinagar,Rainfed,108.92,189.0,14643.0,1594.92
2021-02-08,2021,Kharif,Cotton,Maharashtra,Nashik,Tube Well,1282.95,153.0,572.0,733.85
2020-04-01,2020,Kharif,Maize,Madhya Pradesh,Bhopal,Rainfed,274.92,167.0,4585.0,1260.51
2015-01-28,2015,Perennial,Tea,Kerala,Thrissur,Drip,568.09,137.0,3439.0,1953.66
2023-10-24,2023,Kharif,Maize,Andhra Pradesh,Guntur,Rainfed,1151.23,184.0,4325.0,4979.07
2021-10-06,2021,Perennial,Coffee,Tamil Nadu,Coimbatore,Drip,903.36,72.0,1524.0,1376.72
2021-12-13,2021,Perennial,Tea,Kerala,Ernakulam,Drip,482.11,117.0,2183.0,1052.45
2016-04-08,2016,Rabi,Pulses,Madhya Pradesh,Bhopal,Tube Well,143.48,140.0,1725.0,247.5
2022-12-02,2022,Perennial,Apple,Jammu and Kashmir,Srinagar,Rainfed,78.23,181.0,14151.0,1107.03
2018-10-13,2018,Kharif,Oilseeds,Madhya Pradesh,Bhopal,Rainfed,399.01,96.0,2772.0,1106.06
2015-06-18,2015,Kharif,Pulses,Maharashtra,Pune,Tube Well,1238.01,50.0,1150.0,1423.71
2018-12-01,2018,Rabi,Oilseeds,Gujarat,Surat,Rainfed,1086.35,196.0,1807.0,1963.03
2025-06-01,2025,Kharif,Maize,Andhra Pradesh,Guntur,Canal,207.77,54.0,5399.0,1121.75
2025-02-19,2025,Perennial,Tea,West Bengal,Darjeeling,Rainfed,323.61,73.0,1808.0,585.09
2025-08-09,2025,Kharif,Rice,Telangana,Nizamabad,Rainfed,534.04,113.0,3449.0,1841.9
2023-04-12,2023,Rabi,Pulses,Madhya Pradesh,Bhopal,Rainfed,387.17,124.0,1825.0,706.59
2022-01-27,2022,Rabi,Pulses,Madhya Pradesh,Bhopal,Tube Well,104.3,175.0,2475.0,258.14
2022-08-07,2022,Rabi,Oilseeds,Rajasthan,Jaipur,Tube Well,264.82,117.0,2361.0,625.24
2017-11-20,2017,Kharif,Oilseeds,Gujarat,Ahmedabad,Tube Well,1146.11,132.0,1447.0,1658.42
2017-06-24,2017,Kharif,Rice,Odisha,Bhubaneswar,Rainfed,856.78,80.0,2465.0,2111.96
2019-04-20,2019,Perennial,Tea,Kerala,Kozhikode,Rainfed,451.95,135.0,1822.0,823.45
2017-09-14,2017,Kharif,Pulses,Maharashtra,Pune,Drip,829.49,102.0,2640.0,2189.85
2017-06-12,2017,Perennial,Coffee,Kerala,Thrissur,Drip,185.31,65.0,1374.0,254.62
2022-02-03,2022,Rabi,Oilseeds,Gujarat,Ahmedabad,Tube Well,892.92,192.0,3043.0,2717.16
2024-06-26,2024,Zaid,Coconut,Karnataka,Belgaum,Drip,67.22,62.0,12533.0,842.47
2021-03-05,2021,Zaid,Coconut,Kerala,Thrissur,Rainfed,184.34,152.0,5655.0,1042.44
2022-09-22,2022,Kharif,Cotton,Andhra Pradesh,Chittoor,Rainfed,17.0,186.0,592.0,10.06
2019-10-02,2019,Rabi,Pulses,Maharashtra,Mumbai,Drip,507.55,77.0,1600.0,812.08
2015-01-17,2015,Perennial,Coffee,Kerala,Ernakulam,Rainfed,681.71,86.0,1442.0,983.03
2023-12-10,2023,Rabi,Oilseeds,Madhya Pradesh,Bhopal,Tube Well,786.18,114.0,3570.0,2806.66
2021-03-23,2021,Perennial,Sugarcane,Tamil Nadu,Coimbatore,Tube Well,737.85,94.0,105108.0,77553.94
2017-08-13,2017,Rabi,Oilseeds,Rajasthan,Udaipur,Tube Well,523.96,164.0,2517.0,1318.81
2020-01-05,2020,Kharif,Oilseeds,Madhya Pradesh,Bhopal,Rainfed,217.57,101.0,2092.0,455.16
2016-02-15,2016,Kharif,Maize,Andhra Pradesh,Krishna,Rainfed,629.2,198.0,4561.0,2869.78
2019-10-19,2019,Perennial,Tea,Kerala,Ernakulam,Drip,591.9,179.0,3163.0,1872.18
2022-11-12,2022,Kharif,Pulses,Maharashtra,Nashik,Drip,651.49,184.0,2065.0,1345.33
2019-06-16,2019,Perennial,Apple,Jammu and Kashmir,Srinagar,Rainfed,44.53,60.0,5694.0,253.55
2020-08-09,2020,Perennial,Tea,West Bengal,Kolkata,Rainfed,817.54,76.0,1252.0,1023.56
2021-06-30,2021,Kharif,Cotton,Telangana,Warangal,Canal,205.41,75.0,1118.0,229.65
2020-07-10,2020,Kharif,Pulses,Madhya Pradesh,Bhopal,Rainfed,87.18,151.0,1767.0,154.05
2015-09-21,2015,Zaid,Coconut,Andhra Pradesh,Krishna,Tube Well,578.89,52.0,5505.0,3186.79
2022-02-26,2022,Kharif,Cotton,Gujarat,Surat,Rainfed,98.78,171.0,1170.0,115.57
2024-12-17,2024,Zaid,Coconut,Kerala,Kozhikode,Drip,507.26,132.0,15415.0,7819.41
2019-01-20,2019,Rabi,Wheat,Punjab,Amritsar,Canal,964.31,135.0,4838.0,4665.33
2024-07-10,2024,Rabi,Potato,Uttar Pradesh,Kanpur,Canal,392.49,131.0,33008.0,12955.31
2017-04-30,2017,Zaid,Coconut,Kerala,Thrissur,Drip,771.98,130.0,8490.0,6554.11
2024-01-01,2024,Kharif,Maize,Andhra Pradesh,Chittoor,Tube Well,991.1,80.0,7020.0,6957.52
2018-12-15,2018,Rabi,Wheat,Uttar Pradesh,Varanasi,Canal,173.28,92.0,3300.0,571.82
2025-08-23,2025,Kharif,Oilseeds,Rajasthan,Jaipur,Rainfed,526.47,123.0,1408.0,741.27
2024-04-01,2024,Kharif,Maize,Maharashtra,Pune,Tube Well,465.47,152.0,6806.0,3167.99
2018-11-10,2018,Rabi,Wheat,Uttar Pradesh,Kanpur,Canal,1127.93,91.0,3542.0,3995.13
2022-01-09,2022,Perennial,Sugarcane,Maharashtra,Nagpur,Rainfed,1043.03,171.0,108037.0,112685.83
2020-07-01,2020,Kharif,Cotton,Andhra Pradesh,Chittoor,Canal,190.14,172.0,1147.0,218.09
2018-10-26,2018,Rabi,Wheat,Punjab,Amritsar,Canal,996.14,91.0,3022.0,3010.34
2024-11-22,2024,Rabi,Oilseeds,Rajasthan,Udaipur,Tube Well,605.28,134.0,3916.0,2370.28
2019-10-25,2019,Kharif,Pulses,Uttar Pradesh,Varanasi,Rainfed,491.83,102.0,1409.0,692.99
2025-06-26,2025,Kharif,Maize,Bihar,Purnia,Rainfed,89.53,79.0,4338.0,388.38
2020-01-14,2020,Perennial,Apple,Himachal Pradesh,Shimla,Rainfed,23.36,171.0,9902.0,231.31
2017-11-03,2017,Zaid,Coconut,Andhra Pradesh,Guntur,Tube Well,140.9,199.0,15954.0,2247.92
2024-03-15,2024,Rabi,Wheat,Uttar Pradesh,Lucknow,Tube Well,16.27,135.0,3465.0,56.38
2025-02-18,2025,Rabi,Potato,Uttar Pradesh,Varanasi,Tube Well,497.15,187.0,15053.0,7483.6
2022-08-20,2022,Kharif,Maize,Madhya Pradesh,Bhopal,Rainfed,246.47,146.0,4819.0,1187.74
2016-01-06,2016,Rabi,Oilseeds,Rajasthan,Jaipur,Rainfed,86.14,135.0,3003.0,258.68
2024-09-21,2024,Rabi,Oilseeds,Rajasthan,Jodhpur,Tube Well,459.27,122.0,2035.0,934.61
2017-09-14,2017,Rabi,Wheat,Uttar Pradesh,Varanasi,Canal,1487.94,85.0,3252.0,4838.78
2025-02-17,2025,Kharif,Cotton,Maharashtra,Nashik,Drip,1172.2,63.0,1270.0,1488.69
2018-11-30,2018,Kharif,Pulses,Uttar Pradesh,Kanpur,Canal,386.75,116.0,2351.0,909.25
2015-08-02,2015,Kharif,Oilseeds,Rajasthan,Jodhpur,Rainfed,541.29,134.0,1967.0,1064.72
2017-03-24,2017,Perennial,Coffee,Karnataka,Hubli,Canal,1031.18,126.0,1844.0,1901.5
2016-12-07,2016,Rabi,Potato,Bihar,Purnia,Rainfed,907.3,154.0,14611.0,13256.56
2021-12-18,2021,Rabi,Pulses,Maharashtra,Nagpur,Rainfed,1151.07,79.0,1181.0,1359.41
2020-11-23,2020,Kharif,Maize,Karnataka,Mysore,Canal,867.23,103.0,5591.0,4848.68
2019-02-12,2019,Kharif,Rice,Assam,Dibrugarh,Rainfed,241.46,112.0,2972.0,717.62
2015-05-10,2015,Zaid,Coconut,Tamil Nadu,Coimbatore,Drip,101.08,78.0,7579.0,766.09
2023-11-04,2023,Rabi,Oilseeds,Gujarat,Vadodara,Tube Well,590.51,186.0,2452.0,1447.93
2023-06-20,2023,Rabi,Oilseeds,Rajasthan,Jodhpur,Tube Well,47.81,152.0,1434.0,68.56
2023-08-11,2023,Kharif,Maize,Maharashtra,Pune,Drip,1298.03,64.0,6566.0,8522.86
2018-02-19,2018,Zaid,Coconut,Tamil Nadu,Chennai,Drip,400.56,157.0,14373.0,5757.25
2024-08-20,2024,Kharif,Pulses,Madhya Pradesh,Bhopal,Rainfed,767.09,132.0,1404.0,1076.99
2016-01-31,2016,Kharif,Cotton,Telangana,Warangal,Tube Well,698.08,129.0,877.0,612.22
2022-11-10,2022,Rabi,Oilseeds,Maharashtra,Pune,Tube Well,540.57,198.0,2784.0,1504.95
2016-06-27,2016,Kharif,Oilseeds,Madhya Pradesh,Bhopal,Tube Well,103.47,143.0,3919.0,405.5
2017-07-11,2017,Kharif,Cotton,Telangana,Hyderabad,Tube Well,221.1,185.0,1289.0,285.0
2024-09-22,2024,Rabi,Wheat,Uttar Pradesh,Varanasi,Tube Well,1012.84,187.0,5073.0,5138.14
2024-10-19,2024,Rabi,Pulses,Uttar Pradesh,Kanpur,Canal,1246.6,65.0,1329.0,1656.73
2019-07-28,2019,Perennial,Sugarcane,Uttar Pradesh,Varanasi,Tube Well,1469.37,51.0,63074.0,92679.04
2020-04-05,2020,Rabi,Oilseeds,Madhya Pradesh,Bhopal,Rainfed,114.41,115.0,1186.0,135.69
2019-09-04,2019,Kharif,Rice,West Bengal,Darjeeling,Rainfed,179.98,165.0,3782.0,680.68
2023-07-07,2023,Kharif,Cotton,Maharashtra,Nashik,Tube Well,64.75,174.0,1397.0,90.46
2018-02-25,2018,Perennial,Tea,Assam,Cachar,Rainfed,215.69,168.0,2404.0,518.52
2019-03-03,2019,Rabi,Wheat,Uttar Pradesh,Varanasi,Rainfed,1233.39,117.0,3512.0,4331.67
2018-06-30,2018,Zaid,Coconut,Karnataka,Belgaum,Tube Well,226.1,162.0,15909.0,3597.02
2021-07-10,2021,Kharif,Cotton,Gujarat,Rajkot,Tube Well,661.96,158.0,618.0,409.09
2016-07-04,2016,Rabi,Oilseeds,Madhya Pradesh,Bhopal,Tube Well,362.66,97.0,3410.0,1236.67
2021-01-02,2021,Kharif,Cotton,Andhra Pradesh,Visakhapatnam,Canal,397.73,75.0,1170.0,465.34
2022-04-29,2022,Rabi,Wheat,Madhya Pradesh,Bhopal,Rainfed,498.49,143.0,2510.0,1251.21
2021-01-16,2021,Perennial,Sugarcane,Maharashtra,Pune,Drip,658.0,152.0,126599.0,83302.14
2016-12-06,2016,Perennial,Sugarcane,Maharashtra,Pune,Drip,441.84,135.0,110547.0,48844.09
2023-02-21,2023,Rabi,Oilseeds,Rajasthan,Jodhpur,Tube Well,485.31,82.0,2102.0,1020.12
2023-12-21,2023,Rabi,Potato,West Bengal,Darjeeling,Rainfed,315.17,92.0,14594.0,4599.59
2020-10-14,2020,Perennial,Tea,West Bengal,Kolkata,Rainfed,711.07,156.0,1850.0,1315.48
2023-12-26,2023,Rabi,Wheat,Madhya Pradesh,Bhopal,Tube Well,766.22,194.0,3671.0,2812.79
2016-02-09,2016,Kharif,Maize,Karnataka,Bangalore,Drip,804.56,192.0,5214.0,4194.98
2016-08-09,2016,Rabi,Wheat,Uttar Pradesh,Varanasi,Tube Well,633.42,128.0,4908.0,3108.83
2023-12-27,2023,Kharif,Pulses,Madhya Pradesh,Bhopal,Tube Well,600.57,183.0,2200.0,1321.25
2021-10-05,2021,Rabi,Pulses,Rajasthan,Udaipur,Rainfed,568.38,54.0,1122.0,637.72
2016-12-27,2016,Rabi,Oilseeds,Maharashtra,Mumbai,Tube Well,430.33,179.0,2739.0,1178.67
2022-12-17,2022,Rabi,Pulses,Madhya Pradesh,Bhopal,Tube Well,567.05,121.0,2414.0,1368.86
2020-12-12,2020,Kharif,Pulses,Maharashtra,Nashik,Rainfed,570.37,167.0,1315.0,750.04
2025-10-19,2025,Kharif,Oilseeds,Rajasthan,Udaipur,Tube Well,574.78,51.0,2028.0,1165.65
2015-12-06,2015,Rabi,Oilseeds,Maharashtra,Nashik,Rainfed,391.04,180.0,2871.0,1122.68
2016-06-14,2016,Perennial,Sugarcane,Maharashtra,Nashik,Drip,1219.71,139.0,88388.0,107807.73
2016-01-30,2016,Rabi,Wheat,Bihar,Patna,Rainfed,579.04,86.0,3202.0,1854.09
2024-08-24,2024,Kharif,Cotton,Telangana,Hyderabad,Canal,324.44,102.0,990.0,321.2
2025-05-23,2025,Perennial,Sugarcane,Uttar Pradesh,Lucknow,Canal,634.86,80.0,95410.0,60571.99
2020-04-24,2020,Perennial,Sugarcane,Maharashtra,Nashik,Tube Well,458.66,114.0,115897.0,53157.32
2020-09-24,2020,Kharif,Oilseeds,Rajasthan,Jaipur,Rainfed,110.91,100.0,2956.0,327.85
2025-10-31,2025,Kharif,Cotton,Andhra Pradesh,Guntur,Canal,91.51,130.0,1483.0,135.71
2018-07-23,2018,Zaid,Coconut,Andhra Pradesh,Chittoor,Rainfed,392.92,172.0,5916.0,2324.51
2019-10-25,2019,Perennial,Apple,Jammu and Kashmir,Srinagar,Rainfed,188.89,197.0,8438.0,1593.85
2015-04-08,2015,Perennial,Coffee,Tamil Nadu,Chennai,Tube Well,404.38,88.0,1126.0,455.33
2019-01-19,2019,Perennial,Tea,Assam,Cachar,Rainfed,21.0,66.0,1931.0,40.55
2017-04-14,2017,Rabi,Pulses,Madhya Pradesh,Bhopal,Tube Well,467.41,109.0,1814.0,847.88
2020-11-06,2020,Rabi,Pulses,Uttar Pradesh,Lucknow,Rainfed,225.78,72.0,1768.0,399.18
2022-06-29,2022,Kharif,Maize,Madhya Pradesh,Bhopal,Tube Well,176.69,175.0,4522.0,798.99
2018-04-17,2018,Kharif,Pulses,Maharashtra,Mumbai,Tube Well,165.77,125.0,1468.0,243.35
2019-07-10,2019,Rabi,Wheat,Bihar,Gaya,Tube Well,525.23,143.0,3326.0,1746.91
2024-11-07,2024,Rabi,Potato,Punjab,Patiala,Tube Well,151.79,73.0,29932.0,4543.38
2016-01-19,2016,Rabi,Pulses,Uttar Pradesh,Kanpur,Rainfed,391.97,162.0,1496.0,586.39
2022-04-23,2022,Zaid,Coconut,Karnataka,Mysore,Tube Well,502.36,196.0,6122.0,3075.45
2019-06-21,2019,Kharif,Cotton,Telangana,Warangal,Canal,159.26,122.0,1399.0,222.8
2017-07-06,2017,Rabi,Pulses,Maharashtra,Nashik,Tube Well,585.65,194.0,1828.0,1070.57
2021-07-02,2021,Kharif,Oilseeds,Gujarat,Vadodara,Tube Well,417.85,55.0,1767.0,738.34
2022-11-13,2022,Rabi,Oilseeds,Rajasthan,Jaipur,Rainfed,603.81,55.0,1241.0,749.33
2020-01-06,2020,Zaid,Coconut,Karnataka,Belgaum,Drip,876.44,194.0,18625.0,16323.7
2019-11-20,2019,Rabi,Wheat,Madhya Pradesh,Bhopal,Rainfed,794.36,155.0,4230.0,3360.14
2016-02-27,2016,Perennial,Coffee,Karnataka,Bangalore,Tube Well,586.51,78.0,700.0,410.56
2018-06-28,2018,Kharif,Rice,Telangana,Warangal,Canal,522.1,105.0,3594.0,1876.43
2021-05-27,2021,Rabi,Potato,Bihar,Purnia,Rainfed,947.18,126.0,23766.0,22510.68
2024-12-04,2024,Kharif,Cotton,Telangana,Hyderabad,Rainfed,365.64,155.0,1020.0,372.95
2023-01-06,2023,Rabi,Wheat,Uttar Pradesh,Varanasi,Rainfed,837.97,176.0,3195.0,2677.31
2018-11-04,2018,Perennial,Apple,Jammu and Kashmir,Srinagar,Rainfed,157.84,62.0,9847.0,1554.25
2022-11-22,2022,Rabi,Oilseeds,Gujarat,Ahmedabad,Rainfed,659.57,148.0,2589.0,1707.63
2015-11-28,2015,Perennial,Coffee,Kerala,Ernakulam,Drip,73.81,122.0,2074.0,153.08
2024-09-10,2024,Kharif,Maize,Maharashtra,Mumbai,Rainfed,1021.09,140.0,5496.0,5611.91
2016-10-14,2016,Perennial,Apple,Jammu and Kashmir,Srinagar,Rainfed,394.26,126.0,6327.0,2494.48
2025-04-17,2025,Kharif,Oilseeds,Rajasthan,Jaipur,Tube Well,55.36,118.0,3182.0,176.16
2017-01-09,2017,Perennial,Apple,Jammu and Kashmir,Srinagar,Rainfed,322.41,81.0,5426.0,1749.4
2018-06-17,2018,Kharif,Oilseeds,Rajasthan,Jaipur,Tube Well,176.8,121.0,2633.0,465.51
2019-11-14,2019,Kharif,Maize,Andhra Pradesh,Guntur,Tube Well,245.08,78.0,5563.0,1363.38
2017-03-25,2017,Rabi,Oilseeds,Madhya Pradesh,Bhopal,Rainfed,557.76,57.0,2333.0,1301.25
2015-02-11,2015,Perennial,Apple,Jammu and Kashmir,Srinagar,Rainfed,27.21,106.0,5120.0,139.32
2017-11-01,2017,Kharif,Cotton,Maharashtra,Nagpur,Tube Well,607.58,54.0,1275.0,774.66
2020-10-01,2020,Kharif,Oilseeds,Rajasthan,Jodhpur,Rainfed,11.0,134.0,2447.0,26.92
2024-06-22,2024,Perennial,Coffee,Kerala,Ernakulam,Drip,447.97,61.0,679.0,304.17
2021-03-29,2021,Kharif,Maize,Andhra Pradesh,Visakhapatnam,Rainfed,559.88,116.0,3546.0,1985.33
2016-07-06,2016,Kharif,Pulses,Uttar Pradesh,Kanpur,Rainfed,1374.07,197.0,987.0,1356.21
2021-09-24,2021,Rabi,Oilseeds,Maharashtra,Mumbai,Drip,939.15,51.0,3171.0,2978.04
2018-07-09,2018,Kharif,Pulses,Madhya Pradesh,Bhopal,Tube Well,109.54,105.0,1283.0,140.54
2024-03-02,2024,Perennial,Apple,Himachal Pradesh,Shimla,Rainfed,183.72,151.0,5902.0,1084.32
2018-07-20,2018,Zaid,Coconut,Kerala,Kozhikode,Rainfed,745.95,74.0,4814.0,3591.0
2020-09-01,2020,Rabi,Wheat,Uttar Pradesh,Kanpur,Rainfed,1090.75,134.0,3279.0,3576.57
2020-01-16,2020,Perennial,Sugarcane,Uttar Pradesh,Varanasi,Tube Well,895.47,89.0,92698.0,83008.28
2017-03-20,2017,Rabi,Pulses,Rajasthan,Jodhpur,Tube Well,395.76,83.0,1343.0,531.51
2018-07-19,2018,Kharif,Pulses,Maharashtra,Pune,Drip,523.55,184.0,3061.0,1602.59
2024-03-10,2024,Kharif,Cotton,Telangana,Hyderabad,Rainfed,530.83,80.0,1034.0,548.88
2020-11-15,2020,Rabi,Wheat,Haryana,Faridabad,Tube Well,1082.61,106.0,3362.0,3639.73
2017-05-20,2017,Kharif,Pulses,Rajasthan,Jodhpur,Tube Well,98.0,75.0,1654.0,162.09
2018-10-26,2018,Perennial,Apple,Himachal Pradesh,Kangra,Rainfed,485.22,93.0,9938.0,4822.12
2015-11-12,2015,Zaid,Coconut,Kerala,Thrissur,Rainfed,199.1,94.0,9840.0,1959.14
2020-02-15,2020,Kharif,Cotton,Gujarat,Ahmedabad,Rainfed,542.81,99.0,734.0,398.42
2020-10-26,2020,Rabi,Oilseeds,Rajasthan,Jodhpur,Tube Well,25.67,146.0,2869.0,73.65
2017-10-09,2017,Zaid,Coconut,Andhra Pradesh,Visakhapatnam,Tube Well,664.91,161.0,10259.0,6821.31
2023-11-26,2023,Perennial,Sugarcane,Karnataka,Bangalore,Tube Well,426.23,127.0,116972.0,49856.98
2023-02-28,2023,Perennial,Apple,Himachal Pradesh,Kangra,Rainfed,132.38,142.0,11252.0,1489.54
2018-10-07,2018,Rabi,Oilseeds,Rajasthan,Jaipur,Tube Well,690.01,172.0,3799.0,2621.35
2019-08-09,2019,Zaid,Coconut,Tamil Nadu,Coimbatore,Canal,476.67,200.0,6911.0,3294.27
2018-04-15,2018,Rabi,Pulses,Madhya Pradesh,Bhopal,Tube Well,337.29,118.0,2463.0,830.75
2021-06-28,2021,Rabi,Pulses,Uttar Pradesh,Varanasi,Tube Well,700.02,190.0,2625.0,1837.55
2018-05-05,2018,Kharif,Oilseeds,Madhya Pradesh,Bhopal,Rainfed,101.76,124.0,2725.0,277.3
2016-08-24,2016,Kharif,Maize,Telangana,Nizamabad,Canal,359.86,167.0,5066.0,1823.05
2018-04-16,2018,Rabi,Oilseeds,Maharashtra,Pune,Rainfed,443.96,136.0,1611.0,715.22
2018-05-15,2018,Kharif,Cotton,Telangana,Warangal,Tube Well,423.96,183.0,1724.0,730.91
2017-06-10,2017,Kharif,Pulses,Uttar Pradesh,Varanasi,Rainfed,1286.37,117.0,1980.0,2547.01
2025-05-15,2025,Zaid,Coconut,Karnataka,Mysore,Drip,220.14,154.0,8777.0,1932.17
2024-01-28,2024,Kharif,Oilseeds,Madhya Pradesh,Bhopal,Tube Well,490.11,120.0,2446.0,1198.81
2016-01-21,2016,Rabi,Wheat,Punjab,Amritsar,Tube Well,66.08,179.0,3345.0,221.04
2017-11-06,2017,Rabi,Potato,West Bengal,Darjeeling,Rainfed,355.3,199.0,17818.0,6330.74
2015-03-20,2015,Perennial,Sugarcane,Uttar Pradesh,Varanasi,Rainfed,714.26,86.0,57151.0,40820.67
2020-06-12,2020,Rabi,Pulses,Rajasthan,Jaipur,Tube Well,61.25,121.0,1178.0,72.15
2021-10-17,2021,Kharif,Rice,Telangana,Nizamabad,Tube Well,494.13,62.0,4402.0,2175.16
2019-06-27,2019,Rabi,Pulses,Maharashtra,Pune,Rainfed,410.32,71.0,1021.0,418.94
2017-09-23,2017,Perennial,Tea,Kerala,Kozhikode,Rainfed,794.32,189.0,2862.0,2273.34
2021-01-16,2021,Perennial,Apple,Himachal Pradesh,Kangra,Rainfed,319.18,132.0,10638.0,3395.44
2019-07-02,2019,Rabi,Wheat,Bihar,Gaya,Rainfed,251.73,109.0,2735.0,688.48
2020-11-23,2020,Kharif,Maize,Madhya Pradesh,Bhopal,Tube Well,91.11,151.0,7934.0,722.87
2019-08-19,2019,Perennial,Tea,Kerala,Thrissur,Rainfed,42.17,134.0,2030.0,85.61
2018-08-23,2018,Kharif,Maize,Andhra Pradesh,Krishna,Tube Well,118.02,93.0,4223.0,498.4
2023-11-14,2023,Rabi,Pulses,Maharashtra,Nashik,Rainfed,887.28,84.0,1343.0,1191.62
2020-08-03,2020,Rabi,Potato,Bihar,Muzaffarpur,Canal,856.44,139.0,26606.0,22786.44
2022-04-20,2022,Kharif,Rice,Odisha,Bhubaneswar,Canal,149.49,78.0,5443.0,813.67
2017-09-30,2017,Kharif,Pulses,Uttar Pradesh,Lucknow,Rainfed,609.18,71.0,1531.0,932.65
2016-09-04,2016,Kharif,Pulses,Madhya Pradesh,Bhopal,Tube Well,289.85,98.0,1569.0,454.77
2023-10-11,2023,Rabi,Wheat,Bihar,Muzaffarpur,Tube Well,648.07,179.0,4252.0,2755.59
2015-04-27,2015,Perennial,Coffee,Kerala,Ernakulam,Rainfed,154.32,56.0,928.0,143.21
2020-01-15,2020,Kharif,Cotton,Telangana,Nizamabad,Canal,858.45,175.0,1107.0,950.3
2021-08-08,2021,Perennial,Tea,Assam,Tinsukia,Rainfed,585.56,143.0,1240.0,726.09
2019-12-11,2019,Kharif,Pulses,Maharashtra,Nashik,Rainfed,1242.04,56.0,1718.0,2133.82
2020-07-31,2020,Rabi,Potato,West Bengal,Darjeeling,Canal,312.33,140.0,33207.0,10371.54
2020-09-18,2020,Kharif,Maize,Bihar,Purnia,Rainfed,591.84,114.0,4476.0,2649.08
2016-04-10,2016,Perennial,Sugarcane,Tamil Nadu,Madurai,Canal,808.17,176.0,117907.0,95288.9
2020-02-01,2020,Zaid,Coconut,Tamil Nadu,Coimbatore,Tube Well,784.94,186.0,8346.0,6551.11
2021-12-10,2021,Rabi,Oilseeds,Madhya Pradesh,Bhopal,Rainfed,26.86,93.0,2015.0,54.12
2016-10-21,2016,Perennial,Sugarcane,Uttar Pradesh,Varanasi,Canal,1497.45,168.0,129485.0,193897.31
2024-09-11,2024,Rabi,Pulses,Maharashtra,Pune,Drip,1207.2,96.0,1966.0,2373.36
2020-10-23,2020,Perennial,Tea,Kerala,Kozhikode,Rainfed,104.6,94.0,1685.0,176.25
2023-01-11,2023,Zaid,Coconut,Andhra Pradesh,Guntur,Rainfed,656.84,79.0,7331.0,4815.29
2024-02-26,2024,Perennial,Coffee,Kerala,Kozhikode,Drip,258.5,152.0,1899.0,490.89
2020-07-11,2020,Rabi,Potato,Uttar Pradesh,Lucknow,Tube Well,1319.55,89.0,31075.0,41005.02
2022-05-25,2022,Kharif,Maize,Madhya Pradesh,Bhopal,Rainfed,561.04,120.0,5387.0,3022.32
2018-01-03,2018,Rabi,Potato,Uttar Pradesh,Lucknow,Rainfed,343.04,172.0,16708.0,5731.51
2019-10-04,2019,Kharif,Oilseeds,Gujarat,Ahmedabad,Tube Well,50.29,169.0,3183.0,160.07
2017-06-09,2017,Rabi,Potato,West Bengal,Kolkata,Rainfed,328.0,178.0,28914.0,9483.79
2023-03-27,2023,Rabi,Oilseeds,Gujarat,Vadodara,Rainfed,55.38,74.0,2003.0,110.93
2025-03-07,2025,Rabi,Oilseeds,Maharashtra,Nashik,Tube Well,192.29,138.0,3459.0,665.13
2022-12-08,2022,Kharif,Pulses,Rajasthan,Jaipur,Rainfed,448.94,187.0,2093.0,939.63
2017-02-24,2017,Kharif,Pulses,Uttar Pradesh,Varanasi,Rainfed,1120.18,56.0,919.0,1029.45
2023-10-01,2023,Rabi,Wheat,Madhya Pradesh,Bhopal,Rainfed,379.73,169.0,2911.0,1105.39
2018-06-28,2018,Perennial,Coffee,Tamil Nadu,Madurai,Drip,664.31,87.0,1479.0,982.51
2023-04-22,2023,Kharif,Cotton,Maharashtra,Nagpur,Rainfed,211.09,150.0,682.0,143.96
2018-12-28,2018,Rabi,Potato,Bihar,Patna,Tube Well,323.63,158.0,40313.0,13046.5
2022-11-10,2022,Zaid,Coconut,Kerala,Ernakulam,Drip,573.18,189.0,8871.0,5084.68
2016-10-23,2016,Rabi,Oilseeds,Gujarat,Vadodara,Tube Well,444.22,126.0,2271.0,1008.82
2022-11-30,2022,Kharif,Rice,Tamil Nadu,Madurai,Canal,390.2,177.0,7498.0,2925.72
2019-10-02,2019,Rabi,Pulses,Uttar Pradesh,Varanasi,Canal,299.05,57.0,1250.0,373.81
2020-07-28,2020,Kharif,Maize,Madhya Pradesh,Bhopal,Rainfed,479.91,113.0,4405.0,2114.0
2019-02-27,2019,Perennial,Apple,Himachal Pradesh,Kangra,Rainfed,406.67,116.0,8291.0,3371.7
2017-02-11,2017,Kharif,Rice,Chhattisgarh,Raipur,Rainfed,333.92,131.0,4632.0,1546.72
2016-09-24,2016,Kharif,Maize,Maharashtra,Mumbai,Tube Well,159.05,122.0,5147.0,818.63
2018-02-04,2018,Kharif,Pulses,Rajasthan,Jaipur,Tube Well,588.47,195.0,1474.0,867.4
2020-07-17,2020,Kharif,Pulses,Madhya Pradesh,Bhopal,Tube Well,66.4,62.0,2261.0,150.13
2023-10-14,2023,Zaid,Coconut,Kerala,Thrissur,Drip,382.66,90.0,8828.0,3378.12
2018-02-02,2018,Kharif,Pulses,Maharashtra,Nagpur,Drip,346.79,195.0,2725.0,945.0
2019-08-16,2019,Kharif,Oilseeds,Rajasthan,Udaipur,Tube Well,656.06,117.0,2062.0,1352.8
2025-02-13,2025,Rabi,Wheat,Madhya Pradesh,Bhopal,Rainfed,592.66,136.0,2486.0,1473.35
2021-10-24,2021,Kharif,Oilseeds,Maharashtra,Pune,Drip,740.67,62.0,3334.0,2469.39
2019-01-11,2019,Kharif,Oilseeds,Madhya Pradesh,Bhopal,Tube Well,537.53,93.0,1388.0,746.09
2019-09-01,2019,Perennial,Tea,West Bengal,Kolkata,Canal,590.67,56.0,1819.0,1074.43
2022-10-29,2022,Zaid,Coconut,Kerala,Thrissur,Rainfed,126.6,71.0,9604.0,1215.87
2020-06-17,2020,Perennial,Sugarcane,Uttar Pradesh,Varanasi,Rainfed,1066.56,145.0,80975.0,86364.7
2024-09-16,2024,Perennial,Apple,Himachal Pradesh,Shimla,Rainfed,251.41,165.0,13169.0,3310.82
2021-07-02,2021,Rabi,Pulses,Rajasthan,Jaipur,Rainfed,447.67,181.0,1000.0,447.67
2017-08-14,2017,Kharif,Rice,Uttar Pradesh,Kanpur,Rainfed,77.35,88.0,4115.0,318.3
2021-03-28,2021,Zaid,Coconut,Karnataka,Bangalore,Canal,164.82,100.0,7096.0,1169.56
2017-04-14,2017,Perennial,Sugarcane,Tamil Nadu,Coimbatore,Canal,652.41,135.0,126971.0,82837.15
2021-08-21,2021,Zaid,Coconut,Kerala,Kozhikode,Rainfed,372.95,63.0,7861.0,2931.76
2018-04-26,2018,Rabi,Pulses,Rajasthan,Jodhpur,Rainfed,166.54,171.0,1886.0,314.09
2023-03-16,2023,Kharif,Oilseeds,Maharashtra,Pune,Drip,320.58,122.0,2039.0,653.66
2023-04-27,2023,Perennial,Coffee,Karnataka,Hubli,Tube Well,698.51,195.0,1328.0,927.62
2017-07-02,2017,Zaid,Coconut,Kerala,Thrissur,Rainfed,56.58,68.0,9712.0,549.5
2023-12-09,2023,Perennial,Coffee,Kerala,Thrissur,Rainfed,353.06,70.0,1321.0,466.39
2022-11-19,2022,Kharif,Rice,Tamil Nadu,Madurai,Canal,580.18,102.0,3550.0,2059.64
2017-12-02,2017,Kharif,Oilseeds,Maharashtra,Nashik,Tube Well,407.5,81.0,3159.0,1287.29
2024-02-23,2024,Kharif,Rice,Chhattisgarh,Raipur,Rainfed,576.18,154.0,2528.0,1456.58
2023-08-03,2023,Zaid,Coconut,Karnataka,Mysore,Drip,71.88,192.0,11887.0,854.44
2017-09-20,2017,Kharif,Rice,West Bengal,Kolkata,Canal,953.7,63.0,5930.0,5655.44
2022-05-05,2022,Kharif,Cotton,Gujarat,Rajkot,Tube Well,870.68,86.0,1425.0,1240.72
2015-05-12,2015,Perennial,Coffee,Kerala,Ernakulam,Rainfed,362.54,86.0,769.0,278.79
2018-06-21,2018,Kharif,Rice,Andhra Pradesh,Krishna,Rainfed,1110.12,126.0,2674.0,2968.46
2025-07-01,2025,Perennial,Sugarcane,Tamil Nadu,Madurai,Tube Well,775.44,118.0,75084.0,58223.14
2025-04-02,2025,Kharif,Rice,Odisha,Bhubaneswar,Rainfed,838.63,159.0,3774.0,3164.99
2024-12-13,2024,Perennial,Tea,West Bengal,Howrah,Rainfed,525.12,160.0,1250.0,656.4
2018-03-10,2018,Rabi,Oilseeds,Maharashtra,Pune,Drip,594.34,136.0,2511.0,1492.39
2015-10-21,2015,Perennial,Sugarcane,Uttar Pradesh,Kanpur,Canal,800.81,139.0,71882.0,57563.82
2022-05-12,2022,Perennial,Sugarcane,Uttar Pradesh,Lucknow,Canal,107.49,176.0,94606.0,10169.2
2018-02-24,2018,Kharif,Pulses,Uttar Pradesh,Lucknow,Canal,1363.66,110.0,2527.0,3445.97
2022-02-03,2022,Kharif,Rice,Tamil Nadu,Madurai,Canal,737.81,52.0,4025.0,2969.69
2021-09-13,2021,Kharif,Pulses,Madhya Pradesh,Bhopal,Tube Well,497.89,82.0,1087.0,541.21
2023-05-13,2023,Rabi,Wheat,Uttar Pradesh,Varanasi,Rainfed,1390.43,55.0,2994.0,4162.95
2024-07-20,2024,Perennial,Coffee,Karnataka,Hubli,Tube Well,1093.06,109.0,1872.0,2046.21
2024-08-19,2024,Rabi,Potato,Bihar,Purnia,Rainfed,171.76,104.0,19214.0,3300.2
2019-04-14,2019,Rabi,Pulses,Uttar Pradesh,Kanpur,Canal,1126.01,65.0,1915.0,2156.31
2016-03-13,2016,Kharif,Cotton,Andhra Pradesh,Guntur,Rainfed,700.13,163.0,1253.0,877.26
2021-05-13,2021,Perennial,Sugarcane,Tamil Nadu,Coimbatore,Drip,512.49,133.0,103417.0,53000.18
2021-08-31,2021,Perennial,Tea,Assam,Tinsukia,Rainfed,782.31,84.0,1919.0,1501.25
2024-11-13,2024,Kharif,Cotton,Gujarat,Surat,Tube Well,1021.81,164.0,1063.0,1086.18
2017-01-23,2017,Rabi,Oilseeds,Maharashtra,Nashik,Tube Well,908.81,150.0,4035.0,3667.05
2021-10-25,2021,Kharif,Rice,Andhra Pradesh,Visakhapatnam,Canal,465.38,79.0,4458.0,2074.66
2024-09-14,2024,Rabi,Potato,Punjab,Ludhiana,Canal,1002.4,197.0,43033.0,43136.28
2022-08-26,2022,Rabi,Pulses,Maharashtra,Mumbai,Drip,695.89,77.0,1856.0,1291.57
2022-10-25,2022,Kharif,Cotton,Maharashtra,Pune,Drip,331.69,166.0,1439.0,477.3
2019-02-20,2019,Rabi,Wheat,Haryana,Karnal,Tube Well,636.03,195.0,4113.0,2615.99
2023-12-12,2023,Kharif,Oilseeds,Rajasthan,Jodhpur,Rainfed,156.43,159.0,3108.0,486.18
2020-09-13,2020,Rabi,Oilseeds,Gujarat,Rajkot,Rainfed,605.5,150.0,2477.0,1499.82
2023-09-14,2023,Rabi,Wheat,Uttar Pradesh,Kanpur,Canal,1083.15,185.0,3109.0,3367.51
2020-10-21,2020,Kharif,Rice,Odisha,Bhubaneswar,Rainfed,42.62,90.0,1990.0,84.81
2024-04-21,2024,Zaid,Coconut,Kerala,Ernakulam,Rainfed,614.65,92.0,9180.0,5642.49
2016-06-18,2016,Zaid,Coconut,Karnataka,Belgaum,Canal,31.79,146.0,7029.0,223.45
2016-02-08,2016,Kharif,Maize,Maharashtra,Mumbai,Drip,677.29,182.0,8135.0,5509.75
2019-04-20,2019,Kharif,Pulses,Madhya Pradesh,Bhopal,Rainfed,463.05,143.0,1266.0,586.22
2021-07-23,2021,Zaid,Coconut,Karnataka,Belgaum,Canal,839.76,197.0,12906.0,10837.94
2018-05-20,2018,Perennial,Apple,Himachal Pradesh,Shimla,Rainfed,382.9,83.0,6470.0,2477.36
2018-02-24,2018,Kharif,Pulses,Maharashtra,Nagpur,Tube Well,548.52,174.0,1572.0,862.27
2025-09-16,2025,Kharif,Cotton,Maharashtra,Pune,Rainfed,95.62,189.0,862.0,82.42
2015-06-21,2015,Kharif,Rice,Bihar,Muzaffarpur,Tube Well,696.57,114.0,5184.0,3611.02
2016-09-11,2016,Rabi,Potato,Punjab,Patiala,Tube Well,771.37,194.0,19425.0,14983.86
2022-07-25,2022,Kharif,Pulses,Madhya Pradesh,Bhopal,Rainfed,273.12,80.0,1085.0,296.34
2019-06-01,2019,Kharif,Rice,Telangana,Nizamabad,Tube Well,219.04,193.0,3876.0,849.0
2019-10-17,2019,Rabi,Wheat,Punjab,Ludhiana,Tube Well,188.44,185.0,5441.0,1025.3
2019-04-10,2019,Rabi,Oilseeds,Gujarat,Ahmedabad,Rainfed,361.22,60.0,2108.0,761.45
2021-05-10,2021,Kharif,Pulses,Rajasthan,Jaipur,Tube Well,326.36,128.0,1811.0,591.04
2023-10-31,2023,Rabi,Potato,Uttar Pradesh,Kanpur,Rainfed,721.64,129.0,30160.0,21764.66
2018-06-17,2018,Rabi,Oilseeds,Rajasthan,Jaipur,Tube Well,412.09,59.0,2894.0,1192.59
2025-07-01,2025,Kharif,Cotton,Andhra Pradesh,Guntur,Canal,441.34,56.0,1391.0,613.9
2021-08-09,2021,Kharif,Oilseeds,Maharashtra,Pune,Drip,1196.67,51.0,2749.0,3289.65
2020-04-29,2020,Perennial,Tea,West Bengal,Darjeeling,Canal,550.5,129.0,1677.0,923.19
2017-09-16,2017,Kharif,Maize,Karnataka,Belgaum,Drip,471.86,120.0,7162.0,3379.46
2022-07-16,2022,Zaid,Coconut,Tamil Nadu,Madurai,Tube Well,62.5,191.0,8274.0,517.12
2017-08-25,2017,Perennial,Apple,Jammu and Kashmir,Srinagar,Rainfed,243.62,101.0,8390.0,2043.97
2020-06-27,2020,Kharif,Cotton,Andhra Pradesh,Chittoor,Tube Well,727.41,149.0,1113.0,809.61
2023-01-07,2023,Kharif,Cotton,Gujarat,Surat,Rainfed,704.11,51.0,474.0,333.75
2017-06-22,2017,Rabi,Wheat,Madhya Pradesh,Bhopal,Tube Well,711.2,150.0,2817.0,2003.45
2017-03-02,2017,Perennial,Tea,Kerala,Kozhikode,Rainfed,612.69,187.0,1709.0,1047.09
2015-02-09,2015,Perennial,Apple,Himachal Pradesh,Mandi,Rainfed,435.03,103.0,13182.0,5734.57
2022-10-29,2022,Zaid,Coconut,Kerala,Thrissur,Rainfed,56.94,97.0,4060.0,231.18
2024-09-24,2024,Kharif,Rice,Odisha,Bhubaneswar,Canal,293.13,144.0,3319.0,972.9
2024-01-08,2024,Rabi,Oilseeds,Rajasthan,Jaipur,Rainfed,229.91,99.0,2583.0,593.86
2017-08-09,2017,Rabi,Oilseeds,Rajasthan,Udaipur,Rainfed,463.36,110.0,1625.0,752.96
2016-04-30,2016,Rabi,Pulses,Madhya Pradesh,Bhopal,Tube Well,364.41,91.0,2396.0,873.13
2016-02-20,2016,Kharif,Rice,Assam,Cachar,Rainfed,624.2,102.0,3121.0,1948.13
2023-02-17,2023,Kharif,Rice,West Bengal,Kolkata,Canal,429.03,152.0,6343.0,2721.34
2025-06-21,2025,Zaid,Coconut,Tamil Nadu,Coimbatore,Tube Well,251.55,188.0,8908.0,2240.81
2018-03-12,2018,Rabi,Pulses,Uttar Pradesh,Kanpur,Canal,443.52,137.0,1232.0,546.42
2016-08-05,2016,Kharif,Oilseeds,Gujarat,Rajkot,Rainfed,227.14,52.0,2497.0,567.17
2018-10-02,2018,Kharif,Rice,West Bengal,Howrah,Rainfed,225.7,90.0,4648.0,1049.05
2025-05-23,2025,Perennial,Apple,Himachal Pradesh,Kangra,Rainfed,116.25,193.0,13983.0,1625.52
2016-07-21,2016,Zaid,Coconut,Tamil Nadu,Madurai,Tube Well,27.54,187.0,14886.0,409.96
2016-08-20,2016,Kharif,Maize,Andhra Pradesh,Visakhapatnam,Canal,862.14,67.0,3749.0,3232.16
2016-11-09,2016,Kharif,Rice,Odisha,Bhubaneswar,Rainfed,365.65,186.0,4879.0,1784.01
2024-05-17,2024,Kharif,Pulses,Uttar Pradesh,Varanasi,Canal,43.78,195.0,2116.0,92.64
2023-01-01,2023,Perennial,Apple,Himachal Pradesh,Mandi,Rainfed,191.3,99.0,9415.0,1801.09
2020-08-19,2020,Rabi,Oilseeds,Gujarat,Rajkot,Tube Well,1087.39,155.0,2895.0,3147.99
2020-04-16,2020,Rabi,Potato,Bihar,Patna,Canal,516.13,134.0,21619.0,11158.21
2024-08-09,2024,Rabi,Pulses,Maharashtra,Pune,Tube Well,1282.91,101.0,2073.0,2659.47
2018-08-06,2018,Kharif,Oilseeds,Madhya Pradesh,Bhopal,Rainfed,436.57,73.0,1498.0,653.98
2016-10-30,2016,Perennial,Apple,Himachal Pradesh,Kangra,Rainfed,481.77,105.0,10575.0,5094.72
2018-02-24,2018,Rabi,Wheat,Uttar Pradesh,Kanpur,Rainfed,310.68,189.0,2615.0,812.43
2021-03-18,2021,Kharif,Oilseeds,Maharashtra,Nashik,Drip,384.02,172.0,3654.0,1403.21
2023-04-03,2023,Kharif,Oilseeds,Gujarat,Vadodara,Tube Well,842.96,100.0,1745.0,1470.97
2024-04-13,2024,Rabi,Wheat,Haryana,Gurgaon,Canal,1381.68,132.0,3270.0,4518.09
2019-11-06,2019,Perennial,Apple,Jammu and Kashmir,Srinagar,Rainfed,331.87,111.0,5294.0,1756.92
2024-05-27,2024,Kharif,Rice,Telangana,Hyderabad,Canal,502.8,120.0,3236.0,1627.06
2019-12-31,2019,Perennial,Apple,Jammu and Kashmir,Srinagar,Rainfed,43.21,164.0,8096.0,349.83
2023-09-26,2023,Zaid,Coconut,Tamil Nadu,Chennai,Drip,407.17,131.0,8393.0,3417.38
2024-07-06,2024,Kharif,Maize,Madhya Pradesh,Bhopal,Tube Well,78.28,77.0,4828.0,377.94
2016-08-19,2016,Kharif,Cotton,Gujarat,Vadodara,Tube Well,380.42,90.0,551.0,209.61
2018-03-22,2018,Kharif,Oilseeds,Gujarat,Vadodara,Tube Well,317.96,135.0,3862.0,1227.96
2020-01-05,2020,Zaid,Coconut,Andhra Pradesh,Guntur,Rainfed,472.38,154.0,5385.0,2543.77
2019-02-19,2019,Kharif,Maize,Andhra Pradesh,Krishna,Tube Well,1006.36,126.0,6764.0,6807.02
2015-06-19,2015,Kharif,Pulses,Maharashtra,Nagpur,Drip,203.99,143.0,2138.0,436.13
2021-05-10,2021,Rabi,Pulses,Maharashtra,Nashik,Rainfed,404.82,168.0,1628.0,659.05
2016-09-11,2016,Zaid,Coconut,Tamil Nadu,Madurai,Drip,294.62,132.0,7048.0,2076.48
2024-01-14,2024,Kharif,Cotton,Telangana,Hyderabad,Canal,273.57,197.0,923.0,252.51
2017-02-14,2017,Rabi,Potato,Uttar Pradesh,Lucknow,Rainfed,547.33,85.0,24651.0,13492.23
2015-11-28,2015,Rabi,Pulses,Uttar Pradesh,Kanpur,Canal,374.02,188.0,2077.0,776.84
2017-05-13,2017,Rabi,Potato,Uttar Pradesh,Kanpur,Rainfed,1414.45,87.0,18502.0,26170.15
2022-04-09,2022,Perennial,Sugarcane,Tamil Nadu,Coimbatore,Drip,467.91,130.0,112079.0,52442.88
2024-04-10,2024,Kharif,Maize,Madhya Pradesh,Bhopal,Tube Well,100.15,118.0,5619.0,562.74
2016-04-02,2016,Perennial,Coffee,Karnataka,Belgaum,Canal,519.75,106.0,1743.0,905.92
2018-06-02,2018,Rabi,Potato,West Bengal,Howrah,Rainfed,211.03,194.0,28950.0,6109.32
2019-02-12,2019,Rabi,Oilseeds,Madhya Pradesh,Bhopal,Tube Well,180.74,91.0,2033.0,367.44
2018-07-11,2018,Rabi,Oilseeds,Rajasthan,Jaipur,Tube Well,206.68,151.0,3627.0,749.63
2018-03-17,2018,Rabi,Wheat,Uttar Pradesh,Varanasi,Tube Well,195.89,171.0,4338.0,849.77
2023-10-20,2023,Kharif,Maize,Karnataka,Belgaum,Tube Well,796.02,80.0,5953.0,4738.71
2021-07-08,2021,Rabi,Oilseeds,Maharashtra,Nashik,Tube Well,1031.61,196.0,4060.0,4188.34
2021-04-02,2021,Rabi,Wheat,Punjab,Ludhiana,Tube Well,597.48,132.0,3952.0,2361.24
2023-04-09,2023,Rabi,Wheat,Haryana,Hisar,Canal,967.7,187.0,5370.0,5196.55
2017-09-03,2017,Kharif,Maize,Madhya Pradesh,Bhopal,Tube Well,317.27,150.0,6740.0,2138.4
2017-03-26,2017,Perennial,Tea,Kerala,Kozhikode,Rainfed,139.62,147.0,1762.0,246.01
2022-03-15,2022,Rabi,Oilseeds,Maharashtra,Pune,Rainfed,522.35,102.0,2562.0,1338.26
2021-10-17,2021,Kharif,Rice,Odisha,Bhubaneswar,Rainfed,505.72,166.0,2567.0,1298.18
2018-07-30,2018,Rabi,Wheat,Haryana,Faridabad,Canal,66.98,54.0,3825.0,256.2
2019-05-21,2019,Zaid,Coconut,Kerala,Ernakulam,Rainfed,527.04,133.0,4587.0,2417.53
2021-08-08,2021,Zaid,Coconut,Andhra Pradesh,Visakhapatnam,Rainfed,893.7,55.0,4772.0,4264.74
2023-05-04,2023,Rabi,Oilseeds,Madhya Pradesh,Bhopal,Rainfed,689.38,96.0,2160.0,1489.06
2015-04-19,2015,Perennial,Tea,Kerala,Thrissur,Drip,91.19,64.0,1878.0,171.25
2021-11-27,2021,Kharif,Rice,Punjab,Ludhiana,Canal,10.14,187.0,4261.0,43.21
2019-03-14,2019,Rabi,Potato,West Bengal,Darjeeling,Canal,89.86,144.0,41509.0,3730.0
2024-01-19,2024,Perennial,Tea,Kerala,Thrissur,Drip,740.05,150.0,2323.0,1719.14
2020-05-15,2020,Perennial,Tea,Kerala,Thrissur,Drip,614.79,178.0,2900.0,1782.89
2022-09-10,2022,Rabi,Potato,Uttar Pradesh,Kanpur,Tube Well,1254.8,160.0,29021.0,36415.55
2023-12-03,2023,Perennial,Sugarcane,Karnataka,Mysore,Tube Well,573.55,69.0,63387.0,36355.61
2020-10-15,2020,Kharif,Pulses,Maharashtra,Pune,Drip,689.47,143.0,2386.0,1645.08
2021-12-04,2021,Perennial,Coffee,Karnataka,Hubli,Tube Well,335.37,197.0,1507.0,505.4
2017-12-08,2017,Kharif,Rice,Punjab,Patiala,Tube Well,1265.7,82.0,3847.0,4869.15
2019-05-01,2019,Kharif,Oilseeds,Madhya Pradesh,Bhopal,Tube Well,665.52,143.0,1544.0,1027.56
2019-08-11,2019,Kharif,Rice,Telangana,Warangal,Tube Well,359.03,135.0,3874.0,1390.88
2021-01-05,2021,Rabi,Potato,Bihar,Gaya,Tube Well,335.97,109.0,35591.0,11957.51
2022-06-11,2022,Kharif,Maize,Telangana,Nizamabad,Rainfed,667.15,193.0,4075.0,2718.64
2023-12-20,2023,Kharif,Rice,Chhattisgarh,Raipur,Rainfed,28.06,103.0,2646.0,74.25
2019-04-22,2019,Kharif,Rice,Tamil Nadu,Madurai,Canal,947.34,64.0,3227.0,3057.07
2018-10-05,2018,Kharif,Cotton,Andhra Pradesh,Guntur,Canal,541.04,194.0,1720.0,930.59
2016-11-25,2016,Rabi,Wheat,Punjab,Patiala,Canal,667.6,159.0,4969.0,3317.3
2020-05-30,2020,Rabi,Potato,Punjab,Amritsar,Tube Well,1006.93,101.0,35024.0,35266.72
2023-02-17,2023,Kharif,Oilseeds,Rajasthan,Jaipur,Tube Well,455.57,92.0,3525.0,1605.88
2020-04-12,2020,Zaid,Coconut,Tamil Nadu,Madurai,Drip,299.91,189.0,18249.0,5473.06
2023-02-08,2023,Perennial,Apple,Himachal Pradesh,Mandi,Rainfed,472.21,91.0,9599.0,4532.74
2019-04-30,2019,Zaid,Coconut,Andhra Pradesh,Visakhapatnam,Tube Well,1183.73,131.0,10436.0,12353.41
2018-09-08,2018,Kharif,Maize,Andhra Pradesh,Chittoor,Canal,635.93,82.0,7006.0,4455.33
2021-01-01,2021,Zaid,Coconut,Andhra Pradesh,Visakhapatnam,Canal,678.04,199.0,10366.0,7028.56
2022-07-19,2022,Kharif,Pulses,Madhya Pradesh,Bhopal,Tube Well,447.91,165.0,1169.0,523.61
2017-10-05,2017,Kharif,Cotton,Telangana,Nizamabad,Tube Well,442.35,135.0,895.0,395.9
2018-09-22,2018,Kharif,Maize,Madhya Pradesh,Bhopal,Rainfed,756.7,162.0,5672.0,4292.0
2023-11-02,2023,Perennial,Coffee,Karnataka,Bangalore,Canal,276.78,187.0,953.0,263.77
2019-07-26,2019,Kharif,Oilseeds,Gujarat,Surat,Rainfed,138.47,194.0,2979.0,412.5
2025-04-01,2025,Kharif,Cotton,Telangana,Nizamabad,Tube Well,837.3,168.0,1496.0,1252.6
2019-12-07,2019,Kharif,Oilseeds,Maharashtra,Nashik,Drip,284.82,177.0,1884.0,536.6
2022-06-06,2022,Perennial,Sugarcane,Uttar Pradesh,Varanasi,Tube Well,1126.24,110.0,70701.0,79626.29
2018-12-28,2018,Rabi,Oilseeds,Rajasthan,Jaipur,Rainfed,150.67,109.0,1406.0,211.84
2017-09-20,2017,Kharif,Oilseeds,Rajasthan,Jodhpur,Rainfed,672.53,171.0,1915.0,1287.89
2018-11-09,2018,Rabi,Wheat,Uttar Pradesh,Kanpur,Tube Well,1188.77,164.0,4329.0,5146.19
2025-04-17,2025,Rabi,Wheat,Rajasthan,Jaipur,Rainfed,643.92,185.0,3396.0,2186.75
2020-10-30,2020,Rabi,Oilseeds,Gujarat,Vadodara,Tube Well,1141.67,70.0,3237.0,3695.59
2020-01-08,2020,Kharif,Rice,Telangana,Nizamabad,Rainfed,85.14,154.0,2638.0,224.6
2015-10-22,2015,Perennial,Coffee,Kerala,Ernakulam,Rainfed,352.38,147.0,1287.0,453.51
2020-11-22,2020,Kharif,Pulses,Uttar Pradesh,Lucknow,Canal,975.67,170.0,2170.0,2117.2
2022-03-05,2022,Rabi,Oilseeds,Madhya Pradesh,Bhopal,Tube Well,643.94,54.0,2867.0,1846.18
2017-03-06,2017,Kharif,Rice,Odisha,Bhubaneswar,Rainfed,224.91,174.0,3399.0,764.47
2025-05-12,2025,Kharif,Pulses,Uttar Pradesh,Lucknow,Canal,1372.76,99.0,1799.0,2469.6
2022-06-26,2022,Kharif,Oilseeds,Gujarat,Rajkot,Tube Well,272.96,153.0,1466.0,400.16
2025-04-11,2025,Rabi,Pulses,Madhya Pradesh,Bhopal,Rainfed,694.28,142.0,1001.0,694.97
2024-11-07,2024,Kharif,Oilseeds,Madhya Pradesh,Bhopal,Tube Well,415.04,116.0,2278.0,945.46
2021-01-03,2021,Zaid,Coconut,Andhra Pradesh,Krishna,Canal,623.35,162.0,11530.0,7187.23
2017-12-11,2017,Kharif,Maize,Telangana,Hyderabad,Tube Well,342.86,194.0,4825.0,1654.3
2020-05-05,2020,Rabi,Oilseeds,Gujarat,Surat,Rainfed,133.17,99.0,2619.0,348.77
2015-04-21,2015,Perennial,Sugarcane,Uttar Pradesh,Lucknow,Tube Well,527.16,162.0,136963.0,72201.42
2017-06-06,2017,Rabi,Oilseeds,Madhya Pradesh,Bhopal,Rainfed,347.12,97.0,2159.0,749.43
2023-12-29,2023,Zaid,Coconut,Tamil Nadu,Coimbatore,Tube Well,532.13,177.0,6384.0,3397.12
2019-11-26,2019,Rabi,Oilseeds,Rajasthan,Jodhpur,Rainfed,519.98,116.0,2524.0,1312.43
2025-05-19,2025,Kharif,Oilseeds,Madhya Pradesh,Bhopal,Tube Well,288.14,117.0,1871.0,539.11
2017-02-07,2017,Perennial,Tea,Assam,Cachar,Rainfed,331.21,166.0,2329.0,771.39
2018-08-23,2018,Kharif,Maize,Telangana,Warangal,Tube Well,816.43,124.0,5681.0,4638.14
2020-05-06,2020,Rabi,Potato,Punjab,Patiala,Tube Well,1131.33,90.0,13747.0,15552.39
2024-06-10,2024,Zaid,Coconut,Kerala,Ernakulam,Rainfed,28.06,199.0,7278.0,204.22
2025-05-09,2025,Kharif,Maize,Telangana,Nizamabad,Tube Well,732.76,143.0,5839.0,4278.59
2021-09-02,2021,Kharif,Pulses,Madhya Pradesh,Bhopal,Rainfed,792.06,147.0,1809.0,1432.84
2022-05-09,2022,Rabi,Oilseeds,Rajasthan,Udaipur,Tube Well,658.44,147.0,1739.0,1145.03
2015-04-16,2015,Perennial,Tea,Kerala,Thrissur,Rainfed,670.41,183.0,1630.0,1092.77
2024-09-23,2024,Perennial,Sugarcane,Tamil Nadu,Madurai,Canal,695.8,78.0,68653.0,47768.76
2020-07-19,2020,Rabi,Wheat,Punjab,Patiala,Canal,424.51,59.0,3948.0,1675.97
2020-06-21,2020,Rabi,Potato,Uttar Pradesh,Lucknow,Rainfed,985.1,108.0,19571.0,19279.39
2019-09-30,2019,Perennial,Tea,Assam,Cachar,Rainfed,559.52,135.0,2520.0,1409.99
2016-06-16,2016,Kharif,Oilseeds,Maharashtra,Nagpur,Tube Well,373.21,93.0,3099.0,1156.58
2022-11-27,2022,Kharif,Cotton,Telangana,Warangal,Canal,237.24,153.0,1479.0,350.88
2015-11-16,2015,Zaid,Coconut,Andhra Pradesh,Guntur,Tube Well,482.34,61.0,6247.0,3013.18
2019-12-28,2019,Perennial,Sugarcane,Tamil Nadu,Chennai,Drip,708.85,169.0,98005.0,69470.84
2018-08-09,2018,Perennial,Apple,Jammu and Kashmir,Srinagar,Rainfed,124.29,158.0,11088.0,1378.13
2019-07-21,2019,Rabi,Potato,Bihar,Patna,Tube Well,560.11,82.0,12566.0,7038.34
2022-10-24,2022,Kharif,Cotton,Telangana,Hyderabad,Tube Well,810.32,95.0,1374.0,1113.38
2018-01-28,2018,Rabi,Potato,Bihar,Purnia,Canal,302.15,171.0,38087.0,11507.99
2017-05-09,2017,Kharif,Rice,Assam,Dibrugarh,Rainfed,773.12,166.0,2410.0,1863.22
2022-04-28,2022,Kharif,Cotton,Maharashtra,Pune,Rainfed,620.62,172.0,1208.0,749.71
2024-03-09,2024,Zaid,Coconut,Andhra Pradesh,Visakhapatnam,Tube Well,130.08,98.0,5087.0,661.72
2017-11-23,2017,Kharif,Cotton,Andhra Pradesh,Krishna,Canal,75.5,195.0,761.0,57.46
2022-02-15,2022,Perennial,Sugarcane,Maharashtra,Mumbai,Tube Well,446.89,157.0,73670.0,32922.39
2017-08-24,2017,Rabi,Potato,Punjab,Patiala,Tube Well,395.55,60.0,22971.0,9086.18
2019-06-12,2019,Rabi,Pulses,Madhya Pradesh,Bhopal,Rainfed,676.53,122.0,1792.0,1212.34
2022-08-05,2022,Kharif,Maize,Bihar,Patna,Tube Well,740.26,150.0,4879.0,3611.73
2022-10-11,2022,Kharif,Rice,Andhra Pradesh,Visakhapatnam,Tube Well,1062.61,75.0,5210.0,5536.2
2016-09-05,2016,Kharif,Oilseeds,Maharashtra,Mumbai,Rainfed,770.14,185.0,1566.0,1206.04
2022-12-12,2022,Perennial,Tea,West Bengal,Kolkata,Canal,484.65,163.0,3657.0,1772.37
2023-12-30,2023,Perennial,Tea,Kerala,Thrissur,Drip,223.75,62.0,2919.0,653.13
2017-06-07,2017,Rabi,Wheat,Madhya Pradesh,Bhopal,Rainfed,470.66,187.0,3984.0,1875.11
2017-12-29,2017,Kharif,Pulses,Madhya Pradesh,Bhopal,Tube Well,498.24,111.0,1948.0,970.57
2022-04-17,2022,Perennial,Coffee,Tamil Nadu,Chennai,Tube Well,438.31,118.0,970.0,425.16
2015-11-05,2015,Kharif,Rice,Andhra Pradesh,Guntur,Rainfed,1124.55,167.0,2619.0,2945.2
2021-10-06,2021,Kharif,Pulses,Maharashtra,Nashik,Rainfed,835.54,147.0,1453.0,1214.04
2020-11-24,2020,Rabi,Pulses,Uttar Pradesh,Kanpur,Rainfed,1257.85,116.0,1307.0,1644.01
2024-01-23,2024,Perennial,Tea,Kerala,Thrissur,Rainfed,500.11,89.0,1952.0,976.21
2019-01-17,2019,Kharif,Maize,Maharashtra,Nagpur,Tube Well,418.33,128.0,4667.0,1952.35
2022-11-08,2022,Kharif,Oilseeds,Madhya Pradesh,Bhopal,Rainfed,591.93,137.0,2244.0,1328.29
2022-04-22,2022,Perennial,Sugarcane,Karnataka,Bangalore,Drip,260.98,145.0,125943.0,32868.6
2022-06-12,2022,Kharif,Maize,Madhya Pradesh,Bhopal,Rainfed,481.32,141.0,4146.0,1995.55
2024-09-13,2024,Kharif,Rice,Bihar,Patna,Tube Well,408.34,143.0,5919.0,2416.96
2021-08-07,2021,Rabi,Oilseeds,Gujarat,Surat,Tube Well,188.36,121.0,2448.0,461.11
2018-10-13,2018,Perennial,Sugarcane,Tamil Nadu,Madurai,Canal,460.43,134.0,81477.0,37514.46
2017-10-04,2017,Rabi,Potato,Punjab,Amritsar,Canal,472.32,93.0,18108.0,8552.77
2016-10-09,2016,Perennial,Apple,Himachal Pradesh,Shimla,Rainfed,64.99,74.0,7347.0,477.48
2024-12-05,2024,Rabi,Wheat,Bihar,Patna,Tube Well,825.59,141.0,3148.0,2598.96
2023-06-17,2023,Kharif,Rice,Uttar Pradesh,Kanpur,Tube Well,752.89,57.0,4301.0,3238.18
2021-10-19,2021,Perennial,Apple,Jammu and Kashmir,Srinagar,Rainfed,145.08,60.0,13303.0,1930.0
2016-03-25,2016,Rabi,Pulses,Rajasthan,Jodhpur,Rainfed,358.43,87.0,1813.0,649.83
2023-05-16,2023,Kharif,Rice,Tamil Nadu,Coimbatore,Tube Well,832.5,79.0,3615.0,3009.49
2024-02-12,2024,Rabi,Potato,Punjab,Ludhiana,Tube Well,37.26,106.0,34903.0,1300.49
2019-03-07,2019,Kharif,Pulses,Uttar Pradesh,Kanpur,Rainfed,824.66,106.0,1946.0,1604.79
2025-05-20,2025,Kharif,Rice,West Bengal,Darjeeling,Rainfed,532.27,68.0,2688.0,1430.74
2025-09-16,2025,Kharif,Maize,Madhya Pradesh,Bhopal,Rainfed,715.53,87.0,5525.0,3953.3
2020-10-28,2020,Rabi,Potato,Punjab,Ludhiana,Tube Well,838.4,51.0,34510.0,28933.18
2015-09-02,2015,Perennial,Apple,Himachal Pradesh,Kangra,Rainfed,77.29,103.0,12917.0,998.35
2020-03-02,2020,Rabi,Pulses,Uttar Pradesh,Varanasi,Rainfed,589.14,169.0,1413.0,832.45
2021-06-06,2021,Perennial,Apple,Himachal Pradesh,Shimla,Rainfed,314.32,90.0,10775.0,3386.8
2022-03-21,2022,Kharif,Oilseeds,Gujarat,Surat,Tube Well,64.66,147.0,2373.0,153.44
2017-10-15,2017,Kharif,Maize,Telangana,Warangal,Rainfed,797.34,65.0,5551.0,4426.03
2021-04-17,2021,Kharif,Maize,Bihar,Purnia,Tube Well,77.1,52.0,3699.0,285.19
2023-01-02,2023,Kharif,Oilseeds,Maharashtra,Nashik,Tube Well,49.46,125.0,3685.0,182.26
2023-04-01,2023,Kharif,Oilseeds,Gujarat,Ahmedabad,Tube Well,12.4,119.0,1504.0,18.65
2016-06-22,2016,Zaid,Coconut,Andhra Pradesh,Visakhapatnam,Tube Well,823.66,79.0,5278.0,4347.28
2021-09-28,2021,Perennial,Sugarcane,Tamil Nadu,Chennai,Tube Well,506.95,93.0,121140.0,61411.92
2021-01-21,2021,Perennial,Tea,Kerala,Kozhikode,Drip,91.23,55.0,2905.0,265.02
2020-09-17,2020,Kharif,Rice,West Bengal,Darjeeling,Canal,943.27,170.0,4590.0,4329.61
2020-05-19,2020,Perennial,Apple,Himachal Pradesh,Kangra,Rainfed,109.33,95.0,14298.0,1563.2
2019-12-18,2019,Kharif,Rice,West Bengal,Darjeeling,Canal,365.69,83.0,5866.0,2145.14
2024-08-25,2024,Kharif,Cotton,Maharashtra,Nashik,Tube Well,239.26,171.0,1602.0,383.29
2023-04-10,2023,Perennial,Apple,Himachal Pradesh,Shimla,Rainfed,464.11,56.0,9974.0,4629.03
2024-07-28,2024,Rabi,Pulses,Uttar Pradesh,Lucknow,Canal,1139.52,93.0,2541.0,2895.52
2015-08-27,2015,Kharif,Maize,Maharashtra,Pune,Tube Well,943.9,89.0,6730.0,6352.45
2019-03-25,2019,Rabi,Pulses,Madhya Pradesh,Bhopal,Tube Well,44.76,89.0,2390.0,106.98
2016-12-24,2016,Kharif,Pulses,Rajasthan,Jodhpur,Rainfed,370.66,52.0,1028.0,381.04
2017-05-22,2017,Zaid,Coconut,Kerala,Thrissur,Drip,464.61,190.0,13211.0,6137.96
2016-04-27,2016,Rabi,Potato,Bihar,Patna,Rainfed,388.7,180.0,31019.0,12057.09
2019-09-22,2019,Perennial,Tea,West Bengal,Howrah,Rainfed,360.71,112.0,1891.0,682.1
2015-11-10,2015,Kharif,Oilseeds,Gujarat,Rajkot,Rainfed,1023.81,117.0,2656.0,2719.24
2022-08-23,2022,Kharif,Cotton,Andhra Pradesh,Visakhapatnam,Tube Well,37.39,129.0,1569.0,58.66
2018-08-02,2018,Rabi,Pulses,Rajasthan,Jodhpur,Tube Well,441.49,122.0,2323.0,1025.58
2024-09-15,2024,Rabi,Wheat,Madhya Pradesh,Bhopal,Tube Well,321.46,167.0,3733.0,1200.01
2021-11-04,2021,Kharif,Cotton,Andhra Pradesh,Krishna,Tube Well,802.48,123.0,652.0,523.22
2021-10-16,2021,Zaid,Coconut,Andhra Pradesh,Chittoor,Tube Well,245.52,78.0,7507.0,1843.12
2022-07-18,2022,Perennial,Tea,Kerala,Thrissur,Rainfed,198.54,68.0,1859.0,369.09
2015-07-22,2015,Perennial,Sugarcane,Tamil Nadu,Madurai,Canal,649.67,188.0,77398.0,50283.16
2015-02-16,2015,Perennial,Coffee,Kerala,Thrissur,Rainfed,784.15,57.0,629.0,493.23
2016-04-07,2016,Perennial,Coffee,Karnataka,Belgaum,Canal,1072.41,185.0,1260.0,1351.24
2016-12-12,2016,Rabi,Oilseeds,Gujarat,Surat,Rainfed,306.29,154.0,2990.0,915.81
2018-05-02,2018,Perennial,Coffee,Karnataka,Belgaum,Canal,121.56,111.0,742.0,90.2
2022-03-10,2022,Kharif,Oilseeds,Gujarat,Rajkot,Tube Well,712.51,78.0,1336.0,951.91
2017-12-16,2017,Kharif,Rice,Bihar,Muzaffarpur,Rainfed,425.78,97.0,3599.0,1532.38
2016-04-12,2016,Kharif,Pulses,Uttar Pradesh,Lucknow,Rainfed,1144.91,129.0,1056.0,1209.02
2019-12-12,2019,Rabi,Wheat,Uttar Pradesh,Lucknow,Canal,796.7,149.0,3572.0,2845.81
2016-07-25,2016,Kharif,Rice,West Bengal,Howrah,Rainfed,566.54,154.0,2775.0,1572.15
2018-07-16,2018,Perennial,Sugarcane,Tamil Nadu,Coimbatore,Tube Well,714.64,117.0,103129.0,73700.11
2025-02-20,2025,Kharif,Pulses,Madhya Pradesh,Bhopal,Rainfed,109.87,106.0,867.0,95.26
2020-02-29,2020,Kharif,Maize,Bihar,Muzaffarpur,Canal,680.39,165.0,8590.0,5844.55
2020-08-25,2020,Rabi,Oilseeds,Madhya Pradesh,Bhopal,Tube Well,395.93,189.0,1832.0,725.34
2016-02-18,2016,Kharif,Oilseeds,Rajasthan,Jodhpur,Rainfed,575.9,187.0,3329.0,1917.17
2019-05-20,2019,Kharif,Pulses,Uttar Pradesh,Kanpur,Canal,216.67,133.0,2426.0,525.64
2021-06-22,2021,Kharif,Oilseeds,Rajasthan,Jodhpur,Tube Well,217.52,62.0,3128.0,680.4
2020-07-12,2020,Rabi,Potato,Bihar,Gaya,Rainfed,950.74,61.0,12377.0,11767.31
2017-01-01,2017,Rabi,Pulses,Rajasthan,Jaipur,Tube Well,391.62,110.0,2065.0,808.7
2016-03-31,2016,Zaid,Coconut,Tamil Nadu,Madurai,Drip,1022.94,160.0,16068.0,16436.6
2018-07-22,2018,Zaid,Coconut,Karnataka,Mysore,Drip,761.05,125.0,12167.0,9259.7
2018-01-04,2018,Rabi,Potato,West Bengal,Kolkata,Rainfed,1019.81,144.0,22476.0,22921.25
2015-09-15,2015,Kharif,Maize,Andhra Pradesh,Visakhapatnam,Rainfed,388.21,176.0,3919.0,1521.39
2015-09-06,2015,Kharif,Cotton,Andhra Pradesh,Guntur,Rainfed,117.74,56.0,666.0,78.41
2020-05-16,2020,Zaid,Coconut,Andhra Pradesh,Guntur,Rainfed,964.67,189.0,5986.0,5774.51
2025-02-21,2025,Kharif,Rice,Punjab,Ludhiana,Canal,1208.66,100.0,6493.0,7847.83
2025-03-10,2025,Kharif,Rice,Uttar Pradesh,Lucknow,Rainfed,932.05,57.0,3700.0,3448.58
2024-03-14,2024,Zaid,Coconut,Tamil Nadu,Coimbatore,Canal,641.73,175.0,6581.0,4223.23
2019-05-04,2019,Rabi,Pulses,Uttar Pradesh,Varanasi,Tube Well,1373.21,190.0,2020.0,2773.88
2015-07-13,2015,Kharif,Maize,Maharashtra,Pune,Tube Well,237.68,165.0,6951.0,1652.11
2021-09-06,2021,Kharif,Pulses,Maharashtra,Nagpur,Rainfed,805.33,171.0,1023.0,823.85
2019-04-27,2019,Perennial,Coffee,Tamil Nadu,Coimbatore,Canal,64.25,181.0,1764.0,113.34
2015-04-05,2015,Perennial,Apple,Himachal Pradesh,Kangra,Rainfed,79.02,128.0,7047.0,556.85
2020-07-21,2020,Zaid,Coconut,Tamil Nadu,Coimbatore,Tube Well,486.63,152.0,10056.0,4893.55
2020-09-24,2020,Rabi,Potato,Punjab,Amritsar,Tube Well,1233.6,93.0,28114.0,34681.43
2016-05-06,2016,Rabi,Wheat,Punjab,Amritsar,Tube Well,1102.37,87.0,3372.0,3717.19
2016-01-20,2016,Perennial,Tea,West Bengal,Darjeeling,Canal,1071.73,141.0,2229.0,2388.89
2017-03-29,2017,Perennial,Tea,West Bengal,Howrah,Rainfed,58.89,160.0,2487.0,146.46
2024-12-01,2024,Kharif,Cotton,Telangana,Hyderabad,Rainfed,349.4,110.0,653.0,228.16
2024-10-17,2024,Perennial,Sugarcane,Karnataka,Mysore,Tube Well,183.08,110.0,106595.0,19515.41
2024-04-12,2024,Kharif,Maize,Madhya Pradesh,Bhopal,Rainfed,39.2,193.0,6421.0,251.7
2018-07-23,2018,Kharif,Rice,Uttar Pradesh,Lucknow,Canal,403.95,128.0,3410.0,1377.47
2020-06-23,2020,Rabi,Oilseeds,Gujarat,Vadodara,Tube Well,300.92,198.0,1627.0,489.6
2021-09-04,2021,Rabi,Wheat,Madhya Pradesh,Bhopal,Tube Well,341.82,179.0,5282.0,1805.49
2025-08-28,2025,Perennial,Apple,Himachal Pradesh,Kangra,Rainfed,78.64,146.0,11277.0,886.82
2022-05-11,2022,Kharif,Oilseeds,Madhya Pradesh,Bhopal,Rainfed,395.97,51.0,2395.0,948.35
2016-06-13,2016,Rabi,Pulses,Rajasthan,Jodhpur,Rainfed,644.87,94.0,1034.0,666.8
2019-08-08,2019,Perennial,Tea,Kerala,Ernakulam,Drip,601.07,113.0,3165.0,1902.39
2021-07-20,2021,Perennial,Tea,Assam,Tinsukia,Rainfed,675.32,148.0,1230.0,830.64
2020-08-10,2020,Kharif,Pulses,Madhya Pradesh,Bhopal,Rainfed,645.74,109.0,1871.0,1208.18
2016-10-30,2016,Kharif,Rice,West Bengal,Kolkata,Canal,434.69,174.0,6691.0,2908.51
2024-04-29,2024,Rabi,Potato,Uttar Pradesh,Lucknow,Tube Well,1066.35,149.0,29409.0,31360.29
2020-02-27,2020,Kharif,Maize,Telangana,Warangal,Rainfed,681.29,102.0,4794.0,3266.1
2025-06-12,2025,Perennial,Sugarcane,Karnataka,Hubli,Drip,234.16,168.0,103966.0,24344.68
2015-10-23,2015,Perennial,Sugarcane,Karnataka,Bangalore,Canal,947.69,95.0,78586.0,74475.17
2016-07-18,2016,Kharif,Pulses,Uttar Pradesh,Lucknow,Tube Well,692.04,59.0,1576.0,1090.66
2020-07-04,2020,Kharif,Pulses,Maharashtra,Nagpur,Drip,31.1,76.0,2089.0,64.97
2020-11-16,2020,Kharif,Cotton,Andhra Pradesh,Guntur,Rainfed,775.63,50.0,1079.0,836.9
2020-12-22,2020,Perennial,Apple,Himachal Pradesh,Kangra,Rainfed,341.61,175.0,14819.0,5062.32
2020-12-19,2020,Kharif,Pulses,Madhya Pradesh,Bhopal,Tube Well,445.89,144.0,1805.0,804.83
2022-11-16,2022,Rabi,Oilseeds,Rajasthan,Jodhpur,Rainfed,156.57,136.0,2623.0,410.68
2024-03-14,2024,Rabi,Pulses,Rajasthan,Jaipur,Tube Well,342.77,149.0,1281.0,439.09
2015-11-04,2015,Rabi,Wheat,Rajasthan,Udaipur,Tube Well,286.09,148.0,3892.0,1113.46
2015-11-25,2015,Kharif,Maize,Bihar,Patna,Rainfed,974.94,135.0,4501.0,4388.2
2017-06-15,2017,Kharif,Rice,Bihar,Gaya,Rainfed,826.43,176.0,5630.0,4652.8
2015-09-16,2015,Perennial,Apple,Himachal Pradesh,Shimla,Rainfed,383.33,116.0,9078.0,3479.87
2016-10-13,2016,Perennial,Coffee,Tamil Nadu,Coimbatore,Canal,207.37,171.0,869.0,180.2
2023-10-01,2023,Zaid,Coconut,Andhra Pradesh,Visakhapatnam,Canal,403.94,168.0,6730.0,2718.52
2020-05-23,2020,Kharif,Maize,Andhra Pradesh,Chittoor,Tube Well,461.86,80.0,6211.0,2868.61
2019-03-18,2019,Kharif,Oilseeds,Madhya Pradesh,Bhopal,Tube Well,399.18,118.0,2062.0,823.11
2024-04-15,2024,Rabi,Oilseeds,Gujarat,Rajkot,Rainfed,45.97,175.0,3080.0,141.59
2024-05-15,2024,Kharif,Pulses,Madhya Pradesh,Bhopal,Rainfed,478.48,175.0,1552.0,742.6
2022-02-04,2022,Perennial,Apple,Himachal Pradesh,Shimla,Rainfed,185.35,54.0,7533.0,1396.24
2024-10-27,2024,Rabi,Wheat,Bihar,Gaya,Tube Well,566.06,83.0,4313.0,2441.42
2022-03-18,2022,Kharif,Rice,Andhra Pradesh,Visakhapatnam,Tube Well,20.68,114.0,4219.0,87.25
2018-07-20,2018,Perennial,Tea,Assam,Cachar,Rainfed,263.93,57.0,1922.0,507.27
2015-10-17,2015,Perennial,Tea,West Bengal,Darjeeling,Canal,847.85,89.0,2679.0,2271.39
2017-08-11,2017,Kharif,Pulses,Rajasthan,Jaipur,Rainfed,355.75,89.0,1618.0,575.6
2022-10-05,2022,Rabi,Oilseeds,Rajasthan,Jaipur,Tube Well,554.33,82.0,3321.0,1840.93
2020-12-12,2020,Kharif,Maize,Telangana,Hyderabad,Canal,632.07,109.0,7439.0,4701.97
2016-01-20,2016,Kharif,Maize,Andhra Pradesh,Visakhapatnam,Rainfed,1027.36,172.0,5591.0,5743.97
2016-07-12,2016,Kharif,Maize,Bihar,Gaya,Canal,17.37,87.0,7566.0,131.42
2017-09-24,2017,Rabi,Oilseeds,Maharashtra,Pune,Drip,347.11,137.0,1528.0,530.38
2018-03-15,2018,Perennial,Apple,Jammu and Kashmir,Srinagar,Rainfed,224.03,134.0,15037.0,3368.74
2017-05-15,2017,Rabi,Oilseeds,Gujarat,Ahmedabad,Rainfed,1129.81,173.0,1454.0,1642.74
2022-03-13,2022,Kharif,Pulses,Rajasthan,Udaipur,Tube Well,479.06,109.0,1355.0,649.13
2017-01-05,2017,Rabi,Pulses,Madhya Pradesh,Bhopal,Tube Well,370.71,84.0,2187.0,810.74
2025-07-04,2025,Kharif,Rice,Odisha,Bhubaneswar,Canal,125.83,184.0,4871.0,612.92
2019-04-18,2019,Perennial,Tea,Kerala,Kozhikode,Drip,399.64,175.0,2559.0,1022.68
2022-10-19,2022,Rabi,Wheat,Madhya Pradesh,Bhopal,Tube Well,358.46,143.0,3440.0,1233.1
2018-02-07,2018,Kharif,Oilseeds,Gujarat,Surat,Tube Well,936.35,64.0,1713.0,1603.97
2024-01-25,2024,Kharif,Oilseeds,Madhya Pradesh,Bhopal,Tube Well,336.55,52.0,1400.0,471.17
2023-07-01,2023,Zaid,Coconut,Andhra Pradesh,Visakhapatnam,Rainfed,389.42,77.0,5288.0,2059.25
2019-05-05,2019,Kharif,Cotton,Maharashtra,Mumbai,Rainfed,125.74,79.0,813.0,102.23
2017-08-13,2017,Zaid,Coconut,Tamil Nadu,Coimbatore,Canal,60.69,70.0,12047.0,731.13
2023-04-14,2023,Kharif,Maize,Karnataka,Mysore,Drip,488.66,89.0,7029.0,3434.79
2024-06-25,2024,Kharif,Oilseeds,Madhya Pradesh,Bhopal,Tube Well,284.02,101.0,2205.0,626.26
2017-12-17,2017,Rabi,Wheat,Madhya Pradesh,Bhopal,Rainfed,448.71,163.0,4241.0,1902.98
2015-08-11,2015,Perennial,Tea,Kerala,Ernakulam,Drip,572.42,156.0,2262.0,1294.81
2019-11-07,2019,Perennial,Apple,Himachal Pradesh,Shimla,Rainfed,29.6,66.0,5676.0,168.01
2020-01-14,2020,Kharif,Rice,Chhattisgarh,Raipur,Rainfed,352.39,197.0,5632.0,1984.66
2016-09-10,2016,Kharif,Maize,Bihar,Gaya,Rainfed,863.35,163.0,5100.0,4403.08
2022-07-30,2022,Kharif,Cotton,Andhra Pradesh,Guntur,Canal,551.65,75.0,1483.0,818.1
2019-07-08,2019,Rabi,Potato,West Bengal,Howrah,Canal,578.15,69.0,22263.0,12871.35
2022-06-19,2022,Rabi,Potato,Bihar,Purnia,Canal,491.92,63.0,30962.0,15230.83
2023-09-19,2023,Perennial,Apple,Himachal Pradesh,Kangra,Rainfed,201.0,160.0,6697.0,1346.1
2022-01-18,2022,Perennial,Tea,Kerala,Kozhikode,Drip,96.99,85.0,3051.0,295.92
2016-07-16,2016,Kharif,Oilseeds,Maharashtra,Mumbai,Rainfed,173.0,61.0,1234.0,213.48
2022-03-05,2022,Rabi,Wheat,Rajasthan,Jodhpur,Tube Well,133.57,113.0,2768.0,369.72
2016-09-17,2016,Perennial,Tea,West Bengal,Kolkata,Canal,873.9,156.0,1668.0,1457.67
2018-06-29,2018,Perennial,Sugarcane,Uttar Pradesh,Kanpur,Canal,420.25,96.0,102039.0,42881.89
2018-03-08,2018,Kharif,Maize,Karnataka,Belgaum,Tube Well,1043.45,122.0,5099.0,5320.55
2024-11-05,2024,Kharif,Rice,Uttar Pradesh,Lucknow,Rainfed,1217.15,79.0,4649.0,5658.53
2020-06-04,2020,Rabi,Potato,Punjab,Patiala,Tube Well,1029.97,114.0,35094.0,36145.77
2025-07-15,2025,Kharif,Maize,Andhra Pradesh,Guntur,Rainfed,867.27,104.0,5395.0,4678.92
2022-04-02,2022,Kharif,Cotton,Gujarat,Ahmedabad,Tube Well,66.68,115.0,1362.0,90.82
2017-08-10,2017,Kharif,Cotton,Telangana,Nizamabad,Tube Well,515.87,120.0,1459.0,752.65
2021-01-05,2021,Rabi,Oilseeds,Gujarat,Surat,Tube Well,1129.86,64.0,3228.0,3647.19
2019-09-08,2019,Kharif,Rice,Andhra Pradesh,Krishna,Rainfed,56.54,64.0,4427.0,250.3
2019-03-23,2019,Kharif,Cotton,Telangana,Warangal,Rainfed,269.0,89.0,1113.0,299.4
2023-04-09,2023,Kharif,Oilseeds,Maharashtra,Nagpur,Tube Well,76.45,67.0,1899.0,145.18
2015-09-12,2015,Perennial,Coffee,Kerala,Thrissur,Rainfed,460.1,88.0,697.0,320.69
2019-01-26,2019,Perennial,Sugarcane,Karnataka,Belgaum,Tube Well,136.66,54.0,95234.0,13014.68
2024-12-22,2024,Rabi,Potato,Uttar Pradesh,Lucknow,Rainfed,724.08,103.0,12409.0,8985.11
2021-10-13,2021,Rabi,Potato,West Bengal,Darjeeling,Canal,794.74,82.0,18160.0,14432.48
2018-11-17,2018,Perennial,Apple,Jammu and Kashmir,Srinagar,Rainfed,74.13,184.0,14527.0,1076.89
2017-07-01,2017,Kharif,Maize,Madhya Pradesh,Bhopal,Rainfed,606.74,179.0,5602.0,3398.96
2023-03-17,2023,Kharif,Oilseeds,Rajasthan,Jodhpur,Rainfed,51.54,95.0,2258.0,116.38
2019-02-17,2019,Kharif,Pulses,Uttar Pradesh,Varanasi,Rainfed,232.94,121.0,1995.0,464.72
2016-12-16,2016,Kharif,Oilseeds,Rajasthan,Jodhpur,Tube Well,203.28,193.0,3454.0,702.13
2019-03-23,2019,Kharif,Oilseeds,Gujarat,Ahmedabad,Rainfed,957.36,129.0,1940.0,1857.28
2019-04-28,2019,Perennial,Sugarcane,Karnataka,Belgaum,Canal,936.65,177.0,96332.0,90229.37
2022-09-08,2022,Rabi,Potato,West Bengal,Howrah,Rainfed,250.21,174.0,18837.0,4713.21
2018-10-26,2018,Rabi,Potato,Bihar,Muzaffarpur,Canal,104.83,191.0,23932.0,2508.79
2023-08-04,2023,Perennial,Apple,Himachal Pradesh,Shimla,Rainfed,425.5,96.0,5258.0,2237.28
2023-07-08,2023,Kharif,Maize,Andhra Pradesh,Chittoor,Canal,782.75,57.0,4605.0,3604.56
2019-11-05,2019,Kharif,Rice,Andhra Pradesh,Guntur,Rainfed,197.85,66.0,4185.0,828.0
2023-10-19,2023,Rabi,Pulses,Maharashtra,Nagpur,Drip,729.45,136.0,2452.0,1788.61
2023-02-16,2023,Rabi,Potato,Uttar Pradesh,Lucknow,Tube Well,1309.83,130.0,29931.0,39204.52
2016-07-04,2016,Kharif,Rice,West Bengal,Darjeeling,Rainfed,85.77,95.0,4617.0,396.0
2016-08-13,2016,Rabi,Potato,Uttar Pradesh,Lucknow,Tube Well,134.74,87.0,18875.0,2543.22
2021-12-12,2021,Rabi,Potato,Uttar Pradesh,Lucknow,Canal,417.68,156.0,31348.0,13093.43
2022-03-20,2022,Rabi,Wheat,Bihar,Patna,Canal,655.74,101.0,2728.0,1788.86
2020-01-18,2020,Rabi,Pulses,Rajasthan,Jodhpur,Rainfed,132.83,141.0,1990.0,264.33
2022-10-19,2022,Kharif,Oilseeds,Gujarat,Ahmedabad,Tube Well,981.48,157.0,2646.0,2597.0
2022-11-29,2022,Kharif,Maize,Telangana,Hyderabad,Rainfed,677.88,115.0,3594.0,2436.3
2016-06-24,2016,Rabi,Oilseeds,Gujarat,Rajkot,Rainfed,677.6,79.0,1408.0,954.06
2023-11-15,2023,Kharif,Maize,Madhya Pradesh,Bhopal,Tube Well,101.69,179.0,8022.0,815.76
2017-03-25,2017,Perennial,Tea,Kerala,Ernakulam,Rainfed,790.69,64.0,1076.0,850.78
2018-05-16,2018,Rabi,Pulses,Madhya Pradesh,Bhopal,Rainfed,397.13,174.0,2146.0,852.24
2016-07-18,2016,Kharif,Cotton,Gujarat,Rajkot,Rainfed,547.97,176.0,787.0,431.25
2020-07-07,2020,Zaid,Coconut,Karnataka,Belgaum,Tube Well,1095.17,136.0,8099.0,8869.78
2021-06-18,2021,Rabi,Oilseeds,Madhya Pradesh,Bhopal,Tube Well,692.46,144.0,2273.0,1573.96
2016-07-24,2016,Kharif,Pulses,Maharashtra,Nashik,Rainfed,598.71,104.0,1287.0,770.54
2015-01-29,2015,Perennial,Apple,Himachal Pradesh,Shimla,Rainfed,215.21,176.0,11810.0,2541.63
2025-03-16,2025,Perennial,Sugarcane,Tamil Nadu,Madurai,Tube Well,114.54,90.0,98541.0,11286.89
2022-05-23,2022,Rabi,Oilseeds,Maharashtra,Nashik,Drip,1205.2,134.0,2768.0,3335.99
2017-03-22,2017,Kharif,Maize,Telangana,Hyderabad,Canal,760.96,50.0,5207.0,3962.32
2023-01-06,2023,Rabi,Potato,Punjab,Patiala,Tube Well,471.9,191.0,23155.0,10926.84
2016-05-23,2016,Zaid,Coconut,Andhra Pradesh,Visakhapatnam,Canal,906.45,192.0,10894.0,9874.87
2016-06-14,2016,Kharif,Maize,Telangana,Hyderabad,Rainfed,688.83,157.0,4809.0,3312.58
2022-12-07,2022,Kharif,Rice,Assam,Kamrup,Rainfed,190.05,113.0,3844.0,730.55
2021-08-10,2021,Perennial,Coffee,Karnataka,Hubli,Tube Well,678.88,77.0,764.0,518.66
2018-11-02,2018,Kharif,Oilseeds,Rajasthan,Udaipur,Rainfed,185.97,124.0,2612.0,485.75
2023-11-23,2023,Zaid,Coconut,Karnataka,Belgaum,Canal,870.98,169.0,14031.0,12220.72
2022-07-26,2022,Rabi,Potato,Uttar Pradesh,Lucknow,Canal,239.18,141.0,22659.0,5419.58
2024-01-16,2024,Rabi,Oilseeds,Maharashtra,Mumbai,Tube Well,872.89,129.0,2555.0,2230.23
2016-05-21,2016,Kharif,Maize,Bihar,Muzaffarpur,Rainfed,332.75,177.0,6592.0,2193.49
2021-04-20,2021,Perennial,Tea,West Bengal,Howrah,Canal,49.44,97.0,1353.0,66.89
2025-04-23,2025,Kharif,Maize,Bihar,Muzaffarpur,Tube Well,132.47,179.0,7861.0,1041.35
2020-06-23,2020,Rabi,Potato,Uttar Pradesh,Varanasi,Rainfed,985.8,116.0,20615.0,20322.27
2017-10-27,2017,Rabi,Pulses,Maharashtra,Nagpur,Drip,319.49,50.0,1928.0,615.98
2019-03-07,2019,Zaid,Coconut,Andhra Pradesh,Guntur,Canal,760.93,160.0,13873.0,10556.38
2022-06-21,2022,Perennial,Apple,Himachal Pradesh,Shimla,Rainfed,213.26,182.0,10876.0,2319.42
2024-06-18,2024,Rabi,Wheat,Bihar,Gaya,Tube Well,695.79,123.0,3142.0,2186.17
2023-12-13,2023,Kharif,Pulses,Rajasthan,Jaipur,Tube Well,350.13,118.0,2471.0,865.17
2023-07-18,2023,Perennial,Coffee,Kerala,Thrissur,Rainfed,253.75,171.0,1386.0,351.7
2018-01-18,2018,Rabi,Oilseeds,Madhya Pradesh,Bhopal,Rainfed,125.2,183.0,2415.0,302.36
2024-12-08,2024,Kharif,Maize,Maharashtra,Pune,Rainfed,450.02,196.0,5053.0,2273.95
2020-08-16,2020,Kharif,Rice,Assam,Tinsukia,Rainfed,511.57,102.0,3476.0,1778.22
2024-03-08,2024,Perennial,Sugarcane,Uttar Pradesh,Varanasi,Tube Well,1113.31,139.0,123517.0,137512.71
2022-04-25,2022,Kharif,Pulses,Uttar Pradesh,Lucknow,Rainfed,248.91,173.0,914.0,227.5
2016-12-20,2016,Rabi,Wheat,Bihar,Patna,Canal,667.63,130.0,5193.0,3467.0
2024-02-13,2024,Rabi,Oilseeds,Madhya Pradesh,Bhopal,Rainfed,151.63,119.0,1120.0,169.83
2017-01-20,2017,Kharif,Rice,Tamil Nadu,Madurai,Tube Well,251.78,136.0,5186.0,1305.73
2024-07-28,2024,Rabi,Wheat,Rajasthan,Udaipur,Rainfed,376.61,104.0,2659.0,1001.41
2023-10-31,2023,Kharif,Pulses,Uttar Pradesh,Lucknow,Rainfed,440.91,79.0,1537.0,677.68
2019-07-02,2019,Rabi,Wheat,Rajasthan,Jaipur,Rainfed,466.5,60.0,1993.0,929.73
2022-09-12,2022,Rabi,Pulses,Rajasthan,Udaipur,Rainfed,669.49,141.0,1561.0,1045.07
2024-11-11,2024,Rabi,Oilseeds,Gujarat,Surat,Tube Well,187.18,107.0,3472.0,649.89
2015-05-18,2015,Zaid,Coconut,Andhra Pradesh,Krishna,Rainfed,688.91,182.0,9052.0,6236.01
2025-03-17,2025,Perennial,Tea,Assam,Cachar,Rainfed,739.41,83.0,1081.0,799.3
2019-06-15,2019,Zaid,Coconut,Karnataka,Bangalore,Drip,202.42,97.0,5879.0,1190.03
2023-02-21,2023,Kharif,Pulses,Rajasthan,Jaipur,Tube Well,263.13,196.0,2296.0,604.15
2025-10-20,2025,Kharif,Cotton,Maharashtra,Nashik,Rainfed,169.47,133.0,478.0,81.01
2018-10-30,2018,Rabi,Potato,West Bengal,Howrah,Rainfed,709.82,102.0,11353.0,8058.59
2023-01-22,2023,Perennial,Apple,Himachal Pradesh,Mandi,Rainfed,337.88,179.0,10478.0,3540.31
2018-05-05,2018,Perennial,Tea,West Bengal,Darjeeling,Canal,733.96,162.0,1930.0,1416.54
2015-02-27,2015,Perennial,Sugarcane,Karnataka,Bangalore,Canal,600.92,136.0,84679.0,50885.3
2019-05-18,2019,Kharif,Pulses,Uttar Pradesh,Lucknow,Canal,1121.93,183.0,2092.0,2347.08
2019-12-02,2019,Rabi,Wheat,Rajasthan,Udaipur,Rainfed,34.76,64.0,2370.0,82.38
2023-02-23,2023,Rabi,Wheat,Uttar Pradesh,Lucknow,Rainfed,1436.7,109.0,2454.0,3525.66
2021-02-24,2021,Kharif,Cotton,Maharashtra,Nashik,Drip,296.5,172.0,1262.0,374.18
2019-05-29,2019,Kharif,Rice,West Bengal,Darjeeling,Rainfed,142.5,108.0,2885.0,411.11
2018-04-23,2018,Perennial,Tea,Assam,Tinsukia,Rainfed,753.5,189.0,1289.0,971.26
2017-09-16,2017,Kharif,Cotton,Maharashtra,Nashik,Drip,1081.26,73.0,1237.0,1337.52
2021-06-21,2021,Kharif,Pulses,Madhya Pradesh,Bhopal,Tube Well,614.25,100.0,1901.0,1167.69
2020-03-16,2020,Kharif,Pulses,Maharashtra,Nagpur,Tube Well,145.12,114.0,1368.0,198.52
2018-09-16,2018,Perennial,Coffee,Kerala,Ernakulam,Rainfed,647.95,153.0,1175.0,761.34
2022-05-05,2022,Rabi,Pulses,Uttar Pradesh,Varanasi,Tube Well,917.45,79.0,2369.0,2173.44
2018-12-19,2018,Rabi,Wheat,Bihar,Purnia,Canal,734.59,51.0,4705.0,3456.25
2015-08-01,2015,Perennial,Apple,Jammu and Kashmir,Srinagar,Rainfed,391.45,196.0,11999.0,4697.01
2016-10-19,2016,Kharif,Cotton,Gujarat,Rajkot,Rainfed,241.39,185.0,547.0,132.04
2023-12-12,2023,Rabi,Pulses,Madhya Pradesh,Bhopal,Rainfed,408.46,95.0,1324.0,540.8
2023-03-19,2023,Kharif,Cotton,Andhra Pradesh,Visakhapatnam,Rainfed,906.49,123.0,435.0,394.32
2021-06-24,2021,Kharif,Rice,Chhattisgarh,Raipur,Rainfed,309.22,123.0,3348.0,1035.27
2023-05-01,2023,Perennial,Coffee,Kerala,Kozhikode,Drip,53.18,180.0,2220.0,118.06
2019-06-17,2019,Zaid,Coconut,Tamil Nadu,Coimbatore,Drip,131.47,140.0,11416.0,1500.86
2023-04-17,2023,Kharif,Cotton,Andhra Pradesh,Visakhapatnam,Canal,726.49,174.0,1259.0,914.65
2023-09-30,2023,Kharif,Oilseeds,Gujarat,Rajkot,Rainfed,349.15,187.0,1509.0,526.87
2024-02-21,2024,Rabi,Oilseeds,Madhya Pradesh,Bhopal,Rainfed,118.89,135.0,1086.0,129.11
2023-03-05,2023,Kharif,Maize,Maharashtra,Nagpur,Drip,448.46,93.0,8118.0,3640.6
2022-03-10,2022,Kharif,Pulses,Madhya Pradesh,Bhopal,Rainfed,168.77,125.0,1248.0,210.62
2020-02-27,2020,Kharif,Pulses,Rajasthan,Jaipur,Rainfed,26.52,178.0,1283.0,34.03
2025-09-30,2025,Kharif,Cotton,Telangana,Warangal,Tube Well,145.11,138.0,1159.0,168.18
2018-05-29,2018,Perennial,Apple,Himachal Pradesh,Mandi,Rainfed,442.71,184.0,14212.0,6291.79
2018-03-12,2018,Kharif,Cotton,Telangana,Hyderabad,Tube Well,20.71,184.0,877.0,18.16
2023-11-07,2023,Kharif,Cotton,Andhra Pradesh,Krishna,Tube Well,930.88,106.0,1048.0,975.56
2018-12-18,2018,Rabi,Potato,Punjab,Patiala,Tube Well,1132.66,117.0,21717.0,24597.98
2025-02-23,2025,Perennial,Coffee,Karnataka,Mysore,Canal,625.02,152.0,1417.0,885.65
2018-11-22,2018,Kharif,Oilseeds,Rajasthan,Jodhpur,Rainfed,153.83,67.0,1231.0,189.36
2024-10-22,2024,Kharif,Maize,Telangana,Warangal,Tube Well,791.47,120.0,5939.0,4700.54
2020-09-14,2020,Kharif,Maize,Madhya Pradesh,Bhopal,Tube Well,385.31,72.0,3772.0,1453.39
2024-03-05,2024,Zaid,Coconut,Andhra Pradesh,Guntur,Rainfed,216.12,177.0,12099.0,2614.84
2017-12-12,2017,Rabi,Pulses,Uttar Pradesh,Lucknow,Rainfed,649.24,191.0,1792.0,1163.44
2019-03-10,2019,Perennial,Sugarcane,Maharashtra,Nashik,Tube Well,261.44,71.0,116324.0,30411.75
2017-12-17,2017,Perennial,Apple,Jammu and Kashmir,Srinagar,Rainfed,156.64,150.0,11877.0,1860.41
2024-10-30,2024,Zaid,Coconut,Karnataka,Belgaum,Canal,551.39,145.0,7793.0,4296.98
2018-12-26,2018,Rabi,Pulses,Madhya Pradesh,Bhopal,Tube Well,294.32,164.0,1950.0,573.92
2020-07-19,2020,Rabi,Oilseeds,Gujarat,Surat,Rainfed,791.88,154.0,2533.0,2005.83
2017-05-17,2017,Kharif,Maize,Telangana,Hyderabad,Tube Well,842.97,83.0,5054.0,4260.37
2020-11-03,2020,Perennial,Apple,Jammu and Kashmir,Srinagar,Rainfed,145.78,94.0,10308.0,1502.7
2015-09-12,2015,Kharif,Oilseeds,Madhya Pradesh,Bhopal,Tube Well,291.03,75.0,1600.0,465.65
2021-05-30,2021,Kharif,Pulses,Rajasthan,Jodhpur,Rainfed,519.43,188.0,1990.0,1033.67
2016-05-23,2016,Rabi,Wheat,Bihar,Muzaffarpur,Canal,535.29,128.0,5298.0,2835.97
2022-10-10,2022,Kharif,Oilseeds,Gujarat,Rajkot,Tube Well,520.32,196.0,2421.0,1259.69
2024-05-06,2024,Rabi,Potato,Uttar Pradesh,Kanpur,Tube Well,1222.57,117.0,33733.0,41240.95
2019-08-18,2019,Rabi,Oilseeds,Maharashtra,Nagpur,Drip,1159.44,133.0,1726.0,2001.19
2020-05-02,2020,Rabi,Pulses,Uttar Pradesh,Varanasi,Tube Well,889.97,168.0,1558.0,1386.57
2018-08-25,2018,Perennial,Coffee,Tamil Nadu,Chennai,Tube Well,211.76,170.0,1372.0,290.53
2023-12-19,2023,Kharif,Cotton,Gujarat,Surat,Rainfed,564.88,85.0,683.0,385.81
2021-06-10,2021,Rabi,Oilseeds,Rajasthan,Jodhpur,Tube Well,358.02,93.0,2797.0,1001.38
2021-06-20,2021,Rabi,Potato,Uttar Pradesh,Varanasi,Rainfed,653.99,65.0,19708.0,12888.83
2020-11-23,2020,Rabi,Oilseeds,Gujarat,Rajkot,Rainfed,322.29,171.0,1313.0,423.17
2017-03-16,2017,Zaid,Coconut,Andhra Pradesh,Guntur,Canal,572.06,169.0,7508.0,4295.03
2019-12-20,2019,Kharif,Maize,Karnataka,Belgaum,Canal,496.74,62.0,3877.0,1925.86
2019-03-22,2019,Rabi,Oilseeds,Madhya Pradesh,Bhopal,Tube Well,175.5,89.0,3602.0,632.15
2020-12-09,2020,Kharif,Rice,Chhattisgarh,Raipur,Rainfed,633.37,117.0,4017.0,2544.25
2017-08-13,2017,Perennial,Coffee,Karnataka,Bangalore,Drip,975.02,131.0,1969.0,1919.81
2023-02-01,2023,Kharif,Maize,Bihar,Gaya,Canal,762.02,128.0,6414.0,4887.6
2025-02-03,2025,Zaid,Coconut,Kerala,Kozhikode,Rainfed,326.75,197.0,6464.0,2112.11
2016-10-30,2016,Kharif,Oilseeds,Rajasthan,Jodhpur,Rainfed,265.54,165.0,2494.0,662.26
2025-08-26,2025,Kharif,Rice,Telangana,Warangal,Canal,647.65,67.0,4363.0,2825.7
2019-10-09,2019,Rabi,Oilseeds,Madhya Pradesh,Bhopal,Tube Well,490.41,94.0,2273.0,1114.7
2017-10-28,2017,Perennial,Coffee,Tamil Nadu,Chennai,Canal,664.65,102.0,1155.0,767.67
2021-06-14,2021,Rabi,Oilseeds,Madhya Pradesh,Bhopal,Rainfed,108.05,97.0,2265.0,244.73
2024-05-26,2024,Perennial,Sugarcane,Tamil Nadu,Madurai,Drip,683.93,168.0,124972.0,85472.1
2023-05-04,2023,Rabi,Pulses,Maharashtra,Nashik,Tube Well,1173.4,104.0,1251.0,1467.92
2021-09-29,2021,Rabi,Oilseeds,Maharashtra,Pune,Drip,120.7,124.0,3778.0,456.0
2023-10-08,2023,Kharif,Maize,Maharashtra,Pune,Tube Well,447.53,130.0,6548.0,2930.43
2015-09-30,2015,Perennial,Coffee,Kerala,Ernakulam,Drip,412.12,91.0,1401.0,577.38
2016-07-26,2016,Kharif,Oilseeds,Madhya Pradesh,Bhopal,Rainfed,551.95,98.0,2464.0,1360.0
2021-05-01,2021,Perennial,Tea,Assam,Kamrup,Rainfed,80.81,167.0,1367.0,110.47
2019-01-21,2019,Perennial,Coffee,Kerala,Kozhikode,Drip,699.52,180.0,2236.0,1564.13
2021-03-09,2021,Perennial,Tea,Kerala,Thrissur,Drip,42.03,56.0,1778.0,74.73
2024-06-15,2024,Rabi,Potato,Punjab,Patiala,Canal,1287.96,141.0,21638.0,27868.88
2017-12-21,2017,Rabi,Wheat,Uttar Pradesh,Lucknow,Rainfed,51.2,145.0,3888.0,199.07
2022-08-04,2022,Zaid,Coconut,Kerala,Kozhikode,Drip,131.28,161.0,10191.0,1337.87
2018-10-27,2018,Kharif,Maize,Andhra Pradesh,Visakhapatnam,Rainfed,962.39,154.0,5971.0,5746.43
2022-06-13,2022,Rabi,Potato,West Bengal,Darjeeling,Canal,947.58,182.0,25119.0,23802.26
2023-08-23,2023,Kharif,Pulses,Madhya Pradesh,Bhopal,Rainfed,785.99,62.0,1346.0,1057.94
2022-05-22,2022,Rabi,Potato,Punjab,Ludhiana,Tube Well,182.42,108.0,18759.0,3422.02
2021-02-01,2021,Kharif,Cotton,Andhra Pradesh,Guntur,Canal,636.48,167.0,1459.0,928.62
2018-01-31,2018,Kharif,Maize,Andhra Pradesh,Krishna,Rainfed,101.82,177.0,3951.0,402.29
2024-12-21,2024,Kharif,Maize,Telangana,Warangal,Rainfed,149.2,90.0,5539.0,826.42
2025-03-18,2025,Rabi,Pulses,Maharashtra,Mumbai,Tube Well,235.1,138.0,1685.0,396.14
2020-08-09,2020,Rabi,Potato,Uttar Pradesh,Varanasi,Canal,104.45,77.0,24577.0,2567.07
2016-07-21,2016,Kharif,Rice,West Bengal,Darjeeling,Rainfed,983.35,178.0,2342.0,2303.01
2022-11-06,2022,Rabi,Potato,Punjab,Patiala,Canal,198.27,160.0,43211.0,8567.44
2016-01-01,2016,Kharif,Maize,Karnataka,Bangalore,Drip,695.98,83.0,7248.0,5044.46
2018-12-10,2018,Rabi,Potato,Punjab,Amritsar,Canal,942.36,144.0,27001.0,25444.66
2024-01-19,2024,Rabi,Potato,West Bengal,Kolkata,Rainfed,226.52,126.0,29451.0,6671.24
2018-05-02,2018,Rabi,Wheat,Punjab,Patiala,Tube Well,1497.63,89.0,4788.0,7170.65
2019-06-30,2019,Zaid,Coconut,Kerala,Kozhikode,Rainfed,284.42,184.0,9431.0,2682.37
2020-12-15,2020,Kharif,Cotton,Telangana,Warangal,Canal,815.53,72.0,735.0,599.41
2016-05-01,2016,Zaid,Coconut,Kerala,Thrissur,Drip,759.14,120.0,11253.0,8542.6
2017-11-02,2017,Rabi,Pulses,Uttar Pradesh,Varanasi,Canal,1423.99,137.0,1676.0,2386.61
2023-05-09,2023,Rabi,Pulses,Uttar Pradesh,Varanasi,Rainfed,1131.73,174.0,1502.0,1699.86
2022-01-11,2022,Rabi,Wheat,Bihar,Patna,Rainfed,261.27,73.0,3599.0,940.31
2016-07-17,2016,Kharif,Cotton,Telangana,Hyderabad,Canal,117.38,141.0,887.0,104.12
2022-06-24,2022,Rabi,Oilseeds,Madhya Pradesh,Bhopal,Tube Well,460.21,51.0,3086.0,1420.21
2020-04-13,2020,Rabi,Potato,Uttar Pradesh,Kanpur,Canal,546.46,173.0,42921.0,23454.61
2016-01-18,2016,Kharif,Pulses,Uttar Pradesh,Kanpur,Tube Well,1248.25,85.0,2173.0,2712.45
2017-09-12,2017,Kharif,Oilseeds,Rajasthan,Jodhpur,Rainfed,524.04,158.0,2248.0,1178.04
2016-02-13,2016,Kharif,Pulses,Maharashtra,Nashik,Tube Well,366.64,140.0,2004.0,734.75
2025-03-25,2025,Perennial,Coffee,Kerala,Thrissur,Rainfed,23.44,58.0,1207.0,28.29
2019-05-03,2019,Rabi,Potato,Punjab,Amritsar,Canal,363.6,77.0,13774.0,5008.23
2016-07-07,2016,Kharif,Cotton,Andhra Pradesh,Guntur,Canal,684.87,90.0,1281.0,877.32
2022-03-07,2022,Kharif,Oilseeds,Maharashtra,Mumbai,Tube Well,111.91,183.0,2996.0,335.28
2017-12-09,2017,Rabi,Potato,Uttar Pradesh,Kanpur,Rainfed,990.83,122.0,18474.0,18304.59
2015-03-06,2015,Perennial,Apple,Himachal Pradesh,Shimla,Rainfed,339.13,187.0,14527.0,4926.54
2021-07-16,2021,Kharif,Rice,Telangana,Nizamabad,Rainfed,160.76,57.0,2554.0,410.58
2025-06-22,2025,Kharif,Oilseeds,Gujarat,Vadodara,Rainfed,719.62,51.0,2517.0,1811.28
2017-08-07,2017,Perennial,Sugarcane,Maharashtra,Mumbai,Tube Well,792.99,192.0,124661.0,98854.93
2015-11-20,2015,Kharif,Rice,Bihar,Muzaffarpur,Canal,483.2,159.0,5599.0,2705.44
2023-02-05,2023,Kharif,Oilseeds,Maharashtra,Mumbai,Rainfed,1239.69,167.0,2273.0,2817.82
2025-07-06,2025,Perennial,Coffee,Tamil Nadu,Chennai,Canal,127.9,187.0,1090.0,139.41
2023-02-27,2023,Rabi,Oilseeds,Gujarat,Rajkot,Tube Well,493.88,198.0,3329.0,1644.13
2022-07-22,2022,Kharif,Cotton,Andhra Pradesh,Visakhapatnam,Canal,1060.68,65.0,1211.0,1284.48
2018-11-02,2018,Kharif,Cotton,Gujarat,Surat,Rainfed,469.71,74.0,386.0,181.31
2023-10-05,2023,Kharif,Pulses,Rajasthan,Jaipur,Tube Well,303.0,78.0,1505.0,456.02
2025-05-31,2025,Kharif,Oilseeds,Gujarat,Rajkot,Tube Well,805.25,173.0,3819.0,3075.25
2018-11-12,2018,Perennial,Sugarcane,Maharashtra,Pune,Rainfed,868.58,103.0,81235.0,70559.1
2022-07-15,2022,Rabi,Potato,Punjab,Ludhiana,Canal,44.12,139.0,31531.0,1391.15
2016-11-27,2016,Zaid,Coconut,Karnataka,Mysore,Drip,506.71,178.0,9151.0,4636.9
2017-08-06,2017,Perennial,Sugarcane,Maharashtra,Pune,Rainfed,440.23,152.0,88427.0,38928.22
2022-01-08,2022,Rabi,Potato,West Bengal,Darjeeling,Canal,694.19,60.0,31485.0,21856.57
2021-03-01,2021,Kharif,Oilseeds,Rajasthan,Jaipur,Rainfed,393.43,117.0,1841.0,724.3
2023-02-23,2023,Rabi,Oilseeds,Madhya Pradesh,Bhopal,Rainfed,524.18,60.0,1252.0,656.27
2019-08-22,2019,Perennial,Tea,Kerala,Ernakulam,Rainfed,526.48,122.0,1149.0,604.93
2017-01-21,2017,Perennial,Tea,West Bengal,Howrah,Rainfed,287.81,83.0,1687.0,485.54
2017-03-23,2017,Kharif,Cotton,Telangana,Warangal,Tube Well,229.35,50.0,1089.0,249.76
2021-10-26,2021,Rabi,Wheat,Madhya Pradesh,Bhopal,Tube Well,302.52,172.0,3327.0,1006.48
2022-08-01,2022,Rabi,Potato,Uttar Pradesh,Varanasi,Rainfed,370.52,195.0,21396.0,7927.65
2025-02-13,2025,Perennial,Sugarcane,Karnataka,Bangalore,Drip,754.26,195.0,126472.0,95392.77
2015-10-21,2015,Kharif,Cotton,Telangana,Nizamabad,Tube Well,546.55,95.0,658.0,359.63
2021-01-18,2021,Rabi,Oilseeds,Maharashtra,Nashik,Tube Well,289.14,174.0,2210.0,639.0
2021-12-31,2021,Perennial,Sugarcane,Karnataka,Hubli,Tube Well,973.67,152.0,111350.0,108418.15
2023-03-21,2023,Rabi,Oilseeds,Gujarat,Ahmedabad,Tube Well,558.19,170.0,3494.0,1950.32
2017-02-28,2017,Rabi,Wheat,Rajasthan,Udaipur,Rainfed,97.67,177.0,3693.0,360.7
2018-02-16,2018,Kharif,Oilseeds,Maharashtra,Nagpur,Drip,284.73,197.0,3926.0,1117.85
2019-05-31,2019,Kharif,Maize,Telangana,Warangal,Canal,490.47,73.0,5955.0,2920.75
2022-07-04,2022,Kharif,Rice,Telangana,Warangal,Canal,311.2,165.0,6653.0,2070.41
2015-10-20,2015,Perennial,Tea,West Bengal,Howrah,Canal,937.83,160.0,3280.0,3076.08
2019-11-30,2019,Kharif,Maize,Karnataka,Belgaum,Drip,549.26,93.0,7315.0,4017.84
2025-01-07,2025,Rabi,Pulses,Madhya Pradesh,Bhopal,Tube Well,733.08,109.0,1916.0,1404.58
2023-04-11,2023,Rabi,Potato,Bihar,Purnia,Tube Well,110.81,77.0,36221.0,4013.65
2017-09-15,2017,Kharif,Oilseeds,Maharashtra,Mumbai,Rainfed,872.49,187.0,1236.0,1078.4
2018-09-03,2018,Rabi,Pulses,Madhya Pradesh,Bhopal,Tube Well,709.77,182.0,1504.0,1067.49
2022-07-03,2022,Zaid,Coconut,Tamil Nadu,Chennai,Canal,329.29,142.0,14877.0,4898.85
2019-10-17,2019,Perennial,Sugarcane,Tamil Nadu,Chennai,Canal,157.9,127.0,126452.0,19966.77
2016-07-29,2016,Rabi,Wheat,Rajasthan,Jaipur,Tube Well,325.08,85.0,4476.0,1455.06
2018-09-14,2018,Rabi,Potato,Punjab,Ludhiana,Tube Well,1442.39,168.0,39024.0,56287.83
2020-10-10,2020,Kharif,Rice,Chhattisgarh,Raipur,Rainfed,447.09,51.0,2947.0,1317.57
2021-06-27,2021,Perennial,Sugarcane,Maharashtra,Nagpur,Tube Well,840.73,119.0,126410.0,106276.68
2017-08-14,2017,Kharif,Cotton,Telangana,Hyderabad,Tube Well,607.64,179.0,821.0,498.87
2019-10-30,2019,Zaid,Coconut,Kerala,Kozhikode,Rainfed,41.41,143.0,12270.0,508.1
2024-02-08,2024,Kharif,Cotton,Telangana,Nizamabad,Rainfed,406.63,145.0,905.0,368.0
2020-03-04,2020,Perennial,Apple,Jammu and Kashmir,Srinagar,Rainfed,40.25,61.0,6106.0,245.77
2017-07-30,2017,Zaid,Coconut,Karnataka,Bangalore,Canal,354.29,93.0,12887.0,4565.74
2023-09-06,2023,Zaid,Coconut,Andhra Pradesh,Chittoor,Canal,987.7,151.0,9184.0,9071.04
2021-08-30,2021,Kharif,Pulses,Maharashtra,Pune,Tube Well,856.59,57.0,1241.0,1063.03
2018-02-09,2018,Rabi,Oilseeds,Gujarat,Rajkot,Rainfed,1194.73,100.0,1331.0,1590.19
2018-11-17,2018,Rabi,Oilseeds,Rajasthan,Jodhpur,Tube Well,128.79,103.0,1347.0,173.48
2023-11-05,2023,Zaid,Coconut,Andhra Pradesh,Krishna,Tube Well,482.49,125.0,13380.0,6455.72
2021-05-31,2021,Kharif,Oilseeds,Rajasthan,Jaipur,Tube Well,568.65,104.0,2514.0,1429.59
2020-08-02,2020,Perennial,Sugarcane,Tamil Nadu,Coimbatore,Tube Well,245.1,118.0,129251.0,31679.42
2018-01-10,2018,Perennial,Coffee,Karnataka,Belgaum,Drip,177.56,132.0,1367.0,242.72
2022-08-19,2022,Kharif,Oilseeds,Rajasthan,Udaipur,Tube Well,305.05,69.0,3207.0,978.3
2019-05-14,2019,Perennial,Apple,Himachal Pradesh,Mandi,Rainfed,198.03,77.0,13926.0,2757.77
2022-01-24,2022,Rabi,Potato,Uttar Pradesh,Lucknow,Tube Well,1470.51,175.0,15021.0,22088.53
2020-04-14,2020,Rabi,Oilseeds,Madhya Pradesh,Bhopal,Rainfed,370.44,119.0,1240.0,459.35
2020-08-02,2020,Kharif,Rice,Andhra Pradesh,Chittoor,Tube Well,1034.53,103.0,3871.0,4004.67
2025-04-28,2025,Rabi,Oilseeds,Maharashtra,Nagpur,Tube Well,1155.48,115.0,3561.0,4114.66
2024-12-22,2024,Zaid,Coconut,Andhra Pradesh,Krishna,Canal,197.87,76.0,13512.0,2673.62
2020-10-09,2020,Rabi,Oilseeds,Madhya Pradesh,Bhopal,Tube Well,575.09,86.0,2137.0,1228.97
2019-03-05,2019,Rabi,Oilseeds,Gujarat,Surat,Tube Well,340.35,127.0,1858.0,632.37
2016-07-31,2016,Rabi,Oilseeds,Rajasthan,Jodhpur,Rainfed,75.37,104.0,2597.0,195.74
2016-10-10,2016,Zaid,Coconut,Andhra Pradesh,Krishna,Tube Well,1050.9,121.0,11525.0,12111.62
2022-10-22,2022,Kharif,Pulses,Rajasthan,Jodhpur,Rainfed,211.78,72.0,787.0,166.67
2025-08-07,2025,Perennial,Tea,Kerala,Kozhikode,Drip,282.84,73.0,2885.0,815.99
2017-06-05,2017,Rabi,Wheat,Madhya Pradesh,Bhopal,Tube Well,265.95,108.0,5023.0,1335.87
2018-01-23,2018,Kharif,Cotton,Telangana,Warangal,Canal,188.26,107.0,580.0,109.19
2025-05-12,2025,Kharif,Oilseeds,Gujarat,Vadodara,Rainfed,527.06,182.0,1788.0,942.38
2021-04-13,2021,Rabi,Oilseeds,Maharashtra,Pune,Tube Well,562.5,55.0,3065.0,1724.06
2021-08-16,2021,Perennial,Coffee,Tamil Nadu,Madurai,Drip,455.54,199.0,1760.0,801.75
2024-01-16,2024,Kharif,Maize,Karnataka,Bangalore,Canal,1008.76,193.0,9210.0,9290.68
2018-08-10,2018,Zaid,Coconut,Karnataka,Belgaum,Drip,380.33,131.0,16448.0,6255.67
2019-01-01,2019,Kharif,Rice,Odisha,Bhubaneswar,Canal,37.04,158.0,3699.0,137.01
2023-09-06,2023,Rabi,Oilseeds,Maharashtra,Pune,Rainfed,240.18,190.0,2705.0,649.69
2025-03-27,2025,Perennial,Sugarcane,Karnataka,Mysore,Tube Well,796.43,88.0,102289.0,81466.03
2016-09-22,2016,Zaid,Coconut,Tamil Nadu,Chennai,Canal,654.04,97.0,6415.0,4195.67
2016-11-26,2016,Kharif,Maize,Telangana,Warangal,Tube Well,857.04,67.0,3887.0,3331.31
2019-10-31,2019,Rabi,Pulses,Rajasthan,Udaipur,Tube Well,489.16,135.0,1996.0,976.36
2015-10-05,2015,Kharif,Oilseeds,Maharashtra,Nashik,Drip,260.57,74.0,2366.0,616.51
2017-11-02,2017,Rabi,Potato,West Bengal,Darjeeling,Canal,141.5,190.0,32116.0,4544.41
2016-04-20,2016,Zaid,Coconut,Kerala,Thrissur,Rainfed,421.4,115.0,6011.0,2533.04
2016-11-27,2016,Zaid,Coconut,Kerala,Thrissur,Drip,535.56,188.0,13483.0,7220.96
2015-07-11,2015,Kharif,Oilseeds,Madhya Pradesh,Bhopal,Tube Well,140.85,81.0,2158.0,303.95
2017-02-25,2017,Perennial,Coffee,Tamil Nadu,Madurai,Canal,665.85,154.0,2011.0,1339.02
2016-08-23,2016,Rabi,Oilseeds,Madhya Pradesh,Bhopal,Rainfed,693.37,147.0,1732.0,1200.92
2019-11-07,2019,Kharif,Cotton,Andhra Pradesh,Chittoor,Canal,875.81,110.0,1474.0,1290.94
2015-12-12,2015,Rabi,Pulses,Madhya Pradesh,Bhopal,Rainfed,534.71,185.0,1449.0,774.79
2023-03-03,2023,Rabi,Wheat,Uttar Pradesh,Kanpur,Tube Well,1186.1,115.0,4102.0,4865.38
2025-01-02,2025,Rabi,Oilseeds,Gujarat,Vadodara,Tube Well,133.86,80.0,1917.0,256.61
2015-12-03,2015,Rabi,Potato,Punjab,Amritsar,Tube Well,313.71,197.0,38961.0,12222.46
2019-05-23,2019,Rabi,Potato,Bihar,Patna,Canal,47.72,116.0,36504.0,1741.97
2022-11-03,2022,Kharif,Maize,Karnataka,Mysore,Drip,168.03,81.0,7205.0,1210.66
2023-08-28,2023,Perennial,Sugarcane,Maharashtra,Nashik,Tube Well,1188.01,105.0,104663.0,124340.69
2017-07-08,2017,Rabi,Potato,Punjab,Amritsar,Tube Well,341.0,142.0,21916.0,7473.36
2018-01-03,2018,Kharif,Maize,Telangana,Warangal,Canal,599.27,127.0,6799.0,4074.44
2019-05-26,2019,Zaid,Coconut,Andhra Pradesh,Chittoor,Tube Well,832.97,145.0,15979.0,13310.03
2015-06-09,2015,Perennial,Tea,Assam,Tinsukia,Rainfed,519.81,149.0,2127.0,1105.64
2020-05-06,2020,Perennial,Apple,Himachal Pradesh,Shimla,Rainfed,281.42,69.0,13606.0,3829.0
2022-04-10,2022,Kharif,Cotton,Andhra Pradesh,Krishna,Canal,588.5,97.0,845.0,497.28
2020-02-26,2020,Kharif,Maize,Telangana,Warangal,Canal,383.73,162.0,8134.0,3121.26
2022-07-13,2022,Rabi,Oilseeds,Maharashtra,Mumbai,Tube Well,1192.8,148.0,3352.0,3998.27
2020-06-16,2020,Kharif,Oilseeds,Rajasthan,Jodhpur,Rainfed,16.56,63.0,2436.0,40.34
2019-12-03,2019,Perennial,Sugarcane,Maharashtra,Nashik,Rainfed,79.0,97.0,84221.0,6653.46
2024-01-27,2024,Kharif,Cotton,Andhra Pradesh,Visakhapatnam,Tube Well,596.09,190.0,1154.0,687.89
2020-02-27,2020,Kharif,Cotton,Gujarat,Surat,Rainfed,403.31,179.0,1075.0,433.56
2017-06-03,2017,Rabi,Pulses,Rajasthan,Jaipur,Rainfed,291.68,151.0,2075.0,605.24
2025-02-05,2025,Kharif,Oilseeds,Maharashtra,Pune,Drip,1297.22,61.0,2344.0,3040.68
2015-10-06,2015,Zaid,Coconut,Karnataka,Hubli,Canal,854.9,141.0,16473.0,14082.77
2016-11-13,2016,Rabi,Potato,Uttar Pradesh,Kanpur,Tube Well,1317.34,52.0,12687.0,16713.09
2020-03-15,2020,Kharif,Pulses,Uttar Pradesh,Kanpur,Rainfed,559.18,149.0,881.0,492.64
2023-07-26,2023,Kharif,Oilseeds,Rajasthan,Jodhpur,Tube Well,175.3,160.0,2789.0,488.91
2019-11-10,2019,Rabi,Pulses,Rajasthan,Jodhpur,Tube Well,539.91,125.0,2405.0,1298.48
2018-01-19,2018,Kharif,Oilseeds,Maharashtra,Nashik,Tube Well,1051.77,51.0,1723.0,1812.2
2019-01-13,2019,Rabi,Oilseeds,Maharashtra,Nagpur,Tube Well,719.37,150.0,3294.0,2369.6
2016-06-20,2016,Rabi,Pulses,Uttar Pradesh,Varanasi,Tube Well,1344.95,173.0,2087.0,2806.91
2018-12-24,2018,Zaid,Coconut,Karnataka,Mysore,Canal,1064.38,138.0,8928.0,9502.78
2017-07-10,2017,Perennial,Tea,West Bengal,Darjeeling,Canal,523.41,156.0,2078.0,1087.65
2021-03-31,2021,Perennial,Sugarcane,Uttar Pradesh,Kanpur,Canal,341.77,64.0,66200.0,22625.17
2022-08-05,2022,Perennial,Sugarcane,Tamil Nadu,Madurai,Drip,573.65,157.0,116560.0,66864.64
2016-06-01,2016,Kharif,Rice,Punjab,Ludhiana,Tube Well,1484.4,142.0,4562.0,6771.83
2016-09-23,2016,Kharif,Rice,Bihar,Muzaffarpur,Canal,300.0,100.0,3786.0,1135.8
2019-10-14,2019,Kharif,Pulses,Madhya Pradesh,Bhopal,Tube Well,497.9,153.0,2725.0,1356.78
2024-05-27,2024,Perennial,Coffee,Tamil Nadu,Madurai,Tube Well,766.44,147.0,1810.0,1387.26
2022-03-22,2022,Perennial,Coffee,Tamil Nadu,Coimbatore,Canal,243.18,140.0,1451.0,352.85
2024-10-22,2024,Perennial,Coffee,Kerala,Thrissur,Rainfed,474.88,77.0,969.0,460.16
2018-06-23,2018,Kharif,Maize,Andhra Pradesh,Chittoor,Tube Well,384.26,94.0,4480.0,1721.48
2020-02-09,2020,Perennial,Apple,Jammu and Kashmir,Srinagar,Rainfed,343.14,199.0,13424.0,4606.31
2021-05-27,2021,Rabi,Pulses,Madhya Pradesh,Bhopal,Tube Well,574.66,115.0,2527.0,1452.17
2016-01-02,2016,Kharif,Maize,Madhya Pradesh,Bhopal,Tube Well,662.75,59.0,6667.0,4418.55
2017-10-25,2017,Rabi,Potato,Bihar,Gaya,Rainfed,207.69,185.0,13368.0,2776.4
2020-06-13,2020,Kharif,Oilseeds,Rajasthan,Jodhpur,Rainfed,33.86,76.0,1047.0,35.45
2017-10-12,2017,Rabi,Pulses,Uttar Pradesh,Lucknow,Canal,1277.28,111.0,2630.0,3359.25
2020-07-31,2020,Kharif,Rice,Tamil Nadu,Coimbatore,Drip,431.56,92.0,3523.0,1520.39
2020-10-30,2020,Rabi,Wheat,Rajasthan,Jodhpur,Rainfed,134.01,195.0,3600.0,482.44
2018-07-12,2018,Rabi,Pulses,Maharashtra,Mumbai,Drip,128.55,107.0,1239.0,159.27
2018-03-04,2018,Perennial,Coffee,Kerala,Kozhikode,Rainfed,418.04,156.0,1465.0,612.43
2018-11-11,2018,Rabi,Pulses,Maharashtra,Nashik,Rainfed,203.67,140.0,1000.0,203.67
2016-11-25,2016,Rabi,Pulses,Madhya Pradesh,Bhopal,Rainfed,457.69,56.0,1432.0,655.41
2017-12-06,2017,Perennial,Sugarcane,Maharashtra,Mumbai,Drip,948.23,108.0,73700.0,69884.55
2016-01-27,2016,Perennial,Sugarcane,Karnataka,Belgaum,Tube Well,593.21,109.0,74357.0,44109.32
2022-12-26,2022,Kharif,Rice,Punjab,Amritsar,Canal,1356.51,198.0,5500.0,7460.8
2016-11-19,2016,Rabi,Pulses,Uttar Pradesh,Kanpur,Tube Well,241.8,172.0,1223.0,295.72
2022-01-23,2022,Kharif,Pulses,Madhya Pradesh,Bhopal,Rainfed,400.22,178.0,1170.0,468.26
2024-01-13,2024,Kharif,Rice,Chhattisgarh,Raipur,Rainfed,122.6,97.0,2371.0,290.68
2019-05-06,2019,Rabi,Wheat,Haryana,Faridabad,Canal,1227.5,99.0,2742.0,3365.8
2022-04-05,2022,Perennial,Apple,Jammu and Kashmir,Srinagar,Rainfed,373.57,127.0,15278.0,5707.4
2017-12-20,2017,Kharif,Rice,Odisha,Bhubaneswar,Rainfed,366.0,145.0,3588.0,1313.21
2020-05-24,2020,Perennial,Sugarcane,Karnataka,Belgaum,Canal,343.27,159.0,135851.0,46633.57
2016-02-03,2016,Perennial,Sugarcane,Tamil Nadu,Madurai,Drip,314.45,173.0,105772.0,33260.01
2020-11-17,2020,Perennial,Coffee,Tamil Nadu,Coimbatore,Drip,947.1,181.0,856.0,810.72
2025-03-12,2025,Kharif,Maize,Karnataka,Bangalore,Canal,753.86,54.0,6153.0,4638.5
2016-01-18,2016,Perennial,Coffee,Kerala,Thrissur,Rainfed,705.67,169.0,600.0,423.4
2022-12-15,2022,Kharif,Pulses,Uttar Pradesh,Varanasi,Tube Well,185.1,142.0,1992.0,368.72
2024-10-07,2024,Rabi,Oilseeds,Madhya Pradesh,Bhopal,Rainfed,386.06,130.0,1334.0,515.0
2025-05-30,2025,Kharif,Cotton,Telangana,Warangal,Canal,611.8,144.0,1335.0,816.75
2025-06-21,2025,Kharif,Cotton,Maharashtra,Nashik,Tube Well,1167.25,182.0,1620.0,1890.94
2024-07-07,2024,Zaid,Coconut,Tamil Nadu,Coimbatore,Canal,426.4,132.0,16267.0,6936.25
2021-06-19,2021,Rabi,Potato,West Bengal,Howrah,Canal,351.27,74.0,25851.0,9080.68
2021-09-28,2021,Kharif,Oilseeds,Rajasthan,Jaipur,Tube Well,639.95,116.0,2689.0,1720.83
2024-07-22,2024,Kharif,Pulses,Maharashtra,Pune,Tube Well,71.32,189.0,1243.0,88.65
2023-09-19,2023,Rabi,Wheat,Rajasthan,Udaipur,Rainfed,340.92,172.0,3963.0,1351.07
2022-09-29,2022,Kharif,Oilseeds,Gujarat,Vadodara,Rainfed,555.77,80.0,2778.0,1543.93
2022-09-10,2022,Perennial,Tea,Kerala,Thrissur,Rainfed,125.38,157.0,1811.0,227.06
2025-05-21,2025,Kharif,Rice,Chhattisgarh,Raipur,Rainfed,282.52,88.0,4243.0,1198.73
2021-07-21,2021,Kharif,Pulses,Maharashtra,Nagpur,Drip,942.15,102.0,2425.0,2284.71
2022-07-23,2022,Kharif,Cotton,Maharashtra,Nagpur,Drip,483.26,120.0,1466.0,708.46
2019-10-01,2019,Rabi,Wheat,Rajasthan,Jodhpur,Rainfed,223.67,116.0,3583.0,801.41
2024-08-19,2024,Kharif,Maize,Madhya Pradesh,Bhopal,Tube Well,627.7,54.0,4226.0,2652.66
2020-08-26,2020,Kharif,Cotton,Maharashtra,Nashik,Drip,1285.44,166.0,1542.0,1982.15
2020-11-14,2020,Perennial,Coffee,Kerala,Thrissur,Drip,625.69,177.0,1010.0,631.95
2022-09-14,2022,Rabi,Pulses,Uttar Pradesh,Kanpur,Tube Well,1271.05,130.0,2208.0,2806.48
2025-07-28,2025,Kharif,Pulses,Rajasthan,Jaipur,Tube Well,658.26,76.0,973.0,640.49
2017-11-27,2017,Rabi,Pulses,Uttar Pradesh,Lucknow,Canal,1204.64,87.0,2452.0,2953.78
2020-11-04,2020,Perennial,Tea,West Bengal,Howrah,Canal,1078.59,69.0,2791.0,3010.34
2018-02-15,2018,Kharif,Pulses,Madhya Pradesh,Bhopal,Rainfed,600.35,75.0,1530.0,918.54
2021-03-25,2021,Kharif,Maize,Telangana,Warangal,Tube Well,598.76,181.0,4765.0,2853.09
2020-05-25,2020,Zaid,Coconut,Tamil Nadu,Madurai,Drip,765.75,122.0,15158.0,11607.24
2020-08-05,2020,Rabi,Wheat,Haryana,Faridabad,Tube Well,1261.11,67.0,4460.0,5624.55
2019-12-16,2019,Rabi,Pulses,Uttar Pradesh,Varanasi,Tube Well,1027.68,88.0,2011.0,2066.66
2024-03-22,2024,Kharif,Pulses,Uttar Pradesh,Lucknow,Canal,1144.2,192.0,3037.0,3474.94
2017-03-22,2017,Kharif,Oilseeds,Madhya Pradesh,Bhopal,Rainfed,180.65,126.0,1229.0,222.02
2021-05-21,2021,Rabi,Pulses,Maharashtra,Pune,Rainfed,1187.32,127.0,1714.0,2035.07
2018-07-09,2018,Kharif,Pulses,Madhya Pradesh,Bhopal,Tube Well,363.3,129.0,1904.0,691.72
2021-05-18,2021,Rabi,Oilseeds,Maharashtra,Nashik,Drip,217.78,67.0,1669.0,363.47
2017-12-04,2017,Rabi,Potato,West Bengal,Howrah,Rainfed,881.77,196.0,26940.0,23754.88
2022-11-16,2022,Kharif,Maize,Madhya Pradesh,Bhopal,Rainfed,291.55,63.0,4985.0,1453.38
2024-03-22,2024,Perennial,Sugarcane,Karnataka,Hubli,Drip,210.69,155.0,88084.0,18558.42
2024-07-29,2024,Perennial,Apple,Himachal Pradesh,Kangra,Rainfed,135.56,59.0,11851.0,1606.52
2019-09-28,2019,Zaid,Coconut,Kerala,Ernakulam,Rainfed,37.61,117.0,4841.0,182.07
2023-03-09,2023,Kharif,Oilseeds,Maharashtra,Nashik,Drip,126.9,185.0,3465.0,439.71
2024-09-26,2024,Kharif,Pulses,Maharashtra,Pune,Drip,774.49,165.0,2703.0,2093.45
2020-01-25,2020,Rabi,Potato,West Bengal,Kolkata,Canal,954.18,100.0,17053.0,16271.63
2017-01-03,2017,Kharif,Oilseeds,Rajasthan,Udaipur,Tube Well,319.49,133.0,2874.0,918.21
2016-11-01,2016,Perennial,Sugarcane,Uttar Pradesh,Lucknow,Rainfed,942.83,75.0,67325.0,63476.03
2020-03-17,2020,Kharif,Oilseeds,Madhya Pradesh,Bhopal,Tube Well,649.69,193.0,3275.0,2127.73
2017-04-21,2017,Rabi,Oilseeds,Gujarat,Surat,Rainfed,434.56,156.0,2016.0,876.07
2020-05-26,2020,Kharif,Maize,Karnataka,Hubli,Drip,723.2,106.0,5216.0,3772.21
2019-01-29,2019,Rabi,Wheat,Bihar,Purnia,Rainfed,356.93,98.0,2474.0,883.04
2016-08-03,2016,Kharif,Maize,Karnataka,Bangalore,Canal,710.56,86.0,7196.0,5113.19
2020-04-25,2020,Rabi,Pulses,Madhya Pradesh,Bhopal,Rainfed,181.91,168.0,1099.0,199.92
2024-01-05,2024,Kharif,Oilseeds,Rajasthan,Udaipur,Rainfed,684.71,115.0,1267.0,867.53
2020-12-20,2020,Perennial,Sugarcane,Maharashtra,Nagpur,Tube Well,108.27,100.0,69390.0,7512.86
2015-12-06,2015,Kharif,Cotton,Gujarat,Rajkot,Tube Well,611.23,186.0,672.0,410.75
2019-10-13,2019,Perennial,Coffee,Kerala,Kozhikode,Drip,236.17,73.0,673.0,158.94
2025-06-23,2025,Perennial,Apple,Jammu and Kashmir,Srinagar,Rainfed,244.33,90.0,6419.0,1568.35
2020-01-27,2020,Kharif,Oilseeds,Rajasthan,Udaipur,Tube Well,305.53,102.0,1759.0,537.43
2022-05-03,2022,Zaid,Coconut,Karnataka,Mysore,Tube Well,344.27,89.0,7634.0,2628.16
2021-10-13,2021,Kharif,Pulses,Madhya Pradesh,Bhopal,Tube Well,207.53,138.0,1283.0,266.26
2024-08-02,2024,Perennial,Coffee,Tamil Nadu,Madurai,Canal,208.92,140.0,841.0,175.7
2020-05-06,2020,Rabi,Wheat,Madhya Pradesh,Bhopal,Rainfed,628.47,58.0,2819.0,1771.66
2022-07-03,2022,Kharif,Cotton,Maharashtra,Pune,Rainfed,296.64,72.0,916.0,271.72
2020-12-02,2020,Kharif,Pulses,Uttar Pradesh,Kanpur,Tube Well,1162.55,80.0,1897.0,2205.36
2018-08-28,2018,Kharif,Cotton,Gujarat,Vadodara,Rainfed,587.2,61.0,778.0,456.84
2022-08-25,2022,Perennial,Apple,Jammu and Kashmir,Srinagar,Rainfed,38.17,69.0,8787.0,335.4
2023-06-25,2023,Kharif,Rice,Punjab,Patiala,Tube Well,256.51,86.0,4810.0,1233.81
2022-09-05,2022,Rabi,Wheat,Uttar Pradesh,Kanpur,Rainfed,1340.43,102.0,3779.0,5065.48
2023-11-15,2023,Rabi,Potato,Punjab,Ludhiana,Canal,908.2,169.0,33498.0,30422.88
2017-04-30,2017,Perennial,Tea,Assam,Dibrugarh,Rainfed,155.62,83.0,1047.0,162.93
2015-11-17,2015,Kharif,Oilseeds,Gujarat,Ahmedabad,Tube Well,847.48,151.0,2959.0,2507.69
2018-02-07,2018,Rabi,Potato,West Bengal,Kolkata,Canal,907.36,59.0,25024.0,22705.78
2023-05-08,2023,Rabi,Oilseeds,Rajasthan,Udaipur,Tube Well,238.15,149.0,2623.0,624.67
2018-02-13,2018,Zaid,Coconut,Kerala,Thrissur,Drip,449.71,169.0,13232.0,5950.56
2018-11-15,2018,Kharif,Oilseeds,Maharashtra,Mumbai,Drip,388.55,141.0,3465.0,1346.33
2017-07-08,2017,Kharif,Rice,West Bengal,Howrah,Canal,97.27,80.0,2686.0,261.27
2016-05-23,2016,Kharif,Pulses,Rajasthan,Udaipur,Tube Well,285.66,100.0,1741.0,497.33
2021-04-26,2021,Zaid,Coconut,Tamil Nadu,Chennai,Tube Well,829.06,171.0,15051.0,12478.18
2022-03-27,2022,Kharif,Rice,Telangana,Nizamabad,Tube Well,418.23,115.0,4668.0,1952.3
2023-09-14,2023,Rabi,Wheat,Haryana,Hisar,Tube Well,573.32,88.0,2643.0,1515.28
2019-01-16,2019,Kharif,Rice,Assam,Kamrup,Rainfed,299.15,190.0,4983.0,1490.66
2023-09-13,2023,Perennial,Apple,Jammu and Kashmir,Srinagar,Rainfed,188.98,146.0,15463.0,2922.2
2025-08-09,2025,Perennial,Tea,Assam,Kamrup,Rainfed,261.4,171.0,2546.0,665.52
2021-09-18,2021,Rabi,Wheat,Rajasthan,Udaipur,Tube Well,432.41,54.0,3159.0,1365.98
2018-06-25,2018,Kharif,Oilseeds,Gujarat,Vadodara,Tube Well,85.64,101.0,2623.0,224.63
2020-01-14,2020,Kharif,Pulses,Madhya Pradesh,Bhopal,Tube Well,647.84,119.0,1976.0,1280.13
2023-08-03,2023,Kharif,Oilseeds,Madhya Pradesh,Bhopal,Tube Well,146.8,138.0,3288.0,482.68
2021-02-05,2021,Kharif,Pulses,Madhya Pradesh,Bhopal,Tube Well,510.42,78.0,1942.0,991.24
2020-01-08,2020,Rabi,Pulses,Rajasthan,Udaipur,Tube Well,320.42,125.0,1374.0,440.26
2023-04-05,2023,Rabi,Oilseeds,Maharashtra,Pune,Rainfed,1007.81,153.0,2915.0,2937.77
2019-01-01,2019,Perennial,Coffee,Karnataka,Belgaum,Tube Well,910.49,102.0,1713.0,1559.67
2019-04-03,2019,Kharif,Oilseeds,Maharashtra,Nagpur,Rainfed,273.42,154.0,1966.0,537.54
2016-01-12,2016,Rabi,Potato,Bihar,Gaya,Canal,680.41,108.0,16898.0,11497.57
2016-07-11,2016,Rabi,Wheat,Punjab,Patiala,Canal,292.96,120.0,4401.0,1289.32
2021-02-16,2021,Rabi,Oilseeds,Gujarat,Surat,Tube Well,157.56,70.0,2051.0,323.16
2016-10-28,2016,Kharif,Rice,West Bengal,Darjeeling,Canal,1024.02,148.0,6063.0,6208.63
2023-06-28,2023,Rabi,Wheat,Uttar Pradesh,Kanpur,Rainfed,254.94,84.0,2529.0,644.74
2018-09-09,2018,Rabi,Potato,Punjab,Amritsar,Canal,349.92,174.0,22853.0,7996.72
2019-09-04,2019,Zaid,Coconut,Karnataka,Bangalore,Drip,152.05,133.0,15948.0,2424.89
2022-01-26,2022,Perennial,Apple,Jammu and Kashmir,Srinagar,Rainfed,193.41,134.0,11730.0,2268.7
2016-07-25,2016,Kharif,Rice,Andhra Pradesh,Chittoor,Rainfed,1104.33,187.0,2589.0,2859.11
2022-03-29,2022,Kharif,Maize,Telangana,Warangal,Tube Well,245.01,75.0,6120.0,1499.46
2018-03-28,2018,Rabi,Potato,West Bengal,Kolkata,Canal,600.62,130.0,34876.0,20947.22
2016-03-15,2016,Rabi,Pulses,Rajasthan,Jaipur,Rainfed,293.91,107.0,1085.0,318.89
2025-03-16,2025,Kharif,Oilseeds,Madhya Pradesh,Bhopal,Tube Well,275.45,195.0,4355.0,1199.58
2018-10-15,2018,Zaid,Coconut,Karnataka,Hubli,Drip,633.65,169.0,10806.0,6847.22
2019-06-21,2019,Perennial,Sugarcane,Maharashtra,Nagpur,Rainfed,730.97,164.0,107236.0,78386.3
2015-02-02,2015,Perennial,Tea,West Bengal,Kolkata,Canal,401.71,81.0,1836.0,737.54
2022-10-16,2022,Kharif,Rice,Bihar,Gaya,Rainfed,852.06,86.0,3693.0,3146.66
2019-11-26,2019,Perennial,Sugarcane,Tamil Nadu,Coimbatore,Canal,67.96,54.0,91783.0,6237.57
2015-12-03,2015,Zaid,Coconut,Karnataka,Mysore,Canal,102.91,146.0,17075.0,1757.19
2021-10-20,2021,Rabi,Potato,Bihar,Purnia,Rainfed,990.87,106.0,18182.0,18016.0
2017-11-19,2017,Rabi,Potato,Punjab,Amritsar,Tube Well,1124.05,97.0,17092.0,19212.26
2024-11-07,2024,Perennial,Coffee,Tamil Nadu,Madurai,Canal,886.28,146.0,1907.0,1690.14
2021-10-13,2021,Rabi,Oilseeds,Rajasthan,Jaipur,Rainfed,425.86,174.0,1218.0,518.7
2021-12-18,2021,Kharif,Oilseeds,Rajasthan,Jodhpur,Tube Well,299.7,70.0,3313.0,992.91
2015-11-17,2015,Rabi,Wheat,Punjab,Patiala,Canal,947.55,188.0,3401.0,3222.62
2023-09-11,2023,Rabi,Pulses,Uttar Pradesh,Kanpur,Canal,147.95,55.0,1802.0,266.61
2022-07-23,2022,Kharif,Maize,Bihar,Patna,Canal,760.19,64.0,6341.0,4820.36
2022-05-18,2022,Perennial,Tea,Kerala,Kozhikode,Drip,437.19,176.0,2355.0,1029.58
2023-03-01,2023,Rabi,Wheat,Madhya Pradesh,Bhopal,Rainfed,765.82,124.0,3812.0,2919.31
2019-09-02,2019,Rabi,Wheat,Uttar Pradesh,Lucknow,Tube Well,959.84,191.0,4699.0,4510.29
2017-08-26,2017,Kharif,Cotton,Gujarat,Vadodara,Rainfed,190.51,119.0,733.0,139.64
2021-08-08,2021,Rabi,Pulses,Rajasthan,Jodhpur,Tube Well,339.51,189.0,1750.0,594.14
2019-12-17,2019,Kharif,Maize,Karnataka,Mysore,Tube Well,73.03,86.0,4113.0,300.37
2016-09-09,2016,Kharif,Maize,Bihar,Patna,Canal,747.98,142.0,6992.0,5229.88
2017-07-20,2017,Rabi,Wheat,Uttar Pradesh,Lucknow,Rainfed,757.73,199.0,3187.0,2414.89
2022-07-05,2022,Rabi,Pulses,Rajasthan,Udaipur,Tube Well,265.06,106.0,1515.0,401.57
2024-01-01,2024,Rabi,Oilseeds,Gujarat,Ahmedabad,Rainfed,1162.57,50.0,2610.0,3034.31
2022-11-23,2022,Kharif,Maize,Karnataka,Bangalore,Tube Well,1035.25,60.0,4479.0,4636.88
2019-02-23,2019,Rabi,Oilseeds,Rajasthan,Jodhpur,Tube Well,667.45,179.0,3983.0,2658.45
2022-05-20,2022,Kharif,Oilseeds,Gujarat,Rajkot,Tube Well,272.95,124.0,3894.0,1062.87
2016-08-22,2016,Perennial,Tea,Assam,Dibrugarh,Rainfed,585.57,131.0,2336.0,1367.89
2020-08-04,2020,Rabi,Potato,West Bengal,Darjeeling,Canal,1040.47,170.0,15461.0,16086.71
2019-08-16,2019,Rabi,Oilseeds,Madhya Pradesh,Bhopal,Rainfed,460.99,172.0,3065.0,1412.93
2020-06-20,2020,Kharif,Maize,Madhya Pradesh,Bhopal,Rainfed,179.19,122.0,3748.0,671.6
2020-06-29,2020,Kharif,Maize,Bihar,Purnia,Canal,819.63,179.0,6129.0,5023.51
2021-11-01,2021,Perennial,Apple,Jammu and Kashmir,Srinagar,Rainfed,353.17,120.0,15304.0,5404.91
2025-09-21,2025,Kharif,Maize,Maharashtra,Mumbai,Rainfed,917.17,151.0,4560.0,4182.3
2020-12-31,2020,Rabi,Oilseeds,Gujarat,Surat,Rainfed,359.33,55.0,2099.0,754.23
2017-09-10,2017,Rabi,Oilseeds,Gujarat,Surat,Rainfed,236.93,71.0,1521.0,360.37
2024-04-26,2024,Kharif,Oilseeds,Rajasthan,Jodhpur,Tube Well,440.75,178.0,2512.0,1107.16
2020-01-10,2020,Perennial,Apple,Jammu and Kashmir,Srinagar,Rainfed,198.29,97.0,10807.0,2142.92
2021-10-17,2021,Rabi,Pulses,Maharashtra,Nashik,Tube Well,872.73,100.0,2451.0,2139.06
2015-10-27,2015,Kharif,Cotton,Maharashtra,Nagpur,Tube Well,154.09,149.0,862.0,132.83
2019-07-05,2019,Kharif,Rice,Bihar,Gaya,Canal,144.55,139.0,3876.0,560.28
2017-08-26,2017,Kharif,Rice,Andhra Pradesh,Guntur,Tube Well,441.84,62.0,2448.0,1081.62
2019-10-11,2019,Perennial,Sugarcane,Maharashtra,Mumbai,Tube Well,343.8,165.0,85019.0,29229.53
2020-05-04,2020,Rabi,Pulses,Rajasthan,Jodhpur,Tube Well,437.34,143.0,1521.0,665.19
2023-08-13,2023,Kharif,Cotton,Gujarat,Surat,Tube Well,447.37,178.0,650.0,290.79
2022-05-22,2022,Kharif,Rice,Andhra Pradesh,Chittoor,Canal,823.93,130.0,5138.0,4233.35
2020-05-30,2020,Rabi,Pulses,Rajasthan,Jaipur,Tube Well,540.47,112.0,1231.0,665.32
2019-08-10,2019,Rabi,Potato,Uttar Pradesh,Kanpur,Tube Well,288.88,106.0,25859.0,7470.15
2021-02-21,2021,Rabi,Pulses,Maharashtra,Mumbai,Drip,1196.57,51.0,1286.0,1538.79
2024-05-26,2024,Kharif,Rice,Odisha,Bhubaneswar,Rainfed,710.57,56.0,4378.0,3110.88
2017-03-19,2017,Kharif,Pulses,Maharashtra,Mumbai,Rainfed,818.55,70.0,1094.0,895.49
2018-09-19,2018,Rabi,Potato,Punjab,Patiala,Tube Well,1364.3,189.0,17429.0,23778.38
2016-07-30,2016,Perennial,Sugarcane,Maharashtra,Nashik,Tube Well,352.97,182.0,133452.0,47104.55
2023-11-21,2023,Kharif,Cotton,Telangana,Warangal,Rainfed,385.32,125.0,747.0,287.83
2024-02-18,2024,Rabi,Oilseeds,Madhya Pradesh,Bhopal,Rainfed,77.77,77.0,2505.0,194.81
2017-10-23,2017,Rabi,Oilseeds,Rajasthan,Udaipur,Tube Well,324.77,72.0,1951.0,633.63
2022-01-17,2022,Rabi,Potato,Punjab,Patiala,Tube Well,764.54,88.0,24749.0,18921.6
2022-09-01,2022,Kharif,Rice,Uttar Pradesh,Kanpur,Tube Well,927.94,186.0,4880.0,4528.35
2019-06-30,2019,Perennial,Coffee,Tamil Nadu,Chennai,Canal,79.8,128.0,1468.0,117.15
2017-09-14,2017,Rabi,Potato,Punjab,Amritsar,Canal,58.37,171.0,26876.0,1568.75
2017-11-11,2017,Rabi,Wheat,Rajasthan,Jodhpur,Rainfed,299.72,126.0,3104.0,930.33
2023-07-21,2023,Kharif,Maize,Madhya Pradesh,Bhopal,Tube Well,159.42,141.0,6848.0,1091.71
2025-06-08,2025,Kharif,Cotton,Gujarat,Ahmedabad,Rainfed,912.96,142.0,780.0,712.11
2022-08-10,2022,Kharif,Cotton,Andhra Pradesh,Visakhapatnam,Canal,805.8,55.0,1148.0,925.06
2021-11-12,2021,Zaid,Coconut,Tamil Nadu,Chennai,Canal,365.15,117.0,13219.0,4826.92
2021-01-05,2021,Kharif,Oilseeds,Gujarat,Surat,Tube Well,64.48,180.0,3619.0,233.35
2023-11-27,2023,Rabi,Oilseeds,Maharashtra,Mumbai,Rainfed,245.35,123.0,2003.0,491.44
2019-11-14,2019,Kharif,Oilseeds,Maharashtra,Nagpur,Tube Well,902.27,115.0,1309.0,1181.07
2022-11-03,2022,Rabi,Oilseeds,Rajasthan,Jaipur,Rainfed,693.21,129.0,2613.0,1811.36
2021-09-05,2021,Rabi,Oilseeds,Madhya Pradesh,Bhopal,Tube Well,267.9,107.0,3610.0,967.12
2019-06-28,2019,Kharif,Cotton,Andhra Pradesh,Krishna,Canal,964.38,127.0,1277.0,1231.51
2015-07-20,2015,Kharif,Oilseeds,Rajasthan,Udaipur,Rainfed,608.3,70.0,1918.0,1166.72
2015-09-11,2015,Kharif,Oilseeds,Madhya Pradesh,Bhopal,Rainfed,48.06,195.0,2460.0,118.23
2016-11-02,2016,Rabi,Potato,Uttar Pradesh,Varanasi,Tube Well,1375.17,55.0,26501.0,36443.38
2018-05-24,2018,Rabi,Potato,Bihar,Muzaffarpur,Canal,471.54,122.0,41143.0,19400.57
2025-03-03,2025,Kharif,Rice,Telangana,Hyderabad,Tube Well,868.18,81.0,2670.0,2318.04
2020-07-11,2020,Rabi,Wheat,Bihar,Patna,Canal,543.17,59.0,2495.0,1355.21
2020-05-07,2020,Kharif,Rice,Chhattisgarh,Raipur,Rainfed,172.25,148.0,5266.0,907.07
2024-07-22,2024,Kharif,Cotton,Gujarat,Ahmedabad,Rainfed,1169.86,198.0,878.0,1027.14
2019-04-21,2019,Kharif,Rice,Bihar,Gaya,Canal,250.87,162.0,5636.0,1413.9
2024-04-14,2024,Perennial,Tea,Kerala,Kozhikode,Rainfed,707.16,88.0,2063.0,1458.87
2025-03-31,2025,Kharif,Pulses,Madhya Pradesh,Bhopal,Tube Well,146.77,124.0,2232.0,327.59
2025-01-19,2025,Kharif,Maize,Karnataka,Mysore,Canal,745.5,57.0,6013.0,4482.69
2020-05-05,2020,Kharif,Pulses,Uttar Pradesh,Lucknow,Rainfed,622.82,130.0,1426.0,888.14
2025-02-15,2025,Kharif,Rice,Uttar Pradesh,Lucknow,Tube Well,1458.31,65.0,4416.0,6439.9
2023-11-24,2023,Rabi,Pulses,Uttar Pradesh,Kanpur,Canal,285.31,169.0,2489.0,710.14
2025-06-09,2025,Kharif,Rice,Odisha,Bhubaneswar,Canal,373.83,59.0,5561.0,2078.87
2023-07-05,2023,Kharif,Oilseeds,Rajasthan,Udaipur,Rainfed,451.45,51.0,1131.0,510.59
2024-11-24,2024,Rabi,Potato,Bihar,Patna,Canal,977.84,179.0,23488.0,22967.51
2021-09-22,2021,Kharif,Oilseeds,Madhya Pradesh,Bhopal,Rainfed,250.05,191.0,2071.0,517.85
2020-08-16,2020,Zaid,Coconut,Karnataka,Belgaum,Canal,442.59,63.0,11480.0,5080.93
2021-03-21,2021,Rabi,Potato,Uttar Pradesh,Varanasi,Rainfed,698.07,92.0,17476.0,12199.47
2025-08-01,2025,Kharif,Oilseeds,Maharashtra,Nashik,Rainfed,335.98,161.0,1625.0,545.97
2016-11-24,2016,Rabi,Pulses,Madhya Pradesh,Bhopal,Rainfed,655.71,131.0,878.0,575.71
2019-02-26,2019,Kharif,Oilseeds,Rajasthan,Jaipur,Tube Well,73.48,192.0,3965.0,291.35
2017-12-12,2017,Rabi,Oilseeds,Gujarat,Surat,Rainfed,848.7,108.0,1846.0,1566.7
2023-07-03,2023,Rabi,Wheat,Bihar,Purnia,Tube Well,538.59,50.0,3057.0,1646.47
2024-11-18,2024,Kharif,Maize,Madhya Pradesh,Bhopal,Rainfed,201.12,53.0,4158.0,836.26
2016-11-28,2016,Rabi,Potato,Bihar,Muzaffarpur,Tube Well,497.9,135.0,16763.0,8346.3
2016-11-13,2016,Perennial,Apple,Himachal Pradesh,Kangra,Rainfed,416.68,163.0,9901.0,4125.55
2025-03-19,2025,Perennial,Apple,Jammu and Kashmir,Srinagar,Rainfed,183.72,169.0,13947.0,2562.34
2016-07-27,2016,Rabi,Oilseeds,Maharashtra,Nashik,Drip,167.25,187.0,3937.0,658.46
2016-03-28,2016,Rabi,Oilseeds,Madhya Pradesh,Bhopal,Rainfed,42.23,84.0,2445.0,103.25
2024-11-11,2024,Kharif,Maize,Andhra Pradesh,Visakhapatnam,Tube Well,935.58,161.0,6186.0,5787.5
2017-08-19,2017,Kharif,Oilseeds,Rajasthan,Udaipur,Tube Well,238.0,174.0,2494.0,593.57
2015-11-28,2015,Rabi,Pulses,Maharashtra,Nagpur,Rainfed,1211.31,175.0,2022.0,2449.27
2024-03-25,2024,Kharif,Rice,Chhattisgarh,Raipur,Rainfed,435.83,112.0,2549.0,1110.93
2024-07-23,2024,Perennial,Apple,Jammu and Kashmir,Srinagar,Rainfed,180.15,144.0,13099.0,2359.78
2021-10-14,2021,Kharif,Pulses,Madhya Pradesh,Bhopal,Tube Well,455.93,133.0,2501.0,1140.28
2018-09-18,2018,Kharif,Rice,Odisha,Bhubaneswar,Canal,416.85,140.0,4048.0,1687.41
2015-11-13,2015,Kharif,Rice,Uttar Pradesh,Lucknow,Tube Well,1359.66,92.0,3233.0,4395.78
2020-08-26,2020,Perennial,Tea,West Bengal,Darjeeling,Canal,509.24,152.0,2556.0,1301.62
2019-01-17,2019,Rabi,Potato,Bihar,Muzaffarpur,Tube Well,113.02,157.0,20003.0,2260.74
2016-10-04,2016,Rabi,Pulses,Uttar Pradesh,Kanpur,Rainfed,899.66,79.0,1757.0,1580.7
2018-05-04,2018,Kharif,Pulses,Uttar Pradesh,Varanasi,Canal,938.24,117.0,1488.0,1396.1
2024-10-13,2024,Perennial,Coffee,Tamil Nadu,Coimbatore,Tube Well,844.21,113.0,1054.0,889.8
2017-09-19,2017,Kharif,Cotton,Andhra Pradesh,Guntur,Tube Well,1120.61,162.0,1563.0,1751.51
2015-07-08,2015,Perennial,Coffee,Karnataka,Bangalore,Drip,492.96,150.0,1058.0,521.55
2017-08-12,2017,Rabi,Wheat,Uttar Pradesh,Varanasi,Rainfed,534.59,121.0,3874.0,2071.0
2023-12-28,2023,Kharif,Pulses,Maharashtra,Nagpur,Rainfed,643.09,148.0,1132.0,727.98
2016-08-20,2016,Rabi,Wheat,Haryana,Gurgaon,Tube Well,1261.28,89.0,4740.0,5978.47
2020-12-01,2020,Rabi,Oilseeds,Rajasthan,Udaipur,Rainfed,686.19,85.0,1575.0,1080.75
2023-11-30,2023,Kharif,Cotton,Maharashtra,Pune,Rainfed,1262.89,86.0,576.0,727.42
2018-08-15,2018,Perennial,Tea,Kerala,Ernakulam,Drip,191.46,54.0,2162.0,413.94
2022-07-29,2022,Rabi,Pulses,Rajasthan,Udaipur,Rainfed,352.86,154.0,1351.0,476.71
2019-12-04,2019,Kharif,Pulses,Uttar Pradesh,Kanpur,Tube Well,396.62,198.0,1553.0,615.95
2017-08-11,2017,Kharif,Cotton,Gujarat,Ahmedabad,Rainfed,447.9,96.0,659.0,295.17
2017-01-04,2017,Rabi,Wheat,Bihar,Gaya,Rainfed,41.37,189.0,3941.0,163.04
2019-12-28,2019,Rabi,Pulses,Maharashtra,Mumbai,Tube Well,217.18,141.0,2444.0,530.79
2024-07-07,2024,Rabi,Oilseeds,Maharashtra,Mumbai,Rainfed,522.23,84.0,2539.0,1325.94
2024-04-21,2024,Rabi,Potato,West Bengal,Howrah,Rainfed,407.53,52.0,22713.0,9256.23
2017-03-01,2017,Rabi,Oilseeds,Maharashtra,Pune,Drip,369.69,159.0,1539.0,568.95
2025-05-29,2025,Perennial,Apple,Jammu and Kashmir,Srinagar,Rainfed,99.82,154.0,10074.0,1005.59
2016-01-28,2016,Rabi,Oilseeds,Madhya Pradesh,Bhopal,Tube Well,601.68,84.0,1643.0,988.56
2023-12-25,2023,Perennial,Apple,Jammu and Kashmir,Srinagar,Rainfed,124.87,100.0,5677.0,708.89
2016-02-26,2016,Kharif,Cotton,Andhra Pradesh,Krishna,Rainfed,850.79,185.0,1130.0,961.39
2020-10-08,2020,Kharif,Cotton,Gujarat,Rajkot,Tube Well,448.66,74.0,1247.0,559.48
2020-04-07,2020,Kharif,Maize,Telangana,Warangal,Tube Well,723.76,175.0,7826.0,5664.15
2018-04-18,2018,Rabi,Wheat,Bihar,Muzaffarpur,Tube Well,175.56,75.0,4565.0,801.43
2024-07-09,2024,Perennial,Tea,West Bengal,Darjeeling,Canal,181.79,122.0,2588.0,470.47
2020-03-10,2020,Kharif,Oilseeds,Madhya Pradesh,Bhopal,Rainfed,546.94,125.0,3101.0,1696.06
2016-03-04,2016,Kharif,Pulses,Rajasthan,Udaipur,Rainfed,641.29,121.0,1419.0,909.99
2020-06-23,2020,Perennial,Sugarcane,Tamil Nadu,Madurai,Tube Well,165.86,93.0,117615.0,19507.62
2021-08-01,2021,Kharif,Oilseeds,Madhya Pradesh,Bhopal,Tube Well,68.23,88.0,1517.0,103.5
2023-12-09,2023,Rabi,Oilseeds,Maharashtra,Pune,Tube Well,1215.68,160.0,1821.0,2213.75
2022-05-03,2022,Rabi,Pulses,Uttar Pradesh,Lucknow,Tube Well,184.82,91.0,1877.0,346.91
2019-06-22,2019,Perennial,Tea,Assam,Tinsukia,Rainfed,207.79,141.0,1262.0,262.23
2023-05-15,2023,Kharif,Cotton,Gujarat,Surat,Tube Well,1116.1,177.0,664.0,741.09
2023-06-03,2023,Kharif,Oilseeds,Madhya Pradesh,Bhopal,Tube Well,644.31,176.0,2004.0,1291.2
2018-03-11,2018,Rabi,Pulses,Madhya Pradesh,Bhopal,Tube Well,280.78,75.0,2107.0,591.6
2021-07-11,2021,Perennial,Tea,Kerala,Thrissur,Drip,764.08,148.0,3575.0,2731.59
2017-06-28,2017,Rabi,Pulses,Rajasthan,Jodhpur,Rainfed,401.95,140.0,1275.0,512.49
2022-08-22,2022,Kharif,Maize,Maharashtra,Nagpur,Rainfed,103.2,92.0,5780.0,596.5
2018-09-27,2018,Rabi,Oilseeds,Maharashtra,Mumbai,Drip,916.96,109.0,3660.0,3356.07
2017-10-10,2017,Perennial,Tea,Kerala,Ernakulam,Rainfed,434.45,93.0,1309.0,568.7
2024-01-13,2024,Perennial,Apple,Jammu and Kashmir,Srinagar,Rainfed,233.31,131.0,11359.0,2650.17
2019-02-15,2019,Perennial,Apple,Jammu and Kashmir,Srinagar,Rainfed,397.7,171.0,16563.0,6587.11
2024-03-10,2024,Kharif,Cotton,Telangana,Warangal,Canal,145.74,182.0,1637.0,238.58
2017-05-08,2017,Kharif,Cotton,Gujarat,Surat,Tube Well,791.59,158.0,966.0,764.68
2018-07-05,2018,Rabi,Pulses,Rajasthan,Udaipur,Tube Well,326.53,123.0,1539.0,502.53
2024-06-23,2024,Perennial,Tea,West Bengal,Kolkata,Canal,306.36,194.0,3445.0,1055.41
2020-05-22,2020,Kharif,Rice,Bihar,Purnia,Tube Well,696.61,135.0,4908.0,3418.96
2025-07-02,2025,Kharif,Cotton,Gujarat,Surat,Rainfed,805.17,122.0,546.0,439.62
2021-12-06,2021,Zaid,Coconut,Kerala,Ernakulam,Rainfed,686.63,179.0,7498.0,5148.35
2022-08-17,2022,Kharif,Oilseeds,Gujarat,Surat,Rainfed,1055.85,78.0,2208.0,2331.32
2017-08-14,2017,Kharif,Maize,Karnataka,Hubli,Tube Well,622.38,74.0,4169.0,2594.7
2020-01-12,2020,Rabi,Oilseeds,Madhya Pradesh,Bhopal,Rainfed,267.2,167.0,2663.0,711.55
2017-10-20,2017,Rabi,Potato,Uttar Pradesh,Lucknow,Canal,799.07,181.0,36646.0,29282.72
2025-03-14,2025,Zaid,Coconut,Kerala,Thrissur,Drip,293.81,61.0,7877.0,2314.34
2024-12-28,2024,Kharif,Pulses,Uttar Pradesh,Kanpur,Rainfed,423.26,165.0,1414.0,598.49
2018-06-06,2018,Rabi,Pulses,Uttar Pradesh,Varanasi,Tube Well,831.85,114.0,2494.0,2074.63
2023-03-26,2023,Rabi,Pulses,Rajasthan,Udaipur,Rainfed,463.97,156.0,1853.0,859.74
2017-02-16,2017,Rabi,Potato,West Bengal,Kolkata,Rainfed,653.72,70.0,24108.0,15759.88
2017-05-21,2017,Rabi,Oilseeds,Madhya Pradesh,Bhopal,Rainfed,763.99,196.0,2363.0,1805.31
2024-10-23,2024,Kharif,Maize,Karnataka,Hubli,Drip,335.51,182.0,5750.0,1929.18
2021-08-06,2021,Kharif,Pulses,Madhya Pradesh,Bhopal,Rainfed,304.15,111.0,1524.0,463.52
2024-04-24,2024,Kharif,Oilseeds,Maharashtra,Pune,Rainfed,871.26,184.0,2903.0,2529.27
2018-05-17,2018,Kharif,Oilseeds,Madhya Pradesh,Bhopal,Rainfed,484.28,184.0,1150.0,556.92
2024-06-10,2024,Rabi,Wheat,Punjab,Ludhiana,Tube Well,12.78,119.0,2915.0,37.25
2015-08-03,2015,Perennial,Apple,Himachal Pradesh,Shimla,Rainfed,163.02,192.0,11259.0,1835.44
2017-08-16,2017,Zaid,Coconut,Kerala,Kozhikode,Rainfed,210.47,197.0,8732.0,1837.82
2020-02-04,2020,Zaid,Coconut,Tamil Nadu,Chennai,Drip,925.51,83.0,15801.0,14623.98
2020-11-03,2020,Kharif,Maize,Andhra Pradesh,Visakhapatnam,Canal,1040.84,60.0,4010.0,4173.77
2018-11-01,2018,Rabi,Potato,Bihar,Purnia,Rainfed,291.05,100.0,16309.0,4746.73
2022-04-19,2022,Kharif,Maize,Bihar,Purnia,Tube Well,111.05,123.0,7176.0,796.89
2018-12-16,2018,Kharif,Rice,Punjab,Amritsar,Canal,315.75,64.0,4734.0,1494.76
2025-03-10,2025,Kharif,Oilseeds,Gujarat,Rajkot,Tube Well,220.12,71.0,2544.0,559.99
2022-05-29,2022,Rabi,Oilseeds,Madhya Pradesh,Bhopal,Rainfed,197.57,196.0,2887.0,570.38
2018-06-11,2018,Perennial,Sugarcane,Tamil Nadu,Coimbatore,Drip,265.76,161.0,79429.0,21109.05
2024-09-11,2024,Kharif,Cotton,Telangana,Warangal,Rainfed,437.06,181.0,1315.0,574.73
2023-11-16,2023,Kharif,Maize,Bihar,Muzaffarpur,Canal,326.44,196.0,5541.0,1808.8
2022-06-24,2022,Zaid,Coconut,Karnataka,Hubli,Drip,620.21,107.0,6482.0,4020.2
2025-05-25,2025,Kharif,Oilseeds,Gujarat,Ahmedabad,Tube Well,419.52,153.0,2327.0,976.22
2021-08-16,2021,Perennial,Tea,West Bengal,Darjeeling,Canal,898.0,78.0,2602.0,2336.6
2015-08-31,2015,Zaid,Coconut,Karnataka,Mysore,Tube Well,1046.36,133.0,7847.0,8210.79
2024-03-02,2024,Perennial,Sugarcane,Maharashtra,Nagpur,Drip,531.05,81.0,69685.0,37006.22
2017-09-04,2017,Rabi,Pulses,Uttar Pradesh,Varanasi,Tube Well,83.71,74.0,1047.0,87.64
2023-07-04,2023,Rabi,Oilseeds,Gujarat,Vadodara,Rainfed,295.1,65.0,1403.0,414.03
2024-08-21,2024,Rabi,Wheat,Uttar Pradesh,Kanpur,Rainfed,161.77,137.0,2399.0,388.09
2020-06-08,2020,Rabi,Oilseeds,Maharashtra,Nagpur,Tube Well,454.75,192.0,2576.0,1171.44
2024-06-18,2024,Rabi,Potato,Bihar,Gaya,Canal,648.66,68.0,16735.0,10855.33
2021-11-25,2021,Kharif,Maize,Telangana,Hyderabad,Canal,471.83,125.0,5565.0,2625.73
2017-01-08,2017,Rabi,Potato,Bihar,Purnia,Rainfed,250.45,153.0,20503.0,5134.98
2018-10-02,2018,Rabi,Oilseeds,Maharashtra,Mumbai,Drip,999.76,124.0,3566.0,3565.14
2018-08-29,2018,Perennial,Coffee,Karnataka,Bangalore,Drip,153.31,187.0,1158.0,177.53
2021-07-27,2021,Zaid,Coconut,Andhra Pradesh,Guntur,Rainfed,281.55,75.0,7371.0,2075.31
2017-09-18,2017,Rabi,Pulses,Maharashtra,Pune,Drip,882.1,54.0,2241.0,1976.79
2017-11-04,2017,Kharif,Oilseeds,Rajasthan,Jodhpur,Rainfed,146.09,107.0,2980.0,435.35
2015-05-08,2015,Zaid,Coconut,Kerala,Thrissur,Drip,546.22,133.0,12328.0,6733.8
2021-08-04,2021,Rabi,Oilseeds,Maharashtra,Nashik,Drip,1270.25,88.0,2508.0,3185.79
2022-05-02,2022,Perennial,Sugarcane,Karnataka,Mysore,Tube Well,916.18,75.0,98504.0,90247.39
2023-12-20,2023,Perennial,Tea,West Bengal,Darjeeling,Canal,184.41,171.0,2578.0,475.41
2016-07-24,2016,Kharif,Cotton,Telangana,Nizamabad,Rainfed,473.24,78.0,505.0,238.99
2022-02-27,2022,Perennial,Coffee,Kerala,Thrissur,Rainfed,343.63,116.0,977.0,335.73
2022-07-11,2022,Kharif,Maize,Telangana,Warangal,Rainfed,892.59,193.0,6872.0,6133.88
2016-01-29,2016,Kharif,Rice,Andhra Pradesh,Visakhapatnam,Canal,1157.64,142.0,5571.0,6449.21
2024-10-16,2024,Rabi,Pulses,Uttar Pradesh,Varanasi,Canal,199.4,125.0,1573.0,313.66
2023-01-25,2023,Kharif,Maize,Telangana,Nizamabad,Tube Well,818.77,104.0,7443.0,6094.11
2019-04-06,2019,Zaid,Coconut,Kerala,Kozhikode,Drip,162.8,128.0,10272.0,1672.28
2022-06-18,2022,Kharif,Cotton,Gujarat,Vadodara,Tube Well,390.15,160.0,999.0,389.76
2020-01-05,2020,Kharif,Rice,Punjab,Patiala,Canal,536.58,173.0,5756.0,3088.55
2021-08-25,2021,Rabi,Pulses,Uttar Pradesh,Varanasi,Rainfed,437.36,147.0,1593.0,696.71
2020-08-29,2020,Zaid,Coconut,Tamil Nadu,Madurai,Drip,940.04,169.0,9786.0,9199.23
2019-02-10,2019,Perennial,Apple,Himachal Pradesh,Mandi,Rainfed,171.67,63.0,8930.0,1533.01
2016-05-13,2016,Zaid,Coconut,Andhra Pradesh,Krishna,Canal,981.92,52.0,8024.0,7878.93
2019-05-10,2019,Rabi,Pulses,Madhya Pradesh,Bhopal,Rainfed,795.56,160.0,1850.0,1471.79
2018-09-21,2018,Kharif,Cotton,Telangana,Nizamabad,Tube Well,758.28,89.0,617.0,467.86
2018-05-14,2018,Kharif,Maize,Madhya Pradesh,Bhopal,Rainfed,283.45,182.0,5973.0,1693.05
2019-01-22,2019,Kharif,Cotton,Maharashtra,Nagpur,Tube Well,927.52,130.0,706.0,654.83
2022-11-07,2022,Rabi,Wheat,Rajasthan,Jaipur,Tube Well,378.41,122.0,3436.0,1300.22
2025-01-22,2025,Rabi,Oilseeds,Maharashtra,Mumbai,Tube Well,1024.61,166.0,2361.0,2419.1
2019-04-07,2019,Rabi,Pulses,Rajasthan,Jodhpur,Tube Well,115.64,161.0,2794.0,323.1
2024-08-08,2024,Zaid,Coconut,Tamil Nadu,Madurai,Tube Well,705.57,156.0,12152.0,8574.09
2025-01-09,2025,Rabi,Oilseeds,Rajasthan,Udaipur,Tube Well,543.83,153.0,3544.0,1927.33
2024-03-14,2024,Kharif,Pulses,Uttar Pradesh,Lucknow,Tube Well,1144.23,127.0,1946.0,2226.67
2025-02-17,2025,Kharif,Maize,Bihar,Muzaffarpur,Canal,963.96,189.0,9124.0,8795.17
2016-09-06,2016,Perennial,Tea,Kerala,Ernakulam,Drip,56.14,184.0,2007.0,112.67
2023-08-04,2023,Zaid,Coconut,Kerala,Thrissur,Drip,283.17,99.0,12132.0,3435.42
2022-06-16,2022,Perennial,Coffee,Karnataka,Hubli,Drip,529.44,171.0,2014.0,1066.29
2024-12-20,2024,Kharif,Rice,Assam,Dibrugarh,Rainfed,254.71,184.0,4434.0,1129.38
2024-09-13,2024,Perennial,Sugarcane,Uttar Pradesh,Varanasi,Tube Well,471.59,143.0,129362.0,61005.83
2016-07-24,2016,Kharif,Rice,Chhattisgarh,Raipur,Rainfed,131.53,133.0,3990.0,524.8
2020-08-13,2020,Kharif,Pulses,Rajasthan,Jaipur,Rainfed,570.94,151.0,1938.0,1106.48
2015-10-03,2015,Perennial,Sugarcane,Karnataka,Hubli,Canal,999.8,74.0,73934.0,73919.21
2019-10-02,2019,Kharif,Oilseeds,Madhya Pradesh,Bhopal,Rainfed,75.04,63.0,1407.0,105.58
2023-02-07,2023,Rabi,Pulses,Madhya Pradesh,Bhopal,Tube Well,132.37,173.0,1910.0,252.83
2022-08-01,2022,Kharif,Oilseeds,Rajasthan,Jaipur,Rainfed,167.63,136.0,2851.0,477.91
2020-09-01,2020,Rabi,Wheat,Haryana,Hisar,Tube Well,717.49,68.0,3399.0,2438.75
2019-09-09,2019,Perennial,Sugarcane,Tamil Nadu,Coimbatore,Drip,872.38,112.0,114329.0,99738.33
2021-04-07,2021,Kharif,Cotton,Maharashtra,Pune,Drip,102.18,95.0,976.0,99.73
2022-03-18,2022,Rabi,Pulses,Uttar Pradesh,Lucknow,Canal,958.85,181.0,2676.0,2565.88
2025-04-28,2025,Kharif,Rice,Andhra Pradesh,Guntur,Tube Well,187.71,126.0,3446.0,646.85
2019-02-07,2019,Rabi,Oilseeds,Gujarat,Ahmedabad,Rainfed,1166.03,137.0,2311.0,2694.7
2022-10-07,2022,Kharif,Cotton,Gujarat,Surat,Tube Well,1079.54,85.0,1061.0,1145.39
2017-08-19,2017,Kharif,Maize,Karnataka,Bangalore,Drip,1045.05,170.0,6525.0,6818.95
2019-03-10,2019,Kharif,Rice,Punjab,Patiala,Canal,168.18,190.0,6321.0,1063.07
2024-05-19,2024,Kharif,Pulses,Rajasthan,Jodhpur,Tube Well,346.75,169.0,1188.0,411.94
2018-08-05,2018,Perennial,Apple,Jammu and Kashmir,Srinagar,Rainfed,74.45,124.0,13860.0,1031.88
2023-05-25,2023,Kharif,Maize,Telangana,Hyderabad,Tube Well,544.32,175.0,5813.0,3164.13
2022-04-14,2022,Kharif,Maize,Maharashtra,Mumbai,Drip,310.23,78.0,7100.0,2202.63
2017-11-19,2017,Rabi,Oilseeds,Gujarat,Ahmedabad,Tube Well,927.05,67.0,1915.0,1775.3
2018-09-09,2018,Kharif,Oilseeds,Maharashtra,Nashik,Rainfed,840.76,116.0,1402.0,1178.75
2015-12-26,2015,Zaid,Coconut,Karnataka,Belgaum,Tube Well,633.05,77.0,8625.0,5460.06
2016-08-22,2016,Perennial,Sugarcane,Karnataka,Hubli,Tube Well,909.5,89.0,111410.0,101327.4
2017-04-12,2017,Rabi,Oilseeds,Maharashtra,Nashik,Drip,655.35,138.0,3538.0,2318.63
2020-12-27,2020,Perennial,Sugarcane,Karnataka,Hubli,Drip,304.14,111.0,98247.0,29880.84
2016-08-04,2016,Rabi,Potato,Punjab,Patiala,Tube Well,934.85,180.0,41669.0,38954.26
2017-03-24,2017,Kharif,Cotton,Gujarat,Vadodara,Tube Well,1148.9,84.0,893.0,1025.97
2022-11-02,2022,Rabi,Potato,Uttar Pradesh,Kanpur,Rainfed,905.73,200.0,19908.0,18031.27
2019-08-01,2019,Rabi,Oilseeds,Maharashtra,Nagpur,Rainfed,822.21,104.0,1286.0,1057.36
2024-08-16,2024,Rabi,Wheat,Uttar Pradesh,Kanpur,Tube Well,1402.78,127.0,2841.0,3985.3
2020-12-01,2020,Perennial,Apple,Himachal Pradesh,Mandi,Rainfed,262.48,70.0,7955.0,2088.03
2017-06-02,2017,Rabi,Wheat,Rajasthan,Jodhpur,Tube Well,697.49,137.0,2949.0,2056.9
2019-03-11,2019,Perennial,Apple,Jammu and Kashmir,Srinagar,Rainfed,72.27,194.0,11159.0,806.46
2018-12-19,2018,Zaid,Coconut,Kerala,Kozhikode,Drip,434.26,162.0,16647.0,7229.13
2017-09-21,2017,Rabi,Oilseeds,Gujarat,Ahmedabad,Rainfed,263.35,87.0,1887.0,496.94
2017-07-29,2017,Rabi,Potato,Bihar,Patna,Canal,458.79,116.0,26640.0,12222.17
2024-11-28,2024,Kharif,Rice,Chhattisgarh,Raipur,Rainfed,127.7,114.0,2802.0,357.82
2020-01-23,2020,Perennial,Tea,West Bengal,Darjeeling,Canal,252.56,65.0,1544.0,389.95
2021-06-07,2021,Rabi,Pulses,Madhya Pradesh,Bhopal,Tube Well,176.53,183.0,1553.0,274.15
2017-08-31,2017,Kharif,Pulses,Rajasthan,Udaipur,Rainfed,230.82,107.0,1485.0,342.77
2020-07-17,2020,Kharif,Oilseeds,Maharashtra,Nagpur,Drip,183.64,124.0,3133.0,575.34
2018-03-24,2018,Rabi,Potato,Uttar Pradesh,Lucknow,Rainfed,1215.92,94.0,14104.0,17149.34
2017-12-26,2017,Kharif,Cotton,Andhra Pradesh,Krishna,Rainfed,272.6,73.0,677.0,184.55
2020-01-08,2020,Kharif,Maize,Karnataka,Belgaum,Tube Well,464.06,185.0,6873.0,3189.48
2018-05-30,2018,Rabi,Potato,Bihar,Gaya,Tube Well,25.9,56.0,29339.0,759.88
2024-02-16,2024,Kharif,Pulses,Maharashtra,Nashik,Rainfed,145.3,110.0,1193.0,173.34
2021-01-11,2021,Rabi,Potato,Bihar,Patna,Rainfed,897.31,160.0,16939.0,15199.53
2021-12-31,2021,Kharif,Rice,Uttar Pradesh,Varanasi,Canal,1257.37,96.0,5492.0,6905.48
2024-06-22,2024,Kharif,Rice,Andhra Pradesh,Krishna,Rainfed,1010.7,117.0,3614.0,3652.67
2021-06-12,2021,Rabi,Pulses,Madhya Pradesh,Bhopal,Tube Well,334.97,135.0,2460.0,824.03
2020-08-12,2020,Rabi,Oilseeds,Rajasthan,Jodhpur,Rainfed,107.66,199.0,1661.0,178.82
2022-02-15,2022,Kharif,Maize,Madhya Pradesh,Bhopal,Rainfed,95.24,164.0,5872.0,559.25
2015-06-25,2015,Kharif,Cotton,Maharashtra,Nashik,Drip,791.23,195.0,854.0,675.71
2020-12-10,2020,Rabi,Wheat,Madhya Pradesh,Bhopal,Tube Well,664.27,154.0,4403.0,2924.78
2022-05-31,2022,Kharif,Pulses,Madhya Pradesh,Bhopal,Rainfed,721.09,90.0,1108.0,798.97
2022-12-04,2022,Kharif,Pulses,Maharashtra,Nashik,Rainfed,382.46,93.0,900.0,344.21
2025-02-04,2025,Kharif,Rice,Assam,Dibrugarh,Rainfed,263.61,173.0,4318.0,1138.27
2015-03-02,2015,Perennial,Sugarcane,Karnataka,Hubli,Tube Well,119.96,114.0,97731.0,11723.81
2024-12-17,2024,Zaid,Coconut,Kerala,Thrissur,Rainfed,621.78,106.0,7894.0,4908.33
2015-07-01,2015,Zaid,Coconut,Karnataka,Mysore,Drip,310.5,192.0,14028.0,4355.69
2019-04-29,2019,Zaid,Coconut,Andhra Pradesh,Krishna,Rainfed,582.31,52.0,6307.0,3672.63
2021-08-03,2021,Rabi,Oilseeds,Gujarat,Vadodara,Rainfed,1115.39,129.0,2439.0,2720.44
2019-01-30,2019,Rabi,Wheat,Haryana,Gurgaon,Canal,1055.58,166.0,3344.0,3529.86
2024-02-08,2024,Rabi,Pulses,Rajasthan,Jodhpur,Rainfed,46.39,160.0,1820.0,84.43
2020-02-17,2020,Kharif,Oilseeds,Madhya Pradesh,Bhopal,Tube Well,16.44,105.0,2757.0,45.33
2018-09-28,2018,Rabi,Oilseeds,Gujarat,Vadodara,Rainfed,947.02,130.0,2060.0,1950.86
2025-06-24,2025,Zaid,Coconut,Karnataka,Bangalore,Drip,612.23,51.0,6289.0,3850.31
2018-11-11,2018,Rabi,Wheat,Punjab,Ludhiana,Tube Well,1083.3,130.0,3410.0,3694.05
2020-02-25,2020,Kharif,Rice,West Bengal,Howrah,Rainfed,180.93,139.0,3060.0,553.65
2016-11-27,2016,Kharif,Cotton,Maharashtra,Mumbai,Tube Well,1134.94,181.0,852.0,966.97
2021-09-30,2021,Rabi,Pulses,Maharashtra,Pune,Rainfed,1007.59,82.0,1863.0,1877.14
2022-08-08,2022,Rabi,Oilseeds,Maharashtra,Nagpur,Rainfed,1159.18,174.0,3180.0,3686.19
2023-02-13,2023,Perennial,Coffee,Karnataka,Bangalore,Drip,381.79,158.0,1590.0,607.05
2021-08-25,2021,Kharif,Cotton,Maharashtra,Pune,Rainfed,365.66,150.0,610.0,223.05
2024-05-06,2024,Zaid,Coconut,Tamil Nadu,Chennai,Drip,175.39,109.0,15777.0,2767.13
2023-12-13,2023,Rabi,Potato,West Bengal,Kolkata,Rainfed,1023.8,105.0,24963.0,25557.12
2018-08-03,2018,Perennial,Coffee,Kerala,Kozhikode,Drip,149.7,155.0,815.0,122.01
2016-04-03,2016,Rabi,Pulses,Madhya Pradesh,Bhopal,Rainfed,104.26,199.0,1622.0,169.11
2021-11-21,2021,Rabi,Wheat,Rajasthan,Jaipur,Rainfed,142.95,111.0,3241.0,463.3
2024-01-27,2024,Rabi,Pulses,Uttar Pradesh,Varanasi,Canal,1159.36,188.0,1347.0,1561.66
2024-01-26,2024,Zaid,Coconut,Karnataka,Bangalore,Canal,979.59,138.0,6207.0,6080.32
2018-06-16,2018,Perennial,Coffee,Tamil Nadu,Chennai,Tube Well,893.9,180.0,1396.0,1247.88
2022-10-18,2022,Kharif,Maize,Andhra Pradesh,Visakhapatnam,Tube Well,680.25,83.0,3685.0,2506.72
2019-02-22,2019,Kharif,Maize,Andhra Pradesh,Chittoor,Rainfed,1192.72,164.0,3471.0,4139.93
2017-07-26,2017,Perennial,Apple,Jammu and Kashmir,Srinagar,Rainfed,36.85,175.0,7483.0,275.75
2017-03-26,2017,Rabi,Potato,Bihar,Muzaffarpur,Canal,868.52,175.0,42299.0,36737.53
2018-05-20,2018,Rabi,Pulses,Uttar Pradesh,Lucknow,Canal,647.29,168.0,2550.0,1650.59
2022-03-02,2022,Rabi,Oilseeds,Maharashtra,Pune,Rainfed,597.11,96.0,1868.0,1115.4
2015-12-04,2015,Kharif,Cotton,Maharashtra,Mumbai,Drip,174.6,128.0,1132.0,197.65
2023-09-06,2023,Zaid,Coconut,Andhra Pradesh,Chittoor,Canal,49.79,95.0,12411.0,617.94
2020-03-19,2020,Zaid,Coconut,Karnataka,Mysore,Tube Well,355.12,101.0,9879.0,3508.23
2025-03-04,2025,Kharif,Pulses,Madhya Pradesh,Bhopal,Rainfed,148.13,95.0,860.0,127.39
2020-01-28,2020,Kharif,Cotton,Telangana,Nizamabad,Tube Well,440.17,93.0,1238.0,544.93
2016-01-26,2016,Perennial,Sugarcane,Tamil Nadu,Chennai,Tube Well,170.59,154.0,73471.0,12533.42
2018-12-05,2018,Kharif,Pulses,Maharashtra,Pune,Rainfed,187.93,148.0,1489.0,279.83
2016-10-16,2016,Perennial,Tea,Kerala,Thrissur,Rainfed,702.81,81.0,2191.0,1539.86
2020-03-05,2020,Kharif,Pulses,Uttar Pradesh,Kanpur,Canal,1382.73,154.0,1364.0,1886.04
2016-04-24,2016,Rabi,Wheat,Madhya Pradesh,Bhopal,Tube Well,771.73,94.0,4271.0,3296.06
2022-09-22,2022,Perennial,Sugarcane,Karnataka,Hubli,Tube Well,751.75,80.0,63774.0,47942.1
2017-12-03,2017,Rabi,Potato,West Bengal,Kolkata,Rainfed,850.41,162.0,32895.0,27974.24
2025-02-21,2025,Rabi,Oilseeds,Rajasthan,Udaipur,Tube Well,586.69,104.0,3012.0,1767.11
2018-05-19,2018,Rabi,Wheat,Bihar,Purnia,Tube Well,662.33,135.0,5299.0,3509.69
2018-10-06,2018,Kharif,Pulses,Rajasthan,Jodhpur,Rainfed,237.87,80.0,1528.0,363.47
2017-05-11,2017,Kharif,Maize,Maharashtra,Pune,Rainfed,211.74,142.0,3971.0,840.82
2023-12-12,2023,Perennial,Sugarcane,Maharashtra,Mumbai,Drip,316.08,81.0,127862.0,40414.62
2023-01-11,2023,Zaid,Coconut,Karnataka,Belgaum,Tube Well,926.05,75.0,10884.0,10079.13
2023-01-19,2023,Rabi,Oilseeds,Rajasthan,Jodhpur,Rainfed,490.31,108.0,2161.0,1059.56
2022-06-22,2022,Kharif,Cotton,Andhra Pradesh,Chittoor,Rainfed,552.4,169.0,828.0,457.39
2018-05-21,2018,Kharif,Cotton,Gujarat,Surat,Tube Well,44.99,76.0,759.0,34.15
2019-02-10,2019,Kharif,Rice,Telangana,Nizamabad,Tube Well,246.92,68.0,4277.0,1056.08
2021-02-11,2021,Rabi,Wheat,Rajasthan,Jaipur,Tube Well,512.94,55.0,3173.0,1627.56
2015-12-06,2015,Zaid,Coconut,Andhra Pradesh,Chittoor,Canal,619.74,112.0,14610.0,9054.4
2021-03-17,2021,Rabi,Wheat,Punjab,Ludhiana,Tube Well,658.94,92.0,2565.0,1690.18
2019-11-21,2019,Perennial,Coffee,Tamil Nadu,Chennai,Canal,351.91,94.0,1345.0,473.32
2021-08-22,2021,Kharif,Rice,Tamil Nadu,Madurai,Tube Well,671.56,197.0,6711.0,4506.84
2022-10-08,2022,Kharif,Cotton,Andhra Pradesh,Chittoor,Rainfed,1160.0,79.0,402.0,466.32
2018-05-17,2018,Kharif,Rice,Punjab,Patiala,Tube Well,1352.67,119.0,3726.0,5040.05
2023-12-17,2023,Rabi,Wheat,Punjab,Patiala,Tube Well,55.44,198.0,3134.0,173.75
2016-09-19,2016,Kharif,Pulses,Maharashtra,Mumbai,Drip,630.43,55.0,1911.0,1204.75
2024-06-09,2024,Perennial,Tea,West Bengal,Darjeeling,Canal,369.12,154.0,2138.0,789.18
2017-05-16,2017,Kharif,Oilseeds,Maharashtra,Pune,Drip,668.68,106.0,4058.0,2713.5
2015-08-31,2015,Perennial,Sugarcane,Uttar Pradesh,Lucknow,Tube Well,913.26,186.0,118216.0,107961.94
2022-06-11,2022,Rabi,Oilseeds,Maharashtra,Nagpur,Tube Well,268.04,187.0,3111.0,833.87
2017-07-24,2017,Perennial,Tea,Kerala,Thrissur,Rainfed,627.44,108.0,2386.0,1497.07
2020-01-02,2020,Rabi,Oilseeds,Rajasthan,Jaipur,Tube Well,337.8,83.0,1774.0,599.26
2017-04-17,2017,Perennial,Tea,Kerala,Ernakulam,Drip,793.68,114.0,2599.0,2062.77
2024-07-06,2024,Kharif,Maize,Maharashtra,Nagpur,Drip,42.41,195.0,7463.0,316.51
2023-04-01,2023,Zaid,Coconut,Tamil Nadu,Coimbatore,Drip,216.79,92.0,6310.0,1367.94
2018-09-07,2018,Perennial,Apple,Jammu and Kashmir,Srinagar,Rainfed,278.96,197.0,16678.0,4652.49
2022-01-18,2022,Kharif,Pulses,Rajasthan,Jaipur,Rainfed,489.67,173.0,1839.0,900.5
2020-12-19,2020,Kharif,Oilseeds,Madhya Pradesh,Bhopal,Rainfed,469.93,90.0,2698.0,1267.87
2019-10-03,2019,Rabi,Pulses,Maharashtra,Pune,Drip,1263.83,169.0,3063.0,3871.11
2022-07-21,2022,Perennial,Apple,Himachal Pradesh,Shimla,Rainfed,213.5,57.0,8940.0,1908.69
2022-05-18,2022,Rabi,Oilseeds,Madhya Pradesh,Bhopal,Tube Well,339.46,132.0,3490.0,1184.72
2016-06-27,2016,Rabi,Pulses,Uttar Pradesh,Lucknow,Tube Well,1366.61,104.0,1902.0,2599.29
2015-10-17,2015,Kharif,Oilseeds,Rajasthan,Jaipur,Tube Well,381.52,114.0,3832.0,1461.98
2024-02-27,2024,Kharif,Oilseeds,Maharashtra,Nashik,Tube Well,466.31,121.0,1963.0,915.37
2016-02-24,2016,Perennial,Sugarcane,Karnataka,Bangalore,Tube Well,793.64,125.0,67039.0,53204.83
2019-10-02,2019,Kharif,Pulses,Uttar Pradesh,Kanpur,Canal,933.31,148.0,1468.0,1370.1
2016-08-30,2016,Rabi,Pulses,Maharashtra,Nagpur,Rainfed,405.27,155.0,1038.0,420.67
2020-12-02,2020,Perennial,Apple,Jammu and Kashmir,Srinagar,Rainfed,126.19,196.0,10895.0,1374.84
2021-12-16,2021,Kharif,Pulses,Madhya Pradesh,Bhopal,Rainfed,322.53,164.0,987.0,318.34
2019-04-28,2019,Rabi,Pulses,Rajasthan,Udaipur,Rainfed,59.42,153.0,1155.0,68.63
2020-12-17,2020,Kharif,Cotton,Maharashtra,Nagpur,Drip,1225.98,109.0,667.0,817.73
2015-11-07,2015,Rabi,Oilseeds,Madhya Pradesh,Bhopal,Rainfed,154.59,68.0,1840.0,284.45
2023-01-08,2023,Kharif,Oilseeds,Maharashtra,Pune,Rainfed,260.03,59.0,1405.0,365.34
2025-03-08,2025,Zaid,Coconut,Karnataka,Belgaum,Drip,715.27,122.0,11108.0,7945.22
2021-07-05,2021,Kharif,Cotton,Maharashtra,Mumbai,Drip,944.28,150.0,707.0,667.61
2019-01-12,2019,Rabi,Wheat,Rajasthan,Jaipur,Tube Well,518.42,148.0,4173.0,2163.37
2016-12-20,2016,Rabi,Oilseeds,Madhya Pradesh,Bhopal,Tube Well,306.31,193.0,1864.0,570.96
2022-11-04,2022,Kharif,Pulses,Maharashtra,Nashik,Rainfed,1136.59,107.0,922.0,1047.94
2018-04-18,2018,Zaid,Coconut,Kerala,Thrissur,Rainfed,439.76,144.0,6929.0,3047.1
2018-07-22,2018,Kharif,Maize,Madhya Pradesh,Bhopal,Tube Well,356.48,183.0,8187.0,2918.5
2016-03-29,2016,Rabi,Wheat,Bihar,Purnia,Canal,812.28,111.0,4816.0,3911.94
2022-02-08,2022,Kharif,Oilseeds,Gujarat,Ahmedabad,Rainfed,299.84,122.0,3005.0,901.02
2022-06-25,2022,Rabi,Potato,Bihar,Patna,Tube Well,861.58,188.0,28180.0,24279.32
2020-05-08,2020,Kharif,Pulses,Maharashtra,Nashik,Drip,705.09,133.0,1712.0,1207.11
2018-02-16,2018,Rabi,Potato,Punjab,Patiala,Canal,1351.09,170.0,43774.0,59142.61
2021-01-08,2021,Kharif,Rice,Assam,Tinsukia,Rainfed,169.27,190.0,3623.0,613.27
2019-10-22,2019,Zaid,Coconut,Karnataka,Mysore,Canal,1030.31,136.0,5728.0,5901.62
2016-01-30,2016,Kharif,Maize,Maharashtra,Nagpur,Drip,897.36,66.0,7044.0,6321.0
2020-03-25,2020,Perennial,Tea,Kerala,Ernakulam,Rainfed,498.48,173.0,1406.0,700.86
2018-11-22,2018,Perennial,Sugarcane,Maharashtra,Mumbai,Rainfed,554.47,173.0,96323.0,53408.21
2018-11-26,2018,Kharif,Maize,Bihar,Gaya,Canal,956.75,67.0,3779.0,3615.56
2018-03-28,2018,Rabi,Oilseeds,Maharashtra,Pune,Rainfed,582.66,132.0,1280.0,745.8
2025-05-26,2025,Kharif,Pulses,Rajasthan,Udaipur,Tube Well,353.99,123.0,1819.0,643.91
2024-08-22,2024,Kharif,Maize,Telangana,Hyderabad,Rainfed,705.53,177.0,3616.0,2551.2
2022-11-06,2022,Zaid,Coconut,Karnataka,Mysore,Canal,320.48,91.0,14424.0,4622.6
2024-01-19,2024,Rabi,Potato,Bihar,Gaya,Canal,298.58,114.0,33836.0,10102.75
2019-06-13,2019,Rabi,Wheat,Punjab,Amritsar,Canal,1165.19,141.0,3768.0,4390.44
2018-02-01,2018,Kharif,Rice,Odisha,Bhubaneswar,Canal,124.44,128.0,5261.0,654.68
2019-08-02,2019,Kharif,Pulses,Rajasthan,Jaipur,Rainfed,577.85,193.0,1920.0,1109.47
2018-07-13,2018,Kharif,Pulses,Madhya Pradesh,Bhopal,Tube Well,503.89,194.0,2528.0,1273.83
2020-10-08,2020,Zaid,Coconut,Andhra Pradesh,Visakhapatnam,Canal,651.51,62.0,8805.0,5736.55
2017-05-06,2017,Rabi,Oilseeds,Gujarat,Surat,Tube Well,282.64,95.0,3507.0,991.22
2025-06-12,2025,Zaid,Coconut,Kerala,Thrissur,Drip,631.23,51.0,14447.0,9119.38
2025-06-19,2025,Kharif,Oilseeds,Maharashtra,Nagpur,Drip,1048.39,113.0,1958.0,2052.75
2016-09-24,2016,Kharif,Pulses,Uttar Pradesh,Varanasi,Rainfed,729.58,149.0,2042.0,1489.8
2025-06-29,2025,Kharif,Rice,Assam,Dibrugarh,Rainfed,317.44,121.0,4253.0,1350.07
2017-01-20,2017,Kharif,Oilseeds,Maharashtra,Nashik,Drip,327.55,60.0,3540.0,1159.53
2023-02-09,2023,Kharif,Pulses,Rajasthan,Udaipur,Tube Well,530.42,79.0,1594.0,845.49
2024-10-21,2024,Perennial,Tea,Kerala,Ernakulam,Drip,515.17,76.0,2619.0,1349.23
2021-07-10,2021,Perennial,Apple,Jammu and Kashmir,Srinagar,Rainfed,90.59,127.0,7638.0,691.93
2022-09-17,2022,Rabi,Oilseeds,Rajasthan,Udaipur,Rainfed,558.18,152.0,2711.0,1513.23
2019-01-08,2019,Rabi,Oilseeds,Maharashtra,Nashik,Rainfed,1148.04,97.0,2130.0,2445.33
2017-01-03,2017,Kharif,Rice,Chhattisgarh,Raipur,Rainfed,50.88,70.0,3222.0,163.94
2015-05-17,2015,Perennial,Tea,Assam,Kamrup,Rainfed,620.21,170.0,2276.0,1411.6
2018-02-28,2018,Kharif,Rice,West Bengal,Howrah,Canal,939.55,179.0,5521.0,5187.26
2020-06-05,2020,Perennial,Coffee,Kerala,Kozhikode,Drip,793.29,91.0,1711.0,1357.32
2020-04-22,2020,Rabi,Wheat,Haryana,Karnal,Tube Well,340.27,113.0,4813.0,1637.72
2025-08-21,2025,Kharif,Cotton,Andhra Pradesh,Krishna,Canal,451.49,62.0,1279.0,577.46
2023-03-17,2023,Perennial,Apple,Himachal Pradesh,Kangra,Rainfed,483.43,84.0,7762.0,3752.38
2017-04-17,2017,Kharif,Cotton,Gujarat,Vadodara,Rainfed,121.88,165.0,1307.0,159.3
2021-11-23,2021,Rabi,Pulses,Rajasthan,Udaipur,Rainfed,371.36,105.0,1578.0,586.01
2025-03-07,2025,Rabi,Potato,Bihar,Purnia,Tube Well,511.68,141.0,22387.0,11454.98
2019-05-04,2019,Kharif,Pulses,Madhya Pradesh,Bhopal,Rainfed,489.17,192.0,984.0,481.34
2020-09-27,2020,Rabi,Pulses,Madhya Pradesh,Bhopal,Tube Well,271.33,159.0,2781.0,754.57
2018-04-28,2018,Rabi,Pulses,Rajasthan,Jodhpur,Tube Well,648.88,118.0,1984.0,1287.38
2019-12-24,2019,Zaid,Coconut,Tamil Nadu,Chennai,Drip,304.37,105.0,8076.0,2458.09
2020-12-25,2020,Kharif,Pulses,Rajasthan,Jodhpur,Rainfed,458.29,79.0,1323.0,606.32
2023-01-06,2023,Perennial,Tea,Kerala,Thrissur,Rainfed,401.78,163.0,1761.0,707.53
2017-09-19,2017,Kharif,Oilseeds,Maharashtra,Mumbai,Tube Well,354.01,67.0,3452.0,1222.04
2021-03-13,2021,Kharif,Cotton,Telangana,Warangal,Canal,178.08,59.0,970.0,172.74
2019-10-22,2019,Kharif,Rice,Tamil Nadu,Madurai,Canal,1052.65,66.0,4277.0,4502.18
2024-01-03,2024,Kharif,Cotton,Telangana,Nizamabad,Canal,509.55,86.0,1332.0,678.72
2022-03-16,2022,Kharif,Rice,Bihar,Muzaffarpur,Tube Well,608.15,144.0,4335.0,2636.33
2023-07-19,2023,Perennial,Coffee,Karnataka,Belgaum,Tube Well,863.36,179.0,1008.0,870.27
2019-01-28,2019,Kharif,Cotton,Telangana,Hyderabad,Tube Well,82.29,199.0,1515.0,124.67
2024-09-01,2024,Kharif,Cotton,Maharashtra,Nagpur,Rainfed,930.76,160.0,1239.0,1153.21
2025-06-22,2025,Kharif,Oilseeds,Rajasthan,Udaipur,Rainfed,123.95,72.0,1026.0,127.17
2015-06-23,2015,Zaid,Coconut,Kerala,Ernakulam,Rainfed,594.98,92.0,10614.0,6315.12
2016-07-22,2016,Perennial,Tea,Kerala,Thrissur,Rainfed,121.65,70.0,1551.0,188.68
2024-10-04,2024,Kharif,Maize,Karnataka,Hubli,Tube Well,917.42,67.0,4599.0,4219.21
2019-09-01,2019,Kharif,Maize,Maharashtra,Nagpur,Tube Well,888.51,135.0,4195.0,3727.3
2022-10-11,2022,Kharif,Cotton,Telangana,Nizamabad,Canal,353.44,186.0,862.0,304.67
2016-10-07,2016,Kharif,Cotton,Maharashtra,Mumbai,Rainfed,472.9,153.0,723.0,341.91
2024-07-23,2024,Kharif,Oilseeds,Maharashtra,Nashik,Rainfed,202.14,170.0,1274.0,257.53
2024-01-06,2024,Rabi,Potato,Punjab,Patiala,Tube Well,1357.04,126.0,18250.0,24765.98
2024-01-16,2024,Kharif,Rice,West Bengal,Darjeeling,Canal,139.2,121.0,5770.0,803.18
2025-01-22,2025,Rabi,Oilseeds,Maharashtra,Mumbai,Tube Well,618.98,191.0,3500.0,2166.43
2023-09-02,2023,Kharif,Cotton,Andhra Pradesh,Guntur,Canal,291.46,158.0,1482.0,431.94
2017-04-01,2017,Perennial,Apple,Himachal Pradesh,Mandi,Rainfed,498.2,119.0,6814.0,3394.73
2021-02-27,2021,Perennial,Coffee,Kerala,Thrissur,Rainfed,472.82,100.0,538.0,254.38
2023-03-20,2023,Rabi,Pulses,Rajasthan,Udaipur,Rainfed,113.21,64.0,1260.0,142.64
2025-02-24,2025,Kharif,Rice,Odisha,Bhubaneswar,Canal,604.13,173.0,4528.0,2735.5
2019-10-26,2019,Kharif,Cotton,Gujarat,Rajkot,Tube Well,1190.01,75.0,1233.0,1467.28
2017-05-13,2017,Rabi,Wheat,Uttar Pradesh,Lucknow,Rainfed,911.51,127.0,3196.0,2913.19
2018-01-05,2018,Zaid,Coconut,Tamil Nadu,Coimbatore,Canal,508.54,146.0,16377.0,8328.36
2022-09-30,2022,Rabi,Potato,West Bengal,Howrah,Canal,329.66,162.0,16486.0,5434.77
2021-12-10,2021,Perennial,Tea,Kerala,Thrissur,Drip,82.78,63.0,1982.0,164.07
2023-04-19,2023,Perennial,Apple,Himachal Pradesh,Mandi,Rainfed,121.84,52.0,8180.0,996.65
2023-02-25,2023,Kharif,Maize,Bihar,Muzaffarpur,Tube Well,558.08,156.0,4708.0,2627.44
2019-11-09,2019,Rabi,Pulses,Rajasthan,Jaipur,Rainfed,530.11,118.0,1533.0,812.66
2016-05-05,2016,Kharif,Rice,Assam,Tinsukia,Rainfed,703.57,77.0,2012.0,1415.58
2019-09-02,2019,Kharif,Maize,Karnataka,Mysore,Canal,875.15,197.0,7979.0,6982.82
2017-07-04,2017,Rabi,Oilseeds,Gujarat,Rajkot,Rainfed,159.3,169.0,1198.0,190.84
2021-05-03,2021,Kharif,Cotton,Maharashtra,Nagpur,Rainfed,1007.76,137.0,1161.0,1170.01
2020-02-25,2020,Perennial,Sugarcane,Tamil Nadu,Chennai,Canal,643.95,155.0,77321.0,49790.86
2015-08-13,2015,Kharif,Pulses,Maharashtra,Nashik,Drip,615.15,73.0,1762.0,1083.89
2024-12-23,2024,Rabi,Wheat,Uttar Pradesh,Varanasi,Canal,863.42,194.0,3572.0,3084.14
2021-10-03,2021,Rabi,Potato,West Bengal,Howrah,Canal,18.8,199.0,19723.0,370.79
2020-07-06,2020,Rabi,Pulses,Rajasthan,Jaipur,Rainfed,56.73,147.0,1790.0,101.55
2025-09-20,2025,Kharif,Rice,Uttar Pradesh,Kanpur,Rainfed,793.52,150.0,4669.0,3704.94
2019-10-28,2019,Perennial,Apple,Himachal Pradesh,Shimla,Rainfed,95.07,156.0,13517.0,1285.06
2020-06-19,2020,Rabi,Oilseeds,Rajasthan,Jodhpur,Rainfed,386.42,150.0,1953.0,754.68
2024-09-09,2024,Rabi,Potato,Punjab,Patiala,Canal,537.78,116.0,40502.0,21781.17
2025-06-02,2025,Kharif,Maize,Karnataka,Hubli,Canal,999.08,131.0,5605.0,5599.84
2021-05-27,2021,Rabi,Wheat,Haryana,Gurgaon,Canal,1330.06,92.0,3240.0,4309.39
2018-05-30,2018,Perennial,Tea,Assam,Cachar,Rainfed,784.03,117.0,2546.0,1996.14
2016-03-05,2016,Rabi,Wheat,Madhya Pradesh,Bhopal,Tube Well,720.16,115.0,5139.0,3700.9
2016-10-18,2016,Perennial,Apple,Jammu and Kashmir,Srinagar,Rainfed,394.5,93.0,10672.0,4210.1
2019-02-12,2019,Rabi,Wheat,Bihar,Patna,Rainfed,709.09,168.0,2690.0,1907.45
2020-11-17,2020,Kharif,Maize,Maharashtra,Nashik,Drip,1249.1,111.0,5211.0,6509.06
2022-11-02,2022,Kharif,Pulses,Madhya Pradesh,Bhopal,Rainfed,517.02,133.0,1495.0,772.94
2025-09-21,2025,Kharif,Cotton,Gujarat,Ahmedabad,Rainfed,972.96,73.0,961.0,935.01
2025-04-08,2025,Rabi,Potato,Bihar,Muzaffarpur,Rainfed,140.59,121.0,11870.0,1668.8
2017-11-15,2017,Zaid,Coconut,Kerala,Thrissur,Rainfed,549.25,164.0,10501.0,5767.67
2023-10-22,2023,Kharif,Pulses,Rajasthan,Jaipur,Tube Well,652.46,117.0,1205.0,786.21
2018-03-08,2018,Rabi,Potato,Uttar Pradesh,Kanpur,Canal,814.67,134.0,37678.0,30695.14
2019-12-31,2019,Rabi,Wheat,Rajasthan,Jaipur,Rainfed,138.91,155.0,3337.0,463.54
2021-09-02,2021,Rabi,Wheat,Haryana,Faridabad,Tube Well,742.38,108.0,5107.0,3791.33
2020-08-12,2020,Kharif,Maize,Madhya Pradesh,Bhopal,Tube Well,568.48,103.0,6689.0,3802.56
2019-04-07,2019,Kharif,Rice,Telangana,Hyderabad,Canal,695.11,63.0,4299.0,2988.28
2017-02-22,2017,Kharif,Maize,Karnataka,Bangalore,Tube Well,580.84,137.0,4622.0,2684.64
2019-12-21,2019,Kharif,Rice,Andhra Pradesh,Chittoor,Rainfed,268.67,156.0,3957.0,1063.13
2019-06-26,2019,Kharif,Rice,Tamil Nadu,Madurai,Tube Well,1020.09,137.0,3164.0,3227.56
2022-04-03,2022,Kharif,Rice,Odisha,Bhubaneswar,Canal,698.52,93.0,6145.0,4292.41
2022-11-09,2022,Rabi,Oilseeds,Maharashtra,Nagpur,Tube Well,359.19,89.0,1810.0,650.13
2023-05-03,2023,Kharif,Pulses,Uttar Pradesh,Lucknow,Rainfed,1219.6,74.0,1734.0,2114.79
2016-11-25,2016,Perennial,Apple,Himachal Pradesh,Mandi,Rainfed,180.45,57.0,7336.0,1323.78
2022-07-11,2022,Kharif,Oilseeds,Rajasthan,Udaipur,Tube Well,225.58,114.0,1873.0,422.51
2017-12-15,2017,Kharif,Pulses,Uttar Pradesh,Varanasi,Tube Well,1295.98,74.0,1404.0,1819.56
2015-09-24,2015,Kharif,Pulses,Uttar Pradesh,Varanasi,Canal,1311.12,154.0,2390.0,3133.58
2025-07-03,2025,Kharif,Maize,Karnataka,Mysore,Canal,444.34,194.0,7072.0,3142.37
2017-10-28,2017,Perennial,Apple,Jammu and Kashmir,Srinagar,Rainfed,13.48,61.0,5588.0,75.33
2018-10-24,2018,Kharif,Cotton,Telangana,Warangal,Tube Well,176.04,184.0,743.0,130.8
2019-10-09,2019,Perennial,Tea,Kerala,Kozhikode,Rainfed,728.34,149.0,1690.0,1230.89
2019-06-02,2019,Perennial,Sugarcane,Uttar Pradesh,Kanpur,Canal,1349.14,179.0,101033.0,136307.66
2021-01-16,2021,Rabi,Oilseeds,Madhya Pradesh,Bhopal,Tube Well,368.14,73.0,3252.0,1197.19
2022-07-18,2022,Rabi,Wheat,Punjab,Ludhiana,Canal,463.13,186.0,4800.0,2223.02
2016-08-30,2016,Rabi,Pulses,Madhya Pradesh,Bhopal,Tube Well,249.17,194.0,1517.0,377.99
2019-06-30,2019,Kharif,Cotton,Gujarat,Rajkot,Tube Well,1077.66,186.0,618.0,665.99
2021-03-29,2021,Rabi,Wheat,Madhya Pradesh,Bhopal,Rainfed,266.54,168.0,2453.0,653.82
2023-01-17,2023,Kharif,Oilseeds,Gujarat,Surat,Rainfed,618.78,64.0,2221.0,1374.31
2015-08-27,2015,Kharif,Pulses,Rajasthan,Jaipur,Tube Well,514.4,83.0,2227.0,1145.57
2018-08-30,2018,Rabi,Potato,West Bengal,Darjeeling,Canal,238.33,187.0,39215.0,9346.11
2016-09-03,2016,Rabi,Potato,West Bengal,Darjeeling,Canal,286.68,84.0,33062.0,9478.21
2021-10-17,2021,Perennial,Apple,Jammu and Kashmir,Srinagar,Rainfed,149.64,102.0,7561.0,1131.43
2017-08-10,2017,Kharif,Oilseeds,Maharashtra,Pune,Drip,853.95,58.0,3782.0,3229.64
2015-06-13,2015,Perennial,Sugarcane,Tamil Nadu,Chennai,Tube Well,901.06,144.0,74213.0,66870.37
2024-06-23,2024,Kharif,Cotton,Gujarat,Vadodara,Rainfed,660.58,134.0,1111.0,733.9
2024-09-09,2024,Kharif,Maize,Maharashtra,Mumbai,Tube Well,181.48,194.0,4874.0,884.53
2018-02-20,2018,Kharif,Pulses,Madhya Pradesh,Bhopal,Rainfed,362.53,184.0,1279.0,463.68
2023-03-27,2023,Rabi,Pulses,Rajasthan,Jaipur,Rainfed,98.11,126.0,1446.0,141.87
2019-02-18,2019,Kharif,Oilseeds,Rajasthan,Udaipur,Tube Well,70.93,141.0,1504.0,106.68
2021-06-27,2021,Rabi,Potato,Punjab,Ludhiana,Canal,888.53,112.0,24121.0,21432.23
2017-12-30,2017,Perennial,Sugarcane,Maharashtra,Nagpur,Rainfed,1243.51,70.0,63185.0,78571.18
2019-02-11,2019,Rabi,Wheat,Punjab,Patiala,Tube Well,1258.04,180.0,4774.0,6005.88
2020-12-21,2020,Rabi,Wheat,Uttar Pradesh,Lucknow,Canal,1163.96,132.0,4799.0,5585.84
2019-12-29,2019,Perennial,Sugarcane,Uttar Pradesh,Lucknow,Canal,1093.31,114.0,73805.0,80691.74
2017-05-19,2017,Zaid,Coconut,Tamil Nadu,Coimbatore,Tube Well,987.87,60.0,5049.0,4987.76
2022-05-14,2022,Rabi,Wheat,Uttar Pradesh,Kanpur,Canal,1131.72,150.0,5115.0,5788.75
2021-09-12,2021,Kharif,Cotton,Andhra Pradesh,Krishna,Canal,755.98,110.0,1105.0,835.36
2023-12-09,2023,Perennial,Coffee,Kerala,Ernakulam,Drip,298.1,88.0,1392.0,414.96
2019-07-11,2019,Rabi,Oilseeds,Madhya Pradesh,Bhopal,Rainfed,89.75,182.0,3369.0,302.37
2021-11-09,2021,Kharif,Maize,Telangana,Warangal,Rainfed,420.32,78.0,4099.0,1722.89
2020-05-08,2020,Kharif,Cotton,Maharashtra,Nagpur,Tube Well,1202.97,127.0,739.0,888.99
2021-03-01,2021,Perennial,Sugarcane,Uttar Pradesh,Kanpur,Canal,878.82,169.0,124838.0,109710.13
2023-05-10,2023,Kharif,Oilseeds,Maharashtra,Nagpur,Rainfed,248.01,177.0,2970.0,736.59
2023-09-30,2023,Perennial,Apple,Himachal Pradesh,Kangra,Rainfed,328.02,173.0,11240.0,3686.94
2019-10-11,2019,Kharif,Pulses,Maharashtra,Pune,Rainfed,610.45,184.0,1860.0,1135.44
2021-12-28,2021,Zaid,Coconut,Tamil Nadu,Madurai,Drip,1025.2,71.0,10565.0,10831.24
2022-12-21,2022,Kharif,Maize,Telangana,Nizamabad,Rainfed,153.24,191.0,4871.0,746.43
2017-01-06,2017,Rabi,Oilseeds,Gujarat,Rajkot,Tube Well,857.29,52.0,1234.0,1057.9
2019-07-06,2019,Perennial,Coffee,Tamil Nadu,Coimbatore,Drip,752.95,88.0,906.0,682.17
2018-12-26,2018,Rabi,Potato,West Bengal,Darjeeling,Canal,1082.06,63.0,24126.0,26105.78
2018-01-30,2018,Rabi,Potato,Bihar,Gaya,Rainfed,569.26,192.0,20721.0,11795.64
2018-05-06,2018,Kharif,Oilseeds,Madhya Pradesh,Bhopal,Rainfed,698.54,114.0,2727.0,1904.92
2016-10-17,2016,Kharif,Oilseeds,Gujarat,Ahmedabad,Rainfed,39.41,97.0,1198.0,47.21
2015-09-23,2015,Kharif,Cotton,Maharashtra,Mumbai,Tube Well,168.53,75.0,531.0,89.49
2019-10-10,2019,Rabi,Wheat,Madhya Pradesh,Bhopal,Rainfed,283.29,73.0,2047.0,579.89
2020-04-25,2020,Kharif,Rice,Punjab,Amritsar,Canal,932.8,142.0,5732.0,5346.81
2018-02-19,2018,Kharif,Oilseeds,Gujarat,Ahmedabad,Tube Well,544.4,57.0,2553.0,1389.85
2016-06-10,2016,Rabi,Wheat,Rajasthan,Jodhpur,Tube Well,149.86,139.0,4422.0,662.68
2017-07-28,2017,Rabi,Oilseeds,Madhya Pradesh,Bhopal,Rainfed,475.47,166.0,1457.0,692.76
2020-07-24,2020,Zaid,Coconut,Karnataka,Bangalore,Tube Well,627.7,140.0,11034.0,6926.04
2025-03-14,2025,Kharif,Maize,Telangana,Hyderabad,Rainfed,476.76,174.0,5956.0,2839.58
2017-04-02,2017,Kharif,Oilseeds,Maharashtra,Mumbai,Drip,126.82,90.0,3196.0,405.32
2017-08-15,2017,Perennial,Sugarcane,Tamil Nadu,Chennai,Tube Well,1020.46,62.0,84710.0,86443.17
2017-12-19,2017,Kharif,Oilseeds,Madhya Pradesh,Bhopal,Rainfed,477.88,158.0,1321.0,631.28
2015-04-06,2015,Perennial,Apple,Jammu and Kashmir,Srinagar,Rainfed,112.96,174.0,15395.0,1739.02
2020-11-24,2020,Perennial,Coffee,Karnataka,Hubli,Canal,759.29,125.0,1416.0,1075.15
2016-11-21,2016,Zaid,Coconut,Tamil Nadu,Coimbatore,Canal,356.52,173.0,16623.0,5926.43
2025-07-02,2025,Kharif,Pulses,Maharashtra,Nashik,Rainfed,662.55,119.0,1359.0,900.41
2025-02-03,2025,Perennial,Sugarcane,Maharashtra,Pune,Tube Well,450.06,80.0,75396.0,33932.72
2019-10-27,2019,Zaid,Coconut,Karnataka,Belgaum,Drip,969.63,121.0,9221.0,8940.96
2021-03-03,2021,Rabi,Pulses,Madhya Pradesh,Bhopal,Tube Well,795.24,82.0,1593.0,1266.82
2017-04-28,2017,Kharif,Maize,Bihar,Gaya,Rainfed,169.57,121.0,4977.0,843.95
2015-07-02,2015,Kharif,Pulses,Uttar Pradesh,Varanasi,Rainfed,45.13,72.0,1619.0,73.07
2025-03-04,2025,Kharif,Pulses,Uttar Pradesh,Varanasi,Rainfed,336.79,78.0,1037.0,349.25
2021-08-14,2021,Rabi,Potato,Bihar,Muzaffarpur,Tube Well,594.05,182.0,19993.0,11876.84
2019-02-15,2019,Rabi,Potato,Bihar,Muzaffarpur,Canal,182.21,67.0,17437.0,3177.2
2017-07-18,2017,Kharif,Cotton,Telangana,Warangal,Canal,732.22,84.0,1471.0,1077.1
2019-11-06,2019,Rabi,Oilseeds,Gujarat,Rajkot,Rainfed,496.32,199.0,1551.0,769.79
2017-12-02,2017,Kharif,Maize,Andhra Pradesh,Chittoor,Tube Well,736.53,136.0,5441.0,4007.46
2017-05-02,2017,Rabi,Wheat,Madhya Pradesh,Bhopal,Tube Well,369.94,138.0,4019.0,1486.79
2021-02-26,2021,Perennial,Apple,Jammu and Kashmir,Srinagar,Rainfed,362.3,177.0,11920.0,4318.62
2020-08-06,2020,Kharif,Rice,West Bengal,Darjeeling,Rainfed,48.3,129.0,4767.0,230.25
2021-02-25,2021,Kharif,Rice,Odisha,Bhubaneswar,Rainfed,659.08,83.0,2244.0,1478.98
2023-03-05,2023,Kharif,Oilseeds,Rajasthan,Jodhpur,Tube Well,460.0,113.0,1575.0,724.5
2024-01-16,2024,Rabi,Potato,Uttar Pradesh,Lucknow,Rainfed,977.78,163.0,18017.0,17616.66
2019-10-29,2019,Zaid,Coconut,Andhra Pradesh,Krishna,Rainfed,502.65,181.0,8298.0,4170.99
2021-04-29,2021,Perennial,Coffee,Kerala,Ernakulam,Drip,22.38,91.0,1182.0,26.45
2018-07-31,2018,Kharif,Cotton,Gujarat,Rajkot,Rainfed,830.2,89.0,692.0,574.5
2020-07-23,2020,Perennial,Apple,Himachal Pradesh,Mandi,Rainfed,416.44,99.0,13355.0,5561.56
2020-06-07,2020,Kharif,Maize,Bihar,Gaya,Rainfed,94.38,139.0,5842.0,551.37
2016-10-09,2016,Rabi,Potato,Uttar Pradesh,Lucknow,Rainfed,668.01,92.0,25473.0,17016.22
2018-09-12,2018,Kharif,Maize,Maharashtra,Pune,Tube Well,219.75,184.0,7679.0,1687.46
2024-06-24,2024,Perennial,Tea,Assam,Kamrup,Rainfed,492.64,197.0,1235.0,608.41
2021-06-20,2021,Rabi,Pulses,Uttar Pradesh,Lucknow,Rainfed,1180.55,152.0,1061.0,1252.56
2021-12-27,2021,Rabi,Potato,Uttar Pradesh,Kanpur,Rainfed,1003.39,196.0,28656.0,28753.14
2017-08-02,2017,Perennial,Coffee,Kerala,Ernakulam,Drip,261.27,93.0,1486.0,388.25
2017-12-12,2017,Kharif,Maize,Bihar,Purnia,Canal,148.34,172.0,7497.0,1112.1
2021-01-10,2021,Kharif,Rice,Tamil Nadu,Chennai,Canal,875.75,152.0,5997.0,5251.87
2023-12-30,2023,Perennial,Apple,Himachal Pradesh,Kangra,Rainfed,168.72,89.0,13693.0,2310.28
2023-03-26,2023,Kharif,Pulses,Maharashtra,Nagpur,Tube Well,38.56,98.0,1969.0,75.92
2019-01-21,2019,Kharif,Rice,Tamil Nadu,Chennai,Canal,632.85,123.0,3887.0,2459.89
2021-04-26,2021,Rabi,Pulses,Rajasthan,Udaipur,Rainfed,180.21,169.0,1002.0,180.57
2022-12-21,2022,Rabi,Pulses,Madhya Pradesh,Bhopal,Tube Well,674.55,181.0,1914.0,1291.09
2024-09-19,2024,Kharif,Cotton,Telangana,Hyderabad,Canal,137.5,145.0,1382.0,190.02
2020-04-22,2020,Kharif,Cotton,Telangana,Warangal,Tube Well,396.97,158.0,875.0,347.35
2021-07-25,2021,Kharif,Oilseeds,Maharashtra,Nagpur,Tube Well,336.54,90.0,1540.0,518.27
2021-02-21,2021,Rabi,Potato,Uttar Pradesh,Lucknow,Canal,1037.51,161.0,43955.0,45603.75
2025-01-20,2025,Perennial,Apple,Jammu and Kashmir,Srinagar,Rainfed,223.93,141.0,9775.0,2188.92
2020-11-26,2020,Perennial,Coffee,Karnataka,Belgaum,Canal,872.18,83.0,916.0,798.92
2025-01-14,2025,Rabi,Potato,Punjab,Ludhiana,Tube Well,693.33,193.0,19656.0,13628.09
2021-04-25,2021,Kharif,Pulses,Rajasthan,Jodhpur,Rainfed,13.32,127.0,1906.0,25.39
2024-07-11,2024,Perennial,Tea,Kerala,Thrissur,Rainfed,180.01,169.0,2484.0,447.14
2022-12-13,2022,Rabi,Potato,West Bengal,Kolkata,Canal,1099.08,129.0,30941.0,34006.63
2023-09-07,2023,Kharif,Cotton,Telangana,Hyderabad,Canal,370.76,190.0,1287.0,477.17
2015-02-21,2015,Perennial,Apple,Jammu and Kashmir,Srinagar,Rainfed,251.89,71.0,13612.0,3428.73
2021-01-27,2021,Zaid,Coconut,Andhra Pradesh,Krishna,Canal,1086.87,132.0,8138.0,8844.95
2015-12-20,2015,Zaid,Coconut,Andhra Pradesh,Chittoor,Canal,34.42,54.0,8858.0,304.89
2025-02-27,2025,Zaid,Coconut,Kerala,Kozhikode,Drip,531.09,80.0,5561.0,2953.39
2024-05-04,2024,Kharif,Cotton,Gujarat,Rajkot,Tube Well,353.17,92.0,916.0,323.5
2025-10-18,2025,Kharif,Maize,Madhya Pradesh,Bhopal,Rainfed,230.61,121.0,4268.0,984.24
2021-08-13,2021,Rabi,Potato,West Bengal,Kolkata,Canal,255.09,173.0,43346.0,11057.13
2022-08-04,2022,Kharif,Rice,Chhattisgarh,Raipur,Rainfed,577.68,120.0,3155.0,1822.58
2017-02-07,2017,Rabi,Oilseeds,Gujarat,Rajkot,Tube Well,453.81,134.0,3586.0,1627.36
2021-06-22,2021,Zaid,Coconut,Tamil Nadu,Coimbatore,Tube Well,83.16,189.0,14892.0,1238.42
2019-09-25,2019,Zaid,Coconut,Kerala,Kozhikode,Rainfed,86.51,163.0,5714.0,494.32
2024-03-09,2024,Rabi,Pulses,Maharashtra,Nagpur,Drip,201.71,58.0,2483.0,500.85
2016-11-23,2016,Zaid,Coconut,Andhra Pradesh,Guntur,Rainfed,1079.72,76.0,8566.0,9248.88
2018-09-16,2018,Perennial,Sugarcane,Tamil Nadu,Madurai,Canal,475.91,56.0,96943.0,46136.14
2020-01-03,2020,Rabi,Potato,Punjab,Amritsar,Canal,1374.91,60.0,12527.0,17223.5
2025-09-10,2025,Kharif,Oilseeds,Madhya Pradesh,Bhopal,Tube Well,655.81,101.0,3040.0,1993.66
2015-12-27,2015,Kharif,Pulses,Uttar Pradesh,Kanpur,Tube Well,1258.45,159.0,1214.0,1527.76
2021-04-06,2021,Kharif,Oilseeds,Gujarat,Surat,Rainfed,351.33,87.0,1325.0,465.51
2025-09-06,2025,Kharif,Oilseeds,Rajasthan,Jaipur,Rainfed,197.21,109.0,1205.0,237.64
2021-02-04,2021,Kharif,Cotton,Maharashtra,Nashik,Tube Well,732.49,109.0,903.0,661.44
2016-01-24,2016,Kharif,Rice,Chhattisgarh,Raipur,Rainfed,298.37,139.0,4651.0,1387.72
2016-10-01,2016,Rabi,Oilseeds,Rajasthan,Jodhpur,Tube Well,361.25,184.0,3521.0,1271.96
2020-10-11,2020,Perennial,Sugarcane,Maharashtra,Nashik,Tube Well,78.63,197.0,82344.0,6474.71
2019-09-24,2019,Kharif,Pulses,Rajasthan,Udaipur,Tube Well,680.4,141.0,2390.0,1626.16
2016-07-12,2016,Zaid,Coconut,Kerala,Ernakulam,Drip,55.95,126.0,11069.0,619.31
2020-02-12,2020,Rabi,Wheat,Punjab,Amritsar,Tube Well,276.46,152.0,2860.0,790.68
2017-07-30,2017,Kharif,Oilseeds,Rajasthan,Jodhpur,Tube Well,477.96,150.0,1998.0,954.96
2024-09-10,2024,Perennial,Apple,Himachal Pradesh,Kangra,Rainfed,86.2,129.0,13394.0,1154.56
2023-01-22,2023,Rabi,Oilseeds,Maharashtra,Nagpur,Drip,147.86,161.0,3768.0,557.14
2023-12-18,2023,Kharif,Rice,Andhra Pradesh,Chittoor,Rainfed,192.81,124.0,2650.0,510.95
2018-04-09,2018,Zaid,Coconut,Andhra Pradesh,Visakhapatnam,Canal,83.69,199.0,6704.0,561.06
2021-11-04,2021,Kharif,Maize,Andhra Pradesh,Visakhapatnam,Rainfed,309.07,57.0,3546.0,1095.96
2024-06-27,2024,Rabi,Wheat,Haryana,Faridabad,Tube Well,386.86,116.0,4673.0,1807.8
2016-01-15,2016,Kharif,Maize,Bihar,Purnia,Canal,503.64,110.0,7816.0,3936.45
2015-05-30,2015,Perennial,Coffee,Kerala,Ernakulam,Drip,356.59,166.0,1652.0,589.09
2020-09-13,2020,Rabi,Wheat,Rajasthan,Jaipur,Tube Well,336.86,79.0,2655.0,894.36
2024-08-14,2024,Rabi,Wheat,Rajasthan,Udaipur,Rainfed,435.07,115.0,3055.0,1329.14
2024-03-11,2024,Kharif,Rice,Bihar,Gaya,Rainfed,238.65,155.0,5441.0,1298.49
2020-04-12,2020,Rabi,Pulses,Madhya Pradesh,Bhopal,Tube Well,116.42,140.0,2614.0,304.32
2024-12-03,2024,Zaid,Coconut,Tamil Nadu,Chennai,Canal,967.98,132.0,16686.0,16151.71
2022-11-18,2022,Rabi,Potato,West Bengal,Darjeeling,Canal,701.0,115.0,32528.0,22802.13
2016-09-28,2016,Rabi,Potato,Punjab,Patiala,Canal,100.39,163.0,27249.0,2735.53
2025-03-26,2025,Rabi,Wheat,Haryana,Karnal,Tube Well,1345.86,147.0,5199.0,6997.13
2015-06-23,2015,Perennial,Tea,Kerala,Kozhikode,Rainfed,557.52,181.0,2661.0,1483.56
2024-10-28,2024,Rabi,Oilseeds,Rajasthan,Jaipur,Tube Well,114.68,160.0,1808.0,207.34
2018-09-28,2018,Perennial,Apple,Himachal Pradesh,Shimla,Rainfed,484.88,71.0,11961.0,5799.65
2020-10-09,2020,Perennial,Apple,Jammu and Kashmir,Srinagar,Rainfed,152.51,143.0,15150.0,2310.53
2018-10-20,2018,Rabi,Wheat,Uttar Pradesh,Kanpur,Rainfed,1476.92,57.0,3465.0,5117.53
2017-08-27,2017,Kharif,Pulses,Rajasthan,Udaipur,Tube Well,81.26,108.0,2115.0,171.86
2020-06-28,2020,Rabi,Potato,Uttar Pradesh,Lucknow,Tube Well,248.35,112.0,26818.0,6660.25
2022-01-15,2022,Perennial,Tea,Assam,Cachar,Rainfed,529.36,178.0,2447.0,1295.34
2021-08-11,2021,Kharif,Rice,Assam,Kamrup,Rainfed,27.49,77.0,3366.0,92.53
2020-03-31,2020,Rabi,Pulses,Rajasthan,Jodhpur,Tube Well,22.9,147.0,1628.0,37.28
2025-06-12,2025,Perennial,Coffee,Kerala,Kozhikode,Drip,635.67,79.0,1004.0,638.21
2017-02-13,2017,Kharif,Pulses,Maharashtra,Pune,Rainfed,226.44,192.0,1674.0,379.06
2017-05-31,2017,Rabi,Oilseeds,Maharashtra,Nashik,Rainfed,1195.24,129.0,1993.0,2382.11
2022-12-02,2022,Kharif,Pulses,Maharashtra,Nagpur,Tube Well,559.41,156.0,1992.0,1114.34
2016-07-27,2016,Kharif,Maize,Karnataka,Hubli,Canal,962.28,147.0,5419.0,5214.6
2022-09-23,2022,Zaid,Coconut,Andhra Pradesh,Guntur,Tube Well,507.14,96.0,10956.0,5556.23
2024-12-24,2024,Kharif,Maize,Telangana,Warangal,Tube Well,481.9,185.0,7282.0,3509.2
2019-03-26,2019,Kharif,Maize,Bihar,Purnia,Rainfed,323.35,144.0,5796.0,1874.14
2018-05-14,2018,Perennial,Tea,Assam,Dibrugarh,Rainfed,529.88,127.0,1958.0,1037.51
2024-08-09,2024,Kharif,Cotton,Gujarat,Rajkot,Rainfed,388.66,129.0,1047.0,406.93
2023-09-12,2023,Perennial,Coffee,Tamil Nadu,Coimbatore,Canal,253.26,184.0,1019.0,258.07
2017-01-23,2017,Perennial,Tea,Kerala,Thrissur,Drip,74.03,59.0,1504.0,111.34
2017-06-16,2017,Kharif,Rice,Chhattisgarh,Raipur,Rainfed,49.79,108.0,2550.0,126.96
2017-04-18,2017,Kharif,Cotton,Telangana,Warangal,Tube Well,282.32,176.0,1551.0,437.88
2017-02-20,2017,Zaid,Coconut,Kerala,Thrissur,Rainfed,591.81,56.0,7696.0,4554.57
2020-02-14,2020,Rabi,Wheat,Haryana,Karnal,Tube Well,295.81,146.0,3990.0,1180.28
2017-06-16,2017,Kharif,Cotton,Maharashtra,Nagpur,Rainfed,396.0,110.0,1018.0,403.13
2015-10-28,2015,Zaid,Coconut,Kerala,Thrissur,Rainfed,725.09,81.0,4772.0,3460.13
2025-03-02,2025,Kharif,Cotton,Andhra Pradesh,Visakhapatnam,Rainfed,770.6,142.0,432.0,332.9
2022-06-05,2022,Perennial,Tea,West Bengal,Howrah,Rainfed,1012.5,175.0,1650.0,1670.62
2017-05-08,2017,Kharif,Pulses,Maharashtra,Nagpur,Rainfed,1185.48,120.0,1127.0,1336.04
2025-03-09,2025,Kharif,Cotton,Maharashtra,Nashik,Tube Well,91.8,72.0,775.0,71.14
2016-08-08,2016,Kharif,Pulses,Madhya Pradesh,Bhopal,Tube Well,764.46,96.0,2472.0,1889.75
2017-02-19,2017,Perennial,Apple,Himachal Pradesh,Shimla,Rainfed,35.08,197.0,12435.0,436.22
2017-02-26,2017,Rabi,Pulses,Maharashtra,Nashik,Drip,1204.05,67.0,1948.0,2345.49
2024-08-19,2024,Perennial,Tea,West Bengal,Howrah,Canal,605.94,74.0,2494.0,1511.21
2022-01-26,2022,Kharif,Cotton,Telangana,Nizamabad,Canal,484.54,199.0,1119.0,542.2
2019-08-12,2019,Kharif,Maize,Bihar,Gaya,Rainfed,716.13,182.0,6754.0,4836.74
2015-11-17,2015,Kharif,Maize,Madhya Pradesh,Bhopal,Tube Well,704.58,156.0,8251.0,5813.49
2018-08-17,2018,Rabi,Potato,West Bengal,Darjeeling,Canal,682.53,73.0,31863.0,21747.45
2024-01-15,2024,Rabi,Potato,Bihar,Muzaffarpur,Canal,431.15,86.0,18310.0,7894.36
2018-03-18,2018,Rabi,Pulses,Madhya Pradesh,Bhopal,Rainfed,98.39,77.0,1761.0,173.26
2021-11-26,2021,Kharif,Cotton,Gujarat,Surat,Tube Well,949.16,145.0,658.0,624.55
2017-04-27,2017,Perennial,Tea,West Bengal,Kolkata,Canal,149.84,110.0,2614.0,391.68
2019-07-07,2019,Kharif,Oilseeds,Madhya Pradesh,Bhopal,Tube Well,583.83,57.0,2232.0,1303.11
2024-01-17,2024,Perennial,Tea,Kerala,Kozhikode,Rainfed,427.06,94.0,1037.0,442.86
2017-04-26,2017,Kharif,Oilseeds,Maharashtra,Nagpur,Rainfed,507.73,179.0,3179.0,1614.07
2022-06-03,2022,Rabi,Potato,Punjab,Ludhiana,Tube Well,923.35,169.0,41603.0,38414.13
2024-07-29,2024,Kharif,Cotton,Andhra Pradesh,Visakhapatnam,Rainfed,929.1,146.0,1208.0,1122.35
2015-12-02,2015,Rabi,Pulses,Maharashtra,Pune,Drip,1224.07,63.0,1322.0,1618.22
2016-04-25,2016,Rabi,Wheat,Haryana,Karnal,Tube Well,377.93,182.0,3875.0,1464.48
2023-12-13,2023,Rabi,Pulses,Uttar Pradesh,Lucknow,Rainfed,1421.22,130.0,2033.0,2889.34
2021-08-13,2021,Rabi,Wheat,Rajasthan,Udaipur,Tube Well,673.05,124.0,2921.0,1965.98
2020-11-03,2020,Zaid,Coconut,Kerala,Thrissur,Drip,652.77,190.0,13866.0,9051.31
2019-12-12,2019,Rabi,Oilseeds,Gujarat,Surat,Tube Well,1058.91,51.0,2271.0,2404.78
2021-05-04,2021,Perennial,Tea,Assam,Tinsukia,Rainfed,557.02,133.0,1289.0,718.0
2022-08-27,2022,Kharif,Maize,Maharashtra,Nashik,Rainfed,60.44,169.0,6306.0,381.13
2024-03-17,2024,Rabi,Oilseeds,Rajasthan,Jodhpur,Tube Well,406.8,60.0,1488.0,605.32
2016-01-05,2016,Rabi,Pulses,Madhya Pradesh,Bhopal,Rainfed,600.29,104.0,1507.0,904.64
2015-10-11,2015,Kharif,Oilseeds,Madhya Pradesh,Bhopal,Rainfed,753.95,197.0,1906.0,1437.03
2021-02-10,2021,Rabi,Wheat,Bihar,Gaya,Tube Well,574.75,82.0,3470.0,1994.38
2017-12-02,2017,Kharif,Maize,Bihar,Patna,Tube Well,796.26,130.0,4848.0,3860.27
2024-10-28,2024,Kharif,Maize,Bihar,Purnia,Canal,707.99,162.0,7159.0,5068.5
2021-03-30,2021,Kharif,Cotton,Gujarat,Rajkot,Tube Well,344.16,109.0,1531.0,526.91
2020-08-29,2020,Kharif,Cotton,Gujarat,Rajkot,Rainfed,194.13,111.0,1077.0,209.08
2020-11-28,2020,Rabi,Pulses,Maharashtra,Nashik,Tube Well,978.67,59.0,1896.0,1855.56
2024-02-16,2024,Rabi,Pulses,Rajasthan,Jodhpur,Tube Well,171.3,79.0,2078.0,355.96
2018-09-13,2018,Perennial,Sugarcane,Tamil Nadu,Coimbatore,Drip,276.71,182.0,145304.0,40207.07
2023-11-03,2023,Zaid,Coconut,Karnataka,Belgaum,Tube Well,711.9,173.0,11149.0,7936.97
2017-01-05,2017,Kharif,Cotton,Andhra Pradesh,Krishna,Canal,948.99,96.0,1119.0,1061.92
2021-07-02,2021,Perennial,Sugarcane,Tamil Nadu,Coimbatore,Canal,644.74,107.0,126694.0,81684.69
2022-02-02,2022,Perennial,Coffee,Kerala,Ernakulam,Drip,709.14,116.0,1692.0,1199.86
2018-12-23,2018,Rabi,Pulses,Uttar Pradesh,Kanpur,Canal,325.05,102.0,1276.0,414.76
2022-01-05,2022,Rabi,Potato,Bihar,Patna,Canal,259.89,148.0,36728.0,9545.24
2025-07-22,2025,Perennial,Tea,Kerala,Kozhikode,Rainfed,513.19,52.0,934.0,479.32
2020-08-14,2020,Rabi,Oilseeds,Gujarat,Ahmedabad,Rainfed,996.95,182.0,3066.0,3056.65
2020-12-20,2020,Perennial,Sugarcane,Maharashtra,Nashik,Rainfed,705.76,95.0,87716.0,61906.44
2025-03-14,2025,Kharif,Pulses,Madhya Pradesh,Bhopal,Tube Well,18.2,181.0,2608.0,47.47
2021-06-13,2021,Kharif,Oilseeds,Gujarat,Surat,Tube Well,815.56,118.0,1368.0,1115.69
2021-01-05,2021,Rabi,Pulses,Maharashtra,Nagpur,Tube Well,1059.52,166.0,2787.0,2952.88
2023-11-01,2023,Rabi,Potato,Bihar,Gaya,Tube Well,283.78,174.0,31980.0,9075.28
2021-08-26,2021,Perennial,Coffee,Kerala,Thrissur,Drip,52.82,95.0,1771.0,93.54
2023-06-21,2023,Perennial,Apple,Himachal Pradesh,Shimla,Rainfed,263.8,146.0,11442.0,3018.4
2018-01-29,2018,Kharif,Rice,West Bengal,Darjeeling,Rainfed,55.95,141.0,3212.0,179.71
2022-08-25,2022,Kharif,Maize,Andhra Pradesh,Guntur,Rainfed,505.06,121.0,3997.0,2018.72
2018-12-13,2018,Perennial,Sugarcane,Karnataka,Belgaum,Drip,29.42,120.0,76233.0,2242.77
2022-09-24,2022,Rabi,Wheat,Rajasthan,Jaipur,Tube Well,165.23,96.0,3874.0,640.1
2016-01-20,2016,Kharif,Rice,Chhattisgarh,Raipur,Rainfed,278.29,97.0,2393.0,665.95
2023-01-02,2023,Rabi,Wheat,Madhya Pradesh,Bhopal,Rainfed,98.25,132.0,3284.0,322.65
2019-03-17,2019,Zaid,Coconut,Tamil Nadu,Chennai,Drip,134.43,55.0,11362.0,1527.39
2025-06-27,2025,Zaid,Coconut,Karnataka,Hubli,Drip,911.5,190.0,12059.0,10991.78
2020-03-12,2020,Rabi,Wheat,Uttar Pradesh,Varanasi,Tube Well,71.72,147.0,3175.0,227.71
2017-07-10,2017,Kharif,Oilseeds,Rajasthan,Udaipur,Tube Well,485.39,117.0,2433.0,1180.95
2023-11-08,2023,Perennial,Apple,Himachal Pradesh,Shimla,Rainfed,409.1,59.0,12631.0,5167.34
2022-04-06,2022,Rabi,Oilseeds,Maharashtra,Nagpur,Drip,178.63,145.0,2850.0,509.1
2016-09-01,2016,Rabi,Wheat,Uttar Pradesh,Lucknow,Canal,301.1,53.0,3242.0,976.17
2015-06-02,2015,Kharif,Pulses,Rajasthan,Udaipur,Tube Well,452.63,152.0,2154.0,974.97
2015-11-26,2015,Zaid,Coconut,Kerala,Ernakulam,Rainfed,259.36,61.0,8233.0,2135.31
2016-07-25,2016,Kharif,Oilseeds,Gujarat,Ahmedabad,Rainfed,576.94,148.0,1271.0,733.29
2024-03-19,2024,Kharif,Cotton,Telangana,Nizamabad,Rainfed,754.04,111.0,595.0,448.65
2023-05-10,2023,Rabi,Pulses,Maharashtra,Nashik,Rainfed,188.0,149.0,1502.0,282.38
2017-10-11,2017,Kharif,Maize,Bihar,Gaya,Rainfed,623.46,71.0,3844.0,2396.58
2020-12-20,2020,Rabi,Pulses,Maharashtra,Mumbai,Tube Well,1225.69,68.0,1411.0,1729.45
2023-08-25,2023,Kharif,Rice,Punjab,Patiala,Tube Well,95.63,87.0,4122.0,394.19
2024-02-28,2024,Rabi,Oilseeds,Madhya Pradesh,Bhopal,Rainfed,57.41,112.0,1599.0,91.8
2018-03-06,2018,Kharif,Cotton,Andhra Pradesh,Chittoor,Tube Well,670.14,88.0,839.0,562.25
2023-06-05,2023,Kharif,Cotton,Maharashtra,Nashik,Tube Well,1248.5,62.0,1200.0,1498.2
2022-11-30,2022,Kharif,Cotton,Gujarat,Vadodara,Tube Well,272.36,99.0,1020.0,277.81
2024-11-15,2024,Perennial,Sugarcane,Uttar Pradesh,Kanpur,Tube Well,502.88,156.0,130519.0,65635.39
2022-12-24,2022,Perennial,Apple,Himachal Pradesh,Shimla,Rainfed,58.34,137.0,15305.0,892.89
2018-04-26,2018,Kharif,Pulses,Rajasthan,Jaipur,Tube Well,259.95,194.0,2824.0,734.1
2015-06-15,2015,Zaid,Coconut,Tamil Nadu,Chennai,Drip,58.32,115.0,8517.0,496.71
2025-01-20,2025,Rabi,Oilseeds,Maharashtra,Nashik,Drip,511.93,100.0,2675.0,1369.41
2025-06-09,2025,Perennial,Apple,Himachal Pradesh,Kangra,Rainfed,282.19,154.0,11253.0,3175.48
2020-06-22,2020,Kharif,Cotton,Maharashtra,Mumbai,Tube Well,1267.76,112.0,1398.0,1772.33
2024-07-04,2024,Rabi,Wheat,Punjab,Ludhiana,Canal,1229.4,143.0,4438.0,5456.08
2021-10-15,2021,Kharif,Rice,Chhattisgarh,Raipur,Rainfed,577.23,192.0,3187.0,1839.63
2018-07-08,2018,Kharif,Cotton,Gujarat,Ahmedabad,Tube Well,281.49,125.0,1108.0,311.89
2016-07-02,2016,Perennial,Sugarcane,Uttar Pradesh,Kanpur,Tube Well,139.98,125.0,69053.0,9666.04
2022-12-13,2022,Rabi,Potato,Bihar,Gaya,Rainfed,607.04,166.0,29586.0,17959.89
2019-11-07,2019,Kharif,Cotton,Telangana,Hyderabad,Tube Well,473.81,163.0,1202.0,569.52
2020-06-11,2020,Kharif,Cotton,Maharashtra,Nagpur,Drip,676.29,127.0,1329.0,898.79
2021-04-13,2021,Zaid,Coconut,Andhra Pradesh,Krishna,Tube Well,139.72,60.0,6578.0,919.08
2023-07-01,2023,Rabi,Oilseeds,Gujarat,Vadodara,Tube Well,597.72,197.0,3149.0,1882.22
2023-05-27,2023,Kharif,Oilseeds,Rajasthan,Jodhpur,Rainfed,113.75,107.0,2067.0,235.12
2019-02-20,2019,Perennial,Sugarcane,Uttar Pradesh,Varanasi,Tube Well,638.95,98.0,102069.0,65216.99
2019-03-09,2019,Kharif,Maize,Andhra Pradesh,Krishna,Rainfed,83.97,197.0,6455.0,542.03
2015-06-19,2015,Kharif,Cotton,Telangana,Warangal,Rainfed,772.63,181.0,1149.0,887.75
2017-05-08,2017,Perennial,Apple,Himachal Pradesh,Mandi,Rainfed,16.46,100.0,10364.0,170.59
2019-04-17,2019,Kharif,Maize,Madhya Pradesh,Bhopal,Tube Well,752.07,96.0,7133.0,5364.52
2018-12-06,2018,Kharif,Pulses,Maharashtra,Nashik,Drip,1123.13,158.0,1870.0,2100.25
2024-02-19,2024,Rabi,Potato,Punjab,Ludhiana,Tube Well,1131.39,100.0,25112.0,28411.47
2016-02-14,2016,Perennial,Apple,Jammu and Kashmir,Srinagar,Rainfed,393.19,88.0,11131.0,4376.6
2019-04-27,2019,Kharif,Cotton,Telangana,Warangal,Canal,57.9,197.0,1169.0,67.69
2019-08-21,2019,Perennial,Sugarcane,Tamil Nadu,Chennai,Tube Well,709.34,135.0,91589.0,64967.74
2022-02-03,2022,Zaid,Coconut,Tamil Nadu,Madurai,Tube Well,935.74,164.0,6919.0,6474.39
2024-08-27,2024,Kharif,Maize,Andhra Pradesh,Chittoor,Canal,160.67,157.0,7150.0,1148.79
2016-11-13,2016,Zaid,Coconut,Kerala,Thrissur,Drip,471.97,163.0,8491.0,4007.5
2017-03-17,2017,Kharif,Maize,Telangana,Nizamabad,Rainfed,360.59,186.0,3909.0,1409.55
2017-12-07,2017,Rabi,Potato,West Bengal,Darjeeling,Canal,485.05,125.0,18827.0,9132.04
2015-03-18,2015,Zaid,Coconut,Kerala,Kozhikode,Drip,730.89,163.0,14571.0,10649.8
2021-02-09,2021,Perennial,Apple,Himachal Pradesh,Kangra,Rainfed,273.94,170.0,7124.0,1951.55
2022-02-16,2022,Kharif,Oilseeds,Rajasthan,Jodhpur,Tube Well,74.35,192.0,4360.0,324.17
2023-08-17,2023,Rabi,Potato,Bihar,Patna,Tube Well,937.84,157.0,35141.0,32956.64
2024-08-07,2024,Rabi,Potato,Uttar Pradesh,Kanpur,Canal,285.96,184.0,27168.0,7768.96
2022-05-01,2022,Kharif,Oilseeds,Gujarat,Rajkot,Tube Well,1072.24,64.0,2585.0,2771.74
2020-05-21,2020,Kharif,Cotton,Maharashtra,Nashik,Rainfed,1262.49,69.0,379.0,478.48
2020-04-15,2020,Kharif,Maize,Telangana,Warangal,Canal,791.28,74.0,6959.0,5506.52
2015-11-08,2015,Rabi,Pulses,Maharashtra,Nashik,Tube Well,883.5,72.0,1351.0,1193.61
2017-10-05,2017,Rabi,Pulses,Madhya Pradesh,Bhopal,Tube Well,597.41,63.0,1046.0,624.89
2019-02-01,2019,Kharif,Pulses,Rajasthan,Jaipur,Rainfed,492.91,68.0,1594.0,785.7
2024-06-24,2024,Perennial,Sugarcane,Tamil Nadu,Madurai,Canal,511.97,199.0,103548.0,53013.47
2024-10-30,2024,Perennial,Sugarcane,Karnataka,Belgaum,Tube Well,309.12,91.0,97525.0,30146.93
2019-01-03,2019,Rabi,Potato,Uttar Pradesh,Kanpur,Rainfed,434.65,122.0,27676.0,12029.37
2016-11-12,2016,Kharif,Rice,Chhattisgarh,Raipur,Rainfed,514.51,173.0,4853.0,2496.92
2023-12-09,2023,Rabi,Pulses,Rajasthan,Jaipur,Tube Well,441.97,68.0,1435.0,634.23
2025-08-09,2025,Kharif,Cotton,Gujarat,Vadodara,Tube Well,706.01,98.0,1380.0,974.29
2024-10-29,2024,Kharif,Rice,Tamil Nadu,Chennai,Tube Well,721.34,74.0,3816.0,2752.63
2024-11-28,2024,Zaid,Coconut,Kerala,Thrissur,Drip,622.08,59.0,10180.0,6332.77
2022-11-27,2022,Kharif,Pulses,Maharashtra,Pune,Drip,975.36,194.0,2471.0,2410.11
2023-11-08,2023,Kharif,Pulses,Rajasthan,Jodhpur,Tube Well,82.72,179.0,1281.0,105.96
2020-12-12,2020,Kharif,Oilseeds,Madhya Pradesh,Bhopal,Tube Well,296.8,182.0,3190.0,946.79
2022-07-14,2022,Kharif,Rice,Telangana,Nizamabad,Canal,244.93,180.0,5643.0,1382.14
2022-03-29,2022,Kharif,Maize,Karnataka,Belgaum,Tube Well,596.68,73.0,6761.0,4034.15
2023-09-21,2023,Perennial,Apple,Himachal Pradesh,Mandi,Rainfed,40.09,168.0,9496.0,380.69
2020-02-10,2020,Kharif,Cotton,Andhra Pradesh,Krishna,Canal,917.33,159.0,868.0,796.24
2022-12-14,2022,Kharif,Maize,Madhya Pradesh,Bhopal,Rainfed,94.16,189.0,5095.0,479.75
2021-07-22,2021,Kharif,Maize,Telangana,Hyderabad,Rainfed,251.55,83.0,4856.0,1221.53
2022-12-17,2022,Perennial,Sugarcane,Uttar Pradesh,Lucknow,Canal,1176.28,112.0,105334.0,123902.28
2020-08-26,2020,Rabi,Oilseeds,Gujarat,Ahmedabad,Rainfed,71.36,94.0,1250.0,89.2
2019-02-06,2019,Kharif,Pulses,Uttar Pradesh,Kanpur,Canal,993.7,89.0,1575.0,1565.08
2019-12-02,2019,Perennial,Coffee,Karnataka,Belgaum,Canal,1017.68,148.0,809.0,823.3
2025-03-23,2025,Kharif,Oilseeds,Rajasthan,Udaipur,Rainfed,436.17,75.0,2342.0,1021.51
2022-09-27,2022,Kharif,Pulses,Rajasthan,Udaipur,Rainfed,501.73,120.0,1908.0,957.3
2023-09-15,2023,Kharif,Pulses,Rajasthan,Jaipur,Tube Well,556.66,147.0,1174.0,653.52
2020-01-11,2020,Kharif,Rice,Punjab,Ludhiana,Tube Well,341.15,70.0,4277.0,1459.1
2022-09-29,2022,Kharif,Maize,Andhra Pradesh,Krishna,Canal,701.35,89.0,6077.0,4262.1
2024-09-10,2024,Rabi,Pulses,Rajasthan,Jodhpur,Tube Well,223.25,195.0,1968.0,439.36
2024-07-06,2024,Kharif,Maize,Madhya Pradesh,Bhopal,Tube Well,207.1,169.0,6418.0,1329.17
2020-10-07,2020,Rabi,Potato,Punjab,Ludhiana,Tube Well,296.76,152.0,33517.0,9946.5
2015-07-14,2015,Kharif,Oilseeds,Madhya Pradesh,Bhopal,Rainfed,472.49,178.0,2224.0,1050.82
2025-02-09,2025,Kharif,Oilseeds,Madhya Pradesh,Bhopal,Tube Well,637.68,52.0,3278.0,2090.32
2017-03-03,2017,Rabi,Oilseeds,Maharashtra,Nagpur,Drip,1139.9,51.0,2607.0,2971.72
2015-06-30,2015,Perennial,Sugarcane,Uttar Pradesh,Varanasi,Canal,648.59,73.0,67266.0,43628.05
2024-01-13,2024,Kharif,Oilseeds,Gujarat,Rajkot,Tube Well,453.75,124.0,3837.0,1741.04
2022-06-18,2022,Rabi,Oilseeds,Maharashtra,Nashik,Rainfed,896.63,135.0,1362.0,1221.21
2017-02-17,2017,Kharif,Oilseeds,Rajasthan,Udaipur,Tube Well,548.45,67.0,3055.0,1675.51
2018-01-12,2018,Kharif,Rice,Telangana,Warangal,Tube Well,235.45,61.0,4208.0,990.77
2021-03-15,2021,Kharif,Rice,Punjab,Patiala,Tube Well,452.96,174.0,6060.0,2744.94
2019-08-27,2019,Kharif,Pulses,Rajasthan,Jaipur,Tube Well,378.04,120.0,1857.0,702.02
2018-06-20,2018,Kharif,Pulses,Maharashtra,Mumbai,Rainfed,583.26,199.0,1017.0,593.18
2020-04-16,2020,Kharif,Pulses,Madhya Pradesh,Bhopal,Rainfed,567.57,84.0,1201.0,681.65
2022-11-25,2022,Zaid,Coconut,Andhra Pradesh,Guntur,Canal,610.34,147.0,12846.0,7840.43
2017-03-12,2017,Kharif,Pulses,Maharashtra,Nashik,Drip,153.96,171.0,2414.0,371.66
2020-12-20,2020,Rabi,Wheat,Rajasthan,Udaipur,Tube Well,124.51,181.0,5727.0,713.07
2018-11-19,2018,Kharif,Pulses,Madhya Pradesh,Bhopal,Tube Well,722.51,96.0,1918.0,1385.77
2016-10-06,2016,Rabi,Potato,Uttar Pradesh,Lucknow,Canal,348.82,79.0,19969.0,6965.59
2023-11-29,2023,Rabi,Wheat,Haryana,Faridabad,Canal,79.62,84.0,2675.0,212.98
2020-05-13,2020,Kharif,Oilseeds,Rajasthan,Jaipur,Rainfed,514.7,150.0,2783.0,1432.41
2024-08-27,2024,Kharif,Oilseeds,Rajasthan,Udaipur,Rainfed,481.97,128.0,2891.0,1393.38
2021-11-09,2021,Zaid,Coconut,Karnataka,Belgaum,Tube Well,664.08,140.0,12090.0,8028.73
2022-07-13,2022,Perennial,Coffee,Kerala,Ernakulam,Drip,406.78,53.0,1235.0,502.37
2025-01-18,2025,Kharif,Cotton,Andhra Pradesh,Guntur,Tube Well,1163.8,109.0,1400.0,1629.32
2021-04-14,2021,Kharif,Pulses,Madhya Pradesh,Bhopal,Rainfed,104.67,97.0,1072.0,112.21
2018-09-16,2018,Perennial,Tea,Assam,Dibrugarh,Rainfed,413.03,180.0,1812.0,748.41
2024-05-20,2024,Kharif,Oilseeds,Gujarat,Rajkot,Rainfed,681.21,166.0,2235.0,1522.5
2017-01-22,2017,Rabi,Oilseeds,Gujarat,Rajkot,Rainfed,36.77,114.0,1115.0,41.0
2019-05-12,2019,Kharif,Maize,Madhya Pradesh,Bhopal,Tube Well,335.47,145.0,6932.0,2325.48
2025-08-07,2025,Kharif,Maize,Maharashtra,Nagpur,Drip,1019.81,57.0,4519.0,4608.52
2016-01-16,2016,Rabi,Pulses,Maharashtra,Nashik,Drip,617.72,146.0,1788.0,1104.48
2018-04-14,2018,Rabi,Wheat,Madhya Pradesh,Bhopal,Tube Well,701.47,65.0,3351.0,2350.63
2016-11-30,2016,Kharif,Cotton,Telangana,Nizamabad,Rainfed,583.87,157.0,995.0,580.95
2018-01-06,2018,Rabi,Oilseeds,Maharashtra,Pune,Drip,998.25,136.0,1657.0,1654.1
2024-09-25,2024,Zaid,Coconut,Tamil Nadu,Chennai,Tube Well,886.88,95.0,8432.0,7478.17
2019-10-23,2019,Rabi,Oilseeds,Rajasthan,Jaipur,Tube Well,485.76,106.0,1981.0,962.29
2019-07-18,2019,Kharif,Maize,Madhya Pradesh,Bhopal,Tube Well,602.01,64.0,3552.0,2138.34
2018-01-23,2018,Rabi,Oilseeds,Maharashtra,Pune,Drip,906.95,98.0,3265.0,2961.19
2023-07-26,2023,Zaid,Coconut,Karnataka,Hubli,Canal,610.01,195.0,9114.0,5559.63
2021-02-19,2021,Zaid,Coconut,Andhra Pradesh,Visakhapatnam,Canal,684.17,123.0,7332.0,5016.33
2023-03-25,2023,Rabi,Wheat,Bihar,Muzaffarpur,Rainfed,197.99,121.0,3696.0,731.77
2024-07-08,2024,Kharif,Rice,Punjab,Patiala,Tube Well,1242.88,144.0,2893.0,3595.65
2019-07-01,2019,Zaid,Coconut,Andhra Pradesh,Chittoor,Tube Well,381.44,123.0,14763.0,5631.2
2024-12-09,2024,Rabi,Oilseeds,Rajasthan,Udaipur,Rainfed,379.66,103.0,2363.0,897.14
2017-03-07,2017,Kharif,Maize,Maharashtra,Nagpur,Tube Well,331.91,71.0,4212.0,1398.0
2020-10-30,2020,Rabi,Wheat,Madhya Pradesh,Bhopal,Rainfed,559.73,145.0,2892.0,1618.74
2017-05-20,2017,Kharif,Pulses,Rajasthan,Jaipur,Rainfed,682.87,162.0,2137.0,1459.29
2020-01-01,2020,Rabi,Oilseeds,Maharashtra,Mumbai,Tube Well,1044.5,188.0,3284.0,3430.14
2022-09-12,2022,Kharif,Oilseeds,Maharashtra,Nashik,Rainfed,808.63,50.0,1996.0,1614.03
2022-10-06,2022,Rabi,Pulses,Madhya Pradesh,Bhopal,Rainfed,458.33,60.0,1454.0,666.41
2017-12-05,2017,Perennial,Coffee,Tamil Nadu,Coimbatore,Tube Well,543.85,185.0,1406.0,764.65
2019-03-06,2019,Zaid,Coconut,Karnataka,Bangalore,Tube Well,233.42,145.0,7306.0,1705.37
2025-01-01,2025,Perennial,Coffee,Karnataka,Mysore,Tube Well,389.33,194.0,964.0,375.31
2016-10-09,2016,Perennial,Sugarcane,Karnataka,Belgaum,Drip,452.97,115.0,119166.0,53978.62
2017-07-31,2017,Kharif,Oilseeds,Madhya Pradesh,Bhopal,Tube Well,756.21,113.0,3584.0,2710.26
2017-06-01,2017,Rabi,Oilseeds,Gujarat,Surat,Tube Well,516.44,102.0,2032.0,1049.41
2024-04-02,2024,Rabi,Oilseeds,Maharashtra,Pune,Tube Well,766.19,71.0,2405.0,1842.69
2025-06-04,2025,Perennial,Tea,Assam,Cachar,Rainfed,738.72,107.0,2495.0,1843.11
2021-01-08,2021,Kharif,Cotton,Telangana,Warangal,Rainfed,471.4,52.0,547.0,257.86
2024-03-15,2024,Perennial,Apple,Jammu and Kashmir,Srinagar,Rainfed,108.07,126.0,9230.0,997.49
2021-09-26,2021,Rabi,Potato,Punjab,Amritsar,Canal,577.7,177.0,25989.0,15013.85
2025-02-22,2025,Zaid,Coconut,Andhra Pradesh,Krishna,Rainfed,456.89,98.0,4203.0,1920.31
2016-09-02,2016,Kharif,Oilseeds,Gujarat,Surat,Rainfed,860.51,64.0,1868.0,1607.43
2021-09-30,2021,Kharif,Oilseeds,Maharashtra,Mumbai,Rainfed,392.0,196.0,1648.0,646.02
2018-05-05,2018,Zaid,Coconut,Andhra Pradesh,Guntur,Tube Well,879.04,69.0,6003.0,5276.88
2025-01-04,2025,Kharif,Maize,Madhya Pradesh,Bhopal,Rainfed,712.5,129.0,5348.0,3810.45
2015-02-13,2015,Perennial,Tea,Kerala,Kozhikode,Drip,275.5,171.0,3336.0,919.07
2023-06-12,2023,Kharif,Maize,Maharashtra,Mumbai,Drip,184.59,88.0,7622.0,1406.94
2020-01-12,2020,Rabi,Oilseeds,Madhya Pradesh,Bhopal,Tube Well,514.46,176.0,4130.0,2124.72
2023-08-09,2023,Kharif,Rice,Tamil Nadu,Madurai,Tube Well,403.33,134.0,6188.0,2495.81
2018-07-10,2018,Rabi,Wheat,Rajasthan,Udaipur,Rainfed,378.45,100.0,2223.0,841.29
2022-02-26,2022,Rabi,Oilseeds,Madhya Pradesh,Bhopal,Rainfed,510.99,180.0,1641.0,838.53
2023-01-05,2023,Kharif,Pulses,Madhya Pradesh,Bhopal,Tube Well,332.12,143.0,1292.0,429.1
2017-02-22,2017,Kharif,Cotton,Andhra Pradesh,Chittoor,Rainfed,1110.39,142.0,728.0,808.36
2021-06-08,2021,Kharif,Rice,Chhattisgarh,Raipur,Rainfed,285.73,126.0,2460.0,702.9
2022-01-08,2022,Rabi,Wheat,Haryana,Karnal,Tube Well,437.25,91.0,4114.0,1798.85
2024-03-21,2024,Rabi,Wheat,Haryana,Gurgaon,Canal,1241.09,96.0,4499.0,5583.66
2018-08-09,2018,Zaid,Coconut,Tamil Nadu,Madurai,Tube Well,158.57,63.0,6226.0,987.26
2023-10-20,2023,Rabi,Pulses,Uttar Pradesh,Varanasi,Rainfed,195.07,87.0,1494.0,291.43
2017-07-15,2017,Rabi,Potato,Punjab,Ludhiana,Tube Well,1404.19,92.0,13039.0,18309.23
2020-10-29,2020,Kharif,Oilseeds,Gujarat,Vadodara,Tube Well,258.67,59.0,2188.0,565.97
2016-05-26,2016,Kharif,Pulses,Uttar Pradesh,Lucknow,Tube Well,231.17,67.0,1358.0,313.93
2021-11-23,2021,Kharif,Pulses,Maharashtra,Pune,Drip,700.37,91.0,2703.0,1893.1
2021-03-19,2021,Perennial,Tea,Kerala,Kozhikode,Rainfed,46.96,152.0,2583.0,121.3
2025-06-06,2025,Perennial,Apple,Himachal Pradesh,Mandi,Rainfed,313.81,78.0,6154.0,1931.19
2015-12-27,2015,Kharif,Cotton,Maharashtra,Nagpur,Drip,594.28,128.0,1638.0,973.43
2025-04-29,2025,Rabi,Potato,Punjab,Ludhiana,Tube Well,964.21,126.0,24344.0,23472.73
2017-07-19,2017,Perennial,Coffee,Kerala,Thrissur,Drip,234.31,175.0,1682.0,394.11
2020-03-25,2020,Rabi,Potato,Punjab,Patiala,Tube Well,1359.15,141.0,28104.0,38197.55
2016-10-01,2016,Kharif,Rice,Odisha,Bhubaneswar,Rainfed,250.82,188.0,4799.0,1203.69
2017-01-21,2017,Kharif,Oilseeds,Rajasthan,Jodhpur,Rainfed,449.92,144.0,1785.0,803.11
2017-12-13,2017,Rabi,Pulses,Madhya Pradesh,Bhopal,Tube Well,756.62,54.0,1024.0,774.78
2017-05-27,2017,Perennial,Apple,Himachal Pradesh,Kangra,Rainfed,206.4,107.0,9200.0,1898.88
2019-11-27,2019,Rabi,Oilseeds,Gujarat,Surat,Tube Well,202.1,155.0,2907.0,587.5
2017-04-30,2017,Kharif,Pulses,Madhya Pradesh,Bhopal,Rainfed,64.02,121.0,1507.0,96.48
2025-07-13,2025,Kharif,Cotton,Maharashtra,Nashik,Drip,1252.29,113.0,1455.0,1822.08
2022-01-02,2022,Zaid,Coconut,Kerala,Thrissur,Rainfed,613.32,151.0,4710.0,2888.74
2021-09-26,2021,Perennial,Sugarcane,Karnataka,Mysore,Tube Well,1011.66,93.0,124147.0,125594.55
2021-03-11,2021,Rabi,Oilseeds,Rajasthan,Jaipur,Tube Well,492.19,186.0,4361.0,2146.44
2022-09-28,2022,Rabi,Wheat,Bihar,Purnia,Canal,349.02,112.0,2965.0,1034.84
2016-02-11,2016,Kharif,Rice,Tamil Nadu,Chennai,Drip,144.09,145.0,4510.0,649.85
2018-03-19,2018,Perennial,Sugarcane,Karnataka,Bangalore,Tube Well,1022.94,197.0,118327.0,121041.42
2021-02-11,2021,Zaid,Coconut,Karnataka,Mysore,Tube Well,543.68,168.0,9931.0,5399.29
2016-06-26,2016,Kharif,Pulses,Rajasthan,Jaipur,Rainfed,283.59,130.0,1446.0,410.07
2022-01-30,2022,Zaid,Coconut,Tamil Nadu,Madurai,Canal,639.79,179.0,9975.0,6381.91
2018-02-17,2018,Kharif,Cotton,Andhra Pradesh,Guntur,Canal,136.81,134.0,1359.0,185.92
2024-11-28,2024,Kharif,Oilseeds,Maharashtra,Nagpur,Drip,408.87,116.0,2445.0,999.69
2023-07-19,2023,Kharif,Maize,Bihar,Gaya,Tube Well,641.5,181.0,6226.0,3993.98
2022-02-13,2022,Kharif,Pulses,Maharashtra,Mumbai,Rainfed,139.16,54.0,1353.0,188.28
2021-10-08,2021,Kharif,Rice,Andhra Pradesh,Guntur,Canal,170.94,111.0,6608.0,1129.57
2018-02-22,2018,Rabi,Potato,Bihar,Purnia,Canal,515.48,101.0,30198.0,15566.47
2016-03-18,2016,Rabi,Potato,Punjab,Amritsar,Canal,938.95,157.0,17392.0,16330.22
2016-02-11,2016,Rabi,Pulses,Madhya Pradesh,Bhopal,Rainfed,157.73,52.0,1069.0,168.61
2018-11-17,2018,Kharif,Maize,Maharashtra,Nagpur,Rainfed,52.68,149.0,4592.0,241.91
2018-07-15,2018,Kharif,Oilseeds,Madhya Pradesh,Bhopal,Tube Well,767.11,102.0,3149.0,2415.63
2019-03-22,2019,Rabi,Oilseeds,Gujarat,Surat,Tube Well,42.72,65.0,2243.0,95.82
2016-09-26,2016,Kharif,Pulses,Madhya Pradesh,Bhopal,Tube Well,11.62,197.0,2367.0,27.5
2022-06-20,2022,Kharif,Pulses,Madhya Pradesh,Bhopal,Rainfed,265.44,82.0,1731.0,459.48
2025-04-20,2025,Perennial,Apple,Himachal Pradesh,Kangra,Rainfed,119.0,102.0,6005.0,714.6
2015-10-10,2015,Zaid,Coconut,Kerala,Ernakulam,Drip,463.13,81.0,13442.0,6225.39
2018-07-17,2018,Perennial,Apple,Jammu and Kashmir,Srinagar,Rainfed,358.74,149.0,13430.0,4817.88
2020-11-22,2020,Rabi,Oilseeds,Rajasthan,Jodhpur,Tube Well,341.96,167.0,3746.0,1280.98
2020-07-28,2020,Kharif,Rice,Bihar,Gaya,Rainfed,775.57,179.0,5512.0,4274.94
2024-08-10,2024,Rabi,Oilseeds,Madhya Pradesh,Bhopal,Tube Well,728.29,97.0,2037.0,1483.53
2021-05-01,2021,Kharif,Rice,Bihar,Gaya,Tube Well,197.51,129.0,4377.0,864.5
2019-11-04,2019,Rabi,Oilseeds,Rajasthan,Jodhpur,Rainfed,346.93,149.0,1645.0,570.7
2017-03-05,2017,Kharif,Rice,Telangana,Warangal,Tube Well,581.44,144.0,4073.0,2368.21
2022-05-22,2022,Perennial,Sugarcane,Tamil Nadu,Coimbatore,Tube Well,371.75,157.0,92829.0,34509.18
2024-10-27,2024,Kharif,Maize,Karnataka,Hubli,Canal,816.33,165.0,8279.0,6758.4
2018-06-09,2018,Perennial,Coffee,Tamil Nadu,Madurai,Canal,778.79,65.0,696.0,542.04
2016-04-02,2016,Perennial,Sugarcane,Tamil Nadu,Madurai,Canal,468.99,75.0,75770.0,35535.37
2022-06-19,2022,Rabi,Oilseeds,Rajasthan,Jodhpur,Rainfed,70.69,160.0,2439.0,172.41
2019-08-14,2019,Zaid,Coconut,Tamil Nadu,Madurai,Canal,22.61,122.0,13895.0,314.17
2017-07-03,2017,Rabi,Wheat,Punjab,Ludhiana,Canal,560.33,114.0,4595.0,2574.72
2015-07-26,2015,Perennial,Tea,Assam,Cachar,Rainfed,74.83,118.0,1094.0,81.86
2020-01-22,2020,Rabi,Oilseeds,Maharashtra,Mumbai,Tube Well,1018.3,106.0,2439.0,2483.63
2024-11-07,2024,Zaid,Coconut,Tamil Nadu,Coimbatore,Canal,374.42,139.0,7741.0,2898.39
2019-11-06,2019,Rabi,Potato,Bihar,Muzaffarpur,Tube Well,669.44,98.0,37513.0,25112.7
2017-07-05,2017,Perennial,Sugarcane,Tamil Nadu,Chennai,Drip,387.55,146.0,148917.0,57712.78
2022-04-26,2022,Rabi,Wheat,Rajasthan,Jodhpur,Tube Well,559.2,80.0,2562.0,1432.67
2021-09-10,2021,Rabi,Pulses,Uttar Pradesh,Lucknow,Rainfed,1333.73,164.0,1770.0,2360.7
2019-01-30,2019,Zaid,Coconut,Andhra Pradesh,Krishna,Rainfed,1006.64,167.0,11666.0,11743.46
2018-03-27,2018,Perennial,Coffee,Kerala,Thrissur,Rainfed,392.73,137.0,871.0,342.07
2023-10-29,2023,Rabi,Wheat,Madhya Pradesh,Bhopal,Tube Well,76.32,105.0,4324.0,330.01
2021-04-16,2021,Kharif,Oilseeds,Madhya Pradesh,Bhopal,Rainfed,303.65,52.0,1243.0,377.44
2022-01-20,2022,Rabi,Oilseeds,Gujarat,Surat,Rainfed,515.1,68.0,1171.0,603.18
2017-05-01,2017,Perennial,Apple,Jammu and Kashmir,Srinagar,Rainfed,384.5,62.0,13136.0,5050.79
2016-05-14,2016,Zaid,Coconut,Karnataka,Mysore,Drip,626.39,52.0,11471.0,7185.32
2016-12-20,2016,Perennial,Apple,Himachal Pradesh,Shimla,Rainfed,324.01,158.0,14413.0,4669.96
2017-01-05,2017,Kharif,Cotton,Telangana,Nizamabad,Rainfed,705.98,193.0,956.0,674.92
2021-05-07,2021,Rabi,Oilseeds,Gujarat,Ahmedabad,Tube Well,686.16,52.0,1512.0,1037.47
2016-01-03,2016,Rabi,Pulses,Uttar Pradesh,Lucknow,Tube Well,901.74,67.0,1489.0,1342.69
2017-02-06,2017,Perennial,Tea,West Bengal,Darjeeling,Rainfed,277.41,179.0,2630.0,729.59
2016-12-11,2016,Kharif,Cotton,Andhra Pradesh,Visakhapatnam,Rainfed,80.05,153.0,448.0,35.86
2024-03-04,2024,Perennial,Coffee,Tamil Nadu,Madurai,Drip,796.31,111.0,992.0,789.94
2020-07-30,2020,Rabi,Wheat,Uttar Pradesh,Varanasi,Rainfed,1274.54,199.0,2928.0,3731.85
2017-03-31,2017,Kharif,Oilseeds,Maharashtra,Mumbai,Drip,541.48,136.0,2236.0,1210.75
2019-08-21,2019,Kharif,Oilseeds,Rajasthan,Udaipur,Rainfed,388.75,150.0,1293.0,502.65
2018-11-23,2018,Kharif,Cotton,Andhra Pradesh,Visakhapatnam,Canal,375.67,148.0,1548.0,581.54
2022-06-12,2022,Rabi,Oilseeds,Madhya Pradesh,Bhopal,Rainfed,365.67,83.0,1265.0,462.57
2023-01-21,2023,Kharif,Pulses,Rajasthan,Jodhpur,Rainfed,154.13,123.0,1852.0,285.45
2017-02-07,2017,Kharif,Rice,Assam,Dibrugarh,Rainfed,610.31,82.0,2935.0,1791.26
2023-05-12,2023,Perennial,Tea,West Bengal,Howrah,Canal,546.18,126.0,2331.0,1273.15
2020-11-15,2020,Kharif,Maize,Bihar,Purnia,Tube Well,551.68,55.0,5097.0,2811.91
2018-06-26,2018,Kharif,Maize,Andhra Pradesh,Krishna,Tube Well,54.13,107.0,6584.0,356.39
2019-05-15,2019,Rabi,Potato,West Bengal,Howrah,Canal,688.41,106.0,32861.0,22621.84
2018-10-19,2018,Rabi,Pulses,Uttar Pradesh,Varanasi,Canal,311.96,94.0,2048.0,638.89
2022-02-19,2022,Zaid,Coconut,Andhra Pradesh,Visakhapatnam,Canal,466.24,62.0,12522.0,5838.26
2025-01-31,2025,Rabi,Wheat,Bihar,Purnia,Rainfed,418.59,166.0,2236.0,935.97
2024-12-02,2024,Zaid,Coconut,Kerala,Ernakulam,Rainfed,364.5,113.0,8146.0,2969.22
2024-03-12,2024,Rabi,Oilseeds,Madhya Pradesh,Bhopal,Tube Well,189.67,172.0,2930.0,555.73
2022-02-22,2022,Kharif,Maize,Telangana,Warangal,Rainfed,766.6,175.0,4183.0,3206.69
2023-10-22,2023,Kharif,Rice,Assam,Dibrugarh,Rainfed,348.0,82.0,3514.0,1222.87
2019-01-07,2019,Rabi,Oilseeds,Rajasthan,Jodhpur,Tube Well,432.37,113.0,2505.0,1083.09
2020-09-14,2020,Kharif,Rice,Odisha,Bhubaneswar,Rainfed,556.4,158.0,3739.0,2080.38
2018-11-11,2018,Zaid,Coconut,Kerala,Thrissur,Drip,489.52,125.0,7112.0,3481.47
2017-02-06,2017,Rabi,Pulses,Madhya Pradesh,Bhopal,Rainfed,451.86,178.0,1495.0,675.53
2022-12-10,2022,Kharif,Maize,Bihar,Patna,Rainfed,824.4,136.0,5590.0,4608.4
2019-12-17,2019,Kharif,Cotton,Telangana,Nizamabad,Canal,733.23,144.0,1038.0,761.09
2020-09-30,2020,Kharif,Cotton,Telangana,Nizamabad,Rainfed,381.26,168.0,879.0,335.13
2021-11-19,2021,Rabi,Pulses,Uttar Pradesh,Varanasi,Tube Well,957.41,68.0,2336.0,2236.51
2015-12-30,2015,Rabi,Pulses,Maharashtra,Mumbai,Tube Well,142.65,138.0,2497.0,356.2
2024-04-29,2024,Rabi,Potato,West Bengal,Kolkata,Rainfed,108.94,63.0,26385.0,2874.38
2016-04-28,2016,Kharif,Pulses,Uttar Pradesh,Lucknow,Tube Well,725.08,89.0,1107.0,802.66
2016-01-15,2016,Rabi,Wheat,Bihar,Purnia,Tube Well,901.2,82.0,3961.0,3569.65
2019-11-14,2019,Perennial,Coffee,Karnataka,Belgaum,Drip,718.5,135.0,1058.0,760.17
2021-11-20,2021,Kharif,Rice,Assam,Dibrugarh,Rainfed,538.68,177.0,3626.0,1953.25
2016-05-08,2016,Rabi,Pulses,Rajasthan,Udaipur,Rainfed,118.79,70.0,1512.0,179.61
2024-09-30,2024,Perennial,Tea,Kerala,Thrissur,Rainfed,368.11,165.0,2068.0,761.25
2020-08-25,2020,Kharif,Maize,Madhya Pradesh,Bhopal,Rainfed,326.62,71.0,4236.0,1383.56
2025-02-07,2025,Rabi,Wheat,Madhya Pradesh,Bhopal,Rainfed,628.55,78.0,3449.0,2167.87
2016-03-22,2016,Kharif,Oilseeds,Madhya Pradesh,Bhopal,Rainfed,118.88,188.0,2716.0,322.88
2022-10-23,2022,Rabi,Oilseeds,Madhya Pradesh,Bhopal,Rainfed,435.96,51.0,2383.0,1038.89
2015-11-24,2015,Kharif,Cotton,Gujarat,Vadodara,Rainfed,1094.51,80.0,1093.0,1196.3
2017-03-10,2017,Perennial,Sugarcane,Karnataka,Hubli,Tube Well,982.78,82.0,104738.0,102934.41
2017-05-14,2017,Zaid,Coconut,Kerala,Kozhikode,Rainfed,683.35,92.0,6988.0,4775.25
2023-02-14,2023,Zaid,Coconut,Tamil Nadu,Chennai,Drip,418.73,105.0,7912.0,3312.99
2019-12-07,2019,Zaid,Coconut,Andhra Pradesh,Guntur,Tube Well,1129.91,65.0,7305.0,8253.99
2016-06-02,2016,Rabi,Pulses,Madhya Pradesh,Bhopal,Tube Well,646.19,120.0,1673.0,1081.08
2020-12-23,2020,Rabi,Pulses,Maharashtra,Pune,Tube Well,1107.97,110.0,2174.0,2408.73
2022-05-24,2022,Perennial,Tea,Assam,Cachar,Rainfed,746.56,144.0,1134.0,846.6
2016-08-19,2016,Perennial,Sugarcane,Karnataka,Belgaum,Drip,1031.33,180.0,142875.0,147351.27
2020-07-14,2020,Rabi,Pulses,Madhya Pradesh,Bhopal,Rainfed,199.65,95.0,1677.0,334.81
2018-09-17,2018,Perennial,Sugarcane,Maharashtra,Mumbai,Drip,174.72,132.0,109083.0,19058.98
2016-03-07,2016,Rabi,Oilseeds,Madhya Pradesh,Bhopal,Tube Well,555.79,106.0,2301.0,1278.87
2019-05-16,2019,Rabi,Wheat,Punjab,Amritsar,Canal,849.19,56.0,2703.0,2295.36
2022-12-12,2022,Rabi,Pulses,Uttar Pradesh,Varanasi,Rainfed,497.87,173.0,1287.0,640.76
2019-09-06,2019,Kharif,Rice,Andhra Pradesh,Krishna,Canal,824.49,145.0,3326.0,2742.25
2020-04-12,2020,Kharif,Cotton,Maharashtra,Nagpur,Tube Well,89.98,50.0,1213.0,109.15
2024-10-28,2024,Kharif,Pulses,Rajasthan,Jodhpur,Tube Well,42.57,87.0,1743.0,74.2
2017-07-11,2017,Rabi,Potato,West Bengal,Howrah,Canal,396.2,96.0,19572.0,7754.43
2021-12-21,2021,Kharif,Cotton,Telangana,Nizamabad,Rainfed,182.52,172.0,464.0,84.69
2016-03-21,2016,Rabi,Oilseeds,Madhya Pradesh,Bhopal,Rainfed,577.66,164.0,2263.0,1307.24
2023-10-22,2023,Perennial,Coffee,Kerala,Ernakulam,Drip,758.94,109.0,1750.0,1328.14
2023-03-10,2023,Kharif,Maize,Telangana,Nizamabad,Tube Well,598.85,74.0,6387.0,3824.85
2016-07-02,2016,Rabi,Pulses,Madhya Pradesh,Bhopal,Tube Well,527.28,108.0,1357.0,715.52
2025-01-12,2025,Kharif,Pulses,Uttar Pradesh,Varanasi,Canal,19.83,172.0,2977.0,59.03
2022-12-11,2022,Kharif,Cotton,Gujarat,Surat,Rainfed,619.61,118.0,874.0,541.54
2018-10-04,2018,Zaid,Coconut,Tamil Nadu,Madurai,Drip,900.64,67.0,8603.0,7748.21
2020-07-11,2020,Rabi,Oilseeds,Maharashtra,Mumbai,Tube Well,853.82,56.0,2078.0,1774.24
2018-04-09,2018,Zaid,Coconut,Karnataka,Bangalore,Drip,258.28,100.0,6869.0,1774.13
2021-08-09,2021,Kharif,Cotton,Andhra Pradesh,Chittoor,Tube Well,1019.69,72.0,954.0,972.78
2021-01-22,2021,Rabi,Wheat,Punjab,Amritsar,Canal,1446.92,162.0,5150.0,7451.64
2021-07-26,2021,Kharif,Pulses,Uttar Pradesh,Varanasi,Canal,425.7,92.0,1680.0,715.18
2022-02-16,2022,Kharif,Maize,Telangana,Warangal,Rainfed,194.31,182.0,6371.0,1237.95
2016-07-25,2016,Kharif,Oilseeds,Rajasthan,Udaipur,Tube Well,243.58,143.0,2664.0,648.9
2015-06-07,2015,Kharif,Maize,Andhra Pradesh,Krishna,Rainfed,85.16,109.0,5737.0,488.56
2019-08-27,2019,Kharif,Maize,Madhya Pradesh,Bhopal,Tube Well,700.01,142.0,6957.0,4869.97
2022-08-22,2022,Kharif,Oilseeds,Gujarat,Vadodara,Tube Well,1115.87,94.0,1389.0,1549.94
2021-05-22,2021,Perennial,Apple,Jammu and Kashmir,Srinagar,Rainfed,256.99,71.0,5317.0,1366.42
2017-04-01,2017,Kharif,Pulses,Madhya Pradesh,Bhopal,Tube Well,613.82,195.0,2611.0,1602.68
2022-01-31,2022,Kharif,Rice,Odisha,Bhubaneswar,Canal,605.1,134.0,4304.0,2604.35
2016-07-20,2016,Kharif,Maize,Andhra Pradesh,Visakhapatnam,Tube Well,459.05,51.0,4111.0,1887.15
2023-08-02,2023,Rabi,Oilseeds,Madhya Pradesh,Bhopal,Rainfed,509.31,97.0,2689.0,1369.53
2018-03-03,2018,Kharif,Maize,Maharashtra,Nashik,Tube Well,1088.85,74.0,7171.0,7808.14
2019-10-03,2019,Perennial,Sugarcane,Uttar Pradesh,Kanpur,Tube Well,1216.76,89.0,112115.0,136417.05
2023-10-27,2023,Perennial,Sugarcane,Uttar Pradesh,Lucknow,Rainfed,130.78,58.0,78873.0,10315.01
2023-10-19,2023,Kharif,Cotton,Gujarat,Surat,Rainfed,560.5,87.0,387.0,216.91
2017-01-01,2017,Rabi,Potato,Punjab,Patiala,Canal,602.01,152.0,17510.0,10541.2
2023-10-09,2023,Kharif,Pulses,Rajasthan,Jodhpur,Tube Well,528.89,173.0,2300.0,1216.45
2025-01-16,2025,Rabi,Pulses,Madhya Pradesh,Bhopal,Rainfed,406.09,102.0,1283.0,521.01
2016-09-29,2016,Rabi,Wheat,Rajasthan,Jaipur,Tube Well,251.29,128.0,2711.0,681.25
2021-10-06,2021,Kharif,Maize,Andhra Pradesh,Guntur,Canal,850.56,56.0,6342.0,5394.25
2023-12-10,2023,Kharif,Pulses,Rajasthan,Jaipur,Tube Well,336.77,64.0,1540.0,518.63
2022-04-24,2022,Rabi,Oilseeds,Maharashtra,Pune,Tube Well,341.04,133.0,3108.0,1059.95
2017-04-10,2017,Rabi,Wheat,Uttar Pradesh,Varanasi,Rainfed,1336.72,176.0,3309.0,4423.21
2023-02-06,2023,Kharif,Cotton,Telangana,Hyderabad,Tube Well,110.61,63.0,497.0,54.97
2019-02-08,2019,Rabi,Wheat,Rajasthan,Jodhpur,Tube Well,22.48,113.0,4237.0,95.25
2020-08-19,2020,Rabi,Oilseeds,Madhya Pradesh,Bhopal,Tube Well,123.69,196.0,3828.0,473.49
2019-07-31,2019,Perennial,Sugarcane,Tamil Nadu,Coimbatore,Canal,188.37,161.0,84756.0,15965.49
2021-11-24,2021,Kharif,Cotton,Maharashtra,Nashik,Rainfed,704.07,80.0,1062.0,747.72
2022-10-16,2022,Zaid,Coconut,Andhra Pradesh,Visakhapatnam,Rainfed,753.59,93.0,5329.0,4015.88
2024-05-12,2024,Rabi,Pulses,Rajasthan,Udaipur,Tube Well,319.54,192.0,1931.0,617.03
2019-09-03,2019,Kharif,Pulses,Madhya Pradesh,Bhopal,Rainfed,171.3,83.0,1374.0,235.37
2021-05-21,2021,Rabi,Potato,Punjab,Amritsar,Tube Well,206.96,116.0,21190.0,4385.48
2020-05-12,2020,Rabi,Pulses,Uttar Pradesh,Varanasi,Tube Well,743.31,103.0,1781.0,1323.84
2016-03-29,2016,Perennial,Sugarcane,Tamil Nadu,Coimbatore,Tube Well,626.38,124.0,113429.0,71049.66
2017-06-15,2017,Kharif,Pulses,Rajasthan,Jodhpur,Rainfed,219.73,85.0,1596.0,350.69
2021-01-16,2021,Rabi,Potato,Bihar,Purnia,Rainfed,228.24,150.0,30721.0,7011.76
2017-12-15,2017,Kharif,Pulses,Maharashtra,Pune,Rainfed,113.96,85.0,1767.0,201.37
2017-04-27,2017,Perennial,Sugarcane,Karnataka,Bangalore,Tube Well,38.61,140.0,134689.0,5200.34
2017-10-15,2017,Kharif,Pulses,Uttar Pradesh,Lucknow,Rainfed,167.55,104.0,1510.0,253.0
2017-02-12,2017,Perennial,Apple,Jammu and Kashmir,Srinagar,Rainfed,299.41,88.0,8721.0,2611.15
2020-10-31,2020,Perennial,Tea,Assam,Dibrugarh,Rainfed,281.77,154.0,1479.0,416.74
2016-11-24,2016,Kharif,Pulses,Maharashtra,Nagpur,Tube Well,45.37,195.0,1621.0,73.54
2015-11-18,2015,Perennial,Tea,West Bengal,Howrah,Canal,563.9,180.0,1854.0,1045.47
2017-02-24,2017,Perennial,Tea,Kerala,Kozhikode,Drip,433.49,63.0,2680.0,1161.75
2024-06-18,2024,Kharif,Maize,Andhra Pradesh,Visakhapatnam,Canal,520.14,118.0,6765.0,3518.75
2017-04-23,2017,Rabi,Pulses,Maharashtra,Pune,Rainfed,152.78,154.0,1251.0,191.13
2022-02-16,2022,Rabi,Wheat,Bihar,Gaya,Canal,757.42,134.0,5304.0,4017.36
2023-04-23,2023,Kharif,Maize,Andhra Pradesh,Chittoor,Rainfed,830.01,159.0,5105.0,4237.2
2020-04-23,2020,Kharif,Pulses,Rajasthan,Jodhpur,Tube Well,282.36,196.0,1312.0,370.46
2016-08-22,2016,Kharif,Oilseeds,Gujarat,Surat,Tube Well,463.17,101.0,1423.0,659.09
2024-06-23,2024,Kharif,Rice,West Bengal,Darjeeling,Canal,179.97,166.0,3592.0,646.45
2017-03-04,2017,Rabi,Potato,Bihar,Patna,Tube Well,756.01,64.0,16817.0,12713.82
2020-08-18,2020,Kharif,Maize,Telangana,Warangal,Rainfed,543.62,180.0,6421.0,3490.58
2016-04-08,2016,Perennial,Apple,Himachal Pradesh,Shimla,Rainfed,52.04,167.0,14198.0,738.86
2016-01-08,2016,Zaid,Coconut,Kerala,Ernakulam,Rainfed,308.67,128.0,5841.0,1802.94
2024-04-20,2024,Kharif,Rice,Bihar,Gaya,Tube Well,904.53,173.0,3934.0,3558.42
2024-09-25,2024,Rabi,Potato,Punjab,Amritsar,Canal,684.04,150.0,32739.0,22394.79
2021-03-09,2021,Rabi,Pulses,Maharashtra,Mumbai,Drip,429.16,133.0,2690.0,1154.44
2016-01-20,2016,Perennial,Tea,West Bengal,Kolkata,Canal,711.72,192.0,2273.0,1617.74
2016-03-21,2016,Kharif,Pulses,Madhya Pradesh,Bhopal,Tube Well,170.35,70.0,1711.0,291.47
2018-10-21,2018,Kharif,Pulses,Rajasthan,Jodhpur,Rainfed,371.42,199.0,2183.0,810.81
2023-04-22,2023,Perennial,Coffee,Karnataka,Hubli,Drip,739.78,73.0,1661.0,1228.77
2025-05-14,2025,Perennial,Sugarcane,Tamil Nadu,Coimbatore,Canal,941.82,122.0,129833.0,122279.32
2017-03-31,2017,Zaid,Coconut,Kerala,Kozhikode,Rainfed,557.08,85.0,5994.0,3339.14
2022-11-15,2022,Zaid,Coconut,Tamil Nadu,Madurai,Drip,429.01,91.0,12886.0,5528.22
2018-06-03,2018,Kharif,Cotton,Maharashtra,Nagpur,Rainfed,1000.46,145.0,526.0,526.24
2022-05-19,2022,Rabi,Oilseeds,Rajasthan,Jodhpur,Rainfed,629.9,55.0,2029.0,1278.07
2020-03-03,2020,Kharif,Oilseeds,Madhya Pradesh,Bhopal,Tube Well,387.43,191.0,2371.0,918.6
2021-05-29,2021,Kharif,Maize,Karnataka,Bangalore,Canal,14.91,92.0,6640.0,99.0
2022-07-28,2022,Perennial,Sugarcane,Tamil Nadu,Madurai,Tube Well,970.2,91.0,71042.0,68924.95
2018-10-05,2018,Kharif,Maize,Telangana,Hyderabad,Tube Well,157.24,180.0,7240.0,1138.42
2021-02-24,2021,Rabi,Wheat,Bihar,Purnia,Canal,135.06,165.0,5044.0,681.24
2023-11-17,2023,Perennial,Sugarcane,Karnataka,Hubli,Canal,345.37,151.0,133938.0,46258.17
2022-02-17,2022,Kharif,Maize,Bihar,Muzaffarpur,Rainfed,386.18,72.0,4756.0,1836.67
2025-09-04,2025,Perennial,Sugarcane,Karnataka,Hubli,Tube Well,881.32,165.0,107705.0,94922.57
2015-08-16,2015,Perennial,Sugarcane,Karnataka,Belgaum,Canal,434.21,104.0,118611.0,51502.08
2016-12-15,2016,Rabi,Oilseeds,Rajasthan,Jaipur,Rainfed,43.69,199.0,1833.0,80.08
2023-08-17,2023,Kharif,Cotton,Andhra Pradesh,Krishna,Canal,766.79,151.0,1359.0,1042.07
2023-06-24,2023,Kharif,Rice,Assam,Tinsukia,Rainfed,540.26,175.0,4695.0,2536.52
2017-09-21,2017,Rabi,Wheat,Punjab,Ludhiana,Tube Well,1223.19,160.0,3907.0,4779.0
2017-10-25,2017,Kharif,Maize,Bihar,Gaya,Tube Well,404.88,139.0,8083.0,3272.65
2017-07-26,2017,Kharif,Pulses,Madhya Pradesh,Bhopal,Rainfed,78.0,157.0,1341.0,104.6
2020-10-10,2020,Perennial,Apple,Himachal Pradesh,Kangra,Rainfed,281.0,140.0,6207.0,1744.17
2019-02-10,2019,Kharif,Rice,Odisha,Bhubaneswar,Canal,117.69,58.0,3548.0,417.56
2019-12-04,2019,Zaid,Coconut,Kerala,Ernakulam,Drip,23.49,102.0,6618.0,155.46
2020-11-07,2020,Kharif,Oilseeds,Maharashtra,Pune,Rainfed,1014.37,97.0,1653.0,1676.75
2018-03-28,2018,Rabi,Wheat,Rajasthan,Jodhpur,Tube Well,288.35,157.0,3149.0,908.01
2023-10-10,2023,Perennial,Tea,Kerala,Ernakulam,Drip,424.75,136.0,2431.0,1032.57
2019-10-25,2019,Kharif,Maize,Andhra Pradesh,Guntur,Canal,798.79,142.0,7578.0,6053.23
2019-10-31,2019,Kharif,Cotton,Gujarat,Surat,Tube Well,487.22,177.0,655.0,319.13
2024-10-04,2024,Rabi,Wheat,Madhya Pradesh,Bhopal,Rainfed,50.39,129.0,3258.0,164.17
2021-09-28,2021,Zaid,Coconut,Karnataka,Hubli,Drip,285.49,83.0,5797.0,1654.99
2016-01-10,2016,Rabi,Potato,West Bengal,Kolkata,Rainfed,221.83,52.0,25023.0,5550.85
2021-09-27,2021,Kharif,Maize,Karnataka,Belgaum,Tube Well,1075.36,74.0,6947.0,7470.53
2016-04-01,2016,Kharif,Pulses,Maharashtra,Pune,Tube Well,963.96,55.0,1615.0,1556.8
2022-02-18,2022,Perennial,Coffee,Tamil Nadu,Coimbatore,Drip,502.19,86.0,1701.0,854.23
2024-01-09,2024,Perennial,Sugarcane,Karnataka,Belgaum,Tube Well,79.07,145.0,108995.0,8618.23
2025-02-20,2025,Rabi,Potato,West Bengal,Howrah,Canal,136.28,73.0,21104.0,2876.05
2017-01-31,2017,Perennial,Tea,West Bengal,Darjeeling,Canal,896.06,62.0,1681.0,1506.28
2017-06-10,2017,Rabi,Pulses,Uttar Pradesh,Varanasi,Canal,1418.72,196.0,2652.0,3762.45
2021-08-22,2021,Rabi,Oilseeds,Maharashtra,Nagpur,Drip,50.44,200.0,3022.0,152.43
2025-03-22,2025,Kharif,Pulses,Rajasthan,Jaipur,Tube Well,638.17,146.0,2610.0,1665.62
2021-10-29,2021,Rabi,Oilseeds,Maharashtra,Mumbai,Drip,500.93,66.0,3807.0,1907.04
2020-03-27,2020,Rabi,Wheat,Haryana,Faridabad,Canal,306.95,173.0,3620.0,1111.16
2015-09-10,2015,Kharif,Cotton,Telangana,Nizamabad,Canal,100.99,131.0,1184.0,119.57
2020-04-17,2020,Rabi,Potato,West Bengal,Darjeeling,Rainfed,851.21,77.0,19673.0,16745.85
2019-07-22,2019,Zaid,Coconut,Karnataka,Bangalore,Tube Well,521.11,136.0,14751.0,7686.89
2024-06-02,2024,Rabi,Potato,Uttar Pradesh,Lucknow,Rainfed,1250.31,56.0,21695.0,27125.48
2016-05-11,2016,Rabi,Potato,West Bengal,Kolkata,Rainfed,256.51,196.0,25753.0,6605.9
2023-03-20,2023,Perennial,Coffee,Karnataka,Belgaum,Drip,749.64,174.0,1839.0,1378.59
2018-05-21,2018,Kharif,Cotton,Telangana,Hyderabad,Tube Well,115.13,89.0,882.0,101.54
2024-11-25,2024,Rabi,Pulses,Rajasthan,Jodhpur,Rainfed,71.93,113.0,1979.0,142.35
2021-11-21,2021,Zaid,Coconut,Tamil Nadu,Chennai,Tube Well,155.41,109.0,5736.0,891.43
2016-08-26,2016,Rabi,Potato,Uttar Pradesh,Varanasi,Canal,1215.26,179.0,15975.0,19413.78
2024-05-10,2024,Kharif,Rice,Tamil Nadu,Chennai,Drip,724.63,103.0,4489.0,3252.86
2016-08-27,2016,Kharif,Rice,Bihar,Muzaffarpur,Canal,174.3,57.0,2998.0,522.55
2022-03-06,2022,Perennial,Sugarcane,Maharashtra,Mumbai,Tube Well,506.36,82.0,94511.0,47856.59
2017-07-11,2017,Rabi,Pulses,Uttar Pradesh,Lucknow,Canal,1147.89,82.0,1035.0,1188.07
2016-09-28,2016,Perennial,Coffee,Tamil Nadu,Chennai,Tube Well,321.39,192.0,1417.0,455.41
2022-04-06,2022,Rabi,Potato,Bihar,Gaya,Rainfed,922.05,189.0,18286.0,16860.61
2017-12-18,2017,Rabi,Oilseeds,Madhya Pradesh,Bhopal,Rainfed,732.54,95.0,1378.0,1009.44
2019-01-19,2019,Perennial,Coffee,Tamil Nadu,Coimbatore,Tube Well,612.66,50.0,1086.0,665.35
2024-02-23,2024,Rabi,Potato,Uttar Pradesh,Varanasi,Rainfed,951.64,128.0,28185.0,26821.97
2021-07-28,2021,Kharif,Rice,Tamil Nadu,Chennai,Drip,722.01,170.0,6148.0,4438.92
2023-04-14,2023,Rabi,Potato,Punjab,Ludhiana,Tube Well,395.12,90.0,16393.0,6477.2
2021-06-07,2021,Perennial,Coffee,Kerala,Ernakulam,Drip,298.6,116.0,1413.0,421.92
2021-01-04,2021,Kharif,Pulses,Rajasthan,Jaipur,Rainfed,103.8,76.0,1816.0,188.5
2019-12-04,2019,Kharif,Cotton,Gujarat,Surat,Rainfed,1110.6,99.0,743.0,825.18
2016-05-02,2016,Kharif,Maize,Maharashtra,Pune,Drip,943.77,164.0,6772.0,6391.21
2020-09-10,2020,Perennial,Sugarcane,Tamil Nadu,Chennai,Drip,60.53,114.0,136866.0,8284.5
2020-11-15,2020,Kharif,Cotton,Maharashtra,Pune,Tube Well,718.71,117.0,663.0,476.5
2024-07-05,2024,Rabi,Oilseeds,Rajasthan,Udaipur,Rainfed,246.72,168.0,2748.0,677.99
2021-04-30,2021,Rabi,Wheat,Madhya Pradesh,Bhopal,Rainfed,654.08,164.0,2872.0,1878.52
2020-09-17,2020,Rabi,Pulses,Maharashtra,Nagpur,Drip,453.5,78.0,2428.0,1101.1
2023-07-22,2023,Rabi,Wheat,Rajasthan,Udaipur,Rainfed,454.46,112.0,2133.0,969.36
2024-05-06,2024,Kharif,Rice,Andhra Pradesh,Guntur,Tube Well,207.23,177.0,7169.0,1485.63
2018-10-07,2018,Rabi,Oilseeds,Maharashtra,Mumbai,Drip,730.79,119.0,3609.0,2637.42
2020-09-21,2020,Zaid,Coconut,Kerala,Thrissur,Rainfed,242.17,149.0,6765.0,1638.28
2018-06-27,2018,Perennial,Sugarcane,Tamil Nadu,Chennai,Drip,189.73,96.0,120178.0,22801.37
2018-11-01,2018,Kharif,Oilseeds,Gujarat,Rajkot,Rainfed,746.92,59.0,2607.0,1947.22
2018-07-19,2018,Perennial,Coffee,Tamil Nadu,Chennai,Tube Well,706.12,75.0,740.0,522.53
2023-04-05,2023,Rabi,Pulses,Uttar Pradesh,Kanpur,Canal,1475.2,110.0,2549.0,3760.28
2024-09-26,2024,Perennial,Sugarcane,Maharashtra,Nagpur,Tube Well,873.15,103.0,86500.0,75527.48
2016-09-23,2016,Rabi,Pulses,Madhya Pradesh,Bhopal,Rainfed,417.41,184.0,922.0,384.85
2018-01-05,2018,Rabi,Wheat,Punjab,Ludhiana,Tube Well,1369.81,132.0,2978.0,4079.29
2018-04-18,2018,Perennial,Sugarcane,Karnataka,Hubli,Canal,912.83,144.0,134348.0,122636.88
2022-11-01,2022,Perennial,Coffee,Karnataka,Belgaum,Tube Well,608.13,153.0,2056.0,1250.32
2017-08-26,2017,Rabi,Pulses,Uttar Pradesh,Lucknow,Rainfed,771.91,130.0,1957.0,1510.63
2023-01-23,2023,Kharif,Oilseeds,Maharashtra,Pune,Drip,1225.14,165.0,2895.0,3546.78
2023-11-20,2023,Kharif,Oilseeds,Rajasthan,Udaipur,Rainfed,435.82,167.0,3246.0,1414.67
2023-07-26,2023,Kharif,Oilseeds,Gujarat,Surat,Tube Well,859.4,103.0,2307.0,1982.64
2018-01-18,2018,Kharif,Oilseeds,Rajasthan,Udaipur,Tube Well,69.81,63.0,1448.0,101.08
2019-11-16,2019,Kharif,Pulses,Madhya Pradesh,Bhopal,Tube Well,577.46,198.0,1802.0,1040.58
2018-10-25,2018,Perennial,Sugarcane,Maharashtra,Mumbai,Rainfed,351.44,146.0,107195.0,37672.61
2018-11-20,2018,Kharif,Cotton,Gujarat,Rajkot,Tube Well,147.49,156.0,1255.0,185.1
2019-01-27,2019,Rabi,Wheat,Madhya Pradesh,Bhopal,Rainfed,681.24,164.0,2962.0,2017.83
2016-06-07,2016,Kharif,Rice,Tamil Nadu,Coimbatore,Canal,763.4,142.0,5502.0,4200.23
2016-03-11,2016,Kharif,Maize,Telangana,Hyderabad,Rainfed,372.73,121.0,4407.0,1642.62
2022-06-12,2022,Kharif,Oilseeds,Rajasthan,Jaipur,Tube Well,307.68,198.0,1638.0,503.98
2025-01-20,2025,Kharif,Rice,Uttar Pradesh,Lucknow,Canal,303.71,159.0,3805.0,1155.62
2022-09-04,2022,Zaid,Coconut,Tamil Nadu,Coimbatore,Canal,20.41,177.0,6251.0,127.58
2017-03-17,2017,Perennial,Sugarcane,Karnataka,Mysore,Tube Well,390.8,116.0,81674.0,31918.2
2017-03-08,2017,Kharif,Rice,Andhra Pradesh,Krishna,Rainfed,186.61,186.0,4830.0,901.33
2020-03-23,2020,Rabi,Pulses,Rajasthan,Jaipur,Tube Well,300.99,160.0,1448.0,435.83
2021-10-23,2021,Rabi,Pulses,Maharashtra,Pune,Tube Well,1085.63,162.0,2018.0,2190.8
2015-04-06,2015,Perennial,Tea,Kerala,Thrissur,Rainfed,100.66,63.0,1895.0,190.75
2023-11-24,2023,Zaid,Coconut,Tamil Nadu,Chennai,Tube Well,110.01,143.0,11442.0,1258.73
2025-04-07,2025,Rabi,Potato,West Bengal,Darjeeling,Rainfed,993.29,100.0,10204.0,10135.53
2016-07-31,2016,Rabi,Potato,Uttar Pradesh,Varanasi,Rainfed,1120.26,150.0,18648.0,20890.61
2023-01-04,2023,Perennial,Coffee,Tamil Nadu,Madurai,Drip,67.85,135.0,1377.0,93.43
2023-05-07,2023,Kharif,Pulses,Maharashtra,Pune,Tube Well,112.65,67.0,1440.0,162.22
2019-02-13,2019,Rabi,Pulses,Rajasthan,Udaipur,Rainfed,482.6,129.0,1517.0,732.1
2019-11-08,2019,Perennial,Tea,Assam,Cachar,Rainfed,302.57,118.0,1809.0,547.35
2017-04-22,2017,Zaid,Coconut,Kerala,Ernakulam,Drip,582.1,166.0,8469.0,4929.8
2019-05-24,2019,Rabi,Pulses,Rajasthan,Jodhpur,Tube Well,289.07,125.0,2251.0,650.7
2024-08-14,2024,Rabi,Wheat,Uttar Pradesh,Kanpur,Canal,1452.0,122.0,3188.0,4628.98
2015-10-10,2015,Kharif,Cotton,Andhra Pradesh,Visakhapatnam,Canal,836.36,158.0,1119.0,935.89
2024-05-12,2024,Rabi,Oilseeds,Rajasthan,Jaipur,Rainfed,42.16,150.0,2714.0,114.42
2024-07-30,2024,Rabi,Oilseeds,Gujarat,Vadodara,Tube Well,403.3,199.0,3574.0,1441.39
2024-08-12,2024,Rabi,Pulses,Maharashtra,Nashik,Tube Well,737.05,103.0,1677.0,1236.03
2018-12-20,2018,Zaid,Coconut,Karnataka,Hubli,Tube Well,164.64,153.0,14301.0,2354.52
2021-08-17,2021,Perennial,Apple,Jammu and Kashmir,Srinagar,Rainfed,10.98,75.0,11470.0,125.94
2018-07-24,2018,Kharif,Maize,Andhra Pradesh,Krishna,Tube Well,104.38,171.0,5933.0,619.29
2020-10-15,2020,Rabi,Potato,Bihar,Patna,Canal,529.02,168.0,41397.0,21899.84
2021-05-23,2021,Rabi,Wheat,Madhya Pradesh,Bhopal,Tube Well,509.48,159.0,3199.0,1629.83
2018-01-16,2018,Rabi,Oilseeds,Maharashtra,Nashik,Drip,129.85,68.0,2223.0,288.66
2017-06-13,2017,Kharif,Maize,Telangana,Hyderabad,Tube Well,601.99,198.0,7591.0,4569.71
2015-12-21,2015,Rabi,Potato,Punjab,Patiala,Tube Well,929.51,191.0,40484.0,37630.28
2023-10-14,2023,Perennial,Sugarcane,Karnataka,Belgaum,Tube Well,1034.49,106.0,84566.0,87482.68
2019-01-25,2019,Rabi,Oilseeds,Gujarat,Surat,Tube Well,1010.4,137.0,2866.0,2895.81
2015-02-25,2015,Perennial,Sugarcane,Uttar Pradesh,Kanpur,Tube Well,1415.43,183.0,73657.0,104256.33
2025-01-12,2025,Perennial,Sugarcane,Tamil Nadu,Madurai,Tube Well,1063.06,124.0,90489.0,96195.24
2017-06-13,2017,Kharif,Pulses,Rajasthan,Jodhpur,Rainfed,314.16,140.0,1271.0,399.3
2022-03-11,2022,Kharif,Pulses,Madhya Pradesh,Bhopal,Rainfed,395.45,140.0,1923.0,760.45
2016-03-18,2016,Perennial,Sugarcane,Karnataka,Mysore,Drip,316.97,147.0,80146.0,25403.88
2020-04-18,2020,Perennial,Sugarcane,Tamil Nadu,Chennai,Tube Well,564.19,136.0,71576.0,40382.46
2021-11-29,2021,Kharif,Pulses,Uttar Pradesh,Kanpur,Canal,234.56,111.0,1792.0,420.33
2022-10-09,2022,Kharif,Pulses,Rajasthan,Jodhpur,Rainfed,473.29,131.0,1348.0,637.99
2019-12-18,2019,Kharif,Pulses,Rajasthan,Jaipur,Rainfed,27.2,181.0,1129.0,30.71
2022-11-16,2022,Perennial,Sugarcane,Uttar Pradesh,Varanasi,Rainfed,361.09,180.0,71632.0,25865.6
2015-08-19,2015,Kharif,Oilseeds,Rajasthan,Jodhpur,Rainfed,153.57,166.0,3269.0,502.02
2022-09-26,2022,Rabi,Potato,Punjab,Amritsar,Tube Well,1407.45,112.0,26193.0,36865.34
2016-01-12,2016,Perennial,Sugarcane,Karnataka,Hubli,Drip,167.94,168.0,84037.0,14113.17
2023-07-15,2023,Kharif,Pulses,Madhya Pradesh,Bhopal,Tube Well,713.71,108.0,1103.0,787.22
2022-05-08,2022,Rabi,Pulses,Rajasthan,Udaipur,Tube Well,95.81,150.0,1173.0,112.39
2024-04-20,2024,Kharif,Oilseeds,Maharashtra,Mumbai,Rainfed,849.4,135.0,1872.0,1590.08
2025-03-17,2025,Perennial,Coffee,Kerala,Kozhikode,Drip,262.71,95.0,1861.0,488.9
2016-08-14,2016,Kharif,Cotton,Telangana,Hyderabad,Canal,291.24,118.0,1454.0,423.46
2016-03-05,2016,Rabi,Wheat,Rajasthan,Udaipur,Rainfed,698.81,175.0,3078.0,2150.94
2020-07-14,2020,Rabi,Pulses,Madhya Pradesh,Bhopal,Tube Well,188.57,187.0,2534.0,477.84
2016-01-05,2016,Kharif,Oilseeds,Maharashtra,Nashik,Rainfed,271.3,81.0,2394.0,649.49
2018-01-03,2018,Kharif,Pulses,Madhya Pradesh,Bhopal,Tube Well,475.57,118.0,1802.0,856.98
2016-08-04,2016,Rabi,Wheat,Bihar,Muzaffarpur,Canal,743.34,115.0,3809.0,2831.38
2025-02-24,2025,Kharif,Rice,Bihar,Muzaffarpur,Tube Well,982.68,123.0,3350.0,3291.98
2016-08-17,2016,Perennial,Tea,Assam,Cachar,Rainfed,564.12,196.0,1649.0,930.23
2017-07-23,2017,Perennial,Coffee,Karnataka,Hubli,Canal,622.44,128.0,1163.0,723.9
2021-05-11,2021,Rabi,Potato,Bihar,Muzaffarpur,Tube Well,415.04,175.0,37741.0,15664.02
2016-03-20,2016,Rabi,Potato,Punjab,Patiala,Canal,896.72,150.0,30325.0,27193.03
2023-10-03,2023,Rabi,Pulses,Maharashtra,Nashik,Tube Well,785.08,66.0,1236.0,970.36
2023-05-14,2023,Perennial,Tea,West Bengal,Kolkata,Rainfed,247.31,154.0,1243.0,307.41
2020-04-18,2020,Rabi,Potato,Punjab,Amritsar,Tube Well,1010.1,147.0,27370.0,27646.44
2017-10-24,2017,Kharif,Rice,Tamil Nadu,Coimbatore,Tube Well,232.82,164.0,5647.0,1314.73
2020-02-24,2020,Kharif,Maize,Telangana,Nizamabad,Canal,446.06,61.0,6692.0,2985.03
2016-02-18,2016,Rabi,Oilseeds,Madhya Pradesh,Bhopal,Rainfed,215.3,86.0,2503.0,538.9
2018-10-11,2018,Rabi,Wheat,Uttar Pradesh,Lucknow,Canal,476.07,165.0,5385.0,2563.64
2023-02-12,2023,Rabi,Potato,West Bengal,Kolkata,Rainfed,679.13,106.0,18972.0,12884.45
2025-08-12,2025,Kharif,Maize,Karnataka,Hubli,Canal,80.29,187.0,8557.0,687.04
2022-09-20,2022,Zaid,Coconut,Tamil Nadu,Madurai,Drip,23.12,128.0,10920.0,252.47
2020-11-14,2020,Kharif,Maize,Bihar,Muzaffarpur,Canal,139.31,50.0,4205.0,585.8
2024-09-11,2024,Kharif,Maize,Madhya Pradesh,Bhopal,Rainfed,143.28,155.0,4565.0,654.07
2019-03-07,2019,Rabi,Wheat,Madhya Pradesh,Bhopal,Rainfed,166.32,127.0,2784.0,463.03
2017-08-04,2017,Kharif,Pulses,Maharashtra,Mumbai,Drip,1008.37,98.0,1741.0,1755.57
2021-05-22,2021,Rabi,Wheat,Rajasthan,Jodhpur,Rainfed,318.33,53.0,3003.0,955.94
2017-05-29,2017,Kharif,Oilseeds,Maharashtra,Nagpur,Drip,616.22,80.0,3066.0,1889.33
2024-05-14,2024,Rabi,Wheat,Madhya Pradesh,Bhopal,Tube Well,519.02,74.0,2953.0,1532.67
2022-10-27,2022,Rabi,Pulses,Uttar Pradesh,Lucknow,Canal,1096.37,137.0,1661.0,1821.07
2025-04-20,2025,Kharif,Oilseeds,Madhya Pradesh,Bhopal,Rainfed,12.77,165.0,2425.0,30.97
2019-08-16,2019,Kharif,Pulses,Madhya Pradesh,Bhopal,Rainfed,686.81,85.0,868.0,596.15
2017-11-06,2017,Perennial,Coffee,Tamil Nadu,Madurai,Canal,1087.39,155.0,1726.0,1876.84
2016-09-10,2016,Rabi,Pulses,Rajasthan,Jaipur,Rainfed,94.05,185.0,1160.0,109.1
2025-04-21,2025,Rabi,Potato,Bihar,Gaya,Rainfed,654.57,143.0,28835.0,18874.53
2015-08-16,2015,Kharif,Rice,Andhra Pradesh,Krishna,Rainfed,12.87,166.0,3553.0,45.73
2024-02-12,2024,Rabi,Pulses,Rajasthan,Jaipur,Tube Well,43.83,81.0,1301.0,57.02
2023-11-25,2023,Rabi,Oilseeds,Gujarat,Surat,Rainfed,349.15,61.0,2148.0,749.97
2025-04-04,2025,Rabi,Potato,Punjab,Patiala,Canal,1271.14,105.0,28079.0,35692.34
2024-01-09,2024,Zaid,Coconut,Kerala,Kozhikode,Drip,525.48,156.0,8144.0,4279.51
2025-06-28,2025,Kharif,Rice,West Bengal,Darjeeling,Canal,495.94,153.0,6486.0,3216.67
2019-11-27,2019,Kharif,Cotton,Telangana,Nizamabad,Tube Well,400.35,193.0,1128.0,451.59
2023-06-23,2023,Perennial,Apple,Jammu and Kashmir,Srinagar,Rainfed,191.76,144.0,6974.0,1337.33
2016-12-12,2016,Perennial,Apple,Himachal Pradesh,Kangra,Rainfed,162.41,112.0,13112.0,2129.52
2023-12-02,2023,Kharif,Pulses,Rajasthan,Jaipur,Tube Well,615.62,170.0,1369.0,842.78
2020-01-16,2020,Rabi,Potato,Uttar Pradesh,Varanasi,Rainfed,856.13,73.0,27640.0,23663.43
2020-07-11,2020,Kharif,Cotton,Maharashtra,Mumbai,Drip,634.3,172.0,1172.0,743.4
2017-10-01,2017,Kharif,Rice,Uttar Pradesh,Kanpur,Canal,702.96,105.0,5574.0,3918.3
2025-01-31,2025,Kharif,Cotton,Telangana,Hyderabad,Tube Well,842.89,73.0,916.0,772.09
2018-08-05,2018,Kharif,Rice,Uttar Pradesh,Varanasi,Rainfed,1088.26,74.0,2417.0,2630.32
2019-07-15,2019,Zaid,Coconut,Karnataka,Mysore,Canal,167.85,198.0,15653.0,2627.36
2023-05-19,2023,Rabi,Potato,West Bengal,Darjeeling,Rainfed,486.3,143.0,16851.0,8194.64
2020-08-25,2020,Kharif,Pulses,Rajasthan,Jodhpur,Tube Well,208.98,76.0,1959.0,409.39
2025-05-21,2025,Kharif,Maize,Maharashtra,Nagpur,Rainfed,1283.06,90.0,3666.0,4703.7
2015-09-22,2015,Perennial,Coffee,Kerala,Kozhikode,Drip,338.16,106.0,1030.0,348.3
2016-04-28,2016,Kharif,Oilseeds,Gujarat,Ahmedabad,Tube Well,90.77,58.0,2237.0,203.05
2021-12-14,2021,Rabi,Oilseeds,Gujarat,Rajkot,Rainfed,499.34,66.0,2445.0,1220.89
2018-05-22,2018,Kharif,Oilseeds,Maharashtra,Pune,Rainfed,424.54,164.0,2462.0,1045.22
2018-01-28,2018,Rabi,Potato,Punjab,Ludhiana,Canal,903.38,168.0,16750.0,15131.62
2018-12-24,2018,Kharif,Maize,Bihar,Muzaffarpur,Canal,233.82,198.0,8090.0,1891.6
2019-09-13,2019,Kharif,Pulses,Madhya Pradesh,Bhopal,Tube Well,38.42,60.0,1754.0,67.39
2018-09-07,2018,Kharif,Pulses,Maharashtra,Mumbai,Drip,133.69,183.0,2450.0,327.54
2019-08-05,2019,Kharif,Maize,Madhya Pradesh,Bhopal,Rainfed,233.69,98.0,4006.0,936.16
2016-08-25,2016,Rabi,Wheat,Madhya Pradesh,Bhopal,Rainfed,285.17,99.0,3076.0,877.18
2021-12-27,2021,Rabi,Pulses,Maharashtra,Nagpur,Rainfed,1086.44,69.0,1164.0,1264.62
2018-08-02,2018,Kharif,Cotton,Maharashtra,Nagpur,Tube Well,358.39,198.0,693.0,248.36
2016-02-27,2016,Kharif,Rice,West Bengal,Howrah,Rainfed,44.33,197.0,5279.0,234.02
2017-04-18,2017,Rabi,Oilseeds,Maharashtra,Pune,Tube Well,1017.15,180.0,3414.0,3472.55
2024-06-24,2024,Rabi,Potato,Punjab,Amritsar,Tube Well,1304.69,64.0,27674.0,36105.99
2020-09-09,2020,Perennial,Sugarcane,Maharashtra,Nagpur,Tube Well,645.08,176.0,85933.0,55433.66
2018-12-19,2018,Rabi,Pulses,Maharashtra,Pune,Tube Well,377.56,145.0,2185.0,824.97
2016-01-08,2016,Rabi,Pulses,Rajasthan,Udaipur,Rainfed,542.78,69.0,1007.0,546.58
2023-11-09,2023,Rabi,Potato,Punjab,Amritsar,Canal,23.26,89.0,30724.0,714.64
2023-03-28,2023,Perennial,Tea,Kerala,Ernakulam,Drip,739.98,153.0,2262.0,1673.83
2017-04-06,2017,Perennial,Apple,Himachal Pradesh,Mandi,Rainfed,434.11,171.0,7350.0,3190.71
2025-03-07,2025,Kharif,Oilseeds,Rajasthan,Jaipur,Rainfed,385.93,177.0,3174.0,1224.94
2023-07-20,2023,Kharif,Cotton,Andhra Pradesh,Guntur,Tube Well,340.32,132.0,648.0,220.53
2018-08-13,2018,Kharif,Rice,West Bengal,Darjeeling,Rainfed,45.8,130.0,4474.0,204.91
2018-07-11,2018,Rabi,Wheat,Madhya Pradesh,Bhopal,Tube Well,799.86,153.0,3056.0,2444.37
2024-06-25,2024,Zaid,Coconut,Kerala,Ernakulam,Drip,612.04,167.0,14619.0,8947.41
2017-02-23,2017,Rabi,Potato,Bihar,Muzaffarpur,Tube Well,345.32,76.0,14769.0,5100.03
2024-07-17,2024,Kharif,Maize,Madhya Pradesh,Bhopal,Rainfed,25.22,161.0,4978.0,125.55
2021-07-27,2021,Zaid,Coconut,Tamil Nadu,Coimbatore,Canal,706.83,101.0,7278.0,5144.31
2020-07-08,2020,Perennial,Coffee,Kerala,Thrissur,Drip,789.65,108.0,1906.0,1505.07
2019-05-23,2019,Kharif,Cotton,Maharashtra,Nashik,Drip,922.12,62.0,923.0,851.12
2021-09-03,2021,Rabi,Oilseeds,Madhya Pradesh,Bhopal,Rainfed,76.13,138.0,1091.0,83.06
2018-09-05,2018,Rabi,Oilseeds,Maharashtra,Nagpur,Rainfed,528.94,64.0,2088.0,1104.43
2022-08-07,2022,Perennial,Sugarcane,Tamil Nadu,Chennai,Canal,129.01,187.0,110466.0,14251.22
2016-09-19,2016,Perennial,Apple,Jammu and Kashmir,Srinagar,Rainfed,365.74,143.0,14514.0,5308.35
2016-02-26,2016,Rabi,Oilseeds,Madhya Pradesh,Bhopal,Tube Well,271.03,199.0,2786.0,755.09
2022-03-06,2022,Rabi,Potato,Bihar,Patna,Tube Well,736.04,87.0,22507.0,16566.05
2024-06-28,2024,Perennial,Coffee,Kerala,Kozhikode,Drip,76.91,152.0,1436.0,110.44
2024-02-13,2024,Rabi,Pulses,Maharashtra,Mumbai,Drip,175.65,195.0,2954.0,518.87
2023-05-12,2023,Kharif,Rice,West Bengal,Darjeeling,Rainfed,750.64,95.0,3689.0,2769.11
2015-08-09,2015,Zaid,Coconut,Andhra Pradesh,Krishna,Canal,1013.74,64.0,11540.0,11698.56
2022-12-08,2022,Kharif,Maize,Telangana,Nizamabad,Canal,189.29,145.0,7370.0,1395.07
2024-02-09,2024,Kharif,Maize,Madhya Pradesh,Bhopal,Rainfed,340.49,105.0,5807.0,1977.23
2019-08-04,2019,Perennial,Sugarcane,Tamil Nadu,Chennai,Canal,685.16,91.0,119292.0,81734.11
2015-08-14,2015,Zaid,Coconut,Andhra Pradesh,Chittoor,Tube Well,957.57,199.0,17044.0,16320.82
2016-08-26,2016,Rabi,Pulses,Maharashtra,Nagpur,Tube Well,820.37,163.0,1709.0,1402.01
2021-02-04,2021,Kharif,Maize,Bihar,Gaya,Canal,104.47,123.0,5012.0,523.6
2024-12-25,2024,Kharif,Oilseeds,Gujarat,Rajkot,Rainfed,655.96,58.0,1286.0,843.56
2016-12-13,2016,Kharif,Oilseeds,Madhya Pradesh,Bhopal,Tube Well,708.84,79.0,3304.0,2342.01
2023-06-09,2023,Kharif,Pulses,Rajasthan,Jaipur,Rainfed,608.94,95.0,1763.0,1073.56
2021-03-12,2021,Zaid,Coconut,Karnataka,Belgaum,Tube Well,647.67,123.0,12129.0,7855.59
2019-02-07,2019,Kharif,Cotton,Gujarat,Surat,Rainfed,1194.88,125.0,466.0,556.81
2025-03-12,2025,Rabi,Potato,Bihar,Patna,Tube Well,114.07,54.0,18966.0,2163.45
2018-07-19,2018,Kharif,Pulses,Rajasthan,Udaipur,Tube Well,340.23,192.0,2482.0,844.45
2022-05-23,2022,Perennial,Tea,Assam,Kamrup,Rainfed,622.35,131.0,1436.0,893.69
2019-08-30,2019,Kharif,Maize,Bihar,Purnia,Rainfed,149.63,53.0,4411.0,660.02
2023-04-08,2023,Kharif,Rice,Uttar Pradesh,Kanpur,Tube Well,1459.4,155.0,5049.0,7368.51
2016-12-12,2016,Kharif,Maize,Telangana,Warangal,Canal,325.1,61.0,4646.0,1510.41
2019-01-31,2019,Rabi,Oilseeds,Rajasthan,Udaipur,Rainfed,251.6,158.0,3139.0,789.77
2024-05-30,2024,Rabi,Potato,Uttar Pradesh,Kanpur,Canal,327.66,155.0,21976.0,7200.66
2025-03-04,2025,Rabi,Potato,Bihar,Muzaffarpur,Tube Well,295.14,198.0,41576.0,12270.74
2020-06-16,2020,Rabi,Pulses,Maharashtra,Mumbai,Rainfed,755.09,101.0,1437.0,1085.06
2016-04-07,2016,Kharif,Cotton,Telangana,Warangal,Canal,392.13,72.0,593.0,232.53
2022-06-20,2022,Rabi,Oilseeds,Madhya Pradesh,Bhopal,Rainfed,162.77,64.0,2468.0,401.72
2019-08-01,2019,Rabi,Potato,West Bengal,Kolkata,Rainfed,891.96,61.0,23757.0,21190.29
2021-06-06,2021,Kharif,Oilseeds,Gujarat,Rajkot,Tube Well,84.06,172.0,3808.0,320.1
2020-08-24,2020,Kharif,Cotton,Andhra Pradesh,Chittoor,Rainfed,1003.24,158.0,996.0,999.23
2022-08-15,2022,Kharif,Pulses,Maharashtra,Mumbai,Rainfed,364.67,196.0,1923.0,701.26
2017-01-01,2017,Kharif,Rice,Punjab,Patiala,Canal,748.9,96.0,6187.0,4633.44
2018-07-04,2018,Rabi,Wheat,Punjab,Amritsar,Canal,577.79,170.0,3356.0,1939.06
2015-11-24,2015,Kharif,Cotton,Telangana,Hyderabad,Tube Well,517.84,64.0,551.0,285.33
2021-12-27,2021,Kharif,Pulses,Maharashtra,Nashik,Tube Well,1036.83,186.0,1390.0,1441.19
2016-10-26,2016,Kharif,Pulses,Maharashtra,Nagpur,Tube Well,1286.22,58.0,2155.0,2771.8
2021-06-14,2021,Perennial,Tea,Assam,Dibrugarh,Rainfed,251.79,168.0,2052.0,516.67
2015-04-29,2015,Perennial,Sugarcane,Tamil Nadu,Coimbatore,Canal,613.65,96.0,77056.0,47285.41
2019-08-21,2019,Kharif,Rice,Chhattisgarh,Raipur,Rainfed,331.55,77.0,2300.0,762.56
2017-07-06,2017,Kharif,Oilseeds,Madhya Pradesh,Bhopal,Rainfed,799.15,156.0,2063.0,1648.65
2023-09-30,2023,Kharif,Cotton,Telangana,Warangal,Canal,729.93,184.0,1602.0,1169.35
2018-06-30,2018,Rabi,Potato,Punjab,Amritsar,Tube Well,601.65,165.0,36923.0,22214.72
2017-12-02,2017,Kharif,Oilseeds,Maharashtra,Nashik,Drip,625.17,97.0,3696.0,2310.63
2022-09-30,2022,Rabi,Oilseeds,Rajasthan,Jaipur,Rainfed,179.71,103.0,2526.0,453.95
2019-10-08,2019,Rabi,Wheat,Madhya Pradesh,Bhopal,Rainfed,606.65,78.0,2018.0,1224.22
2016-08-09,2016,Perennial,Apple,Jammu and Kashmir,Srinagar,Rainfed,339.63,174.0,13705.0,4654.63
2016-05-16,2016,Kharif,Rice,Tamil Nadu,Chennai,Drip,1061.84,66.0,4588.0,4871.72
2019-03-10,2019,Perennial,Sugarcane,Uttar Pradesh,Lucknow,Tube Well,853.09,185.0,126071.0,107549.91
2021-04-20,2021,Zaid,Coconut,Karnataka,Bangalore,Tube Well,741.04,140.0,10685.0,7918.01
2024-05-02,2024,Kharif,Maize,Karnataka,Belgaum,Canal,496.2,138.0,6281.0,3116.63
2019-06-13,2019,Kharif,Rice,Uttar Pradesh,Varanasi,Canal,917.6,176.0,3573.0,3278.58
2016-10-08,2016,Kharif,Pulses,Rajasthan,Udaipur,Rainfed,250.64,150.0,2037.0,510.55
2022-06-06,2022,Kharif,Oilseeds,Maharashtra,Mumbai,Rainfed,961.62,96.0,1719.0,1653.02
2022-12-04,2022,Kharif,Oilseeds,Maharashtra,Nagpur,Tube Well,39.28,102.0,2748.0,107.94
2020-12-14,2020,Rabi,Oilseeds,Rajasthan,Jaipur,Tube Well,29.64,76.0,1711.0,50.71
2016-07-30,2016,Rabi,Pulses,Maharashtra,Pune,Drip,933.8,120.0,1771.0,1653.76
2023-01-06,2023,Perennial,Tea,Assam,Dibrugarh,Rainfed,745.24,67.0,2146.0,1599.29
2021-02-28,2021,Kharif,Cotton,Gujarat,Rajkot,Rainfed,762.38,148.0,611.0,465.81
2015-09-20,2015,Perennial,Sugarcane,Tamil Nadu,Madurai,Drip,801.92,75.0,79151.0,63472.77
2024-10-30,2024,Kharif,Cotton,Telangana,Warangal,Rainfed,743.3,180.0,690.0,512.88
2021-02-17,2021,Zaid,Coconut,Andhra Pradesh,Guntur,Rainfed,440.39,155.0,9362.0,4122.93
2023-09-28,2023,Kharif,Maize,Telangana,Nizamabad,Tube Well,106.22,184.0,6652.0,706.58
2024-06-09,2024,Kharif,Rice,Assam,Dibrugarh,Rainfed,747.14,63.0,2332.0,1742.33
2021-06-15,2021,Perennial,Tea,Assam,Tinsukia,Rainfed,751.47,170.0,2274.0,1708.84
2019-10-14,2019,Kharif,Oilseeds,Madhya Pradesh,Bhopal,Rainfed,359.05,182.0,3202.0,1149.68
2021-06-25,2021,Rabi,Wheat,Rajasthan,Udaipur,Rainfed,159.85,57.0,2188.0,349.75
2020-08-30,2020,Rabi,Oilseeds,Rajasthan,Udaipur,Tube Well,625.72,200.0,3507.0,2194.4
2016-05-13,2016,Rabi,Wheat,Rajasthan,Jodhpur,Rainfed,498.81,95.0,3112.0,1552.3
2020-09-21,2020,Rabi,Wheat,Haryana,Faridabad,Tube Well,21.44,82.0,3252.0,69.72
2019-03-06,2019,Zaid,Coconut,Karnataka,Hubli,Tube Well,127.41,112.0,11559.0,1472.73
2021-11-06,2021,Kharif,Maize,Madhya Pradesh,Bhopal,Rainfed,786.73,51.0,3273.0,2574.97
2018-10-07,2018,Rabi,Oilseeds,Maharashtra,Pune,Rainfed,59.19,183.0,3040.0,179.94
2019-11-06,2019,Perennial,Sugarcane,Maharashtra,Nagpur,Tube Well,374.5,90.0,63479.0,23772.89
2018-07-19,2018,Kharif,Maize,Bihar,Patna,Tube Well,553.01,128.0,6250.0,3456.31
2019-08-01,2019,Kharif,Maize,Bihar,Purnia,Tube Well,192.51,144.0,5405.0,1040.52
2017-06-09,2017,Zaid,Coconut,Andhra Pradesh,Visakhapatnam,Canal,286.14,169.0,16417.0,4697.56
2017-05-15,2017,Rabi,Wheat,Haryana,Karnal,Tube Well,500.62,88.0,3711.0,1857.8
2015-12-11,2015,Rabi,Wheat,Punjab,Patiala,Tube Well,411.64,158.0,5041.0,2075.08
2019-06-19,2019,Kharif,Oilseeds,Rajasthan,Jaipur,Tube Well,564.32,68.0,3393.0,1914.74
2022-11-25,2022,Rabi,Oilseeds,Rajasthan,Jodhpur,Tube Well,355.19,156.0,2326.0,826.17
2016-06-05,2016,Kharif,Cotton,Maharashtra,Mumbai,Drip,369.42,188.0,1761.0,650.55
2019-02-18,2019,Rabi,Wheat,Bihar,Patna,Tube Well,319.97,63.0,4074.0,1303.56
2022-03-08,2022,Zaid,Coconut,Andhra Pradesh,Guntur,Tube Well,57.44,68.0,5797.0,332.98
2017-03-18,2017,Kharif,Oilseeds,Maharashtra,Nashik,Rainfed,73.72,134.0,1270.0,93.62
2017-06-12,2017,Rabi,Oilseeds,Madhya Pradesh,Bhopal,Rainfed,577.15,57.0,2404.0,1387.47
2015-08-19,2015,Perennial,Coffee,Karnataka,Belgaum,Drip,133.07,78.0,1278.0,170.06
2018-01-17,2018,Rabi,Potato,West Bengal,Howrah,Rainfed,528.62,79.0,18952.0,10018.41
2018-10-03,2018,Perennial,Sugarcane,Tamil Nadu,Chennai,Drip,928.18,122.0,135224.0,125512.21
2017-02-21,2017,Rabi,Pulses,Uttar Pradesh,Kanpur,Tube Well,559.0,87.0,2328.0,1301.35
2018-07-15,2018,Zaid,Coconut,Andhra Pradesh,Chittoor,Canal,421.45,121.0,6717.0,2830.88
2022-11-13,2022,Kharif,Rice,Tamil Nadu,Coimbatore,Canal,961.62,128.0,4329.0,4162.85
2025-09-07,2025,Kharif,Rice,Tamil Nadu,Madurai,Drip,952.69,160.0,7146.0,6807.92
2021-10-12,2021,Kharif,Oilseeds,Rajasthan,Jodhpur,Tube Well,617.29,192.0,3898.0,2406.2
2020-09-07,2020,Rabi,Potato,Punjab,Amritsar,Tube Well,862.15,126.0,32352.0,27892.28
2025-04-17,2025,Perennial,Coffee,Karnataka,Bangalore,Tube Well,1048.01,103.0,766.0,802.78
2021-03-01,2021,Kharif,Rice,Bihar,Muzaffarpur,Tube Well,820.77,89.0,4790.0,3931.49
2020-12-28,2020,Rabi,Pulses,Maharashtra,Mumbai,Rainfed,546.17,145.0,1605.0,876.6
2017-12-28,2017,Zaid,Coconut,Kerala,Kozhikode,Drip,507.35,191.0,8553.0,4339.36
2020-08-28,2020,Rabi,Oilseeds,Gujarat,Surat,Tube Well,154.93,165.0,3604.0,558.37
2017-06-17,2017,Kharif,Cotton,Andhra Pradesh,Krishna,Canal,666.09,81.0,828.0,551.52
2017-02-06,2017,Rabi,Potato,Bihar,Gaya,Rainfed,270.52,184.0,25577.0,6919.09
2017-06-23,2017,Kharif,Oilseeds,Gujarat,Rajkot,Tube Well,347.42,160.0,2418.0,840.06
2020-06-14,2020,Kharif,Cotton,Telangana,Nizamabad,Canal,121.89,69.0,582.0,70.94
2016-08-05,2016,Perennial,Coffee,Karnataka,Hubli,Canal,400.44,157.0,1493.0,597.86
2021-06-14,2021,Kharif,Oilseeds,Gujarat,Rajkot,Tube Well,582.85,93.0,2015.0,1174.44
2015-06-19,2015,Kharif,Oilseeds,Madhya Pradesh,Bhopal,Rainfed,484.28,124.0,1181.0,571.93
2015-02-24,2015,Perennial,Coffee,Kerala,Thrissur,Drip,250.85,95.0,952.0,238.81
2020-03-16,2020,Kharif,Maize,Madhya Pradesh,Bhopal,Rainfed,635.88,63.0,4485.0,2851.92
2017-10-21,2017,Rabi,Pulses,Maharashtra,Nagpur,Drip,682.04,165.0,1417.0,966.45
2023-11-18,2023,Kharif,Maize,Andhra Pradesh,Guntur,Rainfed,769.28,174.0,3664.0,2818.64
2024-08-05,2024,Kharif,Cotton,Maharashtra,Mumbai,Tube Well,368.81,85.0,1421.0,524.08
2023-02-07,2023,Kharif,Maize,Telangana,Nizamabad,Rainfed,734.58,86.0,3206.0,2355.06
2019-09-11,2019,Kharif,Rice,West Bengal,Kolkata,Canal,690.46,114.0,4234.0,2923.41
2024-03-24,2024,Rabi,Potato,Uttar Pradesh,Kanpur,Canal,1294.9,172.0,18911.0,24487.85
2024-09-17,2024,Zaid,Coconut,Andhra Pradesh,Visakhapatnam,Tube Well,200.34,62.0,13559.0,2716.41
2023-08-26,2023,Rabi,Wheat,Punjab,Amritsar,Tube Well,577.19,171.0,4231.0,2442.09
2022-08-02,2022,Perennial,Tea,West Bengal,Kolkata,Rainfed,133.19,188.0,1340.0,178.47
2021-10-19,2021,Kharif,Oilseeds,Rajasthan,Jodhpur,Rainfed,158.71,134.0,2668.0,423.44
2020-02-03,2020,Rabi,Potato,Uttar Pradesh,Varanasi,Canal,597.88,59.0,31292.0,18708.86
2022-11-02,2022,Rabi,Wheat,Bihar,Purnia,Rainfed,895.64,90.0,3696.0,3310.29
2025-09-18,2025,Perennial,Coffee,Tamil Nadu,Chennai,Tube Well,617.17,67.0,1434.0,885.02
2023-10-26,2023,Kharif,Maize,Bihar,Gaya,Rainfed,337.07,89.0,3070.0,1034.8
2019-09-20,2019,Rabi,Potato,Uttar Pradesh,Varanasi,Canal,1122.88,172.0,31358.0,35211.27
2020-12-07,2020,Perennial,Apple,Jammu and Kashmir,Srinagar,Rainfed,17.68,58.0,8084.0,142.93
2021-04-14,2021,Kharif,Maize,Maharashtra,Nashik,Rainfed,487.42,93.0,5127.0,2499.0
2020-12-07,2020,Perennial,Tea,Assam,Tinsukia,Rainfed,484.66,128.0,1963.0,951.39
2019-09-08,2019,Kharif,Pulses,Rajasthan,Udaipur,Rainfed,412.43,181.0,1897.0,782.38
2018-05-20,2018,Zaid,Coconut,Tamil Nadu,Chennai,Tube Well,672.24,87.0,6723.0,4519.47
2018-06-22,2018,Perennial,Sugarcane,Maharashtra,Nashik,Drip,282.84,167.0,110834.0,31348.29
2020-09-30,2020,Rabi,Pulses,Madhya Pradesh,Bhopal,Rainfed,276.29,138.0,1396.0,385.7
2022-07-07,2022,Rabi,Pulses,Uttar Pradesh,Lucknow,Canal,1398.03,151.0,2852.0,3987.18
2018-08-10,2018,Kharif,Oilseeds,Gujarat,Ahmedabad,Tube Well,1169.03,179.0,1502.0,1755.88
2024-10-15,2024,Perennial,Tea,Assam,Kamrup,Rainfed,256.51,54.0,2018.0,517.64
2023-08-12,2023,Rabi,Wheat,Haryana,Faridabad,Tube Well,905.86,129.0,2922.0,2646.92
2020-07-14,2020,Kharif,Pulses,Maharashtra,Mumbai,Drip,321.27,162.0,1372.0,440.78
2022-01-15,2022,Rabi,Oilseeds,Rajasthan,Udaipur,Rainfed,264.28,183.0,1887.0,498.7
2023-09-26,2023,Rabi,Oilseeds,Gujarat,Vadodara,Rainfed,952.88,70.0,2248.0,2142.07
2015-11-07,2015,Kharif,Cotton,Gujarat,Ahmedabad,Rainfed,606.4,101.0,935.0,566.98
2024-01-12,2024,Kharif,Pulses,Madhya Pradesh,Bhopal,Rainfed,681.18,62.0,1432.0,975.45
2022-09-10,2022,Kharif,Rice,Tamil Nadu,Coimbatore,Drip,695.33,175.0,6756.0,4697.65
2017-07-31,2017,Rabi,Oilseeds,Maharashtra,Nagpur,Drip,821.31,179.0,2303.0,1891.48
2018-09-21,2018,Rabi,Wheat,Rajasthan,Jaipur,Rainfed,33.38,123.0,3370.0,112.49
2023-07-26,2023,Rabi,Wheat,Madhya Pradesh,Bhopal,Rainfed,602.24,53.0,2966.0,1786.24
2015-11-30,2015,Perennial,Tea,West Bengal,Kolkata,Canal,1075.87,65.0,2449.0,2634.81
2024-11-05,2024,Perennial,Apple,Himachal Pradesh,Kangra,Rainfed,241.78,144.0,11702.0,2829.31
2018-04-10,2018,Rabi,Oilseeds,Gujarat,Surat,Tube Well,198.71,197.0,2147.0,426.63
2023-08-05,2023,Kharif,Rice,Chhattisgarh,Raipur,Rainfed,684.11,176.0,5344.0,3655.88
2021-05-09,2021,Rabi,Oilseeds,Gujarat,Ahmedabad,Tube Well,355.25,170.0,4210.0,1495.6
2016-10-17,2016,Rabi,Pulses,Maharashtra,Nashik,Tube Well,537.87,113.0,2107.0,1133.29
2019-07-25,2019,Rabi,Oilseeds,Maharashtra,Mumbai,Tube Well,109.8,198.0,2814.0,308.98
2018-05-14,2018,Rabi,Wheat,Punjab,Amritsar,Canal,175.15,174.0,4604.0,806.39
2019-04-24,2019,Kharif,Rice,West Bengal,Howrah,Rainfed,246.06,100.0,2302.0,566.43
2021-09-09,2021,Perennial,Sugarcane,Uttar Pradesh,Kanpur,Tube Well,827.21,162.0,95956.0,79375.76
2024-05-17,2024,Kharif,Pulses,Madhya Pradesh,Bhopal,Tube Well,450.65,115.0,2562.0,1154.57
2022-11-21,2022,Rabi,Wheat,Punjab,Ludhiana,Tube Well,913.3,149.0,4265.0,3895.22
2024-01-29,2024,Kharif,Maize,Madhya Pradesh,Bhopal,Tube Well,471.22,196.0,6956.0,3277.81
2025-07-30,2025,Perennial,Sugarcane,Uttar Pradesh,Kanpur,Tube Well,747.9,87.0,120668.0,90247.6
2021-12-31,2021,Kharif,Oilseeds,Gujarat,Vadodara,Tube Well,964.5,169.0,3948.0,3807.85
2019-04-20,2019,Kharif,Pulses,Maharashtra,Mumbai,Drip,1214.73,139.0,2183.0,2651.76
2023-04-15,2023,Kharif,Pulses,Maharashtra,Nagpur,Rainfed,357.99,192.0,1297.0,464.31
2015-07-30,2015,Kharif,Oilseeds,Rajasthan,Jodhpur,Tube Well,99.83,70.0,1476.0,147.35
2022-04-29,2022,Kharif,Cotton,Telangana,Warangal,Tube Well,388.33,158.0,1526.0,592.59
2023-02-11,2023,Rabi,Pulses,Rajasthan,Jaipur,Rainfed,28.23,56.0,1734.0,48.95
2015-11-01,2015,Rabi,Oilseeds,Rajasthan,Jaipur,Rainfed,619.49,87.0,1922.0,1190.66
2019-09-26,2019,Kharif,Oilseeds,Gujarat,Rajkot,Rainfed,295.25,98.0,1173.0,346.33
2016-04-06,2016,Kharif,Oilseeds,Rajasthan,Jodhpur,Rainfed,389.01,115.0,2250.0,875.27
2021-01-24,2021,Perennial,Coffee,Karnataka,Mysore,Drip,135.45,195.0,1399.0,189.49
2021-12-18,2021,Rabi,Wheat,Punjab,Patiala,Tube Well,834.35,60.0,2716.0,2266.09
2023-08-31,2023,Zaid,Coconut,Kerala,Kozhikode,Drip,40.8,75.0,14901.0,607.96
2024-05-02,2024,Rabi,Potato,West Bengal,Kolkata,Canal,848.0,80.0,18812.0,15952.58
2025-09-15,2025,Kharif,Maize,Telangana,Warangal,Canal,860.33,114.0,6949.0,5978.43
2024-12-18,2024,Kharif,Cotton,Gujarat,Rajkot,Rainfed,375.3,59.0,681.0,255.58
2017-05-08,2017,Kharif,Oilseeds,Rajasthan,Jodhpur,Rainfed,188.17,195.0,3083.0,580.13
2018-03-27,2018,Perennial,Apple,Jammu and Kashmir,Srinagar,Rainfed,184.72,134.0,12623.0,2331.72
2019-11-16,2019,Perennial,Apple,Jammu and Kashmir,Srinagar,Rainfed,251.79,172.0,6977.0,1756.74
2020-01-02,2020,Rabi,Oilseeds,Maharashtra,Nagpur,Rainfed,253.76,166.0,2106.0,534.42
2022-01-08,2022,Kharif,Cotton,Maharashtra,Nashik,Tube Well,1046.27,149.0,837.0,875.73
2019-02-23,2019,Kharif,Oilseeds,Rajasthan,Jodhpur,Rainfed,146.99,186.0,2779.0,408.49
2017-10-05,2017,Kharif,Oilseeds,Rajasthan,Jodhpur,Tube Well,13.78,185.0,3052.0,42.06
2025-02-27,2025,Rabi,Wheat,Bihar,Gaya,Rainfed,529.01,69.0,2504.0,1324.64
2025-06-02,2025,Kharif,Pulses,Maharashtra,Nagpur,Drip,158.54,185.0,1898.0,300.91
2021-07-02,2021,Perennial,Coffee,Karnataka,Hubli,Tube Well,771.08,129.0,818.0,630.74
2021-05-01,2021,Kharif,Rice,Odisha,Bhubaneswar,Rainfed,159.05,90.0,2568.0,408.44
2022-10-15,2022,Perennial,Apple,Jammu and Kashmir,Srinagar,Rainfed,328.78,141.0,12909.0,4244.22
2017-09-04,2017,Zaid,Coconut,Andhra Pradesh,Krishna,Canal,569.74,92.0,11550.0,6580.5
2024-09-18,2024,Zaid,Coconut,Andhra Pradesh,Krishna,Rainfed,683.87,122.0,7047.0,4819.23
2024-08-19,2024,Rabi,Pulses,Madhya Pradesh,Bhopal,Rainfed,157.4,172.0,2019.0,317.79
2017-07-01,2017,Rabi,Wheat,Rajasthan,Jodhpur,Tube Well,111.21,55.0,3448.0,383.45
2016-09-04,2016,Rabi,Pulses,Madhya Pradesh,Bhopal,Rainfed,508.72,77.0,1663.0,846.0
2022-07-15,2022,Rabi,Wheat,Rajasthan,Udaipur,Rainfed,186.27,193.0,4123.0,767.99
2019-07-06,2019,Rabi,Oilseeds,Maharashtra,Pune,Drip,507.84,117.0,3822.0,1940.96
2015-07-31,2015,Perennial,Coffee,Tamil Nadu,Chennai,Tube Well,532.6,95.0,1692.0,901.16
2021-08-20,2021,Zaid,Coconut,Tamil Nadu,Madurai,Drip,260.3,188.0,15045.0,3916.21
2015-09-01,2015,Zaid,Coconut,Kerala,Kozhikode,Rainfed,638.38,187.0,11461.0,7316.47
2018-05-13,2018,Perennial,Tea,Assam,Dibrugarh,Rainfed,752.15,57.0,1976.0,1486.25
2019-03-19,2019,Kharif,Rice,Uttar Pradesh,Varanasi,Canal,653.52,104.0,3334.0,2178.84
2018-10-22,2018,Kharif,Cotton,Gujarat,Vadodara,Tube Well,1101.88,187.0,938.0,1033.56
2016-07-03,2016,Rabi,Oilseeds,Gujarat,Ahmedabad,Rainfed,1060.39,77.0,1146.0,1215.21
2016-06-26,2016,Rabi,Wheat,Rajasthan,Jaipur,Rainfed,124.57,137.0,2513.0,313.04
2020-01-03,2020,Perennial,Tea,West Bengal,Kolkata,Canal,198.99,98.0,2851.0,567.32
2019-09-15,2019,Rabi,Potato,West Bengal,Kolkata,Rainfed,530.37,160.0,31779.0,16854.63
2017-04-03,2017,Rabi,Potato,Punjab,Patiala,Tube Well,793.53,74.0,28289.0,22448.17
2020-04-01,2020,Rabi,Pulses,Madhya Pradesh,Bhopal,Tube Well,279.49,139.0,2524.0,705.43
2016-03-03,2016,Kharif,Rice,Andhra Pradesh,Visakhapatnam,Canal,382.38,50.0,3545.0,1355.54
2018-08-02,2018,Rabi,Oilseeds,Madhya Pradesh,Bhopal,Rainfed,350.78,88.0,2607.0,914.48
2021-02-27,2021,Perennial,Coffee,Kerala,Ernakulam,Drip,555.48,74.0,1099.0,610.47
2015-12-31,2015,Kharif,Oilseeds,Gujarat,Surat,Tube Well,110.43,81.0,3405.0,376.01
2017-06-28,2017,Rabi,Oilseeds,Gujarat,Surat,Tube Well,855.59,179.0,3756.0,3213.6
2017-02-20,2017,Rabi,Oilseeds,Madhya Pradesh,Bhopal,Tube Well,741.73,187.0,4347.0,3224.3
2016-10-20,2016,Kharif,Rice,Telangana,Nizamabad,Canal,689.52,163.0,6594.0,4546.69
2018-06-03,2018,Kharif,Rice,Andhra Pradesh,Guntur,Rainfed,238.1,139.0,3387.0,806.44
2022-06-09,2022,Perennial,Coffee,Kerala,Ernakulam,Drip,79.11,85.0,816.0,64.55
2022-11-03,2022,Kharif,Oilseeds,Rajasthan,Jaipur,Tube Well,348.36,91.0,3420.0,1191.39
2020-10-29,2020,Kharif,Pulses,Madhya Pradesh,Bhopal,Tube Well,765.56,96.0,1865.0,1427.77
2015-10-20,2015,Kharif,Maize,Madhya Pradesh,Bhopal,Tube Well,657.06,167.0,7911.0,5198.0
2022-04-27,2022,Rabi,Potato,Punjab,Amritsar,Tube Well,848.47,88.0,21955.0,18628.16
2020-07-14,2020,Rabi,Potato,Punjab,Patiala,Tube Well,223.04,196.0,15718.0,3505.74
2017-02-03,2017,Rabi,Oilseeds,Maharashtra,Nashik,Drip,930.85,169.0,1710.0,1591.75
2022-12-15,2022,Kharif,Rice,Odisha,Bhubaneswar,Rainfed,733.57,200.0,4693.0,3442.64
2016-10-31,2016,Perennial,Sugarcane,Maharashtra,Pune,Tube Well,1216.24,119.0,72925.0,88694.3
2024-03-22,2024,Kharif,Maize,Telangana,Hyderabad,Tube Well,554.78,138.0,7082.0,3928.95
2021-03-02,2021,Kharif,Cotton,Gujarat,Surat,Rainfed,622.21,92.0,718.0,446.75
2025-03-20,2025,Rabi,Oilseeds,Rajasthan,Udaipur,Tube Well,437.24,141.0,2890.0,1263.62
2021-10-11,2021,Kharif,Pulses,Madhya Pradesh,Bhopal,Tube Well,755.17,196.0,2617.0,1976.28
2020-01-19,2020,Perennial,Tea,West Bengal,Howrah,Rainfed,694.66,55.0,1254.0,871.1
2019-06-07,2019,Perennial,Coffee,Tamil Nadu,Coimbatore,Tube Well,290.78,93.0,1140.0,331.49
2016-07-04,2016,Kharif,Rice,Chhattisgarh,Raipur,Rainfed,448.94,92.0,4086.0,1834.37
2016-10-29,2016,Perennial,Tea,Assam,Cachar,Rainfed,705.0,197.0,2769.0,1952.14
2022-03-07,2022,Zaid,Coconut,Andhra Pradesh,Guntur,Canal,684.73,70.0,7890.0,5402.52
2019-03-03,2019,Perennial,Apple,Jammu and Kashmir,Srinagar,Rainfed,206.05,172.0,12570.0,2590.05
2019-01-25,2019,Kharif,Maize,Telangana,Warangal,Canal,662.7,91.0,7600.0,5036.52
2019-05-18,2019,Rabi,Wheat,Madhya Pradesh,Bhopal,Tube Well,532.18,179.0,4771.0,2539.03
2022-08-06,2022,Kharif,Rice,Bihar,Gaya,Tube Well,66.12,123.0,6166.0,407.7
2019-01-12,2019,Perennial,Sugarcane,Uttar Pradesh,Lucknow,Tube Well,1090.71,86.0,119565.0,130410.74
2021-04-29,2021,Kharif,Maize,Karnataka,Hubli,Drip,454.23,156.0,8769.0,3983.14
2016-06-26,2016,Rabi,Wheat,Bihar,Patna,Rainfed,941.49,176.0,3963.0,3731.12
2024-03-20,2024,Kharif,Pulses,Maharashtra,Nashik,Rainfed,1262.34,121.0,1503.0,1897.3
2024-11-05,2024,Kharif,Pulses,Madhya Pradesh,Bhopal,Rainfed,364.5,157.0,1001.0,364.86
2018-09-09,2018,Rabi,Pulses,Madhya Pradesh,Bhopal,Tube Well,775.35,77.0,1294.0,1003.3
2024-12-26,2024,Perennial,Apple,Jammu and Kashmir,Srinagar,Rainfed,131.22,191.0,8720.0,1144.24
2019-06-05,2019,Rabi,Oilseeds,Rajasthan,Jodhpur,Tube Well,481.02,64.0,1261.0,606.57
2019-06-05,2019,Perennial,Tea,West Bengal,Howrah,Rainfed,91.81,83.0,1106.0,101.54
2021-07-23,2021,Kharif,Pulses,Uttar Pradesh,Kanpur,Canal,226.03,93.0,1504.0,339.95
2022-06-26,2022,Rabi,Oilseeds,Maharashtra,Pune,Tube Well,1125.24,73.0,1421.0,1598.97
2020-07-18,2020,Rabi,Wheat,Haryana,Gurgaon,Canal,1252.36,111.0,3149.0,3943.68
2025-09-06,2025,Kharif,Pulses,Uttar Pradesh,Varanasi,Rainfed,803.59,119.0,886.0,711.98
2020-08-06,2020,Rabi,Wheat,Punjab,Ludhiana,Tube Well,516.26,128.0,3766.0,1944.24
2019-12-25,2019,Rabi,Pulses,Rajasthan,Jaipur,Rainfed,321.21,56.0,1626.0,522.29
2021-11-20,2021,Rabi,Wheat,Rajasthan,Jodhpur,Rainfed,610.04,83.0,3477.0,2121.11
2022-06-05,2022,Zaid,Coconut,Andhra Pradesh,Chittoor,Canal,261.08,171.0,16751.0,4373.35
2019-04-26,2019,Rabi,Pulses,Madhya Pradesh,Bhopal,Rainfed,242.95,172.0,1897.0,460.88
2024-01-04,2024,Kharif,Pulses,Uttar Pradesh,Varanasi,Canal,1180.31,100.0,1443.0,1703.19
2023-05-12,2023,Kharif,Pulses,Madhya Pradesh,Bhopal,Tube Well,748.86,119.0,2150.0,1610.05
2018-09-10,2018,Rabi,Potato,Uttar Pradesh,Kanpur,Rainfed,148.46,78.0,23833.0,3538.25
2023-04-18,2023,Kharif,Rice,Punjab,Amritsar,Tube Well,1207.62,173.0,5200.0,6279.62
2019-08-14,2019,Kharif,Pulses,Rajasthan,Udaipur,Rainfed,455.1,194.0,2050.0,932.96
2023-01-27,2023,Rabi,Potato,Punjab,Ludhiana,Canal,353.85,94.0,14917.0,5278.38
2025-04-23,2025,Rabi,Pulses,Rajasthan,Jodhpur,Rainfed,531.51,167.0,1681.0,893.47
2016-11-17,2016,Kharif,Pulses,Rajasthan,Udaipur,Rainfed,512.26,103.0,1370.0,701.8
2021-01-26,2021,Zaid,Coconut,Kerala,Kozhikode,Rainfed,122.2,50.0,9398.0,1148.44
2018-06-06,2018,Rabi,Potato,Punjab,Patiala,Canal,758.35,140.0,17784.0,13486.5
2017-10-10,2017,Kharif,Pulses,Maharashtra,Pune,Rainfed,988.2,112.0,1067.0,1054.41
2022-05-25,2022,Zaid,Coconut,Andhra Pradesh,Chittoor,Tube Well,237.94,164.0,11961.0,2846.0
2018-08-18,2018,Rabi,Oilseeds,Maharashtra,Pune,Drip,606.97,162.0,4428.0,2687.66
2022-09-12,2022,Rabi,Potato,West Bengal,Kolkata,Canal,141.61,192.0,17972.0,2545.01
2024-06-15,2024,Rabi,Wheat,Punjab,Patiala,Canal,467.18,116.0,4736.0,2212.56
2016-08-07,2016,Kharif,Pulses,Maharashtra,Mumbai,Drip,291.15,122.0,1496.0,435.56
2019-09-04,2019,Rabi,Wheat,Punjab,Patiala,Tube Well,762.56,110.0,2848.0,2171.77
2025-08-10,2025,Kharif,Oilseeds,Madhya Pradesh,Bhopal,Rainfed,121.56,95.0,1756.0,213.46
2024-08-12,2024,Perennial,Tea,Kerala,Thrissur,Drip,312.69,146.0,2793.0,873.34
2023-01-14,2023,Perennial,Apple,Jammu and Kashmir,Srinagar,Rainfed,117.31,174.0,14905.0,1748.51
2017-12-22,2017,Rabi,Oilseeds,Rajasthan,Jodhpur,Rainfed,524.77,74.0,2140.0,1123.01
2024-10-01,2024,Kharif,Rice,Assam,Dibrugarh,Rainfed,562.74,197.0,4047.0,2277.41
2018-02-12,2018,Kharif,Cotton,Telangana,Hyderabad,Canal,94.49,153.0,910.0,85.99
2024-12-25,2024,Kharif,Maize,Maharashtra,Nashik,Drip,1239.99,167.0,5981.0,7416.38
2016-04-17,2016,Rabi,Wheat,Madhya Pradesh,Bhopal,Tube Well,598.3,200.0,5294.0,3167.4
2017-05-09,2017,Kharif,Oilseeds,Maharashtra,Nagpur,Tube Well,804.59,126.0,1627.0,1309.07
2018-06-22,2018,Rabi,Wheat,Bihar,Purnia,Rainfed,482.92,61.0,2109.0,1018.48
2024-07-16,2024,Kharif,Cotton,Maharashtra,Mumbai,Rainfed,239.52,169.0,1087.0,260.36
2022-08-06,2022,Perennial,Coffee,Tamil Nadu,Madurai,Drip,1058.6,181.0,2305.0,2440.07
2019-10-20,2019,Kharif,Rice,Odisha,Bhubaneswar,Rainfed,16.99,74.0,2227.0,37.84
2015-08-17,2015,Perennial,Apple,Jammu and Kashmir,Srinagar,Rainfed,280.07,54.0,10065.0,2818.9
2018-03-30,2018,Perennial,Coffee,Karnataka,Bangalore,Tube Well,563.11,70.0,884.0,497.79
2016-12-31,2016,Rabi,Wheat,Madhya Pradesh,Bhopal,Rainfed,723.04,99.0,2027.0,1465.6
2015-06-30,2015,Zaid,Coconut,Karnataka,Mysore,Tube Well,424.96,189.0,15664.0,6656.57
2021-11-05,2021,Rabi,Wheat,Madhya Pradesh,Bhopal,Rainfed,419.73,50.0,2715.0,1139.57
2023-10-09,2023,Rabi,Wheat,Rajasthan,Jaipur,Rainfed,522.21,171.0,2289.0,1195.34
2022-12-13,2022,Kharif,Oilseeds,Rajasthan,Jaipur,Tube Well,42.82,178.0,4031.0,172.61
2015-09-19,2015,Kharif,Maize,Karnataka,Belgaum,Canal,69.38,172.0,6877.0,477.13
2019-03-29,2019,Rabi,Wheat,Bihar,Gaya,Rainfed,219.56,62.0,3202.0,703.03
2021-02-09,2021,Rabi,Potato,Punjab,Ludhiana,Canal,228.17,152.0,26686.0,6088.94
2016-01-03,2016,Rabi,Potato,Bihar,Purnia,Rainfed,16.38,193.0,15854.0,259.69
2022-10-07,2022,Kharif,Cotton,Gujarat,Vadodara,Tube Well,751.36,68.0,920.0,691.25
2025-10-27,2025,Kharif,Oilseeds,Maharashtra,Mumbai,Drip,1036.76,55.0,1989.0,2062.12
2019-03-09,2019,Kharif,Pulses,Rajasthan,Jodhpur,Rainfed,670.41,181.0,1313.0,880.25
2025-02-13,2025,Kharif,Maize,Karnataka,Bangalore,Tube Well,490.58,147.0,6772.0,3322.21
2017-11-25,2017,Kharif,Oilseeds,Madhya Pradesh,Bhopal,Tube Well,230.98,147.0,1631.0,376.73
2020-04-06,2020,Kharif,Pulses,Rajasthan,Jaipur,Tube Well,606.09,195.0,1894.0,1147.93
2019-07-18,2019,Kharif,Cotton,Andhra Pradesh,Visakhapatnam,Tube Well,1014.83,165.0,1184.0,1201.56
2015-01-13,2015,Perennial,Coffee,Karnataka,Hubli,Drip,691.08,110.0,1694.0,1170.69
2023-07-30,2023,Kharif,Oilseeds,Gujarat,Rajkot,Rainfed,335.05,115.0,2304.0,771.96
2019-01-20,2019,Rabi,Oilseeds,Madhya Pradesh,Bhopal,Rainfed,727.73,72.0,2605.0,1895.74
2016-01-25,2016,Kharif,Pulses,Maharashtra,Pune,Tube Well,240.14,96.0,2500.0,600.35
2023-12-06,2023,Perennial,Coffee,Kerala,Ernakulam,Rainfed,44.48,117.0,1467.0,65.25
2017-08-24,2017,Rabi,Potato,Bihar,Gaya,Rainfed,798.65,89.0,24530.0,19590.88
2018-06-14,2018,Kharif,Maize,Madhya Pradesh,Bhopal,Rainfed,455.29,187.0,5800.0,2640.68
2024-04-19,2024,Rabi,Wheat,Bihar,Patna,Tube Well,254.0,52.0,2391.0,607.31
2017-04-24,2017,Kharif,Cotton,Gujarat,Rajkot,Rainfed,808.37,138.0,875.0,707.32
2025-02-11,2025,Rabi,Pulses,Rajasthan,Jaipur,Tube Well,539.03,166.0,2262.0,1219.29
2018-08-25,2018,Kharif,Pulses,Madhya Pradesh,Bhopal,Rainfed,677.19,160.0,1422.0,962.96
2023-04-07,2023,Perennial,Apple,Himachal Pradesh,Shimla,Rainfed,148.24,147.0,9508.0,1409.47
2024-01-29,2024,Rabi,Wheat,Haryana,Faridabad,Canal,45.57,112.0,4161.0,189.62
2019-07-14,2019,Kharif,Maize,Karnataka,Mysore,Tube Well,565.94,188.0,8393.0,4749.93
2020-05-15,2020,Zaid,Coconut,Kerala,Kozhikode,Drip,686.3,99.0,8355.0,5734.04
2015-08-15,2015,Kharif,Pulses,Rajasthan,Udaipur,Rainfed,153.4,163.0,1411.0,216.45
2015-11-25,2015,Perennial,Sugarcane,Tamil Nadu,Coimbatore,Tube Well,469.03,189.0,121477.0,56976.36
2019-10-10,2019,Rabi,Oilseeds,Maharashtra,Nagpur,Tube Well,340.78,69.0,1638.0,558.2
2024-02-16,2024,Zaid,Coconut,Andhra Pradesh,Guntur,Canal,25.9,192.0,16455.0,426.18
2018-11-04,2018,Kharif,Pulses,Maharashtra,Pune,Tube Well,1169.1,166.0,2266.0,2649.18
2021-01-08,2021,Perennial,Sugarcane,Karnataka,Belgaum,Tube Well,157.21,142.0,92062.0,14473.07
2015-05-11,2015,Zaid,Coconut,Andhra Pradesh,Guntur,Tube Well,922.45,106.0,12503.0,11533.39
2016-01-11,2016,Kharif,Pulses,Rajasthan,Jodhpur,Rainfed,249.16,186.0,1300.0,323.91
2022-04-25,2022,Kharif,Rice,Telangana,Hyderabad,Canal,257.14,57.0,5261.0,1352.81
2025-08-01,2025,Kharif,Pulses,Madhya Pradesh,Bhopal,Tube Well,753.41,115.0,1150.0,866.42
2021-08-04,2021,Perennial,Tea,West Bengal,Darjeeling,Canal,726.35,163.0,2413.0,1752.68
2022-07-01,2022,Kharif,Maize,Bihar,Muzaffarpur,Rainfed,690.05,172.0,4238.0,2924.43
2018-01-19,2018,Rabi,Pulses,Rajasthan,Jaipur,Rainfed,534.16,80.0,1698.0,907.0
2022-09-08,2022,Kharif,Oilseeds,Maharashtra,Mumbai,Tube Well,449.8,57.0,2922.0,1314.32
2023-12-13,2023,Kharif,Oilseeds,Gujarat,Ahmedabad,Tube Well,680.76,170.0,3827.0,2605.27
2021-06-10,2021,Rabi,Potato,Bihar,Gaya,Canal,277.52,113.0,31120.0,8636.42
2016-11-08,2016,Perennial,Sugarcane,Tamil Nadu,Madurai,Canal,919.65,72.0,112459.0,103422.92
2024-11-29,2024,Rabi,Oilseeds,Gujarat,Vadodara,Rainfed,723.18,63.0,1734.0,1253.99
2024-01-04,2024,Perennial,Apple,Himachal Pradesh,Shimla,Rainfed,129.27,146.0,12638.0,1633.71
2016-08-17,2016,Rabi,Wheat,Rajasthan,Jodhpur,Rainfed,630.83,137.0,2179.0,1374.58
2019-06-21,2019,Kharif,Rice,West Bengal,Kolkata,Rainfed,643.12,178.0,5248.0,3375.09
2021-07-30,2021,Kharif,Oilseeds,Maharashtra,Nashik,Tube Well,648.59,55.0,2752.0,1784.92
2019-03-10,2019,Rabi,Oilseeds,Gujarat,Ahmedabad,Tube Well,51.04,180.0,3959.0,202.07
2016-07-19,2016,Perennial,Coffee,Karnataka,Belgaum,Canal,1001.68,183.0,1931.0,1934.24
2021-12-04,2021,Perennial,Tea,Kerala,Ernakulam,Rainfed,762.3,117.0,1459.0,1112.2
2020-05-20,2020,Kharif,Rice,Uttar Pradesh,Kanpur,Rainfed,848.27,61.0,2593.0,2199.56
2016-10-23,2016,Kharif,Oilseeds,Maharashtra,Nagpur,Rainfed,580.84,192.0,3004.0,1744.84
2017-12-10,2017,Kharif,Rice,Assam,Dibrugarh,Rainfed,294.06,61.0,2349.0,690.75
2021-05-14,2021,Perennial,Apple,Jammu and Kashmir,Srinagar,Rainfed,114.54,139.0,6474.0,741.53
2023-05-11,2023,Perennial,Tea,Assam,Cachar,Rainfed,463.88,124.0,1057.0,490.32
2015-03-16,2015,Zaid,Coconut,Andhra Pradesh,Visakhapatnam,Canal,162.43,175.0,9581.0,1556.24
2025-04-05,2025,Kharif,Rice,Chhattisgarh,Raipur,Rainfed,644.23,125.0,2378.0,1531.98
2022-05-31,2022,Rabi,Wheat,Haryana,Gurgaon,Tube Well,254.58,120.0,4724.0,1202.64
2016-10-21,2016,Rabi,Wheat,Haryana,Hisar,Tube Well,1046.26,182.0,4316.0,4515.66
2017-09-07,2017,Kharif,Oilseeds,Maharashtra,Mumbai,Rainfed,405.89,195.0,1747.0,709.09
2023-01-29,2023,Rabi,Potato,Bihar,Purnia,Canal,233.81,132.0,30788.0,7198.54
2018-06-06,2018,Kharif,Maize,Madhya Pradesh,Bhopal,Tube Well,450.72,118.0,4195.0,1890.77
2023-07-24,2023,Kharif,Pulses,Rajasthan,Jaipur,Tube Well,537.94,175.0,2403.0,1292.67
2017-12-26,2017,Perennial,Apple,Himachal Pradesh,Kangra,Rainfed,366.1,175.0,11266.0,4124.48
2023-02-13,2023,Zaid,Coconut,Tamil Nadu,Chennai,Tube Well,264.79,98.0,5107.0,1352.28
2020-08-12,2020,Rabi,Pulses,Uttar Pradesh,Lucknow,Tube Well,502.45,136.0,1595.0,801.41
2016-06-01,2016,Rabi,Oilseeds,Rajasthan,Jaipur,Tube Well,609.49,73.0,3008.0,1833.35
2020-02-15,2020,Kharif,Rice,Odisha,Bhubaneswar,Rainfed,653.69,145.0,2746.0,1795.03
2016-05-22,2016,Zaid,Coconut,Andhra Pradesh,Visakhapatnam,Tube Well,858.11,175.0,16812.0,14426.55
2023-05-30,2023,Zaid,Coconut,Andhra Pradesh,Chittoor,Rainfed,330.0,78.0,10619.0,3504.27
2024-10-03,2024,Zaid,Coconut,Tamil Nadu,Madurai,Drip,873.28,98.0,14009.0,12233.78
2019-06-16,2019,Zaid,Coconut,Kerala,Thrissur,Rainfed,293.15,117.0,4724.0,1384.84
2024-02-20,2024,Kharif,Pulses,Uttar Pradesh,Kanpur,Tube Well,608.07,177.0,1766.0,1073.85
2023-03-05,2023,Kharif,Pulses,Madhya Pradesh,Bhopal,Rainfed,237.17,160.0,1271.0,301.44
2022-10-21,2022,Rabi,Wheat,Rajasthan,Udaipur,Rainfed,93.76,98.0,2244.0,210.4
2017-05-10,2017,Kharif,Rice,Tamil Nadu,Chennai,Canal,468.23,86.0,6431.0,3011.19
2016-03-14,2016,Zaid,Coconut,Karnataka,Bangalore,Drip,28.46,154.0,7818.0,222.5
2024-03-19,2024,Kharif,Pulses,Maharashtra,Pune,Rainfed,598.12,122.0,1213.0,725.52
2023-01-17,2023,Kharif,Maize,Andhra Pradesh,Chittoor,Canal,872.76,139.0,7973.0,6958.52
2022-10-01,2022,Kharif,Pulses,Rajasthan,Udaipur,Rainfed,672.91,147.0,1046.0,703.86
2020-03-03,2020,Perennial,Coffee,Tamil Nadu,Coimbatore,Drip,95.69,134.0,1416.0,135.5
2018-04-13,2018,Kharif,Cotton,Gujarat,Rajkot,Rainfed,344.74,142.0,1258.0,433.68
2017-04-22,2017,Rabi,Pulses,Maharashtra,Pune,Tube Well,647.43,183.0,1597.0,1033.95
2024-01-10,2024,Rabi,Pulses,Maharashtra,Pune,Tube Well,229.8,180.0,2382.0,547.38
2024-01-11,2024,Kharif,Oilseeds,Gujarat,Ahmedabad,Tube Well,149.03,72.0,1393.0,207.6
2017-11-22,2017,Rabi,Potato,Punjab,Amritsar,Canal,683.95,138.0,31071.0,21251.01
2016-08-16,2016,Zaid,Coconut,Andhra Pradesh,Guntur,Rainfed,701.07,116.0,6839.0,4794.62
2017-09-03,2017,Rabi,Oilseeds,Maharashtra,Nashik,Tube Well,1068.07,93.0,2996.0,3199.94
2017-11-30,2017,Perennial,Tea,Assam,Kamrup,Rainfed,798.26,145.0,1766.0,1409.73
2016-12-19,2016,Kharif,Cotton,Telangana,Warangal,Rainfed,699.1,127.0,664.0,464.2
2019-05-07,2019,Kharif,Pulses,Rajasthan,Jodhpur,Tube Well,162.72,166.0,2062.0,335.53
2016-02-19,2016,Perennial,Coffee,Karnataka,Hubli,Canal,825.3,64.0,789.0,651.16
2016-08-22,2016,Kharif,Cotton,Telangana,Hyderabad,Tube Well,488.07,95.0,1318.0,643.28
2017-07-02,2017,Rabi,Oilseeds,Rajasthan,Jodhpur,Rainfed,321.06,54.0,2269.0,728.49
2022-07-27,2022,Zaid,Coconut,Karnataka,Bangalore,Tube Well,1029.94,162.0,11767.0,12119.3
2020-11-22,2020,Kharif,Oilseeds,Gujarat,Vadodara,Rainfed,845.49,187.0,1988.0,1680.83
2020-01-31,2020,Zaid,Coconut,Kerala,Ernakulam,Rainfed,548.54,138.0,11983.0,6573.15
2022-03-19,2022,Kharif,Maize,Madhya Pradesh,Bhopal,Tube Well,19.29,143.0,6688.0,129.01
2025-05-02,2025,Kharif,Pulses,Madhya Pradesh,Bhopal,Tube Well,693.41,57.0,1331.0,922.93
2017-05-05,2017,Kharif,Pulses,Uttar Pradesh,Varanasi,Canal,1192.02,126.0,2444.0,2913.3
2021-04-05,2021,Perennial,Coffee,Tamil Nadu,Coimbatore,Drip,335.85,129.0,1643.0,551.8
2018-05-01,2018,Kharif,Oilseeds,Gujarat,Vadodara,Rainfed,357.61,56.0,1142.0,408.39
2017-03-03,2017,Zaid,Coconut,Andhra Pradesh,Chittoor,Canal,73.64,167.0,7276.0,535.8
2025-05-07,2025,Perennial,Sugarcane,Maharashtra,Mumbai,Tube Well,75.6,92.0,120802.0,9132.63
2018-01-08,2018,Rabi,Wheat,Haryana,Faridabad,Canal,939.35,159.0,3765.0,3536.65
2021-06-19,2021,Rabi,Wheat,Madhya Pradesh,Bhopal,Rainfed,157.13,110.0,3354.0,527.01
2023-06-26,2023,Rabi,Potato,Bihar,Gaya,Canal,924.31,199.0,16711.0,15446.14
2020-07-04,2020,Kharif,Oilseeds,Maharashtra,Nashik,Rainfed,1096.7,82.0,2023.0,2218.62
2024-12-19,2024,Rabi,Potato,West Bengal,Kolkata,Canal,390.28,59.0,17863.0,6971.57
2021-10-26,2021,Rabi,Wheat,Bihar,Gaya,Canal,386.27,197.0,3539.0,1367.01
2020-03-05,2020,Perennial,Sugarcane,Uttar Pradesh,Lucknow,Rainfed,497.64,87.0,85713.0,42654.22
2016-12-31,2016,Perennial,Sugarcane,Maharashtra,Nagpur,Tube Well,129.19,145.0,123818.0,15996.05
2015-07-15,2015,Perennial,Coffee,Karnataka,Hubli,Drip,44.26,106.0,1689.0,74.76
2018-01-02,2018,Perennial,Apple,Himachal Pradesh,Mandi,Rainfed,231.55,146.0,5484.0,1269.82
2020-04-26,2020,Rabi,Oilseeds,Gujarat,Surat,Tube Well,1132.22,139.0,2127.0,2408.23
2024-11-09,2024,Rabi,Pulses,Madhya Pradesh,Bhopal,Rainfed,734.63,156.0,1345.0,988.08
2019-07-17,2019,Perennial,Coffee,Kerala,Ernakulam,Drip,649.77,53.0,1497.0,972.71
2018-06-30,2018,Kharif,Oilseeds,Maharashtra,Pune,Rainfed,820.89,175.0,2825.0,2319.01
2015-09-21,2015,Perennial,Tea,West Bengal,Howrah,Canal,943.28,122.0,2666.0,2514.78
2024-01-10,2024,Rabi,Wheat,Madhya Pradesh,Bhopal,Tube Well,416.9,128.0,4757.0,1983.19
2018-05-08,2018,Rabi,Wheat,Punjab,Ludhiana,Tube Well,278.44,112.0,3690.0,1027.44
2015-08-08,2015,Zaid,Coconut,Andhra Pradesh,Guntur,Canal,824.16,198.0,12962.0,10682.76
2018-06-10,2018,Perennial,Tea,West Bengal,Darjeeling,Rainfed,1013.5,170.0,1224.0,1240.52
2022-05-13,2022,Kharif,Cotton,Andhra Pradesh,Krishna,Canal,33.33,97.0,974.0,32.46
2020-02-13,2020,Zaid,Coconut,Kerala,Ernakulam,Rainfed,208.64,167.0,8286.0,1728.79
2017-12-09,2017,Rabi,Oilseeds,Gujarat,Surat,Rainfed,325.87,116.0,2265.0,738.1
2016-04-06,2016,Kharif,Pulses,Rajasthan,Jodhpur,Tube Well,78.34,181.0,1819.0,142.5
2025-05-09,2025,Zaid,Coconut,Kerala,Thrissur,Drip,188.14,55.0,7458.0,1403.15
2016-06-14,2016,Rabi,Oilseeds,Gujarat,Rajkot,Tube Well,466.94,103.0,1876.0,875.98
2016-07-30,2016,Rabi,Pulses,Uttar Pradesh,Lucknow,Canal,1410.35,114.0,1300.0,1833.45
2023-08-03,2023,Kharif,Oilseeds,Madhya Pradesh,Bhopal,Tube Well,689.61,162.0,3381.0,2331.57
2016-09-12,2016,Rabi,Oilseeds,Gujarat,Vadodara,Rainfed,1135.75,77.0,2130.0,2419.15
2021-02-04,2021,Rabi,Potato,Uttar Pradesh,Varanasi,Canal,189.65,93.0,28130.0,5334.85
2024-06-23,2024,Rabi,Wheat,Haryana,Hisar,Canal,48.99,159.0,4475.0,219.23
2021-10-25,2021,Kharif,Rice,Chhattisgarh,Raipur,Rainfed,85.82,62.0,2859.0,245.36
2019-02-01,2019,Perennial,Sugarcane,Tamil Nadu,Madurai,Canal,1006.58,80.0,112490.0,113230.18
2023-06-08,2023,Rabi,Oilseeds,Gujarat,Surat,Rainfed,197.41,163.0,3138.0,619.47
2020-05-07,2020,Zaid,Coconut,Andhra Pradesh,Visakhapatnam,Rainfed,691.44,181.0,8541.0,5905.59
2020-03-20,2020,Rabi,Oilseeds,Madhya Pradesh,Bhopal,Tube Well,189.79,159.0,2547.0,483.4
2020-04-27,2020,Kharif,Rice,Telangana,Warangal,Rainfed,28.37,129.0,2593.0,73.56
2019-10-21,2019,Rabi,Potato,Uttar Pradesh,Lucknow,Canal,136.09,65.0,28940.0,3938.44
2022-06-19,2022,Rabi,Pulses,Uttar Pradesh,Kanpur,Rainfed,1067.6,174.0,1651.0,1762.61
2021-02-07,2021,Rabi,Pulses,Madhya Pradesh,Bhopal,Tube Well,154.07,69.0,2370.0,365.15
2017-05-20,2017,Rabi,Oilseeds,Madhya Pradesh,Bhopal,Rainfed,191.02,108.0,2178.0,416.04
2023-10-25,2023,Rabi,Wheat,Uttar Pradesh,Kanpur,Rainfed,572.11,58.0,2357.0,1348.46
2023-02-01,2023,Kharif,Cotton,Andhra Pradesh,Chittoor,Canal,792.12,156.0,1237.0,979.85
2016-07-09,2016,Rabi,Wheat,Madhya Pradesh,Bhopal,Rainfed,380.8,126.0,4115.0,1566.99
2019-09-04,2019,Kharif,Maize,Telangana,Hyderabad,Rainfed,850.7,186.0,5919.0,5035.29
2021-11-10,2021,Kharif,Cotton,Gujarat,Vadodara,Tube Well,526.68,71.0,603.0,317.59
2024-08-02,2024,Perennial,Apple,Jammu and Kashmir,Srinagar,Rainfed,87.66,173.0,9455.0,828.83
2017-09-05,2017,Rabi,Pulses,Maharashtra,Nashik,Tube Well,701.62,127.0,1537.0,1078.39
2023-10-25,2023,Rabi,Pulses,Rajasthan,Jaipur,Tube Well,321.11,105.0,2334.0,749.47
2022-02-28,2022,Rabi,Wheat,Uttar Pradesh,Kanpur,Canal,1182.84,147.0,4617.0,5461.17
2020-10-16,2020,Perennial,Sugarcane,Tamil Nadu,Chennai,Tube Well,1029.28,169.0,128852.0,132624.79
2024-07-14,2024,Rabi,Wheat,Punjab,Ludhiana,Tube Well,1256.08,116.0,3062.0,3846.12
2024-08-31,2024,Zaid,Coconut,Karnataka,Belgaum,Drip,434.05,85.0,15066.0,6539.4
2019-10-20,2019,Kharif,Rice,West Bengal,Kolkata,Canal,245.57,187.0,3325.0,816.52
2023-12-15,2023,Perennial,Sugarcane,Maharashtra,Mumbai,Rainfed,1189.69,97.0,67683.0,80521.79
2023-12-08,2023,Perennial,Sugarcane,Uttar Pradesh,Kanpur,Tube Well,585.05,200.0,75808.0,44351.47
2016-05-28,2016,Perennial,Tea,Assam,Dibrugarh,Rainfed,618.46,165.0,1413.0,873.88
2023-02-15,2023,Kharif,Maize,Madhya Pradesh,Bhopal,Tube Well,791.73,153.0,8164.0,6463.68
2016-08-15,2016,Kharif,Rice,Telangana,Hyderabad,Rainfed,523.92,52.0,2020.0,1058.32
2015-06-01,2015,Kharif,Cotton,Telangana,Hyderabad,Canal,437.09,117.0,703.0,307.27
2021-12-31,2021,Kharif,Rice,Assam,Dibrugarh,Rainfed,562.9,125.0,4942.0,2781.85
2018-02-12,2018,Perennial,Sugarcane,Tamil Nadu,Chennai,Canal,221.38,106.0,114103.0,25260.12
2017-11-19,2017,Kharif,Pulses,Uttar Pradesh,Varanasi,Canal,737.48,72.0,1614.0,1190.29
2019-11-10,2019,Kharif,Maize,Bihar,Muzaffarpur,Tube Well,319.21,105.0,4093.0,1306.53
2018-10-03,2018,Kharif,Oilseeds,Rajasthan,Udaipur,Rainfed,123.32,61.0,2364.0,291.53
2025-06-23,2025,Kharif,Pulses,Maharashtra,Nagpur,Drip,797.08,94.0,1892.0,1508.08
2021-10-08,2021,Kharif,Maize,Maharashtra,Mumbai,Rainfed,752.66,63.0,3665.0,2758.5
2017-07-03,2017,Zaid,Coconut,Tamil Nadu,Chennai,Canal,839.71,163.0,10131.0,8507.1
2018-08-14,2018,Rabi,Potato,Uttar Pradesh,Varanasi,Tube Well,1310.73,151.0,27792.0,36427.81
2018-08-27,2018,Kharif,Pulses,Uttar Pradesh,Kanpur,Rainfed,338.36,191.0,1686.0,570.47
2021-11-29,2021,Rabi,Potato,Uttar Pradesh,Varanasi,Canal,1171.76,107.0,35241.0,41293.99
2017-06-07,2017,Rabi,Wheat,Haryana,Karnal,Canal,520.67,168.0,5256.0,2736.64
2025-01-03,2025,Kharif,Cotton,Gujarat,Vadodara,Rainfed,758.28,138.0,1073.0,813.63
2023-12-25,2023,Rabi,Potato,Bihar,Muzaffarpur,Tube Well,851.74,147.0,33759.0,28753.89
2022-01-31,2022,Zaid,Coconut,Tamil Nadu,Madurai,Drip,289.24,132.0,14641.0,4234.76
2016-05-28,2016,Zaid,Coconut,Tamil Nadu,Madurai,Canal,665.05,167.0,13950.0,9277.45
2015-09-12,2015,Zaid,Coconut,Kerala,Ernakulam,Rainfed,389.45,56.0,9968.0,3882.04
2023-03-14,2023,Kharif,Maize,Bihar,Gaya,Tube Well,792.67,62.0,5502.0,4361.27
2016-08-21,2016,Perennial,Sugarcane,Uttar Pradesh,Varanasi,Canal,1048.89,64.0,93806.0,98392.18
2018-08-25,2018,Perennial,Apple,Himachal Pradesh,Kangra,Rainfed,387.12,93.0,11741.0,4545.18
2019-10-26,2019,Perennial,Sugarcane,Uttar Pradesh,Lucknow,Tube Well,439.04,139.0,78979.0,34674.94
2016-12-07,2016,Kharif,Rice,Chhattisgarh,Raipur,Rainfed,496.01,147.0,4654.0,2308.43
2022-12-05,2022,Perennial,Coffee,Kerala,Ernakulam,Rainfed,488.59,157.0,1569.0,766.6
2019-02-26,2019,Perennial,Apple,Himachal Pradesh,Mandi,Rainfed,233.77,92.0,7768.0,1815.93
2016-03-14,2016,Perennial,Tea,West Bengal,Darjeeling,Rainfed,422.39,148.0,2063.0,871.39
2022-10-19,2022,Kharif,Maize,Bihar,Muzaffarpur,Rainfed,338.28,68.0,2888.0,976.95
2016-02-22,2016,Zaid,Coconut,Tamil Nadu,Chennai,Canal,20.55,51.0,12176.0,250.22
2023-07-05,2023,Perennial,Sugarcane,Karnataka,Belgaum,Tube Well,194.82,154.0,108335.0,21105.82
2018-09-23,2018,Rabi,Pulses,Maharashtra,Nagpur,Tube Well,86.08,157.0,2245.0,193.25
2018-11-16,2018,Rabi,Pulses,Madhya Pradesh,Bhopal,Tube Well,680.2,143.0,1325.0,901.27
2022-05-29,2022,Perennial,Sugarcane,Tamil Nadu,Coimbatore,Tube Well,947.5,89.0,112159.0,106270.65
2021-06-25,2021,Rabi,Wheat,Punjab,Ludhiana,Tube Well,1270.83,189.0,3692.0,4691.9
2023-06-24,2023,Rabi,Oilseeds,Maharashtra,Nagpur,Drip,1065.12,181.0,3738.0,3981.42
2016-12-25,2016,Rabi,Wheat,Bihar,Muzaffarpur,Canal,229.12,127.0,4412.0,1010.88
2016-07-06,2016,Perennial,Sugarcane,Tamil Nadu,Madurai,Canal,546.05,198.0,128599.0,70221.48
2023-02-13,2023,Kharif,Cotton,Andhra Pradesh,Guntur,Canal,1090.33,95.0,576.0,628.03
2023-08-11,2023,Rabi,Potato,West Bengal,Kolkata,Canal,838.16,124.0,34215.0,28677.64
2018-12-24,2018,Rabi,Wheat,Uttar Pradesh,Varanasi,Tube Well,12.71,189.0,5277.0,67.07
2017-12-26,2017,Zaid,Coconut,Tamil Nadu,Madurai,Canal,510.77,119.0,10650.0,5439.7
2019-12-01,2019,Rabi,Pulses,Rajasthan,Udaipur,Rainfed,17.36,121.0,1327.0,23.04
2017-05-29,2017,Perennial,Apple,Jammu and Kashmir,Srinagar,Rainfed,119.46,62.0,7765.0,927.61
2020-02-29,2020,Perennial,Sugarcane,Maharashtra,Pune,Rainfed,572.13,82.0,92307.0,52811.6
2017-09-29,2017,Kharif,Cotton,Telangana,Warangal,Tube Well,804.68,74.0,1210.0,973.66
2017-03-24,2017,Rabi,Oilseeds,Rajasthan,Jodhpur,Rainfed,461.53,135.0,2524.0,1164.9
2024-12-03,2024,Kharif,Oilseeds,Rajasthan,Udaipur,Rainfed,260.11,98.0,2812.0,731.43
2020-07-03,2020,Kharif,Maize,Andhra Pradesh,Visakhapatnam,Canal,593.88,62.0,4972.0,2952.77
2024-09-21,2024,Rabi,Oilseeds,Gujarat,Rajkot,Rainfed,982.69,126.0,2343.0,2302.44
2019-10-30,2019,Perennial,Tea,Assam,Tinsukia,Rainfed,246.73,150.0,2191.0,540.59
2017-08-23,2017,Perennial,Apple,Himachal Pradesh,Mandi,Rainfed,311.37,160.0,16429.0,5115.5
2020-07-02,2020,Kharif,Maize,Maharashtra,Mumbai,Tube Well,348.3,176.0,6165.0,2147.27
2017-11-30,2017,Kharif,Oilseeds,Madhya Pradesh,Bhopal,Tube Well,389.17,122.0,2369.0,921.94
2019-08-22,2019,Rabi,Wheat,Punjab,Amritsar,Canal,46.74,109.0,2910.0,136.01
2019-12-21,2019,Rabi,Pulses,Madhya Pradesh,Bhopal,Tube Well,683.3,153.0,1273.0,869.84
2021-01-25,2021,Kharif,Maize,Andhra Pradesh,Guntur,Canal,67.54,52.0,5464.0,369.04
2020-10-04,2020,Perennial,Tea,West Bengal,Howrah,Rainfed,254.55,145.0,1346.0,342.62
2023-02-14,2023,Perennial,Coffee,Tamil Nadu,Madurai,Drip,373.53,111.0,804.0,300.32
2018-09-24,2018,Rabi,Pulses,Uttar Pradesh,Kanpur,Canal,941.49,118.0,2669.0,2512.84
2023-01-28,2023,Perennial,Sugarcane,Tamil Nadu,Coimbatore,Drip,794.84,94.0,132696.0,105472.09
2022-09-29,2022,Kharif,Oilseeds,Rajasthan,Jaipur,Rainfed,65.51,69.0,1542.0,101.02
2017-05-02,2017,Zaid,Coconut,Tamil Nadu,Madurai,Tube Well,57.38,110.0,13291.0,762.64
2020-03-15,2020,Rabi,Wheat,Punjab,Ludhiana,Tube Well,1200.49,96.0,4703.0,5645.9
2025-06-19,2025,Kharif,Pulses,Rajasthan,Jodhpur,Tube Well,501.39,194.0,2011.0,1008.3
2019-12-12,2019,Perennial,Coffee,Karnataka,Hubli,Drip,916.39,192.0,1162.0,1064.85
2016-10-12,2016,Rabi,Pulses,Uttar Pradesh,Varanasi,Rainfed,1018.04,147.0,1027.0,1045.53
2018-01-19,2018,Zaid,Coconut,Tamil Nadu,Madurai,Drip,828.6,186.0,8151.0,6753.92
2017-11-24,2017,Kharif,Oilseeds,Rajasthan,Jaipur,Tube Well,271.54,163.0,3657.0,993.02
2018-03-20,2018,Kharif,Pulses,Uttar Pradesh,Lucknow,Tube Well,889.37,102.0,1601.0,1423.88
2024-03-09,2024,Kharif,Pulses,Rajasthan,Jaipur,Tube Well,565.72,141.0,2219.0,1255.33
2017-05-29,2017,Rabi,Wheat,Madhya Pradesh,Bhopal,Rainfed,145.97,83.0,2952.0,430.9
2016-05-17,2016,Rabi,Oilseeds,Madhya Pradesh,Bhopal,Tube Well,344.03,153.0,2482.0,853.88
2024-07-10,2024,Kharif,Maize,Bihar,Patna,Tube Well,743.08,57.0,3931.0,2921.05
2019-07-28,2019,Rabi,Potato,West Bengal,Howrah,Rainfed,590.57,175.0,18753.0,11074.96
2021-04-21,2021,Rabi,Potato,West Bengal,Darjeeling,Canal,753.01,137.0,37761.0,28434.41
2018-08-06,2018,Zaid,Coconut,Tamil Nadu,Coimbatore,Tube Well,329.23,59.0,12282.0,4043.6
2022-04-06,2022,Rabi,Wheat,Bihar,Gaya,Canal,42.02,181.0,3115.0,130.89
2017-10-13,2017,Perennial,Sugarcane,Maharashtra,Pune,Drip,47.6,182.0,90082.0,4287.9
2015-11-26,2015,Rabi,Oilseeds,Madhya Pradesh,Bhopal,Rainfed,754.8,178.0,2839.0,2142.88
2020-02-06,2020,Rabi,Potato,West Bengal,Darjeeling,Rainfed,1039.55,166.0,18533.0,19265.98
2025-08-11,2025,Kharif,Rice,Andhra Pradesh,Chittoor,Tube Well,261.43,152.0,5443.0,1422.96
2025-02-13,2025,Kharif,Pulses,Rajasthan,Jaipur,Rainfed,111.75,110.0,1487.0,166.17
2024-11-18,2024,Kharif,Cotton,Gujarat,Surat,Tube Well,31.59,70.0,1102.0,34.81
2025-01-08,2025,Rabi,Wheat,Uttar Pradesh,Kanpur,Canal,354.57,93.0,2746.0,973.65
2022-04-02,2022,Kharif,Maize,Karnataka,Mysore,Canal,374.44,102.0,7675.0,2873.83
2021-11-23,2021,Kharif,Oilseeds,Madhya Pradesh,Bhopal,Rainfed,200.58,104.0,1039.0,208.4
2021-03-12,2021,Zaid,Coconut,Karnataka,Belgaum,Tube Well,879.15,135.0,5468.0,4807.19
2016-09-13,2016,Kharif,Maize,Karnataka,Bangalore,Drip,826.88,81.0,4883.0,4037.66
2022-03-03,2022,Kharif,Pulses,Maharashtra,Nagpur,Drip,114.51,78.0,2630.0,301.16
2024-02-18,2024,Kharif,Rice,Uttar Pradesh,Kanpur,Canal,1049.01,158.0,3236.0,3394.6
2016-12-10,2016,Zaid,Coconut,Tamil Nadu,Madurai,Tube Well,577.44,51.0,12671.0,7316.74
2024-12-23,2024,Kharif,Rice,Andhra Pradesh,Krishna,Tube Well,167.28,72.0,2974.0,497.49
2018-04-04,2018,Rabi,Potato,Bihar,Gaya,Tube Well,742.14,115.0,15831.0,11748.82
2018-05-18,2018,Rabi,Pulses,Madhya Pradesh,Bhopal,Rainfed,77.98,72.0,1630.0,127.11
2020-08-10,2020,Rabi,Potato,Bihar,Gaya,Rainfed,185.38,194.0,31221.0,5787.75
2023-09-22,2023,Rabi,Pulses,Maharashtra,Pune,Drip,202.5,151.0,2630.0,532.58
2017-05-25,2017,Perennial,Sugarcane,Maharashtra,Pune,Tube Well,1221.35,115.0,80636.0,98484.78
2017-12-28,2017,Kharif,Pulses,Rajasthan,Udaipur,Rainfed,491.73,67.0,1727.0,849.22
2023-09-28,2023,Kharif,Pulses,Rajasthan,Jodhpur,Rainfed,293.79,108.0,890.0,261.47
2025-06-17,2025,Kharif,Rice,Tamil Nadu,Chennai,Drip,906.2,148.0,4524.0,4099.65
2018-12-30,2018,Kharif,Maize,Bihar,Patna,Tube Well,223.8,195.0,6512.0,1457.39
2016-12-23,2016,Kharif,Pulses,Maharashtra,Nashik,Tube Well,1211.11,121.0,1157.0,1401.25
2015-07-24,2015,Kharif,Oilseeds,Madhya Pradesh,Bhopal,Rainfed,560.63,154.0,2348.0,1316.36
2017-06-27,2017,Rabi,Wheat,Haryana,Gurgaon,Tube Well,787.82,79.0,3795.0,2989.78
2016-09-20,2016,Rabi,Oilseeds,Maharashtra,Nagpur,Rainfed,1035.1,144.0,3191.0,3303.0
2023-09-04,2023,Kharif,Rice,Tamil Nadu,Madurai,Drip,712.81,86.0,5179.0,3691.64
2024-10-28,2024,Zaid,Coconut,Andhra Pradesh,Guntur,Rainfed,1065.66,80.0,6850.0,7299.77
2017-11-01,2017,Kharif,Cotton,Andhra Pradesh,Visakhapatnam,Canal,996.69,126.0,1427.0,1422.28
2016-02-20,2016,Kharif,Rice,Andhra Pradesh,Chittoor,Canal,245.42,82.0,3837.0,941.68
2016-11-16,2016,Rabi,Oilseeds,Madhya Pradesh,Bhopal,Rainfed,199.33,158.0,2261.0,450.69
2018-10-19,2018,Kharif,Rice,West Bengal,Kolkata,Rainfed,80.96,191.0,2500.0,202.4
2021-12-06,2021,Kharif,Oilseeds,Rajasthan,Jaipur,Tube Well,161.94,109.0,2115.0,342.5
2024-04-08,2024,Rabi,Potato,Uttar Pradesh,Varanasi,Rainfed,521.8,98.0,20283.0,10583.67
2018-10-13,2018,Perennial,Coffee,Karnataka,Mysore,Drip,41.42,76.0,1581.0,65.49
2021-04-28,2021,Zaid,Coconut,Kerala,Kozhikode,Rainfed,258.82,109.0,4822.0,1248.03
2025-10-05,2025,Kharif,Pulses,Madhya Pradesh,Bhopal,Tube Well,619.52,134.0,2359.0,1461.45
2020-10-06,2020,Perennial,Tea,Kerala,Kozhikode,Drip,673.86,106.0,3267.0,2201.5
2019-04-26,2019,Zaid,Coconut,Tamil Nadu,Coimbatore,Canal,19.67,143.0,8893.0,174.93
2020-01-12,2020,Rabi,Potato,West Bengal,Darjeeling,Rainfed,17.79,149.0,27286.0,485.42
2019-11-27,2019,Perennial,Coffee,Kerala,Kozhikode,Drip,125.58,65.0,876.0,110.01
2024-11-07,2024,Rabi,Oilseeds,Maharashtra,Mumbai,Tube Well,1135.62,155.0,2848.0,3234.25
2024-10-31,2024,Kharif,Cotton,Maharashtra,Nagpur,Rainfed,615.37,185.0,1187.0,730.44
2017-04-30,2017,Rabi,Wheat,Rajasthan,Jaipur,Rainfed,688.2,54.0,2516.0,1731.51
2018-03-20,2018,Rabi,Pulses,Maharashtra,Mumbai,Rainfed,1154.66,133.0,873.0,1008.02
2021-09-20,2021,Rabi,Potato,West Bengal,Kolkata,Rainfed,980.24,141.0,22126.0,21688.79
2024-09-06,2024,Rabi,Wheat,Punjab,Amritsar,Canal,201.43,156.0,5366.0,1080.87
2018-05-08,2018,Perennial,Apple,Himachal Pradesh,Mandi,Rainfed,242.86,108.0,6110.0,1483.87
2023-11-06,2023,Perennial,Sugarcane,Maharashtra,Nagpur,Drip,1291.73,173.0,80183.0,103574.79
2025-04-24,2025,Perennial,Tea,Assam,Kamrup,Rainfed,127.74,131.0,2315.0,295.72
2017-05-14,2017,Perennial,Sugarcane,Maharashtra,Nagpur,Tube Well,750.76,111.0,81749.0,61373.88
2023-10-13,2023,Perennial,Sugarcane,Uttar Pradesh,Varanasi,Canal,522.98,158.0,99543.0,52059.0
2020-10-17,2020,Kharif,Rice,Odisha,Bhubaneswar,Rainfed,355.19,189.0,2601.0,923.85
2016-07-02,2016,Kharif,Rice,Telangana,Nizamabad,Canal,802.81,172.0,3418.0,2744.0
2020-08-27,2020,Rabi,Potato,West Bengal,Darjeeling,Rainfed,650.81,190.0,25679.0,16712.15
2016-01-27,2016,Perennial,Apple,Jammu and Kashmir,Srinagar,Rainfed,305.92,90.0,10228.0,3128.95
2021-09-23,2021,Rabi,Pulses,Rajasthan,Jodhpur,Tube Well,474.53,68.0,1371.0,650.58
2025-03-02,2025,Zaid,Coconut,Tamil Nadu,Chennai,Canal,586.63,130.0,10610.0,6224.14
2019-10-30,2019,Kharif,Oilseeds,Rajasthan,Jodhpur,Tube Well,556.28,57.0,2071.0,1152.06
2018-05-13,2018,Kharif,Pulses,Rajasthan,Jodhpur,Rainfed,679.81,151.0,1768.0,1201.9
2018-09-21,2018,Zaid,Coconut,Karnataka,Hubli,Canal,1063.83,86.0,14018.0,14912.77
2021-04-28,2021,Kharif,Rice,Uttar Pradesh,Lucknow,Canal,1186.28,118.0,5855.0,6945.67
2021-08-19,2021,Kharif,Cotton,Gujarat,Ahmedabad,Rainfed,589.92,148.0,434.0,256.03
2021-03-23,2021,Kharif,Pulses,Maharashtra,Nagpur,Tube Well,220.48,122.0,1210.0,266.78
2022-05-28,2022,Kharif,Pulses,Uttar Pradesh,Lucknow,Rainfed,76.26,85.0,1267.0,96.62
2023-08-11,2023,Zaid,Coconut,Karnataka,Bangalore,Tube Well,262.28,182.0,15720.0,4123.04
2023-02-16,2023,Kharif,Pulses,Rajasthan,Jodhpur,Rainfed,244.78,165.0,1200.0,293.74
2022-10-04,2022,Rabi,Oilseeds,Madhya Pradesh,Bhopal,Tube Well,112.58,140.0,3742.0,421.27
2024-05-04,2024,Kharif,Rice,Uttar Pradesh,Varanasi,Canal,344.9,155.0,3383.0,1166.8
2015-12-30,2015,Perennial,Tea,Kerala,Ernakulam,Drip,76.0,112.0,1558.0,118.41
2021-09-03,2021,Kharif,Pulses,Madhya Pradesh,Bhopal,Rainfed,423.7,106.0,1898.0,804.18
2019-09-25,2019,Rabi,Potato,Uttar Pradesh,Varanasi,Canal,198.21,74.0,16650.0,3300.2
2017-06-23,2017,Zaid,Coconut,Kerala,Kozhikode,Drip,596.79,171.0,11970.0,7143.58
2023-09-19,2023,Kharif,Maize,Karnataka,Hubli,Drip,372.59,107.0,5539.0,2063.78
2018-08-20,2018,Perennial,Apple,Himachal Pradesh,Shimla,Rainfed,339.31,154.0,7041.0,2389.08
2024-06-28,2024,Rabi,Wheat,Bihar,Patna,Canal,883.69,95.0,4270.0,3773.36
2016-11-26,2016,Rabi,Wheat,Madhya Pradesh,Bhopal,Rainfed,77.95,169.0,4376.0,341.11
2024-04-29,2024,Kharif,Oilseeds,Gujarat,Ahmedabad,Rainfed,1186.91,66.0,2151.0,2553.04
2017-11-06,2017,Perennial,Tea,Assam,Cachar,Rainfed,519.74,144.0,1636.0,850.29
2023-05-30,2023,Zaid,Coconut,Kerala,Kozhikode,Drip,52.16,171.0,15051.0,785.06
2021-01-19,2021,Kharif,Rice,West Bengal,Darjeeling,Rainfed,352.26,149.0,2620.0,922.92
2024-04-11,2024,Kharif,Maize,Bihar,Muzaffarpur,Canal,887.38,154.0,6871.0,6097.19
2020-08-08,2020,Perennial,Coffee,Tamil Nadu,Madurai,Canal,659.89,129.0,1347.0,888.87
2016-03-25,2016,Rabi,Wheat,Madhya Pradesh,Bhopal,Tube Well,236.91,134.0,3653.0,865.43
2018-09-26,2018,Zaid,Coconut,Karnataka,Hubli,Drip,1035.14,60.0,12644.0,13088.31
2020-02-20,2020,Rabi,Pulses,Madhya Pradesh,Bhopal,Tube Well,631.93,88.0,1166.0,736.83
2025-03-01,2025,Zaid,Coconut,Karnataka,Belgaum,Drip,811.74,158.0,12559.0,10194.64
2021-06-25,2021,Kharif,Pulses,Madhya Pradesh,Bhopal,Rainfed,711.86,192.0,2109.0,1501.31
2023-05-04,2023,Kharif,Cotton,Maharashtra,Pune,Rainfed,1003.02,131.0,587.0,588.77
2021-11-26,2021,Rabi,Oilseeds,Gujarat,Rajkot,Tube Well,351.22,159.0,2142.0,752.31
2020-07-25,2020,Perennial,Coffee,Kerala,Ernakulam,Drip,471.27,153.0,1750.0,824.72
2017-07-04,2017,Kharif,Cotton,Maharashtra,Mumbai,Drip,1096.55,200.0,1654.0,1813.69
2019-08-01,2019,Rabi,Oilseeds,Maharashtra,Mumbai,Drip,243.29,169.0,2424.0,589.73
2017-03-13,2017,Rabi,Wheat,Punjab,Amritsar,Tube Well,252.9,144.0,3716.0,939.78
2025-01-20,2025,Rabi,Oilseeds,Rajasthan,Udaipur,Tube Well,119.69,67.0,2949.0,352.97
2020-05-20,2020,Perennial,Tea,Kerala,Thrissur,Drip,163.46,104.0,1978.0,323.32
2018-05-09,2018,Zaid,Coconut,Andhra Pradesh,Krishna,Rainfed,132.84,88.0,9035.0,1200.21
2023-06-23,2023,Kharif,Pulses,Maharashtra,Pune,Rainfed,1090.54,178.0,1120.0,1221.4
2025-07-23,2025,Perennial,Coffee,Tamil Nadu,Madurai,Canal,901.97,117.0,1240.0,1118.44
2019-12-25,2019,Zaid,Coconut,Tamil Nadu,Chennai,Canal,174.99,130.0,13237.0,2316.34
2025-04-24,2025,Perennial,Apple,Jammu and Kashmir,Srinagar,Rainfed,285.16,195.0,11144.0,3177.82
2024-05-21,2024,Rabi,Wheat,Punjab,Ludhiana,Tube Well,944.19,176.0,2935.0,2771.2
2015-04-28,2015,Perennial,Sugarcane,Uttar Pradesh,Kanpur,Canal,421.53,168.0,104297.0,43964.31
2016-05-30,2016,Kharif,Rice,Andhra Pradesh,Chittoor,Tube Well,280.57,71.0,3433.0,963.2
2025-08-29,2025,Kharif,Oilseeds,Gujarat,Surat,Tube Well,308.2,53.0,1391.0,428.71
2020-06-04,2020,Perennial,Coffee,Kerala,Thrissur,Rainfed,587.2,69.0,476.0,279.51
2015-10-14,2015,Kharif,Cotton,Maharashtra,Mumbai,Drip,421.92,161.0,667.0,281.42
2024-12-15,2024,Kharif,Pulses,Madhya Pradesh,Bhopal,Rainfed,229.59,112.0,1962.0,450.46
2018-03-05,2018,Zaid,Coconut,Tamil Nadu,Madurai,Canal,34.5,68.0,12430.0,428.84
2020-02-15,2020,Perennial,Coffee,Kerala,Thrissur,Rainfed,727.51,161.0,1583.0,1151.65
2022-07-18,2022,Kharif,Oilseeds,Rajasthan,Jodhpur,Rainfed,529.37,79.0,1171.0,619.89
2015-01-18,2015,Perennial,Coffee,Karnataka,Bangalore,Drip,525.33,138.0,1574.0,826.87
2021-01-03,2021,Rabi,Potato,West Bengal,Howrah,Rainfed,1037.79,161.0,12830.0,13314.85
2022-07-17,2022,Rabi,Potato,Punjab,Amritsar,Canal,447.36,141.0,14944.0,6685.35
2015-07-24,2015,Perennial,Coffee,Tamil Nadu,Coimbatore,Drip,745.43,199.0,1568.0,1168.83
2017-03-13,2017,Rabi,Potato,Uttar Pradesh,Kanpur,Rainfed,464.67,115.0,23317.0,10834.71
2021-11-27,2021,Kharif,Oilseeds,Rajasthan,Jaipur,Rainfed,227.05,97.0,1110.0,252.03
2017-01-15,2017,Kharif,Pulses,Rajasthan,Jaipur,Tube Well,592.85,80.0,1509.0,894.61
2017-05-15,2017,Rabi,Oilseeds,Madhya Pradesh,Bhopal,Tube Well,631.75,126.0,1564.0,988.06
2019-05-28,2019,Rabi,Oilseeds,Madhya Pradesh,Bhopal,Rainfed,242.34,178.0,1949.0,472.32
2023-11-12,2023,Perennial,Sugarcane,Karnataka,Bangalore,Drip,98.71,192.0,118112.0,11658.84
2024-03-27,2024,Zaid,Coconut,Karnataka,Mysore,Canal,399.77,196.0,10388.0,4152.81
2022-10-01,2022,Rabi,Pulses,Maharashtra,Mumbai,Tube Well,990.47,130.0,1990.0,1971.04
2021-03-20,2021,Zaid,Coconut,Tamil Nadu,Coimbatore,Canal,119.59,141.0,12307.0,1471.79
2021-11-27,2021,Kharif,Pulses,Uttar Pradesh,Kanpur,Tube Well,1011.43,137.0,1619.0,1637.51
2025-05-18,2025,Kharif,Rice,Chhattisgarh,Raipur,Rainfed,623.94,120.0,3251.0,2028.43
2022-02-11,2022,Perennial,Apple,Himachal Pradesh,Kangra,Rainfed,97.82,73.0,8859.0,866.59
2023-04-18,2023,Kharif,Pulses,Maharashtra,Pune,Tube Well,1122.24,60.0,1467.0,1646.33
2017-03-01,2017,Kharif,Oilseeds,Rajasthan,Jodhpur,Tube Well,45.44,115.0,3276.0,148.86
2021-02-08,2021,Rabi,Wheat,Rajasthan,Udaipur,Rainfed,470.15,78.0,2167.0,1018.82
2023-03-05,2023,Rabi,Wheat,Madhya Pradesh,Bhopal,Tube Well,634.92,183.0,5407.0,3433.01
2022-09-07,2022,Perennial,Coffee,Tamil Nadu,Coimbatore,Tube Well,494.8,164.0,1174.0,580.9
2025-09-25,2025,Kharif,Maize,Karnataka,Hubli,Tube Well,232.06,143.0,7054.0,1636.95
2021-08-03,2021,Kharif,Cotton,Gujarat,Ahmedabad,Rainfed,1110.43,57.0,1010.0,1121.53
2016-04-10,2016,Kharif,Maize,Bihar,Gaya,Canal,29.77,143.0,8059.0,239.92
2022-04-09,2022,Rabi,Wheat,Punjab,Patiala,Canal,837.06,143.0,4134.0,3460.41
2017-11-17,2017,Kharif,Cotton,Andhra Pradesh,Visakhapatnam,Canal,453.69,116.0,822.0,372.93
2022-02-03,2022,Rabi,Potato,West Bengal,Darjeeling,Canal,512.55,149.0,31793.0,16295.5
2019-10-17,2019,Perennial,Tea,Kerala,Kozhikode,Drip,433.89,179.0,2006.0,870.38
2017-03-14,2017,Perennial,Apple,Himachal Pradesh,Mandi,Rainfed,272.03,164.0,14264.0,3880.24
2024-06-08,2024,Kharif,Oilseeds,Rajasthan,Jaipur,Tube Well,150.5,121.0,3182.0,478.89
2024-06-25,2024,Rabi,Potato,Uttar Pradesh,Varanasi,Tube Well,1022.76,89.0,32124.0,32855.14
2020-02-08,2020,Rabi,Oilseeds,Madhya Pradesh,Bhopal,Tube Well,25.13,122.0,2456.0,61.72
2018-12-23,2018,Perennial,Tea,Assam,Dibrugarh,Rainfed,26.74,192.0,2122.0,56.74
2018-05-28,2018,Perennial,Apple,Jammu and Kashmir,Srinagar,Rainfed,196.61,173.0,6759.0,1328.89
2021-10-09,2021,Kharif,Oilseeds,Rajasthan,Udaipur,Tube Well,383.91,54.0,2753.0,1056.9
2019-09-26,2019,Zaid,Coconut,Karnataka,Mysore,Tube Well,309.63,167.0,11203.0,3468.78
2020-12-18,2020,Kharif,Cotton,Telangana,Warangal,Canal,500.99,76.0,1019.0,510.51
2023-08-19,2023,Kharif,Maize,Maharashtra,Nashik,Drip,675.78,136.0,8118.0,5485.98
2020-04-03,2020,Kharif,Maize,Bihar,Gaya,Tube Well,355.73,171.0,7594.0,2701.41
2021-04-23,2021,Rabi,Pulses,Maharashtra,Mumbai,Tube Well,850.79,134.0,1937.0,1647.98
2018-10-25,2018,Rabi,Pulses,Madhya Pradesh,Bhopal,Tube Well,766.77,111.0,1582.0,1213.03
2025-06-11,2025,Kharif,Oilseeds,Rajasthan,Jaipur,Tube Well,348.65,98.0,2386.0,831.88
2019-10-17,2019,Rabi,Pulses,Uttar Pradesh,Kanpur,Rainfed,1181.22,96.0,1200.0,1417.46
2021-09-19,2021,Kharif,Rice,Chhattisgarh,Raipur,Rainfed,180.84,176.0,2766.0,500.2
2021-10-12,2021,Rabi,Oilseeds,Rajasthan,Jaipur,Tube Well,535.75,174.0,3289.0,1762.08
2018-08-13,2018,Kharif,Rice,Chhattisgarh,Raipur,Rainfed,457.75,174.0,4577.0,2095.12
2017-02-04,2017,Kharif,Maize,Telangana,Nizamabad,Rainfed,579.33,92.0,5769.0,3342.15
2022-06-29,2022,Rabi,Wheat,Uttar Pradesh,Kanpur,Canal,1340.62,170.0,4332.0,5807.57
2022-03-30,2022,Kharif,Pulses,Rajasthan,Udaipur,Rainfed,171.01,55.0,1815.0,310.38
2016-11-21,2016,Rabi,Potato,West Bengal,Kolkata,Rainfed,411.61,81.0,13135.0,5406.5
2022-01-25,2022,Kharif,Maize,Maharashtra,Mumbai,Drip,117.16,127.0,7169.0,839.92
2024-12-31,2024,Rabi,Wheat,Punjab,Amritsar,Tube Well,1091.92,111.0,5148.0,5621.2
2019-04-06,2019,Kharif,Cotton,Telangana,Hyderabad,Tube Well,761.04,67.0,1085.0,825.73
2016-03-03,2016,Rabi,Potato,West Bengal,Howrah,Rainfed,452.36,56.0,17348.0,7847.54
2024-04-20,2024,Zaid,Coconut,Andhra Pradesh,Visakhapatnam,Canal,434.62,142.0,11540.0,5015.51
2020-05-18,2020,Kharif,Maize,Andhra Pradesh,Chittoor,Tube Well,793.8,97.0,6966.0,5529.61
2024-07-18,2024,Rabi,Potato,Punjab,Patiala,Tube Well,122.63,52.0,33232.0,4075.24
2024-11-12,2024,Kharif,Maize,Bihar,Muzaffarpur,Tube Well,300.9,115.0,5668.0,1705.5
2020-04-12,2020,Rabi,Wheat,Uttar Pradesh,Varanasi,Rainfed,555.66,96.0,3484.0,1935.92
2018-08-25,2018,Kharif,Rice,Uttar Pradesh,Kanpur,Rainfed,782.7,136.0,5064.0,3963.59
2017-10-28,2017,Rabi,Wheat,Rajasthan,Jaipur,Rainfed,338.83,189.0,2949.0,999.21
2023-11-22,2023,Rabi,Wheat,Haryana,Faridabad,Canal,300.07,96.0,3913.0,1174.17
2025-08-20,2025,Perennial,Tea,Kerala,Thrissur,Drip,437.22,200.0,4051.0,1771.18
2018-12-16,2018,Rabi,Pulses,Uttar Pradesh,Lucknow,Rainfed,1389.54,63.0,1130.0,1570.18
2022-05-03,2022,Rabi,Potato,Punjab,Patiala,Canal,50.36,63.0,27571.0,1388.48
2023-05-04,2023,Rabi,Oilseeds,Madhya Pradesh,Bhopal,Rainfed,547.44,157.0,2528.0,1383.93
2023-08-06,2023,Perennial,Sugarcane,Uttar Pradesh,Kanpur,Tube Well,940.82,162.0,81229.0,76421.87
2024-10-04,2024,Zaid,Coconut,Karnataka,Mysore,Canal,1017.63,113.0,14124.0,14373.01
2016-05-24,2016,Kharif,Oilseeds,Rajasthan,Jodhpur,Rainfed,455.29,93.0,1785.0,812.69
2023-05-09,2023,Perennial,Sugarcane,Tamil Nadu,Madurai,Drip,691.08,169.0,116088.0,80226.1
2023-08-15,2023,Rabi,Potato,Bihar,Purnia,Tube Well,772.11,193.0,33803.0,26099.63
2016-03-18,2016,Perennial,Coffee,Karnataka,Hubli,Drip,301.91,198.0,1475.0,445.32
2021-01-20,2021,Perennial,Apple,Jammu and Kashmir,Srinagar,Rainfed,242.34,145.0,8837.0,2141.56
2018-01-28,2018,Kharif,Rice,Punjab,Ludhiana,Tube Well,783.94,161.0,5114.0,4009.07
2016-02-24,2016,Zaid,Coconut,Andhra Pradesh,Krishna,Tube Well,531.78,173.0,9707.0,5161.99
2022-08-15,2022,Kharif,Maize,Bihar,Gaya,Canal,88.69,170.0,6402.0,567.79
2024-02-24,2024,Kharif,Maize,Andhra Pradesh,Visakhapatnam,Rainfed,358.23,199.0,3885.0,1391.72
2017-09-30,2017,Kharif,Pulses,Rajasthan,Jodhpur,Rainfed,203.19,172.0,2031.0,412.68
2023-07-15,2023,Zaid,Coconut,Karnataka,Belgaum,Drip,799.43,149.0,10922.0,8731.37
2024-05-10,2024,Kharif,Cotton,Maharashtra,Mumbai,Rainfed,1197.65,106.0,467.0,559.3
2019-11-11,2019,Kharif,Rice,Odisha,Bhubaneswar,Canal,215.4,140.0,6188.0,1332.9
2019-07-29,2019,Zaid,Coconut,Andhra Pradesh,Guntur,Canal,98.8,182.0,6305.0,622.93
2020-03-22,2020,Kharif,Cotton,Telangana,Hyderabad,Canal,899.96,96.0,1152.0,1036.75
2025-08-09,2025,Kharif,Pulses,Maharashtra,Pune,Drip,901.65,55.0,2075.0,1870.92
2018-03-20,2018,Kharif,Oilseeds,Maharashtra,Pune,Rainfed,1153.55,99.0,1366.0,1575.75
2020-08-20,2020,Kharif,Maize,Bihar,Patna,Tube Well,152.44,194.0,5027.0,766.32
2021-02-12,2021,Rabi,Potato,Bihar,Patna,Canal,802.76,169.0,18240.0,14642.34
2016-01-27,2016,Kharif,Pulses,Madhya Pradesh,Bhopal,Tube Well,652.53,78.0,2419.0,1578.47
2024-10-20,2024,Perennial,Coffee,Karnataka,Hubli,Canal,175.12,52.0,1512.0,264.78
2016-12-25,2016,Zaid,Coconut,Andhra Pradesh,Chittoor,Rainfed,202.07,150.0,7022.0,1418.94
2022-07-26,2022,Kharif,Pulses,Maharashtra,Mumbai,Rainfed,391.13,137.0,1271.0,497.13
2018-08-09,2018,Kharif,Cotton,Andhra Pradesh,Visakhapatnam,Canal,267.98,62.0,1129.0,302.55
2023-09-19,2023,Rabi,Wheat,Madhya Pradesh,Bhopal,Tube Well,780.57,195.0,4325.0,3375.97
2018-07-03,2018,Rabi,Pulses,Uttar Pradesh,Kanpur,Tube Well,550.79,143.0,1535.0,845.46
2020-12-30,2020,Kharif,Oilseeds,Madhya Pradesh,Bhopal,Rainfed,611.43,148.0,1199.0,733.1
2021-02-07,2021,Kharif,Oilseeds,Rajasthan,Jaipur,Tube Well,565.49,178.0,3709.0,2097.4
2015-08-11,2015,Perennial,Tea,Kerala,Kozhikode,Rainfed,314.89,101.0,2313.0,728.34
2020-06-01,2020,Kharif,Rice,Andhra Pradesh,Chittoor,Rainfed,822.28,134.0,2752.0,2262.91
2021-09-30,2021,Kharif,Oilseeds,Madhya Pradesh,Bhopal,Rainfed,95.16,136.0,1189.0,113.15
2018-07-29,2018,Perennial,Apple,Himachal Pradesh,Kangra,Rainfed,204.51,195.0,7182.0,1468.79
2017-12-27,2017,Rabi,Potato,Uttar Pradesh,Varanasi,Rainfed,1451.29,70.0,17115.0,24838.83
2022-01-23,2022,Kharif,Rice,Odisha,Bhubaneswar,Canal,159.99,164.0,4271.0,683.32
2017-05-09,2017,Rabi,Oilseeds,Maharashtra,Nagpur,Drip,507.57,136.0,1680.0,852.72
2021-03-10,2021,Kharif,Rice,Punjab,Patiala,Tube Well,1187.88,177.0,4852.0,5763.59
2022-09-20,2022,Zaid,Coconut,Karnataka,Mysore,Drip,735.31,175.0,8799.0,6469.99
2018-02-24,2018,Rabi,Wheat,Bihar,Purnia,Tube Well,635.2,52.0,2464.0,1565.13
2022-01-12,2022,Perennial,Coffee,Kerala,Kozhikode,Drip,684.07,88.0,1557.0,1065.1
2017-12-30,2017,Perennial,Coffee,Kerala,Thrissur,Drip,32.98,77.0,1413.0,46.6
2022-04-03,2022,Perennial,Coffee,Karnataka,Mysore,Drip,850.57,119.0,1887.0,1605.03
2019-04-09,2019,Perennial,Coffee,Tamil Nadu,Chennai,Canal,971.98,186.0,1225.0,1190.68
2016-03-19,2016,Rabi,Potato,Uttar Pradesh,Kanpur,Tube Well,34.1,51.0,14653.0,499.67
2024-09-08,2024,Kharif,Maize,Andhra Pradesh,Visakhapatnam,Rainfed,675.17,123.0,4209.0,2841.79
2019-07-26,2019,Rabi,Wheat,Haryana,Faridabad,Tube Well,494.54,183.0,5179.0,2561.22
2017-06-12,2017,Rabi,Wheat,Haryana,Gurgaon,Canal,80.56,189.0,3809.0,306.85
2019-10-16,2019,Perennial,Coffee,Tamil Nadu,Coimbatore,Canal,465.35,149.0,1085.0,504.9
2022-06-19,2022,Kharif,Maize,Maharashtra,Mumbai,Rainfed,840.8,174.0,3867.0,3251.37
2016-06-24,2016,Perennial,Tea,Kerala,Ernakulam,Rainfed,736.02,99.0,2451.0,1803.99
2024-07-19,2024,Perennial,Coffee,Kerala,Ernakulam,Rainfed,500.22,93.0,1434.0,717.32
2024-09-08,2024,Perennial,Coffee,Karnataka,Mysore,Canal,943.85,57.0,1409.0,1329.88
2021-08-19,2021,Perennial,Sugarcane,Karnataka,Mysore,Canal,142.51,125.0,83822.0,11945.47
2016-03-17,2016,Kharif,Pulses,Rajasthan,Jodhpur,Tube Well,155.26,118.0,2247.0,348.87
2021-02-19,2021,Kharif,Oilseeds,Madhya Pradesh,Bhopal,Tube Well,776.53,106.0,2772.0,2152.54
2023-12-20,2023,Kharif,Oilseeds,Maharashtra,Pune,Tube Well,1154.75,67.0,2972.0,3431.92
2018-11-07,2018,Kharif,Maize,Andhra Pradesh,Chittoor,Rainfed,289.92,85.0,5375.0,1558.32
2019-03-20,2019,Rabi,Wheat,Madhya Pradesh,Bhopal,Tube Well,500.57,81.0,3221.0,1612.34
2015-01-08,2015,Perennial,Sugarcane,Tamil Nadu,Madurai,Canal,405.27,192.0,147431.0,59749.36
2019-07-16,2019,Perennial,Apple,Jammu and Kashmir,Srinagar,Rainfed,192.75,195.0,16237.0,3129.68
2017-02-25,2017,Rabi,Potato,West Bengal,Howrah,Rainfed,948.36,51.0,18886.0,17910.73
2021-02-18,2021,Kharif,Oilseeds,Rajasthan,Udaipur,Rainfed,517.64,76.0,2243.0,1161.07
2016-04-28,2016,Kharif,Pulses,Uttar Pradesh,Varanasi,Tube Well,365.28,183.0,1883.0,687.82
2018-11-08,2018,Kharif,Maize,Maharashtra,Pune,Drip,417.63,56.0,6281.0,2623.13
2024-01-06,2024,Kharif,Pulses,Madhya Pradesh,Bhopal,Rainfed,238.87,192.0,1686.0,402.73
2018-09-05,2018,Rabi,Potato,Bihar,Patna,Canal,782.86,107.0,21999.0,17222.14
2021-03-17,2021,Kharif,Maize,Madhya Pradesh,Bhopal,Tube Well,397.17,131.0,5303.0,2106.19
2021-03-01,2021,Kharif,Oilseeds,Gujarat,Surat,Tube Well,1141.36,165.0,3258.0,3718.55
2017-04-15,2017,Kharif,Oilseeds,Madhya Pradesh,Bhopal,Rainfed,655.18,87.0,2816.0,1844.99
2018-07-21,2018,Rabi,Oilseeds,Gujarat,Rajkot,Tube Well,261.32,65.0,1662.0,434.31
2020-10-02,2020,Rabi,Potato,Punjab,Patiala,Tube Well,1181.05,171.0,25496.0,30112.05
2025-04-12,2025,Rabi,Oilseeds,Maharashtra,Mumbai,Drip,662.84,198.0,4230.0,2803.81
2020-10-29,2020,Rabi,Wheat,Punjab,Amritsar,Tube Well,388.03,149.0,3094.0,1200.56
2024-09-04,2024,Perennial,Tea,West Bengal,Kolkata,Rainfed,406.03,174.0,2798.0,1136.07
2022-06-18,2022,Kharif,Oilseeds,Gujarat,Surat,Tube Well,1166.83,191.0,3474.0,4053.57
2020-10-10,2020,Rabi,Wheat,Bihar,Purnia,Tube Well,489.12,84.0,4694.0,2295.93
2019-10-28,2019,Zaid,Coconut,Karnataka,Hubli,Tube Well,794.37,103.0,13615.0,10815.35
2016-01-02,2016,Rabi,Potato,Punjab,Amritsar,Canal,720.86,83.0,32674.0,23553.38
2015-09-18,2015,Perennial,Apple,Jammu and Kashmir,Srinagar,Rainfed,154.91,59.0,4882.0,756.27
2025-03-11,2025,Kharif,Maize,Andhra Pradesh,Chittoor,Rainfed,957.74,160.0,4633.0,4437.21
2024-07-28,2024,Rabi,Potato,West Bengal,Kolkata,Canal,934.67,72.0,17586.0,16437.11
2017-10-05,2017,Kharif,Rice,Punjab,Ludhiana,Tube Well,117.11,64.0,5455.0,638.84
2019-04-17,2019,Rabi,Pulses,Maharashtra,Nashik,Tube Well,369.88,104.0,2060.0,761.95
2019-06-28,2019,Kharif,Rice,Punjab,Ludhiana,Tube Well,766.73,59.0,2717.0,2083.21
2018-07-05,2018,Kharif,Pulses,Rajasthan,Udaipur,Tube Well,228.38,77.0,1493.0,340.97
2021-05-23,2021,Rabi,Pulses,Rajasthan,Udaipur,Tube Well,550.67,60.0,1036.0,570.49
2016-04-28,2016,Rabi,Oilseeds,Maharashtra,Nagpur,Tube Well,158.01,182.0,3605.0,569.63
2023-11-13,2023,Kharif,Rice,West Bengal,Darjeeling,Rainfed,879.6,167.0,3615.0,3179.75
2016-10-20,2016,Rabi,Wheat,Punjab,Patiala,Tube Well,930.65,179.0,3572.0,3324.28
2018-05-22,2018,Rabi,Pulses,Uttar Pradesh,Lucknow,Tube Well,441.16,180.0,2059.0,908.35
2024-09-01,2024,Kharif,Pulses,Madhya Pradesh,Bhopal,Tube Well,282.12,192.0,1256.0,354.34
2023-06-06,2023,Rabi,Potato,Uttar Pradesh,Varanasi,Canal,282.52,78.0,19193.0,5422.41
2016-10-09,2016,Zaid,Coconut,Karnataka,Bangalore,Canal,285.31,185.0,8233.0,2348.96
2020-08-26,2020,Rabi,Potato,West Bengal,Howrah,Canal,791.82,129.0,39760.0,31482.76
2017-01-25,2017,Kharif,Rice,Bihar,Purnia,Rainfed,382.13,75.0,2959.0,1130.72
2021-07-07,2021,Kharif,Oilseeds,Gujarat,Vadodara,Rainfed,828.11,148.0,2335.0,1933.64
2016-04-22,2016,Rabi,Pulses,Madhya Pradesh,Bhopal,Rainfed,416.14,99.0,1387.0,577.19
2021-07-29,2021,Perennial,Sugarcane,Maharashtra,Pune,Rainfed,197.43,57.0,75710.0,14947.43
2016-10-19,2016,Rabi,Potato,Punjab,Ludhiana,Tube Well,753.62,62.0,18350.0,13828.93
2024-06-03,2024,Kharif,Rice,West Bengal,Darjeeling,Rainfed,834.55,114.0,2398.0,2001.25
2019-07-01,2019,Rabi,Wheat,Haryana,Hisar,Tube Well,423.77,174.0,3104.0,1315.38
2016-03-09,2016,Perennial,Apple,Jammu and Kashmir,Srinagar,Rainfed,262.75,97.0,6827.0,1793.79
2023-07-01,2023,Kharif,Pulses,Madhya Pradesh,Bhopal,Rainfed,167.24,165.0,1527.0,255.38
2021-05-18,2021,Perennial,Tea,West Bengal,Darjeeling,Rainfed,157.91,58.0,1238.0,195.49
2015-09-16,2015,Perennial,Sugarcane,Karnataka,Belgaum,Drip,402.65,109.0,100201.0,40345.93
2017-10-15,2017,Kharif,Oilseeds,Madhya Pradesh,Bhopal,Tube Well,317.47,69.0,1264.0,401.28
2022-02-19,2022,Perennial,Apple,Jammu and Kashmir,Srinagar,Rainfed,306.79,180.0,12786.0,3922.62
2021-01-12,2021,Kharif,Oilseeds,Rajasthan,Udaipur,Rainfed,327.45,195.0,3200.0,1047.84
2024-12-24,2024,Perennial,Apple,Himachal Pradesh,Shimla,Rainfed,49.81,99.0,5411.0,269.52
2021-04-26,2021,Rabi,Oilseeds,Gujarat,Rajkot,Rainfed,764.46,198.0,1675.0,1280.47
2017-06-18,2017,Rabi,Wheat,Uttar Pradesh,Lucknow,Rainfed,709.19,163.0,2908.0,2062.32
2020-05-26,2020,Rabi,Potato,Uttar Pradesh,Kanpur,Tube Well,504.15,50.0,18107.0,9128.64
2016-03-28,2016,Zaid,Coconut,Andhra Pradesh,Chittoor,Tube Well,964.64,123.0,5697.0,5495.55
2016-05-01,2016,Kharif,Oilseeds,Maharashtra,Nagpur,Rainfed,209.16,175.0,1365.0,285.5
2021-08-11,2021,Rabi,Oilseeds,Rajasthan,Jaipur,Tube Well,640.12,130.0,3768.0,2411.97
2015-07-14,2015,Kharif,Oilseeds,Maharashtra,Pune,Rainfed,440.94,132.0,2538.0,1119.11
2021-06-09,2021,Kharif,Maize,Andhra Pradesh,Chittoor,Canal,558.52,117.0,7995.0,4465.37
2017-10-01,2017,Kharif,Pulses,Madhya Pradesh,Bhopal,Rainfed,744.09,109.0,1337.0,994.85
2024-09-01,2024,Rabi,Wheat,Haryana,Faridabad,Tube Well,1068.12,54.0,4356.0,4652.73
2025-02-17,2025,Kharif,Cotton,Gujarat,Ahmedabad,Rainfed,98.42,143.0,1124.0,110.62
2016-03-01,2016,Kharif,Pulses,Maharashtra,Pune,Drip,756.0,165.0,2844.0,2150.06
2024-10-20,2024,Kharif,Rice,Andhra Pradesh,Guntur,Rainfed,379.33,169.0,2359.0,894.84
2016-07-30,2016,Kharif,Pulses,Uttar Pradesh,Kanpur,Rainfed,767.65,144.0,1693.0,1299.63
2017-02-25,2017,Rabi,Pulses,Maharashtra,Nagpur,Tube Well,968.43,101.0,1876.0,1816.77
2015-08-02,2015,Perennial,Sugarcane,Tamil Nadu,Coimbatore,Canal,550.83,53.0,93269.0,51375.36
2021-03-27,2021,Kharif,Rice,Assam,Cachar,Rainfed,66.11,184.0,4009.0,265.03
2015-05-19,2015,Perennial,Tea,Kerala,Thrissur,Drip,428.68,114.0,3093.0,1325.91
2017-10-05,2017,Zaid,Coconut,Tamil Nadu,Madurai,Canal,36.3,140.0,16630.0,603.67
2016-02-06,2016,Rabi,Oilseeds,Madhya Pradesh,Bhopal,Tube Well,285.24,79.0,3234.0,922.47
2017-08-25,2017,Rabi,Pulses,Maharashtra,Mumbai,Tube Well,626.66,71.0,2210.0,1384.92
2021-02-23,2021,Perennial,Tea,West Bengal,Howrah,Rainfed,712.69,63.0,1594.0,1136.03
2023-03-03,2023,Kharif,Rice,Tamil Nadu,Madurai,Canal,561.77,170.0,6059.0,3403.76
2021-11-12,2021,Rabi,Pulses,Maharashtra,Nagpur,Drip,206.01,147.0,1938.0,399.25
2018-10-09,2018,Rabi,Oilseeds,Rajasthan,Jaipur,Rainfed,653.23,143.0,1837.0,1199.98
2017-02-21,2017,Rabi,Wheat,Uttar Pradesh,Varanasi,Tube Well,978.95,188.0,5562.0,5444.92
2021-03-25,2021,Perennial,Apple,Jammu and Kashmir,Srinagar,Rainfed,133.62,74.0,13254.0,1771.0
2025-01-27,2025,Kharif,Cotton,Andhra Pradesh,Guntur,Canal,1159.47,76.0,1194.0,1384.41
2022-11-13,2022,Rabi,Potato,Uttar Pradesh,Kanpur,Tube Well,1325.04,78.0,32494.0,43055.85
2021-11-05,2021,Rabi,Pulses,Madhya Pradesh,Bhopal,Rainfed,123.36,114.0,1251.0,154.32
2018-05-17,2018,Kharif,Maize,Bihar,Purnia,Canal,658.87,181.0,6514.0,4291.88
2015-11-09,2015,Kharif,Oilseeds,Madhya Pradesh,Bhopal,Rainfed,452.45,182.0,3006.0,1360.06
2023-10-20,2023,Rabi,Potato,Uttar Pradesh,Kanpur,Canal,297.29,139.0,25390.0,7548.19
2019-02-09,2019,Perennial,Apple,Jammu and Kashmir,Srinagar,Rainfed,101.06,149.0,5822.0,588.37
2024-07-14,2024,Rabi,Oilseeds,Maharashtra,Nagpur,Drip,737.27,185.0,2709.0,1997.26
2018-12-21,2018,Perennial,Apple,Jammu and Kashmir,Srinagar,Rainfed,135.3,144.0,9604.0,1299.42
2016-11-29,2016,Rabi,Wheat,Uttar Pradesh,Varanasi,Rainfed,1253.9,84.0,2220.0,2783.66
2017-08-09,2017,Kharif,Cotton,Andhra Pradesh,Chittoor,Canal,126.31,156.0,982.0,124.04
2015-12-03,2015,Kharif,Rice,Bihar,Muzaffarpur,Canal,914.89,165.0,7090.0,6486.57
2016-12-09,2016,Kharif,Maize,Karnataka,Mysore,Tube Well,926.2,145.0,7630.0,7066.91
2020-11-01,2020,Kharif,Oilseeds,Rajasthan,Jaipur,Tube Well,519.65,91.0,2354.0,1223.26
2016-08-19,2016,Kharif,Pulses,Rajasthan,Jodhpur,Rainfed,191.17,110.0,1665.0,318.3
2025-04-29,2025,Zaid,Coconut,Andhra Pradesh,Visakhapatnam,Rainfed,860.8,121.0,5360.0,4613.89
2017-06-07,2017,Zaid,Coconut,Andhra Pradesh,Chittoor,Canal,532.14,72.0,12554.0,6680.49
2025-01-18,2025,Kharif,Pulses,Rajasthan,Udaipur,Tube Well,447.29,118.0,1791.0,801.1
2021-04-04,2021,Kharif,Cotton,Andhra Pradesh,Chittoor,Canal,381.94,74.0,1230.0,469.79
2018-11-24,2018,Kharif,Pulses,Rajasthan,Udaipur,Tube Well,586.74,125.0,2080.0,1220.42
2024-12-11,2024,Rabi,Oilseeds,Gujarat,Vadodara,Rainfed,58.29,58.0,1340.0,78.11
2024-07-31,2024,Kharif,Oilseeds,Maharashtra,Mumbai,Tube Well,901.98,192.0,3942.0,3555.61
2020-05-18,2020,Kharif,Rice,West Bengal,Howrah,Canal,913.21,87.0,4790.0,4374.28
2021-10-21,2021,Perennial,Coffee,Kerala,Kozhikode,Drip,520.68,120.0,1830.0,952.84
2016-05-30,2016,Perennial,Tea,Kerala,Kozhikode,Drip,161.67,55.0,1440.0,232.8
2019-10-18,2019,Kharif,Oilseeds,Gujarat,Surat,Tube Well,349.13,79.0,2714.0,947.54
2018-06-04,2018,Rabi,Potato,Uttar Pradesh,Varanasi,Tube Well,777.21,154.0,22002.0,17100.17
2018-10-08,2018,Kharif,Pulses,Maharashtra,Nashik,Tube Well,434.99,67.0,2180.0,948.28
2019-07-16,2019,Zaid,Coconut,Tamil Nadu,Coimbatore,Canal,15.36,144.0,16531.0,253.92
2020-06-05,2020,Rabi,Pulses,Rajasthan,Jaipur,Tube Well,38.07,50.0,997.0,37.96
2017-06-25,2017,Kharif,Rice,Uttar Pradesh,Kanpur,Tube Well,1153.97,120.0,5471.0,6313.37
2022-12-13,2022,Zaid,Coconut,Kerala,Thrissur,Drip,76.13,158.0,7332.0,558.19
2024-04-25,2024,Kharif,Oilseeds,Madhya Pradesh,Bhopal,Tube Well,743.14,189.0,3990.0,2965.13
2022-11-24,2022,Kharif,Pulses,Madhya Pradesh,Bhopal,Tube Well,359.76,124.0,1253.0,450.78
2016-04-20,2016,Kharif,Oilseeds,Madhya Pradesh,Bhopal,Rainfed,608.97,176.0,1566.0,953.65
2023-02-22,2023,Rabi,Wheat,Uttar Pradesh,Varanasi,Canal,197.0,170.0,3725.0,733.82
2017-04-17,2017,Kharif,Cotton,Andhra Pradesh,Guntur,Tube Well,1112.54,94.0,1229.0,1367.31
2019-07-08,2019,Kharif,Rice,Telangana,Hyderabad,Tube Well,40.09,181.0,4176.0,167.42
2020-01-14,2020,Kharif,Oilseeds,Maharashtra,Nashik,Tube Well,64.36,146.0,3005.0,193.4
2020-11-20,2020,Kharif,Oilseeds,Madhya Pradesh,Bhopal,Tube Well,53.12,66.0,2544.0,135.14
2021-11-11,2021,Zaid,Coconut,Andhra Pradesh,Guntur,Tube Well,133.06,191.0,10642.0,1416.02
2017-10-15,2017,Kharif,Maize,Madhya Pradesh,Bhopal,Tube Well,394.6,77.0,5598.0,2208.97
2016-01-03,2016,Kharif,Oilseeds,Gujarat,Vadodara,Tube Well,948.05,121.0,1624.0,1539.63
2023-08-27,2023,Rabi,Potato,Punjab,Ludhiana,Canal,434.57,120.0,37652.0,16362.43
2023-05-26,2023,Zaid,Coconut,Karnataka,Belgaum,Drip,822.9,144.0,8400.0,6912.36
2024-08-25,2024,Perennial,Sugarcane,Tamil Nadu,Madurai,Drip,853.73,150.0,141017.0,120390.44
2018-07-28,2018,Rabi,Potato,Uttar Pradesh,Kanpur,Canal,1363.33,85.0,26161.0,35666.08
2024-12-05,2024,Kharif,Maize,Telangana,Nizamabad,Tube Well,142.92,103.0,6158.0,880.1
2020-08-09,2020,Zaid,Coconut,Tamil Nadu,Chennai,Drip,157.73,72.0,7906.0,1247.01
2018-05-20,2018,Rabi,Wheat,Rajasthan,Jaipur,Rainfed,94.25,69.0,2284.0,215.27
2020-12-03,2020,Kharif,Rice,Andhra Pradesh,Visakhapatnam,Tube Well,437.58,174.0,4983.0,2180.46
2015-08-28,2015,Perennial,Tea,West Bengal,Kolkata,Rainfed,543.46,163.0,1546.0,840.19
2018-09-22,2018,Kharif,Rice,Telangana,Hyderabad,Canal,420.83,116.0,4441.0,1868.91
2015-02-17,2015,Perennial,Tea,Kerala,Thrissur,Drip,213.07,64.0,2134.0,454.69
2024-06-19,2024,Perennial,Tea,West Bengal,Kolkata,Canal,687.96,117.0,1914.0,1316.76
2024-10-23,2024,Rabi,Wheat,Rajasthan,Jodhpur,Rainfed,243.41,94.0,2530.0,615.83
2023-11-03,2023,Perennial,Coffee,Karnataka,Hubli,Tube Well,409.03,167.0,2090.0,854.87
2018-07-31,2018,Zaid,Coconut,Karnataka,Belgaum,Tube Well,125.03,64.0,10285.0,1285.93
2018-08-11,2018,Kharif,Cotton,Andhra Pradesh,Krishna,Canal,714.76,118.0,1452.0,1037.83
2024-07-18,2024,Rabi,Pulses,Maharashtra,Mumbai,Rainfed,855.31,139.0,906.0,774.91
2017-10-22,2017,Kharif,Oilseeds,Maharashtra,Nagpur,Tube Well,987.76,198.0,1496.0,1477.69
2020-08-10,2020,Kharif,Cotton,Maharashtra,Nashik,Rainfed,1176.17,63.0,753.0,885.66
2024-11-04,2024,Zaid,Coconut,Tamil Nadu,Madurai,Tube Well,844.94,67.0,12622.0,10664.83
2021-05-19,2021,Kharif,Rice,Punjab,Ludhiana,Tube Well,361.26,198.0,5712.0,2063.52
2017-02-14,2017,Kharif,Rice,Chhattisgarh,Raipur,Rainfed,172.6,111.0,3894.0,672.1
2020-12-03,2020,Rabi,Pulses,Rajasthan,Udaipur,Rainfed,641.41,162.0,1066.0,683.74
2020-05-24,2020,Perennial,Apple,Himachal Pradesh,Mandi,Rainfed,397.17,168.0,16448.0,6532.65
2017-01-21,2017,Kharif,Cotton,Maharashtra,Mumbai,Drip,1019.1,97.0,1126.0,1147.51
2022-11-11,2022,Kharif,Oilseeds,Maharashtra,Pune,Rainfed,938.43,82.0,1154.0,1082.95
2021-12-07,2021,Kharif,Rice,Telangana,Nizamabad,Rainfed,247.81,91.0,3158.0,782.58
2021-02-25,2021,Rabi,Oilseeds,Gujarat,Vadodara,Tube Well,1018.42,165.0,1618.0,1647.8
2024-01-11,2024,Kharif,Pulses,Madhya Pradesh,Bhopal,Tube Well,122.88,176.0,1874.0,230.28
2020-10-21,2020,Rabi,Potato,Uttar Pradesh,Kanpur,Canal,531.53,155.0,35184.0,18701.35
2024-12-13,2024,Kharif,Oilseeds,Gujarat,Vadodara,Rainfed,422.3,116.0,1678.0,708.62
2025-03-30,2025,Kharif,Oilseeds,Madhya Pradesh,Bhopal,Rainfed,452.5,89.0,1578.0,714.04
2025-02-13,2025,Perennial,Tea,Assam,Cachar,Rainfed,376.12,114.0,1798.0,676.26
2021-02-12,2021,Kharif,Maize,Andhra Pradesh,Chittoor,Canal,557.17,187.0,6873.0,3829.43
2023-07-27,2023,Rabi,Pulses,Madhya Pradesh,Bhopal,Tube Well,447.32,179.0,1968.0,880.33
2019-12-05,2019,Kharif,Oilseeds,Gujarat,Rajkot,Rainfed,504.35,99.0,2010.0,1013.74
2020-11-01,2020,Rabi,Pulses,Maharashtra,Nashik,Tube Well,332.48,99.0,1083.0,360.08
2016-06-10,2016,Rabi,Potato,Uttar Pradesh,Lucknow,Canal,999.54,167.0,28854.0,28840.73
2020-03-12,2020,Kharif,Cotton,Telangana,Warangal,Canal,713.66,114.0,1616.0,1153.27
2016-11-11,2016,Kharif,Cotton,Andhra Pradesh,Visakhapatnam,Rainfed,580.01,136.0,1067.0,618.87
2021-09-05,2021,Kharif,Rice,Tamil Nadu,Chennai,Canal,717.94,113.0,3868.0,2776.99
2016-03-13,2016,Rabi,Oilseeds,Madhya Pradesh,Bhopal,Rainfed,432.94,86.0,2273.0,984.07
2016-03-25,2016,Zaid,Coconut,Tamil Nadu,Chennai,Tube Well,74.31,78.0,8063.0,599.16
2016-02-10,2016,Rabi,Oilseeds,Madhya Pradesh,Bhopal,Rainfed,344.24,71.0,1297.0,446.48
2021-06-02,2021,Rabi,Oilseeds,Rajasthan,Jaipur,Rainfed,16.8,52.0,2302.0,38.67
2025-08-10,2025,Kharif,Pulses,Madhya Pradesh,Bhopal,Rainfed,532.88,92.0,1026.0,546.73
2022-11-19,2022,Kharif,Cotton,Maharashtra,Pune,Drip,665.53,76.0,1429.0,951.04
2022-05-20,2022,Kharif,Pulses,Madhya Pradesh,Bhopal,Tube Well,110.2,89.0,1558.0,171.69
2022-06-02,2022,Kharif,Maize,Telangana,Hyderabad,Tube Well,492.55,61.0,6194.0,3050.85
2022-12-11,2022,Kharif,Pulses,Uttar Pradesh,Lucknow,Canal,1348.65,101.0,1470.0,1982.52
2024-02-28,2024,Rabi,Pulses,Rajasthan,Jodhpur,Rainfed,244.94,128.0,1647.0,403.42
2021-04-23,2021,Rabi,Potato,Bihar,Patna,Canal,982.55,192.0,21957.0,21573.85
2017-08-06,2017,Perennial,Tea,Assam,Kamrup,Rainfed,767.91,102.0,1026.0,787.88
2019-09-16,2019,Kharif,Maize,Telangana,Warangal,Tube Well,708.93,55.0,6323.0,4482.56
2025-03-07,2025,Rabi,Pulses,Rajasthan,Udaipur,Tube Well,571.52,104.0,2328.0,1330.5
2017-04-20,2017,Perennial,Apple,Jammu and Kashmir,Srinagar,Rainfed,170.11,173.0,15482.0,2633.64
2021-06-15,2021,Rabi,Pulses,Madhya Pradesh,Bhopal,Rainfed,328.01,101.0,837.0,274.54
2023-08-23,2023,Kharif,Pulses,Rajasthan,Udaipur,Rainfed,668.53,94.0,1677.0,1121.12
2015-12-11,2015,Kharif,Oilseeds,Rajasthan,Jaipur,Rainfed,262.68,188.0,3068.0,805.9
2017-06-11,2017,Kharif,Oilseeds,Madhya Pradesh,Bhopal,Tube Well,86.53,95.0,2035.0,176.09
2024-03-13,2024,Kharif,Cotton,Andhra Pradesh,Visakhapatnam,Canal,191.71,196.0,1204.0,230.82
2023-04-07,2023,Zaid,Coconut,Kerala,Kozhikode,Drip,571.22,175.0,11349.0,6482.78
2016-09-15,2016,Kharif,Pulses,Rajasthan,Udaipur,Tube Well,274.26,153.0,1842.0,505.19
2021-08-11,2021,Kharif,Pulses,Maharashtra,Nagpur,Drip,267.15,140.0,2679.0,715.69
2024-07-11,2024,Zaid,Coconut,Kerala,Ernakulam,Drip,652.89,84.0,9803.0,6400.28
2023-03-02,2023,Zaid,Coconut,Karnataka,Bangalore,Drip,542.65,160.0,9789.0,5312.0
2024-09-28,2024,Rabi,Wheat,Madhya Pradesh,Bhopal,Rainfed,458.44,102.0,2246.0,1029.66
2024-09-13,2024,Rabi,Potato,Uttar Pradesh,Lucknow,Tube Well,239.38,123.0,30966.0,7412.64
2015-07-08,2015,Kharif,Maize,Bihar,Gaya,Rainfed,200.83,66.0,3021.0,606.71
2020-01-24,2020,Kharif,Cotton,Gujarat,Rajkot,Rainfed,159.77,94.0,440.0,70.3
2016-09-13,2016,Kharif,Oilseeds,Maharashtra,Pune,Tube Well,673.76,129.0,3147.0,2120.32
2022-09-04,2022,Rabi,Oilseeds,Maharashtra,Pune,Drip,1010.6,120.0,3404.0,3440.08
2019-02-22,2019,Perennial,Coffee,Tamil Nadu,Madurai,Drip,808.19,102.0,965.0,779.9
2024-03-18,2024,Kharif,Rice,West Bengal,Kolkata,Rainfed,294.74,121.0,5007.0,1475.76
2018-08-09,2018,Rabi,Potato,Bihar,Muzaffarpur,Tube Well,853.03,162.0,36255.0,30926.6
2020-04-18,2020,Kharif,Pulses,Rajasthan,Jaipur,Rainfed,82.91,119.0,1663.0,137.88
2021-03-20,2021,Rabi,Pulses,Madhya Pradesh,Bhopal,Rainfed,100.1,126.0,1768.0,176.98
2015-09-11,2015,Kharif,Oilseeds,Maharashtra,Pune,Drip,1105.6,155.0,2758.0,3049.24
2020-02-29,2020,Kharif,Rice,Telangana,Hyderabad,Rainfed,227.53,176.0,3794.0,863.25
2019-10-02,2019,Perennial,Sugarcane,Maharashtra,Pune,Rainfed,923.47,129.0,97457.0,89998.62
2015-12-12,2015,Rabi,Wheat,Bihar,Patna,Canal,18.99,192.0,3160.0,60.01
2024-01-12,2024,Rabi,Wheat,Bihar,Purnia,Tube Well,102.67,103.0,4585.0,470.74
2024-03-23,2024,Kharif,Pulses,Uttar Pradesh,Lucknow,Rainfed,917.84,88.0,1295.0,1188.6
2021-03-14,2021,Kharif,Pulses,Madhya Pradesh,Bhopal,Tube Well,154.11,154.0,1885.0,290.5
2023-08-08,2023,Kharif,Cotton,Gujarat,Ahmedabad,Rainfed,43.57,76.0,625.0,27.23
2015-07-12,2015,Perennial,Tea,West Bengal,Howrah,Rainfed,518.97,185.0,2184.0,1133.43
2024-03-23,2024,Perennial,Sugarcane,Karnataka,Mysore,Drip,370.27,108.0,116878.0,43276.42
2018-09-27,2018,Rabi,Pulses,Maharashtra,Mumbai,Drip,1044.91,155.0,1502.0,1569.45
2022-05-24,2022,Kharif,Rice,Bihar,Purnia,Canal,820.64,136.0,5200.0,4267.33
2019-08-04,2019,Perennial,Apple,Himachal Pradesh,Shimla,Rainfed,311.07,58.0,8823.0,2744.57
2023-04-04,2023,Rabi,Pulses,Rajasthan,Jodhpur,Rainfed,212.19,156.0,1896.0,402.31
2022-05-27,2022,Rabi,Oilseeds,Gujarat,Vadodara,Rainfed,559.34,169.0,2329.0,1302.7
2016-04-21,2016,Kharif,Cotton,Telangana,Nizamabad,Tube Well,635.01,197.0,1107.0,702.96
2023-09-04,2023,Zaid,Coconut,Kerala,Kozhikode,Drip,64.75,112.0,11565.0,748.83
2018-11-25,2018,Rabi,Potato,Bihar,Gaya,Canal,339.17,125.0,27340.0,9272.91
2015-04-18,2015,Perennial,Coffee,Tamil Nadu,Coimbatore,Drip,906.38,181.0,2264.0,2052.04
2022-06-30,2022,Zaid,Coconut,Andhra Pradesh,Guntur,Rainfed,493.17,90.0,6313.0,3113.38
2021-06-07,2021,Kharif,Cotton,Gujarat,Ahmedabad,Tube Well,753.35,78.0,522.0,393.25
2018-03-02,2018,Zaid,Coconut,Andhra Pradesh,Krishna,Tube Well,124.64,70.0,11118.0,1385.75
2023-07-26,2023,Perennial,Tea,Assam,Kamrup,Rainfed,623.87,197.0,2219.0,1384.37
2023-06-04,2023,Kharif,Maize,Bihar,Patna,Rainfed,109.46,91.0,5580.0,610.79
2016-04-30,2016,Kharif,Cotton,Telangana,Warangal,Canal,776.76,164.0,728.0,565.48
2024-07-06,2024,Kharif,Pulses,Uttar Pradesh,Varanasi,Canal,168.84,117.0,1942.0,327.89
2021-02-24,2021,Rabi,Potato,Punjab,Amritsar,Canal,1337.43,86.0,16743.0,22392.59
2020-12-30,2020,Kharif,Cotton,Gujarat,Ahmedabad,Tube Well,442.89,187.0,1120.0,496.04
2018-01-12,2018,Rabi,Wheat,Punjab,Amritsar,Canal,940.55,120.0,4923.0,4630.33
2020-06-22,2020,Kharif,Cotton,Gujarat,Rajkot,Rainfed,1017.4,135.0,1143.0,1162.89
2017-02-05,2017,Perennial,Tea,Assam,Cachar,Rainfed,18.09,83.0,2159.0,39.06
2018-11-29,2018,Kharif,Cotton,Andhra Pradesh,Guntur,Canal,326.17,99.0,1104.0,360.09
2019-04-09,2019,Kharif,Cotton,Andhra Pradesh,Chittoor,Canal,1090.92,162.0,1332.0,1453.11
2022-02-23,2022,Rabi,Pulses,Maharashtra,Nagpur,Drip,510.75,101.0,2014.0,1028.65
2023-07-31,2023,Rabi,Potato,Uttar Pradesh,Lucknow,Rainfed,1062.5,126.0,22006.0,23381.38
2019-06-28,2019,Kharif,Oilseeds,Rajasthan,Jodhpur,Rainfed,106.61,67.0,2578.0,274.84
2015-07-04,2015,Kharif,Cotton,Maharashtra,Nagpur,Drip,885.1,178.0,891.0,788.62
2025-03-06,2025,Kharif,Maize,Bihar,Gaya,Rainfed,82.43,161.0,4747.0,391.3
2021-08-29,2021,Zaid,Coconut,Kerala,Thrissur,Rainfed,576.69,164.0,9815.0,5660.21
2017-06-14,2017,Zaid,Coconut,Andhra Pradesh,Chittoor,Canal,395.33,77.0,12803.0,5061.41
2024-11-22,2024,Rabi,Potato,Punjab,Ludhiana,Canal,704.11,124.0,34768.0,24480.5
2022-08-29,2022,Zaid,Coconut,Karnataka,Mysore,Drip,191.22,54.0,6222.0,1189.77
2020-09-14,2020,Zaid,Coconut,Karnataka,Bangalore,Canal,694.36,97.0,7582.0,5264.64
2019-11-26,2019,Kharif,Pulses,Uttar Pradesh,Kanpur,Canal,512.98,102.0,2509.0,1287.07
2024-11-21,2024,Perennial,Sugarcane,Tamil Nadu,Chennai,Tube Well,427.88,187.0,99445.0,42550.53
2017-01-08,2017,Perennial,Apple,Jammu and Kashmir,Srinagar,Rainfed,264.36,199.0,5873.0,1552.59
2019-06-29,2019,Kharif,Maize,Telangana,Hyderabad,Rainfed,169.19,143.0,3842.0,650.03
2023-01-21,2023,Kharif,Cotton,Gujarat,Surat,Rainfed,1023.89,128.0,1223.0,1252.22
2019-01-18,2019,Kharif,Maize,Telangana,Nizamabad,Tube Well,667.96,116.0,5115.0,3416.62
2020-07-29,2020,Kharif,Pulses,Uttar Pradesh,Lucknow,Canal,870.82,53.0,1855.0,1615.37
2023-02-01,2023,Zaid,Coconut,Kerala,Thrissur,Drip,111.38,170.0,15210.0,1694.09
2016-02-25,2016,Rabi,Pulses,Uttar Pradesh,Varanasi,Canal,1033.79,151.0,2273.0,2349.8
2024-02-20,2024,Zaid,Coconut,Kerala,Ernakulam,Drip,24.3,147.0,10478.0,254.62
2025-06-24,2025,Zaid,Coconut,Tamil Nadu,Chennai,Tube Well,886.79,171.0,10631.0,9427.46
2019-12-14,2019,Rabi,Oilseeds,Gujarat,Surat,Rainfed,371.52,189.0,3078.0,1143.54
2023-03-21,2023,Rabi,Oilseeds,Madhya Pradesh,Bhopal,Rainfed,102.6,108.0,2336.0,239.67
2022-02-14,2022,Kharif,Rice,Telangana,Hyderabad,Rainfed,156.4,114.0,2102.0,328.75
2023-10-01,2023,Kharif,Rice,Uttar Pradesh,Kanpur,Tube Well,1445.07,196.0,3878.0,5603.98
2021-05-26,2021,Rabi,Pulses,Rajasthan,Jodhpur,Tube Well,543.94,150.0,1578.0,858.34
2020-01-25,2020,Kharif,Cotton,Telangana,Hyderabad,Tube Well,221.71,178.0,1000.0,221.71
2020-09-05,2020,Kharif,Oilseeds,Madhya Pradesh,Bhopal,Rainfed,771.14,83.0,2066.0,1593.18
2019-05-30,2019,Perennial,Tea,West Bengal,Howrah,Canal,162.73,98.0,2038.0,331.64
2022-01-28,2022,Rabi,Potato,West Bengal,Kolkata,Rainfed,809.54,109.0,26665.0,21586.38
2023-07-25,2023,Kharif,Pulses,Maharashtra,Nagpur,Tube Well,857.19,98.0,1725.0,1478.65
2019-05-31,2019,Rabi,Oilseeds,Rajasthan,Jaipur,Tube Well,576.82,183.0,2918.0,1683.16
2022-01-30,2022,Zaid,Coconut,Andhra Pradesh,Krishna,Rainfed,464.22,127.0,7705.0,3576.82
2018-01-31,2018,Kharif,Cotton,Maharashtra,Pune,Tube Well,528.37,193.0,959.0,506.71
2021-01-16,2021,Kharif,Cotton,Gujarat,Vadodara,Tube Well,753.23,98.0,1235.0,930.24
2016-12-15,2016,Perennial,Apple,Himachal Pradesh,Mandi,Rainfed,205.12,56.0,6645.0,1363.02
2020-09-07,2020,Kharif,Rice,Odisha,Bhubaneswar,Canal,46.8,71.0,5087.0,238.07
2022-01-21,2022,Kharif,Oilseeds,Madhya Pradesh,Bhopal,Tube Well,586.47,83.0,2525.0,1480.84
2022-06-25,2022,Rabi,Potato,Uttar Pradesh,Lucknow,Canal,965.01,146.0,17230.0,16627.12
2017-06-21,2017,Zaid,Coconut,Karnataka,Bangalore,Tube Well,471.85,77.0,5023.0,2370.1
2025-08-20,2025,Kharif,Pulses,Madhya Pradesh,Bhopal,Tube Well,249.24,107.0,1285.0,320.27
2016-05-25,2016,Kharif,Oilseeds,Madhya Pradesh,Bhopal,Rainfed,263.37,169.0,2810.0,740.07
2021-07-02,2021,Kharif,Pulses,Maharashtra,Mumbai,Rainfed,965.93,69.0,1179.0,1138.83
2016-04-29,2016,Perennial,Tea,Kerala,Kozhikode,Drip,586.04,62.0,2825.0,1655.56
2019-04-29,2019,Kharif,Cotton,Maharashtra,Pune,Drip,1066.4,131.0,1164.0,1241.29
2021-07-12,2021,Rabi,Potato,Bihar,Purnia,Rainfed,764.56,155.0,11603.0,8871.19
2019-01-28,2019,Perennial,Apple,Jammu and Kashmir,Srinagar,Rainfed,305.6,187.0,15434.0,4716.63
2017-04-26,2017,Kharif,Maize,Madhya Pradesh,Bhopal,Rainfed,208.9,149.0,6263.0,1308.34
2021-01-13,2021,Perennial,Coffee,Karnataka,Hubli,Drip,120.76,192.0,922.0,111.34
2016-07-18,2016,Perennial,Sugarcane,Karnataka,Mysore,Canal,840.31,87.0,77866.0,65431.58
2020-01-06,2020,Perennial,Tea,Assam,Tinsukia,Rainfed,87.91,101.0,2056.0,180.74
2015-12-19,2015,Kharif,Rice,Chhattisgarh,Raipur,Rainfed,687.66,176.0,5624.0,3867.4
2019-02-11,2019,Rabi,Pulses,Uttar Pradesh,Lucknow,Canal,1313.88,172.0,2764.0,3631.56
2018-08-19,2018,Zaid,Coconut,Tamil Nadu,Madurai,Drip,591.47,150.0,7187.0,4250.89
2024-02-23,2024,Perennial,Tea,West Bengal,Kolkata,Rainfed,393.88,126.0,1981.0,780.28
2023-07-19,2023,Kharif,Maize,Telangana,Hyderabad,Rainfed,478.89,53.0,4523.0,2166.02
2019-03-09,2019,Zaid,Coconut,Tamil Nadu,Coimbatore,Canal,810.39,92.0,11768.0,9536.67
2015-08-13,2015,Kharif,Pulses,Rajasthan,Jaipur,Rainfed,531.87,74.0,1398.0,743.55
2015-09-04,2015,Kharif,Oilseeds,Rajasthan,Jodhpur,Rainfed,60.83,58.0,1449.0,88.14
2021-01-09,2021,Rabi,Oilseeds,Maharashtra,Nashik,Drip,1048.26,166.0,3599.0,3772.69
2015-08-20,2015,Zaid,Coconut,Tamil Nadu,Madurai,Canal,709.23,70.0,12265.0,8698.71
2021-02-04,2021,Rabi,Wheat,Bihar,Muzaffarpur,Tube Well,50.17,104.0,4016.0,201.48
2021-11-11,2021,Rabi,Oilseeds,Maharashtra,Pune,Tube Well,413.98,197.0,2968.0,1228.69
2023-11-29,2023,Perennial,Tea,Assam,Dibrugarh,Rainfed,413.41,111.0,1342.0,554.8
2024-09-15,2024,Kharif,Oilseeds,Madhya Pradesh,Bhopal,Tube Well,158.88,71.0,2504.0,397.84
2022-03-25,2022,Rabi,Pulses,Rajasthan,Udaipur,Tube Well,117.12,153.0,1323.0,154.95
2016-02-13,2016,Kharif,Pulses,Rajasthan,Jaipur,Tube Well,19.85,171.0,1267.0,25.15
2025-06-06,2025,Kharif,Maize,Karnataka,Bangalore,Canal,1003.59,92.0,6938.0,6962.91
2021-11-30,2021,Rabi,Wheat,Rajasthan,Jaipur,Tube Well,48.71,171.0,4788.0,233.22
2015-11-26,2015,Perennial,Coffee,Kerala,Ernakulam,Rainfed,299.15,91.0,1119.0,334.75
2019-04-08,2019,Rabi,Pulses,Uttar Pradesh,Lucknow,Canal,316.6,154.0,2774.0,878.25
2022-11-05,2022,Zaid,Coconut,Karnataka,Mysore,Tube Well,817.73,69.0,8411.0,6877.93
2023-10-24,2023,Kharif,Maize,Bihar,Purnia,Rainfed,710.11,114.0,4263.0,3027.2
2015-11-08,2015,Kharif,Rice,Bihar,Patna,Tube Well,808.16,128.0,4309.0,3482.36
2016-05-04,2016,Rabi,Wheat,Uttar Pradesh,Lucknow,Canal,929.04,159.0,4283.0,3979.08
2015-10-21,2015,Kharif,Maize,Maharashtra,Pune,Rainfed,773.23,148.0,4885.0,3777.23
2024-08-05,2024,Kharif,Maize,Karnataka,Bangalore,Drip,453.75,178.0,8374.0,3799.7
2023-12-03,2023,Rabi,Wheat,Rajasthan,Jaipur,Rainfed,449.09,78.0,2315.0,1039.64
2017-03-01,2017,Kharif,Pulses,Madhya Pradesh,Bhopal,Tube Well,101.01,149.0,1820.0,183.84
2025-09-05,2025,Kharif,Oilseeds,Madhya Pradesh,Bhopal,Tube Well,550.77,69.0,2400.0,1321.85
2021-07-06,2021,Rabi,Pulses,Maharashtra,Pune,Drip,144.03,122.0,1434.0,206.54
2024-11-30,2024,Rabi,Potato,Uttar Pradesh,Lucknow,Tube Well,1293.99,129.0,32013.0,41424.5
2024-09-28,2024,Perennial,Sugarcane,Maharashtra,Nagpur,Drip,662.33,54.0,66545.0,44074.75
2016-05-20,2016,Rabi,Pulses,Uttar Pradesh,Varanasi,Rainfed,800.23,61.0,1383.0,1106.72
2024-04-19,2024,Rabi,Potato,Punjab,Ludhiana,Tube Well,881.44,176.0,20219.0,17821.84
2019-06-03,2019,Perennial,Coffee,Kerala,Thrissur,Drip,623.08,93.0,690.0,429.93
2022-08-08,2022,Zaid,Coconut,Andhra Pradesh,Visakhapatnam,Tube Well,579.38,102.0,8286.0,4800.74
2024-01-30,2024,Kharif,Oilseeds,Gujarat,Ahmedabad,Tube Well,518.83,146.0,2547.0,1321.46
2023-11-05,2023,Kharif,Pulses,Rajasthan,Jodhpur,Tube Well,208.95,83.0,2183.0,456.14
2017-02-14,2017,Rabi,Pulses,Madhya Pradesh,Bhopal,Tube Well,111.15,79.0,1569.0,174.39
2025-03-03,2025,Rabi,Potato,West Bengal,Darjeeling,Canal,217.47,113.0,38251.0,8318.44
2021-06-23,2021,Zaid,Coconut,Andhra Pradesh,Visakhapatnam,Tube Well,10.63,59.0,12574.0,133.66
2020-12-01,2020,Zaid,Coconut,Tamil Nadu,Coimbatore,Tube Well,957.67,188.0,8132.0,7787.77
2018-04-29,2018,Rabi,Wheat,Bihar,Gaya,Canal,767.31,191.0,3556.0,2728.55
2019-04-21,2019,Perennial,Sugarcane,Uttar Pradesh,Kanpur,Rainfed,335.84,117.0,63473.0,21316.77
2018-08-26,2018,Rabi,Oilseeds,Maharashtra,Nagpur,Drip,13.08,81.0,2282.0,29.85
2024-11-08,2024,Kharif,Maize,Telangana,Hyderabad,Tube Well,447.98,121.0,6239.0,2794.95
2022-02-14,2022,Perennial,Apple,Himachal Pradesh,Mandi,Rainfed,212.16,65.0,5785.0,1227.35
2018-05-09,2018,Kharif,Rice,Punjab,Patiala,Tube Well,1166.25,110.0,4632.0,5402.07
2021-01-27,2021,Zaid,Coconut,Tamil Nadu,Chennai,Tube Well,449.16,61.0,10162.0,4564.36
2021-01-02,2021,Perennial,Apple,Jammu and Kashmir,Srinagar,Rainfed,347.0,156.0,12663.0,4394.06
2016-06-17,2016,Rabi,Potato,Bihar,Muzaffarpur,Tube Well,104.88,91.0,26133.0,2740.83
2020-08-12,2020,Rabi,Pulses,Rajasthan,Jaipur,Tube Well,262.44,128.0,2380.0,624.61
2022-10-19,2022,Rabi,Oilseeds,Maharashtra,Pune,Tube Well,1214.78,52.0,2636.0,3202.16
2019-01-20,2019,Kharif,Cotton,Gujarat,Rajkot,Rainfed,23.96,129.0,1188.0,28.46
2025-04-22,2025,Kharif,Pulses,Maharashtra,Pune,Rainfed,514.12,50.0,1477.0,759.36
2017-02-03,2017,Rabi,Oilseeds,Rajasthan,Jaipur,Rainfed,189.2,189.0,2153.0,407.35
2017-05-15,2017,Zaid,Coconut,Andhra Pradesh,Guntur,Tube Well,642.91,125.0,7508.0,4826.97
2021-02-13,2021,Rabi,Wheat,Punjab,Amritsar,Canal,425.36,65.0,2498.0,1062.55
2021-08-21,2021,Kharif,Maize,Maharashtra,Nagpur,Tube Well,1132.18,101.0,4146.0,4694.02
2015-12-29,2015,Rabi,Wheat,Rajasthan,Jaipur,Rainfed,656.63,57.0,2171.0,1425.54
2018-03-04,2018,Zaid,Coconut,Karnataka,Bangalore,Drip,935.56,130.0,8311.0,7775.44
2022-08-11,2022,Rabi,Oilseeds,Maharashtra,Nashik,Tube Well,524.15,68.0,2960.0,1551.48
2017-10-28,2017,Rabi,Potato,Punjab,Ludhiana,Tube Well,1485.0,121.0,23273.0,34560.4
2018-04-29,2018,Zaid,Coconut,Andhra Pradesh,Visakhapatnam,Rainfed,884.69,96.0,6483.0,5735.45
2023-12-28,2023,Rabi,Oilseeds,Maharashtra,Pune,Rainfed,468.74,164.0,1221.0,572.33
2017-03-12,2017,Rabi,Potato,Uttar Pradesh,Kanpur,Tube Well,149.6,122.0,27329.0,4088.42
2022-11-03,2022,Perennial,Sugarcane,Tamil Nadu,Coimbatore,Canal,737.08,177.0,121355.0,89448.34
2017-11-26,2017,Kharif,Oilseeds,Gujarat,Surat,Rainfed,877.0,191.0,3180.0,2788.86
2025-01-12,2025,Perennial,Tea,West Bengal,Howrah,Rainfed,143.48,195.0,2037.0,292.27
2019-01-19,2019,Kharif,Cotton,Gujarat,Ahmedabad,Tube Well,664.19,89.0,504.0,334.75
2021-03-15,2021,Kharif,Oilseeds,Maharashtra,Mumbai,Tube Well,1283.34,165.0,1599.0,2052.06
2015-08-18,2015,Perennial,Sugarcane,Tamil Nadu,Coimbatore,Drip,365.6,116.0,89924.0,32876.21
2023-09-17,2023,Kharif,Cotton,Maharashtra,Pune,Rainfed,399.44,114.0,519.0,207.31
2016-01-27,2016,Zaid,Coconut,Tamil Nadu,Coimbatore,Canal,994.6,180.0,15369.0,15286.01
2021-05-13,2021,Perennial,Apple,Jammu and Kashmir,Srinagar,Rainfed,55.79,72.0,5711.0,318.62
2020-03-11,2020,Perennial,Coffee,Kerala,Ernakulam,Rainfed,747.49,122.0,680.0,508.29
2019-05-27,2019,Perennial,Apple,Jammu and Kashmir,Srinagar,Rainfed,314.0,139.0,12370.0,3884.18
2017-05-21,2017,Kharif,Rice,West Bengal,Kolkata,Rainfed,436.02,60.0,2496.0,1088.31
2021-02-28,2021,Zaid,Coconut,Andhra Pradesh,Guntur,Tube Well,109.42,180.0,17030.0,1863.42
2018-11-26,2018,Kharif,Pulses,Madhya Pradesh,Bhopal,Rainfed,25.15,97.0,1808.0,45.47
2017-09-21,2017,Rabi,Oilseeds,Maharashtra,Nashik,Rainfed,494.82,149.0,2684.0,1328.1
2023-08-18,2023,Perennial,Apple,Jammu and Kashmir,Srinagar,Rainfed,285.09,189.0,9698.0,2764.8
2015-07-27,2015,Kharif,Pulses,Madhya Pradesh,Bhopal,Rainfed,395.15,158.0,950.0,375.39
2025-03-30,2025,Rabi,Oilseeds,Gujarat,Vadodara,Rainfed,889.0,183.0,1906.0,1694.43
2022-04-13,2022,Rabi,Oilseeds,Gujarat,Ahmedabad,Rainfed,807.98,60.0,1610.0,1300.85
2021-11-30,2021,Rabi,Pulses,Maharashtra,Nagpur,Drip,749.05,124.0,1367.0,1023.95
2019-01-25,2019,Perennial,Tea,Kerala,Thrissur,Rainfed,774.32,135.0,1244.0,963.25
2017-06-19,2017,Kharif,Cotton,Andhra Pradesh,Chittoor,Canal,876.78,153.0,1352.0,1185.41
2024-03-09,2024,Rabi,Wheat,Haryana,Karnal,Canal,1281.31,68.0,3064.0,3925.93
2016-11-08,2016,Perennial,Coffee,Kerala,Thrissur,Drip,201.31,149.0,1764.0,355.11
2017-05-13,2017,Rabi,Wheat,Bihar,Muzaffarpur,Canal,716.5,72.0,3879.0,2779.3
2019-12-19,2019,Kharif,Maize,Bihar,Purnia,Rainfed,601.82,60.0,5237.0,3151.73
2020-07-01,2020,Rabi,Wheat,Uttar Pradesh,Kanpur,Rainfed,1387.2,120.0,3688.0,5115.99
2024-11-05,2024,Kharif,Oilseeds,Rajasthan,Jodhpur,Rainfed,362.21,140.0,1384.0,501.3
2020-10-30,2020,Kharif,Cotton,Telangana,Warangal,Tube Well,258.88,194.0,1315.0,340.43
2015-12-15,2015,Perennial,Tea,Assam,Tinsukia,Rainfed,314.02,155.0,2156.0,677.03
2018-10-26,2018,Rabi,Oilseeds,Gujarat,Vadodara,Tube Well,270.41,139.0,3690.0,997.81
2021-07-05,2021,Perennial,Apple,Himachal Pradesh,Shimla,Rainfed,117.79,82.0,10926.0,1286.97
2025-09-28,2025,Perennial,Tea,Kerala,Ernakulam,Rainfed,381.63,73.0,1140.0,435.06
2021-12-20,2021,Rabi,Oilseeds,Madhya Pradesh,Bhopal,Rainfed,715.13,141.0,1614.0,1154.22
2018-08-22,2018,Kharif,Rice,Assam,Tinsukia,Rainfed,161.58,83.0,3754.0,606.57
2024-09-05,2024,Rabi,Potato,Punjab,Amritsar,Canal,438.93,156.0,41071.0,18027.29
2020-02-14,2020,Kharif,Cotton,Andhra Pradesh,Guntur,Tube Well,1025.06,67.0,1324.0,1357.18
2021-05-02,2021,Perennial,Sugarcane,Uttar Pradesh,Varanasi,Tube Well,515.49,101.0,86125.0,44396.58
2021-06-24,2021,Kharif,Maize,Bihar,Gaya,Rainfed,962.79,166.0,6090.0,5863.39
2021-06-01,2021,Kharif,Oilseeds,Maharashtra,Nagpur,Tube Well,356.91,175.0,2907.0,1037.54
2021-12-12,2021,Rabi,Potato,Punjab,Patiala,Tube Well,668.79,102.0,24487.0,16376.66
2017-11-02,2017,Kharif,Maize,Maharashtra,Nagpur,Drip,133.34,81.0,5380.0,717.37
2017-10-12,2017,Kharif,Cotton,Gujarat,Rajkot,Rainfed,1190.69,194.0,1093.0,1301.42
2023-07-23,2023,Rabi,Wheat,Bihar,Gaya,Tube Well,891.24,164.0,4518.0,4026.62
2024-12-24,2024,Kharif,Cotton,Gujarat,Ahmedabad,Tube Well,982.9,171.0,999.0,981.92
2023-10-11,2023,Kharif,Cotton,Maharashtra,Nagpur,Rainfed,212.97,83.0,969.0,206.37
2017-07-25,2017,Kharif,Pulses,Maharashtra,Pune,Rainfed,1260.47,114.0,1274.0,1605.84
2016-05-30,2016,Zaid,Coconut,Andhra Pradesh,Krishna,Rainfed,1115.69,60.0,7964.0,8885.36
2016-10-10,2016,Rabi,Oilseeds,Gujarat,Surat,Tube Well,528.45,66.0,2118.0,1119.26
2023-06-14,2023,Rabi,Pulses,Maharashtra,Nashik,Rainfed,889.31,83.0,902.0,802.16
2017-05-07,2017,Rabi,Pulses,Maharashtra,Nagpur,Rainfed,1290.27,95.0,975.0,1258.01
2018-03-17,2018,Kharif,Pulses,Maharashtra,Nagpur,Drip,538.57,200.0,2581.0,1390.05
2024-10-27,2024,Perennial,Coffee,Karnataka,Bangalore,Drip,133.22,113.0,1846.0,245.92
2017-07-27,2017,Kharif,Pulses,Maharashtra,Nashik,Drip,1129.43,155.0,2060.0,2326.63
2020-10-24,2020,Rabi,Wheat,Punjab,Amritsar,Canal,719.96,186.0,4047.0,2913.68
2023-03-03,2023,Perennial,Tea,Assam,Kamrup,Rainfed,789.71,87.0,1454.0,1148.24
2016-12-05,2016,Perennial,Sugarcane,Maharashtra,Mumbai,Tube Well,720.65,72.0,95907.0,69115.38
2018-07-02,2018,Kharif,Rice,Chhattisgarh,Raipur,Rainfed,30.34,86.0,3283.0,99.61
2021-09-11,2021,Kharif,Rice,Tamil Nadu,Chennai,Drip,545.98,182.0,3164.0,1727.48
2017-05-20,2017,Zaid,Coconut,Andhra Pradesh,Visakhapatnam,Canal,864.49,150.0,14647.0,12662.19
2023-11-20,2023,Kharif,Oilseeds,Gujarat,Rajkot,Rainfed,40.98,118.0,1313.0,53.81
2017-08-10,2017,Perennial,Coffee,Karnataka,Hubli,Tube Well,460.66,173.0,1683.0,775.29
2017-05-23,2017,Zaid,Coconut,Kerala,Thrissur,Drip,132.89,86.0,9050.0,1202.65
2019-05-27,2019,Zaid,Coconut,Karnataka,Mysore,Drip,710.98,86.0,11556.0,8216.08
2015-10-22,2015,Kharif,Oilseeds,Madhya Pradesh,Bhopal,Rainfed,766.3,135.0,2854.0,2187.02
2022-10-07,2022,Zaid,Coconut,Karnataka,Bangalore,Drip,690.8,169.0,8100.0,5595.48
2018-03-12,2018,Rabi,Wheat,Haryana,Gurgaon,Tube Well,975.88,89.0,4407.0,4300.7
2025-06-22,2025,Perennial,Tea,West Bengal,Howrah,Canal,442.25,82.0,1350.0,597.04
2018-09-29,2018,Kharif,Maize,Madhya Pradesh,Bhopal,Rainfed,454.88,121.0,5924.0,2694.71
2022-04-17,2022,Kharif,Maize,Madhya Pradesh,Bhopal,Rainfed,439.65,70.0,3374.0,1483.38
2020-05-12,2020,Kharif,Cotton,Gujarat,Rajkot,Rainfed,913.93,162.0,1141.0,1042.79
2016-06-09,2016,Kharif,Pulses,Uttar Pradesh,Kanpur,Canal,1286.8,137.0,1241.0,1596.92
2017-09-07,2017,Rabi,Pulses,Maharashtra,Nagpur,Rainfed,865.12,127.0,1238.0,1071.02
2022-07-02,2022,Perennial,Coffee,Kerala,Ernakulam,Drip,784.05,181.0,1788.0,1401.88
2022-09-28,2022,Kharif,Maize,Madhya Pradesh,Bhopal,Tube Well,664.35,160.0,6982.0,4638.49
2018-07-13,2018,Perennial,Coffee,Tamil Nadu,Coimbatore,Canal,145.86,72.0,1502.0,219.08
2024-11-09,2024,Kharif,Oilseeds,Maharashtra,Nashik,Tube Well,664.64,113.0,2204.0,1464.87
2025-04-30,2025,Kharif,Cotton,Gujarat,Rajkot,Tube Well,1084.85,98.0,1176.0,1275.78
2016-12-07,2016,Kharif,Maize,Andhra Pradesh,Guntur,Tube Well,1133.28,170.0,6111.0,6925.47
2017-10-10,2017,Kharif,Pulses,Maharashtra,Nagpur,Rainfed,500.47,158.0,1619.0,810.26
2020-10-22,2020,Perennial,Apple,Jammu and Kashmir,Srinagar,Rainfed,293.02,121.0,10763.0,3153.77
2022-03-21,2022,Kharif,Maize,Telangana,Nizamabad,Tube Well,375.39,174.0,5030.0,1888.21
2018-03-30,2018,Rabi,Wheat,Uttar Pradesh,Varanasi,Tube Well,194.25,112.0,4774.0,927.35
2022-01-21,2022,Rabi,Pulses,Uttar Pradesh,Kanpur,Rainfed,1328.07,171.0,2057.0,2731.84
2020-01-17,2020,Perennial,Apple,Jammu and Kashmir,Srinagar,Rainfed,373.46,55.0,6397.0,2389.02
2021-11-11,2021,Kharif,Rice,Andhra Pradesh,Krishna,Canal,610.65,70.0,4056.0,2476.8
2018-01-21,2018,Kharif,Rice,Tamil Nadu,Coimbatore,Canal,29.96,163.0,4994.0,149.62
2021-12-21,2021,Kharif,Cotton,Gujarat,Rajkot,Tube Well,981.08,67.0,998.0,979.12
2017-02-18,2017,Rabi,Wheat,Bihar,Muzaffarpur,Canal,482.19,153.0,2959.0,1426.8
2019-01-29,2019,Kharif,Maize,Andhra Pradesh,Guntur,Canal,99.28,159.0,7712.0,765.65
2016-06-08,2016,Perennial,Apple,Himachal Pradesh,Kangra,Rainfed,102.8,149.0,14685.0,1509.62
2019-10-19,2019,Rabi,Wheat,Haryana,Hisar,Canal,221.45,173.0,3416.0,756.47
2022-11-15,2022,Rabi,Oilseeds,Rajasthan,Udaipur,Tube Well,483.53,127.0,3707.0,1792.45
2017-05-15,2017,Rabi,Pulses,Uttar Pradesh,Varanasi,Canal,456.12,185.0,2775.0,1265.73
2024-07-03,2024,Kharif,Maize,Maharashtra,Pune,Tube Well,174.72,135.0,6225.0,1087.63
2017-05-22,2017,Rabi,Wheat,Bihar,Gaya,Tube Well,918.47,126.0,3378.0,3102.59
2018-04-20,2018,Perennial,Sugarcane,Karnataka,Belgaum,Canal,1052.62,126.0,83462.0,87853.77
2025-07-14,2025,Perennial,Sugarcane,Karnataka,Hubli,Drip,161.05,187.0,118572.0,19096.02
2015-04-16,2015,Perennial,Coffee,Kerala,Ernakulam,Drip,191.89,87.0,1352.0,259.44
2021-02-16,2021,Perennial,Sugarcane,Tamil Nadu,Chennai,Tube Well,655.41,154.0,114739.0,75201.09
2018-08-04,2018,Kharif,Pulses,Uttar Pradesh,Varanasi,Rainfed,234.26,86.0,1700.0,398.24
2017-04-30,2017,Kharif,Cotton,Maharashtra,Mumbai,Rainfed,214.58,64.0,1062.0,227.88
2018-07-18,2018,Kharif,Oilseeds,Gujarat,Ahmedabad,Rainfed,410.53,193.0,3001.0,1232.0
2023-04-18,2023,Kharif,Rice,Tamil Nadu,Chennai,Canal,1044.6,69.0,5888.0,6150.6
2015-08-11,2015,Kharif,Rice,Punjab,Amritsar,Canal,1444.04,153.0,5062.0,7309.73
2017-11-24,2017,Rabi,Potato,Punjab,Patiala,Canal,1264.26,114.0,14589.0,18444.29
2024-08-07,2024,Rabi,Pulses,Maharashtra,Nashik,Tube Well,907.47,176.0,1241.0,1126.17
2021-11-09,2021,Perennial,Apple,Jammu and Kashmir,Srinagar,Rainfed,291.06,166.0,8521.0,2480.12
2017-08-21,2017,Zaid,Coconut,Karnataka,Hubli,Tube Well,521.83,72.0,10700.0,5583.58
2021-12-01,2021,Perennial,Tea,Kerala,Thrissur,Drip,428.82,120.0,2142.0,918.53
2015-07-22,2015,Kharif,Cotton,Telangana,Warangal,Tube Well,574.66,54.0,618.0,355.14
2018-02-28,2018,Kharif,Rice,Bihar,Muzaffarpur,Rainfed,733.97,114.0,4621.0,3391.68
2023-01-04,2023,Rabi,Pulses,Rajasthan,Jaipur,Tube Well,76.82,155.0,2758.0,211.87
2024-02-24,2024,Kharif,Rice,Chhattisgarh,Raipur,Rainfed,165.17,85.0,1974.0,326.05
2018-12-09,2018,Kharif,Oilseeds,Gujarat,Surat,Tube Well,1155.9,172.0,1686.0,1948.85
2018-11-14,2018,Kharif,Pulses,Madhya Pradesh,Bhopal,Tube Well,274.76,58.0,1635.0,449.23
2024-10-13,2024,Kharif,Pulses,Rajasthan,Jaipur,Rainfed,195.25,55.0,1096.0,213.99
2023-11-19,2023,Rabi,Pulses,Madhya Pradesh,Bhopal,Rainfed,343.31,54.0,1577.0,541.4
2022-02-19,2022,Rabi,Potato,Bihar,Patna,Tube Well,298.01,92.0,28779.0,8576.43
2017-09-15,2017,Rabi,Wheat,Bihar,Purnia,Canal,100.27,120.0,2923.0,293.09
2025-02-01,2025,Rabi,Oilseeds,Gujarat,Ahmedabad,Rainfed,257.47,66.0,1941.0,499.75
2020-04-07,2020,Kharif,Maize,Bihar,Purnia,Tube Well,643.76,200.0,5994.0,3858.7
2019-11-17,2019,Kharif,Oilseeds,Maharashtra,Nashik,Rainfed,297.91,200.0,3428.0,1021.24
2025-03-06,2025,Kharif,Maize,Andhra Pradesh,Krishna,Tube Well,780.72,128.0,5884.0,4593.76
2021-03-05,2021,Kharif,Cotton,Gujarat,Ahmedabad,Rainfed,129.1,135.0,1203.0,155.31
2017-10-05,2017,Zaid,Coconut,Tamil Nadu,Coimbatore,Drip,55.65,189.0,6776.0,377.08
2024-09-03,2024,Zaid,Coconut,Kerala,Thrissur,Drip,690.64,165.0,7420.0,5124.55
2024-06-04,2024,Rabi,Wheat,Uttar Pradesh,Kanpur,Canal,1142.44,75.0,3493.0,3990.54
2023-12-13,2023,Kharif,Rice,Odisha,Bhubaneswar,Canal,602.76,169.0,6924.0,4173.51
2023-02-05,2023,Rabi,Oilseeds,Madhya Pradesh,Bhopal,Tube Well,34.41,85.0,2571.0,88.47
2020-05-31,2020,Rabi,Oilseeds,Madhya Pradesh,Bhopal,Rainfed,199.09,115.0,2693.0,536.15
2022-06-13,2022,Rabi,Potato,Punjab,Patiala,Tube Well,1220.35,130.0,20905.0,25511.42
2022-01-27,2022,Rabi,Wheat,Madhya Pradesh,Bhopal,Tube Well,124.29,158.0,3109.0,386.42
2019-09-26,2019,Rabi,Oilseeds,Gujarat,Rajkot,Rainfed,977.3,73.0,1405.0,1373.11
2023-12-04,2023,Rabi,Oilseeds,Maharashtra,Nashik,Rainfed,763.66,61.0,2107.0,1609.03
2019-07-02,2019,Zaid,Coconut,Karnataka,Mysore,Canal,817.0,180.0,16589.0,13553.21
2018-04-12,2018,Kharif,Oilseeds,Maharashtra,Nashik,Rainfed,841.41,174.0,2145.0,1804.82
2022-05-04,2022,Zaid,Coconut,Karnataka,Hubli,Canal,464.52,128.0,7697.0,3575.41
2018-12-12,2018,Kharif,Pulses,Rajasthan,Udaipur,Tube Well,211.46,149.0,2156.0,455.91
2023-04-28,2023,Kharif,Pulses,Madhya Pradesh,Bhopal,Rainfed,541.46,158.0,1134.0,614.02
2020-12-05,2020,Perennial,Apple,Himachal Pradesh,Shimla,Rainfed,405.39,121.0,11000.0,4459.29
2019-06-12,2019,Perennial,Coffee,Tamil Nadu,Chennai,Tube Well,58.76,89.0,747.0,43.89
2025-06-20,2025,Kharif,Cotton,Telangana,Nizamabad,Rainfed,348.12,122.0,1080.0,375.97
2024-05-23,2024,Rabi,Wheat,Bihar,Muzaffarpur,Rainfed,357.22,193.0,4179.0,1492.82
2018-08-20,2018,Kharif,Oilseeds,Maharashtra,Nashik,Tube Well,731.72,176.0,2998.0,2193.7
2024-11-23,2024,Rabi,Wheat,Haryana,Gurgaon,Tube Well,168.36,120.0,2722.0,458.28
2024-02-19,2024,Perennial,Sugarcane,Maharashtra,Nashik,Rainfed,1214.11,84.0,61526.0,74699.33
2021-05-04,2021,Perennial,Tea,Assam,Cachar,Rainfed,443.32,183.0,1376.0,610.01
2021-09-30,2021,Rabi,Wheat,Uttar Pradesh,Varanasi,Rainfed,1386.39,146.0,3269.0,4532.11
2021-06-22,2021,Kharif,Oilseeds,Maharashtra,Nashik,Rainfed,1063.85,111.0,1215.0,1292.58
2023-04-08,2023,Rabi,Pulses,Maharashtra,Pune,Tube Well,257.21,67.0,2192.0,563.8
2018-03-28,2018,Kharif,Maize,Karnataka,Bangalore,Canal,154.25,163.0,8166.0,1259.61
2022-07-24,2022,Perennial,Coffee,Tamil Nadu,Coimbatore,Canal,948.76,98.0,863.0,818.78
2024-01-02,2024,Perennial,Apple,Jammu and Kashmir,Srinagar,Rainfed,219.08,141.0,12711.0,2784.73
2017-01-04,2017,Rabi,Oilseeds,Gujarat,Ahmedabad,Tube Well,33.49,135.0,3220.0,107.84
2019-01-06,2019,Kharif,Cotton,Gujarat,Vadodara,Tube Well,1121.73,155.0,998.0,1119.49
2017-11-09,2017,Kharif,Oilseeds,Maharashtra,Nagpur,Drip,620.21,131.0,1897.0,1176.54
2018-05-09,2018,Kharif,Maize,Telangana,Nizamabad,Rainfed,277.83,145.0,3637.0,1010.47
2015-04-17,2015,Perennial,Apple,Jammu and Kashmir,Srinagar,Rainfed,211.47,62.0,11423.0,2415.62
2024-04-07,2024,Rabi,Potato,Punjab,Ludhiana,Canal,1236.15,150.0,20741.0,25638.99
2017-06-14,2017,Kharif,Maize,Madhya Pradesh,Bhopal,Tube Well,97.13,79.0,5853.0,568.5
2023-05-10,2023,Rabi,Wheat,Bihar,Purnia,Rainfed,365.34,109.0,3755.0,1371.85
2019-01-19,2019,Perennial,Coffee,Tamil Nadu,Chennai,Canal,357.56,127.0,1514.0,541.35
2021-11-26,2021,Kharif,Oilseeds,Gujarat,Surat,Tube Well,1009.18,153.0,4088.0,4125.53
2021-06-14,2021,Perennial,Apple,Himachal Pradesh,Kangra,Rainfed,391.45,161.0,12598.0,4931.49
2022-12-07,2022,Perennial,Tea,Assam,Tinsukia,Rainfed,326.08,156.0,1606.0,523.68
2016-09-13,2016,Perennial,Tea,West Bengal,Howrah,Canal,734.29,64.0,2811.0,2064.09
2018-02-19,2018,Kharif,Maize,Madhya Pradesh,Bhopal,Tube Well,321.61,108.0,5047.0,1623.17
2015-10-23,2015,Kharif,Rice,Chhattisgarh,Raipur,Rainfed,404.21,92.0,4795.0,1938.19
