Date,State,District,Min_Temp,Max_Temp,Avg_Temp,Rainfall,Humidity,Wind_Speed,Solar_Radiation
2023-09-10,Jharkhand,Ranchi,20.9,28.6,24.8,20.3,55.2,19.1,21.5
2024-08-08,Kerala,Ernakulam,23.5,29.9,26.7,137.3,78.5,22.3,23.1
2017-05-10,Bihar,Gaya,20.8,39.3,30.0,52.3,66.9,7.7,29.9
2018-07-18,Dadra and Nagar Haveli and Daman and Diu,Daman,15.5,27.3,21.4,244.2,58.4,8.9,29.1
2018-02-04,Nagaland,Kohima,18.2,34.1,26.2,45.1,42.8,13.3,25.8
2017-12-31,Meghalaya,Shillong,13.2,26.1,19.6,37.2,64.9,8.9,25.8
2025-04-30,Ladakh,Leh,13.6,25.9,19.8,13.6,41.5,9.8,27.7
2023-06-20,Tripura,Agartala,16.1,34.5,25.3,166.2,62.1,22.1,34.2
2019-06-27,Tamil Nadu,Chennai,27.1,32.7,29.9,268.3,78.3,20.5,30.8
2020-12-09,Kerala,Thrissur,22.1,34.8,28.4,84.0,71.8,10.9,24.2
2016-04-11,Puducherry,Puducherry,13.6,24.0,18.8,74.0,54.7,12.9,33.5
2018-05-23,Ladakh,Leh,17.9,26.8,22.4,41.7,44.6,7.0,31.9
2015-11-27,Assam,Cachar,23.8,33.3,28.6,34.3,74.1,5.0,25.1
2019-01-22,Himachal Pradesh,Kangra,3.9,27.2,15.6,16.8,40.1,11.8,21.6
2020-11-05,Nagaland,Kohima,21.1,34.3,27.7,7.9,55.8,20.0,27.3
2024-06-06,Jammu and Kashmir,Srinagar,19.1,25.1,22.1,97.6,46.2,12.5,32.2
2023-09-07,Puducherry,Puducherry,12.5,26.7,19.6,95.4,73.2,8.1,22.2
2022-12-29,Maharashtra,Nagpur,25.3,31.2,28.2,63.6,59.6,17.8,26.3
2025-03-24,Bihar,Patna,22.1,39.4,30.8,73.9,66.1,12.8,26.1
2015-05-11,Andaman and Nicobar Islands,Port Blair,15.7,34.8,25.2,54.4,51.6,5.9,25.4
2019-08-13,Manipur,Imphal,13.1,22.0,17.6,136.2,48.6,17.5,22.1
2024-04-03,West Bengal,Darjeeling,13.4,27.6,20.5,112.2,68.7,11.2,30.8
2017-02-08,Meghalaya,Shillong,13.9,24.6,19.2,20.0,62.9,15.5,26.7
2021-07-19,Kerala,Kozhikode,22.8,33.4,28.1,228.0,64.5,13.2,26.0
2019-02-24,Chhattisgarh,Raipur,12.1,28.7,20.4,65.4,51.7,11.8,22.3
2024-07-17,Puducherry,Puducherry,15.4,20.7,18.0,287.1,56.6,19.8,21.4
2022-10-24,Andhra Pradesh,Krishna,28.1,39.0,33.6,56.5,77.1,7.5,24.8
2021-08-30,Lakshadweep,Kavaratti,19.3,30.7,25.0,261.1,48.6,10.6,22.5
2018-04-30,Uttar Pradesh,Lucknow,29.1,41.5,35.3,36.3,55.1,14.1,31.2
2017-08-13,Mizoram,Aizawl,12.6,29.5,21.0,146.7,60.7,8.5,27.6
2021-05-13,Uttarakhand,Dehradun,22.5,32.1,27.3,57.4,60.9,14.3,28.9
2018-03-30,Telangana,Warangal,27.5,36.0,31.8,54.2,64.9,15.5,27.9
2016-04-04,Jammu and Kashmir,Srinagar,10.3,27.3,18.8,42.3,78.3,16.3,26.7
2024-04-08,Uttar Pradesh,Lucknow,27.4,37.7,32.6,59.1,65.9,6.3,28.9
2015-01-22,Tamil Nadu,Madurai,24.1,36.6,30.4,75.6,62.9,14.8,25.8
2021-04-19,Sikkim,Gangtok,11.9,21.2,16.6,28.9,47.8,7.3,25.6
2017-01-17,Bihar,Patna,27.2,34.5,30.8,28.9,48.2,12.1,25.1
2022-12-14,Himachal Pradesh,Kangra,4.2,21.9,13.0,57.0,55.0,13.8,25.0
2024-12-11,Bihar,Muzaffarpur,12.3,33.9,23.1,62.1,66.0,9.9,29.3
2016-04-19,Gujarat,Rajkot,22.7,31.5,27.1,23.4,57.7,17.7,28.6
2017-12-18,Tamil Nadu,Chennai,21.9,33.9,27.9,92.9,56.4,17.0,24.8
2022-01-02,Arunachal Pradesh,Itanagar,22.0,31.0,26.5,31.4,67.9,18.5,23.2
2025-04-11,Telangana,Hyderabad,23.5,31.1,27.3,21.9,71.1,8.0,32.9
2020-08-09,Dadra and Nagar Haveli and Daman and Diu,Daman,16.4,34.9,25.6,75.3,43.7,9.1,28.4
2024-09-17,Dadra and Nagar Haveli and Daman and Diu,Daman,16.6,21.6,19.1,264.9,75.1,20.1,22.5
2022-07-10,Puducherry,Puducherry,15.6,31.3,23.4,157.0,46.2,11.6,29.7
2017-09-02,Telangana,Hyderabad,19.8,35.8,27.8,164.3,69.9,17.9,24.4
2019-12-12,Uttar Pradesh,Lucknow,14.6,36.5,25.6,22.8,69.4,15.2,25.8
2015-07-09,Meghalaya,Shillong,15.5,23.5,19.5,218.9,43.7,22.6,29.8
2023-03-25,Madhya Pradesh,Bhopal,12.9,20.4,16.6,27.7,68.5,11.0,23.6
2022-06-27,Manipur,Imphal,20.6,27.3,24.0,121.7,51.7,17.0,26.6
2023-03-25,Uttarakhand,Dehradun,18.2,33.3,25.8,41.0,67.3,6.1,24.5
2016-07-16,Bihar,Patna,10.1,30.0,20.0,113.1,51.5,9.2,23.1
2020-03-14,Meghalaya,Shillong,17.6,29.8,23.7,9.7,66.1,12.3,25.4
2024-12-17,Chandigarh,Chandigarh,22.5,30.1,26.3,17.2,62.1,19.2,25.2
2018-06-21,Chandigarh,Chandigarh,22.5,33.2,27.8,165.1,65.9,14.1,30.3
2022-11-19,Ladakh,Leh,17.6,31.4,24.5,33.7,44.0,16.8,26.8
2019-03-09,Assam,Kamrup,24.3,31.7,28.0,34.8,64.3,16.6,20.7
2023-10-08,Sikkim,Gangtok,23.6,30.4,27.0,67.9,70.9,18.1,22.1
2024-09-26,Sikkim,Gangtok,18.9,24.9,21.9,76.6,52.4,19.1,20.2
2025-08-26,Kerala,Kozhikode,24.7,30.1,27.4,288.2,62.4,19.5,21.4
2016-10-08,Rajasthan,Jodhpur,32.1,41.3,36.7,38.1,31.6,11.8,26.9
2020-08-30,Bihar,Patna,26.3,35.0,30.6,272.0,44.7,18.6,23.5
2022-11-28,Dadra and Nagar Haveli and Daman and Diu,Daman,11.5,23.7,17.6,66.6,79.2,10.9,28.9
2021-01-23,Dadra and Nagar Haveli and Daman and Diu,Daman,17.6,31.5,24.6,8.2,62.3,6.1,22.7
2018-07-21,Tamil Nadu,Coimbatore,24.5,36.4,30.4,241.9,82.8,20.2,21.6
2021-09-01,Punjab,Patiala,14.7,33.3,24.0,188.9,69.5,19.4,25.7
2016-08-23,Manipur,Imphal,21.3,28.7,25.0,99.4,66.2,21.1,29.7
2021-06-21,Tamil Nadu,Chennai,22.7,35.9,29.3,346.6,71.8,13.2,31.2
2020-08-23,West Bengal,Darjeeling,20.5,33.1,26.8,324.9,83.9,10.6,23.7
2015-08-30,Meghalaya,Shillong,18.8,27.0,22.9,293.9,50.5,15.0,28.8
2020-08-03,Rajasthan,Jaipur,12.0,40.0,26.0,95.7,21.3,21.5,20.4
2022-09-25,Manipur,Imphal,17.7,23.3,20.5,39.9,75.5,19.5,22.0
2024-05-10,Mizoram,Aizawl,19.3,32.8,26.0,67.3,58.7,18.5,30.1
2022-02-25,Madhya Pradesh,Bhopal,25.1,41.8,33.4,18.0,36.7,10.1,21.6
2023-01-24,Odisha,Bhubaneswar,19.3,36.0,27.6,53.0,63.1,10.5,21.9
2018-09-25,Chandigarh,Chandigarh,16.7,30.0,23.4,59.0,78.9,14.6,29.5
2020-11-09,Nagaland,Kohima,12.0,30.8,21.4,48.2,72.8,14.0,29.6
2018-10-22,Maharashtra,Pune,25.5,38.0,31.8,110.9,72.2,12.9,22.7
2023-03-23,Ladakh,Leh,22.8,31.3,27.0,48.4,43.2,12.5,27.0
2019-01-18,Ladakh,Leh,18.8,28.8,23.8,20.6,52.4,15.5,22.2
2024-07-31,Punjab,Amritsar,20.5,34.1,27.3,194.7,32.4,9.6,25.1
2021-12-31,Odisha,Bhubaneswar,22.9,28.4,25.6,84.3,67.3,10.2,23.2
2017-02-14,Gujarat,Vadodara,29.6,36.1,32.8,12.2,38.5,14.4,28.1
2015-02-04,Bihar,Gaya,15.3,23.7,19.5,23.6,64.8,8.7,28.8
2021-03-03,Puducherry,Puducherry,11.6,17.2,14.4,11.2,73.8,14.8,29.6
2023-08-19,Arunachal Pradesh,Itanagar,15.0,23.2,19.1,177.4,61.5,16.9,23.5
2020-05-09,Chhattisgarh,Raipur,10.1,15.8,13.0,51.5,60.9,17.3,28.0
2019-05-05,Jharkhand,Ranchi,22.2,30.5,26.4,11.8,79.1,12.7,31.3
2024-06-21,Lakshadweep,Kavaratti,20.1,28.7,24.4,229.3,74.8,13.8,31.6
2023-06-01,Madhya Pradesh,Bhopal,26.7,33.7,30.2,93.2,34.4,17.0,33.0
2017-10-18,Chhattisgarh,Raipur,19.2,26.1,22.6,43.2,73.4,9.5,28.3
2024-06-23,Jharkhand,Ranchi,21.8,27.0,24.4,87.0,61.7,18.8,33.8
2022-02-26,Jharkhand,Ranchi,19.6,28.6,24.1,17.9,70.4,8.1,27.0
2018-02-03,Uttarakhand,Dehradun,12.7,19.3,16.0,22.6,51.4,14.7,21.6
2025-07-10,Rajasthan,Jodhpur,33.3,42.0,37.6,83.6,37.4,16.5,20.2
2025-08-29,Haryana,Hisar,29.8,37.7,33.8,26.3,53.6,14.6,20.2
2019-02-09,Andhra Pradesh,Visakhapatnam,29.2,34.3,31.8,47.6,78.9,8.6,22.5
2016-12-03,West Bengal,Kolkata,10.0,16.5,13.2,15.2,82.9,17.6,27.3
2021-09-15,Maharashtra,Nagpur,22.2,37.7,30.0,288.3,53.7,14.6,20.7
2022-08-09,Rajasthan,Udaipur,33.6,42.6,38.1,119.7,47.1,18.0,20.2
2019-04-29,Chandigarh,Chandigarh,17.9,32.8,25.3,8.1,78.2,11.4,27.9
2015-06-11,Rajasthan,Jaipur,23.3,41.7,32.5,81.2,45.8,15.5,31.3
2015-07-21,Himachal Pradesh,Mandi,2.8,8.7,5.8,75.6,51.4,11.8,26.2
2020-06-04,Mizoram,Aizawl,16.8,22.3,19.6,29.8,43.6,13.3,25.1
2017-09-22,Chhattisgarh,Raipur,17.4,26.9,22.2,175.5,68.8,11.8,21.6
2021-05-06,Dadra and Nagar Haveli and Daman and Diu,Daman,14.2,19.2,16.7,13.4,70.0,8.3,34.9
2017-03-26,Odisha,Bhubaneswar,17.5,36.3,26.9,73.5,61.3,10.0,25.6
2024-02-25,Ladakh,Leh,22.8,30.6,26.7,9.3,55.0,8.1,29.4
2016-03-31,Delhi,New Delhi,20.5,26.0,23.2,25.5,42.0,17.5,29.1
2024-09-03,Madhya Pradesh,Bhopal,12.5,28.3,20.4,225.0,35.8,12.4,23.0
2025-05-26,Maharashtra,Mumbai,18.4,24.0,21.2,119.6,65.7,9.6,28.8
2018-06-29,Delhi,New Delhi,20.7,29.1,24.9,83.8,44.1,18.9,26.8
2017-10-13,Andaman and Nicobar Islands,Port Blair,11.0,24.1,17.6,7.8,78.6,14.4,21.5
2025-05-01,Ladakh,Leh,12.6,27.5,20.0,30.0,71.0,13.2,29.3
2021-06-01,Jharkhand,Ranchi,24.4,31.6,28.0,132.2,66.6,20.1,31.3
2025-05-24,Dadra and Nagar Haveli and Daman and Diu,Daman,20.5,29.0,24.8,38.6,47.9,15.2,27.2
2022-07-30,Goa,North Goa,10.0,33.7,21.8,105.7,47.9,12.0,23.3
2025-06-17,Andhra Pradesh,Visakhapatnam,24.7,30.4,27.6,53.7,58.8,12.4,26.2
2015-12-04,Gujarat,Vadodara,21.9,31.2,26.6,6.2,65.4,18.3,22.1
2017-05-28,Uttarakhand,Dehradun,12.4,27.0,19.7,49.2,78.3,10.7,31.2
2017-12-12,Rajasthan,Jaipur,32.0,40.6,36.3,7.1,35.1,7.0,20.2
2017-03-02,West Bengal,Howrah,23.5,30.8,27.2,10.2,84.9,11.7,22.4
2021-03-14,Meghalaya,Shillong,13.9,22.8,18.4,18.6,73.6,7.6,25.6
2017-02-02,Tamil Nadu,Chennai,20.6,37.4,29.0,64.3,81.6,11.0,28.1
2021-02-13,Punjab,Amritsar,26.3,37.4,31.8,9.2,30.6,7.5,21.2
2016-01-15,Tripura,Agartala,20.9,31.0,26.0,41.8,50.1,7.3,22.1
2016-05-07,West Bengal,Kolkata,17.2,33.9,25.5,39.3,77.9,12.4,33.9
2023-07-10,Chhattisgarh,Raipur,13.5,25.9,19.7,47.1,53.4,15.6,27.3
2018-03-26,Rajasthan,Udaipur,15.0,25.5,20.2,26.2,35.3,12.2,28.4
2020-08-24,Nagaland,Kohima,17.5,30.7,24.1,203.9,72.1,17.6,20.6
2025-08-20,Goa,North Goa,15.1,34.8,25.0,75.0,63.5,20.6,25.9
2015-03-06,Andaman and Nicobar Islands,Port Blair,15.6,21.8,18.7,30.3,47.3,19.4,27.2
2025-09-15,Odisha,Bhubaneswar,26.2,35.0,30.6,79.6,59.3,11.9,24.9
2022-01-12,Delhi,New Delhi,16.9,27.6,22.2,39.7,79.5,9.5,26.2
2018-09-29,Andhra Pradesh,Guntur,22.4,33.3,27.8,92.0,66.7,12.0,20.4
2018-02-26,Assam,Kamrup,22.2,28.2,25.2,71.0,76.7,11.5,27.3
2020-07-20,Rajasthan,Jaipur,24.9,34.4,29.6,17.8,50.7,13.3,28.9
2022-05-19,Jammu and Kashmir,Srinagar,7.9,25.2,16.6,71.1,66.0,11.2,30.7
2019-02-04,Assam,Tinsukia,18.2,30.1,24.2,43.4,84.4,7.2,20.1
2023-08-01,Tripura,Agartala,19.4,25.6,22.5,235.7,74.6,22.2,26.6
2018-03-08,Punjab,Amritsar,17.1,28.4,22.8,27.1,37.6,10.2,27.2
2019-03-03,Puducherry,Puducherry,13.3,22.7,18.0,57.5,47.1,8.7,20.2
2022-03-25,Rajasthan,Jaipur,28.0,40.4,34.2,28.5,28.6,15.3,26.0
2016-01-27,Tamil Nadu,Madurai,22.9,32.3,27.6,61.1,67.3,14.6,21.8
2019-08-26,Goa,North Goa,18.1,28.5,23.3,149.1,58.8,21.2,28.2
2016-02-23,Madhya Pradesh,Bhopal,23.9,38.3,31.1,7.4,59.8,12.3,23.2
2021-05-25,Tamil Nadu,Chennai,21.1,27.0,24.0,14.0,55.7,5.5,32.3
2016-01-14,Himachal Pradesh,Mandi,5.0,17.4,11.2,63.5,44.6,17.5,26.4
2019-12-02,Mizoram,Aizawl,15.1,21.9,18.5,11.4,53.4,7.1,22.7
2024-10-01,Arunachal Pradesh,Itanagar,10.8,27.2,19.0,15.2,70.3,8.3,28.0
2021-03-28,Odisha,Bhubaneswar,17.8,35.2,26.5,40.0,70.4,5.6,25.0
2023-05-24,Odisha,Bhubaneswar,17.2,30.9,24.0,22.7,65.3,6.7,27.2
2020-09-19,Gujarat,Rajkot,25.1,41.7,33.4,100.9,57.5,16.1,25.0
2023-06-27,Punjab,Patiala,6.6,15.7,11.1,179.0,46.4,17.2,30.3
2020-12-22,Himachal Pradesh,Kangra,7.6,19.3,13.4,46.1,45.6,10.8,24.5
2015-07-20,Mizoram,Aizawl,24.8,31.6,28.2,200.5,45.5,9.0,28.7
2020-02-07,Uttarakhand,Dehradun,21.0,28.9,25.0,40.3,45.4,15.6,20.7
2017-02-18,Arunachal Pradesh,Itanagar,21.4,31.1,26.2,24.5,74.5,19.8,22.5
2023-02-25,Ladakh,Leh,22.1,33.0,27.6,57.3,78.3,12.3,26.7
2023-07-02,Odisha,Bhubaneswar,27.4,36.0,31.7,213.3,61.2,19.7,26.9
2023-07-17,Mizoram,Aizawl,16.8,27.3,22.0,40.3,40.3,15.9,24.2
2016-05-17,Chhattisgarh,Raipur,21.9,31.3,26.6,70.6,47.8,19.9,28.0
2021-09-20,Nagaland,Kohima,19.6,29.8,24.7,120.7,45.6,10.0,27.1
2024-12-24,Gujarat,Rajkot,21.4,41.4,31.4,19.7,69.3,8.1,21.0
2019-10-18,Mizoram,Aizawl,14.7,33.2,24.0,41.5,45.4,8.0,23.1
2017-03-15,Ladakh,Leh,18.9,27.6,23.2,57.3,64.7,18.1,25.0
2020-11-16,Bihar,Gaya,15.3,39.9,27.6,33.1,57.1,17.1,20.9
2022-06-24,Tripura,Agartala,15.8,22.0,18.9,59.0,40.2,8.1,28.8
2020-03-10,Chhattisgarh,Raipur,22.1,31.7,26.9,49.4,60.8,17.3,28.8
2022-08-05,Chandigarh,Chandigarh,22.7,33.6,28.2,71.2,63.8,16.7,25.3
2019-04-20,Kerala,Ernakulam,23.4,29.0,26.2,37.8,87.1,14.5,27.6
2017-08-18,Bihar,Purnia,14.1,31.9,23.0,145.8,57.7,8.9,21.4
2025-06-07,Telangana,Nizamabad,22.7,36.3,29.5,52.5,53.4,18.4,32.9
2022-04-14,Andaman and Nicobar Islands,Port Blair,12.9,30.4,21.6,71.9,76.3,16.8,32.1
2019-01-25,Himachal Pradesh,Mandi,4.7,22.6,13.6,51.8,56.3,12.4,26.9
2022-05-14,Bihar,Gaya,28.9,35.7,32.3,26.0,64.1,7.0,30.8
2025-07-07,Telangana,Warangal,19.1,31.9,25.5,201.3,42.8,11.1,23.4
2017-10-25,Maharashtra,Mumbai,22.4,35.9,29.2,70.8,57.2,11.8,20.1
2024-01-03,Chhattisgarh,Raipur,21.6,26.9,24.2,63.1,61.6,12.9,27.0
2016-05-17,Nagaland,Kohima,22.9,34.6,28.8,43.0,46.0,18.2,25.4
2022-09-15,Odisha,Bhubaneswar,27.1,37.5,32.3,365.7,81.4,8.8,26.1
2016-02-02,Kerala,Thrissur,22.4,28.0,25.2,81.0,62.9,15.9,29.7
2017-05-20,Nagaland,Kohima,18.5,26.2,22.4,64.0,74.1,16.0,31.2
2022-10-13,Mizoram,Aizawl,23.0,29.1,26.0,70.2,77.9,18.1,22.5
2016-01-28,Chandigarh,Chandigarh,22.9,31.4,27.2,46.6,73.6,5.4,23.6
2015-07-26,Telangana,Hyderabad,27.8,38.7,33.2,260.7,46.8,18.6,21.5
2017-11-04,Karnataka,Bangalore,25.9,32.6,29.2,76.4,60.5,19.8,25.8
2020-02-25,Jammu and Kashmir,Srinagar,12.7,22.2,17.4,57.7,59.8,5.3,26.1
2024-12-04,Tamil Nadu,Chennai,26.6,33.1,29.8,29.9,71.3,17.3,22.5
2023-01-18,Mizoram,Aizawl,24.0,34.6,29.3,19.0,50.6,15.5,29.5
2019-01-24,Andhra Pradesh,Chittoor,27.1,35.6,31.4,21.0,63.8,14.1,23.3
2025-04-20,Manipur,Imphal,17.7,24.3,21.0,36.7,43.6,5.7,33.6
2024-12-25,Lakshadweep,Kavaratti,13.1,27.8,20.4,15.4,50.5,10.4,21.4
2017-05-13,Himachal Pradesh,Kangra,0.9,27.0,14.0,10.8,42.5,17.1,27.8
2022-08-22,Manipur,Imphal,20.8,27.1,24.0,86.4,62.9,22.8,20.7
2024-01-26,West Bengal,Kolkata,17.2,22.9,20.0,32.9,86.3,6.4,28.6
2016-07-17,Telangana,Hyderabad,20.1,37.9,29.0,179.9,75.1,10.3,27.6
2017-10-17,Jammu and Kashmir,Srinagar,13.6,24.8,19.2,62.7,65.9,18.2,23.8
2015-04-06,Sikkim,Gangtok,18.8,33.6,26.2,20.0,59.4,19.4,29.7
2020-04-07,Uttarakhand,Dehradun,13.8,24.5,19.2,67.0,78.2,19.3,32.0
2019-10-24,Odisha,Bhubaneswar,22.6,29.9,26.2,21.1,52.1,5.3,28.8
2021-12-07,Kerala,Ernakulam,24.4,32.6,28.5,149.8,88.6,14.8,24.6
2024-07-10,Punjab,Amritsar,8.8,27.3,18.0,48.4,45.9,22.1,23.4
2021-03-28,Andhra Pradesh,Krishna,21.5,34.4,28.0,49.2,55.8,7.9,29.9
2022-08-28,Rajasthan,Jodhpur,16.1,41.1,28.6,80.5,37.4,12.4,27.7
2019-08-06,Andhra Pradesh,Krishna,28.8,35.4,32.1,64.7,54.1,19.9,24.4
2023-11-17,Jharkhand,Ranchi,12.0,23.1,17.6,41.0,74.1,14.6,21.8
2016-06-24,Lakshadweep,Kavaratti,12.4,24.7,18.6,41.1,70.2,14.0,28.4
2017-11-25,Sikkim,Gangtok,17.6,31.4,24.5,44.9,72.1,14.4,27.9
2022-01-16,Nagaland,Kohima,20.5,27.3,23.9,8.7,76.1,19.2,27.3
2018-03-29,Lakshadweep,Kavaratti,20.9,28.4,24.6,43.0,79.7,17.8,23.0
2025-09-15,Uttarakhand,Dehradun,14.5,27.0,20.8,133.3,54.8,17.4,20.1
2019-09-19,West Bengal,Howrah,23.7,35.6,29.6,421.9,83.7,16.5,27.8
2024-01-28,Nagaland,Kohima,17.4,34.4,25.9,18.3,76.6,8.9,21.0
2023-08-24,Andaman and Nicobar Islands,Port Blair,16.6,29.8,23.2,84.7,62.2,20.1,22.6
2019-12-25,Nagaland,Kohima,18.7,27.5,23.1,42.1,66.7,10.3,29.9
2022-03-10,Haryana,Faridabad,19.1,37.2,28.2,37.6,64.1,7.6,22.2
2022-06-22,Dadra and Nagar Haveli and Daman and Diu,Daman,17.3,33.1,25.2,75.3,78.8,9.9,26.8
2022-02-17,Puducherry,Puducherry,12.5,27.8,20.2,69.2,50.2,13.3,21.8
2019-05-17,Gujarat,Ahmedabad,25.7,32.1,28.9,27.1,56.2,13.7,26.4
2023-05-19,Ladakh,Leh,12.4,29.2,20.8,61.6,76.3,17.2,34.7
2022-05-17,Nagaland,Kohima,16.1,25.7,20.9,7.0,58.0,14.8,33.2
2017-03-06,Himachal Pradesh,Shimla,5.3,20.4,12.8,53.0,62.1,9.1,28.0
2017-11-17,Himachal Pradesh,Shimla,3.5,28.0,15.8,71.9,54.6,10.6,27.4
2019-07-02,Haryana,Faridabad,16.4,21.9,19.2,185.6,47.2,11.1,25.6
2024-12-06,Jammu and Kashmir,Srinagar,4.4,13.6,9.0,45.5,55.6,13.6,30.0
2018-09-25,Nagaland,Kohima,22.9,28.0,25.4,34.2,64.4,17.4,28.8
2025-08-05,Chhattisgarh,Raipur,19.4,26.8,23.1,151.2,72.4,21.8,22.4
2020-06-04,Maharashtra,Mumbai,24.5,31.2,27.8,268.6,44.1,22.1,31.4
2018-09-16,West Bengal,Darjeeling,25.4,38.0,31.7,124.0,77.8,21.3,25.8
2019-07-22,Chandigarh,Chandigarh,19.6,28.8,24.2,208.9,55.8,15.1,21.0
2019-03-10,Bihar,Patna,8.2,14.7,11.4,22.5,58.3,5.3,21.6
2020-07-31,Punjab,Amritsar,24.5,37.5,31.0,162.2,66.9,9.8,21.6
2024-05-12,Tripura,Agartala,15.0,33.7,24.4,59.3,53.0,6.3,31.2
2019-02-05,West Bengal,Darjeeling,14.6,29.4,22.0,118.3,72.9,18.9,23.9
2024-01-16,Kerala,Kozhikode,23.9,34.4,29.2,98.5,78.4,15.7,28.8
2021-02-15,Arunachal Pradesh,Itanagar,11.3,22.6,17.0,32.8,76.4,19.3,21.2
2024-01-10,Maharashtra,Nashik,19.4,39.0,29.2,44.0,50.9,5.5,22.8
2018-11-09,Sikkim,Gangtok,20.4,29.5,25.0,41.2,76.7,6.7,20.7
2018-11-01,Dadra and Nagar Haveli and Daman and Diu,Daman,22.8,33.4,28.1,23.5,53.0,9.7,26.5
2018-07-30,Tamil Nadu,Coimbatore,20.5,31.6,26.0,88.2,78.7,13.7,25.3
2022-05-04,Punjab,Patiala,5.7,12.4,9.0,35.4,60.7,15.7,32.4
2022-04-29,Bihar,Patna,10.3,32.4,21.4,21.8,43.9,16.4,33.9
2017-08-30,Manipur,Imphal,20.8,33.2,27.0,297.5,45.4,22.5,26.0
2019-11-04,Telangana,Warangal,27.8,37.5,32.6,47.1,68.1,9.8,29.2
2018-07-06,Tripura,Agartala,11.7,22.5,17.1,28.7,50.9,11.3,20.5
2024-05-23,Andhra Pradesh,Krishna,24.9,34.6,29.8,15.1,57.9,19.3,26.1
2016-12-10,Gujarat,Surat,20.2,25.8,23.0,11.7,58.0,10.5,24.5
2019-01-19,Dadra and Nagar Haveli and Daman and Diu,Daman,12.4,29.4,20.9,57.6,47.2,5.7,20.8
2018-12-05,Kerala,Kozhikode,24.0,29.8,26.9,86.7,64.6,7.6,20.0
2016-10-10,Chhattisgarh,Raipur,14.8,21.2,18.0,32.6,63.9,10.5,27.1
2015-11-14,Kerala,Kozhikode,24.2,33.2,28.7,142.1,67.1,7.8,26.1
2025-04-06,Nagaland,Kohima,18.9,29.6,24.2,5.3,62.2,19.0,28.3
2024-01-10,Arunachal Pradesh,Itanagar,24.5,31.5,28.0,14.8,55.9,12.4,26.3
2025-08-26,Jharkhand,Ranchi,17.6,29.3,23.5,26.7,50.1,12.7,29.9
2018-06-11,Manipur,Imphal,14.4,33.4,23.9,105.3,43.8,11.7,27.7
2016-11-14,Chandigarh,Chandigarh,24.7,33.3,29.0,70.2,73.4,13.7,26.8
2016-10-25,Mizoram,Aizawl,19.4,31.5,25.4,23.5,56.3,13.9,20.4
2020-06-21,Bihar,Gaya,18.6,37.7,28.2,168.0,62.1,11.0,32.9
2025-09-03,Gujarat,Ahmedabad,21.1,41.3,31.2,198.9,66.6,9.3,23.3
2024-06-07,Dadra and Nagar Haveli and Daman and Diu,Daman,24.2,33.9,29.0,275.1,62.9,15.2,26.1
2025-04-01,Puducherry,Puducherry,22.6,33.1,27.8,9.1,48.4,13.4,31.8
2019-06-20,Goa,North Goa,12.1,21.5,16.8,74.1,48.8,21.8,32.2
2019-02-04,Puducherry,Puducherry,21.1,33.2,27.2,30.0,70.7,19.7,27.0
2024-01-18,Manipur,Imphal,16.3,31.1,23.7,68.1,45.2,9.0,29.2
2025-04-21,Maharashtra,Nashik,29.4,37.1,33.2,53.1,52.7,12.5,34.3
2018-02-10,Goa,North Goa,12.2,24.7,18.4,68.8,54.0,16.5,23.9
2020-01-28,Lakshadweep,Kavaratti,22.1,34.8,28.4,32.1,73.8,19.8,29.8
2019-03-01,Assam,Kamrup,16.5,28.1,22.3,62.9,71.0,12.4,22.0
2021-10-25,Assam,Tinsukia,20.7,30.7,25.7,137.3,88.4,9.8,25.1
2016-07-17,Sikkim,Gangtok,21.3,28.0,24.6,28.8,74.1,10.1,28.9
2018-07-15,Sikkim,Gangtok,23.7,31.6,27.6,245.9,54.5,20.9,28.2
2024-10-21,Jharkhand,Ranchi,11.2,27.2,19.2,49.8,40.0,19.7,24.1
2025-08-14,Assam,Cachar,17.8,25.2,21.5,405.5,88.4,16.8,27.9
2024-06-19,Kerala,Thrissur,24.2,30.6,27.4,317.9,64.5,8.6,25.6
2024-06-20,Andaman and Nicobar Islands,Port Blair,24.1,34.9,29.5,46.6,53.4,9.7,33.3
2023-09-20,Mizoram,Aizawl,17.4,30.2,23.8,171.2,68.4,12.8,21.4
2019-06-25,Gujarat,Surat,15.3,30.0,22.6,183.4,42.2,10.9,34.3
2025-02-13,Madhya Pradesh,Bhopal,12.3,18.6,15.4,53.4,58.0,11.3,27.5
2023-03-19,Arunachal Pradesh,Itanagar,21.1,26.5,23.8,52.3,65.6,19.5,29.7
2023-08-19,Bihar,Patna,16.3,32.3,24.3,76.8,42.7,14.5,26.9
2016-11-29,Jharkhand,Ranchi,18.5,28.4,23.4,62.3,71.8,16.0,20.8
2020-11-30,Telangana,Warangal,27.6,39.4,33.5,13.9,56.1,19.8,26.0
2015-01-02,Mizoram,Aizawl,17.7,24.9,21.3,44.6,57.6,6.9,24.6
2016-10-03,Goa,North Goa,12.5,30.3,21.4,73.2,58.8,14.5,24.3
2021-03-17,Odisha,Bhubaneswar,17.1,39.5,28.3,21.7,53.9,11.9,26.6
2019-05-09,Chhattisgarh,Raipur,15.3,23.1,19.2,62.3,54.5,7.9,28.7
2017-05-04,Lakshadweep,Kavaratti,13.2,26.9,20.0,51.8,72.0,8.4,26.7
2019-10-26,Jharkhand,Ranchi,10.3,19.8,15.0,6.7,53.8,7.2,25.8
2024-01-10,Himachal Pradesh,Mandi,7.7,14.3,11.0,36.0,48.4,15.2,23.6
2021-08-29,Uttarakhand,Dehradun,12.2,23.4,17.8,82.8,71.8,22.8,20.3
2024-07-06,Madhya Pradesh,Bhopal,25.2,33.3,29.2,34.6,30.6,21.2,23.5
2019-07-20,Odisha,Bhubaneswar,29.9,37.2,33.6,107.5,77.2,21.9,28.2
2018-02-27,Rajasthan,Jaipur,28.6,37.4,33.0,4.9,28.1,11.7,29.6
2017-12-12,Telangana,Warangal,26.7,38.6,32.6,28.0,67.4,17.9,24.8
2019-09-04,Bihar,Gaya,17.5,35.1,26.3,185.6,79.7,14.4,21.8
2022-08-09,Telangana,Hyderabad,23.7,31.4,27.6,185.9,45.0,22.2,28.6
2019-08-23,Jammu and Kashmir,Srinagar,3.1,11.9,7.5,173.2,70.9,11.3,20.6
2019-09-30,Assam,Kamrup,18.2,31.4,24.8,222.2,85.9,22.3,21.4
2018-12-10,Bihar,Patna,19.2,25.1,22.2,23.4,43.6,11.1,28.2
2021-04-13,Jammu and Kashmir,Srinagar,11.5,19.5,15.5,12.6,62.1,7.0,28.4
2017-04-15,Dadra and Nagar Haveli and Daman and Diu,Daman,17.7,33.8,25.8,10.7,66.7,5.2,31.3
2024-08-11,Tripura,Agartala,18.3,32.8,25.5,168.9,54.1,11.6,20.9
2015-07-22,Madhya Pradesh,Bhopal,21.8,40.3,31.0,133.2,59.6,12.5,24.5
2023-11-30,Bihar,Gaya,15.1,22.3,18.7,37.1,70.6,10.9,26.5
2015-05-03,Maharashtra,Mumbai,27.1,34.6,30.8,101.7,55.3,8.8,27.2
2016-02-05,Madhya Pradesh,Bhopal,14.4,36.1,25.2,53.8,39.2,6.3,23.1
2017-02-05,Uttarakhand,Dehradun,19.9,28.6,24.2,43.4,69.8,11.1,30.0
2015-10-21,Goa,North Goa,14.5,34.7,24.6,19.2,44.4,16.3,27.0
2021-05-16,Mizoram,Aizawl,22.2,29.9,26.0,70.2,44.8,5.5,28.0
2025-09-13,Ladakh,Leh,22.0,32.4,27.2,142.1,50.3,8.9,23.4
2023-01-10,Jammu and Kashmir,Srinagar,9.2,25.1,17.2,52.0,77.9,6.5,23.4
2025-01-29,Mizoram,Aizawl,17.2,30.8,24.0,39.7,76.5,14.1,20.4
2015-07-17,Arunachal Pradesh,Itanagar,11.7,30.5,21.1,220.4,46.1,8.9,25.8
2023-04-18,Madhya Pradesh,Bhopal,24.0,30.8,27.4,31.0,42.2,19.0,27.2
2020-04-14,Arunachal Pradesh,Itanagar,21.0,30.7,25.8,5.8,60.7,6.5,31.6
2024-10-22,West Bengal,Kolkata,20.2,25.3,22.8,33.5,81.0,9.1,25.0
2022-08-31,Uttar Pradesh,Varanasi,13.4,40.1,26.8,138.0,64.8,9.3,20.4
2020-12-31,Sikkim,Gangtok,13.9,23.9,18.9,53.1,62.8,10.6,26.5
2016-08-31,Assam,Kamrup,12.5,18.6,15.6,527.3,79.7,17.7,23.1
2023-12-17,Jammu and Kashmir,Srinagar,7.4,13.8,10.6,65.7,63.7,6.3,28.0
2018-02-21,Kerala,Kozhikode,23.3,33.4,28.4,26.6,60.9,7.6,22.1
2015-07-06,Telangana,Hyderabad,27.2,37.7,32.4,200.2,75.4,11.7,29.0
2024-04-20,Chhattisgarh,Raipur,23.6,31.4,27.5,11.6,69.1,10.1,32.9
2021-11-16,Punjab,Patiala,9.1,28.1,18.6,27.9,34.0,10.4,20.8
2024-05-13,Madhya Pradesh,Bhopal,20.2,39.4,29.8,19.9,60.6,7.8,31.7
2019-11-30,Kerala,Kozhikode,24.7,31.4,28.0,137.6,75.2,9.8,29.0
2016-10-21,Madhya Pradesh,Bhopal,10.7,16.4,13.6,38.0,61.9,16.3,20.8
2022-09-12,Jharkhand,Ranchi,24.3,33.3,28.8,285.8,53.2,18.4,28.6
2023-03-22,Delhi,New Delhi,15.7,34.5,25.1,23.5,52.6,18.8,29.7
2020-05-09,Meghalaya,Shillong,14.3,21.4,17.8,58.1,77.2,14.0,31.3
2021-09-16,Jammu and Kashmir,Srinagar,15.3,21.8,18.6,293.1,54.6,17.4,24.7
2018-10-01,Assam,Tinsukia,17.0,31.1,24.0,149.3,83.1,16.9,20.3
2020-06-09,Chhattisgarh,Raipur,22.2,29.5,25.8,55.5,44.5,18.2,35.0
2019-03-15,Uttar Pradesh,Varanasi,23.0,31.7,27.4,16.2,56.3,6.0,24.0
2015-05-27,Karnataka,Hubli,24.7,37.7,31.2,48.3,49.0,17.3,32.4
2023-10-25,Gujarat,Rajkot,29.6,36.2,32.9,23.2,69.3,7.4,26.7
2022-12-21,Jharkhand,Ranchi,13.6,26.8,20.2,61.0,59.5,17.1,24.3
2019-10-01,Puducherry,Puducherry,25.0,32.2,28.6,15.5,56.1,16.1,28.5
2020-01-18,Assam,Kamrup,16.9,29.7,23.3,130.6,88.5,14.9,28.2
2016-05-03,Haryana,Hisar,19.4,24.5,22.0,6.9,69.2,7.2,29.0
2023-02-24,Dadra and Nagar Haveli and Daman and Diu,Daman,24.0,30.2,27.1,64.1,72.7,19.8,22.8
2020-05-13,Karnataka,Bangalore,21.2,36.9,29.0,31.1,64.7,15.6,27.7
2019-07-22,Gujarat,Ahmedabad,31.0,40.0,35.5,28.5,35.4,10.9,22.4
2022-02-11,Arunachal Pradesh,Itanagar,21.0,26.8,23.9,29.5,76.5,13.4,22.7
2021-07-13,Goa,North Goa,24.4,30.8,27.6,273.4,69.0,19.1,27.6
2022-12-29,Lakshadweep,Kavaratti,17.6,32.7,25.2,63.5,54.4,11.0,28.9
2016-10-02,Punjab,Patiala,18.1,37.8,28.0,33.2,53.7,5.5,22.8
2019-12-08,Puducherry,Puducherry,17.5,29.8,23.6,49.1,68.6,14.8,28.5
2021-11-25,Meghalaya,Shillong,14.4,29.4,21.9,8.6,59.2,9.0,23.8
2020-05-23,Tripura,Agartala,15.3,21.2,18.2,37.7,79.8,9.5,32.4
2021-01-07,Kerala,Ernakulam,23.6,30.7,27.2,36.2,66.5,16.7,22.8
2018-12-09,Gujarat,Ahmedabad,17.5,29.0,23.2,31.3,58.1,10.8,25.0
2024-03-23,Mizoram,Aizawl,16.8,21.9,19.4,32.7,63.5,13.5,27.5
2019-06-23,Karnataka,Hubli,24.7,32.0,28.4,132.0,60.9,19.0,25.9
2015-09-20,Goa,North Goa,24.2,32.4,28.3,105.8,67.7,8.7,24.8
2019-11-23,Tamil Nadu,Coimbatore,23.9,30.4,27.2,85.4,77.9,7.3,23.6
2020-12-31,Uttarakhand,Dehradun,11.5,32.2,21.8,27.6,57.6,9.9,23.1
2021-07-21,Goa,North Goa,21.2,32.8,27.0,165.0,66.3,15.7,20.3
2016-09-15,Arunachal Pradesh,Itanagar,11.0,23.3,17.2,229.9,76.5,8.4,23.7
2017-10-13,Sikkim,Gangtok,13.4,31.9,22.6,64.2,48.3,15.7,27.3
2024-12-22,Punjab,Ludhiana,9.4,25.5,17.4,32.9,31.0,11.1,21.5
2017-05-30,Tripura,Agartala,18.1,33.1,25.6,41.7,41.4,5.4,31.1
2020-08-11,Manipur,Imphal,14.9,28.5,21.7,65.8,71.1,20.9,28.9
2023-01-23,Andaman and Nicobar Islands,Port Blair,14.6,29.8,22.2,24.5,70.5,6.8,27.6
2018-08-20,Haryana,Hisar,16.0,37.3,26.6,153.0,45.1,21.6,22.8
2021-04-20,Delhi,New Delhi,24.5,33.7,29.1,74.3,42.2,9.1,32.4
2025-03-12,Sikkim,Gangtok,23.8,29.0,26.4,5.0,50.2,17.8,27.7
2016-03-28,Chhattisgarh,Raipur,15.1,20.1,17.6,43.8,49.5,16.2,24.5
2023-07-06,Nagaland,Kohima,20.2,33.6,26.9,170.0,53.4,19.5,22.7
2018-03-29,Chandigarh,Chandigarh,23.4,28.9,26.2,63.5,43.7,5.8,23.6
2023-05-21,Dadra and Nagar Haveli and Daman and Diu,Daman,24.3,34.9,29.6,19.1,45.9,10.3,28.4
2020-08-18,Jharkhand,Ranchi,21.4,30.2,25.8,238.4,69.9,16.7,28.3
2024-01-18,Manipur,Imphal,12.9,20.7,16.8,57.5,49.8,5.0,29.1
2023-09-06,Nagaland,Kohima,19.3,29.1,24.2,223.2,53.3,22.3,20.7
2019-08-10,Tamil Nadu,Chennai,25.1,36.2,30.6,208.9,76.4,21.9,27.4
2022-11-03,Delhi,New Delhi,14.6,28.3,21.4,68.8,58.0,15.2,24.7
2021-03-05,Meghalaya,Shillong,11.8,17.9,14.8,71.7,64.5,6.6,28.6
2018-02-28,Jammu and Kashmir,Srinagar,10.5,26.7,18.6,18.2,76.3,13.9,27.4
2016-02-08,Puducherry,Puducherry,10.5,21.6,16.0,23.7,78.0,7.8,27.1
2021-01-08,West Bengal,Darjeeling,10.8,20.2,15.5,48.9,81.8,16.8,29.5
2020-10-02,Arunachal Pradesh,Itanagar,23.8,29.3,26.6,63.1,58.0,18.0,20.9
2023-09-27,Chandigarh,Chandigarh,22.3,28.5,25.4,113.5,41.2,9.9,24.5
2019-08-24,Madhya Pradesh,Bhopal,28.0,40.0,34.0,71.8,36.1,13.8,28.8
2016-09-19,Meghalaya,Shillong,11.4,26.5,19.0,44.9,58.8,9.9,20.8
2016-08-09,Chhattisgarh,Raipur,12.9,22.3,17.6,97.4,65.8,8.8,20.8
2019-07-07,West Bengal,Darjeeling,13.4,35.5,24.4,329.2,79.2,13.6,22.1
2018-12-14,Punjab,Ludhiana,5.9,25.1,15.5,30.8,65.9,18.2,24.2
2018-12-16,Telangana,Warangal,23.1,30.0,26.6,26.7,77.0,7.1,29.7
2015-04-14,Uttarakhand,Dehradun,17.6,28.3,23.0,17.2,66.5,11.9,28.7
2025-09-28,Chandigarh,Chandigarh,14.0,20.1,17.0,165.4,52.5,18.6,27.2
2015-09-11,Uttarakhand,Dehradun,15.0,30.0,22.5,92.4,69.1,8.2,21.5
2024-01-12,Uttar Pradesh,Kanpur,11.6,36.2,23.9,8.7,39.4,10.4,20.1
2023-09-19,Gujarat,Ahmedabad,28.0,38.0,33.0,182.1,31.2,12.1,27.3
2022-01-01,Chhattisgarh,Raipur,20.1,27.5,23.8,46.7,71.8,5.5,27.2
2019-02-05,Tamil Nadu,Coimbatore,22.0,37.4,29.7,58.4,51.2,11.1,29.7
2015-04-09,West Bengal,Darjeeling,23.1,31.1,27.1,76.2,74.0,5.4,26.8
2021-01-09,Puducherry,Puducherry,18.3,28.0,23.2,18.3,70.9,12.3,23.1
2020-02-28,Manipur,Imphal,12.4,28.2,20.3,51.6,66.8,8.3,26.0
2023-02-09,Lakshadweep,Kavaratti,23.6,30.9,27.2,19.8,70.9,7.7,22.5
2020-04-03,Uttar Pradesh,Kanpur,7.7,20.5,14.1,27.6,33.2,18.1,30.1
2017-05-27,Dadra and Nagar Haveli and Daman and Diu,Daman,18.8,28.0,23.4,51.9,57.3,16.4,33.2
2015-12-04,Odisha,Bhubaneswar,25.1,35.0,30.0,80.4,67.3,6.7,21.2
2025-05-05,Himachal Pradesh,Kangra,19.0,25.3,22.2,63.0,49.9,11.5,31.5
2022-11-09,Andaman and Nicobar Islands,Port Blair,12.4,30.4,21.4,53.3,61.7,13.5,21.1
2023-11-09,Bihar,Gaya,17.6,24.1,20.8,30.0,76.0,13.6,27.4
2025-05-19,Assam,Tinsukia,18.6,25.8,22.2,99.4,86.4,7.1,33.2
2017-08-14,Andaman and Nicobar Islands,Port Blair,18.3,23.4,20.8,165.5,55.8,12.4,27.7
2019-09-01,Karnataka,Hubli,27.0,36.6,31.8,344.8,80.9,21.7,21.1
2015-06-10,Delhi,New Delhi,16.8,21.8,19.3,161.8,77.0,11.0,31.4
2019-05-23,Karnataka,Belgaum,24.4,30.8,27.6,31.5,60.8,7.8,30.8
2022-10-19,Uttarakhand,Dehradun,17.3,28.9,23.1,14.4,60.7,5.7,28.8
2016-02-02,Delhi,New Delhi,15.1,32.9,24.0,54.1,70.6,9.7,22.3
2018-07-24,Rajasthan,Jodhpur,20.2,25.7,23.0,147.8,35.5,22.8,27.6
2017-03-26,Dadra and Nagar Haveli and Daman and Diu,Daman,11.2,28.6,19.9,24.0,49.7,8.8,29.2
2019-03-08,Arunachal Pradesh,Itanagar,17.5,30.9,24.2,24.7,60.9,10.3,23.2
2020-04-03,Uttarakhand,Dehradun,13.7,25.4,19.5,51.2,48.9,19.5,26.2
2018-11-16,Ladakh,Leh,17.2,23.3,20.2,6.6,76.9,17.2,26.9
2018-03-04,Karnataka,Hubli,26.7,36.8,31.8,68.3,78.1,10.9,25.5
2018-05-03,Nagaland,Kohima,21.6,27.3,24.5,65.1,46.3,18.0,28.1
2016-02-05,Andhra Pradesh,Guntur,23.3,29.2,26.2,67.6,55.2,14.5,26.4
2016-10-01,Jammu and Kashmir,Srinagar,5.6,29.7,17.6,14.2,64.3,12.2,22.5
2023-07-02,Jammu and Kashmir,Srinagar,3.3,24.3,13.8,278.2,44.3,10.9,29.9
2022-06-28,Dadra and Nagar Haveli and Daman and Diu,Daman,10.2,25.3,17.8,164.5,50.5,17.9,34.4
2016-04-04,West Bengal,Darjeeling,18.1,34.3,26.2,84.3,68.9,5.7,32.4
2017-08-12,Andhra Pradesh,Guntur,23.6,31.2,27.4,286.5,73.2,22.4,22.6
2016-04-14,Tripura,Agartala,22.5,32.1,27.3,73.7,77.9,19.6,34.5
2024-06-08,Punjab,Ludhiana,5.2,32.3,18.8,68.9,58.2,22.7,25.4
2017-11-11,Assam,Kamrup,18.5,32.0,25.2,56.7,67.9,5.9,20.9
2022-08-29,Arunachal Pradesh,Itanagar,19.9,30.0,25.0,28.4,78.8,17.8,25.2
2019-08-21,Nagaland,Kohima,14.1,29.6,21.8,122.0,68.1,18.2,20.9
2020-09-16,Jharkhand,Ranchi,23.6,31.7,27.6,130.0,78.2,14.6,27.2
2021-03-27,Chhattisgarh,Raipur,19.8,26.5,23.2,74.4,58.5,10.9,29.2
2024-05-29,Himachal Pradesh,Shimla,10.6,25.8,18.2,65.0,49.4,7.5,25.7
2016-07-16,Arunachal Pradesh,Itanagar,23.5,29.8,26.6,106.2,51.4,12.6,26.7
2021-10-21,Puducherry,Puducherry,24.3,31.2,27.8,33.5,70.8,11.5,29.3
2019-12-05,Dadra and Nagar Haveli and Daman and Diu,Daman,17.5,26.8,22.2,73.0,57.0,8.5,21.8
2024-03-08,Jharkhand,Ranchi,24.9,33.7,29.3,33.6,73.1,13.2,23.2
2020-09-05,Kerala,Kozhikode,24.2,33.5,28.8,350.1,61.4,9.2,27.9
2015-08-14,Ladakh,Leh,22.4,32.6,27.5,254.9,68.8,21.5,21.5
2024-03-02,Rajasthan,Jodhpur,19.7,34.1,26.9,13.7,49.0,18.7,24.1
2017-03-08,Goa,North Goa,24.1,32.1,28.1,41.6,64.0,9.0,23.8
2025-01-28,Assam,Dibrugarh,18.3,34.3,26.3,105.3,71.7,5.2,29.8
2021-05-20,Jharkhand,Ranchi,17.4,34.2,25.8,43.5,64.2,15.7,28.2
2023-01-05,Chhattisgarh,Raipur,20.5,30.5,25.5,52.1,73.4,7.8,26.1
2017-08-17,Uttar Pradesh,Varanasi,6.4,14.5,10.4,168.4,33.5,16.9,22.2
2019-02-13,Rajasthan,Udaipur,17.6,25.5,21.6,11.8,52.9,14.6,29.5
2016-03-28,Uttar Pradesh,Lucknow,6.3,35.6,21.0,43.4,43.0,15.9,27.2
2023-05-26,Uttar Pradesh,Varanasi,17.4,35.9,26.6,29.5,46.8,12.0,34.0
2025-09-05,Haryana,Hisar,14.6,27.8,21.2,129.5,60.1,19.0,20.2
2017-03-26,Chhattisgarh,Raipur,20.3,29.7,25.0,41.7,62.5,16.0,28.3
2016-10-20,Manipur,Imphal,19.7,30.5,25.1,31.2,45.5,19.4,24.6
2024-10-27,Meghalaya,Shillong,18.5,32.1,25.3,9.8,74.2,17.0,27.7
2016-06-30,Andhra Pradesh,Visakhapatnam,20.2,33.0,26.6,54.1,66.5,18.8,26.2
2018-04-30,Meghalaya,Shillong,20.4,29.7,25.0,61.8,61.3,10.0,28.3
2023-07-18,Assam,Cachar,23.5,31.4,27.4,302.9,61.4,13.5,28.5
2024-10-23,Dadra and Nagar Haveli and Daman and Diu,Daman,21.4,28.3,24.8,33.9,47.9,19.3,26.0
2015-01-17,Madhya Pradesh,Bhopal,26.6,39.0,32.8,53.1,68.0,5.5,29.8
2023-11-18,Meghalaya,Shillong,23.1,30.7,26.9,63.6,69.5,16.9,22.2
2018-05-28,Rajasthan,Udaipur,26.2,31.6,28.9,34.3,58.0,14.9,30.1
2021-01-14,Arunachal Pradesh,Itanagar,20.9,28.9,24.9,48.8,68.8,7.1,21.4
2021-11-29,Uttarakhand,Dehradun,20.7,29.7,25.2,67.2,52.5,5.6,26.5
2017-12-05,Uttar Pradesh,Varanasi,23.5,36.0,29.8,42.6,56.2,15.4,20.4
2024-06-06,Tripura,Agartala,15.5,23.6,19.6,47.8,49.4,10.9,34.7
2022-01-09,Karnataka,Bangalore,20.9,28.7,24.8,85.1,58.9,11.3,24.4
2020-11-16,Haryana,Gurgaon,15.4,26.8,21.1,17.9,65.3,7.4,21.8
2019-11-04,Haryana,Faridabad,19.3,29.7,24.5,24.0,62.3,18.6,27.9
2017-11-26,Delhi,New Delhi,13.5,34.7,24.1,30.4,46.8,12.5,27.3
2021-05-16,Gujarat,Surat,16.4,34.5,25.4,43.6,40.5,15.4,29.0
2024-05-13,Rajasthan,Jaipur,20.4,30.9,25.6,25.9,34.4,17.5,34.6
2021-12-19,Haryana,Gurgaon,28.4,34.5,31.4,5.6,47.5,15.9,29.8
2015-10-29,Rajasthan,Jodhpur,29.6,40.6,35.1,3.5,53.0,7.7,20.6
2015-06-30,Punjab,Patiala,26.3,36.2,31.2,43.1,45.5,9.3,31.4
2016-08-29,Haryana,Karnal,12.1,36.9,24.5,84.4,49.8,9.0,22.8
2023-09-06,Dadra and Nagar Haveli and Daman and Diu,Daman,20.2,32.4,26.3,88.0,60.2,20.3,23.8
2016-11-30,Andaman and Nicobar Islands,Port Blair,12.0,24.8,18.4,47.0,40.3,10.2,26.1
2017-09-19,Himachal Pradesh,Mandi,19.0,26.5,22.8,82.4,61.4,12.3,22.1
2018-02-13,Manipur,Imphal,18.9,34.1,26.5,63.5,47.3,16.5,22.3
2015-07-10,Chandigarh,Chandigarh,14.4,33.8,24.1,275.1,46.7,9.0,22.9
2021-04-19,Uttar Pradesh,Varanasi,20.7,40.0,30.4,11.5,50.7,9.1,25.1
2017-09-07,Jharkhand,Ranchi,21.8,33.5,27.6,81.9,46.0,10.2,24.6
2023-02-23,Andaman and Nicobar Islands,Port Blair,13.7,27.0,20.4,31.9,48.4,16.3,21.5
2020-06-29,Meghalaya,Shillong,22.0,31.5,26.8,253.0,40.2,19.2,25.5
2018-03-30,Ladakh,Leh,24.3,33.3,28.8,27.4,52.8,17.9,29.0
2024-02-10,Punjab,Patiala,27.3,38.5,32.9,41.9,52.9,5.4,20.9
2024-04-17,Sikkim,Gangtok,19.7,28.8,24.2,44.7,49.2,14.7,27.4
2015-05-08,Gujarat,Surat,22.8,34.6,28.7,13.0,65.0,12.9,33.7
2020-08-27,Tamil Nadu,Coimbatore,22.1,29.0,25.6,46.5,53.3,10.2,20.8
2019-12-22,Andaman and Nicobar Islands,Port Blair,23.5,34.4,29.0,70.6,78.4,12.4,25.3
2019-10-25,Meghalaya,Shillong,12.0,19.5,15.8,59.1,74.2,16.8,28.3
2022-02-26,West Bengal,Howrah,15.0,28.4,21.7,62.8,89.8,19.2,26.0
2016-07-23,Dadra and Nagar Haveli and Daman and Diu,Daman,12.1,21.7,16.9,121.9,74.9,10.6,22.2
2018-09-08,Maharashtra,Nagpur,22.2,39.1,30.6,271.8,69.1,13.8,21.9
2020-03-10,Delhi,New Delhi,13.3,31.7,22.5,67.5,59.7,10.4,28.1
2022-06-26,Himachal Pradesh,Shimla,13.5,19.0,16.2,131.2,67.3,16.6,34.8
2025-07-30,Uttarakhand,Dehradun,23.0,28.4,25.7,223.2,53.5,18.2,26.2
2016-09-17,Telangana,Nizamabad,24.0,38.4,31.2,224.3,75.6,12.2,23.5
2024-03-13,Madhya Pradesh,Bhopal,23.7,41.6,32.6,25.4,31.3,11.7,25.4
2022-12-11,Uttar Pradesh,Lucknow,26.6,39.2,32.9,58.1,69.1,9.5,26.4
2019-08-14,Andaman and Nicobar Islands,Port Blair,20.1,35.0,27.6,58.8,47.7,10.3,25.9
2023-03-29,West Bengal,Darjeeling,12.4,30.9,21.6,102.4,67.3,13.4,29.1
2025-02-27,West Bengal,Howrah,20.3,27.9,24.1,49.5,71.2,7.3,26.1
2015-06-04,Haryana,Karnal,30.0,38.3,34.2,87.0,43.3,22.0,33.7
2021-12-12,Tamil Nadu,Coimbatore,23.8,32.1,28.0,73.9,61.0,6.8,23.1
2018-11-10,Andaman and Nicobar Islands,Port Blair,16.5,24.9,20.7,20.2,40.2,14.5,26.1
2017-02-23,Chhattisgarh,Raipur,12.8,34.0,23.4,33.7,41.0,8.3,26.9
2023-09-11,Gujarat,Ahmedabad,18.4,24.4,21.4,131.2,50.7,19.4,27.7
2024-06-26,Ladakh,Leh,24.4,29.7,27.0,30.9,79.5,17.7,32.2
2025-08-18,Uttarakhand,Dehradun,11.4,17.7,14.6,64.9,57.1,9.7,24.5
2015-09-03,Arunachal Pradesh,Itanagar,18.4,23.4,20.9,52.0,55.0,8.8,21.3
2023-11-22,Tripura,Agartala,13.5,25.6,19.6,55.0,45.3,16.1,28.6
2023-07-08,Himachal Pradesh,Kangra,13.0,18.5,15.8,154.6,66.4,22.7,29.5
2019-02-09,Uttarakhand,Dehradun,15.9,29.6,22.8,67.4,73.2,12.2,22.6
2019-09-02,Andhra Pradesh,Krishna,21.4,33.0,27.2,227.9,79.1,20.9,22.0
2022-09-07,Tamil Nadu,Chennai,25.8,32.9,29.4,286.1,73.3,12.1,22.3
2016-06-21,Jharkhand,Ranchi,11.6,17.5,14.6,260.4,42.0,9.3,27.4
2020-03-05,Tripura,Agartala,23.3,30.5,26.9,18.4,68.6,9.8,23.3
2020-01-16,Assam,Kamrup,21.1,28.3,24.7,137.1,79.6,13.1,22.6
2017-07-09,Goa,North Goa,22.5,31.8,27.2,63.5,48.3,15.0,27.8
2021-09-21,Goa,North Goa,24.1,33.0,28.6,161.7,50.0,18.1,29.8
2016-06-08,Arunachal Pradesh,Itanagar,17.1,24.2,20.6,48.9,50.8,16.5,34.5
2022-11-15,Nagaland,Kohima,14.5,24.2,19.4,38.7,76.7,11.3,22.2
2019-03-10,Tamil Nadu,Chennai,21.3,31.6,26.4,82.1,60.2,12.7,26.0
2023-01-29,Arunachal Pradesh,Itanagar,16.8,24.3,20.6,69.5,62.6,15.9,26.4
2025-09-01,Kerala,Thrissur,25.0,32.3,28.6,312.5,70.8,13.4,22.8
2015-02-05,Sikkim,Gangtok,24.7,34.3,29.5,27.2,52.2,6.6,28.8
2016-11-15,Punjab,Ludhiana,14.3,31.2,22.8,45.5,46.3,17.1,24.3
2015-01-20,Telangana,Hyderabad,26.4,35.1,30.8,35.5,79.6,14.2,23.7
2021-06-26,Punjab,Patiala,11.4,17.3,14.4,147.2,44.9,20.3,28.6
2025-07-14,Andhra Pradesh,Visakhapatnam,23.7,37.5,30.6,167.3,76.5,16.9,22.4
2022-01-03,Andhra Pradesh,Visakhapatnam,25.7,30.7,28.2,30.3,56.2,14.8,21.4
2016-02-04,Mizoram,Aizawl,14.4,24.6,19.5,5.2,41.9,9.7,22.2
2022-05-25,Andhra Pradesh,Krishna,21.2,28.3,24.8,64.3,70.5,12.3,34.1
2017-08-29,Chandigarh,Chandigarh,10.4,22.2,16.3,250.5,65.1,22.7,29.4
2020-03-21,Assam,Kamrup,12.5,34.5,23.5,143.2,73.1,19.7,20.4
2021-11-23,Karnataka,Mysore,24.6,31.8,28.2,21.7,66.0,9.6,26.7
2018-03-12,Telangana,Nizamabad,24.5,33.6,29.0,21.8,64.1,17.4,26.0
2018-01-20,Sikkim,Gangtok,19.2,29.7,24.4,32.2,58.3,19.8,27.5
2024-05-18,Uttar Pradesh,Lucknow,16.6,30.9,23.8,32.5,63.0,12.0,31.9
2017-04-13,Madhya Pradesh,Bhopal,17.2,30.3,23.8,52.5,43.2,19.5,26.7
2019-12-29,Andhra Pradesh,Visakhapatnam,22.4,33.2,27.8,61.8,71.9,7.6,22.4
2022-08-06,Telangana,Warangal,24.9,32.9,28.9,149.8,59.5,16.9,22.5
2020-06-05,Jharkhand,Ranchi,12.4,24.4,18.4,43.0,61.1,20.6,26.2
2017-05-03,Jammu and Kashmir,Srinagar,2.3,9.1,5.7,65.1,43.2,19.8,28.6
2015-02-20,Telangana,Nizamabad,21.9,28.1,25.0,48.1,63.4,12.4,23.1
2025-03-25,West Bengal,Kolkata,16.6,26.9,21.8,59.0,63.7,15.1,23.0
2025-04-27,Ladakh,Leh,15.3,26.7,21.0,5.3,59.7,8.8,25.6
2016-07-28,Meghalaya,Shillong,23.7,30.7,27.2,139.3,73.1,10.5,28.5
2023-12-06,Meghalaya,Shillong,13.6,28.3,21.0,53.0,76.2,14.1,24.5
2018-02-22,Mizoram,Aizawl,18.6,25.9,22.2,53.2,47.5,13.4,26.5
2021-01-06,Manipur,Imphal,23.5,31.4,27.4,59.3,46.7,7.3,25.2
2021-06-19,Meghalaya,Shillong,18.9,30.9,24.9,228.8,51.8,17.3,26.9
2022-03-02,Manipur,Imphal,13.3,19.4,16.4,57.3,60.3,8.6,25.6
2024-05-06,Puducherry,Puducherry,15.3,32.6,24.0,42.0,41.2,19.8,25.7
2021-06-10,Karnataka,Bangalore,25.0,33.5,29.2,129.8,70.4,9.9,33.6
2019-09-12,Andhra Pradesh,Guntur,22.5,32.0,27.2,204.5,50.0,15.1,28.9
2016-11-12,Manipur,Imphal,20.2,29.0,24.6,51.2,77.5,7.8,25.3
2017-04-17,Uttar Pradesh,Lucknow,11.3,38.3,24.8,44.7,70.1,19.1,27.3
2025-07-21,Bihar,Purnia,9.1,21.6,15.4,143.8,65.0,20.0,23.5
2017-12-13,Chhattisgarh,Raipur,17.1,32.2,24.7,20.8,48.7,13.8,24.4
2023-05-09,Jammu and Kashmir,Srinagar,19.0,26.1,22.6,59.4,63.3,5.8,25.8
2021-10-27,Madhya Pradesh,Bhopal,14.5,22.7,18.6,23.1,53.2,14.0,25.9
2022-04-14,Jharkhand,Ranchi,11.8,27.7,19.8,33.7,76.1,18.7,32.7
2023-04-29,Karnataka,Belgaum,25.0,30.9,28.0,17.6,77.8,11.4,29.5
2021-04-30,Nagaland,Kohima,22.7,32.2,27.4,17.6,48.4,5.1,32.1
2023-07-22,Puducherry,Puducherry,17.3,34.4,25.8,219.9,44.1,10.4,25.0
2019-05-15,Tamil Nadu,Chennai,27.4,33.8,30.6,84.3,60.9,9.0,34.0
2023-05-10,Gujarat,Vadodara,15.8,34.8,25.3,6.9,62.0,17.4,33.9
2025-02-08,Assam,Tinsukia,12.8,19.9,16.4,87.9,69.5,14.1,25.1
2015-01-05,Kerala,Kozhikode,22.4,33.0,27.7,125.5,88.9,10.9,23.4
2018-01-31,Gujarat,Rajkot,18.3,26.7,22.5,19.4,69.3,6.4,22.6
2018-05-04,Uttar Pradesh,Kanpur,7.3,20.4,13.8,10.1,55.4,11.6,26.7
2017-02-12,Delhi,New Delhi,12.6,28.5,20.6,32.1,42.2,18.8,24.0
2017-05-26,Manipur,Imphal,18.9,33.7,26.3,33.2,72.8,18.7,26.7
2017-09-18,Arunachal Pradesh,Itanagar,23.4,29.2,26.3,97.0,72.3,21.5,26.8
2023-01-10,Gujarat,Ahmedabad,16.8,32.4,24.6,30.8,41.3,19.9,23.4
2024-05-14,Lakshadweep,Kavaratti,13.2,20.1,16.6,31.5,67.7,8.5,32.7
2015-02-16,Bihar,Gaya,11.0,26.6,18.8,55.7,45.4,14.0,28.0
2022-12-24,Punjab,Amritsar,19.9,32.6,26.2,42.7,69.4,7.7,26.9
2022-11-10,Ladakh,Leh,11.2,17.0,14.1,24.7,78.8,13.3,22.7
2023-03-03,Lakshadweep,Kavaratti,12.0,33.6,22.8,30.4,52.3,17.9,26.0
2025-08-27,West Bengal,Darjeeling,13.0,26.4,19.7,467.0,86.0,9.1,22.7
2022-05-27,Madhya Pradesh,Bhopal,13.4,31.0,22.2,46.2,41.8,16.4,31.7
2015-09-26,Andhra Pradesh,Krishna,27.3,39.6,33.4,150.4,60.3,18.3,28.1
2016-01-05,Jammu and Kashmir,Srinagar,3.8,26.8,15.3,13.8,40.3,7.4,29.8
2016-09-27,Chandigarh,Chandigarh,17.9,23.5,20.7,299.2,69.8,20.6,22.1
2018-02-03,Ladakh,Leh,11.6,26.1,18.8,59.1,65.5,14.5,27.6
2019-08-21,Tripura,Agartala,13.4,29.4,21.4,129.8,42.8,11.0,27.9
2019-08-10,Meghalaya,Shillong,23.4,30.3,26.8,73.3,41.1,22.2,26.8
2016-10-18,Odisha,Bhubaneswar,29.4,39.2,34.3,40.6,53.9,12.5,20.3
2015-04-30,Andhra Pradesh,Krishna,21.5,29.7,25.6,53.3,65.3,9.5,30.6
2017-04-10,Chhattisgarh,Raipur,11.9,30.6,21.2,54.8,48.7,14.1,30.0
2019-12-16,Sikkim,Gangtok,10.9,21.2,16.0,75.0,44.0,12.6,28.5
2025-01-23,Telangana,Nizamabad,21.6,30.1,25.8,67.9,52.2,14.8,27.4
2017-12-17,Ladakh,Leh,21.8,35.0,28.4,61.2,66.3,18.4,29.1
2020-05-28,Ladakh,Leh,24.6,33.8,29.2,18.6,68.4,6.1,28.2
2018-10-01,Bihar,Purnia,10.5,38.8,24.6,32.0,68.5,13.6,21.1
2017-01-10,Ladakh,Leh,18.4,31.1,24.8,66.7,42.8,9.4,26.9
2024-09-15,Nagaland,Kohima,10.5,19.5,15.0,81.2,66.8,12.3,26.0
2015-04-27,Meghalaya,Shillong,24.5,33.9,29.2,28.3,58.9,8.0,25.2
2020-01-28,Nagaland,Kohima,14.3,25.1,19.7,44.5,77.8,19.2,20.7
2022-10-09,Sikkim,Gangtok,19.2,24.7,22.0,50.4,44.7,19.2,28.6
2018-02-24,Arunachal Pradesh,Itanagar,10.3,30.7,20.5,49.5,59.8,14.0,26.8
2024-06-26,Rajasthan,Udaipur,32.1,43.2,37.7,96.3,53.0,22.8,28.0
2020-04-15,Ladakh,Leh,11.8,30.1,21.0,73.5,44.7,11.5,25.6
2017-10-09,Andaman and Nicobar Islands,Port Blair,21.6,34.6,28.1,39.9,56.4,18.6,21.3
2019-07-23,Uttar Pradesh,Lucknow,29.1,37.2,33.2,143.1,56.4,17.2,29.4
2017-12-17,Rajasthan,Jaipur,33.8,44.0,38.9,9.7,33.3,12.3,29.1
2016-09-25,Mizoram,Aizawl,17.8,34.7,26.2,295.5,63.9,21.2,30.0
2016-05-27,Meghalaya,Shillong,22.7,32.5,27.6,64.2,43.3,14.5,27.2
2025-06-19,Dadra and Nagar Haveli and Daman and Diu,Daman,11.7,33.0,22.4,199.1,49.7,13.8,34.7
2022-10-20,Himachal Pradesh,Mandi,17.2,22.3,19.8,73.7,54.7,15.4,27.1
2018-01-24,Dadra and Nagar Haveli and Daman and Diu,Daman,23.7,34.3,29.0,24.7,65.7,10.9,25.3
2025-02-26,Maharashtra,Nagpur,24.7,33.8,29.2,63.3,49.4,14.1,27.6
2018-02-15,Arunachal Pradesh,Itanagar,16.4,34.7,25.6,9.0,63.6,13.8,20.4
2016-07-13,Maharashtra,Pune,20.7,38.6,29.6,290.5,59.6,14.2,28.9
2025-01-20,Delhi,New Delhi,15.5,33.0,24.2,26.6,61.3,7.2,28.3
2016-05-02,Jammu and Kashmir,Srinagar,14.7,25.2,20.0,11.7,59.3,8.4,29.1
2024-01-22,Punjab,Amritsar,26.4,38.0,32.2,15.9,69.4,18.5,25.3
2017-06-15,Arunachal Pradesh,Itanagar,18.0,33.8,25.9,198.1,61.5,19.2,27.4
2024-02-26,Odisha,Bhubaneswar,28.2,36.8,32.5,64.3,53.1,9.6,24.3
2018-04-27,Nagaland,Kohima,16.2,31.9,24.0,24.8,47.3,13.7,31.2
2016-12-04,Meghalaya,Shillong,11.8,16.8,14.3,69.2,43.2,18.5,24.0
2019-01-10,Bihar,Gaya,22.4,29.7,26.0,63.6,47.2,10.8,22.4
2016-08-03,Kerala,Kozhikode,24.5,34.2,29.4,286.0,69.2,19.6,28.8
2022-10-08,Andaman and Nicobar Islands,Port Blair,19.4,34.2,26.8,31.8,46.1,7.7,26.7
2022-12-18,Gujarat,Surat,21.9,29.3,25.6,18.2,51.2,6.8,20.0
2021-04-13,Maharashtra,Nagpur,29.0,35.8,32.4,35.5,71.4,17.8,31.3
2023-08-14,Kerala,Kozhikode,22.8,34.0,28.4,355.2,71.4,17.1,27.0
2015-06-03,Jammu and Kashmir,Srinagar,11.9,29.0,20.4,203.3,75.1,16.8,28.3
2019-08-07,Chhattisgarh,Raipur,18.0,24.0,21.0,84.4,70.6,17.9,21.7
2024-08-07,Mizoram,Aizawl,16.6,23.5,20.0,259.6,44.4,17.8,26.1
2017-09-23,Lakshadweep,Kavaratti,17.1,25.7,21.4,133.1,72.3,19.4,27.4
2023-08-24,Jharkhand,Ranchi,21.2,27.5,24.4,47.7,74.5,20.6,26.8
2022-07-07,Mizoram,Aizawl,19.1,28.1,23.6,82.7,66.7,21.7,24.4
2024-03-10,Chhattisgarh,Raipur,14.5,23.7,19.1,6.7,60.8,19.8,28.2
2018-05-28,Himachal Pradesh,Mandi,17.9,27.3,22.6,41.3,79.6,11.7,34.2
2017-12-28,Delhi,New Delhi,21.4,29.2,25.3,40.2,55.4,7.0,23.6
2023-07-16,Ladakh,Leh,23.3,33.3,28.3,97.7,54.7,17.2,24.2
2017-10-05,Ladakh,Leh,17.5,31.2,24.4,37.7,47.6,12.8,23.6
2020-11-11,Nagaland,Kohima,14.4,24.5,19.4,35.7,75.5,16.0,26.7
2019-11-09,Himachal Pradesh,Shimla,9.4,14.4,11.9,32.1,72.5,10.8,25.6
2017-08-15,Andaman and Nicobar Islands,Port Blair,13.1,33.6,23.4,278.5,45.8,18.9,20.8
2023-05-18,Maharashtra,Nashik,25.2,32.0,28.6,26.8,40.2,19.1,33.3
2016-03-28,Tripura,Agartala,11.2,27.5,19.4,21.3,50.6,18.1,21.1
2018-05-12,Manipur,Imphal,19.0,28.4,23.7,18.4,58.1,19.1,32.8
2023-02-07,Goa,North Goa,12.0,32.3,22.2,70.6,51.1,10.0,21.3
2021-03-15,Andaman and Nicobar Islands,Port Blair,15.2,30.2,22.7,24.1,40.3,10.1,24.5
2021-11-26,Manipur,Imphal,18.5,31.4,25.0,9.3,58.8,9.0,29.5
2021-10-15,Andaman and Nicobar Islands,Port Blair,15.4,21.9,18.6,7.9,50.6,7.7,26.5
2021-07-16,Bihar,Gaya,26.6,34.2,30.4,190.2,69.2,14.0,20.7
2016-07-04,Nagaland,Kohima,13.4,33.1,23.2,250.9,43.5,11.4,27.7
2019-06-24,Meghalaya,Shillong,17.3,32.0,24.6,79.1,78.1,19.8,27.0
2018-08-05,Karnataka,Bangalore,23.6,29.7,26.6,170.1,69.7,13.0,26.6
2024-02-08,Maharashtra,Mumbai,20.9,36.1,28.5,51.4,75.6,7.1,23.6
2019-10-24,Assam,Cachar,17.0,27.5,22.2,79.1,75.6,19.8,21.9
2015-12-23,Nagaland,Kohima,21.5,31.2,26.4,34.0,65.3,17.8,24.7
2020-09-01,Punjab,Ludhiana,26.6,32.4,29.5,137.6,43.3,13.8,25.7
2019-11-21,Tripura,Agartala,17.2,27.1,22.2,26.6,64.7,12.6,23.2
2022-01-13,Madhya Pradesh,Bhopal,14.5,36.9,25.7,49.0,38.6,8.9,22.4
2019-11-17,Bihar,Purnia,27.5,38.3,32.9,14.8,73.3,5.6,22.5
2025-09-13,Maharashtra,Nagpur,29.0,39.2,34.1,399.5,60.6,12.8,28.8
2023-09-07,Delhi,New Delhi,19.9,27.9,23.9,149.7,75.3,21.6,26.6
2022-10-20,West Bengal,Howrah,23.2,28.6,25.9,79.5,77.6,5.3,28.4
2023-11-26,Haryana,Karnal,28.2,34.8,31.5,43.1,56.6,13.7,28.4
2024-01-08,Puducherry,Puducherry,14.3,31.7,23.0,27.0,71.5,11.8,21.2
2022-09-10,Chhattisgarh,Raipur,15.7,24.0,19.8,48.1,44.4,19.7,28.8
2025-03-19,Chhattisgarh,Raipur,23.9,34.1,29.0,63.1,42.8,16.9,27.8
2021-10-25,Dadra and Nagar Haveli and Daman and Diu,Daman,12.0,28.9,20.4,36.7,76.0,15.4,29.5
2019-06-20,Himachal Pradesh,Kangra,2.1,8.0,5.0,293.1,43.2,13.8,31.5
2022-09-17,Lakshadweep,Kavaratti,23.2,29.9,26.6,28.1,60.9,15.1,23.1
2017-10-12,Delhi,New Delhi,23.1,33.3,28.2,65.1,46.5,15.4,29.8
2018-09-10,Assam,Dibrugarh,19.2,26.1,22.6,597.9,78.5,20.6,21.5
2016-05-30,Chandigarh,Chandigarh,20.0,34.1,27.0,42.2,51.5,6.9,28.0
2023-06-15,Kerala,Kozhikode,23.1,33.0,28.0,189.3,63.2,13.8,29.6
2022-10-10,Andaman and Nicobar Islands,Port Blair,19.4,31.9,25.6,67.2,51.6,12.9,23.7
2015-12-02,Assam,Kamrup,10.0,26.6,18.3,127.0,61.3,5.1,27.3
2019-11-18,Uttar Pradesh,Kanpur,23.5,34.0,28.8,41.4,77.7,8.7,22.5
2021-04-24,Chandigarh,Chandigarh,12.8,30.3,21.6,29.7,79.5,15.7,28.7
2016-05-11,Himachal Pradesh,Kangra,3.0,21.0,12.0,29.2,76.2,11.6,27.9
2017-06-14,Uttar Pradesh,Kanpur,20.9,28.1,24.5,143.5,32.8,17.1,30.3
2021-01-16,Arunachal Pradesh,Itanagar,17.8,31.1,24.5,8.1,58.4,11.7,24.6
2024-09-16,Assam,Tinsukia,24.7,30.4,27.6,445.2,74.1,15.7,27.6
2017-05-01,Bihar,Muzaffarpur,11.5,34.4,23.0,14.6,59.3,16.1,26.9
2019-08-15,Tripura,Agartala,21.6,28.0,24.8,243.8,58.8,18.3,29.2
2020-04-15,Madhya Pradesh,Bhopal,19.0,28.2,23.6,52.7,36.5,14.5,34.2
2022-06-30,Jammu and Kashmir,Srinagar,13.5,20.8,17.2,79.6,50.1,13.9,26.6
2025-04-04,Tamil Nadu,Coimbatore,26.4,33.8,30.1,94.2,79.5,18.6,27.9
2021-08-24,Himachal Pradesh,Mandi,11.5,20.8,16.2,106.8,64.3,20.3,20.9
2019-04-18,Arunachal Pradesh,Itanagar,14.1,22.4,18.2,60.9,77.3,6.2,28.8
2017-08-14,Dadra and Nagar Haveli and Daman and Diu,Daman,23.7,30.9,27.3,219.5,44.0,14.7,25.0
2022-07-01,Arunachal Pradesh,Itanagar,21.4,28.9,25.2,94.0,52.1,16.3,28.8
2024-07-30,Lakshadweep,Kavaratti,22.5,27.9,25.2,266.1,43.8,14.2,27.7
2019-06-25,Nagaland,Kohima,11.2,17.0,14.1,112.4,69.2,15.8,29.2
2018-07-15,Madhya Pradesh,Bhopal,27.9,39.9,33.9,192.9,48.4,8.3,21.7
2025-09-11,Chhattisgarh,Raipur,21.1,32.8,27.0,292.2,47.6,9.8,21.4
2024-12-27,Jharkhand,Ranchi,12.8,26.9,19.8,73.3,63.6,12.8,26.7
2018-12-11,Tripura,Agartala,11.1,31.5,21.3,50.3,46.8,14.5,26.0
2018-04-06,Puducherry,Puducherry,11.0,21.1,16.0,32.4,49.8,8.6,30.7
2025-09-18,Chandigarh,Chandigarh,17.1,30.7,23.9,287.8,66.4,16.7,28.5
2017-12-02,Gujarat,Ahmedabad,25.7,32.6,29.2,19.2,59.3,16.1,29.9
2024-12-06,Goa,North Goa,19.4,33.9,26.6,8.8,62.6,18.8,22.9
2015-10-12,Assam,Cachar,12.3,23.5,17.9,124.0,63.0,14.0,21.4
2021-09-10,Madhya Pradesh,Bhopal,19.6,41.4,30.5,62.9,31.4,14.4,25.8
2015-01-12,Assam,Cachar,14.5,27.9,21.2,144.2,70.9,9.6,24.8
2019-06-19,Uttar Pradesh,Kanpur,18.9,23.9,21.4,155.5,79.9,12.4,31.3
2024-03-27,Telangana,Nizamabad,18.1,33.3,25.7,39.1,61.2,13.2,21.8
2024-02-07,Goa,North Goa,21.5,31.2,26.4,23.9,77.5,5.2,27.3
2021-12-21,Kerala,Thrissur,23.1,31.7,27.4,61.4,69.6,5.2,27.3
2017-01-23,Ladakh,Leh,20.7,31.8,26.2,66.5,76.1,13.3,26.8
2020-09-13,Arunachal Pradesh,Itanagar,10.2,32.0,21.1,248.6,40.8,16.1,29.1
2022-08-06,Karnataka,Belgaum,19.8,29.5,24.6,159.2,56.0,8.6,22.8
2022-12-06,Puducherry,Puducherry,14.4,32.9,23.6,29.6,57.9,10.7,21.2
2015-03-31,Uttar Pradesh,Kanpur,31.7,41.1,36.4,34.8,53.8,14.7,23.3
2017-02-14,Nagaland,Kohima,10.8,23.6,17.2,73.9,47.3,12.9,20.1
2022-04-06,Rajasthan,Jaipur,13.1,33.9,23.5,13.7,56.2,11.1,27.1
2023-04-06,Ladakh,Leh,18.2,32.6,25.4,6.4,60.2,16.6,26.0
2019-06-14,Sikkim,Gangtok,23.5,30.2,26.8,67.8,63.6,10.6,31.8
2023-05-28,Chandigarh,Chandigarh,17.4,23.8,20.6,68.9,66.9,13.2,28.7
2016-02-22,Chandigarh,Chandigarh,12.0,29.7,20.8,62.0,45.0,12.4,24.8
2015-04-25,Haryana,Faridabad,13.7,35.5,24.6,9.5,38.2,5.0,28.7
2016-09-08,Puducherry,Puducherry,14.4,32.9,23.6,228.8,43.4,19.1,26.8
2023-12-12,Himachal Pradesh,Mandi,5.6,10.9,8.2,17.5,50.0,17.2,24.7
2017-04-05,Punjab,Amritsar,28.0,38.5,33.2,17.9,63.8,6.8,25.4
2024-10-12,Tripura,Agartala,19.1,27.8,23.5,28.1,67.5,17.8,23.2
2019-07-08,Odisha,Bhubaneswar,19.9,33.0,26.4,275.1,57.1,21.7,26.5
2019-02-25,Chhattisgarh,Raipur,19.4,34.0,26.7,68.5,45.4,7.2,27.6
2023-08-13,Karnataka,Belgaum,27.6,36.2,31.9,188.1,70.8,11.4,30.0
2016-02-17,Manipur,Imphal,16.5,34.1,25.3,35.2,77.1,10.0,27.6
2024-06-09,Haryana,Gurgaon,28.8,37.8,33.3,142.0,34.1,15.1,33.9
2024-07-23,Odisha,Bhubaneswar,18.6,36.5,27.6,283.3,57.8,12.2,24.3
2016-12-29,Tamil Nadu,Coimbatore,21.0,37.0,29.0,76.5,62.8,9.5,26.9
2024-03-02,Uttarakhand,Dehradun,16.4,24.5,20.4,35.1,74.9,6.0,23.7
2023-05-27,Lakshadweep,Kavaratti,24.4,29.5,27.0,67.3,55.0,7.8,25.1
2022-09-09,Uttar Pradesh,Kanpur,6.9,17.1,12.0,25.6,46.8,8.7,26.9
2016-11-06,Uttarakhand,Dehradun,22.3,34.1,28.2,43.4,77.9,5.1,21.3
2024-06-27,Odisha,Bhubaneswar,19.4,36.7,28.0,358.7,71.6,13.7,31.7
2020-03-07,Andaman and Nicobar Islands,Port Blair,12.7,25.6,19.2,40.5,44.2,5.5,27.5
2021-11-09,Delhi,New Delhi,18.0,27.0,22.5,35.6,78.3,10.8,21.0
2023-02-15,Odisha,Bhubaneswar,22.0,35.4,28.7,11.1,61.6,10.9,24.6
2021-02-17,Odisha,Bhubaneswar,19.5,34.8,27.2,95.0,82.0,15.0,25.1
2022-08-18,Delhi,New Delhi,22.4,33.8,28.1,252.3,46.3,8.4,29.8
2025-04-18,Meghalaya,Shillong,24.4,32.6,28.5,74.5,70.8,12.8,28.9
2018-01-27,Tamil Nadu,Madurai,24.7,34.0,29.4,99.4,67.2,17.5,28.1
2019-04-21,Gujarat,Vadodara,16.2,23.0,19.6,34.7,40.4,14.9,26.4
2017-09-04,Uttar Pradesh,Lucknow,15.7,22.9,19.3,82.1,34.4,22.6,24.0
2017-10-05,Lakshadweep,Kavaratti,23.5,34.8,29.2,68.7,58.2,16.7,21.5
2020-11-13,Kerala,Kozhikode,22.3,34.1,28.2,28.9,89.2,15.1,24.2
2019-08-15,Haryana,Karnal,8.5,32.7,20.6,121.4,58.4,14.3,20.7
2022-06-03,Chhattisgarh,Raipur,14.7,24.5,19.6,22.4,40.4,13.0,32.3
2023-12-06,West Bengal,Kolkata,21.2,29.0,25.1,79.3,75.9,12.8,25.2
2025-06-04,Chhattisgarh,Raipur,15.5,22.3,18.9,127.9,53.8,16.9,33.6
2015-02-06,Uttar Pradesh,Lucknow,15.1,35.6,25.4,49.7,40.6,18.5,20.7
2025-07-18,Chhattisgarh,Raipur,23.5,29.6,26.6,114.4,64.2,21.6,22.6
2024-06-02,Sikkim,Gangtok,21.5,32.5,27.0,64.7,59.2,15.2,28.0
2025-04-24,Manipur,Imphal,21.7,34.4,28.0,55.2,78.9,5.8,25.4
2019-03-29,Madhya Pradesh,Bhopal,29.7,41.3,35.5,10.9,44.3,17.5,21.3
2021-05-15,West Bengal,Howrah,14.8,32.2,23.5,122.9,81.9,16.7,28.4
2021-03-14,Delhi,New Delhi,19.9,26.0,23.0,74.5,59.2,14.6,28.8
2022-12-24,Tamil Nadu,Chennai,20.0,37.7,28.8,42.3,61.9,7.2,28.6
2017-05-22,Delhi,New Delhi,23.1,28.2,25.6,8.9,76.7,6.8,31.2
2019-12-27,Nagaland,Kohima,19.3,33.6,26.4,45.1,57.4,19.6,22.3
2018-07-20,Chandigarh,Chandigarh,13.9,20.3,17.1,293.1,68.3,8.2,27.0
2020-10-10,Uttar Pradesh,Varanasi,15.9,41.3,28.6,20.3,65.5,14.4,20.1
2016-08-18,Meghalaya,Shillong,23.3,29.2,26.2,205.8,71.0,17.5,21.0
2020-03-18,Madhya Pradesh,Bhopal,31.5,37.8,34.6,39.5,61.9,19.1,26.0
2016-12-29,Delhi,New Delhi,13.9,32.4,23.2,16.4,40.9,18.6,25.8
2018-09-27,Uttar Pradesh,Varanasi,6.9,29.3,18.1,51.9,31.6,9.7,27.8
2016-02-01,Andhra Pradesh,Guntur,27.6,37.1,32.4,23.6,72.2,11.1,25.1
2016-11-29,Arunachal Pradesh,Itanagar,23.5,31.5,27.5,48.8,78.5,11.8,25.6
2023-06-18,Goa,North Goa,18.8,26.5,22.6,226.3,69.1,11.2,25.1
2021-02-02,Telangana,Nizamabad,30.0,37.9,34.0,21.8,51.3,14.3,21.4
2019-06-24,Nagaland,Kohima,10.6,31.1,20.8,220.4,52.4,8.9,29.9
2016-01-31,Uttarakhand,Dehradun,14.1,25.4,19.8,24.2,47.0,10.8,29.6
2021-10-28,Haryana,Gurgaon,11.7,24.5,18.1,19.8,49.2,17.7,24.0
2024-01-18,West Bengal,Kolkata,24.5,30.5,27.5,112.9,57.4,5.6,21.6
2015-03-17,Jharkhand,Ranchi,12.9,26.6,19.8,36.5,68.6,5.8,25.0
2015-09-22,Mizoram,Aizawl,15.0,29.5,22.2,32.2,41.4,14.4,28.1
2021-11-07,Andaman and Nicobar Islands,Port Blair,20.1,25.3,22.7,17.5,49.1,11.3,25.9
2019-12-25,Goa,North Goa,13.2,24.6,18.9,45.9,55.3,7.1,24.9
2016-12-18,Maharashtra,Nagpur,21.9,38.2,30.0,99.2,48.6,7.3,23.5
2022-08-14,Sikkim,Gangtok,16.2,34.1,25.2,104.5,74.7,15.6,28.9
2024-06-17,Goa,North Goa,20.5,32.2,26.4,165.3,73.6,11.8,34.1
2024-12-14,Uttar Pradesh,Varanasi,22.2,33.7,28.0,59.0,73.1,16.6,22.7
2017-04-30,Kerala,Thrissur,24.9,33.7,29.3,100.7,87.7,7.4,26.4
2024-10-17,Jammu and Kashmir,Srinagar,11.3,17.1,14.2,53.2,49.6,6.8,24.1
2018-10-22,Maharashtra,Mumbai,23.6,30.5,27.0,14.8,58.6,16.4,28.7
2015-05-24,Sikkim,Gangtok,11.5,26.2,18.8,23.4,55.0,19.0,28.5
2017-06-03,Tamil Nadu,Chennai,22.9,30.0,26.4,385.6,66.0,16.6,29.5
2023-08-07,Gujarat,Ahmedabad,19.3,38.6,29.0,25.1,57.6,16.9,21.4
2023-09-06,Tripura,Agartala,12.5,29.0,20.8,107.4,50.6,8.9,27.7
2016-01-31,Madhya Pradesh,Bhopal,29.4,40.6,35.0,30.6,51.4,8.6,21.7
2023-06-24,Rajasthan,Jodhpur,30.6,43.1,36.8,126.6,38.5,21.0,34.3
2023-03-15,Jharkhand,Ranchi,14.9,23.3,19.1,37.5,47.2,18.3,23.4
2023-01-17,Himachal Pradesh,Kangra,11.5,24.5,18.0,43.5,46.3,19.9,21.7
2019-02-01,Manipur,Imphal,21.3,33.2,27.2,15.2,77.3,12.3,26.3
2024-09-25,Arunachal Pradesh,Itanagar,19.6,29.9,24.8,59.8,70.1,16.7,21.2
2024-12-15,Tripura,Agartala,20.5,32.2,26.4,43.4,43.6,10.3,20.5
2023-10-28,Madhya Pradesh,Bhopal,20.5,40.5,30.5,5.1,40.7,17.0,20.1
2018-03-13,Puducherry,Puducherry,10.2,27.3,18.8,60.2,71.1,16.7,23.6
2022-03-01,Puducherry,Puducherry,23.2,28.3,25.8,26.9,53.5,7.5,23.4
2017-11-28,Jammu and Kashmir,Srinagar,11.7,23.6,17.6,30.8,70.0,15.7,22.8
2020-11-26,Assam,Tinsukia,14.8,24.2,19.5,41.1,86.3,5.7,21.5
2025-04-22,Goa,North Goa,11.6,31.8,21.7,8.1,66.6,5.7,32.9
2017-12-01,Odisha,Bhubaneswar,28.7,36.8,32.8,82.4,74.7,16.9,27.7
2018-04-24,Assam,Kamrup,13.1,26.5,19.8,145.1,72.0,19.6,30.8
2023-03-02,Nagaland,Kohima,16.9,30.5,23.7,62.1,55.8,5.5,27.1
2021-09-11,Himachal Pradesh,Shimla,19.1,27.8,23.5,89.0,49.9,21.6,20.1
2024-01-08,Kerala,Ernakulam,23.6,29.6,26.6,60.3,69.2,8.3,27.9
2016-09-25,Chhattisgarh,Raipur,15.0,25.2,20.1,146.8,76.1,18.3,20.6
2018-03-02,Assam,Kamrup,10.6,26.6,18.6,135.9,71.3,8.7,27.5
2023-11-09,Karnataka,Belgaum,24.0,34.1,29.0,23.4,47.9,9.2,22.1
2018-05-23,Chandigarh,Chandigarh,24.6,29.7,27.2,48.8,60.7,9.8,33.9
2017-01-02,Bihar,Patna,22.7,40.0,31.4,21.0,43.5,7.1,22.7
2015-08-23,Chhattisgarh,Raipur,16.3,33.1,24.7,99.4,76.6,14.9,26.5
2025-09-19,Andhra Pradesh,Guntur,22.6,29.5,26.0,266.1,53.3,19.6,25.8
2022-05-29,Uttarakhand,Dehradun,22.9,33.0,28.0,24.7,63.0,5.2,29.8
2017-01-20,West Bengal,Darjeeling,11.5,25.7,18.6,22.6,88.2,12.8,29.1
2022-03-20,Andaman and Nicobar Islands,Port Blair,10.3,27.9,19.1,26.5,57.3,18.1,29.8
2023-06-08,Nagaland,Kohima,13.7,34.2,24.0,212.8,78.1,16.4,34.6
2023-08-12,Kerala,Kozhikode,24.7,30.4,27.6,255.4,67.3,16.6,28.0
2017-08-11,Madhya Pradesh,Bhopal,26.7,39.2,33.0,102.6,35.6,11.2,27.4
2021-12-14,Arunachal Pradesh,Itanagar,12.2,21.2,16.7,34.7,42.9,8.2,21.5
2023-02-08,Meghalaya,Shillong,24.3,30.4,27.4,65.3,44.6,18.0,26.0
2024-02-07,Telangana,Hyderabad,28.2,39.1,33.6,48.8,76.7,13.8,27.1
2024-01-15,Jammu and Kashmir,Srinagar,8.3,28.6,18.5,63.6,46.7,13.6,29.0
2019-03-23,Sikkim,Gangtok,21.9,34.7,28.3,21.2,54.7,12.6,22.3
2018-04-12,Ladakh,Leh,15.9,28.5,22.2,18.4,50.3,6.9,32.1
2019-08-04,Karnataka,Belgaum,21.6,29.1,25.4,222.6,43.1,21.9,22.9
2018-04-06,Andaman and Nicobar Islands,Port Blair,23.3,31.6,27.4,64.5,49.9,7.6,33.5
2021-01-26,Jammu and Kashmir,Srinagar,4.3,24.7,14.5,32.4,69.9,18.6,29.8
2018-11-17,Manipur,Imphal,15.4,25.8,20.6,73.7,74.5,5.7,25.7
2023-03-13,Dadra and Nagar Haveli and Daman and Diu,Daman,12.7,34.9,23.8,14.7,62.4,15.0,29.4
2022-10-13,Meghalaya,Shillong,22.7,29.5,26.1,45.1,78.1,16.0,26.9
2022-05-05,Jharkhand,Ranchi,21.3,29.1,25.2,56.0,49.3,11.4,33.9
2018-05-02,Lakshadweep,Kavaratti,10.3,23.5,16.9,23.7,47.9,17.6,32.0
2019-03-21,Arunachal Pradesh,Itanagar,11.7,25.7,18.7,37.7,45.7,17.0,23.7
2020-09-07,Telangana,Warangal,27.1,33.6,30.4,121.9,43.8,10.2,28.8
2023-11-11,Tamil Nadu,Coimbatore,20.9,27.1,24.0,94.6,72.6,6.5,29.7
2018-12-16,Arunachal Pradesh,Itanagar,12.2,30.8,21.5,7.4,65.0,13.2,22.1
2021-07-14,Dadra and Nagar Haveli and Daman and Diu,Daman,19.6,31.0,25.3,243.5,75.0,15.7,24.9
2025-03-08,Uttar Pradesh,Varanasi,21.8,37.9,29.8,24.6,55.2,13.8,29.9
2019-02-28,Andaman and Nicobar Islands,Port Blair,18.8,26.3,22.6,46.2,72.8,17.9,28.0
2018-10-20,Assam,Tinsukia,23.3,30.5,26.9,88.4,87.3,9.0,23.7
2020-01-31,Maharashtra,Mumbai,28.0,38.4,33.2,121.7,84.8,8.6,29.0
2018-09-27,Tripura,Agartala,11.4,29.6,20.5,81.6,52.0,22.2,22.6
2016-05-14,Andhra Pradesh,Chittoor,26.7,33.2,30.0,16.1,60.2,14.4,27.5
2019-08-08,Assam,Kamrup,14.5,30.5,22.5,151.4,75.6,22.1,24.0
2016-05-25,Uttar Pradesh,Varanasi,16.7,36.7,26.7,47.8,68.5,20.0,25.7
2024-04-21,Nagaland,Kohima,24.7,34.7,29.7,64.6,58.2,18.1,27.2
2015-08-05,Himachal Pradesh,Mandi,15.8,22.5,19.2,252.0,64.6,9.5,29.0
2018-08-17,Tamil Nadu,Coimbatore,24.6,35.1,29.8,142.1,80.5,16.2,24.2
2018-03-01,Rajasthan,Jaipur,23.4,40.1,31.8,28.6,34.3,10.8,25.6
2020-01-02,Andhra Pradesh,Krishna,29.2,38.5,33.8,35.4,60.1,12.9,28.7
2023-08-08,Rajasthan,Udaipur,10.2,36.4,23.3,54.2,28.3,8.2,29.0
2024-02-06,Uttarakhand,Dehradun,23.7,29.1,26.4,41.5,46.1,16.4,26.7
2024-07-18,Goa,North Goa,14.5,21.3,17.9,252.7,67.0,8.1,26.3
2019-12-16,Ladakh,Leh,22.2,31.8,27.0,34.7,63.4,14.3,26.4
2021-10-28,West Bengal,Darjeeling,27.4,33.4,30.4,81.7,57.5,8.1,26.7
2023-01-02,Mizoram,Aizawl,23.7,29.7,26.7,72.4,52.8,10.9,21.5
2018-04-20,Assam,Cachar,19.2,30.6,24.9,80.3,76.7,14.3,30.8
2021-01-23,Kerala,Kozhikode,23.1,34.2,28.6,108.5,66.2,9.8,27.9
2015-04-01,Kerala,Thrissur,22.3,33.1,27.7,69.9,76.6,9.2,34.9
2016-12-14,Arunachal Pradesh,Itanagar,23.6,34.5,29.0,17.9,73.7,13.0,27.1
2020-02-25,Sikkim,Gangtok,13.3,30.2,21.8,69.0,50.7,8.5,21.0
2024-11-11,Tamil Nadu,Madurai,22.1,32.9,27.5,84.9,59.8,14.3,24.8
2015-02-08,Chandigarh,Chandigarh,14.3,27.3,20.8,16.8,65.6,6.7,27.3
2023-10-03,Chhattisgarh,Raipur,12.7,35.0,23.8,62.7,53.8,11.4,22.6
2024-08-23,Himachal Pradesh,Kangra,15.3,24.0,19.6,236.3,40.7,10.0,23.6
2015-06-22,Rajasthan,Jaipur,12.7,34.1,23.4,17.6,54.4,19.4,27.2
2016-10-14,Karnataka,Hubli,22.8,32.4,27.6,75.2,58.1,5.5,22.7
2017-01-23,Chhattisgarh,Raipur,17.0,34.7,25.8,66.7,47.3,15.8,29.4
2018-05-28,Jammu and Kashmir,Srinagar,0.2,23.1,11.6,39.9,67.2,14.1,34.8
2025-02-26,Uttarakhand,Dehradun,14.3,31.6,23.0,21.4,57.4,19.6,27.7
2017-12-17,Arunachal Pradesh,Itanagar,14.7,29.2,22.0,8.5,50.7,15.8,25.7
2019-08-11,Telangana,Warangal,23.6,36.5,30.0,143.6,41.0,14.6,29.0
2021-11-28,Dadra and Nagar Haveli and Daman and Diu,Daman,22.8,30.7,26.8,6.6,65.5,16.1,22.9
2016-03-31,Delhi,New Delhi,17.1,34.9,26.0,45.3,54.0,14.4,21.8
2017-04-08,Chandigarh,Chandigarh,13.0,33.7,23.4,21.7,52.4,13.2,34.0
2017-06-13,West Bengal,Howrah,24.1,29.5,26.8,358.8,70.2,15.1,31.9
2018-10-16,Dadra and Nagar Haveli and Daman and Diu,Daman,12.9,34.7,23.8,50.2,54.6,14.0,22.2
2020-05-12,Karnataka,Belgaum,24.3,29.5,26.9,40.7,73.6,17.1,27.5
2023-05-31,Tamil Nadu,Coimbatore,24.3,33.9,29.1,47.9,58.0,15.5,27.5
2021-08-31,Arunachal Pradesh,Itanagar,23.7,32.0,27.8,263.7,51.6,20.1,21.1
2020-06-19,Uttarakhand,Dehradun,21.5,29.8,25.6,151.6,46.7,8.3,31.7
2021-07-23,Jammu and Kashmir,Srinagar,11.8,25.0,18.4,106.3,49.6,20.5,27.6
2015-07-09,Arunachal Pradesh,Itanagar,15.1,29.6,22.4,251.9,75.6,8.1,28.1
2016-05-19,Rajasthan,Jaipur,18.8,39.0,28.9,16.4,44.2,14.7,29.0
2018-04-29,Chhattisgarh,Raipur,17.7,31.6,24.6,38.3,40.6,5.2,31.6
2019-03-12,Rajasthan,Jaipur,31.2,43.1,37.2,14.1,38.8,8.5,29.9
2024-06-02,Andaman and Nicobar Islands,Port Blair,13.9,25.6,19.8,210.7,75.0,8.8,28.0
2024-07-12,Punjab,Patiala,19.2,34.0,26.6,32.6,56.6,15.9,28.3
2017-04-03,Punjab,Patiala,10.6,20.4,15.5,40.7,58.2,16.9,32.8
2017-07-17,Tripura,Agartala,11.6,21.7,16.6,92.8,77.4,15.3,21.1
2017-07-22,Arunachal Pradesh,Itanagar,14.3,33.0,23.6,257.2,76.0,13.8,26.4
2018-02-14,Lakshadweep,Kavaratti,14.2,22.1,18.2,6.5,48.9,14.1,29.0
2015-05-14,Uttar Pradesh,Kanpur,8.6,39.7,24.2,24.0,51.3,10.5,29.1
2020-10-06,Goa,North Goa,13.9,30.1,22.0,58.1,72.9,10.1,27.6
2024-12-06,Assam,Tinsukia,19.6,34.6,27.1,78.1,94.7,16.1,27.8
2016-11-15,Delhi,New Delhi,10.4,25.1,17.8,42.0,41.6,9.7,29.6
2022-06-12,Andhra Pradesh,Guntur,24.3,31.3,27.8,173.5,51.0,15.7,30.9
2021-01-29,Chhattisgarh,Raipur,15.4,31.5,23.4,14.5,75.1,19.3,20.0
2020-01-27,Madhya Pradesh,Bhopal,28.5,37.8,33.2,30.4,39.5,11.7,29.5
2017-03-25,Odisha,Bhubaneswar,18.2,26.2,22.2,31.8,69.3,19.0,25.7
2018-03-18,Kerala,Thrissur,22.7,30.9,26.8,73.8,61.4,12.7,21.3
2015-03-21,Tripura,Agartala,22.6,31.7,27.2,64.1,78.2,19.1,21.0
2023-01-12,Jammu and Kashmir,Srinagar,18.9,28.8,23.8,60.5,43.6,7.7,29.8
2023-12-29,Kerala,Ernakulam,22.6,28.9,25.8,70.3,87.4,12.1,29.2
2015-07-22,Chandigarh,Chandigarh,15.0,23.4,19.2,158.7,64.6,13.9,23.5
2022-09-12,Chhattisgarh,Raipur,13.3,22.9,18.1,208.5,54.8,9.2,21.4
2018-06-06,Puducherry,Puducherry,15.6,33.9,24.8,126.1,42.4,14.3,31.7
2019-08-27,Sikkim,Gangtok,18.9,27.0,23.0,212.7,65.2,10.6,21.6
2018-06-04,Madhya Pradesh,Bhopal,22.0,36.9,29.4,231.6,46.9,19.5,26.2
2019-08-10,Assam,Cachar,23.3,32.5,27.9,414.5,65.0,8.6,27.0
2019-04-05,Punjab,Patiala,7.9,16.3,12.1,13.4,33.9,14.4,29.2
2024-08-13,Dadra and Nagar Haveli and Daman and Diu,Daman,14.0,26.1,20.0,256.4,77.1,15.3,25.7
2024-07-05,Chhattisgarh,Raipur,13.9,27.2,20.6,229.5,59.7,12.5,25.8
2020-09-25,Telangana,Nizamabad,29.4,39.4,34.4,240.0,51.0,11.6,28.4
2018-06-10,Delhi,New Delhi,12.7,28.2,20.4,142.9,58.7,14.8,34.0
2024-03-30,Haryana,Faridabad,7.2,34.0,20.6,42.6,67.7,11.8,25.0
2019-03-30,Telangana,Nizamabad,29.5,37.0,33.2,42.7,53.3,5.5,24.3
2018-03-12,Punjab,Amritsar,21.4,35.8,28.6,5.3,62.0,12.4,25.2
2024-07-18,Meghalaya,Shillong,24.4,31.0,27.7,233.3,63.0,18.5,24.2
2024-10-24,Kerala,Ernakulam,22.8,31.7,27.2,71.9,66.7,17.6,24.8
2018-10-28,Madhya Pradesh,Bhopal,28.6,37.6,33.1,35.6,69.8,19.3,22.7
2024-12-16,Tripura,Agartala,23.0,30.7,26.8,10.0,63.0,19.7,29.7
2024-02-13,Lakshadweep,Kavaratti,11.9,30.9,21.4,61.2,54.7,14.9,24.9
2022-05-27,Telangana,Nizamabad,20.7,36.6,28.6,27.1,53.6,7.9,32.2
2016-04-15,Himachal Pradesh,Mandi,9.2,21.2,15.2,49.3,46.3,18.5,29.7
2023-04-07,Tamil Nadu,Madurai,22.9,29.2,26.0,25.1,82.2,11.8,32.2
2017-11-01,Madhya Pradesh,Bhopal,11.8,33.0,22.4,55.7,42.0,13.7,29.4
2018-09-15,Lakshadweep,Kavaratti,20.8,26.4,23.6,126.0,43.4,20.9,26.2
2022-08-15,Manipur,Imphal,24.3,29.4,26.8,138.5,44.2,13.3,21.6
2022-10-02,Ladakh,Leh,14.9,32.3,23.6,16.2,58.9,18.8,30.0
2017-08-25,Chhattisgarh,Raipur,13.8,34.0,23.9,93.2,56.5,21.2,27.9
2015-12-24,Sikkim,Gangtok,22.9,33.6,28.2,21.5,62.4,10.8,24.6
2023-04-08,Meghalaya,Shillong,12.3,22.9,17.6,65.0,75.9,14.2,30.0
2024-07-11,Jharkhand,Ranchi,20.7,31.4,26.0,295.4,47.6,14.7,29.2
2016-10-29,Telangana,Nizamabad,29.0,37.0,33.0,18.8,72.6,13.8,27.7
2016-01-08,Nagaland,Kohima,16.9,24.6,20.8,6.7,62.4,7.4,21.9
2017-10-28,Nagaland,Kohima,16.5,27.5,22.0,24.2,45.3,19.2,21.3
2018-02-19,Gujarat,Vadodara,21.0,30.9,26.0,44.0,46.4,6.9,20.1
2018-10-03,Bihar,Muzaffarpur,23.9,36.8,30.4,37.2,45.1,10.6,25.9
2022-06-16,Uttar Pradesh,Lucknow,24.0,30.0,27.0,142.4,43.8,17.3,31.5
2015-03-31,Chhattisgarh,Raipur,23.7,31.3,27.5,42.6,50.7,9.3,20.5
2025-03-08,Meghalaya,Shillong,14.3,20.3,17.3,72.5,65.0,7.6,21.2
2022-07-08,Jammu and Kashmir,Srinagar,7.4,17.8,12.6,112.6,58.7,21.7,25.7
2024-04-10,Uttar Pradesh,Varanasi,19.1,38.5,28.8,5.2,39.9,12.4,32.1
2023-11-24,Nagaland,Kohima,17.3,24.4,20.8,70.1,53.1,16.8,28.9
2016-06-23,Andaman and Nicobar Islands,Port Blair,15.2,32.7,24.0,219.0,76.2,11.8,34.3
2022-08-11,Tamil Nadu,Chennai,20.5,35.4,28.0,196.8,56.2,9.2,23.9
2017-05-18,Maharashtra,Nashik,22.7,30.5,26.6,34.8,58.0,11.2,29.4
2015-02-10,Manipur,Imphal,23.0,32.3,27.6,6.4,60.8,16.4,20.6
2017-01-09,Delhi,New Delhi,16.3,27.5,21.9,71.8,59.0,16.2,23.0
2025-05-03,Tripura,Agartala,21.7,29.4,25.5,35.1,59.2,18.9,25.5
2020-04-30,Rajasthan,Jodhpur,14.9,37.6,26.2,24.2,30.1,9.3,28.7
2021-12-24,Mizoram,Aizawl,16.8,32.6,24.7,6.0,75.9,11.2,22.3
2023-03-26,Tamil Nadu,Chennai,24.1,35.0,29.6,14.0,75.1,16.4,21.7
2023-10-22,Mizoram,Aizawl,12.5,21.1,16.8,60.8,50.9,16.9,25.4
2018-05-09,Maharashtra,Nashik,27.2,36.5,31.8,48.6,81.0,15.7,29.8
2017-07-17,Andaman and Nicobar Islands,Port Blair,19.6,31.0,25.3,120.3,57.0,12.8,30.0
2020-07-29,Punjab,Amritsar,19.5,25.9,22.7,113.4,32.0,12.3,24.5
2025-05-23,Chandigarh,Chandigarh,18.0,34.7,26.4,73.8,43.9,13.1,33.2
2021-11-13,Odisha,Bhubaneswar,18.6,35.9,27.2,89.1,73.2,9.9,29.2
2022-08-11,Madhya Pradesh,Bhopal,29.4,39.8,34.6,100.0,61.7,12.7,22.5
2022-08-31,Nagaland,Kohima,17.7,35.0,26.4,245.2,69.2,14.8,23.1
2017-07-13,Tamil Nadu,Chennai,26.8,35.3,31.0,332.8,67.1,19.3,28.7
2023-02-04,Delhi,New Delhi,15.9,21.1,18.5,22.8,76.6,15.3,27.4
2019-05-01,Nagaland,Kohima,14.9,30.5,22.7,50.2,47.1,19.5,28.5
2024-11-27,Himachal Pradesh,Shimla,6.6,18.4,12.5,16.0,65.0,8.6,28.0
2024-02-07,Delhi,New Delhi,15.9,27.4,21.6,50.2,70.5,8.5,29.7
2016-01-25,Lakshadweep,Kavaratti,19.3,24.4,21.8,34.1,57.5,17.1,23.1
2019-06-06,Mizoram,Aizawl,15.0,21.1,18.0,99.4,68.7,17.5,25.8
2023-01-09,Odisha,Bhubaneswar,16.7,28.6,22.6,76.9,79.2,5.2,23.3
2015-09-13,Uttarakhand,Dehradun,16.4,33.8,25.1,160.4,50.8,13.9,24.4
2016-12-09,Goa,North Goa,20.0,25.4,22.7,32.3,65.9,9.2,25.9
2020-01-13,Jammu and Kashmir,Srinagar,7.1,25.7,16.4,13.9,76.7,7.6,21.6
2020-04-28,Puducherry,Puducherry,22.6,34.0,28.3,11.5,76.3,9.1,31.2
2021-11-02,Punjab,Patiala,6.7,22.5,14.6,25.3,54.0,12.9,24.6
2015-01-10,Tripura,Agartala,24.4,30.4,27.4,16.1,68.5,6.1,24.8
2022-11-11,Bihar,Patna,18.6,28.7,23.6,70.5,51.3,9.3,22.3
2017-03-08,Jharkhand,Ranchi,12.2,23.7,18.0,52.7,69.7,17.2,22.0
2024-01-27,Jharkhand,Ranchi,10.5,34.5,22.5,6.0,78.4,17.4,29.1
2024-02-05,Telangana,Hyderabad,22.6,30.0,26.3,49.4,69.7,7.0,28.0
2017-05-26,Rajasthan,Udaipur,15.2,32.4,23.8,34.6,27.7,8.6,25.6
2017-10-25,Karnataka,Mysore,19.5,26.5,23.0,28.3,52.9,17.2,29.2
2023-09-26,Uttarakhand,Dehradun,16.1,22.9,19.5,82.7,69.4,18.2,29.7
2017-10-12,Meghalaya,Shillong,10.2,30.1,20.2,40.4,76.1,13.6,24.5
2019-12-30,Uttar Pradesh,Varanasi,23.0,39.7,31.4,20.5,35.4,11.5,22.1
2016-01-09,Chandigarh,Chandigarh,16.4,34.9,25.6,45.2,67.7,15.2,28.2
2023-08-03,Meghalaya,Shillong,24.2,33.0,28.6,153.3,52.7,13.4,23.3
2021-01-02,Gujarat,Vadodara,20.5,37.0,28.8,31.4,38.1,19.5,24.3
2015-08-12,Meghalaya,Shillong,18.5,31.6,25.0,191.8,52.4,20.0,21.1
2018-06-16,Jammu and Kashmir,Srinagar,11.4,20.1,15.8,200.1,48.7,19.6,27.3
2021-02-02,Meghalaya,Shillong,23.4,34.1,28.8,30.4,55.4,15.5,20.9
2019-12-08,Kerala,Kozhikode,22.2,28.3,25.2,95.3,64.5,9.2,26.5
2017-05-02,Jammu and Kashmir,Srinagar,0.3,9.8,5.1,70.4,66.5,9.6,25.5
2024-03-07,Rajasthan,Jodhpur,24.7,33.1,28.9,38.5,47.5,19.6,28.5
2015-03-04,Ladakh,Leh,17.2,30.8,24.0,61.8,63.1,5.9,24.7
2018-05-25,Mizoram,Aizawl,12.0,29.9,21.0,52.6,79.7,14.4,33.0
2025-09-30,Lakshadweep,Kavaratti,14.0,24.4,19.2,276.8,70.2,17.8,22.5
2022-11-14,Goa,North Goa,20.5,33.9,27.2,21.2,68.2,10.9,21.2
2022-10-13,Telangana,Hyderabad,27.2,33.5,30.4,26.4,71.3,16.1,22.5
2016-11-19,Uttarakhand,Dehradun,24.1,30.4,27.2,74.6,69.5,10.9,21.3
2019-01-24,Punjab,Ludhiana,13.0,22.3,17.6,33.0,44.3,9.4,27.6
2019-06-22,Tripura,Agartala,13.5,28.2,20.8,74.5,68.6,17.4,33.0
2020-11-22,Arunachal Pradesh,Itanagar,11.0,20.0,15.5,15.8,47.6,6.5,25.6
2023-09-06,Himachal Pradesh,Mandi,11.9,27.9,19.9,148.6,61.3,22.9,25.3
2016-05-25,West Bengal,Howrah,20.3,37.9,29.1,124.3,67.0,14.5,29.8
2016-01-20,Assam,Cachar,20.8,34.4,27.6,63.7,88.7,14.8,22.8
2016-02-09,Punjab,Ludhiana,24.9,34.2,29.6,10.4,69.7,11.4,25.4
2022-11-10,Goa,North Goa,22.1,34.7,28.4,66.1,61.0,13.2,22.8
2016-06-01,Delhi,New Delhi,16.9,34.3,25.6,223.5,40.5,9.7,34.2
2016-04-20,Andhra Pradesh,Chittoor,28.5,36.7,32.6,50.1,58.7,16.9,31.0
2020-06-23,Goa,North Goa,20.4,29.0,24.7,140.5,48.3,22.2,34.5
2022-07-19,Puducherry,Puducherry,22.3,34.5,28.4,206.3,49.4,19.4,23.3
2019-07-27,Manipur,Imphal,16.6,25.3,21.0,138.6,67.2,9.7,21.1
2020-03-08,Uttar Pradesh,Kanpur,23.5,39.0,31.2,35.3,39.1,11.5,27.6
2022-09-19,Maharashtra,Mumbai,26.2,32.2,29.2,485.8,50.1,11.3,24.6
2018-12-31,Gujarat,Rajkot,20.6,41.7,31.2,8.4,42.3,10.7,24.9
2023-06-22,Dadra and Nagar Haveli and Daman and Diu,Daman,10.2,16.8,13.5,92.2,62.2,19.5,31.9
2023-05-03,Telangana,Nizamabad,24.8,33.9,29.4,66.6,58.4,9.5,31.3
2024-12-15,Dadra and Nagar Haveli and Daman and Diu,Daman,20.4,29.2,24.8,7.0,43.8,17.7,20.6
2022-06-17,Andaman and Nicobar Islands,Port Blair,18.9,25.9,22.4,84.1,50.9,8.6,26.8
2016-12-14,Lakshadweep,Kavaratti,19.8,29.9,24.8,60.8,42.4,18.3,30.0
2024-08-30,Mizoram,Aizawl,10.2,34.4,22.3,86.0,67.7,12.4,25.2
2015-03-24,Maharashtra,Mumbai,24.1,33.0,28.6,92.5,67.0,12.6,29.8
2018-03-14,Ladakh,Leh,24.1,34.7,29.4,66.7,50.2,10.2,22.3
2023-08-23,Telangana,Nizamabad,29.8,35.6,32.7,135.3,48.0,11.4,22.5
2023-08-16,Uttarakhand,Dehradun,19.6,25.4,22.5,180.3,72.8,19.5,21.5
2021-11-09,Tripura,Agartala,23.7,33.6,28.6,5.4,69.5,16.1,25.0
2020-03-16,Lakshadweep,Kavaratti,10.7,26.9,18.8,58.6,50.8,15.0,23.5
2020-08-10,Nagaland,Kohima,18.6,28.0,23.3,105.1,74.2,19.3,23.5
2015-02-20,Nagaland,Kohima,16.5,30.8,23.6,61.8,67.4,13.1,29.5
2016-11-15,Uttar Pradesh,Lucknow,25.9,32.2,29.0,35.7,50.5,16.9,20.4
2016-12-17,Himachal Pradesh,Shimla,8.2,18.5,13.4,19.2,55.2,15.1,23.6
2025-07-10,Jammu and Kashmir,Srinagar,11.6,24.5,18.0,192.6,61.2,9.8,22.2
2019-01-09,Haryana,Gurgaon,25.0,35.0,30.0,36.8,52.8,5.6,28.0
2016-03-24,Punjab,Ludhiana,6.6,38.4,22.5,14.7,50.5,6.0,28.9
2017-05-30,Sikkim,Gangtok,24.7,30.5,27.6,25.7,40.6,16.8,28.1
2016-05-02,Odisha,Bhubaneswar,23.8,29.2,26.5,74.4,68.5,15.9,32.9
2019-12-29,Chandigarh,Chandigarh,11.3,27.1,19.2,50.5,60.7,7.7,28.0
2020-09-12,West Bengal,Howrah,28.0,37.8,32.9,397.7,66.7,13.1,20.7
2024-05-12,Jammu and Kashmir,Srinagar,8.3,15.9,12.1,26.5,75.7,19.5,34.5
2020-11-12,Karnataka,Belgaum,19.9,36.7,28.3,22.7,62.8,14.7,24.6
2023-08-10,Dadra and Nagar Haveli and Daman and Diu,Daman,24.3,31.2,27.8,167.7,43.0,20.8,24.1
2019-04-24,Ladakh,Leh,20.5,32.0,26.2,52.3,60.3,9.2,31.3
2021-01-10,Chandigarh,Chandigarh,24.4,34.1,29.2,12.6,40.9,12.5,27.8
2015-09-07,Tamil Nadu,Madurai,22.5,34.9,28.7,375.5,66.1,11.7,29.2
2016-11-04,Odisha,Bhubaneswar,22.1,32.4,27.2,41.8,64.8,15.1,24.3
2016-03-13,Kerala,Thrissur,23.0,33.2,28.1,50.4,66.1,15.4,28.7
2020-12-05,Manipur,Imphal,13.6,21.7,17.6,51.9,64.8,11.7,21.0
2017-02-09,Dadra and Nagar Haveli and Daman and Diu,Daman,11.4,30.9,21.2,36.6,74.3,13.6,26.2
2024-03-31,Manipur,Imphal,24.0,30.0,27.0,43.0,42.3,10.4,21.5
2015-09-25,Andaman and Nicobar Islands,Port Blair,12.8,33.9,23.4,191.0,75.7,14.7,26.0
2020-06-07,Uttar Pradesh,Varanasi,5.9,25.5,15.7,144.1,30.8,19.8,28.0
2017-12-13,Arunachal Pradesh,Itanagar,16.8,28.9,22.8,74.5,44.0,13.3,25.3
2015-08-24,Punjab,Patiala,6.7,29.6,18.2,71.6,34.2,10.7,28.2
2016-01-24,Manipur,Imphal,11.6,25.2,18.4,18.7,46.5,8.1,24.9
2023-04-26,Bihar,Muzaffarpur,13.2,20.3,16.8,62.1,61.6,7.4,29.7
2025-06-02,Sikkim,Gangtok,11.0,27.0,19.0,115.3,44.1,10.8,28.5
2017-02-01,Tamil Nadu,Coimbatore,26.5,32.6,29.6,19.9,68.1,13.4,20.9
2020-01-23,Uttar Pradesh,Lucknow,12.7,24.1,18.4,15.2,45.8,5.6,26.5
2021-09-14,Karnataka,Mysore,27.9,36.1,32.0,170.0,70.1,16.6,28.5
2016-09-15,West Bengal,Howrah,21.2,33.7,27.4,142.0,66.6,13.2,20.1
2022-09-15,Arunachal Pradesh,Itanagar,14.7,27.1,20.9,188.0,77.4,11.6,21.5
2024-03-28,Haryana,Faridabad,26.7,39.5,33.1,27.0,34.6,12.3,21.1
2023-02-14,Andaman and Nicobar Islands,Port Blair,23.2,33.0,28.1,21.9,75.5,14.6,29.5
2023-12-23,Karnataka,Mysore,27.8,32.8,30.3,20.8,64.6,19.3,29.9
2018-06-06,Nagaland,Kohima,18.5,25.5,22.0,65.7,70.6,16.9,30.5
2022-12-10,Maharashtra,Pune,23.6,36.9,30.2,108.7,53.6,8.3,26.7
2016-07-31,Jharkhand,Ranchi,23.7,30.9,27.3,96.3,49.0,11.8,21.3
2020-10-23,Jammu and Kashmir,Srinagar,11.9,20.6,16.2,50.0,43.3,6.7,25.4
2016-03-10,Himachal Pradesh,Shimla,10.2,19.2,14.7,63.8,47.5,10.4,25.6
2020-11-20,Jammu and Kashmir,Srinagar,17.3,25.5,21.4,35.9,63.2,9.8,27.1
2024-07-25,Karnataka,Belgaum,20.5,35.8,28.2,138.0,84.7,12.7,28.8
2025-05-03,Kerala,Ernakulam,23.2,29.9,26.6,53.3,85.5,9.6,28.4
2017-02-02,Assam,Dibrugarh,13.0,34.3,23.6,55.6,68.7,19.2,29.0
2022-08-17,Maharashtra,Mumbai,21.0,38.1,29.6,154.9,43.8,20.3,27.7
2022-10-24,West Bengal,Kolkata,15.3,21.9,18.6,33.7,80.8,19.5,22.6
2018-08-22,Karnataka,Belgaum,26.2,32.7,29.4,284.7,43.8,16.8,22.7
2020-11-15,Tripura,Agartala,23.9,30.7,27.3,32.9,73.6,11.6,22.4
2025-09-26,Rajasthan,Udaipur,23.7,42.4,33.0,75.0,25.3,13.7,29.5
2022-10-16,Jharkhand,Ranchi,11.1,23.8,17.4,50.4,43.1,10.2,29.4
2018-09-20,Manipur,Imphal,10.5,30.2,20.4,255.6,51.1,11.2,29.1
2022-12-16,Odisha,Bhubaneswar,26.5,32.5,29.5,29.1,71.7,11.3,25.0
2021-10-18,Sikkim,Gangtok,24.3,31.7,28.0,66.7,66.4,6.8,27.4
2016-03-22,Rajasthan,Jodhpur,23.0,31.8,27.4,13.4,42.3,14.0,29.7
2020-07-10,Lakshadweep,Kavaratti,22.8,29.3,26.0,236.7,40.3,9.9,22.0
2018-08-24,Tamil Nadu,Chennai,24.8,31.4,28.1,171.5,58.5,13.1,29.4
2015-09-06,Madhya Pradesh,Bhopal,31.9,40.4,36.2,145.9,58.3,19.6,27.4
2015-06-15,Chhattisgarh,Raipur,11.2,22.0,16.6,116.2,54.8,13.2,32.9
2024-09-22,Bihar,Gaya,24.4,29.4,26.9,117.1,64.9,9.8,20.7
2023-04-20,West Bengal,Darjeeling,24.9,33.6,29.2,108.4,82.9,18.4,25.5
2018-09-20,Maharashtra,Nashik,20.2,29.6,24.9,102.7,61.8,20.0,29.5
2017-10-16,Haryana,Hisar,27.2,35.8,31.5,33.6,39.2,11.0,28.7
2016-06-25,Himachal Pradesh,Mandi,0.6,18.6,9.6,266.9,44.9,22.7,25.1
2017-01-28,Jammu and Kashmir,Srinagar,17.7,25.3,21.5,18.6,46.3,15.5,28.7
2023-09-13,Rajasthan,Jaipur,26.0,44.0,35.0,136.4,20.4,18.0,23.0
2024-12-13,Nagaland,Kohima,16.8,23.0,19.9,24.7,65.3,8.3,26.5
2020-10-29,Delhi,New Delhi,23.8,28.8,26.3,60.0,65.7,5.7,27.9
2020-12-20,Haryana,Karnal,10.6,22.1,16.4,9.2,51.4,12.5,23.5
2017-03-07,Mizoram,Aizawl,12.5,32.2,22.4,66.3,61.6,8.7,21.0
2023-01-26,Dadra and Nagar Haveli and Daman and Diu,Daman,23.0,28.7,25.8,5.9,58.8,16.0,24.6
2015-05-18,Puducherry,Puducherry,10.8,29.0,19.9,50.0,67.3,8.2,33.0
2021-02-09,Goa,North Goa,17.2,29.1,23.2,43.2,51.5,8.8,20.0
2024-07-04,Sikkim,Gangtok,15.9,27.7,21.8,228.0,42.7,21.9,22.6
2018-09-15,Maharashtra,Nashik,22.4,28.0,25.2,340.4,71.9,21.9,23.4
2022-10-03,Assam,Tinsukia,13.9,30.6,22.2,113.4,92.8,8.1,27.1
2024-10-19,Kerala,Kozhikode,22.2,30.9,26.6,39.9,79.6,14.0,20.5
2020-02-19,Ladakh,Leh,14.8,25.8,20.3,22.4,41.5,9.8,27.9
2023-04-20,Kerala,Thrissur,23.1,30.3,26.7,142.7,61.2,16.5,29.8
2015-03-10,Arunachal Pradesh,Itanagar,24.2,31.5,27.8,54.6,42.8,18.9,23.4
2022-02-06,Arunachal Pradesh,Itanagar,17.9,24.6,21.2,71.2,66.9,5.8,21.6
2025-07-12,Manipur,Imphal,16.0,24.0,20.0,105.3,79.9,17.9,29.2
2020-10-01,Tamil Nadu,Coimbatore,23.5,35.2,29.4,51.4,61.5,12.8,24.3
2019-01-13,Andaman and Nicobar Islands,Port Blair,24.7,32.3,28.5,61.8,66.7,12.2,24.7
2015-07-24,Mizoram,Aizawl,15.1,21.7,18.4,233.2,76.7,11.3,29.3
2020-12-13,Lakshadweep,Kavaratti,13.5,27.2,20.4,29.1,44.6,5.8,23.7
2025-06-15,Gujarat,Vadodara,15.8,23.0,19.4,45.6,30.1,10.3,30.8
2015-02-12,Chandigarh,Chandigarh,22.3,28.8,25.6,10.7,69.2,5.1,27.3
2025-06-20,West Bengal,Kolkata,12.4,22.1,17.2,95.2,59.9,20.0,26.3
2020-03-21,Maharashtra,Nagpur,29.9,36.6,33.2,116.0,48.6,7.8,25.7
2020-11-28,Chandigarh,Chandigarh,10.8,31.2,21.0,35.8,68.0,7.6,26.4
2017-01-30,Mizoram,Aizawl,18.9,32.3,25.6,25.8,77.3,19.4,28.7
2025-03-23,Lakshadweep,Kavaratti,18.6,28.4,23.5,9.1,77.9,19.3,20.2
2023-11-29,Goa,North Goa,15.4,33.2,24.3,10.7,47.9,19.7,28.5
2022-12-05,Telangana,Hyderabad,28.9,34.8,31.8,23.7,64.2,12.5,23.0
2020-11-12,Goa,North Goa,23.3,34.3,28.8,25.4,46.2,7.2,24.8
2020-06-17,Uttarakhand,Dehradun,12.0,25.5,18.8,149.3,75.4,12.4,30.6
2024-06-07,Nagaland,Kohima,21.2,31.4,26.3,287.1,64.1,21.5,27.5
2020-04-19,Telangana,Hyderabad,24.7,35.3,30.0,74.3,48.2,7.1,31.1
2024-10-31,Telangana,Hyderabad,20.7,34.8,27.8,73.2,77.9,8.5,21.7
2017-06-18,Puducherry,Puducherry,18.4,30.2,24.3,205.4,69.7,17.0,26.1
2015-12-26,Manipur,Imphal,21.9,27.5,24.7,6.4,70.8,13.2,27.0
2023-01-26,Karnataka,Hubli,21.8,26.9,24.4,39.8,67.4,8.4,26.9
2019-09-16,Sikkim,Gangtok,21.9,30.6,26.2,265.2,74.2,21.2,26.6
2015-10-08,Telangana,Warangal,21.7,33.1,27.4,56.2,48.4,16.1,25.5
2023-12-11,Andhra Pradesh,Guntur,21.0,33.8,27.4,14.3,50.4,18.3,24.9
2020-03-02,Nagaland,Kohima,18.1,26.4,22.2,43.0,46.8,16.2,28.2
2023-12-11,Kerala,Kozhikode,24.6,30.2,27.4,94.7,84.3,6.9,21.0
2016-10-28,West Bengal,Howrah,24.7,36.3,30.5,61.6,54.4,12.7,23.9
2015-04-03,Gujarat,Surat,23.8,34.6,29.2,30.6,59.1,16.6,31.5
2016-11-02,Tamil Nadu,Madurai,21.6,31.1,26.4,16.4,65.8,19.6,26.4
2020-05-23,Rajasthan,Jodhpur,13.9,25.9,19.9,4.9,27.3,12.3,28.4
2015-03-02,Puducherry,Puducherry,13.1,20.6,16.8,50.9,62.3,17.6,21.8
2022-05-05,Karnataka,Mysore,26.5,35.3,30.9,34.0,52.3,10.9,29.6
2023-07-20,Sikkim,Gangtok,11.2,32.0,21.6,54.0,59.3,13.7,25.1
2024-07-06,Jammu and Kashmir,Srinagar,17.7,29.9,23.8,45.3,55.7,20.3,23.3
2025-07-27,Andaman and Nicobar Islands,Port Blair,19.7,34.9,27.3,201.1,44.4,20.6,29.7
2017-10-25,West Bengal,Kolkata,22.8,32.1,27.4,119.1,88.7,19.0,24.1
2019-01-29,Nagaland,Kohima,21.8,32.2,27.0,17.6,61.4,16.2,29.0
2016-08-26,Maharashtra,Pune,28.4,34.4,31.4,264.5,61.5,21.5,20.0
2016-11-12,Nagaland,Kohima,21.1,31.6,26.4,69.5,58.3,14.9,29.7
2025-09-05,West Bengal,Darjeeling,23.4,29.0,26.2,117.1,82.9,13.0,27.1
2022-01-25,Telangana,Hyderabad,26.4,39.9,33.2,40.5,69.5,5.7,24.6
2018-11-29,Haryana,Hisar,9.7,36.0,22.8,42.8,39.5,9.8,27.0
2022-11-25,Haryana,Karnal,23.5,36.1,29.8,49.9,64.7,11.3,23.3
2024-10-24,Bihar,Purnia,21.1,37.5,29.3,40.9,69.5,5.3,29.3
2022-05-16,Uttarakhand,Dehradun,21.6,29.9,25.8,31.9,44.1,17.2,32.7
2021-03-30,Ladakh,Leh,19.5,25.6,22.6,23.4,58.4,9.0,24.3
2016-06-07,Chhattisgarh,Raipur,13.4,24.2,18.8,202.6,75.7,13.8,31.9
2021-07-21,Delhi,New Delhi,12.0,26.7,19.4,278.1,41.1,12.0,21.3
2023-07-15,Puducherry,Puducherry,18.0,31.2,24.6,36.2,42.8,21.0,24.6
2022-02-06,Chandigarh,Chandigarh,16.9,34.3,25.6,27.4,75.9,19.6,22.4
2020-05-22,Haryana,Gurgaon,17.9,32.0,25.0,44.0,42.2,17.0,34.7
2018-01-06,Uttar Pradesh,Varanasi,27.7,41.2,34.4,44.0,75.2,7.5,27.1
2019-10-20,Puducherry,Puducherry,21.0,30.0,25.5,10.6,64.9,5.8,23.8
2020-01-11,Gujarat,Surat,21.7,42.0,31.8,18.5,62.8,5.8,25.3
2023-08-11,West Bengal,Darjeeling,19.7,33.1,26.4,412.6,80.5,19.4,24.3
2022-10-12,West Bengal,Kolkata,23.1,33.0,28.0,17.7,85.6,18.4,23.2
2021-04-15,Maharashtra,Nashik,29.0,38.5,33.8,56.1,54.9,19.6,32.1
2020-09-25,Bihar,Patna,16.3,33.3,24.8,188.6,61.0,17.7,25.4
2018-02-18,Nagaland,Kohima,19.8,34.1,27.0,74.5,68.4,18.9,28.6
2021-03-11,Tripura,Agartala,14.4,34.0,24.2,10.0,53.2,14.6,25.3
2021-04-05,Gujarat,Rajkot,24.2,39.4,31.8,13.8,69.3,11.6,34.5
2017-12-15,West Bengal,Darjeeling,16.9,31.6,24.2,61.8,77.0,7.8,24.0
2021-07-25,Chhattisgarh,Raipur,11.0,27.4,19.2,289.6,41.8,17.9,27.8
2015-04-17,Assam,Kamrup,13.2,22.8,18.0,50.2,70.4,6.7,28.7
2022-11-18,Dadra and Nagar Haveli and Daman and Diu,Daman,15.5,32.2,23.8,61.1,71.9,13.5,23.3
2015-02-17,Punjab,Patiala,15.3,26.6,21.0,31.2,67.5,9.3,24.6
2024-12-23,Odisha,Bhubaneswar,24.8,38.4,31.6,32.8,59.8,18.3,20.8
2015-12-03,Karnataka,Mysore,24.1,36.8,30.4,93.0,40.6,10.5,22.6
2017-11-15,Assam,Kamrup,18.5,30.8,24.6,150.0,77.9,13.3,24.1
2022-10-22,Tamil Nadu,Coimbatore,21.2,29.8,25.5,32.2,78.0,13.2,23.0
2018-07-04,Gujarat,Ahmedabad,23.3,31.3,27.3,53.3,64.4,22.2,20.8
2020-08-17,Tamil Nadu,Madurai,26.1,34.2,30.2,180.0,74.1,12.0,20.2
2016-09-16,Gujarat,Vadodara,18.6,27.0,22.8,26.1,42.9,15.1,27.4
2020-03-05,Puducherry,Puducherry,14.9,22.8,18.8,21.1,75.6,8.1,28.8
2018-06-30,Odisha,Bhubaneswar,21.7,39.1,30.4,186.9,56.2,16.2,30.9
2019-09-12,Himachal Pradesh,Shimla,12.7,22.8,17.8,52.6,65.1,22.0,29.6
2022-07-29,Nagaland,Kohima,19.0,24.2,21.6,49.7,73.4,20.4,29.5
2015-10-30,Tripura,Agartala,18.5,33.4,26.0,62.7,63.6,16.8,21.3
2016-09-30,Maharashtra,Pune,25.7,39.6,32.6,114.5,73.5,12.8,28.2
2015-02-25,Tripura,Agartala,20.5,34.3,27.4,54.8,56.4,5.2,27.9
2016-12-26,Odisha,Bhubaneswar,21.1,35.4,28.2,19.5,81.2,11.5,29.2
2016-06-09,Manipur,Imphal,20.6,26.7,23.6,182.2,76.4,20.0,29.2
2016-04-18,Meghalaya,Shillong,24.3,30.8,27.6,31.3,70.0,8.5,30.2
2015-01-28,Uttarakhand,Dehradun,20.9,31.8,26.4,15.9,65.2,13.6,25.6
2020-10-26,Jharkhand,Ranchi,22.4,28.8,25.6,57.6,70.4,15.8,25.1
2024-01-01,Bihar,Muzaffarpur,16.7,28.9,22.8,57.7,59.9,10.1,26.3
2024-06-19,Odisha,Bhubaneswar,27.6,33.1,30.4,390.0,53.4,15.7,30.6
2015-12-31,West Bengal,Howrah,12.5,36.3,24.4,64.2,55.7,15.7,26.6
2022-06-06,Rajasthan,Jodhpur,34.1,41.7,37.9,50.2,22.4,19.0,31.2
2016-06-09,Maharashtra,Mumbai,29.7,38.5,34.1,469.3,84.6,14.4,26.5
2022-07-09,Delhi,New Delhi,12.9,23.3,18.1,162.5,44.9,12.5,23.1
2018-08-28,Jharkhand,Ranchi,10.1,22.1,16.1,52.5,57.2,10.9,28.2
2017-06-01,Odisha,Bhubaneswar,16.2,37.5,26.8,249.0,66.1,16.2,28.8
2017-10-27,Chandigarh,Chandigarh,11.9,30.8,21.4,70.0,78.0,15.1,24.1
2017-10-23,Sikkim,Gangtok,17.2,30.6,23.9,62.6,55.0,18.8,23.2
2019-07-05,Assam,Kamrup,18.0,34.5,26.2,569.1,84.4,12.9,22.2
2017-07-07,Nagaland,Kohima,11.2,29.5,20.4,161.0,62.9,15.1,24.8
2022-08-29,Karnataka,Mysore,23.7,37.2,30.4,50.6,76.1,13.9,27.4
2021-08-07,Arunachal Pradesh,Itanagar,24.2,31.0,27.6,45.1,49.3,11.3,27.4
2019-11-10,Kerala,Ernakulam,22.2,27.6,24.9,111.7,76.7,11.3,25.8
2019-03-12,Goa,North Goa,21.0,26.9,24.0,43.7,73.0,10.4,27.6
2024-02-28,Andaman and Nicobar Islands,Port Blair,22.7,33.7,28.2,50.5,68.7,16.8,27.3
2024-10-17,Chandigarh,Chandigarh,16.8,23.9,20.4,26.7,48.3,10.4,24.9
2022-10-24,Arunachal Pradesh,Itanagar,24.4,34.8,29.6,58.9,79.2,20.0,28.9
2022-08-18,Himachal Pradesh,Kangra,1.6,16.6,9.1,178.9,45.0,20.1,21.5
2020-03-21,Arunachal Pradesh,Itanagar,15.7,21.7,18.7,41.7,63.9,16.0,23.4
2023-06-14,Andaman and Nicobar Islands,Port Blair,18.9,32.0,25.4,233.4,52.1,9.0,25.4
2018-04-30,Delhi,New Delhi,21.5,29.8,25.6,14.4,47.4,16.5,31.0
2019-07-13,Jharkhand,Ranchi,17.5,30.3,23.9,58.5,52.8,13.6,23.1
2016-04-29,Puducherry,Puducherry,23.0,32.1,27.6,56.1,49.5,9.0,27.3
2020-09-06,Haryana,Faridabad,22.2,31.7,27.0,92.9,58.4,22.6,21.6
2016-12-14,Delhi,New Delhi,10.9,19.6,15.2,56.4,47.8,13.8,25.9
2017-11-28,Goa,North Goa,14.4,20.5,17.4,32.9,47.5,7.8,25.2
2020-05-30,Odisha,Bhubaneswar,25.1,30.8,28.0,62.0,58.6,15.1,33.1
2018-07-20,Lakshadweep,Kavaratti,22.1,30.0,26.0,178.8,71.7,8.9,26.1
2018-06-08,Uttarakhand,Dehradun,22.5,30.3,26.4,147.5,67.9,9.0,28.9
2020-11-03,Andhra Pradesh,Guntur,23.0,28.2,25.6,22.7,61.9,8.0,26.0
2024-09-15,Delhi,New Delhi,16.7,22.2,19.4,97.0,40.8,13.4,22.6
2015-05-06,Lakshadweep,Kavaratti,20.3,28.3,24.3,31.3,69.0,12.2,30.6
2022-10-30,Chhattisgarh,Raipur,22.6,29.1,25.8,74.2,76.0,9.3,28.9
2016-06-20,Mizoram,Aizawl,21.3,34.4,27.8,213.5,67.0,8.1,29.7
2021-01-01,Haryana,Gurgaon,10.0,23.1,16.6,49.0,33.4,15.8,21.7
2024-11-05,Puducherry,Puducherry,10.1,25.1,17.6,16.3,78.6,8.1,21.9
2023-12-28,Himachal Pradesh,Kangra,0.6,13.6,7.1,11.6,60.0,12.6,20.5
2020-09-03,Tamil Nadu,Madurai,21.9,36.1,29.0,206.5,65.2,18.5,27.1
2019-05-23,Jammu and Kashmir,Srinagar,15.2,28.3,21.8,25.1,42.7,10.7,33.6
2024-06-27,Gujarat,Rajkot,16.3,33.2,24.8,146.2,49.3,11.8,28.3
2015-03-08,Manipur,Imphal,11.1,21.6,16.4,8.1,69.1,18.5,26.3
2015-08-21,Punjab,Patiala,21.4,32.8,27.1,48.1,30.3,13.2,27.5
2020-11-26,Tripura,Agartala,24.4,31.8,28.1,30.6,57.8,11.4,26.3
2018-03-15,Assam,Kamrup,21.0,33.1,27.0,106.2,75.3,19.3,27.1
2020-11-28,Telangana,Hyderabad,23.1,33.4,28.2,63.2,57.6,12.7,22.9
2021-03-25,Puducherry,Puducherry,22.6,31.5,27.0,43.7,75.2,18.8,28.2
2015-04-21,Sikkim,Gangtok,11.0,24.4,17.7,29.0,48.5,18.6,33.9
2019-02-02,Karnataka,Hubli,22.7,29.1,25.9,11.2,59.7,5.6,26.1
2020-09-12,Haryana,Faridabad,20.2,38.5,29.4,54.2,44.9,20.9,24.7
2016-09-14,Jammu and Kashmir,Srinagar,1.2,8.8,5.0,251.5,69.7,21.1,21.2
2025-07-14,Haryana,Hisar,24.0,36.2,30.1,61.8,69.0,16.6,29.1
2024-06-02,Uttarakhand,Dehradun,22.9,30.3,26.6,170.1,57.3,18.6,30.9
2022-08-27,West Bengal,Darjeeling,24.1,29.2,26.6,356.4,62.8,11.4,28.0
2022-03-27,Puducherry,Puducherry,11.3,20.6,16.0,19.3,56.8,9.8,27.2
2024-12-04,Lakshadweep,Kavaratti,20.5,28.6,24.6,35.6,48.3,15.1,24.0
2021-10-08,Manipur,Imphal,12.0,19.3,15.6,27.6,69.9,5.4,22.6
2022-04-14,Mizoram,Aizawl,12.4,34.2,23.3,54.4,49.3,8.1,33.6
2019-03-22,Delhi,New Delhi,12.9,34.9,23.9,24.8,43.4,15.4,26.1
2022-07-02,Meghalaya,Shillong,25.0,34.0,29.5,140.1,67.1,20.3,25.1
2018-07-29,Andaman and Nicobar Islands,Port Blair,14.1,22.4,18.2,102.7,73.9,13.7,22.9
2024-04-14,Himachal Pradesh,Kangra,16.1,21.4,18.8,48.6,74.9,11.2,27.7
2019-10-28,Delhi,New Delhi,17.4,31.4,24.4,41.2,40.3,6.2,27.2
2024-08-15,Andaman and Nicobar Islands,Port Blair,16.0,32.0,24.0,201.9,63.3,21.5,20.2
2020-05-29,Madhya Pradesh,Bhopal,13.4,33.1,23.2,8.6,55.8,19.8,33.8
2021-06-20,Rajasthan,Udaipur,24.8,43.4,34.1,27.4,38.2,14.4,28.4
2017-05-26,Rajasthan,Jaipur,10.0,41.7,25.8,31.7,46.1,6.9,28.8
2020-06-12,Chhattisgarh,Raipur,23.9,32.7,28.3,189.0,76.5,16.4,31.0
2025-06-09,Jharkhand,Ranchi,15.2,25.7,20.4,212.0,52.8,16.4,27.8
2024-06-10,Goa,North Goa,12.5,25.5,19.0,80.9,75.9,12.6,31.0
2018-08-05,Madhya Pradesh,Bhopal,15.8,26.3,21.0,97.1,66.6,13.9,28.2
2018-12-31,Andhra Pradesh,Visakhapatnam,22.0,27.6,24.8,60.8,66.3,12.6,22.7
2022-06-02,Punjab,Patiala,6.8,25.4,16.1,176.1,34.8,21.9,27.7
2021-05-13,Haryana,Hisar,18.3,24.4,21.4,24.1,35.0,5.7,34.7
2019-09-30,Jharkhand,Ranchi,21.0,32.5,26.8,45.4,77.2,15.0,28.5
2019-05-25,Himachal Pradesh,Mandi,0.3,12.7,6.5,74.7,57.1,18.3,28.3
2019-03-07,Assam,Kamrup,17.9,33.2,25.6,100.7,85.4,8.4,21.6
2022-04-25,Karnataka,Mysore,20.3,31.6,26.0,82.1,55.9,13.5,33.0
2022-01-07,Kerala,Kozhikode,22.7,34.1,28.4,144.1,61.2,5.9,20.9
2024-05-14,Jharkhand,Ranchi,21.7,28.3,25.0,55.8,57.7,17.5,33.1
2022-11-30,Tripura,Agartala,24.4,30.8,27.6,21.0,41.3,11.2,24.6
2024-08-18,Tripura,Agartala,24.5,34.1,29.3,66.7,71.9,10.7,20.8
2025-09-06,Karnataka,Belgaum,26.4,37.8,32.1,71.7,76.6,20.9,21.2
2021-07-25,Ladakh,Leh,14.2,30.8,22.5,246.2,54.2,10.4,26.5
2019-06-19,Uttar Pradesh,Lucknow,24.0,35.5,29.8,51.9,72.2,17.7,33.7
2025-03-24,Maharashtra,Nagpur,29.2,38.9,34.0,120.2,82.9,14.3,27.3
2022-11-10,Andhra Pradesh,Chittoor,27.0,37.0,32.0,11.3,60.7,6.5,23.0
2018-03-06,Bihar,Gaya,9.5,38.0,23.8,39.3,47.6,13.8,22.0
2017-01-28,Chandigarh,Chandigarh,22.1,29.5,25.8,27.0,74.8,13.4,28.9
2023-01-25,Kerala,Ernakulam,23.2,30.5,26.8,88.3,61.8,7.3,22.2
2015-08-31,Jammu and Kashmir,Srinagar,16.3,27.7,22.0,90.3,51.1,22.2,20.9
2022-02-03,Madhya Pradesh,Bhopal,22.0,34.8,28.4,44.9,40.5,19.0,24.1
2017-11-29,Dadra and Nagar Haveli and Daman and Diu,Daman,14.3,24.6,19.5,29.4,48.0,18.9,21.7
2015-08-17,Tamil Nadu,Madurai,27.1,34.5,30.8,136.9,56.9,15.6,26.7
2022-02-08,Bihar,Gaya,27.8,37.5,32.6,41.4,41.3,18.7,29.0
2017-07-08,Meghalaya,Shillong,15.7,21.1,18.4,225.3,71.7,16.1,24.0
2018-05-31,Gujarat,Vadodara,29.5,35.9,32.7,24.8,31.0,7.5,34.4
2015-01-06,Sikkim,Gangtok,18.7,32.8,25.8,39.1,73.4,13.1,20.0
2024-04-16,Andaman and Nicobar Islands,Port Blair,23.5,29.5,26.5,36.5,59.1,5.7,25.5
2016-04-12,Karnataka,Belgaum,25.6,32.8,29.2,46.9,65.4,10.6,32.8
2019-10-22,Delhi,New Delhi,23.3,28.7,26.0,49.5,52.7,13.7,24.8
2015-03-16,Andaman and Nicobar Islands,Port Blair,15.0,21.4,18.2,44.2,44.5,7.3,29.8
2015-01-04,Kerala,Ernakulam,23.0,32.1,27.6,59.0,86.0,9.3,23.7
2020-02-14,Gujarat,Vadodara,25.3,40.5,32.9,41.7,40.6,17.4,27.0
2016-10-07,Uttar Pradesh,Lucknow,31.7,41.7,36.7,34.3,67.5,13.6,25.9
2015-04-28,Himachal Pradesh,Kangra,2.0,7.1,4.6,13.1,78.7,6.9,25.4
2023-01-07,Puducherry,Puducherry,14.6,28.7,21.6,71.4,68.0,9.1,29.4
2019-06-18,Madhya Pradesh,Bhopal,10.8,41.5,26.2,32.9,60.2,8.7,34.3
2021-12-26,Ladakh,Leh,11.6,17.5,14.6,67.2,43.8,17.0,27.5
2020-07-14,Tripura,Agartala,19.0,28.2,23.6,276.4,74.8,14.4,22.3
2017-08-04,Telangana,Warangal,21.3,29.3,25.3,180.7,74.7,19.6,28.0
2022-03-06,Mizoram,Aizawl,16.7,26.0,21.4,58.0,71.7,15.4,20.3
2019-01-04,Arunachal Pradesh,Itanagar,18.8,27.7,23.2,18.7,67.8,9.0,29.1
2015-07-13,Madhya Pradesh,Bhopal,16.6,32.9,24.8,202.1,46.1,20.4,27.2
2017-04-26,Dadra and Nagar Haveli and Daman and Diu,Daman,23.8,30.8,27.3,12.4,57.2,16.8,29.5
2022-07-25,Andaman and Nicobar Islands,Port Blair,13.9,19.3,16.6,107.6,68.5,10.2,23.4
2018-11-16,West Bengal,Howrah,10.4,31.7,21.0,111.3,72.7,5.4,22.2
2023-06-25,Uttarakhand,Dehradun,16.6,29.5,23.0,159.0,76.6,22.1,26.1
2018-12-29,Manipur,Imphal,12.1,23.5,17.8,34.5,63.4,16.6,21.4
2021-01-29,Dadra and Nagar Haveli and Daman and Diu,Daman,22.0,31.9,27.0,73.7,66.0,15.7,22.0
2024-03-25,Manipur,Imphal,21.5,27.2,24.4,51.0,42.2,6.7,21.1
2019-07-27,Delhi,New Delhi,10.8,22.0,16.4,298.4,53.9,19.4,21.3
2021-07-01,Punjab,Ludhiana,16.4,24.8,20.6,54.6,34.0,14.5,20.8
2018-12-04,Kerala,Kozhikode,24.7,32.1,28.4,129.8,89.4,15.2,29.0
2018-02-15,Himachal Pradesh,Mandi,2.7,26.2,14.4,27.6,58.9,14.7,29.0
2022-11-23,Tamil Nadu,Madurai,27.3,32.8,30.0,42.8,77.8,15.5,20.3
2019-12-16,Haryana,Gurgaon,16.2,36.8,26.5,38.2,46.5,16.0,25.5
2016-12-24,Lakshadweep,Kavaratti,23.7,32.4,28.0,33.1,74.5,5.7,29.0
2015-08-13,Maharashtra,Nashik,26.4,39.5,33.0,155.2,71.3,20.1,27.0
2016-06-15,Uttarakhand,Dehradun,13.2,22.8,18.0,178.7,57.9,19.0,28.8
2015-04-23,Tripura,Agartala,22.9,31.0,27.0,7.8,40.7,14.7,30.4
2020-12-27,Madhya Pradesh,Bhopal,21.9,38.8,30.4,25.7,69.8,19.2,20.1
2016-07-12,Rajasthan,Jaipur,32.4,42.6,37.5,85.3,43.3,20.6,29.5
2020-08-10,Dadra and Nagar Haveli and Daman and Diu,Daman,18.4,25.5,22.0,199.1,43.0,17.5,28.1
2020-11-07,Chhattisgarh,Raipur,15.3,21.3,18.3,53.5,53.6,8.7,26.9
2016-10-15,Madhya Pradesh,Bhopal,31.3,40.5,35.9,32.0,54.0,7.1,28.1
2015-11-16,West Bengal,Howrah,20.9,37.6,29.2,122.6,64.2,19.8,29.6
2019-04-23,Tripura,Agartala,19.6,28.1,23.8,57.7,50.8,14.4,25.2
2020-01-03,Jammu and Kashmir,Srinagar,12.6,29.4,21.0,25.3,71.1,9.4,27.1
2020-04-01,Gujarat,Rajkot,26.9,33.8,30.4,31.9,64.4,10.7,32.1
2015-05-19,Lakshadweep,Kavaratti,20.1,27.6,23.8,69.3,62.5,10.3,26.6
2024-10-22,Assam,Dibrugarh,17.1,31.5,24.3,103.0,85.4,16.9,24.4
2022-12-02,Sikkim,Gangtok,17.8,34.8,26.3,72.8,56.6,15.3,22.7
2020-07-19,Haryana,Karnal,8.8,33.9,21.4,98.5,37.1,19.4,29.2
2021-04-25,Mizoram,Aizawl,24.0,32.6,28.3,38.6,45.7,16.9,34.5
2025-04-02,Uttarakhand,Dehradun,23.3,33.3,28.3,5.3,56.3,11.2,33.9
2017-06-20,Delhi,New Delhi,11.0,26.1,18.6,58.1,66.5,19.9,31.4
2016-11-20,Mizoram,Aizawl,21.9,31.8,26.8,18.3,55.3,19.4,22.9
2020-08-01,Kerala,Kozhikode,22.2,30.2,26.2,283.2,74.1,16.4,29.9
2015-01-10,Uttarakhand,Dehradun,21.3,26.6,24.0,54.9,73.0,18.4,24.2
2015-09-18,Haryana,Faridabad,12.8,36.4,24.6,160.0,51.4,9.8,26.5
2020-04-26,Tamil Nadu,Chennai,20.5,26.8,23.6,39.8,63.0,11.9,28.4
2019-08-01,Andaman and Nicobar Islands,Port Blair,10.5,18.6,14.6,52.2,57.2,11.2,22.9
2021-01-28,Punjab,Patiala,16.8,26.1,21.5,16.1,63.3,13.2,28.6
2023-01-24,Meghalaya,Shillong,17.7,33.9,25.8,22.8,64.7,12.5,29.2
2020-08-22,Mizoram,Aizawl,16.3,33.0,24.6,177.9,68.3,21.3,30.0
2018-04-06,Meghalaya,Shillong,21.0,28.8,24.9,25.9,52.4,6.5,25.5
2025-03-02,Odisha,Bhubaneswar,23.7,37.9,30.8,13.3,69.8,10.6,28.9
2019-06-08,Haryana,Hisar,8.6,28.5,18.6,194.8,43.8,19.1,33.8
2015-11-17,Andaman and Nicobar Islands,Port Blair,12.8,34.9,23.8,61.7,45.5,9.7,26.2
2018-09-04,Ladakh,Leh,23.3,29.6,26.4,224.7,50.8,20.1,26.8
2019-06-25,Uttar Pradesh,Kanpur,19.1,35.7,27.4,212.8,49.3,19.5,26.6
2021-07-04,Dadra and Nagar Haveli and Daman and Diu,Daman,20.5,32.6,26.6,144.0,71.7,16.4,29.4
2022-10-03,Kerala,Thrissur,22.3,28.3,25.3,130.3,85.3,12.1,29.6
2022-09-25,Mizoram,Aizawl,20.2,34.8,27.5,169.1,48.1,14.7,29.8
2020-06-17,Manipur,Imphal,15.6,34.4,25.0,243.2,57.7,16.1,31.1
2023-02-06,Himachal Pradesh,Shimla,13.3,19.2,16.2,70.7,63.9,19.0,26.3
2020-04-27,Kerala,Thrissur,23.3,32.1,27.7,128.7,69.8,19.3,29.7
2024-11-30,Lakshadweep,Kavaratti,24.3,34.3,29.3,58.7,58.7,13.8,28.4
2020-07-31,Tripura,Agartala,18.2,31.9,25.0,241.4,60.5,16.0,22.0
2024-07-22,Nagaland,Kohima,13.7,33.5,23.6,255.3,40.4,21.0,20.3
2025-01-25,Manipur,Imphal,16.9,22.8,19.8,72.8,78.9,14.2,23.9
2018-01-23,Lakshadweep,Kavaratti,17.7,32.1,24.9,20.6,57.7,16.1,24.0
2025-08-24,Goa,North Goa,10.5,25.4,18.0,226.5,79.1,8.6,25.4
2019-05-24,Jammu and Kashmir,Srinagar,9.0,17.9,13.4,51.5,46.5,9.3,32.8
2021-06-23,Puducherry,Puducherry,16.9,34.9,25.9,128.2,58.5,12.5,27.4
2015-08-24,Chhattisgarh,Raipur,23.8,33.4,28.6,113.4,68.0,22.5,20.7
2020-05-23,Nagaland,Kohima,14.0,22.2,18.1,65.9,47.2,9.6,30.4
2015-11-30,Meghalaya,Shillong,19.3,32.9,26.1,33.5,61.4,19.5,23.0
2020-03-23,Haryana,Gurgaon,11.2,33.1,22.2,39.7,46.6,8.2,27.8
2016-01-11,Tripura,Agartala,20.1,33.8,27.0,64.1,48.2,17.5,21.8
2024-08-31,Lakshadweep,Kavaratti,23.0,33.4,28.2,179.6,65.7,9.6,20.4
2018-03-06,Uttar Pradesh,Varanasi,13.9,37.9,25.9,30.6,41.2,17.5,22.3
2022-03-20,Sikkim,Gangtok,22.2,30.7,26.4,37.4,50.9,18.5,20.9
2019-04-20,Dadra and Nagar Haveli and Daman and Diu,Daman,12.2,28.5,20.4,64.5,43.8,16.0,32.4
2022-01-04,Jharkhand,Ranchi,18.7,29.2,24.0,27.5,54.1,15.1,20.7
2018-08-12,Kerala,Kozhikode,23.8,30.5,27.2,333.3,76.8,21.3,25.8
2024-04-14,West Bengal,Kolkata,14.1,20.6,17.4,82.1,71.8,15.1,29.6
2023-02-13,Goa,North Goa,22.4,34.4,28.4,7.8,69.8,5.5,24.5
2024-12-22,Punjab,Ludhiana,16.5,34.4,25.4,20.9,62.8,10.1,23.4
2020-01-30,Chhattisgarh,Raipur,13.3,29.7,21.5,10.4,54.5,9.0,22.3
2018-10-04,Tamil Nadu,Coimbatore,20.5,27.9,24.2,50.2,67.6,9.0,26.5
2025-09-16,Himachal Pradesh,Shimla,6.7,18.4,12.5,243.5,62.1,22.3,23.6
2025-07-17,Andaman and Nicobar Islands,Port Blair,22.4,33.0,27.7,269.3,78.3,8.1,20.9
2017-05-22,Meghalaya,Shillong,20.1,29.0,24.6,62.3,40.5,17.1,26.4
2018-06-06,Sikkim,Gangtok,14.4,34.5,24.4,34.4,54.0,9.3,33.5
2021-05-06,Haryana,Gurgaon,22.6,37.5,30.0,28.7,44.3,5.0,27.8
2020-01-26,Punjab,Patiala,17.9,34.3,26.1,15.3,35.6,8.0,23.5
2022-10-16,Maharashtra,Nashik,19.8,27.2,23.5,15.0,78.6,8.3,28.2
2018-08-07,Puducherry,Puducherry,16.6,30.1,23.4,41.2,63.3,12.3,21.0
2016-12-25,Karnataka,Belgaum,27.1,35.7,31.4,31.8,58.9,10.4,27.0
2023-11-11,Delhi,New Delhi,19.1,24.3,21.7,18.8,59.1,11.7,25.2
2020-08-14,Dadra and Nagar Haveli and Daman and Diu,Daman,20.7,32.0,26.4,124.4,75.1,8.9,25.8
2022-12-08,Puducherry,Puducherry,24.2,32.4,28.3,36.9,45.4,17.2,23.7
2024-06-12,Gujarat,Ahmedabad,26.9,33.9,30.4,27.5,42.2,12.2,33.7
2015-03-19,Tamil Nadu,Madurai,26.9,35.2,31.0,11.7,58.0,14.6,21.0
2024-07-13,Gujarat,Surat,26.9,32.0,29.4,142.9,63.8,15.0,28.3
2022-03-06,Tripura,Agartala,21.7,32.3,27.0,36.2,50.9,17.9,26.5
2015-05-12,Assam,Tinsukia,22.0,31.4,26.7,46.5,94.3,7.7,34.1
2016-08-23,Punjab,Ludhiana,10.2,24.5,17.4,99.2,66.9,21.3,28.2
2019-11-08,Puducherry,Puducherry,15.7,20.8,18.2,52.7,56.4,16.4,27.9
2017-12-01,Chandigarh,Chandigarh,16.6,31.6,24.1,63.8,77.1,13.7,27.8
2020-11-06,Mizoram,Aizawl,17.4,22.9,20.2,15.9,45.1,7.6,20.1
2021-09-15,Jharkhand,Ranchi,22.9,31.9,27.4,127.3,56.4,15.0,20.7
2021-06-01,Jammu and Kashmir,Srinagar,5.5,27.1,16.3,233.4,62.5,15.2,27.6
2020-02-07,Punjab,Patiala,16.8,32.7,24.8,37.1,36.7,17.2,23.5
2018-08-11,Nagaland,Kohima,17.5,30.1,23.8,156.7,62.9,9.7,24.3
2016-09-07,Uttarakhand,Dehradun,14.2,20.6,17.4,73.7,64.1,11.0,21.8
2024-11-06,Ladakh,Leh,18.3,33.9,26.1,60.2,76.2,13.7,24.1
2022-10-18,Tamil Nadu,Madurai,25.8,32.7,29.2,17.0,62.1,9.5,26.8
2025-04-20,Lakshadweep,Kavaratti,18.3,24.9,21.6,68.6,63.7,11.9,34.4
2025-02-25,Jharkhand,Ranchi,11.5,31.1,21.3,30.5,67.8,19.0,25.2
2021-10-05,Karnataka,Bangalore,18.2,23.6,20.9,39.8,75.2,9.3,23.3
2020-03-03,Goa,North Goa,21.8,27.8,24.8,64.3,50.6,5.8,21.2
2017-11-12,Puducherry,Puducherry,24.3,31.9,28.1,23.0,60.9,15.2,23.2
2016-07-28,Ladakh,Leh,20.9,28.2,24.5,51.5,62.0,10.3,29.4
2020-12-30,Mizoram,Aizawl,10.0,30.1,20.0,24.6,73.8,5.9,29.5
2017-09-19,Kerala,Ernakulam,22.3,33.4,27.8,358.7,72.9,12.2,28.4
2022-06-05,Rajasthan,Jodhpur,15.0,38.0,26.5,76.9,59.9,17.2,26.0
2021-01-01,Odisha,Bhubaneswar,21.3,27.2,24.2,35.7,62.0,17.8,28.4
2018-06-02,Assam,Cachar,10.2,25.7,18.0,211.8,71.2,8.3,32.5
2023-05-13,Nagaland,Kohima,24.3,30.5,27.4,28.9,48.3,19.0,25.1
2016-05-17,Odisha,Bhubaneswar,23.8,38.6,31.2,26.8,70.6,5.8,33.1
2020-06-20,Goa,North Goa,14.1,34.8,24.4,278.2,69.3,15.5,32.7
2017-03-31,Meghalaya,Shillong,12.0,22.6,17.3,6.9,65.8,17.1,29.5
2025-02-04,Haryana,Gurgaon,22.2,36.6,29.4,45.3,67.5,12.4,21.1
2020-11-21,Nagaland,Kohima,17.0,29.2,23.1,49.2,79.6,18.8,24.0
2023-07-08,Kerala,Thrissur,22.3,29.0,25.6,186.9,70.7,21.1,24.4
2020-05-24,Jharkhand,Ranchi,18.5,25.6,22.0,39.5,74.9,16.6,25.8
2015-07-17,Gujarat,Rajkot,29.7,36.7,33.2,139.8,35.9,18.1,20.4
2019-07-28,Andhra Pradesh,Krishna,26.0,36.8,31.4,103.6,78.1,8.7,28.9
2022-03-11,Ladakh,Leh,15.7,30.9,23.3,50.6,46.7,9.8,25.3
2021-09-04,Rajasthan,Udaipur,31.2,44.6,37.9,13.1,34.1,18.0,25.3
2018-04-17,Telangana,Nizamabad,29.3,34.4,31.8,38.5,66.8,8.3,32.3
2022-02-14,Tripura,Agartala,11.2,24.7,18.0,52.3,50.7,6.1,29.6
2019-01-11,Gujarat,Rajkot,30.5,41.5,36.0,49.0,37.4,7.4,20.3
2024-10-11,Mizoram,Aizawl,23.4,33.4,28.4,49.3,77.1,13.6,21.3
2023-06-14,Andaman and Nicobar Islands,Port Blair,12.7,20.0,16.4,106.1,55.2,20.0,26.9
2019-07-05,Chandigarh,Chandigarh,20.9,30.4,25.6,299.9,71.1,22.5,23.4
2019-08-20,Gujarat,Ahmedabad,17.1,32.2,24.7,42.4,49.7,12.0,24.9
2018-08-05,Delhi,New Delhi,24.2,30.9,27.6,298.2,49.2,11.1,25.4
2020-07-28,Gujarat,Ahmedabad,29.3,40.1,34.7,150.2,41.3,8.3,21.6
2016-04-22,Telangana,Nizamabad,22.2,39.6,30.9,69.8,48.0,15.9,30.8
2018-06-08,Karnataka,Hubli,18.5,28.9,23.7,215.0,70.0,12.4,34.3
2017-07-11,Himachal Pradesh,Shimla,9.0,18.0,13.5,122.3,70.1,17.6,27.4
2016-02-24,Kerala,Kozhikode,22.9,30.2,26.6,74.6,65.7,15.4,23.3
2021-01-13,Jammu and Kashmir,Srinagar,6.5,16.5,11.5,39.4,70.9,17.5,28.0
2022-02-10,Bihar,Purnia,21.7,30.4,26.0,57.8,41.6,17.0,27.8
2024-08-13,Ladakh,Leh,20.1,26.1,23.1,299.3,70.3,19.0,20.6
2018-01-25,West Bengal,Kolkata,17.2,23.6,20.4,51.5,72.8,18.2,22.8
2023-05-27,Madhya Pradesh,Bhopal,23.7,30.9,27.3,24.5,67.9,16.2,30.5
2023-05-03,Tamil Nadu,Chennai,22.0,31.2,26.6,24.1,62.4,7.3,33.0
2024-07-14,Odisha,Bhubaneswar,16.2,24.8,20.5,288.8,81.6,22.5,28.4
2017-08-08,Telangana,Hyderabad,20.5,29.6,25.0,266.4,75.6,17.6,23.1
2021-05-25,Meghalaya,Shillong,13.4,32.5,23.0,19.4,66.5,19.5,32.1
2018-07-01,Delhi,New Delhi,13.9,23.4,18.6,46.0,67.4,15.8,22.1
2021-02-21,Kerala,Thrissur,22.7,27.8,25.2,147.3,84.8,10.9,29.5
2022-03-30,Puducherry,Puducherry,20.2,32.6,26.4,52.6,70.3,7.6,25.6
2020-02-01,Gujarat,Ahmedabad,29.4,34.5,32.0,10.6,39.8,9.4,21.8
2024-11-02,Karnataka,Mysore,24.2,31.8,28.0,24.2,80.8,15.4,22.5
2016-05-31,Dadra and Nagar Haveli and Daman and Diu,Daman,15.4,31.2,23.3,60.4,47.1,19.0,32.9
2019-07-17,Andaman and Nicobar Islands,Port Blair,22.9,28.9,25.9,60.1,52.2,9.0,20.9
2020-02-09,Madhya Pradesh,Bhopal,13.2,35.2,24.2,6.7,33.3,19.2,20.8
2022-12-22,Dadra and Nagar Haveli and Daman and Diu,Daman,18.1,30.7,24.4,72.1,76.0,11.6,29.4
2018-02-15,Arunachal Pradesh,Itanagar,16.5,30.5,23.5,23.2,65.5,13.1,26.1
2022-10-24,Manipur,Imphal,20.2,26.9,23.5,26.1,69.4,7.5,23.4
2020-04-16,Karnataka,Mysore,24.7,37.5,31.1,16.8,63.2,6.2,28.8
2023-11-05,Puducherry,Puducherry,12.6,28.9,20.8,58.0,49.9,15.7,24.5
2017-03-25,Bihar,Purnia,14.2,30.1,22.2,34.7,49.2,16.4,28.0
2021-03-25,Karnataka,Mysore,26.0,33.7,29.8,25.3,77.8,9.9,27.5
2020-03-15,Andaman and Nicobar Islands,Port Blair,22.3,33.2,27.8,32.3,77.5,14.9,25.8
2021-03-13,Arunachal Pradesh,Itanagar,20.5,25.9,23.2,32.3,75.2,7.4,24.1
2023-03-15,Meghalaya,Shillong,16.1,26.0,21.0,44.4,79.8,8.8,27.0
2025-04-25,Madhya Pradesh,Bhopal,26.7,37.7,32.2,10.4,52.9,19.3,28.4
2020-08-24,Mizoram,Aizawl,19.6,34.6,27.1,243.4,67.5,22.6,21.7
2023-11-03,Rajasthan,Udaipur,29.3,38.7,34.0,16.0,40.8,5.5,23.1
2025-03-08,Odisha,Bhubaneswar,17.5,24.9,21.2,40.4,78.1,8.0,25.3
2024-02-15,Gujarat,Ahmedabad,27.7,34.9,31.3,46.6,64.7,8.8,29.9
2023-11-03,Haryana,Gurgaon,21.7,30.5,26.1,35.6,56.6,14.1,27.1
2020-09-25,Madhya Pradesh,Bhopal,15.9,41.6,28.8,208.7,59.8,8.4,25.9
2021-06-29,Arunachal Pradesh,Itanagar,20.6,33.6,27.1,284.9,76.6,14.1,34.0
2022-12-01,Karnataka,Mysore,18.0,28.3,23.2,20.2,79.7,18.9,22.6
2025-04-14,Telangana,Hyderabad,22.4,39.8,31.1,46.8,59.9,12.5,32.0
2015-05-10,Goa,North Goa,24.3,31.4,27.8,17.1,47.4,5.3,30.6
2024-07-14,Uttar Pradesh,Varanasi,30.1,40.0,35.0,238.5,75.5,15.4,24.9
2015-04-05,Gujarat,Rajkot,25.7,32.0,28.8,32.3,48.6,14.6,30.7
2022-04-28,Odisha,Bhubaneswar,19.7,34.0,26.8,42.9,56.8,15.1,28.1
2022-09-03,Goa,North Goa,23.3,29.6,26.4,188.0,62.9,11.0,24.4
2020-05-09,Andaman and Nicobar Islands,Port Blair,20.1,28.3,24.2,13.0,64.6,8.4,31.8
2024-03-17,Arunachal Pradesh,Itanagar,22.6,28.5,25.6,35.6,57.8,14.5,23.3
2017-03-04,Odisha,Bhubaneswar,21.3,26.5,23.9,21.0,69.9,8.2,21.4
2020-01-09,Bihar,Gaya,15.1,23.4,19.2,13.9,51.4,7.5,28.0
2024-03-08,Goa,North Goa,10.9,30.2,20.6,31.8,67.0,5.8,29.2
2020-10-17,West Bengal,Howrah,23.8,30.1,27.0,35.2,75.8,18.8,24.5
2019-08-11,Chandigarh,Chandigarh,17.3,25.3,21.3,127.2,51.4,13.3,20.2
2015-01-11,Gujarat,Rajkot,15.7,35.2,25.5,35.7,43.2,18.3,22.7
2024-02-08,Himachal Pradesh,Mandi,7.9,25.4,16.6,58.3,74.4,5.4,21.8
2020-02-09,Tripura,Agartala,19.6,28.1,23.8,8.0,63.5,10.9,23.6
2022-12-29,Delhi,New Delhi,14.0,19.1,16.6,17.8,59.0,9.1,28.7
2022-02-10,Andhra Pradesh,Visakhapatnam,21.4,38.3,29.8,36.3,58.3,9.6,23.3
2023-10-11,Goa,North Goa,17.6,27.0,22.3,50.3,57.0,15.1,26.0
2016-12-12,Nagaland,Kohima,13.7,31.9,22.8,60.9,79.6,7.6,28.5
2020-09-01,Jharkhand,Ranchi,23.1,32.5,27.8,161.8,78.3,22.6,26.4
2017-03-25,West Bengal,Kolkata,16.5,35.0,25.8,20.3,61.6,19.8,28.1
2015-12-12,Karnataka,Hubli,27.4,35.7,31.6,46.7,84.1,9.6,27.6
2021-06-07,Delhi,New Delhi,18.4,26.1,22.2,24.9,55.4,16.2,26.8
2015-12-29,Andhra Pradesh,Chittoor,24.1,35.8,30.0,56.5,51.6,15.0,20.6
2021-09-09,Madhya Pradesh,Bhopal,10.6,19.6,15.1,163.8,32.1,8.3,21.2
2021-03-15,Punjab,Patiala,28.7,39.4,34.0,8.9,42.2,19.2,21.0
2020-12-28,Andhra Pradesh,Chittoor,20.9,27.1,24.0,73.5,72.3,8.2,20.5
2025-02-04,Assam,Tinsukia,24.5,31.8,28.2,99.8,69.8,16.4,22.0
2023-03-25,Nagaland,Kohima,21.8,28.7,25.2,11.9,59.2,17.2,23.8
2023-12-26,Maharashtra,Pune,18.3,32.5,25.4,88.3,73.3,11.0,21.0
2017-09-11,Dadra and Nagar Haveli and Daman and Diu,Daman,18.8,27.5,23.2,285.1,60.1,15.1,23.1
2023-04-29,Uttarakhand,Dehradun,15.1,27.7,21.4,26.5,75.7,11.6,27.9
2025-02-11,Mizoram,Aizawl,12.3,29.2,20.8,6.8,58.0,13.3,23.4
2019-06-28,Andaman and Nicobar Islands,Port Blair,21.2,32.1,26.6,292.0,60.4,16.1,27.5
2017-04-07,Ladakh,Leh,15.8,21.2,18.5,53.2,52.5,13.1,27.5
2022-06-23,Uttar Pradesh,Varanasi,21.8,33.6,27.7,126.0,77.1,18.6,27.6
2024-09-01,Mizoram,Aizawl,17.6,28.4,23.0,242.6,73.3,12.3,28.2
2023-05-10,Sikkim,Gangtok,12.7,30.9,21.8,22.4,51.9,17.8,29.2
2015-12-22,Tripura,Agartala,24.9,30.7,27.8,37.4,69.3,5.1,21.5
2023-05-14,Arunachal Pradesh,Itanagar,10.3,34.9,22.6,58.2,54.9,7.3,25.9
2018-09-09,Sikkim,Gangtok,18.0,34.7,26.4,208.9,54.6,15.5,30.0
2023-10-10,Chhattisgarh,Raipur,17.8,34.6,26.2,6.1,68.8,14.4,26.9
2023-01-14,Bihar,Purnia,20.6,26.2,23.4,19.7,76.9,8.5,29.9
2025-08-12,Ladakh,Leh,20.2,29.6,24.9,277.6,71.8,14.4,20.7
2020-02-07,Goa,North Goa,23.0,33.4,28.2,60.4,69.8,9.1,28.6
2015-05-07,Rajasthan,Jaipur,10.1,22.2,16.2,4.2,24.4,13.0,25.4
2023-09-13,Madhya Pradesh,Bhopal,14.0,24.4,19.2,164.2,48.8,14.9,27.7
2023-05-15,Tripura,Agartala,16.9,26.5,21.7,72.4,40.3,9.6,31.1
2016-08-26,Uttar Pradesh,Lucknow,26.1,40.0,33.0,30.1,65.5,18.8,22.1
2025-08-06,Punjab,Amritsar,7.8,33.2,20.5,64.9,30.1,11.4,20.3
2024-06-11,Delhi,New Delhi,13.7,24.2,19.0,96.0,76.8,11.5,29.7
2020-04-12,Maharashtra,Pune,29.5,39.3,34.4,45.6,54.7,13.9,34.2
2017-10-10,Ladakh,Leh,10.1,22.9,16.5,64.5,56.4,15.8,26.9
2015-02-20,Mizoram,Aizawl,13.1,25.7,19.4,44.6,68.6,17.3,27.6
2023-06-28,Rajasthan,Jodhpur,10.7,35.3,23.0,84.6,43.0,13.6,32.1
2024-09-03,Meghalaya,Shillong,20.1,30.8,25.5,261.2,44.1,12.5,25.0
2024-03-21,Meghalaya,Shillong,24.4,29.8,27.1,28.6,77.0,18.5,28.7
2024-03-22,Punjab,Patiala,12.7,36.6,24.6,27.7,54.8,8.6,27.1
2025-05-25,Andaman and Nicobar Islands,Port Blair,14.9,25.1,20.0,49.6,49.6,8.4,28.7
2022-09-27,West Bengal,Darjeeling,24.0,31.0,27.5,402.2,77.8,18.2,24.7
2018-12-01,Haryana,Gurgaon,23.6,28.8,26.2,18.8,57.2,19.8,20.0
2019-11-28,Telangana,Hyderabad,24.1,39.2,31.6,66.1,40.9,12.9,20.0
2022-11-01,Assam,Cachar,21.8,29.3,25.6,120.7,93.1,19.6,28.9
2019-06-25,Tripura,Agartala,13.1,21.4,17.2,195.2,61.8,8.1,28.9
2024-07-08,Odisha,Bhubaneswar,28.6,39.3,34.0,113.4,63.4,16.4,28.5
2024-05-10,Delhi,New Delhi,18.0,34.6,26.3,60.9,78.1,16.0,33.8
2019-07-04,Arunachal Pradesh,Itanagar,22.5,29.4,26.0,84.3,74.6,9.3,24.1
2021-10-03,Manipur,Imphal,22.3,33.6,28.0,14.7,59.5,12.2,23.2
2018-04-20,Sikkim,Gangtok,23.8,32.8,28.3,73.6,42.7,10.9,33.4
2023-04-19,Jharkhand,Ranchi,16.3,24.9,20.6,74.8,74.9,13.2,30.6
2022-11-12,Nagaland,Kohima,10.1,34.6,22.4,61.4,41.5,7.6,28.2
2023-05-31,Sikkim,Gangtok,11.3,33.9,22.6,75.0,75.5,16.1,29.9
2020-01-29,Uttarakhand,Dehradun,11.2,29.9,20.5,32.8,62.8,9.4,22.4
2016-07-20,Madhya Pradesh,Bhopal,17.1,38.3,27.7,113.8,42.5,14.5,20.3
2021-08-15,Delhi,New Delhi,23.4,32.0,27.7,49.4,51.5,22.8,25.9
2017-07-24,Chhattisgarh,Raipur,14.4,26.1,20.2,92.4,41.3,20.6,22.9
2020-04-18,Uttar Pradesh,Kanpur,27.6,37.1,32.4,15.1,70.1,10.7,32.1
2022-06-01,Madhya Pradesh,Bhopal,28.4,41.7,35.0,38.9,30.3,16.2,27.6
2024-08-03,Uttarakhand,Dehradun,17.0,22.9,20.0,160.4,45.0,20.6,27.6
2023-04-05,Maharashtra,Nagpur,18.9,37.4,28.2,47.4,55.9,7.7,33.4
2018-08-25,Telangana,Hyderabad,22.9,28.5,25.7,291.2,50.2,22.0,23.0
2023-10-14,Assam,Dibrugarh,22.5,32.5,27.5,132.7,94.2,18.1,24.0
2015-07-21,Chandigarh,Chandigarh,22.2,32.8,27.5,37.2,77.2,15.0,21.3
2024-08-08,Jammu and Kashmir,Srinagar,8.5,23.5,16.0,189.0,63.0,11.8,26.3
2021-06-18,Maharashtra,Mumbai,28.9,36.3,32.6,330.1,51.0,8.7,30.9
2015-04-27,Kerala,Thrissur,22.1,32.8,27.4,108.8,71.1,11.2,34.2
2025-03-26,West Bengal,Kolkata,10.2,28.0,19.1,116.2,86.6,13.8,23.8
2017-07-25,Andaman and Nicobar Islands,Port Blair,11.5,19.7,15.6,210.3,40.7,21.3,25.9
2025-08-10,Mizoram,Aizawl,10.7,20.3,15.5,186.4,41.4,19.7,29.2
2016-07-28,Rajasthan,Udaipur,34.0,43.4,38.7,138.5,44.4,14.9,27.1
2021-04-10,Tamil Nadu,Chennai,21.8,28.0,24.9,78.6,83.5,13.7,29.8
2016-06-20,Punjab,Ludhiana,18.4,31.3,24.8,99.6,67.9,15.2,25.8
2019-06-14,Karnataka,Belgaum,25.7,33.6,29.6,295.8,66.1,18.7,25.6
2020-10-23,Puducherry,Puducherry,10.5,22.9,16.7,53.5,48.9,11.5,29.8
2025-08-13,Jharkhand,Ranchi,13.2,32.4,22.8,251.1,75.7,21.7,25.1
2016-01-21,Jharkhand,Ranchi,20.2,31.3,25.8,26.6,51.2,10.1,22.2
2023-12-26,Goa,North Goa,21.4,34.7,28.0,65.7,48.7,5.8,27.6
2016-04-19,Ladakh,Leh,15.9,32.5,24.2,59.5,65.0,8.8,26.0
2016-02-22,Telangana,Warangal,21.0,33.1,27.0,73.7,42.5,8.0,26.3
2021-07-22,Kerala,Ernakulam,22.9,34.0,28.4,169.7,88.9,21.7,28.9
2024-11-09,Tamil Nadu,Coimbatore,21.4,30.2,25.8,82.4,78.3,15.6,24.5
2022-05-11,Uttarakhand,Dehradun,14.7,34.4,24.5,14.7,41.8,5.1,32.8
2017-07-27,Goa,North Goa,10.9,26.2,18.6,122.8,45.9,19.1,20.6
2017-08-12,Andhra Pradesh,Guntur,23.2,34.8,29.0,144.6,57.8,21.9,29.3
2017-05-25,Goa,North Goa,16.2,26.6,21.4,26.5,74.2,13.5,25.9
2017-02-01,Sikkim,Gangtok,22.8,31.7,27.2,34.1,53.5,6.5,29.6
2018-04-17,Telangana,Nizamabad,26.9,33.0,30.0,43.2,62.2,7.5,29.3
2018-04-20,Tripura,Agartala,19.7,27.6,23.6,28.2,44.9,11.2,30.8
2016-10-25,Manipur,Imphal,11.7,28.0,19.8,32.8,67.1,9.7,25.7
2015-01-25,Uttar Pradesh,Varanasi,21.5,37.2,29.4,46.6,36.8,19.5,28.4
2020-06-13,Haryana,Gurgaon,19.1,38.3,28.7,88.8,31.4,18.9,34.4
2018-04-18,Telangana,Warangal,19.9,34.6,27.2,62.9,76.2,9.1,26.3
2016-12-10,Goa,North Goa,13.7,28.1,20.9,69.3,63.3,18.8,27.7
2024-10-12,Jammu and Kashmir,Srinagar,12.0,17.3,14.6,31.6,42.3,9.8,20.6
2020-02-23,Andhra Pradesh,Guntur,21.7,32.2,27.0,43.5,56.5,16.0,25.9
2018-03-30,Ladakh,Leh,20.4,32.4,26.4,55.9,77.4,8.6,22.7
2021-02-02,Kerala,Ernakulam,22.3,31.9,27.1,74.4,74.9,7.5,26.5
2015-10-12,Karnataka,Mysore,24.2,31.5,27.8,51.9,80.2,16.6,22.3
2015-03-04,Kerala,Kozhikode,24.6,30.0,27.3,76.7,62.4,18.9,20.4
2017-09-29,Gujarat,Rajkot,17.6,40.4,29.0,124.8,61.8,8.2,24.2
2016-10-23,Karnataka,Belgaum,27.8,35.8,31.8,86.5,83.4,15.3,23.3
2022-06-06,Ladakh,Leh,14.6,20.7,17.6,139.8,76.6,15.2,34.1
2021-01-12,Dadra and Nagar Haveli and Daman and Diu,Daman,22.3,34.9,28.6,71.3,68.3,18.1,27.5
2019-02-01,Delhi,New Delhi,20.6,32.3,26.4,55.5,55.2,11.4,22.9
2023-07-18,Madhya Pradesh,Bhopal,13.3,29.2,21.2,218.0,56.1,8.8,28.1
2017-08-24,Nagaland,Kohima,24.0,34.0,29.0,223.7,46.0,13.2,25.7
2017-04-28,Telangana,Nizamabad,18.9,25.6,22.2,70.7,68.1,9.1,28.3
2018-01-12,Himachal Pradesh,Mandi,7.7,14.0,10.8,58.0,47.1,17.1,28.5
2024-05-25,Dadra and Nagar Haveli and Daman and Diu,Daman,19.6,32.6,26.1,17.0,63.0,15.2,31.6
2016-11-19,Jharkhand,Ranchi,11.8,23.1,17.5,27.8,62.9,16.5,25.7
2015-05-28,Arunachal Pradesh,Itanagar,21.3,27.2,24.2,66.5,61.5,5.6,31.4
2025-02-18,Manipur,Imphal,17.8,25.5,21.6,58.5,77.3,9.8,24.9
2015-12-08,Assam,Dibrugarh,11.9,33.7,22.8,64.8,66.8,12.2,20.4
2021-11-28,Dadra and Nagar Haveli and Daman and Diu,Daman,13.8,19.9,16.8,13.9,44.5,18.1,29.3
2017-12-22,Goa,North Goa,17.1,30.2,23.6,53.7,55.7,10.6,26.8
2019-09-21,Assam,Kamrup,15.7,29.0,22.4,357.6,78.4,20.4,27.0
2018-10-15,Karnataka,Bangalore,27.6,36.9,32.2,23.1,73.2,15.0,26.5
2022-02-21,Manipur,Imphal,17.2,23.0,20.1,71.6,74.1,12.3,21.6
2015-11-23,West Bengal,Darjeeling,24.8,33.3,29.0,54.9,76.6,16.4,20.6
2019-11-28,Jharkhand,Ranchi,21.5,32.7,27.1,46.2,53.5,7.5,21.0
2019-10-26,Gujarat,Vadodara,15.0,24.5,19.8,23.5,39.7,9.6,23.9
2023-10-18,Manipur,Imphal,14.6,30.8,22.7,39.4,40.8,8.4,27.1
2017-09-16,Nagaland,Kohima,14.5,33.8,24.2,219.5,51.6,15.7,26.7
2021-03-12,Nagaland,Kohima,12.9,22.1,17.5,40.5,77.0,10.2,24.0
2021-10-18,Telangana,Hyderabad,20.3,34.0,27.2,58.1,57.6,16.3,23.0
2017-08-09,Arunachal Pradesh,Itanagar,20.6,28.0,24.3,238.6,73.2,20.0,22.2
2016-12-23,Punjab,Patiala,22.4,34.2,28.3,49.4,44.5,16.6,23.7
2024-04-12,Puducherry,Puducherry,16.0,22.6,19.3,21.8,46.6,7.4,25.1
2020-09-10,Uttar Pradesh,Kanpur,26.4,36.4,31.4,196.9,60.6,20.5,25.0
2022-06-10,Gujarat,Surat,16.6,34.2,25.4,142.0,55.1,20.0,32.3
2021-05-21,Chandigarh,Chandigarh,16.5,32.6,24.6,53.4,44.8,13.1,32.3
2024-03-30,Chhattisgarh,Raipur,18.3,34.4,26.4,12.1,68.9,17.4,27.0
2016-03-04,Karnataka,Bangalore,21.9,31.2,26.6,62.8,57.9,18.2,21.1
2019-02-09,Andhra Pradesh,Guntur,26.4,32.6,29.5,45.1,71.5,7.5,27.0
2015-10-13,Puducherry,Puducherry,12.1,28.2,20.2,40.4,51.9,6.7,27.4
2023-10-21,Andhra Pradesh,Chittoor,23.8,29.8,26.8,60.2,57.0,16.0,25.6
2024-07-27,Odisha,Bhubaneswar,17.9,24.2,21.0,253.6,50.9,9.0,27.0
2023-06-18,Arunachal Pradesh,Itanagar,18.1,27.0,22.6,171.0,63.7,16.5,31.4
2020-08-27,Rajasthan,Udaipur,33.5,41.0,37.2,55.2,21.5,10.2,21.1
2017-02-07,Punjab,Amritsar,13.4,31.6,22.5,7.1,59.1,11.0,29.6
2022-03-22,Tamil Nadu,Madurai,24.5,36.1,30.3,87.5,81.1,12.8,24.0
2018-10-26,Rajasthan,Udaipur,24.0,35.4,29.7,11.5,33.0,8.5,22.7
2023-11-21,Telangana,Warangal,19.1,30.9,25.0,25.3,57.9,16.9,24.5
2023-05-16,Bihar,Muzaffarpur,29.0,34.9,32.0,65.3,49.9,19.0,27.3
2015-07-13,Kerala,Ernakulam,24.2,29.6,26.9,414.9,66.6,18.1,26.4
2021-12-24,Sikkim,Gangtok,23.9,32.7,28.3,33.6,47.7,14.9,21.2
2017-09-14,Punjab,Ludhiana,25.7,33.0,29.4,114.3,53.8,13.4,26.6
2018-02-10,Nagaland,Kohima,13.8,19.4,16.6,72.1,52.8,15.7,25.1
2020-12-01,Andhra Pradesh,Chittoor,26.7,32.6,29.6,43.7,61.8,11.8,29.7
2024-01-07,Chandigarh,Chandigarh,12.0,30.6,21.3,28.1,51.6,9.1,23.5
2019-08-29,Delhi,New Delhi,15.4,24.4,19.9,206.9,41.9,13.0,22.8
2017-08-04,Telangana,Warangal,27.0,33.2,30.1,284.6,46.8,13.6,22.0
2017-04-10,Maharashtra,Nagpur,21.4,36.7,29.0,64.8,47.3,5.7,27.3
2025-03-04,Ladakh,Leh,24.2,34.1,29.2,35.8,59.3,18.5,25.9
2020-04-04,Chhattisgarh,Raipur,23.2,31.5,27.4,19.0,69.0,12.9,31.7
2024-02-18,Karnataka,Belgaum,19.6,33.3,26.4,44.4,54.9,15.1,25.9
2023-02-20,Telangana,Nizamabad,25.8,39.7,32.8,55.6,65.6,14.2,24.0
2015-02-24,Dadra and Nagar Haveli and Daman and Diu,Daman,22.6,30.4,26.5,54.0,51.7,7.2,21.3
2025-03-03,Madhya Pradesh,Bhopal,24.0,33.3,28.6,20.1,53.7,5.4,22.5
2017-03-10,Meghalaya,Shillong,15.1,30.7,22.9,43.2,74.2,10.0,23.0
2017-02-16,Telangana,Nizamabad,18.4,39.2,28.8,42.6,60.1,18.9,22.9
2019-01-21,Madhya Pradesh,Bhopal,17.3,35.2,26.2,48.2,58.0,16.8,25.8
2020-03-16,Telangana,Hyderabad,28.4,37.0,32.7,24.9,61.7,15.7,26.5
2021-01-18,Uttar Pradesh,Kanpur,11.6,17.6,14.6,18.9,79.2,7.8,24.6
2024-06-13,Arunachal Pradesh,Itanagar,19.6,33.7,26.6,232.9,76.4,17.1,33.7
2020-11-04,Meghalaya,Shillong,14.0,25.9,20.0,64.1,53.0,18.1,23.6
2015-02-24,Andhra Pradesh,Chittoor,23.6,32.1,27.8,45.6,53.9,5.5,29.0
2024-09-17,Karnataka,Bangalore,27.3,32.7,30.0,237.9,64.3,13.6,25.7
2019-12-29,Jammu and Kashmir,Srinagar,9.2,21.9,15.6,59.1,61.0,9.9,25.8
2018-04-16,Andaman and Nicobar Islands,Port Blair,19.6,31.5,25.6,48.3,66.6,9.7,29.5
2024-06-24,Mizoram,Aizawl,20.0,32.5,26.2,141.6,54.6,18.7,27.2
2024-05-13,West Bengal,Darjeeling,10.2,25.9,18.0,29.9,65.1,9.4,32.8
2023-06-07,Andaman and Nicobar Islands,Port Blair,15.0,29.6,22.3,208.7,58.3,9.2,32.0
2017-04-12,Assam,Dibrugarh,11.1,18.0,14.6,49.5,69.8,17.7,31.7
2015-11-09,Jharkhand,Ranchi,15.8,34.7,25.2,22.1,64.4,17.7,28.0
2022-09-07,Maharashtra,Pune,19.1,35.2,27.2,158.6,56.0,15.3,27.9
2020-02-02,Kerala,Kozhikode,22.5,28.3,25.4,44.2,66.5,5.9,29.3
2020-06-30,Chandigarh,Chandigarh,14.8,22.5,18.6,198.6,71.5,19.3,32.2
2020-06-29,Lakshadweep,Kavaratti,10.8,30.8,20.8,160.5,66.0,22.3,33.1
2021-10-26,Lakshadweep,Kavaratti,22.4,28.8,25.6,38.3,78.0,13.7,21.0
2019-11-26,Lakshadweep,Kavaratti,21.0,26.4,23.7,57.0,75.2,11.4,24.1
2015-11-24,Uttar Pradesh,Kanpur,13.2,39.1,26.2,35.1,59.0,14.9,23.0
2023-07-23,Andhra Pradesh,Visakhapatnam,24.3,37.2,30.8,296.2,51.0,8.6,24.3
2022-09-09,Arunachal Pradesh,Itanagar,19.9,28.8,24.4,299.9,47.8,8.1,21.9
2024-01-24,Mizoram,Aizawl,23.3,29.3,26.3,38.5,56.8,15.0,20.5
2024-01-14,Chandigarh,Chandigarh,19.9,28.5,24.2,69.8,74.0,11.0,29.9
2022-03-11,Gujarat,Surat,15.9,37.5,26.7,24.5,47.3,7.6,25.1
2023-07-20,Uttarakhand,Dehradun,11.3,27.8,19.6,87.6,69.0,17.1,27.5
2025-01-28,Himachal Pradesh,Shimla,15.0,22.0,18.5,10.0,54.6,18.8,25.8
2025-01-23,Sikkim,Gangtok,20.9,33.9,27.4,68.4,61.2,13.1,28.5
2023-05-13,Puducherry,Puducherry,22.1,32.6,27.4,47.3,64.7,10.4,33.4
2018-07-11,Andhra Pradesh,Krishna,26.2,33.2,29.7,102.4,75.8,17.4,24.0
2024-07-21,Himachal Pradesh,Kangra,3.7,21.7,12.7,87.9,58.8,18.2,25.7
2025-08-10,Punjab,Ludhiana,28.1,33.4,30.8,70.4,32.3,10.9,21.2
2020-11-13,Odisha,Bhubaneswar,26.0,34.3,30.2,93.3,50.8,14.8,29.7
2018-01-16,Ladakh,Leh,12.6,25.3,19.0,54.1,65.3,13.5,23.3
2023-08-16,Bihar,Gaya,24.0,36.2,30.1,82.3,78.6,16.3,25.3
2018-08-04,Himachal Pradesh,Mandi,17.0,27.1,22.0,59.4,60.3,19.7,27.0
2023-09-27,Sikkim,Gangtok,24.6,29.7,27.2,93.1,62.0,17.3,22.7
2022-11-01,Nagaland,Kohima,22.4,28.6,25.5,5.1,78.1,10.9,29.6
2021-12-13,Kerala,Ernakulam,22.8,28.3,25.6,121.6,85.1,12.4,20.7
2016-03-27,Himachal Pradesh,Shimla,13.1,20.3,16.7,65.2,51.0,17.7,24.3
2019-03-04,Goa,North Goa,18.9,32.7,25.8,7.8,72.8,7.1,23.6
2015-06-14,Odisha,Bhubaneswar,22.1,38.7,30.4,48.1,69.6,17.6,28.2
2015-07-01,Gujarat,Vadodara,19.9,33.3,26.6,53.7,48.7,19.5,28.5
2021-11-21,Meghalaya,Shillong,15.8,29.6,22.7,5.0,62.0,19.6,23.1
2017-06-28,Chhattisgarh,Raipur,18.9,32.4,25.6,190.5,56.7,10.3,29.6
2022-08-14,Meghalaya,Shillong,14.4,30.3,22.4,143.7,74.0,10.9,24.2
2017-04-02,Andhra Pradesh,Chittoor,25.6,31.8,28.7,48.2,58.7,8.4,26.4
2017-08-01,Odisha,Bhubaneswar,20.2,38.9,29.6,51.2,79.8,14.0,25.6
2020-06-24,Mizoram,Aizawl,17.7,34.1,25.9,235.6,79.4,19.9,28.0
2020-08-16,Uttar Pradesh,Varanasi,31.0,41.9,36.4,47.1,75.1,18.0,29.2
2015-11-26,Sikkim,Gangtok,23.7,34.3,29.0,67.0,44.7,7.2,21.2
2017-02-13,Haryana,Karnal,7.3,22.1,14.7,35.8,44.2,15.8,28.2
2025-04-02,Delhi,New Delhi,20.0,29.7,24.8,25.7,45.0,12.4,32.2
2021-01-07,Arunachal Pradesh,Itanagar,18.2,31.7,25.0,28.5,42.7,16.6,22.2
2023-08-23,Chandigarh,Chandigarh,19.2,32.9,26.0,59.0,63.9,18.3,27.5
2015-05-27,Punjab,Patiala,8.7,35.4,22.0,9.2,50.8,11.7,27.2
2025-02-12,Nagaland,Kohima,14.5,22.0,18.2,34.8,41.4,18.3,21.6
2024-06-14,Jharkhand,Ranchi,23.3,34.1,28.7,146.5,59.9,12.5,35.0
2017-07-03,Telangana,Warangal,26.0,39.6,32.8,147.8,75.3,14.7,28.7
2019-04-21,Bihar,Gaya,10.9,31.2,21.0,54.1,66.2,11.7,31.8
2018-08-01,Bihar,Gaya,13.3,31.2,22.2,184.1,52.7,19.7,20.8
2022-07-10,Madhya Pradesh,Bhopal,13.8,29.7,21.8,216.2,53.0,20.6,25.2
2015-03-23,Tripura,Agartala,21.8,29.5,25.6,62.1,56.1,13.4,21.8
2016-05-28,Madhya Pradesh,Bhopal,30.2,40.0,35.1,52.2,38.3,6.0,28.4
2020-04-04,Nagaland,Kohima,17.8,32.6,25.2,32.8,50.8,10.6,32.0
2022-11-02,Telangana,Hyderabad,22.0,39.7,30.8,21.4,70.1,13.8,22.3
2022-07-19,Arunachal Pradesh,Itanagar,21.3,30.2,25.8,211.1,66.5,9.7,28.4
2020-04-23,Delhi,New Delhi,20.2,32.8,26.5,36.3,47.8,9.9,34.0
2024-11-03,Odisha,Bhubaneswar,29.1,36.9,33.0,36.9,75.6,16.5,28.2
2017-01-15,Himachal Pradesh,Mandi,0.6,5.8,3.2,33.2,46.1,17.1,25.3
2023-05-29,West Bengal,Howrah,24.9,31.3,28.1,82.1,73.2,10.1,30.2
2018-11-10,Jammu and Kashmir,Srinagar,11.8,28.5,20.2,13.6,72.9,19.7,27.3
2016-12-07,Jharkhand,Ranchi,21.1,28.0,24.6,41.6,68.2,14.0,23.9
2016-04-15,Andhra Pradesh,Visakhapatnam,29.4,37.3,33.3,73.0,66.9,16.9,32.4
2023-09-26,Rajasthan,Jodhpur,26.5,31.7,29.1,21.6,43.3,21.7,26.0
2016-01-31,Himachal Pradesh,Kangra,4.7,16.2,10.4,50.5,63.9,19.3,25.3
2019-04-05,Manipur,Imphal,15.3,28.0,21.6,60.0,61.6,9.9,28.4
2021-04-27,Jammu and Kashmir,Srinagar,15.1,20.8,18.0,27.9,46.1,19.2,25.9
2017-03-15,Chhattisgarh,Raipur,21.4,31.8,26.6,49.3,70.5,11.0,24.0
2017-07-22,Sikkim,Gangtok,14.3,28.7,21.5,280.3,77.0,18.5,29.1
2018-07-03,Tamil Nadu,Coimbatore,27.7,36.9,32.3,186.8,66.9,22.0,26.7
2019-10-24,Gujarat,Vadodara,29.0,34.9,32.0,13.7,43.8,7.8,29.1
2017-06-23,Tamil Nadu,Coimbatore,21.7,33.0,27.4,70.8,55.4,11.7,34.8
2024-01-11,Tripura,Agartala,22.0,32.4,27.2,69.1,78.2,11.8,23.3
2017-12-12,Uttarakhand,Dehradun,14.7,20.2,17.4,24.6,54.2,5.6,28.8
2023-03-07,Goa,North Goa,22.7,29.5,26.1,61.2,71.8,10.0,27.0
2020-03-05,Puducherry,Puducherry,14.3,20.4,17.4,40.3,57.5,7.1,24.9
2019-03-04,Himachal Pradesh,Shimla,19.0,28.4,23.7,58.0,70.3,16.2,20.2
2024-10-17,Delhi,New Delhi,23.9,34.0,29.0,24.2,62.1,14.2,21.3
2022-12-11,Goa,North Goa,13.8,19.2,16.5,65.5,41.0,9.8,20.8
2018-10-19,Dadra and Nagar Haveli and Daman and Diu,Daman,21.7,34.4,28.0,44.4,45.6,13.4,27.7
2018-07-27,Puducherry,Puducherry,20.8,32.6,26.7,98.2,42.9,10.2,29.6
2016-08-15,Andaman and Nicobar Islands,Port Blair,19.2,32.1,25.6,271.7,74.1,11.3,20.6
2022-07-24,Maharashtra,Mumbai,29.1,39.9,34.5,301.0,80.0,11.5,21.1
2023-11-04,Ladakh,Leh,17.5,32.6,25.0,50.8,65.5,5.3,23.2
2022-05-03,Ladakh,Leh,24.1,29.9,27.0,55.8,70.4,16.0,34.9
2020-10-07,Manipur,Imphal,16.1,30.6,23.4,18.6,56.0,12.4,22.1
2025-05-26,Haryana,Hisar,27.7,37.9,32.8,17.8,35.4,9.3,31.2
2015-05-08,Uttar Pradesh,Varanasi,27.3,37.2,32.2,10.6,42.5,10.2,31.4
2017-01-05,Ladakh,Leh,13.7,22.5,18.1,25.0,63.7,12.4,28.4
2022-07-31,Rajasthan,Jaipur,27.4,40.8,34.1,33.2,22.2,15.6,20.7
2023-09-22,West Bengal,Howrah,16.6,22.0,19.3,121.3,54.4,20.0,23.5
2023-12-25,Bihar,Purnia,9.7,21.4,15.6,54.4,69.8,6.8,27.8
2022-01-17,Meghalaya,Shillong,15.6,30.4,23.0,52.0,71.7,15.5,20.4
2016-06-04,Sikkim,Gangtok,17.8,24.8,21.3,291.6,50.2,14.3,27.0
2022-02-12,Kerala,Ernakulam,22.4,32.0,27.2,86.6,71.2,6.3,27.4
2015-08-25,Meghalaya,Shillong,10.1,24.2,17.2,197.1,57.2,9.9,27.8
2018-07-28,Andaman and Nicobar Islands,Port Blair,14.9,21.9,18.4,174.1,40.8,12.9,27.5
2024-05-23,Nagaland,Kohima,23.7,32.4,28.0,20.2,48.8,14.1,29.1
2023-12-17,Jharkhand,Ranchi,12.7,31.3,22.0,19.0,52.9,5.9,27.0
2019-11-17,Nagaland,Kohima,14.1,22.8,18.4,26.2,75.0,12.8,21.6
2018-07-25,Andhra Pradesh,Visakhapatnam,27.7,34.2,31.0,147.2,67.0,16.8,20.7
2024-01-20,Rajasthan,Jaipur,30.9,40.3,35.6,39.6,48.7,19.9,24.5
2021-12-16,Andhra Pradesh,Guntur,21.4,36.3,28.8,60.6,75.6,9.5,25.1
2020-08-13,Manipur,Imphal,22.9,34.0,28.4,27.2,66.8,17.0,20.8
2022-06-06,Bihar,Purnia,28.5,36.4,32.4,215.3,75.3,10.0,33.6
2016-03-17,Punjab,Amritsar,23.1,38.1,30.6,27.3,31.3,15.1,23.7
2020-09-07,Jharkhand,Ranchi,16.0,27.2,21.6,158.0,66.5,18.9,27.8
2023-09-16,Tamil Nadu,Madurai,25.4,36.5,31.0,84.0,79.3,13.8,25.3
2022-04-11,Puducherry,Puducherry,16.5,27.9,22.2,25.0,46.8,6.6,29.5
2025-05-26,Delhi,New Delhi,11.9,21.3,16.6,14.4,44.4,18.2,31.7
2017-03-15,Puducherry,Puducherry,23.9,32.8,28.4,64.1,62.2,11.9,25.3
2015-03-16,Jharkhand,Ranchi,14.8,29.8,22.3,67.8,71.3,11.9,29.5
2022-11-25,Punjab,Patiala,29.6,37.3,33.4,43.9,30.2,6.0,20.2
2023-10-23,Andhra Pradesh,Krishna,27.7,33.3,30.5,11.1,54.4,9.6,24.6
2020-12-15,Madhya Pradesh,Bhopal,11.4,29.2,20.3,18.6,41.0,17.3,29.9
2025-09-29,Andhra Pradesh,Chittoor,24.6,32.9,28.8,282.2,65.0,19.0,24.1
2020-09-20,Chhattisgarh,Raipur,13.0,29.1,21.0,206.2,58.4,12.0,28.3
2018-10-11,Meghalaya,Shillong,14.1,29.6,21.8,31.9,58.9,8.2,26.5
2015-02-10,Manipur,Imphal,13.4,26.5,20.0,28.0,78.5,19.7,27.5
2023-03-01,West Bengal,Howrah,27.7,33.3,30.5,124.1,54.1,11.2,22.4
2020-09-12,Dadra and Nagar Haveli and Daman and Diu,Daman,24.3,32.9,28.6,187.2,79.9,17.2,26.5
2023-06-16,Tamil Nadu,Chennai,20.4,36.2,28.3,389.2,83.6,11.3,27.3
2019-08-28,Mizoram,Aizawl,15.5,25.0,20.2,105.6,64.2,20.1,29.4
2023-10-30,Puducherry,Puducherry,11.0,21.3,16.2,22.9,54.3,11.4,23.9
2023-05-04,Madhya Pradesh,Bhopal,30.9,38.6,34.8,35.3,59.9,15.9,30.8
2018-11-02,Maharashtra,Pune,28.3,37.5,32.9,110.6,53.6,7.0,28.2
2016-08-10,Karnataka,Bangalore,21.8,34.1,28.0,305.4,54.7,15.6,28.9
2019-06-11,West Bengal,Kolkata,25.8,36.2,31.0,390.9,85.9,19.0,28.4
2025-02-17,Lakshadweep,Kavaratti,11.8,24.5,18.2,11.1,44.6,19.3,26.8
2015-12-08,Jammu and Kashmir,Srinagar,17.0,27.1,22.0,37.2,41.0,19.3,20.7
2020-09-05,Dadra and Nagar Haveli and Daman and Diu,Daman,19.2,25.3,22.2,99.6,47.4,16.3,28.9
2025-09-01,Mizoram,Aizawl,19.5,31.5,25.5,274.5,70.0,21.0,24.2
2024-03-12,Himachal Pradesh,Shimla,17.3,27.3,22.3,18.8,41.5,8.7,23.8
2016-10-07,Jharkhand,Ranchi,22.6,33.1,27.8,71.9,62.4,16.2,22.8
2016-12-31,Haryana,Hisar,22.0,36.2,29.1,43.2,51.5,14.7,22.0
2015-06-17,Rajasthan,Jaipur,28.4,43.1,35.8,99.1,24.6,12.7,29.8
2016-09-01,Madhya Pradesh,Bhopal,24.9,33.8,29.4,204.9,44.9,8.6,27.9
2021-05-04,Chhattisgarh,Raipur,19.7,33.0,26.4,29.4,40.7,6.1,26.1
2019-11-08,Goa,North Goa,22.1,29.5,25.8,74.9,70.3,14.0,29.8
2020-08-02,Chandigarh,Chandigarh,14.7,22.2,18.4,226.4,51.1,22.4,29.9
2022-11-08,Dadra and Nagar Haveli and Daman and Diu,Daman,23.9,34.7,29.3,48.1,67.7,6.4,27.6
2016-03-30,Mizoram,Aizawl,13.0,32.3,22.6,72.3,48.5,6.2,24.8
2023-02-01,Karnataka,Hubli,25.9,36.4,31.2,72.7,76.9,7.6,26.5
2019-09-05,Punjab,Ludhiana,20.1,27.4,23.8,94.6,64.1,22.6,26.7
2024-07-04,Himachal Pradesh,Kangra,18.4,24.3,21.4,293.5,41.3,15.9,22.9
2023-02-17,Arunachal Pradesh,Itanagar,22.2,28.9,25.5,5.8,56.6,6.0,22.9
2023-04-17,Andhra Pradesh,Visakhapatnam,26.4,33.9,30.2,26.0,54.7,7.0,30.3
2024-09-17,Bihar,Purnia,23.0,33.4,28.2,72.1,65.9,16.4,23.8
2016-12-02,Ladakh,Leh,15.0,22.7,18.8,15.2,53.6,5.6,24.4
2022-05-05,Tripura,Agartala,19.0,34.4,26.7,48.8,65.0,10.6,26.3
2024-12-08,Assam,Dibrugarh,16.7,29.7,23.2,115.5,88.9,8.8,22.4
2019-05-19,Himachal Pradesh,Kangra,11.3,24.1,17.7,24.2,63.5,10.2,31.4
2015-05-10,Sikkim,Gangtok,14.4,28.6,21.5,58.8,79.2,18.7,30.0
2023-05-26,Tamil Nadu,Madurai,23.9,32.9,28.4,12.5,55.8,5.9,32.0
2020-01-20,Kerala,Kozhikode,23.2,28.6,25.9,111.3,79.3,15.8,26.0
2018-10-18,Jharkhand,Ranchi,12.4,18.5,15.4,62.2,48.6,13.1,24.9
2025-05-04,Puducherry,Puducherry,23.8,32.2,28.0,45.6,52.8,19.4,31.1
2022-11-06,Jharkhand,Ranchi,10.1,26.2,18.2,30.5,41.3,11.5,27.7
2016-11-23,Chandigarh,Chandigarh,17.6,30.5,24.0,49.8,66.8,10.8,23.7
2024-03-17,Sikkim,Gangtok,10.1,18.2,14.2,71.6,73.7,9.1,24.0
2018-10-26,Goa,North Goa,24.1,30.6,27.4,42.3,40.9,14.3,29.3
2017-03-04,Arunachal Pradesh,Itanagar,23.3,31.7,27.5,50.5,62.8,6.0,21.6
2015-01-29,Chandigarh,Chandigarh,24.5,30.9,27.7,31.9,60.4,19.7,26.9
2015-05-29,Arunachal Pradesh,Itanagar,19.4,30.0,24.7,54.0,66.6,18.5,30.4
2025-07-17,Lakshadweep,Kavaratti,16.3,32.4,24.4,243.9,46.8,11.6,29.6
2018-08-12,Meghalaya,Shillong,16.7,28.6,22.6,106.8,59.2,19.2,24.8
2020-08-20,Kerala,Ernakulam,22.9,28.6,25.8,564.1,86.1,19.9,26.9
2024-10-23,Andhra Pradesh,Chittoor,25.2,39.0,32.1,61.5,74.5,9.6,24.2
2022-06-16,Haryana,Karnal,22.7,32.3,27.5,108.9,55.9,14.6,32.9
2018-02-10,Madhya Pradesh,Bhopal,12.6,35.1,23.8,13.0,67.5,9.7,28.0
2015-07-06,Manipur,Imphal,17.8,23.9,20.8,183.1,76.5,10.4,23.2
2022-10-25,Haryana,Karnal,16.0,26.2,21.1,47.5,45.1,14.9,22.2
2022-08-23,Jharkhand,Ranchi,13.3,21.2,17.2,141.7,61.3,8.2,28.3
2018-06-04,Chhattisgarh,Raipur,17.7,24.6,21.2,38.8,42.5,11.9,30.0
2018-08-26,Odisha,Bhubaneswar,27.9,39.3,33.6,339.6,61.5,12.6,29.9
2015-04-08,Karnataka,Mysore,24.8,32.3,28.6,39.6,59.6,14.3,34.0
2015-02-24,Punjab,Patiala,10.0,17.1,13.6,23.3,39.8,13.6,27.0
2022-04-24,Punjab,Amritsar,12.8,33.0,22.9,20.4,55.4,14.5,27.8
2022-06-04,Rajasthan,Udaipur,25.9,36.3,31.1,60.5,31.6,13.2,32.9
2017-01-27,Nagaland,Kohima,13.7,29.8,21.8,68.0,54.0,5.4,20.2
2016-02-10,Jharkhand,Ranchi,12.1,19.1,15.6,57.4,51.8,14.8,20.4
2020-10-17,Puducherry,Puducherry,14.4,23.1,18.8,24.4,47.6,14.3,26.6
2024-04-06,Uttar Pradesh,Kanpur,9.0,34.8,21.9,18.8,44.1,17.4,34.0
2018-08-05,Chandigarh,Chandigarh,22.4,28.5,25.4,299.8,66.9,15.7,29.5
2019-11-21,Himachal Pradesh,Shimla,16.3,27.3,21.8,64.5,55.4,15.3,21.9
2024-11-28,Dadra and Nagar Haveli and Daman and Diu,Daman,24.8,32.9,28.8,62.0,56.3,16.4,23.9
2017-01-20,Bihar,Muzaffarpur,21.0,36.9,29.0,17.6,54.3,13.2,23.3
2023-10-25,Goa,North Goa,14.6,23.9,19.2,20.9,74.0,18.9,27.0
2024-09-08,Maharashtra,Pune,18.4,36.5,27.4,284.7,74.1,14.6,20.4
2019-10-29,Bihar,Muzaffarpur,23.0,33.3,28.2,66.8,69.5,10.4,27.2
2024-01-29,Uttar Pradesh,Varanasi,18.4,27.1,22.8,28.1,41.1,5.1,22.5
2024-10-02,Mizoram,Aizawl,13.1,18.2,15.6,59.9,43.1,11.7,24.2
2025-09-25,Odisha,Bhubaneswar,17.7,39.4,28.6,257.3,78.5,15.4,27.2
2023-03-25,Goa,North Goa,24.5,31.4,28.0,40.3,60.6,19.9,22.3
2024-10-18,Andaman and Nicobar Islands,Port Blair,20.1,26.5,23.3,69.9,63.6,17.9,29.0
2015-12-31,Karnataka,Bangalore,23.6,35.0,29.3,72.9,60.7,11.5,21.9
2020-07-19,Meghalaya,Shillong,15.8,34.9,25.4,95.6,70.5,8.9,24.7
2016-04-26,Chandigarh,Chandigarh,10.9,25.0,18.0,6.9,64.5,13.8,33.0
2021-02-26,Tripura,Agartala,18.7,34.2,26.4,59.8,45.3,9.0,20.3
2015-06-03,Karnataka,Bangalore,21.9,32.6,27.2,380.5,63.5,19.7,27.7
2024-08-22,Gujarat,Rajkot,17.6,38.3,28.0,64.5,64.9,10.5,28.5
2019-03-05,Uttar Pradesh,Lucknow,25.9,37.7,31.8,51.8,46.5,7.5,21.6
2020-10-21,Sikkim,Gangtok,14.1,26.2,20.2,66.3,43.6,18.7,29.3
2022-07-23,Tripura,Agartala,20.9,34.1,27.5,235.6,61.1,17.0,26.3
2021-06-01,Odisha,Bhubaneswar,16.9,25.4,21.2,228.4,54.0,22.5,30.1
2017-11-06,Dadra and Nagar Haveli and Daman and Diu,Daman,15.7,23.0,19.4,34.2,52.1,6.3,29.7
2019-07-23,Uttar Pradesh,Kanpur,12.2,34.3,23.2,40.1,75.7,16.9,26.6
2018-05-25,Ladakh,Leh,21.7,31.7,26.7,10.0,57.2,8.9,29.9
2015-03-02,Tamil Nadu,Madurai,23.2,36.3,29.8,32.2,57.0,19.4,29.5
2017-07-27,Madhya Pradesh,Bhopal,31.9,39.8,35.8,44.9,65.2,10.2,21.6
2019-06-28,Tripura,Agartala,12.9,29.1,21.0,50.0,71.1,8.9,26.1
2020-09-20,Arunachal Pradesh,Itanagar,16.5,26.6,21.6,297.1,78.7,10.8,29.5
2015-01-25,Arunachal Pradesh,Itanagar,20.4,29.3,24.8,56.8,76.0,7.7,22.0
2017-11-28,Meghalaya,Shillong,16.1,23.5,19.8,30.2,65.8,17.2,23.0
2025-08-10,Himachal Pradesh,Mandi,5.6,25.7,15.6,139.1,72.7,22.9,29.8
2015-05-11,West Bengal,Howrah,21.9,31.1,26.5,17.5,79.5,19.7,25.7
2024-10-09,Madhya Pradesh,Bhopal,10.1,37.5,23.8,10.6,33.3,18.7,20.8
2018-06-06,Jammu and Kashmir,Srinagar,2.3,20.2,11.2,236.8,56.0,14.3,31.3
2015-04-18,Madhya Pradesh,Bhopal,21.1,26.4,23.8,11.2,53.3,16.9,32.6
2015-06-21,Dadra and Nagar Haveli and Daman and Diu,Daman,21.1,33.0,27.0,32.4,75.8,21.3,30.3
2018-12-29,Rajasthan,Jaipur,16.2,35.3,25.8,23.4,28.9,14.0,28.0
2024-09-19,Lakshadweep,Kavaratti,22.1,27.6,24.8,75.2,66.7,20.9,25.2
2015-04-12,Puducherry,Puducherry,20.6,25.8,23.2,47.6,78.5,14.9,34.2
2022-12-23,Haryana,Gurgaon,19.2,37.5,28.4,10.6,34.9,6.8,24.9
2022-01-15,Arunachal Pradesh,Itanagar,15.0,30.8,22.9,68.2,64.8,8.2,29.3
2021-05-11,Lakshadweep,Kavaratti,17.9,31.6,24.8,67.3,79.6,12.6,33.1
2019-06-25,West Bengal,Howrah,20.2,31.4,25.8,287.3,69.4,14.3,32.2
2023-07-13,Andhra Pradesh,Chittoor,22.5,35.2,28.8,225.4,76.8,13.0,28.6
2022-11-04,Jharkhand,Ranchi,24.2,33.0,28.6,59.0,56.2,19.3,26.7
2023-03-24,Bihar,Patna,14.8,28.0,21.4,50.2,49.4,16.3,22.2
2017-11-06,Jammu and Kashmir,Srinagar,11.8,26.0,18.9,65.9,69.4,17.0,29.1
2015-11-26,Jharkhand,Ranchi,19.0,33.3,26.2,21.2,72.6,8.3,29.3
2024-12-19,Karnataka,Belgaum,21.3,28.3,24.8,23.3,48.4,11.7,25.2
2025-08-30,Maharashtra,Mumbai,29.0,36.3,32.6,140.0,73.5,10.0,28.9
2019-03-01,Kerala,Ernakulam,23.2,32.4,27.8,48.3,64.4,17.0,24.3
2025-08-22,Mizoram,Aizawl,24.8,32.5,28.6,256.8,79.2,12.2,28.0
2015-01-12,Meghalaya,Shillong,10.3,28.7,19.5,57.2,59.1,7.4,26.2
2018-09-03,Jammu and Kashmir,Srinagar,18.0,29.5,23.8,234.0,50.5,21.1,28.9
2025-01-11,Arunachal Pradesh,Itanagar,15.5,23.2,19.4,66.2,75.4,6.5,29.7
2015-08-04,Karnataka,Mysore,23.3,37.9,30.6,200.2,64.0,12.0,29.0
2015-12-05,Assam,Dibrugarh,16.7,32.5,24.6,35.0,87.6,12.4,20.1
2019-12-05,Andaman and Nicobar Islands,Port Blair,13.4,21.6,17.5,57.6,59.1,7.4,22.6
2022-06-01,Nagaland,Kohima,17.6,22.8,20.2,138.8,67.1,15.8,31.0
2023-08-19,Punjab,Amritsar,13.2,22.2,17.7,165.8,66.2,15.7,23.1
2019-10-17,Maharashtra,Nashik,24.1,38.7,31.4,89.5,78.6,9.9,27.1
2019-02-17,Puducherry,Puducherry,19.8,30.6,25.2,42.0,62.0,17.7,29.2
2021-08-18,Dadra and Nagar Haveli and Daman and Diu,Daman,11.7,27.1,19.4,277.2,45.4,14.2,20.9
2023-04-12,Nagaland,Kohima,11.7,33.2,22.5,36.2,67.5,7.1,25.2
2016-12-10,Chandigarh,Chandigarh,23.4,32.2,27.8,6.4,79.7,12.4,24.8
2018-05-08,Tripura,Agartala,19.3,24.4,21.8,44.8,65.2,9.5,32.3
2024-11-17,Odisha,Bhubaneswar,20.7,36.0,28.4,22.9,82.0,18.2,21.5
2021-11-18,Haryana,Hisar,28.5,37.1,32.8,36.6,63.6,6.3,21.7
2018-01-17,West Bengal,Kolkata,15.2,28.7,22.0,49.8,70.2,7.8,26.8
2018-07-15,Haryana,Gurgaon,6.4,21.7,14.0,52.2,59.2,21.3,20.8
2025-03-15,Dadra and Nagar Haveli and Daman and Diu,Daman,21.8,34.1,28.0,73.2,63.2,9.9,23.2
2024-12-21,Assam,Kamrup,15.7,29.5,22.6,86.3,82.9,5.6,21.1
2016-05-03,Assam,Tinsukia,24.6,35.0,29.8,118.3,69.0,19.3,27.1
2019-04-11,Sikkim,Gangtok,21.0,27.0,24.0,50.4,70.4,17.9,32.3
2015-02-16,Mizoram,Aizawl,23.9,32.1,28.0,52.4,54.8,5.2,27.6
2024-03-13,Ladakh,Leh,23.0,29.2,26.1,7.0,46.6,18.4,23.0
2017-02-16,Mizoram,Aizawl,13.5,18.7,16.1,25.8,68.6,19.4,23.1
2017-11-05,Maharashtra,Pune,20.9,38.4,29.6,108.0,54.8,6.0,29.9
2016-12-11,Himachal Pradesh,Shimla,13.6,29.2,21.4,32.2,65.9,15.1,28.7
2016-02-05,Chandigarh,Chandigarh,24.9,30.5,27.7,49.2,53.5,17.2,27.5
2019-12-23,Rajasthan,Jodhpur,32.3,39.9,36.1,9.4,20.9,8.8,23.7
2023-04-17,Kerala,Thrissur,24.8,32.4,28.6,94.6,86.4,18.3,30.3
2023-08-24,Lakshadweep,Kavaratti,11.7,21.7,16.7,147.9,70.0,18.7,26.4
2015-09-07,Karnataka,Bangalore,26.8,36.8,31.8,393.6,80.0,10.9,20.6
2016-01-26,Punjab,Patiala,15.4,32.5,24.0,33.9,40.7,17.9,23.3
2025-07-20,Jammu and Kashmir,Srinagar,18.4,26.5,22.4,42.7,46.5,9.5,20.4
2015-12-01,Karnataka,Hubli,25.1,31.6,28.4,85.5,51.9,5.5,28.2
2016-09-20,Haryana,Hisar,16.7,32.7,24.7,80.5,31.8,13.6,25.2
2024-10-30,Bihar,Patna,8.3,28.6,18.5,68.0,48.7,18.9,21.0
2015-05-17,Uttarakhand,Dehradun,22.4,33.8,28.1,23.0,78.3,11.2,26.4
2023-01-09,Chandigarh,Chandigarh,18.9,35.0,27.0,68.0,51.1,13.7,21.2
2022-06-28,Uttarakhand,Dehradun,16.9,28.8,22.8,108.3,59.4,21.8,30.0
2025-09-16,Rajasthan,Jaipur,30.8,38.7,34.8,155.7,23.7,16.8,27.9
2019-03-02,Punjab,Ludhiana,25.4,32.3,28.8,23.1,55.0,9.7,26.6
2017-04-06,Bihar,Gaya,16.3,27.9,22.1,17.0,41.6,17.5,29.9
2016-12-27,Karnataka,Hubli,23.6,32.1,27.8,22.3,60.2,8.4,28.4
2019-02-09,Madhya Pradesh,Bhopal,31.7,41.4,36.6,34.1,55.1,19.2,25.4
2022-03-26,Himachal Pradesh,Shimla,12.8,25.5,19.2,56.0,65.6,15.1,27.3
2024-01-08,Bihar,Muzaffarpur,25.8,34.5,30.2,58.5,44.0,18.1,22.9
2017-09-16,Kerala,Ernakulam,23.2,33.7,28.4,418.5,69.3,11.4,29.6
2021-08-16,Himachal Pradesh,Kangra,1.8,6.9,4.4,215.0,64.6,19.1,27.3
2017-07-23,Madhya Pradesh,Bhopal,29.0,41.4,35.2,190.5,39.3,15.0,26.4
2023-05-01,Uttar Pradesh,Varanasi,19.6,27.4,23.5,37.4,74.3,11.3,31.7
2016-02-06,Madhya Pradesh,Bhopal,23.6,33.7,28.6,36.1,38.4,13.2,28.0
2019-01-06,West Bengal,Howrah,23.7,32.0,27.8,22.9,82.0,9.0,20.5
2024-10-01,Odisha,Bhubaneswar,21.7,36.5,29.1,82.8,84.4,7.8,22.9
2016-09-06,Telangana,Hyderabad,25.3,38.2,31.8,100.9,56.4,14.1,27.7
2018-07-20,Odisha,Bhubaneswar,18.6,39.5,29.0,223.8,59.9,12.3,20.2
2024-11-06,Madhya Pradesh,Bhopal,25.2,39.4,32.3,6.8,53.4,16.7,23.8
2018-03-28,Madhya Pradesh,Bhopal,19.5,30.8,25.2,22.4,49.6,7.5,24.4
2023-10-29,West Bengal,Kolkata,27.0,32.2,29.6,28.9,81.1,7.0,22.7
2023-05-01,Arunachal Pradesh,Itanagar,16.8,34.2,25.5,17.8,76.9,15.8,31.7
2022-04-21,Jharkhand,Ranchi,20.9,26.2,23.5,11.9,53.4,6.1,34.9
2021-02-13,Sikkim,Gangtok,18.7,29.2,24.0,60.0,79.1,19.3,27.9
2025-08-20,Madhya Pradesh,Bhopal,18.3,24.5,21.4,41.6,30.0,8.0,29.4
2018-01-26,Himachal Pradesh,Mandi,18.5,27.8,23.2,57.2,60.5,8.6,29.1
2015-05-11,Delhi,New Delhi,14.2,30.9,22.5,22.2,74.8,14.8,31.4
2022-10-23,Maharashtra,Pune,19.2,30.8,25.0,70.4,53.2,18.2,28.4
2018-04-09,Punjab,Amritsar,17.3,28.3,22.8,41.1,37.9,6.1,25.5
2023-03-03,Manipur,Imphal,10.6,25.1,17.8,22.9,67.6,14.8,25.4
2023-04-22,Lakshadweep,Kavaratti,15.3,32.8,24.0,54.7,50.9,12.5,26.6
2015-07-02,Delhi,New Delhi,14.9,35.0,25.0,82.7,67.9,11.6,29.4
2023-04-19,Mizoram,Aizawl,14.7,25.0,19.8,46.6,63.5,13.7,30.7
2015-12-30,Telangana,Nizamabad,21.7,32.5,27.1,48.6,66.9,8.8,27.0
2015-02-08,Chandigarh,Chandigarh,23.8,33.5,28.6,10.9,58.8,11.5,23.4
2024-11-07,Madhya Pradesh,Bhopal,20.8,32.9,26.8,5.3,39.5,8.2,23.5
2021-12-19,Meghalaya,Shillong,12.6,18.8,15.7,18.8,74.2,17.0,24.4
2024-10-27,Arunachal Pradesh,Itanagar,23.2,29.8,26.5,45.9,45.7,17.5,21.3
2018-10-04,Mizoram,Aizawl,10.5,20.8,15.6,68.1,45.2,10.0,23.2
2023-04-18,Lakshadweep,Kavaratti,22.0,30.4,26.2,47.8,56.2,13.3,25.6
2017-07-09,Haryana,Faridabad,14.4,37.0,25.7,144.4,69.3,19.8,24.5
2024-06-30,Assam,Cachar,20.1,32.8,26.4,234.8,62.1,14.1,26.4
2022-08-01,Kerala,Kozhikode,22.8,34.6,28.7,523.5,77.8,14.0,22.6
2023-11-07,Punjab,Ludhiana,19.3,32.7,26.0,40.1,67.1,9.9,22.1
2015-01-16,Meghalaya,Shillong,16.0,27.1,21.6,7.8,74.5,19.9,29.2
2016-05-07,Maharashtra,Pune,28.3,40.0,34.2,114.4,71.0,7.5,26.6
2018-12-20,Meghalaya,Shillong,10.7,23.6,17.2,61.6,59.6,10.5,21.1
2018-02-05,Delhi,New Delhi,10.8,23.5,17.2,12.0,44.1,10.9,25.0
2023-01-20,Chandigarh,Chandigarh,12.8,29.6,21.2,34.3,43.7,14.6,23.6
2024-08-22,Kerala,Thrissur,22.2,34.6,28.4,385.6,74.3,20.9,29.4
2015-11-07,Manipur,Imphal,13.3,31.8,22.6,63.2,42.2,15.7,20.6
2017-01-08,Nagaland,Kohima,18.9,31.3,25.1,30.7,75.2,17.0,29.3
2023-11-16,West Bengal,Kolkata,15.7,21.1,18.4,103.3,58.9,12.0,28.2
2016-06-29,Tamil Nadu,Chennai,21.7,30.2,26.0,198.1,59.5,14.9,25.1
2021-09-27,Maharashtra,Nashik,20.5,37.6,29.0,230.2,68.6,11.5,26.5
2015-09-08,Chandigarh,Chandigarh,25.0,33.0,29.0,195.9,44.5,14.1,28.6
2017-01-28,Delhi,New Delhi,22.5,31.4,27.0,68.2,45.7,14.9,22.5
2019-12-10,Manipur,Imphal,19.7,25.6,22.6,71.1,71.5,8.0,26.4
2023-10-18,Gujarat,Ahmedabad,27.9,34.8,31.4,9.2,44.1,7.0,25.7
2018-07-21,Manipur,Imphal,16.4,27.7,22.0,172.0,79.3,19.9,26.3
2024-07-19,Karnataka,Mysore,21.6,26.9,24.2,81.9,72.9,13.5,23.3
2019-06-20,Andaman and Nicobar Islands,Port Blair,23.3,31.5,27.4,271.9,75.5,9.2,34.5
2025-06-07,Dadra and Nagar Haveli and Daman and Diu,Daman,11.2,34.3,22.8,146.7,70.4,18.6,30.2
2020-03-29,Tripura,Agartala,19.3,34.5,26.9,69.9,66.2,14.9,22.5
2023-07-08,Telangana,Hyderabad,27.9,37.4,32.6,254.8,66.3,12.5,21.9
2017-03-24,Odisha,Bhubaneswar,16.2,32.2,24.2,35.6,72.1,5.9,23.8
2015-01-29,Arunachal Pradesh,Itanagar,13.9,24.9,19.4,8.8,69.0,6.8,20.1
2017-08-15,Sikkim,Gangtok,24.2,30.3,27.2,251.9,78.6,16.0,25.3
2020-07-25,Punjab,Ludhiana,14.2,28.1,21.2,106.8,36.1,13.5,28.2
2016-04-21,Delhi,New Delhi,12.7,30.3,21.5,50.6,42.3,5.3,28.5
2015-11-14,Haryana,Karnal,22.3,31.5,26.9,35.0,56.6,17.1,21.0
2015-09-02,Tripura,Agartala,18.7,24.4,21.5,69.3,53.0,18.6,29.7
2017-01-17,Himachal Pradesh,Mandi,6.9,21.3,14.1,26.8,67.0,10.5,24.8
2016-11-27,Puducherry,Puducherry,18.5,31.4,25.0,9.2,62.2,11.5,21.3
2015-09-29,Tamil Nadu,Coimbatore,21.7,36.7,29.2,353.8,51.2,18.3,25.5
2024-08-12,Chhattisgarh,Raipur,24.1,34.5,29.3,182.3,45.6,14.9,27.3
2019-11-07,Tripura,Agartala,24.3,31.4,27.8,59.9,67.3,6.2,25.6
2018-06-16,Haryana,Gurgaon,9.6,32.0,20.8,129.8,68.9,22.0,25.1
2021-08-21,Meghalaya,Shillong,11.2,30.7,21.0,212.0,72.0,12.0,28.5
2015-09-23,Manipur,Imphal,16.6,25.1,20.8,23.0,74.9,16.0,29.8
2023-02-21,Andhra Pradesh,Guntur,27.1,32.7,29.9,48.2,50.5,13.4,23.5
2017-07-09,Sikkim,Gangtok,19.6,30.2,24.9,93.2,46.5,14.1,29.9
2024-05-23,Assam,Dibrugarh,16.5,31.6,24.0,32.1,73.3,13.7,32.5
2015-12-06,Maharashtra,Nashik,24.3,34.8,29.6,97.8,54.1,6.4,23.5
2016-01-24,Ladakh,Leh,12.4,34.4,23.4,45.4,57.9,18.7,29.0
2022-03-09,Nagaland,Kohima,16.2,33.3,24.8,9.5,75.4,9.7,25.7
2025-04-18,Nagaland,Kohima,14.0,34.8,24.4,10.0,57.9,14.3,31.2
2020-08-12,Assam,Kamrup,21.1,32.5,26.8,496.6,68.2,13.6,23.8
2024-08-01,Jharkhand,Ranchi,24.3,31.6,28.0,82.1,65.3,14.4,22.5
2018-03-11,Andhra Pradesh,Guntur,27.2,33.7,30.4,51.2,62.9,9.8,29.5
2016-01-11,Uttarakhand,Dehradun,14.9,25.1,20.0,65.9,45.2,6.6,22.8
2025-03-30,Uttarakhand,Dehradun,18.9,28.2,23.5,47.6,46.4,8.9,25.7
2020-07-26,Karnataka,Mysore,20.2,30.6,25.4,246.2,83.8,9.2,24.6
2021-06-29,Chhattisgarh,Raipur,15.9,32.5,24.2,272.1,76.3,13.6,28.0
2015-05-26,Gujarat,Rajkot,22.6,32.6,27.6,37.3,38.5,14.9,34.3
2020-06-04,Odisha,Bhubaneswar,19.2,34.9,27.0,91.7,54.2,9.7,26.4
2015-10-20,Andaman and Nicobar Islands,Port Blair,13.2,27.7,20.4,58.7,45.1,18.1,28.4
2025-03-25,Manipur,Imphal,20.9,29.8,25.4,5.1,69.4,18.2,23.4
2016-03-07,Jammu and Kashmir,Srinagar,14.4,20.1,17.2,56.1,42.7,13.8,26.0
2016-12-05,Kerala,Kozhikode,22.9,28.5,25.7,143.7,76.1,13.7,26.2
2023-03-16,Chandigarh,Chandigarh,23.4,28.8,26.1,67.5,49.6,6.2,26.6
2020-06-21,Punjab,Ludhiana,29.4,34.7,32.0,96.7,51.2,11.8,34.8
2022-03-17,Assam,Tinsukia,19.6,33.4,26.5,77.0,72.4,13.3,24.4
2016-02-03,Himachal Pradesh,Kangra,14.3,22.1,18.2,39.2,75.8,16.3,21.7
2022-11-04,Uttar Pradesh,Varanasi,28.9,38.7,33.8,42.4,44.7,11.6,28.1
2024-05-08,Arunachal Pradesh,Itanagar,15.0,22.5,18.8,31.5,42.8,15.8,26.5
2017-08-21,Tamil Nadu,Coimbatore,22.3,36.7,29.5,234.6,61.2,16.2,22.2
2023-10-17,Tamil Nadu,Madurai,20.2,32.9,26.6,74.3,80.8,16.6,29.3
2021-02-12,Rajasthan,Jaipur,34.6,43.6,39.1,35.0,46.9,7.6,21.8
2020-08-03,Meghalaya,Shillong,11.7,34.0,22.8,208.4,71.6,13.0,24.6
2020-01-03,Himachal Pradesh,Kangra,0.8,27.3,14.0,65.4,71.4,5.9,21.7
2020-10-09,Madhya Pradesh,Bhopal,17.4,27.6,22.5,51.1,37.8,13.0,25.7
2017-07-27,West Bengal,Kolkata,17.7,26.4,22.0,481.7,66.5,18.9,21.8
2024-06-13,Uttarakhand,Dehradun,22.3,29.0,25.6,209.1,60.3,10.2,25.2
2016-12-10,Mizoram,Aizawl,24.0,29.8,26.9,54.3,66.1,10.1,21.9
2017-03-17,Ladakh,Leh,12.7,27.8,20.2,43.3,75.0,14.6,28.2
2019-01-03,Andhra Pradesh,Chittoor,20.3,35.2,27.8,25.2,57.6,15.8,27.9
2024-04-13,Nagaland,Kohima,15.6,32.0,23.8,36.1,74.3,5.4,25.8
2018-08-18,Himachal Pradesh,Mandi,15.5,26.4,21.0,185.3,64.6,22.0,26.6
2024-05-08,Madhya Pradesh,Bhopal,24.2,38.9,31.6,52.7,40.5,14.3,30.8
2015-01-11,Manipur,Imphal,12.0,26.4,19.2,9.9,47.4,18.7,21.2
2017-12-21,Bihar,Purnia,20.7,30.3,25.5,46.1,49.4,11.7,28.7
2020-02-12,Delhi,New Delhi,15.6,25.7,20.6,36.2,44.0,10.8,20.1
2021-03-23,Telangana,Warangal,24.0,38.3,31.2,45.9,64.3,5.5,28.6
2023-10-30,Ladakh,Leh,15.8,34.6,25.2,13.4,77.8,14.5,20.5
2025-05-10,Jharkhand,Ranchi,24.6,29.7,27.2,56.1,75.6,7.6,28.4
2022-02-24,Ladakh,Leh,18.4,31.3,24.8,66.0,70.4,10.4,28.2
2017-02-10,Punjab,Amritsar,29.2,35.5,32.4,8.3,47.1,18.2,21.5
2019-05-14,Karnataka,Mysore,26.9,38.0,32.4,14.9,62.3,9.9,28.9
2019-05-27,Kerala,Thrissur,23.4,33.3,28.4,98.9,88.8,10.0,30.4
2025-03-20,Nagaland,Kohima,22.2,30.1,26.2,37.6,67.4,17.9,24.2
2024-12-25,Chandigarh,Chandigarh,18.0,34.7,26.4,8.0,57.9,14.5,20.1
2018-08-26,Punjab,Amritsar,19.9,25.7,22.8,174.4,62.3,8.5,20.5
2017-06-03,Tripura,Agartala,21.3,29.5,25.4,181.0,50.8,10.6,28.0
2024-01-28,Kerala,Kozhikode,22.7,31.0,26.8,118.3,76.6,14.1,24.7
2024-10-04,Rajasthan,Jodhpur,18.1,26.2,22.2,15.8,46.6,16.0,24.7
2018-10-21,Tripura,Agartala,19.7,26.9,23.3,65.2,74.6,9.8,25.5
2024-04-24,Karnataka,Hubli,24.1,33.3,28.7,92.0,73.3,15.1,30.2
2023-09-14,Himachal Pradesh,Shimla,1.7,9.2,5.4,117.7,48.5,22.3,24.1
2015-08-14,Tripura,Agartala,23.1,33.7,28.4,247.5,48.6,14.7,23.2
2017-04-04,Jammu and Kashmir,Srinagar,19.4,29.3,24.4,26.2,52.5,12.9,27.8
2021-03-15,Lakshadweep,Kavaratti,22.4,33.6,28.0,55.7,67.6,13.2,23.5
2017-07-25,Maharashtra,Nashik,28.0,39.0,33.5,62.8,57.9,8.4,28.4
2022-09-01,Andhra Pradesh,Chittoor,21.8,35.7,28.8,132.9,74.5,15.6,23.2
2021-12-28,Mizoram,Aizawl,14.9,24.8,19.8,60.2,68.4,9.8,24.9
2021-04-25,Tripura,Agartala,11.1,31.7,21.4,23.6,75.6,14.0,30.7
2020-03-26,Haryana,Faridabad,9.1,15.9,12.5,29.9,48.7,6.8,28.4
2025-07-12,Chhattisgarh,Raipur,16.3,24.9,20.6,240.7,76.5,12.6,27.8
2024-10-28,Chhattisgarh,Raipur,19.8,34.9,27.4,19.3,78.4,9.7,24.1
2019-12-02,Jammu and Kashmir,Srinagar,7.2,17.0,12.1,55.1,63.6,9.6,21.3
2015-02-23,Odisha,Bhubaneswar,19.8,30.6,25.2,44.3,62.5,5.7,24.6
2023-07-16,Tamil Nadu,Coimbatore,26.7,32.8,29.8,92.4,66.5,13.6,25.6
2016-12-27,Himachal Pradesh,Mandi,18.9,28.5,23.7,54.7,56.6,9.3,25.4
2022-06-29,Chandigarh,Chandigarh,23.3,34.2,28.8,144.7,49.8,11.4,25.3
2019-03-25,Meghalaya,Shillong,22.6,29.6,26.1,30.1,72.4,6.8,24.6
2023-09-06,Delhi,New Delhi,11.8,24.8,18.3,33.2,60.7,19.9,26.8
2017-11-09,Arunachal Pradesh,Itanagar,17.6,32.9,25.2,20.9,73.2,9.1,23.6
2020-03-28,Maharashtra,Nagpur,19.5,26.1,22.8,117.2,48.5,10.0,25.3
2019-11-12,Andhra Pradesh,Guntur,23.5,38.5,31.0,68.5,59.8,6.4,22.1
2019-05-16,Uttar Pradesh,Lucknow,17.8,28.3,23.0,29.9,67.9,11.3,27.0
2020-03-29,Tripura,Agartala,15.4,31.2,23.3,34.7,50.0,11.4,24.5
2024-10-01,Meghalaya,Shillong,14.4,34.9,24.6,58.7,67.7,17.8,26.7
2021-10-02,Manipur,Imphal,21.9,30.2,26.0,40.0,41.9,9.2,23.7
2022-06-30,Uttar Pradesh,Kanpur,21.9,33.9,27.9,153.7,65.7,8.6,27.6
2017-04-29,Meghalaya,Shillong,12.6,20.9,16.8,40.2,69.6,9.1,33.2
2020-10-10,Maharashtra,Nashik,28.7,35.9,32.3,88.4,45.3,16.2,21.7
2023-10-22,Andaman and Nicobar Islands,Port Blair,20.3,29.4,24.8,70.0,58.6,5.5,24.8
2021-03-13,Telangana,Warangal,27.5,37.4,32.4,72.8,73.7,12.9,22.1
2015-01-03,Manipur,Imphal,10.1,34.6,22.4,70.7,51.0,14.6,27.3
2015-06-09,Odisha,Bhubaneswar,23.7,38.2,31.0,68.0,81.4,13.9,29.8
2025-06-07,Haryana,Hisar,16.1,31.1,23.6,127.7,58.4,15.9,31.8
2017-02-19,Puducherry,Puducherry,15.1,34.1,24.6,9.5,61.8,6.3,24.4
2023-09-27,Arunachal Pradesh,Itanagar,13.9,34.0,24.0,23.7,55.6,19.7,21.9
2017-06-11,Uttarakhand,Dehradun,22.2,33.9,28.0,218.2,48.4,12.1,26.7
2020-07-23,Jharkhand,Ranchi,12.8,18.4,15.6,260.0,61.1,12.9,22.9
2023-08-27,Jammu and Kashmir,Srinagar,10.9,20.5,15.7,264.6,48.4,21.2,26.6
2021-07-04,Tamil Nadu,Madurai,27.7,32.8,30.2,61.3,67.5,21.7,27.3
2016-08-02,Haryana,Gurgaon,20.6,26.1,23.4,83.7,43.8,16.1,22.6
2020-04-17,West Bengal,Kolkata,14.8,31.1,23.0,118.6,76.4,15.0,34.9
2018-10-12,Tamil Nadu,Chennai,21.2,26.6,23.9,77.1,65.4,11.4,22.3
2025-01-29,Bihar,Gaya,19.2,31.2,25.2,32.5,57.7,10.8,29.4
2018-07-14,Maharashtra,Pune,29.8,39.2,34.5,495.6,52.0,20.6,24.1
2019-06-29,Andaman and Nicobar Islands,Port Blair,21.2,28.0,24.6,247.3,43.3,12.1,33.2
2017-08-09,Andhra Pradesh,Guntur,27.5,36.3,31.9,214.9,55.6,18.0,20.1
2024-04-17,Bihar,Purnia,26.3,35.8,31.0,71.4,59.1,11.5,29.5
2022-05-06,Lakshadweep,Kavaratti,15.4,22.8,19.1,63.9,55.6,12.9,25.2
2017-09-14,Delhi,New Delhi,10.9,27.3,19.1,266.2,59.7,10.5,21.2
2024-11-21,Uttar Pradesh,Lucknow,29.3,39.7,34.5,58.1,34.1,18.5,28.5
2025-03-09,Mizoram,Aizawl,23.4,28.4,25.9,56.9,62.0,13.6,24.7
2018-05-03,Tamil Nadu,Coimbatore,25.9,38.0,32.0,73.9,73.7,14.8,32.0
2017-07-09,Lakshadweep,Kavaratti,15.1,24.9,20.0,239.6,42.1,19.4,28.1
2022-08-17,Manipur,Imphal,17.8,33.9,25.8,152.5,47.1,13.4,29.1
2018-09-17,Madhya Pradesh,Bhopal,31.9,39.1,35.5,56.7,41.5,16.3,25.7
2015-06-19,Arunachal Pradesh,Itanagar,19.5,33.3,26.4,219.1,50.4,13.9,33.4
2016-06-04,Odisha,Bhubaneswar,24.5,31.2,27.8,157.2,77.7,10.6,31.9
2019-01-26,Telangana,Nizamabad,24.8,31.3,28.0,54.8,45.7,11.0,23.1
2015-02-09,Telangana,Warangal,26.3,38.1,32.2,20.9,72.5,5.1,25.3
2019-04-10,Karnataka,Belgaum,23.2,34.3,28.8,31.6,40.4,11.8,25.7
2024-02-15,Sikkim,Gangtok,23.4,29.5,26.4,34.8,57.4,13.3,27.8
2018-11-19,Manipur,Imphal,17.1,22.4,19.8,59.0,43.3,14.6,28.0
2017-08-12,Jharkhand,Ranchi,14.2,26.3,20.2,24.0,72.2,18.5,22.3
2024-01-11,Uttarakhand,Dehradun,15.9,30.7,23.3,30.1,46.5,12.8,27.2
2017-09-10,Himachal Pradesh,Mandi,6.4,13.7,10.0,255.7,50.1,15.7,26.9
2023-10-01,West Bengal,Kolkata,15.7,31.9,23.8,62.9,72.8,13.9,28.2
2017-09-01,Andhra Pradesh,Chittoor,26.6,33.8,30.2,55.5,50.1,21.6,29.4
2015-02-07,Mizoram,Aizawl,11.4,25.5,18.4,15.6,77.9,8.7,25.0
2021-07-03,Dadra and Nagar Haveli and Daman and Diu,Daman,12.5,23.3,17.9,94.7,59.0,14.3,23.3
2018-06-28,Jharkhand,Ranchi,11.6,25.5,18.6,258.1,69.2,18.8,28.7
2018-04-14,Andaman and Nicobar Islands,Port Blair,20.6,30.0,25.3,15.5,56.8,7.0,26.1
2019-06-14,Nagaland,Kohima,10.3,20.9,15.6,112.6,68.0,16.1,33.6
2017-07-02,Goa,North Goa,12.6,22.2,17.4,283.5,57.8,19.8,24.9
2016-03-29,Kerala,Kozhikode,23.4,29.4,26.4,131.4,62.4,9.7,26.7
2015-02-06,Maharashtra,Mumbai,24.1,38.7,31.4,14.5,69.2,12.2,21.5
2024-04-10,Jharkhand,Ranchi,21.1,29.8,25.5,42.2,78.7,12.3,33.2
2019-09-08,Punjab,Amritsar,24.2,36.4,30.3,181.4,40.1,20.3,23.8
2023-04-09,Manipur,Imphal,22.2,31.1,26.6,65.0,75.8,14.0,30.1
2017-03-06,Dadra and Nagar Haveli and Daman and Diu,Daman,21.7,28.9,25.3,6.1,56.3,12.6,23.0
2017-08-30,Gujarat,Ahmedabad,21.5,28.6,25.0,69.9,39.6,12.5,23.0
2016-08-15,Jharkhand,Ranchi,18.4,26.3,22.4,283.5,60.5,9.9,22.8
2018-02-11,Jharkhand,Ranchi,20.9,26.0,23.4,70.6,57.8,12.8,29.9
2023-07-09,West Bengal,Darjeeling,19.1,37.3,28.2,461.0,87.7,20.2,23.0
2018-08-17,Chandigarh,Chandigarh,15.2,25.6,20.4,294.2,54.4,9.6,27.8
2021-03-21,Assam,Dibrugarh,15.5,29.5,22.5,140.5,80.1,14.6,26.4
2015-11-14,Manipur,Imphal,19.2,25.9,22.5,36.9,40.3,14.4,25.8
2021-07-24,Rajasthan,Jodhpur,18.0,34.5,26.2,84.0,30.0,12.4,27.6
2020-12-02,Kerala,Kozhikode,24.3,32.0,28.2,114.7,73.5,17.8,23.3
2022-07-08,Bihar,Muzaffarpur,28.4,37.0,32.7,179.3,66.8,13.1,27.2
2018-09-08,Himachal Pradesh,Kangra,6.4,18.8,12.6,215.4,55.1,11.0,28.7
2019-05-11,West Bengal,Kolkata,26.6,35.6,31.1,103.3,89.5,14.2,34.1
2023-07-09,Tamil Nadu,Coimbatore,22.9,35.0,29.0,60.1,77.6,20.4,24.0
2020-03-04,Sikkim,Gangtok,19.6,33.5,26.6,66.9,44.3,17.4,22.7
2020-09-18,Telangana,Hyderabad,26.7,34.4,30.6,54.6,48.4,14.1,27.4
2020-06-19,Uttar Pradesh,Varanasi,7.7,36.5,22.1,239.3,69.4,15.1,30.7
2019-11-08,Chandigarh,Chandigarh,10.1,19.3,14.7,67.9,40.9,18.6,21.1
2018-08-05,Delhi,New Delhi,12.0,20.2,16.1,243.8,59.1,10.2,26.9
2018-07-09,Meghalaya,Shillong,24.1,32.5,28.3,47.6,42.2,19.9,26.3
2015-08-04,Sikkim,Gangtok,23.8,32.2,28.0,37.5,56.1,17.9,23.8
2023-10-24,Nagaland,Kohima,25.0,32.0,28.5,43.2,49.0,7.3,26.5
2021-07-11,Gujarat,Rajkot,25.0,30.1,27.6,71.3,55.7,20.2,23.1
2023-11-14,Uttar Pradesh,Kanpur,22.5,31.3,26.9,43.0,64.9,7.0,26.7
2020-11-09,Haryana,Hisar,13.3,22.0,17.6,27.5,48.1,16.6,20.8
2021-07-28,Goa,North Goa,21.8,27.7,24.8,78.1,60.6,14.9,29.9
2022-03-03,Chandigarh,Chandigarh,18.8,27.5,23.2,68.0,52.5,9.1,24.9
2024-12-21,Tamil Nadu,Chennai,27.3,36.3,31.8,71.0,75.4,14.9,27.6
2022-11-03,Lakshadweep,Kavaratti,12.9,20.9,16.9,30.4,74.0,15.7,25.7
2019-09-01,Sikkim,Gangtok,10.3,19.9,15.1,245.0,49.7,19.0,21.8
2022-09-29,Himachal Pradesh,Shimla,12.1,25.2,18.6,235.5,57.5,17.5,24.9
2015-12-29,Dadra and Nagar Haveli and Daman and Diu,Daman,24.2,32.2,28.2,19.7,66.7,13.2,28.0
2022-02-17,Gujarat,Surat,18.0,28.0,23.0,46.5,67.2,11.6,20.5
2024-05-09,Himachal Pradesh,Kangra,6.1,15.8,11.0,37.0,52.7,17.4,25.0
2019-09-13,Madhya Pradesh,Bhopal,24.2,37.7,31.0,165.3,50.8,17.2,28.1
2018-04-08,Assam,Cachar,21.8,27.1,24.5,28.8,89.4,13.6,34.6
2015-12-22,Jammu and Kashmir,Srinagar,8.6,16.5,12.6,40.8,57.5,12.8,28.1
2015-07-10,Delhi,New Delhi,19.8,26.7,23.2,225.7,63.7,16.7,26.8
2025-03-27,Rajasthan,Udaipur,24.1,36.4,30.2,26.5,48.9,8.4,25.0
2021-10-05,Dadra and Nagar Haveli and Daman and Diu,Daman,16.9,22.4,19.6,63.4,55.1,6.1,24.6
2016-11-30,Puducherry,Puducherry,12.4,29.8,21.1,45.0,50.8,19.3,22.9
2020-08-16,Lakshadweep,Kavaratti,18.3,32.7,25.5,163.9,78.4,20.7,29.2
2020-12-20,Jammu and Kashmir,Srinagar,7.5,22.1,14.8,64.6,76.1,19.2,28.8
2025-06-15,Manipur,Imphal,21.0,26.2,23.6,108.2,45.2,10.3,27.9
2016-07-10,Lakshadweep,Kavaratti,11.1,20.7,15.9,288.0,52.5,10.4,27.2
2017-04-05,Goa,North Goa,22.4,29.8,26.1,24.5,49.7,10.9,25.9
2022-09-09,Rajasthan,Jaipur,26.7,42.6,34.6,109.6,36.8,12.3,24.1
2017-11-20,Delhi,New Delhi,16.4,30.5,23.4,70.0,42.8,19.3,29.1
2022-01-26,Lakshadweep,Kavaratti,11.8,20.1,16.0,26.8,62.4,7.0,22.0
2016-03-01,Odisha,Bhubaneswar,28.5,34.2,31.4,45.9,76.7,18.3,23.4
2024-06-27,Delhi,New Delhi,12.5,30.4,21.4,236.3,79.2,10.1,32.1
2022-06-12,West Bengal,Darjeeling,17.5,36.7,27.1,227.6,67.8,9.9,28.2
2021-08-07,Dadra and Nagar Haveli and Daman and Diu,Daman,16.0,21.2,18.6,142.5,53.5,20.1,21.1
2024-08-09,Rajasthan,Udaipur,29.0,41.9,35.4,46.3,23.3,20.6,22.5
2025-03-30,Puducherry,Puducherry,12.2,23.6,17.9,33.1,53.0,19.6,28.8
2019-04-24,Manipur,Imphal,23.1,30.9,27.0,72.4,67.4,17.5,30.0
2020-10-30,Maharashtra,Nashik,19.9,38.3,29.1,65.9,83.6,8.8,29.9
2021-07-31,Odisha,Bhubaneswar,18.3,29.4,23.8,253.8,74.3,18.8,24.8
2024-02-12,Manipur,Imphal,11.2,25.5,18.4,28.4,66.3,7.7,23.9
2025-05-17,Goa,North Goa,24.5,30.0,27.2,47.2,43.6,7.4,31.0
2016-08-11,Himachal Pradesh,Mandi,8.9,22.7,15.8,268.8,72.7,21.3,26.2
2020-07-05,Punjab,Patiala,17.2,30.4,23.8,153.2,50.9,9.6,21.4
2019-03-28,Puducherry,Puducherry,15.4,21.4,18.4,21.7,66.3,5.2,26.0
2015-10-22,Uttar Pradesh,Varanasi,25.9,32.8,29.4,15.0,31.4,12.7,26.5
2020-06-08,Nagaland,Kohima,16.9,27.0,22.0,147.2,71.3,8.5,32.8
2018-06-01,West Bengal,Darjeeling,22.0,29.7,25.8,281.4,52.0,13.7,26.7
2019-03-29,Himachal Pradesh,Mandi,0.4,14.2,7.3,57.2,76.8,14.9,24.0
2023-07-15,Lakshadweep,Kavaratti,25.0,31.4,28.2,72.4,58.5,15.6,23.5
2019-08-18,Goa,North Goa,20.4,27.2,23.8,162.9,60.0,20.4,29.3
2018-02-10,Maharashtra,Pune,26.0,33.7,29.8,89.3,51.3,19.5,28.2
2018-06-10,West Bengal,Kolkata,17.8,34.7,26.2,228.0,53.0,18.6,29.0
2020-08-26,Telangana,Hyderabad,29.2,36.0,32.6,259.3,67.2,20.8,22.9
2015-12-26,Madhya Pradesh,Bhopal,20.1,39.0,29.6,40.4,44.4,12.7,30.0
2024-01-08,Kerala,Thrissur,24.2,32.8,28.5,128.5,73.3,19.3,25.5
2022-12-23,Odisha,Bhubaneswar,19.9,26.2,23.0,43.8,69.9,15.5,28.8
2016-11-30,Rajasthan,Udaipur,33.6,39.3,36.4,25.0,46.7,7.6,25.5
2016-03-23,Uttarakhand,Dehradun,15.0,21.2,18.1,9.6,70.4,14.2,27.2
2022-12-13,Odisha,Bhubaneswar,25.3,31.6,28.4,23.6,58.8,11.0,29.4
2021-08-09,Telangana,Hyderabad,26.1,33.4,29.8,54.6,67.4,17.4,26.8
2016-11-05,Uttar Pradesh,Lucknow,12.1,30.0,21.0,24.9,70.9,6.0,22.8
2017-10-04,West Bengal,Kolkata,20.9,28.4,24.6,87.4,55.5,5.3,28.6
2018-09-11,Nagaland,Kohima,15.0,22.4,18.7,68.4,75.4,17.8,29.6
2021-11-19,Ladakh,Leh,22.0,33.1,27.6,40.0,72.8,11.2,28.3
2021-09-27,Andaman and Nicobar Islands,Port Blair,21.4,32.2,26.8,112.3,65.2,15.6,24.6
2024-08-27,Mizoram,Aizawl,24.9,32.5,28.7,29.0,65.1,18.9,28.9
2016-08-08,Bihar,Muzaffarpur,21.9,27.2,24.5,71.1,46.4,11.2,28.0
2018-06-10,Andaman and Nicobar Islands,Port Blair,14.6,24.4,19.5,231.6,56.5,9.0,30.9
2018-06-01,Bihar,Patna,10.9,29.7,20.3,242.7,77.2,9.0,28.0
2017-09-20,Jharkhand,Ranchi,19.8,28.0,23.9,146.3,40.8,18.4,28.8
2025-09-07,Tripura,Agartala,24.7,34.1,29.4,28.9,66.1,15.4,29.4
2018-12-06,Dadra and Nagar Haveli and Daman and Diu,Daman,23.5,34.9,29.2,65.3,61.9,15.7,29.6
2016-07-25,Assam,Kamrup,18.7,33.2,26.0,571.1,80.0,10.4,21.6
2021-07-10,Arunachal Pradesh,Itanagar,11.7,25.4,18.5,154.4,64.7,15.2,29.7
2018-05-30,Tripura,Agartala,14.4,33.0,23.7,12.0,64.1,14.7,32.7
2020-09-15,Goa,North Goa,17.5,25.0,21.2,123.3,50.9,14.3,25.3
2017-09-15,Uttar Pradesh,Varanasi,21.9,39.7,30.8,220.2,53.1,9.3,28.0
2015-10-05,Haryana,Faridabad,16.9,31.8,24.4,31.8,56.7,18.4,29.5
2018-05-04,Jammu and Kashmir,Srinagar,18.8,28.8,23.8,67.8,42.0,17.7,25.7
2023-02-11,Uttarakhand,Dehradun,21.2,27.7,24.4,30.2,47.4,11.7,24.1
2020-03-02,Tripura,Agartala,10.7,31.7,21.2,64.8,71.5,17.7,27.5
2016-04-28,Nagaland,Kohima,24.1,32.5,28.3,45.8,74.4,10.2,25.5
2018-06-19,Andhra Pradesh,Visakhapatnam,27.5,34.4,31.0,163.3,57.2,20.4,34.6
2024-04-18,Assam,Tinsukia,10.8,20.3,15.6,48.7,83.6,11.4,29.6
2016-12-31,Bihar,Muzaffarpur,11.5,26.2,18.8,29.7,64.4,8.3,26.1
2021-02-17,Manipur,Imphal,15.7,25.7,20.7,26.4,67.0,13.4,28.5
2017-11-06,Haryana,Hisar,11.0,17.0,14.0,13.2,43.7,7.7,20.8
2022-01-15,Odisha,Bhubaneswar,21.7,35.7,28.7,77.6,64.0,12.2,27.6
2017-07-06,Uttar Pradesh,Kanpur,14.5,37.2,25.8,232.8,74.0,14.8,25.8
2021-09-14,Jharkhand,Ranchi,20.7,28.9,24.8,243.8,57.5,20.7,22.5
2017-06-04,Maharashtra,Nagpur,18.1,33.8,26.0,247.9,42.7,15.3,26.7
2022-07-15,Odisha,Bhubaneswar,24.4,34.1,29.2,101.6,64.4,11.5,26.5
2015-01-22,Chandigarh,Chandigarh,14.4,32.2,23.3,6.0,56.1,14.3,20.2
2016-04-18,Chhattisgarh,Raipur,13.2,23.7,18.4,6.5,61.9,14.5,27.3
2023-09-27,Dadra and Nagar Haveli and Daman and Diu,Daman,18.2,35.0,26.6,268.3,42.3,9.9,24.9
2021-03-07,Gujarat,Vadodara,19.2,25.6,22.4,16.5,32.4,12.9,24.9
2021-06-11,Odisha,Bhubaneswar,15.1,29.7,22.4,227.1,71.2,22.6,34.8
2024-02-24,Dadra and Nagar Haveli and Daman and Diu,Daman,17.9,33.1,25.5,11.0,61.2,15.2,25.6
2016-12-04,Telangana,Warangal,20.8,26.7,23.8,35.1,65.9,19.9,22.4
2016-11-17,Puducherry,Puducherry,23.8,29.2,26.5,70.2,73.3,5.3,23.0
2015-10-12,Tamil Nadu,Coimbatore,20.4,37.9,29.2,48.5,73.2,8.5,29.3
2016-12-16,Goa,North Goa,14.1,23.2,18.6,27.0,58.5,5.3,26.0
2025-04-05,Ladakh,Leh,10.5,26.0,18.2,37.1,49.7,9.9,32.1
2017-02-01,Uttarakhand,Dehradun,10.1,21.4,15.8,52.6,46.1,13.4,21.7
2018-06-04,Karnataka,Belgaum,19.5,34.9,27.2,135.9,56.9,19.0,26.8
2017-08-05,Chhattisgarh,Raipur,18.0,34.0,26.0,175.1,42.0,16.8,20.9
2021-08-25,Mizoram,Aizawl,14.2,32.6,23.4,23.1,43.1,13.5,30.0
2021-11-12,Gujarat,Surat,20.0,27.7,23.8,29.7,50.8,11.7,29.5
2017-10-27,Uttarakhand,Dehradun,14.2,23.8,19.0,14.8,67.9,9.8,28.0
2015-01-29,Manipur,Imphal,24.6,29.8,27.2,74.5,50.2,11.3,27.8
2017-06-25,Madhya Pradesh,Bhopal,24.6,39.3,32.0,122.6,66.6,19.8,28.1
2023-07-02,Karnataka,Hubli,27.5,37.8,32.6,189.4,69.3,20.2,28.2
2025-03-06,Uttar Pradesh,Lucknow,5.4,30.3,17.8,58.6,41.6,16.9,25.3
2023-01-05,Sikkim,Gangtok,13.3,19.2,16.2,58.2,52.7,10.6,24.9
2020-10-27,West Bengal,Howrah,19.1,27.0,23.0,87.1,77.7,7.1,25.3
2023-03-14,Telangana,Nizamabad,25.3,32.1,28.7,68.1,59.3,6.7,23.3
2021-11-11,Andaman and Nicobar Islands,Port Blair,17.2,22.3,19.8,7.2,42.2,13.1,23.4
2016-07-23,Himachal Pradesh,Kangra,17.9,26.9,22.4,237.6,67.5,15.8,27.4
2020-06-29,Bihar,Purnia,20.0,30.8,25.4,153.3,73.5,16.4,28.8
2024-11-18,Nagaland,Kohima,12.7,26.3,19.5,22.7,78.2,12.4,20.1
2024-09-23,Meghalaya,Shillong,11.4,21.7,16.6,45.8,75.8,20.8,29.7
2018-12-24,Delhi,New Delhi,20.6,31.7,26.2,69.6,77.9,18.2,28.6
2017-01-07,Andaman and Nicobar Islands,Port Blair,20.1,25.1,22.6,35.1,65.4,13.2,28.2
2024-03-10,Jharkhand,Ranchi,22.3,31.9,27.1,6.5,54.8,8.4,23.4
2016-05-30,Himachal Pradesh,Shimla,12.3,18.1,15.2,11.4,57.5,16.9,25.3
2020-06-23,Dadra and Nagar Haveli and Daman and Diu,Daman,22.7,30.5,26.6,53.1,62.7,22.3,30.4
2023-09-06,West Bengal,Darjeeling,22.4,36.1,29.2,407.7,52.9,19.1,29.5
2021-09-10,Assam,Cachar,20.5,33.4,27.0,342.8,71.2,18.1,24.9
2024-09-30,Maharashtra,Pune,28.7,39.8,34.2,417.1,84.7,13.2,29.0
2015-02-08,Tripura,Agartala,14.9,21.7,18.3,48.5,58.2,18.8,24.9
2024-02-25,Manipur,Imphal,23.9,29.4,26.6,63.1,70.4,15.8,23.6
2017-06-05,Arunachal Pradesh,Itanagar,21.8,30.8,26.3,220.3,62.1,10.4,25.6
2022-10-15,Telangana,Nizamabad,22.4,39.2,30.8,44.4,72.1,13.6,29.6
2021-01-13,Maharashtra,Nashik,22.4,28.1,25.2,99.8,71.7,12.9,23.3
2018-01-03,Gujarat,Ahmedabad,18.2,32.3,25.2,35.0,53.2,11.6,25.4
2023-01-10,Ladakh,Leh,11.6,29.4,20.5,56.4,40.5,9.1,20.9
2019-12-29,Telangana,Nizamabad,30.0,38.0,34.0,40.3,58.5,19.5,26.6
2023-10-07,Uttarakhand,Dehradun,12.5,25.3,18.9,59.2,56.9,9.6,29.9
2019-09-07,Chandigarh,Chandigarh,24.0,34.6,29.3,56.9,49.4,14.6,28.3
2017-08-31,Uttarakhand,Dehradun,21.1,33.7,27.4,277.8,71.2,11.9,22.9
2023-08-22,Manipur,Imphal,15.3,24.8,20.0,89.7,70.1,8.5,27.3
2023-06-21,Uttar Pradesh,Lucknow,27.2,32.8,30.0,33.6,44.3,11.1,30.8
2024-08-31,Andhra Pradesh,Visakhapatnam,26.8,37.0,31.9,132.9,65.0,17.6,21.2
2019-04-12,Bihar,Muzaffarpur,13.0,37.6,25.3,32.3,72.0,8.8,25.4
2025-05-06,Andaman and Nicobar Islands,Port Blair,17.5,33.7,25.6,62.3,50.1,18.6,29.8
2022-12-06,Andhra Pradesh,Chittoor,20.5,25.9,23.2,41.5,66.4,6.2,29.2
2024-06-15,Sikkim,Gangtok,20.8,33.2,27.0,183.5,66.5,13.8,31.8
2022-08-27,Karnataka,Mysore,27.8,36.2,32.0,163.0,52.8,22.5,21.9
2024-08-12,Jharkhand,Ranchi,22.1,30.8,26.4,144.3,69.9,10.2,24.7
2025-01-23,Mizoram,Aizawl,10.5,28.6,19.6,9.1,43.5,17.7,24.4
2017-09-15,Ladakh,Leh,13.0,28.1,20.6,165.4,56.4,21.6,27.5
2015-01-21,Uttar Pradesh,Lucknow,9.1,30.0,19.6,9.9,42.2,18.6,24.6
2021-06-08,Rajasthan,Jodhpur,32.3,38.6,35.4,40.8,34.1,13.5,32.5
2017-05-18,Madhya Pradesh,Bhopal,23.2,35.8,29.5,38.1,59.3,18.4,29.1
2015-03-25,Himachal Pradesh,Shimla,16.1,25.5,20.8,56.9,75.0,5.5,25.5
2025-07-12,Karnataka,Bangalore,27.9,35.4,31.6,351.1,48.4,17.1,28.7
2019-08-10,Karnataka,Belgaum,22.3,32.5,27.4,69.5,41.9,15.0,28.4
2020-05-30,Goa,North Goa,24.0,33.0,28.5,62.8,69.4,15.5,32.7
2024-08-25,Andhra Pradesh,Visakhapatnam,25.1,34.6,29.8,81.4,75.3,8.7,22.7
2018-11-11,Goa,North Goa,17.8,34.7,26.2,60.0,54.7,15.7,29.3
2019-03-11,Madhya Pradesh,Bhopal,21.9,33.9,27.9,35.4,42.5,18.6,28.0
2024-02-11,Sikkim,Gangtok,20.6,31.1,25.8,72.9,51.9,9.2,22.4
2016-07-23,Dadra and Nagar Haveli and Daman and Diu,Daman,21.1,33.2,27.2,187.2,66.1,13.2,20.4
2017-07-22,Sikkim,Gangtok,13.8,28.3,21.0,247.6,71.1,10.7,20.5
2024-11-07,Uttarakhand,Dehradun,22.8,28.3,25.6,32.5,43.8,13.5,23.6
2023-11-08,Maharashtra,Pune,20.4,34.1,27.2,51.8,47.5,15.5,28.4
2020-06-03,Chhattisgarh,Raipur,14.1,22.1,18.1,41.1,61.1,20.5,27.5
2023-11-09,Ladakh,Leh,16.9,24.0,20.4,33.3,40.6,18.7,26.8
2020-01-30,Lakshadweep,Kavaratti,15.0,33.2,24.1,17.8,43.1,19.1,23.1
2023-05-15,Puducherry,Puducherry,24.0,32.8,28.4,73.6,70.1,6.6,33.5
2017-03-03,Gujarat,Ahmedabad,17.5,36.0,26.8,27.5,58.3,16.5,28.0
2017-03-02,Jharkhand,Ranchi,22.5,33.9,28.2,33.9,75.6,15.8,28.4
2024-11-04,Mizoram,Aizawl,24.8,30.4,27.6,30.9,72.3,6.3,25.4
2019-12-15,Chandigarh,Chandigarh,22.9,28.0,25.4,70.8,79.1,9.8,27.7
2018-07-18,Rajasthan,Jaipur,13.2,38.9,26.0,82.2,54.4,11.2,26.7
2021-12-14,Madhya Pradesh,Bhopal,27.3,34.3,30.8,50.0,68.3,14.2,27.8
2021-03-05,Andhra Pradesh,Visakhapatnam,25.3,36.1,30.7,10.9,65.7,13.6,26.7
2024-11-19,Andhra Pradesh,Guntur,21.7,29.9,25.8,59.1,55.0,11.2,22.5
2019-05-27,Delhi,New Delhi,18.2,34.8,26.5,64.6,50.8,10.5,34.2
2017-12-19,Tripura,Agartala,23.5,29.5,26.5,63.0,51.9,13.2,20.1
2021-10-13,Uttar Pradesh,Varanasi,32.0,40.8,36.4,18.3,64.2,9.4,20.9
2017-09-11,Madhya Pradesh,Bhopal,19.4,35.2,27.3,39.8,50.7,15.7,26.3
2019-08-08,West Bengal,Howrah,14.4,19.8,17.1,189.4,65.9,17.5,29.3
2025-01-24,Delhi,New Delhi,13.1,29.7,21.4,11.8,47.6,12.6,27.1
2024-04-03,Chandigarh,Chandigarh,22.9,33.2,28.0,6.1,67.4,17.4,30.3
2016-06-03,Haryana,Faridabad,29.1,34.1,31.6,167.4,43.4,17.8,31.9
2016-08-13,Andhra Pradesh,Chittoor,23.1,39.9,31.5,66.8,54.7,21.4,21.2
2017-11-16,Kerala,Ernakulam,23.1,33.2,28.2,123.9,88.6,16.8,28.4
2019-09-06,Chhattisgarh,Raipur,24.2,32.4,28.3,116.2,70.5,10.5,20.7
2024-12-12,Telangana,Warangal,27.4,39.6,33.5,38.8,46.4,12.5,23.9
2020-07-28,Goa,North Goa,15.6,29.6,22.6,68.9,55.2,21.0,27.3
2021-02-24,Tripura,Agartala,10.8,25.7,18.2,11.4,78.3,8.7,29.3
2021-08-31,Andhra Pradesh,Visakhapatnam,28.3,37.0,32.6,127.4,75.7,10.3,21.8
2015-12-15,Tripura,Agartala,13.4,28.3,20.8,27.0,79.6,7.9,28.1
2017-08-17,Andhra Pradesh,Visakhapatnam,21.0,30.9,26.0,103.4,79.3,8.4,27.2
2020-05-17,Lakshadweep,Kavaratti,13.7,31.9,22.8,26.8,47.5,15.4,27.6
2016-11-23,Assam,Cachar,17.3,24.0,20.6,115.6,74.2,7.1,27.4
2019-04-09,Odisha,Bhubaneswar,16.6,32.2,24.4,64.7,82.6,7.3,31.5
2025-09-04,Andaman and Nicobar Islands,Port Blair,15.7,26.4,21.0,160.5,49.4,14.9,26.9
2016-01-13,Arunachal Pradesh,Itanagar,16.9,22.5,19.7,23.0,54.1,10.3,20.8
2023-01-25,Himachal Pradesh,Mandi,9.0,25.1,17.0,13.2,70.0,19.3,20.1
2023-02-11,Mizoram,Aizawl,12.9,27.2,20.0,20.3,70.6,9.7,22.9
2024-12-08,Ladakh,Leh,10.0,20.4,15.2,20.2,53.7,7.2,25.9
2016-06-10,Mizoram,Aizawl,13.6,32.2,22.9,99.7,48.4,8.9,32.4
2023-10-30,Kerala,Kozhikode,23.5,29.2,26.4,52.7,90.0,17.1,23.5
2022-08-13,Punjab,Amritsar,18.6,30.4,24.5,26.6,61.1,18.8,24.1
2021-03-03,Assam,Dibrugarh,22.7,31.6,27.2,33.2,69.1,11.9,21.0
2021-11-07,Bihar,Muzaffarpur,20.6,27.3,24.0,23.0,75.8,20.0,25.5
2024-02-27,Mizoram,Aizawl,19.3,32.8,26.0,53.7,47.3,11.2,25.4
2018-06-13,Manipur,Imphal,15.4,23.0,19.2,226.1,48.0,11.9,27.9
2020-02-19,Delhi,New Delhi,12.4,32.4,22.4,47.7,73.4,12.4,25.2
2019-10-30,Meghalaya,Shillong,19.2,28.2,23.7,39.8,61.9,19.3,28.8
2016-06-04,Karnataka,Hubli,19.3,24.9,22.1,284.9,42.2,8.9,26.6
2019-08-29,Punjab,Amritsar,13.8,28.0,20.9,113.5,69.7,13.8,22.4
2017-10-13,Telangana,Hyderabad,24.9,32.1,28.5,71.1,50.4,19.8,24.2
2023-03-23,Meghalaya,Shillong,22.2,32.3,27.2,70.3,65.0,13.7,26.5
2025-09-07,Chandigarh,Chandigarh,21.8,34.2,28.0,94.7,48.0,8.5,23.7
2022-08-05,Puducherry,Puducherry,22.7,28.2,25.4,170.8,67.8,20.6,25.8
2017-10-10,Andhra Pradesh,Visakhapatnam,21.9,39.5,30.7,16.2,73.1,6.3,21.4
2021-12-23,Telangana,Hyderabad,28.8,38.5,33.6,33.8,65.5,11.9,20.7
2015-04-27,Telangana,Warangal,26.7,38.0,32.4,67.4,61.6,15.1,29.4
2021-08-30,Himachal Pradesh,Mandi,6.4,19.1,12.8,277.1,46.6,11.7,26.1
2018-09-29,Sikkim,Gangtok,11.7,33.0,22.4,33.2,70.2,13.6,20.5
2016-08-06,Kerala,Thrissur,24.5,33.0,28.8,104.4,68.0,13.3,23.2
2016-01-30,Mizoram,Aizawl,17.5,29.1,23.3,32.8,53.3,12.6,20.3
2017-12-23,Tripura,Agartala,19.7,30.9,25.3,24.5,47.2,6.1,25.9
2025-05-16,West Bengal,Howrah,20.2,32.0,26.1,123.3,71.3,15.8,26.1
2022-07-31,Manipur,Imphal,14.5,23.8,19.2,181.3,53.2,17.6,26.9
2015-03-13,Chandigarh,Chandigarh,10.5,28.0,19.2,13.2,58.6,15.9,27.0
2025-07-27,Uttarakhand,Dehradun,14.5,23.7,19.1,143.3,47.5,22.6,23.4
2015-10-01,Sikkim,Gangtok,23.8,34.4,29.1,30.5,50.2,16.6,22.3
2020-07-06,Jharkhand,Ranchi,17.8,24.2,21.0,128.1,43.1,12.3,26.7
2018-09-05,Dadra and Nagar Haveli and Daman and Diu,Daman,24.9,31.2,28.0,152.5,57.9,10.8,26.1
2015-12-04,Uttarakhand,Dehradun,20.9,27.2,24.0,58.0,68.0,8.0,26.5
2018-10-21,Kerala,Thrissur,23.2,32.8,28.0,87.0,61.4,16.8,25.6
2024-10-06,Dadra and Nagar Haveli and Daman and Diu,Daman,20.9,27.0,24.0,55.5,56.5,17.0,26.0
2016-08-29,Lakshadweep,Kavaratti,15.3,23.3,19.3,248.5,62.4,22.8,23.7
2015-06-15,Lakshadweep,Kavaratti,20.3,31.3,25.8,198.5,69.5,10.1,30.5
2019-04-17,Jammu and Kashmir,Srinagar,10.2,20.3,15.2,38.3,60.8,9.8,27.9
2020-08-20,Rajasthan,Jodhpur,28.5,34.3,31.4,56.9,46.1,11.1,25.7
2018-08-17,Jharkhand,Ranchi,14.5,32.6,23.6,118.0,49.2,16.0,21.4
2016-12-29,Meghalaya,Shillong,22.0,32.4,27.2,58.9,56.0,17.5,24.9
2022-10-19,Gujarat,Surat,16.6,26.2,21.4,37.0,65.9,6.4,28.6
2020-08-05,Bihar,Purnia,25.6,34.0,29.8,219.2,47.5,20.2,26.6
2015-04-12,Uttarakhand,Dehradun,16.6,33.2,24.9,14.7,73.8,5.4,32.5
2024-07-28,Tripura,Agartala,18.6,31.5,25.0,135.5,74.6,12.7,22.7
2018-11-16,Dadra and Nagar Haveli and Daman and Diu,Daman,14.5,31.5,23.0,39.7,61.5,17.5,28.3
2017-02-17,Karnataka,Bangalore,19.6,32.0,25.8,21.3,79.1,17.6,28.5
2015-08-02,Punjab,Ludhiana,22.6,33.4,28.0,92.8,45.8,9.0,29.5
2025-04-20,Ladakh,Leh,16.8,34.1,25.5,66.5,73.1,13.8,26.0
2018-01-16,Mizoram,Aizawl,14.9,29.0,22.0,5.9,41.7,15.2,28.9
2019-04-26,Karnataka,Belgaum,26.6,32.7,29.6,92.0,71.3,15.7,28.0
2021-09-14,Chandigarh,Chandigarh,20.7,32.3,26.5,186.5,54.3,20.2,29.4
2022-03-20,Jammu and Kashmir,Srinagar,17.4,24.2,20.8,39.0,53.7,15.6,28.3
2023-01-15,Sikkim,Gangtok,13.2,34.1,23.6,52.4,48.7,10.6,21.0
2023-07-15,Uttarakhand,Dehradun,19.0,25.9,22.4,214.1,69.5,15.2,20.9
2019-08-23,Jammu and Kashmir,Srinagar,12.2,22.0,17.1,286.9,60.5,9.1,26.4
2024-09-04,Bihar,Gaya,25.1,31.7,28.4,156.8,69.7,8.3,20.3
2016-08-14,Meghalaya,Shillong,20.2,32.3,26.2,256.8,56.0,13.8,25.5
2018-08-26,Meghalaya,Shillong,21.4,31.9,26.6,111.7,53.9,19.4,25.3
2018-01-14,Rajasthan,Jaipur,12.4,21.6,17.0,34.4,60.0,10.0,23.9
2020-11-09,Uttar Pradesh,Kanpur,9.2,20.8,15.0,28.4,44.2,15.5,25.4
2025-03-20,Ladakh,Leh,22.3,32.9,27.6,14.0,44.9,18.4,28.2
2022-06-13,Odisha,Bhubaneswar,22.0,28.7,25.4,363.5,58.1,8.5,34.2
2016-12-14,Mizoram,Aizawl,22.1,32.6,27.4,7.4,61.1,14.8,27.6
2017-07-24,Uttar Pradesh,Varanasi,17.7,41.1,29.4,73.9,33.5,13.0,26.6
2020-05-05,Sikkim,Gangtok,21.1,32.7,26.9,12.7,75.4,9.2,27.1
2015-08-30,West Bengal,Kolkata,21.1,28.6,24.8,273.7,66.3,11.5,22.9
2020-08-05,Andhra Pradesh,Visakhapatnam,24.3,33.0,28.6,139.2,72.1,10.5,26.3
2015-01-02,Ladakh,Leh,20.2,33.1,26.6,64.3,46.3,7.1,26.1
2021-03-22,Arunachal Pradesh,Itanagar,21.4,28.7,25.0,41.8,70.9,16.5,26.5
2022-10-19,Mizoram,Aizawl,11.2,17.2,14.2,32.2,41.1,18.6,20.2
2019-11-04,Rajasthan,Udaipur,10.7,20.5,15.6,26.0,41.7,14.9,28.9
2020-05-03,Himachal Pradesh,Shimla,9.1,14.8,12.0,59.6,72.5,5.7,27.4
2022-03-21,Madhya Pradesh,Bhopal,27.0,35.8,31.4,31.0,62.9,6.4,26.8
2020-12-03,Karnataka,Mysore,20.1,25.9,23.0,69.6,45.5,16.2,22.0
2025-03-26,Meghalaya,Shillong,10.7,17.6,14.2,63.9,54.8,9.5,24.9
2017-07-06,Meghalaya,Shillong,19.5,24.9,22.2,271.5,78.3,14.3,24.1
2023-09-10,Arunachal Pradesh,Itanagar,23.2,31.1,27.2,259.7,41.1,15.3,29.5
2021-02-19,Haryana,Faridabad,11.3,22.6,17.0,33.4,67.0,8.0,29.2
2023-11-12,Madhya Pradesh,Bhopal,24.6,41.9,33.2,45.5,56.7,17.2,21.8
2022-12-28,Mizoram,Aizawl,24.2,30.2,27.2,6.8,67.9,7.8,27.6
2015-03-31,Telangana,Nizamabad,27.5,34.3,30.9,15.6,60.0,18.4,28.5
2019-09-06,Assam,Tinsukia,11.8,34.4,23.1,232.0,72.2,10.2,23.8
2020-12-09,Chandigarh,Chandigarh,19.5,29.8,24.6,62.9,65.7,9.0,25.6
2015-05-23,Madhya Pradesh,Bhopal,11.4,31.3,21.4,26.4,33.9,9.6,34.0
2023-04-30,Odisha,Bhubaneswar,23.8,38.9,31.4,47.0,84.3,10.4,32.6
2015-04-16,Gujarat,Rajkot,20.2,27.0,23.6,42.5,60.5,17.3,28.0
2017-06-05,Himachal Pradesh,Shimla,14.1,21.5,17.8,42.9,74.7,15.9,34.8
2016-03-03,Odisha,Bhubaneswar,20.8,39.4,30.1,65.4,67.9,9.5,28.3
2018-08-21,Sikkim,Gangtok,22.4,30.6,26.5,223.6,57.9,19.1,29.9
2020-03-10,Nagaland,Kohima,13.9,29.1,21.5,31.6,61.9,18.1,23.5
2020-06-17,Tamil Nadu,Chennai,20.6,35.5,28.0,239.8,65.7,10.7,25.9
2015-11-13,Arunachal Pradesh,Itanagar,14.2,30.6,22.4,33.8,62.8,6.2,21.2
2020-06-09,Karnataka,Mysore,18.1,33.1,25.6,135.2,83.5,12.6,28.6
2016-09-26,Dadra and Nagar Haveli and Daman and Diu,Daman,17.0,26.1,21.6,248.9,75.0,8.2,26.5
2020-04-09,Delhi,New Delhi,20.3,34.6,27.4,30.9,47.8,12.8,29.5
2020-08-18,Maharashtra,Nashik,27.5,39.3,33.4,79.9,78.1,21.6,29.2
2022-09-22,Meghalaya,Shillong,21.5,32.8,27.2,24.2,76.8,13.3,20.4
2023-08-11,Karnataka,Belgaum,22.1,35.1,28.6,199.1,74.1,15.6,23.0
2024-05-23,Delhi,New Delhi,13.0,25.2,19.1,7.5,56.9,6.0,33.8
2021-03-20,Gujarat,Rajkot,24.8,37.7,31.2,18.0,39.0,15.6,26.7
2018-12-10,Dadra and Nagar Haveli and Daman and Diu,Daman,11.8,21.1,16.5,71.3,52.2,5.4,20.6
2016-07-06,Maharashtra,Nagpur,27.3,38.1,32.7,215.6,46.9,15.5,23.3
2024-06-03,West Bengal,Howrah,16.7,26.0,21.4,68.9,81.6,17.3,33.3
2016-12-16,Meghalaya,Shillong,17.5,34.8,26.2,72.4,50.9,10.8,27.5
2018-07-11,Odisha,Bhubaneswar,26.6,39.2,32.9,274.9,66.6,13.7,24.2
2025-09-16,Mizoram,Aizawl,22.8,34.9,28.8,34.5,63.2,15.8,23.8
2019-09-10,Uttar Pradesh,Kanpur,28.0,38.2,33.1,88.9,52.2,13.4,24.3
2020-02-27,Goa,North Goa,11.1,18.2,14.6,48.7,67.4,14.5,27.6
2024-04-12,Himachal Pradesh,Shimla,18.9,29.1,24.0,37.2,48.7,9.7,30.9
2018-01-12,Mizoram,Aizawl,22.8,32.9,27.8,43.0,64.1,12.9,29.7
2018-09-03,Dadra and Nagar Haveli and Daman and Diu,Daman,22.2,33.3,27.8,164.9,53.3,8.3,20.4
2015-04-21,Kerala,Ernakulam,22.1,34.8,28.4,39.3,64.3,12.3,29.8
2015-09-08,Tamil Nadu,Madurai,27.4,32.8,30.1,384.6,57.6,22.6,25.4
2021-08-27,Chhattisgarh,Raipur,19.8,28.0,23.9,191.3,68.4,8.2,20.3
2020-08-16,Ladakh,Leh,24.8,32.2,28.5,282.0,69.2,13.6,21.5
2016-04-03,Ladakh,Leh,24.7,32.8,28.8,18.5,67.3,6.4,33.7
2018-01-12,Assam,Tinsukia,11.4,20.8,16.1,36.4,63.6,12.9,26.9
2015-07-27,Telangana,Hyderabad,27.5,37.7,32.6,134.5,62.3,21.9,23.9
2017-06-18,Mizoram,Aizawl,13.8,27.2,20.5,103.3,50.5,19.7,33.9
2024-06-23,Uttar Pradesh,Varanasi,18.6,37.9,28.2,61.2,57.4,17.5,29.9
2024-04-08,Bihar,Gaya,10.6,33.5,22.0,64.5,65.4,7.5,25.7
2015-01-22,Kerala,Thrissur,22.9,28.2,25.5,129.9,81.1,13.5,28.9
2016-02-14,Andhra Pradesh,Guntur,21.1,36.0,28.6,19.5,51.8,7.0,29.5
2017-06-13,Rajasthan,Udaipur,21.0,26.9,24.0,97.5,28.0,8.1,32.6
2016-05-29,Odisha,Bhubaneswar,17.3,39.0,28.2,63.4,53.0,8.3,31.1
2023-10-04,Rajasthan,Jaipur,18.5,34.9,26.7,32.5,51.7,15.5,28.9
2017-03-19,Nagaland,Kohima,13.0,21.0,17.0,61.0,52.8,12.7,27.4
2025-04-29,Assam,Tinsukia,15.9,22.7,19.3,109.9,88.6,5.2,30.6
2017-05-23,Lakshadweep,Kavaratti,17.0,25.4,21.2,16.3,47.5,15.9,30.4
2015-01-14,Jharkhand,Ranchi,24.7,31.0,27.8,72.0,60.6,7.2,21.5
2017-08-28,Manipur,Imphal,19.1,33.2,26.2,229.4,66.2,10.6,21.1
2023-04-14,Chhattisgarh,Raipur,10.0,17.0,13.5,58.6,75.8,8.6,32.9
2023-05-20,Bihar,Purnia,12.4,23.0,17.7,24.6,42.1,7.9,28.7
2023-06-11,West Bengal,Darjeeling,17.3,27.2,22.2,276.8,65.1,22.6,33.1
2020-11-04,Bihar,Muzaffarpur,28.5,37.1,32.8,54.1,46.7,16.3,22.4
2024-11-04,Manipur,Imphal,12.2,17.9,15.0,38.1,51.5,19.8,22.5
2023-02-04,Mizoram,Aizawl,23.0,30.2,26.6,57.4,66.4,13.4,24.2
2019-04-10,Assam,Kamrup,20.1,29.1,24.6,93.5,80.6,9.0,28.4
2018-08-17,Jharkhand,Ranchi,10.3,32.1,21.2,231.7,47.3,13.4,24.2
2018-06-20,Tamil Nadu,Coimbatore,22.7,35.9,29.3,301.2,76.9,21.6,31.0
2020-12-09,Nagaland,Kohima,19.2,32.0,25.6,52.7,74.8,16.6,21.2
2023-10-24,Andhra Pradesh,Guntur,29.3,38.2,33.8,18.3,73.2,10.4,28.1
2024-12-17,Jammu and Kashmir,Srinagar,19.1,25.6,22.4,65.7,70.9,15.1,23.8
2017-01-19,Dadra and Nagar Haveli and Daman and Diu,Daman,11.6,25.5,18.6,12.4,60.0,17.3,30.0
2024-05-20,Andhra Pradesh,Guntur,22.0,29.7,25.8,62.7,64.1,18.7,32.7
2016-11-15,Assam,Tinsukia,21.0,26.9,24.0,29.5,71.1,8.3,27.1
2020-04-11,Assam,Tinsukia,16.8,28.7,22.8,126.7,76.7,13.2,33.4
2025-06-01,Odisha,Bhubaneswar,21.5,27.6,24.6,227.8,70.3,15.7,27.6
2025-02-19,Andaman and Nicobar Islands,Port Blair,13.4,24.5,19.0,16.6,66.6,14.2,26.3
2021-06-14,Tripura,Agartala,13.4,22.5,18.0,240.5,67.6,21.1,29.0
2016-11-25,Delhi,New Delhi,18.2,31.9,25.0,73.2,79.6,20.0,28.9
2021-05-24,Ladakh,Leh,19.6,24.7,22.2,54.0,49.5,5.9,32.0
2015-11-03,Andaman and Nicobar Islands,Port Blair,21.3,32.0,26.6,30.6,60.4,19.0,27.3
2025-08-19,Uttar Pradesh,Lucknow,18.6,34.5,26.6,224.1,49.7,9.5,23.3
2025-01-13,Bihar,Patna,17.1,27.0,22.0,44.4,52.2,6.5,21.9
2020-06-12,Maharashtra,Nagpur,29.0,37.8,33.4,184.6,56.5,15.4,31.7
2023-02-09,Uttarakhand,Dehradun,18.7,34.2,26.4,48.8,76.4,5.1,28.9
2025-05-22,Delhi,New Delhi,20.8,27.4,24.1,23.4,61.7,6.9,32.9
2016-10-23,Sikkim,Gangtok,21.9,29.3,25.6,9.9,79.6,8.8,20.7
2016-07-02,Assam,Dibrugarh,14.9,34.5,24.7,496.5,76.8,12.6,24.2
2024-05-16,Tamil Nadu,Coimbatore,20.1,34.4,27.2,19.0,68.2,13.5,25.0
2015-11-08,Rajasthan,Jaipur,34.5,41.2,37.8,5.4,54.2,7.3,20.2
2022-12-30,Tamil Nadu,Coimbatore,24.0,30.2,27.1,98.4,50.4,5.8,28.3
2017-12-18,Bihar,Muzaffarpur,13.3,38.1,25.7,30.2,42.8,5.2,22.8
2025-03-03,Rajasthan,Jodhpur,21.8,26.8,24.3,24.3,33.3,10.9,22.6
2023-02-19,Dadra and Nagar Haveli and Daman and Diu,Daman,17.9,25.7,21.8,14.4,75.6,10.9,20.8
2019-10-04,Rajasthan,Jaipur,15.8,28.3,22.0,31.4,20.9,12.2,24.1
2017-01-24,Uttar Pradesh,Varanasi,31.1,37.2,34.2,39.5,40.1,13.2,25.6
2015-02-04,Jammu and Kashmir,Srinagar,1.5,17.2,9.4,40.0,52.8,9.2,22.2
2016-03-20,Telangana,Nizamabad,18.1,23.1,20.6,48.3,51.7,7.5,26.8
2020-11-10,Karnataka,Mysore,23.3,37.2,30.2,84.8,72.7,6.9,26.7
2020-06-05,Andaman and Nicobar Islands,Port Blair,20.4,32.7,26.6,93.7,65.6,17.3,28.9
2018-05-15,Assam,Kamrup,20.0,25.9,23.0,105.4,81.2,8.2,33.2
2015-12-19,Andhra Pradesh,Guntur,28.7,35.0,31.8,14.9,68.1,12.2,24.3
2017-06-21,Odisha,Bhubaneswar,26.4,39.7,33.0,212.0,50.2,16.9,31.5
2018-09-17,Sikkim,Gangtok,22.4,28.9,25.6,166.8,57.9,18.0,20.6
2025-08-24,Maharashtra,Mumbai,28.6,36.9,32.8,443.4,55.3,17.8,29.6
2022-12-19,Maharashtra,Pune,29.3,39.7,34.5,14.9,58.1,5.9,23.1
2019-10-15,Meghalaya,Shillong,12.6,28.4,20.5,59.7,60.5,16.9,20.1
2015-06-08,Delhi,New Delhi,22.3,28.7,25.5,149.1,57.7,21.1,34.7
2020-05-31,Madhya Pradesh,Bhopal,15.6,22.0,18.8,40.8,50.1,13.5,25.5
2017-08-14,Kerala,Kozhikode,24.3,30.6,27.4,267.5,66.9,22.2,21.7
2020-09-02,Delhi,New Delhi,21.0,28.2,24.6,139.0,79.8,9.5,28.8
2016-02-08,Delhi,New Delhi,24.2,33.2,28.7,5.7,72.8,18.2,29.8
2022-10-23,Andaman and Nicobar Islands,Port Blair,22.6,30.9,26.8,53.2,59.4,10.3,26.3
2016-05-30,Chhattisgarh,Raipur,21.5,31.9,26.7,62.9,47.1,10.6,28.1
2022-08-11,Goa,North Goa,12.9,25.5,19.2,285.4,61.5,12.3,23.5
2018-10-19,Dadra and Nagar Haveli and Daman and Diu,Daman,19.2,28.0,23.6,42.7,51.0,10.2,27.1
2024-06-15,Meghalaya,Shillong,18.8,24.8,21.8,292.5,42.0,9.2,32.0
2022-01-23,Dadra and Nagar Haveli and Daman and Diu,Daman,20.6,25.8,23.2,50.0,41.3,19.4,27.0
2017-08-13,Tripura,Agartala,12.8,20.5,16.6,179.5,65.3,20.5,29.0
2021-01-08,Delhi,New Delhi,15.9,32.8,24.3,43.0,58.8,15.5,21.0
2024-12-12,Madhya Pradesh,Bhopal,15.8,38.1,27.0,32.7,66.3,6.3,23.1
2019-09-09,Jharkhand,Ranchi,15.3,26.5,20.9,296.3,52.4,15.8,25.4
2023-03-14,Telangana,Warangal,27.2,36.2,31.7,49.4,70.1,6.5,29.6
2016-08-30,Jharkhand,Ranchi,22.7,30.5,26.6,224.0,70.5,20.8,21.9
2025-02-05,Dadra and Nagar Haveli and Daman and Diu,Daman,20.6,25.9,23.2,13.1,71.0,17.2,25.9
2021-10-03,Madhya Pradesh,Bhopal,22.8,38.4,30.6,54.8,46.8,6.7,28.4
2018-06-27,Assam,Dibrugarh,15.1,22.1,18.6,407.3,80.2,15.1,33.6
2023-09-24,Puducherry,Puducherry,14.1,19.3,16.7,110.6,40.4,16.2,23.8
2022-12-23,West Bengal,Darjeeling,24.7,36.3,30.5,60.0,58.7,11.3,26.4
2019-03-16,Odisha,Bhubaneswar,17.9,36.1,27.0,39.8,82.6,12.7,28.5
2025-06-08,Tamil Nadu,Madurai,24.9,34.4,29.6,285.6,78.4,17.7,33.0
2022-03-10,Lakshadweep,Kavaratti,12.9,22.6,17.8,21.1,71.9,6.3,28.0
2021-07-10,Madhya Pradesh,Bhopal,18.6,25.1,21.8,113.4,42.0,16.9,24.7
2018-12-12,Delhi,New Delhi,14.5,32.9,23.7,33.5,58.8,17.7,20.9
2023-02-27,Puducherry,Puducherry,15.8,26.5,21.2,39.7,44.2,6.5,24.2
2019-12-03,Delhi,New Delhi,10.5,20.5,15.5,19.1,59.6,5.2,26.8
2015-10-22,Chhattisgarh,Raipur,22.8,32.9,27.8,62.3,65.7,12.6,22.2
2017-01-24,Assam,Kamrup,14.2,24.2,19.2,29.8,92.0,18.5,21.1
2018-10-26,Gujarat,Vadodara,24.5,35.3,29.9,35.8,54.1,6.9,26.6
2015-07-05,Telangana,Warangal,25.3,35.5,30.4,144.6,78.2,20.7,25.9
2018-06-23,Sikkim,Gangtok,10.1,23.7,16.9,216.1,44.7,14.1,26.9
2016-09-28,Tamil Nadu,Madurai,22.7,28.0,25.4,85.6,65.9,21.5,24.9
2018-07-15,Chandigarh,Chandigarh,16.8,32.2,24.5,95.0,43.8,11.1,27.9
2025-03-03,Nagaland,Kohima,20.2,26.1,23.2,51.7,77.3,5.7,26.2
2024-01-22,Lakshadweep,Kavaratti,15.7,27.9,21.8,42.0,70.8,13.4,25.9
2016-06-13,Gujarat,Rajkot,20.7,27.8,24.2,142.9,30.0,12.9,27.2
2024-12-02,Delhi,New Delhi,15.8,25.2,20.5,54.3,50.4,13.4,24.6
2020-08-30,Chhattisgarh,Raipur,22.0,30.4,26.2,261.9,40.0,17.1,20.1
2023-02-06,West Bengal,Darjeeling,22.9,30.3,26.6,53.7,65.2,17.7,21.0
2025-06-05,Haryana,Gurgaon,21.7,39.8,30.8,24.0,68.6,8.3,33.4
2022-12-24,Manipur,Imphal,24.4,35.0,29.7,37.1,74.7,6.8,24.3
2017-03-04,Bihar,Muzaffarpur,14.8,27.8,21.3,55.6,43.5,20.0,26.4
2024-10-31,Puducherry,Puducherry,23.1,33.8,28.4,58.6,41.6,12.7,23.3
2020-11-17,Chhattisgarh,Raipur,11.7,23.0,17.4,50.1,49.2,11.7,24.0
2022-08-31,Delhi,New Delhi,10.8,27.9,19.4,193.3,78.7,12.5,24.2
2016-04-22,Chhattisgarh,Raipur,16.1,33.9,25.0,33.6,57.7,8.8,25.0
2019-06-11,Puducherry,Puducherry,11.7,29.6,20.6,211.1,52.9,15.1,28.0
2024-03-23,Uttar Pradesh,Kanpur,24.7,40.1,32.4,54.5,38.7,15.4,29.6
2017-07-28,Andhra Pradesh,Krishna,26.5,34.5,30.5,205.3,70.7,14.0,21.0
2016-06-09,Bihar,Gaya,21.3,37.3,29.3,299.4,48.9,18.5,25.3
2021-07-09,Uttar Pradesh,Varanasi,31.2,36.3,33.8,98.9,33.8,17.3,23.4
2015-01-02,Delhi,New Delhi,21.0,30.4,25.7,34.4,53.9,6.3,22.0
2016-01-10,Delhi,New Delhi,19.6,29.8,24.7,9.9,61.8,5.8,25.1
2021-05-29,Haryana,Faridabad,29.1,35.9,32.5,37.6,59.8,11.1,30.9
2022-11-24,Punjab,Patiala,16.8,27.0,21.9,39.0,58.1,18.5,26.2
2023-05-11,Meghalaya,Shillong,15.8,30.9,23.4,48.3,64.7,17.7,34.1
2016-07-06,Rajasthan,Udaipur,14.5,27.5,21.0,107.5,42.3,17.8,24.3
2021-06-23,Uttar Pradesh,Varanasi,16.1,23.6,19.8,157.2,38.8,18.1,34.7
2019-03-06,Tamil Nadu,Chennai,22.1,28.6,25.4,12.2,63.3,8.2,24.9
2020-01-26,Nagaland,Kohima,17.9,27.1,22.5,57.5,76.2,8.2,28.4
2016-01-16,Dadra and Nagar Haveli and Daman and Diu,Daman,12.0,21.1,16.6,44.3,52.3,5.6,22.9
2019-07-05,Kerala,Thrissur,24.7,30.6,27.6,481.9,81.7,9.6,23.3
2015-01-14,Andhra Pradesh,Chittoor,21.9,27.2,24.5,21.2,56.0,7.5,20.9
2016-05-18,Himachal Pradesh,Mandi,10.5,20.2,15.4,69.0,47.5,14.0,34.0
2021-03-28,Assam,Kamrup,10.7,25.7,18.2,81.3,92.5,15.0,23.5
2020-07-01,Uttar Pradesh,Kanpur,24.2,36.7,30.4,96.4,69.3,18.0,20.1
2023-08-22,Himachal Pradesh,Kangra,17.3,25.4,21.4,207.8,55.9,21.2,26.5
2015-05-10,Meghalaya,Shillong,18.7,34.8,26.8,24.6,42.6,12.7,29.2
2025-06-11,Telangana,Warangal,23.5,35.6,29.6,199.9,55.7,20.9,31.5
2017-04-17,Maharashtra,Nashik,28.7,39.5,34.1,29.2,70.6,9.8,33.4
2023-10-22,Assam,Dibrugarh,21.0,27.8,24.4,142.3,83.9,19.2,22.0
2023-01-17,Puducherry,Puducherry,23.0,32.7,27.8,43.7,72.8,14.5,26.7
2020-08-02,Delhi,New Delhi,13.8,32.0,22.9,202.1,73.8,13.3,23.3
2015-01-28,Telangana,Nizamabad,18.3,36.1,27.2,31.5,53.1,15.3,22.5
2020-10-14,Himachal Pradesh,Kangra,18.2,26.9,22.5,73.0,43.1,10.1,23.8
2023-11-09,Madhya Pradesh,Bhopal,26.1,33.4,29.8,25.6,66.4,6.7,27.5
2018-06-06,Arunachal Pradesh,Itanagar,20.5,26.7,23.6,212.8,62.8,12.3,28.1
2015-09-18,Gujarat,Ahmedabad,29.2,36.0,32.6,112.3,57.2,9.9,29.3
2020-08-08,Rajasthan,Jodhpur,16.5,29.0,22.8,109.9,23.1,17.4,29.2
2019-01-12,Odisha,Bhubaneswar,18.7,29.6,24.2,30.9,78.7,7.5,23.5
2018-12-18,Tripura,Agartala,19.0,28.5,23.8,9.6,77.9,10.1,24.5
2016-04-04,Sikkim,Gangtok,12.5,32.6,22.6,25.4,40.8,9.7,34.8
2025-04-05,Karnataka,Mysore,19.5,24.9,22.2,62.0,56.7,16.9,32.3
2015-10-28,Delhi,New Delhi,12.8,27.5,20.2,7.3,57.6,15.7,24.1
2023-02-14,Lakshadweep,Kavaratti,11.8,17.9,14.8,64.8,75.7,10.1,21.6
2024-03-28,Rajasthan,Jaipur,34.5,42.5,38.5,20.4,49.7,7.5,25.8
2021-05-23,Punjab,Ludhiana,27.3,32.5,29.9,35.3,52.1,19.3,27.6
2024-06-28,Haryana,Karnal,26.5,34.1,30.3,97.4,38.5,21.0,27.0
2023-06-09,Himachal Pradesh,Shimla,17.2,25.8,21.5,257.1,50.6,10.0,30.5
2025-05-06,Tripura,Agartala,17.6,27.0,22.3,51.4,43.8,14.3,27.1
2016-09-21,Tripura,Agartala,11.9,33.4,22.6,148.7,70.5,9.3,20.6
2015-09-27,Delhi,New Delhi,17.4,26.4,21.9,21.4,47.3,11.3,22.9
2022-03-24,Arunachal Pradesh,Itanagar,23.2,31.1,27.2,52.6,40.7,17.2,22.4
2020-06-16,Odisha,Bhubaneswar,19.6,25.3,22.5,187.5,79.8,13.7,34.1
2019-06-17,Punjab,Amritsar,26.7,32.2,29.4,74.9,66.4,8.4,32.7
2019-12-07,Andaman and Nicobar Islands,Port Blair,23.6,33.5,28.6,57.1,73.7,15.0,24.2
2022-12-01,Goa,North Goa,10.9,31.0,21.0,68.4,60.5,13.0,24.0
2017-05-11,Mizoram,Aizawl,22.9,28.0,25.4,48.7,76.3,6.5,34.6
2024-05-25,Tripura,Agartala,24.5,34.6,29.6,37.4,55.3,15.6,28.2
2018-07-04,Bihar,Purnia,9.5,37.5,23.5,205.1,48.3,8.3,27.2
2020-12-20,Chandigarh,Chandigarh,22.8,30.7,26.8,10.7,65.9,9.5,21.4
2024-03-01,Punjab,Ludhiana,17.8,31.1,24.5,28.3,63.0,12.3,29.0
2019-12-05,Assam,Kamrup,22.6,32.4,27.5,32.1,90.3,18.6,23.8
2019-09-03,Tamil Nadu,Coimbatore,24.2,31.7,28.0,45.3,66.8,9.9,21.8
2023-04-08,Nagaland,Kohima,17.2,33.3,25.2,64.1,78.6,12.2,30.5
2022-01-04,Uttar Pradesh,Varanasi,27.2,39.1,33.2,15.1,49.9,18.9,21.5
2021-06-18,Ladakh,Leh,13.1,24.9,19.0,283.2,44.6,18.1,26.3
2016-07-29,Haryana,Hisar,18.1,32.2,25.2,27.7,68.2,20.1,23.0
2023-01-12,Mizoram,Aizawl,12.0,23.2,17.6,67.6,45.3,10.2,24.9
2020-06-26,Dadra and Nagar Haveli and Daman and Diu,Daman,10.5,20.7,15.6,186.8,53.0,21.1,34.4
2018-07-31,Delhi,New Delhi,16.6,28.7,22.6,196.6,66.6,8.9,20.5
2023-09-28,Uttarakhand,Dehradun,23.0,29.5,26.2,183.5,65.0,10.5,27.6
2023-09-14,Bihar,Gaya,27.1,34.4,30.8,268.2,43.2,20.0,26.4
2020-05-10,Sikkim,Gangtok,18.7,26.3,22.5,30.3,76.4,12.0,30.9
2022-06-27,Uttar Pradesh,Varanasi,30.3,38.4,34.4,105.4,74.7,21.7,28.5
2020-07-13,Lakshadweep,Kavaratti,18.9,34.6,26.8,35.5,41.6,15.7,22.9
2023-12-20,Telangana,Hyderabad,25.0,37.2,31.1,14.5,75.3,9.2,23.8
2021-01-21,Jammu and Kashmir,Srinagar,6.7,27.1,16.9,21.1,41.1,19.6,29.8
2021-06-10,Lakshadweep,Kavaratti,13.9,19.1,16.5,200.9,65.9,22.1,28.0
2024-10-08,Gujarat,Ahmedabad,18.2,34.8,26.5,30.4,58.7,18.3,25.6
2019-07-14,Delhi,New Delhi,12.3,27.9,20.1,124.7,58.1,22.4,25.5
2019-04-29,Dadra and Nagar Haveli and Daman and Diu,Daman,12.2,25.1,18.6,21.0,45.4,15.7,31.3
2020-01-22,Kerala,Kozhikode,23.5,31.3,27.4,65.3,62.6,9.5,28.4
2021-01-12,Karnataka,Hubli,25.8,37.8,31.8,69.0,64.9,9.4,20.8
2018-10-22,Telangana,Hyderabad,25.4,35.1,30.2,59.3,56.5,19.8,24.0
2019-10-09,Haryana,Hisar,13.3,37.2,25.2,22.8,64.8,5.4,26.9
2020-04-09,Lakshadweep,Kavaratti,11.1,18.9,15.0,54.0,51.6,8.2,33.0
2016-09-11,Sikkim,Gangtok,24.2,30.5,27.4,108.8,68.6,20.2,30.0
2018-06-28,Puducherry,Puducherry,14.1,28.0,21.0,57.5,53.2,8.7,27.1
2017-08-14,Odisha,Bhubaneswar,22.6,29.6,26.1,360.2,74.9,8.4,28.8
2020-04-23,Punjab,Amritsar,29.4,37.2,33.3,19.2,40.5,6.3,29.9
2021-07-09,Maharashtra,Nashik,18.6,31.9,25.2,156.2,61.4,14.3,23.1
2025-03-02,Delhi,New Delhi,16.7,28.0,22.4,63.4,66.6,11.5,29.1
2017-08-26,Jharkhand,Ranchi,21.3,27.0,24.2,63.0,43.3,12.8,24.4
2022-01-02,Meghalaya,Shillong,17.6,33.2,25.4,6.3,57.1,11.2,29.5
2018-08-09,Bihar,Gaya,13.3,21.0,17.2,77.0,60.8,13.9,27.5
2017-11-09,Uttarakhand,Dehradun,14.8,21.7,18.2,32.1,75.3,11.1,28.3
2015-10-09,West Bengal,Kolkata,16.7,26.3,21.5,99.1,58.4,8.5,20.5
2022-10-15,Meghalaya,Shillong,12.8,24.3,18.6,33.0,56.8,12.2,25.7
2023-05-31,Delhi,New Delhi,12.8,28.4,20.6,28.6,69.4,13.4,30.5
2020-12-06,Odisha,Bhubaneswar,25.3,33.5,29.4,48.6,70.4,11.3,24.4
2017-11-24,Rajasthan,Jaipur,16.8,28.5,22.6,28.7,20.2,6.4,29.5
2015-07-17,Sikkim,Gangtok,12.8,25.0,18.9,257.9,40.0,21.9,20.5
2021-12-07,Himachal Pradesh,Mandi,3.4,9.0,6.2,43.8,77.7,17.6,26.4
2025-06-25,Himachal Pradesh,Kangra,3.7,27.2,15.4,236.2,50.7,20.1,33.8
2017-12-18,Himachal Pradesh,Mandi,14.0,20.1,17.0,74.0,43.0,14.8,21.1
2022-11-24,Uttarakhand,Dehradun,23.6,30.8,27.2,40.8,47.2,13.2,29.4
2018-03-30,Mizoram,Aizawl,23.5,28.9,26.2,31.5,50.7,12.2,28.3
2017-10-05,Haryana,Karnal,23.5,32.5,28.0,22.2,56.2,7.9,21.0
2022-07-01,Meghalaya,Shillong,13.6,20.6,17.1,118.6,77.5,9.8,28.2
2018-05-14,Nagaland,Kohima,18.0,30.6,24.3,16.9,46.1,7.4,31.7
2017-11-01,Delhi,New Delhi,21.2,34.3,27.8,32.9,58.5,12.0,22.7
2016-05-04,Andhra Pradesh,Krishna,23.3,38.2,30.8,32.3,76.1,9.6,28.4
2015-10-03,Kerala,Ernakulam,23.7,29.3,26.5,140.3,84.6,15.1,29.9
2022-07-03,Goa,North Goa,10.2,23.3,16.8,260.3,57.3,8.1,21.6
2021-04-08,Chhattisgarh,Raipur,16.5,30.5,23.5,16.4,57.9,5.2,29.8
2018-05-24,Meghalaya,Shillong,23.4,32.3,27.8,35.8,46.5,8.0,25.8
2018-06-28,Nagaland,Kohima,21.1,26.8,24.0,127.5,70.0,18.7,30.8
2025-08-18,Nagaland,Kohima,18.6,24.6,21.6,69.0,61.4,13.2,20.2
2015-05-06,Andhra Pradesh,Visakhapatnam,28.0,37.6,32.8,31.2,52.9,13.9,28.5
2015-08-05,Odisha,Bhubaneswar,18.8,35.5,27.2,158.1,54.8,15.2,28.3
2024-03-31,Haryana,Faridabad,26.2,38.7,32.4,23.9,61.6,17.8,24.6
2025-08-04,Assam,Dibrugarh,14.8,30.5,22.6,552.2,94.0,12.4,29.6
2018-04-23,Tripura,Agartala,17.5,26.3,21.9,74.2,75.1,15.4,33.9
2023-07-08,Chhattisgarh,Raipur,20.2,29.5,24.8,285.5,78.5,12.7,23.5
2018-05-31,Odisha,Bhubaneswar,20.7,37.5,29.1,81.2,84.4,12.0,32.4
2023-11-30,Nagaland,Kohima,22.9,29.5,26.2,48.4,61.9,16.1,27.0
2021-12-17,Dadra and Nagar Haveli and Daman and Diu,Daman,22.2,29.6,25.9,20.1,72.2,10.4,22.9
2021-10-10,Delhi,New Delhi,15.1,21.1,18.1,59.1,68.6,13.3,27.2
2023-11-24,Nagaland,Kohima,15.6,24.9,20.2,65.4,56.9,7.9,27.5
2017-07-07,Meghalaya,Shillong,15.0,23.2,19.1,27.6,78.8,15.0,21.6
2024-07-31,Meghalaya,Shillong,21.4,34.0,27.7,167.8,41.1,13.5,22.4
2018-08-10,Gujarat,Surat,25.8,36.6,31.2,84.0,55.9,16.8,29.1
2025-09-28,Maharashtra,Nashik,25.2,35.2,30.2,418.9,49.1,11.7,27.8
2021-01-07,Tripura,Agartala,16.6,27.1,21.8,67.1,64.4,17.0,28.1
2021-08-28,Lakshadweep,Kavaratti,11.8,28.7,20.2,286.7,59.2,19.0,25.7
2019-07-20,Sikkim,Gangtok,13.1,21.4,17.2,141.5,59.3,15.5,29.6
2025-08-20,Meghalaya,Shillong,11.5,23.5,17.5,164.1,78.5,15.6,27.8
2015-11-04,Andaman and Nicobar Islands,Port Blair,21.2,31.2,26.2,14.1,48.8,8.6,20.4
2018-09-21,Meghalaya,Shillong,15.7,29.4,22.5,60.4,47.0,18.6,21.7
2020-05-23,Kerala,Ernakulam,22.4,34.8,28.6,26.8,69.8,5.5,33.4
2022-08-25,Mizoram,Aizawl,18.8,24.3,21.6,192.3,44.9,15.4,26.7
2017-06-10,Uttarakhand,Dehradun,12.2,26.0,19.1,148.1,76.6,22.9,31.5
2016-01-10,Tripura,Agartala,22.8,32.5,27.6,66.3,57.3,14.1,28.5
2023-06-07,Madhya Pradesh,Bhopal,30.2,35.4,32.8,42.9,67.2,16.5,34.9
2020-07-26,Haryana,Karnal,24.8,38.1,31.4,89.5,40.3,17.0,28.8
2018-09-26,Chhattisgarh,Raipur,20.9,30.2,25.5,230.9,67.6,21.7,22.6
2015-05-09,Kerala,Ernakulam,22.4,31.0,26.7,70.1,89.2,5.1,34.3
2017-10-11,Assam,Tinsukia,24.3,29.6,27.0,136.2,76.5,16.5,20.8
2019-12-05,Jammu and Kashmir,Srinagar,19.1,27.7,23.4,68.4,66.9,13.1,21.7
2022-06-09,Delhi,New Delhi,12.7,25.9,19.3,263.7,44.6,23.0,33.8
2024-05-16,Sikkim,Gangtok,15.9,24.5,20.2,69.5,44.9,10.2,25.8
2018-10-13,Himachal Pradesh,Kangra,19.1,27.7,23.4,31.9,51.0,11.7,20.9
2016-05-31,Nagaland,Kohima,23.3,31.7,27.5,55.8,49.3,12.6,27.1
2019-02-27,Andaman and Nicobar Islands,Port Blair,22.2,33.2,27.7,15.4,43.0,17.4,21.1
2015-03-27,Uttarakhand,Dehradun,18.2,29.5,23.8,19.2,63.7,12.5,25.1
2018-04-13,Ladakh,Leh,15.4,32.6,24.0,10.9,57.5,8.9,33.5
2025-08-09,Mizoram,Aizawl,13.4,31.1,22.2,191.2,75.0,16.9,25.6
2023-12-09,Puducherry,Puducherry,22.0,31.5,26.8,64.1,42.0,12.4,28.1
2021-06-16,Assam,Cachar,22.7,33.8,28.2,402.2,94.8,10.7,26.7
2018-02-16,Chhattisgarh,Raipur,10.5,34.8,22.6,29.4,70.5,5.9,23.0
2024-01-03,Maharashtra,Mumbai,25.5,35.5,30.5,33.9,60.8,6.6,25.4
2021-10-10,Assam,Kamrup,11.5,28.3,19.9,44.4,79.1,6.9,24.0
2020-06-16,Tamil Nadu,Coimbatore,22.8,35.5,29.2,270.8,82.8,21.8,32.2
2024-07-17,Chandigarh,Chandigarh,21.6,31.8,26.7,213.7,64.7,12.7,23.5
2020-12-01,Tamil Nadu,Madurai,24.6,35.6,30.1,46.6,55.0,11.9,29.6
2023-10-22,Uttarakhand,Dehradun,13.2,29.1,21.2,73.8,55.0,18.3,28.6
2024-11-18,Jharkhand,Ranchi,15.1,21.6,18.4,17.5,54.6,19.4,22.7
2025-03-08,Tripura,Agartala,23.9,30.0,27.0,72.9,51.7,14.5,20.7
2015-10-30,Madhya Pradesh,Bhopal,16.6,25.9,21.2,5.2,36.3,13.9,23.9
2022-08-23,Meghalaya,Shillong,20.8,32.0,26.4,243.8,74.7,20.3,24.5
2016-08-10,Puducherry,Puducherry,14.6,27.3,21.0,169.8,52.5,16.1,21.1
2017-09-13,Sikkim,Gangtok,13.5,30.8,22.2,71.2,45.6,12.3,23.7
2020-02-07,Mizoram,Aizawl,14.9,25.6,20.2,14.8,46.6,8.5,24.0
2015-12-11,Tamil Nadu,Coimbatore,22.7,35.9,29.3,57.3,70.1,13.4,24.0
2017-03-24,Ladakh,Leh,24.7,29.9,27.3,20.1,51.4,18.2,29.2
2020-06-10,Himachal Pradesh,Kangra,16.9,25.3,21.1,277.8,43.9,17.8,34.4
2022-10-19,Arunachal Pradesh,Itanagar,21.3,28.7,25.0,55.2,51.8,6.7,27.2
2023-05-31,Lakshadweep,Kavaratti,12.7,19.6,16.2,43.6,64.8,5.8,25.0
2023-10-24,Sikkim,Gangtok,23.2,29.0,26.1,45.9,78.1,12.7,21.4
2018-08-03,Madhya Pradesh,Bhopal,18.7,35.1,26.9,187.8,54.3,8.5,21.4
2020-06-22,Haryana,Karnal,14.3,33.9,24.1,125.2,31.8,20.0,31.1
2019-08-05,Andhra Pradesh,Guntur,28.9,36.4,32.6,167.5,62.2,18.8,27.5
2023-07-22,Mizoram,Aizawl,20.8,28.5,24.6,198.1,53.5,20.5,20.6
2018-08-20,Kerala,Ernakulam,22.1,27.9,25.0,201.2,61.1,9.1,23.1
2017-12-28,Bihar,Patna,10.2,35.1,22.6,13.5,76.3,18.1,22.1
2021-08-05,Madhya Pradesh,Bhopal,11.6,19.3,15.4,143.0,54.0,12.7,23.0
2025-01-21,Dadra and Nagar Haveli and Daman and Diu,Daman,18.0,26.7,22.4,70.4,55.3,8.3,21.5
2024-01-05,Gujarat,Ahmedabad,25.7,34.4,30.0,13.5,41.0,9.6,26.3
2017-10-06,Tamil Nadu,Coimbatore,21.4,34.9,28.2,37.4,67.1,14.8,25.4
2016-12-04,Telangana,Hyderabad,25.9,33.8,29.8,72.6,58.4,9.8,23.0
2016-07-28,Chhattisgarh,Raipur,10.6,28.9,19.8,93.5,78.4,11.2,25.3
2019-05-28,Chhattisgarh,Raipur,21.0,33.8,27.4,16.0,79.4,18.6,34.6
2023-11-07,Mizoram,Aizawl,22.8,34.1,28.4,46.9,73.8,13.0,25.4
2025-04-10,Chandigarh,Chandigarh,18.4,35.0,26.7,12.3,72.2,9.1,28.6
2018-01-17,Himachal Pradesh,Mandi,1.6,14.8,8.2,74.4,55.9,15.0,21.2
2016-11-18,Goa,North Goa,23.8,33.9,28.8,32.0,53.9,11.5,24.0
2022-09-29,Tripura,Agartala,13.9,34.9,24.4,247.0,50.7,22.7,20.2
2022-03-17,Odisha,Bhubaneswar,21.6,34.2,27.9,13.4,55.6,8.9,27.2
2025-06-25,Meghalaya,Shillong,24.1,32.8,28.4,177.5,61.5,13.3,33.3
2022-03-21,Rajasthan,Udaipur,23.5,32.3,27.9,7.6,59.4,5.3,29.3
2023-11-05,Arunachal Pradesh,Itanagar,13.3,29.3,21.3,26.1,74.4,13.2,21.4
2016-05-03,Jharkhand,Ranchi,14.0,24.1,19.0,67.0,70.7,17.4,25.5
2023-04-07,Meghalaya,Shillong,18.7,35.0,26.8,60.0,44.8,15.2,32.5
2018-09-09,Manipur,Imphal,17.7,23.7,20.7,29.7,77.5,11.9,23.8
2025-01-29,Madhya Pradesh,Bhopal,27.5,39.0,33.2,58.3,33.7,15.6,20.8
2024-06-14,Madhya Pradesh,Bhopal,10.0,18.2,14.1,155.7,57.0,14.6,25.5
2023-09-09,Lakshadweep,Kavaratti,19.5,25.4,22.4,59.7,60.5,13.1,24.6
2016-05-08,Haryana,Hisar,20.9,28.2,24.5,45.2,52.4,5.3,31.3
2019-07-26,Nagaland,Kohima,16.9,31.1,24.0,239.5,77.6,23.0,25.5
2019-06-26,Ladakh,Leh,18.4,23.7,21.0,262.2,41.1,17.5,26.0
2015-01-19,Uttar Pradesh,Lucknow,12.7,21.1,16.9,12.6,33.7,9.8,24.2
2024-08-26,Jharkhand,Ranchi,17.0,27.7,22.4,166.6,74.4,17.5,20.2
2024-09-23,Dadra and Nagar Haveli and Daman and Diu,Daman,12.6,23.7,18.2,285.7,43.1,18.7,20.3
2025-01-13,Delhi,New Delhi,15.4,31.6,23.5,29.1,57.2,18.6,20.7
2021-09-10,Andaman and Nicobar Islands,Port Blair,17.9,27.3,22.6,289.9,71.7,9.8,29.3
2017-09-27,Chhattisgarh,Raipur,13.2,19.6,16.4,171.6,69.5,18.7,25.3
2024-03-04,Madhya Pradesh,Bhopal,20.8,41.5,31.2,50.1,57.9,7.9,28.2
2017-04-30,Andhra Pradesh,Visakhapatnam,27.5,39.9,33.7,18.6,71.5,19.7,29.6
2018-10-20,Tamil Nadu,Madurai,25.9,37.8,31.8,59.3,74.5,5.3,25.2
2018-09-16,Assam,Dibrugarh,13.8,20.9,17.4,454.3,61.4,21.6,25.2
2025-03-01,Assam,Dibrugarh,19.7,27.3,23.5,47.8,68.5,8.5,28.6
2018-09-29,Gujarat,Surat,28.4,40.7,34.6,152.3,55.7,15.9,22.7
2017-04-01,Ladakh,Leh,20.6,26.9,23.8,40.8,47.8,12.6,27.9
2016-03-30,Jammu and Kashmir,Srinagar,1.1,18.1,9.6,21.8,46.4,10.8,23.6
2019-06-13,Manipur,Imphal,23.0,32.0,27.5,259.3,45.9,13.4,30.6
2022-08-04,Assam,Dibrugarh,12.3,19.6,16.0,430.7,82.9,11.5,22.3
2025-03-15,Andaman and Nicobar Islands,Port Blair,21.2,27.2,24.2,69.6,77.7,18.1,22.1
2023-08-03,Chandigarh,Chandigarh,10.3,33.8,22.0,116.3,52.4,11.9,22.4
2023-08-14,Nagaland,Kohima,21.0,34.2,27.6,240.1,67.0,12.3,25.5
2016-12-11,Karnataka,Mysore,20.4,26.8,23.6,20.8,67.2,5.6,29.7
2020-12-30,Andhra Pradesh,Chittoor,30.0,35.7,32.8,37.8,73.0,19.3,28.9
2017-07-05,Andaman and Nicobar Islands,Port Blair,13.8,20.2,17.0,100.8,57.5,13.4,27.7
2022-11-15,Jharkhand,Ranchi,13.9,32.7,23.3,20.8,54.5,11.7,22.9
2022-04-06,West Bengal,Kolkata,23.8,32.6,28.2,112.0,88.5,17.9,30.2
2019-02-05,Dadra and Nagar Haveli and Daman and Diu,Daman,17.6,25.3,21.5,46.5,78.1,6.2,27.5
2018-12-11,Odisha,Bhubaneswar,28.0,39.9,34.0,40.1,62.4,8.4,27.9
2015-11-01,Assam,Cachar,12.1,21.9,17.0,61.9,73.1,11.3,25.6
2017-01-05,Ladakh,Leh,24.2,30.6,27.4,59.5,67.1,6.7,28.1
2024-10-08,Manipur,Imphal,11.4,30.1,20.8,55.1,67.6,9.2,25.7
2021-05-27,Delhi,New Delhi,21.4,31.9,26.6,61.3,67.5,9.1,26.5
2020-05-17,Uttar Pradesh,Lucknow,22.1,38.4,30.2,12.8,38.7,5.2,30.3
2020-11-19,Meghalaya,Shillong,18.1,29.1,23.6,27.1,57.1,16.5,21.8
2020-07-02,Ladakh,Leh,13.0,29.3,21.2,262.7,53.6,22.0,20.6
2024-02-21,Delhi,New Delhi,11.8,25.2,18.5,55.6,54.8,13.3,20.3
2022-12-24,Punjab,Amritsar,16.5,26.0,21.2,28.2,51.0,16.3,25.4
2023-04-04,Madhya Pradesh,Bhopal,23.5,35.7,29.6,59.5,61.7,16.3,31.3
2025-02-10,Delhi,New Delhi,17.9,27.1,22.5,59.9,47.6,5.5,27.0
2023-04-10,Chhattisgarh,Raipur,12.2,33.3,22.8,58.9,64.1,9.7,31.4
2022-11-29,Maharashtra,Mumbai,23.7,32.0,27.8,118.7,47.3,16.3,28.0
2017-08-19,Uttarakhand,Dehradun,24.3,32.4,28.4,169.8,76.8,20.0,27.6
2023-03-09,Tamil Nadu,Madurai,26.3,34.6,30.4,13.7,56.9,14.6,24.0
2025-07-15,Maharashtra,Nashik,25.3,35.7,30.5,241.8,50.6,18.8,29.1
2017-10-23,Bihar,Muzaffarpur,24.9,31.1,28.0,45.0,73.4,13.9,24.4
2020-11-02,Odisha,Bhubaneswar,19.3,29.5,24.4,31.8,56.9,13.8,25.1
2025-08-01,Bihar,Patna,24.2,32.5,28.4,159.8,67.2,22.4,23.5
2021-07-03,Chandigarh,Chandigarh,14.5,26.5,20.5,222.7,78.5,16.0,28.1
2022-11-03,Odisha,Bhubaneswar,22.0,27.5,24.8,90.5,60.1,7.1,30.0
2019-01-13,Dadra and Nagar Haveli and Daman and Diu,Daman,15.2,22.2,18.7,26.8,60.6,6.3,23.5
2021-11-06,Dadra and Nagar Haveli and Daman and Diu,Daman,20.0,34.2,27.1,32.8,62.6,14.5,20.7
2020-05-01,Himachal Pradesh,Kangra,6.8,24.3,15.6,57.8,54.2,5.1,25.1
2022-04-30,Madhya Pradesh,Bhopal,21.8,35.2,28.5,35.6,58.9,18.8,34.9
2024-01-06,Maharashtra,Nagpur,26.4,35.8,31.1,26.2,57.3,13.6,30.0
2018-03-23,Jharkhand,Ranchi,11.9,31.3,21.6,74.9,72.2,16.5,22.6
2016-10-26,Dadra and Nagar Haveli and Daman and Diu,Daman,10.1,19.6,14.8,60.3,44.3,9.4,25.6
2015-01-12,Tamil Nadu,Madurai,24.6,34.2,29.4,98.3,50.4,12.3,25.0
2018-03-02,Uttarakhand,Dehradun,14.4,27.6,21.0,52.1,66.9,6.3,28.0
2015-10-31,Goa,North Goa,24.0,29.7,26.8,34.2,60.5,7.0,25.0
2024-03-18,Uttar Pradesh,Varanasi,10.6,40.3,25.4,29.7,79.7,5.7,21.3
2023-04-11,Arunachal Pradesh,Itanagar,16.6,33.3,25.0,43.9,69.3,11.4,25.4
2024-03-25,Madhya Pradesh,Bhopal,24.3,37.4,30.8,8.9,36.8,12.1,24.5
2019-10-30,Odisha,Bhubaneswar,26.3,34.7,30.5,69.7,74.7,14.7,26.0
2022-10-01,Andhra Pradesh,Visakhapatnam,28.1,37.6,32.8,64.2,69.1,7.4,23.1
2015-02-12,Lakshadweep,Kavaratti,15.0,21.4,18.2,53.5,63.8,13.8,24.8
2017-08-01,Sikkim,Gangtok,18.1,23.2,20.6,46.9,67.3,11.9,21.1
2021-07-18,Andaman and Nicobar Islands,Port Blair,14.9,23.7,19.3,28.2,56.4,8.4,20.0
2018-09-11,Arunachal Pradesh,Itanagar,21.9,29.5,25.7,178.9,51.9,22.0,27.3
2025-08-21,Karnataka,Hubli,21.7,29.1,25.4,89.6,74.3,14.8,22.3
2021-12-20,Mizoram,Aizawl,23.8,31.2,27.5,43.0,74.3,17.5,26.4
2021-08-08,Haryana,Faridabad,27.2,39.6,33.4,188.3,44.0,14.0,22.4
2017-06-09,Sikkim,Gangtok,22.6,28.5,25.6,119.4,40.4,16.9,31.6
2021-10-10,Bihar,Muzaffarpur,13.5,34.3,23.9,34.8,52.5,19.3,25.9
2017-10-01,Karnataka,Bangalore,20.5,37.8,29.2,44.9,69.2,15.9,24.2
2015-01-21,Haryana,Hisar,18.4,27.4,22.9,26.0,42.4,13.2,26.7
2016-02-11,Himachal Pradesh,Shimla,12.3,27.2,19.8,12.7,43.1,8.1,29.9
2022-04-20,Uttar Pradesh,Varanasi,26.6,41.2,33.9,20.0,58.7,13.3,30.7
2017-10-11,Arunachal Pradesh,Itanagar,20.8,29.4,25.1,52.4,71.5,9.3,29.5
2015-12-02,Meghalaya,Shillong,17.8,31.7,24.8,56.0,62.6,9.8,26.7
2020-01-13,Dadra and Nagar Haveli and Daman and Diu,Daman,11.3,34.7,23.0,17.9,51.0,19.3,21.9
2023-09-24,Goa,North Goa,12.6,31.6,22.1,90.4,43.8,11.4,28.9
2018-02-21,Rajasthan,Udaipur,17.0,38.0,27.5,17.3,30.5,7.2,29.7
2021-09-12,Uttar Pradesh,Kanpur,19.1,26.2,22.6,63.7,50.4,16.2,21.8
2022-10-11,Odisha,Bhubaneswar,19.2,36.6,27.9,47.6,50.0,5.8,24.4
2020-01-02,West Bengal,Darjeeling,11.1,19.9,15.5,93.7,69.2,12.2,26.0
2016-12-15,Haryana,Karnal,24.7,31.3,28.0,12.8,34.9,19.1,25.8
2015-02-20,Maharashtra,Nashik,19.1,27.6,23.4,93.4,41.3,15.9,29.1
2025-07-21,Telangana,Warangal,18.7,26.7,22.7,40.6,44.4,17.3,20.4
2015-11-20,Uttar Pradesh,Lucknow,16.5,31.8,24.2,54.9,53.7,7.1,22.9
2017-02-27,Dadra and Nagar Haveli and Daman and Diu,Daman,20.1,26.2,23.2,21.2,79.8,5.1,21.5
2015-05-21,Lakshadweep,Kavaratti,22.7,28.4,25.5,7.4,44.9,15.4,34.9
2016-04-14,Arunachal Pradesh,Itanagar,18.9,25.3,22.1,17.9,61.5,15.7,31.6
2017-02-25,Tripura,Agartala,18.6,34.8,26.7,18.9,46.9,17.9,22.9
2019-12-31,Arunachal Pradesh,Itanagar,15.0,28.2,21.6,31.7,51.5,18.8,21.3
2018-09-19,Andhra Pradesh,Chittoor,24.0,29.0,26.5,249.9,55.1,19.6,21.5
2020-03-31,Ladakh,Leh,16.3,31.3,23.8,24.0,52.6,15.0,21.9
2017-08-21,Kerala,Kozhikode,24.9,30.9,27.9,475.0,84.1,13.6,21.6
2023-05-14,Himachal Pradesh,Shimla,3.3,29.7,16.5,57.2,58.0,8.9,25.2
2016-01-08,Ladakh,Leh,20.1,34.6,27.4,12.5,70.2,7.3,27.9
2024-12-14,West Bengal,Howrah,16.7,33.3,25.0,116.5,74.8,18.8,22.4
2021-12-16,Delhi,New Delhi,24.7,34.3,29.5,12.5,56.5,18.9,20.8
2024-11-19,Sikkim,Gangtok,16.8,31.4,24.1,7.3,70.1,10.4,22.5
2019-08-20,Tripura,Agartala,18.6,29.8,24.2,264.7,67.0,14.3,26.5
2022-08-30,Nagaland,Kohima,21.3,34.5,27.9,217.2,61.8,13.6,28.9
2018-03-25,Goa,North Goa,21.9,27.5,24.7,54.0,61.5,6.6,25.6
2021-05-27,Nagaland,Kohima,12.9,30.0,21.4,24.5,46.0,6.2,29.9
2019-07-30,Meghalaya,Shillong,13.0,32.5,22.8,20.8,73.7,15.8,29.2
2023-10-21,Manipur,Imphal,13.1,19.8,16.4,48.7,68.3,10.6,20.1
2015-04-16,Haryana,Karnal,15.2,24.8,20.0,20.6,50.3,15.5,34.6
2018-12-14,Madhya Pradesh,Bhopal,13.2,34.4,23.8,17.8,38.8,14.5,27.8
2022-06-10,Gujarat,Ahmedabad,31.6,40.8,36.2,48.3,39.0,19.4,30.3
2019-08-09,Mizoram,Aizawl,14.4,26.8,20.6,276.2,70.2,14.8,29.8
2015-01-02,Lakshadweep,Kavaratti,21.9,26.9,24.4,12.9,62.2,10.2,28.1
2022-03-21,Sikkim,Gangtok,23.4,30.0,26.7,58.4,61.4,10.9,27.9
2022-05-15,Madhya Pradesh,Bhopal,22.4,36.7,29.6,8.4,53.4,9.5,29.9
2020-11-07,Tamil Nadu,Coimbatore,21.8,33.7,27.8,23.3,54.3,7.8,28.2
2024-05-09,Andaman and Nicobar Islands,Port Blair,10.5,29.7,20.1,9.0,63.7,16.6,27.3
2015-12-16,Sikkim,Gangtok,12.9,22.8,17.8,54.0,50.2,12.5,21.3
2024-08-31,Andhra Pradesh,Guntur,24.6,36.1,30.4,58.7,74.5,22.1,21.9
2018-07-10,Andaman and Nicobar Islands,Port Blair,21.4,29.1,25.2,209.5,52.3,20.9,23.5
2024-05-15,Chhattisgarh,Raipur,22.7,33.3,28.0,18.7,46.3,16.7,28.9
2023-09-15,Jammu and Kashmir,Srinagar,19.0,29.7,24.4,220.3,60.0,10.9,28.8
2025-01-05,Jharkhand,Ranchi,11.2,23.2,17.2,27.3,78.3,6.8,28.9
2017-11-28,Odisha,Bhubaneswar,21.8,27.4,24.6,75.6,53.5,8.6,28.0
2023-02-04,Gujarat,Vadodara,17.6,28.9,23.2,21.2,53.6,16.8,22.3
2021-01-15,Jammu and Kashmir,Srinagar,4.1,13.7,8.9,34.8,61.4,5.2,27.8
2025-01-02,Madhya Pradesh,Bhopal,30.4,41.0,35.7,7.0,51.0,17.2,23.4
2023-03-26,Jharkhand,Ranchi,23.5,34.3,28.9,14.9,59.7,5.4,22.8
2021-06-17,Arunachal Pradesh,Itanagar,22.2,34.8,28.5,275.7,41.7,21.9,33.2
2024-01-26,Goa,North Goa,23.0,34.4,28.7,39.2,48.4,5.3,20.2
2016-03-20,Haryana,Faridabad,21.1,30.8,26.0,27.3,35.3,19.6,21.3
2021-06-03,Ladakh,Leh,16.7,27.6,22.2,22.4,66.7,16.1,30.0
2017-08-09,Tripura,Agartala,22.3,29.2,25.8,261.1,74.6,20.4,23.4
2015-02-05,Gujarat,Surat,17.8,31.9,24.8,16.7,32.1,9.2,24.7
2018-01-12,Tamil Nadu,Chennai,20.9,37.3,29.1,69.0,54.8,17.2,29.3
2019-01-15,Odisha,Bhubaneswar,18.9,26.2,22.5,39.0,79.1,7.6,27.8
2019-12-04,Sikkim,Gangtok,20.7,31.8,26.2,35.3,54.7,6.3,23.6
2020-01-20,Madhya Pradesh,Bhopal,23.2,40.6,31.9,50.8,31.3,7.1,28.5
2018-11-09,Rajasthan,Udaipur,33.5,38.9,36.2,28.8,34.6,10.5,26.4
2018-04-10,Andhra Pradesh,Krishna,28.1,35.0,31.6,55.8,69.1,12.8,31.0
2018-10-31,Odisha,Bhubaneswar,15.3,20.4,17.8,59.5,68.3,6.1,24.9
2019-09-05,Delhi,New Delhi,21.4,31.1,26.2,164.9,68.7,10.6,24.6
2018-10-17,Bihar,Muzaffarpur,11.3,28.7,20.0,48.5,44.9,6.1,21.7
2022-02-19,Assam,Cachar,18.8,25.9,22.4,59.4,84.6,8.7,24.0
2023-01-17,Uttarakhand,Dehradun,23.9,33.9,28.9,22.9,63.9,15.0,29.0
2020-12-28,Jammu and Kashmir,Srinagar,10.9,23.8,17.4,67.7,42.2,14.4,24.2
2023-01-13,West Bengal,Darjeeling,26.4,37.7,32.0,29.6,61.3,9.1,21.0
2023-09-25,Goa,North Goa,17.2,28.8,23.0,180.4,66.5,8.9,26.2
2018-07-24,Goa,North Goa,23.7,31.6,27.6,49.9,43.4,12.2,27.5
2022-08-05,Tamil Nadu,Madurai,22.1,36.0,29.0,335.1,66.0,12.5,26.0
2018-05-28,Delhi,New Delhi,22.2,27.7,25.0,71.7,65.8,11.0,30.1
2023-06-25,Meghalaya,Shillong,15.8,26.7,21.2,186.8,42.4,10.6,27.3
2016-06-04,Telangana,Hyderabad,22.9,32.4,27.6,227.8,50.4,8.9,25.6
2019-12-12,Chhattisgarh,Raipur,10.2,16.0,13.1,65.1,67.9,19.9,20.2
2015-01-10,Madhya Pradesh,Bhopal,28.7,39.5,34.1,40.2,44.3,10.7,28.5
2017-09-10,Kerala,Thrissur,24.1,33.1,28.6,115.3,65.5,22.4,24.5
2021-08-22,Chhattisgarh,Raipur,21.7,29.9,25.8,234.0,44.8,8.6,24.7
2019-07-15,Dadra and Nagar Haveli and Daman and Diu,Daman,18.9,27.5,23.2,220.5,59.8,21.9,20.8
2019-07-19,West Bengal,Darjeeling,11.2,35.9,23.5,347.8,76.8,8.4,29.4
2022-06-22,West Bengal,Howrah,23.9,35.9,29.9,459.5,73.1,13.9,29.8
2022-03-16,Chandigarh,Chandigarh,21.7,33.1,27.4,47.7,48.7,17.3,26.5
2021-01-08,Nagaland,Kohima,13.3,26.3,19.8,74.8,53.1,6.7,20.2
2016-12-20,Uttarakhand,Dehradun,12.8,21.0,16.9,65.1,46.2,17.9,20.9
2017-12-08,Jammu and Kashmir,Srinagar,18.1,24.9,21.5,49.7,46.4,10.9,20.9
2023-10-31,Uttar Pradesh,Lucknow,20.6,31.3,26.0,51.9,39.1,9.2,21.8
2017-05-08,Nagaland,Kohima,18.5,24.8,21.6,18.3,67.1,6.1,32.4
2018-08-09,Delhi,New Delhi,11.6,27.4,19.5,299.4,47.0,11.9,29.0
2019-05-23,Tripura,Agartala,19.4,29.6,24.5,44.4,51.8,17.8,32.5
2015-02-19,Dadra and Nagar Haveli and Daman and Diu,Daman,19.6,34.3,27.0,45.5,60.5,19.6,22.1
2022-06-04,Arunachal Pradesh,Itanagar,12.1,20.0,16.0,297.0,66.1,12.6,27.5
2022-01-22,Delhi,New Delhi,10.8,18.3,14.6,68.6,69.9,19.1,24.2
2025-01-31,Lakshadweep,Kavaratti,19.0,29.3,24.2,66.7,79.7,19.0,26.0
2023-07-29,Nagaland,Kohima,10.9,27.7,19.3,47.2,45.6,10.9,23.6
2023-11-13,Mizoram,Aizawl,18.9,27.6,23.2,36.7,41.9,14.3,26.6
2023-12-18,Puducherry,Puducherry,11.5,31.0,21.2,50.3,59.6,13.3,25.0
2022-12-14,Gujarat,Surat,15.9,36.4,26.2,28.0,36.9,15.2,27.0
2015-05-26,Jammu and Kashmir,Srinagar,4.3,25.8,15.0,39.7,47.2,14.9,31.0
2017-07-03,Chandigarh,Chandigarh,12.6,32.8,22.7,259.3,73.4,14.0,28.2
2025-04-05,Kerala,Ernakulam,24.5,35.0,29.8,144.7,71.5,8.0,27.9
2023-04-29,Jammu and Kashmir,Srinagar,9.9,27.1,18.5,57.0,71.5,10.7,27.5
2019-01-02,Karnataka,Mysore,18.2,32.5,25.4,81.6,80.0,12.1,29.3
2021-04-08,Bihar,Muzaffarpur,12.5,29.1,20.8,23.9,47.5,19.3,33.2
2016-08-03,Tripura,Agartala,10.2,20.5,15.4,77.4,45.9,18.5,25.7
2022-06-27,Lakshadweep,Kavaratti,16.8,24.3,20.6,97.7,54.2,19.8,34.9
2019-05-04,Punjab,Patiala,9.6,23.3,16.4,17.6,31.8,8.3,34.0
2016-04-27,Dadra and Nagar Haveli and Daman and Diu,Daman,22.6,28.8,25.7,30.6,52.4,7.2,31.2
2023-09-15,Bihar,Purnia,20.3,31.6,26.0,262.4,64.8,11.9,23.7
2018-06-03,Andhra Pradesh,Guntur,21.5,34.5,28.0,192.5,76.1,20.8,33.4
2016-11-03,Assam,Cachar,18.2,30.9,24.5,121.9,63.2,9.5,21.7
2016-09-22,Sikkim,Gangtok,17.7,33.0,25.4,84.6,69.2,14.1,29.0
2022-06-01,Mizoram,Aizawl,19.4,34.8,27.1,88.8,77.0,13.4,31.2
2016-10-23,Maharashtra,Mumbai,20.1,36.4,28.2,122.5,75.4,14.2,24.5
2024-08-04,Jammu and Kashmir,Srinagar,6.9,19.5,13.2,125.4,73.3,21.4,29.5
2022-10-23,Madhya Pradesh,Bhopal,19.2,33.9,26.6,36.7,56.0,5.0,28.4
2025-03-15,Jammu and Kashmir,Srinagar,5.4,19.7,12.6,64.7,79.9,16.9,20.2
2021-10-02,Arunachal Pradesh,Itanagar,15.5,24.1,19.8,72.5,50.6,19.2,29.4
2017-09-14,Madhya Pradesh,Bhopal,28.5,34.3,31.4,20.4,61.8,20.6,29.6
2024-08-27,Meghalaya,Shillong,13.3,30.5,21.9,165.3,53.1,17.1,25.5
2023-11-06,Nagaland,Kohima,14.4,23.6,19.0,39.1,59.0,9.5,22.6
2019-03-27,Gujarat,Ahmedabad,31.2,41.2,36.2,41.8,38.6,7.8,28.1
2016-10-11,Ladakh,Leh,12.8,26.5,19.6,20.5,55.1,17.8,28.9
2017-08-26,Chandigarh,Chandigarh,25.0,34.7,29.8,208.0,57.3,8.9,26.1
2022-03-22,Gujarat,Rajkot,18.6,39.2,28.9,29.7,59.3,15.1,23.5
2018-01-05,Manipur,Imphal,21.4,33.7,27.6,57.1,71.1,10.4,29.4
2021-12-31,Odisha,Bhubaneswar,21.4,38.6,30.0,87.2,54.4,19.5,30.0
2016-03-16,Arunachal Pradesh,Itanagar,19.1,32.6,25.8,70.4,40.8,18.9,26.3
2024-02-08,Madhya Pradesh,Bhopal,28.2,38.0,33.1,34.2,65.9,12.6,24.7
2017-07-09,Dadra and Nagar Haveli and Daman and Diu,Daman,19.1,29.8,24.5,145.0,47.2,14.0,22.8
2017-02-08,Meghalaya,Shillong,16.0,29.3,22.6,47.6,49.5,6.3,27.4
2018-09-05,Goa,North Goa,17.9,28.2,23.0,56.3,56.6,20.3,25.8
2020-01-01,West Bengal,Darjeeling,11.6,23.7,17.6,122.7,71.8,9.3,29.1
2015-09-20,Lakshadweep,Kavaratti,15.0,30.9,23.0,61.2,46.3,16.4,22.4
2025-01-16,Jharkhand,Ranchi,10.7,33.6,22.2,8.9,68.7,10.0,29.3
2025-03-18,Nagaland,Kohima,24.8,31.5,28.2,46.4,70.9,6.9,27.1
2025-09-11,Bihar,Muzaffarpur,27.9,34.2,31.0,258.1,44.6,16.5,23.4
2019-04-27,Himachal Pradesh,Shimla,9.4,19.1,14.2,26.9,69.7,8.3,29.1
2024-06-07,Gujarat,Vadodara,19.7,28.8,24.2,132.9,31.8,19.8,30.5
2022-05-08,Haryana,Faridabad,25.7,32.7,29.2,36.9,46.8,6.2,32.5
2023-11-13,Gujarat,Rajkot,28.0,35.4,31.7,46.2,60.6,9.6,22.4
2025-06-21,Assam,Cachar,16.6,25.5,21.0,208.5,74.0,8.4,29.0
2021-11-11,Mizoram,Aizawl,13.3,22.7,18.0,10.8,63.6,12.1,27.5
2017-09-25,Arunachal Pradesh,Itanagar,24.8,30.4,27.6,96.3,67.3,11.6,20.3
2024-03-05,Manipur,Imphal,11.6,24.6,18.1,35.2,78.9,12.0,26.8
2016-11-30,Andaman and Nicobar Islands,Port Blair,17.4,25.8,21.6,12.4,74.4,7.3,21.0
2021-06-07,Sikkim,Gangtok,13.2,18.2,15.7,40.2,65.4,11.7,28.4
2024-11-11,Bihar,Gaya,26.4,38.0,32.2,42.0,64.5,6.3,27.6
2019-05-23,Goa,North Goa,17.7,29.7,23.7,51.6,60.0,12.8,30.0
2018-05-26,Uttar Pradesh,Varanasi,18.4,37.4,27.9,28.5,30.1,14.2,34.5
2018-01-30,Karnataka,Belgaum,20.6,35.7,28.2,51.0,68.9,18.4,27.7
2022-02-14,Uttar Pradesh,Lucknow,28.9,34.0,31.4,15.3,51.2,17.7,28.4
2021-05-24,Mizoram,Aizawl,12.8,20.2,16.5,63.4,61.7,14.4,33.1
2018-04-05,Telangana,Hyderabad,20.5,27.5,24.0,65.8,44.5,6.3,27.8
2022-04-22,West Bengal,Kolkata,15.7,24.9,20.3,95.3,88.9,8.0,32.8
2017-10-02,Jammu and Kashmir,Srinagar,0.9,8.8,4.9,43.5,80.0,19.2,21.1
2015-02-05,Dadra and Nagar Haveli and Daman and Diu,Daman,13.6,34.1,23.8,15.6,69.7,5.0,26.3
2017-01-13,Madhya Pradesh,Bhopal,20.9,33.5,27.2,50.6,33.2,10.7,24.5
2019-10-31,Jammu and Kashmir,Srinagar,2.5,9.4,6.0,21.7,49.6,19.5,24.8
2015-12-19,Meghalaya,Shillong,17.7,31.4,24.5,52.9,60.1,10.1,23.3
2025-04-05,Manipur,Imphal,10.9,33.1,22.0,58.9,64.9,10.9,30.8
2020-04-06,Nagaland,Kohima,17.3,25.8,21.6,25.9,75.0,14.5,25.0
2015-03-14,Uttarakhand,Dehradun,14.9,25.0,20.0,54.4,68.0,12.0,29.5
2022-05-19,Jammu and Kashmir,Srinagar,17.4,29.0,23.2,32.6,57.2,11.3,29.4
2018-10-08,Jammu and Kashmir,Srinagar,17.8,24.6,21.2,62.1,60.6,8.7,25.3
2020-03-29,West Bengal,Howrah,13.5,20.6,17.0,106.4,78.0,8.1,29.4
2017-12-29,Himachal Pradesh,Kangra,0.5,13.7,7.1,11.4,45.7,7.7,28.1
2021-10-08,Kerala,Ernakulam,25.0,34.3,29.6,104.4,81.7,12.8,24.2
2023-05-05,Manipur,Imphal,20.4,34.7,27.6,7.0,52.6,10.0,29.1
2016-12-08,Rajasthan,Jodhpur,25.7,38.0,31.8,3.2,36.5,14.3,25.0
2019-12-10,Jammu and Kashmir,Srinagar,17.4,25.4,21.4,10.8,51.4,7.0,22.5
2022-02-21,Delhi,New Delhi,15.4,30.3,22.8,27.7,75.4,9.5,21.4
2022-11-15,Odisha,Bhubaneswar,17.5,38.9,28.2,50.9,64.1,6.0,27.3
2025-03-02,Tamil Nadu,Chennai,25.6,33.4,29.5,72.3,62.9,6.1,27.4
2017-08-13,Madhya Pradesh,Bhopal,31.2,40.0,35.6,80.8,40.8,21.9,23.0
2022-01-08,Andhra Pradesh,Guntur,27.7,37.4,32.6,48.5,55.4,5.5,24.9
2021-10-11,Andaman and Nicobar Islands,Port Blair,24.8,30.8,27.8,42.6,66.8,12.3,25.1
2024-11-19,Telangana,Hyderabad,25.9,38.3,32.1,31.7,76.0,12.3,26.6
2015-06-09,Meghalaya,Shillong,11.6,25.7,18.6,24.5,55.6,8.8,34.0
2021-01-05,Tripura,Agartala,20.1,32.9,26.5,37.7,74.1,18.1,23.6
2022-09-24,Tamil Nadu,Coimbatore,23.0,33.1,28.0,55.2,84.9,13.4,24.7
2024-01-15,West Bengal,Howrah,23.6,31.4,27.5,33.2,55.1,12.9,20.1
2019-10-02,Meghalaya,Shillong,20.6,29.9,25.2,42.2,50.5,7.7,27.0
2019-05-05,Karnataka,Bangalore,20.1,35.2,27.6,28.3,67.6,14.7,30.1
2015-03-08,Assam,Cachar,25.0,31.9,28.4,135.4,65.9,10.1,21.5
2023-05-20,Manipur,Imphal,19.1,31.1,25.1,36.7,68.8,18.0,32.8
2025-08-19,Andhra Pradesh,Krishna,22.4,31.4,26.9,138.9,56.1,13.4,22.4
2021-08-25,Gujarat,Ahmedabad,31.9,40.9,36.4,174.8,66.9,18.0,21.8
2015-02-27,Andhra Pradesh,Chittoor,27.6,32.7,30.2,17.4,50.9,7.0,27.5
2024-02-13,Lakshadweep,Kavaratti,23.3,30.2,26.8,13.3,50.9,14.7,23.5
2015-12-08,Himachal Pradesh,Mandi,19.2,25.0,22.1,74.4,40.5,11.8,22.5
2025-09-14,Andaman and Nicobar Islands,Port Blair,18.5,24.6,21.6,265.2,45.5,16.8,20.3
2018-02-27,Uttar Pradesh,Varanasi,13.4,21.9,17.6,58.8,30.6,10.3,23.0
2022-08-06,Tamil Nadu,Coimbatore,25.3,30.7,28.0,331.8,66.3,14.8,22.3
2018-04-10,Andaman and Nicobar Islands,Port Blair,17.4,27.0,22.2,22.2,46.7,15.9,26.4
2022-09-18,Delhi,New Delhi,12.5,27.6,20.0,83.3,58.4,16.3,22.7
2022-04-15,Gujarat,Vadodara,20.8,29.2,25.0,25.7,69.7,10.4,31.5
2018-05-17,Kerala,Kozhikode,23.9,33.7,28.8,114.0,60.4,9.6,33.7
2025-08-10,Dadra and Nagar Haveli and Daman and Diu,Daman,18.1,24.3,21.2,97.3,51.3,21.1,25.5
2021-07-29,Lakshadweep,Kavaratti,19.1,28.1,23.6,36.9,43.0,14.3,21.8
2019-02-03,Punjab,Ludhiana,7.6,19.8,13.7,38.4,32.9,11.7,28.3
2019-12-27,Mizoram,Aizawl,14.0,23.8,18.9,66.9,66.0,17.0,22.9
2015-04-26,Ladakh,Leh,25.0,30.7,27.8,72.3,76.1,13.3,30.9
2024-02-18,Assam,Kamrup,21.6,29.2,25.4,90.9,91.6,6.0,29.1
2016-10-23,Andhra Pradesh,Chittoor,27.3,38.2,32.8,14.2,55.6,18.9,21.2
2025-08-19,Uttarakhand,Dehradun,19.5,32.7,26.1,84.8,68.0,9.0,25.0
2019-01-05,Delhi,New Delhi,15.0,29.7,22.4,67.2,45.0,11.8,24.2
2024-11-28,Punjab,Patiala,13.1,28.6,20.8,44.6,68.9,5.0,27.4
2021-11-05,Maharashtra,Nashik,25.4,39.9,32.6,20.3,76.5,19.0,29.1
2020-02-12,Ladakh,Leh,18.4,27.2,22.8,49.8,52.2,11.2,24.5
2024-09-18,Chhattisgarh,Raipur,14.5,24.8,19.6,22.0,51.9,15.1,21.7
2021-05-23,Tamil Nadu,Madurai,26.4,34.9,30.6,81.4,54.5,17.3,34.6
2024-03-28,Manipur,Imphal,15.3,24.5,19.9,50.3,65.4,6.7,29.3
2017-10-13,Goa,North Goa,17.2,32.0,24.6,30.2,50.5,6.7,22.7
2015-11-07,Delhi,New Delhi,24.9,33.3,29.1,61.2,78.3,6.2,21.6
2015-07-27,Odisha,Bhubaneswar,28.9,37.3,33.1,268.5,65.0,20.2,25.2
2022-04-19,Madhya Pradesh,Bhopal,28.2,41.9,35.0,40.6,51.2,10.5,26.9
2021-10-29,Andaman and Nicobar Islands,Port Blair,19.8,25.4,22.6,71.9,65.9,19.4,22.7
2022-06-10,Goa,North Goa,24.2,32.8,28.5,246.9,47.2,15.5,30.7
2016-09-24,Manipur,Imphal,15.9,24.5,20.2,273.3,43.4,10.3,23.2
2020-10-03,Meghalaya,Shillong,23.8,32.3,28.0,31.1,56.1,17.6,20.3
2023-02-07,Telangana,Warangal,18.1,23.9,21.0,40.5,63.2,14.4,27.3
2023-06-11,Tamil Nadu,Madurai,21.5,29.5,25.5,127.7,55.2,11.7,31.1
2016-10-18,Jharkhand,Ranchi,15.5,31.6,23.6,42.5,48.5,12.0,25.9
2018-11-24,Mizoram,Aizawl,23.0,33.8,28.4,34.9,65.9,9.5,26.3
2020-04-15,Chandigarh,Chandigarh,23.7,32.6,28.2,26.3,65.8,18.5,26.4
2025-03-08,Jharkhand,Ranchi,17.2,26.3,21.8,21.9,55.8,10.9,22.1
2023-04-16,Odisha,Bhubaneswar,21.1,34.9,28.0,12.3,84.6,9.4,31.2
2022-01-06,Andaman and Nicobar Islands,Port Blair,14.3,25.5,19.9,43.4,64.5,16.6,27.9
2019-08-07,Arunachal Pradesh,Itanagar,17.8,23.7,20.8,176.2,59.1,11.2,20.1
2024-11-22,Ladakh,Leh,14.7,23.7,19.2,38.8,70.5,11.6,29.5
2015-08-25,Odisha,Bhubaneswar,18.3,27.0,22.6,257.6,81.4,18.1,26.7
2024-03-04,Gujarat,Vadodara,28.7,39.3,34.0,39.2,64.6,5.1,28.9
2015-12-14,Uttar Pradesh,Lucknow,10.8,39.7,25.2,19.6,52.8,19.0,21.1
2022-04-28,Manipur,Imphal,21.2,29.7,25.4,6.7,77.6,6.8,32.7
2023-09-11,Assam,Cachar,15.8,32.3,24.0,475.1,82.2,22.1,21.0
2016-09-21,Meghalaya,Shillong,22.0,32.4,27.2,108.1,61.8,17.7,27.4
2019-03-21,Arunachal Pradesh,Itanagar,12.8,19.6,16.2,12.1,51.8,7.3,25.4
2020-06-26,Dadra and Nagar Haveli and Daman and Diu,Daman,16.6,33.6,25.1,220.9,48.2,8.7,32.1
2018-06-25,West Bengal,Darjeeling,25.2,35.7,30.4,336.1,60.0,15.4,32.2
2015-12-30,Gujarat,Vadodara,18.3,32.2,25.2,10.3,51.2,13.6,25.4
2021-06-26,Chandigarh,Chandigarh,17.0,29.6,23.3,299.1,64.9,19.3,26.9
2025-02-21,Gujarat,Ahmedabad,24.0,29.1,26.6,6.4,42.9,12.0,25.8
2015-10-13,Ladakh,Leh,23.3,33.5,28.4,26.0,69.7,13.2,27.8
2015-05-29,Andaman and Nicobar Islands,Port Blair,16.2,22.5,19.4,48.3,62.3,19.3,26.6
2018-01-12,Telangana,Nizamabad,25.9,35.2,30.6,34.6,71.8,17.2,27.1
2021-09-19,Bihar,Purnia,9.8,23.5,16.6,52.2,53.7,17.7,25.2
2023-04-14,Andaman and Nicobar Islands,Port Blair,20.5,30.7,25.6,43.9,60.4,10.5,29.5
2016-03-31,Chhattisgarh,Raipur,11.7,32.0,21.8,67.2,70.7,13.8,25.7
2019-11-02,Andaman and Nicobar Islands,Port Blair,17.1,25.1,21.1,31.9,79.6,7.2,25.4
2017-03-10,Chandigarh,Chandigarh,23.0,31.2,27.1,47.4,73.1,13.2,27.3
2018-03-30,Andaman and Nicobar Islands,Port Blair,15.2,31.0,23.1,7.9,46.1,14.6,24.5
2017-10-09,Uttar Pradesh,Kanpur,27.4,35.7,31.6,47.2,37.0,19.0,24.2
2022-10-02,Odisha,Bhubaneswar,18.5,36.5,27.5,95.3,82.1,8.6,26.7
2021-11-12,Uttar Pradesh,Lucknow,19.8,37.3,28.6,31.8,53.5,18.2,28.7
2024-11-30,Uttarakhand,Dehradun,21.8,32.6,27.2,52.5,42.2,16.2,26.4
2019-03-04,Chandigarh,Chandigarh,14.5,32.2,23.4,63.3,77.3,11.3,25.5
2022-08-17,Chandigarh,Chandigarh,23.6,30.6,27.1,243.1,79.7,17.8,29.8
2021-12-31,Assam,Cachar,17.7,24.6,21.2,46.9,85.6,5.0,26.6
2025-03-14,Gujarat,Surat,17.6,41.7,29.6,12.3,52.1,15.0,28.2
2025-08-11,Himachal Pradesh,Mandi,9.2,29.0,19.1,164.9,50.1,16.9,26.6
2016-04-25,Madhya Pradesh,Bhopal,21.2,37.8,29.5,28.1,30.2,9.0,34.5
2019-08-14,Manipur,Imphal,21.4,28.0,24.7,38.7,54.0,20.5,21.1
2020-12-01,Chhattisgarh,Raipur,18.2,26.4,22.3,55.8,40.0,9.2,26.8
2022-08-28,Andaman and Nicobar Islands,Port Blair,18.2,32.4,25.3,64.1,61.2,10.9,26.4
2019-05-21,Jammu and Kashmir,Srinagar,2.6,10.9,6.8,31.3,56.1,12.5,30.8
2021-08-05,Uttarakhand,Dehradun,17.0,22.6,19.8,116.2,42.5,9.8,20.9
2015-12-07,Uttarakhand,Dehradun,12.4,31.7,22.0,48.9,60.3,16.0,29.6
2022-09-18,Haryana,Karnal,15.4,27.6,21.5,196.0,60.9,19.7,26.0
2020-07-03,Lakshadweep,Kavaratti,17.6,29.4,23.5,202.6,55.1,19.7,29.1
2022-09-09,Punjab,Ludhiana,19.3,30.3,24.8,145.2,37.3,22.5,26.6
2023-04-05,Jharkhand,Ranchi,11.0,26.1,18.6,57.5,51.1,5.8,29.9
2021-11-01,Madhya Pradesh,Bhopal,28.3,35.5,31.9,44.4,46.3,5.9,23.0
2020-02-10,Andaman and Nicobar Islands,Port Blair,14.7,33.5,24.1,73.7,48.4,11.5,29.8
2017-04-14,Jammu and Kashmir,Srinagar,8.1,19.0,13.6,17.1,70.1,11.7,31.4
2018-04-18,Haryana,Hisar,17.7,25.7,21.7,12.9,67.6,18.3,31.1
2019-09-22,Andaman and Nicobar Islands,Port Blair,10.0,23.7,16.8,168.5,58.0,21.9,20.4
2024-07-10,Dadra and Nagar Haveli and Daman and Diu,Daman,19.8,28.0,23.9,176.7,66.2,14.6,21.5
2019-08-17,Chandigarh,Chandigarh,17.8,34.2,26.0,170.0,44.9,20.4,22.2
2023-12-12,Sikkim,Gangtok,15.6,26.8,21.2,28.8,56.2,16.9,22.2
2024-09-07,Rajasthan,Jodhpur,21.8,27.2,24.5,86.1,24.5,12.2,23.2
2015-11-07,Kerala,Thrissur,22.2,30.0,26.1,87.3,72.9,9.2,22.9
2015-09-19,Karnataka,Belgaum,24.3,35.6,30.0,247.6,83.9,22.2,21.0
2018-12-13,Arunachal Pradesh,Itanagar,13.9,32.9,23.4,7.1,63.7,19.3,26.8
2016-02-10,Arunachal Pradesh,Itanagar,11.4,30.3,20.8,31.4,76.9,9.3,24.7
2020-12-30,Puducherry,Puducherry,21.2,28.5,24.8,17.7,40.1,12.3,29.3
2015-12-08,Assam,Kamrup,14.2,19.9,17.0,102.6,62.0,12.6,23.8
2018-09-01,Meghalaya,Shillong,17.1,24.2,20.6,45.3,70.0,11.7,28.0
2023-09-08,Bihar,Muzaffarpur,24.7,31.7,28.2,276.2,46.5,20.0,24.2
2015-09-01,Tamil Nadu,Coimbatore,21.5,37.3,29.4,386.8,67.9,15.0,29.0
2016-05-04,Punjab,Ludhiana,19.9,28.9,24.4,24.1,63.4,17.9,34.4
2015-01-12,Tripura,Agartala,14.3,30.0,22.2,9.8,69.0,13.4,22.5
2024-01-24,Chandigarh,Chandigarh,19.8,26.2,23.0,28.4,56.0,16.7,23.1
2016-07-14,Nagaland,Kohima,10.7,19.2,15.0,190.3,40.6,19.9,29.0
2015-02-11,Karnataka,Belgaum,23.0,35.1,29.0,51.6,53.9,7.5,25.2
2022-06-18,Andaman and Nicobar Islands,Port Blair,23.9,34.3,29.1,277.5,78.7,10.5,26.5
2016-08-16,Mizoram,Aizawl,16.4,30.8,23.6,143.1,75.7,18.8,26.3
2018-12-23,Uttar Pradesh,Kanpur,6.9,17.2,12.0,28.5,78.8,10.0,26.3
2020-01-01,Tamil Nadu,Madurai,27.9,34.2,31.0,25.0,69.1,13.3,29.2
2023-11-04,Punjab,Ludhiana,5.7,22.6,14.2,19.1,52.8,5.1,27.1
2024-01-01,Arunachal Pradesh,Itanagar,17.3,31.2,24.2,36.3,59.0,18.4,22.1
2019-08-21,Telangana,Hyderabad,20.6,33.7,27.2,211.7,54.2,15.8,22.3
2024-09-03,Dadra and Nagar Haveli and Daman and Diu,Daman,12.0,21.3,16.6,276.6,72.1,10.1,20.5
2015-05-14,Uttarakhand,Dehradun,11.4,21.9,16.6,61.8,52.9,7.8,29.0
2023-08-05,Arunachal Pradesh,Itanagar,11.9,25.4,18.6,209.2,54.8,10.6,24.5
2025-09-24,Maharashtra,Mumbai,27.1,32.7,29.9,72.6,54.3,14.2,22.2
2023-06-06,Bihar,Patna,8.6,19.4,14.0,153.2,43.2,18.7,30.5
2017-08-05,Madhya Pradesh,Bhopal,19.6,33.6,26.6,164.3,69.8,19.6,25.4
2024-11-06,Ladakh,Leh,21.6,30.6,26.1,26.8,50.5,11.0,20.0
2015-03-14,Jammu and Kashmir,Srinagar,3.5,11.2,7.4,72.4,42.6,12.5,29.2
2016-02-03,Haryana,Faridabad,20.2,32.5,26.4,38.4,44.1,7.9,28.5
2018-11-29,Arunachal Pradesh,Itanagar,10.8,31.3,21.0,12.2,65.0,12.2,30.0
2025-04-04,Goa,North Goa,15.8,34.4,25.1,33.3,67.3,14.7,25.9
2022-03-10,Dadra and Nagar Haveli and Daman and Diu,Daman,21.2,28.0,24.6,32.2,71.3,19.2,25.6
2022-12-16,Jharkhand,Ranchi,17.8,29.0,23.4,62.2,79.7,14.5,23.8
2015-05-10,Rajasthan,Jodhpur,15.5,25.4,20.4,34.6,59.7,15.5,34.6
2023-02-26,Jharkhand,Ranchi,15.2,29.5,22.4,40.8,59.3,14.5,23.1
2024-09-07,Tamil Nadu,Coimbatore,25.1,35.4,30.2,341.0,75.6,12.8,24.5
2023-12-22,Assam,Tinsukia,11.8,21.5,16.6,90.1,63.5,13.6,23.9
2019-12-17,Lakshadweep,Kavaratti,10.5,24.0,17.2,24.7,42.7,9.4,22.9
2020-06-24,Punjab,Amritsar,13.9,26.6,20.2,97.4,33.7,8.1,32.4
2025-07-06,Jharkhand,Ranchi,15.1,29.2,22.2,106.0,79.4,12.7,26.1
2015-09-23,Andaman and Nicobar Islands,Port Blair,13.3,26.9,20.1,182.2,47.3,9.9,29.7
2019-04-10,Puducherry,Puducherry,23.4,32.8,28.1,65.3,43.8,15.9,27.9
2020-06-08,Punjab,Amritsar,18.5,36.1,27.3,26.0,57.8,14.5,29.4
2017-03-03,Haryana,Faridabad,27.7,39.0,33.4,7.6,54.7,11.5,21.2
2021-04-19,Gujarat,Ahmedabad,29.5,35.0,32.2,6.4,37.9,9.6,25.6
2022-11-09,Goa,North Goa,19.6,29.1,24.4,33.9,45.8,11.6,23.9
2018-08-05,Karnataka,Bangalore,21.8,29.2,25.5,74.0,51.7,18.0,20.7
2015-06-13,Nagaland,Kohima,15.7,28.1,21.9,289.7,73.8,21.7,33.2
2015-04-05,Andaman and Nicobar Islands,Port Blair,18.8,33.4,26.1,44.6,54.3,10.6,30.7
2019-12-11,Tripura,Agartala,22.1,28.2,25.2,7.7,71.6,14.7,28.2
2022-11-20,Rajasthan,Jaipur,34.4,40.8,37.6,9.8,33.6,18.2,20.1
2018-02-07,Assam,Cachar,10.2,19.5,14.8,72.0,70.6,17.4,26.9
2021-07-11,Nagaland,Kohima,22.6,30.4,26.5,186.8,60.6,15.1,22.9
2017-04-01,Telangana,Warangal,26.5,36.0,31.2,15.1,40.0,5.3,25.8
2015-08-26,Jharkhand,Ranchi,15.6,25.0,20.3,63.9,60.6,22.6,21.6
2021-08-25,Uttarakhand,Dehradun,13.8,26.3,20.0,199.4,64.0,15.8,27.4
2024-08-08,Kerala,Thrissur,24.5,35.0,29.8,332.8,89.8,19.0,26.6
2023-01-25,Gujarat,Ahmedabad,25.9,41.0,33.4,47.7,37.1,12.4,29.4
2021-12-05,Mizoram,Aizawl,15.7,24.0,19.8,12.2,63.9,15.5,22.0
2020-05-14,Andhra Pradesh,Krishna,26.7,39.2,33.0,25.8,53.7,17.5,34.2
2023-01-28,Uttar Pradesh,Varanasi,10.8,34.7,22.8,37.5,42.0,17.4,24.7
2017-11-14,Manipur,Imphal,20.5,28.4,24.4,62.1,50.6,10.5,23.9
2019-08-04,Delhi,New Delhi,13.1,32.9,23.0,51.8,62.5,20.2,25.8
2023-09-24,Dadra and Nagar Haveli and Daman and Diu,Daman,14.9,31.7,23.3,159.8,46.5,12.8,25.9
2021-12-04,Jammu and Kashmir,Srinagar,13.2,24.7,19.0,27.7,63.8,10.0,22.2
2024-06-25,Andhra Pradesh,Krishna,29.5,36.2,32.8,127.3,76.9,10.1,30.8
2023-02-12,Haryana,Faridabad,24.6,32.4,28.5,43.0,60.8,12.3,21.2
2023-04-30,Kerala,Ernakulam,24.9,33.1,29.0,89.6,86.6,11.3,30.6
2017-08-21,Odisha,Bhubaneswar,27.9,35.7,31.8,318.1,59.0,18.5,25.1
2016-06-20,Tripura,Agartala,12.5,19.9,16.2,148.2,68.4,17.0,33.5
2023-08-17,Lakshadweep,Kavaratti,15.8,32.8,24.3,30.4,54.6,9.1,29.2
2019-05-23,Kerala,Thrissur,23.4,30.5,27.0,86.6,76.0,17.7,30.4
2023-11-19,Madhya Pradesh,Bhopal,19.5,41.3,30.4,58.3,31.5,15.6,23.7
2020-06-02,West Bengal,Darjeeling,22.2,34.1,28.2,191.8,89.5,13.4,31.3
2023-06-11,Andhra Pradesh,Krishna,28.1,34.1,31.1,118.1,56.0,19.7,33.0
2025-08-07,Goa,North Goa,13.8,18.9,16.4,138.5,67.5,17.3,24.5
2015-05-08,Haryana,Gurgaon,12.5,28.2,20.4,5.7,33.0,7.4,31.3
2025-01-27,Bihar,Gaya,12.8,27.2,20.0,50.4,73.2,13.2,21.8
2015-04-02,Chhattisgarh,Raipur,24.3,29.8,27.0,30.7,76.9,14.0,31.6
2025-03-13,Tripura,Agartala,14.5,20.7,17.6,30.6,56.1,9.1,22.2
2016-06-26,Sikkim,Gangtok,15.3,29.7,22.5,285.7,68.2,19.7,28.1
2017-04-25,West Bengal,Howrah,11.9,23.1,17.5,56.3,77.6,19.1,33.1
2024-11-12,Tamil Nadu,Madurai,22.1,36.0,29.0,47.1,56.1,11.9,25.6
2019-08-09,Bihar,Gaya,24.8,33.4,29.1,78.2,43.8,9.7,29.5
2023-04-25,Bihar,Purnia,28.9,39.8,34.3,29.7,47.7,19.7,34.9
2020-01-26,Rajasthan,Udaipur,12.0,38.1,25.0,13.3,56.4,6.3,28.9
2021-10-30,Arunachal Pradesh,Itanagar,10.0,25.4,17.7,28.5,57.1,11.5,26.5
2016-01-25,Gujarat,Rajkot,15.4,35.3,25.3,6.0,37.4,14.1,20.9
2022-06-12,Meghalaya,Shillong,24.9,33.9,29.4,217.6,50.7,8.7,34.8
2020-02-28,Mizoram,Aizawl,12.2,32.0,22.1,18.8,55.0,15.4,29.5
2015-02-12,Punjab,Patiala,5.5,18.2,11.8,39.4,36.9,6.7,20.5
2015-09-11,Tamil Nadu,Chennai,24.0,35.9,30.0,386.2,59.4,9.8,24.0
2023-10-07,Puducherry,Puducherry,10.8,22.2,16.5,50.0,46.7,14.5,29.7
2017-12-19,Karnataka,Hubli,26.6,33.9,30.2,47.9,58.9,17.9,29.9
2022-06-03,Puducherry,Puducherry,22.4,31.6,27.0,47.3,78.2,20.9,33.4
2021-11-19,Delhi,New Delhi,15.9,27.2,21.6,13.4,77.5,19.1,22.5
2021-05-23,Uttar Pradesh,Varanasi,23.8,31.5,27.6,26.6,45.1,10.8,28.1
2023-05-17,Arunachal Pradesh,Itanagar,15.2,31.9,23.5,26.0,72.6,13.5,32.8
2019-03-21,Tamil Nadu,Chennai,27.4,33.2,30.3,41.0,51.9,11.1,22.4
2024-09-08,Sikkim,Gangtok,18.6,32.5,25.6,156.2,53.3,10.3,20.3
2020-05-07,Puducherry,Puducherry,20.2,25.5,22.8,69.5,63.8,10.3,25.4
2022-09-26,Manipur,Imphal,16.2,33.2,24.7,291.6,43.4,19.7,22.6
2021-07-20,Jharkhand,Ranchi,15.7,28.5,22.1,298.5,48.4,10.0,25.9
2016-10-03,Manipur,Imphal,22.8,32.5,27.6,29.3,79.1,19.9,27.7
2021-08-26,Andaman and Nicobar Islands,Port Blair,22.0,33.1,27.6,92.1,46.0,16.3,29.5
2025-07-17,Tamil Nadu,Coimbatore,27.0,32.6,29.8,60.5,80.6,17.2,23.0
2016-11-20,Mizoram,Aizawl,18.4,26.0,22.2,71.3,73.1,19.4,21.9
2018-06-30,Himachal Pradesh,Shimla,16.9,26.4,21.6,124.5,59.2,22.2,31.9
2020-05-04,Ladakh,Leh,15.4,35.0,25.2,29.2,72.5,16.8,32.2
2017-12-15,Himachal Pradesh,Kangra,13.4,19.7,16.6,74.7,46.4,13.9,22.5
2019-01-26,Meghalaya,Shillong,12.5,27.3,19.9,63.5,55.1,6.2,26.2
2016-04-01,Ladakh,Leh,21.5,29.0,25.2,53.3,43.0,10.4,29.7
2017-09-09,Delhi,New Delhi,21.7,29.5,25.6,147.0,65.1,17.4,25.2
2020-10-31,Dadra and Nagar Haveli and Daman and Diu,Daman,14.9,30.0,22.4,63.6,46.2,10.1,26.7
2018-01-27,Goa,North Goa,21.3,33.1,27.2,50.7,59.1,14.7,21.4
2015-05-29,Jharkhand,Ranchi,13.1,33.8,23.4,69.6,69.0,9.9,31.5
2018-09-14,Meghalaya,Shillong,20.3,30.3,25.3,229.6,41.2,11.8,27.9
2018-03-25,Bihar,Patna,28.7,39.2,34.0,56.6,46.6,10.5,20.5
2015-07-09,Sikkim,Gangtok,19.6,29.3,24.5,180.4,79.2,14.0,23.1
2024-10-05,Madhya Pradesh,Bhopal,13.3,21.7,17.5,33.5,60.0,13.5,28.7
2017-06-01,Meghalaya,Shillong,14.7,28.8,21.8,205.1,51.2,13.9,30.9
2021-04-29,Andaman and Nicobar Islands,Port Blair,10.3,32.8,21.5,12.8,41.9,8.2,30.0
2023-08-18,Goa,North Goa,14.9,26.5,20.7,43.6,49.3,9.5,22.3
2016-02-04,Uttar Pradesh,Lucknow,24.0,36.5,30.2,23.4,43.1,20.0,27.7
2022-09-12,Karnataka,Hubli,26.2,31.4,28.8,61.5,72.1,10.9,24.3
2016-08-31,Telangana,Hyderabad,20.2,27.8,24.0,68.4,63.8,19.1,20.6
2024-02-14,Andaman and Nicobar Islands,Port Blair,14.1,29.6,21.8,32.5,68.2,16.4,20.3
2019-12-01,Assam,Kamrup,15.7,31.1,23.4,72.3,60.2,10.0,28.7
2019-06-27,Jharkhand,Ranchi,24.3,32.5,28.4,105.8,58.6,11.5,26.7
2019-04-25,Andhra Pradesh,Krishna,24.9,37.3,31.1,24.5,77.3,7.5,30.6
2022-10-03,Uttar Pradesh,Varanasi,26.0,33.3,29.6,21.3,32.6,19.2,24.9
2020-11-18,Kerala,Kozhikode,22.2,33.7,28.0,96.2,61.7,11.8,24.3
2018-10-14,Maharashtra,Nashik,19.8,31.2,25.5,42.5,71.5,5.1,21.1
2018-11-04,Tripura,Agartala,23.8,31.5,27.6,17.3,71.7,17.8,22.1
2017-03-30,Haryana,Gurgaon,22.8,35.3,29.0,38.5,61.5,14.9,29.6
2024-01-06,Bihar,Patna,27.0,33.8,30.4,69.4,54.4,15.9,28.5
2017-03-30,West Bengal,Howrah,17.9,23.7,20.8,119.2,52.9,10.2,26.0
2016-02-24,Gujarat,Rajkot,17.0,38.8,27.9,14.2,69.4,18.7,26.0
2015-05-04,Jharkhand,Ranchi,19.9,30.3,25.1,32.4,54.1,18.4,30.8
2016-02-26,Ladakh,Leh,22.3,31.3,26.8,26.5,43.7,9.9,28.8
2024-01-16,Arunachal Pradesh,Itanagar,20.7,33.0,26.8,59.1,44.8,7.4,23.2
2025-04-19,Uttar Pradesh,Kanpur,13.1,19.7,16.4,13.4,72.8,13.8,28.4
2023-08-01,Maharashtra,Pune,24.3,32.1,28.2,308.6,43.4,21.5,22.4
2019-02-17,Meghalaya,Shillong,22.3,32.4,27.4,41.6,77.2,7.4,21.2
2025-02-16,Mizoram,Aizawl,14.8,32.4,23.6,7.5,49.6,11.4,27.1
2025-05-02,Sikkim,Gangtok,14.5,26.4,20.4,28.6,43.7,16.1,29.6
2019-05-17,Bihar,Patna,25.9,37.2,31.6,13.8,60.0,19.9,28.1
2017-02-06,Odisha,Bhubaneswar,22.4,35.6,29.0,28.2,74.6,14.9,23.7
2020-08-06,Arunachal Pradesh,Itanagar,14.3,33.7,24.0,55.6,57.3,19.5,21.5
2021-12-05,Himachal Pradesh,Kangra,18.7,27.0,22.8,42.8,57.0,18.0,29.5
2022-01-10,Odisha,Bhubaneswar,20.7,33.5,27.1,38.4,62.9,5.4,27.9
2021-01-11,Meghalaya,Shillong,24.5,33.7,29.1,41.3,73.1,17.9,25.4
2020-11-09,Tripura,Agartala,24.1,29.3,26.7,5.7,43.3,5.9,24.2
2023-04-18,Nagaland,Kohima,24.1,33.1,28.6,51.2,55.4,13.0,28.0
2019-03-30,Tamil Nadu,Madurai,24.1,35.7,29.9,60.3,64.7,17.7,22.9
2021-11-07,Rajasthan,Jodhpur,22.0,44.6,33.3,38.8,20.3,13.0,23.4
2019-10-31,Karnataka,Bangalore,20.9,33.1,27.0,50.2,73.0,5.4,29.3
2020-08-06,Bihar,Patna,20.5,35.4,28.0,197.2,79.6,22.8,26.1
2022-03-30,Tripura,Agartala,20.3,31.3,25.8,26.7,47.7,11.0,26.8
2025-03-05,Lakshadweep,Kavaratti,10.8,25.7,18.2,33.6,61.1,17.9,20.5
2016-05-24,Chandigarh,Chandigarh,21.5,32.2,26.8,19.3,69.4,12.4,29.8
2018-04-21,Uttar Pradesh,Lucknow,18.0,41.0,29.5,56.9,75.7,18.3,25.4
2016-01-21,Ladakh,Leh,16.0,33.5,24.8,57.9,58.3,16.6,22.1
2019-05-17,Puducherry,Puducherry,19.0,29.9,24.4,45.1,68.9,19.2,27.6
2025-05-30,Himachal Pradesh,Kangra,15.2,26.5,20.8,55.2,57.2,19.2,29.8
2021-09-18,Kerala,Kozhikode,22.4,32.6,27.5,164.4,69.7,11.4,25.4
2021-04-12,Arunachal Pradesh,Itanagar,15.2,22.6,18.9,60.4,58.7,11.8,33.9
2017-01-11,Chhattisgarh,Raipur,18.1,31.5,24.8,28.0,62.5,15.9,23.0
2025-01-10,Chhattisgarh,Raipur,20.3,30.8,25.6,35.4,68.5,9.8,27.1
2022-06-01,Sikkim,Gangtok,18.3,26.2,22.2,207.1,75.4,12.7,33.1
2022-05-21,Chhattisgarh,Raipur,15.0,32.3,23.6,8.6,40.3,6.7,33.7
2024-09-12,Bihar,Patna,19.7,33.8,26.8,259.0,42.0,13.8,26.4
2025-09-02,Himachal Pradesh,Mandi,8.1,13.6,10.8,209.2,55.7,8.3,21.7
2020-03-26,Andaman and Nicobar Islands,Port Blair,13.3,26.8,20.0,18.0,54.5,16.3,28.1
2018-12-17,Sikkim,Gangtok,21.9,32.5,27.2,42.9,62.0,19.3,28.8
2017-06-19,Uttarakhand,Dehradun,19.7,29.5,24.6,224.1,42.5,22.2,30.5
2020-10-13,Jharkhand,Ranchi,17.5,26.1,21.8,5.2,42.4,8.9,25.4
2023-06-12,Meghalaya,Shillong,11.3,34.5,22.9,135.1,52.7,15.9,25.6
2021-03-10,Jharkhand,Ranchi,22.8,31.1,27.0,17.5,46.5,10.4,25.7
2020-07-02,Goa,North Goa,16.3,29.5,22.9,217.5,69.9,14.0,27.2
2015-08-30,Chhattisgarh,Raipur,12.1,26.3,19.2,40.3,49.8,16.7,27.4
2021-12-15,Goa,North Goa,11.4,20.3,15.8,74.4,53.5,9.3,20.9
2023-12-29,Tripura,Agartala,20.4,30.3,25.4,16.0,65.3,12.9,25.6
2025-04-22,Bihar,Patna,29.9,35.0,32.4,69.5,73.7,11.2,33.8
2021-07-13,Lakshadweep,Kavaratti,19.7,33.9,26.8,186.5,48.6,16.6,21.8
2020-07-13,Jammu and Kashmir,Srinagar,2.8,22.3,12.6,286.3,63.5,19.9,21.7
2015-06-22,Jharkhand,Ranchi,19.8,32.3,26.0,31.7,43.9,19.7,29.4
2016-11-02,Puducherry,Puducherry,16.1,33.9,25.0,74.4,70.6,16.9,22.1
2015-06-13,Ladakh,Leh,12.9,34.7,23.8,214.6,67.5,12.3,33.9
2016-04-09,Goa,North Goa,10.7,21.0,15.8,17.6,68.4,15.7,30.3
2023-05-01,Meghalaya,Shillong,10.1,32.5,21.3,71.9,48.1,17.6,34.7
2016-05-11,Odisha,Bhubaneswar,19.9,27.7,23.8,98.0,52.1,9.1,32.4
2016-11-30,Puducherry,Puducherry,19.3,31.6,25.5,54.6,67.4,10.1,23.1
2021-09-08,Tripura,Agartala,16.4,32.4,24.4,282.7,58.2,9.3,29.4
2016-12-03,Dadra and Nagar Haveli and Daman and Diu,Daman,11.2,19.2,15.2,65.7,62.1,10.3,29.3
2020-04-24,Mizoram,Aizawl,24.4,31.3,27.8,65.8,67.1,9.1,34.4
2021-06-13,Chandigarh,Chandigarh,10.9,22.0,16.4,131.0,67.6,8.6,33.9
2019-11-27,Dadra and Nagar Haveli and Daman and Diu,Daman,19.9,27.7,23.8,51.1,61.5,10.0,20.3
2015-07-02,Odisha,Bhubaneswar,23.3,29.3,26.3,331.7,53.1,14.4,24.3
2016-09-20,Jammu and Kashmir,Srinagar,11.1,16.6,13.8,93.0,48.0,17.0,22.6
2025-08-01,Andaman and Nicobar Islands,Port Blair,12.2,17.5,14.8,255.4,78.9,18.5,24.1
2022-01-01,Andhra Pradesh,Krishna,21.2,32.8,27.0,39.7,62.6,10.7,25.0
2019-09-28,Bihar,Purnia,9.6,15.6,12.6,56.6,48.0,12.2,21.7
2016-06-29,West Bengal,Darjeeling,14.5,22.9,18.7,109.3,61.7,14.0,32.4
2019-05-07,Nagaland,Kohima,24.3,34.5,29.4,38.3,58.5,6.9,34.7
2016-09-15,Uttar Pradesh,Lucknow,25.5,40.2,32.8,71.5,50.1,9.5,29.4
2025-07-02,Odisha,Bhubaneswar,19.3,33.7,26.5,94.8,78.1,10.8,28.1
2016-08-16,Goa,North Goa,16.0,29.1,22.6,95.5,75.3,19.4,23.5
2017-01-13,Andhra Pradesh,Visakhapatnam,25.9,32.1,29.0,20.4,66.0,14.6,25.6
2024-01-12,Haryana,Karnal,19.0,35.9,27.4,45.6,45.5,13.1,28.9
2019-11-04,Delhi,New Delhi,17.0,27.8,22.4,58.7,75.1,16.1,21.0
2025-06-01,Rajasthan,Jaipur,21.6,30.5,26.0,57.6,38.8,11.3,30.2
2018-12-30,Telangana,Warangal,25.7,38.8,32.2,23.7,52.4,11.1,22.2
2020-05-02,Tripura,Agartala,15.0,33.3,24.2,14.7,57.7,9.7,25.8
2024-07-25,Odisha,Bhubaneswar,16.4,36.0,26.2,346.8,75.9,16.1,27.7
2022-02-14,Andaman and Nicobar Islands,Port Blair,12.3,31.1,21.7,34.6,70.0,8.4,28.3
2020-08-30,Jharkhand,Ranchi,18.5,23.6,21.0,165.4,52.4,8.9,24.5
2022-02-14,Kerala,Thrissur,22.9,29.4,26.2,68.6,65.4,9.5,21.2
2021-09-10,Delhi,New Delhi,11.3,33.3,22.3,272.8,73.1,11.5,27.3
2022-04-26,Gujarat,Vadodara,25.0,30.6,27.8,45.5,69.9,15.6,27.3
2015-04-15,Mizoram,Aizawl,18.3,24.6,21.5,25.9,68.7,9.5,26.5
2021-02-17,Jharkhand,Ranchi,10.1,26.5,18.3,72.8,59.4,8.2,24.6
2015-01-17,Dadra and Nagar Haveli and Daman and Diu,Daman,19.0,32.8,25.9,36.7,46.9,7.8,29.0
2023-09-27,Goa,North Goa,13.5,30.5,22.0,95.3,68.8,9.2,22.1
2016-01-28,Mizoram,Aizawl,16.1,28.3,22.2,29.7,62.9,9.9,26.8
2016-02-29,Nagaland,Kohima,17.7,31.4,24.5,35.2,75.1,10.7,23.1
2020-12-16,Uttar Pradesh,Kanpur,20.0,33.7,26.8,33.5,69.8,13.8,28.9
2023-10-07,Meghalaya,Shillong,19.3,24.5,21.9,65.9,73.6,5.7,21.3
2016-07-25,Haryana,Karnal,18.9,24.6,21.8,94.0,69.0,10.6,22.1
2024-12-10,Telangana,Nizamabad,26.1,31.5,28.8,63.3,48.0,13.0,22.5
2020-09-07,Madhya Pradesh,Bhopal,24.5,36.8,30.6,228.2,47.8,21.1,25.8
2018-01-25,Andaman and Nicobar Islands,Port Blair,23.7,30.5,27.1,43.5,55.6,6.0,25.7
2023-06-09,Lakshadweep,Kavaratti,21.9,31.4,26.6,98.2,50.6,11.6,34.8
2015-08-30,Telangana,Warangal,22.8,31.7,27.2,148.8,44.6,10.9,25.1
2025-09-02,Meghalaya,Shillong,22.0,34.0,28.0,262.5,77.8,9.9,20.4
2021-03-29,Karnataka,Belgaum,19.1,32.5,25.8,60.1,70.2,10.6,23.9
2017-02-27,Lakshadweep,Kavaratti,18.2,24.1,21.2,61.0,76.9,10.8,27.4
2024-03-09,Goa,North Goa,18.2,26.0,22.1,9.7,49.8,14.1,20.4
2016-12-15,Jammu and Kashmir,Srinagar,16.7,29.8,23.2,15.4,49.9,15.1,28.1
2017-01-28,Delhi,New Delhi,15.2,27.8,21.5,67.4,55.4,6.2,29.9
2022-10-20,Nagaland,Kohima,12.7,18.5,15.6,33.7,44.9,19.7,23.8
2017-02-14,Madhya Pradesh,Bhopal,28.2,34.8,31.5,12.6,56.0,18.6,21.1
2022-08-05,Jharkhand,Ranchi,18.8,24.8,21.8,247.4,76.4,17.4,26.9
2021-02-25,Uttar Pradesh,Varanasi,6.5,13.7,10.1,14.9,43.7,16.4,24.4
2023-03-12,Mizoram,Aizawl,11.2,32.2,21.7,74.6,58.2,12.7,20.8
2015-03-20,Andhra Pradesh,Visakhapatnam,23.8,33.0,28.4,72.8,69.8,16.7,21.3
2023-03-23,Tripura,Agartala,16.3,23.9,20.1,65.2,46.1,11.6,20.5
2017-05-05,Puducherry,Puducherry,19.5,29.6,24.6,39.9,44.1,12.7,30.6
2023-11-19,Jharkhand,Ranchi,24.4,29.6,27.0,69.6,59.2,8.2,26.7
2021-11-19,Punjab,Patiala,17.9,26.8,22.4,33.2,48.9,15.3,26.9
2022-03-13,Gujarat,Rajkot,23.0,33.5,28.2,7.8,49.8,8.6,20.5
2018-12-10,Meghalaya,Shillong,15.0,21.3,18.2,45.6,60.1,16.9,22.7
2023-03-07,Andaman and Nicobar Islands,Port Blair,15.6,30.5,23.0,74.5,76.2,12.8,26.8
2021-11-01,Kerala,Ernakulam,23.6,31.4,27.5,100.3,71.6,9.2,27.1
2020-11-04,Mizoram,Aizawl,23.1,30.1,26.6,54.5,57.4,9.5,26.2
2020-11-18,Punjab,Ludhiana,28.5,35.8,32.2,39.2,42.6,17.1,27.6
2017-10-28,Uttar Pradesh,Kanpur,25.7,42.0,33.8,12.7,49.4,14.5,25.9
2017-04-24,Odisha,Bhubaneswar,26.7,32.1,29.4,73.5,75.8,5.9,30.4
2023-12-16,Kerala,Ernakulam,22.7,33.6,28.2,31.2,64.4,6.6,20.7
2024-10-16,Rajasthan,Udaipur,25.0,43.0,34.0,21.7,28.4,10.2,23.6
2015-03-28,Puducherry,Puducherry,16.8,27.4,22.1,52.0,53.6,14.9,25.5
2020-09-21,Gujarat,Vadodara,15.8,40.3,28.0,52.0,48.1,22.2,22.5
2024-06-18,Jammu and Kashmir,Srinagar,0.4,17.5,9.0,98.2,63.3,20.3,30.1
2025-02-09,Manipur,Imphal,19.7,31.6,25.6,62.4,67.5,19.6,24.6
2024-08-07,Andhra Pradesh,Chittoor,20.5,31.2,25.8,258.4,54.0,19.0,25.4
2016-02-12,Uttar Pradesh,Varanasi,29.3,39.9,34.6,41.3,74.3,18.6,23.8
2024-09-24,Jammu and Kashmir,Srinagar,18.6,24.0,21.3,238.3,53.5,15.3,28.4
2022-06-04,Tripura,Agartala,19.6,29.4,24.5,65.9,77.6,13.0,26.0
2023-06-16,Manipur,Imphal,18.5,28.2,23.4,185.3,49.3,13.7,34.7
2019-07-27,Sikkim,Gangtok,24.0,34.2,29.1,238.2,46.3,15.0,27.3
2015-05-28,Goa,North Goa,13.9,19.4,16.6,34.3,57.0,6.0,28.2
2021-05-13,Manipur,Imphal,23.8,30.4,27.1,44.8,59.5,17.9,31.5
2015-08-20,Telangana,Hyderabad,19.9,27.1,23.5,184.9,41.9,13.9,24.0
2025-09-02,Rajasthan,Udaipur,14.9,27.5,21.2,59.5,20.5,20.1,29.6
2020-05-04,Gujarat,Surat,19.9,26.8,23.4,47.9,59.6,18.4,28.6
2016-01-01,Andaman and Nicobar Islands,Port Blair,17.3,34.1,25.7,37.2,66.9,15.6,28.4
2024-01-13,Lakshadweep,Kavaratti,24.6,31.4,28.0,22.3,43.1,17.8,22.9
2019-08-02,Lakshadweep,Kavaratti,10.7,32.4,21.5,162.8,73.5,16.3,23.1
2016-03-11,Chhattisgarh,Raipur,11.9,24.8,18.4,6.9,64.1,11.4,21.4
2016-02-03,Bihar,Gaya,19.7,37.0,28.4,73.4,61.1,6.9,28.1
2018-05-19,Sikkim,Gangtok,20.4,34.6,27.5,42.5,54.3,19.4,30.4
2018-11-15,Nagaland,Kohima,10.2,24.6,17.4,5.2,69.5,13.5,21.1
2021-12-21,Jammu and Kashmir,Srinagar,16.3,26.0,21.2,17.4,46.4,17.3,23.6
2022-01-31,Mizoram,Aizawl,22.3,27.8,25.0,22.1,70.6,14.6,23.1
2016-07-16,Telangana,Hyderabad,29.2,35.4,32.3,260.9,67.8,9.8,25.6
2024-10-02,Arunachal Pradesh,Itanagar,23.9,32.7,28.3,42.0,54.7,16.8,29.1
2021-10-25,Madhya Pradesh,Bhopal,26.6,39.1,32.8,15.6,63.4,5.6,27.6
2018-07-08,Manipur,Imphal,13.2,26.4,19.8,214.7,70.4,21.3,22.8
2017-02-11,Chhattisgarh,Raipur,13.4,34.9,24.2,19.5,66.6,19.3,29.0
2021-07-25,Assam,Tinsukia,16.6,30.1,23.4,364.5,72.1,10.2,28.0
2020-07-30,Assam,Cachar,11.4,27.7,19.6,397.2,71.7,10.0,28.0
2024-05-16,Jammu and Kashmir,Srinagar,9.2,25.7,17.4,11.1,43.0,7.6,26.1
2022-01-11,Tamil Nadu,Chennai,21.5,34.4,28.0,14.2,51.3,5.5,27.0
2018-09-05,West Bengal,Kolkata,19.7,29.6,24.6,350.8,72.1,8.1,28.4
2020-12-25,Chandigarh,Chandigarh,15.3,26.2,20.8,59.8,47.5,5.2,29.1
2019-04-23,Nagaland,Kohima,17.6,26.9,22.2,62.3,41.1,8.0,26.6
2025-02-11,Ladakh,Leh,21.1,28.9,25.0,59.1,41.7,14.1,23.2
2017-09-18,Delhi,New Delhi,12.8,31.8,22.3,135.4,62.9,8.5,27.9
2021-08-12,Uttar Pradesh,Lucknow,12.7,34.5,23.6,187.3,35.9,12.4,27.2
2024-01-05,Mizoram,Aizawl,13.5,32.5,23.0,26.8,56.1,6.5,21.5
2024-05-01,Gujarat,Vadodara,19.7,25.5,22.6,13.7,46.4,10.7,27.0
2018-05-31,Haryana,Faridabad,7.0,20.9,14.0,38.5,50.4,19.2,26.4
2025-03-08,Dadra and Nagar Haveli and Daman and Diu,Daman,13.1,22.8,18.0,5.9,77.7,11.7,24.8
2025-07-06,Kerala,Thrissur,22.5,34.0,28.2,446.3,72.9,21.2,29.1
2015-12-26,Dadra and Nagar Haveli and Daman and Diu,Daman,10.7,18.0,14.4,6.9,63.3,8.3,28.4
2017-07-09,Odisha,Bhubaneswar,22.0,37.9,30.0,240.0,77.9,13.6,29.5
2021-07-04,Jharkhand,Ranchi,20.0,31.0,25.5,118.7,77.5,13.1,28.4
2023-03-29,Kerala,Kozhikode,23.2,33.4,28.3,139.0,74.0,12.9,23.3
2021-11-15,Punjab,Amritsar,6.4,30.1,18.2,10.4,44.2,10.2,21.5
2023-03-13,Gujarat,Rajkot,26.3,33.2,29.8,40.0,40.0,9.3,23.4
2017-08-20,Maharashtra,Nagpur,19.8,31.4,25.6,76.9,59.2,13.1,23.4
2024-12-11,Karnataka,Hubli,24.6,36.1,30.4,42.0,51.8,12.4,27.9
2020-01-02,Gujarat,Rajkot,26.0,31.4,28.7,26.6,69.6,10.3,24.4
2024-06-15,Andaman and Nicobar Islands,Port Blair,14.3,27.1,20.7,65.1,49.9,18.7,26.4
2022-11-23,Jharkhand,Ranchi,23.9,30.8,27.4,45.3,52.9,12.2,29.0
2019-06-02,Andaman and Nicobar Islands,Port Blair,11.0,32.3,21.6,176.1,66.6,8.8,32.6
2019-06-29,Himachal Pradesh,Mandi,2.6,29.2,15.9,247.8,59.7,21.9,26.7
2021-01-25,Ladakh,Leh,24.9,33.6,29.2,11.9,61.5,15.7,26.1
2015-08-05,Jharkhand,Ranchi,16.4,24.8,20.6,86.7,77.1,11.5,29.6
2016-01-13,Odisha,Bhubaneswar,18.2,29.7,24.0,11.1,81.6,6.6,23.6
2015-04-29,Dadra and Nagar Haveli and Daman and Diu,Daman,22.6,33.5,28.0,63.9,76.6,18.7,32.7
2015-07-09,Mizoram,Aizawl,18.7,30.0,24.4,23.6,68.9,11.4,28.3
2022-09-15,Himachal Pradesh,Mandi,11.1,29.8,20.4,94.7,68.9,16.2,29.3
2016-01-05,Delhi,New Delhi,14.0,20.0,17.0,43.1,60.9,9.7,29.9
2019-12-07,Puducherry,Puducherry,11.0,26.8,18.9,23.2,40.1,19.8,24.8
2021-01-05,Telangana,Hyderabad,28.3,38.9,33.6,62.8,58.4,18.4,23.7
2025-04-05,Himachal Pradesh,Kangra,8.2,17.5,12.8,39.1,79.5,13.6,33.3
2016-10-13,Gujarat,Ahmedabad,19.5,41.2,30.4,5.6,67.2,18.5,20.7
2020-02-26,Meghalaya,Shillong,19.1,32.7,25.9,33.3,43.7,17.4,24.7
2019-02-20,Odisha,Bhubaneswar,18.9,25.0,22.0,67.6,51.5,16.9,27.7
2017-02-08,Goa,North Goa,14.8,27.0,20.9,51.8,78.4,12.8,30.0
2021-08-18,Karnataka,Hubli,21.3,32.5,26.9,81.6,65.0,16.0,28.5
2017-02-19,Kerala,Ernakulam,25.0,34.9,30.0,54.5,70.2,9.1,22.0
2019-09-13,Madhya Pradesh,Bhopal,13.3,30.4,21.8,211.9,53.6,21.1,29.6
2021-01-16,Kerala,Kozhikode,23.1,33.9,28.5,31.5,74.4,10.5,22.0
2021-07-26,Rajasthan,Jodhpur,21.0,34.4,27.7,131.3,54.8,17.9,26.3
2018-08-04,Jharkhand,Ranchi,11.7,27.2,19.4,96.8,51.8,9.4,26.4
2024-03-13,Punjab,Amritsar,19.6,28.0,23.8,16.8,60.9,16.9,24.9
2023-01-18,Ladakh,Leh,12.2,18.2,15.2,24.0,69.2,14.0,27.2
2018-06-03,West Bengal,Darjeeling,18.5,34.4,26.4,261.2,53.4,9.2,33.3
2016-06-06,Telangana,Warangal,25.6,33.2,29.4,236.9,45.4,17.7,34.9
2016-06-05,Chhattisgarh,Raipur,12.3,19.8,16.0,151.0,65.7,8.4,30.0
2017-02-21,Kerala,Ernakulam,22.2,29.1,25.6,114.0,82.2,15.9,20.7
2021-05-09,Jammu and Kashmir,Srinagar,15.7,24.7,20.2,40.9,56.8,17.9,31.8
2017-07-24,Arunachal Pradesh,Itanagar,17.5,32.9,25.2,245.5,40.2,15.2,20.4
2024-07-05,Himachal Pradesh,Shimla,6.1,26.3,16.2,285.5,49.7,8.3,24.0
2021-02-08,Sikkim,Gangtok,15.0,30.2,22.6,39.7,56.0,8.4,28.3
2019-08-16,Chhattisgarh,Raipur,13.7,19.6,16.6,178.1,52.7,18.7,20.8
2016-05-02,Kerala,Thrissur,24.9,30.9,27.9,69.6,74.4,18.4,32.2
2020-01-25,Andhra Pradesh,Visakhapatnam,21.4,32.4,26.9,45.3,71.1,13.6,24.6
2017-04-25,Sikkim,Gangtok,21.5,29.7,25.6,74.1,77.9,15.6,33.8
2020-12-11,Odisha,Bhubaneswar,20.9,34.1,27.5,34.5,81.0,12.1,25.4
2023-04-21,Meghalaya,Shillong,23.0,33.6,28.3,27.5,43.5,7.4,28.4
2025-02-14,Dadra and Nagar Haveli and Daman and Diu,Daman,14.6,20.2,17.4,35.2,44.2,8.3,27.9
2022-10-08,Assam,Tinsukia,17.4,27.1,22.2,48.2,90.3,18.6,25.2
2021-09-27,Tamil Nadu,Chennai,27.4,35.0,31.2,78.6,50.6,9.9,26.2
2020-06-26,Nagaland,Kohima,14.8,29.7,22.2,162.2,53.3,11.3,25.8
2019-10-15,Uttar Pradesh,Kanpur,26.1,40.0,33.0,34.8,37.9,9.0,29.6
2023-11-18,Madhya Pradesh,Bhopal,15.0,21.2,18.1,35.3,40.5,19.4,25.7
2024-03-13,Nagaland,Kohima,24.5,33.8,29.2,55.6,73.2,14.1,20.1
2024-08-07,Assam,Tinsukia,15.9,24.0,20.0,317.2,76.5,9.9,20.2
2016-11-16,Tamil Nadu,Chennai,21.1,36.3,28.7,78.0,78.0,9.1,22.4
2020-11-30,Assam,Kamrup,10.6,24.8,17.7,72.8,89.3,15.2,21.4
2023-01-14,Tripura,Agartala,24.8,33.8,29.3,55.4,48.7,18.6,24.7
2020-12-09,Uttarakhand,Dehradun,14.5,29.6,22.0,19.8,76.3,17.8,24.6
2019-04-17,Uttarakhand,Dehradun,12.9,26.4,19.6,15.4,50.8,12.2,25.2
2018-05-30,Tripura,Agartala,21.5,28.2,24.8,65.7,40.9,13.0,32.8
2025-02-19,Telangana,Nizamabad,20.9,35.9,28.4,56.9,65.5,10.5,27.9
2015-02-08,Haryana,Faridabad,20.7,34.1,27.4,41.9,39.8,8.5,23.9
2021-12-19,Himachal Pradesh,Kangra,1.5,14.4,8.0,36.4,59.8,8.8,29.1
2017-02-18,Chandigarh,Chandigarh,14.3,32.7,23.5,36.1,68.7,6.7,25.4
2018-06-10,Odisha,Bhubaneswar,29.4,38.1,33.8,335.3,59.1,20.0,28.5
2023-03-10,Meghalaya,Shillong,17.3,24.7,21.0,39.0,60.6,14.3,28.7
2024-11-10,Telangana,Warangal,21.7,39.8,30.8,65.1,56.1,8.4,20.7
2021-01-05,Rajasthan,Jaipur,15.9,42.2,29.0,13.5,25.5,5.3,23.0
2024-06-30,Ladakh,Leh,13.2,19.9,16.5,286.3,50.7,8.1,34.4
2023-05-28,Goa,North Goa,18.7,24.6,21.6,7.2,44.3,13.9,25.6
2022-06-01,Chhattisgarh,Raipur,18.5,31.0,24.8,61.3,59.5,22.5,33.4
2025-02-26,Maharashtra,Nashik,26.7,36.0,31.4,55.3,60.3,16.5,25.5
2020-04-11,Bihar,Gaya,24.8,39.7,32.2,51.6,64.1,11.1,27.0
2015-10-29,Haryana,Hisar,14.4,30.1,22.2,6.6,49.0,17.9,29.8
2024-05-24,Telangana,Hyderabad,28.3,34.5,31.4,20.1,55.7,8.4,31.8
2021-04-04,Karnataka,Hubli,18.8,30.1,24.5,35.2,66.8,17.0,34.2
2016-10-08,Mizoram,Aizawl,24.5,31.4,28.0,64.9,63.7,15.4,28.5
2016-10-24,Rajasthan,Jodhpur,13.3,43.6,28.4,23.0,33.4,10.1,27.5
2021-04-02,Uttar Pradesh,Kanpur,23.3,38.3,30.8,18.9,38.5,15.8,28.0
2019-10-26,Uttarakhand,Dehradun,13.3,21.9,17.6,15.4,57.1,8.9,28.9
2021-02-28,Meghalaya,Shillong,20.3,32.5,26.4,33.3,64.0,12.5,21.7
2015-09-13,Uttar Pradesh,Varanasi,6.3,32.3,19.3,46.7,32.9,14.6,27.4
2016-08-20,Delhi,New Delhi,21.5,33.9,27.7,75.8,79.4,19.4,21.6
2016-10-23,Dadra and Nagar Haveli and Daman and Diu,Daman,22.6,31.3,27.0,9.7,45.3,11.5,25.3
2015-08-23,Goa,North Goa,24.2,30.5,27.4,152.7,49.0,16.4,29.1
2018-09-30,Haryana,Gurgaon,19.2,32.3,25.8,155.0,35.9,21.6,25.8
2022-01-25,Gujarat,Vadodara,26.7,40.1,33.4,33.6,55.6,15.9,20.5
2022-12-17,Puducherry,Puducherry,15.7,34.5,25.1,23.1,61.7,7.6,23.2
2025-08-04,Maharashtra,Mumbai,26.6,37.0,31.8,230.6,82.2,19.6,22.7
2025-07-19,Meghalaya,Shillong,17.0,33.4,25.2,26.3,63.3,11.5,20.6
2024-09-07,Himachal Pradesh,Shimla,18.3,28.8,23.6,88.2,73.5,10.2,24.8
2017-02-08,Jharkhand,Ranchi,20.9,30.8,25.8,64.6,64.7,11.5,29.3
2022-02-01,Mizoram,Aizawl,10.5,25.0,17.8,51.3,73.4,13.1,28.9
2015-08-01,Kerala,Kozhikode,23.3,30.4,26.8,586.9,80.0,14.4,28.8
2016-04-07,Goa,North Goa,20.2,31.5,25.8,56.0,69.5,12.4,29.2
2021-10-19,Odisha,Bhubaneswar,28.6,36.8,32.7,29.4,68.3,5.5,27.2
2015-10-10,Andaman and Nicobar Islands,Port Blair,11.9,18.9,15.4,71.2,70.9,11.2,22.4
2024-12-12,Goa,North Goa,22.7,34.8,28.8,40.6,63.2,8.6,25.9
2025-01-26,Tripura,Agartala,16.0,32.8,24.4,31.4,66.0,8.1,20.9
2019-01-26,Telangana,Warangal,18.5,30.4,24.4,20.6,79.7,17.0,26.9
2018-12-01,Tripura,Agartala,22.0,29.1,25.6,66.5,79.8,9.3,29.8
2015-03-29,Meghalaya,Shillong,14.8,20.0,17.4,30.7,79.9,14.5,27.0
2017-12-03,Meghalaya,Shillong,13.6,21.0,17.3,67.0,56.5,5.1,22.9
2016-04-05,Goa,North Goa,12.9,28.2,20.6,57.9,59.9,7.8,25.6
2021-05-14,Rajasthan,Udaipur,17.8,40.7,29.2,18.2,30.1,5.3,30.0
2025-04-12,Bihar,Patna,23.1,30.4,26.8,44.9,56.8,15.6,33.6
2021-10-04,Puducherry,Puducherry,14.6,33.5,24.0,54.5,41.5,16.9,24.9
2019-09-21,West Bengal,Kolkata,27.0,33.9,30.4,312.0,88.2,12.1,24.7
2018-10-08,West Bengal,Kolkata,23.5,35.1,29.3,106.5,70.8,9.8,25.4
2022-07-06,Mizoram,Aizawl,15.2,22.8,19.0,175.4,41.9,8.5,20.6
2016-05-29,Maharashtra,Nashik,26.1,34.7,30.4,66.8,55.5,8.8,28.6
2016-12-03,Gujarat,Rajkot,18.3,36.0,27.2,9.6,50.7,12.2,23.0
2019-07-12,Sikkim,Gangtok,11.5,29.5,20.5,179.5,72.4,11.5,27.9
2020-08-28,Andhra Pradesh,Chittoor,22.9,29.3,26.1,75.1,56.6,18.2,22.4
2015-01-23,Andaman and Nicobar Islands,Port Blair,19.1,26.9,23.0,30.6,75.6,12.5,26.0
2021-09-26,Dadra and Nagar Haveli and Daman and Diu,Daman,12.8,20.1,16.5,135.7,74.2,11.6,26.2
2017-11-19,Chandigarh,Chandigarh,23.1,34.5,28.8,74.6,70.5,6.1,28.7
2020-01-05,Manipur,Imphal,23.3,32.0,27.6,9.7,59.1,8.2,24.4
2020-11-25,Nagaland,Kohima,20.9,32.0,26.4,59.6,59.1,12.7,29.4
2024-05-31,Jammu and Kashmir,Srinagar,12.6,26.9,19.8,53.2,65.6,18.7,28.6
2018-07-28,Chandigarh,Chandigarh,16.4,26.6,21.5,234.3,74.7,13.4,21.4
2023-10-05,Puducherry,Puducherry,17.4,34.8,26.1,19.3,58.1,9.1,29.2
2024-01-14,Karnataka,Bangalore,23.5,34.0,28.8,10.7,69.4,9.6,25.1
2018-02-08,Uttarakhand,Dehradun,18.0,30.1,24.0,62.6,52.0,8.8,28.0
2020-12-23,Telangana,Hyderabad,26.6,33.5,30.0,10.1,66.6,7.4,29.6
2015-12-28,Jammu and Kashmir,Srinagar,12.1,28.1,20.1,62.4,62.3,11.6,25.0
2023-12-02,Haryana,Faridabad,25.1,36.4,30.8,14.3,54.4,11.1,20.6
2025-03-16,Nagaland,Kohima,15.7,24.0,19.8,63.7,44.2,10.4,27.0
2025-01-03,Madhya Pradesh,Bhopal,29.7,37.1,33.4,38.4,44.9,8.0,23.3
2020-12-16,Telangana,Warangal,25.6,37.3,31.4,34.1,46.1,7.1,28.1
2020-03-14,Tamil Nadu,Madurai,25.2,35.9,30.6,53.9,66.0,8.2,21.7
2018-07-08,Kerala,Ernakulam,22.5,34.9,28.7,510.4,78.8,11.2,23.4
2016-05-29,Chandigarh,Chandigarh,15.3,27.3,21.3,34.5,77.4,15.8,25.8
2016-03-24,Dadra and Nagar Haveli and Daman and Diu,Daman,15.4,22.3,18.8,24.6,78.4,15.6,20.1
2020-04-07,West Bengal,Howrah,15.9,28.4,22.2,79.3,70.0,6.0,30.2
2023-09-11,Sikkim,Gangtok,12.0,26.3,19.2,88.9,45.8,12.3,21.0
2019-02-15,West Bengal,Howrah,15.1,35.6,25.4,45.3,68.8,12.8,21.8
2018-06-01,Madhya Pradesh,Bhopal,19.7,39.5,29.6,37.7,66.9,21.1,33.6
2020-01-30,Tripura,Agartala,13.0,26.2,19.6,48.1,44.0,13.4,28.4
2017-05-23,Gujarat,Surat,30.9,37.6,34.2,18.0,40.8,7.3,29.3
2024-10-02,Goa,North Goa,21.8,32.6,27.2,68.0,54.2,13.6,27.7
2021-11-25,Telangana,Hyderabad,28.8,39.2,34.0,40.3,76.3,11.7,29.0
2023-06-09,Odisha,Bhubaneswar,26.7,33.5,30.1,374.7,58.5,21.6,31.2
2018-11-29,Odisha,Bhubaneswar,25.0,31.1,28.0,15.9,83.9,10.1,28.4
2021-06-07,Ladakh,Leh,20.6,31.3,26.0,211.9,43.6,14.2,31.1
2021-03-28,Himachal Pradesh,Shimla,17.4,27.8,22.6,26.4,79.4,14.6,25.0
2019-10-21,Ladakh,Leh,21.7,31.7,26.7,54.7,64.7,7.7,25.4
2017-07-11,Andaman and Nicobar Islands,Port Blair,14.2,28.2,21.2,55.1,49.3,20.1,24.1
2023-08-04,Telangana,Warangal,26.1,35.5,30.8,128.6,59.8,20.2,22.8
2023-03-04,Chhattisgarh,Raipur,16.3,24.1,20.2,29.6,75.4,16.8,23.7
2020-11-29,Uttar Pradesh,Kanpur,8.6,25.5,17.0,47.4,32.2,16.2,26.8
2017-11-02,Maharashtra,Mumbai,18.8,34.1,26.4,44.3,48.0,10.8,22.1
2018-11-17,Andaman and Nicobar Islands,Port Blair,22.4,33.0,27.7,73.7,61.4,6.3,23.7
2021-12-22,Goa,North Goa,22.6,30.5,26.6,36.9,56.5,8.5,20.7
2023-02-27,Gujarat,Surat,18.1,30.0,24.0,16.0,52.9,14.2,25.7
2022-03-30,Nagaland,Kohima,11.3,28.8,20.0,31.9,75.1,12.9,20.8
2021-03-31,Tamil Nadu,Coimbatore,20.1,34.2,27.2,46.0,60.1,11.7,20.7
2022-04-03,Andhra Pradesh,Visakhapatnam,23.9,32.4,28.2,62.0,55.2,16.3,30.0
2015-11-10,Bihar,Purnia,9.8,39.2,24.5,57.7,50.4,13.7,29.0
2022-02-26,Jammu and Kashmir,Srinagar,18.6,28.3,23.5,57.3,51.1,19.8,22.4
2023-06-11,Tamil Nadu,Madurai,20.7,37.7,29.2,95.0,68.3,15.0,33.5
2021-03-06,Uttarakhand,Dehradun,15.9,28.0,22.0,8.1,48.3,17.5,24.8
2020-06-20,Uttar Pradesh,Kanpur,11.2,25.7,18.4,82.7,57.8,8.8,27.2
2017-11-03,Haryana,Karnal,13.9,38.5,26.2,33.0,50.2,7.9,25.6
2019-07-15,Meghalaya,Shillong,23.9,32.4,28.2,66.1,79.9,15.5,23.2
2024-07-21,Assam,Cachar,17.6,25.9,21.8,115.2,91.1,14.4,27.5
2024-08-09,Lakshadweep,Kavaratti,24.6,33.0,28.8,213.7,77.7,15.7,23.2
2024-06-10,Chhattisgarh,Raipur,23.8,29.2,26.5,80.1,53.7,19.7,34.0
2023-06-19,Punjab,Amritsar,16.3,26.7,21.5,83.6,56.3,10.4,30.5
2022-03-19,Maharashtra,Mumbai,25.1,37.1,31.1,79.4,44.4,15.3,20.2
2019-11-14,Lakshadweep,Kavaratti,15.9,26.8,21.4,13.2,40.4,6.1,24.5
2025-06-03,Uttar Pradesh,Kanpur,11.5,18.3,14.9,76.4,56.4,19.1,29.1
2017-10-11,Goa,North Goa,19.2,30.6,24.9,67.7,47.2,12.1,26.3
2017-12-29,Ladakh,Leh,17.8,28.3,23.0,73.1,77.7,14.2,24.4
2025-08-31,Chhattisgarh,Raipur,21.3,30.8,26.0,298.8,67.4,9.0,24.0
2023-12-27,Madhya Pradesh,Bhopal,26.1,40.3,33.2,49.7,69.1,12.3,21.4
2018-01-29,Lakshadweep,Kavaratti,19.8,25.5,22.6,73.1,70.3,19.7,23.8
2016-11-28,Meghalaya,Shillong,10.2,25.5,17.8,13.5,67.2,12.5,27.5
2020-12-19,Andhra Pradesh,Guntur,22.9,37.9,30.4,52.3,79.6,7.7,20.5
2025-02-11,Madhya Pradesh,Bhopal,28.7,36.5,32.6,28.7,67.0,11.6,23.0
2018-11-05,Karnataka,Mysore,18.6,30.0,24.3,68.9,52.1,15.8,24.8
2018-03-01,Haryana,Karnal,26.5,32.9,29.7,39.1,67.3,16.1,24.1
2017-11-09,Tripura,Agartala,13.5,20.1,16.8,50.0,45.7,17.6,29.6
2020-04-13,Lakshadweep,Kavaratti,12.0,23.8,17.9,70.6,58.8,13.0,32.5
2022-01-27,Telangana,Nizamabad,20.5,39.7,30.1,60.8,46.5,6.7,29.3
2017-10-10,West Bengal,Darjeeling,22.3,27.7,25.0,26.3,51.9,19.6,25.0
2015-08-15,Maharashtra,Mumbai,23.5,39.5,31.5,272.1,63.3,22.8,21.1
2023-10-31,Assam,Dibrugarh,24.8,30.7,27.8,84.1,71.8,19.3,24.9
2020-01-03,Ladakh,Leh,10.3,19.7,15.0,35.2,67.1,13.4,28.5
2025-06-10,Uttarakhand,Dehradun,22.4,31.9,27.2,180.0,51.1,22.4,25.8
2019-02-01,Punjab,Ludhiana,14.9,33.2,24.0,47.6,50.1,18.4,21.0
2017-04-01,Manipur,Imphal,18.0,26.8,22.4,60.7,57.8,12.1,25.6
2020-07-16,Uttarakhand,Dehradun,16.6,22.7,19.6,103.9,45.1,13.0,22.3
2017-05-20,West Bengal,Kolkata,15.1,22.8,19.0,60.6,69.9,17.5,30.4
2021-09-18,Tripura,Agartala,13.4,30.6,22.0,103.2,70.3,13.8,25.1
2021-02-27,Delhi,New Delhi,17.6,34.4,26.0,15.8,77.5,13.4,29.9
2020-09-16,Maharashtra,Nagpur,24.9,36.5,30.7,384.8,77.0,15.2,26.8
2023-03-09,Haryana,Faridabad,20.4,31.3,25.8,41.9,37.7,7.5,27.4
2019-12-01,Maharashtra,Nashik,25.6,33.6,29.6,83.0,74.7,8.3,25.8
2015-07-07,Andhra Pradesh,Visakhapatnam,28.2,36.0,32.1,188.7,52.4,20.5,28.0
2017-12-16,Meghalaya,Shillong,16.8,23.4,20.1,51.2,62.9,18.8,22.8
2017-07-29,Nagaland,Kohima,10.5,20.5,15.5,139.8,46.2,22.7,22.2
2023-06-19,Gujarat,Vadodara,26.5,36.3,31.4,119.9,67.3,16.0,28.1
2021-05-09,Manipur,Imphal,13.3,33.2,23.2,74.1,50.1,15.8,30.1
2023-09-26,Telangana,Nizamabad,26.4,39.7,33.0,111.8,69.6,14.6,26.5
2022-03-15,Madhya Pradesh,Bhopal,18.9,36.7,27.8,23.6,49.5,15.6,20.4
2022-01-07,Himachal Pradesh,Mandi,6.6,21.6,14.1,14.8,68.1,17.2,21.6
2024-01-06,Manipur,Imphal,21.0,31.8,26.4,33.8,46.6,19.3,24.6
2016-06-09,Jammu and Kashmir,Srinagar,3.7,24.0,13.8,198.1,72.6,22.9,25.4
2024-10-26,Telangana,Hyderabad,26.9,39.9,33.4,45.0,68.6,11.6,23.6
2025-05-27,Delhi,New Delhi,20.4,34.9,27.6,11.4,56.9,19.1,26.1
2025-06-09,Meghalaya,Shillong,19.8,29.2,24.5,125.5,48.4,10.6,30.2
2015-12-02,Haryana,Faridabad,14.4,29.5,22.0,13.8,44.0,19.9,23.7
2022-07-08,Andaman and Nicobar Islands,Port Blair,16.2,21.5,18.8,126.6,70.5,15.7,26.6
2017-12-14,Tamil Nadu,Madurai,24.5,30.4,27.4,39.9,74.3,13.2,26.7
2021-12-22,Dadra and Nagar Haveli and Daman and Diu,Daman,15.4,23.2,19.3,63.1,55.1,14.8,23.8
2023-01-26,Maharashtra,Nashik,29.1,40.0,34.6,84.6,67.1,17.6,25.2
2022-09-14,Chandigarh,Chandigarh,23.0,30.9,27.0,28.9,77.1,18.8,25.1
2022-01-27,Uttarakhand,Dehradun,24.2,34.3,29.2,12.6,65.0,13.1,27.8
2015-06-11,Meghalaya,Shillong,14.5,19.6,17.0,71.9,48.4,12.4,28.7
2025-03-30,Goa,North Goa,20.6,26.3,23.5,39.1,59.9,14.2,23.1
2016-08-16,Delhi,New Delhi,13.9,26.7,20.3,204.7,41.8,12.4,27.9
2020-04-22,Nagaland,Kohima,17.3,34.4,25.8,65.7,53.8,15.9,27.7
2021-01-15,Meghalaya,Shillong,12.6,32.9,22.8,29.5,48.1,19.5,20.3
2023-12-04,Kerala,Thrissur,23.1,28.4,25.8,88.0,72.0,15.8,29.5
2015-03-01,Punjab,Ludhiana,18.0,27.9,23.0,44.2,54.2,13.3,21.9
2023-02-10,Andaman and Nicobar Islands,Port Blair,10.6,24.6,17.6,42.0,45.1,5.9,22.2
2025-08-24,Chandigarh,Chandigarh,10.9,17.0,14.0,144.4,72.4,18.0,26.8
2024-04-13,Uttar Pradesh,Lucknow,12.1,17.4,14.8,29.8,48.9,19.2,25.7
2020-03-16,Sikkim,Gangtok,21.6,29.8,25.7,63.1,59.8,17.3,24.7
2021-03-08,Delhi,New Delhi,16.0,34.5,25.2,30.8,72.2,6.0,20.6
2016-02-10,Andaman and Nicobar Islands,Port Blair,16.6,29.4,23.0,47.6,41.5,15.5,21.3
2016-10-25,Sikkim,Gangtok,24.3,31.2,27.8,23.3,51.7,19.1,24.8
2018-02-06,Madhya Pradesh,Bhopal,19.6,34.4,27.0,56.2,42.3,7.7,26.0
2018-01-04,Himachal Pradesh,Shimla,9.8,15.7,12.8,43.9,62.5,15.4,30.0
2016-06-25,Telangana,Warangal,23.1,34.2,28.6,59.5,73.3,9.5,34.3
2018-08-30,Manipur,Imphal,15.2,25.2,20.2,112.0,78.0,22.7,29.7
2017-09-24,Ladakh,Leh,20.6,26.6,23.6,128.2,51.6,18.6,24.9
2018-02-14,Madhya Pradesh,Bhopal,23.6,28.7,26.2,48.1,68.1,15.0,28.5
2023-02-22,Uttarakhand,Dehradun,17.2,22.5,19.8,74.3,42.4,7.9,20.5
2017-05-17,Gujarat,Ahmedabad,25.6,37.2,31.4,14.4,68.3,18.7,27.8
2025-05-03,Haryana,Hisar,21.5,38.0,29.8,21.2,40.1,8.8,33.2
2020-08-28,Maharashtra,Nagpur,23.6,36.8,30.2,339.1,53.8,11.1,21.3
2016-03-07,Kerala,Ernakulam,22.1,27.7,24.9,57.0,81.4,7.3,25.2
2025-04-14,Ladakh,Leh,13.7,27.0,20.4,57.5,50.6,10.2,32.2
2017-01-09,Mizoram,Aizawl,18.2,24.3,21.2,58.1,51.1,10.8,22.5
2018-10-05,Andaman and Nicobar Islands,Port Blair,18.2,31.6,24.9,61.2,76.9,10.4,29.3
2015-07-02,Uttarakhand,Dehradun,19.3,28.5,23.9,268.4,63.2,14.8,20.1
2020-11-30,Andhra Pradesh,Visakhapatnam,27.2,32.8,30.0,28.8,78.9,7.3,23.1
2018-04-21,Puducherry,Puducherry,24.0,31.0,27.5,28.0,65.9,7.0,34.7
2021-12-03,Bihar,Purnia,14.1,35.5,24.8,28.7,51.0,5.9,21.2
2018-03-15,Telangana,Warangal,24.3,35.5,29.9,63.0,42.4,10.3,22.0
2017-04-10,Rajasthan,Jaipur,18.9,31.4,25.2,15.8,32.4,16.5,31.9
2019-07-10,Delhi,New Delhi,15.1,22.3,18.7,165.1,76.8,9.9,27.5
2018-02-10,Gujarat,Rajkot,25.2,37.1,31.2,47.1,68.2,8.7,28.1
2022-09-11,Andhra Pradesh,Krishna,26.2,34.8,30.5,213.1,78.7,15.8,29.4
2016-04-20,Assam,Cachar,19.6,29.6,24.6,105.5,81.1,11.3,30.6
2022-09-11,Manipur,Imphal,20.5,33.5,27.0,105.2,40.6,16.3,24.9
2018-08-19,Dadra and Nagar Haveli and Daman and Diu,Daman,10.8,27.9,19.4,283.6,56.1,21.4,28.1
2017-08-28,Meghalaya,Shillong,12.4,31.3,21.8,164.7,76.7,10.8,21.3
2025-09-01,Jharkhand,Ranchi,13.6,19.6,16.6,109.6,51.3,14.2,24.6
2017-10-16,Andaman and Nicobar Islands,Port Blair,12.2,28.2,20.2,20.6,44.9,15.6,20.2
2018-02-15,Goa,North Goa,15.5,22.6,19.0,66.8,73.0,5.9,25.5
2020-01-11,Andaman and Nicobar Islands,Port Blair,14.4,22.4,18.4,26.8,72.6,5.9,26.5
2015-06-10,Mizoram,Aizawl,23.7,31.5,27.6,272.4,76.3,17.1,29.6
2021-09-14,Sikkim,Gangtok,21.1,34.3,27.7,210.4,48.4,20.3,29.5
2015-07-17,Telangana,Nizamabad,22.9,36.3,29.6,174.7,44.5,13.2,21.6
2018-07-07,Mizoram,Aizawl,20.1,30.9,25.5,29.4,42.5,11.9,27.4
2016-10-21,Rajasthan,Jaipur,13.2,23.7,18.4,36.5,41.8,14.3,24.6
2019-11-11,Karnataka,Mysore,21.0,29.0,25.0,63.0,61.2,11.0,26.9
2017-12-06,Gujarat,Rajkot,21.9,27.5,24.7,42.8,42.7,19.2,28.8
2020-07-03,Chhattisgarh,Raipur,13.5,34.4,24.0,259.0,79.4,18.2,29.3
2016-02-03,Rajasthan,Udaipur,27.3,43.2,35.2,25.4,57.2,12.8,27.4
2019-09-30,Nagaland,Kohima,23.8,31.4,27.6,27.4,44.5,22.6,28.7
2019-05-02,Jammu and Kashmir,Srinagar,9.7,29.4,19.5,22.1,44.4,14.0,28.8
2020-10-26,Punjab,Ludhiana,13.5,34.3,23.9,11.8,61.1,10.4,29.9
2020-12-11,Manipur,Imphal,22.1,32.2,27.2,21.1,78.3,5.5,22.2
2015-03-16,Chhattisgarh,Raipur,10.6,34.4,22.5,66.0,78.1,15.7,20.3
2020-12-24,Madhya Pradesh,Bhopal,30.5,38.2,34.4,25.3,41.4,9.3,28.0
2016-08-24,Kerala,Kozhikode,22.8,29.4,26.1,449.0,68.6,8.2,29.3
2024-07-03,Rajasthan,Udaipur,17.8,39.8,28.8,80.3,25.4,17.9,22.3
2017-04-16,Goa,North Goa,14.3,19.8,17.0,6.1,60.5,5.9,27.1
2019-03-09,Gujarat,Surat,30.7,36.2,33.4,18.1,59.1,18.3,20.5
2016-05-14,Uttar Pradesh,Kanpur,10.0,25.5,17.8,24.9,44.4,8.6,27.7
2019-05-16,Haryana,Faridabad,8.3,17.7,13.0,32.3,41.7,11.0,29.1
2015-05-18,Himachal Pradesh,Kangra,2.2,25.9,14.0,72.2,50.5,9.4,31.9
2020-09-28,Uttarakhand,Dehradun,11.2,33.3,22.2,53.8,69.3,12.4,23.2
2019-11-30,Bihar,Gaya,11.1,31.5,21.3,61.7,78.0,10.0,26.2
2017-08-30,Rajasthan,Udaipur,20.4,36.3,28.4,34.4,43.3,20.7,28.6
2019-07-01,Dadra and Nagar Haveli and Daman and Diu,Daman,17.3,25.3,21.3,254.3,80.0,13.7,29.2
2025-02-13,Rajasthan,Udaipur,34.6,41.7,38.2,29.4,43.2,15.8,21.5
2020-02-29,Tripura,Agartala,15.5,21.4,18.4,47.9,77.1,13.4,20.7
2021-04-20,Manipur,Imphal,24.0,29.8,26.9,66.8,68.6,14.5,30.9
2025-02-18,Jammu and Kashmir,Srinagar,2.6,18.8,10.7,22.8,62.9,11.7,26.8
2020-07-21,West Bengal,Kolkata,27.7,34.6,31.2,323.7,84.6,9.4,28.0
2022-07-20,Maharashtra,Pune,20.9,33.5,27.2,496.1,84.3,12.7,21.3
2025-09-25,Bihar,Patna,28.6,39.3,34.0,200.2,41.3,19.3,21.6
2020-03-15,Punjab,Amritsar,28.6,36.4,32.5,32.7,41.2,12.1,27.5
2022-02-23,Puducherry,Puducherry,17.4,33.1,25.2,54.9,43.1,14.1,26.1
2022-09-05,Kerala,Kozhikode,23.1,30.3,26.7,131.4,73.4,13.0,29.5
2018-12-20,Delhi,New Delhi,20.1,29.7,24.9,57.8,71.2,12.2,20.8
2016-06-30,Telangana,Nizamabad,27.4,33.1,30.2,260.4,53.4,17.6,32.4
2024-03-27,Punjab,Ludhiana,5.9,22.1,14.0,32.2,63.9,15.8,29.0
2017-07-10,Chhattisgarh,Raipur,11.2,17.6,14.4,219.8,55.9,15.2,26.0
2016-08-03,Chandigarh,Chandigarh,24.8,30.1,27.4,50.5,73.2,8.3,24.5
2018-10-04,Telangana,Hyderabad,27.3,33.8,30.6,22.2,52.4,7.3,26.8
2025-09-08,Gujarat,Vadodara,18.4,27.6,23.0,123.5,68.7,21.7,28.6
2020-05-10,Ladakh,Leh,18.0,26.6,22.3,54.4,55.6,16.7,25.2
2020-06-26,Meghalaya,Shillong,17.9,27.0,22.4,89.7,66.5,17.9,25.4
2020-09-27,Manipur,Imphal,24.2,31.3,27.8,276.9,63.3,17.8,29.6
2023-02-12,Tamil Nadu,Coimbatore,26.6,32.5,29.6,10.5,60.8,12.3,27.3
2023-08-12,Kerala,Ernakulam,24.0,30.9,27.4,371.0,79.5,15.7,26.9
2016-12-04,Andaman and Nicobar Islands,Port Blair,17.3,29.0,23.2,70.9,55.6,16.3,23.3
2021-04-27,Manipur,Imphal,15.0,33.9,24.4,53.9,77.2,19.9,25.0
2021-07-31,Andaman and Nicobar Islands,Port Blair,24.7,30.2,27.4,39.7,70.7,13.3,29.2
2025-01-01,Rajasthan,Jaipur,23.6,34.9,29.2,5.3,38.6,9.2,20.8
2019-06-14,Manipur,Imphal,20.1,34.8,27.4,126.1,51.9,9.3,27.2
2024-02-14,Maharashtra,Nagpur,21.4,31.1,26.2,82.9,45.2,5.9,29.3
2016-09-29,Meghalaya,Shillong,22.0,29.2,25.6,198.9,63.7,19.1,28.6
2022-08-22,Manipur,Imphal,15.4,30.0,22.7,244.6,68.0,21.8,24.9
2024-03-20,Bihar,Muzaffarpur,25.7,39.2,32.4,46.2,40.7,17.3,28.5
2017-10-06,Uttarakhand,Dehradun,16.0,24.2,20.1,73.5,62.1,12.7,29.5
2023-02-26,Tamil Nadu,Chennai,23.3,36.5,29.9,73.1,83.9,11.4,29.1
2016-10-02,Andaman and Nicobar Islands,Port Blair,18.5,29.0,23.8,26.4,62.1,13.6,29.0
2022-10-10,Himachal Pradesh,Shimla,14.1,28.1,21.1,60.0,51.1,8.1,22.6
2024-04-07,Gujarat,Rajkot,17.5,30.0,23.8,34.4,51.5,15.2,28.6
2022-04-13,Bihar,Purnia,12.5,22.1,17.3,49.1,46.6,11.0,27.1
2020-02-05,Chhattisgarh,Raipur,19.9,31.1,25.5,31.7,45.1,8.2,24.7
2022-10-27,Chhattisgarh,Raipur,24.6,31.1,27.8,18.4,48.8,15.6,29.1
2018-04-20,Karnataka,Mysore,18.8,34.4,26.6,54.5,77.1,11.3,25.1
2016-11-16,West Bengal,Darjeeling,22.3,35.9,29.1,113.7,72.8,6.8,23.7
2020-01-26,Meghalaya,Shillong,21.8,30.9,26.4,53.9,40.2,6.1,26.8
2024-05-28,Chandigarh,Chandigarh,14.4,25.5,20.0,49.9,44.5,17.5,26.4
2015-07-07,Bihar,Purnia,24.1,32.3,28.2,107.6,72.9,16.3,22.1
2024-12-19,Arunachal Pradesh,Itanagar,10.0,34.5,22.2,35.2,55.9,5.8,28.9
2024-11-23,Assam,Dibrugarh,12.1,23.1,17.6,77.6,88.4,10.4,25.3
2019-06-08,Rajasthan,Jodhpur,20.7,31.7,26.2,151.9,51.9,10.6,30.5
2019-08-15,Goa,North Goa,21.9,31.6,26.8,158.3,42.9,9.6,22.5
2017-09-11,Nagaland,Kohima,17.7,34.8,26.2,244.6,44.4,18.8,28.1
2016-07-01,Chhattisgarh,Raipur,16.2,25.8,21.0,183.7,60.8,12.0,24.0
2022-08-04,Himachal Pradesh,Shimla,10.9,24.1,17.5,178.3,73.8,8.5,23.3
2023-02-21,Punjab,Ludhiana,23.7,36.1,29.9,46.3,53.5,14.6,27.0
2018-12-02,West Bengal,Kolkata,13.4,33.2,23.3,44.5,67.0,5.2,28.4
2017-05-25,Uttar Pradesh,Kanpur,30.7,36.1,33.4,39.9,78.0,14.1,33.0
2016-09-09,Nagaland,Kohima,11.8,21.3,16.6,116.8,79.2,19.7,28.9
2021-09-27,Odisha,Bhubaneswar,22.3,36.4,29.4,303.4,69.9,21.2,21.6
2018-09-27,Assam,Cachar,10.9,21.7,16.3,144.1,62.1,14.3,22.0
2018-05-28,Himachal Pradesh,Mandi,15.8,26.1,21.0,33.4,51.5,13.4,29.3
2017-06-21,Ladakh,Leh,10.8,28.6,19.7,159.9,51.1,12.4,29.5
2015-06-12,Dadra and Nagar Haveli and Daman and Diu,Daman,22.4,30.6,26.5,255.1,57.0,20.4,34.3
2020-05-28,Mizoram,Aizawl,10.3,16.5,13.4,14.4,44.9,11.8,32.6
2024-01-05,Tamil Nadu,Coimbatore,27.7,34.9,31.3,72.0,72.2,10.9,27.2
2015-09-27,Puducherry,Puducherry,18.9,32.3,25.6,74.2,54.4,18.1,21.2
2016-09-23,Chhattisgarh,Raipur,21.6,27.7,24.6,110.8,49.5,8.9,22.7
2017-06-24,Manipur,Imphal,23.7,28.9,26.3,24.7,68.2,13.5,27.3
2025-09-24,Assam,Kamrup,17.6,25.9,21.8,296.0,85.0,9.8,29.6
2024-07-03,Odisha,Bhubaneswar,15.6,36.2,25.9,300.9,59.9,9.8,28.5
2023-11-28,West Bengal,Darjeeling,22.2,30.3,26.2,11.9,87.5,11.1,21.8
2020-07-07,Assam,Cachar,23.7,31.0,27.4,331.6,84.5,20.3,21.0
2019-06-30,Bihar,Gaya,27.8,39.5,33.6,107.4,59.9,20.9,29.9
2025-05-28,Telangana,Nizamabad,23.8,35.7,29.8,59.9,66.6,14.4,28.7
2015-07-24,Dadra and Nagar Haveli and Daman and Diu,Daman,19.5,25.6,22.6,134.7,47.5,16.1,22.6
2016-08-04,Karnataka,Mysore,23.1,35.8,29.4,196.2,49.8,11.3,29.1
2019-04-29,Andhra Pradesh,Krishna,27.8,33.1,30.4,71.3,53.4,14.8,30.5
2017-04-20,Himachal Pradesh,Shimla,0.9,13.0,7.0,60.4,52.3,12.2,32.0
2020-01-11,Mizoram,Aizawl,11.1,31.8,21.4,7.9,50.5,16.4,29.1
2018-06-05,Andhra Pradesh,Krishna,27.6,34.3,31.0,296.3,62.4,13.6,33.7
2019-09-16,Assam,Tinsukia,11.0,26.6,18.8,582.8,63.5,16.1,21.3
2019-07-01,Uttar Pradesh,Lucknow,29.0,38.7,33.8,71.6,45.4,15.7,27.3
2022-03-28,Dadra and Nagar Haveli and Daman and Diu,Daman,17.3,24.7,21.0,54.6,44.7,17.1,24.0
2025-09-26,Uttar Pradesh,Varanasi,22.6,32.6,27.6,167.2,74.5,18.5,26.7
2021-04-16,Tamil Nadu,Chennai,26.1,34.6,30.4,29.8,78.5,14.7,28.1
2017-05-24,Chandigarh,Chandigarh,14.1,27.0,20.6,19.5,75.1,16.8,28.1
2019-01-04,Jharkhand,Ranchi,10.7,16.7,13.7,25.8,45.9,18.1,24.2
2024-11-13,Haryana,Faridabad,13.7,23.3,18.5,42.9,61.7,10.8,21.7
2021-02-21,Tripura,Agartala,24.3,31.1,27.7,59.0,58.5,16.7,24.8
2016-11-20,Sikkim,Gangtok,23.9,33.8,28.8,23.2,57.2,6.5,29.0
2020-07-03,Manipur,Imphal,11.0,16.3,13.6,159.0,64.1,11.3,25.7
2024-10-30,Jharkhand,Ranchi,23.4,32.5,28.0,36.9,45.8,7.5,24.8
2023-08-08,Punjab,Patiala,16.6,31.2,23.9,111.4,43.7,18.4,22.1
2022-05-10,Tamil Nadu,Chennai,26.8,33.0,29.9,47.4,57.4,14.3,29.8
2018-11-23,Andhra Pradesh,Chittoor,23.7,34.1,28.9,37.4,75.7,6.9,27.9
2020-06-24,Arunachal Pradesh,Itanagar,19.8,28.4,24.1,277.3,47.1,12.7,28.7
2016-11-02,Odisha,Bhubaneswar,24.7,39.4,32.0,63.4,80.0,18.6,24.7
2025-06-28,Maharashtra,Pune,23.7,31.5,27.6,316.7,45.4,17.5,33.9
2023-12-19,Haryana,Gurgaon,24.0,36.1,30.0,42.7,59.2,12.9,25.2
2018-03-17,Kerala,Kozhikode,22.3,30.6,26.4,90.3,74.1,16.6,21.6
2019-02-04,Uttar Pradesh,Lucknow,26.5,39.3,32.9,54.5,48.7,7.6,27.6
2025-03-15,Uttarakhand,Dehradun,18.8,31.8,25.3,74.8,47.8,11.2,21.9
2017-08-01,Andaman and Nicobar Islands,Port Blair,22.9,28.0,25.4,57.9,49.9,19.6,26.3
2021-02-24,Manipur,Imphal,15.8,23.1,19.5,27.5,69.7,10.7,24.6
2018-12-20,Andhra Pradesh,Guntur,26.1,39.2,32.7,26.3,63.4,9.7,24.7
2025-03-26,West Bengal,Kolkata,22.5,32.6,27.6,106.0,72.1,10.8,27.8
2021-12-14,Assam,Dibrugarh,16.5,28.5,22.5,149.3,87.5,17.8,25.9
2017-06-14,Nagaland,Kohima,15.2,34.9,25.0,88.3,74.9,21.7,33.2
2020-12-29,Puducherry,Puducherry,11.7,32.3,22.0,51.5,67.2,16.8,24.9
2018-08-29,Lakshadweep,Kavaratti,14.0,28.2,21.1,50.4,67.0,15.2,25.0
2015-06-14,Andaman and Nicobar Islands,Port Blair,12.8,18.5,15.6,191.2,66.4,15.5,32.7
2021-06-19,Tripura,Agartala,18.5,33.3,25.9,100.7,49.7,11.9,25.3
2020-08-30,Uttar Pradesh,Lucknow,29.3,42.0,35.6,199.6,50.6,13.3,27.7
2018-01-10,Haryana,Gurgaon,17.7,39.0,28.4,17.6,43.0,20.0,29.8
2024-12-31,Odisha,Bhubaneswar,28.3,36.0,32.2,85.4,59.9,8.8,25.5
2023-10-08,Sikkim,Gangtok,22.9,28.6,25.8,44.6,64.4,13.7,22.2
2025-01-18,Andaman and Nicobar Islands,Port Blair,11.0,33.0,22.0,45.2,70.7,10.5,20.4
2019-10-20,Delhi,New Delhi,13.9,20.1,17.0,10.5,48.6,14.5,28.2
2023-04-20,Jammu and Kashmir,Srinagar,16.4,29.5,23.0,52.7,40.8,10.7,26.1
2021-06-10,Assam,Dibrugarh,21.7,27.7,24.7,153.0,61.0,22.3,32.9
2020-04-22,Odisha,Bhubaneswar,20.0,30.6,25.3,15.3,55.5,9.7,28.9
2016-01-06,Jharkhand,Ranchi,19.3,28.0,23.6,71.8,53.7,19.1,27.3
2020-02-24,Uttarakhand,Dehradun,23.5,33.1,28.3,44.8,60.4,9.4,23.0
2017-05-02,Manipur,Imphal,13.3,24.7,19.0,13.9,55.5,17.5,33.7
2016-01-19,Karnataka,Belgaum,24.4,31.6,28.0,31.6,52.5,12.5,29.8
2020-04-15,Uttar Pradesh,Kanpur,7.9,27.5,17.7,42.5,42.3,19.5,28.5
2021-10-28,Telangana,Warangal,29.2,37.7,33.4,10.3,52.4,5.3,23.8
2016-02-29,Madhya Pradesh,Bhopal,30.5,40.6,35.6,39.1,51.5,10.6,22.1
2021-01-17,Lakshadweep,Kavaratti,10.9,19.5,15.2,29.6,60.8,8.1,29.7
2023-11-24,Bihar,Gaya,9.7,17.1,13.4,54.4,70.2,19.6,25.3
2016-09-20,Madhya Pradesh,Bhopal,13.7,40.6,27.2,235.7,66.9,21.1,20.8
2025-05-07,Himachal Pradesh,Kangra,17.1,29.6,23.4,45.9,70.9,14.9,27.9
2017-06-13,Puducherry,Puducherry,18.8,33.8,26.3,159.0,63.6,16.0,27.8
2021-12-12,Gujarat,Rajkot,25.9,36.6,31.2,15.5,65.8,19.3,20.6
2023-05-23,Andhra Pradesh,Krishna,26.2,34.9,30.6,44.2,61.2,12.1,28.2
2021-07-02,Kerala,Thrissur,22.4,29.7,26.0,435.2,61.5,13.7,20.4
2016-08-20,Rajasthan,Jaipur,18.9,25.7,22.3,60.9,53.5,17.2,26.8
2023-05-21,Karnataka,Hubli,23.0,37.2,30.1,58.7,44.7,19.0,26.3
2021-05-25,Maharashtra,Pune,30.0,37.2,33.6,18.5,78.9,6.4,26.7
2016-08-15,Puducherry,Puducherry,16.3,30.6,23.5,53.9,64.9,19.7,21.2
2019-08-15,Puducherry,Puducherry,19.7,34.6,27.2,290.9,46.5,19.4,28.5
2024-12-23,Tripura,Agartala,23.3,30.5,26.9,23.9,41.9,11.0,21.2
2016-07-26,Bihar,Purnia,25.3,31.7,28.5,252.9,44.3,15.2,23.8
2024-05-18,Uttar Pradesh,Kanpur,21.2,34.4,27.8,37.9,30.0,6.9,30.2
2020-09-06,Meghalaya,Shillong,13.4,19.7,16.6,81.0,71.2,16.1,21.9
2023-03-21,Jharkhand,Ranchi,10.2,22.3,16.2,30.0,69.4,18.8,23.7
2020-09-21,Arunachal Pradesh,Itanagar,20.3,31.5,25.9,138.2,42.6,15.1,23.5
2019-09-01,Jammu and Kashmir,Srinagar,11.0,17.8,14.4,228.3,71.5,13.8,21.8
2021-10-06,Odisha,Bhubaneswar,24.4,39.5,32.0,73.0,54.3,11.0,29.2
2025-01-17,Goa,North Goa,19.5,26.0,22.8,55.7,54.1,12.3,24.2
2015-06-26,Odisha,Bhubaneswar,25.9,32.9,29.4,179.8,76.1,18.6,27.0
2016-06-12,Haryana,Gurgaon,13.8,19.1,16.5,115.4,41.2,8.2,29.2
2019-06-22,Maharashtra,Nagpur,29.1,39.5,34.3,211.2,60.2,11.6,25.7
2017-08-23,Jharkhand,Ranchi,20.4,33.1,26.8,266.4,77.4,21.7,20.3
2019-02-26,Assam,Dibrugarh,24.7,31.7,28.2,135.8,75.4,11.3,20.1
2015-07-17,Andaman and Nicobar Islands,Port Blair,10.8,28.7,19.8,282.5,49.0,9.4,22.1
2022-04-11,Manipur,Imphal,13.2,23.1,18.2,11.6,49.4,18.8,33.9
2024-12-27,Tamil Nadu,Madurai,22.5,38.0,30.2,36.9,75.3,14.7,20.6
2022-11-29,Tamil Nadu,Madurai,22.7,37.5,30.1,14.6,56.1,19.6,20.4
2017-05-02,Nagaland,Kohima,16.7,33.9,25.3,71.1,79.2,12.2,25.9
2024-10-28,Odisha,Bhubaneswar,26.6,37.6,32.1,62.2,81.1,18.7,26.8
2019-03-18,West Bengal,Howrah,12.0,19.0,15.5,57.0,61.7,7.0,26.1
2020-08-31,Uttar Pradesh,Kanpur,23.5,37.9,30.7,58.6,45.3,11.0,26.0
2023-09-19,Jharkhand,Ranchi,18.5,29.3,23.9,102.9,49.5,21.4,20.5
2017-12-16,Bihar,Patna,22.4,27.6,25.0,22.6,51.6,18.3,21.4
2023-08-04,Arunachal Pradesh,Itanagar,24.1,33.9,29.0,210.1,56.5,21.6,25.3
2022-11-29,Assam,Cachar,15.6,29.0,22.3,54.0,69.6,18.8,27.9
2015-04-08,Gujarat,Ahmedabad,23.7,34.2,29.0,41.3,52.8,11.2,30.2
2023-10-21,Meghalaya,Shillong,13.5,21.8,17.6,74.2,78.8,11.3,25.2
2020-03-18,Dadra and Nagar Haveli and Daman and Diu,Daman,22.4,32.9,27.6,12.0,55.0,8.8,29.9
2016-03-10,Jharkhand,Ranchi,21.2,26.6,23.9,68.0,77.1,10.0,26.4
2016-09-28,Odisha,Bhubaneswar,25.2,37.3,31.2,289.7,69.6,22.3,25.1
2025-04-08,West Bengal,Kolkata,12.0,18.7,15.4,12.1,67.1,9.1,34.0
2023-08-24,Mizoram,Aizawl,23.0,33.9,28.4,262.8,51.9,14.4,23.1
2016-08-10,West Bengal,Kolkata,11.5,36.4,24.0,323.3,55.3,11.1,24.5
2015-12-10,Odisha,Bhubaneswar,15.8,26.0,20.9,73.3,82.2,18.9,25.2
2018-08-10,Tamil Nadu,Madurai,22.5,37.2,29.8,323.2,70.5,20.5,24.6
2020-06-02,Punjab,Patiala,7.8,38.3,23.0,116.1,57.8,13.9,26.4
2016-07-24,Madhya Pradesh,Bhopal,16.0,21.9,19.0,39.3,38.2,16.4,29.9
2025-03-10,Madhya Pradesh,Bhopal,28.6,34.3,31.4,51.3,51.5,14.9,21.3
2016-09-02,Karnataka,Hubli,22.0,36.7,29.4,193.1,45.7,12.7,22.2
2019-09-24,Manipur,Imphal,20.3,34.1,27.2,225.4,73.7,20.1,20.1
2021-04-09,Mizoram,Aizawl,11.9,24.6,18.2,12.8,69.4,6.1,29.2
2020-01-29,West Bengal,Howrah,17.1,30.7,23.9,82.4,87.9,9.1,26.7
2022-02-21,Odisha,Bhubaneswar,15.5,20.5,18.0,12.3,65.7,13.3,20.1
2017-08-17,Bihar,Gaya,16.7,22.4,19.5,209.9,65.2,19.8,25.5
2020-09-10,Sikkim,Gangtok,19.3,27.3,23.3,43.9,69.5,17.2,29.4
2021-09-04,Sikkim,Gangtok,24.8,34.2,29.5,296.0,65.9,9.4,20.9
2021-05-13,Puducherry,Puducherry,22.1,29.0,25.6,9.3,58.9,9.7,30.9
2016-06-15,Delhi,New Delhi,19.0,31.5,25.2,181.4,55.2,8.4,34.1
2018-03-23,Delhi,New Delhi,14.9,27.6,21.2,44.0,52.6,9.6,22.6
2021-08-27,Kerala,Kozhikode,22.7,27.9,25.3,579.0,77.9,9.6,25.9
2017-12-27,Arunachal Pradesh,Itanagar,13.5,23.6,18.6,61.1,75.4,15.5,29.3
2020-03-16,West Bengal,Kolkata,26.3,35.0,30.6,114.4,71.8,6.6,28.3
2017-06-02,Jharkhand,Ranchi,12.0,22.7,17.4,126.3,72.3,9.3,29.4
2021-03-11,Sikkim,Gangtok,16.6,29.4,23.0,29.8,63.1,19.8,20.7
2019-08-06,Mizoram,Aizawl,23.1,30.2,26.6,150.4,69.6,21.7,20.1
2021-08-20,Uttar Pradesh,Varanasi,22.9,28.9,25.9,135.6,67.5,10.5,27.6
2022-08-23,Assam,Cachar,14.6,29.0,21.8,429.0,82.7,8.3,21.5
2021-03-10,Gujarat,Vadodara,29.6,41.6,35.6,30.4,53.9,16.3,24.1
2020-10-27,Haryana,Karnal,13.2,34.9,24.0,6.3,65.4,11.6,25.0
2019-10-16,Punjab,Patiala,20.9,29.8,25.4,31.9,57.7,6.8,25.2
2022-04-29,Kerala,Ernakulam,23.0,31.9,27.4,27.7,82.3,7.5,31.9
2022-04-05,Jammu and Kashmir,Srinagar,15.4,27.6,21.5,63.1,52.3,19.5,25.2
2017-02-20,Mizoram,Aizawl,17.2,25.7,21.4,56.8,72.2,17.3,23.0
2024-06-14,West Bengal,Kolkata,14.9,32.2,23.6,467.0,60.2,21.7,30.9
2023-05-07,Jharkhand,Ranchi,21.1,30.0,25.6,61.5,78.8,7.6,28.9
2022-06-20,Sikkim,Gangtok,22.9,29.2,26.0,135.6,46.6,17.7,27.4
2020-10-06,Delhi,New Delhi,15.7,27.7,21.7,25.8,67.2,6.7,28.8
2025-08-03,Sikkim,Gangtok,17.2,29.5,23.4,194.2,42.4,19.4,29.5
2023-06-25,Madhya Pradesh,Bhopal,21.4,32.5,27.0,192.7,58.8,17.8,34.7
2017-05-30,Uttarakhand,Dehradun,18.7,26.5,22.6,6.7,58.1,14.8,26.7
2016-03-22,Manipur,Imphal,10.4,33.2,21.8,26.1,58.6,6.4,23.8
2020-10-14,Sikkim,Gangtok,16.4,33.7,25.0,65.6,47.6,13.3,27.3
2019-11-19,Chandigarh,Chandigarh,14.4,25.6,20.0,73.9,70.4,11.6,25.3
2018-07-01,Puducherry,Puducherry,19.4,29.7,24.5,135.3,54.4,10.5,29.7
2020-06-14,Puducherry,Puducherry,11.4,27.6,19.5,288.7,55.0,11.8,34.6
2017-12-03,Jammu and Kashmir,Srinagar,16.0,26.9,21.4,49.8,54.4,14.6,27.3
2023-09-04,Odisha,Bhubaneswar,15.5,22.8,19.2,153.4,61.3,21.5,26.8
2019-04-27,Haryana,Hisar,14.3,36.1,25.2,19.5,69.6,16.7,33.1
2017-10-08,Delhi,New Delhi,13.9,21.2,17.6,32.3,53.4,16.5,21.7
2021-03-24,West Bengal,Howrah,19.5,33.0,26.2,54.3,58.0,18.4,21.4
2017-02-12,Tripura,Agartala,14.6,31.3,23.0,47.4,69.2,17.1,29.0
2022-06-19,Ladakh,Leh,14.6,26.9,20.8,212.7,71.8,16.7,30.1
2024-08-08,Mizoram,Aizawl,20.4,29.1,24.8,270.2,48.5,21.3,26.4
2019-12-20,Telangana,Hyderabad,25.2,34.8,30.0,20.1,74.6,5.8,22.7
2022-04-02,Rajasthan,Udaipur,12.7,20.6,16.6,17.1,26.4,13.7,31.3
2021-08-23,Arunachal Pradesh,Itanagar,23.2,30.2,26.7,106.6,49.9,19.7,24.3
2018-04-16,Dadra and Nagar Haveli and Daman and Diu,Daman,18.3,27.7,23.0,16.0,44.1,18.0,27.7
2018-12-21,Delhi,New Delhi,24.1,34.7,29.4,38.5,78.3,5.4,20.9
2022-07-19,Chandigarh,Chandigarh,13.6,22.0,17.8,90.7,58.1,8.9,25.6
2015-11-03,Kerala,Ernakulam,22.9,28.4,25.6,119.2,79.6,16.9,29.4
2017-02-17,Kerala,Thrissur,23.8,33.7,28.8,49.9,72.3,13.0,25.4
2021-12-26,Telangana,Warangal,26.6,38.3,32.4,53.3,41.9,10.3,25.7
2021-05-04,Telangana,Warangal,24.1,29.6,26.8,73.7,78.2,16.6,25.6
2025-01-05,Karnataka,Mysore,22.3,31.7,27.0,60.2,42.5,11.4,27.6
2015-01-08,Madhya Pradesh,Bhopal,32.0,40.0,36.0,56.7,69.9,11.5,26.7
2021-12-30,Uttarakhand,Dehradun,13.2,26.2,19.7,10.5,41.2,18.4,28.6
2016-04-20,Haryana,Faridabad,12.8,27.9,20.4,27.2,50.8,7.0,32.8
2018-08-13,Jharkhand,Ranchi,15.2,20.7,18.0,209.4,73.2,21.8,26.7
2021-01-20,Haryana,Faridabad,9.8,29.7,19.8,46.0,44.0,19.3,21.0
2016-04-29,Punjab,Ludhiana,23.2,29.6,26.4,40.9,33.9,9.9,32.8
2025-01-16,Haryana,Gurgaon,16.5,37.8,27.2,23.1,69.8,5.3,27.0
2023-08-10,Himachal Pradesh,Kangra,18.3,26.9,22.6,297.0,68.3,14.4,25.2
2022-02-27,Gujarat,Surat,29.9,41.7,35.8,30.0,42.3,8.6,24.8
2017-06-23,Maharashtra,Nashik,21.6,32.2,26.9,423.9,61.2,17.6,25.9
2016-07-12,West Bengal,Darjeeling,23.7,33.2,28.4,206.0,74.4,9.5,24.1
2020-05-21,Arunachal Pradesh,Itanagar,22.2,29.2,25.7,69.0,64.1,13.1,29.0
2021-04-04,Haryana,Gurgaon,23.5,35.0,29.2,40.8,43.3,15.5,34.4
2018-02-01,Madhya Pradesh,Bhopal,16.2,41.6,28.9,27.6,31.5,10.4,21.5
2018-05-18,Rajasthan,Jaipur,17.6,24.7,21.2,9.2,25.1,5.7,28.0
2022-02-14,West Bengal,Kolkata,26.9,37.7,32.3,107.4,50.5,5.4,20.1
2022-11-15,Jammu and Kashmir,Srinagar,7.3,29.7,18.5,68.3,50.0,11.2,28.2
2016-04-12,Tamil Nadu,Chennai,26.1,32.0,29.0,19.7,69.0,6.5,33.3
2024-08-26,Manipur,Imphal,13.8,21.9,17.8,72.0,41.8,17.6,21.6
2024-02-22,Arunachal Pradesh,Itanagar,13.5,30.9,22.2,9.0,48.1,7.2,20.0
2021-08-30,Kerala,Ernakulam,23.6,29.8,26.7,416.5,75.1,18.0,29.8
2022-09-23,Ladakh,Leh,13.3,29.4,21.4,253.4,78.3,17.3,21.3
2017-04-27,Assam,Kamrup,10.8,21.1,16.0,141.0,78.8,13.7,31.1
2021-08-31,Chhattisgarh,Raipur,15.0,22.7,18.8,287.2,70.2,15.7,23.8
2023-01-03,Assam,Kamrup,17.2,22.6,19.9,55.9,68.8,11.7,22.4
2015-09-16,Odisha,Bhubaneswar,17.8,36.0,26.9,361.7,52.3,11.1,27.7
2015-10-10,Arunachal Pradesh,Itanagar,22.2,31.1,26.6,53.6,43.1,17.7,28.3
2019-07-08,Mizoram,Aizawl,20.4,34.2,27.3,33.3,49.2,13.4,21.6
2020-03-13,Maharashtra,Nagpur,27.8,38.3,33.0,98.9,53.1,16.4,21.2
2015-02-09,West Bengal,Darjeeling,11.9,29.2,20.6,15.6,87.5,9.9,24.8
2021-12-08,Uttarakhand,Dehradun,22.2,30.3,26.2,35.1,53.9,10.3,24.7
2023-02-24,Jharkhand,Ranchi,24.2,34.6,29.4,43.2,58.2,17.1,26.8
2021-03-17,Assam,Kamrup,23.2,33.2,28.2,144.0,91.0,17.8,23.9
2023-10-06,Ladakh,Leh,15.8,31.3,23.6,10.9,52.9,19.0,24.5
2017-10-11,Tripura,Agartala,14.0,26.6,20.3,25.2,70.7,17.8,27.8
2023-05-30,Sikkim,Gangtok,12.2,23.2,17.7,20.0,41.7,16.1,29.3
2024-10-31,Chandigarh,Chandigarh,14.1,24.0,19.0,14.5,73.1,7.2,23.4
2016-09-04,Rajasthan,Jaipur,10.2,28.2,19.2,63.2,48.8,18.7,20.4
2023-02-23,Chandigarh,Chandigarh,11.7,33.3,22.5,60.4,55.6,7.5,22.6
2020-03-30,West Bengal,Howrah,21.8,37.4,29.6,80.8,51.1,14.8,29.4
2016-11-18,Dadra and Nagar Haveli and Daman and Diu,Daman,15.4,34.0,24.7,51.9,47.6,7.2,21.8
2025-02-07,Uttar Pradesh,Kanpur,23.9,36.6,30.2,30.1,43.2,18.6,22.1
2016-09-04,Sikkim,Gangtok,14.3,20.2,17.2,97.1,76.9,10.8,22.0
2021-04-26,Rajasthan,Jaipur,25.0,38.5,31.8,9.1,26.2,6.8,33.6
2023-04-26,Andhra Pradesh,Visakhapatnam,26.5,39.6,33.0,20.8,63.8,16.1,27.1
2023-04-02,Madhya Pradesh,Bhopal,25.1,35.7,30.4,28.7,55.8,12.0,33.2
2021-08-10,Rajasthan,Udaipur,33.3,42.2,37.8,55.1,51.1,10.6,20.9
2019-11-17,Himachal Pradesh,Shimla,10.4,24.8,17.6,64.3,78.2,18.1,29.9
2019-12-16,Mizoram,Aizawl,17.1,26.2,21.6,37.2,65.8,12.6,26.3
2022-02-04,Rajasthan,Jaipur,32.2,38.5,35.4,7.0,39.9,19.7,20.6
2022-05-20,Dadra and Nagar Haveli and Daman and Diu,Daman,24.8,34.8,29.8,25.5,75.6,5.1,29.5
2019-03-28,Sikkim,Gangtok,16.0,33.6,24.8,38.1,56.7,14.6,23.8
2020-04-14,Kerala,Kozhikode,23.6,34.7,29.2,50.3,73.8,5.2,33.4
2022-11-01,Goa,North Goa,11.4,18.2,14.8,66.8,56.4,15.3,28.6
2023-06-15,Meghalaya,Shillong,15.6,24.4,20.0,67.5,64.3,11.8,31.3
2018-02-26,Uttar Pradesh,Varanasi,13.6,26.7,20.2,18.7,50.9,7.4,23.2
2016-07-28,Chhattisgarh,Raipur,21.7,28.5,25.1,285.2,59.7,9.6,29.4
2023-09-16,Himachal Pradesh,Kangra,9.1,23.0,16.0,88.2,53.3,18.6,21.2
2020-03-25,Maharashtra,Nagpur,24.8,36.9,30.8,10.2,77.7,5.8,22.5
2017-10-09,Chandigarh,Chandigarh,24.5,29.9,27.2,62.8,66.1,14.0,25.8
2024-11-13,Uttar Pradesh,Varanasi,9.5,32.9,21.2,57.3,33.9,10.0,24.7
2016-10-31,Andaman and Nicobar Islands,Port Blair,13.5,30.7,22.1,53.2,44.7,13.5,23.7
2015-09-26,Odisha,Bhubaneswar,18.4,37.5,28.0,59.7,66.4,15.1,25.7
2023-11-08,Haryana,Gurgaon,9.9,36.8,23.3,48.4,52.0,8.8,28.8
2018-07-07,Tamil Nadu,Chennai,27.9,36.7,32.3,160.1,58.3,10.3,22.3
2017-07-12,Jammu and Kashmir,Srinagar,4.5,29.3,16.9,207.2,46.7,15.3,21.8
2018-01-30,Dadra and Nagar Haveli and Daman and Diu,Daman,19.1,27.8,23.5,18.7,49.7,15.1,24.1
2019-03-10,Jammu and Kashmir,Srinagar,10.3,27.4,18.8,52.6,58.5,19.3,22.1
2019-10-25,Lakshadweep,Kavaratti,14.3,33.6,24.0,64.7,45.2,18.9,20.1
2019-05-14,Chhattisgarh,Raipur,22.3,29.4,25.8,18.2,57.9,18.5,32.9
2015-09-04,Meghalaya,Shillong,24.5,32.5,28.5,163.0,40.5,10.7,25.0
2025-02-28,Mizoram,Aizawl,21.3,33.5,27.4,24.8,68.5,17.4,23.7
2025-08-02,Lakshadweep,Kavaratti,20.4,29.6,25.0,296.0,40.3,14.2,22.6
2025-09-13,Lakshadweep,Kavaratti,22.7,29.8,26.2,172.3,69.6,15.5,24.1
2019-04-10,Punjab,Amritsar,6.1,11.8,9.0,48.1,55.7,17.4,29.8
2020-12-18,Arunachal Pradesh,Itanagar,13.9,23.6,18.8,8.0,71.6,13.7,24.8
2021-07-28,Punjab,Ludhiana,26.3,35.2,30.8,190.6,30.5,22.8,28.2
2021-02-21,Nagaland,Kohima,15.3,29.1,22.2,65.5,59.3,5.8,29.0
2025-07-31,Andhra Pradesh,Krishna,25.2,35.5,30.4,43.6,53.0,19.7,24.3
2020-04-23,Andaman and Nicobar Islands,Port Blair,25.0,33.5,29.2,71.5,51.2,7.6,28.8
2017-07-18,Andaman and Nicobar Islands,Port Blair,14.0,28.8,21.4,228.4,56.1,9.3,20.3
2025-03-26,Odisha,Bhubaneswar,18.3,35.5,26.9,29.9,81.9,14.8,28.6
2024-06-15,Goa,North Goa,15.8,34.8,25.3,210.3,54.3,11.2,33.7
2023-05-28,Haryana,Hisar,13.0,19.0,16.0,17.5,37.2,9.8,31.1
2022-05-16,Telangana,Nizamabad,24.0,36.8,30.4,31.7,44.8,7.4,33.0
2015-08-15,Punjab,Ludhiana,7.4,34.4,20.9,58.3,57.1,17.3,21.0
2022-07-11,Maharashtra,Pune,26.0,35.0,30.5,365.3,77.6,8.6,26.5
2024-09-17,Chhattisgarh,Raipur,11.6,23.6,17.6,23.5,53.1,10.5,25.6
2024-09-18,Puducherry,Puducherry,17.7,32.5,25.1,199.2,68.6,9.4,20.3
2015-09-22,Meghalaya,Shillong,24.5,31.8,28.2,130.6,41.4,9.8,29.4
2018-10-27,Gujarat,Vadodara,26.8,36.0,31.4,45.7,53.6,16.2,24.3
2024-09-27,Meghalaya,Shillong,16.5,22.4,19.4,225.5,44.0,19.5,21.9
2018-12-28,Gujarat,Surat,19.2,40.5,29.8,26.2,35.0,18.6,24.5
2016-10-07,Uttarakhand,Dehradun,12.0,24.0,18.0,46.3,54.5,18.9,22.7
2021-03-08,Maharashtra,Pune,20.1,28.4,24.2,19.6,60.4,18.2,23.1
2024-12-22,Maharashtra,Nagpur,21.1,37.7,29.4,45.2,61.5,5.5,22.9
2024-06-10,Delhi,New Delhi,12.0,18.9,15.4,140.8,51.1,10.5,30.1
2018-11-19,Delhi,New Delhi,21.8,32.8,27.3,22.6,50.5,16.0,25.6
2019-01-13,Punjab,Patiala,23.6,28.6,26.1,8.9,62.1,17.8,23.4
2023-03-10,Ladakh,Leh,24.4,31.1,27.8,67.3,56.9,13.4,26.4
2018-10-19,Gujarat,Vadodara,17.3,23.0,20.2,24.2,36.4,13.2,24.5
2020-03-14,Lakshadweep,Kavaratti,11.8,28.9,20.4,6.4,45.1,15.5,25.3
2021-11-09,Assam,Dibrugarh,14.2,22.0,18.1,105.3,67.2,19.8,28.7
2022-08-04,Andaman and Nicobar Islands,Port Blair,12.0,32.5,22.2,116.6,59.6,10.1,21.2
2025-05-27,Telangana,Nizamabad,28.4,37.6,33.0,39.9,41.4,18.8,28.8
2018-06-03,Sikkim,Gangtok,16.2,25.2,20.7,269.6,53.8,10.6,30.0
2017-09-08,Goa,North Goa,21.7,29.8,25.8,202.6,52.2,18.8,26.7
2018-02-28,Telangana,Nizamabad,26.2,36.9,31.6,20.2,75.5,13.8,23.8
2016-08-10,Tamil Nadu,Chennai,21.4,35.5,28.4,223.3,55.2,21.8,21.1
2016-04-20,Jharkhand,Ranchi,17.9,30.3,24.1,74.9,45.6,14.2,29.8
2019-12-27,Meghalaya,Shillong,13.9,34.1,24.0,60.4,71.1,18.5,27.3
2017-09-12,Karnataka,Belgaum,23.1,32.0,27.6,293.5,67.1,16.1,25.9
2024-03-02,Lakshadweep,Kavaratti,19.8,34.7,27.2,57.7,47.1,12.0,26.8
2021-01-12,Goa,North Goa,12.6,33.8,23.2,10.4,64.4,19.6,27.3
2025-06-28,Telangana,Warangal,26.1,40.0,33.0,245.9,78.8,18.5,31.7
2018-05-26,Delhi,New Delhi,21.4,28.0,24.7,61.4,78.8,14.2,25.1
2015-07-09,Kerala,Kozhikode,22.2,29.0,25.6,345.5,72.4,22.7,29.5
2018-12-11,Uttarakhand,Dehradun,15.9,32.1,24.0,49.5,49.7,19.0,22.6
2017-09-07,Nagaland,Kohima,23.1,32.5,27.8,193.9,73.5,15.4,28.5
2019-08-26,Madhya Pradesh,Bhopal,22.1,41.8,32.0,165.2,45.0,19.5,25.1
2019-09-12,Chandigarh,Chandigarh,22.1,33.7,27.9,192.7,74.9,14.1,20.6
2022-02-06,Madhya Pradesh,Bhopal,24.6,39.1,31.8,9.0,60.8,14.6,21.2
2015-02-10,Puducherry,Puducherry,18.1,24.4,21.2,27.5,72.2,6.5,24.6
2021-06-12,Ladakh,Leh,19.1,34.4,26.8,226.4,45.6,22.5,29.8
2017-07-31,Chandigarh,Chandigarh,15.5,22.4,19.0,281.4,63.4,22.8,21.7
2015-12-04,Tripura,Agartala,18.2,24.5,21.4,41.7,75.6,6.6,22.7
2018-08-30,Arunachal Pradesh,Itanagar,20.2,25.9,23.0,147.1,53.3,20.6,20.5
2018-01-03,Ladakh,Leh,23.0,32.9,28.0,25.8,47.9,19.3,25.5
2023-03-20,Nagaland,Kohima,15.2,20.9,18.0,16.6,63.9,12.7,27.6
2021-05-15,Chhattisgarh,Raipur,22.5,30.5,26.5,12.1,71.7,13.3,34.8
2023-11-22,Odisha,Bhubaneswar,26.9,34.6,30.8,48.6,58.2,12.7,27.1
2017-06-14,Nagaland,Kohima,19.2,27.9,23.5,250.5,44.2,10.1,29.0
2025-03-22,Lakshadweep,Kavaratti,20.5,32.1,26.3,30.7,67.9,5.9,22.9
2021-05-09,Rajasthan,Jodhpur,27.3,34.6,31.0,10.5,23.5,10.5,33.2
2022-11-24,Jharkhand,Ranchi,22.5,34.0,28.2,7.6,79.7,12.5,28.7
2022-04-21,Sikkim,Gangtok,23.6,31.9,27.8,8.6,63.9,10.0,27.1
2019-08-02,Madhya Pradesh,Bhopal,14.0,31.9,23.0,43.0,62.9,11.4,25.5
2022-12-19,Mizoram,Aizawl,11.9,32.5,22.2,53.4,48.3,15.7,20.8
2025-07-21,Himachal Pradesh,Mandi,15.4,25.1,20.2,71.2,62.0,11.0,26.7
2017-07-19,Telangana,Nizamabad,26.5,38.0,32.2,272.7,66.2,15.4,28.5
2015-10-16,Maharashtra,Nagpur,28.8,38.6,33.7,118.4,84.1,8.8,21.8
2016-12-24,Haryana,Faridabad,16.2,39.9,28.0,9.0,58.5,17.8,30.0
2023-01-19,Odisha,Bhubaneswar,24.3,33.4,28.8,25.0,84.4,18.9,28.0
2021-05-08,West Bengal,Darjeeling,27.0,32.4,29.7,82.6,61.0,16.5,26.0
2020-05-07,Chandigarh,Chandigarh,13.9,32.6,23.2,57.5,79.7,14.7,28.0
2017-12-25,Gujarat,Ahmedabad,24.3,41.3,32.8,34.3,65.3,5.3,23.7
2016-04-27,Uttar Pradesh,Kanpur,30.3,35.6,33.0,33.6,47.3,14.7,26.6
2017-07-24,Karnataka,Bangalore,24.5,37.9,31.2,137.6,60.8,8.4,24.3
2021-04-14,Maharashtra,Mumbai,22.9,34.7,28.8,39.5,54.8,14.1,34.1
2015-06-05,Rajasthan,Udaipur,15.9,37.2,26.6,88.6,24.2,16.5,32.1
2017-12-06,Haryana,Gurgaon,20.0,26.6,23.3,43.5,31.6,8.5,26.2
2020-05-12,Assam,Tinsukia,13.3,20.0,16.6,89.0,85.3,11.2,32.0
2021-11-06,West Bengal,Kolkata,25.5,37.7,31.6,36.8,74.2,9.0,28.7
2021-02-26,Andaman and Nicobar Islands,Port Blair,23.4,30.5,27.0,50.2,75.5,12.6,27.2
2019-08-11,Tamil Nadu,Chennai,26.4,37.2,31.8,225.5,83.0,17.4,21.5
2015-05-04,Nagaland,Kohima,19.2,27.4,23.3,31.0,72.4,19.6,33.7
2020-08-10,Jammu and Kashmir,Srinagar,6.5,19.9,13.2,295.7,76.9,22.7,24.3
2017-08-25,Madhya Pradesh,Bhopal,27.6,40.8,34.2,29.7,40.6,21.3,23.9
2025-06-27,Kerala,Thrissur,22.8,29.8,26.3,287.7,67.3,8.1,26.7
2017-05-04,Chhattisgarh,Raipur,23.2,28.7,26.0,33.9,58.3,16.7,27.5
2016-10-01,Karnataka,Hubli,21.1,26.3,23.7,91.3,70.9,8.9,28.9
2021-02-16,Karnataka,Mysore,18.9,29.1,24.0,60.7,62.7,14.8,23.0
2019-05-22,Dadra and Nagar Haveli and Daman and Diu,Daman,21.4,29.9,25.6,13.8,69.6,18.7,28.6
2022-01-07,Dadra and Nagar Haveli and Daman and Diu,Daman,18.8,31.5,25.2,63.2,47.9,13.5,27.4
2016-03-17,Madhya Pradesh,Bhopal,14.4,30.1,22.2,30.5,63.6,16.7,22.3
2020-04-28,Maharashtra,Nashik,20.8,36.1,28.4,95.1,48.1,11.2,33.3
2020-01-13,Tripura,Agartala,11.2,23.2,17.2,50.1,70.8,14.8,24.0
2020-01-04,Delhi,New Delhi,24.9,30.1,27.5,39.6,60.4,8.6,25.6
2020-12-30,Delhi,New Delhi,13.3,25.7,19.5,35.2,70.9,19.1,22.0
2023-12-07,Manipur,Imphal,24.9,34.7,29.8,12.9,76.5,13.5,28.8
2016-06-16,Meghalaya,Shillong,24.2,34.2,29.2,132.8,65.5,15.0,28.7
2021-03-24,Goa,North Goa,13.8,26.0,19.9,61.4,73.8,19.4,22.9
2018-08-29,Tripura,Agartala,19.8,31.9,25.8,73.6,54.7,13.1,29.9
2025-02-17,Manipur,Imphal,24.4,34.0,29.2,38.1,50.6,18.7,22.7
2017-08-06,Bihar,Patna,19.5,28.3,23.9,292.5,41.7,10.6,27.7
2024-03-27,Bihar,Patna,11.3,39.5,25.4,30.9,76.7,14.9,26.3
2025-03-14,Chandigarh,Chandigarh,23.7,31.9,27.8,33.1,48.7,7.2,27.9
2020-07-12,Puducherry,Puducherry,11.9,24.0,18.0,134.6,66.6,12.2,28.4
2016-04-04,Uttarakhand,Dehradun,13.1,31.4,22.2,64.5,47.7,17.1,32.1
2024-07-04,Dadra and Nagar Haveli and Daman and Diu,Daman,23.1,31.6,27.4,85.5,76.5,19.9,20.2
2016-07-04,Lakshadweep,Kavaratti,24.1,34.7,29.4,119.5,40.4,16.3,29.1
2016-01-28,Himachal Pradesh,Kangra,2.5,20.8,11.6,57.6,45.4,12.7,20.9
2019-11-23,Haryana,Karnal,19.0,31.1,25.0,16.9,64.1,10.7,27.0
2017-04-24,Maharashtra,Pune,27.5,33.8,30.6,23.7,40.4,9.6,33.2
2023-12-23,Delhi,New Delhi,21.6,33.9,27.8,58.2,41.0,10.8,20.1
2021-03-07,Tamil Nadu,Chennai,20.3,31.4,25.8,42.4,69.5,6.0,25.9
2018-02-12,Rajasthan,Jaipur,11.6,28.6,20.1,15.7,29.0,9.7,20.0
2025-06-05,Kerala,Kozhikode,23.0,28.5,25.8,560.7,62.2,22.3,29.9
2016-10-07,Arunachal Pradesh,Itanagar,17.7,32.4,25.0,53.7,49.5,5.4,27.8
2024-02-05,Madhya Pradesh,Bhopal,12.9,32.3,22.6,56.8,52.0,9.3,21.8
2021-03-16,Bihar,Purnia,8.6,30.1,19.4,46.3,58.5,7.9,22.4
2021-09-20,Punjab,Patiala,29.0,34.1,31.6,85.4,31.6,10.9,29.3
2019-01-06,Maharashtra,Pune,19.8,33.9,26.8,49.9,68.5,17.8,22.9
2025-01-22,Chandigarh,Chandigarh,11.2,20.0,15.6,35.7,60.6,19.1,20.2
2018-10-09,Andaman and Nicobar Islands,Port Blair,21.4,27.0,24.2,10.5,66.2,18.6,22.9
2023-01-14,Haryana,Faridabad,11.7,31.1,21.4,39.9,64.8,8.7,27.4
2022-02-18,Kerala,Thrissur,22.9,31.8,27.4,48.9,64.4,19.0,25.5
2022-02-10,Uttar Pradesh,Varanasi,5.1,35.4,20.2,43.0,46.3,12.0,24.5
2015-05-22,Arunachal Pradesh,Itanagar,14.1,34.7,24.4,43.1,75.9,13.8,31.9
2022-04-13,Maharashtra,Mumbai,18.4,31.9,25.2,92.9,45.5,15.2,25.8
2016-05-15,Goa,North Goa,22.1,34.8,28.4,48.9,43.1,13.8,32.4
2017-04-19,Dadra and Nagar Haveli and Daman and Diu,Daman,24.0,29.3,26.6,59.3,45.3,16.9,33.9
2022-07-12,Mizoram,Aizawl,22.9,32.5,27.7,160.2,75.0,15.8,21.9
2024-11-27,Tripura,Agartala,24.1,31.3,27.7,48.7,48.0,6.7,25.5
2019-08-10,Lakshadweep,Kavaratti,18.3,27.6,23.0,107.3,55.0,19.9,23.6
2019-04-15,Kerala,Thrissur,24.8,30.4,27.6,141.4,80.7,10.2,25.1
2020-08-08,Madhya Pradesh,Bhopal,27.7,41.7,34.7,236.1,46.9,9.1,23.1
2025-09-22,Odisha,Bhubaneswar,19.6,26.2,22.9,228.9,71.2,18.9,20.5
2019-03-11,Tripura,Agartala,14.1,24.7,19.4,67.5,76.1,8.9,24.9
2016-08-18,Dadra and Nagar Haveli and Daman and Diu,Daman,16.4,28.6,22.5,100.1,58.5,10.2,27.1
2020-03-19,Tripura,Agartala,15.5,28.4,22.0,47.3,73.5,6.2,24.8
2015-10-08,Meghalaya,Shillong,23.4,30.6,27.0,36.1,43.4,16.3,20.9
2016-02-28,Tamil Nadu,Madurai,25.0,33.0,29.0,40.4,70.5,13.5,24.1
2022-12-13,Maharashtra,Nashik,21.3,33.3,27.3,40.7,44.6,17.0,27.0
2015-09-27,Goa,North Goa,11.3,19.3,15.3,48.0,71.6,19.6,24.1
2015-06-03,Tripura,Agartala,22.3,34.8,28.6,291.7,79.2,20.7,27.2
2022-04-15,Tamil Nadu,Coimbatore,20.5,35.6,28.0,37.8,61.8,6.1,32.1
2019-10-17,Kerala,Thrissur,23.3,29.7,26.5,106.6,89.4,12.5,26.1
2016-10-23,Madhya Pradesh,Bhopal,13.6,22.4,18.0,30.2,63.8,18.6,26.4
2020-05-21,Ladakh,Leh,15.4,31.4,23.4,25.4,48.8,16.9,32.5
2015-03-24,Puducherry,Puducherry,23.2,32.1,27.6,67.8,41.1,8.8,28.0
2025-02-10,Goa,North Goa,16.4,24.7,20.5,60.7,72.9,11.8,24.7
2023-03-14,Haryana,Faridabad,24.5,37.6,31.0,44.0,55.8,7.8,25.5
2023-01-25,Haryana,Karnal,14.6,20.2,17.4,13.8,38.2,6.2,24.5
2018-12-20,Delhi,New Delhi,17.6,26.8,22.2,33.9,62.0,6.8,25.6
2018-07-22,Puducherry,Puducherry,20.6,33.8,27.2,104.4,69.9,17.1,25.0
2025-05-12,Manipur,Imphal,23.8,32.6,28.2,30.6,68.5,19.4,34.2
2021-05-20,Ladakh,Leh,24.7,30.2,27.4,36.0,57.3,10.8,26.8
2017-09-06,Jammu and Kashmir,Srinagar,16.6,27.3,22.0,197.6,57.9,13.8,27.9
2021-01-29,Sikkim,Gangtok,17.9,30.3,24.1,12.0,58.9,7.0,20.5
2024-04-21,Tamil Nadu,Chennai,25.5,32.6,29.0,96.9,71.2,14.7,27.0
2025-05-17,Sikkim,Gangtok,11.9,26.4,19.2,69.8,42.2,12.6,27.0
2023-08-01,Chhattisgarh,Raipur,21.7,32.4,27.0,47.2,64.7,22.8,25.3
2023-08-11,Dadra and Nagar Haveli and Daman and Diu,Daman,14.3,21.7,18.0,297.1,62.6,13.6,22.1
2022-09-11,Madhya Pradesh,Bhopal,30.9,39.7,35.3,32.7,32.4,22.1,27.1
2019-07-18,West Bengal,Kolkata,11.9,30.1,21.0,232.9,81.5,12.1,23.8
2018-10-30,Punjab,Patiala,9.2,20.7,15.0,13.5,31.0,5.7,28.4
2016-09-24,Delhi,New Delhi,22.1,28.2,25.2,207.0,69.8,8.8,20.9
2019-03-12,Meghalaya,Shillong,18.4,27.7,23.0,54.0,62.3,5.5,26.8
2017-02-25,Andaman and Nicobar Islands,Port Blair,13.1,23.4,18.2,56.5,70.9,10.2,20.9
2023-03-10,Tamil Nadu,Chennai,26.2,37.1,31.6,96.8,61.1,6.9,29.4
2023-05-18,Telangana,Warangal,22.8,28.9,25.8,42.4,47.6,10.3,28.2
2016-02-02,Puducherry,Puducherry,24.8,33.1,29.0,39.4,60.6,14.1,28.7
2018-02-17,Gujarat,Rajkot,17.5,34.2,25.8,19.5,52.9,12.8,20.3
2017-07-22,Bihar,Purnia,20.8,35.9,28.4,104.0,44.3,11.2,26.4
2018-12-31,Puducherry,Puducherry,17.0,33.2,25.1,24.9,54.6,12.9,24.6
2020-01-27,Sikkim,Gangtok,18.2,26.9,22.5,16.7,72.1,5.6,23.7
2022-06-16,Chhattisgarh,Raipur,11.3,30.1,20.7,122.3,41.2,9.1,27.0
2023-03-03,Tamil Nadu,Coimbatore,26.3,36.7,31.5,99.7,58.4,5.9,22.8
2021-11-17,Manipur,Imphal,12.7,30.0,21.4,72.8,50.9,9.9,23.5
2015-10-13,Dadra and Nagar Haveli and Daman and Diu,Daman,22.9,32.0,27.4,73.2,65.1,15.6,20.9
2015-09-22,Himachal Pradesh,Kangra,19.0,27.8,23.4,175.2,55.5,9.2,21.3
2021-06-25,Tripura,Agartala,10.2,35.0,22.6,240.2,71.9,19.0,29.8
2022-06-13,Tripura,Agartala,11.3,17.7,14.5,276.6,40.0,18.5,31.3
2024-06-09,Rajasthan,Jodhpur,22.5,44.6,33.6,39.7,51.4,18.1,34.7
2022-11-07,Himachal Pradesh,Kangra,18.7,24.5,21.6,30.0,74.0,8.4,23.8
2020-11-06,Sikkim,Gangtok,19.4,30.4,24.9,49.8,68.5,15.9,27.4
2019-08-05,Tamil Nadu,Madurai,27.9,34.7,31.3,55.9,62.2,21.7,20.8
2018-05-11,Bihar,Gaya,22.2,32.6,27.4,69.9,77.1,16.8,26.0
2017-03-31,Andaman and Nicobar Islands,Port Blair,10.4,18.1,14.2,27.5,49.7,10.5,21.4
2019-10-29,Manipur,Imphal,21.3,33.7,27.5,39.2,78.3,6.8,21.1
2023-05-07,Andhra Pradesh,Krishna,22.0,39.8,30.9,37.1,77.7,8.0,33.5
2021-07-09,Chandigarh,Chandigarh,14.7,30.9,22.8,292.8,77.3,20.5,20.5
2021-03-19,Andaman and Nicobar Islands,Port Blair,19.1,33.2,26.2,33.0,69.2,7.1,21.8
2015-02-10,Punjab,Amritsar,21.1,32.2,26.6,14.8,41.3,14.3,27.3
2019-09-28,Delhi,New Delhi,13.1,34.2,23.7,22.3,68.0,12.4,24.8
2015-03-09,Ladakh,Leh,18.5,30.0,24.2,59.3,73.0,6.1,27.0
2017-09-14,Sikkim,Gangtok,16.0,32.5,24.2,190.5,40.4,18.0,29.3
2019-12-05,Madhya Pradesh,Bhopal,11.8,29.3,20.6,39.4,37.8,14.8,20.5
2022-01-05,Gujarat,Rajkot,30.4,40.4,35.4,47.3,46.7,5.5,23.4
2025-02-25,Haryana,Gurgaon,17.9,38.9,28.4,44.7,53.8,15.9,29.5
2025-02-10,West Bengal,Howrah,25.3,35.4,30.4,72.1,69.0,16.3,28.1
2019-06-10,Himachal Pradesh,Kangra,4.4,19.2,11.8,240.5,67.0,16.9,28.2
2019-07-14,Tripura,Agartala,19.1,30.8,25.0,141.1,78.4,17.8,28.5
2023-10-04,Meghalaya,Shillong,11.9,30.6,21.2,47.1,52.3,7.0,23.8
2018-07-02,Jharkhand,Ranchi,16.6,23.5,20.0,207.6,52.3,20.1,26.5
2016-11-25,Karnataka,Mysore,21.1,30.4,25.8,94.8,82.7,11.3,26.8
2023-06-15,Dadra and Nagar Haveli and Daman and Diu,Daman,24.7,35.0,29.8,40.2,62.1,18.9,26.9
2021-11-29,Kerala,Thrissur,24.5,32.1,28.3,87.2,68.2,9.5,20.8
2017-12-21,Dadra and Nagar Haveli and Daman and Diu,Daman,24.0,31.3,27.6,16.4,45.7,11.1,26.3
2023-01-07,Maharashtra,Mumbai,27.3,39.4,33.4,83.1,58.9,11.3,25.7
2021-10-15,Lakshadweep,Kavaratti,18.1,30.7,24.4,40.2,42.4,12.5,20.2
2019-08-21,Mizoram,Aizawl,12.7,24.4,18.5,174.4,47.4,12.1,23.7
2021-05-04,Jammu and Kashmir,Srinagar,3.9,30.0,17.0,62.3,72.4,13.5,34.6
2017-11-24,Andhra Pradesh,Chittoor,27.3,34.8,31.0,49.7,66.3,13.7,28.2
2017-02-17,Andaman and Nicobar Islands,Port Blair,17.6,31.6,24.6,22.5,77.3,6.3,29.9
2024-12-26,Bihar,Patna,21.9,33.1,27.5,30.2,56.2,16.7,21.4
2016-05-08,Tamil Nadu,Madurai,22.0,28.4,25.2,48.4,63.6,14.7,35.0
2019-05-05,West Bengal,Howrah,26.1,37.2,31.6,84.3,60.8,10.8,27.5
2019-02-01,Meghalaya,Shillong,12.0,24.8,18.4,67.8,69.8,19.8,21.9
2019-11-26,Kerala,Ernakulam,23.5,33.7,28.6,82.6,70.7,17.2,24.3
2016-10-22,Rajasthan,Udaipur,32.8,39.7,36.2,36.1,31.1,9.3,24.2
2018-09-10,Mizoram,Aizawl,17.7,27.8,22.8,261.4,71.8,12.6,25.1
2018-08-20,Madhya Pradesh,Bhopal,19.5,25.5,22.5,184.6,37.3,22.0,24.0
2018-07-23,Lakshadweep,Kavaratti,19.3,33.1,26.2,70.5,61.6,11.6,25.1
2020-06-09,Manipur,Imphal,18.7,25.6,22.2,182.6,58.2,15.8,34.0
2025-04-13,Kerala,Thrissur,23.5,31.6,27.6,83.8,78.7,10.5,33.0
2023-05-19,Manipur,Imphal,14.3,24.0,19.2,46.2,50.4,6.3,27.1
2020-08-06,Puducherry,Puducherry,23.7,28.8,26.2,57.4,70.3,22.7,26.9
2023-12-17,Goa,North Goa,23.8,34.1,29.0,38.6,53.3,14.5,25.3
2024-08-17,Mizoram,Aizawl,10.4,34.2,22.3,179.7,75.0,19.0,23.4
2020-04-12,Punjab,Patiala,27.5,38.4,33.0,24.3,63.6,9.1,31.7
2018-09-09,Himachal Pradesh,Mandi,2.3,27.0,14.6,229.7,46.1,8.3,23.9
2017-11-24,Chhattisgarh,Raipur,20.1,27.9,24.0,73.1,77.4,14.0,23.2
2017-09-03,Tamil Nadu,Madurai,27.2,36.9,32.0,71.0,66.7,22.7,24.5
2016-04-26,Delhi,New Delhi,24.0,34.9,29.4,32.1,78.6,7.1,26.6
2016-12-28,Maharashtra,Pune,21.3,32.7,27.0,30.8,55.3,6.6,24.3
2021-12-02,Mizoram,Aizawl,22.4,31.9,27.2,61.7,45.4,11.0,20.4
2023-08-03,Odisha,Bhubaneswar,20.5,34.4,27.4,244.8,52.1,8.9,23.1
2017-10-28,Delhi,New Delhi,21.6,26.8,24.2,48.1,47.3,19.2,24.3
2024-03-26,Andhra Pradesh,Chittoor,20.5,35.8,28.2,41.5,76.4,14.8,26.9
2015-12-09,Madhya Pradesh,Bhopal,26.9,36.1,31.5,48.6,32.0,16.5,26.4
2024-08-03,Uttarakhand,Dehradun,18.5,27.2,22.8,52.0,65.9,15.1,22.2
2018-12-18,Goa,North Goa,10.7,26.1,18.4,13.8,77.2,7.3,20.3
2021-07-07,Goa,North Goa,13.9,21.7,17.8,241.5,51.6,11.7,29.9
2021-10-21,Delhi,New Delhi,12.3,18.8,15.6,26.4,56.2,16.4,29.6
2025-01-07,Chandigarh,Chandigarh,21.5,32.7,27.1,74.4,70.6,7.1,24.6
2021-01-30,Jammu and Kashmir,Srinagar,10.1,19.6,14.8,20.7,68.5,9.2,26.2
2022-02-19,Tamil Nadu,Madurai,22.6,32.9,27.8,40.3,64.4,16.0,28.8
2016-06-10,Jharkhand,Ranchi,17.6,30.2,23.9,262.0,45.7,10.4,28.6
2020-03-11,Odisha,Bhubaneswar,19.6,39.8,29.7,60.8,68.3,13.7,28.8
2016-10-20,West Bengal,Darjeeling,14.4,28.9,21.6,41.2,81.2,16.7,29.6
2020-09-04,Tamil Nadu,Madurai,23.6,30.1,26.8,362.7,81.2,11.5,22.8
2017-03-30,Bihar,Patna,14.9,29.0,22.0,63.9,45.8,15.5,23.5
2022-04-06,Punjab,Amritsar,9.9,23.4,16.6,29.0,66.9,14.4,31.1
2016-02-10,Odisha,Bhubaneswar,16.6,23.1,19.8,21.7,53.3,13.6,24.5
2021-03-29,Uttarakhand,Dehradun,10.1,22.1,16.1,13.9,79.5,11.9,24.3
2022-01-24,Puducherry,Puducherry,19.7,28.4,24.0,55.1,76.2,12.5,23.8
2025-08-26,Bihar,Muzaffarpur,19.5,33.9,26.7,260.4,55.8,8.8,26.3
2019-04-23,Gujarat,Ahmedabad,31.8,41.2,36.5,39.1,37.1,16.2,25.8
2019-12-17,Gujarat,Surat,23.4,33.4,28.4,45.7,36.4,16.8,20.5
2016-05-19,Uttar Pradesh,Varanasi,23.9,32.7,28.3,58.7,63.6,9.6,27.4
2025-03-29,Uttar Pradesh,Lucknow,22.3,31.3,26.8,15.3,62.4,15.9,22.4
2015-06-28,Odisha,Bhubaneswar,23.0,36.0,29.5,379.1,78.1,14.3,33.4
2015-05-12,Himachal Pradesh,Kangra,8.8,15.9,12.4,32.2,72.2,19.3,34.8
2020-01-21,Punjab,Patiala,21.0,32.7,26.8,12.3,34.1,12.8,27.3
2019-01-18,Meghalaya,Shillong,14.9,30.1,22.5,45.0,77.6,8.1,25.9
2021-07-23,Mizoram,Aizawl,16.2,24.8,20.5,120.0,51.8,15.9,25.6
2022-01-31,Sikkim,Gangtok,23.0,33.5,28.2,26.2,77.3,18.0,26.3
2017-02-10,Madhya Pradesh,Bhopal,10.4,21.0,15.7,48.4,48.2,6.9,24.1
2018-11-30,Kerala,Thrissur,22.6,34.2,28.4,136.2,71.6,7.1,23.6
2020-10-24,Jharkhand,Ranchi,11.9,22.4,17.2,59.0,51.7,13.2,21.2
2016-08-01,Andhra Pradesh,Guntur,23.5,29.0,26.2,182.5,60.4,21.1,23.9
2022-12-11,Lakshadweep,Kavaratti,18.4,34.7,26.6,50.0,60.0,6.5,28.2
2019-02-24,Chandigarh,Chandigarh,19.6,25.7,22.6,22.2,61.5,5.7,27.2
2015-07-13,Haryana,Hisar,10.7,27.6,19.2,63.5,49.6,10.8,25.9
2020-06-30,Rajasthan,Jaipur,32.8,43.6,38.2,46.2,39.9,14.3,34.7
2018-03-31,Sikkim,Gangtok,22.0,27.9,25.0,16.8,68.1,7.4,29.5
2021-07-22,Nagaland,Kohima,24.9,33.9,29.4,27.5,59.3,14.1,28.0
2023-03-18,Arunachal Pradesh,Itanagar,14.3,25.4,19.8,11.5,53.7,19.6,29.4
2018-10-16,Himachal Pradesh,Mandi,15.0,29.1,22.0,23.7,64.9,12.5,24.2
2019-11-28,Assam,Tinsukia,14.9,33.0,24.0,85.6,85.3,15.6,21.4
2025-01-03,Uttar Pradesh,Kanpur,6.3,37.1,21.7,32.0,70.5,9.5,28.6
2018-01-15,Rajasthan,Jodhpur,30.8,39.3,35.0,17.9,34.0,5.5,26.9
2024-02-16,Chandigarh,Chandigarh,14.1,33.2,23.7,67.8,68.9,7.7,20.9
2021-03-11,West Bengal,Darjeeling,24.7,37.1,30.9,50.5,64.1,10.9,28.3
2025-03-25,Ladakh,Leh,20.6,26.7,23.6,49.4,40.4,15.7,27.6
2025-05-21,Uttar Pradesh,Lucknow,27.0,38.3,32.6,14.9,69.7,18.5,31.3
2020-04-20,Puducherry,Puducherry,14.1,22.0,18.0,21.2,40.7,5.2,28.0
2022-03-05,Haryana,Faridabad,28.1,37.4,32.8,22.4,30.4,19.8,24.6
2017-02-18,Jharkhand,Ranchi,24.9,33.6,29.2,8.6,74.4,13.0,24.5
2015-09-19,Maharashtra,Mumbai,27.1,38.2,32.7,406.4,74.2,17.6,26.8
2016-12-30,Manipur,Imphal,22.9,32.8,27.8,12.1,65.8,7.5,20.1
2015-10-10,Mizoram,Aizawl,13.2,20.8,17.0,12.1,48.6,13.5,21.5
2025-03-08,Nagaland,Kohima,14.2,32.6,23.4,67.2,53.3,18.5,25.9
2019-01-30,Lakshadweep,Kavaratti,13.4,30.9,22.2,69.5,66.4,8.0,20.9
2024-06-13,Tamil Nadu,Chennai,21.8,30.6,26.2,160.1,67.4,15.6,29.7
2015-12-28,Tamil Nadu,Chennai,22.8,28.9,25.8,47.6,84.5,14.8,24.4
2024-08-21,Jammu and Kashmir,Srinagar,1.7,11.7,6.7,189.4,59.9,8.3,20.9
2016-03-16,Manipur,Imphal,15.3,22.4,18.8,72.0,41.4,19.6,26.6
2020-11-10,Telangana,Warangal,22.9,34.4,28.6,36.7,62.9,7.3,21.2
2019-07-03,West Bengal,Darjeeling,19.5,25.5,22.5,174.5,87.1,21.1,28.3
2022-09-01,Meghalaya,Shillong,17.6,22.9,20.2,54.0,76.8,20.5,23.8
2017-05-16,Meghalaya,Shillong,20.9,33.7,27.3,48.4,74.1,8.7,29.6
2018-12-18,Goa,North Goa,18.7,30.8,24.8,74.1,73.8,5.8,21.7
2015-05-22,Arunachal Pradesh,Itanagar,19.9,27.3,23.6,16.1,66.7,13.0,33.1
2018-08-07,Madhya Pradesh,Bhopal,17.0,28.6,22.8,53.1,56.1,18.6,21.4
2018-12-26,Himachal Pradesh,Shimla,5.1,13.2,9.1,58.6,48.4,7.3,20.7
2022-08-28,Puducherry,Puducherry,22.5,28.4,25.4,28.3,42.6,13.5,26.0
2020-02-19,Mizoram,Aizawl,16.0,27.4,21.7,69.4,70.4,10.1,21.5
2020-01-22,Uttarakhand,Dehradun,21.2,31.2,26.2,72.4,76.3,13.5,20.7
2019-09-09,Andaman and Nicobar Islands,Port Blair,10.5,31.8,21.2,215.5,62.4,18.3,25.4
2022-05-24,Sikkim,Gangtok,18.7,26.3,22.5,36.9,40.4,15.0,28.3
2016-12-01,Telangana,Hyderabad,25.9,39.3,32.6,48.5,53.1,8.1,22.5
2017-09-24,Gujarat,Surat,31.8,40.0,35.9,99.3,39.2,19.6,23.9
2020-09-27,Puducherry,Puducherry,14.5,22.9,18.7,72.0,50.9,17.4,22.4
2018-08-18,Kerala,Ernakulam,22.2,30.0,26.1,392.4,61.8,14.8,20.5
2017-05-30,Tamil Nadu,Chennai,26.1,37.1,31.6,96.7,74.2,14.5,31.9
2018-04-28,Manipur,Imphal,22.8,33.6,28.2,35.7,66.0,7.4,31.9
2018-03-05,Delhi,New Delhi,21.0,33.2,27.1,62.2,57.6,18.6,29.8
2016-07-08,Madhya Pradesh,Bhopal,31.5,39.7,35.6,143.1,48.3,12.5,23.3
2016-02-08,Tamil Nadu,Coimbatore,21.7,37.5,29.6,65.8,82.7,10.8,23.0
2017-06-10,Lakshadweep,Kavaratti,12.0,22.4,17.2,269.2,63.3,14.8,30.7
2022-12-22,Jammu and Kashmir,Srinagar,17.9,24.3,21.1,72.8,66.6,17.8,25.3
2016-08-24,Andhra Pradesh,Guntur,22.4,34.5,28.4,57.7,75.6,17.7,22.8
2020-01-05,Chhattisgarh,Raipur,14.1,33.5,23.8,63.9,70.5,11.2,28.7
2015-12-07,Madhya Pradesh,Bhopal,15.4,20.9,18.2,28.8,66.8,13.6,22.3
2025-06-25,Chhattisgarh,Raipur,19.8,32.4,26.1,174.1,73.7,16.9,26.0
2020-05-22,Lakshadweep,Kavaratti,22.1,28.3,25.2,66.8,60.9,16.0,34.7
2016-12-04,Rajasthan,Udaipur,20.8,34.6,27.7,33.5,24.4,5.4,26.0
2015-11-14,Telangana,Warangal,20.0,28.8,24.4,73.5,66.1,17.8,29.0
2022-04-19,Nagaland,Kohima,11.8,33.7,22.8,65.7,41.8,19.7,29.6
2018-10-18,Rajasthan,Jodhpur,34.4,44.0,39.2,19.0,40.5,9.1,24.9
2025-08-29,Jharkhand,Ranchi,11.6,33.3,22.4,219.7,72.2,16.0,21.3
2021-08-26,Telangana,Warangal,24.4,32.9,28.6,42.6,64.6,20.8,27.1
2021-03-30,Rajasthan,Udaipur,15.6,40.6,28.1,14.1,28.7,19.4,20.2
2019-12-06,Tripura,Agartala,12.5,25.7,19.1,16.7,46.7,14.5,28.2
2018-09-29,Tamil Nadu,Chennai,25.3,31.1,28.2,362.3,82.3,12.2,25.5
2019-04-22,Sikkim,Gangtok,17.3,30.8,24.0,73.5,79.5,12.6,25.9
2017-03-27,Bihar,Purnia,15.4,28.5,22.0,44.8,78.4,8.9,25.4
2016-07-06,Puducherry,Puducherry,14.4,33.7,24.0,297.2,74.8,13.1,22.8
2024-11-09,Goa,North Goa,16.5,31.6,24.0,5.7,79.8,18.3,20.2
2017-05-05,West Bengal,Darjeeling,16.9,33.0,25.0,37.8,55.7,14.4,34.0
2019-12-18,Dadra and Nagar Haveli and Daman and Diu,Daman,24.3,29.4,26.8,66.2,62.4,8.6,26.2
2022-11-06,Jammu and Kashmir,Srinagar,19.9,26.3,23.1,28.0,68.0,5.6,28.2
2024-12-21,Tamil Nadu,Coimbatore,25.2,36.8,31.0,30.8,79.7,11.7,21.3
2015-07-02,Goa,North Goa,23.5,33.1,28.3,67.1,49.9,12.0,29.6
2023-07-10,Meghalaya,Shillong,23.3,30.6,27.0,150.7,51.4,19.1,21.6
2019-04-24,Arunachal Pradesh,Itanagar,15.1,29.1,22.1,66.4,65.4,19.1,34.3
2016-02-01,Telangana,Nizamabad,26.6,33.9,30.2,54.4,47.7,10.0,27.6
2019-09-24,Mizoram,Aizawl,22.8,30.8,26.8,166.6,55.4,15.2,25.1
2022-09-27,Andhra Pradesh,Krishna,26.9,38.0,32.4,293.5,63.1,9.2,26.9
2019-02-26,Goa,North Goa,17.5,33.0,25.2,15.3,65.8,11.9,24.2
2025-03-19,Chhattisgarh,Raipur,18.5,31.4,25.0,64.6,49.4,9.4,25.5
2017-06-25,Andaman and Nicobar Islands,Port Blair,15.2,28.6,21.9,76.0,52.3,12.9,34.9
2018-09-18,Kerala,Kozhikode,24.6,34.1,29.4,356.8,74.0,9.1,22.0
2020-12-14,Assam,Cachar,23.4,31.9,27.6,148.4,80.7,10.7,22.7
2024-12-08,Andhra Pradesh,Visakhapatnam,29.2,36.4,32.8,19.5,58.3,14.7,21.3
2024-12-07,Uttarakhand,Dehradun,11.4,24.9,18.2,10.9,55.7,9.8,23.9
2015-01-01,Telangana,Nizamabad,23.9,31.0,27.4,38.8,54.5,16.9,26.9
2023-11-14,Odisha,Bhubaneswar,28.1,37.7,32.9,20.9,67.7,16.1,28.4
2025-02-08,Haryana,Karnal,9.5,20.2,14.8,43.8,49.4,11.8,24.9
2015-01-19,Arunachal Pradesh,Itanagar,12.6,28.5,20.6,61.6,73.5,5.5,27.2
2024-04-26,Chandigarh,Chandigarh,11.4,34.4,22.9,38.8,71.0,14.3,34.5
2016-08-06,Chandigarh,Chandigarh,24.6,31.1,27.8,155.2,60.2,10.7,29.0
2016-03-31,Lakshadweep,Kavaratti,15.2,21.5,18.4,15.8,60.5,18.2,26.3
2023-03-24,Andhra Pradesh,Visakhapatnam,22.1,30.9,26.5,73.4,51.6,19.9,29.1
2020-07-29,Madhya Pradesh,Bhopal,24.9,41.3,33.1,53.5,67.7,11.2,25.5
2018-02-06,Karnataka,Mysore,22.9,33.1,28.0,34.1,75.1,16.1,29.5
2024-02-22,Jharkhand,Ranchi,17.6,29.4,23.5,68.2,76.8,14.7,28.2
2021-10-28,Uttar Pradesh,Kanpur,18.6,30.7,24.6,52.5,68.9,8.6,20.5
2024-01-25,Punjab,Amritsar,19.1,37.5,28.3,16.1,60.7,11.2,23.4
2020-05-06,Mizoram,Aizawl,12.6,33.9,23.2,20.8,51.2,10.0,27.8
2024-03-26,Mizoram,Aizawl,12.4,23.6,18.0,38.0,62.1,7.3,27.8
2022-04-03,Bihar,Purnia,14.9,38.4,26.6,31.4,74.5,10.3,30.1
2020-11-20,Chhattisgarh,Raipur,15.6,26.2,20.9,48.3,67.7,18.1,25.7
2017-09-14,Tamil Nadu,Madurai,21.7,37.9,29.8,286.2,63.1,22.5,29.6
2024-02-04,Jharkhand,Ranchi,11.2,16.6,13.9,8.1,67.4,15.7,27.2
2024-08-25,West Bengal,Darjeeling,21.3,29.6,25.5,116.9,87.1,21.7,22.4
2016-06-03,Delhi,New Delhi,12.5,24.1,18.3,33.6,46.5,13.7,27.4
2023-10-30,Uttar Pradesh,Varanasi,24.9,40.9,32.9,55.0,60.2,15.6,24.9
2017-05-08,Andaman and Nicobar Islands,Port Blair,12.2,28.5,20.4,29.5,40.2,13.6,27.0
2015-06-23,Uttarakhand,Dehradun,23.3,34.6,29.0,65.4,41.2,8.1,34.1
2018-09-28,Nagaland,Kohima,12.3,25.0,18.6,36.0,54.9,19.8,24.1
2025-03-30,Jharkhand,Ranchi,21.6,32.4,27.0,41.2,69.5,18.2,27.9
2023-05-11,Chhattisgarh,Raipur,20.4,32.1,26.2,16.3,78.0,8.1,28.5
2021-10-14,Jharkhand,Ranchi,17.8,24.3,21.0,46.6,47.3,18.9,28.9
2016-12-27,Rajasthan,Jaipur,23.6,36.0,29.8,6.3,52.9,10.7,22.5
2025-04-18,Telangana,Warangal,29.9,38.3,34.1,14.8,72.1,16.3,29.0
2019-09-07,Assam,Cachar,11.9,25.9,18.9,481.7,62.7,10.5,26.2
2020-02-19,Dadra and Nagar Haveli and Daman and Diu,Daman,18.4,33.9,26.2,62.0,76.8,12.0,27.9
2022-12-07,Arunachal Pradesh,Itanagar,10.7,21.4,16.0,50.1,70.5,13.6,24.8
2019-08-09,Arunachal Pradesh,Itanagar,13.5,21.4,17.4,265.1,45.7,14.5,28.9
2018-09-09,Puducherry,Puducherry,12.2,19.5,15.8,213.9,53.3,14.5,26.3
2017-09-16,Punjab,Patiala,14.5,35.9,25.2,194.4,67.3,16.2,23.5
2025-04-02,Delhi,New Delhi,16.5,26.0,21.2,35.9,40.5,5.8,32.7
2022-05-10,Bihar,Purnia,15.4,36.0,25.7,41.2,72.2,15.0,27.0
2016-02-24,Karnataka,Belgaum,22.5,34.9,28.7,39.8,48.7,13.1,22.7
2016-08-16,Chhattisgarh,Raipur,18.9,26.9,22.9,273.8,53.8,21.6,22.8
2021-12-07,Tripura,Agartala,19.1,25.5,22.3,59.5,48.0,18.0,24.5
2025-03-19,Puducherry,Puducherry,11.4,23.2,17.3,59.6,43.1,14.4,25.1
2019-11-10,Himachal Pradesh,Kangra,6.2,25.4,15.8,13.4,59.9,12.6,20.9
2021-09-25,Goa,North Goa,12.0,24.4,18.2,170.2,42.1,8.2,21.9
2017-07-24,Nagaland,Kohima,17.3,22.8,20.0,225.3,46.1,19.6,22.0
2018-01-12,Maharashtra,Mumbai,22.2,33.3,27.8,49.9,41.1,18.6,22.9
2018-02-10,Odisha,Bhubaneswar,17.0,24.4,20.7,97.7,54.3,10.2,20.7
2025-06-05,Maharashtra,Nagpur,26.8,36.7,31.8,285.4,78.5,16.6,34.6
2015-11-28,Mizoram,Aizawl,19.3,28.1,23.7,7.6,69.0,10.6,26.0
2024-06-11,Jammu and Kashmir,Srinagar,17.5,22.6,20.0,237.5,57.4,9.9,30.8
2025-06-23,Andaman and Nicobar Islands,Port Blair,18.0,33.1,25.6,166.0,73.1,16.2,29.5
2022-05-26,Mizoram,Aizawl,15.6,23.1,19.4,45.9,61.8,19.6,29.1
2020-09-19,Haryana,Hisar,15.5,23.7,19.6,127.6,63.9,11.7,20.1
2019-11-29,Andhra Pradesh,Guntur,26.9,32.2,29.6,36.6,68.4,10.8,22.6
2017-08-16,Ladakh,Leh,22.0,29.4,25.7,70.4,55.5,10.0,26.9
2025-08-04,Gujarat,Ahmedabad,27.1,32.2,29.6,145.1,42.0,17.8,27.1
2015-04-15,Chhattisgarh,Raipur,14.2,22.1,18.2,62.8,69.6,17.6,29.4
2015-07-21,Telangana,Nizamabad,23.5,32.5,28.0,169.8,65.9,20.2,21.8
2021-11-02,West Bengal,Kolkata,17.3,29.5,23.4,66.1,71.7,17.0,28.9
2020-01-17,Mizoram,Aizawl,12.4,29.9,21.2,38.5,56.7,6.7,20.6
2020-02-10,Punjab,Amritsar,29.4,38.0,33.7,25.4,60.5,6.4,26.1
2020-06-19,Assam,Cachar,19.9,29.5,24.7,226.3,93.4,12.5,26.2
2018-07-13,Uttar Pradesh,Varanasi,22.0,35.6,28.8,186.0,67.7,17.3,22.1
2017-06-28,Manipur,Imphal,23.3,30.0,26.6,46.3,52.1,15.2,27.1
2015-07-29,Haryana,Faridabad,13.3,29.4,21.4,78.1,33.6,11.0,27.9
2016-07-16,Madhya Pradesh,Bhopal,31.0,36.9,34.0,169.8,66.2,12.5,28.3
2023-09-25,Assam,Tinsukia,23.6,30.5,27.0,128.4,92.1,13.0,20.1
2022-07-23,Andhra Pradesh,Chittoor,24.7,30.9,27.8,274.4,54.6,12.6,27.9
2024-06-10,Himachal Pradesh,Shimla,16.1,29.1,22.6,169.3,79.5,15.7,32.9
2024-12-01,Dadra and Nagar Haveli and Daman and Diu,Daman,15.4,34.1,24.8,53.0,43.1,6.6,28.9
2019-04-13,Uttar Pradesh,Kanpur,26.9,35.2,31.0,33.7,72.6,6.6,26.4
2017-02-09,Mizoram,Aizawl,20.7,26.5,23.6,29.7,50.1,16.4,20.0
2023-08-22,Puducherry,Puducherry,11.7,18.5,15.1,109.1,49.3,11.4,23.7
2021-11-06,Himachal Pradesh,Mandi,4.3,11.5,7.9,47.9,78.1,14.1,27.6
2022-06-07,Madhya Pradesh,Bhopal,31.4,37.3,34.3,121.2,53.3,12.8,31.1
2016-09-20,Chhattisgarh,Raipur,19.4,33.3,26.4,253.1,45.7,10.5,22.2
2024-10-25,Madhya Pradesh,Bhopal,15.7,32.7,24.2,23.0,68.1,6.8,22.5
2019-06-17,Andhra Pradesh,Guntur,28.7,37.4,33.0,182.3,67.8,11.8,32.6
2019-08-29,Tripura,Agartala,17.4,22.9,20.2,69.6,72.7,13.2,27.7
2016-01-22,Bihar,Gaya,22.6,31.3,27.0,18.3,72.3,14.6,23.0
2020-04-19,Ladakh,Leh,17.8,30.3,24.0,5.1,66.8,14.8,25.8
2024-05-14,Jharkhand,Ranchi,21.8,33.6,27.7,25.3,46.5,15.3,26.2
2021-06-01,West Bengal,Howrah,25.4,34.0,29.7,458.5,75.7,12.3,29.7
2021-04-24,Goa,North Goa,17.9,32.8,25.3,65.3,67.3,9.4,30.3
2018-01-09,Uttarakhand,Dehradun,12.0,21.1,16.6,26.2,42.9,18.3,21.2
2015-09-25,Kerala,Ernakulam,24.1,32.1,28.1,515.9,82.2,19.4,24.2
2021-10-02,Assam,Dibrugarh,22.5,28.2,25.4,80.6,94.8,19.2,20.8
2021-04-01,Delhi,New Delhi,18.6,27.2,22.9,56.0,69.4,5.0,33.5
2020-01-31,Jharkhand,Ranchi,13.4,34.4,23.9,68.4,47.6,14.5,23.0
2024-04-05,Dadra and Nagar Haveli and Daman and Diu,Daman,11.5,32.7,22.1,17.7,56.8,18.9,25.8
2025-08-20,Manipur,Imphal,18.3,30.0,24.2,233.7,73.1,14.4,27.4
2020-06-21,Gujarat,Ahmedabad,30.5,41.3,35.9,110.3,54.3,18.1,33.2
2023-04-22,Ladakh,Leh,17.6,24.0,20.8,32.0,68.8,14.4,32.5
2018-10-12,Maharashtra,Nagpur,24.0,30.9,27.4,23.2,61.7,8.1,29.8
2018-05-21,Maharashtra,Mumbai,20.4,33.7,27.0,10.2,51.4,8.9,32.4
2016-07-27,Assam,Cachar,17.4,22.6,20.0,289.6,82.6,17.6,20.5
2015-02-18,Assam,Cachar,23.9,30.4,27.2,136.4,67.5,13.5,24.1
2018-02-24,Sikkim,Gangtok,18.7,29.3,24.0,5.1,54.1,5.2,26.8
2015-08-11,Odisha,Bhubaneswar,27.8,35.6,31.7,228.9,52.3,13.8,21.4
2023-02-16,Jammu and Kashmir,Srinagar,1.3,10.4,5.9,66.6,79.3,18.2,29.7
2024-03-04,Kerala,Thrissur,24.2,30.1,27.2,95.4,81.9,12.7,25.5
2018-12-02,Chhattisgarh,Raipur,18.8,29.0,23.9,25.3,65.5,5.8,21.7
2019-03-09,Jharkhand,Ranchi,23.9,31.9,27.9,62.5,69.1,9.8,28.0
2024-03-19,Delhi,New Delhi,11.4,32.7,22.0,52.6,77.1,18.4,23.8
2019-12-25,Madhya Pradesh,Bhopal,28.9,38.5,33.7,13.6,63.2,18.6,20.8
2021-05-13,Jammu and Kashmir,Srinagar,18.6,27.4,23.0,11.7,61.7,17.0,30.3
2019-01-01,Lakshadweep,Kavaratti,20.6,33.9,27.2,65.9,47.2,11.4,21.1
2018-02-04,Karnataka,Belgaum,24.0,37.6,30.8,26.4,58.2,19.3,27.5
2019-08-09,Telangana,Hyderabad,18.9,30.8,24.8,296.9,58.1,17.4,27.0
2021-10-03,Jammu and Kashmir,Srinagar,13.3,24.4,18.8,18.6,68.3,19.0,29.4
2022-04-12,Odisha,Bhubaneswar,23.9,34.4,29.2,40.1,53.6,18.2,26.4
2024-08-01,Goa,North Goa,14.3,30.9,22.6,217.3,67.2,19.1,25.4
2016-01-10,Jammu and Kashmir,Srinagar,3.1,30.0,16.6,68.0,57.2,13.0,23.9
2020-10-21,Bihar,Muzaffarpur,22.0,36.5,29.2,25.1,57.3,14.6,29.9
2020-07-14,Delhi,New Delhi,14.9,31.1,23.0,117.1,43.7,19.6,26.5
2025-02-22,Madhya Pradesh,Bhopal,21.3,36.9,29.1,53.4,60.3,17.9,22.9
2017-11-19,Ladakh,Leh,22.0,29.9,26.0,6.4,41.7,16.0,22.7
2023-12-04,Odisha,Bhubaneswar,19.6,34.2,26.9,76.7,69.6,15.6,29.4
2024-05-28,Kerala,Thrissur,24.6,30.9,27.8,138.3,68.9,14.9,33.7
2020-03-04,Karnataka,Bangalore,24.2,36.3,30.2,93.5,83.5,11.2,29.9
2019-12-29,Goa,North Goa,14.1,26.4,20.2,58.2,78.8,5.8,29.5
2019-01-14,Kerala,Ernakulam,25.0,34.5,29.8,38.5,85.2,14.6,20.1
2021-02-20,Uttarakhand,Dehradun,24.8,30.6,27.7,32.8,41.2,9.6,25.7
2018-03-25,Tripura,Agartala,24.0,34.9,29.4,34.6,57.1,7.4,25.0
2023-11-18,Assam,Cachar,24.1,30.1,27.1,58.3,91.2,14.4,23.3
2022-12-04,Assam,Kamrup,22.2,28.0,25.1,132.3,78.1,16.4,25.2
2017-11-30,Punjab,Ludhiana,11.2,31.5,21.4,12.0,39.2,13.2,23.9
2023-08-01,West Bengal,Kolkata,23.4,34.0,28.7,215.4,63.1,21.7,20.4
2020-09-01,Tamil Nadu,Coimbatore,25.5,33.4,29.4,175.8,72.8,20.8,27.2
2015-12-26,Assam,Cachar,20.1,30.0,25.0,83.6,76.1,7.2,25.6
2023-08-13,Telangana,Nizamabad,21.8,35.0,28.4,178.9,77.6,14.5,26.6
2022-02-20,Goa,North Goa,18.9,31.5,25.2,23.7,50.3,13.4,28.5
2022-06-12,Punjab,Amritsar,23.0,33.9,28.4,65.9,60.4,21.9,27.1
2020-08-03,Karnataka,Hubli,26.0,32.2,29.1,364.3,68.9,10.7,20.4
2025-09-01,Lakshadweep,Kavaratti,20.4,31.2,25.8,191.2,59.3,17.2,28.7
2018-02-15,Uttarakhand,Dehradun,24.3,31.3,27.8,39.2,50.9,11.2,28.0
2019-06-24,Rajasthan,Jodhpur,20.6,33.2,26.9,137.5,20.1,20.8,26.8
2018-11-04,Madhya Pradesh,Bhopal,16.0,28.6,22.3,53.4,66.3,14.9,24.4
2020-04-27,Sikkim,Gangtok,17.7,29.8,23.8,71.8,78.8,17.7,30.8
2016-11-09,Jammu and Kashmir,Srinagar,7.8,16.8,12.3,44.7,53.8,6.1,24.8
2024-03-15,Sikkim,Gangtok,18.6,30.6,24.6,10.2,59.3,14.8,29.6
2021-10-23,West Bengal,Kolkata,10.5,30.7,20.6,17.2,56.4,7.6,23.3
2025-03-28,Rajasthan,Jodhpur,30.8,43.7,37.2,16.6,37.3,8.3,24.3
2023-02-28,Nagaland,Kohima,14.1,21.9,18.0,16.1,71.0,6.8,26.2
2015-01-07,Dadra and Nagar Haveli and Daman and Diu,Daman,12.5,32.2,22.4,24.2,41.8,11.8,30.0
2023-12-12,Rajasthan,Jaipur,30.3,40.8,35.6,9.6,24.7,17.6,27.9
2021-10-04,Maharashtra,Mumbai,23.5,33.3,28.4,96.1,64.1,11.1,22.5
2019-05-11,Tripura,Agartala,11.8,27.6,19.7,62.8,69.8,15.4,34.3
2017-04-12,Uttarakhand,Dehradun,15.9,22.8,19.4,12.1,78.2,13.8,33.1
2023-12-09,Tamil Nadu,Madurai,24.3,32.8,28.6,28.0,80.0,6.0,29.0
2022-02-19,Dadra and Nagar Haveli and Daman and Diu,Daman,13.1,18.3,15.7,12.3,75.3,6.1,23.6
2023-10-25,Andaman and Nicobar Islands,Port Blair,13.8,19.4,16.6,42.2,79.9,17.8,21.7
2019-12-16,Chandigarh,Chandigarh,23.3,31.3,27.3,24.1,65.6,8.3,28.8
2025-03-29,Uttar Pradesh,Lucknow,21.9,29.0,25.4,36.4,55.5,12.1,23.6
2023-12-18,Punjab,Patiala,16.9,32.5,24.7,38.0,66.7,5.7,25.7
2024-08-16,Odisha,Bhubaneswar,26.3,32.3,29.3,368.1,58.6,20.5,26.6
2017-07-02,Uttarakhand,Dehradun,18.4,33.5,26.0,291.4,79.9,18.2,23.4
2020-07-04,Tripura,Agartala,23.1,32.6,27.8,110.5,77.3,19.2,24.5
2018-12-13,Tamil Nadu,Chennai,23.6,38.0,30.8,43.6,53.3,13.1,28.8
2018-12-21,Andaman and Nicobar Islands,Port Blair,18.8,32.7,25.8,8.8,66.9,6.2,25.6
2023-05-13,Manipur,Imphal,17.5,34.3,25.9,14.3,40.4,7.1,26.7
2019-02-11,Assam,Kamrup,13.8,32.0,22.9,72.1,89.4,9.1,28.6
2024-09-16,Jharkhand,Ranchi,10.1,33.7,21.9,228.9,56.5,16.7,29.3
2015-05-06,Manipur,Imphal,18.7,26.3,22.5,45.1,74.9,19.8,30.8
2021-09-08,Meghalaya,Shillong,12.3,31.0,21.6,299.1,58.9,13.8,25.5
2017-03-27,Mizoram,Aizawl,12.5,34.5,23.5,63.7,44.5,19.2,29.4
2023-01-07,Odisha,Bhubaneswar,19.7,34.2,27.0,20.0,52.9,12.5,20.5
2020-01-04,Karnataka,Hubli,26.7,37.5,32.1,16.1,42.1,8.3,29.3
2016-07-29,Chhattisgarh,Raipur,21.5,32.3,26.9,237.4,48.0,11.8,23.2
2021-06-30,Chhattisgarh,Raipur,19.1,30.7,24.9,78.4,57.5,18.4,28.1
2018-11-16,Maharashtra,Nagpur,18.9,27.1,23.0,28.9,68.4,6.0,28.8
2017-07-18,Uttar Pradesh,Kanpur,7.3,30.1,18.7,224.5,33.1,13.7,23.3
2025-04-17,Haryana,Karnal,13.6,31.4,22.5,16.8,31.1,19.4,32.5
2025-02-16,Chhattisgarh,Raipur,12.0,25.2,18.6,9.4,41.1,5.7,27.6
2019-01-03,Gujarat,Surat,22.6,39.8,31.2,18.7,61.0,6.2,26.4
2023-12-20,Meghalaya,Shillong,15.4,24.4,19.9,62.1,42.1,19.2,27.9
2024-09-27,Maharashtra,Nagpur,22.3,39.9,31.1,133.1,58.1,21.3,30.0
2017-04-12,Bihar,Patna,13.3,34.4,23.8,29.9,70.7,6.9,28.4
2017-11-20,Ladakh,Leh,11.1,25.4,18.2,54.1,55.1,14.2,25.7
2024-06-21,Mizoram,Aizawl,14.4,27.0,20.7,39.3,58.4,14.9,25.3
2019-07-07,Ladakh,Leh,17.7,31.8,24.8,146.6,65.8,16.0,27.9
2020-03-15,Goa,North Goa,17.7,26.8,22.2,62.9,42.7,9.3,25.9
2018-12-28,Meghalaya,Shillong,22.8,28.3,25.6,11.7,51.3,10.2,28.4
2022-11-24,Andaman and Nicobar Islands,Port Blair,24.4,29.5,27.0,6.1,74.6,7.0,23.4
2023-02-21,Ladakh,Leh,14.1,23.6,18.8,28.0,53.4,14.3,26.3
2018-10-31,Jharkhand,Ranchi,17.8,33.3,25.5,64.2,48.7,13.2,27.8
2024-05-08,Ladakh,Leh,23.0,29.8,26.4,39.6,61.0,15.5,28.3
2016-03-18,Andaman and Nicobar Islands,Port Blair,14.4,30.4,22.4,33.0,40.2,19.1,21.5
2024-12-29,Maharashtra,Nagpur,19.8,37.2,28.5,48.6,54.8,14.3,20.6
2020-10-23,Bihar,Purnia,13.2,19.4,16.3,28.9,74.8,18.6,23.1
2016-07-10,Ladakh,Leh,12.8,20.1,16.5,130.4,73.1,20.8,20.5
2025-07-10,Madhya Pradesh,Bhopal,14.6,24.2,19.4,202.3,48.3,13.5,29.6
2025-03-26,Nagaland,Kohima,23.9,31.6,27.8,14.0,46.8,6.7,26.8
2018-03-24,Delhi,New Delhi,18.3,29.8,24.0,11.9,71.7,13.0,20.9
2024-08-02,Rajasthan,Udaipur,28.7,44.8,36.8,76.2,24.6,9.5,20.3
2020-07-30,Meghalaya,Shillong,21.6,32.4,27.0,183.6,70.6,23.0,24.0
2015-12-29,Manipur,Imphal,20.6,29.1,24.8,29.6,74.0,13.6,21.2
2021-10-31,Chhattisgarh,Raipur,16.1,32.2,24.2,70.8,64.6,10.9,22.5
2018-06-11,Goa,North Goa,16.3,29.0,22.6,21.2,50.7,18.1,31.7
2024-12-13,Assam,Kamrup,19.8,34.5,27.2,96.1,69.4,17.2,23.9
2020-01-16,Kerala,Kozhikode,22.7,31.8,27.2,61.1,71.9,15.4,30.0
2021-04-28,Ladakh,Leh,19.7,27.5,23.6,11.3,54.5,5.3,29.6
2020-01-25,Delhi,New Delhi,19.9,30.1,25.0,65.6,59.8,11.9,23.1
2020-12-12,Ladakh,Leh,22.6,34.3,28.4,73.5,79.2,19.7,27.1
2017-06-29,Delhi,New Delhi,18.4,25.4,21.9,234.8,69.4,20.6,29.6
2015-09-02,Dadra and Nagar Haveli and Daman and Diu,Daman,23.4,33.1,28.2,67.9,48.3,20.2,24.3
2016-06-25,Rajasthan,Jodhpur,16.2,31.3,23.8,34.2,55.7,9.1,28.5
2021-12-07,Uttarakhand,Dehradun,18.4,33.5,26.0,59.7,40.9,17.4,26.4
2020-12-09,Uttarakhand,Dehradun,12.0,28.1,20.0,62.3,64.1,20.0,25.1
2020-12-12,Haryana,Gurgaon,21.8,27.7,24.8,41.6,55.0,13.4,27.1
2019-04-22,Lakshadweep,Kavaratti,18.4,32.3,25.3,45.8,60.8,7.0,29.7
2021-01-26,Uttar Pradesh,Kanpur,19.5,35.4,27.4,30.1,37.3,7.3,27.2
2015-05-04,Arunachal Pradesh,Itanagar,19.9,27.5,23.7,36.2,52.3,7.7,28.3
2023-07-04,Kerala,Kozhikode,22.8,28.4,25.6,352.2,73.5,18.7,26.2
2023-08-25,Sikkim,Gangtok,15.2,27.5,21.4,170.1,76.7,22.7,28.2
2022-05-17,Mizoram,Aizawl,18.4,34.2,26.3,17.5,67.9,11.9,26.4
2019-09-28,Gujarat,Rajkot,16.3,31.3,23.8,63.0,40.0,12.8,27.2
2017-02-24,Bihar,Patna,11.6,33.4,22.5,60.9,63.8,8.7,20.5
2020-08-05,Lakshadweep,Kavaratti,16.1,32.9,24.5,48.5,69.8,15.0,29.0
2021-02-26,Karnataka,Belgaum,21.6,34.6,28.1,76.6,48.9,7.4,20.9
2021-08-13,Andhra Pradesh,Krishna,27.0,36.4,31.7,62.5,59.3,10.1,20.9
2017-03-07,Tripura,Agartala,14.5,21.0,17.8,23.2,62.1,13.4,21.7
2015-03-18,Telangana,Hyderabad,20.3,37.9,29.1,20.9,41.8,8.7,25.8
2015-02-28,Mizoram,Aizawl,10.1,34.7,22.4,21.1,49.5,16.1,22.5
2021-10-14,Haryana,Karnal,14.9,30.8,22.8,6.0,63.5,12.7,23.1
2022-05-09,Uttarakhand,Dehradun,16.0,21.8,18.9,55.3,61.6,18.7,29.6
2019-03-04,Nagaland,Kohima,22.4,28.8,25.6,9.0,77.9,8.9,28.3
2020-04-20,Uttarakhand,Dehradun,13.9,21.4,17.6,56.3,71.1,17.7,33.6
2020-11-26,Sikkim,Gangtok,17.2,27.3,22.2,57.6,62.8,19.5,23.8
2025-06-04,Meghalaya,Shillong,10.6,27.0,18.8,119.0,53.7,16.5,34.2
2023-05-14,Arunachal Pradesh,Itanagar,14.0,25.1,19.6,67.4,75.8,8.5,32.1
2018-07-25,Chhattisgarh,Raipur,16.2,34.1,25.2,225.0,59.8,20.3,30.0
2015-03-09,Nagaland,Kohima,16.7,26.7,21.7,47.5,67.3,15.6,24.7
2023-08-07,Assam,Tinsukia,15.0,32.3,23.6,579.1,90.2,18.2,23.6
2023-11-11,Uttarakhand,Dehradun,19.3,25.4,22.4,42.4,71.2,8.8,25.0
2024-09-30,Mizoram,Aizawl,11.1,31.9,21.5,118.1,63.3,13.7,26.0
2021-06-10,Meghalaya,Shillong,21.2,29.1,25.2,165.4,71.8,18.3,25.6
2020-04-16,Goa,North Goa,18.5,27.8,23.2,54.6,40.7,10.0,25.9
2022-06-14,Gujarat,Vadodara,30.6,41.2,35.9,194.3,55.7,20.1,31.1
2015-12-31,Maharashtra,Nagpur,23.9,38.2,31.0,99.3,73.0,18.4,29.3
2025-09-30,Manipur,Imphal,16.7,25.5,21.1,163.3,43.7,22.1,29.8
2017-03-31,Delhi,New Delhi,19.8,32.4,26.1,27.7,74.7,18.5,20.8
2018-11-03,Uttarakhand,Dehradun,12.0,21.7,16.8,54.3,47.3,8.3,23.8
2021-07-18,Andaman and Nicobar Islands,Port Blair,19.2,34.7,27.0,239.5,62.3,8.7,25.2
2017-08-04,Chhattisgarh,Raipur,13.1,23.2,18.2,90.2,53.9,8.9,25.8
2023-01-25,Andaman and Nicobar Islands,Port Blair,10.7,28.4,19.5,56.2,59.4,16.7,29.7
2019-04-27,Lakshadweep,Kavaratti,15.1,29.3,22.2,27.7,57.7,5.3,25.7
2018-10-09,Goa,North Goa,22.0,28.1,25.0,53.9,68.4,19.9,27.0
2018-12-10,Arunachal Pradesh,Itanagar,11.9,28.2,20.0,41.7,76.7,15.4,25.2
2023-09-16,Goa,North Goa,19.4,29.1,24.2,162.4,68.9,9.2,26.2
2024-12-13,Bihar,Purnia,9.9,36.4,23.2,71.3,71.2,15.8,29.4
2017-01-31,Andaman and Nicobar Islands,Port Blair,13.3,22.1,17.7,38.7,40.3,19.5,20.3
2024-10-08,Tripura,Agartala,18.9,27.8,23.4,12.2,41.0,8.9,21.1
2015-12-07,Himachal Pradesh,Kangra,18.8,25.3,22.0,16.1,70.8,11.2,28.4
2023-03-09,Assam,Cachar,22.6,34.9,28.8,125.5,67.5,13.8,25.3
2016-01-18,Uttar Pradesh,Lucknow,18.7,29.1,23.9,16.6,65.8,6.5,20.5
2017-09-30,Uttarakhand,Dehradun,15.7,31.3,23.5,263.2,61.6,20.6,20.3
2019-04-06,Ladakh,Leh,16.8,23.6,20.2,45.8,76.8,5.1,31.7
2015-10-27,Lakshadweep,Kavaratti,21.9,32.9,27.4,6.4,47.0,6.4,20.9
2015-05-19,Andhra Pradesh,Guntur,27.3,35.6,31.4,57.1,60.8,6.8,32.2
2015-12-25,Meghalaya,Shillong,19.4,25.6,22.5,69.7,52.4,14.8,20.3
2017-04-15,Karnataka,Hubli,22.4,37.6,30.0,89.8,50.0,18.2,27.9
2019-03-03,Uttar Pradesh,Varanasi,28.0,39.6,33.8,24.4,75.5,12.3,23.2
2024-06-18,Andhra Pradesh,Krishna,22.8,39.3,31.0,237.2,60.5,11.8,27.1
2019-06-16,Uttar Pradesh,Lucknow,11.6,19.4,15.5,126.6,32.1,8.2,31.2
2020-06-05,West Bengal,Darjeeling,11.6,34.7,23.2,89.1,71.7,18.1,27.3
2018-07-27,Himachal Pradesh,Mandi,17.8,26.3,22.0,122.0,76.0,20.9,27.1
2025-02-25,Sikkim,Gangtok,14.4,25.5,20.0,53.3,47.4,12.4,27.4
2021-12-05,Haryana,Karnal,21.4,36.2,28.8,45.1,68.7,11.9,20.6
2017-06-27,Uttarakhand,Dehradun,22.5,28.4,25.4,81.4,66.1,19.2,31.9
2018-02-08,Odisha,Bhubaneswar,21.6,38.9,30.2,84.9,73.2,11.6,24.6
2022-12-23,Tripura,Agartala,12.6,31.2,21.9,65.6,73.1,13.2,28.4
2020-12-26,Rajasthan,Udaipur,29.8,43.3,36.6,39.3,52.4,9.1,28.2
2017-09-22,Telangana,Nizamabad,22.5,34.0,28.2,247.1,52.7,8.4,27.2
2021-10-18,Telangana,Nizamabad,28.8,39.6,34.2,61.9,77.4,17.3,20.3
2021-12-31,Odisha,Bhubaneswar,20.2,30.2,25.2,29.7,77.9,12.8,28.4
2021-05-09,Arunachal Pradesh,Itanagar,19.0,30.5,24.8,31.9,71.6,15.2,28.4
2023-09-06,Maharashtra,Pune,29.9,37.3,33.6,185.6,71.0,11.3,28.3
2025-07-02,Lakshadweep,Kavaratti,20.2,33.7,27.0,112.1,74.2,15.5,20.6
2025-09-26,Lakshadweep,Kavaratti,12.9,21.6,17.2,235.0,48.1,16.4,26.5
2020-11-21,West Bengal,Darjeeling,23.9,36.0,30.0,92.5,58.5,13.2,22.9
2018-05-22,Madhya Pradesh,Bhopal,27.1,39.5,33.3,17.6,55.7,5.9,32.7
2019-11-20,Kerala,Thrissur,24.3,31.3,27.8,125.8,85.7,7.9,23.5
2025-03-24,Haryana,Gurgaon,11.5,25.3,18.4,25.1,50.4,5.5,20.6
2022-09-10,Manipur,Imphal,19.8,29.3,24.6,45.1,55.4,15.1,26.4
2022-10-05,Uttar Pradesh,Kanpur,8.2,41.9,25.0,31.1,64.0,18.6,20.3
2015-06-14,Kerala,Kozhikode,23.8,32.2,28.0,128.7,80.8,11.3,32.0
2017-09-25,Uttarakhand,Dehradun,15.4,31.6,23.5,283.7,74.4,15.2,22.3
2025-09-29,Nagaland,Kohima,24.9,33.3,29.1,130.9,59.3,9.9,25.1
2022-01-11,Ladakh,Leh,12.6,24.0,18.3,39.4,77.9,14.4,23.7
2018-07-31,Uttarakhand,Dehradun,11.7,30.4,21.0,150.7,42.7,17.9,23.5
2022-01-08,Himachal Pradesh,Shimla,8.1,27.3,17.7,18.9,53.6,10.5,20.0
2016-10-18,Andhra Pradesh,Chittoor,28.5,38.9,33.7,53.0,77.0,9.1,22.2
2022-04-14,Gujarat,Ahmedabad,16.2,33.5,24.8,27.3,62.4,12.2,27.0
2021-01-20,Uttar Pradesh,Varanasi,26.9,36.5,31.7,57.6,56.7,6.8,28.5
2020-03-24,Gujarat,Surat,29.9,38.1,34.0,6.2,31.2,10.3,27.2
2025-03-19,Gujarat,Rajkot,20.6,25.7,23.2,43.2,68.7,10.2,20.7
2020-08-08,Haryana,Faridabad,12.3,35.4,23.8,117.6,45.4,13.0,21.2
2020-10-12,Meghalaya,Shillong,15.1,27.1,21.1,52.1,50.5,18.5,24.8
2023-08-29,Assam,Cachar,16.1,29.4,22.8,183.8,63.7,13.2,20.4
2018-02-14,Jharkhand,Ranchi,15.7,30.3,23.0,61.8,63.2,15.4,28.3
2020-03-04,Gujarat,Rajkot,28.1,35.9,32.0,30.8,40.6,13.6,24.3
2015-09-24,Rajasthan,Udaipur,19.3,28.1,23.7,94.3,49.2,16.6,20.7
2020-01-20,Dadra and Nagar Haveli and Daman and Diu,Daman,23.9,28.9,26.4,67.0,70.6,6.4,22.4
2019-09-05,Tamil Nadu,Coimbatore,22.8,37.1,30.0,392.8,53.1,14.0,21.5
2024-12-09,Uttarakhand,Dehradun,14.2,34.7,24.5,73.9,58.9,7.7,25.5
2023-10-17,Sikkim,Gangtok,14.8,33.9,24.4,62.3,52.4,5.3,30.0
2021-04-12,Uttarakhand,Dehradun,20.3,29.4,24.8,25.2,40.2,7.3,25.1
2025-03-21,Bihar,Purnia,21.1,35.3,28.2,59.8,47.5,6.4,26.5
2025-06-26,Telangana,Warangal,24.0,38.6,31.3,178.6,57.8,15.3,32.8
2021-09-08,Tamil Nadu,Coimbatore,20.1,36.9,28.5,297.1,81.0,22.4,22.3
2019-02-19,Odisha,Bhubaneswar,23.7,34.2,29.0,58.4,51.7,18.7,29.5
2016-04-20,Assam,Kamrup,20.3,27.8,24.0,123.4,85.6,13.6,26.7
2024-10-28,Uttarakhand,Dehradun,13.0,28.0,20.5,14.0,69.0,8.2,29.1
2017-09-03,Assam,Kamrup,23.5,30.4,27.0,141.7,81.4,14.7,21.4
2018-04-22,West Bengal,Howrah,19.6,37.9,28.8,17.9,60.6,13.1,32.9
2017-11-09,Mizoram,Aizawl,10.3,29.7,20.0,14.8,73.2,15.4,24.6
2020-05-14,Dadra and Nagar Haveli and Daman and Diu,Daman,22.3,32.9,27.6,58.1,51.6,14.3,26.4
2016-07-11,Jharkhand,Ranchi,22.3,31.4,26.8,251.0,48.4,10.0,26.9
2017-10-14,Sikkim,Gangtok,10.9,20.6,15.8,68.6,45.3,10.6,29.5
2024-11-04,Chandigarh,Chandigarh,10.3,24.1,17.2,60.1,76.4,16.0,28.9
2019-05-25,Rajasthan,Jaipur,10.9,18.8,14.8,30.2,50.1,14.1,32.3
2024-11-09,Ladakh,Leh,22.9,31.8,27.4,71.3,67.8,12.1,24.2
2017-06-01,Tamil Nadu,Madurai,26.0,35.4,30.7,334.3,77.3,15.9,34.5
2021-01-03,Kerala,Ernakulam,24.1,30.3,27.2,102.3,66.1,13.4,27.9
2016-10-27,Tripura,Agartala,22.2,32.3,27.2,59.8,58.9,13.3,28.8
2024-03-29,Punjab,Ludhiana,17.3,28.5,22.9,40.9,32.0,19.4,23.4
2022-04-21,Gujarat,Ahmedabad,25.7,38.4,32.0,11.2,62.9,13.6,28.3
2019-11-07,Andaman and Nicobar Islands,Port Blair,22.8,32.3,27.6,60.0,79.7,7.0,27.5
2022-11-07,Andaman and Nicobar Islands,Port Blair,21.4,33.9,27.6,33.6,74.8,14.6,20.7
2017-05-13,Madhya Pradesh,Bhopal,10.7,28.4,19.5,48.2,45.4,17.8,29.9
2016-08-04,Assam,Kamrup,10.4,34.5,22.4,344.8,82.8,11.0,23.0
2023-05-29,Arunachal Pradesh,Itanagar,17.3,33.2,25.2,12.1,71.2,13.7,30.0
2016-11-25,Meghalaya,Shillong,23.1,28.9,26.0,74.4,74.2,9.9,24.5
2025-06-30,Chandigarh,Chandigarh,10.4,25.7,18.0,173.4,77.1,13.8,30.7
2018-06-05,Goa,North Goa,21.1,31.5,26.3,63.7,46.9,10.1,27.2
2023-09-09,Gujarat,Ahmedabad,20.6,37.7,29.2,31.0,62.8,11.9,26.1
2019-05-30,Chhattisgarh,Raipur,18.3,25.1,21.7,25.1,51.8,14.4,32.9
2024-07-20,Gujarat,Vadodara,31.9,37.4,34.6,189.0,52.5,13.4,22.8
2018-05-24,Puducherry,Puducherry,13.1,27.5,20.3,71.2,47.3,11.5,27.0
2021-09-20,Lakshadweep,Kavaratti,12.6,32.7,22.7,93.3,49.9,21.6,23.9
2016-02-03,Madhya Pradesh,Bhopal,10.2,34.5,22.4,33.4,61.0,13.6,23.5
2020-04-30,Chandigarh,Chandigarh,11.0,32.5,21.8,19.5,78.9,8.7,33.3
2016-12-15,Tripura,Agartala,21.8,30.6,26.2,33.1,68.1,12.9,26.3
2016-12-04,Rajasthan,Udaipur,21.8,36.9,29.4,9.6,22.2,10.3,24.7
2022-09-09,Rajasthan,Jaipur,32.7,40.7,36.7,75.1,47.0,11.1,28.7
2021-12-21,West Bengal,Kolkata,17.7,36.9,27.3,41.2,68.6,16.7,25.6
2025-06-22,Punjab,Ludhiana,21.5,30.3,25.9,79.1,50.3,11.0,26.3
2024-09-06,Puducherry,Puducherry,22.7,33.4,28.0,281.0,63.5,14.3,21.0
2019-09-11,Chhattisgarh,Raipur,22.8,31.1,27.0,177.1,52.5,15.9,27.8
2020-05-26,Nagaland,Kohima,20.7,34.9,27.8,39.7,61.2,5.8,28.9
2023-04-10,Karnataka,Belgaum,27.2,34.2,30.7,79.0,84.0,6.9,28.3
2025-05-30,Mizoram,Aizawl,17.1,25.2,21.2,5.9,58.7,13.0,31.3
2015-03-23,Sikkim,Gangtok,22.4,29.3,25.8,9.3,43.6,12.5,29.2
2016-08-26,Punjab,Patiala,29.6,35.7,32.7,47.4,44.1,15.0,28.1
2020-05-24,Goa,North Goa,21.6,34.4,28.0,65.1,57.6,5.3,27.4
2019-09-07,Puducherry,Puducherry,19.2,29.6,24.4,87.2,45.3,11.2,22.6
2020-08-08,Maharashtra,Pune,28.4,38.1,33.2,294.1,40.9,20.3,25.5
2025-06-19,Tamil Nadu,Chennai,25.0,30.5,27.8,333.3,79.1,21.3,30.3
2022-09-20,Punjab,Amritsar,14.9,21.4,18.2,54.9,39.0,8.9,21.5
2017-06-21,Madhya Pradesh,Bhopal,29.5,38.6,34.0,188.2,41.0,10.0,28.7
2015-12-31,Lakshadweep,Kavaratti,21.9,29.3,25.6,19.3,40.9,14.4,24.4
2015-06-12,Uttar Pradesh,Lucknow,12.0,30.0,21.0,174.1,42.4,17.1,27.6
2023-07-17,Maharashtra,Mumbai,29.8,38.6,34.2,317.2,47.8,16.8,28.0
2022-01-02,Ladakh,Leh,21.1,33.0,27.0,27.2,53.1,13.1,22.8
2024-04-23,Haryana,Faridabad,7.8,25.3,16.6,5.1,60.4,16.2,30.5
2020-02-07,Sikkim,Gangtok,21.2,31.7,26.4,53.8,42.6,18.2,26.4
2015-04-26,Sikkim,Gangtok,19.2,28.4,23.8,7.0,76.1,19.8,33.1
2023-03-08,Meghalaya,Shillong,23.7,29.5,26.6,14.0,75.2,5.9,20.9
2025-09-25,Uttarakhand,Dehradun,22.3,31.6,27.0,129.7,62.1,21.2,27.6
2021-07-12,Jharkhand,Ranchi,20.4,34.8,27.6,166.0,40.3,14.4,21.0
2017-05-30,Tripura,Agartala,11.7,21.4,16.5,31.7,59.3,7.5,28.1
2022-08-16,Dadra and Nagar Haveli and Daman and Diu,Daman,14.1,24.9,19.5,50.2,55.9,16.3,21.0
2017-04-19,Rajasthan,Jodhpur,23.0,40.9,32.0,2.8,21.9,12.0,33.7
2021-01-03,Uttarakhand,Dehradun,25.0,30.5,27.8,6.3,49.2,12.0,25.7
2024-12-25,Mizoram,Aizawl,24.6,34.4,29.5,44.3,54.5,9.8,25.7
2025-08-13,Delhi,New Delhi,20.8,30.2,25.5,105.2,64.5,16.4,24.3
2018-09-08,Dadra and Nagar Haveli and Daman and Diu,Daman,21.2,28.7,25.0,155.8,77.6,18.8,23.9
2021-10-26,Uttar Pradesh,Varanasi,19.7,31.7,25.7,11.2,46.7,17.9,24.6
2022-11-24,Rajasthan,Udaipur,24.6,32.4,28.5,15.9,57.2,9.7,22.5
2017-11-02,Ladakh,Leh,10.8,17.7,14.2,45.9,66.4,14.6,25.4
2017-07-31,Andhra Pradesh,Visakhapatnam,24.9,30.6,27.8,258.6,65.4,10.0,21.4
2024-10-05,Bihar,Gaya,19.3,28.1,23.7,69.9,60.0,19.7,27.3
2019-09-21,Bihar,Gaya,25.8,34.4,30.1,74.8,67.6,14.1,29.5
2021-05-23,Uttar Pradesh,Lucknow,10.2,32.0,21.1,52.6,50.1,19.3,25.8
2022-07-30,Bihar,Purnia,20.9,36.9,28.9,92.5,42.3,9.2,23.2
2018-02-11,Himachal Pradesh,Kangra,4.5,14.1,9.3,39.8,43.4,19.9,27.0
2021-12-02,Chandigarh,Chandigarh,10.5,29.0,19.8,60.4,47.6,17.6,26.1
2015-01-22,Bihar,Patna,26.1,37.5,31.8,55.8,46.3,9.7,25.2
2024-05-13,Chhattisgarh,Raipur,11.7,25.5,18.6,36.2,49.3,8.0,27.5
2019-10-16,Tamil Nadu,Madurai,24.8,33.2,29.0,47.3,56.4,16.8,27.0
2016-11-13,Meghalaya,Shillong,16.4,23.3,19.8,55.0,76.0,7.7,26.0
2025-09-11,Sikkim,Gangtok,16.4,22.6,19.5,223.2,42.8,18.5,22.8
2024-12-16,Haryana,Karnal,19.1,26.7,22.9,21.7,34.2,12.0,22.1
2023-02-01,Delhi,New Delhi,12.8,19.6,16.2,58.6,65.6,7.4,24.7
2020-01-08,Meghalaya,Shillong,19.9,33.8,26.8,9.2,54.5,14.2,20.2
2021-06-25,Chhattisgarh,Raipur,13.7,30.8,22.2,119.6,43.4,17.4,27.5
2015-05-06,Meghalaya,Shillong,20.5,34.1,27.3,42.0,64.0,12.7,33.2
2015-10-04,Gujarat,Vadodara,19.1,31.3,25.2,45.3,58.9,9.8,28.3
2020-06-22,Andhra Pradesh,Guntur,22.4,35.4,28.9,288.7,67.2,20.0,32.4
2018-05-12,Himachal Pradesh,Kangra,17.3,29.8,23.6,11.5,41.1,13.9,34.5
2021-02-19,Nagaland,Kohima,17.3,33.0,25.2,58.8,59.9,12.7,24.4
2025-04-10,Assam,Dibrugarh,13.8,32.7,23.2,51.2,91.7,10.4,25.3
2025-03-24,Telangana,Hyderabad,20.0,38.3,29.2,18.3,69.6,7.7,25.0
2024-11-27,West Bengal,Howrah,13.7,25.1,19.4,24.4,72.2,10.5,23.7
2016-11-26,Jharkhand,Ranchi,10.6,18.2,14.4,54.5,51.7,11.6,27.6
2018-08-02,Himachal Pradesh,Mandi,8.9,17.5,13.2,183.0,72.0,17.0,24.2
2015-02-26,Madhya Pradesh,Bhopal,12.8,23.8,18.3,57.0,60.9,6.3,20.1
2025-06-02,Jammu and Kashmir,Srinagar,3.5,28.8,16.2,190.8,73.5,15.0,33.3
2024-03-28,Tamil Nadu,Madurai,20.3,30.7,25.5,44.0,84.4,9.5,24.2
2023-11-09,Mizoram,Aizawl,21.4,34.0,27.7,66.5,55.8,19.2,26.5
2015-01-19,Gujarat,Vadodara,29.5,41.4,35.4,15.5,50.0,13.8,28.0
2024-06-03,Meghalaya,Shillong,16.0,23.9,20.0,228.1,63.7,21.5,31.6
2021-04-30,Ladakh,Leh,10.3,34.3,22.3,46.5,63.8,18.6,31.6
2022-10-12,Punjab,Patiala,17.0,23.9,20.4,48.3,33.1,7.6,28.2
2015-04-23,Telangana,Hyderabad,23.9,30.9,27.4,28.6,79.8,13.8,29.0
2024-09-29,Chhattisgarh,Raipur,23.1,31.4,27.2,106.2,46.6,19.2,26.0
2024-04-21,Goa,North Goa,11.4,27.4,19.4,16.2,79.3,8.9,32.0
2016-06-25,West Bengal,Howrah,21.8,34.5,28.2,237.8,53.0,22.7,26.9
2022-05-18,Chhattisgarh,Raipur,21.5,27.7,24.6,24.7,62.4,11.2,34.6
2016-08-01,Arunachal Pradesh,Itanagar,22.7,34.4,28.6,199.4,48.8,15.8,27.7
2017-12-24,Rajasthan,Jodhpur,11.6,41.1,26.4,26.2,48.9,15.4,28.5
2024-03-17,Nagaland,Kohima,11.3,23.4,17.4,40.2,61.9,19.1,20.4
2015-01-25,Kerala,Kozhikode,24.6,32.6,28.6,94.3,69.6,14.7,26.5
2019-04-22,Mizoram,Aizawl,12.8,29.4,21.1,23.7,67.6,14.2,32.2
2020-08-10,Manipur,Imphal,10.3,17.8,14.0,255.3,55.2,20.6,20.6
2023-02-06,Gujarat,Surat,28.1,33.8,31.0,26.1,67.5,6.2,23.5
2019-04-22,Maharashtra,Pune,24.2,38.9,31.6,48.2,76.3,15.8,28.1
2015-05-21,Andhra Pradesh,Chittoor,23.4,30.6,27.0,55.0,66.9,7.3,31.2
2019-11-03,Assam,Dibrugarh,17.5,23.7,20.6,144.2,89.2,6.1,29.3
2016-10-09,Dadra and Nagar Haveli and Daman and Diu,Daman,23.8,29.1,26.4,19.1,68.1,19.0,28.2
2021-02-13,Madhya Pradesh,Bhopal,16.2,21.9,19.0,31.0,33.7,8.7,26.4
2023-10-05,Nagaland,Kohima,17.4,27.1,22.2,70.1,47.7,12.3,25.7
2015-07-20,Mizoram,Aizawl,14.8,30.5,22.6,262.8,61.7,19.7,20.6
2023-10-04,Mizoram,Aizawl,12.3,25.5,18.9,69.5,61.3,11.5,26.0
2015-09-14,Karnataka,Belgaum,19.2,33.2,26.2,73.8,66.0,18.7,24.1
2025-04-05,Punjab,Ludhiana,27.8,33.9,30.8,12.7,50.7,19.0,28.9
2016-06-30,Jharkhand,Ranchi,23.9,33.1,28.5,239.1,77.5,16.6,31.4
2021-02-19,Andaman and Nicobar Islands,Port Blair,18.7,32.6,25.6,24.1,71.5,15.7,26.0
2022-07-13,Puducherry,Puducherry,10.6,30.6,20.6,57.1,78.5,9.2,27.2
2023-09-11,Mizoram,Aizawl,15.4,31.1,23.2,165.3,65.2,9.1,29.7
2024-11-15,Madhya Pradesh,Bhopal,10.1,40.4,25.2,36.3,40.3,14.6,26.7
2024-02-19,Uttarakhand,Dehradun,21.0,26.1,23.6,73.8,64.7,10.7,25.7
2017-03-12,Uttar Pradesh,Lucknow,9.8,21.5,15.6,9.7,74.0,8.8,27.4
2017-07-30,West Bengal,Kolkata,14.9,22.5,18.7,89.7,84.4,9.8,20.9
2024-06-17,Madhya Pradesh,Bhopal,10.2,25.0,17.6,227.4,66.3,9.7,25.1
2024-02-14,Kerala,Kozhikode,24.3,31.0,27.6,129.3,66.5,12.4,20.3
2016-02-18,West Bengal,Darjeeling,26.1,32.3,29.2,43.9,69.2,9.1,20.4
2020-07-07,Arunachal Pradesh,Itanagar,10.4,34.1,22.2,111.1,53.4,21.8,28.4
2018-10-13,Puducherry,Puducherry,20.3,31.7,26.0,61.1,46.8,15.0,21.0
2018-01-03,Tamil Nadu,Coimbatore,21.0,28.9,25.0,73.9,81.2,15.4,24.2
2024-05-19,Andaman and Nicobar Islands,Port Blair,17.7,31.5,24.6,47.9,61.2,8.6,31.2
2025-01-03,Jammu and Kashmir,Srinagar,0.4,19.2,9.8,63.3,47.2,6.7,29.7
2025-07-09,Karnataka,Belgaum,26.4,33.4,29.9,115.1,55.0,14.5,28.2
2017-06-28,Delhi,New Delhi,13.6,30.4,22.0,280.2,55.2,8.4,33.3
2015-07-07,Karnataka,Bangalore,25.1,31.3,28.2,254.9,77.1,10.7,22.2
2025-04-14,Himachal Pradesh,Mandi,4.0,29.9,17.0,24.9,50.7,5.7,34.8
2020-07-08,Maharashtra,Nagpur,21.0,36.2,28.6,52.1,75.3,19.3,20.8
2018-08-06,Himachal Pradesh,Kangra,2.5,14.1,8.3,132.2,71.3,8.9,26.5
2020-09-23,Assam,Kamrup,13.4,24.7,19.0,101.1,70.2,10.6,25.0
2024-12-23,Andaman and Nicobar Islands,Port Blair,12.4,32.1,22.2,66.8,73.8,19.7,29.1
2020-10-31,Odisha,Bhubaneswar,19.2,29.2,24.2,57.9,63.5,19.5,23.4
2018-02-20,Ladakh,Leh,21.1,31.2,26.2,72.0,69.8,9.6,22.0
2015-12-24,Lakshadweep,Kavaratti,22.8,34.4,28.6,63.2,69.5,9.8,25.1
2019-04-01,Gujarat,Vadodara,30.6,36.5,33.6,27.3,44.2,15.2,31.3
2017-12-25,West Bengal,Kolkata,20.1,28.7,24.4,28.3,81.4,19.9,21.7
2023-03-03,Nagaland,Kohima,11.1,30.2,20.6,29.1,48.5,12.9,26.8
2019-08-08,Chhattisgarh,Raipur,13.2,34.9,24.0,111.9,52.6,14.3,27.5
2021-08-19,Tamil Nadu,Chennai,27.0,33.9,30.4,82.7,59.0,9.3,26.3
2015-06-11,Sikkim,Gangtok,21.1,29.9,25.5,286.8,69.1,13.7,26.0
2025-06-14,Uttar Pradesh,Kanpur,18.3,32.7,25.5,141.1,64.1,12.0,25.0
2024-06-13,Kerala,Ernakulam,24.4,34.0,29.2,555.8,89.1,10.4,28.5
2025-03-16,Odisha,Bhubaneswar,27.8,39.5,33.6,11.3,63.6,6.7,27.9
2024-05-22,Andhra Pradesh,Krishna,27.5,38.2,32.8,35.4,62.2,8.9,28.6
2023-12-04,Assam,Kamrup,24.7,29.9,27.3,65.5,87.6,10.7,29.5
2021-06-27,Uttarakhand,Dehradun,15.0,32.7,23.8,248.2,40.4,14.0,27.8
2016-03-25,Nagaland,Kohima,17.2,28.1,22.6,68.4,47.3,7.7,21.1
2019-02-06,Chandigarh,Chandigarh,21.1,34.3,27.7,30.8,42.5,7.3,21.0
2017-11-02,Arunachal Pradesh,Itanagar,18.9,27.0,23.0,67.8,46.5,19.0,23.3
2021-02-09,Chhattisgarh,Raipur,23.0,34.6,28.8,74.0,72.1,6.5,20.6
2020-11-28,Andaman and Nicobar Islands,Port Blair,21.1,34.1,27.6,16.6,77.6,14.2,21.2
2020-05-04,Delhi,New Delhi,12.5,18.7,15.6,15.0,69.3,8.3,30.6
2021-12-30,Punjab,Patiala,23.0,38.7,30.8,31.5,52.8,18.7,22.9
2018-08-06,Chandigarh,Chandigarh,13.1,32.9,23.0,40.9,47.6,14.2,23.6
2021-05-31,Chhattisgarh,Raipur,20.6,26.5,23.6,38.4,72.3,15.3,31.3
2024-08-23,Rajasthan,Jodhpur,16.0,30.4,23.2,37.1,40.4,16.8,26.3
2023-01-30,Manipur,Imphal,23.1,28.5,25.8,32.2,63.6,13.6,20.2
2018-05-23,Punjab,Ludhiana,9.7,36.1,22.9,28.2,46.5,18.5,25.7
2017-08-31,Haryana,Gurgaon,28.1,33.3,30.7,121.3,52.2,17.6,20.3
2016-09-23,Dadra and Nagar Haveli and Daman and Diu,Daman,18.0,24.4,21.2,63.7,48.6,17.2,23.9
2019-05-10,Kerala,Ernakulam,22.3,29.5,25.9,34.6,79.9,13.4,29.1
2017-11-16,Rajasthan,Jaipur,33.2,41.7,37.4,35.8,43.2,10.7,25.4
2025-02-18,Chandigarh,Chandigarh,12.3,29.2,20.8,73.7,49.9,9.8,24.1
2022-08-12,Uttarakhand,Dehradun,17.3,31.4,24.4,58.3,52.1,16.1,25.9
2024-01-16,Uttar Pradesh,Lucknow,19.5,32.1,25.8,44.1,40.2,9.2,24.4
2019-05-08,Delhi,New Delhi,20.4,26.2,23.3,13.1,71.3,8.9,34.6
2025-08-14,Uttar Pradesh,Lucknow,31.0,40.1,35.6,177.7,62.6,10.7,25.0
2021-06-26,Uttar Pradesh,Kanpur,26.4,39.6,33.0,217.7,75.0,11.9,32.2
2023-02-08,Ladakh,Leh,19.8,33.8,26.8,17.8,69.6,11.3,23.9
2024-01-18,Andhra Pradesh,Guntur,20.4,39.4,29.9,53.9,67.7,8.8,26.6
2019-08-21,Manipur,Imphal,24.2,30.1,27.2,295.5,57.1,22.7,26.3
2016-03-12,Andhra Pradesh,Guntur,23.2,32.6,27.9,28.9,60.0,14.7,20.2
2022-09-29,Karnataka,Belgaum,27.7,36.8,32.2,378.8,72.3,15.2,21.9
2019-04-06,Arunachal Pradesh,Itanagar,17.7,31.5,24.6,64.8,53.0,12.7,31.2
2024-07-06,Andhra Pradesh,Krishna,25.9,31.4,28.6,165.7,74.3,20.0,25.1
2017-12-12,Dadra and Nagar Haveli and Daman and Diu,Daman,24.3,34.0,29.2,56.6,60.6,13.9,22.2
2025-07-25,Meghalaya,Shillong,18.0,29.3,23.6,76.8,78.0,11.7,21.0
2024-04-07,Sikkim,Gangtok,17.0,30.9,24.0,18.7,47.3,8.9,28.0
2018-07-28,Nagaland,Kohima,13.7,26.4,20.0,25.1,43.5,18.9,24.1
2022-08-05,Mizoram,Aizawl,15.4,20.6,18.0,103.5,72.8,13.1,29.6
2020-09-09,Chandigarh,Chandigarh,15.8,27.4,21.6,244.5,79.3,13.6,21.2
2021-07-12,Jharkhand,Ranchi,17.8,30.0,23.9,288.6,56.6,9.4,26.5
2015-07-02,Jammu and Kashmir,Srinagar,0.4,15.9,8.2,146.5,50.2,22.5,24.0
2023-06-22,Rajasthan,Udaipur,32.4,41.3,36.8,133.1,38.1,22.9,31.4
2022-02-04,Meghalaya,Shillong,12.3,17.4,14.8,70.0,67.5,6.6,27.4
2019-01-09,Goa,North Goa,13.4,31.8,22.6,47.7,44.9,6.1,24.7
2023-08-12,Assam,Dibrugarh,24.1,32.4,28.2,479.6,76.4,13.8,28.2
2023-06-09,Rajasthan,Jaipur,21.6,29.2,25.4,51.2,42.5,14.0,28.7
2024-09-25,Madhya Pradesh,Bhopal,24.7,37.5,31.1,89.1,44.4,19.3,29.2
2019-01-19,Nagaland,Kohima,14.9,24.3,19.6,23.6,45.7,10.7,25.2
2019-05-09,Telangana,Warangal,24.4,36.7,30.6,13.4,62.5,8.8,27.4
2019-05-07,Uttarakhand,Dehradun,21.8,28.1,25.0,28.0,65.5,14.6,25.5
2016-10-21,Bihar,Muzaffarpur,9.6,31.2,20.4,72.0,79.9,19.8,23.5
2015-06-09,Sikkim,Gangtok,13.6,20.2,16.9,111.2,51.1,16.7,28.7
2023-06-13,Telangana,Nizamabad,20.8,34.5,27.6,124.0,54.1,17.0,26.2
2023-11-24,Jharkhand,Ranchi,21.6,34.7,28.2,39.4,62.4,10.8,29.6
2021-09-25,Arunachal Pradesh,Itanagar,12.0,31.6,21.8,202.1,71.7,22.3,25.0
2017-10-08,Goa,North Goa,14.3,31.5,22.9,64.1,67.5,17.7,27.3
2015-02-22,Nagaland,Kohima,24.4,32.6,28.5,31.6,67.2,6.0,25.0
2021-09-21,Mizoram,Aizawl,21.6,28.0,24.8,132.1,54.0,13.0,26.5
2022-12-04,Tamil Nadu,Chennai,24.0,36.2,30.1,15.2,65.9,5.2,22.2
2017-11-11,Chandigarh,Chandigarh,21.6,27.5,24.6,12.4,56.1,16.7,26.4
2017-11-19,Rajasthan,Jodhpur,29.5,35.0,32.2,23.6,38.1,18.4,27.4
2022-07-13,Jharkhand,Ranchi,16.4,28.9,22.6,139.0,57.6,17.5,22.2
2021-04-26,Madhya Pradesh,Bhopal,17.3,27.8,22.6,49.0,67.7,11.2,25.8
2018-05-13,Kerala,Ernakulam,22.3,30.4,26.4,74.4,64.4,17.1,30.0
2023-07-28,Himachal Pradesh,Kangra,2.2,9.5,5.8,156.0,44.7,16.4,23.9
2019-02-03,Bihar,Purnia,28.2,36.0,32.1,49.9,72.5,9.5,25.1
2022-09-24,Telangana,Nizamabad,19.5,31.2,25.4,137.7,57.1,9.6,24.0
2019-01-29,Puducherry,Puducherry,23.1,34.6,28.8,21.9,52.0,5.1,21.2
2017-11-01,Chhattisgarh,Raipur,15.2,30.3,22.8,25.5,43.0,16.0,24.7
2025-02-19,Manipur,Imphal,17.8,26.8,22.3,47.9,75.6,13.3,25.9
2020-05-04,Bihar,Patna,16.2,22.8,19.5,37.9,77.0,15.2,29.9
2024-03-15,Haryana,Faridabad,20.5,33.6,27.0,46.1,39.0,18.3,26.9
2017-04-29,Telangana,Hyderabad,19.5,30.3,24.9,38.4,43.3,13.3,27.6
2025-06-28,West Bengal,Darjeeling,18.2,29.7,24.0,280.0,83.8,19.7,33.7
2015-12-20,Uttarakhand,Dehradun,18.6,30.6,24.6,35.1,68.7,8.1,24.8
2025-02-27,Andhra Pradesh,Guntur,27.1,38.2,32.7,26.1,55.4,9.3,29.2
2018-01-03,Puducherry,Puducherry,11.9,34.2,23.0,74.6,71.3,16.4,29.5
2022-12-30,Mizoram,Aizawl,14.4,21.4,17.9,62.6,46.8,5.7,22.0
2019-10-06,Uttar Pradesh,Kanpur,16.8,31.8,24.3,8.4,52.2,14.1,29.3
2024-12-11,Telangana,Nizamabad,20.7,28.7,24.7,35.3,79.3,10.0,20.4
2025-01-10,Rajasthan,Jodhpur,16.6,34.7,25.6,18.0,51.0,14.1,25.6
2019-01-04,Chandigarh,Chandigarh,14.8,28.2,21.5,48.1,47.2,16.0,23.9
2017-09-17,Madhya Pradesh,Bhopal,26.3,33.2,29.8,164.4,31.1,10.4,28.9
2018-06-18,Assam,Kamrup,16.9,28.6,22.8,553.8,77.0,17.8,27.2
2023-05-24,Lakshadweep,Kavaratti,11.2,22.8,17.0,60.9,57.9,7.5,30.5
2020-02-28,Jammu and Kashmir,Srinagar,5.3,28.9,17.1,47.5,79.3,5.6,20.1
2023-10-31,Odisha,Bhubaneswar,22.2,38.2,30.2,57.2,80.7,7.0,27.0
2019-12-15,Maharashtra,Mumbai,25.9,35.9,30.9,56.6,69.1,13.3,22.7
2023-09-03,Sikkim,Gangtok,11.6,23.7,17.6,163.5,60.3,14.4,23.3
2025-05-25,Mizoram,Aizawl,15.3,24.2,19.8,45.6,74.0,18.2,34.9
2021-05-30,Bihar,Gaya,10.0,20.4,15.2,57.5,65.8,7.0,31.3
2021-03-06,Odisha,Bhubaneswar,21.1,39.4,30.2,87.0,52.6,6.3,24.2
2024-05-07,Arunachal Pradesh,Itanagar,10.1,17.0,13.6,70.3,71.7,15.1,33.3
2018-01-16,Manipur,Imphal,13.8,30.6,22.2,48.1,73.9,9.2,27.6
2017-03-28,Arunachal Pradesh,Itanagar,22.8,31.8,27.3,34.0,77.9,7.5,20.4
2019-12-05,Karnataka,Hubli,19.8,33.8,26.8,81.0,72.3,11.3,29.7
2020-05-14,Tamil Nadu,Madurai,23.6,37.8,30.7,92.6,64.3,7.4,25.9
2021-09-03,Jharkhand,Ranchi,18.0,32.2,25.1,69.3,52.7,17.5,24.6
2021-06-30,Assam,Dibrugarh,19.1,31.5,25.3,290.3,87.5,18.5,31.9
2023-03-07,Chhattisgarh,Raipur,12.2,25.6,18.9,45.4,49.1,16.4,21.2
2017-06-07,Assam,Kamrup,12.2,24.6,18.4,167.7,60.4,14.2,31.5
2020-01-30,Madhya Pradesh,Bhopal,20.9,26.7,23.8,17.8,51.0,16.1,27.9
2018-03-26,Odisha,Bhubaneswar,22.8,35.7,29.2,91.3,52.3,6.5,24.6
2016-10-29,Jammu and Kashmir,Srinagar,12.2,17.3,14.8,39.4,46.9,14.7,22.7
2025-03-11,Telangana,Nizamabad,28.8,34.2,31.5,62.6,55.7,17.9,28.2
2016-09-24,Telangana,Warangal,20.9,26.6,23.8,220.8,48.2,22.0,20.7
2022-03-09,Mizoram,Aizawl,14.9,20.1,17.5,27.2,61.7,14.8,27.3
2019-07-01,Jharkhand,Ranchi,22.5,28.3,25.4,233.3,51.1,10.1,22.7
2025-03-19,Arunachal Pradesh,Itanagar,22.9,32.4,27.6,46.8,63.4,11.1,24.2
2015-05-17,Tamil Nadu,Coimbatore,21.2,30.1,25.6,56.1,71.2,6.1,28.3
2020-04-30,Goa,North Goa,15.1,27.8,21.4,54.7,65.4,13.6,27.9
2019-08-25,Arunachal Pradesh,Itanagar,22.6,33.4,28.0,71.4,66.2,21.6,24.4
2016-03-03,Rajasthan,Jaipur,33.1,38.3,35.7,21.9,30.3,8.9,28.8
2019-01-15,Jammu and Kashmir,Srinagar,6.2,11.6,8.9,45.1,78.8,6.2,22.9
2022-04-13,Andaman and Nicobar Islands,Port Blair,17.0,32.8,24.9,23.8,53.7,10.8,28.8
2025-09-26,Gujarat,Rajkot,18.4,40.4,29.4,162.7,69.0,13.6,20.5
2023-02-06,Andaman and Nicobar Islands,Port Blair,11.7,23.2,17.4,68.8,79.2,17.3,22.4
2017-03-29,Tamil Nadu,Coimbatore,25.3,34.9,30.1,84.1,67.8,9.8,20.2
2020-12-28,Delhi,New Delhi,21.9,31.2,26.6,42.4,78.3,12.3,23.2
2018-01-11,Haryana,Karnal,13.5,18.8,16.2,10.5,31.8,8.6,20.6
2021-02-02,Kerala,Thrissur,23.0,28.9,26.0,139.7,88.2,14.1,28.1
2015-07-17,Jharkhand,Ranchi,20.2,33.1,26.6,199.1,57.2,21.1,24.4
2022-04-25,Manipur,Imphal,15.9,29.7,22.8,70.7,57.7,13.6,29.9
2024-12-18,Telangana,Nizamabad,28.9,38.0,33.4,37.3,64.3,7.3,23.4
2020-06-18,Uttar Pradesh,Varanasi,24.9,36.7,30.8,89.1,48.1,20.1,30.4
2022-07-01,Assam,Cachar,13.6,23.5,18.6,333.9,86.7,23.0,21.9
2024-07-24,Arunachal Pradesh,Itanagar,21.3,31.7,26.5,168.7,78.7,12.8,21.8
2021-09-14,Goa,North Goa,23.2,28.7,26.0,248.8,63.6,10.5,22.3
2025-04-27,Rajasthan,Jodhpur,13.9,37.6,25.8,8.0,47.3,6.9,33.0
2016-04-15,Himachal Pradesh,Shimla,18.4,27.1,22.8,72.8,55.6,8.7,26.8
2021-03-15,Jharkhand,Ranchi,17.2,23.9,20.5,66.3,71.4,13.4,27.2
2020-05-02,Ladakh,Leh,10.7,19.6,15.2,48.5,59.1,14.1,25.9
2017-07-17,Assam,Dibrugarh,19.8,33.0,26.4,373.1,72.5,10.6,22.7
2025-09-04,Telangana,Warangal,24.3,32.0,28.2,242.3,45.3,15.7,25.0
2020-07-03,Sikkim,Gangtok,12.1,34.9,23.5,250.5,55.5,18.3,27.2
2025-05-28,Maharashtra,Nagpur,25.8,34.8,30.3,111.8,74.7,13.1,25.0
2022-05-03,Uttarakhand,Dehradun,13.4,26.8,20.1,67.9,65.1,11.3,25.5
2023-03-18,Delhi,New Delhi,19.0,27.9,23.4,42.6,70.7,17.1,28.6
2017-06-24,Sikkim,Gangtok,19.5,34.0,26.8,213.4,71.4,18.3,33.7
2021-01-31,Andaman and Nicobar Islands,Port Blair,13.3,31.0,22.2,13.2,43.7,12.4,23.0
2015-01-23,Odisha,Bhubaneswar,23.5,36.3,29.9,30.4,74.5,19.9,27.6
2025-05-24,Odisha,Bhubaneswar,17.6,33.6,25.6,10.9,66.4,13.0,34.7
2015-08-23,Goa,North Goa,21.1,32.4,26.8,169.1,60.5,22.9,20.2
2023-06-12,Odisha,Bhubaneswar,19.5,26.6,23.0,153.4,66.2,13.1,34.6
2018-01-29,Madhya Pradesh,Bhopal,25.0,38.7,31.8,45.8,66.0,16.5,20.2
2017-07-17,Uttar Pradesh,Lucknow,12.1,41.7,26.9,163.5,33.4,15.0,29.8
2024-11-16,Sikkim,Gangtok,24.9,32.1,28.5,67.5,63.7,12.6,24.1
2016-06-06,Rajasthan,Udaipur,32.3,42.1,37.2,60.1,39.7,14.7,29.5
2019-12-14,Ladakh,Leh,14.7,29.4,22.0,8.7,75.4,11.2,28.0
2024-08-24,Arunachal Pradesh,Itanagar,20.9,30.2,25.5,75.6,62.5,22.2,21.9
2016-03-06,Chandigarh,Chandigarh,13.8,34.9,24.4,67.5,62.0,15.4,24.4
2017-03-03,Uttarakhand,Dehradun,16.1,27.3,21.7,34.0,67.0,10.0,21.7
2019-06-18,Gujarat,Vadodara,27.0,32.3,29.6,149.4,40.5,10.9,28.8
2019-10-03,Punjab,Patiala,7.9,23.3,15.6,9.6,49.3,7.6,21.3
2016-06-16,Dadra and Nagar Haveli and Daman and Diu,Daman,18.7,30.8,24.8,21.5,55.5,9.2,32.4
2025-09-28,Tamil Nadu,Chennai,25.5,30.9,28.2,378.9,83.6,13.0,21.3
2023-04-15,Madhya Pradesh,Bhopal,12.5,38.1,25.3,30.3,30.4,18.9,30.9
2019-10-13,Mizoram,Aizawl,20.4,33.3,26.8,62.3,43.0,13.6,27.0
2019-08-03,Bihar,Gaya,9.9,20.5,15.2,142.9,75.5,20.8,27.8
2018-08-09,Maharashtra,Mumbai,29.9,36.1,33.0,255.2,60.1,18.2,28.5
2022-10-28,Punjab,Ludhiana,17.3,31.0,24.2,32.4,59.7,8.0,29.6
2017-07-01,Madhya Pradesh,Bhopal,12.0,17.6,14.8,98.9,58.1,22.7,29.3
2018-01-29,Assam,Dibrugarh,20.3,29.5,24.9,99.5,93.9,9.0,24.8
2019-03-06,Uttar Pradesh,Lucknow,23.7,28.8,26.2,26.0,58.4,18.5,29.9
2018-08-20,Uttar Pradesh,Lucknow,20.0,41.1,30.6,41.8,65.1,14.0,27.5
2022-12-28,Nagaland,Kohima,23.0,28.4,25.7,70.5,42.7,16.3,20.7
2022-01-31,Lakshadweep,Kavaratti,22.9,29.4,26.2,35.4,77.3,16.9,27.9
2017-10-20,Maharashtra,Mumbai,27.2,36.6,31.9,119.4,77.4,11.6,27.4
2019-04-26,Assam,Tinsukia,25.0,34.4,29.7,25.2,85.8,18.5,28.3
2018-10-10,Andhra Pradesh,Krishna,29.8,36.9,33.4,37.4,54.8,6.4,25.4
2024-03-28,Uttar Pradesh,Lucknow,21.3,32.1,26.7,38.4,49.7,18.0,29.5
2019-02-28,Telangana,Hyderabad,25.1,38.4,31.8,65.5,68.6,7.9,21.5
2019-08-09,Jammu and Kashmir,Srinagar,18.4,25.1,21.8,104.0,46.6,15.9,26.8
2025-07-06,Maharashtra,Nashik,26.1,33.4,29.8,83.6,54.0,15.6,26.1
2020-06-20,Assam,Cachar,14.1,22.0,18.0,520.8,90.0,12.2,30.6
2015-08-15,Madhya Pradesh,Bhopal,19.7,27.2,23.4,226.9,30.4,10.8,23.5
2018-06-13,Maharashtra,Pune,28.3,38.6,33.4,306.7,71.3,13.1,34.4
2017-05-22,Rajasthan,Jodhpur,10.7,18.7,14.7,37.2,57.8,12.4,30.8
2017-06-10,Uttar Pradesh,Kanpur,29.4,40.9,35.2,209.6,48.6,20.5,25.7
2019-01-18,Assam,Tinsukia,17.3,25.3,21.3,29.5,81.6,6.1,21.2
2017-11-02,Bihar,Patna,9.8,39.4,24.6,12.6,50.8,14.8,28.2
2021-03-07,Ladakh,Leh,19.1,34.7,26.9,28.6,58.9,17.3,26.8
2022-08-20,Andhra Pradesh,Krishna,22.1,33.5,27.8,293.7,75.9,10.9,21.8
2016-02-01,Delhi,New Delhi,22.4,28.9,25.6,36.7,47.2,5.2,28.8
2018-01-28,Gujarat,Surat,28.2,37.3,32.8,12.2,62.3,10.4,26.6
2020-09-09,Karnataka,Belgaum,21.2,31.3,26.2,232.8,74.3,20.5,24.4
2023-01-24,Uttarakhand,Dehradun,13.5,21.0,17.2,28.9,72.1,9.1,20.5
2024-11-08,Maharashtra,Nagpur,24.8,30.1,27.4,111.8,70.5,8.9,24.7
2016-10-10,Sikkim,Gangtok,21.1,34.2,27.6,66.2,42.8,6.2,26.0
2015-11-25,Meghalaya,Shillong,17.4,26.1,21.8,73.3,69.9,15.3,21.8
2023-11-12,Kerala,Ernakulam,22.9,32.2,27.6,124.4,87.9,15.5,24.2
2019-01-22,Jharkhand,Ranchi,20.4,26.1,23.2,47.0,75.8,14.6,20.1
2025-08-29,Telangana,Warangal,26.3,37.6,32.0,180.7,72.6,11.0,24.1
2017-08-09,Nagaland,Kohima,22.1,31.9,27.0,298.4,42.8,11.7,22.0
2020-06-28,Sikkim,Gangtok,24.6,34.3,29.4,57.3,54.2,8.8,31.3
2020-07-09,Himachal Pradesh,Shimla,6.6,16.3,11.4,176.0,71.8,14.1,27.6
2023-09-07,Mizoram,Aizawl,16.7,24.6,20.6,144.9,61.5,14.9,22.7
2022-04-22,Madhya Pradesh,Bhopal,14.1,40.8,27.4,21.4,58.2,10.1,34.7
2020-02-22,Goa,North Goa,24.8,34.1,29.4,45.7,61.7,9.9,21.2
2018-04-11,Rajasthan,Jaipur,12.0,30.0,21.0,39.2,29.9,11.2,31.4
2019-11-08,Ladakh,Leh,15.3,20.4,17.8,32.7,72.2,19.2,22.8
2015-06-11,Gujarat,Vadodara,30.7,41.2,36.0,93.2,30.2,20.7,27.9
2019-10-18,Ladakh,Leh,21.3,31.3,26.3,20.5,65.9,16.5,24.7
2017-02-14,Tripura,Agartala,21.2,29.8,25.5,73.6,49.6,16.7,27.5
2024-02-17,Karnataka,Belgaum,23.3,31.7,27.5,50.1,68.3,13.0,27.6
2020-01-02,Maharashtra,Nagpur,22.3,28.7,25.5,68.1,51.7,14.2,25.2
2021-05-10,Andaman and Nicobar Islands,Port Blair,21.7,31.5,26.6,35.2,44.8,6.8,31.4
2023-06-02,Jharkhand,Ranchi,23.2,31.0,27.1,168.6,63.6,15.2,25.6
2017-11-17,Chhattisgarh,Raipur,18.8,25.3,22.0,43.9,71.0,5.1,24.3
2021-07-01,Haryana,Karnal,23.6,34.6,29.1,62.4,57.9,19.8,23.6
2017-07-28,Chhattisgarh,Raipur,14.5,27.9,21.2,122.3,73.4,19.7,23.1
2023-10-26,Telangana,Hyderabad,23.5,38.7,31.1,19.6,70.2,9.8,21.2
2016-06-23,Uttar Pradesh,Lucknow,8.2,21.2,14.7,140.6,75.4,12.5,27.0
2021-12-10,Goa,North Goa,17.2,24.2,20.7,24.0,79.5,13.4,27.8
2017-04-01,Meghalaya,Shillong,13.2,26.9,20.0,40.7,72.5,5.3,33.6
2019-01-01,Ladakh,Leh,11.2,33.4,22.3,15.0,61.3,6.5,24.5
2017-12-24,Kerala,Ernakulam,22.9,30.9,26.9,93.1,73.8,5.3,28.6
2015-12-22,Karnataka,Bangalore,18.9,37.7,28.3,86.6,65.3,8.7,20.9
2024-11-13,Assam,Cachar,20.1,27.1,23.6,116.7,89.1,19.8,25.0
2024-02-06,Goa,North Goa,24.6,30.4,27.5,63.5,54.4,10.5,22.7
2015-08-23,Odisha,Bhubaneswar,17.6,30.3,24.0,395.4,61.5,14.9,22.3
2021-03-24,Nagaland,Kohima,15.1,20.9,18.0,71.9,60.4,16.0,25.1
2019-03-29,Meghalaya,Shillong,21.6,31.1,26.4,54.1,67.4,13.0,22.3
2024-04-07,Tamil Nadu,Chennai,21.7,36.6,29.2,20.9,69.6,12.5,33.0
2020-09-27,Himachal Pradesh,Shimla,2.7,23.0,12.8,197.5,68.0,17.3,25.6
2015-04-28,Assam,Tinsukia,23.9,31.0,27.4,48.1,87.8,6.9,31.8
2020-10-02,Haryana,Hisar,18.7,23.7,21.2,15.8,49.8,9.9,24.3
2019-08-01,Bihar,Gaya,21.2,36.3,28.8,79.3,51.3,17.5,25.9
2022-02-25,Kerala,Thrissur,24.2,32.9,28.6,66.3,75.0,18.3,21.9
2017-12-03,Dadra and Nagar Haveli and Daman and Diu,Daman,15.7,32.7,24.2,30.5,56.5,9.8,29.0
2025-08-22,Tripura,Agartala,20.0,27.1,23.6,229.9,41.5,13.9,29.1
2020-10-01,Meghalaya,Shillong,20.3,33.0,26.6,70.2,71.0,6.3,22.3
2025-01-05,Maharashtra,Mumbai,24.0,29.2,26.6,81.8,69.6,15.4,25.6
2016-07-11,Madhya Pradesh,Bhopal,20.0,39.5,29.8,188.8,54.5,8.7,26.9
2024-11-05,Gujarat,Rajkot,24.5,38.2,31.4,19.0,61.1,11.3,28.9
2025-04-06,Kerala,Ernakulam,22.3,31.0,26.6,50.7,73.6,10.3,33.0
2023-09-09,Bihar,Patna,11.7,30.7,21.2,145.7,60.7,18.7,23.6
2019-12-21,Arunachal Pradesh,Itanagar,15.5,21.6,18.6,43.6,56.7,17.2,24.4
2025-07-08,Jammu and Kashmir,Srinagar,19.4,25.4,22.4,109.4,55.7,10.6,29.7
2020-06-28,Assam,Tinsukia,19.6,24.7,22.2,389.3,87.3,8.8,30.8
2025-09-25,Bihar,Muzaffarpur,16.2,32.1,24.2,105.7,66.6,18.1,25.4
2022-12-25,Kerala,Kozhikode,24.8,34.5,29.6,30.9,68.7,10.5,20.6
2016-02-02,Odisha,Bhubaneswar,22.9,28.2,25.5,71.0,50.1,5.5,28.3
2023-10-15,Jharkhand,Ranchi,13.8,20.1,17.0,33.0,42.0,16.3,24.9
2016-11-05,Andhra Pradesh,Guntur,25.5,37.7,31.6,61.0,54.1,9.2,21.8
2016-01-22,Mizoram,Aizawl,10.8,26.1,18.5,22.5,46.2,12.7,26.3
2020-11-28,Meghalaya,Shillong,21.6,26.7,24.2,41.8,50.7,19.9,21.6
2022-04-15,Himachal Pradesh,Mandi,8.8,29.5,19.2,23.9,72.3,8.6,25.8
2020-08-26,Himachal Pradesh,Kangra,0.9,28.8,14.8,95.4,51.7,22.5,26.6
2025-07-18,Himachal Pradesh,Shimla,9.8,21.4,15.6,52.6,73.6,19.4,20.9
2023-11-28,Kerala,Ernakulam,23.1,34.2,28.6,54.6,78.3,12.3,28.2
2017-06-02,Manipur,Imphal,10.5,31.4,21.0,58.0,40.6,16.9,27.6
2024-11-16,Arunachal Pradesh,Itanagar,20.6,30.0,25.3,47.4,67.6,18.9,28.2
2016-06-24,Karnataka,Hubli,23.0,32.4,27.7,275.7,73.0,10.6,25.3
2015-06-20,Karnataka,Belgaum,22.5,28.5,25.5,138.2,66.3,10.3,25.3
2021-09-22,Haryana,Karnal,18.9,31.4,25.2,75.1,48.8,18.3,21.1
2017-01-09,Lakshadweep,Kavaratti,13.8,31.7,22.8,51.9,50.7,11.0,21.2
2018-11-02,Goa,North Goa,13.8,32.4,23.1,35.8,65.6,7.4,21.8
2023-12-04,Punjab,Ludhiana,28.5,39.0,33.8,40.6,43.2,13.4,24.9
2022-12-15,Jammu and Kashmir,Srinagar,19.1,25.5,22.3,71.6,68.3,11.2,22.7
2021-03-27,Haryana,Hisar,23.9,38.0,31.0,21.1,36.9,12.4,24.7
2025-09-09,Puducherry,Puducherry,20.9,34.8,27.8,168.8,69.3,13.3,26.0
2025-09-28,Odisha,Bhubaneswar,16.7,36.6,26.6,164.0,52.8,22.9,29.0
2015-04-29,Gujarat,Rajkot,18.4,30.2,24.3,47.2,61.9,18.6,30.6
2023-11-02,Dadra and Nagar Haveli and Daman and Diu,Daman,13.6,22.3,18.0,41.8,77.0,14.5,20.3
2022-10-02,Nagaland,Kohima,18.4,30.5,24.4,45.7,67.6,9.4,21.4
2025-04-16,Maharashtra,Nagpur,27.0,33.6,30.3,23.1,56.2,17.5,25.8
2021-11-17,Ladakh,Leh,12.9,26.0,19.4,25.1,68.9,15.1,28.4
2020-11-21,Mizoram,Aizawl,13.1,29.1,21.1,59.2,42.5,5.6,25.6
2025-01-23,Himachal Pradesh,Shimla,11.8,22.0,16.9,12.3,56.1,14.6,27.0
2022-07-08,Punjab,Patiala,17.3,31.6,24.5,141.1,48.0,12.0,22.2
2020-06-18,West Bengal,Kolkata,23.5,33.1,28.3,327.1,68.8,20.3,30.0
2025-08-02,Punjab,Amritsar,29.7,36.0,32.8,44.9,44.9,21.8,28.5
2024-10-13,Ladakh,Leh,13.7,28.5,21.1,46.2,51.7,8.5,23.9
2025-04-22,Uttarakhand,Dehradun,21.8,28.4,25.1,36.2,59.3,19.1,28.0
2019-09-02,Haryana,Karnal,5.5,31.0,18.2,156.0,58.1,18.5,24.8
2019-09-19,Lakshadweep,Kavaratti,10.3,29.7,20.0,282.2,46.3,9.0,22.7
2021-01-31,Andhra Pradesh,Visakhapatnam,28.5,34.2,31.4,56.5,51.9,5.5,28.9
2025-06-02,Mizoram,Aizawl,21.6,31.6,26.6,68.2,51.2,8.7,31.5
2022-08-24,Himachal Pradesh,Mandi,13.7,22.4,18.0,128.0,65.2,22.2,23.9
2019-08-25,Punjab,Patiala,17.3,34.7,26.0,81.6,64.8,20.7,26.7
2018-12-15,Lakshadweep,Kavaratti,18.1,34.8,26.4,54.2,65.7,18.2,25.5
2023-10-11,Arunachal Pradesh,Itanagar,13.6,20.9,17.2,38.0,60.6,17.4,21.4
2024-06-24,Lakshadweep,Kavaratti,20.2,28.2,24.2,282.9,58.8,17.3,31.5
2019-10-26,Himachal Pradesh,Kangra,1.8,26.6,14.2,20.7,55.9,15.1,20.6
2019-03-05,Chandigarh,Chandigarh,18.7,28.3,23.5,9.5,69.1,12.5,23.0
2016-10-26,Punjab,Ludhiana,7.1,27.4,17.2,18.8,67.9,13.9,22.9
2015-02-02,Andhra Pradesh,Guntur,25.3,35.5,30.4,57.2,77.1,19.4,27.2
2020-10-03,Chhattisgarh,Raipur,18.2,25.9,22.0,33.2,59.6,6.9,22.6
2022-01-10,Jammu and Kashmir,Srinagar,19.7,28.7,24.2,41.3,49.0,13.6,22.3
2022-09-04,Ladakh,Leh,12.9,19.5,16.2,116.8,61.7,10.4,22.0
2025-09-01,Andhra Pradesh,Visakhapatnam,23.9,34.3,29.1,238.2,67.0,17.3,27.0
2025-02-26,Maharashtra,Nagpur,23.4,32.4,27.9,102.0,77.3,7.3,29.5
2020-08-21,Himachal Pradesh,Kangra,18.6,29.2,23.9,149.9,73.7,17.4,22.1
2019-04-01,Chandigarh,Chandigarh,21.6,30.0,25.8,25.5,75.1,17.9,33.6
2016-12-20,Telangana,Hyderabad,28.3,37.0,32.6,50.1,78.0,6.9,28.1
2022-02-15,Bihar,Purnia,19.6,39.7,29.6,51.5,46.5,17.2,26.7
2021-08-17,Maharashtra,Pune,19.8,24.9,22.4,290.1,50.9,21.0,22.5
2016-04-28,Tripura,Agartala,19.9,28.4,24.2,29.5,47.3,12.5,30.8
2017-08-30,Bihar,Gaya,20.8,38.0,29.4,209.6,69.6,12.9,24.2
2025-03-07,Tripura,Agartala,10.3,16.9,13.6,32.0,48.4,17.2,26.8
2024-01-13,Jharkhand,Ranchi,24.6,34.4,29.5,73.4,54.6,12.3,23.7
2022-04-24,Jammu and Kashmir,Srinagar,19.3,26.6,23.0,17.6,50.0,11.4,31.0
2015-11-03,Gujarat,Vadodara,25.5,39.2,32.4,34.2,49.7,5.5,27.0
2016-04-01,Madhya Pradesh,Bhopal,11.9,28.7,20.3,54.3,53.9,8.0,33.1
2021-01-16,Bihar,Muzaffarpur,14.6,31.4,23.0,51.3,69.2,6.0,28.5
2015-11-27,Ladakh,Leh,11.7,18.4,15.0,37.0,54.9,5.8,21.7
2022-09-24,Maharashtra,Mumbai,23.3,38.0,30.6,95.8,44.7,20.1,24.9
2015-08-13,Nagaland,Kohima,15.4,27.1,21.2,135.0,71.3,8.1,24.3
2023-04-19,Haryana,Karnal,9.0,22.0,15.5,10.0,47.1,14.6,31.6
2022-08-08,Lakshadweep,Kavaratti,22.0,33.5,27.8,187.4,54.1,8.8,20.4
2024-10-15,Uttarakhand,Dehradun,11.7,34.7,23.2,60.0,56.2,12.0,27.4
2019-01-19,Tamil Nadu,Chennai,24.1,32.3,28.2,41.5,57.3,18.3,24.1
2023-07-14,Gujarat,Ahmedabad,27.8,38.1,33.0,155.7,42.8,19.3,27.9
2023-12-30,Kerala,Ernakulam,22.3,28.0,25.2,148.2,63.5,15.3,27.5
2017-12-18,Tripura,Agartala,11.0,30.2,20.6,34.4,51.0,15.0,28.3
2016-10-05,Assam,Kamrup,18.6,33.5,26.0,27.8,85.9,7.5,22.9
2016-09-07,Uttar Pradesh,Lucknow,20.5,30.0,25.2,57.0,74.3,21.6,20.4
2015-07-14,Bihar,Gaya,19.0,27.3,23.2,264.5,58.5,15.2,26.3
2016-05-03,Ladakh,Leh,10.8,18.2,14.5,39.9,78.7,17.7,33.9
2021-01-13,Manipur,Imphal,12.1,34.3,23.2,56.1,53.0,18.0,27.5
2022-04-11,Lakshadweep,Kavaratti,21.0,32.6,26.8,61.1,77.9,7.1,35.0
2018-06-03,Andaman and Nicobar Islands,Port Blair,23.1,31.1,27.1,64.1,58.2,19.7,31.0
2021-09-25,Jharkhand,Ranchi,14.2,25.6,19.9,287.2,72.2,9.9,25.5
2023-12-21,Rajasthan,Jodhpur,33.3,38.5,35.9,4.1,48.7,13.6,20.5
2018-01-07,Meghalaya,Shillong,24.9,32.9,28.9,39.4,57.9,15.5,24.6
2018-02-21,Odisha,Bhubaneswar,24.9,34.8,29.8,65.0,78.2,17.3,28.5
2021-11-23,Andaman and Nicobar Islands,Port Blair,13.0,19.0,16.0,63.5,41.7,8.2,25.3
2018-05-26,Nagaland,Kohima,22.8,34.3,28.6,49.0,78.7,15.9,30.3
2016-05-30,Meghalaya,Shillong,12.0,24.7,18.4,62.6,51.3,13.7,34.8
2019-06-14,Andhra Pradesh,Guntur,21.7,28.0,24.8,246.9,50.7,17.6,28.4
2018-02-01,Arunachal Pradesh,Itanagar,20.9,27.0,24.0,28.1,40.7,8.5,24.8
2016-01-28,Manipur,Imphal,12.7,28.1,20.4,13.3,69.8,18.8,23.9
2016-09-22,West Bengal,Darjeeling,19.5,31.1,25.3,401.3,89.8,19.0,22.1
2025-03-05,Andhra Pradesh,Chittoor,27.0,36.9,32.0,23.7,57.2,14.8,28.1
2020-01-22,Chhattisgarh,Raipur,21.4,31.6,26.5,70.6,69.2,13.1,28.2
2022-04-09,Sikkim,Gangtok,14.4,23.5,19.0,73.0,78.0,18.2,27.1
2017-09-06,Ladakh,Leh,18.8,29.8,24.3,76.9,57.9,15.0,22.4
2016-03-09,Madhya Pradesh,Bhopal,31.0,39.0,35.0,33.9,53.9,18.3,25.3
2024-04-25,Andhra Pradesh,Krishna,25.4,32.7,29.0,49.2,61.4,14.7,28.0
2023-10-20,Meghalaya,Shillong,20.7,31.5,26.1,38.2,43.9,14.4,28.6
2025-08-07,Sikkim,Gangtok,12.6,19.1,15.8,31.1,41.3,20.6,27.3
2022-01-31,Lakshadweep,Kavaratti,13.0,33.6,23.3,14.5,55.0,11.8,20.8
2015-10-05,Meghalaya,Shillong,15.2,21.7,18.4,60.3,41.9,5.3,27.3
2015-08-21,Manipur,Imphal,21.7,30.8,26.2,109.0,49.5,9.8,24.8
2019-04-02,Kerala,Ernakulam,23.5,31.5,27.5,122.3,63.0,15.1,29.0
2019-05-14,Andhra Pradesh,Visakhapatnam,22.4,36.0,29.2,22.8,56.9,20.0,33.9
2018-01-18,Mizoram,Aizawl,20.5,28.5,24.5,42.6,45.1,10.0,20.7
2024-10-03,West Bengal,Howrah,21.0,36.3,28.6,103.1,84.2,7.6,26.5
2023-12-15,Gujarat,Ahmedabad,31.3,40.8,36.0,5.2,65.3,15.6,21.2
2021-08-06,Himachal Pradesh,Mandi,6.3,13.5,9.9,229.8,40.1,15.0,30.0
2024-08-13,Sikkim,Gangtok,22.8,32.0,27.4,214.3,64.1,20.2,28.9
2015-01-26,Uttar Pradesh,Kanpur,25.7,32.8,29.2,25.5,69.2,17.3,26.3
2023-06-24,Kerala,Thrissur,24.1,30.1,27.1,286.3,76.0,22.8,33.0
2018-11-18,Gujarat,Vadodara,18.3,29.9,24.1,14.8,36.1,6.8,29.7
2021-12-29,Manipur,Imphal,23.6,31.7,27.6,43.4,73.5,14.7,27.3
2024-03-26,Rajasthan,Udaipur,29.8,39.7,34.8,39.1,45.1,14.5,21.4
2024-05-03,Maharashtra,Nashik,29.9,35.3,32.6,123.3,81.0,17.8,31.7
2021-05-03,Arunachal Pradesh,Itanagar,19.1,35.0,27.0,73.2,72.5,6.3,28.7
2016-04-05,Haryana,Gurgaon,26.6,37.5,32.0,10.5,43.9,5.3,33.9
2025-04-22,Goa,North Goa,21.2,30.0,25.6,58.2,77.3,9.2,27.9
2021-11-08,Delhi,New Delhi,17.2,31.2,24.2,74.5,46.5,10.1,23.6
2024-05-24,Goa,North Goa,20.9,34.0,27.4,17.9,68.5,18.6,26.2
2017-12-27,Uttar Pradesh,Kanpur,22.1,30.1,26.1,29.3,36.3,15.3,24.0
2017-10-03,Maharashtra,Mumbai,24.8,35.1,30.0,89.8,80.3,9.2,26.0
2022-12-20,Haryana,Karnal,19.3,29.2,24.2,27.5,31.6,11.4,22.7
2024-07-15,Madhya Pradesh,Bhopal,29.0,36.9,33.0,62.3,51.2,20.2,23.5
2020-06-17,Madhya Pradesh,Bhopal,28.6,36.3,32.4,181.8,34.6,8.9,32.4
2016-05-05,West Bengal,Howrah,16.6,28.0,22.3,76.0,89.5,7.6,28.0
2025-09-09,Nagaland,Kohima,19.7,31.9,25.8,217.7,63.8,16.8,21.5
2017-12-08,Odisha,Bhubaneswar,27.5,32.6,30.0,47.6,57.5,6.6,23.2
2025-04-16,Lakshadweep,Kavaratti,19.9,29.9,24.9,66.1,64.0,8.8,30.2
2022-02-24,Sikkim,Gangtok,13.4,21.4,17.4,71.9,58.7,14.8,28.7
2023-09-09,Arunachal Pradesh,Itanagar,14.8,31.8,23.3,240.9,73.0,10.8,29.6
2015-08-04,Madhya Pradesh,Bhopal,16.0,37.3,26.6,55.7,67.0,14.4,26.7
2024-08-10,Tamil Nadu,Madurai,26.8,33.6,30.2,180.0,61.0,12.2,25.1
2019-09-20,Tripura,Agartala,18.2,24.1,21.2,208.5,56.8,21.3,28.9
2019-05-12,West Bengal,Howrah,23.0,36.5,29.8,116.1,73.1,19.6,34.6
2022-02-19,Karnataka,Hubli,19.1,31.4,25.2,20.3,70.8,16.5,28.8
2015-06-08,Delhi,New Delhi,19.8,29.4,24.6,63.7,45.0,15.3,33.3
2021-12-11,Telangana,Warangal,27.0,39.0,33.0,62.7,48.2,8.0,24.6
2016-11-16,Arunachal Pradesh,Itanagar,12.9,21.1,17.0,23.7,40.9,13.6,24.0
2024-01-27,Chandigarh,Chandigarh,13.6,20.8,17.2,36.9,64.1,19.6,22.5
2022-10-12,Mizoram,Aizawl,10.4,29.8,20.1,21.5,59.4,17.1,20.4
2019-11-12,Puducherry,Puducherry,12.1,18.9,15.5,21.4,46.9,9.7,27.5
2020-08-14,Sikkim,Gangtok,10.6,17.0,13.8,178.0,60.8,15.1,25.2
2025-01-15,Chhattisgarh,Raipur,21.1,31.2,26.2,37.0,43.3,19.6,22.4
2020-01-18,Meghalaya,Shillong,23.0,30.7,26.8,52.9,58.2,10.3,26.1
2021-08-05,Madhya Pradesh,Bhopal,21.8,30.3,26.0,94.0,31.4,10.9,23.4
2021-11-11,Uttar Pradesh,Varanasi,31.2,39.3,35.2,43.5,63.7,19.7,25.6
2021-04-14,Dadra and Nagar Haveli and Daman and Diu,Daman,18.8,27.2,23.0,48.8,70.3,6.5,29.8
2019-05-09,Tamil Nadu,Madurai,23.4,29.5,26.4,40.7,68.7,14.7,27.9
2019-08-24,Kerala,Thrissur,23.4,33.2,28.3,311.1,88.2,8.5,22.6
2023-03-13,Maharashtra,Nagpur,19.6,32.9,26.2,30.4,73.4,18.8,22.1
2021-10-05,Nagaland,Kohima,23.6,32.6,28.1,18.7,69.5,6.4,26.9
2020-04-30,Uttarakhand,Dehradun,22.9,34.6,28.8,8.8,42.5,19.0,32.9
2025-06-06,West Bengal,Kolkata,23.9,35.7,29.8,370.0,74.5,20.2,25.3
2020-08-24,Nagaland,Kohima,21.1,31.3,26.2,274.1,77.5,11.6,27.9
2022-08-15,Meghalaya,Shillong,24.4,30.9,27.6,258.3,63.5,13.9,28.2
2024-12-23,Meghalaya,Shillong,23.1,30.1,26.6,60.6,42.0,11.3,20.7
2018-02-19,Madhya Pradesh,Bhopal,16.5,41.0,28.8,45.4,60.2,7.0,25.8
2021-05-13,Andaman and Nicobar Islands,Port Blair,15.8,31.2,23.5,16.0,51.3,18.5,26.7
2019-05-01,Himachal Pradesh,Kangra,12.6,21.5,17.0,15.3,48.9,18.0,34.1
2021-11-05,Uttar Pradesh,Kanpur,16.3,34.2,25.2,33.6,44.0,10.2,25.3
2024-06-23,West Bengal,Darjeeling,22.5,31.2,26.8,361.5,88.4,8.4,26.6
2024-03-19,Madhya Pradesh,Bhopal,30.2,35.7,33.0,47.1,55.0,5.7,20.0
2024-12-24,Ladakh,Leh,17.5,24.0,20.8,66.1,59.2,8.5,21.7
2022-03-30,Himachal Pradesh,Shimla,16.7,27.7,22.2,56.7,43.4,14.4,28.7
2021-10-29,Maharashtra,Mumbai,27.2,33.1,30.2,119.2,43.1,13.4,29.5
2021-03-07,Kerala,Thrissur,24.5,33.2,28.8,132.0,80.2,5.8,23.5
2025-01-09,Lakshadweep,Kavaratti,16.4,28.8,22.6,21.1,75.2,8.4,26.6
2022-07-24,Assam,Dibrugarh,23.1,33.2,28.2,168.0,93.3,9.4,22.0
2021-06-07,Meghalaya,Shillong,12.1,29.0,20.6,246.1,49.5,22.7,26.4
2020-04-16,Punjab,Amritsar,12.9,28.7,20.8,41.4,45.1,7.7,29.6
2024-01-08,Lakshadweep,Kavaratti,17.1,22.3,19.7,6.5,51.1,16.1,23.7
2019-10-24,Tamil Nadu,Chennai,21.7,28.0,24.8,35.2,66.9,6.4,20.1
2020-08-12,Mizoram,Aizawl,11.9,30.3,21.1,150.6,57.8,8.3,27.1
2017-09-16,Meghalaya,Shillong,13.0,19.5,16.2,255.8,59.4,19.2,28.2
2019-03-22,Haryana,Faridabad,29.1,37.8,33.4,8.1,52.3,12.6,20.6
2018-01-21,Odisha,Bhubaneswar,19.6,30.9,25.2,24.5,50.3,16.4,28.5
2022-01-11,Chandigarh,Chandigarh,13.4,18.5,16.0,67.3,45.4,11.0,23.7
2024-07-31,Puducherry,Puducherry,12.5,28.0,20.2,277.2,60.5,22.6,21.9
2016-05-07,Maharashtra,Nagpur,28.2,34.9,31.6,38.8,45.3,18.0,32.3
2024-01-20,Sikkim,Gangtok,15.1,25.3,20.2,64.1,77.1,14.0,24.1
2016-09-11,Mizoram,Aizawl,10.8,18.2,14.5,59.7,51.1,11.9,25.4
2023-11-07,Manipur,Imphal,24.2,34.2,29.2,40.6,40.7,6.0,28.6
2025-05-20,Lakshadweep,Kavaratti,14.3,24.3,19.3,14.8,48.9,8.7,29.1
2025-06-20,Madhya Pradesh,Bhopal,23.7,33.4,28.6,119.0,37.3,8.8,28.5
2021-07-06,Rajasthan,Udaipur,11.6,25.1,18.4,135.6,34.7,10.9,29.0
2021-07-08,Delhi,New Delhi,19.6,34.9,27.2,104.1,48.0,12.5,28.1
2020-09-28,Uttarakhand,Dehradun,12.3,21.6,17.0,216.5,69.5,22.4,29.8
2019-03-27,Jammu and Kashmir,Srinagar,13.3,22.5,17.9,39.4,57.6,10.8,23.4
2017-05-12,Meghalaya,Shillong,12.5,23.9,18.2,72.8,75.3,14.3,26.9
2019-08-19,West Bengal,Darjeeling,25.8,33.0,29.4,291.0,86.5,13.0,29.1
2024-10-03,Puducherry,Puducherry,13.5,33.8,23.6,30.1,55.0,13.3,23.5
2019-05-25,Andhra Pradesh,Chittoor,24.5,34.8,29.6,41.9,78.8,9.2,27.8
2025-04-10,Dadra and Nagar Haveli and Daman and Diu,Daman,22.6,30.5,26.6,10.1,59.3,13.3,31.2
2021-05-08,Ladakh,Leh,13.5,34.6,24.0,56.6,68.8,18.1,25.3
2016-08-02,Delhi,New Delhi,19.2,33.0,26.1,29.6,70.2,22.8,25.9
2020-03-05,Delhi,New Delhi,16.4,27.6,22.0,52.6,62.8,16.8,24.2
2018-06-29,Nagaland,Kohima,16.3,31.5,23.9,200.7,71.1,21.3,27.6
2022-02-20,Tamil Nadu,Coimbatore,22.5,33.0,27.8,93.7,79.2,12.0,25.7
2022-07-06,Tamil Nadu,Madurai,25.7,34.5,30.1,75.4,62.3,8.7,26.7
2020-01-30,Manipur,Imphal,15.1,31.1,23.1,35.1,41.8,10.7,22.2
2025-04-28,Uttar Pradesh,Varanasi,10.8,25.7,18.2,58.8,78.0,17.1,27.5
2023-08-28,Chandigarh,Chandigarh,21.5,26.6,24.0,35.8,73.4,16.5,23.7
2021-10-29,Tripura,Agartala,21.1,27.1,24.1,25.1,69.1,8.1,26.0
2023-05-23,Meghalaya,Shillong,16.7,24.4,20.5,67.2,57.4,14.0,27.5
2018-09-17,Maharashtra,Nashik,22.2,27.8,25.0,262.3,55.5,12.9,28.9
2018-03-08,Mizoram,Aizawl,20.6,29.9,25.2,18.7,78.9,6.1,21.4
2015-12-23,Kerala,Ernakulam,22.8,34.7,28.8,59.9,74.7,16.4,29.3
2019-06-13,Andaman and Nicobar Islands,Port Blair,19.1,28.3,23.7,295.9,41.0,20.5,27.8
2021-05-10,Lakshadweep,Kavaratti,22.3,28.5,25.4,29.3,42.2,8.0,31.0
2023-06-18,Telangana,Nizamabad,27.1,39.3,33.2,71.1,45.6,22.1,32.7
2020-06-29,Madhya Pradesh,Bhopal,21.9,34.1,28.0,54.7,45.2,13.6,31.5
2021-06-16,Punjab,Amritsar,20.0,25.9,23.0,172.7,67.5,19.7,26.8
2017-05-19,Manipur,Imphal,12.6,30.2,21.4,35.9,71.2,6.1,32.2
2017-06-04,Bihar,Patna,17.3,22.8,20.0,181.7,68.0,15.9,26.2
2020-06-24,Puducherry,Puducherry,22.2,29.7,26.0,278.0,76.3,11.0,29.8
2021-01-10,West Bengal,Howrah,12.5,31.4,22.0,108.0,75.9,8.9,20.8
2018-11-14,Arunachal Pradesh,Itanagar,11.0,27.6,19.3,71.7,67.8,16.0,23.3
2018-07-07,Chandigarh,Chandigarh,18.8,27.3,23.0,272.5,45.3,17.5,27.3
2016-09-11,Uttar Pradesh,Kanpur,23.9,32.3,28.1,126.9,63.2,22.0,25.0
2017-06-01,Uttar Pradesh,Lucknow,13.1,27.3,20.2,139.1,78.8,17.4,26.5
2017-03-07,Punjab,Amritsar,26.1,32.7,29.4,6.7,34.0,16.8,29.0
2024-12-21,West Bengal,Howrah,14.8,28.9,21.8,78.7,66.7,6.0,20.6
2020-12-12,Punjab,Amritsar,16.0,36.2,26.1,8.8,38.2,9.0,25.6
2024-05-18,Karnataka,Bangalore,18.4,36.0,27.2,52.4,61.8,9.9,27.1
2018-07-20,Jharkhand,Ranchi,15.5,33.7,24.6,46.4,42.4,9.7,27.8
2016-09-10,Tamil Nadu,Coimbatore,20.4,29.6,25.0,192.9,67.7,8.0,24.9
2020-01-09,Odisha,Bhubaneswar,17.9,24.6,21.2,58.0,76.0,19.0,29.1
2015-09-02,Nagaland,Kohima,16.0,30.9,23.4,214.8,56.5,9.5,23.8
2022-12-05,Uttarakhand,Dehradun,24.9,32.7,28.8,28.9,69.8,15.3,25.8
2021-11-02,Goa,North Goa,19.6,30.7,25.2,71.9,60.4,13.9,24.7
2017-07-18,Jharkhand,Ranchi,19.0,33.8,26.4,115.1,59.8,14.7,24.0
2018-06-24,Arunachal Pradesh,Itanagar,22.3,29.1,25.7,160.0,77.0,10.4,25.0
2016-06-03,Telangana,Nizamabad,21.2,38.9,30.0,62.8,45.5,12.8,32.7
2023-10-18,West Bengal,Kolkata,23.5,29.3,26.4,117.4,59.6,9.2,23.9
2021-08-06,West Bengal,Kolkata,21.4,32.4,26.9,467.2,72.6,20.9,20.8
2015-01-08,Arunachal Pradesh,Itanagar,22.8,29.2,26.0,30.4,52.8,10.1,29.2
2021-11-30,Chhattisgarh,Raipur,16.6,25.2,20.9,25.6,72.1,13.1,24.5
2024-05-16,Karnataka,Belgaum,27.3,37.6,32.4,78.1,63.3,6.7,32.1
2020-07-12,Jharkhand,Ranchi,22.2,33.8,28.0,182.9,64.7,18.6,28.7
2016-05-09,Arunachal Pradesh,Itanagar,10.7,26.6,18.6,30.8,73.3,7.0,34.1
2019-06-18,Manipur,Imphal,11.9,18.5,15.2,117.0,79.8,17.5,25.3
2022-11-20,Gujarat,Surat,19.2,26.9,23.0,5.0,50.6,10.7,26.1
2024-07-30,Punjab,Amritsar,10.4,35.8,23.1,89.0,49.3,19.0,21.7
2017-11-28,Puducherry,Puducherry,13.9,21.4,17.6,58.8,43.9,12.3,27.5
2022-03-25,Jammu and Kashmir,Srinagar,10.2,22.7,16.4,14.1,71.3,14.1,26.7
2015-07-06,Puducherry,Puducherry,21.5,31.3,26.4,162.4,66.5,21.5,26.4
2025-01-15,Sikkim,Gangtok,21.8,30.7,26.2,46.3,47.2,12.3,21.5
2025-01-19,Dadra and Nagar Haveli and Daman and Diu,Daman,17.0,22.8,19.9,45.3,51.5,17.6,23.8
2022-09-02,Tamil Nadu,Madurai,27.3,35.0,31.2,345.6,60.4,14.8,26.3
2020-02-21,Odisha,Bhubaneswar,18.9,34.5,26.7,36.0,67.0,5.4,20.8
2020-11-10,Bihar,Patna,13.0,35.7,24.4,52.9,75.7,18.6,23.7
2015-03-27,Telangana,Nizamabad,22.4,37.9,30.2,37.7,74.3,12.6,24.2
2023-07-13,Punjab,Ludhiana,12.0,19.9,16.0,114.7,43.0,11.7,21.7
2015-05-17,West Bengal,Kolkata,17.0,30.9,24.0,106.3,82.8,17.8,30.8
2021-10-04,Mizoram,Aizawl,18.4,33.9,26.2,25.2,45.8,6.2,28.8
2020-10-22,Odisha,Bhubaneswar,20.6,32.8,26.7,82.3,63.1,18.0,23.2
2024-11-28,Jammu and Kashmir,Srinagar,14.6,26.5,20.6,23.1,45.0,6.7,26.5
2019-06-25,Lakshadweep,Kavaratti,10.2,28.3,19.2,239.0,52.1,19.2,26.7
2024-10-23,Jammu and Kashmir,Srinagar,19.2,25.5,22.4,41.7,79.2,18.6,26.6
2023-11-02,Chandigarh,Chandigarh,15.5,30.7,23.1,37.2,44.4,16.9,28.7
2024-02-09,Mizoram,Aizawl,16.1,30.4,23.2,7.1,47.9,13.6,22.7
2021-01-27,Andaman and Nicobar Islands,Port Blair,24.2,34.1,29.2,50.9,80.0,8.6,29.2
2019-10-18,Goa,North Goa,14.6,28.8,21.7,35.4,57.7,16.4,23.5
2021-01-26,Mizoram,Aizawl,17.6,25.2,21.4,58.4,62.1,8.8,22.7
2019-11-23,Mizoram,Aizawl,14.4,30.3,22.4,46.7,72.9,13.6,23.1
2017-05-21,Maharashtra,Mumbai,29.6,39.4,34.5,42.1,81.1,15.8,29.1
2021-06-27,Telangana,Nizamabad,23.6,33.7,28.6,247.2,47.0,8.9,30.0
2024-12-17,Lakshadweep,Kavaratti,14.4,28.2,21.3,73.5,66.9,19.4,27.3
2021-11-08,Ladakh,Leh,11.1,32.9,22.0,18.9,74.6,16.2,28.4
2017-08-01,Maharashtra,Pune,21.0,37.3,29.2,320.8,43.7,21.3,28.8
2019-06-15,Uttarakhand,Dehradun,18.6,28.8,23.7,132.2,64.1,20.6,30.7
2022-10-08,Odisha,Bhubaneswar,16.9,27.4,22.2,70.1,72.6,12.8,22.4
2022-04-14,Dadra and Nagar Haveli and Daman and Diu,Daman,14.1,26.8,20.4,32.6,52.6,17.4,30.0
2023-11-01,Himachal Pradesh,Kangra,10.1,21.5,15.8,54.3,47.0,19.2,21.0
2023-01-15,Mizoram,Aizawl,20.7,32.3,26.5,13.0,79.7,5.5,23.6
2015-12-15,Odisha,Bhubaneswar,21.4,37.3,29.4,12.7,69.5,8.1,25.7
2024-08-23,Bihar,Muzaffarpur,22.2,27.6,24.9,57.5,43.4,20.8,29.3
2019-08-04,Karnataka,Hubli,22.4,36.7,29.6,211.4,58.1,16.0,27.9
2018-04-11,Sikkim,Gangtok,13.4,23.4,18.4,64.4,76.6,6.8,32.0
2015-01-10,Bihar,Purnia,8.2,19.8,14.0,14.5,60.6,10.2,21.4
2022-08-19,Mizoram,Aizawl,10.0,22.8,16.4,102.5,41.9,20.8,24.1
2024-02-19,Haryana,Gurgaon,24.4,33.9,29.2,8.0,45.8,18.3,20.1
2019-01-01,Puducherry,Puducherry,23.4,32.7,28.0,74.7,76.6,18.0,20.4
2025-06-28,Karnataka,Bangalore,20.8,30.4,25.6,291.9,69.2,10.6,32.4
2024-02-01,Dadra and Nagar Haveli and Daman and Diu,Daman,12.3,25.4,18.8,45.5,74.8,14.5,29.5
2016-10-28,Karnataka,Bangalore,27.9,35.5,31.7,14.6,41.3,17.8,25.0
2022-02-06,Rajasthan,Jaipur,19.2,30.1,24.6,13.1,22.9,9.5,26.4
2019-03-03,Chandigarh,Chandigarh,15.8,34.3,25.0,51.8,74.6,6.7,24.5
2020-12-16,Jharkhand,Ranchi,10.6,33.0,21.8,15.3,72.2,18.9,24.4
2025-04-01,Uttar Pradesh,Varanasi,15.5,33.4,24.4,45.7,62.3,5.0,32.9
2016-08-23,Uttarakhand,Dehradun,12.2,25.2,18.7,99.1,77.1,15.5,25.2
2022-04-06,Haryana,Faridabad,6.9,37.1,22.0,15.8,46.6,19.8,26.1
2015-11-23,Haryana,Karnal,23.0,31.1,27.0,23.9,46.7,19.0,20.1
2025-06-21,Haryana,Gurgaon,14.2,36.9,25.5,183.9,42.5,11.6,29.6
2025-09-11,Puducherry,Puducherry,21.2,27.6,24.4,239.7,60.5,10.1,26.7
2017-09-06,Meghalaya,Shillong,19.4,31.0,25.2,231.3,47.2,18.5,28.9
2021-09-17,Madhya Pradesh,Bhopal,21.7,34.1,27.9,195.5,35.8,13.1,28.5
2016-09-20,Tamil Nadu,Coimbatore,24.0,36.6,30.3,130.7,63.6,20.4,21.6
2019-06-18,Kerala,Kozhikode,24.7,31.3,28.0,586.3,84.8,14.8,32.4
2025-04-04,Uttarakhand,Dehradun,18.3,33.3,25.8,41.3,79.5,7.0,31.8
2025-01-30,Sikkim,Gangtok,13.7,21.8,17.8,33.6,54.7,5.7,24.3
2025-02-13,Lakshadweep,Kavaratti,24.3,32.0,28.2,26.1,78.0,12.6,22.9
2024-05-23,Uttarakhand,Dehradun,21.7,28.6,25.2,22.3,53.0,10.9,30.8
2025-01-22,Arunachal Pradesh,Itanagar,17.7,31.8,24.8,55.2,41.8,7.0,22.2
2022-07-28,Delhi,New Delhi,19.0,33.8,26.4,111.0,78.5,10.6,29.2
2023-06-16,Uttar Pradesh,Lucknow,26.6,35.6,31.1,65.4,49.6,11.2,30.6
2015-10-01,West Bengal,Howrah,20.3,35.1,27.7,70.7,63.8,18.7,20.8
2016-11-15,Odisha,Bhubaneswar,27.1,35.3,31.2,26.3,54.2,8.3,21.2
2015-04-26,Chhattisgarh,Raipur,16.9,26.5,21.7,30.0,46.3,14.9,31.1
2017-05-10,Delhi,New Delhi,24.7,30.6,27.6,63.4,41.4,6.1,31.5
2020-06-26,Punjab,Ludhiana,15.2,24.8,20.0,20.5,56.5,14.6,26.7
2016-11-23,Chandigarh,Chandigarh,24.6,31.5,28.0,26.2,60.4,9.2,22.7
2023-08-29,Haryana,Faridabad,29.2,35.7,32.4,129.0,31.5,10.3,20.2
2018-01-10,Mizoram,Aizawl,18.0,28.9,23.4,28.2,68.0,14.4,26.0
2021-06-29,Andhra Pradesh,Guntur,23.4,32.2,27.8,267.1,66.3,12.1,30.4
2023-03-28,Assam,Tinsukia,14.0,22.0,18.0,60.3,82.0,12.7,21.6
2020-12-01,Uttar Pradesh,Lucknow,29.5,38.2,33.8,48.7,46.5,19.4,27.5
2019-11-28,Dadra and Nagar Haveli and Daman and Diu,Daman,16.8,33.7,25.2,55.2,57.2,19.6,23.0
2023-07-27,Haryana,Karnal,11.4,37.5,24.4,147.3,43.8,11.5,21.8
2015-06-03,Haryana,Karnal,12.8,20.6,16.7,46.2,61.1,9.0,29.4
2020-03-15,Jammu and Kashmir,Srinagar,8.1,29.3,18.7,40.3,46.4,6.3,27.3
2018-11-28,West Bengal,Kolkata,12.7,36.7,24.7,74.3,66.1,15.3,22.0
2025-02-16,Bihar,Purnia,16.4,22.0,19.2,67.0,57.0,16.4,29.2
2018-07-13,Meghalaya,Shillong,19.8,28.6,24.2,193.5,54.4,16.5,24.3
2015-11-11,Madhya Pradesh,Bhopal,13.3,36.8,25.0,32.3,37.6,18.4,28.5
2025-05-14,Punjab,Ludhiana,19.0,39.5,29.2,46.7,65.9,7.0,27.9
2017-11-30,Chhattisgarh,Raipur,16.2,32.7,24.5,66.0,70.1,12.1,21.6
2015-04-15,Punjab,Ludhiana,5.9,31.2,18.6,49.7,43.8,13.5,33.1
2020-04-08,Telangana,Warangal,20.2,37.5,28.8,50.6,62.8,16.4,27.4
2020-03-28,Ladakh,Leh,19.2,26.8,23.0,17.6,64.9,9.0,27.1
2018-05-01,Puducherry,Puducherry,17.7,31.2,24.4,67.4,45.5,6.0,29.0
2018-11-25,Puducherry,Puducherry,20.8,34.0,27.4,7.4,71.7,6.1,25.8
2024-03-03,Odisha,Bhubaneswar,20.2,25.5,22.8,18.7,62.4,19.3,21.5
2021-07-29,Mizoram,Aizawl,14.1,34.9,24.5,154.6,50.5,17.2,24.4
2023-05-22,Chhattisgarh,Raipur,22.9,28.0,25.4,74.8,42.7,13.1,32.0
2019-11-08,Tripura,Agartala,18.2,26.7,22.4,64.9,57.2,9.5,27.7
2020-05-14,Nagaland,Kohima,12.2,20.8,16.5,22.7,57.4,5.3,34.9
2022-08-12,Haryana,Hisar,20.0,39.6,29.8,165.3,35.4,11.1,20.3
2019-05-23,Uttarakhand,Dehradun,22.5,32.0,27.2,20.1,78.8,16.1,32.1
2016-12-09,Manipur,Imphal,14.0,24.0,19.0,51.8,63.7,14.7,28.8
2024-02-10,Madhya Pradesh,Bhopal,13.5,21.2,17.4,36.1,50.0,11.0,29.0
2016-10-12,Meghalaya,Shillong,18.4,30.0,24.2,30.7,53.8,19.8,26.2
2022-11-11,Sikkim,Gangtok,22.4,30.8,26.6,18.4,53.0,10.2,25.6
2017-08-04,Punjab,Patiala,8.9,24.0,16.4,38.1,49.9,22.2,23.4
2016-10-22,Madhya Pradesh,Bhopal,11.1,31.9,21.5,39.9,49.2,11.0,28.9
2020-11-16,Punjab,Ludhiana,28.5,37.9,33.2,27.6,32.7,9.5,22.9
2022-03-20,Arunachal Pradesh,Itanagar,10.9,32.0,21.4,65.7,76.5,16.1,27.1
2021-05-18,Jammu and Kashmir,Srinagar,9.6,27.8,18.7,43.2,41.2,13.8,28.9
2021-09-16,Odisha,Bhubaneswar,22.8,33.2,28.0,218.8,53.8,8.2,23.4
2018-02-06,Goa,North Goa,13.8,22.9,18.4,70.6,72.8,5.2,20.1
2016-11-30,Maharashtra,Nagpur,27.3,39.9,33.6,63.5,59.5,9.1,26.7
2021-02-24,Bihar,Gaya,18.4,26.2,22.3,41.3,55.1,18.3,27.7
2024-03-28,Sikkim,Gangtok,20.5,28.6,24.6,14.8,74.6,10.1,25.9
2020-07-31,Ladakh,Leh,18.9,34.2,26.6,68.1,70.9,14.9,21.7
2021-07-02,Puducherry,Puducherry,22.5,33.7,28.1,31.3,68.4,10.3,26.1
2021-01-10,Uttarakhand,Dehradun,19.7,31.6,25.6,13.4,63.9,6.5,27.5
2016-07-05,Gujarat,Surat,16.1,36.9,26.5,179.0,41.9,19.7,24.2
2025-03-05,Assam,Tinsukia,22.0,32.5,27.2,61.1,66.8,18.7,28.4
2016-02-09,Delhi,New Delhi,19.9,28.4,24.2,40.7,62.3,6.3,29.7
2016-04-06,Arunachal Pradesh,Itanagar,11.4,29.8,20.6,39.5,70.4,8.9,29.0
2020-12-19,Meghalaya,Shillong,17.9,24.4,21.2,64.6,79.7,11.3,23.8
2022-10-09,Tripura,Agartala,18.9,31.5,25.2,65.8,54.9,16.5,22.4
2017-05-23,Manipur,Imphal,20.2,29.8,25.0,51.3,55.2,9.4,29.9
2015-03-25,Telangana,Hyderabad,28.7,38.0,33.4,49.8,68.8,15.9,22.9
2018-11-23,Manipur,Imphal,13.5,26.9,20.2,15.3,59.0,15.4,20.1
2022-09-02,Dadra and Nagar Haveli and Daman and Diu,Daman,11.7,34.3,23.0,279.8,56.7,16.9,21.6
2022-04-29,Maharashtra,Pune,22.0,37.3,29.6,108.4,58.2,9.7,31.8
2023-09-16,Maharashtra,Nagpur,26.6,39.9,33.2,360.8,50.8,8.9,22.6
2015-08-09,Goa,North Goa,13.4,19.9,16.6,144.4,51.5,21.9,24.0
2022-02-13,Maharashtra,Mumbai,28.5,35.5,32.0,105.6,60.5,5.5,24.9
2018-10-23,Mizoram,Aizawl,13.4,23.5,18.4,52.9,61.2,18.3,29.4
2023-10-24,Nagaland,Kohima,20.4,33.7,27.0,18.7,43.2,10.0,23.3
2015-04-22,Punjab,Patiala,21.6,37.9,29.8,18.4,47.0,6.6,29.1
2016-09-06,Mizoram,Aizawl,13.2,24.6,18.9,94.6,72.3,8.1,23.4
2019-05-01,Meghalaya,Shillong,24.5,33.2,28.8,59.1,74.4,10.4,25.7
2023-02-19,Lakshadweep,Kavaratti,16.2,30.2,23.2,31.0,57.9,17.4,20.4
2024-10-05,Himachal Pradesh,Mandi,6.7,20.6,13.6,29.4,57.8,11.0,29.2
2024-10-16,Uttarakhand,Dehradun,17.4,28.4,22.9,22.8,41.9,9.5,20.3
2016-04-19,Delhi,New Delhi,22.4,29.0,25.7,68.8,75.4,15.0,33.6
2022-11-23,Jharkhand,Ranchi,23.2,33.5,28.4,40.6,78.0,17.3,21.3
2020-03-28,Mizoram,Aizawl,16.3,28.7,22.5,42.1,55.2,13.0,20.9
2015-09-28,Ladakh,Leh,19.8,29.9,24.8,240.5,67.7,9.7,23.5
2021-10-04,Mizoram,Aizawl,21.0,29.0,25.0,44.7,78.5,6.2,21.9
2020-04-04,Nagaland,Kohima,17.2,31.7,24.4,28.1,44.7,9.7,31.4
2022-07-17,Tamil Nadu,Madurai,26.3,37.8,32.0,314.1,67.2,12.4,29.3
2018-10-22,Puducherry,Puducherry,18.0,31.3,24.6,38.1,49.7,13.2,28.4
2024-03-05,Haryana,Karnal,14.6,33.2,23.9,6.9,67.5,19.5,23.9
2024-03-08,Madhya Pradesh,Bhopal,21.0,28.6,24.8,15.8,54.1,14.4,23.4
2015-02-09,Tamil Nadu,Coimbatore,23.0,33.1,28.0,94.6,55.2,13.3,20.6
2020-06-05,Punjab,Patiala,16.5,28.8,22.6,49.6,36.6,14.8,26.3
2021-02-14,Sikkim,Gangtok,14.4,20.5,17.4,25.8,61.3,16.2,28.3
2023-11-10,Tamil Nadu,Coimbatore,22.7,37.4,30.0,31.7,52.8,18.9,25.4
2017-09-20,Jammu and Kashmir,Srinagar,7.0,28.2,17.6,241.7,73.3,12.4,28.7
2020-07-05,Assam,Dibrugarh,19.7,32.3,26.0,256.2,68.6,14.1,25.8
2024-11-16,Puducherry,Puducherry,20.0,30.0,25.0,53.9,68.3,15.0,22.5
2022-01-27,Delhi,New Delhi,16.7,31.9,24.3,67.1,60.0,19.8,21.7
2023-06-03,Mizoram,Aizawl,13.4,26.0,19.7,162.4,57.0,14.5,29.9
2025-09-11,Odisha,Bhubaneswar,19.8,26.8,23.3,384.2,77.8,20.2,23.6
2015-10-17,Chandigarh,Chandigarh,16.1,34.1,25.1,73.1,77.7,14.6,22.4
2021-10-16,Tamil Nadu,Madurai,24.8,34.6,29.7,91.7,60.9,8.0,22.7
2021-11-23,Manipur,Imphal,13.6,29.2,21.4,61.9,54.7,7.6,23.4
2023-11-27,Maharashtra,Nagpur,24.6,36.5,30.6,73.2,51.6,18.8,24.4
2024-02-02,Arunachal Pradesh,Itanagar,16.9,34.6,25.8,65.8,72.3,7.7,28.4
2022-04-29,Nagaland,Kohima,16.8,24.6,20.7,74.4,46.9,18.8,25.0
2015-10-06,Goa,North Goa,16.6,22.0,19.3,68.9,45.0,15.1,26.3
2023-01-03,Lakshadweep,Kavaratti,21.7,32.9,27.3,7.3,55.5,9.8,29.7
2016-08-03,Rajasthan,Jaipur,29.4,41.9,35.6,76.3,55.6,8.3,22.3
2017-05-12,West Bengal,Darjeeling,22.5,32.8,27.6,71.4,66.7,7.5,26.7
2015-09-11,Uttarakhand,Dehradun,14.4,26.7,20.6,250.8,57.9,21.5,21.2
2015-06-30,Arunachal Pradesh,Itanagar,14.1,20.2,17.2,162.8,43.6,19.9,25.4
2025-09-06,Delhi,New Delhi,17.1,27.5,22.3,76.6,63.5,13.8,22.0
2016-11-11,Meghalaya,Shillong,22.4,32.4,27.4,5.9,60.1,9.1,29.2
2017-04-04,Sikkim,Gangtok,20.9,31.5,26.2,11.2,77.2,7.2,29.5
2024-10-20,Madhya Pradesh,Bhopal,25.0,35.9,30.4,53.5,63.4,7.0,26.2
2025-06-29,Arunachal Pradesh,Itanagar,10.8,29.6,20.2,226.1,53.8,19.8,31.5
2016-11-30,Maharashtra,Nagpur,24.0,34.0,29.0,22.6,63.9,7.3,26.6
2022-02-26,West Bengal,Howrah,20.7,29.3,25.0,38.4,69.0,12.7,28.0
2018-09-11,Gujarat,Surat,20.2,32.0,26.1,81.8,45.8,16.5,25.6
2018-10-12,Nagaland,Kohima,15.4,29.2,22.3,48.1,61.1,11.8,20.8
2025-09-01,Ladakh,Leh,18.1,31.6,24.8,80.3,71.1,16.8,22.4
2019-08-01,Ladakh,Leh,12.4,21.7,17.0,232.5,50.0,18.2,25.5
2022-06-20,Bihar,Muzaffarpur,20.0,37.8,28.9,267.4,61.5,9.0,26.6
2021-09-04,Chandigarh,Chandigarh,24.2,30.0,27.1,253.9,61.6,9.7,29.2
2019-06-27,Telangana,Warangal,29.1,37.7,33.4,141.1,64.3,17.4,31.2
2020-05-11,Punjab,Patiala,23.3,29.1,26.2,9.6,41.3,10.2,31.4
2023-08-23,Dadra and Nagar Haveli and Daman and Diu,Daman,12.6,27.0,19.8,71.9,54.2,22.0,29.0
2024-04-11,Telangana,Warangal,29.4,37.7,33.6,42.6,74.0,6.2,34.8
2015-07-31,Gujarat,Vadodara,22.9,37.4,30.2,151.1,55.2,21.4,22.9
2019-03-19,Uttar Pradesh,Varanasi,19.4,32.0,25.7,43.7,49.8,18.4,24.9
2016-01-19,Madhya Pradesh,Bhopal,21.8,34.3,28.0,39.2,50.4,19.1,21.3
2019-09-11,Haryana,Karnal,5.3,25.8,15.6,157.6,55.9,22.4,21.8
2015-12-08,Chhattisgarh,Raipur,20.4,33.2,26.8,68.8,61.1,10.4,29.6
2020-01-13,Madhya Pradesh,Bhopal,27.4,36.9,32.2,40.8,41.1,14.2,25.4
2020-06-10,Andaman and Nicobar Islands,Port Blair,10.6,32.4,21.5,157.3,59.2,12.3,27.0
2017-04-23,Punjab,Amritsar,12.3,32.1,22.2,9.4,43.3,19.7,27.7
2023-07-07,Maharashtra,Pune,29.6,35.2,32.4,405.2,59.8,10.9,27.9
2019-03-15,Lakshadweep,Kavaratti,10.1,22.0,16.0,47.3,49.2,10.0,20.9
2016-02-24,Uttarakhand,Dehradun,22.8,30.8,26.8,15.2,48.0,9.1,22.3
2022-08-30,Tripura,Agartala,17.5,33.8,25.6,71.5,58.1,18.0,21.8
2023-11-15,Bihar,Muzaffarpur,11.4,20.1,15.8,67.3,68.5,10.0,29.0
2020-06-11,Rajasthan,Jodhpur,33.8,41.3,37.6,86.6,34.3,11.4,32.8
2020-04-16,Nagaland,Kohima,19.7,28.5,24.1,6.0,70.5,12.2,25.7
2024-05-07,Manipur,Imphal,11.9,28.3,20.1,43.2,49.6,7.1,33.8
2020-01-24,Telangana,Warangal,19.6,25.9,22.8,50.3,50.1,14.8,24.9
2015-11-02,Haryana,Faridabad,10.3,17.0,13.6,8.2,53.4,16.4,26.9
2024-11-22,West Bengal,Howrah,20.7,28.3,24.5,109.1,75.2,15.4,22.2
2022-07-12,Rajasthan,Udaipur,16.5,42.8,29.6,81.4,42.2,9.7,23.9
2017-05-18,Meghalaya,Shillong,23.3,34.3,28.8,56.1,61.8,19.0,33.7
2022-01-28,Meghalaya,Shillong,22.7,34.1,28.4,36.7,61.0,11.4,27.4
2018-02-09,Jammu and Kashmir,Srinagar,11.8,17.7,14.8,18.9,47.7,15.1,21.1
2018-12-05,Mizoram,Aizawl,18.1,33.1,25.6,71.3,57.1,13.0,28.3
2015-07-25,Himachal Pradesh,Mandi,18.7,26.2,22.4,131.8,58.0,11.8,28.6
2023-12-01,Jammu and Kashmir,Srinagar,6.4,19.8,13.1,30.8,44.8,14.1,25.9
2024-06-15,Andaman and Nicobar Islands,Port Blair,14.4,19.9,17.2,282.3,54.2,16.1,26.4
2016-05-10,Nagaland,Kohima,13.8,25.9,19.8,44.4,74.2,9.4,33.7
2024-06-12,Kerala,Kozhikode,23.4,31.3,27.4,298.2,86.6,11.8,33.6
2023-07-16,Odisha,Bhubaneswar,16.3,39.2,27.8,221.1,85.0,17.1,21.2
2020-03-24,Sikkim,Gangtok,10.9,19.6,15.2,34.5,69.9,5.0,22.6
2025-06-08,Manipur,Imphal,18.8,27.1,23.0,119.9,52.0,22.3,25.7
2024-12-01,Andhra Pradesh,Visakhapatnam,29.1,36.0,32.6,26.0,76.5,9.3,29.9
2024-11-08,Arunachal Pradesh,Itanagar,18.2,28.8,23.5,73.4,49.1,18.6,25.9
2021-12-26,Haryana,Hisar,23.9,35.4,29.6,32.8,36.2,7.3,24.0
2017-11-11,Sikkim,Gangtok,15.2,30.7,23.0,55.6,62.6,11.0,26.8
2015-08-01,Tripura,Agartala,20.3,33.1,26.7,247.3,42.8,13.6,24.2
2015-11-06,Arunachal Pradesh,Itanagar,22.7,31.4,27.0,39.2,62.2,6.9,25.7
2022-06-01,Himachal Pradesh,Shimla,11.0,26.6,18.8,204.9,78.2,9.2,32.7
2020-06-14,Himachal Pradesh,Kangra,15.0,22.7,18.8,221.6,66.4,12.5,32.2
2022-09-01,Madhya Pradesh,Bhopal,30.5,37.5,34.0,235.6,39.0,10.0,20.8
2015-09-29,Goa,North Goa,13.2,24.0,18.6,225.3,42.9,15.6,25.2
2024-12-21,Chandigarh,Chandigarh,13.4,19.2,16.3,20.8,49.2,15.3,22.3
2019-12-28,Manipur,Imphal,15.1,20.8,18.0,48.7,59.0,10.2,27.0
2023-03-05,Manipur,Imphal,20.2,28.4,24.3,54.7,53.9,8.3,27.2
2023-12-18,Gujarat,Surat,27.4,40.7,34.0,27.5,39.3,17.6,21.7
2020-09-10,Karnataka,Hubli,27.4,34.1,30.8,46.8,48.4,14.2,20.6
2016-03-18,Arunachal Pradesh,Itanagar,16.1,23.9,20.0,6.3,52.0,8.4,24.2
2021-01-18,Jharkhand,Ranchi,21.4,30.8,26.1,58.8,53.5,5.2,29.2
2022-09-15,Mizoram,Aizawl,14.7,27.8,21.2,151.4,63.3,21.3,28.7
2015-09-11,Gujarat,Surat,31.7,39.5,35.6,186.0,49.3,8.7,21.5
2016-06-04,Bihar,Gaya,15.3,34.6,25.0,61.2,54.5,22.7,32.9
2017-09-03,Jammu and Kashmir,Srinagar,11.4,17.2,14.3,43.8,44.2,12.9,26.1
2025-03-11,Ladakh,Leh,13.0,18.9,16.0,11.4,57.1,16.6,28.2
2024-09-21,Dadra and Nagar Haveli and Daman and Diu,Daman,14.4,29.7,22.0,130.0,78.9,14.1,24.0
2015-01-10,Tripura,Agartala,17.5,22.8,20.2,34.3,73.1,14.2,29.7
2022-08-05,Madhya Pradesh,Bhopal,17.2,25.4,21.3,185.1,31.7,10.4,25.1
2021-12-27,Nagaland,Kohima,21.3,31.5,26.4,74.6,66.2,15.9,29.9
2022-10-03,Rajasthan,Udaipur,24.8,40.7,32.8,13.7,41.5,18.7,28.5
2025-09-12,Andhra Pradesh,Chittoor,23.1,32.4,27.8,260.1,58.5,21.3,27.7
2019-05-03,Ladakh,Leh,12.3,30.0,21.2,63.4,45.8,11.9,33.6
2021-10-19,Haryana,Hisar,10.0,26.2,18.1,32.6,33.9,8.2,24.7
2018-02-08,Rajasthan,Jodhpur,19.3,31.0,25.2,3.5,57.1,18.1,23.9
2015-06-02,Rajasthan,Jaipur,14.5,21.3,17.9,28.5,44.1,19.0,26.6
2019-07-17,Uttarakhand,Dehradun,11.7,29.3,20.5,164.8,54.9,18.9,24.6
2023-02-12,Odisha,Bhubaneswar,22.0,27.2,24.6,38.4,50.2,18.9,22.9
2022-12-26,Tamil Nadu,Madurai,21.4,27.5,24.4,14.2,81.0,7.5,26.2
2023-09-09,Jammu and Kashmir,Srinagar,13.0,21.8,17.4,256.6,48.6,9.1,20.7
2022-09-01,Chhattisgarh,Raipur,14.5,26.7,20.6,196.2,69.1,10.7,26.8
2020-01-31,Haryana,Faridabad,9.6,39.9,24.8,48.2,34.1,14.8,29.0
2018-04-29,Karnataka,Hubli,18.8,25.6,22.2,41.2,44.3,18.3,33.8
2019-10-19,Meghalaya,Shillong,24.2,30.4,27.3,8.2,57.8,18.2,26.4
2022-02-23,Telangana,Warangal,30.0,39.5,34.8,35.5,41.6,5.1,26.4
2025-08-11,Rajasthan,Udaipur,32.9,41.1,37.0,141.1,42.7,9.5,28.0
2018-01-09,Tamil Nadu,Coimbatore,23.9,29.4,26.6,83.3,76.5,11.9,20.2
2021-12-11,Haryana,Faridabad,13.7,28.0,20.8,12.4,36.4,7.5,23.7
2017-06-13,Gujarat,Surat,28.9,40.1,34.5,21.8,30.4,9.2,29.7
2018-01-16,Arunachal Pradesh,Itanagar,23.3,29.5,26.4,38.4,41.6,5.3,20.1
2023-12-10,Chandigarh,Chandigarh,21.1,26.3,23.7,24.2,65.8,14.3,20.6
2015-04-14,Madhya Pradesh,Bhopal,15.6,34.3,25.0,26.6,48.6,8.1,25.4
2025-07-21,Tamil Nadu,Chennai,22.8,34.8,28.8,316.0,70.7,13.9,25.8
2023-09-03,Andaman and Nicobar Islands,Port Blair,20.6,32.7,26.6,46.5,72.1,9.0,28.7
2024-07-26,Punjab,Ludhiana,14.8,30.8,22.8,72.2,47.1,20.7,23.0
2020-03-29,Delhi,New Delhi,18.5,30.9,24.7,15.2,71.1,20.0,21.6
2023-12-14,Andaman and Nicobar Islands,Port Blair,21.5,27.8,24.6,71.5,56.4,19.7,20.7
2023-05-31,Manipur,Imphal,21.9,30.7,26.3,25.3,69.9,14.5,34.0
2017-10-03,Tamil Nadu,Madurai,22.0,37.3,29.6,67.8,65.8,5.8,27.7
2016-02-11,Assam,Dibrugarh,22.9,33.6,28.2,117.0,93.9,17.7,29.3
2018-11-02,Andaman and Nicobar Islands,Port Blair,21.0,33.4,27.2,25.2,66.8,8.1,20.7
2015-06-16,Haryana,Gurgaon,19.5,36.6,28.0,34.9,37.3,9.4,31.3
2016-05-23,Sikkim,Gangtok,11.2,18.0,14.6,23.5,50.8,13.4,25.3
2019-07-20,Andaman and Nicobar Islands,Port Blair,19.2,28.6,23.9,70.0,66.1,12.9,28.3
2021-06-18,Arunachal Pradesh,Itanagar,24.8,33.9,29.4,228.0,54.2,16.0,25.5
2025-01-12,Andhra Pradesh,Chittoor,27.3,37.5,32.4,27.5,66.0,15.2,23.7
2024-07-21,Punjab,Ludhiana,23.1,37.6,30.4,60.2,42.1,14.0,22.4
2017-02-01,Rajasthan,Jaipur,29.4,40.5,35.0,16.8,20.6,9.9,28.4
2016-11-11,Haryana,Karnal,23.6,29.4,26.5,41.1,37.2,19.8,28.7
2021-11-29,Uttarakhand,Dehradun,23.7,33.5,28.6,54.8,49.8,13.8,27.0
2020-10-21,Jammu and Kashmir,Srinagar,5.8,18.4,12.1,71.6,56.3,9.7,21.1
2018-03-10,Goa,North Goa,15.1,29.2,22.2,15.3,64.2,16.1,27.7
2016-08-04,Odisha,Bhubaneswar,29.8,37.1,33.4,51.7,79.9,9.3,28.6
2015-09-19,Nagaland,Kohima,24.7,34.5,29.6,289.9,40.9,8.2,22.1
2018-09-25,Andhra Pradesh,Visakhapatnam,28.0,33.6,30.8,234.1,50.4,19.0,22.5
2018-08-24,Tripura,Agartala,16.6,34.7,25.6,174.5,43.0,21.1,23.2
2021-04-11,Uttarakhand,Dehradun,18.8,31.8,25.3,59.4,57.3,16.6,26.2
2019-03-19,Gujarat,Ahmedabad,23.9,29.2,26.6,23.3,44.6,19.7,24.0
2024-05-01,Andaman and Nicobar Islands,Port Blair,23.6,31.4,27.5,42.3,54.0,14.6,32.4
2024-12-25,Dadra and Nagar Haveli and Daman and Diu,Daman,21.9,32.5,27.2,28.1,53.2,10.2,20.4
2016-07-14,Ladakh,Leh,24.1,30.3,27.2,64.6,62.1,8.7,28.4
2018-01-04,Odisha,Bhubaneswar,28.1,35.8,32.0,97.4,61.3,8.9,29.9
2020-03-18,Goa,North Goa,13.8,26.0,19.9,47.8,52.9,10.8,27.2
2015-06-24,Tripura,Agartala,20.8,33.2,27.0,186.2,49.3,13.0,34.0
2020-11-26,Dadra and Nagar Haveli and Daman and Diu,Daman,21.0,26.8,23.9,57.8,53.2,5.3,24.8
2021-02-08,Himachal Pradesh,Mandi,17.7,25.9,21.8,74.3,47.1,10.3,20.2
2015-07-11,Punjab,Patiala,6.3,21.5,13.9,115.1,39.5,10.5,24.2
2015-03-06,Jharkhand,Ranchi,12.6,28.6,20.6,71.9,72.3,8.2,29.5
2025-09-25,Uttarakhand,Dehradun,21.3,27.6,24.5,182.2,78.7,9.5,22.7
2023-03-30,Madhya Pradesh,Bhopal,18.2,25.4,21.8,21.5,57.7,12.2,24.2
2019-02-06,Arunachal Pradesh,Itanagar,16.5,31.8,24.2,74.4,63.5,16.3,23.7
2025-07-21,Rajasthan,Jaipur,31.5,40.1,35.8,150.3,49.7,18.6,22.9
2023-09-07,Delhi,New Delhi,21.9,27.8,24.8,170.6,69.4,21.3,25.7
2019-04-17,Telangana,Warangal,21.1,37.9,29.5,59.9,46.1,18.1,34.6
2022-12-21,Puducherry,Puducherry,18.1,23.6,20.8,69.1,44.9,14.5,24.0
2018-02-25,Himachal Pradesh,Kangra,19.8,29.6,24.7,61.0,48.0,15.5,25.7
2024-08-24,Arunachal Pradesh,Itanagar,12.0,31.3,21.6,44.2,59.3,14.4,28.1
2020-04-21,Chandigarh,Chandigarh,16.4,30.8,23.6,38.5,63.3,8.6,27.0
2016-01-04,Sikkim,Gangtok,20.6,26.7,23.6,17.3,77.6,8.8,23.2
2017-04-30,Karnataka,Mysore,24.3,33.1,28.7,60.3,46.5,15.1,26.6
2015-02-12,Mizoram,Aizawl,21.2,30.8,26.0,62.1,46.9,10.7,28.5
2020-03-22,Ladakh,Leh,22.0,34.7,28.4,20.5,61.6,5.3,29.7
2024-07-22,Madhya Pradesh,Bhopal,13.9,39.8,26.8,169.2,67.5,11.7,23.5
2021-12-10,Gujarat,Surat,17.8,30.9,24.4,47.6,52.8,11.2,23.2
2015-03-19,Meghalaya,Shillong,18.8,31.9,25.4,33.5,49.2,13.8,23.7
2022-11-13,Delhi,New Delhi,24.9,32.1,28.5,35.4,73.6,8.8,20.7
2019-12-30,Andhra Pradesh,Visakhapatnam,28.5,37.3,32.9,26.9,60.3,11.4,26.8
2018-07-17,Karnataka,Mysore,22.7,31.8,27.2,321.0,43.2,17.8,24.5
2016-11-04,Goa,North Goa,15.0,33.9,24.4,59.5,48.8,14.8,28.2
2016-12-01,Punjab,Ludhiana,29.7,38.4,34.0,36.1,54.5,5.6,25.9
2017-01-28,Jammu and Kashmir,Srinagar,16.1,24.6,20.4,48.2,77.1,7.6,22.8
2020-04-07,Uttar Pradesh,Varanasi,8.0,27.5,17.8,51.2,51.8,6.0,27.6
2022-08-07,Kerala,Ernakulam,24.7,32.7,28.7,557.0,85.0,14.2,26.3
2024-04-09,Chandigarh,Chandigarh,20.0,32.5,26.2,28.3,51.6,15.3,33.2
2023-02-20,West Bengal,Darjeeling,17.5,27.5,22.5,104.9,77.5,10.2,25.3
2025-09-27,Uttarakhand,Dehradun,24.4,33.6,29.0,82.1,51.8,12.0,28.5
2017-06-20,Odisha,Bhubaneswar,24.6,39.4,32.0,72.7,51.8,18.1,27.7
2023-01-15,Chhattisgarh,Raipur,20.2,32.3,26.2,26.3,78.1,16.6,23.7
2017-09-19,Chhattisgarh,Raipur,16.2,31.1,23.6,105.1,51.8,17.4,21.3
2018-04-06,Uttarakhand,Dehradun,24.9,31.4,28.2,31.8,49.0,14.7,25.6
2021-07-14,West Bengal,Darjeeling,26.7,33.6,30.2,466.6,60.1,15.7,27.0
2021-02-18,Uttar Pradesh,Varanasi,21.5,34.4,28.0,48.4,53.5,10.0,27.2
2019-01-16,Uttarakhand,Dehradun,24.1,32.6,28.4,24.6,70.5,16.4,22.7
2021-05-19,Rajasthan,Jaipur,19.6,27.5,23.6,5.5,52.3,10.6,27.8
2024-04-30,Andhra Pradesh,Krishna,22.6,28.5,25.6,74.0,61.0,7.5,33.6
2016-01-25,West Bengal,Darjeeling,23.0,34.6,28.8,44.2,66.6,17.6,26.4
2017-09-26,Manipur,Imphal,15.2,21.8,18.5,272.1,78.2,18.8,26.9
2016-06-08,Mizoram,Aizawl,18.1,34.7,26.4,214.4,43.1,9.4,34.6
2024-01-25,Uttar Pradesh,Kanpur,30.5,39.1,34.8,16.8,59.2,16.5,20.1
2020-01-30,Punjab,Patiala,25.6,35.0,30.3,25.8,47.4,15.4,22.1
2019-02-15,Tripura,Agartala,19.1,24.6,21.8,61.8,72.6,9.7,21.1
2016-10-20,Madhya Pradesh,Bhopal,26.5,36.4,31.4,55.9,44.1,17.6,20.3
2022-07-26,Delhi,New Delhi,21.6,32.3,27.0,167.4,76.4,22.1,29.3
2025-01-11,Tripura,Agartala,19.0,29.7,24.4,23.8,46.5,13.4,21.5
2017-06-09,Haryana,Faridabad,9.3,23.5,16.4,53.6,50.1,18.0,32.0
2024-12-05,Chhattisgarh,Raipur,18.0,29.3,23.6,38.2,49.8,14.8,26.6
2019-01-21,Goa,North Goa,13.8,30.1,22.0,65.1,63.8,6.8,23.3
2023-08-27,Tamil Nadu,Coimbatore,20.7,29.4,25.0,116.3,69.4,14.4,27.2
2025-03-20,Chandigarh,Chandigarh,15.4,22.7,19.0,21.5,61.8,11.7,20.4
2023-09-02,Maharashtra,Nashik,20.5,29.8,25.2,373.7,72.9,18.5,28.2
2016-03-27,Tamil Nadu,Chennai,27.0,32.4,29.7,54.4,55.2,10.3,26.6
2021-10-11,Karnataka,Mysore,24.0,30.2,27.1,78.1,75.4,7.1,26.2
2023-10-28,Dadra and Nagar Haveli and Daman and Diu,Daman,24.2,29.7,27.0,16.5,70.6,10.1,29.6
2019-03-18,Goa,North Goa,19.4,29.5,24.4,28.6,49.6,14.8,25.9
2024-06-09,Karnataka,Mysore,21.6,37.1,29.4,314.2,51.7,22.2,32.6
2023-06-21,Madhya Pradesh,Bhopal,29.7,35.7,32.7,27.3,49.7,14.7,33.7
2017-06-01,Kerala,Ernakulam,22.5,27.7,25.1,364.6,65.3,8.7,25.2
2015-11-09,Arunachal Pradesh,Itanagar,12.1,23.8,18.0,66.9,70.4,13.0,24.3
2017-04-19,Jammu and Kashmir,Srinagar,9.1,28.2,18.6,57.1,46.9,19.1,32.7
2022-01-10,Ladakh,Leh,10.5,25.3,17.9,50.7,42.4,10.3,26.5
2023-12-22,Mizoram,Aizawl,22.2,34.8,28.5,13.5,65.3,18.4,27.2
2016-01-10,West Bengal,Darjeeling,21.4,28.9,25.2,103.8,72.5,6.7,29.4
2016-03-26,West Bengal,Howrah,27.8,35.6,31.7,99.3,73.3,11.3,24.1
2025-02-14,Sikkim,Gangtok,24.5,31.5,28.0,39.3,49.9,8.8,23.6
2025-07-22,Gujarat,Vadodara,30.7,38.2,34.4,119.4,51.8,16.7,28.2
2023-05-21,Manipur,Imphal,23.5,29.9,26.7,65.2,61.9,18.9,34.2
2016-08-17,Lakshadweep,Kavaratti,15.8,30.1,23.0,264.0,55.4,8.7,23.6
2023-11-25,Karnataka,Mysore,21.7,35.8,28.8,37.9,80.2,13.2,25.9
2018-05-18,Telangana,Hyderabad,27.7,33.7,30.7,11.2,42.3,5.5,32.0
2016-05-14,Assam,Tinsukia,13.7,32.7,23.2,135.4,72.5,7.9,30.0
2016-04-08,Chandigarh,Chandigarh,22.2,32.5,27.4,6.8,40.3,6.7,28.4
2025-09-16,Goa,North Goa,18.1,32.8,25.4,60.0,46.1,21.0,29.2
2023-10-01,Arunachal Pradesh,Itanagar,18.3,32.5,25.4,29.0,77.9,18.6,28.5
2015-04-23,Maharashtra,Pune,18.2,32.0,25.1,13.1,70.5,7.8,31.4
2017-11-01,Nagaland,Kohima,11.5,30.5,21.0,55.9,40.2,16.9,21.6
2023-10-03,Dadra and Nagar Haveli and Daman and Diu,Daman,11.6,25.8,18.7,46.3,44.1,9.6,24.1
2024-12-15,Madhya Pradesh,Bhopal,30.8,37.4,34.1,19.3,56.4,15.9,20.1
2021-07-06,Uttar Pradesh,Varanasi,8.6,23.8,16.2,159.0,36.7,13.4,20.8
2020-04-08,Kerala,Thrissur,23.7,31.4,27.6,123.5,77.2,14.9,31.7
2024-03-08,Nagaland,Kohima,18.8,24.0,21.4,63.2,76.7,13.0,21.1
2015-05-20,Himachal Pradesh,Shimla,13.1,22.4,17.8,14.8,74.2,15.7,33.0
2018-11-25,Rajasthan,Jaipur,29.9,38.5,34.2,20.6,29.3,16.3,25.2
2023-01-28,Telangana,Nizamabad,25.8,34.1,30.0,54.1,66.8,16.6,21.6
2023-09-04,Puducherry,Puducherry,19.4,33.7,26.6,46.4,78.4,11.1,29.4
2016-05-31,Haryana,Faridabad,26.7,38.1,32.4,14.4,38.7,8.9,33.1
2022-03-01,Delhi,New Delhi,12.8,27.8,20.3,59.4,58.4,17.6,25.6
2020-05-01,Tamil Nadu,Madurai,24.8,35.3,30.0,86.1,50.2,10.9,34.6
2022-12-03,Madhya Pradesh,Bhopal,12.2,23.0,17.6,36.4,64.3,6.5,20.0
2023-08-07,Maharashtra,Pune,26.2,36.5,31.4,164.7,83.1,16.4,26.6
2020-12-05,Maharashtra,Nagpur,22.5,39.0,30.8,41.7,73.7,6.7,25.4
2017-06-06,Meghalaya,Shillong,18.7,25.8,22.2,110.7,47.1,20.7,31.6
2023-07-28,Uttar Pradesh,Lucknow,17.1,33.2,25.2,95.7,51.4,17.3,22.1
2023-07-02,Uttar Pradesh,Kanpur,8.6,40.4,24.5,72.1,54.8,19.4,25.6
2018-09-03,Andhra Pradesh,Krishna,26.3,32.7,29.5,142.7,70.7,11.1,24.8
2015-02-19,Lakshadweep,Kavaratti,18.8,32.6,25.7,20.1,79.1,19.5,20.1
2024-09-30,Manipur,Imphal,15.5,21.5,18.5,108.8,64.3,17.1,21.0
2015-01-19,Rajasthan,Udaipur,26.9,43.0,35.0,26.2,32.4,5.0,26.5
2016-12-26,Nagaland,Kohima,20.2,32.1,26.2,7.7,60.7,11.2,27.7
2021-02-22,Chandigarh,Chandigarh,20.8,34.5,27.6,67.8,62.3,19.7,21.5
2019-01-13,Madhya Pradesh,Bhopal,10.2,18.1,14.2,24.5,60.2,10.7,27.8
2022-02-19,Telangana,Warangal,26.9,38.3,32.6,22.2,60.6,15.7,22.8
2025-04-08,Chandigarh,Chandigarh,22.6,33.4,28.0,13.4,48.7,8.6,33.8
2016-03-27,Arunachal Pradesh,Itanagar,12.8,28.5,20.6,9.5,62.1,7.1,25.8
2021-05-25,Odisha,Bhubaneswar,20.5,34.3,27.4,45.5,79.9,16.4,33.4
2018-03-10,Tripura,Agartala,13.3,20.8,17.0,44.0,74.9,6.7,22.3
2018-01-12,Maharashtra,Pune,27.0,35.7,31.4,79.4,66.6,11.2,27.1
2025-04-23,Goa,North Goa,22.8,34.3,28.6,8.2,62.1,5.6,34.0
2021-09-04,Kerala,Ernakulam,23.3,34.3,28.8,193.8,64.9,21.6,29.4
2025-01-10,Punjab,Patiala,24.2,31.6,27.9,12.7,59.9,14.5,28.7
2015-08-03,Tamil Nadu,Chennai,22.2,30.4,26.3,303.4,59.4,14.9,25.2
2019-03-30,Chandigarh,Chandigarh,20.0,28.4,24.2,65.1,56.1,5.6,20.7
2021-03-12,Chandigarh,Chandigarh,24.6,33.0,28.8,39.4,74.8,15.8,21.8
2024-07-06,Chandigarh,Chandigarh,10.1,34.6,22.4,196.2,59.1,22.2,23.7
2015-05-08,Chandigarh,Chandigarh,20.8,32.0,26.4,52.4,67.1,5.2,33.2
2020-01-20,Ladakh,Leh,23.8,31.6,27.7,44.2,53.0,16.8,27.4
2024-09-18,Puducherry,Puducherry,21.1,32.6,26.8,81.2,44.5,12.7,25.8
2017-01-29,Meghalaya,Shillong,16.0,24.5,20.2,6.6,44.8,6.6,29.6
2021-09-17,Telangana,Hyderabad,27.3,33.2,30.2,161.5,66.2,22.4,22.7
2023-06-28,Maharashtra,Mumbai,21.2,34.0,27.6,434.4,52.6,9.9,27.7
2019-12-21,Uttar Pradesh,Kanpur,17.1,29.3,23.2,52.4,77.1,10.7,28.2
2021-07-13,Haryana,Hisar,6.7,27.4,17.0,169.7,46.7,10.2,22.8
2022-11-18,Maharashtra,Nashik,23.9,38.3,31.1,96.1,43.8,13.2,28.7
2022-07-24,Dadra and Nagar Haveli and Daman and Diu,Daman,18.7,24.4,21.5,250.5,76.3,13.8,23.1
2015-12-27,Arunachal Pradesh,Itanagar,18.2,34.8,26.5,63.6,72.4,7.9,29.0
2016-07-22,Bihar,Muzaffarpur,20.2,38.8,29.5,209.4,73.4,10.5,27.1
2018-11-16,Andhra Pradesh,Guntur,22.6,29.7,26.2,47.3,68.1,12.4,20.9
2021-03-15,Punjab,Amritsar,11.1,21.7,16.4,19.1,55.1,11.6,29.7
2019-05-17,Maharashtra,Pune,18.2,26.8,22.5,75.9,79.6,5.5,33.8
2019-08-20,Tripura,Agartala,17.6,32.3,25.0,285.6,48.6,16.8,28.8
2015-07-21,Tripura,Agartala,22.7,31.5,27.1,285.9,68.3,15.9,20.6
2020-08-26,Assam,Dibrugarh,17.3,27.7,22.5,252.6,93.0,21.9,23.4
2021-06-27,Chhattisgarh,Raipur,16.5,31.6,24.0,253.8,44.4,15.4,34.1
2016-06-01,Uttar Pradesh,Varanasi,22.9,35.6,29.2,178.0,63.1,22.1,34.1
2024-12-20,Bihar,Purnia,16.8,22.4,19.6,31.6,48.1,7.0,28.9
2018-09-10,Gujarat,Surat,27.1,32.4,29.8,185.6,66.1,22.2,28.3
2018-12-06,Chandigarh,Chandigarh,11.2,27.9,19.5,10.8,68.5,8.0,29.4
2018-09-03,Chandigarh,Chandigarh,24.0,32.6,28.3,230.7,74.3,13.8,25.8
2016-11-11,Odisha,Bhubaneswar,17.6,39.7,28.6,93.6,66.9,13.3,24.4
2020-06-11,Jammu and Kashmir,Srinagar,0.0,10.7,5.4,66.4,52.9,11.5,32.6
2023-08-20,Delhi,New Delhi,17.6,32.7,25.2,198.0,66.2,21.1,28.5
2024-09-15,Delhi,New Delhi,10.9,26.9,18.9,135.7,64.0,20.9,20.1
2019-01-31,Maharashtra,Nashik,18.1,24.2,21.2,110.6,55.9,10.6,23.5
2016-02-29,Jharkhand,Ranchi,13.5,19.1,16.3,68.5,49.3,18.4,29.6
2020-05-22,West Bengal,Howrah,20.4,30.1,25.2,98.1,51.0,18.9,29.1
2025-05-30,Maharashtra,Pune,21.7,28.4,25.0,119.8,76.5,15.9,34.3
2019-09-09,Ladakh,Leh,24.4,30.9,27.6,240.2,70.7,16.4,21.5
2023-12-20,Meghalaya,Shillong,24.1,31.0,27.6,45.5,40.8,11.4,26.2
2025-01-02,Rajasthan,Jaipur,19.5,34.3,26.9,9.7,34.0,15.9,29.7
2023-05-25,West Bengal,Darjeeling,18.4,33.4,25.9,122.3,81.0,5.2,34.4
2021-08-31,Delhi,New Delhi,23.0,29.9,26.4,70.8,76.0,18.3,22.4
2017-02-16,Goa,North Goa,20.7,31.3,26.0,26.6,62.3,12.9,25.1
2020-11-15,Manipur,Imphal,17.8,22.8,20.3,23.8,57.2,6.9,27.5
2024-05-09,Assam,Tinsukia,22.7,33.7,28.2,82.5,84.2,6.2,27.0
2020-01-01,Jammu and Kashmir,Srinagar,0.9,29.2,15.0,47.3,47.0,15.6,24.9
2015-07-27,Maharashtra,Pune,23.2,39.0,31.1,365.8,71.1,9.5,20.9
2019-03-18,Arunachal Pradesh,Itanagar,20.0,26.6,23.3,36.7,62.8,10.8,20.9
2019-07-18,Andaman and Nicobar Islands,Port Blair,21.2,34.0,27.6,65.3,74.2,19.8,25.6
2025-07-30,Bihar,Gaya,21.1,35.2,28.2,176.4,73.8,15.1,25.5
2022-03-18,Uttar Pradesh,Lucknow,6.0,16.6,11.3,54.7,36.1,18.6,26.4
2021-01-22,Kerala,Kozhikode,24.8,34.0,29.4,133.2,75.7,17.4,24.6
2015-01-22,Arunachal Pradesh,Itanagar,10.7,28.3,19.5,56.0,44.1,17.2,20.8
2015-06-03,Mizoram,Aizawl,16.6,28.1,22.4,30.3,42.6,14.8,28.1
2020-05-16,Jammu and Kashmir,Srinagar,16.3,24.9,20.6,16.9,46.3,15.1,34.5
2024-08-11,Jharkhand,Ranchi,23.0,28.9,26.0,24.6,41.1,16.3,24.9
2024-03-20,Sikkim,Gangtok,10.2,16.3,13.2,75.0,78.6,6.9,21.6
2015-08-07,Rajasthan,Jaipur,32.5,41.3,36.9,153.7,40.8,16.7,22.2
2016-10-30,Manipur,Imphal,23.1,33.8,28.4,28.6,64.5,10.1,24.6
2019-02-27,Jammu and Kashmir,Srinagar,17.1,25.4,21.2,64.6,78.4,11.2,28.8
2021-03-27,Rajasthan,Jodhpur,17.6,22.7,20.2,5.7,49.5,6.5,29.4
2020-08-29,Rajasthan,Jodhpur,31.7,41.0,36.4,97.2,47.8,19.0,24.9
2022-02-13,Rajasthan,Jodhpur,17.8,43.0,30.4,4.2,34.2,15.0,28.9
2017-08-07,Lakshadweep,Kavaratti,11.1,28.6,19.8,156.4,67.5,12.8,27.1
2021-01-04,Chhattisgarh,Raipur,12.7,31.1,21.9,57.5,77.9,7.6,27.2
2023-09-15,Himachal Pradesh,Mandi,6.5,16.7,11.6,144.4,51.4,11.7,27.7
2016-02-07,Nagaland,Kohima,20.5,26.5,23.5,44.2,53.2,19.6,24.3
2016-08-18,Rajasthan,Jaipur,11.0,25.6,18.3,56.9,20.2,15.3,29.1
2024-09-24,Haryana,Faridabad,25.1,36.9,31.0,81.8,39.3,13.1,21.2
2021-08-11,Puducherry,Puducherry,11.5,27.1,19.3,247.9,44.0,13.0,21.2
2025-09-10,Jharkhand,Ranchi,14.7,32.4,23.5,29.8,65.9,8.9,24.3
2018-12-08,Telangana,Warangal,23.7,33.2,28.4,51.4,78.9,9.0,26.1
2024-04-03,Telangana,Nizamabad,22.3,40.0,31.2,71.8,43.7,19.6,32.4
2022-10-20,Lakshadweep,Kavaratti,24.9,33.8,29.4,14.0,70.0,15.9,21.7
2023-02-13,Delhi,New Delhi,21.3,32.2,26.8,74.6,64.7,11.2,29.5
2025-09-11,Puducherry,Puducherry,19.4,28.1,23.8,25.9,70.3,9.8,29.2
2018-03-03,Karnataka,Hubli,27.6,33.9,30.8,20.2,66.8,8.2,25.4
2019-10-09,Dadra and Nagar Haveli and Daman and Diu,Daman,16.2,32.1,24.2,75.0,58.3,15.3,23.4
2018-07-30,Nagaland,Kohima,22.9,28.2,25.5,158.2,47.1,10.7,25.3
2025-07-16,Tamil Nadu,Madurai,22.5,32.3,27.4,150.0,65.9,12.3,28.0
2015-03-14,Sikkim,Gangtok,18.4,25.3,21.8,5.6,40.7,11.3,23.1
2016-04-25,Nagaland,Kohima,13.9,28.9,21.4,61.9,42.5,6.6,28.7
2024-05-16,Punjab,Patiala,16.0,28.5,22.2,33.7,33.5,12.4,33.1
2016-07-13,Madhya Pradesh,Bhopal,30.4,39.1,34.8,50.5,59.1,19.9,22.0
2024-04-20,Andhra Pradesh,Chittoor,26.8,39.4,33.1,56.7,62.5,11.6,25.8
2017-01-14,Bihar,Patna,19.6,37.0,28.3,73.6,56.0,11.5,20.5
2019-01-06,Telangana,Hyderabad,27.3,37.8,32.6,36.2,68.4,14.3,27.7
2015-04-10,Ladakh,Leh,14.7,29.7,22.2,48.8,43.6,9.2,33.6
2017-12-18,Ladakh,Leh,12.3,24.0,18.2,20.8,45.6,7.0,23.5
2021-12-30,Arunachal Pradesh,Itanagar,22.1,34.7,28.4,45.0,65.4,16.7,26.6
2021-04-24,West Bengal,Howrah,25.3,37.1,31.2,82.2,71.3,10.9,29.6
2016-02-17,Uttar Pradesh,Lucknow,14.3,29.0,21.6,54.5,78.6,10.4,22.2
2024-08-24,Tamil Nadu,Coimbatore,20.6,36.0,28.3,353.4,65.8,16.1,27.4
2017-12-24,Manipur,Imphal,15.6,23.5,19.6,13.0,49.4,14.7,23.5
2022-03-27,Ladakh,Leh,23.0,28.6,25.8,34.1,50.3,18.3,28.1
2018-03-23,Uttarakhand,Dehradun,24.8,30.4,27.6,59.8,45.0,7.3,20.4
2020-07-01,Goa,North Goa,17.0,23.6,20.3,117.5,51.0,22.6,26.6
2021-05-02,Jammu and Kashmir,Srinagar,8.2,28.0,18.1,14.1,53.4,12.7,25.5
2017-03-31,Jammu and Kashmir,Srinagar,2.9,27.7,15.3,21.7,76.9,6.4,28.9
2023-08-17,Ladakh,Leh,16.8,29.4,23.1,98.9,50.9,15.4,23.6
2024-04-09,Jharkhand,Ranchi,11.2,22.8,17.0,22.8,74.0,17.6,26.4
2016-10-23,Chandigarh,Chandigarh,21.0,30.1,25.6,65.8,51.0,6.3,28.0
2023-03-14,Andaman and Nicobar Islands,Port Blair,23.0,33.9,28.4,28.1,41.2,7.1,29.2
2016-07-13,Bihar,Muzaffarpur,16.0,37.7,26.8,295.0,55.8,19.6,21.7
2023-02-12,Chhattisgarh,Raipur,15.8,30.8,23.3,19.5,52.8,13.5,26.9
2023-01-17,Bihar,Patna,15.9,28.1,22.0,17.1,79.4,14.2,25.3
2018-06-25,Ladakh,Leh,13.2,26.4,19.8,145.2,50.3,14.7,27.0
2019-12-19,Meghalaya,Shillong,20.7,34.2,27.4,5.2,62.3,16.0,29.1
2022-12-25,Tripura,Agartala,15.4,33.6,24.5,62.8,61.0,8.9,26.5
2016-09-01,Maharashtra,Nashik,21.1,30.9,26.0,254.8,62.4,10.8,26.9
2021-09-27,Karnataka,Belgaum,27.9,34.1,31.0,239.6,60.5,12.6,24.2
2015-01-25,Andaman and Nicobar Islands,Port Blair,21.0,29.7,25.4,40.5,59.1,13.3,22.9
2020-07-21,Puducherry,Puducherry,17.6,24.3,21.0,227.6,44.4,19.8,28.3
2015-10-11,Sikkim,Gangtok,10.3,31.7,21.0,50.4,43.9,20.0,26.2
2019-01-12,Maharashtra,Nagpur,22.8,38.6,30.7,14.8,72.3,7.2,25.5
2023-01-07,Telangana,Hyderabad,19.2,34.9,27.0,40.2,40.3,6.1,27.0
2015-10-28,Uttar Pradesh,Varanasi,15.8,35.0,25.4,26.4,48.1,17.8,28.5
2017-12-27,Ladakh,Leh,23.8,33.9,28.8,13.9,42.7,5.9,29.8
2017-10-27,Meghalaya,Shillong,17.5,23.9,20.7,43.1,68.4,6.4,23.5
2017-03-27,Lakshadweep,Kavaratti,12.8,34.6,23.7,27.3,67.6,18.8,28.6
2023-10-14,Goa,North Goa,15.9,25.3,20.6,61.6,48.2,15.8,28.4
2023-11-10,Puducherry,Puducherry,22.7,27.8,25.2,40.0,54.3,19.7,25.4
2015-03-24,Haryana,Karnal,15.7,25.4,20.5,43.1,42.8,17.4,28.9
2020-04-04,Chandigarh,Chandigarh,10.9,25.6,18.2,34.4,55.7,10.6,30.3
2025-03-10,Uttarakhand,Dehradun,12.0,32.7,22.4,44.1,53.9,8.6,26.2
2024-07-23,Gujarat,Ahmedabad,28.4,37.2,32.8,197.2,51.4,22.7,29.6
2023-08-11,Uttarakhand,Dehradun,19.0,30.4,24.7,49.6,77.2,20.0,25.0
2024-01-22,Tripura,Agartala,14.6,32.5,23.6,25.4,61.7,8.0,28.0
2020-09-24,Manipur,Imphal,21.3,28.8,25.0,52.9,47.1,17.2,21.5
2016-09-09,Tripura,Agartala,14.8,32.6,23.7,42.9,63.2,14.0,21.2
2023-02-23,Sikkim,Gangtok,17.6,29.0,23.3,31.5,42.2,8.1,24.0
2025-08-07,Nagaland,Kohima,14.2,21.7,18.0,156.4,55.9,18.0,25.6
2021-04-28,Kerala,Ernakulam,22.5,32.7,27.6,83.2,63.4,5.3,31.3
2015-06-25,Tamil Nadu,Madurai,24.9,36.5,30.7,314.5,80.7,12.4,29.1
2018-04-04,Tripura,Agartala,10.9,23.8,17.4,20.4,72.2,14.8,32.8
2022-05-28,Jharkhand,Ranchi,18.9,30.5,24.7,21.5,66.8,7.2,27.8
2017-04-21,Chandigarh,Chandigarh,12.7,34.1,23.4,67.9,75.0,19.4,31.1
2016-01-05,Jharkhand,Ranchi,23.4,30.3,26.8,31.9,58.7,6.3,28.2
2019-12-24,Puducherry,Puducherry,11.8,31.4,21.6,69.6,62.7,7.5,24.4
2020-10-02,Madhya Pradesh,Bhopal,13.1,20.9,17.0,46.6,45.7,5.0,20.5
2016-11-20,Andaman and Nicobar Islands,Port Blair,22.3,32.1,27.2,64.1,50.9,9.7,26.2
2024-07-22,Himachal Pradesh,Mandi,13.3,18.6,16.0,275.9,72.0,10.0,20.1
2019-11-15,Madhya Pradesh,Bhopal,26.9,41.0,34.0,22.7,42.8,12.7,26.7
2024-10-18,Maharashtra,Pune,25.8,37.7,31.8,23.1,63.4,12.6,29.5
2018-09-26,Himachal Pradesh,Mandi,18.4,28.4,23.4,268.0,69.8,18.8,22.2
2023-10-04,Haryana,Karnal,20.4,38.8,29.6,38.8,54.2,8.9,26.8
2018-12-03,Assam,Dibrugarh,15.2,21.2,18.2,54.9,73.6,20.0,27.6
2016-01-02,Delhi,New Delhi,14.2,31.2,22.7,30.0,64.3,16.5,27.4
2024-02-25,Lakshadweep,Kavaratti,12.1,31.9,22.0,69.6,49.3,9.9,29.4
2016-10-05,Gujarat,Vadodara,31.7,39.1,35.4,6.6,67.3,5.4,23.3
2025-01-24,Odisha,Bhubaneswar,16.3,30.9,23.6,13.4,57.9,11.9,20.7
2021-08-23,Puducherry,Puducherry,17.2,25.6,21.4,94.7,77.5,18.4,29.3
2015-03-14,Maharashtra,Nagpur,24.9,39.1,32.0,106.3,84.9,12.5,27.0
2023-02-10,Odisha,Bhubaneswar,17.4,38.9,28.2,45.9,82.1,6.5,25.2
2018-06-25,Uttar Pradesh,Kanpur,5.0,23.3,14.2,38.3,52.5,16.3,33.5
2017-05-09,Mizoram,Aizawl,14.4,28.2,21.3,9.7,76.5,11.8,27.5
2025-07-23,West Bengal,Darjeeling,18.3,30.4,24.4,381.9,89.0,10.8,20.5
2015-02-12,Odisha,Bhubaneswar,24.8,38.8,31.8,60.9,52.8,11.3,26.5
2021-08-21,Uttarakhand,Dehradun,14.9,32.7,23.8,82.9,54.6,21.7,25.7
2017-11-30,Odisha,Bhubaneswar,15.1,25.0,20.0,77.8,51.8,19.9,29.0
2021-01-26,Delhi,New Delhi,13.4,33.3,23.3,54.0,57.0,7.9,22.0
2021-03-09,Gujarat,Surat,25.1,35.1,30.1,31.8,43.2,8.5,28.4
2019-02-25,Andaman and Nicobar Islands,Port Blair,23.8,33.2,28.5,16.3,43.7,13.1,25.5
2025-04-09,Chhattisgarh,Raipur,19.6,34.0,26.8,50.3,76.6,6.8,32.1
2020-09-17,Chandigarh,Chandigarh,23.9,31.7,27.8,290.9,62.1,22.1,27.5
2016-01-04,Haryana,Karnal,16.4,22.0,19.2,34.6,40.2,9.3,20.2
2022-09-05,Kerala,Ernakulam,23.7,30.5,27.1,591.2,82.5,13.4,22.9
2015-05-31,Madhya Pradesh,Bhopal,25.7,33.6,29.6,29.6,36.4,8.8,26.0
2018-02-08,Uttar Pradesh,Kanpur,16.5,40.5,28.5,10.5,51.9,9.5,23.6
2019-02-12,Nagaland,Kohima,21.6,30.3,26.0,50.5,78.9,14.2,23.4
2018-12-30,Punjab,Ludhiana,14.9,33.9,24.4,36.2,44.7,15.9,25.5
2017-12-06,Meghalaya,Shillong,24.7,34.5,29.6,62.7,41.4,10.7,25.7
2017-10-20,Assam,Kamrup,17.8,32.1,25.0,138.6,87.6,8.3,24.9
2019-05-18,Uttarakhand,Dehradun,15.9,31.7,23.8,67.7,51.5,12.3,32.3
2022-08-16,Manipur,Imphal,10.7,34.3,22.5,244.0,61.7,19.7,28.4
2020-08-02,Puducherry,Puducherry,17.4,27.9,22.6,254.6,74.4,9.9,29.1
2018-10-21,Sikkim,Gangtok,14.2,29.7,22.0,54.7,51.2,9.6,27.1
2015-03-10,Tamil Nadu,Coimbatore,21.4,36.4,28.9,30.1,62.3,9.0,22.5
2021-06-04,Bihar,Muzaffarpur,29.5,35.9,32.7,190.4,69.8,8.6,33.8
2017-08-01,Tamil Nadu,Chennai,21.2,33.1,27.2,270.8,72.0,19.0,29.3
2017-03-12,Himachal Pradesh,Kangra,18.5,27.3,22.9,34.0,52.9,18.3,28.5
2021-06-01,Telangana,Hyderabad,21.5,28.6,25.0,263.9,64.3,12.7,31.1
2021-02-28,Rajasthan,Udaipur,11.7,22.1,16.9,23.0,41.6,8.7,29.8
2015-03-02,Meghalaya,Shillong,16.2,31.0,23.6,23.1,57.0,17.5,28.5
2017-08-03,Tripura,Agartala,12.0,23.4,17.7,76.9,75.6,19.3,25.6
2023-03-30,Uttar Pradesh,Lucknow,22.6,40.8,31.7,21.7,30.7,5.4,20.5
2025-09-06,Himachal Pradesh,Mandi,2.6,20.4,11.5,295.1,56.8,18.7,27.9
2018-08-30,Manipur,Imphal,22.0,30.5,26.2,174.0,53.2,18.3,23.8
2018-03-30,Delhi,New Delhi,14.7,29.3,22.0,28.9,56.3,15.7,28.5
2015-11-27,Andhra Pradesh,Chittoor,24.3,34.9,29.6,58.5,56.7,11.2,28.1
2019-04-01,Chhattisgarh,Raipur,23.4,32.7,28.0,32.5,64.2,7.7,25.3
2015-12-04,Himachal Pradesh,Mandi,1.5,9.0,5.2,24.7,58.5,8.5,25.9
2019-06-18,Goa,North Goa,25.0,32.5,28.8,231.9,51.7,22.4,27.5
2018-08-20,West Bengal,Kolkata,20.7,37.8,29.2,411.8,89.7,13.7,20.8
2019-03-07,Uttar Pradesh,Kanpur,11.6,40.9,26.2,25.4,36.2,13.9,25.0
2019-08-01,West Bengal,Darjeeling,11.1,26.0,18.6,331.1,59.3,9.9,28.6
2018-09-23,Manipur,Imphal,19.4,26.0,22.7,196.2,69.4,17.0,21.2
2019-04-23,Goa,North Goa,11.9,17.7,14.8,21.4,42.4,17.1,25.2
2022-05-10,Uttarakhand,Dehradun,18.7,32.9,25.8,67.6,56.4,14.3,34.5
2015-10-02,Bihar,Patna,22.8,38.8,30.8,54.5,42.7,8.0,29.4
2018-04-02,Karnataka,Belgaum,26.4,34.2,30.3,24.5,47.1,18.6,26.7
2024-08-15,Rajasthan,Jaipur,19.7,43.0,31.4,15.0,45.2,13.3,21.1
2021-06-24,Chandigarh,Chandigarh,18.5,29.1,23.8,47.8,50.7,19.1,32.6
2022-03-21,Nagaland,Kohima,19.0,25.2,22.1,64.7,46.9,15.8,20.4
2021-12-26,Jammu and Kashmir,Srinagar,6.6,20.4,13.5,11.8,46.9,9.8,29.8
2025-04-15,Assam,Dibrugarh,21.7,33.7,27.7,108.4,70.2,15.6,31.7
2021-08-31,Kerala,Kozhikode,23.8,30.6,27.2,231.6,70.1,12.7,20.8
2020-06-16,Uttarakhand,Dehradun,22.0,30.0,26.0,217.9,51.2,17.0,25.3
2017-05-19,Chandigarh,Chandigarh,11.6,23.3,17.4,23.8,54.1,19.0,25.7
2022-11-20,Rajasthan,Jaipur,21.6,30.2,25.9,15.8,47.1,19.6,26.9
2017-10-11,Rajasthan,Jaipur,32.1,38.3,35.2,9.3,55.1,14.1,27.9
2020-03-26,Manipur,Imphal,13.3,24.1,18.7,10.7,75.8,19.3,28.6
2016-08-25,Nagaland,Kohima,16.6,26.2,21.4,149.5,65.5,14.5,24.2
2025-06-18,Andaman and Nicobar Islands,Port Blair,16.5,31.6,24.0,240.3,74.8,11.6,26.6
2019-12-05,Rajasthan,Udaipur,18.6,32.6,25.6,28.8,50.3,19.8,23.8
2016-11-21,Mizoram,Aizawl,16.0,28.6,22.3,62.4,66.4,13.6,26.5
2016-05-08,Nagaland,Kohima,17.0,31.9,24.4,10.3,60.4,17.1,28.0
2016-05-04,Kerala,Ernakulam,24.5,33.8,29.2,97.6,67.6,17.9,25.3
2022-07-31,Karnataka,Mysore,23.9,36.0,30.0,214.7,44.6,20.5,29.1
2023-08-11,Punjab,Amritsar,19.1,36.6,27.8,129.9,52.9,10.0,24.4
2021-12-31,Himachal Pradesh,Mandi,13.6,23.8,18.7,50.2,75.8,10.5,28.3
2016-01-25,Andhra Pradesh,Chittoor,20.3,37.8,29.0,16.9,59.6,12.7,26.5
2025-02-07,Assam,Tinsukia,24.3,31.1,27.7,35.7,76.1,10.2,26.0
2015-10-22,Rajasthan,Jaipur,33.1,42.5,37.8,24.2,29.8,9.0,24.4
2018-10-24,Tamil Nadu,Coimbatore,27.1,35.5,31.3,54.5,69.0,17.5,26.8
2022-10-14,Himachal Pradesh,Mandi,18.5,27.3,22.9,22.7,40.7,9.8,20.6
2022-12-22,Odisha,Bhubaneswar,21.1,28.7,24.9,46.4,64.0,9.1,26.5
2019-09-14,Odisha,Bhubaneswar,21.5,38.6,30.0,67.4,64.4,19.6,24.9
2022-02-09,Tamil Nadu,Madurai,27.7,33.6,30.6,38.4,54.1,8.7,26.7
2016-10-10,Uttarakhand,Dehradun,17.3,24.4,20.8,38.2,73.9,11.6,20.1
2020-02-17,Uttarakhand,Dehradun,10.8,24.2,17.5,46.5,75.5,19.7,29.8
2016-07-21,Ladakh,Leh,18.4,23.8,21.1,79.8,57.4,21.2,20.2
2023-12-03,Kerala,Kozhikode,23.5,32.7,28.1,61.0,69.5,10.8,22.7
2022-12-10,Uttarakhand,Dehradun,16.6,23.7,20.2,19.0,41.5,11.2,27.1
2022-09-18,Puducherry,Puducherry,17.6,29.2,23.4,146.0,63.4,11.4,22.1
2016-03-20,Delhi,New Delhi,24.1,31.8,28.0,62.9,76.7,14.2,23.0
2024-12-20,West Bengal,Darjeeling,22.2,31.9,27.0,121.9,82.5,17.2,25.9
2015-12-29,Dadra and Nagar Haveli and Daman and Diu,Daman,10.1,31.7,20.9,6.8,44.9,17.6,22.2
2020-12-10,Lakshadweep,Kavaratti,22.6,29.3,26.0,58.9,61.7,15.1,28.4
2018-04-26,Punjab,Amritsar,29.6,35.1,32.4,35.8,68.3,10.6,28.3
2017-01-11,Jammu and Kashmir,Srinagar,13.6,23.2,18.4,23.9,46.5,7.9,27.0
2020-08-03,Dadra and Nagar Haveli and Daman and Diu,Daman,23.8,33.8,28.8,145.5,61.1,17.3,25.8
2016-11-10,Dadra and Nagar Haveli and Daman and Diu,Daman,24.5,34.4,29.4,8.0,73.4,6.7,26.9
2021-10-03,Sikkim,Gangtok,14.3,31.4,22.8,5.6,55.3,5.3,29.5
2025-02-14,Himachal Pradesh,Mandi,0.3,9.1,4.7,45.1,65.8,15.9,22.5
2024-02-06,Himachal Pradesh,Mandi,6.0,15.6,10.8,25.9,71.3,19.2,26.0
2019-07-01,Manipur,Imphal,12.4,18.6,15.5,87.0,47.1,16.7,27.0
2019-04-22,Madhya Pradesh,Bhopal,10.1,26.9,18.5,39.3,37.7,18.5,30.5
2018-09-20,Sikkim,Gangtok,15.2,20.5,17.8,155.6,53.4,22.5,23.8
2020-11-09,Meghalaya,Shillong,23.8,33.1,28.4,10.2,77.3,7.5,24.5
2024-11-10,Lakshadweep,Kavaratti,23.8,33.9,28.8,39.1,48.3,12.6,25.5
2015-03-04,Arunachal Pradesh,Itanagar,25.0,34.1,29.6,65.3,79.4,12.8,25.9
2025-03-22,Uttar Pradesh,Lucknow,17.3,24.8,21.0,33.9,59.1,8.6,27.8
2022-01-03,Maharashtra,Nashik,19.5,32.3,25.9,86.2,42.5,17.1,23.0
2018-03-08,Puducherry,Puducherry,20.8,26.8,23.8,48.4,62.3,7.3,26.2
2025-04-27,Haryana,Karnal,22.3,33.6,28.0,31.0,65.5,15.5,34.1
2023-12-01,Ladakh,Leh,18.3,25.3,21.8,22.2,47.1,10.0,24.8
2018-05-13,Rajasthan,Udaipur,16.4,32.6,24.5,16.2,42.2,11.4,29.3
2022-09-20,West Bengal,Darjeeling,18.8,37.8,28.3,296.0,78.9,14.3,23.3
2023-12-30,Goa,North Goa,23.7,33.4,28.6,45.8,53.5,8.9,22.5
2015-09-13,Punjab,Amritsar,17.6,37.8,27.7,178.6,59.8,16.1,22.3
2015-05-15,Dadra and Nagar Haveli and Daman and Diu,Daman,17.2,31.1,24.2,46.7,60.6,11.4,32.5
2024-12-23,Delhi,New Delhi,22.6,32.9,27.8,70.7,71.2,11.8,26.2
2017-05-24,Gujarat,Rajkot,23.6,35.9,29.8,45.3,42.0,5.2,32.0
2017-04-01,Haryana,Faridabad,9.5,18.4,14.0,49.7,40.7,8.1,26.9
2020-11-05,Himachal Pradesh,Shimla,8.2,20.1,14.2,51.1,44.1,14.5,24.5
2025-09-12,Arunachal Pradesh,Itanagar,13.1,31.3,22.2,152.7,68.7,21.8,23.5
2023-04-24,Mizoram,Aizawl,23.5,29.8,26.6,20.5,66.5,6.5,29.5
2023-12-23,Mizoram,Aizawl,13.2,27.8,20.5,61.5,41.7,11.2,27.3
2023-10-06,Jammu and Kashmir,Srinagar,6.8,12.6,9.7,48.4,44.8,10.5,29.9
2017-04-02,Chandigarh,Chandigarh,16.0,32.8,24.4,65.2,50.5,13.9,34.5
2023-06-02,Goa,North Goa,19.1,33.0,26.0,149.5,68.8,8.3,32.9
2017-08-31,Bihar,Purnia,22.8,32.2,27.5,148.4,53.1,15.9,21.1
2023-03-01,Jammu and Kashmir,Srinagar,16.9,25.8,21.4,12.8,62.1,19.0,20.9
2019-11-13,Himachal Pradesh,Mandi,2.5,16.2,9.4,57.8,64.2,11.9,29.9
2015-05-01,Goa,North Goa,12.8,31.9,22.4,13.7,47.2,9.4,33.7
2024-06-18,Madhya Pradesh,Bhopal,19.8,31.6,25.7,128.0,55.2,14.4,34.6
2019-06-26,Sikkim,Gangtok,12.0,25.6,18.8,136.3,67.7,22.4,27.9
2023-07-07,West Bengal,Darjeeling,27.2,37.0,32.1,412.8,52.9,22.1,28.4
2018-09-26,Chandigarh,Chandigarh,20.3,26.5,23.4,137.6,73.6,14.6,24.4
2017-10-04,Ladakh,Leh,14.1,19.9,17.0,40.9,71.0,7.2,28.9
2017-07-13,Arunachal Pradesh,Itanagar,18.3,32.8,25.5,206.8,45.4,21.6,27.2
2016-10-06,Ladakh,Leh,10.5,26.8,18.6,38.6,74.4,6.8,25.9
2020-07-25,Haryana,Faridabad,12.8,23.3,18.0,24.1,43.3,13.9,24.5
2022-07-24,Himachal Pradesh,Kangra,14.7,23.9,19.3,90.8,55.9,9.0,29.7
2022-12-17,Andhra Pradesh,Guntur,20.7,28.6,24.6,37.8,78.0,7.7,24.0
2020-08-30,Madhya Pradesh,Bhopal,31.8,39.9,35.8,155.2,69.0,15.6,20.0
2015-08-30,Manipur,Imphal,10.5,28.8,19.6,79.2,59.1,16.3,26.7
2021-11-07,Lakshadweep,Kavaratti,11.3,30.5,20.9,69.4,50.2,10.7,27.4
2023-03-30,Puducherry,Puducherry,13.7,27.5,20.6,51.2,75.2,10.2,24.9
2022-04-22,Dadra and Nagar Haveli and Daman and Diu,Daman,12.8,23.1,18.0,11.6,47.9,10.2,29.2
2021-06-08,Maharashtra,Mumbai,26.5,35.4,31.0,62.6,74.0,16.0,34.4
2019-06-08,Maharashtra,Nashik,25.6,35.6,30.6,175.4,50.6,11.5,29.1
2025-01-14,Andaman and Nicobar Islands,Port Blair,12.6,32.3,22.4,61.4,69.2,5.7,20.7
2017-03-13,Odisha,Bhubaneswar,24.5,37.4,31.0,12.4,60.2,7.0,22.3
2017-08-21,Uttarakhand,Dehradun,17.8,24.1,21.0,84.4,62.6,15.6,28.6
2015-03-10,Himachal Pradesh,Shimla,3.0,16.1,9.6,70.1,71.8,14.0,27.7
2018-02-26,West Bengal,Darjeeling,18.1,36.7,27.4,79.0,77.8,14.8,26.7
2015-07-15,Telangana,Warangal,25.7,31.4,28.6,197.0,71.3,8.0,28.9
2020-12-27,West Bengal,Howrah,27.1,32.9,30.0,71.5,54.4,9.2,26.2
2024-08-16,Ladakh,Leh,14.5,25.2,19.8,228.9,63.0,15.8,23.2
2021-05-19,Nagaland,Kohima,20.6,29.6,25.1,67.9,64.1,13.1,33.0
2021-06-17,Tripura,Agartala,17.3,25.8,21.6,63.4,62.5,14.4,29.0
2017-01-15,Jammu and Kashmir,Srinagar,7.0,24.1,15.6,43.7,61.5,9.6,26.1
2024-11-15,Bihar,Muzaffarpur,16.9,35.8,26.4,44.4,51.6,7.2,27.0
2019-08-16,Maharashtra,Pune,22.5,28.3,25.4,460.9,57.4,19.2,24.6
2015-10-04,Uttar Pradesh,Lucknow,29.1,34.3,31.7,19.3,57.3,9.8,27.4
2015-03-02,Haryana,Karnal,22.2,27.5,24.8,32.0,63.4,9.7,21.4
2024-04-13,Telangana,Hyderabad,26.9,39.2,33.0,52.7,73.8,20.0,30.0
2020-03-28,Meghalaya,Shillong,24.0,31.1,27.6,57.2,76.1,12.8,26.3
2020-09-30,Punjab,Amritsar,29.3,35.7,32.5,84.1,60.9,13.1,25.0
2021-01-09,Manipur,Imphal,10.8,26.7,18.8,48.9,43.3,8.7,24.3
2019-11-08,Gujarat,Rajkot,28.3,33.5,30.9,19.9,30.2,12.8,25.0
2018-08-27,Mizoram,Aizawl,21.3,26.3,23.8,232.4,75.6,12.8,23.3
2020-01-12,Sikkim,Gangtok,10.0,23.6,16.8,47.9,44.9,14.9,23.7
2022-02-04,Sikkim,Gangtok,20.1,27.6,23.8,59.2,62.0,13.0,24.9
2016-07-20,Kerala,Kozhikode,24.5,32.5,28.5,179.8,78.8,15.7,20.7
2024-06-22,Nagaland,Kohima,18.7,24.6,21.6,223.0,66.2,15.4,32.5
2019-04-21,Manipur,Imphal,14.2,26.3,20.2,6.1,79.5,5.8,26.0
2016-09-13,Meghalaya,Shillong,17.4,27.1,22.2,169.1,73.4,10.4,26.4
2020-07-18,Chhattisgarh,Raipur,10.3,30.9,20.6,248.4,55.2,10.6,28.1
2018-04-15,Arunachal Pradesh,Itanagar,23.6,29.1,26.4,45.6,77.5,14.7,33.2
2024-05-26,West Bengal,Darjeeling,14.1,21.0,17.6,53.3,65.8,16.8,29.1
2015-11-10,Uttarakhand,Dehradun,13.5,33.1,23.3,59.8,66.7,8.1,22.0
2022-10-25,Dadra and Nagar Haveli and Daman and Diu,Daman,17.4,29.1,23.2,22.9,44.9,10.4,24.3
2022-12-05,Ladakh,Leh,10.8,26.6,18.7,5.1,46.0,7.2,26.9
2020-11-14,Andhra Pradesh,Visakhapatnam,24.9,38.3,31.6,27.2,56.3,17.0,24.4
2023-01-07,Andaman and Nicobar Islands,Port Blair,14.1,25.8,20.0,34.8,62.9,5.6,22.5
2018-05-21,Andhra Pradesh,Visakhapatnam,24.7,35.3,30.0,20.3,55.8,15.9,32.9
2022-11-16,Haryana,Hisar,6.9,39.7,23.3,24.5,53.4,13.9,23.5
2015-05-17,Meghalaya,Shillong,18.2,30.1,24.2,58.3,66.5,11.7,26.9
2017-10-26,West Bengal,Darjeeling,10.5,30.2,20.4,64.9,88.6,6.5,20.7
2023-05-17,Sikkim,Gangtok,12.7,24.2,18.4,17.3,58.6,10.1,35.0
2020-11-26,Nagaland,Kohima,24.5,31.5,28.0,60.4,49.7,5.9,20.4
2022-02-07,Sikkim,Gangtok,10.4,29.8,20.1,29.0,73.0,18.1,23.1
2023-07-08,Kerala,Kozhikode,22.9,30.1,26.5,337.7,60.5,8.2,27.4
2016-10-23,Odisha,Bhubaneswar,27.1,33.7,30.4,63.4,57.6,16.0,24.2
2021-10-08,Tripura,Agartala,22.3,34.6,28.4,43.9,76.0,5.5,24.6
2022-05-01,Chhattisgarh,Raipur,17.6,27.8,22.7,27.0,68.9,13.3,25.8
2021-04-27,Puducherry,Puducherry,24.3,34.4,29.4,29.7,49.8,14.4,25.4
2024-07-29,Jharkhand,Ranchi,17.4,30.9,24.2,133.9,78.9,18.8,29.3
2015-03-28,Gujarat,Ahmedabad,30.4,36.3,33.3,35.1,53.9,5.8,23.2
2021-11-17,Manipur,Imphal,18.0,29.6,23.8,62.0,63.5,12.0,27.5
2020-10-24,Telangana,Hyderabad,24.9,38.8,31.8,68.9,64.2,13.5,27.0
2021-11-23,Uttar Pradesh,Varanasi,24.6,38.6,31.6,39.1,68.1,7.2,28.2
2021-09-27,Uttar Pradesh,Varanasi,13.4,39.3,26.4,49.0,30.2,8.2,22.1
2022-11-12,Uttar Pradesh,Lucknow,8.1,29.1,18.6,29.7,60.3,7.9,27.5
2023-01-21,Jharkhand,Ranchi,19.2,26.6,22.9,32.9,68.7,15.2,25.6
2022-08-05,Mizoram,Aizawl,24.7,30.4,27.6,156.7,65.0,22.9,25.4
2021-11-09,Maharashtra,Mumbai,23.3,39.1,31.2,68.2,82.3,16.3,21.7
2018-08-01,Arunachal Pradesh,Itanagar,12.5,23.1,17.8,38.9,61.7,20.9,24.0
2024-01-24,Madhya Pradesh,Bhopal,24.3,41.8,33.0,15.7,44.3,5.4,22.3
2019-08-28,Uttarakhand,Dehradun,21.7,32.1,26.9,239.5,57.0,19.0,26.0
2025-01-18,Himachal Pradesh,Shimla,6.6,19.2,12.9,45.2,78.3,19.0,29.9
2022-05-24,Gujarat,Rajkot,15.3,35.9,25.6,45.3,59.6,11.2,32.2
2022-06-12,Jharkhand,Ranchi,16.7,31.2,24.0,238.5,73.7,18.9,26.6
2024-12-08,Himachal Pradesh,Mandi,18.7,25.0,21.8,33.2,57.2,15.7,27.0
2024-06-05,Sikkim,Gangtok,24.4,30.5,27.4,146.2,48.1,18.1,27.1
2016-05-09,Tamil Nadu,Chennai,26.9,37.9,32.4,38.5,75.9,13.0,28.6
2019-07-06,Gujarat,Ahmedabad,18.3,36.7,27.5,48.6,41.2,21.8,25.1
2020-04-26,Himachal Pradesh,Shimla,17.1,28.2,22.6,34.5,48.7,6.5,34.6
2017-12-04,Uttarakhand,Dehradun,14.9,30.1,22.5,56.1,47.9,15.4,20.1
2018-11-25,Telangana,Nizamabad,23.0,32.2,27.6,70.6,79.4,9.3,26.1
2024-02-01,Andaman and Nicobar Islands,Port Blair,21.2,27.9,24.5,53.1,50.3,7.5,28.5
2025-02-04,Mizoram,Aizawl,17.5,26.2,21.8,33.3,56.5,16.6,28.9
2016-08-19,Punjab,Patiala,16.9,27.7,22.3,150.9,66.2,9.7,28.0
2016-03-25,Gujarat,Rajkot,24.5,40.3,32.4,28.1,64.5,13.3,21.4
2016-04-29,Gujarat,Ahmedabad,15.1,33.7,24.4,31.6,38.4,17.8,33.7
2016-10-07,West Bengal,Kolkata,24.5,37.5,31.0,68.3,78.1,18.6,24.6
2022-04-21,Odisha,Bhubaneswar,24.3,34.8,29.6,98.5,65.3,9.8,31.3
2023-06-17,Punjab,Amritsar,12.0,36.7,24.4,180.6,43.8,13.4,25.9
2019-06-18,Gujarat,Surat,19.4,25.6,22.5,156.3,37.2,9.2,26.6
2016-10-23,Goa,North Goa,15.7,26.7,21.2,67.9,51.2,15.8,28.9
2017-01-27,Tripura,Agartala,22.9,29.3,26.1,24.6,42.2,12.2,24.1
2015-10-16,Madhya Pradesh,Bhopal,22.0,33.9,28.0,45.5,56.8,11.4,20.4
2024-07-17,Sikkim,Gangtok,15.2,25.0,20.1,45.0,52.2,22.8,28.2
2016-12-21,Mizoram,Aizawl,22.0,33.7,27.8,65.6,53.0,9.8,23.4
2016-09-29,Sikkim,Gangtok,22.3,33.4,27.8,24.7,78.0,12.3,26.3
2021-04-01,Puducherry,Puducherry,19.6,25.8,22.7,53.7,61.3,14.2,29.5
2021-09-29,Haryana,Karnal,25.1,36.4,30.8,54.7,60.1,15.5,20.4
2023-03-05,Nagaland,Kohima,15.9,26.6,21.2,61.1,49.4,11.8,20.5
2016-05-13,Telangana,Nizamabad,28.6,36.4,32.5,65.7,67.1,9.8,32.1
2023-04-10,Arunachal Pradesh,Itanagar,17.0,26.4,21.7,51.8,71.0,15.3,29.6
2016-09-25,Arunachal Pradesh,Itanagar,13.9,31.9,22.9,117.1,64.5,9.7,27.4
2019-08-01,Uttarakhand,Dehradun,24.3,31.9,28.1,173.5,76.0,19.9,29.6
2020-07-23,Maharashtra,Mumbai,21.2,32.7,27.0,249.6,61.3,21.7,22.1
2023-05-26,Kerala,Ernakulam,24.7,32.7,28.7,92.1,72.5,13.1,33.0
2015-04-25,Lakshadweep,Kavaratti,17.4,32.2,24.8,34.2,47.3,11.2,32.2
2023-02-27,West Bengal,Darjeeling,25.3,36.2,30.8,53.1,73.2,10.4,27.0
2016-11-04,West Bengal,Darjeeling,17.9,34.4,26.2,11.5,63.6,18.2,23.2
2019-10-03,Tripura,Agartala,15.9,32.0,24.0,11.6,52.5,16.6,29.6
2018-06-11,Bihar,Gaya,25.2,31.9,28.6,257.1,59.0,19.7,27.4
2024-11-20,Uttar Pradesh,Varanasi,14.2,39.8,27.0,55.1,44.3,6.3,29.3
2023-06-10,Ladakh,Leh,14.5,21.4,18.0,117.5,51.3,9.2,34.8
2021-03-03,Assam,Cachar,14.4,23.6,19.0,77.5,74.5,11.5,29.1
2025-04-08,Andhra Pradesh,Krishna,20.6,39.2,29.9,53.3,70.9,7.4,28.3
2021-04-13,Mizoram,Aizawl,10.8,28.3,19.6,28.8,62.1,16.3,30.5
2024-12-09,Gujarat,Vadodara,16.2,22.5,19.4,44.0,40.5,10.4,22.2
2022-09-06,Chhattisgarh,Raipur,20.5,29.2,24.8,147.8,67.0,17.3,27.7
2023-10-04,Odisha,Bhubaneswar,26.2,35.1,30.6,27.3,57.8,15.6,22.6
2015-05-27,Puducherry,Puducherry,16.6,23.0,19.8,13.6,50.0,6.3,27.7
2020-12-05,Jammu and Kashmir,Srinagar,11.4,26.5,19.0,12.1,64.0,10.4,22.3
2024-06-15,Meghalaya,Shillong,10.5,21.9,16.2,241.1,61.2,19.6,29.1
2016-02-16,Uttarakhand,Dehradun,22.6,28.7,25.6,62.4,59.0,16.2,22.4
2019-08-15,Tripura,Agartala,17.3,31.6,24.5,155.5,58.3,20.2,21.6
2025-01-03,Uttar Pradesh,Kanpur,17.8,38.6,28.2,51.5,35.9,17.8,20.1
2021-08-07,Maharashtra,Pune,28.3,35.1,31.7,306.0,40.4,19.0,24.3
2019-03-13,Maharashtra,Mumbai,28.1,36.9,32.5,106.0,67.5,16.2,27.5
2015-05-17,Maharashtra,Nashik,21.0,34.1,27.6,110.5,79.5,10.8,28.2
2023-11-21,Tripura,Agartala,19.8,32.7,26.2,7.5,43.7,16.7,24.4
2024-03-14,Ladakh,Leh,20.0,33.2,26.6,58.0,72.4,12.7,21.6
2023-03-25,Bihar,Muzaffarpur,18.4,39.4,28.9,29.9,56.8,16.5,20.8
2024-09-22,Manipur,Imphal,21.4,28.8,25.1,94.9,63.3,11.8,26.4
2015-01-19,Lakshadweep,Kavaratti,23.6,31.2,27.4,71.0,77.7,8.1,24.3
2021-02-20,Nagaland,Kohima,24.9,30.6,27.8,38.3,57.3,17.1,21.6
2021-07-05,Maharashtra,Nagpur,20.7,28.2,24.4,116.6,51.6,15.9,27.1
2020-05-13,Andhra Pradesh,Visakhapatnam,23.8,33.8,28.8,61.5,65.8,13.8,30.2
2021-01-31,Punjab,Ludhiana,24.7,31.6,28.2,49.2,65.2,11.0,24.2
2017-09-28,Jharkhand,Ranchi,22.7,31.0,26.8,162.3,69.8,13.8,24.5
2016-03-24,Jharkhand,Ranchi,10.6,18.2,14.4,37.1,41.8,9.6,24.4
2020-05-02,Telangana,Nizamabad,19.2,25.2,22.2,11.1,59.4,7.2,31.9
2017-08-03,Puducherry,Puducherry,17.4,22.6,20.0,36.5,76.7,9.9,27.6
2018-10-09,West Bengal,Howrah,14.4,25.4,19.9,12.9,72.2,12.0,27.4
2019-03-03,Uttarakhand,Dehradun,23.6,32.1,27.8,71.7,45.9,10.2,28.3
2015-05-21,Andhra Pradesh,Chittoor,25.5,35.7,30.6,39.9,50.6,6.2,25.9
2022-09-06,Delhi,New Delhi,12.8,19.4,16.1,49.8,65.5,9.8,24.7
2020-04-04,Bihar,Gaya,9.4,21.3,15.4,70.1,41.2,18.2,32.6
2023-02-25,Gujarat,Rajkot,30.7,40.7,35.7,42.2,34.3,17.5,24.8
2015-04-03,Himachal Pradesh,Shimla,7.0,14.8,10.9,10.0,65.7,15.9,28.9
2015-08-27,Meghalaya,Shillong,12.5,20.0,16.2,67.1,42.2,13.4,26.2
2015-07-24,Chhattisgarh,Raipur,16.7,23.4,20.0,248.5,51.5,17.0,22.5
2022-02-20,Puducherry,Puducherry,18.9,25.3,22.1,50.9,62.9,12.8,22.2
2018-12-27,Tamil Nadu,Madurai,24.2,37.1,30.6,21.3,74.6,6.7,23.4
2015-09-02,Tripura,Agartala,20.3,30.7,25.5,209.9,78.5,22.5,29.1
2017-04-11,Madhya Pradesh,Bhopal,20.9,31.4,26.2,20.4,53.0,11.8,34.9
2024-04-11,Telangana,Hyderabad,24.4,32.9,28.6,51.3,41.7,6.7,31.6
2023-02-20,Karnataka,Hubli,19.2,34.6,26.9,15.6,66.7,15.2,27.8
2015-10-22,Mizoram,Aizawl,23.3,30.4,26.8,55.3,43.2,17.4,28.9
2022-05-11,Madhya Pradesh,Bhopal,26.5,34.5,30.5,8.4,46.9,9.1,30.3
2017-05-05,Uttarakhand,Dehradun,15.9,22.8,19.4,63.6,74.6,17.2,27.1
2024-03-07,Punjab,Amritsar,15.7,24.0,19.8,34.9,62.2,13.7,25.5
2020-08-26,Delhi,New Delhi,20.7,26.8,23.8,89.3,52.5,16.0,29.8
2015-03-12,Lakshadweep,Kavaratti,22.9,29.7,26.3,21.3,57.4,19.6,21.5
2018-07-16,Haryana,Faridabad,28.9,35.1,32.0,179.6,63.2,21.2,28.9
2018-09-10,Andaman and Nicobar Islands,Port Blair,13.3,31.3,22.3,211.0,75.2,15.4,24.1
2025-08-01,Odisha,Bhubaneswar,25.9,33.4,29.6,335.2,60.0,8.6,25.5
2015-11-01,Goa,North Goa,22.5,32.7,27.6,74.3,45.6,10.2,23.8
2024-08-23,Rajasthan,Udaipur,11.5,17.7,14.6,14.4,36.4,20.7,27.1
2017-10-27,Sikkim,Gangtok,16.7,25.2,21.0,6.1,47.0,10.8,23.7
2018-08-30,Jharkhand,Ranchi,13.9,35.0,24.4,145.3,50.7,14.1,22.8
2017-03-27,Jharkhand,Ranchi,15.3,22.2,18.8,5.1,59.7,12.3,21.6
2018-01-31,Andaman and Nicobar Islands,Port Blair,22.5,28.9,25.7,58.9,47.6,9.2,22.7
2017-03-31,Meghalaya,Shillong,13.4,34.2,23.8,23.4,59.4,16.0,23.2
2015-07-12,Andhra Pradesh,Guntur,20.1,36.4,28.2,113.8,76.2,15.4,26.2
2019-11-12,Mizoram,Aizawl,24.3,34.3,29.3,60.5,61.2,7.5,28.4
2024-12-24,Chandigarh,Chandigarh,11.4,32.9,22.2,58.6,72.1,10.7,20.8
2016-06-12,Uttar Pradesh,Kanpur,24.6,41.7,33.2,208.8,72.1,17.5,26.2
2021-01-27,Odisha,Bhubaneswar,27.9,34.5,31.2,33.8,76.5,15.8,20.7
2024-11-17,Rajasthan,Jaipur,16.3,40.7,28.5,38.1,30.7,16.4,25.1
2015-09-08,Mizoram,Aizawl,15.7,33.5,24.6,173.5,67.7,16.9,26.4
2019-11-24,Rajasthan,Jodhpur,22.9,37.0,30.0,34.5,32.1,16.0,22.7
2024-06-20,Odisha,Bhubaneswar,16.1,38.2,27.2,187.8,73.9,19.4,33.0
2023-12-23,Gujarat,Ahmedabad,18.8,35.7,27.2,39.2,34.8,7.1,23.6
2022-02-01,Mizoram,Aizawl,14.5,31.9,23.2,50.0,59.9,6.6,21.1
2025-02-17,Andhra Pradesh,Chittoor,25.2,38.9,32.0,60.4,76.4,13.5,22.2
2020-07-19,Goa,North Goa,10.5,33.8,22.2,153.1,74.4,19.0,28.3
2021-09-29,Uttar Pradesh,Kanpur,10.7,33.6,22.2,179.0,57.6,20.5,29.9
2022-10-12,Arunachal Pradesh,Itanagar,10.2,24.2,17.2,57.8,69.0,12.0,28.4
2018-11-04,Lakshadweep,Kavaratti,20.1,30.5,25.3,24.1,54.7,19.8,29.1
2018-03-13,Chhattisgarh,Raipur,20.4,33.6,27.0,14.5,50.7,18.3,24.7
2020-09-03,Dadra and Nagar Haveli and Daman and Diu,Daman,18.9,33.7,26.3,133.1,59.3,9.7,29.9
2025-08-29,Kerala,Ernakulam,24.9,31.4,28.2,526.2,82.1,10.2,20.2
2022-06-08,Jammu and Kashmir,Srinagar,0.3,6.9,3.6,203.1,59.7,23.0,27.9
2018-01-01,Chandigarh,Chandigarh,20.9,29.4,25.2,11.9,75.1,11.0,29.2
2022-05-03,Goa,North Goa,24.1,33.9,29.0,6.9,78.6,6.9,34.3
2020-01-22,Manipur,Imphal,19.1,28.2,23.6,55.5,60.3,16.9,25.1
2025-09-09,Manipur,Imphal,15.5,25.7,20.6,119.2,58.9,9.7,26.6
2023-08-31,Meghalaya,Shillong,15.1,28.5,21.8,167.4,74.3,20.9,29.9
2016-05-19,Punjab,Ludhiana,11.0,16.8,13.9,24.1,65.9,14.0,28.7
2019-06-10,Madhya Pradesh,Bhopal,27.0,39.1,33.0,177.0,50.6,16.0,30.6
2021-07-11,Dadra and Nagar Haveli and Daman and Diu,Daman,18.3,25.7,22.0,88.8,55.0,20.8,24.6
2021-10-08,Puducherry,Puducherry,23.9,33.7,28.8,65.3,45.4,7.2,22.4
2021-12-21,Andaman and Nicobar Islands,Port Blair,19.9,29.7,24.8,16.9,69.8,12.8,27.3
2018-10-19,Assam,Dibrugarh,23.6,34.5,29.0,62.6,65.5,11.5,20.8
2023-03-14,Himachal Pradesh,Mandi,0.9,29.5,15.2,73.2,54.1,17.3,22.2
2022-05-01,Karnataka,Hubli,22.2,35.0,28.6,59.5,77.0,19.7,25.1
2025-06-13,Karnataka,Bangalore,27.2,34.6,30.9,186.9,40.0,20.5,32.6
2018-05-07,Tripura,Agartala,23.4,29.5,26.4,20.1,52.1,13.0,28.5
2016-12-18,Sikkim,Gangtok,14.5,22.3,18.4,16.1,58.9,11.7,27.9
2024-07-16,Himachal Pradesh,Shimla,16.5,27.5,22.0,256.1,44.4,14.9,22.9
2015-12-05,Punjab,Amritsar,11.3,33.2,22.2,42.4,34.6,6.9,26.4
2016-10-20,Rajasthan,Jaipur,13.6,38.9,26.2,33.6,40.9,18.6,20.2
2017-08-19,Jharkhand,Ranchi,13.4,31.2,22.3,288.0,78.4,8.0,26.3
2016-03-04,Sikkim,Gangtok,10.4,29.1,19.8,58.8,74.3,12.9,28.5
2025-07-21,Andaman and Nicobar Islands,Port Blair,23.9,32.2,28.0,166.8,60.2,15.6,27.7
2017-06-17,Himachal Pradesh,Kangra,1.3,17.0,9.2,176.2,48.6,16.1,29.6
2015-05-19,Chhattisgarh,Raipur,21.1,29.2,25.2,71.5,56.5,14.5,27.2
2025-04-22,Karnataka,Belgaum,24.9,34.1,29.5,40.8,55.7,10.6,29.4
2023-03-09,Andhra Pradesh,Visakhapatnam,22.5,31.0,26.8,72.3,59.0,14.4,23.5
2016-06-25,Andhra Pradesh,Krishna,28.1,37.9,33.0,125.3,71.5,19.4,26.4
2020-10-05,Chhattisgarh,Raipur,18.7,32.8,25.8,8.5,60.3,17.6,29.5
2018-06-09,Sikkim,Gangtok,19.8,28.1,24.0,189.4,41.1,14.8,32.3
2022-05-29,Uttar Pradesh,Kanpur,6.0,29.7,17.8,37.4,39.5,13.5,29.1
2021-10-18,Goa,North Goa,17.2,26.4,21.8,61.7,54.6,16.9,20.8
2016-01-19,Lakshadweep,Kavaratti,14.2,25.6,19.9,33.3,57.7,14.8,25.7
2022-02-20,Karnataka,Belgaum,23.2,36.4,29.8,27.7,78.7,17.2,22.0
2015-07-13,Jharkhand,Ranchi,19.4,26.8,23.1,284.0,59.7,11.1,26.4
2025-06-04,Puducherry,Puducherry,20.6,31.3,26.0,87.7,69.4,21.9,34.5
2025-03-08,Dadra and Nagar Haveli and Daman and Diu,Daman,20.2,33.4,26.8,73.5,41.7,12.2,22.9
2022-01-25,Kerala,Thrissur,23.4,34.5,29.0,147.9,87.1,8.0,28.0
2022-01-09,Meghalaya,Shillong,22.3,31.8,27.0,55.0,76.2,19.9,20.4
2022-07-26,Assam,Cachar,13.9,33.9,23.9,264.6,63.7,12.7,25.2
2022-08-30,Arunachal Pradesh,Itanagar,15.8,32.0,23.9,191.1,57.4,23.0,28.9
2021-02-10,Chhattisgarh,Raipur,22.9,31.9,27.4,59.6,53.4,9.9,28.9
2020-03-10,Karnataka,Belgaum,24.0,32.1,28.0,86.1,59.9,11.0,20.3
2021-05-28,Tripura,Agartala,20.2,30.4,25.3,26.8,45.6,7.7,27.2
2024-04-29,Jammu and Kashmir,Srinagar,17.3,26.0,21.6,55.2,58.5,12.1,33.2
2017-01-01,Jammu and Kashmir,Srinagar,15.4,22.6,19.0,50.7,67.2,11.1,20.7
2020-12-03,Sikkim,Gangtok,15.6,25.8,20.7,53.3,72.4,10.9,26.5
2022-11-12,Sikkim,Gangtok,19.6,31.3,25.5,43.8,65.2,18.0,29.2
2023-07-18,Karnataka,Bangalore,18.9,24.1,21.5,226.8,58.6,14.8,24.6
2016-11-15,Lakshadweep,Kavaratti,23.4,32.6,28.0,36.0,58.2,17.7,22.2
2015-03-23,Jammu and Kashmir,Srinagar,0.3,17.1,8.7,72.4,72.6,11.1,21.8
2022-11-21,Dadra and Nagar Haveli and Daman and Diu,Daman,18.6,33.6,26.1,55.2,61.6,16.0,29.6
2021-07-08,Haryana,Karnal,18.8,32.8,25.8,106.1,52.7,17.5,22.0
2022-02-17,Punjab,Amritsar,19.2,24.4,21.8,47.2,31.5,19.4,29.7
2021-07-10,Puducherry,Puducherry,17.9,26.9,22.4,71.8,46.5,11.6,24.8
2016-06-15,Bihar,Muzaffarpur,24.3,33.6,29.0,243.1,62.6,8.3,26.3
2020-06-06,Nagaland,Kohima,18.6,25.4,22.0,190.3,57.8,18.4,27.9
2015-08-09,Bihar,Purnia,26.1,34.6,30.4,247.1,40.8,13.9,22.2
2016-09-26,Punjab,Patiala,16.1,39.0,27.6,48.6,33.5,8.9,21.2
2019-11-05,Himachal Pradesh,Shimla,1.2,22.5,11.8,17.6,47.9,14.7,24.5
2025-06-01,Meghalaya,Shillong,10.8,34.4,22.6,188.0,64.6,20.8,34.1
2021-06-28,Uttar Pradesh,Lucknow,6.5,13.6,10.0,190.8,64.8,11.3,28.2
2020-02-18,Tripura,Agartala,19.2,32.7,26.0,47.2,71.7,8.4,23.3
2015-01-03,Bihar,Gaya,10.2,39.6,24.9,62.6,68.6,7.9,27.0
2019-09-14,Odisha,Bhubaneswar,27.9,38.7,33.3,311.7,63.6,19.5,24.8
2015-07-25,Maharashtra,Nashik,22.9,39.6,31.2,107.5,78.9,12.8,25.2
2020-01-30,Rajasthan,Udaipur,19.1,34.6,26.8,33.2,27.3,16.3,24.5
2015-02-09,Manipur,Imphal,24.0,32.3,28.2,7.9,76.4,18.9,21.8
2020-10-07,Assam,Dibrugarh,24.6,32.0,28.3,139.3,72.7,5.3,28.0
2023-03-18,Meghalaya,Shillong,23.3,29.4,26.4,43.8,73.3,11.9,27.9
2022-03-06,Maharashtra,Mumbai,25.7,37.4,31.6,115.7,58.8,16.6,27.1
2016-10-05,Himachal Pradesh,Kangra,8.8,20.0,14.4,67.3,48.2,9.8,29.7
2019-03-11,Gujarat,Vadodara,19.7,39.8,29.8,21.7,52.0,11.0,22.2
2024-12-22,Maharashtra,Mumbai,26.3,39.7,33.0,112.7,84.3,15.4,20.3
2020-03-22,Goa,North Goa,18.3,30.6,24.5,13.4,73.1,16.0,24.5
2022-11-30,Rajasthan,Udaipur,17.3,27.3,22.3,38.7,52.1,15.4,29.5
2023-09-29,Manipur,Imphal,13.1,32.6,22.8,183.4,77.3,17.9,27.4
2024-09-20,Haryana,Hisar,10.6,24.0,17.3,74.4,57.8,14.2,28.6
2022-04-20,Puducherry,Puducherry,13.2,31.6,22.4,61.9,65.1,7.2,28.3
2020-11-13,Andhra Pradesh,Visakhapatnam,24.0,34.1,29.0,57.9,60.2,5.3,28.7
2024-07-17,Lakshadweep,Kavaratti,16.5,25.3,20.9,249.4,75.2,19.0,23.5
2024-01-20,Chhattisgarh,Raipur,13.5,30.3,21.9,9.0,55.6,16.4,25.9
2017-06-16,Chandigarh,Chandigarh,21.0,31.2,26.1,87.1,59.3,19.6,27.3
2017-12-21,Sikkim,Gangtok,24.4,30.5,27.4,6.0,71.1,18.9,22.5
2018-07-03,Punjab,Ludhiana,8.9,19.7,14.3,133.0,53.2,17.3,20.1
2022-02-21,Meghalaya,Shillong,12.4,21.7,17.0,53.8,64.3,14.4,25.7
2023-01-31,Gujarat,Rajkot,27.7,41.5,34.6,35.3,59.8,14.1,28.0
2021-07-23,Gujarat,Rajkot,31.0,39.6,35.3,52.6,60.8,17.8,29.3
2016-11-01,Arunachal Pradesh,Itanagar,14.1,34.5,24.3,43.6,78.6,16.8,28.7
2023-10-01,Maharashtra,Mumbai,21.9,29.8,25.8,81.8,56.8,19.8,25.0
2019-02-14,Dadra and Nagar Haveli and Daman and Diu,Daman,11.7,25.8,18.8,42.5,40.2,8.7,20.0
2021-06-22,Maharashtra,Nashik,24.7,32.7,28.7,119.7,77.7,8.5,31.9
2024-10-15,Chhattisgarh,Raipur,18.6,32.4,25.5,14.3,74.9,9.8,20.1
2016-12-19,Karnataka,Hubli,24.6,36.8,30.7,41.8,63.7,11.2,20.4
2017-12-07,Chhattisgarh,Raipur,21.3,34.5,27.9,34.4,45.8,12.6,29.0
2024-07-12,Andaman and Nicobar Islands,Port Blair,19.1,26.4,22.8,174.9,53.1,8.4,29.1
2020-05-09,Karnataka,Hubli,25.9,37.5,31.7,71.5,60.2,12.4,27.0
2018-03-05,Chhattisgarh,Raipur,15.8,23.1,19.5,38.1,65.8,8.8,29.4
2023-12-17,Lakshadweep,Kavaratti,19.7,27.0,23.4,16.7,46.8,19.6,22.4
2015-09-07,Ladakh,Leh,12.5,20.4,16.4,116.4,64.6,9.2,21.6
2021-06-19,Manipur,Imphal,24.6,32.9,28.8,59.1,62.0,11.6,34.7
2020-03-07,Odisha,Bhubaneswar,20.8,27.8,24.3,65.2,54.8,12.8,28.5
2024-06-01,Sikkim,Gangtok,15.2,27.3,21.2,50.3,65.9,9.7,28.3
2024-08-01,Puducherry,Puducherry,22.6,28.7,25.6,255.2,65.2,10.1,21.7
2020-01-28,Mizoram,Aizawl,19.9,32.3,26.1,50.9,68.6,10.4,20.0
2022-10-25,Kerala,Thrissur,23.6,32.4,28.0,111.0,66.9,7.6,28.3
2019-02-12,Tripura,Agartala,22.6,34.9,28.8,28.8,42.4,12.1,24.8
2024-04-08,Mizoram,Aizawl,10.5,26.7,18.6,23.3,44.8,14.1,27.8
2024-10-11,Jharkhand,Ranchi,18.4,23.6,21.0,30.6,74.6,14.8,28.7
2025-05-20,West Bengal,Howrah,23.3,35.3,29.3,110.1,50.8,11.3,34.6
2024-05-19,Nagaland,Kohima,12.7,29.0,20.8,60.3,77.3,18.1,31.8
2021-12-07,Nagaland,Kohima,20.7,28.9,24.8,20.7,78.3,19.6,24.2
2018-05-19,Lakshadweep,Kavaratti,16.2,27.4,21.8,37.3,73.7,11.5,33.8
2025-05-03,Maharashtra,Pune,26.3,39.7,33.0,87.6,58.5,18.8,27.3
2015-02-13,Meghalaya,Shillong,24.5,29.7,27.1,49.9,40.7,8.1,24.6
2024-11-21,Nagaland,Kohima,12.4,34.8,23.6,59.1,74.0,19.7,26.7
2022-03-03,Meghalaya,Shillong,14.0,31.1,22.6,45.9,50.7,10.5,26.1
2016-08-05,Mizoram,Aizawl,15.9,24.2,20.0,140.4,49.3,21.1,26.9
2023-08-30,Gujarat,Ahmedabad,21.4,41.1,31.2,90.0,53.0,15.7,21.2
2018-07-12,Kerala,Kozhikode,23.3,28.8,26.0,185.3,83.6,12.5,20.9
2023-01-21,Puducherry,Puducherry,20.8,33.2,27.0,45.5,76.6,17.7,25.5
2015-08-08,Jharkhand,Ranchi,21.1,29.0,25.0,198.2,79.1,20.0,23.7
2020-04-09,Chhattisgarh,Raipur,24.0,34.0,29.0,7.6,69.8,19.6,28.2
2023-02-20,Rajasthan,Udaipur,16.9,36.7,26.8,6.6,47.0,8.4,24.5
2024-08-14,Assam,Tinsukia,23.4,33.7,28.6,154.0,86.6,14.2,29.9
2021-09-14,Odisha,Bhubaneswar,19.5,31.8,25.6,162.8,70.5,12.0,29.1
2024-07-03,Jammu and Kashmir,Srinagar,12.3,29.3,20.8,216.9,47.4,8.2,24.1
2022-08-06,Goa,North Goa,24.9,34.4,29.6,257.1,62.7,9.4,20.2
2017-09-17,Maharashtra,Pune,28.1,34.3,31.2,75.3,71.9,8.0,27.4
2023-01-25,Bihar,Muzaffarpur,12.2,24.5,18.4,21.2,71.1,12.3,21.7
2019-12-18,Nagaland,Kohima,10.6,34.7,22.7,55.0,67.2,12.5,24.3
2024-12-26,Andaman and Nicobar Islands,Port Blair,21.9,33.6,27.8,9.3,74.4,16.4,24.9
2017-05-07,Jammu and Kashmir,Srinagar,9.5,27.4,18.4,61.6,45.6,13.2,34.7
2017-03-14,Meghalaya,Shillong,21.0,34.8,27.9,59.3,61.0,14.1,27.1
2016-05-04,Punjab,Ludhiana,23.2,37.0,30.1,46.9,42.4,17.4,30.7
2024-09-26,Telangana,Warangal,28.6,37.6,33.1,283.1,57.0,9.5,26.4
2019-11-16,Jammu and Kashmir,Srinagar,15.5,27.1,21.3,57.1,41.2,19.5,22.6
2019-02-02,Odisha,Bhubaneswar,21.2,32.0,26.6,91.6,76.0,14.3,21.2
2024-12-24,Bihar,Gaya,15.1,29.9,22.5,17.5,62.9,8.2,28.2
2023-03-05,Delhi,New Delhi,22.4,32.0,27.2,30.2,41.8,14.4,27.8
2022-12-01,Arunachal Pradesh,Itanagar,21.9,30.8,26.4,14.8,42.6,5.8,22.5
2019-09-02,Madhya Pradesh,Bhopal,13.1,22.1,17.6,173.8,37.2,18.4,23.5
2024-08-17,Chandigarh,Chandigarh,21.6,27.9,24.8,26.5,43.6,22.5,25.4
2024-02-23,Puducherry,Puducherry,19.1,34.6,26.8,59.3,44.5,11.3,28.2
2021-05-03,Chandigarh,Chandigarh,20.0,27.2,23.6,61.4,62.4,16.8,31.3
2015-02-23,Telangana,Hyderabad,23.6,36.9,30.2,66.3,58.6,5.4,25.9
2022-01-19,Delhi,New Delhi,11.4,22.4,16.9,43.5,53.8,9.2,20.2
2024-10-31,Jharkhand,Ranchi,14.0,25.2,19.6,25.3,65.1,15.0,27.8
2016-09-07,Nagaland,Kohima,12.8,28.4,20.6,140.4,52.9,15.2,24.8
2017-12-18,Odisha,Bhubaneswar,24.6,35.4,30.0,66.8,84.3,17.2,22.9
2020-01-23,Gujarat,Ahmedabad,24.1,32.1,28.1,28.3,58.5,6.0,21.4
2023-07-09,Odisha,Bhubaneswar,15.1,27.6,21.4,316.2,65.7,16.6,25.9
2024-01-22,Telangana,Warangal,19.1,26.9,23.0,69.5,58.3,11.3,27.5
2017-08-12,Manipur,Imphal,10.7,31.9,21.3,207.7,45.8,9.0,20.0
2021-08-30,Tamil Nadu,Coimbatore,22.4,30.8,26.6,103.7,60.0,16.4,21.1
2019-06-18,Bihar,Patna,12.4,30.1,21.2,223.2,77.3,15.7,26.1
2022-08-13,Bihar,Purnia,21.0,39.9,30.4,269.6,71.2,19.0,27.6
2022-07-26,Chhattisgarh,Raipur,11.4,26.1,18.8,213.1,42.9,21.7,21.3
2016-10-11,Tamil Nadu,Madurai,20.7,27.2,24.0,48.1,69.0,6.4,27.9
2021-06-05,Karnataka,Belgaum,20.0,32.3,26.2,216.8,80.8,21.4,27.4
2016-01-30,Karnataka,Bangalore,23.4,37.9,30.6,39.9,43.3,15.8,25.0
2023-12-23,Madhya Pradesh,Bhopal,30.7,39.3,35.0,33.1,66.6,10.7,26.0
2018-09-21,Maharashtra,Nagpur,28.1,37.2,32.7,177.0,65.1,14.5,29.8
2022-03-25,Haryana,Hisar,6.3,33.3,19.8,6.1,54.2,11.5,29.1
2025-05-29,Tripura,Agartala,18.1,32.9,25.5,52.0,57.9,10.1,26.2
2022-01-05,Nagaland,Kohima,10.2,15.2,12.7,20.8,62.4,19.6,27.1
2023-11-24,Nagaland,Kohima,11.1,28.3,19.7,39.0,65.4,14.3,21.4
2021-09-09,Jharkhand,Ranchi,23.8,32.2,28.0,216.2,55.5,9.8,26.9
2016-01-06,Gujarat,Surat,31.0,39.5,35.2,13.9,54.9,11.4,24.0
2017-05-07,Maharashtra,Nagpur,29.0,38.4,33.7,68.5,58.8,8.6,28.4
2017-03-01,Manipur,Imphal,18.1,23.7,20.9,30.0,59.8,14.1,27.4
2016-10-19,Meghalaya,Shillong,10.2,21.0,15.6,23.3,60.9,12.0,20.8
2024-04-12,Arunachal Pradesh,Itanagar,21.4,32.3,26.8,62.5,44.4,12.6,31.0
2022-08-15,Chandigarh,Chandigarh,10.7,34.2,22.5,242.4,49.7,17.4,21.4
2018-10-24,Chandigarh,Chandigarh,23.1,28.8,26.0,68.3,73.1,12.2,26.5
2016-01-19,Nagaland,Kohima,13.7,25.0,19.4,20.2,61.1,9.8,23.5
2020-10-10,Dadra and Nagar Haveli and Daman and Diu,Daman,16.6,33.3,25.0,43.4,72.3,17.7,22.5
2025-08-13,Madhya Pradesh,Bhopal,27.1,38.5,32.8,131.6,33.5,16.6,21.6
2021-12-27,Punjab,Ludhiana,25.4,39.4,32.4,26.5,47.6,12.3,20.7
2015-08-27,Jammu and Kashmir,Srinagar,4.7,28.8,16.8,129.7,63.7,17.7,28.8
2015-07-14,Tamil Nadu,Coimbatore,21.9,36.8,29.4,181.0,82.3,14.2,21.0
2022-06-18,Delhi,New Delhi,10.8,34.4,22.6,54.0,61.6,15.9,29.0
2024-01-07,Jammu and Kashmir,Srinagar,8.4,21.3,14.8,16.5,71.6,10.7,22.4
2020-10-09,Ladakh,Leh,14.8,29.1,22.0,59.3,46.1,13.9,24.2
2018-02-26,Punjab,Amritsar,26.5,39.6,33.0,35.5,53.6,16.7,25.0
2023-04-26,Assam,Dibrugarh,10.8,29.3,20.0,97.5,65.3,8.2,27.3
2022-06-25,Haryana,Gurgaon,23.3,34.4,28.8,28.6,63.5,17.7,32.3
2020-07-08,Lakshadweep,Kavaratti,24.1,30.6,27.4,185.1,70.4,15.7,24.9
2015-06-05,Andaman and Nicobar Islands,Port Blair,23.9,30.4,27.2,202.8,78.8,11.3,29.6
2024-06-11,Gujarat,Ahmedabad,31.6,36.8,34.2,133.4,46.2,19.6,28.2
2025-02-10,Arunachal Pradesh,Itanagar,15.6,28.0,21.8,29.2,50.4,10.3,29.1
2025-07-19,Rajasthan,Udaipur,18.6,42.8,30.7,40.8,46.9,19.2,21.1
2017-07-11,Goa,North Goa,18.2,23.4,20.8,279.9,61.0,8.6,26.8
2022-12-25,West Bengal,Kolkata,25.9,36.1,31.0,25.4,71.6,16.0,28.0
2023-01-29,Ladakh,Leh,10.2,20.8,15.5,66.9,50.3,12.1,27.0
2025-07-28,Lakshadweep,Kavaratti,24.8,32.0,28.4,161.0,62.3,11.5,23.7
2019-05-29,Himachal Pradesh,Shimla,8.7,14.0,11.4,10.5,49.0,12.7,34.6
2023-05-05,Karnataka,Belgaum,27.7,36.1,31.9,84.4,80.5,17.6,30.4
2024-08-09,Tamil Nadu,Coimbatore,25.6,30.6,28.1,273.3,64.9,17.7,26.9
2017-09-01,Karnataka,Bangalore,19.0,36.2,27.6,103.3,40.5,14.4,20.9
2018-05-15,Arunachal Pradesh,Itanagar,24.3,30.9,27.6,20.7,50.5,9.3,25.6
2021-09-01,Assam,Kamrup,18.1,23.3,20.7,473.4,86.9,14.0,29.7
2024-09-21,Karnataka,Hubli,25.8,31.7,28.8,392.7,78.0,18.6,26.5
2019-12-20,Jammu and Kashmir,Srinagar,12.1,29.9,21.0,41.1,46.6,9.4,23.8
2023-01-13,Manipur,Imphal,14.7,20.2,17.4,10.2,40.2,15.2,26.6
2017-04-17,Karnataka,Mysore,18.7,28.2,23.4,35.5,60.4,10.4,33.2
2020-06-30,Dadra and Nagar Haveli and Daman and Diu,Daman,23.2,29.6,26.4,53.9,73.6,15.5,28.2
2018-09-25,West Bengal,Kolkata,10.9,29.3,20.1,135.6,51.5,14.7,26.0
2021-07-15,West Bengal,Kolkata,13.1,31.1,22.1,126.9,50.8,10.2,25.9
2015-07-23,Lakshadweep,Kavaratti,19.5,33.6,26.6,37.5,78.1,15.8,22.5
2015-06-10,Tripura,Agartala,15.5,21.3,18.4,50.8,75.3,9.6,25.6
2024-11-20,Punjab,Amritsar,20.0,30.7,25.4,23.3,34.8,5.7,28.7
2016-01-27,West Bengal,Kolkata,17.0,23.8,20.4,33.0,54.1,12.2,28.0
2017-02-07,Tripura,Agartala,15.9,29.6,22.8,52.3,68.5,14.1,25.5
2025-04-06,Karnataka,Belgaum,22.8,32.6,27.7,40.0,62.7,12.2,28.2
2022-03-07,Odisha,Bhubaneswar,19.5,31.4,25.4,82.3,58.7,17.7,27.2
2022-01-25,West Bengal,Kolkata,14.7,20.0,17.4,18.8,85.3,17.1,23.8
2017-12-29,Andhra Pradesh,Chittoor,20.6,37.3,29.0,26.6,78.6,12.8,27.2
2023-01-19,Chhattisgarh,Raipur,16.9,22.3,19.6,9.4,79.0,11.2,21.8
2016-02-09,Jharkhand,Ranchi,20.8,33.9,27.4,23.7,62.8,8.7,28.2
2016-08-30,Puducherry,Puducherry,11.3,23.3,17.3,126.4,65.5,10.7,24.8
2025-04-04,Ladakh,Leh,18.3,33.7,26.0,41.9,45.3,6.5,34.2
2019-06-03,Arunachal Pradesh,Itanagar,24.7,30.6,27.6,230.4,50.0,20.5,26.0
2019-03-21,Nagaland,Kohima,16.6,29.6,23.1,64.7,74.3,7.8,29.7
2022-11-15,Madhya Pradesh,Bhopal,24.0,37.6,30.8,53.9,42.8,11.2,29.8
2023-09-27,Chhattisgarh,Raipur,10.2,32.4,21.3,255.9,50.5,20.3,23.3
2020-01-12,Punjab,Amritsar,20.7,32.1,26.4,9.6,65.8,13.2,24.8
2016-11-20,Arunachal Pradesh,Itanagar,23.2,30.4,26.8,44.9,75.3,10.1,27.9
2025-04-17,Karnataka,Belgaum,23.1,29.7,26.4,13.7,72.7,8.9,33.2
2023-01-28,Chandigarh,Chandigarh,12.8,27.6,20.2,11.5,69.4,16.5,29.2
2018-05-25,Lakshadweep,Kavaratti,18.4,24.6,21.5,62.9,52.6,18.5,34.8
2020-10-04,Lakshadweep,Kavaratti,12.0,18.5,15.2,67.8,76.0,13.8,28.9
2016-01-01,West Bengal,Darjeeling,26.7,35.2,31.0,89.0,74.5,7.6,24.4
2019-09-19,Jharkhand,Ranchi,20.2,31.2,25.7,80.2,76.4,19.8,20.7
2024-10-15,Sikkim,Gangtok,15.2,34.9,25.0,32.3,66.5,6.5,23.1
2025-06-12,Mizoram,Aizawl,23.2,31.7,27.4,251.0,40.3,18.0,28.0
2025-07-05,Sikkim,Gangtok,22.9,34.6,28.8,212.5,45.8,15.0,24.6
2016-03-30,Odisha,Bhubaneswar,27.5,36.0,31.8,39.9,71.4,14.7,28.1
2015-04-14,Mizoram,Aizawl,23.5,34.3,28.9,48.9,61.0,17.0,28.1
2015-03-18,Telangana,Nizamabad,27.1,36.1,31.6,18.0,70.1,14.7,20.8
2015-08-18,Ladakh,Leh,16.8,28.2,22.5,203.0,67.1,10.9,20.3
2020-04-21,Lakshadweep,Kavaratti,21.9,34.9,28.4,70.8,60.0,12.9,34.3
2024-02-12,Ladakh,Leh,18.2,26.5,22.4,52.4,59.1,16.8,27.8
2024-02-18,West Bengal,Darjeeling,26.8,32.7,29.8,70.0,81.4,11.5,26.3
2021-07-06,Maharashtra,Pune,27.8,36.2,32.0,227.8,48.1,20.4,28.0
2018-04-20,Ladakh,Leh,21.1,29.6,25.4,45.8,45.0,9.8,29.4
2017-06-11,Goa,North Goa,10.7,17.7,14.2,252.3,78.8,12.8,26.1
2025-07-06,Himachal Pradesh,Mandi,18.7,29.5,24.1,210.2,53.5,9.7,29.4
2019-04-23,Rajasthan,Udaipur,33.0,43.2,38.1,37.5,25.6,6.6,26.9
2022-06-28,Kerala,Ernakulam,22.6,33.7,28.2,560.9,66.5,14.9,29.5
2020-09-05,Chandigarh,Chandigarh,12.7,32.5,22.6,166.3,62.6,11.9,25.6
2024-03-01,Dadra and Nagar Haveli and Daman and Diu,Daman,21.9,29.4,25.6,12.9,63.4,14.5,22.0
2019-08-03,Bihar,Purnia,13.5,21.8,17.6,279.6,48.5,8.2,28.4
2015-10-26,Dadra and Nagar Haveli and Daman and Diu,Daman,22.0,30.7,26.4,60.8,58.0,8.4,24.3
2017-08-14,Uttarakhand,Dehradun,17.3,22.4,19.8,51.7,75.0,13.9,23.3
2022-10-17,Tripura,Agartala,23.3,29.3,26.3,20.2,73.1,9.2,26.3
2018-01-19,Chhattisgarh,Raipur,21.1,28.1,24.6,22.7,60.7,16.9,25.5
2021-12-02,Goa,North Goa,11.0,22.7,16.8,28.1,72.3,9.3,29.0
2022-03-05,Chhattisgarh,Raipur,15.0,22.9,19.0,42.8,55.5,14.7,29.2
2021-11-10,Uttarakhand,Dehradun,24.1,30.4,27.2,16.4,77.6,17.2,22.6
2019-01-14,Haryana,Hisar,25.1,37.4,31.2,16.4,66.2,9.8,24.8
2015-12-31,Himachal Pradesh,Mandi,12.2,19.6,15.9,49.7,68.3,6.5,23.8
2022-12-16,Manipur,Imphal,19.2,34.2,26.7,67.4,46.8,14.2,21.0
2019-08-26,Ladakh,Leh,14.4,28.7,21.6,42.8,75.6,20.4,24.7
2015-12-17,Gujarat,Ahmedabad,23.4,40.4,31.9,7.3,35.8,9.6,23.6
2025-03-15,Lakshadweep,Kavaratti,24.8,30.6,27.7,26.2,73.1,16.8,26.5
2024-07-03,Haryana,Karnal,13.2,20.8,17.0,197.0,40.1,20.7,29.0
2021-04-19,Manipur,Imphal,16.6,33.0,24.8,24.5,75.6,14.5,26.9
2022-09-29,Odisha,Bhubaneswar,26.8,39.3,33.0,245.4,76.6,19.9,27.9
2020-03-19,Goa,North Goa,16.8,31.6,24.2,43.4,56.6,7.5,29.1
2022-10-21,Odisha,Bhubaneswar,21.2,29.5,25.4,31.8,58.5,5.0,24.4
2017-10-08,West Bengal,Howrah,26.0,31.2,28.6,120.0,57.2,15.8,27.9
2021-11-11,Mizoram,Aizawl,21.0,29.1,25.0,54.3,58.9,7.3,22.0
2025-04-28,Odisha,Bhubaneswar,15.4,26.9,21.2,75.5,83.9,7.0,28.5
2023-02-12,Dadra and Nagar Haveli and Daman and Diu,Daman,12.7,30.9,21.8,69.4,44.6,18.6,22.7
2016-05-13,Karnataka,Belgaum,20.2,25.9,23.0,17.2,43.1,11.7,31.6
2017-08-07,Manipur,Imphal,12.8,21.5,17.2,68.4,72.3,10.1,20.7
2020-06-17,Jharkhand,Ranchi,10.6,16.4,13.5,173.1,43.8,11.3,33.3
2020-08-08,Tamil Nadu,Madurai,27.7,37.3,32.5,385.5,73.5,22.8,25.0
2016-05-22,Assam,Cachar,21.9,34.8,28.4,113.7,93.5,8.8,28.0
2018-08-20,Assam,Dibrugarh,16.0,27.5,21.8,548.7,91.1,17.9,22.3
2021-12-23,Nagaland,Kohima,13.6,29.0,21.3,40.2,50.3,7.5,27.2
2022-10-21,Tripura,Agartala,22.2,29.2,25.7,34.7,68.5,12.0,29.6
2022-03-30,Punjab,Amritsar,8.2,36.1,22.2,18.8,57.5,8.8,29.7
2015-06-15,Andaman and Nicobar Islands,Port Blair,10.8,25.7,18.2,274.9,58.8,20.6,34.5
2024-07-18,Sikkim,Gangtok,11.0,25.3,18.2,212.2,73.3,10.4,25.7
2021-11-14,Manipur,Imphal,12.4,30.7,21.6,24.9,50.8,16.5,28.4
2017-07-08,Jharkhand,Ranchi,15.2,27.6,21.4,214.2,69.8,19.6,23.9
2015-04-24,Rajasthan,Udaipur,23.4,30.2,26.8,38.1,48.1,10.6,28.9
2024-08-05,Andaman and Nicobar Islands,Port Blair,11.4,24.9,18.2,208.4,78.1,17.7,26.5
2017-09-18,Lakshadweep,Kavaratti,21.8,31.0,26.4,29.0,75.6,14.0,29.8
2024-05-20,Jharkhand,Ranchi,16.1,30.4,23.2,37.2,49.3,19.0,31.3
2020-05-05,Madhya Pradesh,Bhopal,19.9,27.4,23.6,60.0,65.8,11.3,26.7
2025-04-24,Tamil Nadu,Chennai,20.2,27.1,23.6,58.1,78.6,10.5,29.3
2021-03-04,Tamil Nadu,Chennai,23.8,29.0,26.4,25.9,67.5,9.2,25.2
2025-07-06,Dadra and Nagar Haveli and Daman and Diu,Daman,11.6,31.4,21.5,239.4,66.8,16.0,23.9
2018-06-12,Bihar,Muzaffarpur,23.0,37.4,30.2,250.2,53.9,10.9,28.4
2024-08-14,Assam,Cachar,10.1,23.5,16.8,236.7,87.7,18.1,20.3
2024-05-19,Rajasthan,Jaipur,13.6,32.9,23.2,25.7,50.8,19.5,32.0
2016-05-29,Arunachal Pradesh,Itanagar,18.2,28.1,23.2,56.7,77.4,11.3,30.8
2018-05-16,Bihar,Patna,12.6,36.8,24.7,56.4,54.2,18.1,34.7
2016-12-09,Andhra Pradesh,Visakhapatnam,22.9,30.2,26.6,64.1,67.5,18.3,23.5
2025-09-29,Manipur,Imphal,18.7,30.2,24.4,72.7,79.7,18.0,26.6
2023-10-02,Delhi,New Delhi,14.5,29.6,22.0,63.3,72.5,18.8,21.5
2020-12-25,Goa,North Goa,12.7,30.0,21.4,61.5,67.0,7.1,25.9
2015-12-05,Gujarat,Vadodara,27.7,34.0,30.8,7.5,40.2,6.4,21.5
2022-01-28,Odisha,Bhubaneswar,18.1,32.1,25.1,24.0,71.2,9.4,23.1
2015-03-09,Andhra Pradesh,Krishna,29.7,39.0,34.4,37.6,63.4,6.7,28.4
2019-05-16,Odisha,Bhubaneswar,15.1,23.0,19.0,58.1,56.6,14.5,25.0
2019-04-14,Uttar Pradesh,Varanasi,7.7,35.1,21.4,36.7,31.0,8.1,27.4
2016-01-18,Kerala,Thrissur,24.5,32.7,28.6,92.7,62.6,14.9,21.6
2015-01-19,Sikkim,Gangtok,17.8,30.0,23.9,63.9,72.3,7.9,29.2
2022-06-23,Madhya Pradesh,Bhopal,10.1,24.0,17.0,34.6,58.8,15.5,26.7
2024-08-22,West Bengal,Darjeeling,11.5,21.4,16.4,463.5,77.1,11.6,28.9
2020-10-22,Maharashtra,Nagpur,19.6,35.2,27.4,58.9,52.1,8.9,25.0
2016-07-26,Sikkim,Gangtok,24.0,33.5,28.8,205.4,75.0,16.6,21.9
2023-03-06,Chandigarh,Chandigarh,24.7,32.5,28.6,27.1,71.1,12.0,20.1
2025-03-25,Punjab,Ludhiana,13.0,28.1,20.6,21.8,52.1,7.8,25.7
2018-07-23,Uttarakhand,Dehradun,24.8,33.7,29.2,211.7,48.0,16.7,28.2
2023-07-17,Puducherry,Puducherry,13.6,20.0,16.8,205.3,66.9,20.1,26.3
2021-03-08,Andhra Pradesh,Chittoor,28.5,35.2,31.8,12.3,72.0,10.8,22.1
2022-12-12,Manipur,Imphal,10.8,30.3,20.6,62.8,55.6,18.3,24.2
2020-04-27,Lakshadweep,Kavaratti,24.3,34.9,29.6,62.2,50.2,10.5,30.3
2016-10-12,Haryana,Gurgaon,13.2,36.1,24.6,46.7,69.4,10.0,22.7
2019-07-04,Delhi,New Delhi,12.4,18.2,15.3,69.6,51.4,13.9,21.1
2017-09-20,Nagaland,Kohima,22.3,32.1,27.2,177.5,61.8,12.3,29.4
2022-07-05,Andaman and Nicobar Islands,Port Blair,13.5,29.5,21.5,90.9,79.6,21.7,22.6
2022-01-31,Lakshadweep,Kavaratti,24.8,33.1,29.0,56.0,51.3,8.2,28.6
2025-05-08,Delhi,New Delhi,14.1,33.7,23.9,30.7,40.4,13.9,28.5
2023-12-07,Chhattisgarh,Raipur,24.6,31.7,28.2,27.0,62.7,15.9,29.7
2018-08-31,Nagaland,Kohima,11.0,24.0,17.5,205.8,40.2,15.3,28.1
2017-06-19,Jharkhand,Ranchi,10.8,22.3,16.6,132.3,68.7,12.4,27.5
2024-12-13,Ladakh,Leh,11.7,34.9,23.3,38.0,41.9,6.1,21.3
2019-08-12,Delhi,New Delhi,13.2,30.6,21.9,176.4,71.1,8.3,22.7
2022-09-28,Tamil Nadu,Chennai,23.2,32.4,27.8,59.3,67.9,12.3,21.9
2019-05-05,Chhattisgarh,Raipur,20.1,25.9,23.0,65.7,76.0,9.9,34.9
2020-04-07,Puducherry,Puducherry,16.0,34.5,25.2,74.1,73.1,6.9,30.8
2019-11-17,Telangana,Hyderabad,26.8,32.4,29.6,68.1,74.1,19.0,25.1
2018-02-10,Mizoram,Aizawl,14.9,27.5,21.2,56.1,56.6,10.3,20.8
2021-01-26,Dadra and Nagar Haveli and Daman and Diu,Daman,16.7,26.9,21.8,51.4,57.5,5.1,24.8
2024-09-09,Gujarat,Surat,28.2,41.5,34.8,54.7,46.9,20.7,20.4
2025-04-07,Mizoram,Aizawl,15.2,28.9,22.0,29.0,59.6,19.1,25.2
2020-04-28,West Bengal,Kolkata,11.4,20.7,16.0,54.3,68.8,5.6,33.8
2017-11-03,Sikkim,Gangtok,21.4,28.7,25.0,23.0,41.0,11.0,22.5
2019-10-05,Manipur,Imphal,19.3,30.2,24.8,72.0,71.8,6.2,27.0
2015-10-15,Manipur,Imphal,11.6,22.5,17.0,43.9,59.8,15.4,28.1
2021-02-14,Tripura,Agartala,22.4,27.8,25.1,49.9,78.5,16.3,25.2
2023-02-09,Rajasthan,Jaipur,35.0,40.2,37.6,5.8,50.7,13.2,21.2
2023-11-01,Arunachal Pradesh,Itanagar,15.6,21.5,18.6,41.8,44.2,5.1,23.2
2019-05-10,Uttarakhand,Dehradun,13.5,24.5,19.0,29.5,65.2,15.2,26.3
2022-07-04,Lakshadweep,Kavaratti,17.3,33.6,25.5,61.6,78.7,8.3,21.0
2019-10-12,Rajasthan,Udaipur,14.4,31.4,22.9,13.7,36.7,19.1,23.4
2023-01-14,Bihar,Gaya,26.7,32.3,29.5,62.8,76.1,9.3,25.5
2021-11-23,Odisha,Bhubaneswar,17.8,24.4,21.1,79.3,72.0,16.3,24.4
2018-01-03,Arunachal Pradesh,Itanagar,13.7,25.7,19.7,9.5,51.3,9.5,27.1
2021-05-13,Uttar Pradesh,Kanpur,6.4,18.9,12.6,20.2,57.6,8.7,26.3
2017-07-28,Puducherry,Puducherry,13.9,25.7,19.8,167.1,41.5,12.6,27.6
2025-03-05,Maharashtra,Pune,25.2,34.7,30.0,62.1,56.6,10.1,24.0
2024-05-07,Manipur,Imphal,23.0,31.3,27.2,51.8,72.3,11.5,33.4
2018-12-19,Punjab,Patiala,29.8,37.4,33.6,23.1,62.2,14.7,26.1
2016-07-24,Puducherry,Puducherry,23.3,32.7,28.0,199.6,48.3,18.3,29.1
2024-10-22,Ladakh,Leh,18.6,33.9,26.2,28.8,41.7,11.7,20.0
2022-12-14,Odisha,Bhubaneswar,17.3,25.7,21.5,58.0,83.2,5.3,22.4
2017-09-27,Himachal Pradesh,Kangra,19.4,29.3,24.4,257.1,43.7,17.7,22.0
2018-04-20,Gujarat,Rajkot,26.1,35.8,31.0,33.6,47.2,18.6,25.3
2021-11-10,Chandigarh,Chandigarh,12.9,32.1,22.5,56.6,47.5,6.8,23.1
2017-07-06,Madhya Pradesh,Bhopal,20.6,26.4,23.5,206.0,50.8,21.8,23.3
2020-02-18,Uttarakhand,Dehradun,10.7,32.5,21.6,15.5,53.4,12.0,24.9
2017-04-12,Jammu and Kashmir,Srinagar,0.5,18.4,9.4,15.0,53.1,19.6,27.8
2023-08-02,Madhya Pradesh,Bhopal,27.9,37.5,32.7,64.5,58.9,16.3,25.3
2022-11-26,Manipur,Imphal,10.4,21.9,16.2,56.4,71.8,17.2,20.4
2024-02-14,Himachal Pradesh,Kangra,3.3,29.7,16.5,20.1,48.5,17.0,23.9
2021-02-18,Tamil Nadu,Chennai,20.9,27.4,24.2,17.5,56.3,12.5,20.2
2019-08-06,Ladakh,Leh,11.8,33.3,22.5,265.4,73.3,18.6,26.6
2016-09-07,Assam,Dibrugarh,14.1,24.4,19.2,217.9,94.3,17.5,29.7
2016-02-10,Puducherry,Puducherry,14.1,29.0,21.6,58.1,43.8,15.0,21.7
2019-10-16,Odisha,Bhubaneswar,19.9,35.7,27.8,49.6,82.2,8.6,21.5
2025-06-22,West Bengal,Howrah,16.1,35.5,25.8,429.8,64.8,20.1,25.8
2023-03-10,Tamil Nadu,Madurai,20.1,36.3,28.2,88.7,55.0,9.5,28.5
2022-07-31,Gujarat,Surat,16.4,39.2,27.8,123.4,56.3,16.9,25.8
2015-04-03,Kerala,Kozhikode,22.6,29.3,26.0,97.5,72.0,13.1,27.5
2021-10-13,Maharashtra,Nashik,23.6,30.2,26.9,14.4,82.8,15.8,25.0
2016-10-15,Manipur,Imphal,18.3,29.3,23.8,67.9,70.9,9.9,22.2
2024-08-06,Assam,Kamrup,11.0,18.8,14.9,345.0,67.1,12.7,21.3
2024-07-07,Manipur,Imphal,23.8,29.0,26.4,118.5,50.3,8.1,29.3
2016-03-09,Telangana,Hyderabad,21.8,33.4,27.6,47.9,64.4,11.9,25.9
2018-02-09,Haryana,Hisar,23.8,39.5,31.6,34.6,48.5,11.7,27.1
2016-01-10,Chhattisgarh,Raipur,19.4,28.9,24.2,28.5,79.7,16.5,22.1
2023-07-28,Bihar,Gaya,14.4,37.8,26.1,211.8,52.4,13.5,23.8
2017-12-02,Maharashtra,Pune,20.2,32.8,26.5,98.0,65.4,14.8,26.0
2015-07-26,Meghalaya,Shillong,10.9,19.5,15.2,118.1,75.6,13.2,23.3
2017-02-18,Punjab,Ludhiana,7.0,39.2,23.1,40.0,60.6,10.8,20.8
2018-08-12,Telangana,Hyderabad,21.2,38.0,29.6,86.9,75.8,16.0,27.1
2018-02-15,Goa,North Goa,16.8,34.1,25.5,21.8,62.9,6.0,24.8
2016-06-15,Dadra and Nagar Haveli and Daman and Diu,Daman,24.6,30.1,27.4,161.9,64.1,22.0,28.0
2024-01-07,Goa,North Goa,17.5,34.8,26.2,58.8,72.4,16.7,25.2
2021-01-22,Jammu and Kashmir,Srinagar,8.7,17.9,13.3,40.3,40.8,6.5,22.9
2022-05-14,Manipur,Imphal,15.0,30.6,22.8,17.0,71.8,17.0,30.9
2023-11-02,Andaman and Nicobar Islands,Port Blair,17.4,28.3,22.8,34.4,43.5,14.8,25.8
2023-11-30,Assam,Cachar,10.2,19.2,14.7,79.5,91.5,19.9,27.5
2015-03-31,Karnataka,Hubli,25.5,33.6,29.6,61.4,50.5,16.1,20.6
2018-01-22,Assam,Kamrup,16.3,32.7,24.5,147.5,84.4,8.0,25.7
2015-01-13,West Bengal,Howrah,20.1,37.6,28.8,106.6,52.0,8.3,28.4
2023-04-09,Jharkhand,Ranchi,24.6,31.2,27.9,53.4,52.3,5.6,33.3
2020-02-01,Delhi,New Delhi,21.1,26.6,23.8,15.2,80.0,14.8,28.0
2017-03-15,Meghalaya,Shillong,15.8,28.2,22.0,48.4,72.2,10.1,26.7
2017-08-02,Jharkhand,Ranchi,21.6,33.4,27.5,159.8,58.9,9.6,25.0
2022-08-21,Delhi,New Delhi,20.5,34.2,27.4,55.1,78.8,11.5,21.8
2020-02-01,Ladakh,Leh,11.7,34.8,23.2,44.3,50.8,9.8,29.5
2025-08-11,Assam,Tinsukia,23.5,30.8,27.2,131.8,89.2,21.7,28.4
2024-08-10,Chhattisgarh,Raipur,23.7,32.3,28.0,255.1,77.8,21.3,25.9
2024-11-18,Kerala,Ernakulam,24.2,33.4,28.8,125.4,66.9,5.0,25.1
2019-05-30,Madhya Pradesh,Bhopal,26.8,33.1,30.0,34.3,42.6,17.6,26.0
2023-01-02,Telangana,Warangal,28.2,37.4,32.8,69.8,77.4,17.1,25.3
2020-05-13,Lakshadweep,Kavaratti,12.1,21.1,16.6,34.2,69.2,13.2,29.4
2025-08-18,Meghalaya,Shillong,17.2,31.7,24.4,29.6,57.7,16.6,25.9
2023-10-27,Lakshadweep,Kavaratti,19.3,24.9,22.1,44.1,62.0,17.8,27.6
2022-05-31,Ladakh,Leh,10.5,26.3,18.4,53.4,63.2,15.1,26.2
2023-06-07,Rajasthan,Jodhpur,14.2,34.2,24.2,130.1,21.0,14.5,34.9
2017-11-18,Kerala,Thrissur,24.3,31.9,28.1,37.3,70.8,7.3,29.2
2015-10-23,Rajasthan,Jaipur,27.1,43.1,35.1,36.2,44.3,5.1,25.6
2023-04-22,Rajasthan,Udaipur,30.1,38.2,34.2,37.3,59.9,13.2,30.3
2017-07-14,Goa,North Goa,19.8,30.6,25.2,64.9,50.8,11.0,20.7
2025-05-20,Himachal Pradesh,Mandi,2.8,29.4,16.1,46.1,45.0,15.7,29.8
2016-10-01,Andhra Pradesh,Krishna,22.2,39.3,30.8,24.6,52.9,8.1,29.1
2021-07-15,Kerala,Kozhikode,24.6,34.4,29.5,558.1,62.3,18.7,26.6
2016-09-19,Maharashtra,Mumbai,29.9,38.5,34.2,404.3,72.2,17.3,25.5
2021-10-22,Goa,North Goa,24.5,34.6,29.6,35.6,51.4,12.6,27.5
2018-03-13,Andhra Pradesh,Guntur,24.0,34.9,29.4,29.4,62.8,19.4,22.1
2017-07-30,Sikkim,Gangtok,24.8,30.9,27.8,109.4,43.5,19.3,20.2
2017-04-09,Puducherry,Puducherry,21.8,31.5,26.6,57.4,71.3,6.9,25.2
2019-11-06,Karnataka,Hubli,19.7,29.8,24.8,16.6,60.6,9.3,23.6
2022-01-10,Assam,Kamrup,24.1,33.4,28.8,107.3,82.9,13.3,25.1
2017-09-02,Goa,North Goa,23.2,28.7,26.0,100.8,44.2,8.2,20.1
2023-07-14,Goa,North Goa,10.4,28.8,19.6,51.2,48.1,14.3,22.7
2017-08-12,Punjab,Ludhiana,25.4,36.4,30.9,80.0,42.7,18.3,21.7
2018-06-16,Rajasthan,Udaipur,17.0,30.1,23.6,78.2,27.6,10.4,34.9
2017-08-09,Arunachal Pradesh,Itanagar,23.7,32.0,27.8,234.4,67.0,9.1,25.2
2017-08-01,Uttar Pradesh,Varanasi,10.0,30.8,20.4,33.6,38.1,19.7,28.4
2021-01-11,Dadra and Nagar Haveli and Daman and Diu,Daman,23.6,34.3,29.0,68.5,43.8,14.9,27.0
2018-04-19,Uttar Pradesh,Lucknow,12.2,41.8,27.0,20.7,58.7,18.1,27.9
2023-12-31,Lakshadweep,Kavaratti,19.1,31.9,25.5,48.9,56.2,19.2,26.1
2020-11-05,Jharkhand,Ranchi,13.4,31.8,22.6,50.9,44.4,9.2,21.6
2024-02-10,Tamil Nadu,Madurai,20.6,28.5,24.6,35.0,66.3,19.5,29.4
2019-03-15,Goa,North Goa,21.3,31.9,26.6,71.3,45.7,10.0,25.5
2018-01-01,Tamil Nadu,Coimbatore,26.5,35.6,31.0,82.8,55.4,7.9,27.4
2023-02-26,West Bengal,Kolkata,16.3,28.6,22.5,101.0,52.8,7.5,23.0
2015-06-28,Chandigarh,Chandigarh,23.3,31.0,27.2,90.6,67.1,8.5,32.8
2021-03-09,Maharashtra,Pune,26.4,31.9,29.2,67.3,58.2,7.4,21.5
2020-01-03,Lakshadweep,Kavaratti,12.4,28.0,20.2,17.0,42.4,19.4,20.4
2018-06-11,Puducherry,Puducherry,20.0,34.4,27.2,30.6,78.6,15.5,32.9
2016-04-09,Sikkim,Gangtok,19.4,30.9,25.2,60.2,42.6,10.9,34.7
2019-11-10,Dadra and Nagar Haveli and Daman and Diu,Daman,10.8,20.8,15.8,52.0,44.0,13.1,27.1
2024-01-08,Gujarat,Vadodara,27.9,38.0,33.0,27.5,58.6,7.2,26.8
2022-05-02,Rajasthan,Jodhpur,33.0,42.8,37.9,4.2,40.2,15.9,25.4
2022-11-12,Meghalaya,Shillong,21.4,28.8,25.1,46.2,78.7,19.9,26.3
2024-02-18,Punjab,Amritsar,17.3,25.4,21.4,14.4,47.2,15.5,27.7
2018-05-15,Odisha,Bhubaneswar,18.3,32.2,25.2,63.2,81.3,18.1,33.2
2022-04-08,Lakshadweep,Kavaratti,17.7,23.5,20.6,28.4,64.9,14.6,33.5
2017-06-03,Manipur,Imphal,15.7,34.1,24.9,65.7,42.0,10.7,29.6
2025-06-02,Chhattisgarh,Raipur,22.3,28.5,25.4,173.5,71.1,8.5,25.4
2021-08-10,Karnataka,Mysore,22.9,29.7,26.3,202.2,42.0,22.7,26.5
2021-05-12,Manipur,Imphal,20.3,30.2,25.2,62.7,73.3,7.4,32.7
2021-08-24,Andaman and Nicobar Islands,Port Blair,18.5,32.3,25.4,277.2,53.4,16.6,27.9
2025-06-11,Bihar,Muzaffarpur,29.7,37.9,33.8,227.5,73.9,19.3,34.4
2018-08-25,Ladakh,Leh,13.4,33.5,23.4,78.0,62.6,15.8,28.3
2019-07-13,Tamil Nadu,Madurai,23.2,29.6,26.4,294.4,71.2,20.4,27.6
2024-02-22,Manipur,Imphal,23.4,33.9,28.6,53.0,58.6,5.3,23.1
2017-08-02,Assam,Tinsukia,20.9,26.4,23.6,478.3,78.1,21.0,26.6
2025-07-23,Lakshadweep,Kavaratti,22.0,28.4,25.2,68.4,48.4,13.0,29.0
2023-08-02,Jharkhand,Ranchi,21.6,29.7,25.6,277.2,71.2,17.8,24.4
2022-10-28,Sikkim,Gangtok,19.8,30.9,25.4,59.7,49.0,18.3,25.9
2024-05-14,Maharashtra,Nashik,27.7,35.2,31.4,55.1,82.2,14.3,28.2
2017-07-13,Mizoram,Aizawl,11.2,24.4,17.8,257.7,50.1,20.9,21.6
2020-04-22,Rajasthan,Jodhpur,13.2,34.4,23.8,32.7,51.2,13.2,31.4
2016-05-08,Manipur,Imphal,13.9,27.8,20.8,19.5,77.1,15.2,30.6
2019-03-27,Manipur,Imphal,13.7,25.4,19.5,59.6,49.6,6.9,23.1
2023-09-05,Andhra Pradesh,Krishna,27.9,39.2,33.6,147.7,73.4,13.0,25.1
2020-05-23,Telangana,Warangal,18.2,35.2,26.7,56.7,44.0,10.4,29.8
2017-12-30,Kerala,Kozhikode,24.3,34.0,29.2,114.9,66.5,10.3,22.5
2021-08-08,Jharkhand,Ranchi,19.6,31.3,25.5,24.5,69.3,11.4,28.0
2022-03-02,Dadra and Nagar Haveli and Daman and Diu,Daman,22.5,33.5,28.0,33.6,53.9,11.5,25.3
2019-12-31,Karnataka,Hubli,20.5,37.1,28.8,55.4,43.3,20.0,24.8
2017-02-01,Meghalaya,Shillong,24.2,31.5,27.8,20.7,69.5,11.5,28.8
2021-05-12,Himachal Pradesh,Shimla,9.3,19.6,14.4,72.8,73.2,8.1,29.9
2015-02-19,Maharashtra,Pune,19.4,26.1,22.8,108.1,81.9,16.1,29.9
2024-05-22,Odisha,Bhubaneswar,15.7,27.1,21.4,21.9,77.4,18.4,29.5
2022-08-07,Dadra and Nagar Haveli and Daman and Diu,Daman,22.4,33.8,28.1,59.1,55.1,10.8,26.7
2017-06-24,Himachal Pradesh,Mandi,7.7,24.3,16.0,267.7,56.5,22.6,29.1
2023-02-23,Ladakh,Leh,13.2,27.1,20.2,32.9,45.0,5.3,27.4
2016-07-17,Uttar Pradesh,Varanasi,30.2,38.2,34.2,34.4,67.0,21.0,23.2
2017-02-21,Haryana,Hisar,10.6,23.8,17.2,45.9,46.7,14.8,20.7
2021-12-07,Telangana,Hyderabad,21.4,29.5,25.4,14.1,44.8,11.2,25.6
2023-08-22,Haryana,Hisar,12.8,27.1,20.0,156.7,39.9,8.5,22.6
2025-08-12,Odisha,Bhubaneswar,28.8,33.9,31.4,86.4,52.3,13.7,26.5
2025-02-26,Chandigarh,Chandigarh,23.7,33.7,28.7,22.5,65.4,15.0,20.9
2020-08-02,Sikkim,Gangtok,16.4,25.6,21.0,64.0,42.3,8.4,28.6
2020-01-06,Himachal Pradesh,Mandi,6.6,20.7,13.6,29.0,46.6,8.9,21.7
2016-08-06,Bihar,Purnia,24.7,39.0,31.8,153.0,72.9,14.4,24.5
2018-08-12,Haryana,Hisar,17.1,36.8,27.0,188.5,59.8,21.3,26.4
2015-08-24,Andhra Pradesh,Guntur,28.4,37.1,32.8,240.9,71.2,19.2,22.3
2020-10-04,West Bengal,Howrah,12.8,31.0,21.9,65.5,80.6,7.2,29.5
2020-04-26,Goa,North Goa,20.6,25.8,23.2,45.4,52.5,9.1,34.0
2015-12-26,Ladakh,Leh,22.5,27.6,25.0,17.7,68.8,17.7,27.2
2020-04-14,Karnataka,Hubli,23.3,37.9,30.6,81.8,61.1,13.8,25.4
2015-04-20,Chhattisgarh,Raipur,24.5,31.5,28.0,51.3,66.7,5.9,27.7
2015-07-11,Telangana,Hyderabad,25.9,39.2,32.6,242.4,63.2,11.5,29.5
2017-06-22,Nagaland,Kohima,16.1,23.2,19.6,26.1,78.0,19.7,27.2
2018-01-21,Punjab,Amritsar,8.5,38.9,23.7,15.8,48.5,14.2,20.6
2017-05-11,West Bengal,Howrah,16.2,37.1,26.6,90.5,64.7,16.9,33.4
2022-02-28,Madhya Pradesh,Bhopal,13.3,32.2,22.8,25.2,50.3,12.0,25.0
2017-12-19,Chhattisgarh,Raipur,17.8,23.6,20.7,17.4,62.6,19.0,27.5
2016-10-11,Chandigarh,Chandigarh,13.6,24.5,19.0,28.5,70.8,19.6,23.6
2015-02-08,Andhra Pradesh,Guntur,20.1,39.1,29.6,59.0,75.0,8.1,26.5
2024-11-20,Sikkim,Gangtok,13.5,18.7,16.1,16.0,76.9,8.2,25.9
2023-07-18,Nagaland,Kohima,24.5,29.9,27.2,246.2,63.9,12.9,23.6
2024-07-23,Chhattisgarh,Raipur,10.4,20.4,15.4,138.6,68.7,12.1,25.8
2016-09-28,Dadra and Nagar Haveli and Daman and Diu,Daman,21.0,32.3,26.6,185.3,63.2,18.8,23.4
2017-11-02,Goa,North Goa,16.8,34.6,25.7,51.8,60.8,13.7,21.0
2015-02-05,Uttarakhand,Dehradun,18.9,33.2,26.0,41.7,47.1,11.7,22.8
2020-11-18,Tripura,Agartala,15.4,23.7,19.6,28.4,72.9,16.4,24.9
2025-08-01,Andaman and Nicobar Islands,Port Blair,21.7,34.8,28.2,133.7,79.2,11.7,29.5
2023-08-24,West Bengal,Howrah,25.6,32.1,28.8,200.9,78.3,10.9,25.9
2024-10-27,Meghalaya,Shillong,18.0,26.5,22.2,26.0,60.7,9.5,21.8
2024-01-08,Kerala,Kozhikode,24.3,32.6,28.4,79.7,65.4,13.9,26.3
2018-09-23,Punjab,Patiala,17.0,28.7,22.8,176.1,58.2,13.3,25.9
2020-06-06,Nagaland,Kohima,13.5,18.7,16.1,263.3,72.8,17.6,33.1
2015-06-15,Puducherry,Puducherry,21.7,33.8,27.8,269.7,72.8,20.8,30.0
2021-08-27,Tamil Nadu,Chennai,25.7,33.1,29.4,350.0,80.1,9.0,23.5
2020-02-23,Uttarakhand,Dehradun,12.6,20.0,16.3,34.0,65.0,10.2,23.1
2024-06-09,Mizoram,Aizawl,11.4,23.5,17.4,151.9,55.9,18.2,27.9
2024-09-12,Rajasthan,Jaipur,27.9,43.6,35.8,98.7,35.5,10.7,29.3
2022-10-08,Dadra and Nagar Haveli and Daman and Diu,Daman,21.3,28.4,24.8,15.5,42.0,7.9,27.3
2025-03-02,Assam,Kamrup,19.4,34.7,27.0,65.2,87.5,6.8,25.6
2015-01-31,Mizoram,Aizawl,17.0,32.9,25.0,54.1,47.8,19.8,28.2
2024-06-08,Uttar Pradesh,Lucknow,14.6,38.1,26.4,230.5,74.5,16.3,30.8
2015-01-11,Tamil Nadu,Coimbatore,20.9,27.9,24.4,98.4,76.9,5.4,25.5
2020-07-04,Goa,North Goa,15.2,24.8,20.0,175.8,52.8,11.8,29.4
2024-03-27,West Bengal,Kolkata,10.7,25.4,18.0,68.8,67.6,14.9,20.3
2020-11-13,Haryana,Karnal,27.1,36.1,31.6,29.9,48.5,11.7,21.9
2023-12-06,Haryana,Hisar,17.6,29.9,23.8,26.1,30.6,7.0,27.6
2021-11-05,Odisha,Bhubaneswar,21.3,36.5,28.9,25.4,74.4,9.3,27.1
2021-02-17,Andaman and Nicobar Islands,Port Blair,11.3,22.5,16.9,13.4,65.2,10.9,20.7
2016-04-30,Tamil Nadu,Coimbatore,24.2,29.4,26.8,83.7,82.8,17.2,34.5
2018-07-13,Lakshadweep,Kavaratti,23.5,34.3,28.9,88.7,49.2,20.1,24.9
2018-12-18,Jharkhand,Ranchi,24.1,34.4,29.2,67.5,53.0,7.0,26.8
2023-10-05,Uttarakhand,Dehradun,16.6,34.1,25.4,64.8,77.2,13.5,25.3
2021-04-04,Andhra Pradesh,Guntur,28.5,36.8,32.6,68.5,51.0,10.4,33.3
2020-04-27,Andaman and Nicobar Islands,Port Blair,13.1,24.8,19.0,5.7,52.1,9.8,32.3
2024-05-19,Assam,Kamrup,20.2,29.6,24.9,116.1,75.0,11.5,31.5
2020-05-17,Dadra and Nagar Haveli and Daman and Diu,Daman,20.8,33.6,27.2,57.6,66.8,13.4,28.1
2023-09-19,Karnataka,Mysore,20.6,36.1,28.4,298.2,69.9,11.9,29.7
2020-01-26,Sikkim,Gangtok,11.2,32.0,21.6,19.8,55.7,11.4,26.6
2019-01-09,Nagaland,Kohima,18.2,25.4,21.8,7.1,68.7,12.6,23.6
2018-09-28,Jammu and Kashmir,Srinagar,5.7,26.6,16.2,246.8,73.0,11.3,28.5
2023-10-22,Goa,North Goa,24.8,32.9,28.8,8.3,68.1,13.1,27.1
2023-08-03,Assam,Dibrugarh,12.8,28.2,20.5,369.6,81.1,18.9,25.4
2024-02-01,Chhattisgarh,Raipur,14.8,24.5,19.6,53.7,66.6,11.3,23.5
2022-08-14,Himachal Pradesh,Kangra,12.4,21.3,16.8,290.4,63.9,16.9,21.4
2017-09-17,West Bengal,Howrah,21.0,29.5,25.2,247.8,71.5,15.2,28.1
2024-10-01,Odisha,Bhubaneswar,16.5,24.6,20.6,24.1,78.6,6.8,29.7
2017-04-04,West Bengal,Kolkata,27.4,38.0,32.7,122.7,56.0,14.9,29.0
2019-01-02,Uttarakhand,Dehradun,21.0,29.7,25.4,31.8,76.2,12.4,27.4
2020-11-23,Madhya Pradesh,Bhopal,24.3,37.7,31.0,24.2,40.1,18.3,20.2
2021-02-06,Rajasthan,Udaipur,14.3,22.7,18.5,38.1,20.2,5.1,22.3
2021-02-09,Uttarakhand,Dehradun,14.2,28.0,21.1,72.3,58.6,9.3,28.2
2015-08-14,Goa,North Goa,15.8,22.8,19.3,242.5,40.1,11.1,26.4
2017-02-15,Karnataka,Bangalore,19.0,27.6,23.3,45.4,57.8,19.6,26.8
2022-10-08,Mizoram,Aizawl,10.6,19.9,15.2,48.2,68.5,10.7,28.6
2018-01-17,Gujarat,Surat,31.0,39.7,35.4,30.3,60.0,16.7,22.2
2016-11-18,Chandigarh,Chandigarh,17.3,28.0,22.6,70.9,44.5,19.2,25.7
2016-06-13,Rajasthan,Udaipur,17.2,42.0,29.6,17.6,32.8,19.3,33.3
2024-06-04,Andhra Pradesh,Krishna,21.7,39.2,30.4,54.0,63.0,9.5,26.0
2017-08-29,Tripura,Agartala,23.7,34.4,29.0,192.3,78.7,15.4,27.8
2017-07-24,Lakshadweep,Kavaratti,11.5,23.8,17.6,164.2,71.1,13.0,29.8
2018-11-23,Haryana,Karnal,23.4,34.6,29.0,19.9,55.7,15.1,26.8
2020-11-23,Chhattisgarh,Raipur,18.8,28.3,23.6,62.2,50.3,14.4,24.7
2018-07-18,Chandigarh,Chandigarh,23.4,32.3,27.8,259.6,78.1,9.9,25.6
2020-06-21,Haryana,Gurgaon,27.1,39.0,33.0,55.3,49.3,11.3,34.0
2022-11-18,Odisha,Bhubaneswar,15.0,24.4,19.7,46.8,57.7,19.6,22.4
2019-03-07,Chandigarh,Chandigarh,15.4,22.9,19.2,69.9,56.5,8.9,22.5
2016-11-09,Manipur,Imphal,18.8,34.7,26.8,73.2,79.3,10.8,29.1
2024-11-05,Ladakh,Leh,16.7,28.5,22.6,41.4,42.5,7.7,28.9
2022-12-06,Uttarakhand,Dehradun,23.4,29.7,26.6,26.2,73.2,8.1,28.8
2023-07-01,Madhya Pradesh,Bhopal,28.1,40.3,34.2,216.2,65.5,21.8,28.8
2021-09-06,Maharashtra,Nagpur,25.3,31.8,28.6,320.2,82.4,22.5,27.3
2015-02-09,Chandigarh,Chandigarh,20.4,34.4,27.4,25.4,46.0,9.4,29.5
2022-05-31,Madhya Pradesh,Bhopal,14.7,24.7,19.7,15.6,49.4,16.9,28.8
2024-01-03,Meghalaya,Shillong,11.5,30.2,20.8,47.7,59.2,19.5,24.7
2025-05-30,Gujarat,Rajkot,27.5,34.0,30.8,23.7,38.5,10.2,29.8
2023-04-17,Uttarakhand,Dehradun,12.6,31.6,22.1,31.3,75.9,15.1,26.8
2018-01-10,Jammu and Kashmir,Srinagar,12.8,18.1,15.4,62.5,79.0,15.2,29.3
2017-04-24,Manipur,Imphal,14.4,26.0,20.2,34.7,44.5,16.9,30.0
2019-10-10,West Bengal,Kolkata,18.8,33.3,26.0,29.7,82.4,10.5,20.8
2021-02-26,Jammu and Kashmir,Srinagar,3.8,14.2,9.0,21.6,49.7,19.9,25.4
2016-03-22,Gujarat,Vadodara,25.2,32.2,28.7,7.0,42.4,16.5,25.6
2025-09-20,Punjab,Patiala,5.3,33.7,19.5,38.7,47.6,23.0,21.2
2024-07-31,Lakshadweep,Kavaratti,22.2,33.4,27.8,144.6,79.5,12.6,23.2
2023-07-07,Lakshadweep,Kavaratti,12.3,23.8,18.0,103.0,64.2,8.6,23.1
2018-05-19,Uttar Pradesh,Kanpur,5.1,10.3,7.7,50.1,67.5,16.2,28.5
2021-10-27,Punjab,Amritsar,22.5,30.7,26.6,18.9,52.5,15.5,22.7
2018-09-12,Nagaland,Kohima,20.2,34.6,27.4,158.3,56.3,11.5,23.6
2022-09-09,Manipur,Imphal,17.9,34.3,26.1,93.0,49.3,22.4,26.1
2015-08-15,Sikkim,Gangtok,21.0,33.5,27.2,42.9,59.4,10.1,26.2
2015-02-17,Sikkim,Gangtok,24.3,29.6,27.0,24.2,80.0,5.1,21.4
2023-06-17,Rajasthan,Jodhpur,12.0,38.4,25.2,122.6,51.1,19.6,33.4
2023-02-07,Arunachal Pradesh,Itanagar,21.6,30.7,26.2,57.2,63.9,10.5,28.4
2019-01-02,Nagaland,Kohima,21.8,28.2,25.0,6.7,52.6,11.1,21.7
2020-01-05,Tamil Nadu,Coimbatore,26.8,32.0,29.4,53.5,51.9,13.0,24.6
2025-05-07,Madhya Pradesh,Bhopal,27.2,39.0,33.1,51.4,51.8,17.3,32.2
2015-07-06,Himachal Pradesh,Kangra,15.6,26.2,20.9,227.1,56.1,9.3,24.2
2021-07-20,Gujarat,Rajkot,17.9,34.9,26.4,67.4,68.3,12.1,21.0
2021-03-21,Andhra Pradesh,Krishna,28.8,36.4,32.6,33.1,76.6,14.8,25.3
2022-11-17,Arunachal Pradesh,Itanagar,14.9,24.3,19.6,45.6,60.1,9.1,21.8
2021-12-10,Bihar,Muzaffarpur,26.0,37.2,31.6,74.6,60.6,19.9,24.6
2020-04-16,Maharashtra,Mumbai,24.4,31.6,28.0,27.2,82.3,19.7,30.5
2023-01-03,Lakshadweep,Kavaratti,14.1,34.2,24.2,60.8,47.2,9.5,20.0
2017-04-28,Ladakh,Leh,18.7,29.6,24.2,16.5,53.6,19.1,31.5
2020-07-25,Arunachal Pradesh,Itanagar,22.9,33.9,28.4,277.8,41.7,11.9,24.2
2018-06-06,Maharashtra,Pune,25.7,36.4,31.0,153.2,48.7,14.6,27.5
2018-11-14,Punjab,Amritsar,29.1,39.8,34.4,10.1,58.2,8.4,27.2
2017-09-05,Tripura,Agartala,21.5,26.9,24.2,214.7,75.9,11.2,21.2
2019-06-01,Haryana,Gurgaon,19.2,32.4,25.8,179.4,48.0,14.2,32.1
2017-10-13,West Bengal,Kolkata,11.4,17.6,14.5,68.1,53.6,19.1,26.5
2021-02-13,Rajasthan,Jodhpur,28.8,36.4,32.6,21.0,25.4,8.0,25.7
2020-02-25,Tamil Nadu,Chennai,22.2,37.1,29.6,99.6,50.1,16.4,21.2
2015-09-27,Lakshadweep,Kavaratti,18.6,26.2,22.4,290.2,75.0,16.9,21.8
2019-06-19,Haryana,Hisar,24.6,35.0,29.8,130.1,58.7,14.2,25.1
2015-11-06,Dadra and Nagar Haveli and Daman and Diu,Daman,15.5,26.5,21.0,30.7,73.2,10.0,24.2
2023-10-09,Meghalaya,Shillong,10.9,29.6,20.2,20.1,49.4,13.8,29.8
2020-08-05,Uttarakhand,Dehradun,16.2,25.7,21.0,30.1,71.5,11.9,27.7
2019-04-24,Nagaland,Kohima,14.2,19.7,17.0,39.9,76.2,8.2,26.5
2017-12-31,Jammu and Kashmir,Srinagar,3.7,23.4,13.6,33.9,50.2,10.1,23.1
2025-07-31,Manipur,Imphal,18.2,24.8,21.5,162.4,52.5,22.0,24.2
2022-12-02,Uttarakhand,Dehradun,11.5,33.8,22.6,70.6,47.0,17.2,28.6
2019-08-23,Mizoram,Aizawl,15.3,22.6,19.0,243.6,41.1,17.3,23.4
2023-12-03,Arunachal Pradesh,Itanagar,18.9,32.7,25.8,63.0,79.9,14.6,22.2
2021-12-08,Dadra and Nagar Haveli and Daman and Diu,Daman,14.1,26.0,20.0,64.4,54.7,15.3,20.5
2023-12-07,Puducherry,Puducherry,16.5,23.8,20.2,70.7,71.7,7.1,24.0
2018-12-16,Puducherry,Puducherry,11.2,30.2,20.7,18.4,72.2,6.1,25.7
2020-12-07,Assam,Tinsukia,19.1,27.7,23.4,45.5,71.3,12.4,29.7
2015-08-08,Mizoram,Aizawl,16.7,24.2,20.4,27.2,40.3,14.3,23.0
2015-02-22,Maharashtra,Nagpur,19.4,27.1,23.2,50.2,70.9,14.1,20.8
2019-10-24,Maharashtra,Mumbai,19.7,38.6,29.2,18.2,48.9,9.8,22.3
2019-01-14,Jammu and Kashmir,Srinagar,5.8,24.8,15.3,16.2,54.1,14.2,20.5
2024-07-15,Andhra Pradesh,Chittoor,20.4,32.7,26.6,274.0,63.3,14.1,20.1
2019-07-25,Andaman and Nicobar Islands,Port Blair,21.0,27.5,24.2,215.6,53.9,8.7,23.3
2018-06-14,Bihar,Muzaffarpur,22.5,37.1,29.8,205.2,68.4,11.5,34.7
2022-09-06,Delhi,New Delhi,13.4,21.2,17.3,89.9,78.9,9.0,27.7
2022-08-17,Mizoram,Aizawl,11.6,30.8,21.2,97.6,69.1,8.7,23.3
2016-12-20,West Bengal,Darjeeling,18.4,23.7,21.0,30.8,56.8,12.2,21.3
2016-02-10,Uttar Pradesh,Kanpur,31.4,41.4,36.4,17.3,41.7,19.2,23.0
2022-04-09,Haryana,Hisar,15.6,34.2,24.9,20.5,66.1,13.8,30.7
2023-05-27,Puducherry,Puducherry,18.3,24.6,21.5,60.3,62.9,5.8,33.5
2021-10-05,Nagaland,Kohima,20.9,28.5,24.7,25.0,60.2,5.1,28.1
2022-07-22,Dadra and Nagar Haveli and Daman and Diu,Daman,24.1,31.7,27.9,170.2,72.4,12.2,24.9
2021-04-13,Uttarakhand,Dehradun,11.7,29.5,20.6,60.5,42.7,18.2,28.7
2015-03-13,Meghalaya,Shillong,23.8,34.4,29.1,60.4,73.2,9.3,23.7
2020-01-28,Jharkhand,Ranchi,13.6,24.4,19.0,44.3,74.6,13.2,27.0
2021-02-10,Kerala,Thrissur,22.4,34.5,28.4,97.9,83.3,20.0,28.6
2020-08-15,Sikkim,Gangtok,17.6,33.4,25.5,204.5,69.2,17.6,22.9
2018-05-14,Meghalaya,Shillong,15.0,28.4,21.7,66.2,58.1,13.1,28.7
2019-04-17,Kerala,Kozhikode,22.1,32.2,27.2,95.7,89.3,12.6,30.3
2025-01-30,Karnataka,Hubli,20.8,27.0,23.9,73.7,76.4,18.0,24.0
2023-02-01,Punjab,Patiala,22.6,30.9,26.8,16.4,69.8,17.7,22.6
2016-01-22,Andhra Pradesh,Guntur,24.3,35.3,29.8,10.8,78.8,6.6,28.2
2019-11-27,Uttarakhand,Dehradun,24.6,33.4,29.0,72.7,40.8,10.3,24.8
2016-11-29,Assam,Kamrup,21.7,32.1,26.9,117.0,65.1,17.7,28.2
2023-08-14,Kerala,Ernakulam,24.3,34.0,29.2,206.8,64.2,21.4,29.6
2018-04-15,Chandigarh,Chandigarh,16.4,27.5,22.0,56.9,59.8,9.7,26.9
2017-04-06,Himachal Pradesh,Mandi,0.5,19.9,10.2,19.2,74.3,19.7,29.6
2019-12-28,Andhra Pradesh,Chittoor,21.2,34.2,27.7,47.3,54.0,14.7,23.2
2015-12-15,Bihar,Patna,26.6,36.5,31.6,38.1,78.5,12.4,28.9
2018-07-02,Manipur,Imphal,14.0,26.1,20.0,43.5,56.9,21.4,28.3
2025-09-13,Uttarakhand,Dehradun,24.6,33.6,29.1,96.0,46.4,10.7,26.6
2025-05-01,Haryana,Faridabad,14.6,28.0,21.3,43.7,59.1,8.1,26.7
2015-11-04,Tamil Nadu,Madurai,26.6,37.7,32.2,26.7,83.3,11.4,29.1
2024-05-09,Manipur,Imphal,21.3,34.2,27.8,50.2,46.3,5.9,31.3
2018-02-24,Uttarakhand,Dehradun,10.9,20.4,15.6,19.4,57.1,14.0,29.1
2020-05-14,Dadra and Nagar Haveli and Daman and Diu,Daman,24.0,34.9,29.4,58.5,76.9,16.9,34.1
2021-05-23,Haryana,Hisar,7.6,38.9,23.2,15.6,52.7,12.8,30.6
2017-02-04,Chandigarh,Chandigarh,20.5,30.6,25.6,53.2,61.4,5.2,26.3
2016-12-25,Nagaland,Kohima,18.3,30.2,24.2,5.1,58.7,18.1,23.3
2022-09-10,Bihar,Muzaffarpur,17.8,24.9,21.4,157.1,55.8,21.2,20.4
2019-06-08,Sikkim,Gangtok,24.3,32.6,28.4,168.3,75.4,10.9,27.1
2024-09-28,Assam,Tinsukia,23.1,34.5,28.8,518.9,61.4,17.8,24.5
2016-01-18,Manipur,Imphal,22.1,28.3,25.2,69.4,53.4,9.8,21.8
2024-07-09,Jammu and Kashmir,Srinagar,0.1,12.9,6.5,78.6,69.5,19.3,28.3
2021-09-01,Delhi,New Delhi,10.1,22.1,16.1,21.6,60.3,21.6,24.1
2016-06-08,Maharashtra,Pune,28.5,39.7,34.1,149.4,40.5,19.1,30.8
2024-12-07,Andhra Pradesh,Chittoor,23.5,32.7,28.1,15.3,76.1,8.6,21.0
2022-05-10,Uttar Pradesh,Varanasi,26.0,36.3,31.2,47.0,75.1,10.7,25.5
2023-03-05,Haryana,Karnal,11.3,17.5,14.4,11.7,64.0,19.1,26.8
2025-02-14,Meghalaya,Shillong,21.0,32.6,26.8,13.6,41.9,15.5,20.4
2015-10-03,Jharkhand,Ranchi,22.2,31.8,27.0,12.9,66.4,14.1,23.8
2021-12-22,Uttar Pradesh,Varanasi,27.1,35.1,31.1,25.8,64.8,16.3,22.7
2022-07-27,West Bengal,Howrah,10.3,19.3,14.8,161.1,86.2,21.4,26.6
2015-12-03,Kerala,Thrissur,24.1,32.8,28.4,122.4,70.5,13.2,26.7
2020-05-27,Punjab,Ludhiana,16.7,35.8,26.2,47.0,56.6,6.1,31.1
2023-02-27,Maharashtra,Nagpur,26.4,33.8,30.1,47.0,66.8,15.6,28.7
2016-04-25,Jammu and Kashmir,Srinagar,15.3,21.6,18.5,32.6,46.0,16.4,27.7
2017-06-29,Andaman and Nicobar Islands,Port Blair,11.9,18.6,15.2,52.1,49.9,19.7,27.4
2020-06-19,Kerala,Ernakulam,22.8,34.1,28.4,321.2,75.3,8.0,25.8
2024-02-27,Nagaland,Kohima,21.1,29.1,25.1,15.5,57.2,5.7,27.1
2023-07-27,Arunachal Pradesh,Itanagar,11.2,17.2,14.2,137.5,63.5,19.5,20.7
2018-09-13,Arunachal Pradesh,Itanagar,15.0,24.0,19.5,228.3,54.8,17.4,24.9
2020-07-26,Mizoram,Aizawl,18.5,27.7,23.1,87.0,42.4,10.6,21.7
2019-10-21,Jharkhand,Ranchi,24.0,34.6,29.3,22.9,44.2,9.2,28.0
2015-04-19,Nagaland,Kohima,23.1,31.6,27.4,42.8,58.3,7.7,25.5
2024-03-04,Sikkim,Gangtok,19.3,32.8,26.0,57.5,76.0,17.2,22.9
2025-04-15,Odisha,Bhubaneswar,16.8,29.6,23.2,41.3,75.5,6.0,34.4
2015-11-24,Andhra Pradesh,Visakhapatnam,29.6,35.1,32.4,38.2,77.0,7.8,26.9
2019-12-05,Telangana,Nizamabad,26.5,33.5,30.0,10.4,66.6,14.3,26.5
2015-11-11,Ladakh,Leh,12.3,28.0,20.2,42.9,58.1,16.7,23.9
2024-09-15,Tripura,Agartala,15.3,28.3,21.8,284.4,53.8,14.7,22.7
2018-02-08,Ladakh,Leh,20.2,28.8,24.5,53.5,45.8,9.0,22.1
2022-07-09,Dadra and Nagar Haveli and Daman and Diu,Daman,21.7,27.4,24.5,90.5,60.3,9.3,20.1
2017-02-19,Dadra and Nagar Haveli and Daman and Diu,Daman,20.4,31.3,25.8,5.6,41.9,8.3,29.1
2024-01-14,Arunachal Pradesh,Itanagar,19.8,33.0,26.4,58.2,79.3,19.3,20.7
2019-03-01,Odisha,Bhubaneswar,15.3,30.1,22.7,34.5,67.7,6.4,29.1
2015-06-05,Kerala,Kozhikode,24.3,32.4,28.4,332.5,74.1,17.2,30.5
2019-02-05,Jharkhand,Ranchi,17.2,30.9,24.0,58.5,65.7,10.9,24.1
2019-09-21,Dadra and Nagar Haveli and Daman and Diu,Daman,11.5,24.2,17.8,240.0,42.7,10.6,28.4
2024-02-26,Sikkim,Gangtok,18.5,31.2,24.8,27.5,59.6,16.4,28.8
2017-06-05,Tamil Nadu,Coimbatore,27.8,37.2,32.5,64.3,62.0,19.2,29.2
2023-06-01,Tamil Nadu,Madurai,23.5,36.0,29.8,340.0,77.7,13.3,27.3
2022-09-06,Manipur,Imphal,15.4,30.6,23.0,122.1,42.2,20.0,20.6
2016-12-22,Uttar Pradesh,Kanpur,31.9,41.3,36.6,57.6,71.7,6.5,24.2
2024-10-22,Assam,Cachar,23.6,29.2,26.4,63.2,76.3,11.7,29.4
2017-07-01,Tamil Nadu,Coimbatore,23.2,30.5,26.8,200.2,63.9,17.3,29.9
2024-03-11,Punjab,Amritsar,18.8,31.3,25.0,31.7,69.2,14.4,21.2
2017-05-20,Haryana,Faridabad,27.8,37.1,32.4,12.1,39.2,6.8,34.6
2015-01-13,Nagaland,Kohima,11.1,30.5,20.8,28.6,43.2,11.5,20.0
2022-04-09,Goa,North Goa,22.3,31.5,26.9,36.6,73.2,12.8,31.0
2016-05-12,Uttarakhand,Dehradun,22.2,32.8,27.5,51.1,68.2,8.9,26.2
2019-10-23,Ladakh,Leh,19.3,26.7,23.0,8.3,50.2,15.8,27.1
2021-04-04,Manipur,Imphal,23.5,32.9,28.2,35.8,50.4,16.4,29.1
2018-01-22,Chhattisgarh,Raipur,22.2,33.8,28.0,29.6,53.8,18.7,24.0
2024-05-02,Himachal Pradesh,Shimla,14.1,23.2,18.6,57.5,46.9,17.5,34.8
2022-09-29,Gujarat,Rajkot,28.0,36.2,32.1,119.9,56.8,10.9,22.8
2018-04-09,Punjab,Amritsar,25.0,39.5,32.2,17.3,35.9,19.7,28.2
2020-06-27,Jharkhand,Ranchi,21.7,29.8,25.8,285.7,64.0,14.2,26.8
2022-04-07,Uttar Pradesh,Kanpur,11.9,38.4,25.2,8.1,37.8,7.9,25.7
2022-06-01,Bihar,Muzaffarpur,23.1,39.8,31.4,76.2,72.0,10.6,34.7
2019-07-06,Telangana,Warangal,24.1,38.3,31.2,84.3,75.4,9.2,20.2
2019-05-10,Maharashtra,Nagpur,26.5,32.4,29.4,109.6,68.0,10.0,27.8
2022-12-06,Andhra Pradesh,Visakhapatnam,20.8,35.6,28.2,69.6,72.7,14.3,21.2
2023-03-03,Mizoram,Aizawl,22.4,34.7,28.6,23.4,56.8,5.2,28.3
2019-01-30,Telangana,Warangal,18.2,31.4,24.8,47.5,42.2,7.6,27.9
2022-04-29,Uttarakhand,Dehradun,13.8,30.5,22.2,57.4,56.3,6.0,25.1
2015-05-23,Gujarat,Ahmedabad,23.4,29.4,26.4,37.7,45.2,15.2,29.1
2018-05-09,Himachal Pradesh,Shimla,12.6,27.9,20.2,67.5,40.7,14.7,30.6
2023-11-26,Jammu and Kashmir,Srinagar,12.7,18.4,15.6,14.5,59.9,5.9,27.8
2022-07-24,Kerala,Thrissur,24.3,30.0,27.2,327.5,77.8,20.9,29.9
2024-05-28,Rajasthan,Udaipur,10.4,29.5,20.0,32.6,51.8,13.1,26.8
2021-12-01,Assam,Dibrugarh,18.4,27.9,23.2,76.1,71.5,7.2,27.4
2016-07-18,Manipur,Imphal,20.6,30.7,25.6,119.3,72.9,10.4,24.3
2021-11-23,Rajasthan,Udaipur,26.3,42.6,34.4,26.9,24.7,6.5,20.5
2021-08-28,Jharkhand,Ranchi,18.4,26.2,22.3,64.7,43.4,17.6,27.5
2019-09-12,Delhi,New Delhi,22.9,32.1,27.5,119.2,58.8,17.5,27.1
2023-02-21,Goa,North Goa,19.7,34.6,27.2,57.5,70.0,17.3,24.6
2016-02-21,Arunachal Pradesh,Itanagar,14.0,32.1,23.0,37.5,64.3,11.4,24.0
2020-01-23,Andaman and Nicobar Islands,Port Blair,20.1,31.7,25.9,26.6,47.6,7.0,21.1
2021-06-13,Delhi,New Delhi,22.3,29.5,25.9,210.0,51.5,18.0,34.8
2022-05-20,Bihar,Gaya,9.5,31.2,20.4,28.4,43.3,6.2,28.7
2019-09-14,Bihar,Patna,19.9,34.7,27.3,187.6,75.9,10.3,28.3
2018-10-22,Andaman and Nicobar Islands,Port Blair,17.9,33.3,25.6,34.9,59.3,11.3,21.0
2023-05-31,Punjab,Ludhiana,8.6,27.3,18.0,29.0,48.7,5.2,30.1
2017-12-03,Tamil Nadu,Madurai,21.1,32.8,27.0,35.9,84.7,10.4,28.2
2022-08-18,Nagaland,Kohima,13.7,21.8,17.8,81.9,53.3,20.7,27.6
2020-02-10,Tripura,Agartala,16.5,24.0,20.2,8.4,64.7,15.6,26.1
2018-01-26,Andhra Pradesh,Guntur,25.0,39.7,32.4,11.6,79.7,9.1,23.8
2025-05-19,Manipur,Imphal,21.3,28.3,24.8,54.7,53.3,19.1,26.7
2018-07-12,Puducherry,Puducherry,24.0,33.7,28.8,67.7,55.5,9.6,26.0
2025-08-07,Punjab,Patiala,29.0,34.5,31.8,66.5,60.2,14.9,23.4
2019-12-12,Uttarakhand,Dehradun,19.0,27.2,23.1,28.0,72.2,10.9,27.0
2020-12-27,Sikkim,Gangtok,12.3,24.4,18.4,43.6,50.7,11.3,27.6
2019-02-13,Chhattisgarh,Raipur,12.4,26.2,19.3,23.3,56.4,10.6,26.6
2024-01-22,Puducherry,Puducherry,21.5,30.7,26.1,16.7,74.7,7.8,25.8
2023-04-10,Assam,Cachar,17.9,26.4,22.2,144.1,83.7,12.0,29.4
2017-10-13,Mizoram,Aizawl,11.4,30.9,21.2,10.9,48.0,7.5,20.7
2017-08-10,Telangana,Nizamabad,28.0,39.3,33.6,202.6,75.1,18.1,26.9
2023-01-30,Telangana,Warangal,28.7,34.3,31.5,13.6,42.1,11.3,29.5
2015-03-13,Assam,Tinsukia,23.0,33.5,28.2,75.5,88.8,8.3,25.9
2019-08-18,Gujarat,Rajkot,27.7,33.6,30.6,177.3,59.1,16.0,20.6
2023-12-06,Tripura,Agartala,20.4,29.7,25.0,56.6,41.5,13.6,24.5
2018-07-15,Assam,Kamrup,16.4,28.4,22.4,161.8,92.7,18.6,20.8
2018-09-06,Manipur,Imphal,11.2,20.2,15.7,87.1,59.7,16.0,21.5
2020-11-24,Andaman and Nicobar Islands,Port Blair,24.6,34.1,29.4,49.3,51.1,18.7,23.2
2024-01-17,Andaman and Nicobar Islands,Port Blair,14.8,25.2,20.0,8.4,42.5,12.1,28.8
2023-07-11,Jharkhand,Ranchi,24.1,33.7,28.9,133.2,52.4,11.2,25.4
2025-05-01,Lakshadweep,Kavaratti,17.2,28.2,22.7,27.1,63.3,14.1,33.8
2017-06-01,Tamil Nadu,Coimbatore,26.1,33.4,29.8,176.6,58.4,10.6,26.1
2015-05-19,Himachal Pradesh,Kangra,0.7,15.8,8.2,72.3,61.5,16.1,29.0
2022-04-16,Maharashtra,Nashik,22.6,29.2,25.9,44.5,81.8,12.4,27.0
2025-04-12,Bihar,Patna,22.6,32.6,27.6,63.8,43.7,12.8,33.0
2022-12-20,Punjab,Amritsar,26.3,34.7,30.5,38.3,68.6,14.3,28.1
2021-05-09,West Bengal,Darjeeling,20.3,35.3,27.8,118.2,78.5,7.3,25.8
2019-02-13,Maharashtra,Mumbai,27.7,34.6,31.2,110.7,48.8,18.7,28.1
2021-09-29,Puducherry,Puducherry,23.2,29.8,26.5,266.0,63.5,9.3,29.3
2021-12-28,Madhya Pradesh,Bhopal,14.3,24.1,19.2,43.7,53.3,18.5,23.1
2017-01-02,Dadra and Nagar Haveli and Daman and Diu,Daman,10.6,34.9,22.8,26.9,46.5,19.8,25.6
2019-10-15,Delhi,New Delhi,12.2,32.1,22.2,71.2,75.3,8.0,20.5
2025-09-29,West Bengal,Howrah,16.7,27.5,22.1,226.7,82.0,8.1,26.7
2016-02-28,Tripura,Agartala,24.8,31.9,28.4,39.0,65.1,9.3,27.2
2024-07-10,Lakshadweep,Kavaratti,13.0,19.1,16.0,244.4,47.1,19.0,28.7
2019-05-11,Himachal Pradesh,Shimla,0.9,22.9,11.9,52.0,65.0,9.4,25.5
2016-01-25,West Bengal,Howrah,11.8,22.6,17.2,56.7,86.7,15.3,20.3
2015-12-08,Dadra and Nagar Haveli and Daman and Diu,Daman,23.8,33.3,28.6,39.5,58.5,19.0,25.5
2017-08-03,Mizoram,Aizawl,17.5,32.2,24.8,186.1,50.0,23.0,22.8
2016-09-05,Tamil Nadu,Madurai,25.5,34.2,29.8,83.9,83.6,13.0,26.6
2016-05-07,Madhya Pradesh,Bhopal,26.2,35.5,30.8,19.3,32.4,19.3,30.8
2015-07-11,Jharkhand,Ranchi,20.7,30.1,25.4,85.3,79.8,22.5,28.6
2016-05-13,Meghalaya,Shillong,23.7,32.3,28.0,30.7,53.7,19.0,34.6
2017-04-01,Goa,North Goa,16.6,29.7,23.2,61.4,68.1,18.0,31.1
2019-10-02,Karnataka,Hubli,23.8,32.3,28.0,16.6,42.5,7.3,20.6
2018-06-10,Assam,Tinsukia,18.0,27.8,22.9,113.1,60.8,15.8,30.5
2020-05-22,West Bengal,Kolkata,10.7,30.6,20.6,24.5,69.8,7.4,25.4
2015-08-15,Manipur,Imphal,13.2,26.0,19.6,228.3,50.6,18.3,28.6
2018-10-26,Madhya Pradesh,Bhopal,15.9,31.9,23.9,27.5,31.1,10.9,23.8
2020-12-26,Mizoram,Aizawl,19.3,33.6,26.4,52.0,54.2,11.7,28.9
2022-12-13,Gujarat,Vadodara,25.9,35.2,30.6,32.0,55.8,12.2,28.7
2017-03-27,West Bengal,Howrah,24.6,34.0,29.3,120.2,88.1,19.5,22.2
2023-10-26,Madhya Pradesh,Bhopal,12.3,32.6,22.5,45.0,42.3,13.1,26.5
2023-09-22,Mizoram,Aizawl,17.0,29.0,23.0,41.1,79.8,13.7,22.1
2019-01-13,Manipur,Imphal,17.2,26.3,21.8,32.4,62.5,9.2,26.7
2017-12-22,Ladakh,Leh,16.5,22.6,19.6,67.1,59.1,18.8,23.8
2015-04-14,West Bengal,Darjeeling,19.8,36.3,28.0,63.2,75.3,8.7,27.4
2020-02-18,Manipur,Imphal,18.1,30.4,24.2,50.9,70.7,18.8,22.4
2017-05-20,Karnataka,Belgaum,24.2,33.1,28.6,18.0,60.4,16.9,25.8
2016-10-29,Dadra and Nagar Haveli and Daman and Diu,Daman,19.1,28.6,23.8,50.8,72.9,13.1,23.0
2020-08-04,Bihar,Patna,10.0,22.2,16.1,134.8,65.7,13.8,24.0
2015-09-30,Jammu and Kashmir,Srinagar,5.8,17.8,11.8,109.2,69.4,22.7,27.3
2017-10-26,Puducherry,Puducherry,11.1,28.1,19.6,54.2,71.1,16.4,25.1
2023-10-24,Uttarakhand,Dehradun,13.9,20.8,17.4,5.6,40.1,19.0,26.1
2021-02-09,Jharkhand,Ranchi,18.6,27.9,23.2,60.9,48.8,16.1,23.6
2017-11-17,Chandigarh,Chandigarh,20.6,32.2,26.4,27.1,77.4,12.6,22.6
2019-04-23,Punjab,Patiala,21.8,36.7,29.2,47.8,32.9,13.1,29.9
2023-09-26,Andaman and Nicobar Islands,Port Blair,14.7,31.4,23.0,74.4,53.1,19.5,24.8
2015-10-20,Andaman and Nicobar Islands,Port Blair,12.0,33.1,22.6,56.2,62.5,14.1,26.3
2024-06-04,Tamil Nadu,Coimbatore,24.0,35.7,29.8,297.5,50.1,9.7,25.3
2024-01-29,Rajasthan,Udaipur,14.2,21.1,17.6,9.8,41.5,15.0,29.2
2024-12-30,Jharkhand,Ranchi,21.1,26.4,23.8,37.8,67.0,9.7,23.7
2025-05-25,Kerala,Ernakulam,24.4,29.7,27.0,92.5,84.1,17.0,26.2
2024-01-03,Chandigarh,Chandigarh,22.7,28.3,25.5,69.7,48.7,6.7,20.7
2021-02-02,Delhi,New Delhi,15.2,25.4,20.3,41.8,69.3,12.6,29.8
2024-03-24,Nagaland,Kohima,13.2,21.7,17.4,54.3,52.6,7.6,27.9
2025-04-05,Maharashtra,Nashik,20.7,36.4,28.6,33.8,82.3,9.4,32.5
2020-10-06,Sikkim,Gangtok,22.6,28.5,25.6,9.8,63.9,14.3,26.2
2018-07-16,Rajasthan,Jodhpur,21.4,43.8,32.6,113.8,23.0,19.8,22.8
2015-11-04,Andhra Pradesh,Krishna,27.2,32.7,30.0,59.8,66.3,15.8,24.9
2024-12-20,Manipur,Imphal,22.0,34.6,28.3,57.0,69.8,8.3,23.5
2024-03-13,Ladakh,Leh,11.9,26.5,19.2,36.3,51.8,6.0,29.3
2017-09-03,Sikkim,Gangtok,19.1,27.6,23.4,117.4,55.8,20.2,22.1
2023-09-12,Lakshadweep,Kavaratti,22.8,30.0,26.4,263.9,75.8,18.4,28.9
2018-06-05,Delhi,New Delhi,21.2,27.5,24.4,287.7,47.6,15.4,28.8
2018-06-24,Tamil Nadu,Chennai,22.8,35.8,29.3,144.7,68.8,13.0,33.9
2022-07-10,Arunachal Pradesh,Itanagar,12.3,20.4,16.4,51.1,70.3,10.4,25.3
2019-02-26,Arunachal Pradesh,Itanagar,21.5,27.5,24.5,70.1,51.4,16.9,27.9
2020-10-31,Andaman and Nicobar Islands,Port Blair,15.2,28.3,21.8,49.2,56.6,10.4,28.5
2018-04-24,Assam,Tinsukia,13.0,31.5,22.2,50.5,84.5,9.3,34.3
2021-04-18,Gujarat,Ahmedabad,25.3,36.5,30.9,18.3,50.3,6.0,26.4
2018-10-10,Ladakh,Leh,14.4,34.2,24.3,37.8,56.0,16.6,26.9
2019-11-09,Andaman and Nicobar Islands,Port Blair,20.0,31.1,25.6,14.1,55.6,18.5,29.6
2019-09-16,Ladakh,Leh,16.5,21.5,19.0,159.8,49.1,10.8,22.8
2020-08-04,Tamil Nadu,Madurai,21.0,26.6,23.8,200.1,59.2,11.8,22.2
2017-03-06,Meghalaya,Shillong,17.4,31.6,24.5,51.0,79.0,18.7,24.2
2017-06-15,Dadra and Nagar Haveli and Daman and Diu,Daman,22.2,28.6,25.4,79.4,68.0,11.3,29.5
2020-05-15,Puducherry,Puducherry,14.8,23.3,19.0,15.8,64.5,5.8,32.0
2015-07-29,Andhra Pradesh,Visakhapatnam,28.9,36.0,32.4,147.4,67.7,18.0,25.4
2022-11-03,Nagaland,Kohima,20.4,33.2,26.8,74.3,55.7,13.8,23.8
2025-08-15,Manipur,Imphal,13.6,35.0,24.3,23.9,42.6,16.7,27.1
2022-04-10,Mizoram,Aizawl,20.9,32.3,26.6,60.2,69.8,13.2,29.7
2021-10-30,Jharkhand,Ranchi,20.8,32.5,26.6,28.3,40.1,9.7,25.3
2021-11-12,Punjab,Patiala,18.2,29.6,23.9,47.0,49.1,7.1,21.9
2017-08-25,Goa,North Goa,11.4,21.4,16.4,105.3,53.4,20.5,27.7
2016-04-16,Haryana,Hisar,17.4,30.2,23.8,22.0,30.5,18.8,27.9
2025-05-19,Puducherry,Puducherry,22.6,33.1,27.8,13.0,52.5,12.3,27.6
2021-08-14,Lakshadweep,Kavaratti,16.0,25.0,20.5,198.0,54.4,13.2,22.7
2023-01-26,Bihar,Muzaffarpur,25.6,36.7,31.2,56.9,55.8,17.6,24.2
2024-10-03,Punjab,Amritsar,9.4,27.5,18.4,25.0,33.7,14.9,28.1
2017-07-11,Telangana,Nizamabad,22.3,36.9,29.6,192.3,50.9,13.2,29.5
2015-05-17,Telangana,Hyderabad,20.6,27.8,24.2,14.9,75.0,15.1,26.2
2016-01-02,Uttar Pradesh,Lucknow,25.7,37.8,31.8,59.2,55.6,12.7,22.5
2023-02-07,Tripura,Agartala,12.9,30.4,21.6,31.1,69.0,16.6,29.0
2015-07-03,Ladakh,Leh,16.4,22.7,19.5,26.1,51.7,22.0,27.5
2025-01-07,Gujarat,Rajkot,24.5,32.5,28.5,37.1,59.6,8.5,27.1
2024-03-12,Jharkhand,Ranchi,11.8,18.7,15.2,8.9,72.4,9.1,26.0
2021-11-24,Kerala,Ernakulam,22.4,30.8,26.6,28.5,85.8,13.1,28.9
2018-10-30,Andhra Pradesh,Chittoor,24.7,33.0,28.8,36.1,57.3,18.3,23.0
2022-05-25,Tripura,Agartala,14.4,29.3,21.8,13.6,48.8,11.4,26.8
2022-08-28,Meghalaya,Shillong,13.9,30.2,22.0,98.4,65.5,15.4,27.7
2016-06-20,Chhattisgarh,Raipur,21.3,28.0,24.6,284.1,72.1,16.0,30.6
2024-10-22,Odisha,Bhubaneswar,27.4,36.1,31.8,53.1,72.1,6.3,25.8
2022-10-20,Bihar,Gaya,12.9,20.5,16.7,63.0,55.3,12.5,22.9
2019-05-22,Goa,North Goa,10.5,24.1,17.3,57.5,70.3,18.8,33.4
2018-06-27,Uttar Pradesh,Lucknow,31.5,39.6,35.6,31.2,73.2,22.3,29.6
2023-02-15,Himachal Pradesh,Kangra,2.3,7.9,5.1,49.9,66.7,5.2,29.5
2022-01-01,Maharashtra,Mumbai,24.5,35.9,30.2,74.9,54.3,18.5,20.0
2022-05-01,Himachal Pradesh,Kangra,14.9,23.5,19.2,22.4,57.4,8.0,33.7
2023-05-08,Manipur,Imphal,21.9,33.8,27.8,63.5,73.0,13.7,34.0
2018-01-01,Punjab,Patiala,6.5,19.6,13.0,14.6,34.8,5.1,24.0
2018-07-29,Haryana,Hisar,23.1,35.8,29.4,137.2,65.5,22.4,26.8
2017-07-04,Lakshadweep,Kavaratti,11.3,29.0,20.2,175.3,42.6,11.9,22.4
2024-05-24,Rajasthan,Udaipur,29.3,38.0,33.6,21.3,51.4,19.0,30.4
2023-06-09,Odisha,Bhubaneswar,23.3,29.4,26.4,218.0,74.0,10.8,26.1
2023-12-27,Andaman and Nicobar Islands,Port Blair,23.0,28.8,25.9,68.9,50.9,9.9,25.3
2025-09-11,Dadra and Nagar Haveli and Daman and Diu,Daman,12.8,29.6,21.2,166.7,77.8,21.7,27.7
2015-06-01,Goa,North Goa,12.8,21.5,17.2,95.2,73.4,17.7,26.8
2017-10-25,Bihar,Gaya,18.1,39.6,28.8,57.6,77.4,17.1,27.3
2018-05-03,Andaman and Nicobar Islands,Port Blair,22.4,32.7,27.6,44.7,69.4,8.4,29.9
2020-05-31,Assam,Kamrup,24.3,33.9,29.1,140.8,93.9,13.8,27.0
2024-03-08,Andhra Pradesh,Visakhapatnam,27.4,32.5,30.0,15.8,58.6,5.2,26.8
2021-11-16,Manipur,Imphal,22.2,33.1,27.6,15.1,72.2,17.4,21.0
2023-09-20,Rajasthan,Udaipur,22.3,39.5,30.9,71.0,55.6,15.9,21.2
2015-09-28,Dadra and Nagar Haveli and Daman and Diu,Daman,18.0,29.9,24.0,287.0,56.9,21.4,23.2
2018-04-01,Gujarat,Rajkot,22.7,37.4,30.0,44.8,61.0,7.3,26.9
2016-04-04,Mizoram,Aizawl,11.0,27.8,19.4,35.8,75.0,19.8,33.8
2015-04-15,Odisha,Bhubaneswar,15.7,38.9,27.3,19.3,65.7,9.5,26.6
2025-04-22,Assam,Cachar,12.6,23.6,18.1,28.2,62.3,15.7,31.3
2024-12-06,Chandigarh,Chandigarh,11.5,24.5,18.0,47.5,43.9,19.6,28.5
2024-03-07,Jammu and Kashmir,Srinagar,4.5,20.1,12.3,43.0,53.4,16.4,26.6
2019-09-07,Andaman and Nicobar Islands,Port Blair,23.0,28.0,25.5,189.1,79.7,19.8,23.4
2021-01-18,Maharashtra,Mumbai,19.9,31.4,25.6,58.8,66.3,6.0,23.9
2021-07-26,Jammu and Kashmir,Srinagar,17.1,27.2,22.2,153.0,52.4,12.2,27.5
2016-03-09,West Bengal,Howrah,17.7,26.5,22.1,103.5,60.6,6.0,25.5
2022-12-09,Chandigarh,Chandigarh,14.2,19.3,16.8,40.1,75.8,14.7,20.2
2015-05-20,Uttar Pradesh,Lucknow,15.2,25.6,20.4,41.9,52.8,7.6,29.6
2019-02-03,Gujarat,Surat,30.8,38.3,34.6,44.2,49.0,16.4,27.9
2023-10-09,Dadra and Nagar Haveli and Daman and Diu,Daman,21.4,31.9,26.6,71.7,77.1,9.5,26.9
2015-03-28,Chhattisgarh,Raipur,20.0,27.0,23.5,23.6,52.4,10.0,28.5
2019-09-08,Jammu and Kashmir,Srinagar,15.1,28.1,21.6,277.4,60.6,20.5,27.0
2021-02-08,Maharashtra,Pune,23.6,30.8,27.2,59.5,49.3,9.3,22.8
2021-08-12,Ladakh,Leh,21.4,30.8,26.1,242.1,75.1,17.2,24.1
2015-05-09,Uttarakhand,Dehradun,22.9,31.9,27.4,65.0,50.6,13.5,27.1
2018-06-23,Telangana,Nizamabad,26.4,36.4,31.4,184.6,65.6,13.6,26.9
2025-01-20,Andaman and Nicobar Islands,Port Blair,22.1,30.1,26.1,74.2,59.2,12.4,26.8
2019-05-21,Sikkim,Gangtok,20.0,26.8,23.4,24.1,49.3,5.8,25.2
2016-10-31,Haryana,Faridabad,21.1,33.0,27.0,45.3,42.0,16.8,21.0
2024-06-11,Manipur,Imphal,22.2,34.4,28.3,195.7,69.4,22.8,28.8
2015-05-29,Chhattisgarh,Raipur,10.4,28.8,19.6,5.9,62.7,14.0,30.8
2017-09-11,Bihar,Purnia,11.7,18.5,15.1,276.0,61.7,12.8,27.7
2017-05-01,Karnataka,Hubli,27.2,34.5,30.8,18.8,71.2,18.6,34.8
2018-12-27,Nagaland,Kohima,22.2,29.3,25.8,30.1,45.5,15.7,21.7
2016-09-19,Chandigarh,Chandigarh,16.5,28.7,22.6,127.1,46.0,12.3,26.3
2025-05-25,Manipur,Imphal,20.9,31.5,26.2,72.6,64.5,8.4,29.9
2019-02-01,Goa,North Goa,22.5,29.9,26.2,56.6,71.4,19.0,24.0
2021-10-29,Meghalaya,Shillong,13.9,27.1,20.5,74.6,76.1,9.3,22.0
2020-08-06,Himachal Pradesh,Shimla,9.5,17.1,13.3,237.1,41.5,11.4,20.2
2024-09-22,Puducherry,Puducherry,13.4,19.3,16.4,208.6,62.8,11.2,22.1
2017-06-02,Uttarakhand,Dehradun,14.4,31.9,23.2,62.1,44.9,15.6,33.6
2021-05-30,Madhya Pradesh,Bhopal,14.9,22.2,18.6,32.0,59.3,14.3,29.2
2019-11-24,Ladakh,Leh,10.6,21.4,16.0,69.3,48.9,14.2,29.1
2023-10-20,Uttarakhand,Dehradun,17.3,28.0,22.6,14.9,79.2,7.7,24.8
2015-09-07,Himachal Pradesh,Shimla,3.4,15.9,9.6,269.8,65.7,8.1,29.7
2023-01-04,Chhattisgarh,Raipur,21.8,35.0,28.4,58.4,70.6,15.5,24.2
2017-08-05,Sikkim,Gangtok,14.7,27.7,21.2,69.9,68.9,23.0,26.0
2017-09-01,Dadra and Nagar Haveli and Daman and Diu,Daman,22.8,29.0,25.9,251.0,76.3,20.6,26.3
2018-08-18,Assam,Dibrugarh,23.9,34.8,29.4,507.7,79.1,20.5,23.7
2023-06-24,Chandigarh,Chandigarh,15.2,25.3,20.2,75.8,64.9,17.9,33.6
2022-10-07,Rajasthan,Udaipur,27.4,42.2,34.8,28.3,47.9,10.1,29.7
2017-09-10,Jammu and Kashmir,Srinagar,12.8,25.0,18.9,260.3,56.8,9.4,22.4
2017-06-07,Goa,North Goa,22.1,32.9,27.5,52.8,42.8,17.3,34.4
2023-01-16,West Bengal,Darjeeling,13.1,29.0,21.0,103.4,71.1,10.3,27.9
2020-10-18,Lakshadweep,Kavaratti,21.6,33.6,27.6,71.2,46.0,10.1,29.9
2022-04-26,Tripura,Agartala,18.9,31.3,25.1,66.9,67.6,15.2,26.0
2017-05-24,Lakshadweep,Kavaratti,17.6,30.9,24.2,61.5,56.5,6.9,28.7
2023-09-19,Jammu and Kashmir,Srinagar,8.6,25.9,17.2,45.1,55.4,14.7,25.5
2024-05-28,Sikkim,Gangtok,24.5,33.6,29.0,20.6,65.3,10.2,33.1
2018-08-19,Telangana,Warangal,20.1,27.3,23.7,66.4,61.8,9.8,20.4
2016-04-15,Chandigarh,Chandigarh,15.0,32.0,23.5,15.9,54.3,11.5,33.8
2020-06-10,Lakshadweep,Kavaratti,17.1,28.7,22.9,91.3,66.7,8.4,34.6
2015-04-01,Dadra and Nagar Haveli and Daman and Diu,Daman,17.5,23.3,20.4,44.1,60.6,8.6,27.1
2016-06-13,Tamil Nadu,Chennai,22.2,28.6,25.4,231.3,80.8,21.8,34.5
2016-10-22,Delhi,New Delhi,19.0,30.8,24.9,26.7,75.4,12.3,22.8
2017-01-08,Tripura,Agartala,24.5,33.4,29.0,37.5,42.7,7.1,22.0
2022-08-05,Ladakh,Leh,23.5,34.8,29.2,94.8,59.9,19.9,23.8
2017-05-21,Telangana,Nizamabad,23.9,38.8,31.4,23.5,79.8,11.8,27.6
2019-08-14,Dadra and Nagar Haveli and Daman and Diu,Daman,23.4,28.9,26.2,199.8,42.5,22.2,26.4
2015-07-11,Madhya Pradesh,Bhopal,18.8,31.5,25.2,56.3,44.4,21.6,28.1
2020-06-09,Jharkhand,Ranchi,19.9,34.7,27.3,180.6,47.1,18.7,30.9
2024-12-02,Tamil Nadu,Coimbatore,23.5,29.9,26.7,71.0,65.5,13.7,23.2
2024-01-27,Nagaland,Kohima,12.3,23.7,18.0,64.6,46.4,12.1,23.0
2020-12-25,Lakshadweep,Kavaratti,24.4,29.9,27.2,22.2,58.0,8.7,27.1
2015-12-11,Delhi,New Delhi,15.6,31.8,23.7,43.6,57.1,10.5,22.2
2023-11-26,Ladakh,Leh,13.8,21.7,17.8,64.6,61.9,12.2,23.2
2017-10-05,West Bengal,Howrah,19.3,36.4,27.8,108.5,74.0,12.9,22.3
2025-05-11,Meghalaya,Shillong,20.4,33.6,27.0,26.4,57.4,6.6,33.6
2021-12-25,Meghalaya,Shillong,11.5,29.5,20.5,18.1,69.3,14.6,26.9
2015-07-22,Nagaland,Kohima,19.5,28.7,24.1,193.7,49.4,12.1,20.7
2016-07-26,Haryana,Faridabad,20.3,37.7,29.0,88.1,38.3,20.4,26.4
2015-07-11,Meghalaya,Shillong,23.4,28.4,25.9,132.3,76.0,18.1,24.7
2020-08-14,Karnataka,Mysore,22.1,36.9,29.5,339.4,40.6,9.8,25.1
2020-03-28,Goa,North Goa,11.7,21.7,16.7,63.4,55.4,11.8,21.7
2024-01-22,Andhra Pradesh,Chittoor,26.0,32.1,29.0,51.0,72.4,18.1,25.8
2019-09-13,Kerala,Thrissur,23.0,34.0,28.5,398.3,70.7,12.8,23.2
2015-11-07,West Bengal,Darjeeling,11.0,18.2,14.6,20.3,62.5,12.1,21.5
2022-02-09,Mizoram,Aizawl,22.4,27.9,25.2,71.2,43.0,18.4,22.6
2020-10-04,Andhra Pradesh,Visakhapatnam,29.9,37.6,33.8,11.2,58.5,19.1,23.0
2016-03-18,Lakshadweep,Kavaratti,15.4,21.0,18.2,22.7,50.4,15.7,25.1
2018-06-14,Haryana,Hisar,9.0,34.7,21.8,130.1,40.7,11.4,34.2
2017-05-19,Telangana,Nizamabad,25.6,38.2,31.9,24.7,63.5,5.8,30.9
2023-12-13,Jharkhand,Ranchi,13.1,29.4,21.2,70.2,58.3,9.6,21.2
2016-08-07,Jharkhand,Ranchi,20.1,30.9,25.5,172.5,77.4,22.7,27.2
2019-05-14,Ladakh,Leh,12.9,34.1,23.5,29.1,43.2,8.6,33.3
2022-08-31,Tripura,Agartala,13.1,24.8,19.0,96.6,41.9,16.4,26.3
2019-03-18,Jharkhand,Ranchi,21.9,30.3,26.1,14.9,66.1,18.4,21.2
2024-08-21,Odisha,Bhubaneswar,17.7,28.4,23.0,274.1,68.3,18.7,20.3
2015-12-26,Manipur,Imphal,22.2,34.9,28.6,8.3,59.8,16.1,24.8
2019-09-20,Meghalaya,Shillong,18.9,34.1,26.5,171.2,49.5,19.1,23.8
2022-11-06,Arunachal Pradesh,Itanagar,14.3,23.2,18.8,10.6,77.3,13.5,29.6
2020-09-08,Andaman and Nicobar Islands,Port Blair,22.9,28.1,25.5,89.2,52.6,15.3,27.2
2019-12-08,Bihar,Patna,23.0,39.8,31.4,70.0,47.5,17.9,28.4
2020-07-04,Andaman and Nicobar Islands,Port Blair,18.6,27.5,23.0,78.4,48.5,13.1,25.0
2020-11-25,Dadra and Nagar Haveli and Daman and Diu,Daman,18.8,27.4,23.1,30.0,40.5,5.0,29.1
2017-04-23,Mizoram,Aizawl,10.2,15.9,13.0,19.4,69.7,15.2,31.5
2019-06-14,Jharkhand,Ranchi,18.6,25.9,22.2,131.4,59.1,16.7,27.0
2022-07-27,Uttarakhand,Dehradun,20.9,28.7,24.8,204.9,60.6,16.9,24.1
2017-06-09,Manipur,Imphal,16.7,33.2,25.0,153.2,71.8,13.9,32.0
2020-06-14,Dadra and Nagar Haveli and Daman and Diu,Daman,13.5,33.6,23.6,290.8,76.1,13.2,27.8
2020-06-05,Rajasthan,Udaipur,14.6,41.8,28.2,27.8,45.7,13.0,26.9
2017-08-17,Uttar Pradesh,Kanpur,10.0,38.5,24.2,209.2,43.6,8.5,28.7
2019-01-08,Ladakh,Leh,10.9,17.5,14.2,62.5,72.7,8.0,20.4
2023-01-19,Mizoram,Aizawl,10.9,24.6,17.8,34.3,47.3,18.6,25.5
2019-01-01,Assam,Tinsukia,22.1,27.9,25.0,146.7,88.3,9.3,20.2
2017-01-01,Maharashtra,Nashik,20.0,31.3,25.6,10.3,41.8,6.5,28.1
2016-08-28,Madhya Pradesh,Bhopal,22.0,29.9,26.0,78.2,55.7,12.8,26.8
2021-11-09,Uttarakhand,Dehradun,21.7,29.2,25.4,30.7,42.0,17.3,26.1
2016-09-06,Andhra Pradesh,Chittoor,28.9,35.1,32.0,289.8,71.2,10.9,24.6
2025-06-03,Mizoram,Aizawl,20.5,25.7,23.1,238.5,77.9,9.2,34.0
2022-07-08,Puducherry,Puducherry,17.0,28.7,22.8,255.2,63.6,13.3,27.3
2020-06-27,Maharashtra,Nagpur,19.7,34.9,27.3,396.3,55.1,22.6,31.4
2019-09-16,Mizoram,Aizawl,11.4,34.4,22.9,228.3,67.8,11.8,24.7
2024-10-06,Assam,Dibrugarh,23.5,30.5,27.0,77.9,69.0,8.2,20.4
2016-11-04,Puducherry,Puducherry,21.1,26.9,24.0,42.2,42.0,19.8,27.1
2018-06-24,Tripura,Agartala,19.5,26.5,23.0,167.9,60.1,13.4,26.6
2022-02-03,Arunachal Pradesh,Itanagar,15.5,29.3,22.4,39.1,62.8,13.6,22.4
2019-05-07,Puducherry,Puducherry,11.7,26.2,19.0,67.5,79.8,16.8,27.2
2022-12-14,Uttar Pradesh,Lucknow,22.0,30.6,26.3,36.7,54.0,10.7,26.4
2019-05-31,Dadra and Nagar Haveli and Daman and Diu,Daman,22.9,30.3,26.6,39.0,58.2,8.7,29.2
2017-06-15,Himachal Pradesh,Shimla,0.4,18.1,9.2,227.4,54.7,19.2,32.5
2019-01-02,Chandigarh,Chandigarh,24.8,32.6,28.7,33.3,65.6,14.4,29.9
2015-10-05,Punjab,Amritsar,22.7,31.5,27.1,13.4,61.7,7.7,26.3
2016-07-05,Rajasthan,Jaipur,13.3,37.5,25.4,127.4,59.6,22.3,27.1
2019-06-25,Andaman and Nicobar Islands,Port Blair,14.2,19.9,17.0,175.5,70.6,8.2,30.2
2020-11-28,Tripura,Agartala,23.2,32.5,27.8,52.9,59.0,19.1,23.7
2021-08-29,Tripura,Agartala,15.7,28.1,21.9,184.1,61.5,20.3,28.3
2025-09-09,Himachal Pradesh,Shimla,2.6,21.0,11.8,295.8,64.0,18.3,28.6
2017-01-30,Uttar Pradesh,Varanasi,28.4,33.5,31.0,18.2,73.1,15.0,26.3
2023-12-07,Meghalaya,Shillong,22.9,33.6,28.2,57.6,41.9,16.7,22.0
2024-10-01,Kerala,Ernakulam,22.1,31.0,26.6,142.8,86.6,19.7,22.5
2022-07-04,Telangana,Nizamabad,26.3,31.8,29.0,248.9,61.0,22.9,22.4
2018-12-20,Uttar Pradesh,Varanasi,26.2,33.0,29.6,20.8,44.8,13.7,23.7
2016-02-09,Punjab,Patiala,16.0,30.9,23.4,7.5,56.6,14.7,29.6
2018-09-20,Himachal Pradesh,Mandi,2.7,8.4,5.6,74.6,56.9,11.2,22.2
2018-05-17,Tamil Nadu,Chennai,27.0,33.9,30.4,47.5,73.9,10.1,30.5
2015-01-22,Andaman and Nicobar Islands,Port Blair,17.8,26.0,21.9,55.2,73.4,16.8,24.0
2016-11-08,Dadra and Nagar Haveli and Daman and Diu,Daman,24.0,34.4,29.2,23.7,45.0,18.4,27.4
2022-04-12,Odisha,Bhubaneswar,19.7,29.4,24.5,39.0,80.1,8.6,31.5
2020-07-21,Punjab,Ludhiana,25.9,34.4,30.2,31.1,60.4,8.3,28.3
2018-05-16,Tamil Nadu,Madurai,22.9,36.0,29.4,59.1,62.6,18.5,32.7
2020-08-17,Uttarakhand,Dehradun,11.2,33.7,22.5,150.8,46.0,19.6,25.2
2022-07-12,Chandigarh,Chandigarh,20.1,32.0,26.0,75.2,78.8,9.6,26.1
2025-04-16,Rajasthan,Jaipur,13.7,41.8,27.8,9.0,37.6,6.3,29.5
2019-12-14,Jammu and Kashmir,Srinagar,0.1,16.1,8.1,54.7,47.3,13.3,24.7
2016-06-12,Gujarat,Vadodara,20.7,36.6,28.6,199.1,67.5,22.6,25.2
2020-07-30,Sikkim,Gangtok,13.8,33.7,23.8,33.5,54.6,17.8,29.8
2022-04-03,Jharkhand,Ranchi,14.1,31.3,22.7,51.2,64.5,16.1,27.5
2019-08-04,Tamil Nadu,Madurai,22.7,33.5,28.1,198.0,75.3,20.0,25.3
2016-10-18,Manipur,Imphal,15.9,33.8,24.8,57.5,66.9,5.9,25.3
2015-06-15,Chandigarh,Chandigarh,11.8,28.8,20.3,103.9,69.5,19.7,28.0
2017-04-28,Puducherry,Puducherry,24.6,32.4,28.5,20.3,71.0,16.4,29.1
2016-05-10,Madhya Pradesh,Bhopal,24.5,29.8,27.2,21.0,65.3,8.5,34.1
2016-08-12,Bihar,Muzaffarpur,20.8,38.6,29.7,74.0,58.6,12.4,28.9
2016-03-04,Nagaland,Kohima,15.1,28.9,22.0,62.9,49.2,5.7,24.9
2022-09-22,Tamil Nadu,Coimbatore,25.5,35.9,30.7,190.2,52.8,14.0,21.2
2015-06-12,Delhi,New Delhi,11.1,21.8,16.4,237.6,70.7,17.1,33.3
2021-08-10,Puducherry,Puducherry,17.5,25.5,21.5,179.6,76.9,8.5,29.6
2024-11-06,Puducherry,Puducherry,21.2,32.2,26.7,48.0,50.3,18.3,29.7
2018-06-16,Ladakh,Leh,23.9,29.6,26.8,226.2,62.3,19.8,28.5
2015-03-13,Jammu and Kashmir,Srinagar,19.1,25.9,22.5,58.0,60.2,14.3,21.2
2024-08-17,Mizoram,Aizawl,19.2,30.3,24.8,221.3,51.5,20.5,29.5
2016-10-16,West Bengal,Kolkata,25.9,33.7,29.8,97.7,64.6,17.9,23.8
2025-08-29,Maharashtra,Pune,20.2,32.4,26.3,102.1,66.4,16.6,24.9
2024-10-20,Puducherry,Puducherry,19.1,34.7,26.9,31.8,56.9,9.1,21.8
2025-08-02,Karnataka,Belgaum,20.9,28.5,24.7,195.7,50.5,15.8,22.9
2015-09-26,Madhya Pradesh,Bhopal,19.3,26.6,23.0,56.1,54.6,16.5,21.7
2019-11-12,Delhi,New Delhi,14.4,22.9,18.6,60.8,54.6,11.1,26.6
2021-09-28,Arunachal Pradesh,Itanagar,14.9,25.6,20.2,243.4,71.8,17.1,25.6
2018-06-22,Puducherry,Puducherry,12.7,25.9,19.3,96.8,69.2,17.4,28.8
2017-10-12,Andaman and Nicobar Islands,Port Blair,18.0,28.1,23.0,15.3,71.2,18.5,29.3
2022-06-15,Bihar,Purnia,25.4,38.3,31.8,54.5,71.3,12.6,26.4
2017-12-19,Kerala,Ernakulam,23.6,32.3,28.0,85.6,79.6,15.7,21.4
2015-01-06,Uttar Pradesh,Varanasi,21.7,27.5,24.6,29.7,35.0,11.7,21.8
2025-05-08,West Bengal,Kolkata,23.2,37.0,30.1,29.5,79.5,7.2,29.3
2017-09-08,Assam,Kamrup,19.4,30.1,24.8,128.6,72.7,15.1,23.9
2022-03-02,Punjab,Patiala,21.6,38.5,30.0,35.0,53.6,7.2,23.5
2025-08-24,Jharkhand,Ranchi,18.2,34.2,26.2,105.3,53.5,16.8,29.0
2016-02-11,Nagaland,Kohima,18.1,25.2,21.6,10.3,75.6,15.0,22.2
2024-01-02,Uttarakhand,Dehradun,20.9,32.4,26.6,59.0,75.7,7.3,29.6
2020-05-07,Dadra and Nagar Haveli and Daman and Diu,Daman,25.0,30.1,27.6,11.4,57.4,5.5,32.3
2020-09-04,Uttarakhand,Dehradun,19.8,32.7,26.2,299.6,77.3,12.5,24.0
2025-08-22,Andhra Pradesh,Guntur,27.8,35.6,31.7,221.6,77.6,14.1,25.6
2023-06-04,Goa,North Goa,22.6,31.1,26.8,101.0,50.3,9.1,28.3
2017-09-12,Karnataka,Belgaum,24.9,30.4,27.6,138.7,45.0,14.1,20.9
2024-11-12,Puducherry,Puducherry,21.2,34.4,27.8,18.5,50.0,7.4,21.9
2016-01-25,Punjab,Amritsar,12.8,24.0,18.4,22.3,51.0,15.9,28.8
2016-12-10,Rajasthan,Jaipur,21.5,43.3,32.4,28.0,49.2,12.8,25.2
2022-03-03,Rajasthan,Jaipur,23.3,36.5,29.9,19.7,51.0,10.8,22.1
2019-01-11,Nagaland,Kohima,12.0,32.8,22.4,65.4,49.7,6.8,29.6
2017-01-23,Rajasthan,Jodhpur,22.1,28.8,25.5,10.6,48.2,6.2,24.3
2021-01-02,Odisha,Bhubaneswar,21.4,35.7,28.6,27.9,84.4,7.3,26.0
2018-11-12,Bihar,Patna,15.2,22.8,19.0,45.0,46.8,15.2,20.3
2022-10-03,Madhya Pradesh,Bhopal,21.2,29.7,25.4,57.2,58.4,16.3,27.1
2018-06-26,Nagaland,Kohima,20.0,26.4,23.2,299.3,66.3,21.5,30.0
2016-06-09,Andaman and Nicobar Islands,Port Blair,14.3,26.2,20.2,131.8,40.6,18.1,32.4
2019-01-25,Tripura,Agartala,10.6,20.4,15.5,51.5,52.9,19.0,21.1
2020-08-22,Madhya Pradesh,Bhopal,30.4,41.4,35.9,230.3,33.1,12.1,22.5
2023-01-29,Uttarakhand,Dehradun,23.3,33.7,28.5,16.1,45.7,12.1,21.7
2021-08-28,Odisha,Bhubaneswar,22.1,38.0,30.0,220.0,75.4,11.8,22.7
2016-07-09,Andhra Pradesh,Guntur,25.9,38.7,32.3,178.1,55.9,11.3,26.2
2023-01-13,Odisha,Bhubaneswar,16.6,22.8,19.7,19.3,63.7,10.3,20.0
2024-07-02,Andhra Pradesh,Chittoor,21.6,31.3,26.4,151.8,62.1,12.8,28.1
2015-01-19,Mizoram,Aizawl,16.2,30.1,23.2,63.3,74.1,17.9,24.9
2016-07-28,Rajasthan,Jodhpur,26.5,35.7,31.1,139.3,28.5,19.8,24.7
2024-10-02,Sikkim,Gangtok,14.5,25.4,20.0,46.2,77.2,6.5,29.2
2022-08-30,Manipur,Imphal,22.2,31.8,27.0,56.5,72.5,18.4,25.0
2017-09-30,Lakshadweep,Kavaratti,23.3,32.8,28.0,100.8,41.7,19.4,22.6
2021-10-02,Bihar,Gaya,14.2,28.6,21.4,58.7,77.0,8.2,28.8
2024-05-01,Lakshadweep,Kavaratti,19.1,33.4,26.2,64.4,55.7,15.2,34.5
2021-10-02,Bihar,Muzaffarpur,22.8,33.4,28.1,34.2,45.7,20.0,26.6
2020-04-22,Andhra Pradesh,Chittoor,22.8,28.7,25.8,59.0,75.7,11.4,34.6
2020-04-23,Delhi,New Delhi,14.9,31.3,23.1,23.4,53.4,14.1,25.4
2019-06-24,Gujarat,Rajkot,18.6,26.8,22.7,79.0,61.1,21.6,25.1
2019-08-26,Himachal Pradesh,Mandi,5.1,10.6,7.8,263.9,47.9,19.6,20.3
2020-12-09,Andhra Pradesh,Visakhapatnam,24.0,32.9,28.4,31.4,67.1,10.9,24.0
2016-03-07,Meghalaya,Shillong,12.8,24.9,18.8,56.9,52.9,17.9,21.7
2020-09-22,Nagaland,Kohima,22.7,32.2,27.4,138.7,41.4,9.9,24.1
2020-03-10,Goa,North Goa,23.2,34.7,29.0,70.1,51.0,8.8,27.4
2020-04-27,Arunachal Pradesh,Itanagar,24.1,29.9,27.0,31.4,73.5,12.4,33.4
2018-09-02,Himachal Pradesh,Kangra,2.3,24.9,13.6,141.3,67.7,12.4,26.9
2021-08-25,Bihar,Muzaffarpur,23.4,33.3,28.4,292.0,40.0,18.1,29.1
2015-05-25,Tamil Nadu,Coimbatore,26.9,35.3,31.1,90.6,53.8,13.2,34.8
2024-04-21,Haryana,Karnal,29.8,38.3,34.0,12.5,34.5,18.8,33.8
2021-08-07,Tripura,Agartala,14.7,34.0,24.4,56.5,51.8,17.7,21.7
2017-12-09,Meghalaya,Shillong,24.8,31.0,27.9,22.2,59.0,16.7,21.2
2017-12-24,Jammu and Kashmir,Srinagar,13.3,19.5,16.4,16.2,41.7,13.2,24.4
2021-07-30,Mizoram,Aizawl,14.6,27.7,21.2,160.5,59.0,10.6,29.0
2017-03-10,Nagaland,Kohima,19.3,25.7,22.5,22.9,70.6,16.6,27.3
2023-11-10,Uttarakhand,Dehradun,21.9,31.7,26.8,25.2,54.3,12.6,22.5
2023-10-18,Manipur,Imphal,22.8,33.2,28.0,73.6,56.6,18.1,27.8
2022-11-13,Mizoram,Aizawl,22.5,32.7,27.6,29.4,49.8,9.1,25.7
2018-02-25,Chhattisgarh,Raipur,23.2,31.3,27.2,46.9,69.4,17.8,26.5
2021-09-11,Meghalaya,Shillong,19.4,34.9,27.2,261.5,69.3,20.5,30.0
2020-05-10,Manipur,Imphal,17.6,31.3,24.5,61.9,57.8,19.3,28.8
2023-01-06,Puducherry,Puducherry,13.6,29.7,21.6,10.7,45.1,19.6,22.8
2016-04-07,Odisha,Bhubaneswar,15.5,29.8,22.6,88.1,61.7,11.3,26.6
2019-11-10,Haryana,Karnal,13.7,39.3,26.5,44.5,59.6,16.8,26.7
2020-08-07,Jharkhand,Ranchi,11.8,18.9,15.4,170.4,63.8,22.6,24.5
2025-09-12,Chhattisgarh,Raipur,23.8,34.9,29.4,256.5,56.0,19.3,25.5
2017-03-18,Uttar Pradesh,Lucknow,10.4,18.9,14.6,8.9,46.3,15.3,29.1
2015-07-06,Sikkim,Gangtok,14.8,27.9,21.4,151.3,44.4,19.4,25.2
2019-10-10,Tamil Nadu,Coimbatore,27.3,37.1,32.2,35.0,60.9,13.1,21.3
2017-01-01,Madhya Pradesh,Bhopal,15.5,38.2,26.8,13.4,51.8,10.9,22.0
2020-04-19,Himachal Pradesh,Mandi,19.4,29.0,24.2,27.3,71.4,5.1,27.8
2018-04-28,Punjab,Ludhiana,7.7,24.3,16.0,33.7,36.9,8.6,28.9
2018-11-12,West Bengal,Darjeeling,21.4,30.0,25.7,79.2,64.0,8.9,28.6
2016-03-04,Telangana,Nizamabad,22.6,39.0,30.8,29.9,61.7,5.8,26.8
2022-12-15,Delhi,New Delhi,21.9,34.8,28.4,63.6,52.5,13.3,25.9
2018-07-31,Punjab,Amritsar,6.4,13.5,10.0,78.6,59.8,12.3,28.7
2021-04-03,Chandigarh,Chandigarh,19.7,29.5,24.6,42.8,53.3,19.6,26.8
2018-05-02,Himachal Pradesh,Kangra,17.2,27.5,22.4,56.3,73.4,7.0,32.0
2018-08-03,Mizoram,Aizawl,21.6,34.9,28.2,229.3,78.1,20.7,28.8
2017-02-09,Ladakh,Leh,23.8,32.1,28.0,54.8,45.0,10.3,28.8
2017-01-27,Maharashtra,Nashik,29.7,35.3,32.5,77.4,73.1,12.7,22.3
2015-05-16,Odisha,Bhubaneswar,15.6,39.1,27.4,31.3,60.5,14.6,29.3
2017-03-02,Gujarat,Rajkot,22.2,28.4,25.3,49.6,41.4,6.7,26.8
2025-07-21,Assam,Cachar,21.3,26.5,23.9,234.6,66.8,19.8,21.8
2015-06-20,Delhi,New Delhi,13.5,34.8,24.2,216.6,55.5,19.3,29.7
2021-01-15,Lakshadweep,Kavaratti,13.2,26.4,19.8,59.0,47.1,12.3,21.2
2021-02-26,Karnataka,Hubli,26.4,36.8,31.6,70.6,81.4,11.0,21.3
2024-09-28,Arunachal Pradesh,Itanagar,24.6,32.4,28.5,153.1,42.5,16.6,26.4
2019-04-30,Uttar Pradesh,Kanpur,17.8,40.3,29.0,45.8,31.9,13.1,34.9
2017-08-19,Bihar,Purnia,12.4,31.3,21.8,111.1,54.9,8.5,26.9
2025-07-14,Mizoram,Aizawl,21.5,33.1,27.3,291.8,73.5,11.1,22.3
2022-03-15,Mizoram,Aizawl,21.5,33.1,27.3,13.6,40.3,11.0,26.9
2024-10-15,West Bengal,Darjeeling,25.6,31.8,28.7,103.8,77.4,7.5,28.7
2017-05-25,Chandigarh,Chandigarh,24.0,30.6,27.3,15.4,78.7,5.3,34.5
2021-08-15,Tamil Nadu,Madurai,21.7,31.7,26.7,151.0,55.4,13.3,25.4
2015-04-13,Telangana,Hyderabad,19.1,37.0,28.0,62.0,71.9,15.3,29.6
2017-09-28,Andaman and Nicobar Islands,Port Blair,22.5,33.9,28.2,99.9,59.2,11.0,22.6
2018-02-22,Bihar,Gaya,13.3,36.2,24.8,26.3,61.9,14.4,27.4
2024-04-07,Andaman and Nicobar Islands,Port Blair,10.4,24.7,17.6,25.5,73.4,5.6,27.1
2023-04-12,Odisha,Bhubaneswar,19.7,25.9,22.8,45.6,76.0,8.2,32.5
2022-10-16,Uttarakhand,Dehradun,17.9,27.1,22.5,30.8,44.7,8.7,27.3
2019-01-21,Andaman and Nicobar Islands,Port Blair,22.9,29.8,26.4,46.2,41.4,6.2,29.6
2024-01-15,Ladakh,Leh,23.4,28.9,26.2,62.6,44.1,17.4,29.1
2016-10-19,Jammu and Kashmir,Srinagar,3.1,11.3,7.2,70.2,52.1,12.1,23.0
2023-01-08,Goa,North Goa,21.2,28.1,24.6,39.6,74.0,19.1,23.5
2018-05-05,Tamil Nadu,Coimbatore,20.9,35.7,28.3,20.0,77.3,15.3,30.8
2022-08-12,Haryana,Gurgaon,28.5,35.6,32.0,36.8,69.3,14.6,24.3
2016-02-27,Arunachal Pradesh,Itanagar,11.3,30.2,20.8,55.4,45.8,8.5,20.2
2022-03-04,Madhya Pradesh,Bhopal,29.6,36.4,33.0,56.0,52.8,11.4,20.1
2025-01-29,Rajasthan,Jodhpur,12.3,21.7,17.0,6.5,30.2,7.3,26.6
2015-06-20,Dadra and Nagar Haveli and Daman and Diu,Daman,14.5,30.6,22.6,57.9,48.4,19.8,31.3
2024-06-15,Ladakh,Leh,11.4,34.2,22.8,233.5,62.1,13.1,25.9
2021-01-29,Uttarakhand,Dehradun,15.4,25.1,20.2,10.5,71.4,11.2,28.9
2022-06-03,Ladakh,Leh,12.4,23.0,17.7,98.1,74.6,15.6,26.4
2016-03-28,Tamil Nadu,Coimbatore,22.9,37.4,30.2,59.6,51.3,5.9,22.4
2021-07-25,Rajasthan,Jodhpur,25.5,34.1,29.8,137.5,45.2,12.5,23.9
2020-05-29,Madhya Pradesh,Bhopal,18.3,29.2,23.8,39.6,38.1,9.4,25.9
2019-07-16,Uttar Pradesh,Kanpur,15.2,21.6,18.4,23.9,62.3,10.4,20.4
2021-12-16,Gujarat,Rajkot,16.2,25.3,20.8,37.4,30.5,15.9,26.0
2022-04-21,Sikkim,Gangtok,17.7,33.9,25.8,63.1,56.8,5.1,32.1
2023-06-03,Tamil Nadu,Coimbatore,20.4,28.9,24.6,217.5,53.5,18.2,28.2
2023-08-31,Chandigarh,Chandigarh,15.4,29.9,22.6,131.5,49.0,10.7,27.2
2023-02-14,Nagaland,Kohima,21.3,28.0,24.6,27.3,78.3,19.8,25.9
2020-08-15,Nagaland,Kohima,21.4,32.8,27.1,130.8,41.9,19.1,21.4
2015-10-15,Jharkhand,Ranchi,14.4,24.3,19.4,29.4,58.6,12.5,24.8
2019-06-30,Chandigarh,Chandigarh,12.4,28.8,20.6,241.3,58.5,20.6,29.4
2023-10-23,Uttar Pradesh,Varanasi,20.3,26.5,23.4,13.1,68.4,8.7,20.9
2025-07-21,Gujarat,Surat,24.7,30.9,27.8,143.1,57.6,14.8,26.9
2018-12-18,Gujarat,Surat,28.6,35.3,32.0,34.2,57.7,7.9,27.3
2020-03-28,Chhattisgarh,Raipur,20.8,27.2,24.0,27.2,77.6,6.1,22.3
2016-08-30,Andhra Pradesh,Visakhapatnam,25.8,39.7,32.8,106.9,74.5,13.5,23.5
2016-04-01,Nagaland,Kohima,24.9,34.1,29.5,22.4,47.4,6.3,29.8
2019-10-31,Madhya Pradesh,Bhopal,17.4,29.9,23.6,28.7,69.6,5.0,24.3
2018-05-10,Tripura,Agartala,11.0,28.8,19.9,8.5,70.7,18.0,34.7
2018-05-20,Haryana,Faridabad,8.0,39.4,23.7,23.6,55.3,5.0,28.7
2017-10-26,Jharkhand,Ranchi,15.3,27.7,21.5,14.3,67.6,13.9,22.1
2022-04-25,Lakshadweep,Kavaratti,24.8,29.8,27.3,28.5,50.5,13.4,33.9
2021-08-20,Mizoram,Aizawl,19.9,25.4,22.6,261.8,50.6,9.7,24.3
2016-03-22,Manipur,Imphal,23.5,28.7,26.1,48.8,53.3,14.3,22.7
2017-04-14,Manipur,Imphal,24.5,30.1,27.3,16.1,41.8,16.9,25.9
2023-09-13,Punjab,Amritsar,11.9,21.6,16.8,83.6,60.6,22.3,28.8
2025-03-11,Manipur,Imphal,22.6,30.7,26.6,61.1,71.1,8.7,22.6
2017-03-21,Jammu and Kashmir,Srinagar,10.0,29.5,19.8,17.0,79.5,7.4,24.9
2018-11-25,Goa,North Goa,14.6,26.1,20.4,72.0,65.3,9.5,26.3
2023-09-03,Chandigarh,Chandigarh,16.8,34.3,25.5,118.8,63.4,20.7,29.6
2018-11-12,Haryana,Faridabad,25.0,39.4,32.2,25.9,60.6,6.4,25.9
2017-08-16,Dadra and Nagar Haveli and Daman and Diu,Daman,10.2,20.3,15.2,206.4,46.9,11.0,20.6
2019-01-15,Lakshadweep,Kavaratti,21.2,30.1,25.6,67.2,54.5,11.5,24.9
2022-12-06,Manipur,Imphal,22.9,30.0,26.4,8.6,65.1,17.4,25.6
2017-03-19,Nagaland,Kohima,14.8,29.4,22.1,74.4,63.0,9.7,22.4
2017-09-05,Madhya Pradesh,Bhopal,32.0,41.3,36.6,81.5,40.5,20.1,29.9
2021-09-29,Telangana,Warangal,23.6,31.2,27.4,99.9,71.9,17.1,26.3
2016-12-26,Maharashtra,Nashik,20.3,27.2,23.8,11.2,81.2,10.3,27.6
2024-10-15,West Bengal,Kolkata,25.9,35.1,30.5,58.8,51.5,10.1,23.2
2021-11-06,Karnataka,Bangalore,23.7,35.8,29.8,74.0,79.1,5.7,26.1
2024-03-16,Goa,North Goa,12.8,34.5,23.6,33.6,65.0,10.3,22.2
2024-11-14,Tripura,Agartala,20.3,34.4,27.4,9.2,73.0,10.1,21.2
2018-05-01,Andhra Pradesh,Chittoor,27.1,32.8,30.0,57.3,63.1,7.5,26.6
2021-01-06,Tripura,Agartala,21.2,33.5,27.4,53.0,68.8,17.7,24.3
2020-03-18,Arunachal Pradesh,Itanagar,12.5,24.1,18.3,73.6,57.9,18.9,27.0
2022-09-07,Lakshadweep,Kavaratti,21.1,27.8,24.5,123.2,69.3,17.8,28.6
2017-02-17,Madhya Pradesh,Bhopal,14.6,36.4,25.5,7.2,42.0,14.5,29.8
2017-08-30,Delhi,New Delhi,24.8,32.1,28.4,234.1,64.0,18.6,27.3
2022-09-11,Lakshadweep,Kavaratti,18.2,32.8,25.5,183.7,44.0,22.8,23.0
2023-05-08,Telangana,Hyderabad,29.6,36.2,32.9,65.5,67.6,10.4,34.4
2019-03-19,Uttarakhand,Dehradun,18.7,33.1,25.9,60.8,41.9,9.0,24.7
2018-11-17,Bihar,Muzaffarpur,28.5,33.9,31.2,22.1,65.0,14.8,21.6
2024-04-10,Telangana,Hyderabad,29.4,35.4,32.4,21.9,65.4,11.3,25.3
2020-10-24,Tamil Nadu,Madurai,27.4,32.8,30.1,24.1,81.4,9.1,28.2
2016-08-21,Andaman and Nicobar Islands,Port Blair,12.6,18.4,15.5,85.7,69.7,17.9,23.1
2024-02-24,Puducherry,Puducherry,19.5,31.5,25.5,44.5,77.4,16.9,28.2
2015-08-13,Rajasthan,Jaipur,20.6,38.9,29.8,37.5,31.8,15.5,28.2
2019-04-03,Chandigarh,Chandigarh,15.1,26.7,20.9,72.0,51.4,14.3,26.0
2020-11-30,Uttar Pradesh,Varanasi,16.1,28.0,22.0,5.7,59.3,10.0,22.5
2021-04-17,Punjab,Ludhiana,27.3,34.1,30.7,23.2,68.0,6.2,34.4
2024-01-18,Meghalaya,Shillong,15.9,32.1,24.0,29.9,56.6,11.6,29.5
2017-04-20,Assam,Dibrugarh,18.3,25.8,22.0,101.4,91.1,8.2,28.4
2019-12-20,Tripura,Agartala,18.6,34.9,26.8,37.6,63.4,7.0,27.6
2016-12-14,Tamil Nadu,Chennai,21.8,30.5,26.2,73.9,74.9,9.8,28.5
2018-01-11,Andhra Pradesh,Chittoor,27.9,37.3,32.6,21.6,77.1,12.9,23.8
2015-05-05,Delhi,New Delhi,23.9,34.8,29.4,55.2,71.7,8.7,27.6
2023-11-21,Manipur,Imphal,18.5,34.8,26.6,57.0,69.8,8.9,24.2
2017-12-28,Mizoram,Aizawl,15.1,24.6,19.8,56.2,44.0,7.5,24.1
2023-07-16,Puducherry,Puducherry,14.5,33.5,24.0,76.1,50.0,10.7,28.6
2023-01-10,Mizoram,Aizawl,13.0,24.0,18.5,51.9,43.1,17.2,27.1
2018-07-03,Bihar,Patna,13.7,27.0,20.4,201.2,77.9,17.4,22.5
2019-10-17,Madhya Pradesh,Bhopal,20.6,33.0,26.8,34.3,50.8,10.5,28.7
2015-01-30,Bihar,Gaya,15.3,30.7,23.0,27.0,57.4,15.2,27.6
2021-05-17,Gujarat,Vadodara,28.7,39.8,34.2,26.0,31.5,12.9,25.6
2023-02-19,Himachal Pradesh,Mandi,19.3,26.5,22.9,42.7,45.2,19.9,24.9
2020-07-10,Tamil Nadu,Coimbatore,22.4,29.4,25.9,274.0,65.3,12.8,20.1
2024-01-22,Delhi,New Delhi,10.5,29.0,19.8,38.6,74.0,16.3,25.7
2024-02-02,Delhi,New Delhi,18.4,32.0,25.2,56.9,53.4,6.6,27.7
2021-08-12,Punjab,Ludhiana,10.6,34.9,22.8,131.3,44.3,20.8,26.9
2016-05-09,Bihar,Patna,20.0,29.5,24.8,74.1,73.5,7.0,33.1
2023-06-24,Andhra Pradesh,Chittoor,21.2,29.6,25.4,289.0,76.1,17.1,32.0
2019-05-29,Puducherry,Puducherry,11.3,22.5,16.9,27.6,41.3,15.6,28.1
2016-12-18,Uttarakhand,Dehradun,19.5,24.8,22.2,5.1,46.8,15.5,26.0
2024-10-01,Rajasthan,Udaipur,15.0,33.1,24.0,25.7,57.6,16.4,21.4
2017-10-13,Telangana,Nizamabad,21.2,31.8,26.5,16.8,62.2,18.6,23.1
2024-10-05,Manipur,Imphal,24.8,31.1,28.0,38.1,53.7,9.6,23.8
2018-08-30,Jammu and Kashmir,Srinagar,0.6,18.6,9.6,232.8,74.6,12.9,25.5
2016-08-28,Tripura,Agartala,23.4,33.7,28.6,149.9,46.6,16.4,29.9
2016-01-10,Himachal Pradesh,Kangra,15.2,28.5,21.8,22.3,76.2,5.2,28.6
2022-05-10,Mizoram,Aizawl,13.6,28.8,21.2,25.5,45.4,8.7,29.7
2020-05-14,Rajasthan,Jodhpur,33.0,40.7,36.8,4.6,21.0,8.1,25.5
2017-11-14,Madhya Pradesh,Bhopal,18.2,30.4,24.3,58.5,42.2,14.0,28.2
2018-09-19,Assam,Kamrup,17.7,31.3,24.5,587.2,71.3,9.1,24.3
2024-05-19,Bihar,Patna,19.9,33.7,26.8,58.0,75.9,12.5,26.4
2015-04-26,Bihar,Patna,16.9,24.7,20.8,21.8,40.1,18.9,32.5
2020-09-26,West Bengal,Kolkata,11.8,36.3,24.0,440.4,86.4,9.5,20.8
2025-06-06,Gujarat,Ahmedabad,16.2,41.3,28.8,138.9,37.1,21.9,29.4
2019-12-07,Uttar Pradesh,Kanpur,26.2,38.1,32.2,40.7,52.0,10.9,21.6
2020-11-16,Karnataka,Mysore,18.7,37.0,27.8,94.3,68.9,10.8,20.3
2019-01-22,Telangana,Nizamabad,23.4,36.0,29.7,29.5,53.7,12.1,24.9
2019-03-27,Jharkhand,Ranchi,21.1,30.5,25.8,64.2,59.3,5.5,21.4
2019-06-09,Madhya Pradesh,Bhopal,25.8,35.9,30.8,121.5,69.1,16.6,26.2
2021-09-18,Odisha,Bhubaneswar,21.5,34.1,27.8,53.5,62.8,22.5,27.5
2023-12-30,Odisha,Bhubaneswar,20.6,29.4,25.0,35.5,79.0,11.0,28.4
2016-11-15,Kerala,Thrissur,24.7,32.2,28.4,143.2,69.0,8.9,21.1
2023-01-29,Sikkim,Gangtok,13.7,31.3,22.5,33.3,45.9,6.6,24.9
2021-12-25,Chandigarh,Chandigarh,18.1,32.6,25.4,55.0,46.7,9.2,26.9
2025-05-20,Kerala,Ernakulam,22.5,33.5,28.0,107.2,76.1,14.7,26.0
2019-01-11,Andaman and Nicobar Islands,Port Blair,18.2,28.5,23.4,40.9,53.5,12.0,28.8
2023-01-20,Rajasthan,Udaipur,18.6,24.6,21.6,12.1,38.2,13.0,24.3
2019-05-19,Karnataka,Hubli,26.3,37.4,31.8,53.8,43.4,11.3,26.8
2021-04-24,Nagaland,Kohima,14.3,32.4,23.4,42.5,73.1,19.8,30.5
2022-12-01,Uttarakhand,Dehradun,23.7,33.0,28.4,12.1,56.7,14.9,27.1
2020-12-08,Kerala,Thrissur,24.6,33.0,28.8,36.3,64.3,9.9,22.9
2017-03-20,Tamil Nadu,Coimbatore,21.8,33.7,27.8,48.7,74.0,10.8,22.7
2017-09-04,Puducherry,Puducherry,18.3,24.4,21.4,296.8,66.2,9.8,26.2
2020-10-02,Tamil Nadu,Coimbatore,20.6,31.9,26.2,36.2,74.5,12.3,27.9
2023-05-25,Tripura,Agartala,13.4,29.3,21.4,53.1,59.1,17.9,26.5
2018-09-16,Bihar,Purnia,24.7,31.1,27.9,80.8,48.1,17.9,26.4
2017-02-22,Chandigarh,Chandigarh,16.7,25.9,21.3,47.9,45.8,14.4,20.1
2015-08-29,Chandigarh,Chandigarh,12.2,29.8,21.0,264.7,43.0,17.6,20.6
2019-11-14,Madhya Pradesh,Bhopal,29.3,37.3,33.3,45.8,36.9,17.9,24.3
2019-04-03,Maharashtra,Nashik,20.5,33.8,27.2,43.1,52.9,6.7,27.1
2016-04-27,Haryana,Hisar,24.9,35.2,30.0,21.0,67.2,17.0,28.1
2017-10-09,Telangana,Warangal,19.3,27.2,23.2,53.9,62.5,19.7,20.1
2015-07-06,Nagaland,Kohima,23.2,28.3,25.8,138.9,76.7,17.9,25.8
2020-02-25,Jammu and Kashmir,Srinagar,6.3,29.4,17.8,20.9,50.8,11.8,21.3
2022-05-27,Tripura,Agartala,16.4,21.9,19.2,69.7,52.9,14.5,33.7
2021-04-28,Mizoram,Aizawl,22.3,34.0,28.2,55.4,47.7,10.5,30.1
2017-08-10,Lakshadweep,Kavaratti,15.1,34.3,24.7,245.9,72.0,13.4,27.5
2018-10-19,Telangana,Hyderabad,25.4,34.0,29.7,30.0,71.6,14.0,20.4
2016-05-05,Gujarat,Rajkot,15.4,38.6,27.0,9.0,50.8,14.1,34.2
2016-03-06,Madhya Pradesh,Bhopal,21.3,29.3,25.3,19.3,32.0,8.3,28.2
2015-08-27,Uttarakhand,Dehradun,21.4,27.1,24.2,154.3,52.1,17.7,29.6
2021-06-09,Chhattisgarh,Raipur,19.5,32.3,25.9,131.5,41.3,14.3,30.1
2021-06-03,Ladakh,Leh,17.4,25.3,21.4,153.0,68.7,12.7,31.3
2015-03-17,Uttar Pradesh,Lucknow,9.1,21.9,15.5,53.6,61.3,6.3,22.6
2025-04-29,Dadra and Nagar Haveli and Daman and Diu,Daman,24.9,31.3,28.1,45.6,62.0,11.0,25.3
2018-09-18,Jharkhand,Ranchi,14.3,34.3,24.3,25.4,68.6,21.4,27.6
2020-04-07,Uttar Pradesh,Lucknow,13.7,30.8,22.2,52.7,78.8,6.5,26.2
2023-05-05,Sikkim,Gangtok,24.3,34.3,29.3,19.8,78.8,8.1,25.9
2019-11-17,Kerala,Thrissur,24.0,32.2,28.1,55.0,87.8,11.1,24.0
2022-05-13,Lakshadweep,Kavaratti,19.5,26.9,23.2,46.1,54.6,15.4,27.5
2024-09-15,Uttarakhand,Dehradun,12.8,22.1,17.5,282.1,74.0,20.4,27.8
2017-04-06,Delhi,New Delhi,19.6,25.6,22.6,27.7,62.5,6.6,25.3
2021-05-19,Punjab,Patiala,7.3,15.3,11.3,9.9,37.6,12.5,27.9
2016-08-13,Madhya Pradesh,Bhopal,28.9,41.0,35.0,222.5,48.8,19.6,25.9
2020-10-20,Maharashtra,Pune,19.7,34.4,27.0,106.3,55.7,16.2,27.7
2024-02-17,Sikkim,Gangtok,19.7,33.8,26.8,15.1,73.7,14.2,28.6
2022-07-13,Nagaland,Kohima,18.0,26.9,22.4,271.2,75.1,12.0,27.4
2020-03-17,Andaman and Nicobar Islands,Port Blair,11.4,18.0,14.7,40.8,41.4,11.5,27.9
2020-03-25,Meghalaya,Shillong,23.3,30.0,26.6,10.4,65.2,9.0,20.2
2016-07-28,Jammu and Kashmir,Srinagar,2.6,28.6,15.6,267.5,73.2,13.1,27.1
2023-05-06,Puducherry,Puducherry,24.4,32.6,28.5,28.3,72.0,11.5,30.8
2017-06-10,Assam,Tinsukia,18.1,25.7,21.9,100.3,95.0,14.3,27.8
2020-08-21,Bihar,Patna,24.8,35.8,30.3,268.9,71.2,12.2,25.9
2015-05-21,Chhattisgarh,Raipur,17.5,34.4,26.0,21.8,51.4,18.8,29.6
2019-11-25,Jharkhand,Ranchi,16.9,33.3,25.1,25.7,67.9,15.8,24.4
2024-12-05,Andaman and Nicobar Islands,Port Blair,15.0,31.2,23.1,22.9,72.8,11.2,20.2
2015-01-17,Lakshadweep,Kavaratti,18.5,25.7,22.1,37.7,72.3,7.9,22.1
2017-12-22,Dadra and Nagar Haveli and Daman and Diu,Daman,17.1,28.2,22.6,36.8,67.8,9.0,22.6
2015-09-10,Arunachal Pradesh,Itanagar,10.3,22.8,16.6,74.8,63.7,10.7,28.9
2016-04-09,Kerala,Thrissur,24.5,33.7,29.1,126.1,88.8,9.8,34.8
2016-01-11,Uttarakhand,Dehradun,23.4,30.8,27.1,65.5,75.9,5.5,28.8
2020-01-02,Chhattisgarh,Raipur,16.5,32.5,24.5,12.8,46.9,19.7,24.2
2023-04-17,Uttarakhand,Dehradun,22.0,33.0,27.5,60.0,70.6,18.7,30.9
2016-06-03,Tamil Nadu,Madurai,23.4,37.3,30.4,168.5,72.1,20.8,34.2
2020-02-04,Delhi,New Delhi,24.2,33.0,28.6,55.4,59.9,9.3,20.2
2015-03-31,Bihar,Purnia,12.9,39.6,26.2,62.4,59.2,10.2,20.6
2016-12-20,Rajasthan,Jaipur,10.3,37.7,24.0,39.5,30.2,9.1,29.3
2022-10-22,Telangana,Hyderabad,25.2,31.9,28.6,13.0,62.5,11.8,24.3
2022-10-14,Dadra and Nagar Haveli and Daman and Diu,Daman,24.5,30.9,27.7,39.2,48.5,9.8,27.7
2016-09-21,Telangana,Nizamabad,20.4,35.3,27.8,73.7,47.6,8.3,26.3
2020-02-28,Jharkhand,Ranchi,24.9,33.2,29.0,69.6,61.1,15.2,29.3
2023-11-21,Arunachal Pradesh,Itanagar,11.3,27.5,19.4,45.3,41.3,7.3,25.5
2015-03-17,Dadra and Nagar Haveli and Daman and Diu,Daman,17.5,26.8,22.2,53.8,54.4,16.5,28.1
2025-02-01,Tripura,Agartala,19.7,27.6,23.6,61.2,50.1,9.5,26.1
2017-07-14,Bihar,Gaya,23.2,32.6,27.9,193.8,49.9,19.9,29.9
2025-03-23,Karnataka,Hubli,25.0,32.6,28.8,41.4,41.4,14.7,26.0
2021-09-13,Mizoram,Aizawl,24.3,31.6,28.0,281.2,70.4,12.3,20.2
2019-12-11,Arunachal Pradesh,Itanagar,20.9,30.4,25.6,72.3,40.9,12.8,27.9
2017-08-27,Goa,North Goa,21.8,32.3,27.0,130.4,42.7,12.5,26.5
2017-12-30,Himachal Pradesh,Mandi,15.4,28.2,21.8,60.3,53.0,15.4,29.7
2020-07-21,Chhattisgarh,Raipur,12.0,30.2,21.1,134.8,49.0,12.8,21.7
2023-11-26,Punjab,Amritsar,25.4,34.1,29.8,47.2,68.7,19.5,21.6
2023-10-01,Andaman and Nicobar Islands,Port Blair,15.2,24.8,20.0,69.6,43.5,13.8,24.9
2018-11-05,Rajasthan,Jaipur,34.4,44.8,39.6,18.4,37.7,10.8,27.9
2024-03-18,Himachal Pradesh,Mandi,2.0,9.7,5.8,55.8,40.7,15.1,21.3
2022-10-15,West Bengal,Howrah,24.2,35.7,30.0,31.0,80.3,16.9,29.3
2015-07-14,Haryana,Faridabad,23.1,38.4,30.8,134.7,55.0,18.1,24.1
2015-08-16,Dadra and Nagar Haveli and Daman and Diu,Daman,13.4,25.3,19.4,186.1,67.6,14.9,23.3
2024-08-03,Punjab,Ludhiana,11.2,20.6,15.9,105.7,58.3,20.4,23.5
2018-12-30,Uttarakhand,Dehradun,19.2,29.4,24.3,72.6,75.3,18.2,25.8
2025-07-25,Haryana,Faridabad,15.9,33.4,24.6,48.7,65.3,12.1,28.3
2016-04-05,Rajasthan,Jaipur,17.5,34.2,25.8,31.5,35.7,10.4,33.9
2016-09-09,West Bengal,Darjeeling,11.2,34.5,22.8,467.0,72.5,18.4,28.6
2023-06-20,Tamil Nadu,Chennai,23.5,36.8,30.2,174.0,60.7,22.7,25.3
2015-03-05,Goa,North Goa,14.8,26.8,20.8,26.8,51.3,10.6,24.0
2021-01-21,Assam,Cachar,11.1,30.8,21.0,46.0,61.4,13.9,26.7
2020-09-05,Chhattisgarh,Raipur,21.4,27.2,24.3,68.1,47.3,16.9,28.9
2024-04-05,Himachal Pradesh,Mandi,14.1,22.5,18.3,65.5,66.8,15.3,34.6
2023-05-18,Gujarat,Rajkot,31.2,38.4,34.8,33.6,38.1,11.2,27.7
2015-10-12,Bihar,Purnia,16.1,33.9,25.0,23.7,47.2,10.7,21.0
2019-08-11,Chhattisgarh,Raipur,22.2,34.7,28.4,244.4,61.3,18.1,28.1
2021-05-17,Karnataka,Mysore,18.7,29.7,24.2,22.9,44.1,16.4,33.6
2017-04-17,Manipur,Imphal,11.3,19.6,15.4,20.5,74.3,18.7,32.6
2017-04-10,Puducherry,Puducherry,21.9,29.7,25.8,33.6,51.2,19.4,32.3
2018-04-02,Madhya Pradesh,Bhopal,17.5,25.1,21.3,15.7,38.2,14.2,34.0
2023-02-13,Gujarat,Ahmedabad,29.8,35.3,32.6,36.9,36.7,9.7,25.4
2015-08-12,Goa,North Goa,22.6,29.4,26.0,264.7,69.4,18.1,21.3
2017-02-22,Chandigarh,Chandigarh,17.1,25.6,21.4,46.2,66.9,6.0,26.4
2023-10-23,Sikkim,Gangtok,17.5,33.0,25.2,60.5,56.5,19.6,25.9
2023-04-01,Tripura,Agartala,24.5,33.5,29.0,33.5,49.4,12.0,34.4
2017-08-07,West Bengal,Howrah,12.3,26.8,19.6,199.6,84.7,20.1,25.5
2023-06-29,Punjab,Ludhiana,15.4,33.8,24.6,191.6,34.0,21.5,27.9
2015-02-14,Assam,Cachar,10.1,29.8,20.0,123.6,70.7,16.7,28.0
2019-12-16,Chhattisgarh,Raipur,20.1,25.5,22.8,51.7,77.3,14.3,23.7
2016-04-15,Andhra Pradesh,Chittoor,25.6,39.9,32.8,40.7,75.2,7.1,25.6
2020-09-12,Manipur,Imphal,15.9,22.8,19.4,112.5,68.6,14.7,23.2
2022-05-24,Uttar Pradesh,Lucknow,29.1,34.2,31.6,49.8,61.1,5.7,25.3
2024-07-30,Assam,Dibrugarh,12.6,34.6,23.6,142.9,85.9,14.0,22.4
2017-04-09,Puducherry,Puducherry,18.6,27.8,23.2,26.7,49.6,11.9,26.7
2020-03-24,Chhattisgarh,Raipur,22.8,32.1,27.4,9.4,58.3,14.4,28.6
2021-03-18,Dadra and Nagar Haveli and Daman and Diu,Daman,10.4,24.3,17.4,54.4,47.8,8.3,24.9
2020-03-06,Madhya Pradesh,Bhopal,29.5,37.5,33.5,31.6,55.4,9.7,28.7
2022-01-25,Andhra Pradesh,Krishna,29.6,38.1,33.8,51.5,70.2,7.9,27.3
2016-11-22,Sikkim,Gangtok,15.2,34.9,25.0,57.7,63.4,18.7,29.7
2018-10-22,Manipur,Imphal,22.3,33.1,27.7,9.2,68.2,10.0,29.3
2017-07-20,Uttar Pradesh,Varanasi,21.5,32.2,26.8,94.6,57.7,15.4,23.9
2017-04-20,Nagaland,Kohima,13.1,31.6,22.4,35.3,44.0,6.3,27.4
2025-06-11,Himachal Pradesh,Shimla,11.0,18.1,14.6,95.9,60.1,11.3,33.6
2023-05-17,Andhra Pradesh,Krishna,25.9,31.7,28.8,19.1,55.9,14.4,26.1
2020-04-22,Himachal Pradesh,Shimla,0.9,23.5,12.2,41.1,74.0,16.9,27.7
2019-04-23,Tamil Nadu,Madurai,21.5,32.4,27.0,17.2,72.2,5.2,33.0
2022-03-14,Arunachal Pradesh,Itanagar,23.4,35.0,29.2,29.1,62.5,17.9,24.6
2023-09-23,Maharashtra,Nashik,22.0,27.6,24.8,221.3,43.6,13.4,23.4
2021-04-05,Nagaland,Kohima,19.7,28.5,24.1,31.9,51.5,14.1,28.9
2024-04-29,Meghalaya,Shillong,24.2,34.4,29.3,21.6,56.2,14.5,25.2
2021-10-24,Andaman and Nicobar Islands,Port Blair,13.4,23.1,18.2,33.2,75.6,6.4,20.7
2015-05-28,Karnataka,Hubli,24.6,32.7,28.6,26.0,71.6,8.6,30.7
2017-10-29,Goa,North Goa,16.1,26.1,21.1,55.5,64.5,12.7,21.3
2018-08-04,Assam,Dibrugarh,18.8,31.6,25.2,507.4,70.5,12.0,27.5
2016-01-23,Maharashtra,Mumbai,23.6,33.2,28.4,28.5,59.5,15.9,24.5
2023-07-19,Arunachal Pradesh,Itanagar,23.1,28.1,25.6,70.4,64.6,18.1,22.8
2020-02-17,Lakshadweep,Kavaratti,24.1,31.1,27.6,33.8,79.1,12.2,26.1
2024-10-28,Dadra and Nagar Haveli and Daman and Diu,Daman,18.1,25.2,21.6,74.4,42.4,19.8,24.7
2017-07-04,Karnataka,Belgaum,19.9,27.1,23.5,276.0,72.0,21.5,22.4
2020-02-22,Sikkim,Gangtok,16.5,34.6,25.6,35.0,58.4,9.3,28.7
2022-05-09,Assam,Cachar,15.5,29.7,22.6,47.8,81.6,19.0,32.8
2025-01-06,Dadra and Nagar Haveli and Daman and Diu,Daman,11.0,28.0,19.5,44.1,53.5,17.6,27.9
2025-04-06,Delhi,New Delhi,19.7,32.4,26.0,18.5,76.8,15.0,29.7
2015-10-05,Telangana,Hyderabad,20.3,35.3,27.8,16.3,52.8,13.6,26.5
2020-05-31,Andhra Pradesh,Chittoor,20.2,25.3,22.8,17.2,73.0,13.5,31.1
2020-02-03,Manipur,Imphal,19.1,24.5,21.8,17.1,69.1,14.7,24.5
2023-04-25,Uttarakhand,Dehradun,10.3,23.5,16.9,22.4,67.9,17.4,30.0
2024-03-25,Uttarakhand,Dehradun,16.1,24.9,20.5,11.5,54.9,15.2,26.7
2019-12-31,Kerala,Ernakulam,23.2,34.8,29.0,142.5,86.3,11.5,27.5
2022-03-21,Assam,Dibrugarh,23.9,33.4,28.6,64.5,62.4,19.4,29.9
2020-01-08,Chandigarh,Chandigarh,20.4,28.4,24.4,65.6,78.1,12.6,23.1
2022-05-20,Lakshadweep,Kavaratti,16.1,22.1,19.1,44.6,55.2,18.3,27.8
2016-09-09,Tamil Nadu,Chennai,20.1,34.6,27.4,42.7,69.1,10.7,26.1
2019-06-19,Arunachal Pradesh,Itanagar,13.0,26.5,19.8,113.8,47.3,17.1,25.8
2020-12-22,Gujarat,Ahmedabad,31.0,40.7,35.8,46.2,31.7,5.0,23.6
2016-08-02,Puducherry,Puducherry,19.3,26.9,23.1,173.8,64.2,10.3,27.7
2018-03-16,Lakshadweep,Kavaratti,24.0,32.8,28.4,71.3,49.8,5.5,22.5
2016-05-04,Lakshadweep,Kavaratti,19.7,30.9,25.3,23.7,56.3,10.5,34.5
2021-11-30,Maharashtra,Nashik,21.8,29.3,25.6,75.0,45.6,12.6,26.9
2018-03-28,Assam,Cachar,24.1,34.4,29.2,130.2,73.8,18.4,27.2
2016-01-19,Lakshadweep,Kavaratti,16.6,29.2,22.9,35.5,47.9,11.8,28.1
2015-06-12,Ladakh,Leh,14.0,29.2,21.6,174.9,76.8,19.2,28.6
2021-10-24,Mizoram,Aizawl,18.4,34.0,26.2,20.9,59.0,8.3,24.2
2020-02-20,Assam,Cachar,10.9,32.6,21.8,147.3,79.9,13.3,29.6
2018-04-27,Jharkhand,Ranchi,15.9,29.7,22.8,63.6,60.2,8.3,33.1
2021-09-28,Nagaland,Kohima,14.1,32.5,23.3,284.5,61.8,8.7,29.6
2018-09-24,Assam,Dibrugarh,22.5,28.4,25.4,414.7,71.0,13.0,25.8
2019-06-19,Jharkhand,Ranchi,20.7,25.8,23.2,62.7,76.1,15.4,29.9
2018-04-19,Himachal Pradesh,Mandi,16.8,22.9,19.8,56.4,60.2,16.1,31.8
2015-10-15,Karnataka,Hubli,24.7,36.8,30.8,59.6,58.4,8.0,23.4
2020-02-01,Delhi,New Delhi,23.0,30.4,26.7,74.0,64.3,17.2,24.9
2015-07-06,Ladakh,Leh,19.8,34.9,27.4,160.1,50.5,17.7,29.2
2020-03-22,Uttar Pradesh,Varanasi,5.5,41.8,23.6,35.0,70.0,6.8,22.9
2018-03-07,Uttarakhand,Dehradun,24.7,31.2,28.0,33.9,51.2,12.0,21.6
2015-05-10,Sikkim,Gangtok,17.6,26.3,22.0,62.1,55.6,16.9,31.4
2021-02-19,Uttar Pradesh,Lucknow,29.7,40.6,35.2,54.6,56.3,18.7,21.5
2021-06-21,Sikkim,Gangtok,11.3,26.1,18.7,251.3,48.5,22.5,26.9
2025-07-23,Chhattisgarh,Raipur,20.6,34.2,27.4,290.3,66.5,16.6,20.9
2020-03-02,Jammu and Kashmir,Srinagar,0.4,29.6,15.0,27.8,42.9,13.1,23.1
2015-05-24,Arunachal Pradesh,Itanagar,15.4,25.6,20.5,22.4,78.7,9.0,30.6
2015-01-16,Jammu and Kashmir,Srinagar,4.8,25.2,15.0,24.9,64.6,17.5,22.7
2024-03-27,Himachal Pradesh,Shimla,16.1,21.9,19.0,17.6,56.0,11.1,25.2
2021-10-06,Nagaland,Kohima,10.4,17.7,14.0,5.7,78.2,9.7,26.9
2015-09-02,Kerala,Kozhikode,23.8,33.3,28.6,541.4,67.0,14.4,23.3
2017-07-15,Assam,Dibrugarh,11.2,16.8,14.0,482.4,64.5,8.2,24.4
2023-09-14,Nagaland,Kohima,14.8,20.8,17.8,34.4,76.5,22.1,24.8
2023-08-26,Gujarat,Surat,29.4,40.5,35.0,124.3,60.0,22.0,25.7
2020-12-16,Delhi,New Delhi,17.7,22.7,20.2,42.9,72.7,16.4,26.5
2017-06-25,Goa,North Goa,10.4,33.5,22.0,140.1,62.9,14.0,28.5
2017-06-05,Nagaland,Kohima,17.7,28.8,23.2,119.8,72.2,8.8,26.2
2015-12-07,Sikkim,Gangtok,11.2,26.8,19.0,33.9,58.1,13.7,23.2
2020-08-13,Himachal Pradesh,Kangra,3.7,15.2,9.4,298.4,78.1,22.3,20.3
2024-04-21,Jammu and Kashmir,Srinagar,1.8,7.9,4.9,63.0,79.7,13.1,32.0
2018-12-04,Tamil Nadu,Coimbatore,22.8,35.6,29.2,69.0,78.0,12.5,21.9
2015-11-02,Kerala,Thrissur,23.4,30.5,27.0,111.8,64.1,10.0,20.1
2017-06-26,Telangana,Warangal,27.8,35.7,31.8,241.8,43.9,10.9,33.5
2022-04-08,Himachal Pradesh,Kangra,11.9,17.0,14.4,68.8,79.3,14.9,32.3
2025-05-20,Madhya Pradesh,Bhopal,12.9,36.4,24.6,10.4,65.6,12.6,26.4
2024-01-10,Mizoram,Aizawl,11.3,24.5,17.9,5.4,78.4,7.6,24.2
2018-10-03,Gujarat,Surat,25.3,38.2,31.8,30.4,37.1,12.1,23.2
2023-04-28,Mizoram,Aizawl,11.3,23.5,17.4,47.6,44.1,7.5,25.9
2015-11-17,Telangana,Warangal,18.0,38.9,28.4,64.5,49.3,13.7,28.0
2016-07-12,Arunachal Pradesh,Itanagar,15.5,31.2,23.4,263.2,59.9,21.3,22.1
2018-04-19,Jammu and Kashmir,Srinagar,18.0,28.6,23.3,64.6,40.2,15.0,29.0
2022-04-19,West Bengal,Kolkata,20.9,26.9,23.9,37.2,64.1,15.8,30.5
2022-07-21,Odisha,Bhubaneswar,15.2,26.8,21.0,378.4,56.3,11.6,23.1
2018-11-10,Delhi,New Delhi,14.0,20.9,17.4,26.9,61.6,15.1,26.4
2019-06-30,Rajasthan,Jodhpur,14.1,35.0,24.6,63.7,52.9,13.4,34.8
2025-07-30,Jharkhand,Ranchi,19.2,28.8,24.0,160.9,47.0,18.2,29.6
2025-07-10,Himachal Pradesh,Shimla,10.3,29.9,20.1,79.1,65.5,18.2,23.1
2018-02-05,Goa,North Goa,15.3,34.2,24.8,47.8,71.3,15.9,26.1
2022-01-22,Jammu and Kashmir,Srinagar,1.0,21.9,11.4,32.4,58.8,17.8,29.7
2021-09-23,Nagaland,Kohima,20.4,27.6,24.0,109.0,45.5,16.7,29.3
2024-03-21,Odisha,Bhubaneswar,27.2,36.4,31.8,94.7,81.4,10.4,25.5
2017-03-28,Chhattisgarh,Raipur,14.4,19.5,17.0,36.6,70.0,14.5,29.3
2018-04-09,Tripura,Agartala,20.3,26.7,23.5,23.7,45.0,16.9,34.5
2024-04-25,Karnataka,Belgaum,20.3,35.0,27.6,49.3,56.0,19.8,28.5
2021-12-15,Jharkhand,Ranchi,19.9,32.1,26.0,59.1,74.5,13.5,26.0
2023-12-11,Mizoram,Aizawl,20.7,27.1,23.9,19.0,70.6,7.0,26.9
2015-01-12,Ladakh,Leh,10.5,22.1,16.3,51.4,68.3,14.5,24.4
2015-07-14,Uttar Pradesh,Lucknow,11.9,32.3,22.1,60.7,33.0,8.3,22.7
2021-12-12,Dadra and Nagar Haveli and Daman and Diu,Daman,10.4,20.3,15.4,25.3,53.8,15.7,24.4
2022-10-13,Lakshadweep,Kavaratti,24.8,34.7,29.8,73.7,56.5,5.7,28.6
2023-01-07,Rajasthan,Udaipur,20.9,38.1,29.5,34.1,44.3,16.1,22.5
2021-02-07,Nagaland,Kohima,12.9,27.4,20.2,49.7,74.9,17.3,29.9
2023-03-29,Nagaland,Kohima,24.5,32.9,28.7,40.2,70.4,8.9,23.5
2025-08-24,Andhra Pradesh,Visakhapatnam,27.7,39.6,33.6,272.8,52.2,11.5,22.7
2016-10-17,Maharashtra,Pune,22.6,28.5,25.6,36.6,72.2,8.7,29.4
2020-04-05,Haryana,Gurgaon,15.6,22.5,19.0,42.9,66.6,18.9,29.9
2024-04-10,Arunachal Pradesh,Itanagar,23.8,33.2,28.5,18.7,61.3,11.5,29.5
2022-07-04,Manipur,Imphal,16.2,23.6,19.9,129.2,60.5,12.3,21.8
2020-09-08,Puducherry,Puducherry,13.0,21.3,17.2,145.1,48.4,18.8,23.4
2019-06-08,Ladakh,Leh,24.1,29.5,26.8,106.8,69.5,18.3,29.2
2025-04-07,Andhra Pradesh,Chittoor,28.7,34.1,31.4,43.1,56.0,10.6,32.0
2025-08-03,Rajasthan,Jaipur,12.5,18.7,15.6,73.1,30.9,18.8,20.7
2025-07-31,Andhra Pradesh,Krishna,29.7,38.0,33.8,170.3,62.4,19.2,23.6
2018-01-24,Lakshadweep,Kavaratti,21.7,32.6,27.2,43.6,75.5,10.2,20.6
2024-06-14,Punjab,Amritsar,14.4,37.4,25.9,33.9,60.5,20.4,29.3
2017-02-16,Ladakh,Leh,12.9,24.0,18.4,32.9,77.3,9.3,29.7
2016-03-19,Chandigarh,Chandigarh,11.6,34.5,23.0,20.6,46.7,6.8,23.2
2015-10-25,Gujarat,Surat,25.5,38.2,31.8,21.6,39.2,19.9,22.7
2017-03-18,Sikkim,Gangtok,15.7,27.6,21.6,56.8,46.1,9.0,30.0
2019-10-27,Jharkhand,Ranchi,22.4,30.8,26.6,12.6,74.7,16.7,25.8
2017-04-24,Haryana,Hisar,15.1,38.7,26.9,18.3,42.8,18.1,31.3
2017-10-12,Uttarakhand,Dehradun,24.3,33.0,28.6,7.3,47.1,9.2,28.7
2018-10-16,Jharkhand,Ranchi,22.5,33.4,28.0,43.7,45.6,7.0,21.3
2018-10-29,Maharashtra,Nashik,28.3,34.2,31.2,103.0,78.0,6.6,29.0
2016-07-07,Karnataka,Mysore,27.0,35.8,31.4,224.7,69.1,14.1,25.9
2021-06-08,Goa,North Goa,24.5,30.1,27.3,85.5,61.0,11.9,34.9
2016-02-25,Rajasthan,Jodhpur,28.0,38.2,33.1,36.4,25.8,9.3,29.6
2018-06-23,Delhi,New Delhi,18.4,34.1,26.2,295.6,54.4,16.6,33.5
2025-05-19,Odisha,Bhubaneswar,19.1,31.2,25.2,23.8,72.8,5.1,29.5
2018-06-14,Telangana,Hyderabad,29.1,39.4,34.2,249.0,45.6,15.8,32.2
2024-11-14,Nagaland,Kohima,11.5,19.2,15.4,7.8,52.9,18.2,25.1
2015-07-04,Jammu and Kashmir,Srinagar,17.1,22.8,20.0,54.6,72.2,15.5,24.7
2016-04-12,Odisha,Bhubaneswar,22.1,32.0,27.0,89.8,68.2,19.6,33.5
2022-09-02,Telangana,Warangal,26.9,37.1,32.0,257.1,75.3,10.0,23.6
2021-08-07,Puducherry,Puducherry,22.1,28.8,25.5,184.1,71.2,11.4,24.0
2018-07-30,Sikkim,Gangtok,23.7,30.9,27.3,189.3,57.4,21.2,24.2
2019-04-26,Bihar,Patna,15.9,24.2,20.0,32.7,66.8,7.6,32.1
2015-12-02,Jharkhand,Ranchi,10.2,22.5,16.4,37.6,43.8,15.3,21.0
2021-01-18,Arunachal Pradesh,Itanagar,11.3,23.2,17.2,56.7,78.5,16.6,24.7
2023-11-06,Haryana,Gurgaon,11.8,23.8,17.8,17.8,41.1,6.0,22.2
2019-02-06,Delhi,New Delhi,11.6,16.7,14.2,25.0,54.1,18.9,29.9
2025-01-20,West Bengal,Darjeeling,20.4,36.8,28.6,81.1,69.9,5.6,20.4
2024-04-16,Jharkhand,Ranchi,10.5,18.4,14.4,10.4,47.8,12.8,30.0
2020-08-21,Andhra Pradesh,Guntur,23.4,36.1,29.8,141.9,56.6,18.4,29.8
2018-12-18,Puducherry,Puducherry,22.2,30.4,26.3,31.3,41.5,14.9,22.2
2023-08-11,Assam,Dibrugarh,20.3,32.7,26.5,539.9,79.2,20.4,27.2
2016-08-10,Himachal Pradesh,Kangra,7.1,14.0,10.6,103.0,73.8,16.0,26.7
2020-02-25,Chhattisgarh,Raipur,22.1,32.4,27.2,64.9,43.5,18.6,28.1
2015-07-20,Jharkhand,Ranchi,23.5,33.3,28.4,96.8,44.6,9.9,25.0
2016-06-05,Kerala,Ernakulam,23.2,32.6,27.9,351.6,63.8,8.0,26.3
2020-03-02,Nagaland,Kohima,12.2,30.0,21.1,25.0,43.7,16.3,29.4
2021-12-27,Rajasthan,Jaipur,12.5,44.0,28.2,38.1,40.9,9.4,21.4
2025-06-06,Rajasthan,Jaipur,30.6,41.3,36.0,107.7,54.4,14.7,28.7
2019-09-08,Andhra Pradesh,Visakhapatnam,27.6,34.8,31.2,125.3,61.4,20.8,27.8
2017-02-26,Assam,Kamrup,14.4,21.6,18.0,74.1,81.9,15.1,22.0
2023-07-08,Chhattisgarh,Raipur,13.7,33.9,23.8,127.8,52.6,18.4,24.7
2015-03-01,Tripura,Agartala,13.7,25.4,19.5,15.1,51.2,11.3,25.2
2016-07-31,Haryana,Karnal,23.5,32.9,28.2,118.2,68.0,20.3,22.4
2015-11-17,Mizoram,Aizawl,13.2,29.3,21.2,46.7,61.9,7.3,23.6
2018-12-29,Himachal Pradesh,Kangra,15.2,27.3,21.2,20.7,57.1,11.6,25.1
2025-02-24,Lakshadweep,Kavaratti,16.9,28.5,22.7,61.9,55.6,13.3,26.1
2025-04-05,Goa,North Goa,24.1,33.0,28.6,14.1,63.3,14.9,25.1
2024-07-11,Rajasthan,Udaipur,11.9,17.4,14.6,17.2,23.6,22.4,22.1
2020-07-30,Gujarat,Rajkot,18.5,39.4,29.0,155.5,57.0,14.3,20.3
2017-07-11,Gujarat,Vadodara,29.1,40.9,35.0,106.7,55.8,15.2,23.0
2018-11-10,Uttarakhand,Dehradun,18.1,31.3,24.7,15.8,61.2,16.6,24.8
2019-08-22,Haryana,Hisar,8.9,36.6,22.8,141.3,55.3,17.8,22.5
2016-07-22,Himachal Pradesh,Kangra,9.8,19.8,14.8,256.7,63.6,18.8,26.6
2018-01-06,West Bengal,Darjeeling,18.7,35.2,27.0,80.8,59.1,9.4,28.3
2023-12-10,Manipur,Imphal,24.1,32.3,28.2,32.0,65.0,12.3,28.4
2024-03-10,Arunachal Pradesh,Itanagar,22.5,30.9,26.7,61.3,47.7,10.6,20.8
2016-06-10,Gujarat,Rajkot,28.7,41.8,35.2,123.8,60.7,14.0,30.6
2022-01-15,Nagaland,Kohima,15.2,30.5,22.8,22.2,46.1,18.5,28.6
2022-04-14,Sikkim,Gangtok,22.5,33.7,28.1,56.1,75.0,8.2,33.7
2023-11-02,Jharkhand,Ranchi,23.8,33.2,28.5,47.0,49.4,18.0,25.8
2024-05-04,Delhi,New Delhi,19.2,30.8,25.0,65.7,45.5,5.9,27.2
2020-12-12,Gujarat,Surat,23.4,34.8,29.1,28.0,34.6,16.9,23.0
2017-05-20,Assam,Cachar,23.7,34.0,28.8,32.9,61.9,14.4,25.8
2015-10-07,Maharashtra,Nashik,24.9,30.7,27.8,65.1,58.9,13.9,23.6
2023-02-12,Ladakh,Leh,12.1,32.2,22.2,26.0,42.7,12.5,28.8
2022-04-23,Madhya Pradesh,Bhopal,16.2,30.6,23.4,27.1,31.9,18.0,32.6
2022-12-03,Meghalaya,Shillong,11.4,18.9,15.2,5.7,79.4,11.2,29.3
2020-03-07,Meghalaya,Shillong,16.3,22.7,19.5,29.0,56.7,7.6,20.5
2025-03-18,Chhattisgarh,Raipur,14.7,28.0,21.4,22.9,78.3,12.2,21.3
2019-10-18,Tripura,Agartala,16.2,31.0,23.6,39.1,53.2,6.6,24.6
2016-11-04,Uttar Pradesh,Varanasi,7.6,23.5,15.6,11.4,63.8,16.6,22.4
2018-02-25,Madhya Pradesh,Bhopal,11.6,25.4,18.5,35.8,60.7,11.0,23.7
2021-06-19,Uttar Pradesh,Kanpur,29.5,37.9,33.7,118.4,50.5,13.4,32.3
2015-11-28,Andhra Pradesh,Chittoor,22.8,32.4,27.6,28.3,67.1,19.4,23.9
2018-03-19,Haryana,Faridabad,29.2,38.0,33.6,40.8,43.3,8.4,25.8
2020-08-01,Bihar,Gaya,29.8,38.5,34.2,217.2,58.0,21.2,27.0
2019-01-17,Rajasthan,Jaipur,26.9,35.7,31.3,38.4,30.0,12.9,23.4
2015-02-05,Sikkim,Gangtok,12.7,20.2,16.4,25.5,67.6,19.6,28.5
2019-09-05,Assam,Tinsukia,13.3,19.6,16.5,443.3,61.1,20.9,28.3
2018-12-14,Odisha,Bhubaneswar,26.9,36.4,31.6,97.6,66.0,19.8,28.8
2023-06-21,Andhra Pradesh,Guntur,21.3,38.6,30.0,119.3,73.0,8.0,27.8
2021-03-03,Andaman and Nicobar Islands,Port Blair,21.4,34.8,28.1,17.0,58.4,13.8,29.5
2022-05-10,Tamil Nadu,Coimbatore,23.6,37.4,30.5,98.0,83.0,16.2,26.3
2022-12-05,Delhi,New Delhi,19.0,32.3,25.6,71.8,71.1,13.1,22.1
2018-10-11,Tamil Nadu,Coimbatore,23.7,34.6,29.2,39.2,66.0,5.3,28.8
2016-03-15,Chhattisgarh,Raipur,10.5,23.5,17.0,40.8,78.9,19.0,26.5
2022-08-08,Gujarat,Rajkot,24.9,34.3,29.6,27.4,40.7,20.7,26.5
2018-01-24,Goa,North Goa,22.2,33.7,28.0,9.4,53.5,15.1,28.5
2023-03-08,Sikkim,Gangtok,22.0,30.4,26.2,70.2,52.0,10.6,21.8
2015-06-13,Madhya Pradesh,Bhopal,15.0,20.2,17.6,87.9,42.3,9.0,28.4
2015-05-28,Kerala,Ernakulam,22.9,33.6,28.2,44.5,81.8,6.9,30.0
2024-11-10,Bihar,Gaya,24.2,35.7,30.0,52.0,48.3,17.4,29.5
2021-05-30,Haryana,Karnal,8.9,37.1,23.0,22.9,58.0,12.6,32.9
2015-07-14,Dadra and Nagar Haveli and Daman and Diu,Daman,10.7,21.9,16.3,33.3,77.7,10.6,24.2
2016-10-24,Uttar Pradesh,Lucknow,22.3,34.1,28.2,34.5,40.2,6.0,22.6
2016-04-24,Haryana,Gurgaon,12.9,27.1,20.0,18.3,31.4,6.4,31.7
2015-05-03,Delhi,New Delhi,10.9,16.8,13.8,61.8,41.6,6.0,30.5
2018-11-24,Andaman and Nicobar Islands,Port Blair,16.6,34.5,25.6,70.6,66.4,6.1,25.0
2022-07-09,Chhattisgarh,Raipur,10.7,33.2,22.0,204.8,63.0,14.4,25.1
2017-08-22,West Bengal,Kolkata,17.2,23.8,20.5,344.1,89.9,9.7,29.9
2024-08-24,Mizoram,Aizawl,23.5,34.3,28.9,252.7,76.9,11.7,24.4
2022-06-01,Tamil Nadu,Chennai,23.8,29.4,26.6,393.1,74.1,14.8,34.9
2023-09-11,Himachal Pradesh,Shimla,5.4,17.0,11.2,89.6,47.5,10.8,26.1
2019-11-14,Arunachal Pradesh,Itanagar,14.4,34.2,24.3,62.2,46.4,17.5,23.5
2019-01-25,Lakshadweep,Kavaratti,13.4,31.4,22.4,65.0,78.4,11.3,25.6
2025-06-11,Dadra and Nagar Haveli and Daman and Diu,Daman,19.2,31.0,25.1,132.6,46.1,9.1,34.1
2020-07-07,Gujarat,Ahmedabad,21.2,29.1,25.2,197.0,62.1,22.7,22.8
2025-05-17,Chandigarh,Chandigarh,16.9,32.5,24.7,43.6,54.2,7.4,30.6
2016-12-10,Assam,Cachar,19.0,31.9,25.4,123.8,64.1,14.4,27.8
2021-09-09,Himachal Pradesh,Mandi,7.8,17.5,12.6,164.7,52.4,15.6,23.1
2017-06-30,Jharkhand,Ranchi,16.3,33.8,25.0,276.6,79.7,15.3,26.7
2018-09-22,Uttar Pradesh,Kanpur,29.0,38.8,33.9,184.5,38.1,12.8,22.8
2023-05-11,Andhra Pradesh,Krishna,25.6,40.0,32.8,49.8,67.2,16.4,28.3
2025-01-18,Chandigarh,Chandigarh,13.8,32.4,23.1,72.2,56.9,5.6,21.8
2023-10-19,Manipur,Imphal,22.9,28.8,25.8,58.4,64.8,15.9,22.6
2021-06-22,Tripura,Agartala,10.3,16.1,13.2,223.0,64.5,20.6,29.0
2019-10-01,Goa,North Goa,18.3,32.5,25.4,39.8,79.7,16.1,26.8
2024-12-08,Nagaland,Kohima,22.0,33.2,27.6,20.4,48.4,14.1,24.4
2019-12-29,Andhra Pradesh,Krishna,28.7,35.5,32.1,31.5,55.0,19.7,21.2
2024-11-07,Assam,Dibrugarh,24.7,33.4,29.0,36.1,65.3,9.9,22.6
2019-04-29,Mizoram,Aizawl,24.6,32.9,28.8,10.2,61.0,18.5,29.2
2024-07-04,Haryana,Karnal,21.7,37.0,29.4,53.3,64.2,14.7,20.6
2016-11-11,Mizoram,Aizawl,23.2,32.0,27.6,18.9,52.7,13.5,23.7
2018-08-26,Tripura,Agartala,13.5,26.4,20.0,71.8,49.8,20.4,22.3
2021-12-17,Kerala,Thrissur,24.1,30.6,27.4,51.5,67.5,12.0,21.5
2016-07-09,Andaman and Nicobar Islands,Port Blair,11.6,30.5,21.0,26.5,55.4,13.9,28.9
2016-09-01,Tripura,Agartala,21.6,30.9,26.2,154.3,62.6,13.4,27.0
2025-07-11,Ladakh,Leh,20.3,30.9,25.6,36.2,45.1,8.6,27.2
2020-11-26,Tripura,Agartala,17.2,34.4,25.8,71.7,71.9,11.6,23.2
2025-08-02,Andaman and Nicobar Islands,Port Blair,13.0,22.0,17.5,297.3,61.2,8.2,20.4
2016-01-07,Karnataka,Bangalore,22.6,32.2,27.4,46.5,77.1,15.5,21.1
2022-12-12,Bihar,Gaya,16.0,32.3,24.2,34.9,48.3,14.4,26.0
2016-09-07,Maharashtra,Nashik,29.7,37.7,33.7,442.2,82.7,14.5,20.5
2022-09-16,Mizoram,Aizawl,12.2,26.2,19.2,270.0,66.2,11.0,27.0
2020-03-29,Arunachal Pradesh,Itanagar,23.4,28.6,26.0,22.0,46.1,16.8,28.9
2021-03-03,Haryana,Gurgaon,18.9,37.6,28.2,34.6,56.3,13.7,20.5
2017-04-26,Ladakh,Leh,24.1,31.2,27.6,61.2,72.4,19.5,28.3
2015-02-12,Jharkhand,Ranchi,25.0,31.5,28.2,36.6,68.3,7.3,22.7
2017-05-14,Gujarat,Ahmedabad,27.4,41.8,34.6,38.0,64.5,5.6,30.8
2018-06-22,Ladakh,Leh,23.7,33.0,28.4,209.4,48.1,20.9,33.7
2024-03-12,Meghalaya,Shillong,19.2,28.8,24.0,62.7,58.6,17.3,24.8
2018-10-10,Maharashtra,Nagpur,25.0,37.5,31.2,40.5,51.1,15.0,29.5
2017-02-23,Meghalaya,Shillong,16.7,33.6,25.2,41.3,79.0,16.9,28.6
2016-04-20,Tripura,Agartala,20.2,33.7,27.0,46.5,62.7,18.1,25.2
2015-03-24,Bihar,Patna,18.5,37.9,28.2,22.7,78.3,16.1,27.6
2018-02-07,Andaman and Nicobar Islands,Port Blair,20.0,29.5,24.8,37.3,73.6,7.1,25.2
2021-02-15,Goa,North Goa,14.6,34.8,24.7,5.3,42.5,19.5,25.4
2017-03-10,Andhra Pradesh,Guntur,21.4,32.5,27.0,31.0,77.3,15.3,21.3
2017-07-24,Andhra Pradesh,Guntur,25.4,31.7,28.6,213.0,71.8,16.4,29.7
2021-04-17,Assam,Dibrugarh,24.2,30.4,27.3,25.0,83.2,12.1,28.3
2025-05-23,Andhra Pradesh,Visakhapatnam,29.2,39.9,34.6,70.5,65.0,15.6,26.7
2021-05-27,Andhra Pradesh,Guntur,29.5,36.1,32.8,22.5,51.8,13.3,34.5
2019-07-27,Rajasthan,Jodhpur,13.4,21.6,17.5,50.9,46.6,16.2,21.0
2023-12-17,Chandigarh,Chandigarh,16.6,22.5,19.6,64.6,44.3,12.1,25.1
2025-08-04,Lakshadweep,Kavaratti,18.0,30.3,24.2,216.4,40.2,8.5,26.1
2015-11-22,Delhi,New Delhi,12.7,32.1,22.4,48.9,79.2,15.9,20.9
2019-03-15,Sikkim,Gangtok,12.6,18.4,15.5,56.9,45.1,15.0,25.6
2024-07-12,Chandigarh,Chandigarh,19.5,29.8,24.6,23.6,50.1,21.3,29.3
2025-01-26,Bihar,Purnia,10.1,38.8,24.4,53.6,76.9,11.0,21.0
2025-07-28,Tamil Nadu,Madurai,22.4,34.7,28.6,326.3,51.8,15.3,20.6
2020-06-08,Tripura,Agartala,23.0,31.3,27.2,276.2,43.1,13.0,31.8
2020-05-18,Kerala,Kozhikode,22.9,33.9,28.4,148.4,68.4,10.4,34.7
2017-04-16,Mizoram,Aizawl,15.4,28.5,22.0,58.8,57.5,10.6,30.0
2016-05-22,Manipur,Imphal,21.7,29.3,25.5,29.6,47.6,15.5,34.0
2022-08-10,Jharkhand,Ranchi,12.8,18.4,15.6,126.8,56.4,17.7,20.9
2025-01-20,Jammu and Kashmir,Srinagar,16.4,26.3,21.4,45.5,52.7,10.5,20.6
2020-10-20,Andaman and Nicobar Islands,Port Blair,21.3,31.6,26.4,73.3,54.1,15.0,29.2
2018-06-24,Kerala,Ernakulam,24.1,29.3,26.7,416.1,76.4,15.5,30.5
2016-10-02,Andhra Pradesh,Krishna,24.6,36.8,30.7,11.0,55.7,10.5,24.5
2025-05-23,Andhra Pradesh,Chittoor,21.3,37.5,29.4,70.4,72.5,18.9,32.4
2023-03-07,Jharkhand,Ranchi,16.6,26.9,21.8,16.6,43.5,8.3,25.3
2020-02-22,Nagaland,Kohima,12.0,34.1,23.0,20.3,73.3,17.3,21.4
2016-08-30,Arunachal Pradesh,Itanagar,20.7,33.4,27.0,267.6,78.2,22.0,23.1
2025-01-06,Haryana,Karnal,11.7,26.0,18.8,25.9,39.4,6.3,26.6
2020-05-12,Sikkim,Gangtok,12.6,33.5,23.0,25.1,47.9,7.9,27.9
2016-07-19,Sikkim,Gangtok,19.2,34.8,27.0,156.2,64.0,20.6,23.3
2018-09-29,Uttar Pradesh,Varanasi,9.9,26.7,18.3,90.1,73.3,22.7,26.9
2020-10-02,Uttar Pradesh,Varanasi,22.7,37.9,30.3,30.7,61.4,6.1,24.9
2019-10-20,Himachal Pradesh,Shimla,6.6,12.6,9.6,45.4,54.4,13.9,25.1
2022-01-19,Rajasthan,Udaipur,16.9,34.4,25.6,16.7,56.8,10.6,20.4
2022-04-12,Dadra and Nagar Haveli and Daman and Diu,Daman,21.5,34.7,28.1,16.9,78.9,14.3,33.5
2024-11-12,Goa,North Goa,17.1,30.1,23.6,63.9,79.3,7.8,29.0
2019-05-01,Maharashtra,Nagpur,26.0,39.5,32.8,46.6,50.9,10.5,33.8
2020-06-09,Delhi,New Delhi,16.9,34.4,25.6,87.9,48.8,18.2,27.9
2021-02-18,Gujarat,Rajkot,17.2,29.6,23.4,17.0,46.5,7.8,29.6
2020-10-06,Telangana,Nizamabad,27.6,38.8,33.2,29.4,74.3,13.9,20.6
2024-08-09,Himachal Pradesh,Kangra,3.1,17.9,10.5,142.4,71.8,21.1,28.6
2023-09-18,Karnataka,Mysore,21.8,33.9,27.8,219.0,80.0,21.3,20.5
2015-05-09,Tamil Nadu,Chennai,24.6,33.8,29.2,79.3,56.9,15.4,32.4
2020-02-16,Arunachal Pradesh,Itanagar,10.4,23.9,17.2,73.5,52.0,18.3,25.9
2016-12-06,Manipur,Imphal,14.4,32.4,23.4,74.3,69.7,5.9,20.5
2017-05-01,Jammu and Kashmir,Srinagar,9.8,14.9,12.4,53.9,40.7,19.6,33.8
2024-04-20,Ladakh,Leh,22.2,33.5,27.8,63.4,57.4,16.9,28.7
2015-01-08,West Bengal,Howrah,25.3,35.1,30.2,51.2,79.8,8.6,29.6
2020-09-07,Bihar,Patna,22.6,32.6,27.6,183.2,69.5,20.0,29.7
2018-02-09,Jharkhand,Ranchi,13.1,26.6,19.8,11.4,43.3,6.6,22.6
2023-03-14,Goa,North Goa,20.4,33.7,27.0,35.5,62.2,8.1,27.9
2025-04-02,Chandigarh,Chandigarh,23.3,31.6,27.4,16.3,40.2,13.0,30.0
2020-12-18,Jammu and Kashmir,Srinagar,18.5,23.7,21.1,19.7,47.9,13.2,22.8
2021-02-13,Jharkhand,Ranchi,13.1,26.8,20.0,7.8,79.0,17.9,22.7
2019-08-26,Lakshadweep,Kavaratti,15.0,23.7,19.4,280.0,66.1,15.8,25.1
2022-07-19,Assam,Kamrup,12.5,34.3,23.4,557.3,93.3,12.4,24.8
2019-02-07,Uttar Pradesh,Kanpur,19.0,32.8,25.9,6.1,71.7,16.2,24.7
2024-05-28,Manipur,Imphal,14.0,29.2,21.6,14.7,79.9,6.9,25.6
2023-12-20,Mizoram,Aizawl,19.2,29.2,24.2,55.3,45.1,10.5,25.0
2021-03-09,Uttarakhand,Dehradun,16.7,29.5,23.1,12.1,60.1,13.3,28.8
2019-07-03,Nagaland,Kohima,18.6,29.8,24.2,247.4,42.6,17.7,28.1
2015-10-03,Odisha,Bhubaneswar,16.4,36.5,26.4,80.8,50.0,8.7,21.5
2023-08-11,Kerala,Kozhikode,23.5,34.4,29.0,401.4,78.1,9.8,26.7
2019-08-30,Telangana,Nizamabad,28.7,36.4,32.6,217.3,51.8,12.0,21.9
2019-12-01,Chhattisgarh,Raipur,13.6,24.2,18.9,44.7,71.2,9.3,21.7
2015-08-31,Telangana,Nizamabad,23.4,37.6,30.5,141.2,76.5,11.7,27.6
2025-07-25,Uttarakhand,Dehradun,17.0,23.4,20.2,98.7,74.3,8.1,27.6
2023-09-09,Chandigarh,Chandigarh,22.2,28.1,25.2,289.4,74.9,10.7,22.4
2023-04-23,Manipur,Imphal,22.3,31.5,26.9,69.6,79.2,10.2,26.0
2022-06-25,Puducherry,Puducherry,20.6,34.3,27.4,66.2,79.4,10.9,25.9
2015-06-20,Uttarakhand,Dehradun,17.4,32.6,25.0,119.2,53.3,11.0,34.9
2016-10-14,Punjab,Amritsar,13.5,32.8,23.2,11.0,48.0,16.9,29.7
2020-04-16,Lakshadweep,Kavaratti,12.7,19.3,16.0,74.1,62.2,10.2,34.6
2021-02-13,Bihar,Gaya,16.6,25.9,21.2,62.2,52.6,9.8,24.4
2024-08-13,Chhattisgarh,Raipur,20.4,33.5,27.0,83.3,54.5,15.4,20.3
2018-01-14,Haryana,Faridabad,22.4,34.5,28.4,11.0,35.2,18.4,26.8
2019-02-08,Sikkim,Gangtok,15.8,25.6,20.7,27.2,66.2,7.7,29.9
2020-09-30,Gujarat,Surat,26.7,33.0,29.8,44.8,55.9,13.7,26.6
2020-11-28,Sikkim,Gangtok,20.8,30.7,25.8,23.0,62.0,11.3,28.9
2020-05-26,Chandigarh,Chandigarh,21.1,31.6,26.4,7.8,79.6,13.5,27.6
2023-01-03,Meghalaya,Shillong,18.9,33.0,26.0,42.7,71.1,11.2,25.9
2025-09-30,Manipur,Imphal,16.3,28.5,22.4,66.9,63.9,22.7,27.6
2017-12-02,Chhattisgarh,Raipur,14.8,32.9,23.8,67.7,47.1,5.8,25.7
2021-03-08,Assam,Cachar,17.1,31.3,24.2,61.6,73.3,9.0,22.9
2020-07-28,Tamil Nadu,Madurai,20.1,31.7,25.9,210.3,62.5,16.1,23.9
2023-12-16,Jharkhand,Ranchi,16.5,21.5,19.0,9.6,46.0,7.8,24.5
2025-08-17,Chhattisgarh,Raipur,23.1,30.9,27.0,195.6,41.0,20.8,21.1
2017-05-07,Tamil Nadu,Coimbatore,22.3,36.0,29.2,33.8,59.0,14.0,34.0
2025-06-20,Manipur,Imphal,13.2,28.6,20.9,188.1,66.4,22.2,26.7
2022-04-28,Nagaland,Kohima,19.8,26.7,23.2,27.0,55.6,17.5,25.5
2017-11-15,Tripura,Agartala,21.0,34.2,27.6,10.5,71.6,6.6,29.6
2015-10-26,Haryana,Karnal,25.4,37.1,31.2,29.8,66.8,6.8,21.2
2023-08-15,Dadra and Nagar Haveli and Daman and Diu,Daman,22.3,31.0,26.6,256.6,55.6,14.8,23.3
2017-07-12,Rajasthan,Jodhpur,33.8,41.7,37.8,123.3,47.8,11.5,29.1
2015-05-17,Arunachal Pradesh,Itanagar,18.2,33.3,25.8,63.3,42.3,14.3,32.9
2017-11-09,Sikkim,Gangtok,23.6,31.8,27.7,57.5,78.8,17.4,28.5
2021-10-23,Haryana,Gurgaon,15.2,22.0,18.6,48.5,57.8,7.6,29.7
2015-07-30,Tamil Nadu,Chennai,25.7,31.4,28.6,101.5,80.3,22.3,23.6
2022-08-31,Lakshadweep,Kavaratti,16.2,26.7,21.4,253.9,58.1,13.6,26.2
2019-04-24,Haryana,Hisar,17.3,31.7,24.5,23.3,48.4,5.5,34.3
2021-10-18,Bihar,Gaya,8.7,34.0,21.4,29.4,44.5,14.1,27.1
2017-02-18,Chandigarh,Chandigarh,19.5,30.5,25.0,42.5,61.6,18.0,20.9
2018-05-15,Odisha,Bhubaneswar,17.4,36.7,27.0,37.3,77.0,10.3,34.3
2021-10-22,Tamil Nadu,Chennai,22.3,31.9,27.1,24.3,73.3,11.0,29.4
2019-12-08,Nagaland,Kohima,10.2,22.9,16.5,6.7,53.2,10.7,22.6
2022-06-06,Andaman and Nicobar Islands,Port Blair,13.8,23.0,18.4,94.6,51.3,20.8,25.4
2017-12-01,Tamil Nadu,Chennai,27.9,34.3,31.1,12.5,56.1,19.1,30.0
2016-02-15,Delhi,New Delhi,13.7,22.4,18.0,63.5,76.6,14.8,29.4
2024-11-03,Nagaland,Kohima,24.3,33.6,29.0,29.4,46.0,12.8,22.9
2022-10-24,Delhi,New Delhi,11.8,24.0,17.9,38.6,66.5,8.3,28.7
2022-04-11,Gujarat,Ahmedabad,18.2,41.9,30.0,30.1,35.9,17.5,27.5
2016-03-02,West Bengal,Kolkata,13.4,21.0,17.2,73.4,85.2,18.5,27.9
2024-02-29,Andhra Pradesh,Chittoor,25.8,35.7,30.8,34.3,51.3,17.5,30.0
2019-01-11,Puducherry,Puducherry,23.8,34.6,29.2,28.3,44.0,18.1,27.6
2023-01-28,Odisha,Bhubaneswar,20.9,37.7,29.3,22.5,72.8,19.3,29.1
2017-07-30,Dadra and Nagar Haveli and Daman and Diu,Daman,21.4,28.7,25.0,48.7,53.0,17.3,23.2
2020-03-22,Madhya Pradesh,Bhopal,19.1,31.3,25.2,23.5,66.9,9.8,29.9
2017-01-11,Telangana,Warangal,20.5,38.2,29.4,57.6,66.8,11.7,28.2
2018-10-24,Chhattisgarh,Raipur,17.4,24.1,20.8,24.6,47.3,13.5,26.6
2018-05-28,Tamil Nadu,Chennai,22.7,28.1,25.4,69.3,52.2,19.5,33.9
2019-05-20,Odisha,Bhubaneswar,27.5,35.3,31.4,77.0,51.6,6.3,29.9
2018-06-09,Andhra Pradesh,Chittoor,25.9,37.9,31.9,117.4,66.3,8.9,29.7
2015-11-24,Delhi,New Delhi,20.1,34.9,27.5,58.8,79.8,12.5,24.3
2019-01-06,Delhi,New Delhi,22.5,31.0,26.8,57.9,79.8,15.9,20.1
2020-09-30,Lakshadweep,Kavaratti,12.7,22.5,17.6,250.2,77.3,17.7,20.9
2020-05-20,West Bengal,Howrah,19.0,36.0,27.5,51.7,52.6,16.7,31.6
2016-01-11,Kerala,Thrissur,23.4,34.0,28.7,131.2,81.0,19.1,24.5
2015-09-20,Himachal Pradesh,Mandi,14.6,28.2,21.4,205.3,62.1,19.0,23.5
2015-09-24,Karnataka,Mysore,21.7,37.7,29.7,82.8,77.9,19.8,20.5
2021-08-03,Delhi,New Delhi,20.6,26.5,23.6,78.9,78.3,13.4,20.6
2024-04-11,Odisha,Bhubaneswar,22.8,30.3,26.6,48.4,53.6,6.4,30.0
2024-04-18,Puducherry,Puducherry,15.0,22.3,18.6,45.6,42.5,16.3,25.5
2020-04-28,Gujarat,Rajkot,31.5,40.5,36.0,45.4,47.6,5.9,27.3
2025-03-26,Dadra and Nagar Haveli and Daman and Diu,Daman,24.6,32.9,28.8,21.0,59.3,9.8,24.9
2020-03-08,Arunachal Pradesh,Itanagar,22.5,29.2,25.8,32.9,57.8,13.8,20.8
2020-03-16,Odisha,Bhubaneswar,18.1,29.8,24.0,82.8,56.5,18.2,23.4
2022-05-23,Lakshadweep,Kavaratti,13.8,25.4,19.6,43.8,69.4,12.2,33.2
2024-12-13,Jharkhand,Ranchi,22.3,27.3,24.8,60.4,57.7,19.5,28.2
2019-07-11,Haryana,Faridabad,14.6,32.5,23.6,55.0,41.6,11.0,27.5
2018-12-15,Uttar Pradesh,Kanpur,5.2,23.2,14.2,51.1,65.5,11.3,26.3
2015-02-15,Chandigarh,Chandigarh,16.5,32.9,24.7,45.1,65.3,19.8,27.7
2025-08-28,Karnataka,Hubli,20.9,35.3,28.1,374.3,53.3,20.3,22.4
2016-08-22,Punjab,Amritsar,15.9,34.1,25.0,63.8,37.5,14.9,27.8
2016-12-20,Punjab,Ludhiana,19.9,35.5,27.7,36.0,51.8,9.7,24.2
2020-03-27,Himachal Pradesh,Mandi,7.6,14.0,10.8,68.4,65.7,17.9,27.8
2018-07-16,Haryana,Hisar,6.7,17.8,12.2,191.1,48.5,20.2,25.8
2016-08-23,Manipur,Imphal,22.4,33.0,27.7,98.3,79.6,15.4,25.8
2016-01-16,Puducherry,Puducherry,18.1,33.6,25.8,24.6,42.5,11.4,29.2
2015-04-28,Telangana,Warangal,23.3,31.5,27.4,50.2,69.5,11.9,28.8
2024-12-16,Delhi,New Delhi,15.5,26.6,21.0,64.0,59.3,9.7,21.8
2020-12-03,Uttarakhand,Dehradun,14.2,26.5,20.4,43.3,64.9,6.1,26.1
2025-02-18,Rajasthan,Jodhpur,18.8,29.2,24.0,14.9,51.4,17.0,21.0
2015-09-17,Chhattisgarh,Raipur,17.4,29.1,23.2,28.5,68.7,13.5,24.2
2018-01-03,Jammu and Kashmir,Srinagar,12.2,23.2,17.7,58.6,63.8,8.4,28.7
2019-02-12,Rajasthan,Udaipur,15.4,38.0,26.7,32.2,47.5,11.3,28.8
2021-06-10,Bihar,Gaya,15.2,33.8,24.5,268.2,46.2,17.8,34.0
2020-08-16,Meghalaya,Shillong,11.5,19.2,15.4,125.9,79.8,11.4,23.2
2016-01-01,Dadra and Nagar Haveli and Daman and Diu,Daman,22.5,28.5,25.5,74.7,69.6,19.4,21.4
2019-07-16,Uttar Pradesh,Varanasi,11.3,25.8,18.6,31.2,33.0,21.6,20.4
2022-01-14,Jammu and Kashmir,Srinagar,15.0,27.2,21.1,14.7,47.5,11.8,26.4
2024-05-12,Goa,North Goa,23.4,31.9,27.6,70.5,47.6,14.3,33.4
2019-01-01,Delhi,New Delhi,13.5,31.5,22.5,33.0,80.0,6.4,25.5
2020-07-17,Rajasthan,Udaipur,29.6,41.6,35.6,85.8,40.5,14.1,23.4
2023-12-31,Meghalaya,Shillong,18.9,32.2,25.6,24.5,77.9,10.5,24.3
2021-10-12,Puducherry,Puducherry,16.2,22.7,19.4,13.1,71.8,10.7,22.2
2017-03-01,Manipur,Imphal,20.6,34.6,27.6,70.6,68.9,7.9,21.5
2024-10-09,Goa,North Goa,23.1,34.7,28.9,48.6,76.1,17.2,21.5
2024-11-20,Arunachal Pradesh,Itanagar,13.3,19.4,16.4,38.2,53.0,11.4,20.1
2017-01-16,Telangana,Hyderabad,26.7,33.4,30.0,33.9,56.1,6.0,23.7
2021-08-11,West Bengal,Darjeeling,26.2,37.3,31.8,51.3,51.2,16.9,22.0
2015-11-09,Andhra Pradesh,Guntur,29.0,36.9,33.0,31.2,78.6,9.8,23.2
2016-06-21,Andhra Pradesh,Krishna,21.3,29.3,25.3,237.7,72.8,13.8,28.5
2017-07-09,West Bengal,Howrah,17.5,27.2,22.4,319.6,83.5,8.1,29.4
2017-12-13,Ladakh,Leh,11.8,33.2,22.5,21.3,76.7,16.8,22.7
2024-11-21,Punjab,Ludhiana,5.7,31.7,18.7,42.0,57.2,10.7,21.3
2019-01-30,Haryana,Hisar,13.7,24.4,19.0,37.5,36.4,17.3,26.1
2022-12-22,Andhra Pradesh,Visakhapatnam,24.8,33.5,29.2,43.0,66.2,8.6,29.9
2023-11-10,Uttar Pradesh,Varanasi,29.6,37.5,33.6,19.0,45.4,19.7,24.1
2022-09-30,Tripura,Agartala,23.7,29.1,26.4,237.5,70.5,17.8,21.2
2021-07-09,Jharkhand,Ranchi,24.7,30.8,27.8,218.7,70.1,19.4,28.3
2024-11-27,Kerala,Thrissur,25.0,30.5,27.8,84.0,89.2,18.2,29.9
2017-03-08,Gujarat,Surat,24.9,38.0,31.4,16.9,48.3,5.3,27.2
2015-12-14,Kerala,Thrissur,24.8,30.4,27.6,81.8,78.7,14.5,23.1
2015-09-30,Mizoram,Aizawl,10.3,32.8,21.5,45.7,47.1,22.4,25.0
2023-03-30,Chhattisgarh,Raipur,23.1,34.3,28.7,74.3,41.6,5.8,21.9
2016-12-20,Maharashtra,Nashik,25.9,33.3,29.6,67.0,75.4,7.8,22.9
2019-11-09,Puducherry,Puducherry,20.9,26.0,23.4,58.0,67.1,6.9,22.4
2024-07-17,Mizoram,Aizawl,10.2,26.7,18.4,131.2,56.9,9.5,23.5
2021-12-22,Jammu and Kashmir,Srinagar,18.4,23.8,21.1,73.4,73.9,8.0,27.1
2023-08-31,Andhra Pradesh,Krishna,20.9,28.2,24.5,166.9,62.0,20.2,29.4
2016-11-15,Ladakh,Leh,24.1,30.0,27.0,53.0,62.8,10.6,29.9
2020-10-27,Manipur,Imphal,16.8,30.6,23.7,40.2,44.1,7.1,27.5
2016-09-13,Odisha,Bhubaneswar,27.0,34.9,31.0,64.1,83.5,15.5,21.3
2020-08-01,Chhattisgarh,Raipur,13.0,18.8,15.9,218.8,68.2,17.0,25.5
2024-01-02,Odisha,Bhubaneswar,20.7,39.3,30.0,82.0,81.8,9.7,29.8
2017-08-04,Chhattisgarh,Raipur,12.5,18.5,15.5,109.6,48.1,15.8,23.5
2021-08-02,Kerala,Thrissur,22.5,33.8,28.2,354.0,63.3,9.1,23.8
2022-04-19,Odisha,Bhubaneswar,28.6,36.9,32.8,22.5,58.6,5.7,33.3
2016-05-21,Kerala,Kozhikode,24.8,30.2,27.5,46.6,65.1,17.1,33.4
2019-05-02,Ladakh,Leh,16.3,34.6,25.5,23.2,61.0,19.9,33.3
2023-11-27,Kerala,Ernakulam,23.5,29.2,26.4,138.0,76.3,9.6,24.5
2022-03-08,Nagaland,Kohima,14.7,28.1,21.4,24.1,57.8,11.4,26.2
2024-01-31,Puducherry,Puducherry,10.2,27.1,18.6,46.5,55.7,8.7,28.4
2015-09-01,Delhi,New Delhi,15.2,24.8,20.0,149.7,51.1,20.5,25.6
2016-05-20,Nagaland,Kohima,21.3,32.8,27.0,60.2,74.8,18.8,28.8
2016-02-26,Andaman and Nicobar Islands,Port Blair,16.7,22.4,19.5,69.8,63.5,15.7,24.4
2024-04-14,Chhattisgarh,Raipur,17.1,29.1,23.1,60.7,64.5,17.2,27.2
2023-08-25,Tripura,Agartala,13.1,21.6,17.4,21.4,47.2,9.8,24.5
2021-03-14,Telangana,Hyderabad,19.5,30.9,25.2,75.0,60.1,18.9,27.0
2024-10-01,Andaman and Nicobar Islands,Port Blair,23.4,32.5,28.0,61.7,52.1,10.6,29.6
2024-10-30,Delhi,New Delhi,14.0,25.7,19.8,50.6,55.7,5.3,27.9
2024-03-03,Jharkhand,Ranchi,15.0,23.4,19.2,40.4,40.3,18.0,22.6
2020-02-16,Delhi,New Delhi,23.8,33.0,28.4,43.4,72.3,19.9,22.5
2025-05-21,Tamil Nadu,Madurai,22.8,32.7,27.8,58.6,69.4,13.2,33.3
2023-05-15,Karnataka,Hubli,22.0,27.1,24.6,88.8,69.8,7.8,25.3
2018-04-07,Telangana,Warangal,21.8,28.4,25.1,68.3,51.1,15.6,31.6
2015-11-26,Telangana,Hyderabad,26.6,36.1,31.4,57.4,60.5,10.7,28.6
2016-10-11,Gujarat,Ahmedabad,22.8,35.9,29.4,25.9,61.0,13.1,24.7
2019-01-04,Rajasthan,Udaipur,16.4,42.9,29.6,34.9,37.3,14.9,25.1
2016-01-26,Punjab,Patiala,9.4,24.0,16.7,43.4,61.9,6.5,20.8
2019-02-28,Jharkhand,Ranchi,22.8,34.3,28.6,25.6,54.0,10.0,21.3
2016-01-16,Tripura,Agartala,21.2,29.5,25.4,63.5,75.1,18.7,28.2
2024-03-31,Ladakh,Leh,21.8,30.5,26.2,6.9,44.5,13.0,23.6
2017-01-11,Manipur,Imphal,22.4,31.7,27.0,11.9,59.1,17.3,28.6
2020-07-03,Goa,North Goa,12.5,19.3,15.9,128.4,42.6,18.9,24.5
2017-03-30,Arunachal Pradesh,Itanagar,13.0,19.7,16.4,69.9,41.7,6.5,22.3
2016-11-03,Kerala,Kozhikode,22.3,32.3,27.3,52.3,74.4,17.9,28.2
2022-01-04,Bihar,Muzaffarpur,11.2,18.3,14.8,53.2,48.4,16.7,24.3
2019-11-07,Tamil Nadu,Madurai,21.2,37.7,29.4,15.0,54.4,17.2,24.5
2023-03-16,Madhya Pradesh,Bhopal,30.6,36.3,33.4,13.6,30.1,8.3,26.6
2018-04-26,Mizoram,Aizawl,20.8,29.8,25.3,23.0,68.7,7.6,32.7
2017-07-18,Dadra and Nagar Haveli and Daman and Diu,Daman,21.8,30.4,26.1,74.2,65.2,20.8,25.3
2019-03-20,Meghalaya,Shillong,16.9,34.7,25.8,42.6,41.4,12.5,24.5
2017-07-01,Uttar Pradesh,Varanasi,12.9,25.5,19.2,224.8,36.7,19.5,29.0
2016-10-05,West Bengal,Howrah,14.7,20.9,17.8,45.3,67.3,19.3,24.3
2016-03-02,Andhra Pradesh,Visakhapatnam,20.9,28.0,24.4,32.9,55.5,5.9,21.8
2016-05-16,Kerala,Thrissur,22.3,28.9,25.6,149.6,73.4,14.9,26.7
2016-12-30,Punjab,Amritsar,26.2,33.5,29.8,49.2,63.5,19.3,26.7
2018-07-07,Arunachal Pradesh,Itanagar,19.9,33.4,26.6,220.3,64.2,13.4,22.2
2024-10-24,Ladakh,Leh,21.7,29.9,25.8,9.3,59.2,14.9,20.2
2020-10-19,Manipur,Imphal,20.6,27.7,24.2,20.6,62.5,10.1,24.5
2021-11-30,Sikkim,Gangtok,17.7,34.0,25.8,19.3,58.6,16.8,22.1
2023-11-24,Lakshadweep,Kavaratti,11.2,16.5,13.8,12.3,51.0,11.1,25.9
2016-04-01,Punjab,Amritsar,10.0,21.7,15.8,36.5,66.4,7.0,29.7
2021-02-14,Ladakh,Leh,14.4,27.6,21.0,13.3,50.8,15.6,28.2
2015-10-18,Delhi,New Delhi,19.3,34.4,26.8,50.7,69.9,10.4,21.7
2024-10-31,Manipur,Imphal,19.9,34.2,27.0,73.7,58.0,13.1,23.1
2025-07-03,Assam,Dibrugarh,20.1,32.7,26.4,120.6,89.6,15.7,25.8
2017-07-08,Andaman and Nicobar Islands,Port Blair,13.1,18.3,15.7,286.6,77.1,19.6,24.7
2021-05-28,Uttarakhand,Dehradun,14.8,22.2,18.5,10.7,58.3,16.9,32.3
2020-05-23,Chhattisgarh,Raipur,21.3,27.3,24.3,65.4,72.2,6.4,28.6
2017-01-25,Dadra and Nagar Haveli and Daman and Diu,Daman,15.6,31.2,23.4,65.2,55.0,7.0,20.8
2019-07-17,Sikkim,Gangtok,19.6,29.8,24.7,272.6,78.1,21.5,20.8
2020-01-09,Jammu and Kashmir,Srinagar,5.7,15.3,10.5,14.5,76.7,18.4,23.9
2018-07-30,Gujarat,Ahmedabad,31.3,39.5,35.4,98.1,52.0,14.3,22.9
2019-04-17,Goa,North Goa,12.7,25.7,19.2,42.2,72.9,12.1,33.3
2020-02-13,Uttar Pradesh,Kanpur,30.8,40.3,35.6,11.6,53.1,17.9,24.9
2016-01-12,Andhra Pradesh,Chittoor,28.1,38.5,33.3,20.4,59.9,16.5,21.6
2025-03-18,Odisha,Bhubaneswar,21.3,28.2,24.8,31.2,60.0,13.0,29.1
2018-03-25,Gujarat,Rajkot,21.6,39.7,30.6,36.3,61.2,16.4,23.0
2016-05-22,Ladakh,Leh,13.5,34.6,24.0,56.6,54.6,13.3,32.8
2018-12-07,Kerala,Ernakulam,22.2,28.0,25.1,28.1,64.9,6.8,24.6
2022-01-19,Punjab,Ludhiana,12.2,18.2,15.2,25.2,53.1,10.6,22.6
2024-05-19,Tamil Nadu,Madurai,23.1,33.2,28.2,49.2,53.3,11.9,32.2
2016-07-12,Tripura,Agartala,22.3,30.7,26.5,298.3,73.7,11.2,24.6
2025-07-01,Chandigarh,Chandigarh,14.4,28.0,21.2,82.8,41.4,21.6,25.2
2023-12-03,Andaman and Nicobar Islands,Port Blair,23.7,29.4,26.6,15.6,49.1,11.9,28.8
2023-06-30,Dadra and Nagar Haveli and Daman and Diu,Daman,19.8,25.4,22.6,134.0,68.9,12.8,29.9
2021-04-26,Nagaland,Kohima,20.7,34.7,27.7,28.3,69.8,16.2,30.4
2016-02-25,Odisha,Bhubaneswar,27.2,36.4,31.8,66.2,79.3,12.1,24.8
2019-04-02,Bihar,Patna,21.0,37.3,29.2,18.3,70.8,9.4,25.7
2024-12-01,Andhra Pradesh,Chittoor,27.9,33.9,30.9,23.9,71.2,13.5,29.2
2015-10-31,Manipur,Imphal,24.3,31.1,27.7,27.7,48.4,12.8,23.8
2017-07-30,Haryana,Faridabad,5.4,22.1,13.8,31.1,62.0,21.9,23.0
2023-07-08,Manipur,Imphal,19.8,25.7,22.8,121.8,63.0,9.6,23.8
2024-09-30,Manipur,Imphal,24.3,30.2,27.2,193.7,73.3,19.6,27.7
2025-03-04,Sikkim,Gangtok,10.9,34.5,22.7,55.9,78.2,19.7,23.6
2022-02-02,Nagaland,Kohima,18.2,31.8,25.0,64.4,78.8,19.6,23.3
2025-03-30,Meghalaya,Shillong,20.2,26.6,23.4,61.7,46.4,18.4,29.8
2018-07-25,Arunachal Pradesh,Itanagar,11.3,25.9,18.6,94.1,58.8,12.4,20.7
2023-12-19,Ladakh,Leh,15.9,23.8,19.8,43.5,67.2,11.1,22.0
2017-12-25,Punjab,Ludhiana,9.8,14.9,12.4,36.6,40.1,19.6,27.5
2020-11-25,Meghalaya,Shillong,14.4,21.9,18.2,48.7,74.6,13.8,20.1
2021-05-04,Assam,Kamrup,21.8,34.7,28.2,30.9,88.3,15.8,29.0
2021-03-19,Chandigarh,Chandigarh,19.5,26.2,22.8,55.4,63.2,6.3,28.7
2020-01-02,Arunachal Pradesh,Itanagar,11.9,24.8,18.4,14.2,65.8,16.1,29.5
2019-04-03,Jammu and Kashmir,Srinagar,5.1,17.4,11.2,35.1,43.9,17.1,25.8
2023-08-28,Uttar Pradesh,Kanpur,14.1,23.5,18.8,166.2,75.3,19.2,27.7
2016-11-23,Chhattisgarh,Raipur,11.2,30.1,20.6,9.4,59.4,15.4,22.5
2015-09-12,Arunachal Pradesh,Itanagar,20.2,33.8,27.0,265.8,47.7,12.1,26.7
2019-01-18,Punjab,Amritsar,26.0,35.1,30.6,46.5,53.0,8.9,20.2
2021-04-19,Puducherry,Puducherry,22.1,27.8,25.0,10.5,71.1,5.5,33.4
2015-09-14,Puducherry,Puducherry,19.0,31.0,25.0,282.7,74.7,9.1,28.5
2021-08-27,Punjab,Ludhiana,21.7,30.9,26.3,173.6,30.9,20.6,26.2
2016-03-17,Tripura,Agartala,13.9,19.0,16.4,41.5,56.9,17.9,27.9
2020-02-25,Punjab,Ludhiana,19.7,27.0,23.4,37.7,53.7,5.3,27.6
2022-03-31,Tripura,Agartala,22.5,33.3,27.9,17.3,60.1,12.9,29.3
2018-01-18,Maharashtra,Nashik,29.1,34.5,31.8,124.9,75.4,10.6,27.4
2025-06-17,Kerala,Thrissur,23.1,34.6,28.8,289.1,83.0,10.3,33.5
2021-09-03,Chhattisgarh,Raipur,19.3,32.9,26.1,137.0,53.9,16.0,23.9
2016-08-04,Arunachal Pradesh,Itanagar,17.7,28.0,22.8,75.1,79.1,8.2,29.3
2023-07-13,Meghalaya,Shillong,22.4,30.6,26.5,110.2,46.6,10.0,25.5
2019-10-02,Chandigarh,Chandigarh,11.6,25.4,18.5,62.0,70.3,7.0,29.6
2025-03-24,Telangana,Warangal,21.4,36.0,28.7,29.5,64.7,13.6,21.8
2022-03-30,Chandigarh,Chandigarh,19.8,28.1,24.0,47.8,61.7,17.6,22.1
2015-01-19,Karnataka,Mysore,19.5,36.0,27.8,50.0,75.2,19.4,25.4
2018-01-29,Maharashtra,Mumbai,21.6,37.2,29.4,117.1,51.0,15.3,27.8
2022-04-08,Tamil Nadu,Chennai,20.2,32.8,26.5,67.0,72.3,6.3,25.2
2025-07-04,Meghalaya,Shillong,14.4,25.0,19.7,60.5,60.4,11.4,23.4
2018-10-12,Rajasthan,Jaipur,17.3,39.8,28.6,35.4,31.9,10.6,28.2
2019-04-15,Bihar,Patna,24.7,37.0,30.8,56.0,51.9,19.0,33.1
2025-06-29,Delhi,New Delhi,13.2,29.3,21.2,63.4,63.1,12.3,26.1
2020-09-11,Maharashtra,Mumbai,25.2,38.9,32.0,104.7,80.5,9.9,27.4
2020-06-16,Odisha,Bhubaneswar,29.8,35.3,32.6,116.6,66.2,19.1,34.0
2024-01-14,Chhattisgarh,Raipur,20.9,32.9,26.9,36.6,54.2,12.6,26.5
2019-03-28,Ladakh,Leh,17.5,32.4,25.0,16.0,55.8,6.0,26.7
2025-02-18,Dadra and Nagar Haveli and Daman and Diu,Daman,21.4,32.1,26.8,71.9,77.3,9.1,22.4
2017-05-11,Nagaland,Kohima,10.4,25.3,17.8,65.3,46.3,13.9,32.2
2015-06-04,Dadra and Nagar Haveli and Daman and Diu,Daman,15.5,30.7,23.1,254.4,40.4,19.0,31.0
2024-07-26,Chandigarh,Chandigarh,22.7,28.7,25.7,246.0,45.6,16.8,22.7
2017-06-23,Rajasthan,Udaipur,16.0,33.0,24.5,123.6,45.8,22.8,26.2
2018-06-23,Chandigarh,Chandigarh,20.8,26.3,23.6,120.1,53.7,11.8,30.3
2016-02-09,Bihar,Gaya,13.4,26.3,19.8,65.9,52.9,19.8,22.8
2017-04-23,Chhattisgarh,Raipur,23.5,31.3,27.4,68.5,57.1,16.6,29.0
2019-11-18,Jharkhand,Ranchi,19.3,24.9,22.1,46.9,52.6,19.9,28.1
2019-04-14,Uttarakhand,Dehradun,11.2,19.9,15.6,48.1,52.0,8.2,28.6
2018-03-30,Meghalaya,Shillong,11.6,26.8,19.2,24.8,74.7,5.5,23.5
2017-01-16,Chandigarh,Chandigarh,18.2,26.0,22.1,9.0,42.9,7.4,22.7
2019-09-22,Madhya Pradesh,Bhopal,25.5,36.0,30.8,27.2,36.2,13.5,24.2
2023-09-24,Ladakh,Leh,10.9,18.2,14.6,93.4,73.5,11.1,22.3
2015-09-28,Rajasthan,Jodhpur,22.4,43.1,32.8,89.2,23.2,10.8,28.6
2017-02-08,Manipur,Imphal,23.2,33.6,28.4,42.9,57.6,9.0,25.5
2019-09-12,Punjab,Patiala,22.1,34.8,28.4,60.6,66.1,13.9,28.8
2019-02-19,Punjab,Patiala,14.9,20.7,17.8,38.2,66.8,8.8,25.4
2015-06-21,Chhattisgarh,Raipur,22.1,29.6,25.8,100.1,56.4,16.3,30.5
2015-10-01,Lakshadweep,Kavaratti,17.3,32.7,25.0,15.7,43.4,7.5,27.0
2021-04-25,Goa,North Goa,12.2,22.9,17.5,66.6,45.6,12.9,30.1
2018-03-04,Chandigarh,Chandigarh,10.5,17.8,14.2,71.5,78.4,18.1,24.3
2019-09-03,Uttar Pradesh,Kanpur,21.0,39.2,30.1,168.8,74.8,12.7,26.2
2025-05-21,Madhya Pradesh,Bhopal,22.5,41.8,32.2,53.3,36.6,5.9,29.5
2019-11-07,Andaman and Nicobar Islands,Port Blair,18.2,32.5,25.4,16.2,76.8,13.6,28.4
2016-02-26,Chhattisgarh,Raipur,22.5,34.6,28.6,51.1,71.4,17.3,24.7
2018-12-15,Tripura,Agartala,16.5,34.3,25.4,9.7,78.1,13.7,22.9
2018-04-24,Madhya Pradesh,Bhopal,22.3,36.7,29.5,11.1,56.8,18.5,34.7
2021-08-08,Telangana,Nizamabad,25.2,33.4,29.3,186.5,40.1,21.8,27.8
2025-01-26,Dadra and Nagar Haveli and Daman and Diu,Daman,12.5,28.2,20.4,6.4,48.6,7.6,21.6
2021-08-22,Punjab,Patiala,18.8,39.4,29.1,43.5,64.9,9.2,20.8
2024-11-03,Haryana,Gurgaon,20.7,33.9,27.3,20.5,51.3,16.3,27.7
2016-08-02,Himachal Pradesh,Kangra,0.2,7.1,3.6,40.9,40.6,20.6,20.8
2017-06-09,Rajasthan,Jodhpur,27.8,44.8,36.3,133.1,22.7,21.4,34.6
2016-12-22,Punjab,Patiala,22.7,35.3,29.0,32.1,62.8,13.3,23.3
2023-12-12,Manipur,Imphal,24.6,29.9,27.2,51.6,63.4,14.6,26.4
2017-05-30,Uttar Pradesh,Lucknow,8.3,17.1,12.7,8.7,76.9,14.1,25.8
2018-01-26,Karnataka,Belgaum,22.3,31.1,26.7,23.3,77.0,16.6,24.6
2022-04-06,Karnataka,Hubli,23.2,32.5,27.8,59.6,73.0,18.1,30.9
2020-06-30,Uttarakhand,Dehradun,11.9,30.9,21.4,124.2,65.2,11.0,26.6
2020-08-31,Chandigarh,Chandigarh,10.8,21.8,16.3,187.2,52.8,11.6,29.9
2019-01-13,Odisha,Bhubaneswar,30.0,38.0,34.0,39.1,80.2,16.1,26.2
2023-11-18,Puducherry,Puducherry,23.6,31.4,27.5,22.9,78.7,17.9,29.1
2016-01-18,Tamil Nadu,Madurai,27.3,34.5,30.9,87.5,81.1,13.2,26.3
2020-12-21,Andhra Pradesh,Visakhapatnam,25.8,30.9,28.4,44.8,51.1,11.8,20.5
2018-12-20,Assam,Dibrugarh,16.8,25.8,21.3,121.7,76.8,12.7,29.0
2023-06-24,Assam,Cachar,17.2,24.2,20.7,156.3,70.7,12.0,33.2
2021-12-25,West Bengal,Howrah,23.7,29.2,26.4,33.1,68.0,6.3,21.7
2023-12-01,Maharashtra,Pune,28.9,37.2,33.0,101.6,54.9,10.6,28.6
2023-08-23,Chandigarh,Chandigarh,19.9,31.8,25.8,198.9,61.6,22.9,28.9
2019-05-10,Chhattisgarh,Raipur,20.7,32.0,26.4,10.9,59.4,12.4,25.5
2019-11-22,Manipur,Imphal,21.3,26.3,23.8,34.8,76.1,10.1,25.8
2015-05-24,Maharashtra,Mumbai,21.7,29.1,25.4,94.0,49.2,6.1,29.4
2020-03-01,Maharashtra,Nashik,26.5,36.4,31.4,38.1,76.8,6.5,26.7
2019-08-30,Haryana,Karnal,20.2,38.5,29.4,114.8,62.8,11.2,25.5
2018-12-06,Haryana,Faridabad,18.3,28.2,23.2,5.2,59.8,11.0,23.0
2015-08-12,Odisha,Bhubaneswar,17.9,37.5,27.7,160.2,57.1,15.9,27.8
2015-08-08,Lakshadweep,Kavaratti,19.0,34.6,26.8,287.9,76.1,16.5,27.7
2015-06-28,Dadra and Nagar Haveli and Daman and Diu,Daman,14.3,28.3,21.3,38.6,50.5,12.9,28.6
2019-07-13,Andaman and Nicobar Islands,Port Blair,12.4,18.9,15.6,181.9,59.7,16.8,21.3
2016-03-08,Karnataka,Mysore,27.5,34.8,31.2,50.5,64.6,15.4,23.8
2015-09-22,Madhya Pradesh,Bhopal,13.1,36.8,25.0,77.3,47.7,17.5,29.7
2017-08-11,Uttarakhand,Dehradun,10.5,25.6,18.0,282.1,50.2,9.7,26.0
2016-03-04,Odisha,Bhubaneswar,17.3,37.9,27.6,75.1,54.2,13.7,20.3
2025-03-22,Uttar Pradesh,Varanasi,27.8,34.7,31.2,45.2,35.3,12.1,29.3
2021-09-29,Himachal Pradesh,Kangra,1.5,13.4,7.4,243.5,58.5,17.8,28.1
2024-08-25,West Bengal,Kolkata,24.1,32.6,28.4,238.1,72.8,9.8,28.7
2022-08-06,Lakshadweep,Kavaratti,11.4,19.8,15.6,284.5,51.3,11.7,24.3
2021-02-22,Assam,Cachar,20.9,29.2,25.0,134.3,65.2,6.8,20.8
2019-04-27,Lakshadweep,Kavaratti,14.5,22.6,18.6,37.3,79.8,18.0,33.9
2023-07-22,Chhattisgarh,Raipur,22.5,29.5,26.0,83.4,69.3,17.0,22.1
2016-04-24,Haryana,Karnal,29.2,36.7,33.0,41.6,33.0,5.5,29.6
2024-08-15,Maharashtra,Nashik,19.4,39.7,29.6,413.5,60.4,22.7,22.4
2018-09-15,Assam,Kamrup,20.2,25.4,22.8,286.1,62.8,13.5,23.8
2024-02-05,Telangana,Hyderabad,22.5,32.7,27.6,50.1,47.6,8.5,26.5
2025-08-14,Madhya Pradesh,Bhopal,20.3,28.0,24.2,193.2,67.2,15.0,26.1
2017-06-08,Andaman and Nicobar Islands,Port Blair,22.2,34.7,28.4,291.4,76.9,20.2,29.3
2025-07-21,Haryana,Karnal,21.7,36.9,29.3,36.5,34.7,18.6,26.7
2017-07-13,Dadra and Nagar Haveli and Daman and Diu,Daman,22.1,28.6,25.4,282.3,49.5,10.0,23.2
2020-12-10,Uttar Pradesh,Lucknow,26.8,32.1,29.4,17.5,77.8,5.3,22.8
2020-03-17,Nagaland,Kohima,14.9,33.9,24.4,64.6,58.4,9.8,29.4
2018-11-11,Nagaland,Kohima,12.8,26.0,19.4,34.3,77.4,16.3,24.6
2018-09-24,Gujarat,Surat,25.3,40.9,33.1,169.6,54.6,21.7,23.8
2017-02-16,Meghalaya,Shillong,21.0,26.1,23.6,45.8,45.5,12.9,22.5
2021-07-23,Delhi,New Delhi,15.7,32.0,23.8,36.4,61.5,10.2,25.7
2015-01-29,Assam,Cachar,19.5,26.4,23.0,25.7,63.0,15.3,23.8
2023-04-11,Bihar,Gaya,16.2,34.2,25.2,42.3,65.5,18.8,30.1
2015-02-04,Ladakh,Leh,19.6,31.3,25.5,42.4,66.6,17.5,28.1
2024-10-29,Bihar,Patna,9.3,38.8,24.0,65.1,78.8,7.9,25.4
2018-11-20,Himachal Pradesh,Kangra,8.8,19.9,14.4,36.4,76.1,15.5,23.2
2022-04-24,Mizoram,Aizawl,15.7,27.4,21.5,30.7,48.4,11.5,25.8
2024-03-19,Mizoram,Aizawl,22.8,33.7,28.2,67.4,57.8,14.8,28.1
2016-08-11,Delhi,New Delhi,14.7,29.4,22.0,142.7,54.9,20.9,26.2
2024-05-13,Punjab,Amritsar,20.6,27.9,24.2,20.6,63.7,8.2,34.7
2023-10-24,Maharashtra,Nagpur,28.0,34.9,31.4,22.4,47.6,8.6,22.4
2023-08-05,Sikkim,Gangtok,10.2,29.4,19.8,293.6,51.5,8.2,29.2
2017-06-22,Uttarakhand,Dehradun,13.1,18.2,15.6,82.8,44.2,18.9,25.0
2022-01-11,Assam,Kamrup,16.6,28.2,22.4,123.0,78.3,6.9,24.3
2020-12-09,Telangana,Warangal,29.2,35.6,32.4,29.5,74.9,16.8,23.0
2015-12-06,Chandigarh,Chandigarh,20.6,26.4,23.5,43.0,74.8,17.6,22.0
2015-06-24,Haryana,Faridabad,18.3,30.0,24.2,121.0,33.0,22.7,30.6
2020-04-07,Sikkim,Gangtok,11.8,28.5,20.2,5.5,40.3,7.7,27.7
2019-09-11,Tripura,Agartala,13.9,26.0,20.0,163.7,56.9,13.6,26.7
2016-08-19,Jharkhand,Ranchi,13.7,28.9,21.3,287.9,58.9,15.7,27.3
2016-03-26,Andaman and Nicobar Islands,Port Blair,17.6,24.4,21.0,47.7,60.4,19.3,20.9
2016-07-10,Andhra Pradesh,Guntur,25.4,36.3,30.8,201.2,51.8,12.9,22.6
2018-03-05,Rajasthan,Udaipur,27.0,41.6,34.3,10.3,53.0,12.3,22.6
2023-06-15,Telangana,Warangal,21.6,30.1,25.8,197.2,61.1,22.1,27.7
2018-09-18,Himachal Pradesh,Mandi,6.4,11.5,9.0,117.6,50.0,14.0,25.0
2023-12-11,Uttar Pradesh,Varanasi,23.1,30.8,27.0,35.6,66.4,8.6,23.5
2024-10-07,Himachal Pradesh,Shimla,4.1,11.4,7.8,59.2,49.6,10.5,22.5
2020-08-18,Punjab,Ludhiana,6.1,32.2,19.2,135.8,49.0,18.1,28.5
2025-09-04,Jammu and Kashmir,Srinagar,12.4,28.8,20.6,92.4,75.3,16.1,28.4
2021-07-09,Ladakh,Leh,21.2,26.7,24.0,254.6,53.5,14.3,20.1
2024-04-27,Ladakh,Leh,21.4,30.4,25.9,70.8,51.2,12.4,29.1
2017-10-13,Himachal Pradesh,Mandi,15.8,25.7,20.8,39.9,77.9,10.7,24.9
2021-07-02,Sikkim,Gangtok,18.3,23.9,21.1,167.4,53.4,17.8,26.4
2020-08-24,Andhra Pradesh,Krishna,27.1,35.3,31.2,67.2,63.2,16.3,20.2
2017-04-18,Chhattisgarh,Raipur,18.2,27.9,23.0,38.5,52.1,12.4,33.8
2019-06-26,Himachal Pradesh,Kangra,15.8,26.5,21.2,202.9,75.8,15.2,30.4
2015-08-14,Odisha,Bhubaneswar,27.9,38.3,33.1,195.9,60.7,15.8,21.2
2024-07-28,Haryana,Faridabad,22.0,33.0,27.5,127.1,63.8,13.3,25.0
2019-12-19,Lakshadweep,Kavaratti,18.3,26.6,22.5,24.2,61.0,8.9,28.6
2024-07-11,Madhya Pradesh,Bhopal,31.9,38.0,35.0,146.6,35.8,10.8,27.7
2020-11-30,Punjab,Patiala,10.0,33.7,21.8,23.2,49.2,8.9,25.5
2020-07-13,Ladakh,Leh,15.0,22.6,18.8,58.9,80.0,13.2,28.0
2018-12-22,Chandigarh,Chandigarh,15.1,29.4,22.2,63.9,67.8,6.0,21.9
2020-08-10,Jharkhand,Ranchi,23.1,31.4,27.2,187.6,41.0,15.3,24.3
2021-05-02,Dadra and Nagar Haveli and Daman and Diu,Daman,20.3,28.0,24.2,57.1,66.8,12.6,28.8
2019-02-23,Tripura,Agartala,14.5,27.8,21.2,45.4,57.9,9.8,28.8
2018-05-16,Andaman and Nicobar Islands,Port Blair,14.7,30.0,22.4,68.3,65.9,10.5,28.0
2019-07-04,Telangana,Nizamabad,28.2,36.5,32.4,194.3,63.9,16.0,29.3
2019-10-02,Rajasthan,Jaipur,33.3,38.6,36.0,21.5,42.6,18.9,20.7
2023-03-19,Himachal Pradesh,Mandi,15.8,26.7,21.2,57.6,51.7,16.2,22.8
2024-06-02,Arunachal Pradesh,Itanagar,20.1,32.9,26.5,239.3,61.8,14.2,27.4
2015-11-02,Bihar,Gaya,8.7,15.0,11.8,37.2,43.8,6.7,21.9
2020-08-21,Haryana,Faridabad,17.0,32.7,24.8,145.0,49.4,18.0,28.6
2024-05-09,Lakshadweep,Kavaratti,15.6,30.5,23.0,51.1,65.5,13.8,32.3
2024-09-06,Maharashtra,Nagpur,27.8,35.6,31.7,341.2,51.2,19.3,28.8
2019-09-20,Madhya Pradesh,Bhopal,26.8,36.8,31.8,49.4,64.9,20.2,27.0
2019-08-17,Rajasthan,Jaipur,31.3,40.9,36.1,158.6,53.5,10.5,24.0
2019-02-26,Telangana,Hyderabad,20.0,28.4,24.2,42.6,54.5,18.6,20.0
2018-10-23,Nagaland,Kohima,10.2,33.4,21.8,21.7,40.1,11.6,22.0
2025-09-22,Uttar Pradesh,Lucknow,6.4,27.6,17.0,50.8,71.8,12.5,22.2
2023-03-04,Lakshadweep,Kavaratti,21.1,33.7,27.4,11.5,46.1,12.1,25.9
2016-02-24,Delhi,New Delhi,11.2,23.3,17.2,67.8,75.0,9.7,22.3
2023-01-15,Dadra and Nagar Haveli and Daman and Diu,Daman,18.7,24.8,21.8,21.3,46.7,8.1,22.1
2025-07-29,Nagaland,Kohima,19.4,29.6,24.5,261.4,69.4,15.5,23.1
2021-01-27,Jammu and Kashmir,Srinagar,16.6,22.3,19.5,54.3,44.5,13.0,29.0
2015-05-14,Kerala,Ernakulam,22.7,28.3,25.5,67.4,74.3,15.9,25.3
2020-07-23,Tripura,Agartala,12.0,24.4,18.2,46.6,78.2,15.7,23.8
2023-04-01,Dadra and Nagar Haveli and Daman and Diu,Daman,24.7,33.1,28.9,41.1,49.6,8.8,28.6
2018-12-21,Jharkhand,Ranchi,21.3,33.4,27.4,18.4,72.7,10.0,22.0
2023-06-24,Puducherry,Puducherry,12.9,25.8,19.4,234.8,62.8,15.0,25.2
2019-04-03,Assam,Kamrup,18.5,31.3,24.9,37.3,93.5,6.4,31.9
2023-12-06,Haryana,Hisar,18.1,38.0,28.0,23.6,50.3,13.3,28.7
2018-03-10,Lakshadweep,Kavaratti,22.0,29.2,25.6,71.9,70.1,5.2,21.8
2024-12-05,Andaman and Nicobar Islands,Port Blair,22.8,32.5,27.6,23.1,46.9,7.2,23.2
2020-02-13,Sikkim,Gangtok,23.5,30.8,27.2,51.2,44.5,13.0,23.4
2019-12-25,Punjab,Amritsar,9.0,34.7,21.8,41.7,42.3,14.8,23.9
2022-05-29,Goa,North Goa,10.7,24.0,17.4,45.3,52.0,19.2,30.6
2024-04-09,Andaman and Nicobar Islands,Port Blair,15.6,31.2,23.4,28.9,41.0,5.1,28.0
2024-08-16,Mizoram,Aizawl,12.3,23.5,17.9,235.5,52.4,16.4,29.2
2018-09-04,Dadra and Nagar Haveli and Daman and Diu,Daman,20.5,30.8,25.6,262.8,53.2,11.0,27.5
2019-01-04,Puducherry,Puducherry,10.9,24.0,17.4,25.1,78.9,10.7,26.6
2023-08-30,Bihar,Purnia,13.9,39.6,26.8,86.9,76.3,14.7,24.3
2021-02-04,Arunachal Pradesh,Itanagar,20.5,26.4,23.4,43.3,48.8,7.4,28.8
2017-12-15,Kerala,Thrissur,25.0,34.9,30.0,127.6,87.6,18.9,21.8
2018-03-24,Jammu and Kashmir,Srinagar,1.7,9.7,5.7,20.6,72.9,19.1,23.5
2019-08-23,Goa,North Goa,10.5,21.5,16.0,217.7,77.7,14.7,23.4
2015-04-21,Haryana,Gurgaon,21.3,29.2,25.2,39.5,46.6,19.7,34.3
2020-12-24,Rajasthan,Udaipur,26.6,40.3,33.4,7.1,31.2,17.9,23.6
2021-03-29,Jammu and Kashmir,Srinagar,8.5,27.4,18.0,37.8,74.0,6.0,26.9
2023-04-28,Manipur,Imphal,10.9,31.0,21.0,43.7,62.2,10.7,34.0
2016-04-12,Gujarat,Rajkot,23.7,32.2,28.0,42.1,67.9,8.6,31.1
2022-08-11,Manipur,Imphal,18.8,30.6,24.7,178.0,44.0,14.2,29.9
2021-12-03,Goa,North Goa,11.3,28.8,20.0,67.6,48.0,17.0,22.4
2023-08-06,Mizoram,Aizawl,10.5,25.7,18.1,219.0,47.9,9.1,25.5
2017-03-24,Bihar,Muzaffarpur,11.2,20.6,15.9,55.7,64.5,19.2,23.2
2018-06-26,Sikkim,Gangtok,13.2,29.2,21.2,292.2,62.1,12.4,34.1
2017-09-20,Lakshadweep,Kavaratti,19.2,26.5,22.8,285.9,50.9,21.5,26.1
2020-07-24,Sikkim,Gangtok,17.5,26.7,22.1,53.3,49.8,13.0,22.9
2015-11-19,Uttarakhand,Dehradun,11.1,27.1,19.1,38.3,44.3,12.0,20.8
2023-02-17,Manipur,Imphal,24.0,30.6,27.3,55.7,50.0,12.1,29.3
2017-06-22,Sikkim,Gangtok,23.1,33.5,28.3,241.3,72.9,19.1,34.0
2019-03-22,West Bengal,Darjeeling,16.3,30.1,23.2,84.3,57.9,12.5,21.2
2020-06-22,Himachal Pradesh,Mandi,12.2,18.4,15.3,170.9,58.5,9.7,29.4
2019-12-21,Puducherry,Puducherry,20.2,31.0,25.6,37.1,54.6,5.9,29.6
2024-08-04,Ladakh,Leh,16.0,26.8,21.4,55.9,61.3,22.7,22.5
2024-09-28,Himachal Pradesh,Mandi,6.3,15.7,11.0,265.3,59.0,20.4,28.5
2022-04-07,Manipur,Imphal,21.2,28.5,24.8,7.5,45.7,15.5,32.4
2021-10-12,Punjab,Ludhiana,24.2,31.8,28.0,11.9,66.9,15.0,27.4
2024-02-23,Haryana,Faridabad,7.3,23.7,15.5,7.8,56.3,12.3,24.5
2025-05-08,West Bengal,Kolkata,26.3,36.3,31.3,120.9,51.9,14.2,31.3
2024-11-17,Odisha,Bhubaneswar,15.4,35.8,25.6,23.8,74.5,5.6,26.1
2015-05-28,Meghalaya,Shillong,17.8,28.7,23.2,30.7,56.8,12.2,28.0
2018-02-15,Karnataka,Mysore,27.4,37.8,32.6,37.0,75.0,16.3,28.8
2017-04-29,Haryana,Faridabad,5.1,20.2,12.6,11.5,45.6,13.6,34.1
2016-01-02,Delhi,New Delhi,22.6,31.3,27.0,6.6,52.0,6.6,26.5
2022-12-07,Jharkhand,Ranchi,20.4,31.6,26.0,24.2,76.8,13.8,26.0
2017-12-25,Nagaland,Kohima,22.2,27.7,25.0,19.7,63.6,14.2,24.7
2020-07-31,Jammu and Kashmir,Srinagar,15.6,23.8,19.7,42.9,53.6,22.5,27.8
2022-10-31,Assam,Cachar,14.8,23.2,19.0,126.3,67.0,13.7,25.1
2024-06-03,Uttarakhand,Dehradun,16.3,27.1,21.7,216.7,44.1,13.9,34.7
2015-06-24,West Bengal,Kolkata,24.0,29.2,26.6,245.6,54.7,15.3,26.0
2020-01-29,Goa,North Goa,15.8,28.5,22.2,30.7,63.1,19.8,22.5
2016-08-10,Maharashtra,Pune,24.8,34.6,29.7,412.3,54.2,17.6,26.9
2016-05-09,Gujarat,Vadodara,31.6,37.4,34.5,49.9,58.8,11.8,27.6
2023-04-09,Jharkhand,Ranchi,19.4,25.9,22.6,71.3,47.4,16.6,28.5
2018-02-11,Manipur,Imphal,13.2,31.8,22.5,67.1,40.2,19.6,24.2
2023-09-18,Dadra and Nagar Haveli and Daman and Diu,Daman,11.4,24.8,18.1,53.2,50.4,16.4,23.6
2019-11-20,Andaman and Nicobar Islands,Port Blair,13.4,21.7,17.6,49.6,76.4,5.8,22.4
2024-08-11,Mizoram,Aizawl,20.0,34.9,27.4,210.8,42.1,10.7,23.5
2025-05-14,Andaman and Nicobar Islands,Port Blair,12.4,20.6,16.5,24.2,54.9,10.9,30.0
2018-03-16,Manipur,Imphal,23.9,35.0,29.4,6.4,59.8,16.3,20.7
2015-02-04,Uttar Pradesh,Lucknow,30.4,41.6,36.0,16.5,69.3,13.7,20.3
2017-09-25,Kerala,Ernakulam,22.9,29.8,26.4,539.9,86.9,8.5,27.4
2018-08-25,Tripura,Agartala,11.8,31.2,21.5,256.8,42.4,12.9,23.8
2022-01-29,Chhattisgarh,Raipur,24.3,31.4,27.8,22.9,64.8,7.4,26.3
2022-08-29,Bihar,Patna,18.1,35.5,26.8,190.5,47.1,22.1,24.5
2017-11-03,Dadra and Nagar Haveli and Daman and Diu,Daman,21.2,30.9,26.0,65.6,53.5,14.6,20.8
2016-01-09,Assam,Kamrup,11.2,32.1,21.6,127.3,72.6,15.1,28.3
2022-02-17,Assam,Dibrugarh,12.2,34.7,23.5,135.7,84.2,13.1,28.9
2018-12-22,Uttar Pradesh,Varanasi,25.0,37.0,31.0,54.0,40.5,8.7,29.3
2019-10-18,Mizoram,Aizawl,11.0,16.9,14.0,60.4,56.6,18.7,23.0
2021-03-30,Jharkhand,Ranchi,14.3,34.3,24.3,43.8,64.5,18.5,23.8
2016-12-05,Arunachal Pradesh,Itanagar,13.7,28.0,20.8,33.7,46.5,6.8,27.3
2016-07-16,Telangana,Nizamabad,18.4,32.2,25.3,125.7,46.0,21.4,27.4
2023-03-06,Karnataka,Hubli,25.7,33.9,29.8,68.4,44.1,7.1,23.2
2023-01-13,Telangana,Hyderabad,23.5,29.6,26.6,46.7,49.6,16.6,20.0
2022-08-05,Jammu and Kashmir,Srinagar,17.3,27.9,22.6,182.0,69.5,13.5,21.6
2025-03-23,Tamil Nadu,Coimbatore,20.1,32.2,26.2,36.3,57.4,18.0,27.3
2024-08-12,Lakshadweep,Kavaratti,24.9,33.3,29.1,270.7,44.7,18.8,20.9
2024-10-13,Tamil Nadu,Chennai,20.8,36.3,28.6,42.4,61.1,7.8,24.8
2024-02-29,Puducherry,Puducherry,13.1,27.2,20.2,51.2,66.2,10.5,27.0
2020-02-17,Odisha,Bhubaneswar,19.0,36.9,28.0,10.0,83.8,11.5,23.3
2020-10-24,Arunachal Pradesh,Itanagar,19.4,33.7,26.6,29.7,42.8,10.3,20.1
2016-03-14,Arunachal Pradesh,Itanagar,12.8,18.7,15.8,32.1,42.4,19.8,27.8
2025-05-31,Manipur,Imphal,16.3,32.1,24.2,34.2,65.9,17.3,31.8
2020-02-27,Rajasthan,Jaipur,12.1,18.3,15.2,23.9,27.9,19.8,20.2
2020-06-02,Jammu and Kashmir,Srinagar,15.0,20.4,17.7,198.8,56.8,17.5,32.6
2016-11-29,Chhattisgarh,Raipur,10.5,25.7,18.1,71.0,48.7,6.2,27.7
2018-08-05,Uttarakhand,Dehradun,21.1,29.6,25.4,252.5,61.8,15.1,28.2
2023-02-10,Telangana,Warangal,19.2,27.7,23.4,38.9,43.4,19.9,23.1
2019-04-13,Gujarat,Surat,31.1,38.9,35.0,46.6,47.6,17.2,32.5
2023-01-17,Goa,North Goa,24.2,32.9,28.6,20.9,61.7,7.2,23.3
2016-11-22,Delhi,New Delhi,21.8,26.9,24.4,48.5,67.7,18.5,27.6
2021-04-19,Mizoram,Aizawl,16.0,31.7,23.8,48.8,63.5,6.1,30.4
2023-10-03,Chandigarh,Chandigarh,23.0,31.1,27.0,54.3,76.1,13.0,20.9
2018-04-15,Haryana,Gurgaon,6.4,34.2,20.3,6.5,70.0,6.9,32.8
2023-07-06,Gujarat,Surat,29.8,37.0,33.4,117.5,68.1,22.3,29.3
2021-09-23,Goa,North Goa,14.1,20.0,17.0,48.8,45.7,18.1,28.0
2019-06-23,Bihar,Muzaffarpur,9.1,37.2,23.2,234.3,61.2,22.8,27.7
2019-06-22,Andhra Pradesh,Krishna,22.2,31.5,26.8,176.9,61.6,20.4,33.9
2015-05-07,Manipur,Imphal,24.5,34.0,29.2,47.6,64.5,7.8,27.6
2019-02-15,Dadra and Nagar Haveli and Daman and Diu,Daman,25.0,31.3,28.2,37.7,55.4,15.3,23.4
2018-04-06,Tripura,Agartala,20.2,34.6,27.4,22.7,54.8,10.1,28.0
2022-03-24,Delhi,New Delhi,14.1,29.1,21.6,43.4,60.3,17.0,21.5
2015-10-21,Jammu and Kashmir,Srinagar,3.4,19.5,11.4,33.0,47.0,15.4,25.0
2025-09-21,Chhattisgarh,Raipur,13.0,22.5,17.8,222.5,53.1,11.1,29.7
2025-02-26,Chhattisgarh,Raipur,11.3,19.0,15.2,55.2,57.0,16.3,25.5
2018-09-28,Ladakh,Leh,10.6,28.9,19.8,245.6,62.1,12.6,20.2
2017-10-16,Mizoram,Aizawl,23.6,33.1,28.4,8.1,73.6,5.8,27.1
2021-06-15,Maharashtra,Pune,26.3,39.3,32.8,116.1,65.5,16.2,25.3
2022-06-02,Andaman and Nicobar Islands,Port Blair,19.6,27.2,23.4,113.1,49.7,8.8,26.7
2022-01-19,Haryana,Faridabad,10.2,29.5,19.8,11.1,66.8,8.5,26.5
2022-01-31,Puducherry,Puducherry,12.4,31.4,21.9,10.0,69.5,10.9,24.7
2016-02-23,Andhra Pradesh,Chittoor,23.7,33.2,28.4,10.3,50.8,16.9,22.1
2016-03-19,Andaman and Nicobar Islands,Port Blair,19.1,31.2,25.2,53.9,63.9,14.4,25.8
2016-11-15,Ladakh,Leh,23.9,33.0,28.4,29.7,54.3,6.2,29.9
2024-12-08,Andaman and Nicobar Islands,Port Blair,23.4,28.7,26.0,65.3,45.5,8.6,26.8
2022-11-27,Chhattisgarh,Raipur,21.0,30.6,25.8,72.7,59.6,8.9,20.1
2021-04-02,Lakshadweep,Kavaratti,23.0,30.8,26.9,59.8,71.0,5.7,33.2
2019-01-02,Telangana,Hyderabad,21.5,37.9,29.7,42.0,63.7,6.5,23.8
2021-03-11,Odisha,Bhubaneswar,29.6,39.6,34.6,99.5,67.9,17.3,24.6
2015-03-26,Kerala,Thrissur,24.8,34.9,29.8,134.7,78.6,19.8,29.8
2022-10-12,Andhra Pradesh,Guntur,24.8,32.9,28.8,22.2,70.3,5.5,27.6
2019-11-03,Gujarat,Vadodara,15.9,26.5,21.2,27.4,33.9,5.5,24.8
2015-03-26,Mizoram,Aizawl,23.3,31.0,27.2,19.0,56.3,15.8,20.4
2020-04-28,Puducherry,Puducherry,10.5,24.5,17.5,52.4,64.6,14.6,26.7
2024-09-30,Gujarat,Vadodara,24.2,34.0,29.1,39.9,35.1,17.7,29.6
2020-10-13,Mizoram,Aizawl,11.6,25.7,18.6,22.4,51.3,8.4,25.5
2019-07-28,Assam,Kamrup,10.9,30.1,20.5,403.4,73.5,11.3,25.4
2016-10-24,Andaman and Nicobar Islands,Port Blair,24.3,33.3,28.8,24.6,69.7,12.6,20.5
2016-09-18,Sikkim,Gangtok,19.3,26.8,23.0,134.7,59.1,20.0,25.8
2015-03-05,Andaman and Nicobar Islands,Port Blair,15.1,29.9,22.5,18.4,72.9,8.0,25.6
2024-05-07,Chhattisgarh,Raipur,13.1,23.6,18.4,34.6,54.7,19.0,27.2
2023-03-06,Chandigarh,Chandigarh,12.7,26.7,19.7,71.4,60.1,19.4,21.9
2017-07-07,Tamil Nadu,Coimbatore,20.1,29.0,24.6,269.8,70.7,11.6,26.6
2018-10-07,Rajasthan,Udaipur,30.8,42.1,36.4,29.8,32.3,12.9,20.4
2018-03-27,Uttar Pradesh,Varanasi,14.7,37.9,26.3,48.5,77.0,19.5,29.7
2019-06-01,Rajasthan,Jodhpur,13.9,22.0,18.0,141.3,35.3,13.4,30.3
2016-05-05,Punjab,Ludhiana,16.3,25.5,20.9,43.0,66.4,16.2,25.5
2025-03-18,Tamil Nadu,Coimbatore,20.9,30.1,25.5,60.1,71.3,6.5,29.6
2020-02-22,Bihar,Muzaffarpur,19.7,31.3,25.5,22.4,78.0,11.7,21.2
2024-09-04,Rajasthan,Jaipur,25.4,35.5,30.4,131.2,41.8,9.6,27.5
2024-01-10,Rajasthan,Jodhpur,17.6,31.7,24.6,31.6,24.3,19.7,27.0
2020-04-24,Andhra Pradesh,Chittoor,21.9,27.7,24.8,45.4,61.4,5.4,31.1
2015-11-09,Manipur,Imphal,14.6,24.6,19.6,16.4,45.6,7.2,28.9
2022-04-16,Mizoram,Aizawl,18.0,28.6,23.3,54.3,52.8,17.3,27.0
2017-07-07,Maharashtra,Pune,27.6,33.0,30.3,112.1,80.2,9.6,22.5
2020-02-26,Odisha,Bhubaneswar,15.6,32.2,23.9,39.5,72.2,6.3,24.0
2017-03-23,Puducherry,Puducherry,15.6,28.3,22.0,25.7,79.4,9.7,27.0
2023-03-07,Goa,North Goa,15.5,28.2,21.8,20.9,46.9,19.6,25.4
2019-01-29,Goa,North Goa,16.9,30.3,23.6,20.6,72.9,8.7,25.4
2023-08-26,Chhattisgarh,Raipur,11.9,27.3,19.6,155.2,51.2,12.6,20.1
2018-08-19,Gujarat,Rajkot,15.5,33.4,24.4,149.3,51.9,9.2,29.4
2016-11-10,Delhi,New Delhi,20.7,27.9,24.3,52.0,44.5,16.7,24.8
2016-03-10,Madhya Pradesh,Bhopal,19.0,24.2,21.6,40.9,63.2,9.3,20.1
2016-11-12,Andhra Pradesh,Krishna,27.8,37.4,32.6,60.5,66.1,11.9,22.2
2018-03-04,Madhya Pradesh,Bhopal,11.7,28.6,20.2,52.8,32.4,19.8,29.5
2017-12-09,Uttarakhand,Dehradun,19.6,34.1,26.8,43.7,56.2,13.6,28.8
2018-12-26,Gujarat,Surat,31.3,41.1,36.2,13.1,53.7,11.7,24.8
2021-07-15,Assam,Kamrup,16.4,22.3,19.4,523.0,94.2,11.1,26.2
2021-07-22,Tripura,Agartala,18.0,33.8,25.9,217.1,70.0,22.3,26.6
2022-05-17,Delhi,New Delhi,16.8,22.5,19.6,68.4,63.6,15.2,30.1
2018-10-02,Mizoram,Aizawl,15.9,28.0,22.0,8.4,71.9,7.4,23.3
2016-10-10,Maharashtra,Nashik,19.0,37.1,28.0,29.4,58.0,11.2,23.2
2015-09-02,Tamil Nadu,Coimbatore,26.9,36.6,31.8,307.7,57.9,10.8,22.5
2020-11-26,Telangana,Warangal,22.6,33.5,28.0,26.3,58.3,7.8,22.7
2025-09-01,Andaman and Nicobar Islands,Port Blair,13.9,30.6,22.2,148.4,64.6,18.0,20.7
2025-08-06,Uttarakhand,Dehradun,21.9,29.2,25.5,162.7,53.5,19.6,22.3
2022-01-24,Tamil Nadu,Coimbatore,27.7,34.8,31.2,74.0,72.5,16.1,25.5
2023-08-28,Dadra and Nagar Haveli and Daman and Diu,Daman,15.8,23.4,19.6,165.4,42.4,8.9,26.1
2015-10-23,Ladakh,Leh,17.2,28.7,23.0,27.3,71.6,8.0,25.9
2020-11-29,Mizoram,Aizawl,22.9,33.8,28.4,7.0,51.2,15.7,27.4
2025-08-20,Assam,Cachar,17.2,24.8,21.0,239.5,88.0,10.9,29.4
2019-06-01,Ladakh,Leh,17.5,26.0,21.8,129.1,50.3,13.8,26.3
2023-11-23,Chhattisgarh,Raipur,22.3,34.7,28.5,51.1,72.3,8.4,20.6
2021-07-18,Manipur,Imphal,19.4,33.1,26.2,253.6,61.3,17.3,23.7
2025-03-20,Goa,North Goa,22.5,32.7,27.6,18.0,51.2,7.3,25.1
2020-11-18,Jharkhand,Ranchi,13.0,20.7,16.8,16.2,50.6,17.1,29.4
2025-06-26,Lakshadweep,Kavaratti,24.9,30.1,27.5,179.3,50.7,22.8,34.8
2022-04-30,Tamil Nadu,Chennai,27.5,32.6,30.0,23.9,69.3,7.8,33.5
2019-06-16,Mizoram,Aizawl,20.5,27.2,23.8,249.2,59.9,18.6,26.4
2024-07-04,Punjab,Patiala,17.9,36.2,27.0,82.2,37.5,17.6,26.4
2015-01-28,Manipur,Imphal,13.1,19.3,16.2,16.7,51.0,5.5,29.2
2023-03-04,Sikkim,Gangtok,13.5,30.7,22.1,34.0,60.1,13.1,27.7
2020-06-08,Goa,North Goa,21.8,28.0,24.9,104.9,62.9,13.0,26.3
2019-04-10,Bihar,Gaya,17.0,25.9,21.4,19.3,52.2,9.5,26.0
2015-02-27,Tamil Nadu,Coimbatore,24.7,32.3,28.5,25.6,78.7,5.0,24.5
2019-03-02,Odisha,Bhubaneswar,21.5,35.6,28.6,45.0,67.9,18.6,21.7
2015-10-24,Dadra and Nagar Haveli and Daman and Diu,Daman,11.6,30.3,21.0,57.0,76.8,19.7,23.8
2020-12-21,Assam,Cachar,15.7,33.6,24.6,132.6,73.1,6.1,25.8
2024-04-25,West Bengal,Darjeeling,14.8,36.3,25.5,102.7,86.0,6.2,33.6
2021-04-15,Assam,Kamrup,18.9,26.3,22.6,62.7,76.0,14.4,27.3
2023-05-27,Maharashtra,Mumbai,20.5,38.4,29.4,107.2,74.5,16.4,32.7
2022-02-10,Nagaland,Kohima,23.9,34.0,29.0,32.2,58.9,14.1,24.8
2017-06-20,Uttarakhand,Dehradun,14.5,32.8,23.6,245.0,55.6,9.7,25.0
2020-05-18,Jharkhand,Ranchi,11.4,19.3,15.4,51.0,48.8,14.5,28.3
2018-01-03,Manipur,Imphal,23.4,31.5,27.4,52.1,58.4,18.7,26.9
2019-08-05,Odisha,Bhubaneswar,24.6,35.8,30.2,395.9,74.0,19.3,20.8
2022-11-21,Himachal Pradesh,Kangra,16.3,26.5,21.4,31.9,63.3,14.4,22.6
2018-04-06,Bihar,Patna,17.6,35.2,26.4,24.7,73.4,6.2,30.8
2017-02-09,Manipur,Imphal,15.7,21.5,18.6,59.2,61.9,15.7,23.8
2019-03-07,Haryana,Hisar,26.5,32.2,29.4,15.5,61.8,19.3,28.5
2018-10-10,Andhra Pradesh,Visakhapatnam,22.3,31.7,27.0,59.8,78.4,9.3,23.9
2018-06-02,Gujarat,Rajkot,15.4,31.3,23.4,35.9,33.4,19.4,28.4
2025-03-24,Dadra and Nagar Haveli and Daman and Diu,Daman,24.0,33.3,28.6,25.6,67.3,18.0,24.4
2019-04-04,Nagaland,Kohima,18.4,25.9,22.2,33.2,63.2,14.2,32.2
2015-05-26,Kerala,Kozhikode,24.9,34.2,29.6,131.4,76.7,7.2,31.4
2020-06-06,Chandigarh,Chandigarh,16.1,21.5,18.8,74.6,70.4,17.5,34.8
2018-06-18,Delhi,New Delhi,23.9,32.5,28.2,63.4,53.5,11.5,29.7
2020-03-22,Gujarat,Vadodara,28.6,40.5,34.6,13.0,52.0,15.2,24.0
2023-01-19,West Bengal,Howrah,26.3,33.7,30.0,66.4,73.5,11.4,29.6
2021-07-19,Assam,Kamrup,21.4,33.5,27.4,476.3,80.6,8.4,27.6
2019-11-08,Goa,North Goa,19.2,25.1,22.2,13.3,59.2,17.8,25.5
2017-11-24,Dadra and Nagar Haveli and Daman and Diu,Daman,23.8,33.9,28.8,49.2,52.5,17.8,26.6
2022-07-12,Manipur,Imphal,18.3,29.2,23.8,79.6,40.6,18.7,29.2
2020-08-10,Gujarat,Ahmedabad,18.1,40.8,29.4,32.9,52.1,9.7,28.9
2020-07-12,Chandigarh,Chandigarh,11.5,21.1,16.3,245.7,67.5,13.8,28.4
2015-06-02,Uttarakhand,Dehradun,19.5,27.2,23.4,227.3,53.3,20.2,32.8
2021-10-12,Mizoram,Aizawl,14.6,21.2,17.9,62.5,54.6,9.9,20.2
2016-05-22,Nagaland,Kohima,20.9,28.4,24.6,35.5,76.0,6.9,25.4
2023-10-03,Sikkim,Gangtok,18.4,31.5,25.0,42.0,53.6,10.4,21.5
2016-05-05,Uttar Pradesh,Kanpur,13.4,36.3,24.8,32.5,74.5,7.5,29.4
2024-09-23,Uttarakhand,Dehradun,20.5,28.1,24.3,94.7,44.2,21.4,21.7
2015-12-11,Telangana,Hyderabad,29.6,37.0,33.3,73.8,41.6,13.5,26.9
2020-04-19,Haryana,Gurgaon,17.9,32.6,25.2,29.2,36.0,13.0,30.4
2019-10-28,Rajasthan,Jodhpur,18.9,36.7,27.8,17.9,50.2,5.6,20.1
2015-08-09,Andaman and Nicobar Islands,Port Blair,17.9,34.9,26.4,144.7,40.5,12.8,24.7
2020-04-22,Rajasthan,Jaipur,32.5,38.4,35.4,37.2,57.6,14.6,27.3
2020-04-26,Assam,Dibrugarh,18.1,32.8,25.4,69.8,91.7,6.3,28.1
2016-12-23,Dadra and Nagar Haveli and Daman and Diu,Daman,24.9,32.9,28.9,46.3,49.6,17.9,24.3
2023-06-24,Uttarakhand,Dehradun,21.9,33.5,27.7,69.0,60.1,13.8,26.5
2016-06-11,Uttarakhand,Dehradun,11.9,17.7,14.8,216.5,71.3,15.1,30.6
2023-11-28,Himachal Pradesh,Mandi,5.2,24.4,14.8,48.0,75.3,16.2,20.2
2019-03-03,Delhi,New Delhi,22.1,27.3,24.7,62.0,79.5,12.2,22.3
2022-11-28,Delhi,New Delhi,10.1,18.1,14.1,40.3,72.3,18.1,26.8
2019-07-23,Uttar Pradesh,Varanasi,7.3,41.7,24.5,184.4,51.3,20.2,25.9
2023-07-11,West Bengal,Darjeeling,20.9,37.7,29.3,408.5,60.5,10.6,21.7
2016-04-25,Dadra and Nagar Haveli and Daman and Diu,Daman,16.8,26.9,21.8,36.7,42.5,8.0,33.0
2023-02-25,Andhra Pradesh,Guntur,27.6,35.5,31.6,35.4,76.5,7.7,23.6
2020-02-15,Punjab,Patiala,24.1,35.4,29.8,7.7,30.5,5.3,26.6
2025-06-16,Kerala,Ernakulam,23.9,29.2,26.6,166.0,81.7,12.6,34.9
2022-12-29,Mizoram,Aizawl,14.7,24.8,19.8,34.4,73.1,13.4,28.6
2019-01-02,Manipur,Imphal,16.4,29.7,23.0,5.3,63.0,6.2,21.9
2018-11-26,Puducherry,Puducherry,25.0,33.2,29.1,65.8,42.3,10.8,28.6
2024-11-26,Meghalaya,Shillong,16.2,24.7,20.4,38.7,58.8,19.9,23.5
2015-12-11,Bihar,Muzaffarpur,29.1,39.5,34.3,39.2,77.8,15.9,28.9
2015-02-14,Haryana,Hisar,27.3,33.0,30.2,45.4,49.6,14.6,23.0
2025-03-06,Puducherry,Puducherry,19.7,25.0,22.4,31.0,65.1,8.0,26.7
2020-08-30,Tripura,Agartala,22.4,27.7,25.0,189.1,63.2,19.7,27.0
2019-07-16,Manipur,Imphal,16.8,26.5,21.6,296.0,60.1,14.1,29.9
2023-08-08,West Bengal,Kolkata,13.2,21.9,17.5,489.2,76.3,15.8,20.7
2020-03-02,Himachal Pradesh,Mandi,7.1,19.9,13.5,43.2,57.5,11.6,29.9
2022-12-30,Arunachal Pradesh,Itanagar,24.6,30.1,27.4,16.8,77.7,9.8,26.1
2020-09-26,Mizoram,Aizawl,22.0,30.8,26.4,24.7,73.1,19.3,20.4
2019-02-23,Jharkhand,Ranchi,23.5,34.1,28.8,24.3,43.2,11.0,28.7
2022-02-11,Himachal Pradesh,Kangra,9.6,18.9,14.2,25.1,54.2,19.9,28.8
2021-05-23,Dadra and Nagar Haveli and Daman and Diu,Daman,18.2,32.7,25.5,27.1,64.6,18.1,28.7
2017-09-28,Arunachal Pradesh,Itanagar,22.0,31.9,27.0,192.3,41.6,21.5,27.8
2017-10-30,Telangana,Warangal,18.4,33.5,26.0,58.5,71.8,6.3,26.4
2022-02-02,Odisha,Bhubaneswar,18.5,30.9,24.7,57.4,51.0,9.5,28.0
2020-08-02,Mizoram,Aizawl,22.6,30.0,26.3,143.7,73.2,11.0,27.3
2022-09-04,Jharkhand,Ranchi,16.1,34.8,25.4,188.5,45.9,10.6,20.3
2015-10-01,West Bengal,Darjeeling,22.9,32.4,27.6,11.3,54.1,9.3,24.2
2017-08-13,West Bengal,Kolkata,26.9,35.2,31.0,451.3,60.0,13.0,28.8
2022-04-01,Andhra Pradesh,Chittoor,24.9,35.9,30.4,47.3,69.4,13.8,31.9
2019-11-15,Assam,Cachar,12.2,29.8,21.0,43.8,71.9,17.5,26.1
2016-01-16,Manipur,Imphal,24.5,30.9,27.7,69.5,65.7,10.5,27.9
2018-09-14,Jharkhand,Ranchi,24.3,33.7,29.0,21.8,40.4,9.9,28.5
2016-04-23,Rajasthan,Jaipur,28.8,41.0,34.9,28.5,44.8,10.2,32.2
2020-08-24,Manipur,Imphal,24.0,33.5,28.8,262.8,49.5,13.2,25.1
2016-05-30,Tamil Nadu,Coimbatore,23.8,33.1,28.4,67.6,79.9,18.3,26.5
2015-07-10,Maharashtra,Mumbai,19.1,29.0,24.0,379.1,75.7,13.7,23.1
2018-04-06,Manipur,Imphal,12.0,21.3,16.6,12.1,52.2,15.1,26.3
2024-11-01,Jharkhand,Ranchi,14.8,27.8,21.3,27.9,57.6,12.5,27.8
2022-04-22,Himachal Pradesh,Shimla,16.9,23.5,20.2,34.0,63.0,12.5,25.8
2018-03-06,Chhattisgarh,Raipur,15.2,23.6,19.4,34.2,53.5,15.4,24.0
2021-01-10,Tripura,Agartala,13.6,28.8,21.2,55.9,44.3,8.8,22.1
2018-11-12,Uttar Pradesh,Lucknow,10.4,39.4,24.9,11.9,73.6,10.9,26.4
2023-12-25,Haryana,Faridabad,16.0,32.4,24.2,29.8,47.3,9.1,29.3
2015-09-29,Sikkim,Gangtok,23.7,29.1,26.4,82.6,63.0,22.7,27.3
2015-05-23,Tripura,Agartala,22.3,29.7,26.0,20.3,49.0,12.2,33.6
2025-01-30,Kerala,Thrissur,22.6,31.8,27.2,126.1,75.0,11.3,23.5
2020-03-27,Himachal Pradesh,Mandi,12.0,27.6,19.8,74.7,74.8,11.8,20.8
2025-08-27,Jharkhand,Ranchi,11.8,17.3,14.6,121.5,59.3,20.3,20.9
2017-12-28,Jharkhand,Ranchi,13.4,26.9,20.2,64.5,43.5,8.7,25.4
2021-04-13,Himachal Pradesh,Mandi,6.5,29.9,18.2,39.4,76.5,19.1,27.6
2024-02-15,Uttar Pradesh,Kanpur,13.8,26.3,20.0,29.0,33.2,17.1,21.3
2017-02-26,Jammu and Kashmir,Srinagar,17.9,27.0,22.4,41.3,66.4,19.0,23.0
2020-10-27,Uttarakhand,Dehradun,14.1,25.0,19.6,39.1,43.0,15.2,25.2
2019-08-09,Dadra and Nagar Haveli and Daman and Diu,Daman,18.1,26.1,22.1,255.4,55.9,17.8,22.4
2016-09-14,Odisha,Bhubaneswar,27.2,34.5,30.8,371.8,65.9,10.2,26.1
2025-07-08,Goa,North Goa,18.3,28.2,23.2,249.5,56.9,10.0,20.3
2025-01-24,Manipur,Imphal,23.4,31.5,27.4,44.4,44.6,12.3,25.3
2022-01-16,Andaman and Nicobar Islands,Port Blair,17.0,34.4,25.7,45.0,79.0,7.3,29.1
2022-09-20,Chhattisgarh,Raipur,18.3,26.8,22.6,228.8,62.3,16.6,21.7
2017-07-26,Maharashtra,Pune,26.2,33.8,30.0,203.7,80.8,10.7,28.9
2025-02-09,Arunachal Pradesh,Itanagar,17.5,24.7,21.1,61.8,66.1,10.2,23.0
2024-04-24,Tamil Nadu,Chennai,23.4,29.7,26.6,82.8,59.8,17.4,32.3
2023-12-05,Odisha,Bhubaneswar,29.1,34.7,31.9,41.4,71.8,17.9,21.6
2018-01-23,Telangana,Warangal,28.3,33.7,31.0,40.8,43.4,7.2,27.7
2016-09-08,Punjab,Patiala,5.5,26.9,16.2,37.7,62.5,20.1,27.0
2017-10-28,Uttarakhand,Dehradun,21.3,31.4,26.4,39.0,56.4,14.9,23.8
2015-03-08,Telangana,Warangal,18.0,24.7,21.4,52.4,54.6,19.8,23.5
2024-10-07,Mizoram,Aizawl,11.6,22.6,17.1,53.1,61.1,14.2,21.1
2015-07-10,Tripura,Agartala,22.4,34.3,28.4,60.7,65.0,11.4,21.8
2024-05-30,Dadra and Nagar Haveli and Daman and Diu,Daman,13.1,26.9,20.0,67.0,72.7,7.2,30.1
2022-09-16,West Bengal,Darjeeling,12.7,26.6,19.6,298.8,82.5,20.9,20.3
2016-06-04,West Bengal,Darjeeling,22.4,31.7,27.0,267.7,58.9,8.5,33.4
2017-09-16,Sikkim,Gangtok,13.5,33.0,23.2,39.5,56.3,19.1,22.6
2018-02-14,Chhattisgarh,Raipur,24.5,33.0,28.8,20.2,71.7,19.8,22.5
2021-05-03,Haryana,Faridabad,25.6,39.8,32.7,14.9,39.4,15.8,34.5
2019-06-23,West Bengal,Kolkata,22.5,32.8,27.6,88.4,87.0,9.0,27.1
2021-12-07,Kerala,Ernakulam,23.4,31.7,27.6,31.9,62.5,6.9,20.4
2024-10-20,Tripura,Agartala,24.7,31.0,27.8,66.6,71.4,15.6,26.6
2024-03-23,Manipur,Imphal,17.5,29.5,23.5,67.3,71.1,8.5,21.0
2018-04-02,Puducherry,Puducherry,14.4,21.5,18.0,71.8,55.3,7.6,31.2
2016-01-11,Madhya Pradesh,Bhopal,18.8,27.8,23.3,8.2,33.7,13.4,27.5
2016-10-14,Haryana,Karnal,28.1,37.1,32.6,34.4,39.7,9.1,24.2
2024-02-22,Madhya Pradesh,Bhopal,29.1,37.5,33.3,18.2,66.8,11.2,20.8
2016-07-02,Ladakh,Leh,18.2,30.6,24.4,287.5,72.3,9.5,25.1
2018-01-02,Goa,North Goa,16.5,26.8,21.6,14.8,55.0,12.1,22.2
2024-10-19,Lakshadweep,Kavaratti,18.6,26.1,22.4,13.5,79.4,15.3,25.9
2015-03-14,Rajasthan,Udaipur,18.2,27.7,23.0,7.4,22.5,15.5,22.8
2021-06-13,Gujarat,Surat,20.4,28.1,24.2,41.1,49.8,18.9,34.9
2015-07-18,Uttar Pradesh,Kanpur,14.2,34.3,24.2,45.5,57.8,15.8,20.3
2023-10-07,Manipur,Imphal,17.2,28.5,22.8,31.0,62.9,5.7,28.4
2019-11-17,Tamil Nadu,Madurai,24.2,29.5,26.8,98.5,63.4,19.8,21.8
2025-08-31,Manipur,Imphal,10.4,29.4,19.9,284.7,43.1,19.0,20.7
2016-07-25,Meghalaya,Shillong,21.9,31.6,26.8,238.9,54.9,21.6,23.0
2017-03-01,Lakshadweep,Kavaratti,14.2,34.4,24.3,13.6,63.7,13.6,22.4
2019-06-27,Nagaland,Kohima,14.8,24.2,19.5,256.9,55.6,13.4,31.4
2020-01-06,Punjab,Ludhiana,17.4,29.9,23.6,36.9,46.5,8.3,27.4
2020-01-30,Arunachal Pradesh,Itanagar,11.0,35.0,23.0,46.8,48.7,8.0,22.7
2019-02-19,Tamil Nadu,Coimbatore,27.0,37.0,32.0,23.0,71.0,18.7,27.3
2025-09-29,Chandigarh,Chandigarh,18.8,26.1,22.5,284.2,75.7,12.8,25.0
2018-03-20,Assam,Kamrup,11.2,28.1,19.6,31.8,91.7,18.2,22.8
2025-03-29,Andhra Pradesh,Chittoor,27.4,35.7,31.6,64.9,51.8,12.6,24.0
2023-12-22,Sikkim,Gangtok,13.9,22.3,18.1,52.4,48.1,14.5,23.9
2015-06-28,Andaman and Nicobar Islands,Port Blair,13.6,31.5,22.6,121.9,40.6,20.8,28.1
2021-02-22,Maharashtra,Pune,27.9,36.8,32.3,111.4,58.8,7.5,20.2
2017-01-04,West Bengal,Darjeeling,24.0,36.0,30.0,32.5,88.2,19.2,23.7
2020-11-06,Rajasthan,Jaipur,13.7,26.2,20.0,37.3,44.4,18.7,20.2
2017-03-09,Lakshadweep,Kavaratti,24.9,33.1,29.0,18.0,60.3,17.3,21.4
2024-08-06,Goa,North Goa,19.1,31.7,25.4,135.6,61.7,20.6,29.5
2017-02-26,Andhra Pradesh,Krishna,25.5,37.2,31.4,31.0,60.0,18.3,21.0
2022-08-27,Rajasthan,Jaipur,15.1,26.8,21.0,24.2,46.7,21.6,20.3
2023-11-29,Bihar,Purnia,13.6,38.3,26.0,40.3,75.4,19.2,29.9
2015-07-28,Assam,Tinsukia,15.9,25.7,20.8,474.3,80.8,17.9,25.3
2016-05-07,Chandigarh,Chandigarh,17.7,26.6,22.2,46.7,50.7,10.3,31.3
2023-10-07,Dadra and Nagar Haveli and Daman and Diu,Daman,19.5,30.6,25.0,52.2,56.5,13.9,21.0
2022-06-05,Puducherry,Puducherry,17.3,29.7,23.5,138.2,40.7,18.5,29.6
2023-06-12,Odisha,Bhubaneswar,17.3,39.5,28.4,379.3,55.6,18.6,30.2
2019-07-16,Punjab,Amritsar,12.2,32.8,22.5,100.6,65.9,18.6,25.1
2022-12-28,Tamil Nadu,Madurai,23.6,28.9,26.2,24.5,51.6,6.0,20.7
2017-01-01,Tripura,Agartala,10.2,30.9,20.5,38.5,70.0,7.5,28.4
2018-02-03,Manipur,Imphal,11.4,22.4,16.9,30.9,49.4,7.1,26.3
2024-06-08,Tamil Nadu,Chennai,20.1,35.3,27.7,55.2,83.7,21.0,29.1
2019-05-25,Arunachal Pradesh,Itanagar,12.1,32.7,22.4,50.1,60.2,9.8,30.6
2025-05-06,Manipur,Imphal,16.2,27.6,21.9,64.2,78.1,19.4,34.1
2022-07-08,Jammu and Kashmir,Srinagar,16.0,25.1,20.6,62.9,65.2,14.0,26.9
2023-09-06,Jharkhand,Ranchi,13.3,31.1,22.2,67.8,72.3,21.7,29.0
2016-08-16,Maharashtra,Pune,22.2,32.2,27.2,425.5,71.1,15.9,29.6
2025-01-06,Uttarakhand,Dehradun,17.7,25.7,21.7,52.6,60.5,8.1,21.5
2023-01-12,Maharashtra,Pune,22.3,39.6,31.0,26.8,61.2,9.9,29.4
2022-12-09,Jammu and Kashmir,Srinagar,7.5,16.5,12.0,41.1,46.1,10.7,27.3
2018-04-30,Delhi,New Delhi,19.0,24.1,21.6,39.9,72.5,13.4,29.7
2015-11-21,Andhra Pradesh,Visakhapatnam,24.2,35.0,29.6,14.8,74.0,17.8,25.9
2017-09-05,Puducherry,Puducherry,24.7,32.6,28.6,27.6,58.6,14.0,21.9
2019-10-16,Odisha,Bhubaneswar,23.0,33.5,28.2,25.4,67.7,17.5,25.1
2020-01-25,Telangana,Nizamabad,20.6,35.5,28.0,66.5,53.8,6.1,29.1
2023-03-23,Bihar,Patna,23.0,39.9,31.4,55.1,45.0,11.5,20.4
2019-01-30,Ladakh,Leh,15.1,31.8,23.4,43.9,58.4,17.7,21.8
2017-06-12,Madhya Pradesh,Bhopal,21.8,36.6,29.2,223.7,36.5,18.6,25.5
2018-10-22,Lakshadweep,Kavaratti,18.5,30.9,24.7,63.8,53.0,15.5,20.9
2024-04-12,Himachal Pradesh,Kangra,4.5,25.4,15.0,68.0,40.6,7.5,27.1
2015-05-24,Meghalaya,Shillong,17.8,24.7,21.2,73.3,55.5,7.1,32.7
2016-01-19,Assam,Kamrup,18.4,34.0,26.2,141.9,90.0,13.5,22.2
2021-03-13,Punjab,Patiala,15.7,30.0,22.8,48.9,40.1,11.5,25.6
2024-05-25,Jharkhand,Ranchi,15.9,22.6,19.2,67.3,72.0,8.8,29.5
2021-06-29,Sikkim,Gangtok,21.0,34.8,27.9,66.9,65.5,20.3,25.3
2023-06-14,Assam,Cachar,22.2,33.4,27.8,561.7,63.0,9.9,30.2
2015-08-05,Karnataka,Hubli,26.7,37.2,32.0,292.0,60.2,11.5,24.7
2019-02-24,Tripura,Agartala,13.3,31.2,22.2,34.5,61.6,15.2,25.3
2023-03-18,Haryana,Gurgaon,23.9,37.6,30.8,15.9,41.9,5.9,20.9
2024-11-27,Himachal Pradesh,Kangra,16.6,23.4,20.0,64.3,79.4,8.6,24.6
2021-02-08,Manipur,Imphal,18.1,34.3,26.2,17.5,73.4,19.4,25.5
2021-05-06,Lakshadweep,Kavaratti,12.3,23.2,17.8,72.1,46.7,12.3,26.9
2023-03-12,Assam,Kamrup,23.6,32.4,28.0,140.4,93.1,12.3,29.4
2019-01-30,Bihar,Purnia,8.0,18.2,13.1,57.7,61.1,19.9,27.8
2022-12-27,Chandigarh,Chandigarh,20.0,34.1,27.0,28.6,46.7,13.2,22.4
2019-06-24,Madhya Pradesh,Bhopal,15.1,26.8,21.0,168.5,30.9,20.7,31.1
2024-10-30,Rajasthan,Jodhpur,17.6,25.1,21.4,32.1,37.5,11.5,24.7
2024-11-22,Odisha,Bhubaneswar,21.2,33.3,27.2,66.8,65.1,19.6,24.0
2021-11-19,Sikkim,Gangtok,13.2,34.7,24.0,25.7,64.8,17.4,20.0
2021-06-10,Punjab,Ludhiana,12.1,29.3,20.7,102.1,32.9,14.7,26.1
2018-03-13,Dadra and Nagar Haveli and Daman and Diu,Daman,13.7,30.9,22.3,17.5,66.6,19.6,22.5
2015-04-21,Jharkhand,Ranchi,13.9,34.2,24.0,51.6,70.8,16.9,32.3
2017-10-10,Nagaland,Kohima,24.7,31.2,28.0,41.3,66.6,15.6,21.9
2015-08-20,Punjab,Patiala,26.9,38.5,32.7,67.6,51.8,12.4,23.7
2019-09-11,Nagaland,Kohima,18.0,29.5,23.8,169.0,61.8,17.5,20.2
2025-01-03,Karnataka,Mysore,19.4,30.8,25.1,73.8,62.9,14.4,29.7
2025-05-21,Sikkim,Gangtok,21.0,34.5,27.8,6.3,57.9,10.3,32.1
2019-10-22,Nagaland,Kohima,23.9,29.1,26.5,9.0,66.9,10.2,22.0
2025-01-11,Puducherry,Puducherry,24.3,29.4,26.8,24.2,53.3,16.7,25.6
2024-10-11,Tamil Nadu,Chennai,22.6,29.4,26.0,29.6,51.4,17.6,21.2
2022-03-27,Andhra Pradesh,Guntur,28.2,34.1,31.2,68.9,70.4,10.3,23.9
2019-04-27,Jharkhand,Ranchi,14.3,22.6,18.5,68.8,47.4,7.6,28.6
2018-07-20,Andhra Pradesh,Krishna,29.8,37.2,33.5,132.4,80.0,19.1,29.4
2025-05-02,Himachal Pradesh,Mandi,5.0,25.1,15.0,67.9,61.2,11.4,28.0
2021-01-29,Dadra and Nagar Haveli and Daman and Diu,Daman,18.5,25.7,22.1,35.2,67.3,14.8,27.0
2017-08-30,Gujarat,Rajkot,25.0,30.0,27.5,24.8,53.2,22.5,21.9
2017-10-27,Mizoram,Aizawl,20.8,29.8,25.3,14.7,41.3,15.7,21.4
2023-11-01,Jammu and Kashmir,Srinagar,6.0,18.6,12.3,55.9,55.5,10.8,27.9
2024-11-02,Nagaland,Kohima,10.1,30.1,20.1,41.5,61.7,10.2,20.9
2022-02-06,Delhi,New Delhi,11.4,22.7,17.0,55.4,75.7,17.2,28.0
2022-02-08,Bihar,Gaya,8.1,18.3,13.2,71.4,74.8,6.9,26.4
2016-06-01,Tamil Nadu,Chennai,23.5,28.6,26.0,328.1,83.0,21.8,28.8
2017-07-02,Karnataka,Bangalore,25.9,34.4,30.2,392.8,83.3,19.6,24.7
2021-03-12,Himachal Pradesh,Shimla,18.0,24.6,21.3,23.9,62.3,17.3,20.6
2020-12-21,Chandigarh,Chandigarh,21.8,34.6,28.2,43.2,48.5,14.5,22.0
2021-05-21,Haryana,Faridabad,14.8,33.9,24.4,22.2,49.4,13.2,28.4
2023-10-03,Chhattisgarh,Raipur,11.1,25.8,18.4,39.1,57.1,7.8,20.5
2020-04-28,Kerala,Ernakulam,24.5,32.4,28.4,147.5,89.3,13.7,29.9
2019-01-02,Andhra Pradesh,Guntur,21.9,31.9,26.9,61.1,78.9,14.0,26.2
2020-02-16,Manipur,Imphal,24.1,29.8,27.0,47.8,63.4,8.1,27.7
2022-06-26,Tripura,Agartala,11.8,18.0,14.9,156.1,52.0,14.5,26.1
2023-10-29,Nagaland,Kohima,16.8,27.6,22.2,72.7,68.9,18.8,27.8
2021-07-06,Uttar Pradesh,Varanasi,26.3,40.6,33.4,76.3,51.3,21.1,20.7
2024-11-18,Assam,Tinsukia,10.8,28.2,19.5,138.7,87.8,17.0,23.6
2024-06-16,Sikkim,Gangtok,18.9,32.5,25.7,242.2,63.2,20.0,25.3
2023-09-22,Uttar Pradesh,Kanpur,30.4,41.1,35.8,31.4,51.0,21.8,25.1
2023-01-20,Odisha,Bhubaneswar,16.4,39.4,27.9,42.3,68.1,14.5,28.3
2024-09-23,Ladakh,Leh,23.1,32.6,27.8,285.6,48.8,21.6,21.9
2018-07-31,Rajasthan,Udaipur,32.4,39.0,35.7,117.9,52.7,13.9,21.1
2017-06-17,Uttar Pradesh,Varanasi,14.8,21.2,18.0,165.0,64.9,12.0,31.5
2018-01-03,Madhya Pradesh,Bhopal,11.3,17.1,14.2,27.4,49.4,5.3,25.9
2018-04-04,Ladakh,Leh,22.5,30.6,26.6,57.3,46.0,12.9,32.9
2018-04-27,Telangana,Warangal,26.2,38.1,32.2,56.9,44.8,6.5,34.8
2020-10-26,Uttar Pradesh,Kanpur,18.0,36.9,27.4,42.5,32.2,12.4,25.2
2023-03-14,Rajasthan,Jaipur,30.2,44.6,37.4,13.4,22.4,12.1,20.3
2025-01-21,Nagaland,Kohima,15.8,24.7,20.2,22.0,40.1,8.8,23.2
2016-11-18,Manipur,Imphal,23.7,29.3,26.5,58.7,69.0,9.9,29.1
2020-08-30,Manipur,Imphal,19.8,25.8,22.8,77.1,56.0,22.5,22.6
2016-07-19,Goa,North Goa,16.4,29.0,22.7,119.5,68.0,17.9,20.6
2018-04-22,Dadra and Nagar Haveli and Daman and Diu,Daman,16.4,32.0,24.2,49.8,58.4,15.9,31.7
2020-03-09,West Bengal,Howrah,25.1,30.5,27.8,71.6,76.4,15.1,29.2
2024-01-07,Haryana,Karnal,15.3,36.0,25.6,40.4,40.8,9.0,29.4
2017-04-06,Andaman and Nicobar Islands,Port Blair,14.9,26.2,20.6,47.3,52.7,14.9,27.9
2018-09-13,Rajasthan,Jaipur,23.2,37.6,30.4,130.1,54.4,18.2,22.7
2021-02-04,Mizoram,Aizawl,17.0,29.3,23.2,25.8,77.6,6.6,28.3
2019-12-17,Telangana,Warangal,23.1,39.4,31.2,44.6,69.2,16.0,27.0
2023-09-19,Ladakh,Leh,10.7,27.7,19.2,270.5,73.7,21.7,24.4
2025-06-04,Dadra and Nagar Haveli and Daman and Diu,Daman,16.8,32.5,24.6,105.0,70.6,15.6,27.6
2025-05-25,Puducherry,Puducherry,19.7,27.7,23.7,52.0,62.8,15.8,31.0
2017-12-18,Arunachal Pradesh,Itanagar,21.4,35.0,28.2,37.7,63.9,6.5,29.5
2018-09-12,Assam,Cachar,18.9,25.0,22.0,300.0,62.8,15.5,22.8
2023-01-31,Chandigarh,Chandigarh,15.1,21.1,18.1,58.4,73.6,7.1,27.5
2019-07-03,Haryana,Karnal,8.2,15.5,11.8,40.5,31.3,13.6,29.5
2022-06-09,Gujarat,Ahmedabad,30.3,37.5,33.9,163.0,63.0,10.3,27.3
2015-07-10,Kerala,Thrissur,24.1,30.7,27.4,569.1,66.9,20.0,27.6
2018-05-08,Odisha,Bhubaneswar,22.6,30.9,26.8,13.0,79.0,10.7,28.4
2018-08-28,Uttar Pradesh,Lucknow,6.2,15.9,11.0,100.9,64.5,11.1,21.6
2016-12-08,West Bengal,Kolkata,14.7,24.9,19.8,57.1,64.4,6.1,26.2
2023-07-04,Manipur,Imphal,12.0,32.6,22.3,260.7,42.9,14.2,24.8
2016-01-14,Maharashtra,Mumbai,30.0,36.3,33.2,83.1,60.6,16.5,22.5
2016-01-22,Maharashtra,Mumbai,26.2,32.3,29.2,11.7,40.8,12.4,27.7
2025-06-26,Assam,Dibrugarh,18.7,24.1,21.4,376.0,64.0,22.5,28.5
2021-04-03,Andaman and Nicobar Islands,Port Blair,17.6,26.8,22.2,37.7,78.3,8.9,32.2
2016-09-07,Goa,North Goa,21.3,28.0,24.6,224.2,65.9,12.4,25.2
2019-03-23,Tamil Nadu,Madurai,24.7,36.6,30.6,21.2,84.0,16.5,25.3
2021-05-19,West Bengal,Darjeeling,24.0,35.6,29.8,62.9,63.4,19.8,33.8
2020-08-10,Maharashtra,Nashik,29.4,34.7,32.0,415.0,80.1,15.2,28.9
2019-10-21,Maharashtra,Nagpur,19.2,25.2,22.2,43.5,41.2,15.3,29.3
2016-04-08,Punjab,Amritsar,12.4,32.3,22.3,26.1,40.2,18.8,34.6
2024-01-15,Madhya Pradesh,Bhopal,13.0,36.4,24.7,15.4,49.5,10.4,22.4
2017-08-24,Uttarakhand,Dehradun,20.1,33.6,26.8,238.7,68.9,9.0,21.0
2015-06-21,Jammu and Kashmir,Srinagar,9.3,23.0,16.2,228.1,54.2,8.3,25.4
2023-08-25,Arunachal Pradesh,Itanagar,22.8,28.7,25.8,282.3,53.3,16.8,21.7
2024-12-03,Telangana,Warangal,23.4,38.6,31.0,74.0,70.7,16.5,28.9
2018-02-20,Andaman and Nicobar Islands,Port Blair,13.7,30.7,22.2,44.1,50.5,5.8,22.0
2017-04-22,Assam,Dibrugarh,19.8,30.6,25.2,33.7,79.7,10.9,25.1
2018-08-14,Bihar,Muzaffarpur,28.0,34.8,31.4,183.9,63.6,15.5,22.4
2020-03-23,Arunachal Pradesh,Itanagar,16.1,25.1,20.6,35.3,43.3,7.5,21.4
2016-11-20,Punjab,Ludhiana,19.9,34.8,27.4,46.1,40.5,10.9,26.2
2022-03-07,Manipur,Imphal,24.6,31.7,28.2,25.3,55.5,9.6,20.9
2019-02-16,Lakshadweep,Kavaratti,15.2,28.9,22.0,17.8,73.3,16.0,25.6
2021-01-21,Andhra Pradesh,Guntur,27.4,34.8,31.1,23.0,75.3,17.3,27.4
2020-07-17,Jammu and Kashmir,Srinagar,5.1,16.9,11.0,138.9,47.4,19.4,21.8
2019-09-19,Gujarat,Vadodara,18.8,24.7,21.8,139.4,67.2,15.3,29.0
2016-01-18,Madhya Pradesh,Bhopal,28.5,40.3,34.4,14.2,45.1,15.0,23.4
2021-03-06,Andhra Pradesh,Visakhapatnam,27.1,34.4,30.8,35.5,71.9,6.8,27.9
2025-06-07,Maharashtra,Mumbai,26.6,35.4,31.0,241.3,80.8,18.7,31.2
2024-08-04,Andaman and Nicobar Islands,Port Blair,23.0,30.3,26.6,100.3,48.4,15.8,29.9
2018-11-13,Assam,Cachar,23.9,31.7,27.8,38.9,90.6,18.8,21.7
2019-05-03,Telangana,Nizamabad,28.6,36.5,32.6,10.8,77.7,5.6,25.3
2021-03-21,Andhra Pradesh,Guntur,29.6,35.8,32.7,46.1,78.3,19.1,21.7
2020-08-12,Jharkhand,Ranchi,17.7,22.8,20.2,45.3,77.9,14.2,21.5
2016-01-07,Madhya Pradesh,Bhopal,23.9,31.2,27.6,58.9,56.8,10.5,23.8
2019-09-07,Ladakh,Leh,23.8,34.3,29.0,286.0,58.1,20.8,24.8
2019-01-09,Himachal Pradesh,Kangra,12.7,23.9,18.3,49.5,60.4,7.3,21.1
2016-09-02,Maharashtra,Nashik,29.3,37.2,33.2,473.3,70.9,9.3,22.0
2015-04-26,Ladakh,Leh,21.5,28.0,24.8,5.5,44.5,12.2,26.6
2024-02-24,Jharkhand,Ranchi,10.7,30.1,20.4,73.0,79.1,18.5,20.2
2016-03-22,Tamil Nadu,Coimbatore,21.9,28.4,25.2,67.6,79.7,13.6,23.5
2018-10-23,Jammu and Kashmir,Srinagar,18.2,26.6,22.4,21.4,61.3,5.3,20.4
2024-02-07,Gujarat,Rajkot,25.7,38.9,32.3,11.2,51.3,16.6,28.8
2018-09-02,Jammu and Kashmir,Srinagar,9.5,16.4,13.0,58.0,74.3,9.2,28.2
2016-02-19,Arunachal Pradesh,Itanagar,16.6,27.4,22.0,41.3,45.4,16.1,23.0
2023-09-02,Manipur,Imphal,19.0,24.1,21.6,98.8,41.6,12.7,21.3
2019-12-14,Himachal Pradesh,Shimla,1.4,26.4,13.9,33.7,73.0,18.4,25.1
2023-01-18,Mizoram,Aizawl,18.5,30.9,24.7,50.1,61.2,13.9,24.4
2017-11-13,Nagaland,Kohima,23.7,33.2,28.4,27.0,53.4,11.8,20.3
2025-02-16,Manipur,Imphal,24.9,32.3,28.6,59.3,46.3,14.1,23.8
2022-06-03,Nagaland,Kohima,23.3,34.5,28.9,194.9,42.4,15.0,25.2
2020-02-17,Telangana,Nizamabad,24.2,34.6,29.4,37.1,53.5,13.7,21.8
2017-12-09,Tamil Nadu,Coimbatore,20.2,35.3,27.8,80.7,70.3,17.5,25.1
2024-10-13,Kerala,Thrissur,22.0,28.2,25.1,82.4,85.9,8.4,20.3
2016-12-18,Tamil Nadu,Madurai,23.3,28.9,26.1,59.5,51.9,5.2,29.4
2024-10-09,Rajasthan,Jaipur,26.6,33.2,29.9,23.4,30.3,16.4,28.1
2018-09-20,Uttar Pradesh,Lucknow,18.7,31.2,25.0,89.8,31.6,16.4,25.1
2023-08-17,Haryana,Karnal,10.3,28.4,19.4,104.2,40.4,19.1,22.5
2019-05-25,Chandigarh,Chandigarh,16.8,28.8,22.8,61.8,56.8,8.1,25.1
2023-06-26,Puducherry,Puducherry,13.8,31.0,22.4,249.7,64.0,22.2,30.2
2021-05-07,Arunachal Pradesh,Itanagar,17.2,32.9,25.0,16.7,40.6,18.2,30.3
2016-07-15,Chhattisgarh,Raipur,21.2,31.7,26.4,205.9,63.5,18.9,21.1
2022-10-22,Dadra and Nagar Haveli and Daman and Diu,Daman,13.8,26.6,20.2,55.2,52.3,17.1,20.7
2021-04-13,Delhi,New Delhi,21.9,32.6,27.2,9.6,41.3,17.6,26.4
2025-07-14,Bihar,Patna,13.6,37.8,25.7,129.1,61.2,8.5,25.7
2025-01-10,Goa,North Goa,20.7,31.0,25.8,61.6,71.1,12.2,26.5
2016-01-22,Tamil Nadu,Chennai,22.2,31.1,26.6,66.0,73.1,6.3,28.2
2016-12-02,Odisha,Bhubaneswar,24.6,33.0,28.8,30.4,71.1,15.4,29.3
2022-02-19,Haryana,Faridabad,9.6,27.4,18.5,48.0,66.4,12.2,25.5
2017-08-30,Madhya Pradesh,Bhopal,30.2,35.4,32.8,234.8,69.1,22.2,29.7
2018-10-16,Andhra Pradesh,Guntur,23.0,28.4,25.7,28.5,60.4,10.3,26.8
2017-09-10,Goa,North Goa,23.0,29.6,26.3,145.2,55.1,19.5,23.2
2019-02-20,Gujarat,Surat,16.0,28.0,22.0,20.9,62.9,13.2,25.2
2015-12-18,Uttarakhand,Dehradun,19.0,30.2,24.6,52.7,76.2,18.1,25.0
2019-09-21,Manipur,Imphal,22.7,34.0,28.4,241.1,41.7,17.9,23.1
2020-05-05,Puducherry,Puducherry,23.1,30.1,26.6,69.3,64.6,14.7,33.9
2018-07-03,Tamil Nadu,Coimbatore,27.9,34.5,31.2,72.0,75.3,9.1,25.3
2024-01-07,Telangana,Nizamabad,22.1,32.1,27.1,25.3,68.0,13.6,29.5
2020-03-22,Manipur,Imphal,15.3,26.1,20.7,16.6,64.5,6.4,29.7
2017-01-22,Jammu and Kashmir,Srinagar,18.2,28.0,23.1,30.6,54.2,6.3,22.5
2022-09-29,Bihar,Patna,15.8,29.4,22.6,160.7,75.4,14.7,29.6
2017-10-21,Mizoram,Aizawl,11.3,20.2,15.8,32.2,75.5,6.8,23.6
2016-06-29,Dadra and Nagar Haveli and Daman and Diu,Daman,11.7,30.9,21.3,99.1,57.4,20.3,26.7
2019-01-09,Jharkhand,Ranchi,24.2,31.5,27.8,28.1,47.6,12.0,29.8
2015-03-20,Uttarakhand,Dehradun,17.4,28.1,22.8,5.5,51.5,8.4,20.4
2018-06-13,Goa,North Goa,16.7,23.5,20.1,160.8,58.2,11.3,33.0
2021-07-09,Goa,North Goa,23.9,29.7,26.8,47.3,53.8,17.2,26.3
2017-06-07,Manipur,Imphal,19.4,30.5,25.0,128.0,71.3,22.3,30.9
2024-05-13,Bihar,Muzaffarpur,12.8,30.3,21.6,59.1,73.2,15.8,33.9
2023-09-05,Gujarat,Ahmedabad,31.2,39.1,35.2,117.4,43.5,17.9,26.0
2018-01-10,Uttar Pradesh,Lucknow,9.8,33.7,21.8,49.3,39.1,7.5,26.4
2021-12-24,Dadra and Nagar Haveli and Daman and Diu,Daman,11.7,31.5,21.6,50.0,41.3,16.6,25.1
2020-06-13,Arunachal Pradesh,Itanagar,17.4,26.3,21.8,99.4,60.0,8.0,33.0
2019-02-09,West Bengal,Howrah,24.1,35.6,29.8,79.3,61.8,14.9,21.3
2025-05-03,Madhya Pradesh,Bhopal,15.8,21.8,18.8,52.3,63.1,11.8,29.4
2022-09-13,Nagaland,Kohima,23.9,33.0,28.4,218.6,54.4,12.4,21.1
2017-07-09,Chandigarh,Chandigarh,11.1,33.2,22.2,273.8,49.1,8.6,23.5
2016-07-03,Karnataka,Mysore,27.5,34.2,30.8,351.5,76.7,22.2,25.0
2020-08-23,Madhya Pradesh,Bhopal,30.3,40.3,35.3,211.0,59.3,14.9,29.2
2016-01-27,Telangana,Nizamabad,27.6,37.3,32.4,41.4,43.8,17.2,24.2
2024-05-11,Andaman and Nicobar Islands,Port Blair,15.4,23.8,19.6,42.9,73.2,9.3,34.2
2021-06-15,Chhattisgarh,Raipur,16.0,34.6,25.3,209.5,54.7,22.8,30.9
2021-08-30,Jammu and Kashmir,Srinagar,15.4,24.7,20.0,71.0,78.6,12.8,29.2
2023-12-25,Odisha,Bhubaneswar,28.6,34.2,31.4,20.3,71.4,5.5,24.2
2018-10-12,Madhya Pradesh,Bhopal,21.6,29.6,25.6,47.4,47.3,11.3,22.3
2017-08-31,Chhattisgarh,Raipur,23.3,28.4,25.8,21.9,79.8,8.3,21.6
2025-01-20,Maharashtra,Mumbai,28.6,37.5,33.0,81.9,61.4,7.3,23.7
2024-12-18,Sikkim,Gangtok,20.8,30.3,25.6,56.1,40.3,14.8,25.9
2023-09-01,Himachal Pradesh,Shimla,19.5,29.5,24.5,196.1,63.0,9.4,29.4
2023-08-31,Uttar Pradesh,Kanpur,24.1,35.6,29.8,208.6,66.5,16.5,25.4
2015-12-06,Chhattisgarh,Raipur,23.9,33.8,28.8,33.2,65.2,7.9,29.3
2022-03-29,Andaman and Nicobar Islands,Port Blair,20.4,34.6,27.5,25.4,52.6,17.5,22.6
2024-08-17,Sikkim,Gangtok,15.4,33.3,24.3,165.0,52.0,14.1,27.1
2017-01-26,Assam,Cachar,12.4,34.3,23.3,86.6,86.8,15.5,26.8
2017-11-11,West Bengal,Kolkata,17.6,23.3,20.5,95.3,88.2,12.6,29.5
2021-05-27,Maharashtra,Mumbai,24.4,31.2,27.8,37.5,78.9,14.3,29.1
2024-09-26,Maharashtra,Pune,27.6,37.3,32.4,441.3,83.7,17.8,29.7
2025-07-22,Karnataka,Hubli,22.7,36.4,29.6,366.3,42.0,21.0,24.1
2021-06-11,Himachal Pradesh,Kangra,8.0,26.3,17.2,104.0,41.3,12.1,31.5
2022-05-05,Goa,North Goa,24.3,31.6,28.0,60.8,48.0,17.8,32.7
2023-10-05,Andhra Pradesh,Krishna,24.5,38.9,31.7,12.5,73.6,5.5,28.6
2022-04-26,Tripura,Agartala,12.7,18.4,15.6,26.6,47.1,14.8,29.7
2017-07-27,Meghalaya,Shillong,11.9,33.5,22.7,123.0,51.3,18.5,23.9
2024-02-27,Manipur,Imphal,12.2,27.6,19.9,7.1,65.1,18.0,22.6
2017-04-27,Puducherry,Puducherry,22.8,29.6,26.2,19.2,68.6,6.0,25.4
2016-03-17,Mizoram,Aizawl,16.8,22.3,19.6,39.8,66.0,8.4,29.0
2021-12-25,Assam,Cachar,13.0,22.0,17.5,139.1,84.1,12.9,23.3
2015-05-10,Assam,Cachar,21.5,31.5,26.5,67.7,88.9,16.9,34.4
2023-10-09,Mizoram,Aizawl,24.9,30.0,27.4,27.4,47.7,8.2,28.6
2016-08-19,Andhra Pradesh,Visakhapatnam,29.7,39.7,34.7,221.1,66.6,17.6,28.6
2020-05-12,Gujarat,Rajkot,15.1,29.5,22.3,27.8,66.9,7.6,32.4
2019-02-14,Uttar Pradesh,Varanasi,29.9,40.3,35.1,5.6,63.0,8.1,26.1
2017-05-11,Odisha,Bhubaneswar,23.6,39.5,31.6,27.1,51.8,14.2,28.4
2024-06-23,Chandigarh,Chandigarh,21.3,34.9,28.1,132.4,46.1,16.3,28.5
2022-03-25,Maharashtra,Pune,27.5,36.5,32.0,114.4,77.7,18.7,23.0
2017-09-25,Madhya Pradesh,Bhopal,29.9,41.1,35.5,157.9,66.4,8.8,27.9
2021-06-30,Punjab,Patiala,8.6,22.6,15.6,151.3,38.4,11.5,27.1
2023-08-07,Uttar Pradesh,Varanasi,17.3,23.9,20.6,215.0,66.5,15.7,20.8
2025-03-20,Uttarakhand,Dehradun,11.9,18.7,15.3,6.0,66.7,12.7,23.8
2021-10-31,Tripura,Agartala,15.2,27.0,21.1,38.2,45.6,13.0,20.5
2019-04-01,Himachal Pradesh,Shimla,18.8,28.2,23.5,10.6,51.6,19.7,25.5
2022-11-06,Kerala,Kozhikode,22.4,31.0,26.7,69.2,89.6,13.1,29.4
2019-06-29,Jharkhand,Ranchi,15.7,24.6,20.2,100.8,65.5,17.1,30.5
2023-11-11,Goa,North Goa,12.8,22.3,17.6,25.2,74.6,17.3,22.1
2019-02-20,Puducherry,Puducherry,12.2,19.0,15.6,9.7,79.4,17.2,20.2
2019-10-03,Odisha,Bhubaneswar,15.1,33.8,24.4,38.0,53.5,12.0,20.2
2022-07-19,Goa,North Goa,16.4,24.6,20.5,94.2,51.4,12.6,20.2
2018-12-20,Arunachal Pradesh,Itanagar,18.6,29.8,24.2,50.6,46.4,19.9,21.4
2025-04-26,Manipur,Imphal,22.2,28.9,25.5,35.7,53.0,9.6,29.9
2020-02-01,Mizoram,Aizawl,13.6,27.6,20.6,22.5,78.9,8.6,27.6
2015-09-22,Meghalaya,Shillong,17.0,22.5,19.8,62.8,77.1,20.3,21.4
2022-04-13,West Bengal,Howrah,10.9,19.3,15.1,77.2,75.3,10.7,27.8
2024-05-06,Rajasthan,Udaipur,15.2,31.1,23.2,3.3,20.3,17.0,30.3
2022-11-19,Haryana,Karnal,24.5,30.7,27.6,41.7,66.9,13.0,21.1
2025-05-25,Jharkhand,Ranchi,11.8,20.3,16.0,18.0,77.8,17.0,28.2
2024-03-03,Jharkhand,Ranchi,22.2,33.2,27.7,29.9,41.2,5.1,23.3
2022-06-14,Jharkhand,Ranchi,10.7,18.0,14.4,91.2,47.2,10.2,27.6
2019-01-02,Himachal Pradesh,Mandi,14.7,24.3,19.5,53.1,77.2,5.0,29.5
2015-06-06,West Bengal,Darjeeling,15.0,25.2,20.1,329.5,64.4,9.2,32.1
2018-12-16,Telangana,Warangal,20.2,39.0,29.6,74.2,47.2,16.3,29.9
2021-04-17,Odisha,Bhubaneswar,29.3,37.5,33.4,38.1,50.4,18.5,25.4
2023-01-04,Delhi,New Delhi,18.6,25.7,22.2,21.9,40.9,5.6,23.5
2019-06-21,Bihar,Muzaffarpur,27.3,36.7,32.0,180.0,64.8,16.0,28.0
2022-01-21,Assam,Dibrugarh,23.2,31.4,27.3,119.1,91.9,5.1,24.8
2021-07-02,Kerala,Ernakulam,23.8,31.9,27.8,551.2,88.2,10.0,23.0
2023-03-28,Nagaland,Kohima,14.0,26.9,20.4,31.7,54.4,13.0,24.9
2017-06-13,Tamil Nadu,Madurai,23.7,29.8,26.8,234.1,52.1,17.2,31.2
2020-11-14,Punjab,Ludhiana,11.5,19.7,15.6,40.9,60.8,19.2,24.5
2016-05-27,Goa,North Goa,14.7,24.3,19.5,17.6,54.0,6.9,33.7
2015-08-04,Puducherry,Puducherry,15.2,28.3,21.8,38.6,51.2,11.4,28.9
2023-10-09,Arunachal Pradesh,Itanagar,12.7,31.5,22.1,24.8,48.4,5.1,22.9
2024-02-14,Chandigarh,Chandigarh,11.1,22.9,17.0,8.7,42.6,10.3,24.5
2020-12-12,Himachal Pradesh,Kangra,6.6,12.0,9.3,21.6,77.6,13.6,28.5
2023-08-20,Uttarakhand,Dehradun,10.8,15.9,13.4,238.9,55.4,13.5,22.4
2024-03-08,Puducherry,Puducherry,12.4,32.0,22.2,9.3,59.9,10.4,22.8
2019-09-03,Telangana,Warangal,27.1,39.0,33.0,90.7,43.1,13.6,24.4
2020-10-07,Mizoram,Aizawl,10.8,24.8,17.8,71.6,55.4,18.5,28.5
2019-04-17,Andaman and Nicobar Islands,Port Blair,16.5,31.0,23.8,19.6,45.4,5.0,25.7
2021-01-17,Ladakh,Leh,19.4,33.8,26.6,73.4,59.3,7.1,20.0
2021-05-20,Kerala,Thrissur,25.0,34.1,29.6,90.5,67.4,12.8,33.4
2020-11-23,Dadra and Nagar Haveli and Daman and Diu,Daman,18.3,34.9,26.6,12.5,79.3,13.8,25.7
2018-02-02,Himachal Pradesh,Kangra,7.2,12.9,10.0,59.4,51.0,10.3,25.3
2024-08-11,Odisha,Bhubaneswar,15.9,21.1,18.5,77.8,75.7,10.9,25.1
2015-08-16,Mizoram,Aizawl,12.8,22.7,17.8,30.6,54.7,10.0,25.6
2025-04-29,Arunachal Pradesh,Itanagar,22.5,34.1,28.3,70.3,45.0,12.7,26.1
2025-01-01,Chhattisgarh,Raipur,14.6,23.2,18.9,5.9,77.3,16.7,25.2
2021-06-23,Meghalaya,Shillong,15.2,26.3,20.8,77.5,78.7,12.3,25.7
2019-01-27,Mizoram,Aizawl,18.5,32.1,25.3,73.0,64.9,7.8,23.9
2017-03-12,Uttarakhand,Dehradun,14.7,20.0,17.4,32.5,72.0,11.1,28.5
2019-06-11,Gujarat,Rajkot,27.6,39.4,33.5,88.6,32.1,21.2,31.4
2020-03-20,Haryana,Faridabad,7.3,14.6,11.0,32.6,46.9,7.9,22.4
2022-12-31,Haryana,Karnal,14.6,34.9,24.8,13.9,58.1,7.7,27.6
2016-04-16,Tamil Nadu,Madurai,27.2,34.8,31.0,67.7,59.3,18.9,29.3
2017-12-15,Lakshadweep,Kavaratti,17.5,25.8,21.6,18.6,49.1,12.1,21.4
2022-04-26,Nagaland,Kohima,15.8,26.2,21.0,35.3,56.9,9.1,28.7
2020-08-22,Kerala,Ernakulam,24.7,29.9,27.3,143.9,87.9,12.1,23.0
2024-08-12,Manipur,Imphal,15.2,21.7,18.4,235.3,46.5,18.5,22.3
2017-11-07,West Bengal,Howrah,22.3,37.7,30.0,68.6,62.8,10.7,23.8
2022-07-04,Dadra and Nagar Haveli and Daman and Diu,Daman,11.9,31.7,21.8,126.2,68.7,12.1,23.6
2023-04-09,Himachal Pradesh,Kangra,17.7,25.8,21.8,33.0,52.5,18.4,29.2
2020-11-30,Haryana,Hisar,26.9,34.3,30.6,49.0,50.1,7.5,24.2
2015-08-17,Odisha,Bhubaneswar,25.2,38.9,32.0,85.8,69.5,16.0,23.3
2015-06-20,Haryana,Hisar,15.2,26.2,20.7,74.4,51.3,8.9,29.8
2015-10-22,Puducherry,Puducherry,14.9,26.9,20.9,73.2,69.7,17.9,23.7
2015-07-08,Bihar,Gaya,23.5,33.8,28.6,195.2,57.5,10.0,29.5
2016-03-01,Dadra and Nagar Haveli and Daman and Diu,Daman,20.6,31.2,25.9,44.3,68.9,13.0,22.2
2017-09-03,Assam,Tinsukia,10.1,22.7,16.4,381.8,73.0,16.0,26.6
2018-01-07,Jammu and Kashmir,Srinagar,16.2,23.8,20.0,51.2,75.7,7.3,26.9
2022-05-29,Odisha,Bhubaneswar,28.7,37.9,33.3,18.3,59.9,7.8,34.1
2017-07-07,Andaman and Nicobar Islands,Port Blair,24.9,32.1,28.5,270.9,45.4,8.1,25.7
2023-11-28,Jharkhand,Ranchi,24.8,32.7,28.8,73.6,58.0,10.7,29.3
2016-05-13,Kerala,Ernakulam,22.1,29.7,25.9,80.4,62.6,12.8,28.8
2019-12-27,Chandigarh,Chandigarh,16.6,30.8,23.7,9.9,78.5,12.8,28.4
2022-09-10,Chandigarh,Chandigarh,14.8,24.6,19.7,273.1,44.7,9.6,27.0
2017-05-15,Nagaland,Kohima,17.0,31.3,24.2,35.3,48.5,15.7,25.4
2017-04-05,Telangana,Nizamabad,23.4,33.7,28.6,15.1,49.7,8.9,33.9
2025-05-07,Lakshadweep,Kavaratti,17.7,31.0,24.4,8.8,44.1,13.5,33.4
2020-02-02,Himachal Pradesh,Mandi,1.1,29.6,15.4,67.6,74.9,5.1,24.1
2020-10-19,Telangana,Warangal,27.5,38.2,32.8,32.5,75.1,14.5,29.9
2021-04-14,Uttar Pradesh,Lucknow,14.0,33.8,23.9,28.3,62.4,8.9,28.8
2015-05-26,Assam,Dibrugarh,24.0,30.7,27.4,102.6,92.2,12.2,32.0
2019-06-30,Tamil Nadu,Madurai,26.0,34.8,30.4,176.4,78.3,16.3,26.2
2025-07-13,Karnataka,Hubli,26.7,33.6,30.2,217.6,49.6,15.4,21.3
2018-08-12,Jharkhand,Ranchi,18.5,29.5,24.0,249.2,62.4,14.1,24.7
2022-03-14,Ladakh,Leh,19.1,33.3,26.2,7.9,77.1,6.3,23.4
2016-04-14,Madhya Pradesh,Bhopal,17.4,32.8,25.1,24.5,38.8,8.7,34.9
2024-10-17,Andaman and Nicobar Islands,Port Blair,22.5,33.5,28.0,34.3,77.4,5.9,21.3
2015-07-12,Madhya Pradesh,Bhopal,15.4,34.3,24.8,56.7,43.4,10.7,28.0
2017-12-27,Uttar Pradesh,Varanasi,29.5,40.9,35.2,6.5,45.9,14.6,20.0
2021-12-16,Punjab,Ludhiana,23.7,38.5,31.1,8.5,47.2,9.5,29.5
2025-08-24,Chhattisgarh,Raipur,14.9,28.7,21.8,22.5,73.5,8.4,25.7
2015-02-21,Punjab,Patiala,23.5,33.1,28.3,6.4,66.0,10.5,24.7
2023-01-08,Maharashtra,Pune,27.8,37.6,32.7,47.4,64.3,6.4,24.8
2021-08-07,Maharashtra,Mumbai,23.1,37.1,30.1,408.0,79.3,20.9,30.0
2019-12-26,Haryana,Hisar,22.7,35.3,29.0,11.6,48.7,11.5,27.3
2023-02-12,Madhya Pradesh,Bhopal,16.0,39.3,27.6,17.1,49.3,19.2,23.4
2021-11-26,Telangana,Hyderabad,26.7,34.5,30.6,43.4,71.0,17.2,28.4
2020-02-13,Manipur,Imphal,11.5,32.3,21.9,15.2,50.9,19.6,21.4
2022-01-12,Andhra Pradesh,Guntur,22.5,31.7,27.1,62.4,59.6,17.4,22.1
2019-11-22,Sikkim,Gangtok,19.0,34.6,26.8,7.9,76.3,7.5,25.8
2018-12-25,Puducherry,Puducherry,10.7,26.7,18.7,48.1,72.3,11.2,29.2
2020-02-11,Assam,Cachar,15.6,21.9,18.8,73.3,70.7,11.7,22.0
2024-03-23,Uttar Pradesh,Kanpur,15.0,39.5,27.2,40.9,39.9,5.8,22.2
2024-08-07,Maharashtra,Mumbai,22.9,32.3,27.6,430.3,66.4,20.6,30.0
2025-04-25,Haryana,Gurgaon,12.3,28.1,20.2,36.7,50.5,9.9,33.2
2022-07-01,Meghalaya,Shillong,23.4,30.2,26.8,98.8,62.7,20.2,25.2
2023-12-14,Rajasthan,Udaipur,11.5,24.9,18.2,21.4,49.5,16.6,27.5
2023-10-05,Jharkhand,Ranchi,11.4,27.9,19.6,34.8,52.5,17.4,23.6
2022-01-23,Tripura,Agartala,12.7,29.7,21.2,14.5,51.8,11.7,21.4
2020-06-30,Sikkim,Gangtok,14.3,29.4,21.8,176.1,73.8,10.1,33.6
2018-12-05,Bihar,Patna,9.7,33.5,21.6,23.4,76.1,5.6,25.8
2017-04-19,Bihar,Gaya,8.3,33.0,20.6,12.2,69.1,17.1,34.0
2023-08-03,Chandigarh,Chandigarh,15.4,28.3,21.8,225.4,72.8,19.7,28.5
2025-04-23,Arunachal Pradesh,Itanagar,23.5,32.7,28.1,17.2,73.3,11.9,25.5
2015-08-29,Andaman and Nicobar Islands,Port Blair,19.4,32.1,25.8,148.2,60.3,16.2,22.5
2024-06-02,Ladakh,Leh,15.6,32.2,23.9,28.4,62.3,8.5,27.0
2016-06-19,Rajasthan,Jodhpur,19.3,28.2,23.8,137.3,54.8,10.3,33.9
2018-11-08,Rajasthan,Jodhpur,15.7,21.0,18.4,30.1,40.7,12.5,20.0
2024-08-03,Rajasthan,Udaipur,34.5,44.1,39.3,155.1,29.7,17.1,27.5
2015-03-24,Bihar,Patna,25.7,38.0,31.8,47.2,41.3,19.9,21.1
2017-09-08,Andhra Pradesh,Visakhapatnam,21.8,37.7,29.8,66.1,56.4,8.3,21.6
2025-09-07,Uttar Pradesh,Lucknow,22.8,32.9,27.8,49.7,43.2,19.3,25.6
2025-04-26,Arunachal Pradesh,Itanagar,17.1,22.7,19.9,40.8,59.3,11.6,29.9
2017-08-08,Himachal Pradesh,Shimla,1.5,28.4,15.0,119.6,66.1,13.4,23.3
2025-09-04,Nagaland,Kohima,20.9,29.7,25.3,192.4,51.0,12.0,22.0
2016-09-02,Karnataka,Hubli,21.0,26.8,23.9,68.0,78.4,12.2,25.4
2016-07-27,Tripura,Agartala,17.4,30.4,23.9,201.4,54.7,10.0,21.8
2021-05-22,Uttar Pradesh,Kanpur,14.7,32.2,23.5,38.8,76.6,9.6,26.1
2017-09-15,Ladakh,Leh,18.1,23.9,21.0,66.4,62.2,21.9,22.0
2024-11-14,Jammu and Kashmir,Srinagar,7.2,20.1,13.6,72.0,69.4,10.0,22.7
2016-04-03,Assam,Cachar,17.8,27.5,22.6,102.1,78.7,5.5,25.7
2023-12-28,Jammu and Kashmir,Srinagar,2.7,22.2,12.4,73.5,58.1,7.2,26.1
2020-12-13,Sikkim,Gangtok,19.4,32.4,25.9,54.7,67.5,15.9,28.2
2024-07-16,Haryana,Gurgaon,27.4,32.4,29.9,139.9,67.6,19.4,20.8
2019-03-03,Manipur,Imphal,21.0,28.3,24.6,17.9,48.1,19.6,26.6
2021-10-08,Gujarat,Rajkot,31.6,41.2,36.4,46.6,52.2,10.2,27.4
2022-02-14,Odisha,Bhubaneswar,15.3,33.0,24.2,96.1,79.6,7.8,21.3
2022-04-11,Mizoram,Aizawl,22.4,27.8,25.1,74.7,58.7,18.9,33.1
2020-06-07,Andhra Pradesh,Krishna,27.0,33.6,30.3,62.3,69.7,10.8,33.3
2019-04-16,Andaman and Nicobar Islands,Port Blair,11.0,26.0,18.5,34.5,77.0,18.5,32.2
2023-11-04,Madhya Pradesh,Bhopal,26.6,38.9,32.8,42.1,69.9,16.0,29.5
2020-11-29,Andaman and Nicobar Islands,Port Blair,16.6,35.0,25.8,48.0,76.2,6.4,26.1
2021-09-15,Goa,North Goa,24.9,30.2,27.6,285.2,45.8,22.9,22.9
2025-06-27,Chhattisgarh,Raipur,21.9,27.1,24.5,100.3,64.1,11.4,32.6
2015-05-02,Puducherry,Puducherry,20.1,34.9,27.5,45.9,70.7,6.1,25.4
2015-09-30,Karnataka,Bangalore,23.8,37.9,30.8,136.8,40.1,13.1,27.4
2018-08-10,Himachal Pradesh,Kangra,16.0,28.0,22.0,61.0,70.8,9.2,29.9
2016-02-02,Himachal Pradesh,Mandi,7.4,24.6,16.0,41.5,49.6,14.2,20.2
2021-11-23,Haryana,Gurgaon,17.6,23.3,20.5,30.6,48.3,18.4,29.7
2017-09-11,Assam,Dibrugarh,19.8,26.7,23.2,361.8,60.1,19.5,20.4
2018-05-15,Madhya Pradesh,Bhopal,27.8,35.2,31.5,18.8,33.6,15.3,28.7
2018-02-07,Odisha,Bhubaneswar,16.3,27.3,21.8,93.0,51.2,15.0,25.0
2024-08-12,Puducherry,Puducherry,19.0,28.3,23.6,154.8,70.4,15.2,23.8
2018-07-25,Lakshadweep,Kavaratti,14.1,26.3,20.2,181.2,55.0,21.5,30.0
2024-12-18,Meghalaya,Shillong,13.1,29.0,21.0,19.4,61.6,10.9,22.5
2020-03-25,Ladakh,Leh,15.1,21.9,18.5,10.6,58.0,17.2,26.8
2022-03-01,Nagaland,Kohima,18.9,28.6,23.8,37.8,40.9,19.1,23.1
2019-02-14,Maharashtra,Mumbai,29.0,38.3,33.6,74.6,60.0,9.8,26.4
2025-08-10,Chandigarh,Chandigarh,24.6,33.9,29.2,129.5,59.3,15.0,22.6
2023-09-21,Arunachal Pradesh,Itanagar,22.7,32.8,27.8,187.3,57.3,11.6,26.4
2020-03-31,Madhya Pradesh,Bhopal,15.2,20.4,17.8,8.7,57.8,10.7,22.1
2023-01-23,Uttarakhand,Dehradun,13.6,26.7,20.2,68.4,50.8,14.8,28.3
2017-03-30,Mizoram,Aizawl,17.3,22.6,20.0,60.7,75.2,5.5,21.2
2022-12-10,Dadra and Nagar Haveli and Daman and Diu,Daman,11.3,20.4,15.8,39.7,41.3,7.5,24.1
2024-09-18,Manipur,Imphal,19.5,34.1,26.8,252.4,42.2,22.5,22.7
2022-07-20,Punjab,Ludhiana,14.1,20.7,17.4,188.5,51.8,15.7,20.2
2020-05-10,Chhattisgarh,Raipur,10.1,28.7,19.4,38.8,60.3,14.8,26.5
2021-06-26,Gujarat,Rajkot,32.0,37.4,34.7,68.2,57.8,15.7,26.0
2015-06-28,Nagaland,Kohima,21.6,34.8,28.2,152.5,50.1,9.6,27.1
2017-06-15,Karnataka,Belgaum,21.1,28.3,24.7,286.4,41.0,14.1,28.7
2021-03-16,Lakshadweep,Kavaratti,23.2,30.1,26.6,45.8,40.2,18.8,26.4
2022-10-07,Uttarakhand,Dehradun,21.9,31.5,26.7,62.1,43.4,15.7,21.5
2020-05-26,Uttar Pradesh,Varanasi,20.6,41.8,31.2,14.9,42.8,8.2,29.1
2019-04-01,West Bengal,Kolkata,18.8,26.1,22.5,13.2,63.7,10.7,28.8
2016-05-06,Arunachal Pradesh,Itanagar,20.0,29.5,24.8,12.6,77.3,15.5,27.1
2015-03-02,Punjab,Ludhiana,28.4,39.9,34.2,13.9,45.2,6.0,24.8
2017-12-13,Bihar,Muzaffarpur,25.3,39.1,32.2,45.4,53.0,13.6,21.2
2019-08-31,Madhya Pradesh,Bhopal,28.4,37.9,33.2,236.1,46.0,17.8,23.4
2022-01-29,Telangana,Nizamabad,19.8,36.3,28.0,53.7,71.2,19.7,29.9
2022-12-05,Andaman and Nicobar Islands,Port Blair,23.9,34.4,29.2,26.1,58.7,5.7,26.8
2023-04-24,Ladakh,Leh,18.2,31.5,24.8,52.7,50.9,11.9,26.1
2015-03-06,Arunachal Pradesh,Itanagar,11.3,24.9,18.1,43.9,52.8,5.9,26.6
2025-01-31,Nagaland,Kohima,20.2,28.3,24.2,5.1,65.4,6.1,22.2
2016-08-08,Haryana,Hisar,11.2,22.5,16.8,131.0,33.2,17.7,24.8
2019-09-24,Manipur,Imphal,15.2,29.1,22.2,264.6,61.8,10.3,25.6
2021-01-27,Mizoram,Aizawl,16.8,34.2,25.5,46.5,41.4,6.8,25.3
2024-02-27,Tamil Nadu,Coimbatore,26.4,32.0,29.2,60.9,65.8,10.4,20.8
2025-04-28,Arunachal Pradesh,Itanagar,23.2,33.4,28.3,69.5,46.7,13.6,25.2
2016-06-18,Goa,North Goa,12.7,31.4,22.0,100.3,47.9,16.1,31.6
2024-06-24,Andaman and Nicobar Islands,Port Blair,19.2,25.3,22.2,280.5,47.1,21.9,29.8
2022-07-03,Uttarakhand,Dehradun,11.5,19.2,15.4,140.6,79.9,21.3,29.8
2024-04-21,Puducherry,Puducherry,16.8,30.8,23.8,41.3,41.2,7.1,27.9
2020-11-25,Nagaland,Kohima,14.7,30.3,22.5,55.5,58.0,10.7,21.8
2020-02-14,Jharkhand,Ranchi,10.6,27.0,18.8,29.4,59.1,18.5,26.7
2023-11-08,Mizoram,Aizawl,21.7,28.2,25.0,5.1,45.4,16.5,24.4
2022-11-01,Madhya Pradesh,Bhopal,14.7,41.1,27.9,31.8,44.8,19.7,21.3
2017-10-01,Uttarakhand,Dehradun,19.0,32.2,25.6,70.9,73.4,9.3,22.6
2021-11-04,Arunachal Pradesh,Itanagar,11.5,19.6,15.6,56.1,51.6,11.6,26.9
2018-05-14,Puducherry,Puducherry,20.0,32.9,26.4,9.1,62.9,18.4,28.7
2022-03-22,Dadra and Nagar Haveli and Daman and Diu,Daman,12.9,19.1,16.0,70.8,40.2,16.9,22.6
2017-11-05,Tamil Nadu,Madurai,21.9,28.6,25.2,27.4,68.0,18.1,23.7
2015-11-23,Gujarat,Vadodara,27.7,35.0,31.4,45.7,66.6,6.6,28.4
2016-08-30,Delhi,New Delhi,20.5,29.2,24.8,253.7,76.1,15.4,25.1
2022-05-30,Kerala,Thrissur,24.1,30.5,27.3,34.6,75.9,9.8,26.2
2015-01-02,Kerala,Ernakulam,22.4,29.0,25.7,67.2,73.1,19.3,24.9
2017-10-30,Odisha,Bhubaneswar,28.7,37.1,32.9,24.2,79.5,5.2,25.6
2021-10-17,Himachal Pradesh,Shimla,6.8,19.8,13.3,61.8,40.2,7.7,28.1
2015-05-05,Jharkhand,Ranchi,18.2,26.2,22.2,39.8,56.1,16.5,32.6
2018-01-09,Mizoram,Aizawl,16.9,25.5,21.2,5.8,58.9,13.9,26.1
2021-12-07,Jharkhand,Ranchi,23.0,31.3,27.2,55.4,45.1,16.5,24.5
2022-05-23,Kerala,Kozhikode,24.1,34.0,29.0,56.7,80.0,6.8,26.1
2020-02-05,Manipur,Imphal,14.3,21.4,17.8,36.7,74.7,6.1,23.6
2018-03-19,Dadra and Nagar Haveli and Daman and Diu,Daman,13.1,25.9,19.5,49.4,74.1,5.4,25.7
2022-10-18,Manipur,Imphal,20.3,26.6,23.5,70.6,43.2,9.8,22.4
2022-12-30,West Bengal,Howrah,11.2,31.5,21.4,68.8,67.1,8.0,24.4
2024-05-04,Bihar,Purnia,27.8,35.4,31.6,43.1,77.1,15.4,25.4
2015-05-09,Ladakh,Leh,15.0,34.6,24.8,65.6,75.3,19.0,31.3
2016-03-13,Andhra Pradesh,Visakhapatnam,27.8,37.5,32.6,44.3,65.6,5.2,22.3
2017-01-20,Puducherry,Puducherry,10.4,24.2,17.3,55.5,77.5,5.2,24.9
2021-12-23,Mizoram,Aizawl,20.5,31.8,26.2,57.7,73.8,18.7,21.8
2023-07-27,Delhi,New Delhi,24.3,33.9,29.1,272.0,53.7,23.0,20.1
2018-05-06,Rajasthan,Jodhpur,31.8,42.4,37.1,7.7,53.3,16.9,30.4
2021-03-08,Uttar Pradesh,Varanasi,22.1,29.0,25.6,30.2,32.0,13.7,24.5
2017-06-20,Ladakh,Leh,11.3,24.0,17.6,142.6,69.5,8.8,31.1
2020-09-23,Chhattisgarh,Raipur,17.7,26.1,21.9,228.4,62.5,15.8,29.5
2023-09-04,Delhi,New Delhi,22.2,28.8,25.5,128.6,66.5,16.3,24.3
2018-07-26,Andhra Pradesh,Chittoor,29.8,35.7,32.8,128.0,61.9,9.0,24.7
2022-01-26,Goa,North Goa,17.9,26.1,22.0,72.3,61.4,13.7,28.9
2018-12-04,Arunachal Pradesh,Itanagar,14.1,29.2,21.6,36.4,54.9,10.7,20.2
2021-11-13,Chhattisgarh,Raipur,22.3,31.8,27.0,70.3,73.8,19.8,20.3
2016-01-26,Uttar Pradesh,Kanpur,22.5,41.3,31.9,47.3,45.9,6.7,26.7
2025-09-23,Madhya Pradesh,Bhopal,24.5,33.2,28.8,197.2,55.3,14.2,24.7
2017-12-03,Kerala,Thrissur,22.7,31.6,27.2,87.8,88.3,12.6,27.8
2015-01-27,Chhattisgarh,Raipur,19.2,26.6,22.9,8.5,68.1,17.0,28.7
2022-10-12,Arunachal Pradesh,Itanagar,20.3,29.5,24.9,39.5,70.4,7.7,24.5
2023-09-04,Bihar,Patna,9.2,16.9,13.0,100.0,65.2,21.8,23.6
2023-04-11,Uttarakhand,Dehradun,17.5,29.6,23.6,24.9,67.6,8.2,26.9
2016-07-01,Jharkhand,Ranchi,13.1,26.2,19.6,90.1,57.3,13.7,28.3
2022-04-22,Madhya Pradesh,Bhopal,14.8,26.6,20.7,57.4,39.8,17.0,26.4
2016-07-20,Arunachal Pradesh,Itanagar,18.8,24.8,21.8,134.8,78.2,17.6,22.1
2016-12-04,Uttar Pradesh,Lucknow,26.8,38.5,32.6,56.0,41.4,6.8,26.3
2018-05-27,Manipur,Imphal,23.7,33.6,28.6,33.8,57.3,10.0,34.2
2015-07-04,Jharkhand,Ranchi,22.2,29.3,25.8,109.8,69.6,14.4,26.1
2023-08-07,Sikkim,Gangtok,12.3,31.9,22.1,175.8,73.0,18.7,24.3
2025-09-05,Tripura,Agartala,20.2,25.8,23.0,142.1,57.4,14.3,21.2
2023-10-07,Manipur,Imphal,17.3,32.0,24.6,27.6,72.7,13.8,27.2
2019-05-10,Madhya Pradesh,Bhopal,29.7,38.2,34.0,51.5,35.6,16.7,33.3
2020-03-28,Haryana,Hisar,27.6,33.2,30.4,10.3,30.9,12.6,21.9
2025-01-28,Rajasthan,Udaipur,24.2,43.3,33.8,14.8,20.2,18.3,26.2
2017-04-27,Rajasthan,Jaipur,15.0,37.3,26.2,26.2,35.2,8.2,34.9
2016-08-21,Sikkim,Gangtok,19.6,24.6,22.1,55.2,49.9,20.2,24.7
2017-03-16,Delhi,New Delhi,10.9,21.0,16.0,73.7,70.7,5.1,28.4
2025-02-19,Uttarakhand,Dehradun,12.9,23.6,18.2,13.3,40.4,12.6,22.9
2025-05-19,Sikkim,Gangtok,15.4,22.9,19.2,61.5,46.9,12.8,29.7
2018-09-19,Chandigarh,Chandigarh,23.8,34.9,29.4,273.6,69.3,14.5,21.3
2023-10-31,Himachal Pradesh,Kangra,17.4,27.8,22.6,18.6,43.5,15.1,29.1
2024-11-27,Jammu and Kashmir,Srinagar,4.3,17.8,11.0,72.7,77.8,15.5,24.7
2020-10-27,Nagaland,Kohima,15.6,26.2,20.9,40.3,67.5,12.7,22.3
2022-03-11,Chhattisgarh,Raipur,21.3,30.2,25.8,45.1,71.0,10.8,29.3
2020-02-22,Uttarakhand,Dehradun,17.7,31.4,24.5,57.9,54.6,8.9,29.2
2021-09-26,Goa,North Goa,14.7,21.4,18.0,158.8,73.0,12.2,24.9
2016-06-29,Lakshadweep,Kavaratti,15.4,20.8,18.1,58.5,71.9,22.0,25.0
2019-06-21,Haryana,Gurgaon,26.5,37.7,32.1,143.3,47.2,13.0,29.1
2021-01-25,Rajasthan,Udaipur,25.0,44.2,34.6,10.3,58.9,8.5,28.5
2022-06-21,Nagaland,Kohima,19.9,32.4,26.2,252.8,40.5,18.9,35.0
2025-03-23,Maharashtra,Nashik,23.9,34.9,29.4,22.2,55.3,14.2,21.2
2022-03-15,Manipur,Imphal,15.0,25.2,20.1,61.9,61.5,13.3,22.8
2022-01-06,Uttar Pradesh,Kanpur,13.5,29.1,21.3,49.9,45.8,9.8,25.7
2024-04-08,Lakshadweep,Kavaratti,22.6,31.3,27.0,14.0,76.6,12.1,32.7
2020-09-10,West Bengal,Kolkata,10.8,34.4,22.6,66.8,88.7,21.4,22.7
2021-05-23,Lakshadweep,Kavaratti,13.4,31.4,22.4,15.6,74.7,5.5,31.5
2022-03-26,Madhya Pradesh,Bhopal,15.7,38.6,27.2,25.7,47.3,7.2,26.3
2023-07-12,Manipur,Imphal,17.1,22.2,19.6,224.6,45.1,15.9,25.4
2020-04-10,Nagaland,Kohima,14.5,23.0,18.8,26.8,55.9,19.0,31.7
2016-09-08,Goa,North Goa,24.5,30.0,27.2,32.7,42.3,20.9,28.3
2023-05-31,Karnataka,Belgaum,22.4,32.0,27.2,48.5,82.5,8.9,32.2
2024-12-23,Lakshadweep,Kavaratti,11.6,21.4,16.5,46.9,63.9,13.3,21.2
2021-05-06,Punjab,Ludhiana,23.9,36.8,30.4,35.6,35.2,8.3,34.1
2018-04-18,Delhi,New Delhi,17.2,27.5,22.4,66.1,51.8,17.4,29.4
2019-10-26,Haryana,Faridabad,20.5,30.8,25.6,46.2,34.2,8.3,22.0
2022-01-09,Jammu and Kashmir,Srinagar,5.2,19.2,12.2,17.6,41.6,13.5,25.0
2023-09-10,Chhattisgarh,Raipur,15.1,22.6,18.8,52.9,75.6,14.5,29.5
2023-06-09,Jammu and Kashmir,Srinagar,6.5,22.8,14.6,187.5,46.5,15.4,29.8
2022-03-15,Maharashtra,Mumbai,24.1,32.4,28.2,37.9,58.5,18.8,25.7
2023-08-28,Rajasthan,Jaipur,21.7,30.3,26.0,148.9,46.4,22.8,21.7
2015-08-14,Telangana,Nizamabad,22.7,31.8,27.2,126.4,41.3,16.1,26.1
2016-10-31,Mizoram,Aizawl,10.7,32.7,21.7,19.1,45.9,7.7,24.2
2019-10-30,Nagaland,Kohima,11.2,31.7,21.4,52.6,58.9,12.5,24.1
2017-07-05,Puducherry,Puducherry,20.7,34.6,27.6,175.0,62.5,15.8,29.1
2020-12-13,Kerala,Thrissur,23.9,34.2,29.0,98.1,80.9,14.8,24.4
2023-03-23,Meghalaya,Shillong,12.1,24.7,18.4,66.0,66.2,19.2,22.8
2023-12-25,Bihar,Muzaffarpur,18.4,35.7,27.0,18.6,43.9,16.3,26.7
2023-09-04,Tripura,Agartala,17.2,23.1,20.2,195.7,66.7,12.5,20.9
2020-10-22,Puducherry,Puducherry,17.6,28.6,23.1,25.7,62.6,14.1,29.2
2025-02-15,West Bengal,Howrah,23.9,36.3,30.1,31.4,68.3,8.1,21.9
2018-04-29,Karnataka,Hubli,23.1,30.9,27.0,29.3,72.7,5.5,32.5
2019-09-02,Madhya Pradesh,Bhopal,29.8,39.9,34.8,62.5,59.4,15.5,26.4
2020-01-17,Dadra and Nagar Haveli and Daman and Diu,Daman,15.9,23.6,19.8,6.6,69.6,11.4,22.4
2020-06-06,Tripura,Agartala,19.3,32.8,26.0,168.1,70.5,13.1,31.5
2025-05-15,Jharkhand,Ranchi,19.2,26.1,22.6,56.7,70.4,14.9,28.8
2015-02-25,Telangana,Warangal,24.6,34.2,29.4,10.2,40.5,8.0,29.1
2016-12-20,Andhra Pradesh,Guntur,26.3,34.7,30.5,49.5,51.9,6.6,20.8
2022-02-13,Tripura,Agartala,22.3,35.0,28.6,20.6,59.3,7.0,28.8
2020-09-10,West Bengal,Kolkata,12.8,28.4,20.6,307.4,69.2,8.9,26.9
2024-11-07,Ladakh,Leh,23.3,28.9,26.1,56.0,72.8,7.4,29.9
2016-07-27,Nagaland,Kohima,14.5,24.3,19.4,178.9,72.8,14.9,25.5
2016-10-28,Goa,North Goa,19.3,32.8,26.0,50.3,46.8,14.0,22.1
2015-10-11,Arunachal Pradesh,Itanagar,16.5,33.2,24.8,13.7,54.5,13.4,28.7
2019-10-11,Assam,Dibrugarh,21.7,30.2,26.0,87.4,89.6,18.2,25.3
2025-09-08,Haryana,Karnal,10.0,27.5,18.8,186.8,54.4,19.6,20.2
2024-10-05,Dadra and Nagar Haveli and Daman and Diu,Daman,19.5,30.8,25.2,38.0,67.2,18.0,29.3
2021-02-12,Odisha,Bhubaneswar,18.9,32.0,25.4,37.1,64.7,12.5,27.9
2016-05-12,Goa,North Goa,23.7,32.4,28.0,74.5,62.7,17.1,26.4
2019-01-05,Maharashtra,Mumbai,18.1,23.6,20.8,112.6,43.4,14.2,25.8
2015-05-10,Assam,Kamrup,21.7,29.3,25.5,69.2,72.4,7.5,27.1
2016-09-30,Andhra Pradesh,Chittoor,22.0,28.9,25.4,240.5,68.3,16.5,26.8
2024-03-17,Chandigarh,Chandigarh,15.2,31.0,23.1,24.1,72.7,14.2,28.2
2020-12-01,Odisha,Bhubaneswar,15.8,37.0,26.4,19.1,73.4,8.4,20.5
2023-12-15,Odisha,Bhubaneswar,18.9,30.4,24.6,23.0,53.5,19.9,20.8
2020-08-22,Himachal Pradesh,Kangra,3.8,14.2,9.0,122.5,45.3,20.6,29.2
2024-02-25,Gujarat,Ahmedabad,24.3,36.5,30.4,49.7,65.4,11.1,27.6
2025-01-20,Gujarat,Rajkot,19.5,25.4,22.4,6.0,51.6,12.5,21.5
2023-12-31,Himachal Pradesh,Shimla,17.1,26.7,21.9,34.8,60.2,6.5,29.0
2021-10-27,Bihar,Patna,14.4,23.0,18.7,37.7,51.2,9.6,28.2
2025-07-28,Tripura,Agartala,18.2,34.2,26.2,286.1,79.7,10.0,29.0
2024-10-23,Kerala,Kozhikode,22.9,32.4,27.6,134.7,62.8,7.3,27.3
2021-10-30,Goa,North Goa,15.2,29.9,22.5,13.0,78.9,12.5,28.7
2017-09-12,Nagaland,Kohima,20.1,34.5,27.3,179.7,52.3,17.2,30.0
2017-09-19,Rajasthan,Jodhpur,30.4,39.8,35.1,132.5,48.1,22.1,23.6
2022-07-25,Manipur,Imphal,10.6,17.3,14.0,234.9,67.7,19.0,26.7
2020-10-22,Assam,Tinsukia,16.9,22.8,19.8,129.4,66.3,19.8,22.1
2022-01-28,Arunachal Pradesh,Itanagar,11.3,23.3,17.3,27.8,79.1,10.9,20.5
2015-04-11,Bihar,Purnia,29.7,38.9,34.3,74.9,52.7,6.8,29.0
2021-02-01,Lakshadweep,Kavaratti,12.1,19.7,15.9,68.2,79.8,19.9,24.4
2016-03-02,Arunachal Pradesh,Itanagar,13.6,21.4,17.5,31.7,64.0,16.2,25.2
2023-09-24,Andaman and Nicobar Islands,Port Blair,22.6,34.4,28.5,268.0,54.8,22.3,29.2
2023-11-12,Arunachal Pradesh,Itanagar,16.2,27.0,21.6,10.5,77.5,6.3,24.9
2015-02-10,Puducherry,Puducherry,20.8,33.9,27.4,45.0,67.3,15.7,20.2
2016-03-04,Uttarakhand,Dehradun,24.1,31.2,27.6,17.4,58.9,16.0,28.3
2015-12-10,Nagaland,Kohima,20.8,29.5,25.2,52.7,57.3,19.8,30.0
2024-07-27,Ladakh,Leh,13.7,26.6,20.2,181.4,65.4,14.5,25.2
2016-01-01,Odisha,Bhubaneswar,23.3,32.8,28.0,38.8,72.2,11.6,29.7
2023-09-27,Uttarakhand,Dehradun,15.6,23.4,19.5,139.5,66.3,14.6,22.9
2016-08-31,Punjab,Amritsar,17.4,30.3,23.8,189.9,30.8,13.9,23.4
2022-05-28,Rajasthan,Jaipur,15.6,33.9,24.8,25.5,20.4,15.1,28.8
2016-12-28,Tamil Nadu,Coimbatore,27.4,36.6,32.0,56.2,83.3,15.3,28.1
2021-03-26,Chandigarh,Chandigarh,24.3,34.4,29.4,9.9,48.4,14.4,21.6
2017-04-04,Tripura,Agartala,17.0,28.2,22.6,37.4,72.9,12.3,33.7
2023-10-07,Dadra and Nagar Haveli and Daman and Diu,Daman,21.6,32.0,26.8,45.5,49.3,16.5,28.0
2018-10-07,Uttarakhand,Dehradun,17.3,25.1,21.2,58.2,72.0,13.5,27.0
2017-06-07,Puducherry,Puducherry,21.6,29.0,25.3,99.2,68.3,15.7,30.1
2020-08-05,Haryana,Gurgaon,29.0,38.8,33.9,66.1,46.3,20.5,20.7
2018-09-03,Odisha,Bhubaneswar,19.8,30.0,24.9,180.5,59.1,17.6,24.0
2023-04-20,Uttar Pradesh,Lucknow,19.6,29.3,24.5,52.4,40.3,18.2,26.8
2025-03-09,West Bengal,Howrah,16.7,34.4,25.5,66.7,59.5,15.0,21.3
2022-11-23,Bihar,Purnia,12.7,23.4,18.0,48.0,62.1,12.8,21.0
2024-05-01,Dadra and Nagar Haveli and Daman and Diu,Daman,21.7,27.8,24.8,70.7,42.6,18.2,28.0
2018-07-20,Meghalaya,Shillong,20.5,28.7,24.6,221.6,59.2,15.9,27.2
2015-04-27,Jharkhand,Ranchi,12.0,21.8,16.9,63.9,71.6,19.9,25.2
2022-11-05,Jharkhand,Ranchi,12.1,23.1,17.6,53.5,52.6,10.2,22.3
2021-08-12,Himachal Pradesh,Mandi,18.2,26.9,22.5,81.5,63.3,10.4,22.7
2018-01-22,Ladakh,Leh,20.4,32.7,26.6,35.3,46.7,8.2,25.4
2015-06-17,Ladakh,Leh,18.8,33.5,26.2,95.1,64.5,8.0,29.7
2023-03-21,Odisha,Bhubaneswar,21.0,27.7,24.4,90.2,53.8,9.0,27.3
2019-10-05,Odisha,Bhubaneswar,17.7,24.0,20.8,97.2,60.3,5.9,21.4
2018-09-26,Kerala,Thrissur,22.7,34.7,28.7,108.0,83.8,19.7,25.0
2022-06-01,Madhya Pradesh,Bhopal,30.5,35.6,33.0,128.9,40.1,19.4,26.7
2016-11-25,Tripura,Agartala,23.1,30.9,27.0,14.5,41.4,15.3,29.3
2017-07-13,Ladakh,Leh,24.5,34.3,29.4,129.1,76.2,17.7,20.6
2015-06-01,Tripura,Agartala,12.6,24.3,18.4,105.7,53.4,19.0,25.6
2016-08-08,West Bengal,Darjeeling,20.9,30.0,25.4,445.9,52.3,22.6,20.8
2017-07-01,Chandigarh,Chandigarh,16.5,33.1,24.8,110.1,74.0,22.4,21.2
2021-05-10,Chhattisgarh,Raipur,17.2,25.2,21.2,58.7,44.3,16.6,31.8
2019-04-27,Mizoram,Aizawl,19.5,29.1,24.3,40.1,44.0,9.0,34.1
2016-05-10,Nagaland,Kohima,16.6,27.0,21.8,8.3,75.4,16.3,25.9
2025-05-23,Rajasthan,Jaipur,13.8,22.0,17.9,27.0,26.4,19.9,30.7
2020-11-18,Sikkim,Gangtok,23.1,33.1,28.1,6.7,56.8,10.4,29.5
2016-07-10,Goa,North Goa,15.1,30.3,22.7,185.1,69.5,8.9,29.3
2018-01-10,Meghalaya,Shillong,24.9,32.7,28.8,16.5,74.8,14.7,26.2
2019-04-02,Arunachal Pradesh,Itanagar,23.3,33.2,28.2,69.4,78.3,10.2,27.0
2020-10-21,Andhra Pradesh,Krishna,23.9,39.6,31.8,22.4,67.7,6.3,28.3
2023-06-13,Chandigarh,Chandigarh,20.0,30.2,25.1,196.4,44.7,20.9,28.4
2024-08-05,Tamil Nadu,Coimbatore,21.4,26.6,24.0,61.9,73.5,18.8,21.5
2015-06-06,Andhra Pradesh,Chittoor,26.1,35.4,30.8,283.7,70.0,15.8,27.8
2017-01-04,Odisha,Bhubaneswar,21.9,30.1,26.0,71.1,70.8,9.4,20.1
2020-12-19,Assam,Tinsukia,24.7,30.0,27.4,93.4,89.8,14.3,25.9
2024-05-02,Arunachal Pradesh,Itanagar,20.7,28.6,24.6,32.3,43.4,5.1,27.6
2023-05-25,Mizoram,Aizawl,22.2,32.0,27.1,14.8,57.1,5.3,33.0
2018-11-28,West Bengal,Kolkata,18.3,27.4,22.8,98.3,88.8,11.0,27.7
2024-06-09,Nagaland,Kohima,14.8,31.3,23.0,290.2,66.0,11.6,31.9
2016-07-12,Delhi,New Delhi,22.7,30.6,26.6,194.2,50.1,14.8,21.7
2020-11-24,Manipur,Imphal,22.5,28.2,25.4,8.9,61.4,13.7,29.2
2025-02-08,Sikkim,Gangtok,13.0,31.2,22.1,50.1,69.7,7.4,24.5
2021-05-01,Uttarakhand,Dehradun,15.3,30.6,23.0,46.5,78.7,7.1,29.7
2023-12-21,Lakshadweep,Kavaratti,20.4,28.9,24.6,69.6,74.1,18.1,26.1
2023-08-17,Odisha,Bhubaneswar,22.1,31.8,27.0,83.1,83.2,12.0,28.0
2015-06-04,West Bengal,Darjeeling,10.2,23.9,17.0,302.7,62.6,10.9,25.7
2025-07-21,West Bengal,Howrah,27.8,37.4,32.6,183.7,50.6,16.1,23.2
2023-04-24,Jharkhand,Ranchi,11.7,31.2,21.4,28.7,78.9,15.6,33.4
2017-09-23,Punjab,Ludhiana,20.5,33.6,27.0,97.0,33.3,19.1,23.4
2021-04-13,Tripura,Agartala,13.0,19.9,16.4,10.5,59.0,17.6,26.3
2016-06-14,Rajasthan,Jodhpur,22.9,34.4,28.6,91.0,22.3,16.0,30.5
2022-12-15,Maharashtra,Pune,28.4,34.7,31.6,103.7,73.8,18.7,29.1
2020-05-25,Sikkim,Gangtok,21.5,34.4,28.0,23.1,46.2,9.2,33.4
2022-01-29,Uttar Pradesh,Kanpur,13.5,37.7,25.6,25.5,70.0,17.7,26.8
2016-12-29,Karnataka,Hubli,27.8,36.6,32.2,32.1,84.3,15.3,24.4
2018-03-23,Gujarat,Ahmedabad,23.4,38.8,31.1,38.9,63.6,8.6,29.5
2015-06-03,Mizoram,Aizawl,13.9,26.6,20.2,79.2,57.4,17.7,29.9
2025-04-15,Nagaland,Kohima,13.7,25.0,19.4,46.6,75.9,11.4,30.7
2015-04-02,Gujarat,Vadodara,30.5,41.0,35.8,13.3,44.5,16.8,32.3
2024-08-05,Punjab,Ludhiana,24.2,30.9,27.6,102.8,57.8,14.1,25.6
2021-07-13,Karnataka,Hubli,25.6,34.3,30.0,259.7,55.4,13.5,21.9
2019-02-12,Meghalaya,Shillong,24.9,33.0,29.0,18.6,46.6,8.4,27.2
2019-09-13,Uttarakhand,Dehradun,17.5,29.2,23.4,214.9,69.2,19.2,20.8
2023-10-08,Karnataka,Hubli,26.3,32.5,29.4,67.1,50.1,17.4,27.7
2021-11-02,Meghalaya,Shillong,12.6,27.2,19.9,55.5,46.8,7.2,23.8
2020-07-09,Tamil Nadu,Coimbatore,27.3,32.7,30.0,169.2,78.2,13.2,20.6
2022-10-28,Kerala,Thrissur,23.9,34.7,29.3,97.5,84.4,5.2,26.6
2017-02-25,Assam,Tinsukia,12.3,29.7,21.0,96.3,67.8,13.8,26.8
2015-09-30,Arunachal Pradesh,Itanagar,23.5,34.3,28.9,282.2,73.6,16.1,28.5
2020-07-20,Telangana,Warangal,26.7,37.8,32.2,80.2,47.2,10.7,22.1
2022-03-20,Andaman and Nicobar Islands,Port Blair,16.3,25.6,21.0,8.4,69.0,11.0,20.8
2015-06-26,Puducherry,Puducherry,21.8,27.0,24.4,176.8,70.3,13.6,30.7
2025-04-25,Punjab,Patiala,6.3,18.1,12.2,34.9,61.6,6.7,34.7
2022-11-18,Nagaland,Kohima,15.9,33.9,24.9,42.8,65.8,7.6,28.8
2016-10-04,Maharashtra,Mumbai,19.0,39.8,29.4,55.1,47.4,14.1,28.7
2020-03-13,Nagaland,Kohima,16.0,21.1,18.6,66.1,63.3,6.4,29.1
2023-07-18,Arunachal Pradesh,Itanagar,21.6,31.1,26.4,145.1,68.2,13.4,26.5
2016-07-20,Andhra Pradesh,Guntur,21.5,28.4,25.0,120.9,76.6,20.8,24.9
2016-10-27,Punjab,Patiala,19.6,34.3,27.0,21.8,58.1,14.1,23.5
2024-05-19,Puducherry,Puducherry,14.3,34.7,24.5,24.9,47.0,17.5,33.1
2025-05-11,Karnataka,Mysore,20.4,36.1,28.2,92.0,54.9,9.9,26.3
2018-08-24,Uttarakhand,Dehradun,19.2,31.7,25.4,40.5,48.4,12.1,24.5
2022-12-25,Tamil Nadu,Coimbatore,26.6,33.0,29.8,82.7,81.1,8.0,29.9
2025-02-18,Assam,Kamrup,17.8,29.5,23.6,102.0,88.1,14.8,27.3
2019-12-04,Kerala,Ernakulam,23.3,32.3,27.8,55.9,70.9,14.5,20.4
2017-12-05,Chandigarh,Chandigarh,18.7,29.9,24.3,18.1,77.3,6.3,20.5
2021-06-07,Dadra and Nagar Haveli and Daman and Diu,Daman,22.9,33.9,28.4,130.9,79.0,22.6,26.2
2022-12-25,Tamil Nadu,Coimbatore,23.8,29.3,26.6,42.2,52.5,7.4,28.9
2023-02-07,Andhra Pradesh,Visakhapatnam,28.4,39.1,33.8,12.1,67.1,16.6,26.9
2016-02-12,Punjab,Ludhiana,17.5,24.6,21.0,39.8,65.6,9.0,25.4
2018-04-27,Goa,North Goa,17.4,31.6,24.5,69.8,58.1,11.9,27.3
2022-11-09,Karnataka,Belgaum,19.8,25.3,22.6,83.6,58.1,6.1,25.5
2020-01-28,Jammu and Kashmir,Srinagar,6.7,29.5,18.1,39.1,44.1,14.6,27.9
2018-02-26,Bihar,Gaya,20.8,36.8,28.8,29.5,61.3,17.4,20.8
2022-02-21,Andaman and Nicobar Islands,Port Blair,13.9,29.0,21.4,40.4,70.8,7.7,28.5
2024-11-17,Jharkhand,Ranchi,19.3,26.5,22.9,9.0,79.3,11.7,22.7
2024-02-20,Andaman and Nicobar Islands,Port Blair,12.7,21.9,17.3,39.3,74.1,8.1,23.7
2018-02-15,Andhra Pradesh,Guntur,28.0,37.7,32.8,11.9,57.5,6.9,20.4
2021-11-16,Haryana,Gurgaon,28.7,37.6,33.2,29.4,64.4,13.9,25.8
2015-05-24,Mizoram,Aizawl,13.0,28.5,20.8,51.8,75.3,11.4,27.0
2021-10-25,Odisha,Bhubaneswar,23.5,39.7,31.6,16.8,50.1,5.5,28.3
2023-12-16,Delhi,New Delhi,10.0,19.4,14.7,73.7,69.8,8.3,22.2
2023-11-03,Manipur,Imphal,16.9,22.9,19.9,50.7,59.9,11.3,24.9
2016-05-01,Dadra and Nagar Haveli and Daman and Diu,Daman,14.1,22.5,18.3,9.8,65.0,12.4,32.1
2017-05-09,Rajasthan,Jodhpur,32.4,44.9,38.6,11.0,26.7,18.7,29.0
2023-10-11,Assam,Cachar,22.1,28.2,25.2,61.9,60.4,19.8,20.1
2020-04-19,Arunachal Pradesh,Itanagar,12.6,27.3,20.0,64.5,71.8,8.8,33.8
2015-05-28,Jammu and Kashmir,Srinagar,1.4,14.2,7.8,27.1,66.2,5.6,33.5
2018-09-21,Meghalaya,Shillong,24.4,30.7,27.6,272.6,76.2,17.4,25.1
2023-08-09,Rajasthan,Jaipur,29.4,39.9,34.6,121.6,23.7,12.3,23.9
2024-01-18,Kerala,Kozhikode,22.6,29.3,26.0,120.2,65.2,6.7,22.8
2018-09-19,West Bengal,Darjeeling,12.9,22.0,17.4,400.2,67.6,14.5,25.2
2022-10-29,Kerala,Thrissur,22.3,34.9,28.6,130.9,68.8,5.9,26.2
2022-06-06,Delhi,New Delhi,18.9,27.3,23.1,115.4,61.0,21.2,26.1
2015-03-31,Punjab,Patiala,17.7,30.3,24.0,26.0,66.4,13.2,26.9
2018-09-19,Rajasthan,Jaipur,32.8,40.0,36.4,63.8,29.1,17.8,22.5
2015-07-18,Ladakh,Leh,13.5,34.8,24.2,215.3,72.6,22.5,29.7
2023-11-07,Sikkim,Gangtok,15.0,27.8,21.4,69.6,41.0,18.7,28.6
2016-06-21,Uttar Pradesh,Lucknow,17.6,32.6,25.1,30.5,57.8,9.8,27.6
2023-09-28,Gujarat,Rajkot,28.7,37.9,33.3,155.3,67.3,10.6,22.6
2015-10-28,Gujarat,Rajkot,25.0,41.4,33.2,40.1,55.6,15.2,24.3
2016-12-24,Haryana,Gurgaon,15.1,39.7,27.4,43.5,60.4,15.8,25.7
2019-05-18,Uttar Pradesh,Kanpur,13.9,28.9,21.4,8.2,34.5,10.8,26.2
2023-03-30,Telangana,Hyderabad,22.8,30.4,26.6,32.8,55.2,16.9,26.9
2018-12-30,Telangana,Warangal,27.8,35.4,31.6,63.7,78.0,9.2,27.2
2015-03-09,Kerala,Ernakulam,22.2,31.3,26.8,44.5,85.0,11.2,26.0
2025-07-03,Haryana,Hisar,19.6,26.2,22.9,38.0,52.9,12.7,21.1
2021-11-11,Himachal Pradesh,Shimla,6.2,14.8,10.5,12.6,55.2,15.2,21.1
2019-03-18,Assam,Dibrugarh,18.8,25.5,22.2,33.5,63.2,8.1,24.7
2016-02-02,Rajasthan,Udaipur,21.1,35.1,28.1,16.6,55.2,18.3,26.6
2016-09-11,Dadra and Nagar Haveli and Daman and Diu,Daman,14.9,22.7,18.8,215.4,79.9,20.3,23.3
2024-03-11,Telangana,Hyderabad,20.3,37.3,28.8,36.1,63.4,5.6,28.1
2019-05-04,Bihar,Muzaffarpur,12.4,34.7,23.6,52.9,56.5,13.0,30.4
2018-03-09,Punjab,Ludhiana,10.6,18.8,14.7,41.5,57.6,14.3,22.8
2016-12-30,Meghalaya,Shillong,16.0,23.1,19.6,57.8,40.6,5.0,25.2
2016-07-09,Jharkhand,Ranchi,15.2,22.3,18.8,222.5,77.3,12.2,26.0
2020-05-06,Uttar Pradesh,Lucknow,25.1,37.4,31.2,26.1,57.8,15.9,34.4
2022-09-29,Andaman and Nicobar Islands,Port Blair,21.6,29.2,25.4,208.1,76.6,15.8,21.0
2025-01-09,Chhattisgarh,Raipur,19.6,30.9,25.2,14.4,49.6,15.1,29.7
2019-10-18,Karnataka,Bangalore,19.7,32.9,26.3,52.6,55.3,18.7,29.4
2023-01-20,Andaman and Nicobar Islands,Port Blair,12.4,29.8,21.1,59.2,76.9,6.1,29.3
2022-04-11,Manipur,Imphal,13.7,32.7,23.2,63.0,71.7,9.4,32.6
2022-08-27,Goa,North Goa,13.9,23.9,18.9,248.8,63.4,12.5,27.0
2021-05-18,Manipur,Imphal,22.9,31.9,27.4,20.3,63.2,13.8,31.3
2022-06-01,Punjab,Amritsar,24.5,39.8,32.2,39.8,37.7,20.2,30.3
2023-02-19,Puducherry,Puducherry,21.2,29.9,25.5,63.7,56.8,19.2,23.9
2025-08-23,Arunachal Pradesh,Itanagar,14.2,20.8,17.5,257.6,78.0,21.4,27.6
2017-09-22,Meghalaya,Shillong,16.5,25.7,21.1,99.7,70.4,13.2,27.9
2020-05-13,Odisha,Bhubaneswar,29.7,35.7,32.7,20.3,54.2,5.9,31.9
2019-05-21,Puducherry,Puducherry,18.9,30.2,24.5,45.7,42.8,9.4,27.7
2022-08-25,Maharashtra,Pune,23.7,38.6,31.2,487.2,67.5,11.7,23.8
2019-01-20,Telangana,Nizamabad,21.9,29.6,25.8,73.6,45.3,13.5,28.0
2020-11-04,West Bengal,Darjeeling,26.9,33.1,30.0,32.1,69.9,10.8,22.5
2018-01-07,Lakshadweep,Kavaratti,11.4,23.2,17.3,24.7,46.9,10.5,20.8
2023-12-21,Jharkhand,Ranchi,23.8,32.5,28.2,38.5,45.2,16.7,20.8
2022-10-09,Himachal Pradesh,Kangra,19.7,29.2,24.4,40.6,66.9,6.3,24.9
2024-05-01,Telangana,Hyderabad,27.8,33.4,30.6,24.1,71.1,11.9,31.6
2024-02-08,Ladakh,Leh,22.3,28.4,25.4,37.8,62.5,14.2,28.5
2021-06-09,Andaman and Nicobar Islands,Port Blair,17.1,26.2,21.6,244.7,75.9,13.4,32.3
2018-11-04,Andaman and Nicobar Islands,Port Blair,13.2,19.7,16.4,31.4,56.3,6.7,21.0
2020-12-17,Tamil Nadu,Coimbatore,25.6,35.9,30.8,16.5,67.7,13.4,25.0
2022-03-28,Uttarakhand,Dehradun,24.7,32.1,28.4,43.2,52.4,8.8,28.2
2018-07-23,Dadra and Nagar Haveli and Daman and Diu,Daman,23.9,30.9,27.4,257.4,56.9,15.9,21.8
2019-09-19,Gujarat,Ahmedabad,24.9,41.4,33.2,29.1,40.5,18.4,22.7
2022-02-18,Bihar,Muzaffarpur,16.1,26.6,21.4,72.9,59.5,7.0,21.2
2017-06-17,Maharashtra,Nashik,21.7,32.0,26.8,172.9,64.8,21.1,32.9
2018-04-21,Jharkhand,Ranchi,18.7,31.9,25.3,51.4,42.6,14.5,33.7
2024-02-22,Puducherry,Puducherry,22.5,31.0,26.8,27.8,55.1,13.5,24.1
2025-08-15,Uttar Pradesh,Kanpur,14.4,22.1,18.2,43.4,31.5,22.9,23.6
2024-04-16,Tamil Nadu,Coimbatore,20.6,32.6,26.6,70.8,73.8,19.5,27.1
2019-03-16,Himachal Pradesh,Mandi,17.9,29.3,23.6,39.8,78.1,8.0,23.4
2025-01-31,Haryana,Faridabad,24.0,39.4,31.7,8.5,56.9,19.1,21.0
2015-03-19,Maharashtra,Nagpur,20.2,35.2,27.7,82.7,53.4,19.0,23.9
2022-10-02,Gujarat,Ahmedabad,20.8,39.4,30.1,30.3,47.7,13.2,27.2
2024-05-03,Gujarat,Surat,16.4,28.3,22.4,43.7,59.3,6.1,29.6
2022-06-14,Himachal Pradesh,Mandi,6.2,26.1,16.2,77.4,45.8,19.1,34.9
2024-12-06,Assam,Dibrugarh,15.9,33.1,24.5,74.8,83.0,12.3,27.4
2019-03-13,Maharashtra,Nagpur,18.7,32.7,25.7,124.8,73.8,8.5,23.1
2015-08-26,Mizoram,Aizawl,20.3,26.7,23.5,22.0,70.9,17.0,26.7
2018-03-03,Sikkim,Gangtok,10.3,22.8,16.6,42.2,67.9,17.7,22.9
2020-06-19,Uttar Pradesh,Kanpur,29.5,39.5,34.5,107.7,63.1,17.9,27.1
2018-04-30,West Bengal,Howrah,10.1,17.9,14.0,119.8,84.3,7.6,31.6
2024-05-20,Maharashtra,Mumbai,29.0,39.5,34.2,74.9,72.6,10.9,25.7
2015-10-05,Himachal Pradesh,Shimla,10.6,20.2,15.4,36.5,47.0,16.0,29.5
2023-06-17,Uttar Pradesh,Kanpur,23.9,35.3,29.6,112.3,57.5,17.8,26.3
2016-06-07,Arunachal Pradesh,Itanagar,21.9,26.9,24.4,256.6,60.1,14.5,26.2
2015-06-29,Karnataka,Bangalore,23.8,29.6,26.7,351.7,53.6,10.6,27.5
2015-05-03,Mizoram,Aizawl,18.0,29.7,23.8,28.7,71.5,10.7,29.4
2018-06-23,Puducherry,Puducherry,12.0,19.4,15.7,48.3,45.9,21.5,31.8
2019-10-24,Odisha,Bhubaneswar,25.1,31.5,28.3,56.8,67.1,9.3,22.7
2024-06-06,Nagaland,Kohima,21.4,29.0,25.2,185.9,76.8,15.7,31.0
2023-07-20,Madhya Pradesh,Bhopal,29.3,39.9,34.6,23.0,35.8,12.0,24.3
2017-12-30,Chhattisgarh,Raipur,14.1,26.4,20.2,59.9,78.9,14.4,28.7
2016-04-24,Tamil Nadu,Chennai,22.7,29.1,25.9,85.0,77.0,8.5,30.4
2024-12-10,Telangana,Hyderabad,29.9,39.9,34.9,39.4,51.3,9.4,28.8
2023-06-18,Andaman and Nicobar Islands,Port Blair,20.0,31.0,25.5,95.0,56.3,16.4,30.2
2019-12-03,Haryana,Faridabad,6.3,25.3,15.8,32.5,61.5,6.9,28.2
2020-11-01,Uttar Pradesh,Kanpur,7.5,27.2,17.4,9.7,70.9,12.0,26.2
2023-11-01,Manipur,Imphal,17.5,28.3,22.9,17.8,77.7,15.9,25.7
2022-02-25,Andhra Pradesh,Visakhapatnam,22.1,32.3,27.2,32.3,72.7,7.9,26.7
2022-04-20,West Bengal,Darjeeling,26.2,36.9,31.6,49.0,56.1,10.4,28.9
2021-08-01,Maharashtra,Pune,24.4,29.9,27.2,275.0,67.2,22.1,27.2
2017-03-26,Puducherry,Puducherry,10.4,18.8,14.6,38.3,79.0,14.0,28.4
2022-05-18,Dadra and Nagar Haveli and Daman and Diu,Daman,11.6,24.6,18.1,6.6,49.9,17.2,31.2
2016-03-18,Goa,North Goa,14.2,32.5,23.4,56.5,60.1,5.7,29.1
2023-08-07,Chhattisgarh,Raipur,20.0,33.1,26.6,282.0,45.5,19.3,21.5
2022-01-14,Dadra and Nagar Haveli and Daman and Diu,Daman,17.7,31.6,24.6,41.4,58.9,9.3,27.7
2015-05-23,Manipur,Imphal,11.3,20.6,16.0,8.2,47.1,11.1,25.3
2015-07-11,Manipur,Imphal,13.4,19.1,16.2,265.2,75.6,18.5,25.9
2018-11-11,Chhattisgarh,Raipur,21.9,29.2,25.5,56.9,53.2,11.6,29.8
2016-01-13,West Bengal,Howrah,25.2,33.5,29.4,114.1,53.9,18.5,28.9
2022-03-13,Delhi,New Delhi,19.7,28.0,23.8,62.6,50.9,7.1,25.5
2016-06-18,Karnataka,Mysore,19.3,29.2,24.2,248.7,49.3,14.2,28.1
2019-09-13,Goa,North Goa,12.3,28.5,20.4,188.1,62.4,22.0,29.3
2024-03-18,Tamil Nadu,Coimbatore,24.6,35.8,30.2,82.4,53.8,17.7,20.1
2017-10-29,Arunachal Pradesh,Itanagar,10.0,21.2,15.6,60.5,76.9,11.0,26.3
2024-02-25,Manipur,Imphal,17.1,25.7,21.4,65.7,63.5,15.3,26.2
2018-11-11,Tamil Nadu,Coimbatore,20.7,35.9,28.3,13.5,74.2,7.1,25.5
2020-11-10,Sikkim,Gangtok,11.9,34.4,23.2,35.3,71.7,16.9,21.2
2020-06-12,Himachal Pradesh,Kangra,11.3,30.0,20.6,139.4,43.8,19.5,30.9
2022-01-20,Chandigarh,Chandigarh,20.7,30.6,25.6,23.8,58.7,13.8,22.4
2018-03-23,Meghalaya,Shillong,22.8,30.8,26.8,55.1,77.8,11.2,24.6
2016-02-09,Chandigarh,Chandigarh,12.8,24.3,18.6,42.0,49.2,5.4,22.6
2022-11-27,Himachal Pradesh,Shimla,13.7,28.4,21.0,18.5,66.9,10.1,23.0
2018-03-18,Andhra Pradesh,Visakhapatnam,24.3,38.6,31.4,47.7,69.2,6.7,21.2
2017-06-07,Haryana,Faridabad,17.6,35.1,26.4,55.2,51.9,21.7,30.1
2024-02-21,Nagaland,Kohima,17.2,29.7,23.4,53.5,52.1,10.0,21.6
2016-02-26,Uttarakhand,Dehradun,24.2,29.5,26.8,37.3,67.3,15.7,26.3
2025-09-16,Nagaland,Kohima,15.1,21.3,18.2,281.0,47.6,21.6,22.3
2019-06-30,Lakshadweep,Kavaratti,11.1,17.7,14.4,120.4,46.1,15.2,29.5
2016-04-16,Lakshadweep,Kavaratti,22.5,32.7,27.6,53.9,63.6,5.7,32.5
2023-01-19,Ladakh,Leh,15.4,32.6,24.0,22.3,66.8,14.1,21.1
2016-06-30,Ladakh,Leh,12.0,35.0,23.5,113.9,56.3,20.8,31.3
2016-09-22,Rajasthan,Udaipur,27.0,40.3,33.6,58.5,53.2,8.5,23.7
2024-11-06,Lakshadweep,Kavaratti,24.3,31.5,27.9,6.2,47.7,19.2,28.5
2024-10-14,Dadra and Nagar Haveli and Daman and Diu,Daman,12.9,34.6,23.8,16.1,79.7,17.7,29.1
2017-11-03,Meghalaya,Shillong,12.1,22.5,17.3,54.1,60.2,9.4,27.0
2022-09-26,Maharashtra,Nagpur,27.4,34.6,31.0,79.5,65.8,13.9,28.8
2025-03-12,Telangana,Nizamabad,18.5,34.0,26.2,13.1,44.5,10.5,22.3
2020-01-04,Tripura,Agartala,12.4,31.4,21.9,21.3,54.6,18.6,27.9
2015-12-30,Jammu and Kashmir,Srinagar,10.5,16.9,13.7,71.5,68.4,5.5,29.5
2020-12-06,Mizoram,Aizawl,11.1,27.5,19.3,32.6,79.2,18.8,26.0
2024-01-23,Bihar,Muzaffarpur,23.4,37.9,30.6,63.3,64.0,8.8,23.1
2016-06-29,Karnataka,Hubli,24.7,35.4,30.0,173.7,79.9,14.0,32.0
2023-11-15,Manipur,Imphal,13.1,24.1,18.6,43.2,41.5,5.6,22.7
2022-01-13,Chandigarh,Chandigarh,22.4,29.0,25.7,67.0,68.6,15.3,26.7
2016-09-25,Telangana,Hyderabad,29.7,38.1,33.9,208.8,58.1,21.1,20.6
2020-04-20,Arunachal Pradesh,Itanagar,15.2,24.4,19.8,32.9,59.2,19.3,34.2
2019-08-08,Puducherry,Puducherry,19.2,24.4,21.8,175.6,42.7,13.4,23.0
2017-08-20,Tamil Nadu,Coimbatore,25.2,30.3,27.8,323.9,78.9,8.5,20.8
2023-03-25,Dadra and Nagar Haveli and Daman and Diu,Daman,23.8,32.6,28.2,72.2,58.3,7.9,23.7
2025-06-03,Madhya Pradesh,Bhopal,30.4,36.2,33.3,216.3,51.2,9.1,29.0
2017-06-01,Delhi,New Delhi,13.6,28.0,20.8,62.7,77.7,11.2,31.3
2025-07-07,Gujarat,Surat,29.1,38.8,34.0,138.0,46.4,9.5,21.3
2022-09-28,Lakshadweep,Kavaratti,20.5,33.1,26.8,255.8,54.5,22.5,26.4
2017-05-20,Gujarat,Rajkot,17.6,23.9,20.8,29.5,59.6,5.3,25.2
2016-05-30,Madhya Pradesh,Bhopal,22.7,41.9,32.3,45.6,36.1,6.3,33.1
2023-03-05,Telangana,Hyderabad,27.7,36.0,31.8,12.3,70.7,11.2,28.2
2018-11-21,West Bengal,Darjeeling,12.6,27.1,19.8,70.5,64.8,19.8,27.6
2017-05-15,Lakshadweep,Kavaratti,22.5,29.3,25.9,31.9,44.4,20.0,27.6
2020-11-23,Nagaland,Kohima,11.5,20.3,15.9,45.0,53.4,7.5,24.7
2018-01-13,Puducherry,Puducherry,20.1,31.7,25.9,6.0,70.2,8.6,29.2
2015-08-02,Puducherry,Puducherry,12.1,24.3,18.2,107.4,59.7,12.7,27.7
2023-09-28,Andhra Pradesh,Chittoor,23.8,32.7,28.2,292.5,62.1,10.0,22.7
2023-10-09,Dadra and Nagar Haveli and Daman and Diu,Daman,20.9,28.3,24.6,52.6,76.6,10.6,21.9
2022-12-07,Andhra Pradesh,Visakhapatnam,27.2,35.6,31.4,13.0,67.4,13.7,26.8
2021-02-22,Meghalaya,Shillong,21.0,31.8,26.4,28.7,73.4,19.0,23.0
2015-01-19,Manipur,Imphal,14.2,27.3,20.8,74.0,46.5,12.4,21.9
2016-10-03,Delhi,New Delhi,16.1,26.4,21.2,45.0,41.4,17.1,27.1
2023-06-11,Tamil Nadu,Madurai,28.0,34.3,31.2,352.4,71.4,11.5,28.0
2018-01-09,Puducherry,Puducherry,10.3,22.1,16.2,68.0,43.0,18.9,23.8
2015-11-26,Mizoram,Aizawl,21.1,32.0,26.6,52.1,61.9,12.0,29.3
2017-05-15,Tripura,Agartala,20.2,31.2,25.7,34.3,49.0,5.0,34.8
2017-02-12,Goa,North Goa,21.3,34.9,28.1,58.9,41.8,11.7,21.2
2016-01-27,Dadra and Nagar Haveli and Daman and Diu,Daman,22.0,28.5,25.2,51.0,66.3,14.6,28.8
2016-09-28,Chhattisgarh,Raipur,20.9,28.9,24.9,108.1,40.9,21.6,21.0
2021-06-12,Chandigarh,Chandigarh,17.2,28.7,23.0,145.4,63.0,18.9,27.0
2024-02-21,Chhattisgarh,Raipur,11.1,32.3,21.7,39.6,45.1,15.1,22.2
2024-08-19,Kerala,Ernakulam,22.2,29.4,25.8,248.4,86.1,12.6,27.8
2024-08-13,Gujarat,Surat,24.8,31.0,27.9,48.2,33.2,14.0,29.7
2023-01-21,Madhya Pradesh,Bhopal,14.0,26.9,20.4,50.1,65.0,16.0,24.7
2022-05-23,Bihar,Gaya,22.3,33.0,27.6,65.2,56.4,17.3,30.9
2022-11-28,Assam,Dibrugarh,17.8,30.8,24.3,61.5,73.7,17.1,23.8
2017-10-22,Kerala,Kozhikode,24.0,33.0,28.5,133.7,73.3,18.5,29.9
2022-01-11,Andhra Pradesh,Chittoor,21.7,36.2,29.0,55.4,63.7,9.6,20.3
2025-06-30,Uttarakhand,Dehradun,19.5,27.8,23.6,174.6,44.9,8.7,33.0
2019-08-02,Madhya Pradesh,Bhopal,12.7,21.0,16.8,145.5,59.2,8.1,24.4
2022-05-07,Mizoram,Aizawl,19.5,32.2,25.8,71.4,40.6,18.5,34.7
2024-04-03,Haryana,Karnal,26.6,39.6,33.1,10.3,69.7,16.5,25.7
2017-01-09,Lakshadweep,Kavaratti,20.2,32.1,26.2,49.1,75.0,16.2,21.6
2019-03-26,Punjab,Amritsar,11.3,27.3,19.3,22.8,56.5,7.0,23.5
2016-04-13,Mizoram,Aizawl,13.6,23.4,18.5,54.8,43.2,18.3,31.4
2021-03-09,Puducherry,Puducherry,16.2,27.9,22.0,53.9,69.2,17.1,22.6
2018-02-09,Jammu and Kashmir,Srinagar,17.2,28.7,23.0,65.6,43.2,7.2,26.2
2017-10-28,Jammu and Kashmir,Srinagar,19.1,24.7,21.9,58.0,45.4,19.3,28.0
2022-10-22,Telangana,Hyderabad,21.5,27.1,24.3,38.4,61.0,12.9,28.5
2021-11-29,Nagaland,Kohima,24.7,32.0,28.4,16.5,55.1,15.7,25.8
2017-05-23,Delhi,New Delhi,11.3,20.2,15.8,53.5,67.9,14.1,27.9
2016-04-04,Tamil Nadu,Coimbatore,21.3,29.0,25.2,82.7,67.1,10.3,26.4
2021-04-19,Tripura,Agartala,15.9,26.8,21.4,67.0,77.6,17.6,28.9
2019-03-30,Uttarakhand,Dehradun,18.4,33.2,25.8,8.5,61.3,11.0,23.8
2017-01-21,Andhra Pradesh,Chittoor,23.5,35.9,29.7,37.1,59.7,13.5,23.7
2019-01-01,Rajasthan,Udaipur,10.9,28.1,19.5,9.9,24.0,18.1,26.9
2019-11-13,Jharkhand,Ranchi,15.7,34.8,25.2,30.7,49.8,12.1,29.5
2023-04-17,Dadra and Nagar Haveli and Daman and Diu,Daman,20.0,32.3,26.2,16.6,41.6,13.1,28.3
2017-05-03,Tripura,Agartala,10.6,33.0,21.8,6.8,40.5,9.5,30.0
2025-03-21,Punjab,Patiala,16.3,28.0,22.2,43.9,41.9,14.8,24.0
2021-04-02,Arunachal Pradesh,Itanagar,15.8,34.0,24.9,53.8,61.5,7.6,26.4
2018-08-22,Manipur,Imphal,12.9,28.6,20.8,35.7,58.6,14.9,29.2
2016-04-22,West Bengal,Kolkata,16.7,36.3,26.5,80.7,65.6,12.9,25.9
2022-06-19,Madhya Pradesh,Bhopal,29.6,39.3,34.4,115.8,61.0,14.1,29.6
2023-06-19,Maharashtra,Nagpur,23.1,40.0,31.6,394.3,81.8,13.7,29.9
2021-03-13,Arunachal Pradesh,Itanagar,13.0,18.2,15.6,18.6,77.2,11.8,21.3
2022-12-12,Puducherry,Puducherry,16.8,32.3,24.5,40.1,77.5,18.5,24.7
2015-05-15,Jammu and Kashmir,Srinagar,1.7,23.1,12.4,33.2,71.4,9.6,28.3
2023-01-31,Tripura,Agartala,18.1,23.4,20.8,16.9,74.1,19.3,21.9
2018-02-26,Manipur,Imphal,21.6,27.5,24.6,38.1,60.3,13.5,23.6
2016-02-14,Kerala,Kozhikode,24.6,31.2,27.9,85.7,65.8,13.6,22.0
2018-12-16,Himachal Pradesh,Mandi,4.8,18.6,11.7,28.1,41.6,16.9,28.2
2018-08-10,Dadra and Nagar Haveli and Daman and Diu,Daman,23.5,34.9,29.2,51.7,51.0,17.5,28.8
2018-06-23,Maharashtra,Mumbai,19.9,32.2,26.0,490.2,54.9,15.4,31.9
2025-04-30,Andaman and Nicobar Islands,Port Blair,16.3,31.1,23.7,15.3,49.2,10.8,34.8
2019-04-29,Haryana,Karnal,13.7,38.2,26.0,44.4,60.2,10.6,28.3
2015-03-27,Assam,Cachar,19.6,27.0,23.3,70.1,88.5,8.2,28.3
2022-02-16,Arunachal Pradesh,Itanagar,18.3,29.3,23.8,48.0,65.3,13.4,27.0
2020-02-09,Meghalaya,Shillong,15.4,32.2,23.8,20.5,68.6,10.8,26.9
2024-06-08,Odisha,Bhubaneswar,15.5,28.1,21.8,386.7,70.1,15.5,27.5
2019-01-09,Chandigarh,Chandigarh,17.4,32.8,25.1,28.7,62.6,15.1,24.0
2016-01-13,Meghalaya,Shillong,14.2,21.7,18.0,12.1,49.6,5.3,27.6
2024-06-23,Dadra and Nagar Haveli and Daman and Diu,Daman,11.7,33.2,22.5,163.0,58.3,9.0,26.3
2019-08-08,West Bengal,Darjeeling,25.4,35.5,30.4,83.5,77.2,10.0,27.3
2017-12-10,Bihar,Gaya,28.8,38.5,33.6,63.5,64.8,5.1,27.9
2015-08-30,Jharkhand,Ranchi,16.1,33.2,24.7,180.4,47.7,8.8,25.6
2024-03-19,Nagaland,Kohima,18.5,33.4,26.0,7.7,72.9,11.1,25.3
2017-07-08,Lakshadweep,Kavaratti,18.0,27.6,22.8,72.1,43.2,11.1,27.1
2019-05-06,Chandigarh,Chandigarh,20.2,31.8,26.0,68.5,58.3,16.4,31.7
2021-05-02,Ladakh,Leh,24.1,33.1,28.6,17.6,69.8,10.4,27.5
2023-09-27,Himachal Pradesh,Mandi,5.6,26.6,16.1,157.7,58.8,8.2,22.7
2022-07-22,Ladakh,Leh,23.3,31.6,27.4,136.6,43.0,12.4,21.3
2018-06-25,Andaman and Nicobar Islands,Port Blair,12.5,23.4,18.0,38.8,71.1,17.3,33.0
2015-03-11,Meghalaya,Shillong,15.2,23.5,19.4,46.3,40.9,6.3,27.4
2025-09-29,West Bengal,Kolkata,26.0,32.4,29.2,403.9,65.3,14.2,28.8
2020-10-05,Rajasthan,Jodhpur,25.5,42.3,33.9,31.6,43.0,16.2,27.1
2018-11-06,Arunachal Pradesh,Itanagar,17.2,24.1,20.6,23.6,55.1,13.8,23.0
2020-09-17,Jammu and Kashmir,Srinagar,4.1,9.8,7.0,95.3,61.6,10.1,20.3
2020-06-30,West Bengal,Howrah,11.3,37.0,24.2,56.3,68.9,18.3,27.2
2017-03-11,Ladakh,Leh,24.5,29.6,27.0,66.6,55.7,10.8,24.7
2024-08-15,Dadra and Nagar Haveli and Daman and Diu,Daman,24.6,33.0,28.8,266.0,41.1,21.5,22.1
2017-11-07,Delhi,New Delhi,14.7,20.8,17.8,69.1,61.0,6.4,24.0
2022-08-11,Tamil Nadu,Chennai,23.0,28.5,25.8,165.1,60.3,21.8,28.1
2017-04-04,Mizoram,Aizawl,12.4,33.8,23.1,57.0,59.6,11.5,34.3
2017-01-25,Andhra Pradesh,Krishna,23.1,32.5,27.8,54.9,72.8,9.9,29.2
2021-07-27,Tamil Nadu,Chennai,22.0,30.8,26.4,110.8,68.8,23.0,27.2
2020-06-18,Uttarakhand,Dehradun,17.1,34.8,26.0,33.8,51.4,20.6,30.2
2020-01-14,Tripura,Agartala,10.1,24.2,17.2,6.5,62.9,14.5,22.0
2018-08-14,Lakshadweep,Kavaratti,24.8,34.1,29.4,149.9,52.4,8.2,26.9
2021-05-19,Odisha,Bhubaneswar,18.9,30.3,24.6,48.6,79.9,17.8,32.8
2019-05-29,Telangana,Nizamabad,27.2,36.1,31.6,61.4,74.3,12.5,34.0
2015-04-20,Assam,Cachar,24.9,30.8,27.8,147.4,68.6,19.0,33.5
2017-10-13,Kerala,Ernakulam,24.7,32.1,28.4,43.9,66.7,9.6,22.5
2023-11-26,Jammu and Kashmir,Srinagar,19.3,25.2,22.2,54.6,60.5,5.5,22.1
2020-05-15,Manipur,Imphal,24.0,33.9,29.0,46.0,43.1,7.1,32.3
2022-02-04,Mizoram,Aizawl,21.4,34.6,28.0,19.4,66.0,11.5,21.1
2019-11-05,Lakshadweep,Kavaratti,15.0,25.5,20.2,36.7,51.7,13.3,26.1
2025-08-01,Gujarat,Ahmedabad,22.0,32.6,27.3,138.0,32.2,21.0,29.7
2015-01-25,Odisha,Bhubaneswar,15.8,34.4,25.1,32.7,65.1,9.1,22.1
2017-04-22,Gujarat,Ahmedabad,22.5,32.9,27.7,24.2,62.3,19.7,26.4
2022-10-09,Chhattisgarh,Raipur,21.2,31.0,26.1,31.1,66.4,18.2,26.4
2017-01-07,Rajasthan,Udaipur,27.6,34.4,31.0,29.2,59.4,19.4,24.1
2020-10-05,Gujarat,Surat,30.0,39.1,34.6,10.3,69.1,14.2,21.1
2015-06-29,Tamil Nadu,Chennai,24.6,35.7,30.2,125.4,73.9,22.5,27.3
2015-08-20,Karnataka,Bangalore,22.9,31.1,27.0,179.6,77.7,20.4,20.1
2020-04-01,Jharkhand,Ranchi,11.8,23.2,17.5,26.2,43.7,15.3,31.4
2015-12-09,Rajasthan,Jaipur,16.2,29.8,23.0,20.8,21.8,7.3,26.5
2016-04-21,Delhi,New Delhi,17.3,29.9,23.6,73.1,70.2,19.5,30.9
2019-12-28,Punjab,Ludhiana,5.0,12.8,8.9,36.4,42.2,11.2,26.8
2022-03-08,Delhi,New Delhi,15.0,33.1,24.0,32.1,41.8,19.8,24.9
2016-03-30,Jammu and Kashmir,Srinagar,7.0,28.2,17.6,66.0,41.5,17.1,24.9
2018-06-09,Puducherry,Puducherry,20.1,26.5,23.3,206.9,49.2,9.8,26.3
2015-10-16,Ladakh,Leh,14.5,34.9,24.7,8.8,53.2,12.9,22.1
2018-05-21,Uttarakhand,Dehradun,24.4,32.0,28.2,53.5,54.4,7.9,28.0
2021-04-24,Odisha,Bhubaneswar,19.2,37.6,28.4,11.3,81.3,10.9,31.2
2016-06-13,Chhattisgarh,Raipur,22.1,30.7,26.4,45.9,61.7,9.8,33.2
2022-06-27,Andaman and Nicobar Islands,Port Blair,19.7,30.8,25.2,20.1,78.4,10.0,26.8
2023-02-24,Jharkhand,Ranchi,24.8,30.3,27.6,56.9,43.8,16.0,28.9
2021-03-26,Madhya Pradesh,Bhopal,17.7,28.7,23.2,56.3,33.0,10.2,26.5
2024-01-11,Andaman and Nicobar Islands,Port Blair,20.3,29.7,25.0,64.8,74.0,17.3,21.7
2016-08-18,Chhattisgarh,Raipur,19.7,33.5,26.6,46.4,49.8,22.7,24.6
2025-08-10,Kerala,Kozhikode,23.6,30.8,27.2,296.1,86.8,11.1,22.8
2016-03-10,Madhya Pradesh,Bhopal,21.0,31.0,26.0,54.1,55.3,12.6,26.0
2017-05-31,Sikkim,Gangtok,10.3,29.9,20.1,28.5,64.3,17.5,28.5
2023-05-27,Manipur,Imphal,10.6,15.6,13.1,65.2,61.9,14.8,31.0
2019-11-17,Madhya Pradesh,Bhopal,13.7,19.6,16.6,18.4,69.6,11.3,29.3
2016-02-06,Andhra Pradesh,Guntur,22.6,36.5,29.6,11.7,50.4,12.0,26.5
2022-04-23,Andhra Pradesh,Guntur,29.6,34.8,32.2,74.2,64.2,16.5,31.5
2025-07-04,Karnataka,Mysore,20.5,29.7,25.1,252.8,44.3,19.6,28.0
2020-11-05,Sikkim,Gangtok,22.3,33.8,28.0,53.2,69.8,13.8,22.3
2022-03-16,Jammu and Kashmir,Srinagar,1.7,10.9,6.3,22.6,70.3,19.2,28.1
2019-04-15,Goa,North Goa,24.9,30.1,27.5,7.2,67.3,5.4,33.9
2025-04-13,West Bengal,Howrah,18.5,36.9,27.7,38.7,75.7,15.5,27.9
2015-11-05,Dadra and Nagar Haveli and Daman and Diu,Daman,15.5,28.5,22.0,31.9,59.7,11.8,26.7
2023-02-01,Haryana,Faridabad,7.0,38.8,22.9,9.6,43.5,5.1,28.2
2015-12-09,Chhattisgarh,Raipur,11.7,21.8,16.8,36.6,73.8,16.5,21.5
2016-03-11,Mizoram,Aizawl,16.7,26.1,21.4,71.4,74.2,7.3,24.3
2015-06-26,Himachal Pradesh,Kangra,8.9,29.4,19.2,246.8,72.4,13.5,32.0
2015-05-19,Jharkhand,Ranchi,14.8,32.3,23.5,72.2,64.4,12.9,33.7
2015-07-13,Punjab,Patiala,27.6,33.3,30.4,145.5,55.1,11.2,21.2
2023-12-02,Maharashtra,Nagpur,21.4,28.7,25.0,37.9,81.3,18.7,22.5
2024-01-03,Maharashtra,Pune,20.4,32.0,26.2,86.4,46.2,17.3,20.7
2023-11-10,Uttar Pradesh,Varanasi,8.1,31.5,19.8,16.2,41.5,18.1,23.6
2018-03-30,Andaman and Nicobar Islands,Port Blair,23.8,29.5,26.6,70.2,76.6,13.1,27.6
2017-07-31,Uttarakhand,Dehradun,16.6,31.9,24.2,88.1,76.1,19.8,27.3
2016-06-08,Tripura,Agartala,22.1,29.8,26.0,73.2,54.2,8.6,27.7
2025-08-15,Meghalaya,Shillong,19.1,33.3,26.2,280.5,68.9,21.4,22.9
2019-06-13,Ladakh,Leh,20.2,34.8,27.5,191.0,57.1,11.9,28.1
2025-09-12,Puducherry,Puducherry,13.0,29.9,21.4,222.7,71.2,15.0,21.4
2023-07-11,Meghalaya,Shillong,16.3,31.6,24.0,259.6,43.2,11.7,29.6
2023-02-10,Delhi,New Delhi,16.5,22.5,19.5,19.3,73.1,16.4,22.2
2021-03-07,Assam,Tinsukia,11.5,18.0,14.8,87.5,84.3,9.9,20.9
2017-01-10,Tamil Nadu,Coimbatore,23.9,30.9,27.4,26.3,77.1,14.1,23.2
2017-05-11,Karnataka,Mysore,22.6,29.9,26.2,60.5,74.1,11.4,28.8
2024-02-29,Nagaland,Kohima,13.8,24.0,18.9,30.2,52.5,6.4,21.5
2017-08-11,Andaman and Nicobar Islands,Port Blair,24.9,31.8,28.4,245.5,68.7,16.5,24.5
2018-07-26,Chhattisgarh,Raipur,20.0,30.8,25.4,225.5,79.8,12.7,23.3
2018-06-28,Telangana,Warangal,26.3,38.6,32.4,89.4,74.2,21.4,28.9
2024-04-04,Andaman and Nicobar Islands,Port Blair,14.0,25.4,19.7,18.1,42.4,17.0,30.7
2019-10-10,Andaman and Nicobar Islands,Port Blair,17.4,25.1,21.2,43.7,56.1,12.6,20.9
2022-11-20,Uttar Pradesh,Lucknow,29.9,40.3,35.1,45.8,59.1,8.4,21.0
2020-12-27,Assam,Cachar,15.4,26.4,20.9,120.1,65.2,17.3,24.4
2017-03-02,Arunachal Pradesh,Itanagar,22.0,31.0,26.5,8.6,64.3,11.4,24.6
2016-06-29,Tripura,Agartala,21.7,28.5,25.1,27.2,51.4,10.3,28.4
2020-01-19,Odisha,Bhubaneswar,18.1,24.7,21.4,84.5,57.3,10.5,20.0
2017-10-13,Arunachal Pradesh,Itanagar,21.6,30.5,26.0,65.5,42.1,7.5,22.6
2020-04-11,Odisha,Bhubaneswar,28.3,35.7,32.0,26.8,78.1,9.5,28.5
2019-04-03,Andhra Pradesh,Visakhapatnam,26.5,34.8,30.6,11.1,79.7,8.6,27.4
2015-02-26,Uttarakhand,Dehradun,12.0,19.8,15.9,40.1,77.6,15.5,26.6
2020-11-29,Jammu and Kashmir,Srinagar,7.2,26.7,17.0,40.8,58.3,19.9,26.1
2015-01-05,Chhattisgarh,Raipur,23.0,31.7,27.4,16.3,79.5,14.8,21.5
2024-07-13,Bihar,Purnia,24.3,34.0,29.2,253.8,51.1,22.1,23.0
2018-12-08,Mizoram,Aizawl,25.0,33.5,29.2,73.0,69.0,16.3,21.2
2023-11-28,Rajasthan,Jaipur,10.4,18.0,14.2,18.9,36.1,7.8,20.4
2023-06-12,Dadra and Nagar Haveli and Daman and Diu,Daman,20.4,27.3,23.8,294.0,44.1,13.5,29.8
2018-09-24,Sikkim,Gangtok,13.3,26.7,20.0,54.9,40.1,18.5,28.3
2019-12-26,Karnataka,Belgaum,23.7,30.8,27.2,45.5,68.2,5.5,20.9
2018-07-06,Puducherry,Puducherry,24.4,33.2,28.8,215.2,44.1,11.5,23.9
2020-11-07,Manipur,Imphal,13.1,31.8,22.4,47.5,47.9,16.6,25.4
2022-04-17,Jharkhand,Ranchi,13.1,32.3,22.7,19.7,67.6,11.0,32.5
2023-01-17,Lakshadweep,Kavaratti,16.4,25.3,20.8,72.3,70.3,17.4,23.1
2022-07-08,Dadra and Nagar Haveli and Daman and Diu,Daman,15.2,22.8,19.0,145.1,79.9,16.8,27.2
2018-06-27,West Bengal,Darjeeling,23.3,30.3,26.8,65.8,54.9,18.8,29.6
2024-02-09,Dadra and Nagar Haveli and Daman and Diu,Daman,23.6,30.9,27.2,12.2,78.7,11.0,28.5
2025-01-07,Goa,North Goa,10.7,22.6,16.6,46.6,61.0,15.9,28.8
2023-01-24,Maharashtra,Nashik,27.1,34.5,30.8,121.5,81.4,14.5,25.1
2023-04-07,Tamil Nadu,Madurai,24.1,35.6,29.8,53.5,84.5,15.7,27.4
2018-02-05,Meghalaya,Shillong,19.9,29.8,24.8,16.2,60.8,17.9,20.2
2016-10-29,Tripura,Agartala,22.8,32.7,27.8,55.8,75.7,19.2,23.0
2022-03-26,Arunachal Pradesh,Itanagar,23.8,30.1,27.0,15.1,62.2,18.9,20.5
2022-03-21,Puducherry,Puducherry,17.9,31.1,24.5,57.2,60.2,13.6,24.5
2021-12-07,Tripura,Agartala,20.8,29.3,25.0,24.6,50.5,14.8,29.2
2023-04-18,Ladakh,Leh,14.1,23.1,18.6,55.1,40.4,17.5,28.8
2023-04-08,Meghalaya,Shillong,23.5,33.1,28.3,60.5,46.8,10.5,27.8
2018-07-05,Nagaland,Kohima,20.7,25.9,23.3,193.4,74.7,8.7,22.9
2022-05-10,Madhya Pradesh,Bhopal,14.6,42.0,28.3,59.2,35.0,7.9,25.2
2017-09-23,Uttarakhand,Dehradun,18.5,31.4,25.0,203.3,50.4,11.0,20.6
2020-04-10,Puducherry,Puducherry,19.5,27.1,23.3,11.2,54.2,7.2,30.1
2015-10-09,Karnataka,Hubli,19.5,37.8,28.6,40.2,61.4,13.9,28.5
2023-04-22,Andhra Pradesh,Krishna,29.5,36.5,33.0,37.5,54.5,7.8,32.2
2023-08-26,Madhya Pradesh,Bhopal,19.6,39.3,29.4,136.4,41.3,18.2,24.7
2018-05-12,Chandigarh,Chandigarh,23.4,30.9,27.2,22.8,57.6,17.7,33.2
2020-08-25,Chhattisgarh,Raipur,23.4,34.0,28.7,112.4,63.7,19.9,28.4
2023-10-28,Nagaland,Kohima,16.0,28.2,22.1,25.3,67.9,15.1,25.9
2017-07-24,Maharashtra,Mumbai,25.5,39.0,32.2,417.2,45.6,17.6,21.6
2015-09-11,Madhya Pradesh,Bhopal,13.3,28.9,21.1,126.8,34.2,15.7,21.8
2018-04-26,Lakshadweep,Kavaratti,18.3,33.0,25.6,11.0,56.0,8.5,30.7
2015-11-25,Gujarat,Ahmedabad,30.2,36.5,33.4,35.4,33.7,13.2,26.8
2022-02-04,Haryana,Hisar,21.8,36.5,29.2,23.8,60.4,12.1,23.2
2022-10-01,Gujarat,Vadodara,20.5,28.4,24.4,37.4,36.3,14.5,26.7
2023-05-03,Meghalaya,Shillong,14.3,27.0,20.6,52.0,40.0,9.1,28.8
2018-11-21,Dadra and Nagar Haveli and Daman and Diu,Daman,24.0,31.8,27.9,40.5,66.6,11.8,24.3
2019-03-21,Uttarakhand,Dehradun,24.6,34.0,29.3,54.1,59.2,10.2,25.9
2024-08-31,Delhi,New Delhi,16.7,27.9,22.3,82.0,71.7,19.9,23.0
2024-04-24,Andaman and Nicobar Islands,Port Blair,14.3,23.7,19.0,16.4,74.3,9.0,32.0
2025-08-27,Haryana,Gurgaon,7.5,32.7,20.1,46.5,36.4,20.5,22.9
2022-12-02,Delhi,New Delhi,12.6,26.9,19.8,10.2,68.4,17.6,22.5
2018-04-07,Odisha,Bhubaneswar,25.5,31.0,28.2,53.0,83.3,13.1,29.1
2019-09-13,Rajasthan,Jaipur,10.1,22.8,16.4,74.3,35.1,14.6,20.2
2021-08-10,Rajasthan,Udaipur,23.3,32.5,27.9,70.1,55.5,20.4,24.0
2018-04-16,Tripura,Agartala,10.8,32.9,21.8,32.9,59.2,6.3,31.9
2016-10-16,Tamil Nadu,Madurai,25.7,33.7,29.7,90.0,51.7,9.6,22.1
2018-10-17,Karnataka,Mysore,25.0,31.6,28.3,73.2,75.8,16.7,20.3
2017-01-29,Delhi,New Delhi,24.0,33.3,28.6,61.9,65.8,12.9,26.4
2022-05-10,Punjab,Ludhiana,14.0,28.6,21.3,37.1,56.7,13.9,25.5
2019-12-04,Tripura,Agartala,14.3,28.8,21.6,37.5,53.5,15.8,23.9
2017-11-29,Uttar Pradesh,Kanpur,29.5,38.5,34.0,31.6,46.9,7.0,20.1
2023-02-19,Kerala,Thrissur,24.0,29.4,26.7,65.6,86.3,12.2,28.8
2016-02-20,Lakshadweep,Kavaratti,10.9,32.0,21.4,70.2,76.5,10.0,21.0
2024-05-19,Delhi,New Delhi,23.7,29.7,26.7,43.2,56.3,19.4,29.2
2015-09-12,Jharkhand,Ranchi,15.6,29.0,22.3,167.8,58.1,15.5,21.0
2018-03-12,Bihar,Purnia,28.6,35.2,31.9,47.1,41.4,9.4,26.9
2025-06-20,Manipur,Imphal,16.9,31.5,24.2,63.5,79.5,14.7,30.4
2025-06-08,Goa,North Goa,13.9,24.4,19.2,203.3,53.7,18.8,27.9
2020-02-20,Uttarakhand,Dehradun,21.5,32.2,26.8,19.8,42.0,19.0,22.4
2022-07-20,Chhattisgarh,Raipur,18.7,27.1,22.9,204.3,68.1,9.1,20.5
2022-03-09,Chhattisgarh,Raipur,24.9,33.8,29.4,23.3,59.7,19.4,25.4
2017-06-18,Nagaland,Kohima,16.3,21.8,19.0,183.7,75.3,16.1,32.8
2020-08-20,West Bengal,Darjeeling,25.9,33.8,29.8,229.3,86.9,13.1,26.6
2025-02-08,Jammu and Kashmir,Srinagar,12.4,23.5,18.0,51.7,68.1,18.9,28.0
2015-01-26,Sikkim,Gangtok,15.4,26.7,21.0,68.3,50.8,9.9,26.9
2023-03-24,Puducherry,Puducherry,11.7,31.1,21.4,71.4,65.7,6.1,22.4
2016-02-25,Bihar,Muzaffarpur,10.1,22.8,16.4,71.1,54.4,7.8,26.6
2025-03-23,Nagaland,Kohima,23.5,28.7,26.1,51.8,51.6,10.6,22.4
2018-05-29,Uttar Pradesh,Varanasi,29.5,41.1,35.3,38.3,30.8,19.2,29.7
2020-02-20,Sikkim,Gangtok,17.3,32.1,24.7,48.0,44.9,6.6,22.5
2021-12-18,Delhi,New Delhi,11.1,31.8,21.4,7.8,77.8,6.7,28.6
2018-06-14,Maharashtra,Nashik,20.8,35.2,28.0,197.4,43.0,19.0,33.1
2021-04-03,Dadra and Nagar Haveli and Daman and Diu,Daman,14.5,31.7,23.1,37.0,69.2,14.7,34.3
2017-10-05,Jharkhand,Ranchi,14.9,21.6,18.2,60.2,72.5,5.4,21.3
2015-08-07,Telangana,Hyderabad,28.0,37.2,32.6,157.7,73.1,11.7,23.2
2019-02-19,Rajasthan,Udaipur,29.3,40.6,35.0,10.3,55.8,19.9,21.4
2020-05-13,Haryana,Faridabad,12.4,34.3,23.3,10.6,48.6,8.3,31.6
2021-11-13,Lakshadweep,Kavaratti,15.4,32.8,24.1,37.1,61.5,18.3,27.7
2016-10-24,Dadra and Nagar Haveli and Daman and Diu,Daman,22.1,27.2,24.6,51.0,58.6,18.3,20.4
2022-05-06,Puducherry,Puducherry,22.7,28.7,25.7,46.4,69.1,8.0,26.7
2023-10-21,Tamil Nadu,Chennai,25.5,31.8,28.6,56.2,59.2,5.5,20.7
2017-09-16,Tripura,Agartala,12.0,26.8,19.4,79.2,74.0,8.4,26.6
2015-07-08,Gujarat,Rajkot,16.5,39.8,28.2,27.4,35.7,12.2,21.0
2015-09-12,Odisha,Bhubaneswar,28.7,34.5,31.6,69.9,52.1,20.1,26.5
2015-03-09,Gujarat,Surat,27.9,39.3,33.6,48.6,60.7,10.7,22.9
2016-09-07,Haryana,Faridabad,12.3,24.4,18.4,53.5,45.7,9.7,23.0
2021-07-11,Maharashtra,Mumbai,20.1,38.8,29.4,252.2,77.0,16.8,26.0
2022-06-11,Andhra Pradesh,Krishna,20.0,25.2,22.6,112.5,51.8,12.2,31.2
2022-11-08,Madhya Pradesh,Bhopal,25.6,37.6,31.6,35.5,33.3,6.9,20.4
2017-05-23,Assam,Kamrup,22.2,29.7,26.0,75.3,81.8,19.5,31.2
2024-07-12,West Bengal,Kolkata,12.1,36.0,24.0,145.6,81.6,19.2,24.2
2021-06-05,Manipur,Imphal,17.8,25.6,21.7,216.7,79.2,14.4,35.0
2019-06-14,Ladakh,Leh,13.8,20.8,17.3,299.6,55.0,20.9,25.3
2015-12-23,Assam,Tinsukia,19.4,24.4,21.9,88.1,85.8,14.3,26.3
2015-09-13,Bihar,Purnia,15.2,32.7,24.0,262.2,59.9,16.1,28.4
2017-10-04,Chhattisgarh,Raipur,11.8,27.7,19.8,38.2,56.7,11.1,26.3
2021-07-28,Uttar Pradesh,Varanasi,29.2,39.3,34.2,78.2,36.9,22.7,23.0
2019-10-22,Tripura,Agartala,17.0,22.2,19.6,61.8,71.7,15.4,23.6
2024-11-01,Jharkhand,Ranchi,15.6,27.7,21.6,33.1,46.7,8.5,23.3
2022-01-15,Haryana,Gurgaon,5.5,20.6,13.0,41.9,48.8,7.8,26.9
2025-09-13,Kerala,Kozhikode,22.1,28.3,25.2,391.1,80.2,12.4,22.8
2023-03-17,Assam,Dibrugarh,10.3,20.9,15.6,144.9,73.9,9.9,26.3
2022-09-04,Uttarakhand,Dehradun,24.8,32.1,28.4,46.6,68.7,21.5,26.8
2025-04-23,Tamil Nadu,Madurai,24.0,31.2,27.6,50.1,64.8,19.4,25.4
2015-10-11,Delhi,New Delhi,15.5,25.0,20.2,73.7,40.3,9.4,29.7
2024-04-06,Maharashtra,Nashik,19.9,36.8,28.4,74.8,80.8,18.1,30.8
2015-04-09,Tamil Nadu,Madurai,24.4,30.7,27.6,15.4,75.6,14.2,33.0
2015-07-16,Dadra and Nagar Haveli and Daman and Diu,Daman,10.3,33.7,22.0,40.4,76.2,10.9,22.6
2021-12-04,Madhya Pradesh,Bhopal,29.2,37.7,33.4,43.2,66.0,9.4,21.4
2017-05-27,Kerala,Thrissur,23.6,31.1,27.4,124.8,60.2,13.7,30.2
2024-01-11,Jammu and Kashmir,Srinagar,17.0,26.6,21.8,74.7,41.1,12.6,29.8
2020-02-12,Nagaland,Kohima,24.2,30.5,27.4,62.9,72.2,19.4,25.1
2022-04-16,Rajasthan,Jodhpur,23.2,41.4,32.3,40.0,32.4,15.2,31.7
2022-04-19,Andhra Pradesh,Visakhapatnam,28.6,37.8,33.2,39.8,59.3,19.5,28.4
2018-10-20,Himachal Pradesh,Kangra,5.1,25.9,15.5,42.3,47.3,10.4,22.0
2021-08-12,Tamil Nadu,Coimbatore,21.7,27.6,24.6,272.3,63.0,8.9,26.5
2016-07-23,Maharashtra,Nagpur,21.6,28.8,25.2,481.7,43.4,13.8,26.2
2022-03-22,Karnataka,Hubli,27.9,33.3,30.6,93.8,79.6,16.7,21.0
2023-08-13,Gujarat,Vadodara,19.9,29.5,24.7,116.2,34.8,20.2,26.8
2017-12-01,Dadra and Nagar Haveli and Daman and Diu,Daman,22.9,29.5,26.2,48.4,74.0,5.8,25.5
2016-02-26,Telangana,Nizamabad,26.7,34.8,30.8,33.0,41.3,12.3,26.0
2022-11-23,Uttar Pradesh,Lucknow,25.0,31.0,28.0,27.9,42.9,8.1,22.5
2018-04-19,Chandigarh,Chandigarh,15.4,31.1,23.2,35.5,42.5,10.2,26.1
2016-06-28,Puducherry,Puducherry,13.2,20.4,16.8,292.2,75.2,17.4,27.5
2015-03-12,Chhattisgarh,Raipur,12.6,32.3,22.4,10.1,67.7,9.4,24.9
2024-12-18,Chhattisgarh,Raipur,20.9,26.2,23.5,17.3,65.9,18.8,22.6
2023-09-12,Odisha,Bhubaneswar,17.2,38.7,28.0,351.5,81.8,9.9,29.2
2018-05-08,West Bengal,Darjeeling,20.5,33.8,27.2,62.2,64.2,6.7,27.2
2023-09-08,Uttar Pradesh,Varanasi,20.9,31.0,26.0,46.3,65.5,15.9,20.4
2017-02-06,Tamil Nadu,Madurai,25.4,36.9,31.2,79.8,82.4,10.1,20.9
2021-06-12,Chandigarh,Chandigarh,20.7,34.1,27.4,109.3,50.6,18.7,32.3
2025-01-05,Assam,Kamrup,22.4,33.1,27.8,75.1,74.8,17.1,22.7
2019-09-03,West Bengal,Darjeeling,12.0,21.6,16.8,272.5,72.8,9.1,23.0
2021-08-21,Delhi,New Delhi,21.2,33.8,27.5,56.4,60.7,10.2,27.2
2016-10-16,Assam,Dibrugarh,12.4,19.1,15.8,80.1,63.3,17.2,28.3
2022-06-18,Chhattisgarh,Raipur,17.7,29.7,23.7,57.1,51.1,9.8,27.1
2021-09-12,Odisha,Bhubaneswar,20.9,35.5,28.2,302.1,65.6,12.4,28.1
2019-12-02,Andhra Pradesh,Guntur,24.4,35.3,29.8,27.3,52.0,7.5,27.1
2015-08-09,Himachal Pradesh,Mandi,5.5,13.0,9.2,206.9,59.1,8.3,29.9
2025-01-14,Chhattisgarh,Raipur,15.7,30.1,22.9,73.9,65.4,9.7,24.9
2015-07-01,Puducherry,Puducherry,11.5,19.6,15.6,107.3,43.4,9.7,28.4
2015-11-03,Delhi,New Delhi,13.7,24.0,18.8,17.2,56.2,15.5,29.5
