Date,State,District,Soil_Type,pH,EC,N,P,K,OC
10-09-2023,Jharkhand,Ranchi,Loamy,7,1.47,227,22,217,0.85
08-08-2024,Kerala,Ernakulam,Laterite,6.7,0.82,127,18,157,0.91
10-05-2017,Bihar,Gaya,Alluvial,6.7,0.47,280,30,253,1.32
18-07-2018,Dadra and Nagar Haveli and Daman and Diu,Daman,Loamy,7,1.32,178,39,200,0.99
04-02-2018,Nagaland,Kohima,Loamy,7.5,0.85,255,38,360,1.22
31-12-2017,Meghalaya,Shillong,Loamy,6,0.55,205,15,223,1.24
30-04-2025,Ladakh,Leh,Sandy Loam,7.2,0.46,122,24,125,0.85
20-06-2023,Tripura,Agartala,Loamy,5.3,0.78,254,21,246,0.78
27-06-2019,Tamil Nadu,Chennai,Red,5.8,0.68,117,14,220,0.55
09-12-2020,Kerala,Thrissur,Laterite,5,0.02,131,18,75,0.59
11-04-2016,Puducherry,Puducherry,Loamy,6.9,0.51,218,24,302,1.19
23-05-2018,Ladakh,Leh,Sandy Loam,6.6,0.18,133,17,100,0.75
27-11-2015,Assam,Cachar,Alluvial,7.2,0.69,221,26,220,1.32
22-01-2019,Himachal Pradesh,Kangra,Sandy Loam,6.9,0.09,72,23,173,0.59
05-11-2020,Nagaland,Kohima,Loamy,7.6,1.48,145,36,318,1.3
06-06-2024,Jammu and Kashmir,Srinagar,Loamy,7.5,1.21,206,42,265,1
07-09-2023,Puducherry,Puducherry,Loamy,7.8,1.02,135,42,303,1.33
29-12-2022,Maharashtra,Nagpur,Red,5.4,0.16,135,10,131,0.44
24-03-2025,Bihar,Patna,Alluvial,7.1,0.04,213,45,329,1.2
11-05-2015,Andaman and Nicobar Islands,Port Blair,Loamy,6.8,0.71,260,34,340,1.02
13-08-2019,Manipur,Imphal,Loamy,6.9,1,129,28,356,0.87
03-04-2024,West Bengal,Darjeeling,Red,6.4,0.35,183,20,191,0.89
08-02-2017,Meghalaya,Shillong,Loamy,7.3,0.76,277,17,207,0.98
19-07-2021,Kerala,Kozhikode,Laterite,6.3,1.28,95,28,133,0.79
24-02-2019,Chhattisgarh,Raipur,Loamy,6.3,0.6,242,22,227,1.2
17-07-2024,Puducherry,Puducherry,Loamy,4.7,0.94,109,18,277,0.61
24-10-2022,Andhra Pradesh,Krishna,Alluvial,5.7,0.09,241,28,360,1.27
30-08-2021,Lakshadweep,Kavaratti,Loamy,6.3,0.52,269,17,232,0.96
30-04-2018,Uttar Pradesh,Lucknow,Sandy,7.2,1.31,124,18,80,0.63
13-08-2017,Mizoram,Aizawl,Loamy,6.4,0.52,267,29,182,0.96
13-05-2021,Uttarakhand,Dehradun,Loamy,6.9,0.74,198,33,366,1.12
30-03-2018,Telangana,Warangal,Red,6.6,0.63,124,27,178,1.01
04-04-2016,Jammu and Kashmir,Srinagar,Loamy,6.7,0.25,159,25,312,0.99
08-04-2024,Uttar Pradesh,Lucknow,Sandy,6,0.28,90,18,99,0.65
22-01-2015,Tamil Nadu,Madurai,Red,6.4,0.65,84,19,202,0.46
19-04-2021,Sikkim,Gangtok,Loamy,6,0.32,185,42,181,1.09
17-01-2017,Bihar,Patna,Alluvial,7.5,0.28,284,41,252,1.43
14-12-2022,Himachal Pradesh,Kangra,Sandy Loam,8.6,2.31,118,32,178,0.66
11-12-2024,Bihar,Muzaffarpur,Alluvial,5.6,0.69,143,21,287,1.04
19-04-2016,Gujarat,Rajkot,Sandy,6.6,0.25,119,16,87,0.75
18-12-2017,Tamil Nadu,Chennai,Red,6.1,0.47,187,28,124,0.65
02-01-2022,Arunachal Pradesh,Itanagar,Loamy,7.4,1.27,264,22,270,0.82
11-04-2025,Telangana,Hyderabad,Black,7.5,0.47,226,16,193,0.74
09-08-2020,Dadra and Nagar Haveli and Daman and Diu,Daman,Loamy,6.4,0.69,182,21,191,0.75
17-09-2024,Dadra and Nagar Haveli and Daman and Diu,Daman,Loamy,6.6,0.34,139,18,310,1.1
10-07-2022,Puducherry,Puducherry,Loamy,7.5,1.43,133,29,203,0.95
02-09-2017,Telangana,Hyderabad,Black,6.4,0.64,186,37,215,0.99
12-12-2019,Uttar Pradesh,Lucknow,Sandy,6.1,0.26,62,5,141,0.57
09-07-2015,Meghalaya,Shillong,Loamy,6.4,0.5,233,32,347,0.72
25-03-2023,Madhya Pradesh,Bhopal,Black,7.9,0.94,131,30,260,0.73
27-06-2022,Manipur,Imphal,Loamy,6.2,0.18,141,14,349,1.24
25-03-2023,Uttarakhand,Dehradun,Loamy,5.5,0.25,217,12,180,1.14
16-07-2016,Bihar,Patna,Alluvial,7.5,0.57,158,26,215,0.94
14-03-2020,Meghalaya,Shillong,Loamy,6.7,0.56,149,29,245,1
17-12-2024,Chandigarh,Chandigarh,Loamy,8.8,2.07,153,49,306,1.33
21-06-2018,Chandigarh,Chandigarh,Loamy,6,0.43,265,33,193,1.21
19-11-2022,Ladakh,Leh,Sandy Loam,6.7,0.88,78,14,143,0.58
09-03-2019,Assam,Kamrup,Laterite,6.3,0.75,85,21,197,0.61
08-10-2023,Sikkim,Gangtok,Loamy,5.2,0.91,163,9,330,0.94
26-09-2024,Sikkim,Gangtok,Loamy,7.5,1.43,216,31,264,1.07
26-08-2025,Kerala,Kozhikode,Red,5.4,0.19,90,7,121,0.91
08-10-2016,Rajasthan,Jodhpur,Desert,7.8,0.22,114,9,118,0.31
30-08-2020,Bihar,Patna,Alluvial,6.9,0.92,199,40,262,0.87
28-11-2022,Dadra and Nagar Haveli and Daman and Diu,Daman,Loamy,6.2,0.16,266,32,285,0.95
23-01-2021,Dadra and Nagar Haveli and Daman and Diu,Daman,Loamy,6.2,0.62,146,42,272,1.12
21-07-2018,Tamil Nadu,Coimbatore,Red,5.6,0.26,194,15,143,0.51
01-09-2021,Punjab,Patiala,Alluvial,6.8,0.26,231,23,356,1.33
23-08-2016,Manipur,Imphal,Loamy,6,0.44,131,39,312,1.24
21-06-2021,Tamil Nadu,Chennai,Red,5.6,0.23,141,10,204,0.71
23-08-2020,West Bengal,Darjeeling,Alluvial,6.5,0.42,278,46,368,1.27
30-08-2015,Meghalaya,Shillong,Loamy,6.2,0.64,234,45,277,0.86
03-08-2020,Rajasthan,Jaipur,Desert,8.3,1.04,61,11,96,0.33
25-09-2022,Manipur,Imphal,Loamy,8.2,1.85,198,49,207,1.25
10-05-2024,Mizoram,Aizawl,Loamy,6.4,0.06,197,17,330,0.88
25-02-2022,Madhya Pradesh,Bhopal,Black,6,0.15,206,35,194,0.62
24-01-2023,Odisha,Bhubaneswar,Red,6.5,0.76,104,26,161,0.54
25-09-2018,Chandigarh,Chandigarh,Loamy,7.1,0.76,206,20,349,1.28
09-11-2020,Nagaland,Kohima,Loamy,5.9,0.64,196,29,340,1.2
22-10-2018,Maharashtra,Pune,Black,7.6,0.58,148,27,180,0.82
23-03-2023,Ladakh,Leh,Sandy Loam,7.5,0.52,79,12,122,0.94
18-01-2019,Ladakh,Leh,Sandy Loam,7.1,0.34,62,20,140,0.77
31-07-2024,Punjab,Amritsar,Alluvial,6.5,0.56,154,26,275,1.09
31-12-2021,Odisha,Bhubaneswar,Laterite,5.1,0.43,116,25,153,0.82
14-02-2017,Gujarat,Vadodara,Black,7.6,0.92,197,22,328,1.06
04-02-2015,Bihar,Gaya,Alluvial,7.4,0.29,225,37,266,1.39
03-03-2021,Puducherry,Puducherry,Loamy,7.2,0.93,282,24,318,1.06
19-08-2023,Arunachal Pradesh,Itanagar,Loamy,6.4,0.11,245,28,205,0.83
09-05-2020,Chhattisgarh,Raipur,Loamy,6.2,0.54,118,43,352,1.27
05-05-2019,Jharkhand,Ranchi,Loamy,6.7,0.53,158,44,187,1.05
21-06-2024,Lakshadweep,Kavaratti,Loamy,6.1,0.42,134,41,286,1.24
01-06-2023,Madhya Pradesh,Bhopal,Red,8.1,2.25,200,32,256,1.05
18-10-2017,Chhattisgarh,Raipur,Loamy,6.3,0.66,152,33,303,1.3
23-06-2024,Jharkhand,Ranchi,Loamy,6.8,0.57,236,41,235,0.74
26-02-2022,Jharkhand,Ranchi,Loamy,5.6,0.22,232,33,231,0.88
03-02-2018,Uttarakhand,Dehradun,Loamy,5.8,0.45,171,36,303,1
10-07-2025,Rajasthan,Jodhpur,Desert,8.8,1.32,73,18,108,0.31
29-08-2025,Haryana,Hisar,Sandy,7,0.56,96,13,94,0.54
09-02-2019,Andhra Pradesh,Visakhapatnam,Alluvial,7.7,1.04,173,40,407,1.25
03-12-2016,West Bengal,Kolkata,Red,6,0.45,168,20,187,0.83
15-09-2021,Maharashtra,Nagpur,Red,6.9,0.77,102,18,185,0.65
09-08-2022,Rajasthan,Udaipur,Sandy,6.1,0.19,99,9,70,0.71
29-04-2019,Chandigarh,Chandigarh,Loamy,6.3,0.68,268,31,339,0.78
11-06-2015,Rajasthan,Jaipur,Sandy,6,0.28,87,15,144,0.34
21-07-2015,Himachal Pradesh,Mandi,Sandy Loam,6.6,0.28,106,21,119,0.41
04-06-2020,Mizoram,Aizawl,Loamy,6.9,0.91,149,23,229,0.99
22-09-2017,Chhattisgarh,Raipur,Loamy,7.2,0.63,151,23,251,1.08
06-05-2021,Dadra and Nagar Haveli and Daman and Diu,Daman,Loamy,5.4,0.82,120,10,200,0.63
26-03-2017,Odisha,Bhubaneswar,Red,5.7,0.36,164,21,223,0.55
25-02-2024,Ladakh,Leh,Sandy Loam,6.4,0.04,68,23,81,0.55
31-03-2016,Delhi,New Delhi,Loamy,6.5,0.43,145,17,234,1.23
03-09-2024,Madhya Pradesh,Bhopal,Black,6.6,0.16,127,18,330,0.63
26-05-2025,Maharashtra,Mumbai,Red,5.8,0.03,188,28,215,0.55
29-06-2018,Delhi,New Delhi,Loamy,6.6,0.32,183,33,201,0.92
13-10-2017,Andaman and Nicobar Islands,Port Blair,Loamy,6.6,0.38,176,14,323,1.22
01-05-2025,Ladakh,Leh,Sandy Loam,5.6,1.36,111,11,129,0.24
01-06-2021,Jharkhand,Ranchi,Loamy,6.5,0.85,265,37,259,0.94
24-05-2025,Dadra and Nagar Haveli and Daman and Diu,Daman,Loamy,7.6,1.33,277,36,340,0.92
30-07-2022,Goa,North Goa,Loamy,7,1.35,134,33,279,1.21
17-06-2025,Andhra Pradesh,Visakhapatnam,Black,6.8,0.28,106,15,331,0.63
04-12-2015,Gujarat,Vadodara,Black,7.3,0.55,233,34,269,0.61
28-05-2017,Uttarakhand,Dehradun,Loamy,7.1,0.52,231,17,314,0.9
12-12-2017,Rajasthan,Jaipur,Desert,7.6,0.34,54,8,70,0.58
02-03-2017,West Bengal,Howrah,Red,5.9,0.77,141,31,233,0.7
14-03-2021,Meghalaya,Shillong,Loamy,6.4,0.09,205,15,233,0.79
02-02-2017,Tamil Nadu,Chennai,Red,6.5,0.44,90,25,225,0.94
13-02-2021,Punjab,Amritsar,Alluvial,7.9,1.74,274,30,255,0.96
15-01-2016,Tripura,Agartala,Loamy,7.2,0.49,236,36,216,0.73
07-05-2016,West Bengal,Kolkata,Red,6,0.35,198,16,230,0.61
10-07-2023,Chhattisgarh,Raipur,Loamy,6.7,1.02,130,30,328,0.87
26-03-2018,Rajasthan,Udaipur,Sandy,7.1,0.71,135,19,137,0.61
24-08-2020,Nagaland,Kohima,Loamy,6.7,0.88,154,37,312,1.14
20-08-2025,Goa,North Goa,Loamy,5.9,0.26,260,27,241,0.99
06-03-2015,Andaman and Nicobar Islands,Port Blair,Loamy,6.5,0.41,159,42,276,0.99
15-09-2025,Odisha,Bhubaneswar,Red,6.1,0.41,91,25,182,0.46
12-01-2022,Delhi,New Delhi,Loamy,6.7,0.31,204,35,258,1.21
29-09-2018,Andhra Pradesh,Guntur,Black,7.1,0.02,240,14,139,0.77
26-02-2018,Assam,Kamrup,Laterite,6.2,0.75,94,25,194,0.89
20-07-2020,Rajasthan,Jaipur,Desert,8.3,0.93,63,13,109,0.48
19-05-2022,Jammu and Kashmir,Srinagar,Loamy,6.4,0.43,132,28,255,0.91
04-02-2019,Assam,Tinsukia,Alluvial,7.5,0.7,162,23,214,1.11
01-08-2023,Tripura,Agartala,Loamy,6.1,0.07,154,29,289,0.91
08-03-2018,Punjab,Amritsar,Alluvial,6.7,0.77,299,34,282,1.14
03-03-2019,Puducherry,Puducherry,Loamy,6.4,0.4,195,15,253,0.77
25-03-2022,Rajasthan,Jaipur,Desert,6.5,0.2,108,4,72,0.26
27-01-2016,Tamil Nadu,Madurai,Red,5.6,0.26,92,10,209,0.77
26-08-2019,Goa,North Goa,Loamy,6.5,0.42,198,28,248,0.99
23-02-2016,Madhya Pradesh,Bhopal,Red,6.6,0.58,132,18,184,0.69
25-05-2021,Tamil Nadu,Chennai,Alluvial,7.5,0.79,287,42,398,1.26
14-01-2016,Himachal Pradesh,Mandi,Sandy Loam,7.3,0.28,81,17,142,0.56
02-12-2019,Mizoram,Aizawl,Loamy,6.6,0.54,261,23,234,0.9
01-10-2024,Arunachal Pradesh,Itanagar,Loamy,6.2,0.28,253,39,169,1.22
28-03-2021,Odisha,Bhubaneswar,Red,6.3,0.33,125,20,146,0.76
24-05-2023,Odisha,Bhubaneswar,Laterite,5.6,0.39,133,20,135,0.55
19-09-2020,Gujarat,Rajkot,Black,7.3,0.28,113,26,242,0.6
27-06-2023,Punjab,Patiala,Alluvial,8.1,1.31,289,35,409,0.95
22-12-2020,Himachal Pradesh,Kangra,Sandy Loam,6.9,0.55,87,22,143,0.43
20-07-2015,Mizoram,Aizawl,Loamy,6.2,0.8,264,24,277,0.89
07-02-2020,Uttarakhand,Dehradun,Loamy,8.2,2,190,45,294,1.06
18-02-2017,Arunachal Pradesh,Itanagar,Loamy,6.6,0.64,162,25,348,1.11
25-02-2023,Ladakh,Leh,Sandy Loam,7.7,0.79,120,27,117,0.54
02-07-2023,Odisha,Bhubaneswar,Laterite,3.3,1.39,160,9,134,0.74
17-07-2023,Mizoram,Aizawl,Loamy,7,0.51,147,18,186,0.9
17-05-2016,Chhattisgarh,Raipur,Loamy,5.9,0.42,162,38,179,1.19
20-09-2021,Nagaland,Kohima,Loamy,6.8,0.31,234,41,211,1.26
24-12-2024,Gujarat,Rajkot,Black,7.6,1.3,205,34,304,0.72
18-10-2019,Mizoram,Aizawl,Loamy,6.8,0.88,165,22,212,0.96
15-03-2017,Ladakh,Leh,Sandy Loam,7.1,0.26,132,10,133,0.65
16-11-2020,Bihar,Gaya,Alluvial,7.5,0.64,236,45,231,0.81
24-06-2022,Tripura,Agartala,Loamy,5.7,0.24,159,32,336,0.85
10-03-2020,Chhattisgarh,Raipur,Loamy,6.4,0.5,142,18,199,0.97
05-08-2022,Chandigarh,Chandigarh,Loamy,7.9,1.51,213,22,324,1
20-04-2019,Kerala,Ernakulam,Laterite,4.7,0.13,103,11,176,0.91
18-08-2017,Bihar,Purnia,Alluvial,6.6,0.4,157,37,386,0.96
07-06-2025,Telangana,Nizamabad,Black,6.3,0.49,127,27,171,0.91
14-04-2022,Andaman and Nicobar Islands,Port Blair,Loamy,6.4,0.25,173,18,188,1
25-01-2019,Himachal Pradesh,Mandi,Loamy,7.5,1.01,193,33,236,0.83
14-05-2022,Bihar,Gaya,Alluvial,4.8,1.22,221,28,186,1.3
07-07-2025,Telangana,Warangal,Red,5.1,0.76,116,13,150,0.38
25-10-2017,Maharashtra,Mumbai,Red,5.8,0.37,170,16,196,0.83
03-01-2024,Chhattisgarh,Raipur,Loamy,6.6,0.97,211,42,323,1.25
17-05-2016,Nagaland,Kohima,Loamy,7.1,0.52,256,25,241,1.24
15-09-2022,Odisha,Bhubaneswar,Red,5.5,0.01,102,26,174,0.8
02-02-2016,Kerala,Thrissur,Laterite,6.3,0.55,75,15,133,0.59
20-05-2017,Nagaland,Kohima,Loamy,6.7,0.21,174,34,263,1.13
13-10-2022,Mizoram,Aizawl,Loamy,5.8,0.37,135,21,228,1.17
28-01-2016,Chandigarh,Chandigarh,Loamy,7,0.86,217,23,240,0.9
26-07-2015,Telangana,Hyderabad,Black,7.2,0.53,122,16,194,0.66
04-11-2017,Karnataka,Bangalore,Black,7.3,0.13,206,23,160,1.06
25-02-2020,Jammu and Kashmir,Srinagar,Loamy,6.3,0.42,145,34,293,0.8
04-12-2024,Tamil Nadu,Chennai,Red,6,1.03,122,16,185,0.99
18-01-2023,Mizoram,Aizawl,Loamy,5.5,0.65,142,12,316,0.96
24-01-2019,Andhra Pradesh,Chittoor,Alluvial,7.4,1.24,269,47,398,1.17
20-04-2025,Manipur,Imphal,Loamy,7.4,1.53,197,24,283,1.21
25-12-2024,Lakshadweep,Kavaratti,Loamy,5.7,0.7,134,21,297,0.82
13-05-2017,Himachal Pradesh,Kangra,Sandy Loam,6.5,0.43,69,17,93,0.43
22-08-2022,Manipur,Imphal,Loamy,8,1.9,247,44,338,1.08
26-01-2024,West Bengal,Kolkata,Alluvial,7.6,1.55,302,31,401,0.94
17-07-2016,Telangana,Hyderabad,Black,7.1,0.66,196,19,330,1.12
17-10-2017,Jammu and Kashmir,Srinagar,Loamy,7,0.6,199,35,280,1.04
06-04-2015,Sikkim,Gangtok,Loamy,6.4,0.53,132,26,305,1.27
07-04-2020,Uttarakhand,Dehradun,Loamy,6.8,0.42,232,17,232,1.1
24-10-2019,Odisha,Bhubaneswar,Laterite,5.7,0.43,164,16,92,0.56
07-12-2021,Kerala,Ernakulam,Laterite,5.7,0.1,154,10,131,0.8
10-07-2024,Punjab,Amritsar,Alluvial,6.5,0.06,284,24,289,1.37
28-03-2021,Andhra Pradesh,Krishna,Alluvial,6.8,0.7,223,40,257,1.05
28-08-2022,Rajasthan,Jodhpur,Desert,6.7,0.52,85,8,51,0.22
06-08-2019,Andhra Pradesh,Krishna,Alluvial,7.2,1.25,304,25,220,0.96
17-11-2023,Jharkhand,Ranchi,Loamy,6.3,0.2,258,15,234,0.79
24-06-2016,Lakshadweep,Kavaratti,Loamy,7.1,0.81,200,22,215,0.84
25-11-2017,Sikkim,Gangtok,Loamy,7,0.42,129,34,298,1.11
16-01-2022,Nagaland,Kohima,Loamy,7.5,1.18,256,48,207,1.02
29-03-2018,Lakshadweep,Kavaratti,Loamy,6.4,0.22,257,23,318,1.09
15-09-2025,Uttarakhand,Dehradun,Loamy,5,0.94,146,19,305,0.79
19-09-2019,West Bengal,Howrah,Alluvial,7.3,0.62,269,50,251,1.42
28-01-2024,Nagaland,Kohima,Loamy,7.8,1.56,167,22,297,1.4
24-08-2023,Andaman and Nicobar Islands,Port Blair,Loamy,7.2,0.82,256,40,238,0.74
25-12-2019,Nagaland,Kohima,Loamy,6.1,0.49,268,37,285,0.83
10-03-2022,Haryana,Faridabad,Sandy,7.1,0.78,137,14,145,0.55
22-06-2022,Dadra and Nagar Haveli and Daman and Diu,Daman,Loamy,6.2,0.25,128,42,276,0.97
17-02-2022,Puducherry,Puducherry,Loamy,7.7,1.43,211,46,206,0.84
17-05-2019,Gujarat,Ahmedabad,Sandy,5.8,0.45,84,14,96,0.73
19-05-2023,Ladakh,Leh,Sandy Loam,8,1.12,95,18,181,0.5
17-05-2022,Nagaland,Kohima,Loamy,7,0.61,157,42,345,0.87
06-03-2017,Himachal Pradesh,Shimla,Sandy Loam,6.6,0.4,137,22,126,0.85
17-11-2017,Himachal Pradesh,Shimla,Sandy Loam,6.8,0.13,144,8,159,0.53
02-07-2019,Haryana,Faridabad,Sandy,6.5,0.07,109,15,83,0.39
06-12-2024,Jammu and Kashmir,Srinagar,Loamy,7.5,1.56,176,49,267,0.82
25-09-2018,Nagaland,Kohima,Loamy,7,0.69,141,45,290,1
05-08-2025,Chhattisgarh,Raipur,Loamy,7.1,1.27,148,42,304,1.15
04-06-2020,Maharashtra,Mumbai,Black,6.7,0.57,214,23,308,0.8
16-09-2018,West Bengal,Darjeeling,Red,6.9,0.48,134,12,234,0.76
22-07-2019,Chandigarh,Chandigarh,Loamy,6.5,0.38,272,31,231,0.91
10-03-2019,Bihar,Patna,Alluvial,7.7,0.98,222,46,290,1
31-07-2020,Punjab,Amritsar,Alluvial,6.7,0.38,191,46,212,1.26
12-05-2024,Tripura,Agartala,Loamy,6,0.51,138,28,323,0.97
05-02-2019,West Bengal,Darjeeling,Alluvial,6.9,0.83,240,47,268,1.4
16-01-2024,Kerala,Kozhikode,Laterite,3.9,1.25,123,6,159,0.63
15-02-2021,Arunachal Pradesh,Itanagar,Loamy,7.5,0.67,178,17,236,1.25
10-01-2024,Maharashtra,Nashik,Black,6.6,0.49,225,30,296,0.8
09-11-2018,Sikkim,Gangtok,Loamy,7,0.5,186,27,342,1.03
01-11-2018,Dadra and Nagar Haveli and Daman and Diu,Daman,Loamy,6.1,0.46,215,29,288,0.8
30-07-2018,Tamil Nadu,Coimbatore,Alluvial,7.7,1.27,289,32,291,1.42
04-05-2022,Punjab,Patiala,Alluvial,8.2,1.3,235,25,230,0.88
29-04-2022,Bihar,Patna,Alluvial,8.9,2,236,53,353,1.38
30-08-2017,Manipur,Imphal,Loamy,6.4,0.5,152,24,234,1.12
04-11-2019,Telangana,Warangal,Black,6.6,0.5,112,18,248,1.13
06-07-2018,Tripura,Agartala,Loamy,7.2,1.01,148,33,257,1.01
23-05-2024,Andhra Pradesh,Krishna,Black,8.2,1.4,164,22,366,0.77
10-12-2016,Gujarat,Surat,Sandy,6.5,0.2,89,7,71,0.33
19-01-2019,Dadra and Nagar Haveli and Daman and Diu,Daman,Loamy,6.4,0.58,213,33,214,0.89
05-12-2018,Kerala,Kozhikode,Red,6.6,0.34,121,25,217,0.54
10-10-2016,Chhattisgarh,Raipur,Loamy,7.3,0.46,132,33,312,1.29
14-11-2015,Kerala,Kozhikode,Laterite,5.9,0.32,118,17,88,0.74
06-04-2025,Nagaland,Kohima,Loamy,6.4,0.59,223,20,216,0.84
10-01-2024,Arunachal Pradesh,Itanagar,Loamy,7.7,1.08,222,30,245,1.29
26-08-2025,Jharkhand,Ranchi,Loamy,6.1,0.49,156,33,183,1.06
11-06-2018,Manipur,Imphal,Loamy,7.1,0.74,269,30,223,1.04
14-11-2016,Chandigarh,Chandigarh,Loamy,6.5,0.42,188,35,193,0.9
25-10-2016,Mizoram,Aizawl,Loamy,7.1,0.26,214,38,321,0.72
21-06-2020,Bihar,Gaya,Alluvial,7.4,0.84,235,35,211,1.2
03-09-2025,Gujarat,Ahmedabad,Sandy,7.8,1.79,74,14,92,0.46
07-06-2024,Dadra and Nagar Haveli and Daman and Diu,Daman,Loamy,6.2,0.27,213,30,294,0.86
01-04-2025,Puducherry,Puducherry,Loamy,5.4,1.03,108,26,321,0.92
20-06-2019,Goa,North Goa,Loamy,6.5,0.22,195,34,320,0.79
04-02-2019,Puducherry,Puducherry,Loamy,6.1,0.28,171,24,326,0.96
18-01-2024,Manipur,Imphal,Loamy,6,0.12,192,32,183,0.75
21-04-2025,Maharashtra,Nashik,Black,7.6,0.74,226,22,340,1
10-02-2018,Goa,North Goa,Loamy,5.7,0.12,115,16,314,1.01
28-01-2020,Lakshadweep,Kavaratti,Loamy,7.1,0.62,184,19,233,1.29
01-03-2019,Assam,Kamrup,Alluvial,5.7,0.43,216,42,303,1.19
25-10-2021,Assam,Tinsukia,Laterite,6.2,0.37,172,23,174,0.82
17-07-2016,Sikkim,Gangtok,Loamy,7,0.59,141,27,355,0.91
15-07-2018,Sikkim,Gangtok,Loamy,5.7,0,147,38,184,0.84
21-10-2024,Jharkhand,Ranchi,Loamy,4.8,0.56,207,28,223,0.7
14-08-2025,Assam,Cachar,Laterite,6.1,1.24,106,17,185,0.85
19-06-2024,Kerala,Thrissur,Laterite,5.9,0.87,182,25,196,0.78
20-06-2024,Andaman and Nicobar Islands,Port Blair,Loamy,4.8,0.8,202,17,307,0.66
20-09-2023,Mizoram,Aizawl,Loamy,7.6,1.53,196,22,252,1.06
25-06-2019,Gujarat,Surat,Black,7.9,1.71,187,28,338,1.04
13-02-2025,Madhya Pradesh,Bhopal,Black,5.6,0.5,213,33,261,0.69
19-03-2023,Arunachal Pradesh,Itanagar,Loamy,7.9,1.36,268,29,268,1.32
19-08-2023,Bihar,Patna,Alluvial,6.1,0.21,256,28,286,1.33
29-11-2016,Jharkhand,Ranchi,Loamy,6.4,0.4,134,36,196,0.93
30-11-2020,Telangana,Warangal,Red,6.7,0.61,183,18,247,0.54
02-01-2015,Mizoram,Aizawl,Loamy,7.2,0.55,272,30,265,0.97
03-10-2016,Goa,North Goa,Loamy,6.5,0.64,193,16,228,0.84
17-03-2021,Odisha,Bhubaneswar,Laterite,6.3,0.75,142,26,121,0.61
09-05-2019,Chhattisgarh,Raipur,Loamy,6.9,0.94,267,34,241,1.19
04-05-2017,Lakshadweep,Kavaratti,Loamy,6.4,0.51,252,31,243,0.73
26-10-2019,Jharkhand,Ranchi,Loamy,6.6,0.68,178,22,348,1.19
10-01-2024,Himachal Pradesh,Mandi,Loamy,5.3,0.49,210,14,315,1.21
29-08-2021,Uttarakhand,Dehradun,Loamy,6.7,0.74,236,44,345,0.76
06-07-2024,Madhya Pradesh,Bhopal,Black,7.9,0.85,180,37,203,1.17
20-07-2019,Odisha,Bhubaneswar,Red,5.3,0.32,151,15,203,0.84
27-02-2018,Rajasthan,Jaipur,Desert,7.6,0.23,81,14,39,0.31
12-12-2017,Telangana,Warangal,Black,7.3,0.53,237,32,248,1.1
04-09-2019,Bihar,Gaya,Alluvial,6.8,1.26,179,45,313,1.1
09-08-2022,Telangana,Hyderabad,Black,5.9,0.81,226,10,298,0.78
23-08-2019,Jammu and Kashmir,Srinagar,Loamy,6.6,0.16,208,42,327,0.96
30-09-2019,Assam,Kamrup,Laterite,6.8,0.84,97,18,127,0.71
10-12-2018,Bihar,Patna,Alluvial,6.2,0.87,196,51,394,1.47
13-04-2021,Jammu and Kashmir,Srinagar,Loamy,7.9,1.3,214,26,244,1.16
15-04-2017,Dadra and Nagar Haveli and Daman and Diu,Daman,Loamy,6.6,0.49,261,35,229,0.96
11-08-2024,Tripura,Agartala,Loamy,7.2,1.42,154,21,351,1.3
22-07-2015,Madhya Pradesh,Bhopal,Black,7.4,0.64,110,30,153,0.79
30-11-2023,Bihar,Gaya,Alluvial,8.3,1.25,300,32,280,1.33
03-05-2015,Maharashtra,Mumbai,Red,6.6,0.22,191,14,233,0.64
05-02-2016,Madhya Pradesh,Bhopal,Red,6.7,0.7,103,29,140,0.56
05-02-2017,Uttarakhand,Dehradun,Loamy,7,0.38,208,36,335,1.26
21-10-2015,Goa,North Goa,Loamy,6.9,0.63,189,18,308,1.3
16-05-2021,Mizoram,Aizawl,Loamy,8.3,2.12,224,29,379,1.26
13-09-2025,Ladakh,Leh,Sandy Loam,6.4,0.15,151,23,113,0.41
10-01-2023,Jammu and Kashmir,Srinagar,Loamy,7.7,1.61,133,23,264,0.89
29-01-2025,Mizoram,Aizawl,Loamy,7.9,2.44,269,47,363,1.28
17-07-2015,Arunachal Pradesh,Itanagar,Loamy,7.2,0.39,154,24,356,1.29
18-04-2023,Madhya Pradesh,Bhopal,Red,7.3,1.26,150,33,219,1.04
14-04-2020,Arunachal Pradesh,Itanagar,Loamy,6.5,0.19,266,27,335,0.85
22-10-2024,West Bengal,Kolkata,Red,5.3,0.68,144,14,223,0.7
31-08-2022,Uttar Pradesh,Varanasi,Sandy,6.5,0.5,63,20,84,0.45
31-12-2020,Sikkim,Gangtok,Loamy,7,0.6,142,38,342,0.74
31-08-2016,Assam,Kamrup,Laterite,6,0.42,147,11,172,0.52
17-12-2023,Jammu and Kashmir,Srinagar,Loamy,7.6,1.4,262,30,282,1.06
21-02-2018,Kerala,Kozhikode,Laterite,6.2,0.2,91,18,193,0.53
06-07-2015,Telangana,Hyderabad,Black,6.6,0.39,196,25,315,0.64
20-04-2024,Chhattisgarh,Raipur,Loamy,6.2,0.08,134,41,230,1.07
16-11-2021,Punjab,Patiala,Alluvial,6.2,0.23,271,42,268,1.16
13-05-2024,Madhya Pradesh,Bhopal,Red,6.7,1.4,114,14,156,0.59
30-11-2019,Kerala,Kozhikode,Red,5.7,0.14,167,13,197,0.7
21-10-2016,Madhya Pradesh,Bhopal,Black,7,0.79,244,16,258,0.73
12-09-2022,Jharkhand,Ranchi,Loamy,7,0.9,216,33,360,1.07
22-03-2023,Delhi,New Delhi,Loamy,6.2,0.17,161,25,280,1.01
09-05-2020,Meghalaya,Shillong,Loamy,7.2,0.92,175,36,213,0.9
16-09-2021,Jammu and Kashmir,Srinagar,Loamy,6.5,0.97,271,41,244,1.3
01-10-2018,Assam,Tinsukia,Alluvial,6.1,0.13,295,44,286,1.23
09-06-2020,Chhattisgarh,Raipur,Loamy,5.7,0.01,261,13,310,0.68
15-03-2019,Uttar Pradesh,Varanasi,Sandy,6.7,0.59,121,7,97,0.62
27-05-2015,Karnataka,Hubli,Red,5.7,0.47,190,10,196,0.44
25-10-2023,Gujarat,Rajkot,Sandy,7.7,1.83,109,25,112,0.78
21-12-2022,Jharkhand,Ranchi,Loamy,5.6,0.31,243,35,221,1.08
01-10-2019,Puducherry,Puducherry,Loamy,6.1,0.48,270,14,255,1.07
18-01-2020,Assam,Kamrup,Laterite,6,0,84,8,165,0.5
03-05-2016,Haryana,Hisar,Alluvial,6.3,0.6,241,41,280,1.35
24-02-2023,Dadra and Nagar Haveli and Daman and Diu,Daman,Loamy,7.2,0.97,159,33,288,1.15
13-05-2020,Karnataka,Bangalore,Red,6.9,0.32,89,12,213,0.49
22-07-2019,Gujarat,Ahmedabad,Black,6.5,0.18,224,27,327,0.88
11-02-2022,Arunachal Pradesh,Itanagar,Loamy,6.9,1.12,286,40,204,1.2
13-07-2021,Goa,North Goa,Loamy,5.2,0.29,120,19,215,0.7
29-12-2022,Lakshadweep,Kavaratti,Loamy,6.1,0.23,163,40,225,0.86
02-10-2016,Punjab,Patiala,Alluvial,7.5,0.57,283,44,350,0.89
08-12-2019,Puducherry,Puducherry,Loamy,5.6,0.15,254,30,209,0.71
25-11-2021,Meghalaya,Shillong,Loamy,6.8,0.95,192,36,320,1.25
23-05-2020,Tripura,Agartala,Loamy,7.2,0.84,234,47,353,1.27
07-01-2021,Kerala,Ernakulam,Red,7.2,1.17,116,32,180,0.54
09-12-2018,Gujarat,Ahmedabad,Sandy,5.9,0.11,91,5,119,0.67
23-03-2024,Mizoram,Aizawl,Loamy,6.1,0.47,161,23,315,0.86
23-06-2019,Karnataka,Hubli,Red,5.8,0.64,142,30,246,0.53
20-09-2015,Goa,North Goa,Loamy,6.9,0.3,140,31,225,0.76
23-11-2019,Tamil Nadu,Coimbatore,Red,5.8,0.18,140,29,116,0.61
31-12-2020,Uttarakhand,Dehradun,Loamy,6.9,1.44,284,35,285,0.89
21-07-2021,Goa,North Goa,Loamy,6.3,0.09,219,13,269,1.01
15-09-2016,Arunachal Pradesh,Itanagar,Loamy,6.3,0.59,216,40,232,1.24
13-10-2017,Sikkim,Gangtok,Loamy,6.8,0.37,134,22,350,0.87
22-12-2024,Punjab,Ludhiana,Alluvial,6.3,0.56,190,28,268,1
30-05-2017,Tripura,Agartala,Loamy,6.5,0.59,250,38,196,1.17
11-08-2020,Manipur,Imphal,Loamy,7.7,1.13,223,40,232,0.85
23-01-2023,Andaman and Nicobar Islands,Port Blair,Loamy,7,0.59,143,25,247,1.29
20-08-2018,Haryana,Hisar,Alluvial,7.5,0.83,228,48,283,0.97
20-04-2021,Delhi,New Delhi,Loamy,7.4,1.77,212,40,326,0.83
12-03-2025,Sikkim,Gangtok,Loamy,6.3,0.67,209,33,235,1.09
28-03-2016,Chhattisgarh,Raipur,Loamy,6.9,0.73,253,31,213,1.1
06-07-2023,Nagaland,Kohima,Loamy,6.4,0.02,125,39,270,0.85
29-03-2018,Chandigarh,Chandigarh,Loamy,6.3,0.31,192,24,276,1.15
21-05-2023,Dadra and Nagar Haveli and Daman and Diu,Daman,Loamy,5.7,0.24,121,13,261,0.99
18-08-2020,Jharkhand,Ranchi,Loamy,6.8,1.18,228,45,221,1.2
18-01-2024,Manipur,Imphal,Loamy,6.8,0.61,256,16,276,0.84
06-09-2023,Nagaland,Kohima,Loamy,6.2,0.33,247,37,317,0.73
10-08-2019,Tamil Nadu,Chennai,Red,6.4,0.75,93,22,147,1
03-11-2022,Delhi,New Delhi,Loamy,7.5,1.18,275,28,352,0.95
05-03-2021,Meghalaya,Shillong,Loamy,6.6,1.03,129,48,213,1.08
28-02-2018,Jammu and Kashmir,Srinagar,Loamy,7.2,0.67,200,35,214,1.19
08-02-2016,Puducherry,Puducherry,Loamy,6.6,0.41,266,41,265,0.91
08-01-2021,West Bengal,Darjeeling,Alluvial,6.1,0.05,228,42,254,0.89
02-10-2020,Arunachal Pradesh,Itanagar,Loamy,6.5,0.18,196,22,335,0.72
27-09-2023,Chandigarh,Chandigarh,Loamy,7,0.45,261,37,198,1.2
24-08-2019,Madhya Pradesh,Bhopal,Red,6.5,0.71,168,24,218,0.76
19-09-2016,Meghalaya,Shillong,Loamy,6.2,0.66,122,26,309,0.95
09-08-2016,Chhattisgarh,Raipur,Loamy,6.7,0.58,171,23,184,0.87
07-07-2019,West Bengal,Darjeeling,Red,6.1,0.34,91,25,235,0.97
14-12-2018,Punjab,Ludhiana,Alluvial,6.9,0.1,249,43,342,1.45
16-12-2018,Telangana,Warangal,Red,6.5,0.59,112,29,128,0.95
14-04-2015,Uttarakhand,Dehradun,Loamy,7,0.3,253,23,339,1.11
28-09-2025,Chandigarh,Chandigarh,Loamy,6.4,0.09,126,38,203,0.88
11-09-2015,Uttarakhand,Dehradun,Loamy,6.2,0.37,140,41,186,1.29
12-01-2024,Uttar Pradesh,Kanpur,Alluvial,8.5,2.5,259,34,365,1.62
19-09-2023,Gujarat,Ahmedabad,Black,5.8,0.04,108,32,241,0.53
01-01-2022,Chhattisgarh,Raipur,Loamy,6.3,0.47,234,28,330,0.75
05-02-2019,Tamil Nadu,Coimbatore,Alluvial,7.2,0.96,238,32,321,1.02
09-04-2015,West Bengal,Darjeeling,Red,6.1,0.34,95,16,228,0.63
09-01-2021,Puducherry,Puducherry,Loamy,6.1,0.07,138,31,281,0.79
28-02-2020,Manipur,Imphal,Loamy,6.8,1,151,17,303,0.76
09-02-2023,Lakshadweep,Kavaratti,Loamy,6.6,0.56,212,18,348,1.08
03-04-2020,Uttar Pradesh,Kanpur,Sandy,6.3,0.45,65,6,115,0.64
27-05-2017,Dadra and Nagar Haveli and Daman and Diu,Daman,Loamy,6.5,0.08,215,30,293,1.21
04-12-2015,Odisha,Bhubaneswar,Red,6.6,0.69,197,25,243,0.92
05-05-2025,Himachal Pradesh,Kangra,Loamy,5.7,0.38,195,38,230,0.9
09-11-2022,Andaman and Nicobar Islands,Port Blair,Loamy,7,0.89,135,41,325,0.9
09-11-2023,Bihar,Gaya,Alluvial,5.7,0.15,161,24,363,1.17
19-05-2025,Assam,Tinsukia,Alluvial,6.8,0.18,273,45,302,1.43
14-08-2017,Andaman and Nicobar Islands,Port Blair,Loamy,7,0.45,164,17,183,0.8
01-09-2019,Karnataka,Hubli,Laterite,6.6,0.58,180,20,114,0.78
10-06-2015,Delhi,New Delhi,Loamy,6.1,0.64,224,22,317,0.75
23-05-2019,Karnataka,Belgaum,Black,7.2,0.33,246,34,182,0.81
19-10-2022,Uttarakhand,Dehradun,Loamy,6.4,1.05,274,37,225,0.95
02-02-2016,Delhi,New Delhi,Loamy,6.5,0.54,226,31,242,1.23
24-07-2018,Rajasthan,Jodhpur,Sandy,6.8,0.1,120,17,116,0.3
26-03-2017,Dadra and Nagar Haveli and Daman and Diu,Daman,Loamy,6,0.3,156,43,294,0.86
08-03-2019,Arunachal Pradesh,Itanagar,Loamy,6.4,0.54,152,44,274,1.24
03-04-2020,Uttarakhand,Dehradun,Loamy,6.5,0.84,130,45,346,0.93
16-11-2018,Ladakh,Leh,Sandy Loam,7.4,0.44,109,24,160,0.62
04-03-2018,Karnataka,Hubli,Laterite,6.5,0.46,158,14,119,0.77
03-05-2018,Nagaland,Kohima,Loamy,7,0.8,151,40,259,1.04
05-02-2016,Andhra Pradesh,Guntur,Red,6.1,0.38,162,10,220,0.97
01-10-2016,Jammu and Kashmir,Srinagar,Loamy,6.7,0.58,174,35,222,0.77
02-07-2023,Jammu and Kashmir,Srinagar,Loamy,6,0.42,183,31,232,1.29
28-06-2022,Dadra and Nagar Haveli and Daman and Diu,Daman,Loamy,5.8,0.08,124,30,308,0.78
04-04-2016,West Bengal,Darjeeling,Alluvial,6.4,0.03,274,43,209,1.04
12-08-2017,Andhra Pradesh,Guntur,Red,6.2,0.35,151,29,249,0.86
14-04-2016,Tripura,Agartala,Loamy,6.5,0.6,178,45,308,0.97
08-06-2024,Punjab,Ludhiana,Alluvial,7.5,0.53,177,21,271,1.44
11-11-2017,Assam,Kamrup,Laterite,6.4,0.52,150,18,150,0.76
29-08-2022,Arunachal Pradesh,Itanagar,Loamy,6.3,0.1,158,38,333,0.98
21-08-2019,Nagaland,Kohima,Loamy,6.7,1.43,239,31,301,1.02
16-09-2020,Jharkhand,Ranchi,Loamy,6.7,0.85,125,27,217,0.88
27-03-2021,Chhattisgarh,Raipur,Loamy,6,0.36,173,16,288,1.04
29-05-2024,Himachal Pradesh,Shimla,Sandy Loam,7.5,0.66,62,22,112,0.45
16-07-2016,Arunachal Pradesh,Itanagar,Loamy,6.3,0.38,203,34,313,0.84
21-10-2021,Puducherry,Puducherry,Loamy,5.7,0.09,237,41,291,0.87
05-12-2019,Dadra and Nagar Haveli and Daman and Diu,Daman,Loamy,6,0.11,182,38,255,0.83
08-03-2024,Jharkhand,Ranchi,Loamy,7,1.1,134,33,197,0.76
05-09-2020,Kerala,Kozhikode,Red,6.5,0.55,171,29,125,0.85
14-08-2015,Ladakh,Leh,Sandy Loam,6.9,0.34,112,24,127,0.9
02-03-2024,Rajasthan,Jodhpur,Desert,7.5,0.17,78,7,88,0.48
08-03-2017,Goa,North Goa,Loamy,6.4,0.16,227,38,350,0.77
28-01-2025,Assam,Dibrugarh,Laterite,5.7,0.35,171,19,96,0.71
20-05-2021,Jharkhand,Ranchi,Loamy,7.8,1.17,280,21,373,1.29
05-01-2023,Chhattisgarh,Raipur,Loamy,7.6,1.47,140,20,214,0.83
17-08-2017,Uttar Pradesh,Varanasi,Alluvial,7,0.17,251,38,258,0.94
13-02-2019,Rajasthan,Udaipur,Desert,7.4,0.44,88,8,107,0.23
28-03-2016,Uttar Pradesh,Lucknow,Sandy,6.7,0.42,124,11,64,0.7
26-05-2023,Uttar Pradesh,Varanasi,Alluvial,8.1,1.68,272,36,238,1.58
05-09-2025,Haryana,Hisar,Sandy,4.9,1.35,32,6,91,0.22
26-03-2017,Chhattisgarh,Raipur,Loamy,6.6,0.32,239,40,199,1.19
20-10-2016,Manipur,Imphal,Loamy,6.8,0.23,268,31,290,1.09
27-10-2024,Meghalaya,Shillong,Loamy,7.8,1.81,228,48,306,0.91
30-06-2016,Andhra Pradesh,Visakhapatnam,Red,6.4,0.72,89,19,136,0.78
30-04-2018,Meghalaya,Shillong,Loamy,7.1,0.96,194,39,349,1.13
18-07-2023,Assam,Cachar,Alluvial,7.9,1.27,251,49,250,1.02
23-10-2024,Dadra and Nagar Haveli and Daman and Diu,Daman,Loamy,5.9,0.9,138,21,261,0.94
17-01-2015,Madhya Pradesh,Bhopal,Red,6.7,0.4,132,24,199,0.63
18-11-2023,Meghalaya,Shillong,Loamy,6.3,0.3,156,28,300,1.13
28-05-2018,Rajasthan,Udaipur,Desert,7.6,0.07,76,12,87,0.37
14-01-2021,Arunachal Pradesh,Itanagar,Loamy,7.5,1.52,218,43,372,1.2
29-11-2021,Uttarakhand,Dehradun,Loamy,6.1,0.28,245,27,347,0.83
05-12-2017,Uttar Pradesh,Varanasi,Sandy,6.8,0.28,99,17,80,0.35
06-06-2024,Tripura,Agartala,Loamy,9.4,3.18,153,45,351,1.53
09-01-2022,Karnataka,Bangalore,Red,8,1.87,156,20,184,0.88
16-11-2020,Haryana,Gurgaon,Alluvial,7.5,0.87,263,26,241,0.96
04-11-2019,Haryana,Faridabad,Alluvial,7.9,0.8,276,30,305,1.5
26-11-2017,Delhi,New Delhi,Loamy,6.1,0.49,186,31,257,0.9
16-05-2021,Gujarat,Surat,Sandy,6.5,0.62,124,10,134,0.75
13-05-2024,Rajasthan,Jaipur,Sandy,6.9,0.8,144,13,106,0.59
19-12-2021,Haryana,Gurgaon,Sandy,6.6,0.02,137,13,98,0.44
29-10-2015,Rajasthan,Jodhpur,Sandy,6.4,0.46,99,13,92,0.69
30-06-2015,Punjab,Patiala,Alluvial,6.6,0.36,279,38,318,1.23
29-08-2016,Haryana,Karnal,Alluvial,6,0.59,168,41,215,1.05
06-09-2023,Dadra and Nagar Haveli and Daman and Diu,Daman,Loamy,7,1.47,234,25,265,1.35
30-11-2016,Andaman and Nicobar Islands,Port Blair,Loamy,7.2,0.92,265,25,356,1.2
19-09-2017,Himachal Pradesh,Mandi,Loamy,7,0.26,272,38,317,0.74
13-02-2018,Manipur,Imphal,Loamy,6.3,0.41,179,22,228,0.81
10-07-2015,Chandigarh,Chandigarh,Loamy,6.3,0.39,222,43,272,0.88
19-04-2021,Uttar Pradesh,Varanasi,Alluvial,7.6,0.6,196,39,359,1.14
07-09-2017,Jharkhand,Ranchi,Loamy,6.7,0.59,273,20,358,0.93
23-02-2023,Andaman and Nicobar Islands,Port Blair,Loamy,7,1.08,188,21,277,1.06
29-06-2020,Meghalaya,Shillong,Loamy,7.1,1.6,165,31,224,1.1
30-03-2018,Ladakh,Leh,Sandy Loam,6.4,0.09,138,19,107,0.42
10-02-2024,Punjab,Patiala,Alluvial,5.5,1.45,272,26,233,1.14
17-04-2024,Sikkim,Gangtok,Loamy,6.2,0.24,265,34,219,0.78
08-05-2015,Gujarat,Surat,Sandy,6.2,0.21,73,15,62,0.49
27-08-2020,Tamil Nadu,Coimbatore,Red,4.9,0.49,88,23,184,0.37
22-12-2019,Andaman and Nicobar Islands,Port Blair,Loamy,6.8,0.79,216,32,274,0.92
25-10-2019,Meghalaya,Shillong,Loamy,7.2,0.94,131,38,314,1.28
26-02-2022,West Bengal,Howrah,Red,5.4,0.14,82,20,144,0.82
23-07-2016,Dadra and Nagar Haveli and Daman and Diu,Daman,Loamy,6.6,0.32,186,26,212,1.23
08-09-2018,Maharashtra,Nagpur,Red,6,0.8,190,30,225,0.53
10-03-2020,Delhi,New Delhi,Loamy,6.8,0.36,243,16,279,1.16
26-06-2022,Himachal Pradesh,Shimla,Sandy Loam,7.7,0.69,160,12,149,0.8
30-07-2025,Uttarakhand,Dehradun,Loamy,5.6,0.16,251,30,199,0.66
17-09-2016,Telangana,Nizamabad,Black,7.5,0.76,199,36,239,0.69
13-03-2024,Madhya Pradesh,Bhopal,Black,7.4,0.92,240,30,211,1.2
11-12-2022,Uttar Pradesh,Lucknow,Sandy,7.2,0.75,111,14,149,0.59
14-08-2019,Andaman and Nicobar Islands,Port Blair,Loamy,7.1,0.81,258,27,204,1.22
29-03-2023,West Bengal,Darjeeling,Alluvial,7,0.55,170,26,356,1.33
27-02-2025,West Bengal,Howrah,Red,6.3,1.06,143,27,166,0.65
04-06-2015,Haryana,Karnal,Alluvial,7.3,0.22,296,39,286,1.24
12-12-2021,Tamil Nadu,Coimbatore,Red,6.8,0.34,167,19,198,0.53
10-11-2018,Andaman and Nicobar Islands,Port Blair,Loamy,6.2,0.47,148,33,277,1.01
23-02-2017,Chhattisgarh,Raipur,Loamy,6,0.76,252,20,255,1.16
11-09-2023,Gujarat,Ahmedabad,Sandy,8.9,2.42,159,17,180,0.93
26-06-2024,Ladakh,Leh,Sandy Loam,5.5,0.88,74,2,61,0.5
18-08-2025,Uttarakhand,Dehradun,Loamy,4.7,0.93,121,34,309,1.08
03-09-2015,Arunachal Pradesh,Itanagar,Loamy,6.5,0.37,278,25,285,1.17
22-11-2023,Tripura,Agartala,Loamy,7.3,0.92,230,30,294,0.78
08-07-2023,Himachal Pradesh,Kangra,Loamy,6.1,0.85,199,42,336,1.2
09-02-2019,Uttarakhand,Dehradun,Loamy,6.5,0.83,264,44,271,1
02-09-2019,Andhra Pradesh,Krishna,Red,6.1,0.08,190,9,96,0.68
07-09-2022,Tamil Nadu,Chennai,Alluvial,6.3,0.1,220,30,370,0.77
21-06-2016,Jharkhand,Ranchi,Loamy,6.2,0.33,206,22,234,0.85
05-03-2020,Tripura,Agartala,Loamy,6.9,0.7,134,31,325,0.76
16-01-2020,Assam,Kamrup,Alluvial,7.5,0.38,300,40,315,1.17
09-07-2017,Goa,North Goa,Loamy,6.2,0.96,225,19,188,0.75
21-09-2021,Goa,North Goa,Loamy,7.5,1.38,214,35,202,0.96
08-06-2016,Arunachal Pradesh,Itanagar,Loamy,6.2,0.9,238,46,237,1.24
15-11-2022,Nagaland,Kohima,Loamy,5.6,0.04,258,19,197,1.05
10-03-2019,Tamil Nadu,Chennai,Red,7.7,1.46,123,23,175,1
29-01-2023,Arunachal Pradesh,Itanagar,Loamy,6.7,1.14,228,46,292,1.23
01-09-2025,Kerala,Thrissur,Red,8,1.79,210,18,244,1.12
05-02-2015,Sikkim,Gangtok,Loamy,6.7,0.68,259,33,327,0.89
15-11-2016,Punjab,Ludhiana,Alluvial,6.2,0.32,250,25,333,1.06
20-01-2015,Telangana,Hyderabad,Red,6.7,0.56,176,28,201,0.57
26-06-2021,Punjab,Patiala,Alluvial,8.1,1.45,222,45,390,1.56
14-07-2025,Andhra Pradesh,Visakhapatnam,Alluvial,6.5,0.14,186,46,270,1.22
03-01-2022,Andhra Pradesh,Visakhapatnam,Black,7.6,1,130,24,244,0.84
04-02-2016,Mizoram,Aizawl,Loamy,6.5,0.8,157,39,264,0.77
25-05-2022,Andhra Pradesh,Krishna,Black,6.8,0.5,212,17,281,1.03
29-08-2017,Chandigarh,Chandigarh,Loamy,6.5,0.84,273,35,295,1.17
21-03-2020,Assam,Kamrup,Alluvial,6.9,0.98,291,22,381,0.99
23-11-2021,Karnataka,Mysore,Red,7.3,1.34,200,22,212,0.7
12-03-2018,Telangana,Nizamabad,Red,5.9,0.37,169,20,221,0.84
20-01-2018,Sikkim,Gangtok,Loamy,6.5,0.54,251,31,340,1.13
18-05-2024,Uttar Pradesh,Lucknow,Alluvial,6.7,0.52,154,20,214,1.09
13-04-2017,Madhya Pradesh,Bhopal,Black,7.3,0.9,154,34,253,0.95
29-12-2019,Andhra Pradesh,Visakhapatnam,Black,7.5,0.97,116,35,267,1.02
06-08-2022,Telangana,Warangal,Red,5.2,0.06,133,27,161,0.47
05-06-2020,Jharkhand,Ranchi,Loamy,5.7,0.54,256,35,293,0.98
03-05-2017,Jammu and Kashmir,Srinagar,Loamy,6.9,0.97,254,46,290,0.84
20-02-2015,Telangana,Nizamabad,Red,6.2,0.56,173,10,176,0.54
25-03-2025,West Bengal,Kolkata,Alluvial,5.3,0.45,174,17,190,1.03
27-04-2025,Ladakh,Leh,Sandy Loam,7.8,1.09,138,13,182,0.89
28-07-2016,Meghalaya,Shillong,Loamy,6.8,0.25,169,18,260,1.02
06-12-2023,Meghalaya,Shillong,Loamy,4.9,1.03,222,9,328,0.7
22-02-2018,Mizoram,Aizawl,Loamy,5.8,0.31,200,40,307,0.72
06-01-2021,Manipur,Imphal,Loamy,7.4,1.59,150,34,380,1.12
19-06-2021,Meghalaya,Shillong,Loamy,7.5,0.92,246,44,221,0.96
02-03-2022,Manipur,Imphal,Loamy,8,1.48,173,36,269,1.07
06-05-2024,Puducherry,Puducherry,Loamy,5.6,0.51,248,14,304,0.73
10-06-2021,Karnataka,Bangalore,Laterite,5.1,0.03,115,10,89,0.68
12-09-2019,Andhra Pradesh,Guntur,Black,7.6,0.98,113,39,232,1.17
12-11-2016,Manipur,Imphal,Loamy,6.1,0.69,238,45,319,0.93
17-04-2017,Uttar Pradesh,Lucknow,Alluvial,5.9,0.06,179,34,373,1.4
21-07-2025,Bihar,Purnia,Alluvial,7,1.12,196,32,237,1.16
13-12-2017,Chhattisgarh,Raipur,Loamy,7,0.79,236,41,249,0.78
09-05-2023,Jammu and Kashmir,Srinagar,Loamy,7.8,1.81,209,27,292,0.98
27-10-2021,Madhya Pradesh,Bhopal,Black,5.8,0.07,193,14,268,0.89
14-04-2022,Jharkhand,Ranchi,Loamy,6.7,0.65,263,23,255,0.91
29-04-2023,Karnataka,Belgaum,Red,6.7,0.7,199,24,215,1
30-04-2021,Nagaland,Kohima,Loamy,6.1,0.67,239,43,340,1.21
22-07-2023,Puducherry,Puducherry,Loamy,6.1,0.35,208,28,262,0.94
15-05-2019,Tamil Nadu,Chennai,Red,7,0.65,185,29,180,0.69
10-05-2023,Gujarat,Vadodara,Sandy,7,0.77,83,10,92,0.49
08-02-2025,Assam,Tinsukia,Alluvial,8,1.77,263,53,377,1.41
05-01-2015,Kerala,Kozhikode,Red,6.6,0.65,134,10,219,0.57
31-01-2018,Gujarat,Rajkot,Black,6.3,0.53,175,31,328,0.9
04-05-2018,Uttar Pradesh,Kanpur,Alluvial,5.9,0.12,212,22,208,1.08
12-02-2017,Delhi,New Delhi,Loamy,6.6,0.63,195,19,272,1.24
26-05-2017,Manipur,Imphal,Loamy,6.8,0.77,145,44,294,1.22
18-09-2017,Arunachal Pradesh,Itanagar,Loamy,6.1,0.5,243,26,246,1.08
10-01-2023,Gujarat,Ahmedabad,Sandy,6.2,0.38,118,7,151,0.75
14-05-2024,Lakshadweep,Kavaratti,Loamy,6.4,0.32,258,21,325,0.78
16-02-2015,Bihar,Gaya,Alluvial,7.1,0.22,194,38,271,1.34
24-12-2022,Punjab,Amritsar,Alluvial,5.5,1.11,157,32,261,0.77
10-11-2022,Ladakh,Leh,Sandy Loam,5.5,0.52,128,14,144,0.38
03-03-2023,Lakshadweep,Kavaratti,Loamy,5.7,0.24,220,32,294,1.01
27-08-2025,West Bengal,Darjeeling,Red,6.7,0.98,166,25,183,0.95
27-05-2022,Madhya Pradesh,Bhopal,Red,6.4,0.18,149,10,201,0.78
26-09-2015,Andhra Pradesh,Krishna,Alluvial,7,0.38,264,27,337,1.01
05-01-2016,Jammu and Kashmir,Srinagar,Loamy,6,0.65,138,35,347,1.28
27-09-2016,Chandigarh,Chandigarh,Loamy,6.5,0.82,247,18,255,0.91
03-02-2018,Ladakh,Leh,Sandy Loam,6.9,0.09,127,17,174,0.85
21-08-2019,Tripura,Agartala,Loamy,7.7,1.41,138,27,251,1.03
10-08-2019,Meghalaya,Shillong,Loamy,6,0.33,224,29,296,0.72
18-10-2016,Odisha,Bhubaneswar,Laterite,5.3,0.61,84,17,121,0.8
30-04-2015,Andhra Pradesh,Krishna,Red,5.9,0.52,124,27,195,0.53
10-04-2017,Chhattisgarh,Raipur,Loamy,6.6,0.75,226,26,237,1
16-12-2019,Sikkim,Gangtok,Loamy,6.1,0.27,128,23,234,1.26
23-01-2025,Telangana,Nizamabad,Black,7.9,1.72,236,37,215,0.98
17-12-2017,Ladakh,Leh,Sandy Loam,6.9,0.52,67,19,151,0.9
28-05-2020,Ladakh,Leh,Sandy Loam,6.7,0.1,130,20,163,0.42
01-10-2018,Bihar,Purnia,Alluvial,6.4,0.93,190,23,285,1.4
10-01-2017,Ladakh,Leh,Sandy Loam,6.3,0.22,96,10,165,0.84
15-09-2024,Nagaland,Kohima,Loamy,6.2,0.3,196,17,216,0.94
27-04-2015,Meghalaya,Shillong,Loamy,6.4,0.76,189,43,358,1.02
28-01-2020,Nagaland,Kohima,Loamy,6.5,0.82,147,23,324,0.97
09-10-2022,Sikkim,Gangtok,Loamy,7.3,0.76,168,24,256,1.2
24-02-2018,Arunachal Pradesh,Itanagar,Loamy,6.5,0.29,118,18,213,0.83
26-06-2024,Rajasthan,Udaipur,Sandy,5.8,0.15,126,12,54,0.72
15-04-2020,Ladakh,Leh,Sandy Loam,6.7,0.36,125,20,118,0.51
09-10-2017,Andaman and Nicobar Islands,Port Blair,Loamy,6.8,1.11,242,24,292,1.15
23-07-2019,Uttar Pradesh,Lucknow,Alluvial,5,0.79,274,31,219,0.77
17-12-2017,Rajasthan,Jaipur,Sandy,6.9,0.92,63,10,116,0.39
25-09-2016,Mizoram,Aizawl,Loamy,7.2,0.48,229,27,254,1.17
27-05-2016,Meghalaya,Shillong,Loamy,6.8,0.77,243,34,294,1.19
19-06-2025,Dadra and Nagar Haveli and Daman and Diu,Daman,Loamy,7.1,0.48,212,18,244,0.95
20-10-2022,Himachal Pradesh,Mandi,Loamy,6.9,0.34,195,42,221,0.72
24-01-2018,Dadra and Nagar Haveli and Daman and Diu,Daman,Loamy,6.9,1.03,197,31,308,0.89
26-02-2025,Maharashtra,Nagpur,Red,5.4,0.11,173,23,196,0.55
15-02-2018,Arunachal Pradesh,Itanagar,Loamy,6.3,0.55,260,41,354,0.76
13-07-2016,Maharashtra,Pune,Black,7.6,0.9,218,25,190,0.74
20-01-2025,Delhi,New Delhi,Loamy,6.5,1,140,27,304,1.29
02-05-2016,Jammu and Kashmir,Srinagar,Loamy,6.1,0.35,275,31,212,1.2
22-01-2024,Punjab,Amritsar,Alluvial,7.2,1.35,195,35,313,1.49
15-06-2017,Arunachal Pradesh,Itanagar,Loamy,6.3,0.54,277,33,321,0.97
26-02-2024,Odisha,Bhubaneswar,Red,7.1,1.36,174,32,195,0.78
27-04-2018,Nagaland,Kohima,Loamy,6.8,0.15,245,35,316,1.23
04-12-2016,Meghalaya,Shillong,Loamy,6.7,0.7,146,34,318,0.86
10-01-2019,Bihar,Gaya,Alluvial,7.6,0.72,256,31,355,1.16
03-08-2016,Kerala,Kozhikode,Red,6.3,0.48,100,14,113,0.78
08-10-2022,Andaman and Nicobar Islands,Port Blair,Loamy,6.8,0.33,163,22,251,0.83
18-12-2022,Gujarat,Surat,Sandy,5.8,0.12,106,4,103,0.49
13-04-2021,Maharashtra,Nagpur,Red,6.3,0.47,106,28,172,0.8
14-08-2023,Kerala,Kozhikode,Laterite,5.5,0.57,137,16,145,0.71
03-06-2015,Jammu and Kashmir,Srinagar,Loamy,6,0.62,188,25,197,0.83
07-08-2019,Chhattisgarh,Raipur,Loamy,7.2,1.66,198,21,223,0.84
07-08-2024,Mizoram,Aizawl,Loamy,5.5,0.65,237,19,240,1.02
23-09-2017,Lakshadweep,Kavaratti,Loamy,6.6,0.77,227,28,272,1.29
24-08-2023,Jharkhand,Ranchi,Loamy,6.8,1.09,271,27,365,0.81
07-07-2022,Mizoram,Aizawl,Loamy,7.3,0.71,134,42,229,0.73
10-03-2024,Chhattisgarh,Raipur,Loamy,7.5,0.7,197,22,321,0.81
28-05-2018,Himachal Pradesh,Mandi,Loamy,6,0.13,206,40,267,0.71
28-12-2017,Delhi,New Delhi,Loamy,6.4,0.61,153,39,292,1.05
16-07-2023,Ladakh,Leh,Sandy Loam,6.7,0.47,159,13,174,0.71
05-10-2017,Ladakh,Leh,Sandy Loam,7.2,0.25,146,12,132,0.82
11-11-2020,Nagaland,Kohima,Loamy,6.6,0.02,217,12,215,0.81
09-11-2019,Himachal Pradesh,Shimla,Loamy,6.3,0.68,226,27,356,0.78
15-08-2017,Andaman and Nicobar Islands,Port Blair,Loamy,6.5,0.53,128,36,196,0.77
18-05-2023,Maharashtra,Nashik,Black,8.1,1.36,202,30,197,1.1
28-03-2016,Tripura,Agartala,Loamy,6.3,0.53,252,35,296,0.96
12-05-2018,Manipur,Imphal,Loamy,7.4,1.04,280,46,264,1.24
07-02-2023,Goa,North Goa,Loamy,6,0.14,122,29,328,1.1
15-03-2021,Andaman and Nicobar Islands,Port Blair,Loamy,6.1,0.1,167,31,239,1
26-11-2021,Manipur,Imphal,Loamy,6.8,0.71,138,43,187,0.73
15-10-2021,Andaman and Nicobar Islands,Port Blair,Loamy,6.5,0.48,125,34,187,1.31
16-07-2021,Bihar,Gaya,Alluvial,7.1,1.42,181,40,232,1.42
04-07-2016,Nagaland,Kohima,Loamy,6.9,0.49,267,42,344,0.74
24-06-2019,Meghalaya,Shillong,Loamy,6.2,0.86,199,22,320,0.87
05-08-2018,Karnataka,Bangalore,Laterite,6.4,0.54,116,17,143,0.61
08-02-2024,Maharashtra,Mumbai,Red,6.5,0.91,148,29,187,0.58
24-10-2019,Assam,Cachar,Laterite,5.9,0.9,91,17,198,1
23-12-2015,Nagaland,Kohima,Loamy,6.7,0.65,257,44,268,1.04
01-09-2020,Punjab,Ludhiana,Alluvial,6.3,0.31,267,45,203,1.13
21-11-2019,Tripura,Agartala,Loamy,6.1,0.34,263,30,315,0.73
13-01-2022,Madhya Pradesh,Bhopal,Red,6.9,1.6,100,29,270,1.02
17-11-2019,Bihar,Purnia,Alluvial,7.1,0.37,275,36,297,1.05
13-09-2025,Maharashtra,Nagpur,Red,5.1,0.21,76,27,200,0.55
07-09-2023,Delhi,New Delhi,Loamy,7.2,1.08,163,40,332,0.89
20-10-2022,West Bengal,Howrah,Alluvial,6.8,0.19,213,36,365,1.11
26-11-2023,Haryana,Karnal,Sandy,7.5,1.6,93,12,118,0.81
08-01-2024,Puducherry,Puducherry,Loamy,6.8,0.83,167,24,261,0.92
10-09-2022,Chhattisgarh,Raipur,Loamy,6.6,0.32,238,38,340,0.93
19-03-2025,Chhattisgarh,Raipur,Loamy,7.3,0.82,248,44,318,1.19
25-10-2021,Dadra and Nagar Haveli and Daman and Diu,Daman,Loamy,7.2,1.49,287,41,303,1.03
20-06-2019,Himachal Pradesh,Kangra,Loamy,6.5,0.35,147,30,284,0.84
17-09-2022,Lakshadweep,Kavaratti,Loamy,6.4,0.44,193,39,341,0.72
12-10-2017,Delhi,New Delhi,Loamy,6.7,0.5,172,34,180,1.28
10-09-2018,Assam,Dibrugarh,Laterite,5.1,0.29,79,12,103,0.97
30-05-2016,Chandigarh,Chandigarh,Loamy,6.5,0.82,263,28,284,1.28
15-06-2023,Kerala,Kozhikode,Laterite,7.1,1.03,170,18,138,0.65
10-10-2022,Andaman and Nicobar Islands,Port Blair,Loamy,7,0.84,189,28,366,1.25
02-12-2015,Assam,Kamrup,Alluvial,6.6,0.75,201,40,393,1.07
18-11-2019,Uttar Pradesh,Kanpur,Sandy,5.8,0.14,143,9,134,0.71
24-04-2021,Chandigarh,Chandigarh,Loamy,6.9,1.12,229,34,210,1.36
11-05-2016,Himachal Pradesh,Kangra,Loamy,6.7,0.31,199,43,341,0.9
14-06-2017,Uttar Pradesh,Kanpur,Alluvial,7.1,0.93,204,24,307,1.25
16-01-2021,Arunachal Pradesh,Itanagar,Loamy,6.3,0.09,161,39,199,0.96
16-09-2024,Assam,Tinsukia,Alluvial,6.4,0.46,247,28,183,1.15
01-05-2017,Bihar,Muzaffarpur,Alluvial,6.5,0.58,179,33,289,1.35
15-08-2019,Tripura,Agartala,Loamy,7.1,0.79,180,18,245,1.12
15-04-2020,Madhya Pradesh,Bhopal,Black,8.3,1.45,180,34,361,0.93
30-06-2022,Jammu and Kashmir,Srinagar,Loamy,6.7,0.05,154,18,195,0.92
04-04-2025,Tamil Nadu,Coimbatore,Red,6.7,0.49,171,12,170,0.57
24-08-2021,Himachal Pradesh,Mandi,Loamy,6.8,0.16,191,31,268,1.17
18-04-2019,Arunachal Pradesh,Itanagar,Loamy,6.7,0.32,182,15,311,1.26
14-08-2017,Dadra and Nagar Haveli and Daman and Diu,Daman,Loamy,6.5,0.46,200,21,177,1.07
01-07-2022,Arunachal Pradesh,Itanagar,Loamy,7.9,1.85,212,33,253,1.09
30-07-2024,Lakshadweep,Kavaratti,Loamy,7,0.29,276,45,287,0.9
25-06-2019,Nagaland,Kohima,Loamy,5.8,0.24,126,35,241,0.79
15-07-2018,Madhya Pradesh,Bhopal,Black,6.9,0.61,202,26,300,1.02
11-09-2025,Chhattisgarh,Raipur,Loamy,6.9,0.28,269,23,344,1.26
27-12-2024,Jharkhand,Ranchi,Loamy,6.4,0.99,136,23,264,1.32
11-12-2018,Tripura,Agartala,Loamy,7.7,1.67,254,26,252,0.85
06-04-2018,Puducherry,Puducherry,Loamy,6.6,0.19,159,41,235,1.02
18-09-2025,Chandigarh,Chandigarh,Loamy,5.7,0.2,256,21,234,1.1
02-12-2017,Gujarat,Ahmedabad,Sandy,6.7,0.39,145,17,90,0.71
06-12-2024,Goa,North Goa,Loamy,4.7,1.21,127,12,159,1.07
12-10-2015,Assam,Cachar,Alluvial,7.4,0.55,276,26,380,1.15
10-09-2021,Madhya Pradesh,Bhopal,Red,5.8,0.12,107,15,247,0.53
12-01-2015,Assam,Cachar,Laterite,5.4,0.47,165,16,185,0.67
19-06-2019,Uttar Pradesh,Kanpur,Sandy,6.4,0.01,115,7,115,0.45
27-03-2024,Telangana,Nizamabad,Black,6.1,0.31,193,16,298,0.94
07-02-2024,Goa,North Goa,Loamy,5.7,0.05,141,25,243,1.08
21-12-2021,Kerala,Thrissur,Red,6.9,1.8,131,25,240,0.89
23-01-2017,Ladakh,Leh,Sandy Loam,6.4,0.15,91,19,130,0.45
13-09-2020,Arunachal Pradesh,Itanagar,Loamy,5.6,0.36,175,27,256,1.08
06-08-2022,Karnataka,Belgaum,Red,5.5,0.3,116,20,214,0.77
06-12-2022,Puducherry,Puducherry,Loamy,5.3,0,237,32,303,1.22
31-03-2015,Uttar Pradesh,Kanpur,Sandy,6.5,0.12,79,14,81,0.64
14-02-2017,Nagaland,Kohima,Loamy,7,0.49,264,17,331,1.19
06-04-2022,Rajasthan,Jaipur,Desert,6.5,0.48,98,4,71,0.17
06-04-2023,Ladakh,Leh,Sandy Loam,5.9,0.34,68,20,144,0.8
14-06-2019,Sikkim,Gangtok,Loamy,5.8,0.45,221,19,318,0.86
28-05-2023,Chandigarh,Chandigarh,Loamy,5.7,0.05,130,21,238,1.16
22-02-2016,Chandigarh,Chandigarh,Loamy,6.8,0.56,174,37,302,1.07
25-04-2015,Haryana,Faridabad,Sandy,6.6,0.37,88,18,66,0.74
08-09-2016,Puducherry,Puducherry,Loamy,6.6,0.4,250,28,299,0.88
12-12-2023,Himachal Pradesh,Mandi,Loamy,6,0.21,214,33,278,1.26
05-04-2017,Punjab,Amritsar,Alluvial,6.3,0.32,198,25,307,1.17
12-10-2024,Tripura,Agartala,Loamy,6.9,0.85,277,42,205,0.92
08-07-2019,Odisha,Bhubaneswar,Red,5.9,0.18,104,23,204,0.38
25-02-2019,Chhattisgarh,Raipur,Loamy,6.3,0.52,201,24,221,0.82
13-08-2023,Karnataka,Belgaum,Red,5.4,0.39,83,15,182,0.63
17-02-2016,Manipur,Imphal,Loamy,6.3,0.39,247,44,242,0.72
09-06-2024,Haryana,Gurgaon,Sandy,8,1.78,152,23,124,0.59
23-07-2024,Odisha,Bhubaneswar,Laterite,6,0.64,140,14,164,0.75
29-12-2016,Tamil Nadu,Coimbatore,Alluvial,6.5,0.19,280,34,242,0.82
02-03-2024,Uttarakhand,Dehradun,Loamy,7.4,0.97,284,34,243,1.15
27-05-2023,Lakshadweep,Kavaratti,Loamy,7,1.44,223,44,206,0.97
09-09-2022,Uttar Pradesh,Kanpur,Alluvial,6.7,0.19,175,29,245,1.19
06-11-2016,Uttarakhand,Dehradun,Loamy,6.1,0.37,150,43,205,1.23
27-06-2024,Odisha,Bhubaneswar,Red,5.1,0.57,98,18,184,0.58
07-03-2020,Andaman and Nicobar Islands,Port Blair,Loamy,6.7,0.5,171,17,262,1.19
09-11-2021,Delhi,New Delhi,Loamy,6.2,0.8,263,23,217,1.18
15-02-2023,Odisha,Bhubaneswar,Laterite,5,0.26,160,16,116,0.71
17-02-2021,Odisha,Bhubaneswar,Laterite,6.1,0.12,89,23,188,0.55
18-08-2022,Delhi,New Delhi,Loamy,5.9,0.46,131,16,264,1.26
18-04-2025,Meghalaya,Shillong,Loamy,5.4,0.62,269,25,226,0.82
27-01-2018,Tamil Nadu,Madurai,Red,6.1,0.35,99,16,177,0.44
21-04-2019,Gujarat,Vadodara,Sandy,5.6,0.08,99,3,108,0.27
04-09-2017,Uttar Pradesh,Lucknow,Sandy,6.8,0.57,61,17,67,0.49
05-10-2017,Lakshadweep,Kavaratti,Loamy,7.3,0.72,276,19,269,0.75
13-11-2020,Kerala,Kozhikode,Laterite,4.9,0.04,149,11,175,0.53
15-08-2019,Haryana,Karnal,Alluvial,6.1,0.52,298,24,222,1.33
03-06-2022,Chhattisgarh,Raipur,Loamy,7,1.32,170,32,334,1.24
06-12-2023,West Bengal,Kolkata,Alluvial,6,0.02,182,23,307,1.16
04-06-2025,Chhattisgarh,Raipur,Loamy,6.6,0.8,251,32,183,1.09
06-02-2015,Uttar Pradesh,Lucknow,Sandy,6.7,0.2,96,19,80,0.41
18-07-2025,Chhattisgarh,Raipur,Loamy,7.4,0.89,171,36,298,1.09
02-06-2024,Sikkim,Gangtok,Loamy,4.9,0.66,176,9,252,1.17
24-04-2025,Manipur,Imphal,Loamy,6.4,0.95,141,25,288,1.08
29-03-2019,Madhya Pradesh,Bhopal,Red,6.5,0.47,151,28,167,0.53
15-05-2021,West Bengal,Howrah,Alluvial,6.9,0.02,167,22,313,0.95
14-03-2021,Delhi,New Delhi,Loamy,5.5,0.08,235,22,270,0.69
24-12-2022,Tamil Nadu,Chennai,Alluvial,7.4,0.65,265,20,306,0.85
22-05-2017,Delhi,New Delhi,Loamy,7.2,0.8,277,34,276,1.02
27-12-2019,Nagaland,Kohima,Loamy,6.5,0.51,213,39,330,0.99
20-07-2018,Chandigarh,Chandigarh,Loamy,5.7,0.08,184,14,234,1.23
10-10-2020,Uttar Pradesh,Varanasi,Alluvial,7.3,0.64,236,41,287,0.87
18-08-2016,Meghalaya,Shillong,Loamy,7.1,0.49,226,31,189,1.27
18-03-2020,Madhya Pradesh,Bhopal,Black,7.5,0.51,169,29,167,0.91
29-12-2016,Delhi,New Delhi,Loamy,6.1,0.61,209,41,311,0.85
27-09-2018,Uttar Pradesh,Varanasi,Alluvial,7,0.36,279,48,356,1.46
01-02-2016,Andhra Pradesh,Guntur,Alluvial,6.5,0.81,224,25,336,1.29
29-11-2016,Arunachal Pradesh,Itanagar,Loamy,6.2,0.35,182,44,317,0.89
18-06-2023,Goa,North Goa,Loamy,6.1,0.4,183,24,233,0.74
02-02-2021,Telangana,Nizamabad,Red,6.5,0.93,127,26,194,1.01
24-06-2019,Nagaland,Kohima,Loamy,5.5,0.19,242,29,279,0.66
31-01-2016,Uttarakhand,Dehradun,Loamy,6.3,0.42,264,28,354,1.04
28-10-2021,Haryana,Gurgaon,Alluvial,6.7,0.74,262,24,304,0.95
18-01-2024,West Bengal,Kolkata,Red,7.5,1.69,124,24,139,0.89
17-03-2015,Jharkhand,Ranchi,Loamy,6.7,0.33,184,27,240,1.03
22-09-2015,Mizoram,Aizawl,Loamy,7,0.38,219,30,235,1.14
07-11-2021,Andaman and Nicobar Islands,Port Blair,Loamy,5.6,0.54,216,34,333,0.97
25-12-2019,Goa,North Goa,Loamy,5.5,0.03,234,24,289,0.93
18-12-2016,Maharashtra,Nagpur,Red,6.1,0.36,126,17,197,0.47
14-08-2022,Sikkim,Gangtok,Loamy,6.8,0.7,146,28,326,1.25
17-06-2024,Goa,North Goa,Loamy,6.2,0.28,221,19,225,0.76
14-12-2024,Uttar Pradesh,Varanasi,Alluvial,7.5,1.18,191,36,338,1.3
30-04-2017,Kerala,Thrissur,Red,6.8,0.58,175,20,205,0.7
17-10-2024,Jammu and Kashmir,Srinagar,Loamy,6.9,1.04,255,23,228,1.36
22-10-2018,Maharashtra,Mumbai,Black,8,0.99,194,31,330,1.09
24-05-2015,Sikkim,Gangtok,Loamy,6.8,0.32,131,36,184,1.05
03-06-2017,Tamil Nadu,Chennai,Red,6.7,0.5,86,25,242,0.84
07-08-2023,Gujarat,Ahmedabad,Sandy,4.8,0.79,61,12,73,0.45
06-09-2023,Tripura,Agartala,Loamy,7.2,1.03,226,45,364,1.3
31-01-2016,Madhya Pradesh,Bhopal,Red,6.4,0.31,113,10,122,0.67
24-06-2023,Rajasthan,Jodhpur,Desert,7.8,1.07,111,9,74,0.6
15-03-2023,Jharkhand,Ranchi,Loamy,5.7,0.75,237,25,299,0.75
17-01-2023,Himachal Pradesh,Kangra,Sandy Loam,6.3,0.11,150,10,164,0.76
01-02-2019,Manipur,Imphal,Loamy,7.1,0.77,154,43,317,0.86
25-09-2024,Arunachal Pradesh,Itanagar,Loamy,7.4,1.15,152,34,243,0.82
15-12-2024,Tripura,Agartala,Loamy,8.2,2.67,183,27,246,1
28-10-2023,Madhya Pradesh,Bhopal,Red,5,0.11,126,9,101,0.51
13-03-2018,Puducherry,Puducherry,Loamy,6,0.34,207,15,290,0.92
01-03-2022,Puducherry,Puducherry,Loamy,6.8,1.47,242,38,258,1.1
28-11-2017,Jammu and Kashmir,Srinagar,Loamy,7,0.65,226,37,253,1.26
26-11-2020,Assam,Tinsukia,Alluvial,6.8,0.13,281,31,336,1.33
22-04-2025,Goa,North Goa,Loamy,4.6,2.11,136,13,284,1.01
01-12-2017,Odisha,Bhubaneswar,Laterite,5.4,0.57,99,25,152,0.51
24-04-2018,Assam,Kamrup,Laterite,5.5,0.76,142,21,110,0.96
02-03-2023,Nagaland,Kohima,Loamy,6.3,0.2,268,16,187,1.13
11-09-2021,Himachal Pradesh,Shimla,Loamy,6.6,0.77,170,23,271,0.84
08-01-2024,Kerala,Ernakulam,Red,7.1,1.62,190,34,240,0.71
25-09-2016,Chhattisgarh,Raipur,Loamy,6.3,0.33,144,44,263,1.21
02-03-2018,Assam,Kamrup,Alluvial,6.8,0.7,155,28,289,1.25
09-11-2023,Karnataka,Belgaum,Laterite,6,0.94,85,22,123,0.94
23-05-2018,Chandigarh,Chandigarh,Loamy,6.3,0.44,268,15,178,1.14
02-01-2017,Bihar,Patna,Alluvial,6.5,0.04,176,31,361,1.11
23-08-2015,Chhattisgarh,Raipur,Loamy,6.7,0.74,169,36,335,0.82
19-09-2025,Andhra Pradesh,Guntur,Alluvial,6.5,0.33,242,46,263,1.38
29-05-2022,Uttarakhand,Dehradun,Loamy,5.9,0.15,199,16,247,1.22
20-01-2017,West Bengal,Darjeeling,Alluvial,6.6,0.39,235,46,285,1.25
20-03-2022,Andaman and Nicobar Islands,Port Blair,Loamy,6.4,0.01,144,33,256,1.08
08-06-2023,Nagaland,Kohima,Loamy,5.8,0.32,194,37,324,0.89
12-08-2023,Kerala,Kozhikode,Laterite,5.7,0.39,127,24,158,0.64
11-08-2017,Madhya Pradesh,Bhopal,Black,7.8,1.1,131,18,227,0.9
14-12-2021,Arunachal Pradesh,Itanagar,Loamy,6.4,1.04,178,44,214,0.77
08-02-2023,Meghalaya,Shillong,Loamy,6,0.79,175,37,227,0.65
07-02-2024,Telangana,Hyderabad,Black,6.8,0.53,127,26,316,1.12
15-01-2024,Jammu and Kashmir,Srinagar,Loamy,7,1.32,241,21,304,0.83
23-03-2019,Sikkim,Gangtok,Loamy,5.7,0.24,141,30,269,0.74
12-04-2018,Ladakh,Leh,Sandy Loam,6.3,0.14,118,25,133,0.87
04-08-2019,Karnataka,Belgaum,Black,7.1,0.63,176,33,225,1.13
06-04-2018,Andaman and Nicobar Islands,Port Blair,Loamy,6.6,0.59,164,28,267,1.11
26-01-2021,Jammu and Kashmir,Srinagar,Loamy,6.7,0.4,172,44,327,0.83
17-11-2018,Manipur,Imphal,Loamy,6.4,0.54,243,40,225,1.04
13-03-2023,Dadra and Nagar Haveli and Daman and Diu,Daman,Loamy,5.5,0.44,222,15,284,1.01
13-10-2022,Meghalaya,Shillong,Loamy,6.7,0.56,254,36,294,0.93
05-05-2022,Jharkhand,Ranchi,Loamy,7.1,0.87,223,40,265,0.79
02-05-2018,Lakshadweep,Kavaratti,Loamy,6,0.19,176,37,268,0.66
21-03-2019,Arunachal Pradesh,Itanagar,Loamy,6.7,0.61,198,28,351,0.74
07-09-2020,Telangana,Warangal,Red,7.2,0.72,148,13,183,0.52
11-11-2023,Tamil Nadu,Coimbatore,Alluvial,7.6,0.63,231,37,401,1.29
16-12-2018,Arunachal Pradesh,Itanagar,Loamy,5.9,0.38,228,32,181,1.13
14-07-2021,Dadra and Nagar Haveli and Daman and Diu,Daman,Loamy,6.3,0.3,209,22,239,0.76
08-03-2025,Uttar Pradesh,Varanasi,Alluvial,7.3,1.25,171,52,266,1.14
28-02-2019,Andaman and Nicobar Islands,Port Blair,Loamy,6.7,0.92,238,43,221,1.15
20-10-2018,Assam,Tinsukia,Laterite,4.7,0.12,147,15,154,0.73
31-01-2020,Maharashtra,Mumbai,Black,7.3,0.68,200,20,204,0.87
27-09-2018,Tripura,Agartala,Loamy,6.9,0.83,165,24,321,1.03
14-05-2016,Andhra Pradesh,Chittoor,Alluvial,7,0.42,283,49,333,1.4
08-08-2019,Assam,Kamrup,Alluvial,7.5,1.09,246,45,315,1.01
25-05-2016,Uttar Pradesh,Varanasi,Sandy,6.4,0.46,56,14,87,0.49
21-04-2024,Nagaland,Kohima,Loamy,5.2,0.88,163,11,250,0.74
05-08-2015,Himachal Pradesh,Mandi,Loamy,6.8,0.46,189,17,359,1
17-08-2018,Tamil Nadu,Coimbatore,Red,6.6,0.6,164,13,199,0.86
01-03-2018,Rajasthan,Jaipur,Sandy,6.4,0.33,76,8,134,0.6
02-01-2020,Andhra Pradesh,Krishna,Alluvial,7.9,1.74,286,30,325,1.38
08-08-2023,Rajasthan,Udaipur,Desert,7.9,1.04,94,16,74,0.4
06-02-2024,Uttarakhand,Dehradun,Loamy,6.5,1.07,237,41,202,0.91
18-07-2024,Goa,North Goa,Loamy,6.1,0.53,277,18,282,0.71
16-12-2019,Ladakh,Leh,Sandy Loam,6,0.12,134,8,88,0.37
28-10-2021,West Bengal,Darjeeling,Red,7.1,0.87,170,25,129,0.79
02-01-2023,Mizoram,Aizawl,Loamy,6.5,0.36,137,15,319,1.11
20-04-2018,Assam,Cachar,Laterite,4.8,0.05,165,20,194,0.6
23-01-2021,Kerala,Kozhikode,Red,5.4,0.7,86,7,185,0.6
01-04-2015,Kerala,Thrissur,Laterite,5.9,0.55,151,17,198,0.73
14-12-2016,Arunachal Pradesh,Itanagar,Loamy,6.4,0.56,209,22,280,1.15
25-02-2020,Sikkim,Gangtok,Loamy,6.1,0.29,161,39,306,1.2
11-11-2024,Tamil Nadu,Madurai,Alluvial,7,1.21,160,50,245,1.48
08-02-2015,Chandigarh,Chandigarh,Loamy,6.1,0.77,152,24,268,0.93
03-10-2023,Chhattisgarh,Raipur,Loamy,7.3,1.83,205,48,274,1.23
23-08-2024,Himachal Pradesh,Kangra,Loamy,6.9,1.09,187,27,239,0.8
22-06-2015,Rajasthan,Jaipur,Desert,7.5,0.25,86,8,93,0.4
14-10-2016,Karnataka,Hubli,Black,6.9,0.72,208,24,318,1.15
23-01-2017,Chhattisgarh,Raipur,Loamy,6.8,0.1,125,23,305,1.22
28-05-2018,Jammu and Kashmir,Srinagar,Loamy,6.8,0.83,135,17,290,1.29
26-02-2025,Uttarakhand,Dehradun,Loamy,5.6,0.24,167,13,330,0.94
17-12-2017,Arunachal Pradesh,Itanagar,Loamy,6.8,0.33,129,33,340,1.02
11-08-2019,Telangana,Warangal,Black,6.7,0.5,199,26,210,0.86
28-11-2021,Dadra and Nagar Haveli and Daman and Diu,Daman,Loamy,6.7,0.89,138,24,279,1.13
31-03-2016,Delhi,New Delhi,Loamy,7,0.63,155,29,306,1.21
08-04-2017,Chandigarh,Chandigarh,Loamy,7.2,0.64,205,16,194,0.8
13-06-2017,West Bengal,Howrah,Red,5.9,0.49,144,22,170,0.56
16-10-2018,Dadra and Nagar Haveli and Daman and Diu,Daman,Loamy,7,0.17,268,23,269,0.75
12-05-2020,Karnataka,Belgaum,Black,7.4,0.4,184,22,227,1.14
31-05-2023,Tamil Nadu,Coimbatore,Alluvial,6.7,0.08,180,23,379,0.88
31-08-2021,Arunachal Pradesh,Itanagar,Loamy,6.9,0.19,173,33,347,1.26
19-06-2020,Uttarakhand,Dehradun,Loamy,7.4,1.26,216,41,346,1.05
23-07-2021,Jammu and Kashmir,Srinagar,Loamy,7.1,1.16,181,23,271,0.87
09-07-2015,Arunachal Pradesh,Itanagar,Loamy,6.6,0.75,219,41,210,1.24
19-05-2016,Rajasthan,Jaipur,Sandy,6.6,0.44,58,14,141,0.3
29-04-2018,Chhattisgarh,Raipur,Loamy,6.8,0.56,176,34,190,1.15
12-03-2019,Rajasthan,Jaipur,Sandy,5.4,0.51,134,13,83,0.65
02-06-2024,Andaman and Nicobar Islands,Port Blair,Loamy,7.2,0.57,166,18,268,1.27
12-07-2024,Punjab,Patiala,Alluvial,7.9,2,237,57,307,1.59
03-04-2017,Punjab,Patiala,Alluvial,6.3,0.71,241,46,203,0.95
17-07-2017,Tripura,Agartala,Loamy,7.4,1.17,210,45,318,0.9
22-07-2017,Arunachal Pradesh,Itanagar,Loamy,7.6,1.11,191,38,262,0.82
14-02-2018,Lakshadweep,Kavaratti,Loamy,7.1,0.66,276,17,245,0.88
14-05-2015,Uttar Pradesh,Kanpur,Sandy,6,0.26,112,18,149,0.7
06-10-2020,Goa,North Goa,Loamy,7.9,1.42,254,34,267,1.1
06-12-2024,Assam,Tinsukia,Laterite,5.8,0.27,107,17,185,0.97
15-11-2016,Delhi,New Delhi,Loamy,6.7,0.44,123,25,324,1.17
12-06-2022,Andhra Pradesh,Guntur,Alluvial,6.3,0.07,233,25,297,0.77
29-01-2021,Chhattisgarh,Raipur,Loamy,5.6,0.63,168,9,200,0.96
27-01-2020,Madhya Pradesh,Bhopal,Black,6.4,0.21,196,33,211,0.88
25-03-2017,Odisha,Bhubaneswar,Red,6.5,0.88,139,26,219,0.72
18-03-2018,Kerala,Thrissur,Laterite,6,0.13,82,15,190,0.73
21-03-2015,Tripura,Agartala,Loamy,6.2,0.5,233,44,210,0.95
12-01-2023,Jammu and Kashmir,Srinagar,Loamy,7.3,1.6,192,37,245,0.95
29-12-2023,Kerala,Ernakulam,Red,6.8,1.61,170,31,126,0.85
22-07-2015,Chandigarh,Chandigarh,Loamy,6.6,0.45,162,32,307,0.72
12-09-2022,Chhattisgarh,Raipur,Loamy,5.3,0.25,161,24,228,1
06-06-2018,Puducherry,Puducherry,Loamy,6.6,0.86,177,38,228,1.01
27-08-2019,Sikkim,Gangtok,Loamy,5.8,0.34,113,18,291,1.09
04-06-2018,Madhya Pradesh,Bhopal,Black,7,0.72,107,22,309,0.98
10-08-2019,Assam,Cachar,Laterite,6,0.02,104,19,142,0.7
05-04-2019,Punjab,Patiala,Alluvial,7,0.01,258,23,317,1.38
13-08-2024,Dadra and Nagar Haveli and Daman and Diu,Daman,Loamy,8.6,1.93,249,50,315,0.97
05-07-2024,Chhattisgarh,Raipur,Loamy,5.9,0.14,134,29,187,0.8
25-09-2020,Telangana,Nizamabad,Black,6.7,0.16,101,14,151,0.8
10-06-2018,Delhi,New Delhi,Loamy,5.3,0.11,148,39,252,0.89
30-03-2024,Haryana,Faridabad,Sandy,7.3,1.12,99,20,101,0.78
30-03-2019,Telangana,Nizamabad,Red,6.2,0.72,165,16,142,0.62
12-03-2018,Punjab,Amritsar,Alluvial,7.2,0.91,234,23,224,1.21
18-07-2024,Meghalaya,Shillong,Loamy,6.7,0.71,198,36,255,1.21
24-10-2024,Kerala,Ernakulam,Red,7.6,1.15,165,31,203,0.95
28-10-2018,Madhya Pradesh,Bhopal,Red,6.3,0.77,89,31,225,0.95
16-12-2024,Tripura,Agartala,Loamy,5.2,0.11,175,19,264,0.87
13-02-2024,Lakshadweep,Kavaratti,Loamy,7.3,1.06,237,43,226,0.95
27-05-2022,Telangana,Nizamabad,Red,6.3,0.76,162,20,250,0.97
15-04-2016,Himachal Pradesh,Mandi,Sandy Loam,6.8,0.35,66,20,148,0.58
07-04-2023,Tamil Nadu,Madurai,Alluvial,7.5,1.95,288,39,351,1.1
01-11-2017,Madhya Pradesh,Bhopal,Red,5.9,0.49,146,27,232,0.95
15-09-2018,Lakshadweep,Kavaratti,Loamy,6.8,0.68,200,30,324,0.9
15-08-2022,Manipur,Imphal,Loamy,5.2,0.64,158,28,244,0.8
02-10-2022,Ladakh,Leh,Sandy Loam,6.3,0.82,132,15,50,0.8
25-08-2017,Chhattisgarh,Raipur,Loamy,6.6,0.36,182,30,220,0.69
24-12-2015,Sikkim,Gangtok,Loamy,6.9,0.39,187,28,317,1.2
08-04-2023,Meghalaya,Shillong,Loamy,5.7,0.16,238,36,198,0.97
11-07-2024,Jharkhand,Ranchi,Loamy,6.1,0.32,130,39,228,0.66
29-10-2016,Telangana,Nizamabad,Red,5.9,0.33,92,24,134,0.97
08-01-2016,Nagaland,Kohima,Loamy,6.2,0.36,189,17,333,0.93
28-10-2017,Nagaland,Kohima,Loamy,6.3,0.8,226,24,329,1.13
19-02-2018,Gujarat,Vadodara,Sandy,6.7,0.08,105,8,119,0.29
03-10-2018,Bihar,Muzaffarpur,Alluvial,6.6,1.24,221,33,333,1.35
16-06-2022,Uttar Pradesh,Lucknow,Alluvial,7.1,0.17,205,42,297,0.93
31-03-2015,Chhattisgarh,Raipur,Loamy,6.2,0.5,258,17,219,1.24
08-03-2025,Meghalaya,Shillong,Loamy,6.6,0.91,184,20,291,1.14
08-07-2022,Jammu and Kashmir,Srinagar,Loamy,6.2,0.01,194,27,282,1.05
10-04-2024,Uttar Pradesh,Varanasi,Alluvial,7.1,1.22,198,52,370,1.28
24-11-2023,Nagaland,Kohima,Loamy,7.7,1.77,278,49,228,1.32
23-06-2016,Andaman and Nicobar Islands,Port Blair,Loamy,6.7,0.42,243,16,234,0.87
11-08-2022,Tamil Nadu,Chennai,Alluvial,6.1,0.1,188,31,265,1.27
18-05-2017,Maharashtra,Nashik,Black,7.1,0.83,106,19,210,0.67
10-02-2015,Manipur,Imphal,Loamy,6.7,0.8,136,40,201,1.1
09-01-2017,Delhi,New Delhi,Loamy,6.3,0.61,136,28,347,1.18
03-05-2025,Tripura,Agartala,Loamy,7.1,0.83,264,30,212,1.23
30-04-2020,Rajasthan,Jodhpur,Desert,7.1,0.22,88,7,97,0.5
24-12-2021,Mizoram,Aizawl,Loamy,7.1,0.56,244,37,226,0.88
26-03-2023,Tamil Nadu,Chennai,Alluvial,6.1,0.17,163,22,286,1.28
22-10-2023,Mizoram,Aizawl,Loamy,7,0.56,196,26,214,0.79
09-05-2018,Maharashtra,Nashik,Black,7.5,0.67,129,27,238,0.85
17-07-2017,Andaman and Nicobar Islands,Port Blair,Loamy,6.9,1.08,253,44,191,0.81
29-07-2020,Punjab,Amritsar,Alluvial,6.6,0.48,224,47,386,0.9
23-05-2025,Chandigarh,Chandigarh,Loamy,6.7,0.17,189,37,189,1.19
13-11-2021,Odisha,Bhubaneswar,Red,7.3,0.94,96,16,158,0.51
11-08-2022,Madhya Pradesh,Bhopal,Red,6.8,0.6,200,25,131,0.71
31-08-2022,Nagaland,Kohima,Loamy,6.1,0.19,225,27,312,1.14
13-07-2017,Tamil Nadu,Chennai,Red,5.2,0.42,158,26,154,0.49
04-02-2023,Delhi,New Delhi,Loamy,6,0.12,221,21,181,0.89
01-05-2019,Nagaland,Kohima,Loamy,6.7,0.23,271,29,223,0.78
27-11-2024,Himachal Pradesh,Shimla,Loamy,7,1,239,18,331,1.05
07-02-2024,Delhi,New Delhi,Loamy,8.2,2.27,235,28,289,1.07
25-01-2016,Lakshadweep,Kavaratti,Loamy,6.1,0.31,179,41,216,0.94
06-06-2019,Mizoram,Aizawl,Loamy,6.3,0.59,127,20,216,1.29
09-01-2023,Odisha,Bhubaneswar,Laterite,4.5,0.6,75,18,122,0.73
13-09-2015,Uttarakhand,Dehradun,Loamy,6.4,0.58,161,24,297,0.79
09-12-2016,Goa,North Goa,Loamy,6.2,0.85,134,26,292,1.05
13-01-2020,Jammu and Kashmir,Srinagar,Loamy,6.3,0.87,277,21,345,1.05
28-04-2020,Puducherry,Puducherry,Loamy,6.6,0.57,252,34,248,0.98
02-11-2021,Punjab,Patiala,Alluvial,7.7,0.86,168,50,287,1.09
10-01-2015,Tripura,Agartala,Loamy,6.3,0.62,261,16,329,0.95
11-11-2022,Bihar,Patna,Alluvial,6.9,0.34,254,27,203,1.46
08-03-2017,Jharkhand,Ranchi,Loamy,6.9,0.33,258,30,244,1.09
27-01-2024,Jharkhand,Ranchi,Loamy,5.4,0.56,227,19,196,1.08
05-02-2024,Telangana,Hyderabad,Black,7.2,0.71,176,25,349,0.69
26-05-2017,Rajasthan,Udaipur,Sandy,6.9,0.74,122,20,89,0.46
25-10-2017,Karnataka,Mysore,Laterite,6,0.19,152,18,111,0.74
26-09-2023,Uttarakhand,Dehradun,Loamy,7.7,1.16,231,36,237,1.24
12-10-2017,Meghalaya,Shillong,Loamy,6.3,0.42,266,18,247,0.72
30-12-2019,Uttar Pradesh,Varanasi,Sandy,6.4,0.1,117,8,127,0.53
09-01-2016,Chandigarh,Chandigarh,Loamy,6.9,0.47,277,25,228,1.01
03-08-2023,Meghalaya,Shillong,Loamy,6.7,0.75,184,29,278,0.94
02-01-2021,Gujarat,Vadodara,Black,6.4,0.41,183,37,189,0.85
12-08-2015,Meghalaya,Shillong,Loamy,7.2,0.71,237,21,318,0.91
16-06-2018,Jammu and Kashmir,Srinagar,Loamy,7.4,1.37,233,21,276,1.17
02-02-2021,Meghalaya,Shillong,Loamy,6.7,0.85,144,30,366,0.91
08-12-2019,Kerala,Kozhikode,Red,6.2,1.32,133,31,119,0.55
02-05-2017,Jammu and Kashmir,Srinagar,Loamy,6.4,0.52,256,16,296,0.78
07-03-2024,Rajasthan,Jodhpur,Desert,8,0.63,95,9,65,0.5
04-03-2015,Ladakh,Leh,Sandy Loam,7.3,0.46,119,17,180,0.67
25-05-2018,Mizoram,Aizawl,Loamy,6.5,0.6,224,19,252,0.98
30-09-2025,Lakshadweep,Kavaratti,Loamy,6.5,0.63,154,25,201,1.05
14-11-2022,Goa,North Goa,Loamy,6.2,0.51,205,20,251,0.95
13-10-2022,Telangana,Hyderabad,Red,8,1.86,180,34,235,1.07
19-11-2016,Uttarakhand,Dehradun,Loamy,6.9,0.59,148,25,237,0.86
24-01-2019,Punjab,Ludhiana,Alluvial,6.2,0.24,276,41,362,1.39
22-06-2019,Tripura,Agartala,Loamy,5.3,0.05,123,34,234,1.2
22-11-2020,Arunachal Pradesh,Itanagar,Loamy,6,0.22,160,22,277,1.25
06-09-2023,Himachal Pradesh,Mandi,Loamy,7.5,1.29,196,30,226,1.34
25-05-2016,West Bengal,Howrah,Red,6.8,0.58,116,15,248,0.44
20-01-2016,Assam,Cachar,Laterite,5.6,0.49,80,15,193,0.85
09-02-2016,Punjab,Ludhiana,Alluvial,7.2,0.75,160,27,300,1.07
10-11-2022,Goa,North Goa,Loamy,7,1.6,130,22,273,1.3
01-06-2016,Delhi,New Delhi,Loamy,6.1,0.53,228,22,271,1.24
20-04-2016,Andhra Pradesh,Chittoor,Red,6.2,0.37,82,11,121,0.47
23-06-2020,Goa,North Goa,Loamy,6.3,0.55,180,42,291,1.23
19-07-2022,Puducherry,Puducherry,Loamy,5.9,0.09,145,15,227,0.87
27-07-2019,Manipur,Imphal,Loamy,6.4,0.39,160,36,250,1.08
08-03-2020,Uttar Pradesh,Kanpur,Sandy,7.4,1.47,64,17,131,0.51
19-09-2022,Maharashtra,Mumbai,Red,7,1.52,101,23,271,0.73
31-12-2018,Gujarat,Rajkot,Black,8,1.49,235,38,353,0.8
22-06-2023,Dadra and Nagar Haveli and Daman and Diu,Daman,Loamy,6.3,0.32,216,42,189,0.92
03-05-2023,Telangana,Nizamabad,Red,6.4,0.17,163,28,156,0.41
15-12-2024,Dadra and Nagar Haveli and Daman and Diu,Daman,Loamy,6.3,0.96,238,19,194,1.2
17-06-2022,Andaman and Nicobar Islands,Port Blair,Loamy,6.2,0.54,203,43,263,1.09
14-12-2016,Lakshadweep,Kavaratti,Loamy,6.6,0.79,184,22,239,1.21
30-08-2024,Mizoram,Aizawl,Loamy,4.7,1.63,101,13,249,0.93
24-03-2015,Maharashtra,Mumbai,Black,7.6,0.86,162,34,165,0.63
14-03-2018,Ladakh,Leh,Sandy Loam,6.4,0.17,124,14,130,0.6
23-08-2023,Telangana,Nizamabad,Red,4.9,0.6,100,7,176,0.79
16-08-2023,Uttarakhand,Dehradun,Loamy,6.1,0.48,130,26,278,0.97
09-11-2021,Tripura,Agartala,Loamy,5.9,0.62,179,17,298,1.13
16-03-2020,Lakshadweep,Kavaratti,Loamy,6.1,0.1,169,30,350,0.91
10-08-2020,Nagaland,Kohima,Loamy,6.1,0.25,146,20,314,0.72
20-02-2015,Nagaland,Kohima,Loamy,6.7,0.48,230,29,239,0.86
15-11-2016,Uttar Pradesh,Lucknow,Sandy,6.9,0.23,94,10,59,0.39
17-12-2016,Himachal Pradesh,Shimla,Loamy,6.5,0.75,234,21,283,1.15
10-07-2025,Jammu and Kashmir,Srinagar,Loamy,5.8,0.35,229,12,293,0.77
09-01-2019,Haryana,Gurgaon,Sandy,6.2,0.32,108,14,127,0.61
24-03-2016,Punjab,Ludhiana,Alluvial,6.3,0.76,243,38,385,0.98
30-05-2017,Sikkim,Gangtok,Loamy,6.9,0.54,222,29,290,1.19
02-05-2016,Odisha,Bhubaneswar,Red,5.6,0.39,173,18,145,0.39
29-12-2019,Chandigarh,Chandigarh,Loamy,6.2,0.22,197,35,314,0.91
12-09-2020,West Bengal,Howrah,Alluvial,7.5,1.16,200,26,390,1.33
12-05-2024,Jammu and Kashmir,Srinagar,Loamy,6.5,0.13,251,42,343,1.17
12-11-2020,Karnataka,Belgaum,Black,6.6,0.92,112,37,208,0.97
10-08-2023,Dadra and Nagar Haveli and Daman and Diu,Daman,Loamy,6.8,0.48,119,26,184,1.09
24-04-2019,Ladakh,Leh,Sandy Loam,6.9,0.01,79,12,170,0.47
10-01-2021,Chandigarh,Chandigarh,Loamy,5.7,0.5,162,29,254,0.74
07-09-2015,Tamil Nadu,Madurai,Alluvial,6.4,0.52,173,44,214,0.87
04-11-2016,Odisha,Bhubaneswar,Laterite,5.6,0.28,149,24,169,0.58
13-03-2016,Kerala,Thrissur,Red,6.7,0.36,137,18,141,0.93
05-12-2020,Manipur,Imphal,Loamy,6.7,1.12,248,26,311,1.16
09-02-2017,Dadra and Nagar Haveli and Daman and Diu,Daman,Loamy,6.3,0.24,208,16,293,0.95
31-03-2024,Manipur,Imphal,Loamy,7,1.42,149,21,250,1.39
25-09-2015,Andaman and Nicobar Islands,Port Blair,Loamy,6.3,0.63,139,33,357,0.88
07-06-2020,Uttar Pradesh,Varanasi,Sandy,5.8,0.41,59,8,65,0.36
13-12-2017,Arunachal Pradesh,Itanagar,Loamy,7.2,0.67,176,34,223,0.85
24-08-2015,Punjab,Patiala,Alluvial,6.4,0.23,228,44,370,0.96
24-01-2016,Manipur,Imphal,Loamy,6.8,0.78,186,43,344,0.83
26-04-2023,Bihar,Muzaffarpur,Alluvial,5.7,0.14,284,19,307,1.13
02-06-2025,Sikkim,Gangtok,Loamy,5.9,0.05,266,17,190,0.66
01-02-2017,Tamil Nadu,Coimbatore,Red,5.8,0.17,168,16,144,0.87
23-01-2020,Uttar Pradesh,Lucknow,Sandy,6.3,0.4,76,14,46,0.4
14-09-2021,Karnataka,Mysore,Red,4.9,0.39,163,23,231,0.36
15-09-2016,West Bengal,Howrah,Alluvial,6.3,0.63,231,30,241,0.99
15-09-2022,Arunachal Pradesh,Itanagar,Loamy,6.3,0.53,269,36,239,1.06
28-03-2024,Haryana,Faridabad,Alluvial,6.8,0.08,198,34,323,1.16
14-02-2023,Andaman and Nicobar Islands,Port Blair,Loamy,4.5,1.56,186,31,252,0.93
23-12-2023,Karnataka,Mysore,Red,5.3,0.47,140,6,230,0.32
06-06-2018,Nagaland,Kohima,Loamy,5.9,0.44,186,38,224,0.83
10-12-2022,Maharashtra,Pune,Red,5.7,0.35,176,18,154,0.97
31-07-2016,Jharkhand,Ranchi,Loamy,6.5,0.35,163,16,338,1.06
23-10-2020,Jammu and Kashmir,Srinagar,Loamy,6.5,0.05,211,33,333,0.7
10-03-2016,Himachal Pradesh,Shimla,Loamy,7.3,0.91,223,21,204,1.28
20-11-2020,Jammu and Kashmir,Srinagar,Loamy,6,0.1,264,16,301,1.03
25-07-2024,Karnataka,Belgaum,Red,5.5,0.27,135,9,242,0.59
03-05-2025,Kerala,Ernakulam,Laterite,4.7,0.36,81,22,102,0.64
02-02-2017,Assam,Dibrugarh,Laterite,5.6,0.63,153,14,159,0.97
17-08-2022,Maharashtra,Mumbai,Red,6.8,1.19,203,27,128,0.61
24-10-2022,West Bengal,Kolkata,Red,5.7,0.69,124,19,157,0.52
22-08-2018,Karnataka,Belgaum,Black,6.8,0.86,232,33,230,0.7
15-11-2020,Tripura,Agartala,Loamy,7.2,1.29,261,21,290,0.9
26-09-2025,Rajasthan,Udaipur,Desert,6.6,0.43,35,7,48,0.4
16-10-2022,Jharkhand,Ranchi,Loamy,7.1,1.09,269,25,191,1.12
20-09-2018,Manipur,Imphal,Loamy,6.5,0.12,138,32,340,1.22
16-12-2022,Odisha,Bhubaneswar,Red,5.3,0.19,168,25,170,0.43
18-10-2021,Sikkim,Gangtok,Loamy,5.8,0.13,150,21,302,1.08
22-03-2016,Rajasthan,Jodhpur,Desert,7.5,0.22,114,13,106,0.25
10-07-2020,Lakshadweep,Kavaratti,Loamy,7.3,0.9,128,19,310,0.96
24-08-2018,Tamil Nadu,Chennai,Alluvial,6.2,0.73,180,33,327,1.42
06-09-2015,Madhya Pradesh,Bhopal,Black,7.1,0.79,217,25,250,1.02
15-06-2015,Chhattisgarh,Raipur,Loamy,7.2,0.39,266,25,317,0.97
22-09-2024,Bihar,Gaya,Alluvial,7.8,1.02,198,27,388,1.08
20-04-2023,West Bengal,Darjeeling,Alluvial,8.1,1,291,30,362,1.38
20-09-2018,Maharashtra,Nashik,Red,5.7,0.48,141,19,241,0.63
16-10-2017,Haryana,Hisar,Alluvial,7.4,0.63,274,23,317,0.9
25-06-2016,Himachal Pradesh,Mandi,Sandy Loam,6.6,0.42,133,9,130,0.69
28-01-2017,Jammu and Kashmir,Srinagar,Loamy,6.9,0.33,242,32,330,0.83
13-09-2023,Rajasthan,Jaipur,Desert,7.2,0.53,66,4,97,0.42
13-12-2024,Nagaland,Kohima,Loamy,6.1,0.05,264,40,285,0.64
29-10-2020,Delhi,New Delhi,Loamy,6.2,0.34,198,32,348,1.21
20-12-2020,Haryana,Karnal,Sandy,6.7,0.27,76,15,114,0.52
07-03-2017,Mizoram,Aizawl,Loamy,6.1,0.64,227,20,305,1.13
26-01-2023,Dadra and Nagar Haveli and Daman and Diu,Daman,Loamy,7,0.17,214,34,251,0.96
18-05-2015,Puducherry,Puducherry,Loamy,7.1,0.62,200,19,181,0.77
09-02-2021,Goa,North Goa,Loamy,6.8,0.33,134,31,227,1.08
04-07-2024,Sikkim,Gangtok,Loamy,6.9,0.75,280,27,266,1.19
15-09-2018,Maharashtra,Nashik,Red,6.4,0.08,99,11,109,0.4
03-10-2022,Assam,Tinsukia,Alluvial,6.1,0.52,189,24,333,0.96
19-10-2024,Kerala,Kozhikode,Red,5.9,0.31,133,23,192,0.96
19-02-2020,Ladakh,Leh,Sandy Loam,6.6,0.13,80,20,82,0.63
20-04-2023,Kerala,Thrissur,Laterite,7.8,2.04,103,21,207,0.91
10-03-2015,Arunachal Pradesh,Itanagar,Loamy,6.5,0.66,216,44,285,0.98
06-02-2022,Arunachal Pradesh,Itanagar,Loamy,7.7,1.58,285,38,268,1.21
12-07-2025,Manipur,Imphal,Loamy,7,0.5,197,38,274,1.19
01-10-2020,Tamil Nadu,Coimbatore,Red,6,0.41,133,22,156,0.56
13-01-2019,Andaman and Nicobar Islands,Port Blair,Loamy,6.8,0.47,221,38,317,0.92
24-07-2015,Mizoram,Aizawl,Loamy,7,0.74,175,18,210,0.92
13-12-2020,Lakshadweep,Kavaratti,Loamy,7.7,1.7,184,40,370,1.2
15-06-2025,Gujarat,Vadodara,Black,7.5,1.09,155,27,275,0.94
12-02-2015,Chandigarh,Chandigarh,Loamy,6.9,0.32,210,19,237,1.1
20-06-2025,West Bengal,Kolkata,Red,5.9,0.05,86,19,112,0.5
21-03-2020,Maharashtra,Nagpur,Red,5.7,0.18,195,11,209,0.85
28-11-2020,Chandigarh,Chandigarh,Loamy,7,0.77,148,29,191,1.07
30-01-2017,Mizoram,Aizawl,Loamy,6.7,0.41,248,16,325,0.72
23-03-2025,Lakshadweep,Kavaratti,Loamy,5.7,0.05,159,27,333,0.67
29-11-2023,Goa,North Goa,Loamy,7.2,0.51,142,19,363,0.83
05-12-2022,Telangana,Hyderabad,Black,8.6,1.61,135,31,326,1.18
12-11-2020,Goa,North Goa,Loamy,5.6,0.29,260,13,299,0.66
17-06-2020,Uttarakhand,Dehradun,Loamy,6.4,0.23,185,34,213,0.89
07-06-2024,Nagaland,Kohima,Loamy,6.8,0.44,170,34,314,1.04
19-04-2020,Telangana,Hyderabad,Black,7.7,0.6,190,37,233,0.74
31-10-2024,Telangana,Hyderabad,Red,6.7,1.04,90,24,205,0.8
18-06-2017,Puducherry,Puducherry,Loamy,6.4,0.67,222,17,299,1.12
26-12-2015,Manipur,Imphal,Loamy,6.3,0.6,205,23,263,1.25
26-01-2023,Karnataka,Hubli,Laterite,6.6,1.76,94,29,153,0.77
16-09-2019,Sikkim,Gangtok,Loamy,6.5,0.05,155,26,231,1.01
08-10-2015,Telangana,Warangal,Red,6.6,0.64,179,27,185,0.79
11-12-2023,Andhra Pradesh,Guntur,Red,4.9,0.71,133,6,195,0.73
02-03-2020,Nagaland,Kohima,Loamy,6.1,0.21,199,18,245,0.79
11-12-2023,Kerala,Kozhikode,Red,6.2,0.94,186,12,193,0.46
28-10-2016,West Bengal,Howrah,Alluvial,7.1,0.71,221,46,234,0.98
03-04-2015,Gujarat,Surat,Sandy,6.1,0.42,73,7,112,0.34
02-11-2016,Tamil Nadu,Madurai,Red,5.7,0.46,139,23,165,0.53
23-05-2020,Rajasthan,Jodhpur,Desert,8.1,0.42,52,10,69,0.3
02-03-2015,Puducherry,Puducherry,Loamy,6.9,0.4,215,36,298,1.12
05-05-2022,Karnataka,Mysore,Laterite,5.3,0.21,100,19,67,0.56
20-07-2023,Sikkim,Gangtok,Loamy,6.2,0.84,225,16,311,1.23
06-07-2024,Jammu and Kashmir,Srinagar,Loamy,6.4,0.06,253,35,241,0.86
27-07-2025,Andaman and Nicobar Islands,Port Blair,Loamy,7.4,1.46,269,21,366,0.99
25-10-2017,West Bengal,Kolkata,Alluvial,6.8,0.27,285,42,385,1.28
29-01-2019,Nagaland,Kohima,Loamy,6.4,0.37,266,25,302,1.25
26-08-2016,Maharashtra,Pune,Black,6.6,0.72,162,33,207,0.79
12-11-2016,Nagaland,Kohima,Loamy,6.3,0.7,192,22,237,1.3
05-09-2025,West Bengal,Darjeeling,Red,4.8,0.73,134,18,188,0.75
25-01-2022,Telangana,Hyderabad,Red,6.4,0.58,152,11,158,0.44
29-11-2018,Haryana,Hisar,Sandy,6.6,0.01,67,11,94,0.49
25-11-2022,Haryana,Karnal,Alluvial,7.8,1.79,208,37,348,1.27
24-10-2024,Bihar,Purnia,Alluvial,6.8,0.26,268,32,293,1.24
16-05-2022,Uttarakhand,Dehradun,Loamy,6.4,0.06,186,31,347,1.19
30-03-2021,Ladakh,Leh,Sandy Loam,5.7,0.49,58,8,139,0.38
07-06-2016,Chhattisgarh,Raipur,Loamy,7.1,0.73,140,31,261,0.89
21-07-2021,Delhi,New Delhi,Loamy,7.4,0.89,133,25,228,1.27
15-07-2023,Puducherry,Puducherry,Loamy,7.3,1.27,247,35,362,1.35
06-02-2022,Chandigarh,Chandigarh,Loamy,8.6,2.02,283,34,362,1.38
22-05-2020,Haryana,Gurgaon,Sandy,5.8,0.16,68,9,95,0.55
06-01-2018,Uttar Pradesh,Varanasi,Sandy,6.8,0.27,128,13,131,0.42
20-10-2019,Puducherry,Puducherry,Loamy,7,0.92,213,21,270,1.02
11-01-2020,Gujarat,Surat,Sandy,7.1,0.96,152,18,151,0.64
11-08-2023,West Bengal,Darjeeling,Red,5.2,0.02,122,23,171,0.88
12-10-2022,West Bengal,Kolkata,Alluvial,7.6,0.42,211,41,264,1
15-04-2021,Maharashtra,Nashik,Red,6.2,0.55,136,20,132,0.95
25-09-2020,Bihar,Patna,Alluvial,7.9,1.38,300,32,232,1.46
18-02-2018,Nagaland,Kohima,Loamy,6.4,0.78,192,42,234,0.93
11-03-2021,Tripura,Agartala,Loamy,6.7,0.07,208,24,310,0.73
05-04-2021,Gujarat,Rajkot,Sandy,7.5,1.19,131,18,73,0.71
15-12-2017,West Bengal,Darjeeling,Alluvial,7.3,0.15,237,41,212,0.8
25-07-2021,Chhattisgarh,Raipur,Loamy,7.1,1.59,234,29,290,1.37
17-04-2015,Assam,Kamrup,Laterite,5.3,0.4,139,12,85,0.51
18-11-2022,Dadra and Nagar Haveli and Daman and Diu,Daman,Loamy,6.6,0.43,126,26,177,0.74
17-02-2015,Punjab,Patiala,Alluvial,6.5,0.44,291,32,299,0.97
23-12-2024,Odisha,Bhubaneswar,Laterite,6.8,0.51,119,23,89,0.87
03-12-2015,Karnataka,Mysore,Red,5.6,0.32,99,28,127,0.42
15-11-2017,Assam,Kamrup,Alluvial,6.3,0.08,259,36,266,0.88
22-10-2022,Tamil Nadu,Coimbatore,Alluvial,7.6,1.37,204,24,257,1.35
04-07-2018,Gujarat,Ahmedabad,Black,6.8,0.43,237,16,303,0.83
17-08-2020,Tamil Nadu,Madurai,Red,6.5,0.37,84,29,111,0.75
16-09-2016,Gujarat,Vadodara,Black,7.9,0.86,143,33,294,1.03
05-03-2020,Puducherry,Puducherry,Loamy,7.1,0.45,138,35,354,0.99
30-06-2018,Odisha,Bhubaneswar,Red,6,0.67,139,13,234,0.61
12-09-2019,Himachal Pradesh,Shimla,Loamy,7.1,0.69,202,41,213,1.31
29-07-2022,Nagaland,Kohima,Loamy,7.1,0.82,158,20,311,0.73
30-10-2015,Tripura,Agartala,Loamy,6.6,0.7,210,21,268,1.25
30-09-2016,Maharashtra,Pune,Black,7.1,0.56,140,29,209,0.94
25-02-2015,Tripura,Agartala,Loamy,6.8,0.67,146,38,301,0.71
26-12-2016,Odisha,Bhubaneswar,Laterite,5.6,0.28,75,12,195,0.87
09-06-2016,Manipur,Imphal,Loamy,6.6,0.72,219,37,230,1.05
18-04-2016,Meghalaya,Shillong,Loamy,6,0.38,132,26,331,0.92
28-01-2015,Uttarakhand,Dehradun,Loamy,7,0.63,202,22,346,0.73
26-10-2020,Jharkhand,Ranchi,Loamy,7,0.9,194,44,340,1.31
01-01-2024,Bihar,Muzaffarpur,Alluvial,7.8,1.79,166,55,293,1.22
19-06-2024,Odisha,Bhubaneswar,Red,6.3,0.34,140,29,185,0.56
31-12-2015,West Bengal,Howrah,Alluvial,6,0.4,236,21,322,1.17
06-06-2022,Rajasthan,Jodhpur,Sandy,6.4,0.56,67,14,84,0.57
09-06-2016,Maharashtra,Mumbai,Red,6.4,0.4,161,23,218,0.47
09-07-2022,Delhi,New Delhi,Loamy,6.9,1.33,136,28,346,1.23
28-08-2018,Jharkhand,Ranchi,Loamy,6.4,0.34,229,29,348,1.08
01-06-2017,Odisha,Bhubaneswar,Red,6.4,0.04,78,12,110,0.56
27-10-2017,Chandigarh,Chandigarh,Loamy,7.3,0.96,150,40,278,1.04
23-10-2017,Sikkim,Gangtok,Loamy,6.6,0.53,170,37,302,0.83
05-07-2019,Assam,Kamrup,Laterite,5,0.32,143,15,178,0.97
07-07-2017,Nagaland,Kohima,Loamy,6.1,0.73,187,21,317,1.19
29-08-2022,Karnataka,Mysore,Laterite,4.2,0.74,97,15,156,0.68
07-08-2021,Arunachal Pradesh,Itanagar,Loamy,7.4,1.41,211,45,238,0.94
10-11-2019,Kerala,Ernakulam,Red,5.8,0.75,131,18,250,0.97
12-03-2019,Goa,North Goa,Loamy,5.9,0.37,200,18,274,1.18
28-02-2024,Andaman and Nicobar Islands,Port Blair,Loamy,7.1,1.13,181,46,202,1.03
17-10-2024,Chandigarh,Chandigarh,Loamy,6.6,0.96,190,44,228,1.13
24-10-2022,Arunachal Pradesh,Itanagar,Loamy,6,0.57,213,33,254,0.88
18-08-2022,Himachal Pradesh,Kangra,Loamy,7.5,0.81,265,21,355,0.94
21-03-2020,Arunachal Pradesh,Itanagar,Loamy,5.8,0.13,228,33,253,0.95
14-06-2023,Andaman and Nicobar Islands,Port Blair,Loamy,7.3,1.26,241,25,331,0.77
30-04-2018,Delhi,New Delhi,Loamy,6.3,0.24,231,28,247,1.06
13-07-2019,Jharkhand,Ranchi,Loamy,6.9,0.85,207,36,264,1.27
29-04-2016,Puducherry,Puducherry,Loamy,6.7,0.35,156,29,306,0.84
06-09-2020,Haryana,Faridabad,Alluvial,7.1,0.48,177,47,259,1.27
14-12-2016,Delhi,New Delhi,Loamy,7,0.67,267,41,359,0.81
28-11-2017,Goa,North Goa,Loamy,7.1,0.76,134,41,357,0.96
30-05-2020,Odisha,Bhubaneswar,Red,5.1,0.5,101,20,223,0.39
20-07-2018,Lakshadweep,Kavaratti,Loamy,6.9,1.14,240,43,272,1.2
08-06-2018,Uttarakhand,Dehradun,Loamy,6.5,0.56,151,27,189,0.88
03-11-2020,Andhra Pradesh,Guntur,Alluvial,6.8,1.02,242,33,296,1.36
15-09-2024,Delhi,New Delhi,Loamy,7.2,1.63,155,25,377,1.05
06-05-2015,Lakshadweep,Kavaratti,Loamy,6.1,0.42,253,41,247,0.92
30-10-2022,Chhattisgarh,Raipur,Loamy,7,0.59,140,23,253,0.75
20-06-2016,Mizoram,Aizawl,Loamy,6.8,0.51,192,37,194,0.75
01-01-2021,Haryana,Gurgaon,Sandy,6.3,0.09,143,13,77,0.64
05-11-2024,Puducherry,Puducherry,Loamy,5.4,0.23,120,19,200,0.74
28-12-2023,Himachal Pradesh,Kangra,Loamy,6.6,0.45,232,33,340,0.71
03-09-2020,Tamil Nadu,Madurai,Red,5.8,0.26,103,12,173,0.94
23-05-2019,Jammu and Kashmir,Srinagar,Loamy,6,0.15,228,21,215,0.85
27-06-2024,Gujarat,Rajkot,Black,8,1.23,154,22,351,1.06
08-03-2015,Manipur,Imphal,Loamy,6,0.63,192,44,327,0.8
21-08-2015,Punjab,Patiala,Alluvial,6.3,0.62,232,21,329,1.24
26-11-2020,Tripura,Agartala,Loamy,7.1,1.38,223,24,352,0.81
15-03-2018,Assam,Kamrup,Laterite,6.3,1.01,166,14,127,0.59
28-11-2020,Telangana,Hyderabad,Red,5.8,0.65,106,17,229,0.52
25-03-2021,Puducherry,Puducherry,Loamy,6.8,0.98,195,21,351,1.08
21-04-2015,Sikkim,Gangtok,Loamy,7.1,0.71,133,21,206,1.2
02-02-2019,Karnataka,Hubli,Black,6.7,0.42,222,38,191,0.61
12-09-2020,Haryana,Faridabad,Sandy,6.9,0.68,138,15,125,0.56
14-09-2016,Jammu and Kashmir,Srinagar,Loamy,6.8,0.53,177,24,178,0.73
14-07-2025,Haryana,Hisar,Alluvial,6.3,0.15,209,42,288,1
02-06-2024,Uttarakhand,Dehradun,Loamy,7,0.67,227,29,333,1.28
27-08-2022,West Bengal,Darjeeling,Alluvial,6.6,0.37,156,35,346,1.12
27-03-2022,Puducherry,Puducherry,Loamy,6.8,0.96,237,43,345,1.15
04-12-2024,Lakshadweep,Kavaratti,Loamy,7.2,0.83,136,39,216,0.86
08-10-2021,Manipur,Imphal,Loamy,5.4,0.58,157,11,246,1.06
14-04-2022,Mizoram,Aizawl,Loamy,6.4,0.07,180,34,219,0.67
22-03-2019,Delhi,New Delhi,Loamy,7.4,1.06,150,43,302,1.23
02-07-2022,Meghalaya,Shillong,Loamy,7.9,1.39,141,25,216,0.94
29-07-2018,Andaman and Nicobar Islands,Port Blair,Loamy,7.3,0.93,127,27,308,0.8
14-04-2024,Himachal Pradesh,Kangra,Loamy,6.9,0.68,176,36,205,1.11
28-10-2019,Delhi,New Delhi,Loamy,7.2,0.95,232,40,362,1.27
15-08-2024,Andaman and Nicobar Islands,Port Blair,Loamy,7.9,1.56,221,23,228,1.28
29-05-2020,Madhya Pradesh,Bhopal,Black,7.3,0.55,151,27,252,1.18
20-06-2021,Rajasthan,Udaipur,Sandy,6.8,1.05,94,24,151,0.59
26-05-2017,Rajasthan,Jaipur,Desert,7.2,0.27,58,11,115,0.51
12-06-2020,Chhattisgarh,Raipur,Loamy,6.3,0.46,131,24,197,1
09-06-2025,Jharkhand,Ranchi,Loamy,7.1,1.48,176,23,265,0.98
10-06-2024,Goa,North Goa,Loamy,7.5,1.49,200,41,221,1.31
05-08-2018,Madhya Pradesh,Bhopal,Red,5.5,0.25,145,29,217,0.62
31-12-2018,Andhra Pradesh,Visakhapatnam,Alluvial,6.7,0.45,272,41,311,1.26
02-06-2022,Punjab,Patiala,Alluvial,5.9,0.2,273,30,388,0.91
13-05-2021,Haryana,Hisar,Alluvial,6.9,0.66,292,30,299,0.95
30-09-2019,Jharkhand,Ranchi,Loamy,6.8,1.17,270,19,325,0.9
25-05-2019,Himachal Pradesh,Mandi,Loamy,6.2,0.63,233,27,188,1.25
07-03-2019,Assam,Kamrup,Alluvial,6.4,0.15,197,34,296,0.91
25-04-2022,Karnataka,Mysore,Black,8.2,1.13,194,25,248,0.79
07-01-2022,Kerala,Kozhikode,Red,4.8,0.53,129,10,173,0.57
14-05-2024,Jharkhand,Ranchi,Loamy,8.5,2.49,222,47,350,1.42
30-11-2022,Tripura,Agartala,Loamy,7.5,0.89,174,46,301,0.97
18-08-2024,Tripura,Agartala,Loamy,6.5,0.01,144,29,273,1.15
06-09-2025,Karnataka,Belgaum,Laterite,6.8,1.77,106,22,210,0.74
25-07-2021,Ladakh,Leh,Sandy Loam,7,0.1,62,9,150,0.52
19-06-2019,Uttar Pradesh,Lucknow,Alluvial,7,1.01,216,51,274,0.98
24-03-2025,Maharashtra,Nagpur,Black,8,1.72,215,43,347,0.87
10-11-2022,Andhra Pradesh,Chittoor,Black,8.8,1.64,178,43,245,1
06-03-2018,Bihar,Gaya,Alluvial,7.3,0.59,186,29,269,1.43
28-01-2017,Chandigarh,Chandigarh,Loamy,6.8,0.44,221,33,265,1.26
25-01-2023,Kerala,Ernakulam,Laterite,5,0.48,115,21,161,0.5
31-08-2015,Jammu and Kashmir,Srinagar,Loamy,6.2,0.66,158,29,224,1.05
03-02-2022,Madhya Pradesh,Bhopal,Red,6,0.06,148,24,106,0.78
29-11-2017,Dadra and Nagar Haveli and Daman and Diu,Daman,Loamy,6.5,0.26,250,16,195,1
17-08-2015,Tamil Nadu,Madurai,Red,6.3,0.56,111,27,243,0.7
08-02-2022,Bihar,Gaya,Alluvial,6.2,0.5,164,50,248,1.26
08-07-2017,Meghalaya,Shillong,Loamy,6.7,0.95,157,40,206,1.27
31-05-2018,Gujarat,Vadodara,Black,6.7,0.57,230,19,184,0.94
06-01-2015,Sikkim,Gangtok,Loamy,6.3,0.41,212,26,205,1.02
16-04-2024,Andaman and Nicobar Islands,Port Blair,Loamy,7.4,1.92,203,34,248,0.85
12-04-2016,Karnataka,Belgaum,Laterite,6.2,0.26,144,24,146,0.69
22-10-2019,Delhi,New Delhi,Loamy,6.9,0.72,189,41,310,0.88
16-03-2015,Andaman and Nicobar Islands,Port Blair,Loamy,6.7,0.52,121,39,202,1.01
04-01-2015,Kerala,Ernakulam,Red,6.1,0.7,129,14,192,0.54
14-02-2020,Gujarat,Vadodara,Black,6,0.31,97,23,223,0.65
07-10-2016,Uttar Pradesh,Lucknow,Sandy,6.9,0.29,52,19,80,0.52
28-04-2015,Himachal Pradesh,Kangra,Sandy Loam,6.5,0.39,109,10,81,0.76
07-01-2023,Puducherry,Puducherry,Loamy,6.2,0.27,160,21,321,0.75
18-06-2019,Madhya Pradesh,Bhopal,Red,6.1,0.52,179,10,145,0.47
26-12-2021,Ladakh,Leh,Sandy Loam,7.6,0.63,83,10,124,0.89
14-07-2020,Tripura,Agartala,Loamy,6.5,0.21,147,24,309,1.01
04-08-2017,Telangana,Warangal,Red,6.1,0.95,204,14,188,0.63
06-03-2022,Mizoram,Aizawl,Loamy,6.9,0.86,215,42,256,1.04
04-01-2019,Arunachal Pradesh,Itanagar,Loamy,6.6,0.61,148,46,244,0.8
13-07-2015,Madhya Pradesh,Bhopal,Red,5.7,0.36,85,20,132,0.71
26-04-2017,Dadra and Nagar Haveli and Daman and Diu,Daman,Loamy,6.7,0.29,183,24,222,1.06
25-07-2022,Andaman and Nicobar Islands,Port Blair,Loamy,5.9,0.15,138,20,202,0.95
16-11-2018,West Bengal,Howrah,Alluvial,6.6,0.34,290,20,343,1
25-06-2023,Uttarakhand,Dehradun,Loamy,6.7,0.03,176,23,351,1.25
29-12-2018,Manipur,Imphal,Loamy,6.8,0.52,148,45,264,0.79
29-01-2021,Dadra and Nagar Haveli and Daman and Diu,Daman,Loamy,5.6,0.26,195,22,248,0.73
25-03-2024,Manipur,Imphal,Loamy,6.6,0.06,236,23,256,0.83
27-07-2019,Delhi,New Delhi,Loamy,6.8,0.64,165,22,301,0.81
01-07-2021,Punjab,Ludhiana,Alluvial,6.5,0.06,163,37,280,0.91
04-12-2018,Kerala,Kozhikode,Red,6,0.52,92,30,201,0.47
15-02-2018,Himachal Pradesh,Mandi,Sandy Loam,6.7,0.05,132,19,128,0.5
23-11-2022,Tamil Nadu,Madurai,Red,6.5,1.07,104,20,216,0.97
16-12-2019,Haryana,Gurgaon,Alluvial,6.8,0.27,207,19,330,1.3
24-12-2016,Lakshadweep,Kavaratti,Loamy,5.9,0.53,213,26,314,0.95
13-08-2015,Maharashtra,Nashik,Red,5.8,0.5,168,29,157,0.44
15-06-2016,Uttarakhand,Dehradun,Loamy,7.4,0.81,273,19,246,0.8
23-04-2015,Tripura,Agartala,Loamy,6.2,0.59,201,36,235,0.94
27-12-2020,Madhya Pradesh,Bhopal,Red,5.5,0.51,131,28,196,0.64
12-07-2016,Rajasthan,Jaipur,Desert,7.1,0.24,116,12,83,0.29
10-08-2020,Dadra and Nagar Haveli and Daman and Diu,Daman,Loamy,6.9,0.28,158,20,206,1.26
07-11-2020,Chhattisgarh,Raipur,Loamy,8,1.25,129,37,288,1.07
15-10-2016,Madhya Pradesh,Bhopal,Black,6.7,0.7,144,22,197,0.81
16-11-2015,West Bengal,Howrah,Red,6.8,0.67,149,30,249,0.61
23-04-2019,Tripura,Agartala,Loamy,6.1,0.36,213,19,296,0.78
03-01-2020,Jammu and Kashmir,Srinagar,Loamy,5.7,0.28,255,21,184,0.69
01-04-2020,Gujarat,Rajkot,Sandy,6.2,0.15,61,5,87,0.55
19-05-2015,Lakshadweep,Kavaratti,Loamy,6.5,0.46,266,16,222,1.19
22-10-2024,Assam,Dibrugarh,Alluvial,6.3,0.71,286,36,235,1.02
02-12-2022,Sikkim,Gangtok,Loamy,5.8,0.03,247,23,231,0.93
19-07-2020,Haryana,Karnal,Alluvial,6.7,0.42,197,36,273,1.28
25-04-2021,Mizoram,Aizawl,Loamy,6.2,0.44,209,42,192,0.95
02-04-2025,Uttarakhand,Dehradun,Loamy,5.8,0.1,243,37,287,1.01
20-06-2017,Delhi,New Delhi,Loamy,7,0.73,198,37,247,0.79
20-11-2016,Mizoram,Aizawl,Loamy,6.8,0.45,194,41,197,0.72
01-08-2020,Kerala,Kozhikode,Laterite,4.8,0.45,71,6,172,0.53
10-01-2015,Uttarakhand,Dehradun,Loamy,6.5,0.79,252,18,272,1.14
18-09-2015,Haryana,Faridabad,Alluvial,6.7,0.31,220,39,322,0.85
26-04-2020,Tamil Nadu,Chennai,Alluvial,6.5,1.17,177,31,361,1.13
01-08-2019,Andaman and Nicobar Islands,Port Blair,Loamy,6.6,0.47,266,23,298,0.76
28-01-2021,Punjab,Patiala,Alluvial,5.8,0.15,176,34,215,0.79
24-01-2023,Meghalaya,Shillong,Loamy,7.8,2.38,172,27,249,0.96
22-08-2020,Mizoram,Aizawl,Loamy,6.2,0.83,201,27,354,0.94
06-04-2018,Meghalaya,Shillong,Loamy,6.1,0.39,165,30,297,1.15
02-03-2025,Odisha,Bhubaneswar,Laterite,5.3,0.49,75,14,88,0.47
08-06-2019,Haryana,Hisar,Sandy,5.9,0.58,140,12,40,0.47
17-11-2015,Andaman and Nicobar Islands,Port Blair,Loamy,6.7,0.65,200,30,246,0.86
04-09-2018,Ladakh,Leh,Sandy Loam,6.2,0.12,145,18,155,0.8
25-06-2019,Uttar Pradesh,Kanpur,Alluvial,7.4,0.67,178,25,318,1.07
04-07-2021,Dadra and Nagar Haveli and Daman and Diu,Daman,Loamy,6.7,0.27,125,36,214,1.09
03-10-2022,Kerala,Thrissur,Red,8.3,2.74,201,29,234,0.68
25-09-2022,Mizoram,Aizawl,Loamy,7.8,1.56,158,44,250,1.29
17-06-2020,Manipur,Imphal,Loamy,6.4,0.13,123,20,333,1.16
06-02-2023,Himachal Pradesh,Shimla,Loamy,5.9,0.35,214,20,313,1.03
27-04-2020,Kerala,Thrissur,Laterite,6.7,1.76,136,19,114,0.97
30-11-2024,Lakshadweep,Kavaratti,Loamy,7,0.62,138,27,339,1.3
31-07-2020,Tripura,Agartala,Loamy,6.5,0.85,213,17,281,1.2
22-07-2024,Nagaland,Kohima,Loamy,6.8,0.81,150,42,265,1.23
25-01-2025,Manipur,Imphal,Loamy,6.3,0.24,246,26,318,0.73
23-01-2018,Lakshadweep,Kavaratti,Loamy,7.5,0.83,221,30,257,0.81
24-08-2025,Goa,North Goa,Loamy,7.1,1.66,249,31,348,0.84
24-05-2019,Jammu and Kashmir,Srinagar,Loamy,7.4,0.87,243,30,339,1.06
23-06-2021,Puducherry,Puducherry,Loamy,7.1,0.53,216,32,294,1.14
24-08-2015,Chhattisgarh,Raipur,Loamy,6.1,0.61,261,18,333,1.18
23-05-2020,Nagaland,Kohima,Loamy,6.4,0.2,182,43,211,1.02
30-11-2015,Meghalaya,Shillong,Loamy,7.2,0.55,203,16,352,0.8
23-03-2020,Haryana,Gurgaon,Sandy,7.1,0.78,97,17,127,0.43
11-01-2016,Tripura,Agartala,Loamy,6.7,0.53,172,22,206,0.94
31-08-2024,Lakshadweep,Kavaratti,Loamy,6.6,0.33,217,45,354,1.2
06-03-2018,Uttar Pradesh,Varanasi,Sandy,6.2,0.5,128,17,133,0.42
20-03-2022,Sikkim,Gangtok,Loamy,5.9,0.52,217,14,287,1.18
20-04-2019,Dadra and Nagar Haveli and Daman and Diu,Daman,Loamy,6.3,0.63,195,29,308,0.91
04-01-2022,Jharkhand,Ranchi,Loamy,5.7,0.03,238,12,192,0.76
12-08-2018,Kerala,Kozhikode,Red,6,0.21,99,19,147,0.66
14-04-2024,West Bengal,Kolkata,Alluvial,6.1,0.12,170,18,308,0.99
13-02-2023,Goa,North Goa,Loamy,5.8,0.93,140,27,195,0.85
22-12-2024,Punjab,Ludhiana,Alluvial,7.2,0.95,274,29,390,1.4
30-01-2020,Chhattisgarh,Raipur,Loamy,5.8,0.04,204,14,334,0.71
04-10-2018,Tamil Nadu,Coimbatore,Red,5.7,0.1,109,26,189,0.52
16-09-2025,Himachal Pradesh,Shimla,Sandy Loam,7.3,0.7,125,18,116,0.54
17-07-2025,Andaman and Nicobar Islands,Port Blair,Loamy,7,1.07,218,44,251,1.15
22-05-2017,Meghalaya,Shillong,Loamy,7,0.68,146,46,194,1.01
06-06-2018,Sikkim,Gangtok,Loamy,6.9,0.83,249,39,350,0.97
06-05-2021,Haryana,Gurgaon,Alluvial,8.1,1.35,263,27,216,1.43
26-01-2020,Punjab,Patiala,Alluvial,7.3,0.73,193,40,265,1.12
16-10-2022,Maharashtra,Nashik,Red,6.3,1.01,129,26,195,1.01
07-08-2018,Puducherry,Puducherry,Loamy,6.1,0.35,242,26,209,1
25-12-2016,Karnataka,Belgaum,Black,6.8,0.75,178,16,206,0.98
11-11-2023,Delhi,New Delhi,Loamy,6.3,0.82,229,30,347,0.95
14-08-2020,Dadra and Nagar Haveli and Daman and Diu,Daman,Loamy,7,0.83,179,29,240,1.16
08-12-2022,Puducherry,Puducherry,Loamy,6,0.31,175,22,215,0.67
12-06-2024,Gujarat,Ahmedabad,Sandy,5.7,0.39,82,15,117,0.71
19-03-2015,Tamil Nadu,Madurai,Red,6.6,0.51,152,13,208,0.76
13-07-2024,Gujarat,Surat,Black,8.8,2.37,177,42,360,1.28
06-03-2022,Tripura,Agartala,Loamy,7,0.36,266,23,341,0.82
12-05-2015,Assam,Tinsukia,Alluvial,7,0.45,252,36,255,1.25
23-08-2016,Punjab,Ludhiana,Alluvial,6.3,0.58,150,36,279,1.01
08-11-2019,Puducherry,Puducherry,Loamy,8,1.6,244,34,268,0.81
01-12-2017,Chandigarh,Chandigarh,Loamy,6.5,0.77,182,29,230,0.87
06-11-2020,Mizoram,Aizawl,Loamy,6.6,0.68,208,39,317,1.17
15-09-2021,Jharkhand,Ranchi,Loamy,6.2,0.11,266,15,200,0.92
01-06-2021,Jammu and Kashmir,Srinagar,Loamy,6.9,0.79,206,21,205,0.9
07-02-2020,Punjab,Patiala,Alluvial,7.9,1.41,231,41,329,1.1
11-08-2018,Nagaland,Kohima,Loamy,7,1.16,218,19,350,0.93
07-09-2016,Uttarakhand,Dehradun,Loamy,6.2,0.43,236,37,308,1.26
06-11-2024,Ladakh,Leh,Sandy Loam,7.6,1.21,98,28,101,0.85
18-10-2022,Tamil Nadu,Madurai,Red,4.9,0.77,70,5,83,0.62
20-04-2025,Lakshadweep,Kavaratti,Loamy,7.4,1.15,162,19,336,1.27
25-02-2025,Jharkhand,Ranchi,Loamy,7.4,0.71,125,23,290,1.3
05-10-2021,Karnataka,Bangalore,Red,6.4,1.22,102,32,142,0.51
03-03-2020,Goa,North Goa,Loamy,7,1.01,210,39,281,1.16
12-11-2017,Puducherry,Puducherry,Loamy,7.1,0.66,131,28,293,0.81
28-07-2016,Ladakh,Leh,Sandy Loam,6.8,0.31,81,10,153,0.56
30-12-2020,Mizoram,Aizawl,Loamy,7.3,0.85,264,38,250,1
19-09-2017,Kerala,Ernakulam,Red,6.3,0.13,134,22,177,0.75
05-06-2022,Rajasthan,Jodhpur,Desert,6.4,0.72,93,7,55,0.49
01-01-2021,Odisha,Bhubaneswar,Laterite,5.3,0.41,109,14,158,0.53
02-06-2018,Assam,Cachar,Laterite,5.9,0.38,156,12,145,0.5
13-05-2023,Nagaland,Kohima,Loamy,5.7,0.01,186,16,245,0.75
17-05-2016,Odisha,Bhubaneswar,Red,5.9,0.64,147,27,214,0.79
20-06-2020,Goa,North Goa,Loamy,5.4,0.93,206,20,177,0.84
31-03-2017,Meghalaya,Shillong,Loamy,7.2,0.61,144,24,345,0.81
04-02-2025,Haryana,Gurgaon,Sandy,4.1,1.89,113,8,49,0.55
21-11-2020,Nagaland,Kohima,Loamy,7,0.42,148,29,318,1.18
08-07-2023,Kerala,Thrissur,Laterite,6.1,0.21,163,17,149,0.86
24-05-2020,Jharkhand,Ranchi,Loamy,6,0.24,147,18,225,0.68
17-07-2015,Gujarat,Rajkot,Sandy,6.7,0.2,62,15,134,0.31
28-07-2019,Andhra Pradesh,Krishna,Alluvial,6.7,0.57,185,24,384,1.51
11-03-2022,Ladakh,Leh,Sandy Loam,7.1,0.33,144,19,159,0.49
04-09-2021,Rajasthan,Udaipur,Sandy,7.8,1.31,143,17,141,0.88
17-04-2018,Telangana,Nizamabad,Black,6.3,0.48,175,29,318,0.81
14-02-2022,Tripura,Agartala,Loamy,6.6,1.14,172,46,208,1.03
11-01-2019,Gujarat,Rajkot,Sandy,5.9,0.55,110,9,58,0.38
11-10-2024,Mizoram,Aizawl,Loamy,6.4,0.65,177,29,280,1.18
14-06-2023,Andaman and Nicobar Islands,Port Blair,Loamy,6.2,0.48,141,17,288,0.81
05-07-2019,Chandigarh,Chandigarh,Loamy,5.6,0.08,191,33,287,0.74
20-08-2019,Gujarat,Ahmedabad,Black,7.4,0.58,170,35,217,0.69
05-08-2018,Delhi,New Delhi,Loamy,6.3,0.56,228,39,211,0.9
28-07-2020,Gujarat,Ahmedabad,Black,6.9,0.82,146,33,154,0.65
22-04-2016,Telangana,Nizamabad,Red,6.7,0.75,131,11,147,0.81
08-06-2018,Karnataka,Hubli,Laterite,5.2,0.3,76,17,105,0.54
11-07-2017,Himachal Pradesh,Shimla,Sandy Loam,6.4,0.05,68,20,66,0.59
24-02-2016,Kerala,Kozhikode,Laterite,5.8,0.48,132,12,140,0.69
13-01-2021,Jammu and Kashmir,Srinagar,Loamy,5.8,0.47,231,29,177,1.15
10-02-2022,Bihar,Purnia,Alluvial,6.9,0.32,156,39,273,1.43
13-08-2024,Ladakh,Leh,Sandy Loam,7.8,0.79,90,12,88,0.48
25-01-2018,West Bengal,Kolkata,Red,6.2,0.05,136,24,168,0.63
27-05-2023,Madhya Pradesh,Bhopal,Black,6.7,0.78,139,32,280,0.97
03-05-2023,Tamil Nadu,Chennai,Alluvial,6.2,0.17,278,19,233,1.21
14-07-2024,Odisha,Bhubaneswar,Red,5.9,0.04,83,20,213,0.95
08-08-2017,Telangana,Hyderabad,Red,5.8,0.75,132,11,197,0.5
25-05-2021,Meghalaya,Shillong,Loamy,5.6,0.3,169,27,206,1
01-07-2018,Delhi,New Delhi,Loamy,6.8,0.2,199,33,277,0.9
21-02-2021,Kerala,Thrissur,Laterite,5.4,0.27,71,17,156,0.87
30-03-2022,Puducherry,Puducherry,Loamy,6.2,0.84,217,26,226,1.05
01-02-2020,Gujarat,Ahmedabad,Sandy,6.7,0.27,89,9,121,0.48
02-11-2024,Karnataka,Mysore,Red,6.7,1.32,192,29,169,1.04
31-05-2016,Dadra and Nagar Haveli and Daman and Diu,Daman,Loamy,6.7,0.65,230,38,218,1.08
17-07-2019,Andaman and Nicobar Islands,Port Blair,Loamy,6.4,0.51,155,15,292,1.12
09-02-2020,Madhya Pradesh,Bhopal,Black,6.9,1.15,119,18,164,0.88
22-12-2022,Dadra and Nagar Haveli and Daman and Diu,Daman,Loamy,4.9,0.51,252,17,270,0.61
15-02-2018,Arunachal Pradesh,Itanagar,Loamy,5.8,0.17,136,39,291,1.08
24-10-2022,Manipur,Imphal,Loamy,6.5,0.19,202,27,229,1.07
16-04-2020,Karnataka,Mysore,Black,7.2,0.86,151,37,177,0.91
05-11-2023,Puducherry,Puducherry,Loamy,6.6,0.39,186,31,193,1.01
25-03-2017,Bihar,Purnia,Alluvial,6.7,1.08,194,35,206,1.07
25-03-2021,Karnataka,Mysore,Laterite,6.9,2.26,149,27,150,1.08
15-03-2020,Andaman and Nicobar Islands,Port Blair,Loamy,6.6,0.91,209,43,196,0.99
13-03-2021,Arunachal Pradesh,Itanagar,Loamy,6.4,0.47,145,45,222,1.28
15-03-2023,Meghalaya,Shillong,Loamy,6.1,0.18,175,25,243,1.03
25-04-2025,Madhya Pradesh,Bhopal,Black,7.8,0.81,242,40,164,0.64
24-08-2020,Mizoram,Aizawl,Loamy,7.3,1.36,238,38,229,1.32
03-11-2023,Rajasthan,Udaipur,Desert,6.5,1.02,82,0,53,0.14
08-03-2025,Odisha,Bhubaneswar,Red,5.6,0.41,160,12,101,0.86
15-02-2024,Gujarat,Ahmedabad,Black,6.2,0.22,171,34,312,1.01
03-11-2023,Haryana,Gurgaon,Sandy,6.9,0.85,111,19,69,0.4
25-09-2020,Madhya Pradesh,Bhopal,Red,6,0.15,148,16,217,0.79
29-06-2021,Arunachal Pradesh,Itanagar,Loamy,5.2,0.55,155,20,252,0.7
01-12-2022,Karnataka,Mysore,Red,7.1,0.82,143,28,184,0.67
14-04-2025,Telangana,Hyderabad,Black,9,1.87,231,21,350,1.29
10-05-2015,Goa,North Goa,Loamy,6.7,0.68,202,24,333,1.06
14-07-2024,Uttar Pradesh,Varanasi,Alluvial,8.9,2.28,198,42,429,1.35
05-04-2015,Gujarat,Rajkot,Black,7.7,0.79,200,24,211,0.99
28-04-2022,Odisha,Bhubaneswar,Red,7.4,1.31,174,25,168,0.74
03-09-2022,Goa,North Goa,Loamy,6.9,0.26,164,24,214,1.01
09-05-2020,Andaman and Nicobar Islands,Port Blair,Loamy,6.4,0.75,142,45,265,1.21
17-03-2024,Arunachal Pradesh,Itanagar,Loamy,6.6,0.35,249,16,296,0.83
04-03-2017,Odisha,Bhubaneswar,Red,5.4,0.04,123,28,180,0.74
09-01-2020,Bihar,Gaya,Alluvial,6,0.09,287,34,199,1.08
08-03-2024,Goa,North Goa,Loamy,5.4,0.07,160,20,234,1.2
17-10-2020,West Bengal,Howrah,Red,5.7,0.72,122,28,251,0.62
11-08-2019,Chandigarh,Chandigarh,Loamy,6.1,0.17,175,16,330,1.19
11-01-2015,Gujarat,Rajkot,Sandy,6.4,0.34,114,16,102,0.56
08-02-2024,Himachal Pradesh,Mandi,Loamy,7.7,1.75,176,38,271,1.15
09-02-2020,Tripura,Agartala,Loamy,7,1.18,136,34,293,0.98
29-12-2022,Delhi,New Delhi,Loamy,7.3,1.67,273,39,338,1.16
10-02-2022,Andhra Pradesh,Visakhapatnam,Black,6.9,0.63,140,18,203,0.94
11-10-2023,Goa,North Goa,Loamy,7.2,1.34,138,27,286,1.36
12-12-2016,Nagaland,Kohima,Loamy,6.4,0.59,188,16,270,0.74
01-09-2020,Jharkhand,Ranchi,Loamy,6.6,0.78,140,37,331,1.21
25-03-2017,West Bengal,Kolkata,Red,6,0.43,144,30,240,0.63
12-12-2015,Karnataka,Hubli,Red,5.8,0.37,104,20,226,0.72
07-06-2021,Delhi,New Delhi,Loamy,5.8,0.11,207,31,277,0.71
29-12-2015,Andhra Pradesh,Chittoor,Alluvial,6.8,0.63,287,39,335,1.3
09-09-2021,Madhya Pradesh,Bhopal,Black,7,0.77,228,23,332,0.98
15-03-2021,Punjab,Patiala,Alluvial,7.7,1.84,234,53,325,1.38
28-12-2020,Andhra Pradesh,Chittoor,Red,6.2,0.31,163,10,214,0.7
04-02-2025,Assam,Tinsukia,Laterite,5.7,0.7,137,13,194,0.95
25-03-2023,Nagaland,Kohima,Loamy,8.9,2.29,147,41,399,1.1
26-12-2023,Maharashtra,Pune,Black,6.7,0.02,108,23,269,0.83
11-09-2017,Dadra and Nagar Haveli and Daman and Diu,Daman,Loamy,6.7,0.63,229,33,332,1.23
29-04-2023,Uttarakhand,Dehradun,Loamy,6.1,0.52,259,11,327,0.96
11-02-2025,Mizoram,Aizawl,Loamy,6.5,0.11,275,20,220,0.69
28-06-2019,Andaman and Nicobar Islands,Port Blair,Loamy,6.8,0.62,260,35,281,1.12
07-04-2017,Ladakh,Leh,Sandy Loam,7.2,0.31,72,10,114,0.66
23-06-2022,Uttar Pradesh,Varanasi,Sandy,6.7,0.73,106,10,118,0.82
01-09-2024,Mizoram,Aizawl,Loamy,6.3,0.66,129,25,294,1.22
10-05-2023,Sikkim,Gangtok,Loamy,6.9,0.23,238,28,337,1.16
22-12-2015,Tripura,Agartala,Loamy,7.1,0.41,227,37,314,1
14-05-2023,Arunachal Pradesh,Itanagar,Loamy,7.7,1.05,279,24,269,0.9
09-09-2018,Sikkim,Gangtok,Loamy,6.9,0.54,175,35,211,0.92
10-10-2023,Chhattisgarh,Raipur,Loamy,6,0.43,154,17,162,0.8
14-01-2023,Bihar,Purnia,Alluvial,6.3,0.14,250,30,253,1.41
12-08-2025,Ladakh,Leh,Sandy Loam,6,0.44,75,10,152,0.72
07-02-2020,Goa,North Goa,Loamy,6.1,0.22,194,19,178,0.82
07-05-2015,Rajasthan,Jaipur,Sandy,6.1,0.21,87,11,62,0.41
13-09-2023,Madhya Pradesh,Bhopal,Red,5.8,0.23,119,11,205,0.63
15-05-2023,Tripura,Agartala,Loamy,5.6,0.22,271,37,170,1.01
26-08-2016,Uttar Pradesh,Lucknow,Sandy,6.2,0.1,120,7,94,0.61
06-08-2025,Punjab,Amritsar,Alluvial,7.6,1.06,207,22,355,1.54
11-06-2024,Delhi,New Delhi,Loamy,6.5,0.83,143,24,212,0.99
12-04-2020,Maharashtra,Pune,Black,7.4,0.33,167,33,164,1.03
10-10-2017,Ladakh,Leh,Sandy Loam,6.7,0.43,122,24,138,0.75
20-02-2015,Mizoram,Aizawl,Loamy,7,0.51,148,26,224,0.84
28-06-2023,Rajasthan,Jodhpur,Sandy,7,0.84,123,17,128,0.54
03-09-2024,Meghalaya,Shillong,Loamy,6.3,0.01,200,23,314,1.19
21-03-2024,Meghalaya,Shillong,Loamy,7.2,0.7,167,44,265,1.3
22-03-2024,Punjab,Patiala,Alluvial,7.9,1.07,156,34,392,1.47
25-05-2025,Andaman and Nicobar Islands,Port Blair,Loamy,6.1,0.37,252,32,330,1.18
27-09-2022,West Bengal,Darjeeling,Red,5.6,0.33,122,26,210,0.81
01-12-2018,Haryana,Gurgaon,Alluvial,6.3,0.97,185,40,217,0.88
28-11-2019,Telangana,Hyderabad,Black,7.3,0.34,144,36,170,0.73
01-11-2022,Assam,Cachar,Alluvial,6.5,0.56,187,49,268,1.06
25-06-2019,Tripura,Agartala,Loamy,6.4,0.76,157,27,337,1.16
08-07-2024,Odisha,Bhubaneswar,Laterite,4.5,0.24,132,8,122,0.56
10-05-2024,Delhi,New Delhi,Loamy,7.6,1.73,177,50,342,0.85
04-07-2019,Arunachal Pradesh,Itanagar,Loamy,6.4,0.36,221,28,352,0.82
03-10-2021,Manipur,Imphal,Loamy,8,1.5,240,29,278,1.34
20-04-2018,Sikkim,Gangtok,Loamy,7.4,0.88,182,41,189,0.78
19-04-2023,Jharkhand,Ranchi,Loamy,6.1,0.49,179,30,298,0.88
12-11-2022,Nagaland,Kohima,Loamy,6.9,1.37,178,24,307,0.82
31-05-2023,Sikkim,Gangtok,Loamy,7.2,0.53,276,20,189,0.73
29-01-2020,Uttarakhand,Dehradun,Loamy,6.7,0.48,203,26,243,1.1
20-07-2016,Madhya Pradesh,Bhopal,Black,7.3,0.9,155,40,266,1.19
15-08-2021,Delhi,New Delhi,Loamy,5.7,0.3,247,15,277,1.14
24-07-2017,Chhattisgarh,Raipur,Loamy,6.7,0.19,249,16,202,0.85
18-04-2020,Uttar Pradesh,Kanpur,Sandy,6.7,0.54,62,7,88,0.72
01-06-2022,Madhya Pradesh,Bhopal,Red,4.8,1.06,114,10,193,0.82
03-08-2024,Uttarakhand,Dehradun,Loamy,6.6,0.19,197,17,308,1.03
05-04-2023,Maharashtra,Nagpur,Red,6.5,1.16,197,31,220,0.49
25-08-2018,Telangana,Hyderabad,Red,7,0.86,121,15,124,0.46
14-10-2023,Assam,Dibrugarh,Alluvial,5.4,0.2,216,22,196,0.87
21-07-2015,Chandigarh,Chandigarh,Loamy,6.8,0.34,209,19,215,0.94
08-08-2024,Jammu and Kashmir,Srinagar,Loamy,5.7,0.86,246,34,294,0.77
18-06-2021,Maharashtra,Mumbai,Red,5.9,0.41,88,7,227,0.51
27-04-2015,Kerala,Thrissur,Red,6.7,0.65,191,20,230,0.97
26-03-2025,West Bengal,Kolkata,Red,6.3,0.8,170,18,221,0.48
25-07-2017,Andaman and Nicobar Islands,Port Blair,Loamy,6.1,0.22,252,20,321,1.16
10-08-2025,Mizoram,Aizawl,Loamy,6.7,0.48,157,29,183,1.03
28-07-2016,Rajasthan,Udaipur,Desert,7.9,0.41,106,8,112,0.58
10-04-2021,Tamil Nadu,Chennai,Red,6.2,0.43,130,17,133,0.78
20-06-2016,Punjab,Ludhiana,Alluvial,6,0.54,175,23,322,1.06
14-06-2019,Karnataka,Belgaum,Black,7.5,1.47,225,35,242,0.81
23-10-2020,Puducherry,Puducherry,Loamy,7.2,1.13,208,39,350,1.21
13-08-2025,Jharkhand,Ranchi,Loamy,7.4,0.8,268,35,342,0.75
21-01-2016,Jharkhand,Ranchi,Loamy,6.3,0.73,253,24,255,1.05
26-12-2023,Goa,North Goa,Loamy,7,0.66,139,20,234,0.88
19-04-2016,Ladakh,Leh,Sandy Loam,7.1,0.18,109,14,164,0.76
22-02-2016,Telangana,Warangal,Red,6.8,0.38,168,22,227,0.72
22-07-2021,Kerala,Ernakulam,Laterite,5.6,0.08,68,9,187,0.63
09-11-2024,Tamil Nadu,Coimbatore,Alluvial,7.4,0.83,292,47,380,1.01
11-05-2022,Uttarakhand,Dehradun,Loamy,6.9,0.63,231,33,341,1.09
27-07-2017,Goa,North Goa,Loamy,6.5,0.32,192,43,201,0.95
12-08-2017,Andhra Pradesh,Guntur,Black,6.7,0.31,133,23,321,0.89
25-05-2017,Goa,North Goa,Loamy,6.7,0.87,141,44,261,1.33
01-02-2017,Sikkim,Gangtok,Loamy,6.5,0.54,127,34,240,0.99
17-04-2018,Telangana,Nizamabad,Red,6.4,0.19,116,26,171,0.88
20-04-2018,Tripura,Agartala,Loamy,5.8,0.36,259,43,244,1.15
25-10-2016,Manipur,Imphal,Loamy,6.3,0.36,251,19,216,0.87
25-01-2015,Uttar Pradesh,Varanasi,Sandy,6.4,0.5,88,9,112,0.7
13-06-2020,Haryana,Gurgaon,Sandy,6.7,0.97,60,16,88,0.52
18-04-2018,Telangana,Warangal,Red,6.7,0.9,162,11,145,0.97
10-12-2016,Goa,North Goa,Loamy,6.8,0.78,145,24,245,0.9
12-10-2024,Jammu and Kashmir,Srinagar,Loamy,6.4,0.13,129,35,256,1
23-02-2020,Andhra Pradesh,Guntur,Red,5.3,0.16,139,24,161,0.5
30-03-2018,Ladakh,Leh,Sandy Loam,6.9,0.48,83,20,158,0.75
02-02-2021,Kerala,Ernakulam,Laterite,4.4,0.72,101,5,152,0.47
12-10-2015,Karnataka,Mysore,Laterite,5,0.26,111,12,104,0.88
04-03-2015,Kerala,Kozhikode,Laterite,6.2,0.53,163,16,184,0.76
29-09-2017,Gujarat,Rajkot,Sandy,6.6,0.77,97,9,69,0.42
23-10-2016,Karnataka,Belgaum,Laterite,6.3,0.57,109,14,106,0.91
06-06-2022,Ladakh,Leh,Sandy Loam,7.3,0.87,127,25,172,0.74
12-01-2021,Dadra and Nagar Haveli and Daman and Diu,Daman,Loamy,6.9,0.94,271,36,185,0.78
01-02-2019,Delhi,New Delhi,Loamy,6.5,0.32,164,20,312,1.23
18-07-2023,Madhya Pradesh,Bhopal,Black,6,0.19,191,32,297,0.97
24-08-2017,Nagaland,Kohima,Loamy,6.1,0.56,251,32,352,1.17
28-04-2017,Telangana,Nizamabad,Red,6.5,0.3,94,26,131,0.42
12-01-2018,Himachal Pradesh,Mandi,Sandy Loam,6.5,0.42,124,22,75,0.58
25-05-2024,Dadra and Nagar Haveli and Daman and Diu,Daman,Loamy,5.6,0.19,221,24,181,1
19-11-2016,Jharkhand,Ranchi,Loamy,6.5,0.9,191,24,245,1.02
28-05-2015,Arunachal Pradesh,Itanagar,Loamy,7.1,0.67,212,20,207,1
18-02-2025,Manipur,Imphal,Loamy,7.2,1.27,191,47,297,0.98
08-12-2015,Assam,Dibrugarh,Laterite,5.5,0.25,122,22,196,0.75
28-11-2021,Dadra and Nagar Haveli and Daman and Diu,Daman,Loamy,7.2,0.64,259,41,271,1.07
22-12-2017,Goa,North Goa,Loamy,6.7,0.45,121,18,206,1.14
21-09-2019,Assam,Kamrup,Alluvial,7.8,1.07,269,37,289,1.1
15-10-2018,Karnataka,Bangalore,Laterite,5.8,0.15,66,21,160,0.51
21-02-2022,Manipur,Imphal,Loamy,6.6,0.45,163,28,215,0.71
23-11-2015,West Bengal,Darjeeling,Red,6.2,0.37,145,29,122,0.4
28-11-2019,Jharkhand,Ranchi,Loamy,6.8,0.56,199,25,235,0.92
26-10-2019,Gujarat,Vadodara,Sandy,6.3,0.15,124,12,70,0.52
18-10-2023,Manipur,Imphal,Loamy,6.6,0.22,267,33,334,0.88
16-09-2017,Nagaland,Kohima,Loamy,6.7,0.21,158,41,191,1.24
12-03-2021,Nagaland,Kohima,Loamy,6.8,0.81,122,31,315,1.18
18-10-2021,Telangana,Hyderabad,Black,6.7,0.54,163,18,238,1.08
09-08-2017,Arunachal Pradesh,Itanagar,Loamy,7,0.2,213,37,315,1.12
23-12-2016,Punjab,Patiala,Alluvial,6.9,0.06,228,43,215,0.79
12-04-2024,Puducherry,Puducherry,Loamy,7,1.3,248,47,358,1.04
10-09-2020,Uttar Pradesh,Kanpur,Alluvial,7.6,1.04,276,46,239,1.01
10-06-2022,Gujarat,Surat,Black,8.1,1.14,193,38,223,0.68
21-05-2021,Chandigarh,Chandigarh,Loamy,6.2,0.41,243,24,185,1.05
30-03-2024,Chhattisgarh,Raipur,Loamy,6.9,0.79,270,25,229,1.23
04-03-2016,Karnataka,Bangalore,Laterite,6.6,0.56,140,15,84,0.61
09-02-2019,Andhra Pradesh,Guntur,Black,7.2,0.04,174,26,262,0.75
13-10-2015,Puducherry,Puducherry,Loamy,7,0.52,232,34,201,1.07
21-10-2023,Andhra Pradesh,Chittoor,Alluvial,8.1,1.03,170,33,412,0.89
27-07-2024,Odisha,Bhubaneswar,Red,6.5,0.61,159,15,136,0.67
18-06-2023,Arunachal Pradesh,Itanagar,Loamy,6.6,0.56,172,22,256,0.83
27-08-2020,Rajasthan,Udaipur,Sandy,6.3,0.27,141,4,136,0.67
07-02-2017,Punjab,Amritsar,Alluvial,6.3,0.42,189,28,265,1.21
22-03-2022,Tamil Nadu,Madurai,Alluvial,6.2,0.61,189,39,401,1.18
26-10-2018,Rajasthan,Udaipur,Sandy,6.2,0.44,140,8,70,0.73
21-11-2023,Telangana,Warangal,Red,5.9,0.34,74,21,133,0.55
16-05-2023,Bihar,Muzaffarpur,Alluvial,7.2,0.43,291,26,215,1.26
13-07-2015,Kerala,Ernakulam,Red,6.6,0.68,172,14,247,0.95
24-12-2021,Sikkim,Gangtok,Loamy,6.8,0.65,279,17,295,0.84
14-09-2017,Punjab,Ludhiana,Alluvial,6.5,0.42,185,31,385,1.31
10-02-2018,Nagaland,Kohima,Loamy,6.1,0.26,247,20,291,0.71
01-12-2020,Andhra Pradesh,Chittoor,Black,6.7,0.82,136,18,300,0.92
07-01-2024,Chandigarh,Chandigarh,Loamy,7.4,1,168,36,227,1.24
29-08-2019,Delhi,New Delhi,Loamy,7.1,0.85,224,46,204,0.81
04-08-2017,Telangana,Warangal,Red,6.1,0.46,141,28,215,0.99
10-04-2017,Maharashtra,Nagpur,Red,6.1,0.18,194,10,215,0.41
04-03-2025,Ladakh,Leh,Sandy Loam,5.1,1.1,63,12,83,0.42
04-04-2020,Chhattisgarh,Raipur,Loamy,6.3,0.27,140,35,333,0.84
18-02-2024,Karnataka,Belgaum,Laterite,5.8,0.72,143,16,111,1.04
20-02-2023,Telangana,Nizamabad,Red,5.3,0.11,96,24,164,0.39
24-02-2015,Dadra and Nagar Haveli and Daman and Diu,Daman,Loamy,6.2,0.66,191,38,309,0.72
03-03-2025,Madhya Pradesh,Bhopal,Red,6,0.74,195,18,201,0.44
10-03-2017,Meghalaya,Shillong,Loamy,7,0.9,145,24,362,0.81
16-02-2017,Telangana,Nizamabad,Black,7.7,1.05,206,22,199,1.03
21-01-2019,Madhya Pradesh,Bhopal,Black,7.4,0.75,147,40,256,0.96
16-03-2020,Telangana,Hyderabad,Red,6.2,0,190,10,217,0.55
18-01-2021,Uttar Pradesh,Kanpur,Sandy,6.5,0.48,125,8,130,0.38
13-06-2024,Arunachal Pradesh,Itanagar,Loamy,7.4,0.72,215,20,234,0.97
04-11-2020,Meghalaya,Shillong,Loamy,6.5,0.32,216,31,208,0.83
24-02-2015,Andhra Pradesh,Chittoor,Red,5.6,0.23,82,14,202,0.59
17-09-2024,Karnataka,Bangalore,Red,5.5,0.41,153,21,172,0.49
29-12-2019,Jammu and Kashmir,Srinagar,Loamy,6.5,0.28,263,37,266,1.26
16-04-2018,Andaman and Nicobar Islands,Port Blair,Loamy,5.5,0.02,252,38,277,0.88
24-06-2024,Mizoram,Aizawl,Loamy,7.3,1.16,191,32,312,1.27
13-05-2024,West Bengal,Darjeeling,Red,5.9,0.32,186,24,125,0.8
07-06-2023,Andaman and Nicobar Islands,Port Blair,Loamy,7,1.65,153,39,308,1.26
12-04-2017,Assam,Dibrugarh,Alluvial,6.9,0.29,197,49,315,1.28
09-11-2015,Jharkhand,Ranchi,Loamy,6.6,0.68,240,35,360,0.98
07-09-2022,Maharashtra,Pune,Black,7.6,1.23,252,19,230,0.96
02-02-2020,Kerala,Kozhikode,Red,5.8,0.97,118,17,230,0.6
30-06-2020,Chandigarh,Chandigarh,Loamy,7.5,1.21,139,20,246,0.77
29-06-2020,Lakshadweep,Kavaratti,Loamy,6.9,0.75,212,25,273,0.93
26-10-2021,Lakshadweep,Kavaratti,Loamy,7.1,1.04,263,38,310,0.77
26-11-2019,Lakshadweep,Kavaratti,Loamy,5.7,0.26,153,23,197,0.77
24-11-2015,Uttar Pradesh,Kanpur,Alluvial,6.7,0.29,252,42,272,1.35
23-07-2023,Andhra Pradesh,Visakhapatnam,Red,6.5,1.23,174,33,148,0.52
09-09-2022,Arunachal Pradesh,Itanagar,Loamy,5.8,0.06,182,40,207,1.24
24-01-2024,Mizoram,Aizawl,Loamy,6.6,0.42,265,36,315,0.93
14-01-2024,Chandigarh,Chandigarh,Loamy,7.1,1.01,249,36,340,0.81
11-03-2022,Gujarat,Surat,Sandy,6.6,0.21,140,7,135,0.35
20-07-2023,Uttarakhand,Dehradun,Loamy,7.1,1.42,162,45,206,1
28-01-2025,Himachal Pradesh,Shimla,Sandy Loam,5.4,1.02,132,16,47,0.67
23-01-2025,Sikkim,Gangtok,Loamy,6.6,0.99,187,35,261,0.98
13-05-2023,Puducherry,Puducherry,Loamy,6.8,0.61,248,35,307,0.85
11-07-2018,Andhra Pradesh,Krishna,Black,6.8,0.77,126,17,256,0.93
21-07-2024,Himachal Pradesh,Kangra,Loamy,6.4,0.62,273,24,211,1.31
10-08-2025,Punjab,Ludhiana,Alluvial,7.4,1.6,219,54,308,1.32
13-11-2020,Odisha,Bhubaneswar,Red,6.1,0.11,86,24,146,0.7
16-01-2018,Ladakh,Leh,Sandy Loam,6,0.07,111,9,122,0.85
16-08-2023,Bihar,Gaya,Alluvial,5.7,0.85,274,31,200,1.05
04-08-2018,Himachal Pradesh,Mandi,Loamy,7.3,0.65,191,28,235,1.19
27-09-2023,Sikkim,Gangtok,Loamy,6.2,0.19,249,18,346,0.87
01-11-2022,Nagaland,Kohima,Loamy,5.9,0.21,191,40,274,1.21
13-12-2021,Kerala,Ernakulam,Laterite,6.6,0.5,133,23,109,0.94
27-03-2016,Himachal Pradesh,Shimla,Loamy,6.3,0.84,171,40,275,0.88
04-03-2019,Goa,North Goa,Loamy,7.4,0.94,280,27,302,1.09
14-06-2015,Odisha,Bhubaneswar,Laterite,5.4,0.56,117,24,106,1
01-07-2015,Gujarat,Vadodara,Black,7.4,0.77,160,38,259,1.01
21-11-2021,Meghalaya,Shillong,Loamy,7.2,0.54,240,17,350,1.3
28-06-2017,Chhattisgarh,Raipur,Loamy,6.3,0.2,224,15,264,0.85
14-08-2022,Meghalaya,Shillong,Loamy,5.8,0.04,216,30,217,1.06
02-04-2017,Andhra Pradesh,Chittoor,Black,7.6,0.46,225,32,157,0.82
01-08-2017,Odisha,Bhubaneswar,Laterite,5.8,0.94,149,17,99,0.63
24-06-2020,Mizoram,Aizawl,Loamy,6.6,0.58,243,37,217,1.06
16-08-2020,Uttar Pradesh,Varanasi,Alluvial,7.1,0.41,275,49,321,0.9
26-11-2015,Sikkim,Gangtok,Loamy,6.5,0.3,216,40,293,1.17
13-02-2017,Haryana,Karnal,Alluvial,6.5,0.81,249,29,399,1.47
02-04-2025,Delhi,New Delhi,Loamy,7.1,1.09,166,29,220,1.05
07-01-2021,Arunachal Pradesh,Itanagar,Loamy,5.9,0.53,121,22,236,0.8
23-08-2023,Chandigarh,Chandigarh,Loamy,6.3,0.45,146,27,342,0.83
27-05-2015,Punjab,Patiala,Alluvial,6.5,0.39,291,33,338,1.22
12-02-2025,Nagaland,Kohima,Loamy,6.6,1.2,180,18,243,0.94
14-06-2024,Jharkhand,Ranchi,Loamy,6.6,0.82,123,45,215,1.12
03-07-2017,Telangana,Warangal,Red,6.3,0.13,92,12,134,0.49
21-04-2019,Bihar,Gaya,Alluvial,6.5,0.1,276,23,266,0.82
01-08-2018,Bihar,Gaya,Alluvial,6.7,1.13,259,43,321,1.52
10-07-2022,Madhya Pradesh,Bhopal,Red,3.7,1.84,125,6,137,0.31
23-03-2015,Tripura,Agartala,Loamy,7,0.8,172,40,337,1.3
28-05-2016,Madhya Pradesh,Bhopal,Black,6.9,0.8,207,34,194,1.12
04-04-2020,Nagaland,Kohima,Loamy,6.1,0.03,203,39,347,1.11
02-11-2022,Telangana,Hyderabad,Black,5.6,0.26,181,29,203,0.74
19-07-2022,Arunachal Pradesh,Itanagar,Loamy,5.6,0.27,210,26,315,1.16
23-04-2020,Delhi,New Delhi,Loamy,6.3,0.13,214,33,178,0.66
03-11-2024,Odisha,Bhubaneswar,Red,5.5,0.11,129,12,225,0.73
15-01-2017,Himachal Pradesh,Mandi,Loamy,6.6,0.23,238,38,275,0.78
29-05-2023,West Bengal,Howrah,Red,6.4,0.2,105,19,235,0.56
10-11-2018,Jammu and Kashmir,Srinagar,Loamy,6.3,0.53,143,25,232,1.15
07-12-2016,Jharkhand,Ranchi,Loamy,6.8,0.73,235,36,304,1.22
15-04-2016,Andhra Pradesh,Visakhapatnam,Red,6.4,0.21,188,20,143,0.86
26-09-2023,Rajasthan,Jodhpur,Desert,6.5,0.47,110,7,32,0.22
31-01-2016,Himachal Pradesh,Kangra,Sandy Loam,6.5,0.26,69,17,170,0.43
05-04-2019,Manipur,Imphal,Loamy,6.3,0.67,252,39,322,0.78
27-04-2021,Jammu and Kashmir,Srinagar,Loamy,7.3,0.71,235,44,263,0.79
15-03-2017,Chhattisgarh,Raipur,Loamy,6.8,0.77,231,39,256,0.76
22-07-2017,Sikkim,Gangtok,Loamy,7.1,0.49,253,31,197,1.06
03-07-2018,Tamil Nadu,Coimbatore,Alluvial,7.5,0.22,276,27,279,1.06
24-10-2019,Gujarat,Vadodara,Black,7.1,0.8,107,17,154,1.01
23-06-2017,Tamil Nadu,Coimbatore,Red,6.4,0.83,142,15,225,0.6
11-01-2024,Tripura,Agartala,Loamy,6,0.3,199,21,181,0.88
12-12-2017,Uttarakhand,Dehradun,Loamy,6.3,0.24,139,31,303,1.08
07-03-2023,Goa,North Goa,Loamy,5.8,0.07,187,17,180,1.19
05-03-2020,Puducherry,Puducherry,Loamy,6.7,0.31,166,41,209,1.01
04-03-2019,Himachal Pradesh,Shimla,Sandy Loam,5.9,0.11,147,15,154,0.65
17-10-2024,Delhi,New Delhi,Loamy,8.5,2.15,211,32,316,1.24
11-12-2022,Goa,North Goa,Loamy,7.1,1.39,239,27,278,1.37
19-10-2018,Dadra and Nagar Haveli and Daman and Diu,Daman,Loamy,6.7,0.77,236,37,286,0.79
27-07-2018,Puducherry,Puducherry,Loamy,6.7,0.07,152,31,262,0.66
15-08-2016,Andaman and Nicobar Islands,Port Blair,Loamy,6.2,0.72,198,19,264,0.85
24-07-2022,Maharashtra,Mumbai,Black,7.5,0.47,135,24,316,0.78
04-11-2023,Ladakh,Leh,Sandy Loam,6.7,0.21,99,18,120,0.4
03-05-2022,Ladakh,Leh,Sandy Loam,6.7,0.27,130,15,150,0.46
07-10-2020,Manipur,Imphal,Loamy,6.8,0.75,263,33,237,0.8
26-05-2025,Haryana,Hisar,Sandy,6.7,1.02,145,8,117,0.75
08-05-2015,Uttar Pradesh,Varanasi,Alluvial,6.4,0.51,211,26,323,1.5
05-01-2017,Ladakh,Leh,Sandy Loam,6.7,0.61,148,12,172,0.49
31-07-2022,Rajasthan,Jaipur,Sandy,4.6,1.09,74,6,86,0.18
22-09-2023,West Bengal,Howrah,Alluvial,6.1,0.05,160,43,377,0.88
25-12-2023,Bihar,Purnia,Alluvial,4.9,0.87,279,22,342,1.01
17-01-2022,Meghalaya,Shillong,Loamy,7.1,0.49,204,39,309,1.07
04-06-2016,Sikkim,Gangtok,Loamy,6.5,0.74,272,16,287,1.22
12-02-2022,Kerala,Ernakulam,Red,7.4,1.36,174,33,245,0.97
25-08-2015,Meghalaya,Shillong,Loamy,6.1,0.42,209,36,235,0.76
28-07-2018,Andaman and Nicobar Islands,Port Blair,Loamy,7.4,1.07,184,28,260,0.96
23-05-2024,Nagaland,Kohima,Loamy,6.1,0.18,117,25,207,0.65
17-12-2023,Jharkhand,Ranchi,Loamy,5.4,0.72,205,39,255,0.97
17-11-2019,Nagaland,Kohima,Loamy,7,0.43,146,23,251,1.08
25-07-2018,Andhra Pradesh,Visakhapatnam,Alluvial,7,0.22,284,29,263,1.43
20-01-2024,Rajasthan,Jaipur,Sandy,6.3,0.45,95,17,120,0.66
16-12-2021,Andhra Pradesh,Guntur,Alluvial,8,1.53,163,27,245,1.15
13-08-2020,Manipur,Imphal,Loamy,6.2,0.6,149,39,339,0.94
06-06-2022,Bihar,Purnia,Alluvial,7.2,1.23,176,48,308,0.86
17-03-2016,Punjab,Amritsar,Alluvial,7.5,0.78,208,49,228,1.28
07-09-2020,Jharkhand,Ranchi,Loamy,6.6,0.19,118,26,215,1.08
16-09-2023,Tamil Nadu,Madurai,Red,5.2,0.03,106,15,133,0.73
11-04-2022,Puducherry,Puducherry,Loamy,6.4,0.71,131,40,209,0.75
26-05-2025,Delhi,New Delhi,Loamy,5.3,0.59,194,40,167,0.88
15-03-2017,Puducherry,Puducherry,Loamy,6.1,0.43,120,37,219,0.9
16-03-2015,Jharkhand,Ranchi,Loamy,6.5,0.45,135,18,234,1.19
25-11-2022,Punjab,Patiala,Alluvial,6.7,1.01,217,27,403,0.95
23-10-2023,Andhra Pradesh,Krishna,Alluvial,6.4,0.06,201,46,359,1.33
15-12-2020,Madhya Pradesh,Bhopal,Black,6.6,0.74,157,20,246,1.15
29-09-2025,Andhra Pradesh,Chittoor,Alluvial,6.7,1.15,217,26,378,1.52
20-09-2020,Chhattisgarh,Raipur,Loamy,6,0.2,117,19,297,0.89
11-10-2018,Meghalaya,Shillong,Loamy,6.1,0.41,264,42,223,1.21
10-02-2015,Manipur,Imphal,Loamy,6.7,0.31,233,37,322,0.8
01-03-2023,West Bengal,Howrah,Red,6.7,0.67,197,25,122,0.55
12-09-2020,Dadra and Nagar Haveli and Daman and Diu,Daman,Loamy,6.7,0.29,224,20,275,1.26
16-06-2023,Tamil Nadu,Chennai,Red,8,1.89,215,21,241,0.89
28-08-2019,Mizoram,Aizawl,Loamy,5.9,0.38,256,27,192,1.2
30-10-2023,Puducherry,Puducherry,Loamy,6.1,0.07,181,24,266,1.02
04-05-2023,Madhya Pradesh,Bhopal,Black,7.7,1.41,153,38,186,0.79
02-11-2018,Maharashtra,Pune,Red,6.5,0.27,155,29,178,0.51
10-08-2016,Karnataka,Bangalore,Red,6.1,0.66,174,21,219,0.6
11-06-2019,West Bengal,Kolkata,Red,6,0.33,98,14,194,0.77
17-02-2025,Lakshadweep,Kavaratti,Loamy,8,2.19,252,32,280,1.25
08-12-2015,Jammu and Kashmir,Srinagar,Loamy,7.1,0.39,202,19,230,1.11
05-09-2020,Dadra and Nagar Haveli and Daman and Diu,Daman,Loamy,7.2,0.9,156,38,349,0.77
01-09-2025,Mizoram,Aizawl,Loamy,5.9,0.17,147,40,263,0.7
12-03-2024,Himachal Pradesh,Shimla,Loamy,4.6,1.17,180,21,161,1.01
07-10-2016,Jharkhand,Ranchi,Loamy,6.5,0.65,251,24,180,1.24
31-12-2016,Haryana,Hisar,Sandy,6.7,0.07,52,13,59,0.78
17-06-2015,Rajasthan,Jaipur,Sandy,6.9,0.36,56,10,87,0.54
01-09-2016,Madhya Pradesh,Bhopal,Black,7.1,0.9,241,29,279,0.69
04-05-2021,Chhattisgarh,Raipur,Loamy,5.5,0.02,225,17,268,1.19
08-11-2019,Goa,North Goa,Loamy,6.7,0.1,182,21,332,1.16
02-08-2020,Chandigarh,Chandigarh,Loamy,6.2,0.05,189,19,200,0.91
08-11-2022,Dadra and Nagar Haveli and Daman and Diu,Daman,Loamy,6.1,0.56,132,31,318,1.26
30-03-2016,Mizoram,Aizawl,Loamy,6.8,0.3,134,37,218,0.96
01-02-2023,Karnataka,Hubli,Laterite,6.7,1.72,112,24,136,0.67
05-09-2019,Punjab,Ludhiana,Alluvial,7.1,0.69,240,38,314,0.91
04-07-2024,Himachal Pradesh,Kangra,Sandy Loam,7.7,1.47,121,29,166,0.57
17-02-2023,Arunachal Pradesh,Itanagar,Loamy,6.8,0.51,239,28,312,0.97
17-04-2023,Andhra Pradesh,Visakhapatnam,Alluvial,7.8,0.92,283,25,229,1.23
17-09-2024,Bihar,Purnia,Alluvial,7.3,0.61,224,24,327,1.43
02-12-2016,Ladakh,Leh,Sandy Loam,7.2,0.29,141,19,177,0.8
05-05-2022,Tripura,Agartala,Loamy,7.6,1.47,239,38,313,1
08-12-2024,Assam,Dibrugarh,Alluvial,8.7,2.14,183,35,235,0.95
19-05-2019,Himachal Pradesh,Kangra,Loamy,5.5,0.11,257,23,265,1.04
10-05-2015,Sikkim,Gangtok,Loamy,6.9,0.45,257,29,360,0.7
26-05-2023,Tamil Nadu,Madurai,Alluvial,5.8,0.03,150,41,202,1.28
20-01-2020,Kerala,Kozhikode,Red,6.5,0.62,178,17,144,0.81
18-10-2018,Jharkhand,Ranchi,Loamy,6.4,0.34,130,39,301,0.94
04-05-2025,Puducherry,Puducherry,Loamy,6.7,0.55,253,29,299,0.93
06-11-2022,Jharkhand,Ranchi,Loamy,7.4,1.05,196,24,199,1.12
23-11-2016,Chandigarh,Chandigarh,Loamy,6.8,0.37,129,30,327,0.72
17-03-2024,Sikkim,Gangtok,Loamy,5.2,0.62,128,16,251,1.15
26-10-2018,Goa,North Goa,Loamy,6.4,0.72,131,32,332,1.29
04-03-2017,Arunachal Pradesh,Itanagar,Loamy,6.5,0.12,182,24,281,1.11
29-01-2015,Chandigarh,Chandigarh,Loamy,6.9,0.76,267,36,295,1.02
29-05-2015,Arunachal Pradesh,Itanagar,Loamy,6.2,0.36,198,20,284,1.09
17-07-2025,Lakshadweep,Kavaratti,Loamy,5.5,0.19,139,42,231,0.82
12-08-2018,Meghalaya,Shillong,Loamy,6.1,0.63,224,20,346,1.18
20-08-2020,Kerala,Ernakulam,Red,6.1,0.33,178,12,161,0.65
23-10-2024,Andhra Pradesh,Chittoor,Black,5.7,0.59,119,11,245,0.56
16-06-2022,Haryana,Karnal,Alluvial,6.2,0.33,188,22,310,0.81
10-02-2018,Madhya Pradesh,Bhopal,Red,6.5,0.14,161,25,137,0.83
06-07-2015,Manipur,Imphal,Loamy,7.2,0.31,155,38,215,1.12
25-10-2022,Haryana,Karnal,Alluvial,7.7,1.23,226,51,291,1
23-08-2022,Jharkhand,Ranchi,Loamy,8.1,2.11,202,38,382,1.15
04-06-2018,Chhattisgarh,Raipur,Loamy,6.4,0.74,175,40,191,0.91
26-08-2018,Odisha,Bhubaneswar,Red,6.3,0.12,112,23,187,0.85
08-04-2015,Karnataka,Mysore,Black,7.3,0.4,201,25,243,1.15
24-02-2015,Punjab,Patiala,Alluvial,6.5,0.26,218,38,282,1.07
24-04-2022,Punjab,Amritsar,Alluvial,6.1,0.89,183,39,362,0.98
04-06-2022,Rajasthan,Udaipur,Sandy,6.1,0.33,139,8,54,0.33
27-01-2017,Nagaland,Kohima,Loamy,6.4,0.72,202,29,286,1.24
10-02-2016,Jharkhand,Ranchi,Loamy,7.1,0.43,254,36,183,0.84
17-10-2020,Puducherry,Puducherry,Loamy,6.4,0.27,202,21,296,0.83
06-04-2024,Uttar Pradesh,Kanpur,Sandy,5.2,1.29,56,1,32,0.26
05-08-2018,Chandigarh,Chandigarh,Loamy,6.3,0.27,222,27,181,1.24
21-11-2019,Himachal Pradesh,Shimla,Sandy Loam,7.4,0.58,84,14,77,0.73
28-11-2024,Dadra and Nagar Haveli and Daman and Diu,Daman,Loamy,5.9,0.21,113,35,296,0.7
20-01-2017,Bihar,Muzaffarpur,Alluvial,7,0.52,166,45,236,0.95
25-10-2023,Goa,North Goa,Loamy,5.9,0.51,206,24,260,0.95
08-09-2024,Maharashtra,Pune,Red,6.2,0.94,107,19,254,0.87
29-10-2019,Bihar,Muzaffarpur,Alluvial,6.8,1.15,160,45,310,1.58
29-01-2024,Uttar Pradesh,Varanasi,Alluvial,7.3,0.74,188,37,314,1.13
02-10-2024,Mizoram,Aizawl,Loamy,7.8,1.97,181,23,376,1.27
25-09-2025,Odisha,Bhubaneswar,Red,7.1,1.37,133,28,167,0.98
25-03-2023,Goa,North Goa,Loamy,8.4,2.17,135,31,232,1.11
18-10-2024,Andaman and Nicobar Islands,Port Blair,Loamy,5.3,1.09,241,13,216,0.92
31-12-2015,Karnataka,Bangalore,Black,7.3,0.35,227,30,324,1.12
19-07-2020,Meghalaya,Shillong,Loamy,7.5,1.21,260,42,273,0.87
26-04-2016,Chandigarh,Chandigarh,Loamy,7.1,0.67,165,25,304,0.99
26-02-2021,Tripura,Agartala,Loamy,6.1,0.19,235,18,188,1.01
03-06-2015,Karnataka,Bangalore,Red,6.5,0.27,125,27,242,0.67
22-08-2024,Gujarat,Rajkot,Black,6.6,0.29,173,29,171,1.12
05-03-2019,Uttar Pradesh,Lucknow,Sandy,6.5,0.22,148,14,141,0.43
21-10-2020,Sikkim,Gangtok,Loamy,6.7,0.46,232,16,305,0.98
23-07-2022,Tripura,Agartala,Loamy,5.7,0.59,265,19,334,0.63
01-06-2021,Odisha,Bhubaneswar,Red,6.3,0.31,173,10,218,0.5
06-11-2017,Dadra and Nagar Haveli and Daman and Diu,Daman,Loamy,6.4,0.79,201,39,227,0.81
23-07-2019,Uttar Pradesh,Kanpur,Sandy,7.2,1.06,154,16,105,0.79
25-05-2018,Ladakh,Leh,Sandy Loam,7.5,0.41,120,23,134,0.63
02-03-2015,Tamil Nadu,Madurai,Red,6,0.7,156,27,221,0.79
27-07-2017,Madhya Pradesh,Bhopal,Red,6.8,0.52,158,23,197,0.52
28-06-2019,Tripura,Agartala,Loamy,6.3,0.4,269,20,227,0.68
20-09-2020,Arunachal Pradesh,Itanagar,Loamy,6,0.22,262,20,218,0.78
25-01-2015,Arunachal Pradesh,Itanagar,Loamy,6.8,0.69,213,23,221,0.71
28-11-2017,Meghalaya,Shillong,Loamy,6.8,0.61,242,17,315,0.72
10-08-2025,Himachal Pradesh,Mandi,Loamy,6.4,0.57,227,19,218,0.86
11-05-2015,West Bengal,Howrah,Red,5.7,0.34,167,15,225,0.68
09-10-2024,Madhya Pradesh,Bhopal,Red,5.7,0.31,73,25,95,0.89
06-06-2018,Jammu and Kashmir,Srinagar,Loamy,5.5,0.17,200,28,183,0.79
18-04-2015,Madhya Pradesh,Bhopal,Black,7.2,0.51,109,32,206,0.63
21-06-2015,Dadra and Nagar Haveli and Daman and Diu,Daman,Loamy,6.8,0.54,122,18,306,0.74
29-12-2018,Rajasthan,Jaipur,Desert,7,0.21,81,7,70,0.2
19-09-2024,Lakshadweep,Kavaratti,Loamy,7.5,1.19,241,37,311,1.25
12-04-2015,Puducherry,Puducherry,Loamy,6.5,0.36,245,38,224,1.22
23-12-2022,Haryana,Gurgaon,Alluvial,8.2,1.78,166,38,354,0.99
15-01-2022,Arunachal Pradesh,Itanagar,Loamy,7,0.71,207,17,355,1.27
11-05-2021,Lakshadweep,Kavaratti,Loamy,6.8,0.34,153,20,273,0.82
25-06-2019,West Bengal,Howrah,Red,5.7,0.74,104,27,157,0.62
13-07-2023,Andhra Pradesh,Chittoor,Black,8,2.38,207,33,199,1.17
04-11-2022,Jharkhand,Ranchi,Loamy,5.4,0.11,123,37,305,0.86
24-03-2023,Bihar,Patna,Alluvial,5.3,0.48,174,31,278,1.14
06-11-2017,Jammu and Kashmir,Srinagar,Loamy,6.1,0.58,172,23,315,1.25
26-11-2015,Jharkhand,Ranchi,Loamy,7.1,0.37,201,18,353,0.83
19-12-2024,Karnataka,Belgaum,Laterite,6.6,0.65,85,18,181,0.8
30-08-2025,Maharashtra,Mumbai,Red,5.5,0.14,182,20,203,0.61
01-03-2019,Kerala,Ernakulam,Red,6.1,0.71,102,13,221,0.92
22-08-2025,Mizoram,Aizawl,Loamy,6.8,0.41,159,42,233,1.19
12-01-2015,Meghalaya,Shillong,Loamy,7.1,0.32,243,20,219,0.98
03-09-2018,Jammu and Kashmir,Srinagar,Loamy,6.7,0.42,212,20,183,1.04
11-01-2025,Arunachal Pradesh,Itanagar,Loamy,8.7,2.71,213,25,333,1.3
04-08-2015,Karnataka,Mysore,Red,6.2,0.54,119,13,200,0.55
05-12-2015,Assam,Dibrugarh,Alluvial,6.7,0.56,154,50,343,1.1
05-12-2019,Andaman and Nicobar Islands,Port Blair,Loamy,5,0.88,215,18,197,0.81
01-06-2022,Nagaland,Kohima,Loamy,8,1.93,167,40,222,1.15
19-08-2023,Punjab,Amritsar,Alluvial,7.6,1.07,216,49,244,1.18
17-10-2019,Maharashtra,Nashik,Black,7.4,0.8,131,20,302,1.05
17-02-2019,Puducherry,Puducherry,Loamy,6.4,0.77,187,41,262,1.29
18-08-2021,Dadra and Nagar Haveli and Daman and Diu,Daman,Loamy,5.5,0.04,172,22,291,0.92
12-04-2023,Nagaland,Kohima,Loamy,8.2,1.79,157,35,377,1.31
10-12-2016,Chandigarh,Chandigarh,Loamy,7.1,0.31,160,23,282,0.94
08-05-2018,Tripura,Agartala,Loamy,5.7,0.23,132,31,264,0.96
17-11-2024,Odisha,Bhubaneswar,Red,6.2,0.58,153,23,106,0.49
18-11-2021,Haryana,Hisar,Alluvial,6,0.25,233,41,341,1.36
17-01-2018,West Bengal,Kolkata,Alluvial,6.8,0.11,215,24,374,1.04
15-07-2018,Haryana,Gurgaon,Alluvial,6,0.26,183,47,266,1.23
15-03-2025,Dadra and Nagar Haveli and Daman and Diu,Daman,Loamy,8.2,1.79,267,24,368,1.18
21-12-2024,Assam,Kamrup,Laterite,5.8,0.02,87,17,81,0.8
03-05-2016,Assam,Tinsukia,Laterite,6.4,0.45,167,21,161,0.82
11-04-2019,Sikkim,Gangtok,Loamy,6,0.63,260,37,345,1.02
16-02-2015,Mizoram,Aizawl,Loamy,6.6,0.62,180,34,310,1.07
13-03-2024,Ladakh,Leh,Sandy Loam,6.7,0.17,124,23,70,0.46
16-02-2017,Mizoram,Aizawl,Loamy,6.8,0.61,248,20,250,0.99
05-11-2017,Maharashtra,Pune,Black,6.9,0.55,112,20,218,1.08
11-12-2016,Himachal Pradesh,Shimla,Loamy,6,0.53,217,41,326,0.87
05-02-2016,Chandigarh,Chandigarh,Loamy,6.1,0.27,274,35,186,0.77
23-12-2019,Rajasthan,Jodhpur,Desert,7.2,0.31,83,7,49,0.38
17-04-2023,Kerala,Thrissur,Red,6.4,0.33,140,27,121,0.72
24-08-2023,Lakshadweep,Kavaratti,Loamy,7.1,1.69,147,22,332,1.19
07-09-2015,Karnataka,Bangalore,Red,6.7,0.46,144,24,149,0.42
26-01-2016,Punjab,Patiala,Alluvial,6.4,0.69,270,48,398,1.1
20-07-2025,Jammu and Kashmir,Srinagar,Loamy,5.5,0.19,253,25,256,0.7
01-12-2015,Karnataka,Hubli,Laterite,5.5,0.55,77,25,81,0.97
20-09-2016,Haryana,Hisar,Alluvial,6.7,0.49,177,39,374,0.88
30-10-2024,Bihar,Patna,Alluvial,5.9,0.08,248,25,326,1.37
17-05-2015,Uttarakhand,Dehradun,Loamy,6.8,0.36,212,27,242,0.89
09-01-2023,Chandigarh,Chandigarh,Loamy,6.3,0.63,172,45,358,0.9
28-06-2022,Uttarakhand,Dehradun,Loamy,6.6,0.74,198,22,302,0.91
16-09-2025,Rajasthan,Jaipur,Sandy,5.5,0.81,89,10,73,0.24
02-03-2019,Punjab,Ludhiana,Alluvial,6.9,0.97,166,44,286,0.93
06-04-2017,Bihar,Gaya,Alluvial,6.8,0.46,174,34,379,0.94
27-12-2016,Karnataka,Hubli,Red,6.3,0.78,157,19,209,0.9
09-02-2019,Madhya Pradesh,Bhopal,Red,6.6,1.02,198,22,199,0.81
26-03-2022,Himachal Pradesh,Shimla,Loamy,7.1,0.88,126,38,325,1.14
08-01-2024,Bihar,Muzaffarpur,Alluvial,8.6,1.51,249,50,374,1.35
16-09-2017,Kerala,Ernakulam,Red,5.5,0.51,172,24,214,0.65
16-08-2021,Himachal Pradesh,Kangra,Sandy Loam,7.6,0.84,121,19,115,0.57
23-07-2017,Madhya Pradesh,Bhopal,Red,6.2,0.51,110,29,184,0.72
01-05-2023,Uttar Pradesh,Varanasi,Sandy,6.4,0.31,109,11,98,0.51
06-02-2016,Madhya Pradesh,Bhopal,Red,5.7,0.33,143,26,165,0.52
06-01-2019,West Bengal,Howrah,Alluvial,6.7,0.38,252,27,304,1.02
01-10-2024,Odisha,Bhubaneswar,Red,6.1,0.27,125,26,136,0.73
06-09-2016,Telangana,Hyderabad,Black,7.2,0.78,167,30,270,0.84
20-07-2018,Odisha,Bhubaneswar,Red,6.2,0.23,124,18,228,0.6
06-11-2024,Madhya Pradesh,Bhopal,Red,4.7,0.58,160,14,128,0.84
28-03-2018,Madhya Pradesh,Bhopal,Red,5.8,0.73,165,25,244,0.85
29-10-2023,West Bengal,Kolkata,Alluvial,5.8,0.58,279,18,324,1.23
01-05-2023,Arunachal Pradesh,Itanagar,Loamy,5.9,0.5,225,19,293,0.8
21-04-2022,Jharkhand,Ranchi,Loamy,6.9,0.67,154,19,235,0.99
13-02-2021,Sikkim,Gangtok,Loamy,5.4,0.68,214,22,326,0.74
20-08-2025,Madhya Pradesh,Bhopal,Red,7.2,1.78,138,20,199,0.77
26-01-2018,Himachal Pradesh,Mandi,Sandy Loam,6.9,0.75,107,13,94,0.77
11-05-2015,Delhi,New Delhi,Loamy,6.1,0.36,128,31,292,0.94
23-10-2022,Maharashtra,Pune,Red,6.6,0.64,199,13,111,0.57
09-04-2018,Punjab,Amritsar,Alluvial,6.6,0.49,174,30,326,1.49
03-03-2023,Manipur,Imphal,Loamy,5.2,0.9,111,33,159,1.1
22-04-2023,Lakshadweep,Kavaratti,Loamy,5.5,0.21,159,18,181,0.96
02-07-2015,Delhi,New Delhi,Loamy,6.1,0.68,267,43,199,1.03
19-04-2023,Mizoram,Aizawl,Loamy,7.1,0.69,261,40,232,1.09
30-12-2015,Telangana,Nizamabad,Black,6.5,0.54,136,38,231,0.99
08-02-2015,Chandigarh,Chandigarh,Loamy,6.9,0.44,230,31,288,0.7
07-11-2024,Madhya Pradesh,Bhopal,Black,7.5,1.53,150,29,201,0.75
19-12-2021,Meghalaya,Shillong,Loamy,7.3,0.62,173,33,247,1.26
27-10-2024,Arunachal Pradesh,Itanagar,Loamy,5.2,0.74,193,32,256,0.72
04-10-2018,Mizoram,Aizawl,Loamy,6.7,0.41,246,21,313,0.72
18-04-2023,Lakshadweep,Kavaratti,Loamy,7.9,1.29,168,28,228,1.09
09-07-2017,Haryana,Faridabad,Sandy,6.5,0.58,66,18,90,0.71
30-06-2024,Assam,Cachar,Alluvial,8.3,2.53,193,29,354,1.64
01-08-2022,Kerala,Kozhikode,Laterite,5.3,0.09,66,10,168,0.9
07-11-2023,Punjab,Ludhiana,Alluvial,7.3,0.99,165,37,341,1.31
16-01-2015,Meghalaya,Shillong,Loamy,6.4,0.64,154,39,220,0.71
07-05-2016,Maharashtra,Pune,Black,7.1,0.72,152,34,237,0.7
20-12-2018,Meghalaya,Shillong,Loamy,6.5,0.84,207,26,244,0.79
05-02-2018,Delhi,New Delhi,Loamy,6.6,0.44,246,20,229,0.74
20-01-2023,Chandigarh,Chandigarh,Loamy,6.7,0.14,240,22,196,0.81
22-08-2024,Kerala,Thrissur,Laterite,3.8,1.12,92,15,168,0.52
07-11-2015,Manipur,Imphal,Loamy,6.2,0.76,152,37,243,0.92
08-01-2017,Nagaland,Kohima,Loamy,6.8,0.99,145,18,258,0.76
16-11-2023,West Bengal,Kolkata,Alluvial,8.1,1.51,296,47,405,1.02
29-06-2016,Tamil Nadu,Chennai,Alluvial,6.8,0.87,253,47,208,1.42
27-09-2021,Maharashtra,Nashik,Black,6,0.07,232,29,323,0.81
08-09-2015,Chandigarh,Chandigarh,Loamy,7.1,0.53,153,20,359,0.9
28-01-2017,Delhi,New Delhi,Loamy,6.8,0.74,269,31,333,0.91
10-12-2019,Manipur,Imphal,Loamy,7,0.21,235,34,212,0.92
18-10-2023,Gujarat,Ahmedabad,Black,6.8,0.41,179,26,148,0.63
21-07-2018,Manipur,Imphal,Loamy,6.5,0.71,259,25,276,1.02
19-07-2024,Karnataka,Mysore,Black,8.6,1.34,252,22,266,1.25
20-06-2019,Andaman and Nicobar Islands,Port Blair,Loamy,7,0.78,161,35,205,1
07-06-2025,Dadra and Nagar Haveli and Daman and Diu,Daman,Loamy,7.1,1.66,195,38,237,1.17
29-03-2020,Tripura,Agartala,Loamy,6.5,0.06,249,39,186,1.03
08-07-2023,Telangana,Hyderabad,Red,5.8,0.55,145,28,199,0.4
24-03-2017,Odisha,Bhubaneswar,Laterite,5.1,0.5,131,12,154,0.91
29-01-2015,Arunachal Pradesh,Itanagar,Loamy,6.3,0.78,262,25,328,0.8
15-08-2017,Sikkim,Gangtok,Loamy,6.4,0.55,136,41,287,0.87
25-07-2020,Punjab,Ludhiana,Alluvial,6.3,0.77,260,42,348,0.94
21-04-2016,Delhi,New Delhi,Loamy,6.4,0.76,264,24,185,1.22
14-11-2015,Haryana,Karnal,Sandy,6.3,0.27,88,13,58,0.79
02-09-2015,Tripura,Agartala,Loamy,7.1,0.77,261,35,220,0.73
17-01-2017,Himachal Pradesh,Mandi,Sandy Loam,6.7,0.44,103,17,145,0.48
27-11-2016,Puducherry,Puducherry,Loamy,7.1,0.5,164,43,291,0.98
29-09-2015,Tamil Nadu,Coimbatore,Alluvial,6.2,0.72,294,37,336,1.4
12-08-2024,Chhattisgarh,Raipur,Loamy,6.9,1.24,233,30,311,1.06
07-11-2019,Tripura,Agartala,Loamy,6.8,0.77,146,32,319,1.3
16-06-2018,Haryana,Gurgaon,Sandy,6.8,0.37,74,17,65,0.39
21-08-2021,Meghalaya,Shillong,Loamy,7.3,0.77,210,21,233,0.81
23-09-2015,Manipur,Imphal,Loamy,6.5,0.6,165,40,357,0.77
21-02-2023,Andhra Pradesh,Guntur,Alluvial,6.2,0.33,245,19,195,0.9
09-07-2017,Sikkim,Gangtok,Loamy,6.2,0.32,252,23,243,0.88
23-05-2024,Assam,Dibrugarh,Laterite,4.8,0.01,169,10,125,0.47
06-12-2015,Maharashtra,Nashik,Black,7.5,0.68,205,27,332,0.85
24-01-2016,Ladakh,Leh,Sandy Loam,7,0.37,94,11,121,0.72
09-03-2022,Nagaland,Kohima,Loamy,6.2,0.71,264,26,222,1.25
18-04-2025,Nagaland,Kohima,Loamy,5.8,0.01,205,30,269,1.11
12-08-2020,Assam,Kamrup,Alluvial,6.6,0.78,300,32,361,0.99
01-08-2024,Jharkhand,Ranchi,Loamy,6.3,0.67,200,28,299,0.84
11-03-2018,Andhra Pradesh,Guntur,Alluvial,6.1,0.38,228,37,319,1.18
11-01-2016,Uttarakhand,Dehradun,Loamy,6.2,0.48,239,24,270,0.9
30-03-2025,Uttarakhand,Dehradun,Loamy,5.8,0.3,271,22,277,1.16
26-07-2020,Karnataka,Mysore,Black,7.7,1.07,226,19,336,1
29-06-2021,Chhattisgarh,Raipur,Loamy,8.2,1.48,271,24,333,1.07
26-05-2015,Gujarat,Rajkot,Sandy,6.2,0.31,78,13,124,0.34
04-06-2020,Odisha,Bhubaneswar,Laterite,6.5,1.18,110,28,157,0.66
20-10-2015,Andaman and Nicobar Islands,Port Blair,Loamy,6.5,0.4,125,32,288,0.79
25-03-2025,Manipur,Imphal,Loamy,5.8,0.19,267,37,306,0.73
07-03-2016,Jammu and Kashmir,Srinagar,Loamy,6.7,0.71,157,29,296,0.97
05-12-2016,Kerala,Kozhikode,Red,6,0.19,197,19,178,0.52
16-03-2023,Chandigarh,Chandigarh,Loamy,4.9,0.91,107,25,223,1.1
21-06-2020,Punjab,Ludhiana,Alluvial,6.1,0.27,283,24,201,0.93
17-03-2022,Assam,Tinsukia,Alluvial,6.8,0.93,229,49,218,1.4
03-02-2016,Himachal Pradesh,Kangra,Sandy Loam,6.4,0.31,80,20,146,0.68
04-11-2022,Uttar Pradesh,Varanasi,Sandy,7.5,0.88,100,11,107,0.72
08-05-2024,Arunachal Pradesh,Itanagar,Loamy,8.1,1.91,182,41,271,1.39
21-08-2017,Tamil Nadu,Coimbatore,Red,6.7,0.87,135,18,169,0.62
17-10-2023,Tamil Nadu,Madurai,Red,5,0.66,82,15,208,0.33
12-02-2021,Rajasthan,Jaipur,Desert,8.6,0.93,49,9,100,0.32
03-08-2020,Meghalaya,Shillong,Loamy,6.2,0.68,240,40,199,0.82
03-01-2020,Himachal Pradesh,Kangra,Sandy Loam,7.3,0.76,149,18,109,0.71
09-10-2020,Madhya Pradesh,Bhopal,Red,6.7,0.76,176,14,225,0.46
27-07-2017,West Bengal,Kolkata,Alluvial,6.4,0.74,176,48,371,1.48
13-06-2024,Uttarakhand,Dehradun,Loamy,7,0.66,150,24,269,1.05
10-12-2016,Mizoram,Aizawl,Loamy,6.1,0.47,145,35,282,1.14
17-03-2017,Ladakh,Leh,Sandy Loam,6.4,0.63,61,14,148,0.44
03-01-2019,Andhra Pradesh,Chittoor,Red,6.6,0.86,125,12,110,0.97
13-04-2024,Nagaland,Kohima,Loamy,6.3,0.97,148,36,354,0.93
18-08-2018,Himachal Pradesh,Mandi,Sandy Loam,6.3,0.07,140,11,96,0.87
08-05-2024,Madhya Pradesh,Bhopal,Black,8.1,1.72,260,30,247,1.21
11-01-2015,Manipur,Imphal,Loamy,6.5,0.65,127,26,242,0.85
21-12-2017,Bihar,Purnia,Alluvial,6.8,0.22,240,34,240,0.97
12-02-2020,Delhi,New Delhi,Loamy,7,1.37,285,21,284,1.22
23-03-2021,Telangana,Warangal,Red,6.2,1.22,204,15,236,0.69
30-10-2023,Ladakh,Leh,Sandy Loam,6.3,0.29,62,20,123,0.63
10-05-2025,Jharkhand,Ranchi,Loamy,5.1,0.69,137,31,193,0.95
24-02-2022,Ladakh,Leh,Sandy Loam,7.4,0.91,134,18,173,0.83
10-02-2017,Punjab,Amritsar,Alluvial,6.6,0.47,272,35,209,1.17
14-05-2019,Karnataka,Mysore,Red,6.6,0.76,163,25,121,0.54
27-05-2019,Kerala,Thrissur,Laterite,5.1,0.48,145,8,86,0.69
20-03-2025,Nagaland,Kohima,Loamy,4.7,1.43,108,9,249,1.04
25-12-2024,Chandigarh,Chandigarh,Loamy,6.3,0.32,233,41,205,0.93
26-08-2018,Punjab,Amritsar,Alluvial,7.1,0.87,216,47,243,0.89
03-06-2017,Tripura,Agartala,Loamy,6.9,0.5,171,35,240,1.05
28-01-2024,Kerala,Kozhikode,Red,6.8,1.35,92,30,211,0.6
04-10-2024,Rajasthan,Jodhpur,Sandy,5.6,0.42,101,10,65,0.58
21-10-2018,Tripura,Agartala,Loamy,7.2,0.84,159,20,293,1.14
24-04-2024,Karnataka,Hubli,Laterite,3.8,1.07,92,15,75,0.63
14-09-2023,Himachal Pradesh,Shimla,Sandy Loam,7.4,0.68,147,23,157,0.48
14-08-2015,Tripura,Agartala,Loamy,6.1,0.65,271,38,330,1.03
04-04-2017,Jammu and Kashmir,Srinagar,Loamy,7.1,0.85,274,27,191,1.27
15-03-2021,Lakshadweep,Kavaratti,Loamy,5.5,0.06,253,21,315,0.83
25-07-2017,Maharashtra,Nashik,Red,6.4,0.8,193,26,249,0.7
01-09-2022,Andhra Pradesh,Chittoor,Red,7,1.13,206,15,170,0.66
28-12-2021,Mizoram,Aizawl,Loamy,6.9,1.2,192,43,283,0.93
25-04-2021,Tripura,Agartala,Loamy,6.4,0.39,160,23,211,0.89
26-03-2020,Haryana,Faridabad,Sandy,6,0.21,81,8,52,0.43
12-07-2025,Chhattisgarh,Raipur,Loamy,8.4,1.95,165,34,358,1.23
28-10-2024,Chhattisgarh,Raipur,Loamy,7.1,0.85,145,19,343,1.32
02-12-2019,Jammu and Kashmir,Srinagar,Loamy,5.2,0.57,125,36,333,0.76
23-02-2015,Odisha,Bhubaneswar,Laterite,5.8,0.47,125,24,92,0.9
16-07-2023,Tamil Nadu,Coimbatore,Alluvial,5.4,0.7,245,42,321,1.23
27-12-2016,Himachal Pradesh,Mandi,Sandy Loam,7,0.33,113,17,152,0.8
29-06-2022,Chandigarh,Chandigarh,Loamy,7.2,1.49,258,26,325,0.89
25-03-2019,Meghalaya,Shillong,Loamy,7.2,0.38,253,31,336,1.21
06-09-2023,Delhi,New Delhi,Loamy,6.4,0,248,17,221,0.78
09-11-2017,Arunachal Pradesh,Itanagar,Loamy,6.1,0.61,232,41,202,0.93
28-03-2020,Maharashtra,Nagpur,Black,7.1,0.54,145,26,173,0.96
12-11-2019,Andhra Pradesh,Guntur,Black,7.2,0.54,223,26,340,1.13
16-05-2019,Uttar Pradesh,Lucknow,Alluvial,6.8,0.42,150,41,312,1.45
29-03-2020,Tripura,Agartala,Loamy,6.5,0.25,149,36,276,0.72
01-10-2024,Meghalaya,Shillong,Loamy,6.2,0.37,197,37,177,1.1
02-10-2021,Manipur,Imphal,Loamy,6.4,0.62,267,20,253,0.79
30-06-2022,Uttar Pradesh,Kanpur,Alluvial,7.2,0.99,296,35,323,1.47
29-04-2017,Meghalaya,Shillong,Loamy,7.1,0.7,149,31,249,0.88
10-10-2020,Maharashtra,Nashik,Red,6.2,0.15,177,11,229,0.82
22-10-2023,Andaman and Nicobar Islands,Port Blair,Loamy,6.2,0.25,243,39,187,1.21
13-03-2021,Telangana,Warangal,Black,8.5,1.39,135,39,274,1.16
03-01-2015,Manipur,Imphal,Loamy,7.1,0.45,153,42,207,1.11
09-06-2015,Odisha,Bhubaneswar,Red,5.9,0.48,154,18,246,0.48
07-06-2025,Haryana,Hisar,Sandy,5.4,0.99,47,13,66,0.35
19-02-2017,Puducherry,Puducherry,Loamy,6.1,0.02,132,17,202,0.78
27-09-2023,Arunachal Pradesh,Itanagar,Loamy,8.2,1.78,282,47,383,1.06
11-06-2017,Uttarakhand,Dehradun,Loamy,6.6,0.14,248,19,234,0.97
23-07-2020,Jharkhand,Ranchi,Loamy,6.8,1.16,274,44,299,1.11
27-08-2023,Jammu and Kashmir,Srinagar,Loamy,7.8,2.06,177,38,345,1.14
04-07-2021,Tamil Nadu,Madurai,Red,5.6,0.47,99,19,202,0.53
02-08-2016,Haryana,Gurgaon,Alluvial,6,0.43,157,37,349,1.02
17-04-2020,West Bengal,Kolkata,Alluvial,7.1,1.19,177,43,338,1.45
12-10-2018,Tamil Nadu,Chennai,Red,5.6,0.33,96,29,164,0.95
29-01-2025,Bihar,Gaya,Alluvial,5.7,0.14,270,28,369,0.9
14-07-2018,Maharashtra,Pune,Black,7.3,0.63,140,15,221,0.62
29-06-2019,Andaman and Nicobar Islands,Port Blair,Loamy,6.7,0.7,252,34,310,1.2
09-08-2017,Andhra Pradesh,Guntur,Red,6.2,0.46,177,20,228,0.68
17-04-2024,Bihar,Purnia,Alluvial,6.6,0.03,206,32,300,0.92
06-05-2022,Lakshadweep,Kavaratti,Loamy,6.1,0.1,179,28,204,0.9
14-09-2017,Delhi,New Delhi,Loamy,6.9,0.04,220,19,325,1.22
21-11-2024,Uttar Pradesh,Lucknow,Alluvial,5.9,0.03,180,21,249,0.97
09-03-2025,Mizoram,Aizawl,Loamy,4.8,0.99,143,7,235,0.8
03-05-2018,Tamil Nadu,Coimbatore,Alluvial,5.7,0.12,222,25,368,0.88
09-07-2017,Lakshadweep,Kavaratti,Loamy,7.2,0.61,177,15,267,0.82
17-08-2022,Manipur,Imphal,Loamy,6.5,0.33,160,16,311,1.03
17-09-2018,Madhya Pradesh,Bhopal,Black,7.2,0.23,142,31,312,0.78
19-06-2015,Arunachal Pradesh,Itanagar,Loamy,7,0.64,176,41,272,1.09
04-06-2016,Odisha,Bhubaneswar,Red,6.3,0.04,81,26,218,0.59
26-01-2019,Telangana,Nizamabad,Red,5.6,0.42,88,18,111,0.75
09-02-2015,Telangana,Warangal,Red,6.4,0.44,101,12,147,0.68
10-04-2019,Karnataka,Belgaum,Laterite,5.9,0.09,147,20,131,0.66
15-02-2024,Sikkim,Gangtok,Loamy,7.6,0.88,269,20,262,1.02
19-11-2018,Manipur,Imphal,Loamy,6.7,0.77,149,42,282,1.26
12-08-2017,Jharkhand,Ranchi,Loamy,6.9,0.44,153,36,274,0.84
11-01-2024,Uttarakhand,Dehradun,Loamy,4.2,1.84,207,3,238,0.83
10-09-2017,Himachal Pradesh,Mandi,Loamy,6.6,0.57,137,26,194,1.19
01-10-2023,West Bengal,Kolkata,Alluvial,7.5,0.7,191,25,375,1.44
01-09-2017,Andhra Pradesh,Chittoor,Red,6,0.46,84,22,125,0.42
07-02-2015,Mizoram,Aizawl,Loamy,6.1,0.46,227,21,340,0.87
03-07-2021,Dadra and Nagar Haveli and Daman and Diu,Daman,Loamy,5.6,0.33,160,37,291,1.16
28-06-2018,Jharkhand,Ranchi,Loamy,5.9,0.33,155,36,351,1.17
14-04-2018,Andaman and Nicobar Islands,Port Blair,Loamy,6,0.31,133,23,235,0.94
14-06-2019,Nagaland,Kohima,Loamy,6.5,0.66,142,20,292,1.04
02-07-2017,Goa,North Goa,Loamy,6.4,0.52,188,25,281,0.94
29-03-2016,Kerala,Kozhikode,Laterite,5.4,0.55,104,20,121,0.72
06-02-2015,Maharashtra,Mumbai,Black,7.5,0.31,109,38,328,0.9
10-04-2024,Jharkhand,Ranchi,Loamy,5.9,0.02,135,31,251,1.07
08-09-2019,Punjab,Amritsar,Alluvial,6.9,0.74,252,47,378,1.09
09-04-2023,Manipur,Imphal,Loamy,5.8,0.29,257,16,274,0.74
06-03-2017,Dadra and Nagar Haveli and Daman and Diu,Daman,Loamy,7.2,0.52,139,42,274,0.88
30-08-2017,Gujarat,Ahmedabad,Black,7.8,1.16,207,36,213,0.81
15-08-2016,Jharkhand,Ranchi,Loamy,6.3,0.59,230,22,299,0.73
11-02-2018,Jharkhand,Ranchi,Loamy,6.7,0.93,147,23,344,1.13
09-07-2023,West Bengal,Darjeeling,Red,4.8,0.7,87,14,138,0.57
17-08-2018,Chandigarh,Chandigarh,Loamy,6.1,0.35,274,44,257,1.17
21-03-2021,Assam,Dibrugarh,Laterite,5,0.16,131,16,181,0.85
14-11-2015,Manipur,Imphal,Loamy,7,0.75,248,25,219,1.04
24-07-2021,Rajasthan,Jodhpur,Sandy,6.3,0.07,101,9,123,0.26
02-12-2020,Kerala,Kozhikode,Red,6.4,1.4,176,22,249,0.69
08-07-2022,Bihar,Muzaffarpur,Alluvial,7.3,1.35,297,30,254,1.23
08-09-2018,Himachal Pradesh,Kangra,Loamy,6.5,1.16,140,36,250,1.22
11-05-2019,West Bengal,Kolkata,Red,6.1,0.46,142,26,190,0.77
09-07-2023,Tamil Nadu,Coimbatore,Alluvial,7.2,1.33,167,55,418,1.15
04-03-2020,Sikkim,Gangtok,Loamy,6,0.1,236,39,307,1.05
18-09-2020,Telangana,Hyderabad,Black,7.3,0.52,169,22,202,0.99
19-06-2020,Uttar Pradesh,Varanasi,Alluvial,7.4,0.25,270,46,327,1.46
08-11-2019,Chandigarh,Chandigarh,Loamy,6.9,0.63,157,33,347,0.76
05-08-2018,Delhi,New Delhi,Loamy,6.6,0.77,183,25,224,0.86
09-07-2018,Meghalaya,Shillong,Loamy,6.3,0.77,232,37,279,1.29
04-08-2015,Sikkim,Gangtok,Loamy,6.9,0.47,137,35,205,0.88
24-10-2023,Nagaland,Kohima,Loamy,6.4,0.42,266,32,296,0.86
11-07-2021,Gujarat,Rajkot,Black,7.2,0.17,167,24,305,1.14
14-11-2023,Uttar Pradesh,Kanpur,Alluvial,8,1.95,271,54,328,1.02
09-11-2020,Haryana,Hisar,Alluvial,7,0.72,160,43,407,1.48
28-07-2021,Goa,North Goa,Loamy,5.6,0.54,148,27,166,1
03-03-2022,Chandigarh,Chandigarh,Loamy,8.2,1.43,257,28,358,0.86
21-12-2024,Tamil Nadu,Chennai,Alluvial,6.4,0.79,178,26,314,1.4
03-11-2022,Lakshadweep,Kavaratti,Loamy,7.5,1.1,229,19,256,0.91
01-09-2019,Sikkim,Gangtok,Loamy,6,0.3,175,36,284,1.23
29-09-2022,Himachal Pradesh,Shimla,Loamy,6.6,0.5,180,28,183,0.75
29-12-2015,Dadra and Nagar Haveli and Daman and Diu,Daman,Loamy,6.6,0.38,245,23,198,0.84
17-02-2022,Gujarat,Surat,Sandy,5.9,0.01,79,16,130,0.37
09-05-2024,Himachal Pradesh,Kangra,Sandy Loam,6.2,0.27,140,24,69,0.6
13-09-2019,Madhya Pradesh,Bhopal,Red,5.9,0.84,118,13,179,0.53
08-04-2018,Assam,Cachar,Laterite,6.3,0.66,164,16,85,0.65
22-12-2015,Jammu and Kashmir,Srinagar,Loamy,6.5,0.57,204,20,292,0.96
10-07-2015,Delhi,New Delhi,Loamy,7,0.65,138,30,306,0.75
27-03-2025,Rajasthan,Udaipur,Desert,6.9,0.26,79,6,28,0.19
05-10-2021,Dadra and Nagar Haveli and Daman and Diu,Daman,Loamy,7.1,0.95,182,45,248,1.06
30-11-2016,Puducherry,Puducherry,Loamy,6.7,0.57,266,29,277,1.1
16-08-2020,Lakshadweep,Kavaratti,Loamy,7.4,1.97,215,41,345,1.35
20-12-2020,Jammu and Kashmir,Srinagar,Loamy,6.9,1.24,143,19,209,0.95
15-06-2025,Manipur,Imphal,Loamy,5.6,0.19,166,35,180,0.79
10-07-2016,Lakshadweep,Kavaratti,Loamy,6,0.62,164,36,216,1.21
05-04-2017,Goa,North Goa,Loamy,6.2,0.48,172,14,268,0.99
09-09-2022,Rajasthan,Jaipur,Desert,7.6,0.11,77,9,91,0.19
20-11-2017,Delhi,New Delhi,Loamy,6.6,0.21,162,30,342,0.77
26-01-2022,Lakshadweep,Kavaratti,Loamy,6.8,0.96,283,46,251,1.04
01-03-2016,Odisha,Bhubaneswar,Red,6.6,0.15,133,17,142,0.99
27-06-2024,Delhi,New Delhi,Loamy,6.4,0.08,253,20,208,0.79
12-06-2022,West Bengal,Darjeeling,Red,7.2,1.37,108,35,256,0.88
07-08-2021,Dadra and Nagar Haveli and Daman and Diu,Daman,Loamy,7.2,0.71,142,27,263,1.27
09-08-2024,Rajasthan,Udaipur,Sandy,8.5,2.27,144,19,158,0.58
30-03-2025,Puducherry,Puducherry,Loamy,8,1.99,174,44,242,1.16
24-04-2019,Manipur,Imphal,Loamy,6.4,0.42,140,25,297,1.02
30-10-2020,Maharashtra,Nashik,Black,8.1,1.19,157,25,268,0.69
31-07-2021,Odisha,Bhubaneswar,Laterite,7.2,2.07,112,28,162,0.76
12-02-2024,Manipur,Imphal,Loamy,5.8,0.08,161,20,332,1.26
17-05-2025,Goa,North Goa,Loamy,8,1.67,224,43,371,1.16
11-08-2016,Himachal Pradesh,Mandi,Loamy,6.7,0.44,265,33,301,0.7
05-07-2020,Punjab,Patiala,Alluvial,6.6,0.32,255,31,393,1.26
28-03-2019,Puducherry,Puducherry,Loamy,7.4,0.64,252,21,267,0.78
22-10-2015,Uttar Pradesh,Varanasi,Alluvial,6.9,0.48,244,40,324,1.01
08-06-2020,Nagaland,Kohima,Loamy,6.7,0.89,166,31,305,0.78
01-06-2018,West Bengal,Darjeeling,Red,6.3,0.97,112,22,202,0.84
29-03-2019,Himachal Pradesh,Mandi,Sandy Loam,6.9,0.64,136,14,182,0.86
15-07-2023,Lakshadweep,Kavaratti,Loamy,6.7,0.96,238,30,342,1.15
18-08-2019,Goa,North Goa,Loamy,6,0.05,233,31,186,0.84
10-02-2018,Maharashtra,Pune,Red,6.3,0.77,171,21,121,0.6
10-06-2018,West Bengal,Kolkata,Red,6,0.68,163,31,255,1
26-08-2020,Telangana,Hyderabad,Red,6.1,0.22,168,25,236,0.63
26-12-2015,Madhya Pradesh,Bhopal,Black,7.4,0.77,231,26,223,1.19
08-01-2024,Kerala,Thrissur,Red,3.7,1.8,145,3,118,0.36
23-12-2022,Odisha,Bhubaneswar,Red,6.2,0.63,106,26,151,0.63
30-11-2016,Rajasthan,Udaipur,Sandy,6.1,0.15,95,12,144,0.74
23-03-2016,Uttarakhand,Dehradun,Loamy,6.7,0.3,233,26,330,1.26
13-12-2022,Odisha,Bhubaneswar,Laterite,5.7,0.46,136,13,193,0.72
09-08-2021,Telangana,Hyderabad,Black,7.1,0.69,187,33,270,1.02
05-11-2016,Uttar Pradesh,Lucknow,Alluvial,6.1,0.42,203,49,209,1
04-10-2017,West Bengal,Kolkata,Alluvial,6.8,0.18,175,33,223,1.24
11-09-2018,Nagaland,Kohima,Loamy,7.4,1.03,194,43,212,0.89
19-11-2021,Ladakh,Leh,Sandy Loam,5.9,0.17,150,21,113,0.43
27-09-2021,Andaman and Nicobar Islands,Port Blair,Loamy,6.2,0.48,154,17,301,1.05
27-08-2024,Mizoram,Aizawl,Loamy,7.8,1.41,144,47,318,0.93
08-08-2016,Bihar,Muzaffarpur,Alluvial,6.8,0.37,245,34,296,1.31
10-06-2018,Andaman and Nicobar Islands,Port Blair,Loamy,5.9,0.24,187,22,293,0.8
01-06-2018,Bihar,Patna,Alluvial,7.1,0.72,169,40,393,0.94
20-09-2017,Jharkhand,Ranchi,Loamy,6.8,0.37,240,30,311,1.19
07-09-2025,Tripura,Agartala,Loamy,7.4,1.22,151,24,352,0.85
06-12-2018,Dadra and Nagar Haveli and Daman and Diu,Daman,Loamy,6.6,0.07,275,35,324,0.71
25-07-2016,Assam,Kamrup,Laterite,5.3,0.15,120,20,98,0.55
10-07-2021,Arunachal Pradesh,Itanagar,Loamy,5.8,0.48,221,27,280,0.78
30-05-2018,Tripura,Agartala,Loamy,6.5,0.87,237,33,296,0.77
15-09-2020,Goa,North Goa,Loamy,6.9,0.96,149,37,357,0.91
15-09-2017,Uttar Pradesh,Varanasi,Alluvial,6.1,0.75,152,47,213,1.27
05-10-2015,Haryana,Faridabad,Alluvial,7.3,0.65,201,29,347,1.39
04-05-2018,Jammu and Kashmir,Srinagar,Loamy,6.7,0.47,155,40,312,1
11-02-2023,Uttarakhand,Dehradun,Loamy,9.2,2.88,279,41,337,1.43
02-03-2020,Tripura,Agartala,Loamy,6.5,0.75,222,44,187,0.85
28-04-2016,Nagaland,Kohima,Loamy,6.3,0.52,261,34,222,1.21
19-06-2018,Andhra Pradesh,Visakhapatnam,Red,6,0.03,120,24,204,0.71
18-04-2024,Assam,Tinsukia,Laterite,5.8,0.81,144,15,112,0.6
31-12-2016,Bihar,Muzaffarpur,Alluvial,6.3,0.26,242,38,316,1.25
17-02-2021,Manipur,Imphal,Loamy,6.4,0.64,227,31,322,0.98
06-11-2017,Haryana,Hisar,Sandy,5.8,0.16,55,6,72,0.77
15-01-2022,Odisha,Bhubaneswar,Red,6.5,0.56,181,20,247,0.88
06-07-2017,Uttar Pradesh,Kanpur,Sandy,5.9,0.28,138,13,101,0.63
14-09-2021,Jharkhand,Ranchi,Loamy,5.7,0.14,116,25,302,0.73
04-06-2017,Maharashtra,Nagpur,Red,5.6,0.66,154,14,222,0.8
15-07-2022,Odisha,Bhubaneswar,Red,4.9,0.17,133,17,217,0.33
22-01-2015,Chandigarh,Chandigarh,Loamy,6.1,0.38,125,35,294,0.83
18-04-2016,Chhattisgarh,Raipur,Loamy,7.1,0.64,214,25,258,0.75
27-09-2023,Dadra and Nagar Haveli and Daman and Diu,Daman,Loamy,7.1,0.61,219,32,270,0.85
07-03-2021,Gujarat,Vadodara,Sandy,6.2,0.29,108,20,145,0.32
11-06-2021,Odisha,Bhubaneswar,Laterite,4.3,0.47,154,20,165,0.75
24-02-2024,Dadra and Nagar Haveli and Daman and Diu,Daman,Loamy,6.2,0.78,235,18,345,1.02
04-12-2016,Telangana,Warangal,Red,6.6,0.6,103,17,119,0.86
17-11-2016,Puducherry,Puducherry,Loamy,6.3,0.72,279,35,194,1.06
12-10-2015,Tamil Nadu,Coimbatore,Alluvial,6.3,0.22,200,28,358,1.06
16-12-2016,Goa,North Goa,Loamy,6.7,0.74,176,16,214,1.23
05-04-2025,Ladakh,Leh,Sandy Loam,5.7,0.86,60,4,57,0.7
01-02-2017,Uttarakhand,Dehradun,Loamy,6.7,0.69,152,35,190,1.31
04-06-2018,Karnataka,Belgaum,Red,5.2,0.13,115,25,131,0.65
05-08-2017,Chhattisgarh,Raipur,Loamy,6.6,0.44,254,18,257,1.24
25-08-2021,Mizoram,Aizawl,Loamy,7.2,0.62,203,44,264,1.23
12-11-2021,Gujarat,Surat,Sandy,5.6,0.47,64,15,103,0.61
27-10-2017,Uttarakhand,Dehradun,Loamy,6.7,0.49,155,43,273,0.99
29-01-2015,Manipur,Imphal,Loamy,7.2,0.51,120,30,291,1.17
25-06-2017,Madhya Pradesh,Bhopal,Red,6.7,0.62,192,10,206,0.53
02-07-2023,Karnataka,Hubli,Black,7.5,1.27,111,37,186,0.75
06-03-2025,Uttar Pradesh,Lucknow,Sandy,5.9,0.29,93,16,105,0.39
05-01-2023,Sikkim,Gangtok,Loamy,6.3,0.36,160,37,193,1.01
27-10-2020,West Bengal,Howrah,Alluvial,6.3,0.29,268,35,317,1.09
14-03-2023,Telangana,Nizamabad,Black,7.2,0.66,113,20,353,0.87
11-11-2021,Andaman and Nicobar Islands,Port Blair,Loamy,7.4,0.73,191,46,203,1.09
23-07-2016,Himachal Pradesh,Kangra,Sandy Loam,6.9,0.2,133,25,128,0.53
29-06-2020,Bihar,Purnia,Alluvial,6.9,0.67,182,42,319,1.23
18-11-2024,Nagaland,Kohima,Loamy,6,0.17,166,20,227,0.92
23-09-2024,Meghalaya,Shillong,Loamy,6.7,0.25,252,28,266,0.78
24-12-2018,Delhi,New Delhi,Loamy,6.7,0.33,136,19,323,0.84
07-01-2017,Andaman and Nicobar Islands,Port Blair,Loamy,6.6,1.09,229,20,212,0.9
10-03-2024,Jharkhand,Ranchi,Loamy,7.7,2.06,151,28,381,0.91
30-05-2016,Himachal Pradesh,Shimla,Loamy,7.1,0.71,132,30,275,1.26
23-06-2020,Dadra and Nagar Haveli and Daman and Diu,Daman,Loamy,5.4,0.1,147,14,345,0.79
06-09-2023,West Bengal,Darjeeling,Alluvial,4.5,1.09,256,13,187,0.69
10-09-2021,Assam,Cachar,Alluvial,7,0.68,227,45,311,1.45
30-09-2024,Maharashtra,Pune,Black,6.8,0.43,158,24,313,0.63
08-02-2015,Tripura,Agartala,Loamy,6.9,0.6,192,23,344,0.92
25-02-2024,Manipur,Imphal,Loamy,7.4,0.75,161,28,309,0.93
05-06-2017,Arunachal Pradesh,Itanagar,Loamy,6.1,0.54,184,26,351,0.95
15-10-2022,Telangana,Nizamabad,Black,7.3,0.09,156,23,251,0.91
13-01-2021,Maharashtra,Nashik,Black,7.6,0.77,193,37,209,0.67
03-01-2018,Gujarat,Ahmedabad,Sandy,6.6,0.29,56,18,82,0.75
10-01-2023,Ladakh,Leh,Sandy Loam,7.7,0.75,73,20,97,0.69
29-12-2019,Telangana,Nizamabad,Red,6.9,0.47,140,18,197,0.53
07-10-2023,Uttarakhand,Dehradun,Loamy,7.5,1.2,248,31,321,0.98
07-09-2019,Chandigarh,Chandigarh,Loamy,6,0.33,144,26,230,1.04
31-08-2017,Uttarakhand,Dehradun,Loamy,6.9,1.04,137,37,307,1.3
22-08-2023,Manipur,Imphal,Loamy,5.7,0.3,140,19,255,1.13
21-06-2023,Uttar Pradesh,Lucknow,Alluvial,5.8,0.36,283,43,249,0.91
31-08-2024,Andhra Pradesh,Visakhapatnam,Black,7.2,0.14,186,36,243,0.56
12-04-2019,Bihar,Muzaffarpur,Alluvial,7.2,0.68,221,27,320,0.98
06-05-2025,Andaman and Nicobar Islands,Port Blair,Loamy,6.1,0.49,143,14,236,0.97
06-12-2022,Andhra Pradesh,Chittoor,Black,8,1.36,207,25,240,1.04
15-06-2024,Sikkim,Gangtok,Loamy,6.7,1.09,191,34,280,1.19
27-08-2022,Karnataka,Mysore,Black,7.6,1.26,107,26,336,0.86
12-08-2024,Jharkhand,Ranchi,Loamy,6.2,0.52,132,31,234,0.92
23-01-2025,Mizoram,Aizawl,Loamy,7.2,1.21,249,40,226,0.94
15-09-2017,Ladakh,Leh,Sandy Loam,6.8,0.4,63,12,163,0.7
21-01-2015,Uttar Pradesh,Lucknow,Alluvial,7.1,0.41,220,22,319,1.05
08-06-2021,Rajasthan,Jodhpur,Desert,6.5,0.74,81,6,54,0.11
18-05-2017,Madhya Pradesh,Bhopal,Red,6.7,0.87,99,15,185,0.56
25-03-2015,Himachal Pradesh,Shimla,Sandy Loam,6.2,0.26,89,12,175,0.52
12-07-2025,Karnataka,Bangalore,Laterite,5.8,0.91,158,17,210,0.83
10-08-2019,Karnataka,Belgaum,Laterite,5.6,0.9,109,16,126,0.92
30-05-2020,Goa,North Goa,Loamy,5.8,0.51,172,21,280,1.1
25-08-2024,Andhra Pradesh,Visakhapatnam,Alluvial,6.2,0.61,262,29,200,1.29
11-11-2018,Goa,North Goa,Loamy,7.8,1.24,128,44,245,1.07
11-03-2019,Madhya Pradesh,Bhopal,Red,6.2,0.76,167,21,202,0.94
11-02-2024,Sikkim,Gangtok,Loamy,7.7,1.39,214,30,268,1.03
23-07-2016,Dadra and Nagar Haveli and Daman and Diu,Daman,Loamy,6.2,0.46,138,43,316,0.86
22-07-2017,Sikkim,Gangtok,Loamy,7,0.37,235,17,316,0.77
07-11-2024,Uttarakhand,Dehradun,Loamy,6.7,0.4,271,15,229,0.73
08-11-2023,Maharashtra,Pune,Red,6.4,0.46,141,19,151,0.88
03-06-2020,Chhattisgarh,Raipur,Loamy,6.6,1.11,257,45,324,0.92
09-11-2023,Ladakh,Leh,Sandy Loam,5.5,0.48,137,5,65,0.6
30-01-2020,Lakshadweep,Kavaratti,Loamy,6.4,0.75,156,19,281,1.23
15-05-2023,Puducherry,Puducherry,Loamy,7.1,1.51,188,44,280,0.94
03-03-2017,Gujarat,Ahmedabad,Sandy,6.4,0.44,59,20,79,0.48
02-03-2017,Jharkhand,Ranchi,Loamy,7.1,0.48,270,26,347,0.78
04-11-2024,Mizoram,Aizawl,Loamy,8.4,2.1,192,25,319,0.87
15-12-2019,Chandigarh,Chandigarh,Loamy,7.9,1.8,172,30,261,1.24
18-07-2018,Rajasthan,Jaipur,Sandy,6.9,0.5,145,18,149,0.49
14-12-2021,Madhya Pradesh,Bhopal,Red,6.7,0.71,173,15,231,0.92
05-03-2021,Andhra Pradesh,Visakhapatnam,Alluvial,7.1,0.12,282,28,275,1.09
19-11-2024,Andhra Pradesh,Guntur,Alluvial,7,1.08,232,33,408,1.37
27-05-2019,Delhi,New Delhi,Loamy,6.6,0.74,195,16,279,1.08
19-12-2017,Tripura,Agartala,Loamy,6,0.42,155,37,269,0.81
13-10-2021,Uttar Pradesh,Varanasi,Sandy,6.5,0.12,136,5,51,0.61
11-09-2017,Madhya Pradesh,Bhopal,Red,6.2,0.46,122,18,114,0.48
08-08-2019,West Bengal,Howrah,Red,6,0,102,13,162,0.4
24-01-2025,Delhi,New Delhi,Loamy,6.8,1.4,262,28,219,0.8
03-04-2024,Chandigarh,Chandigarh,Loamy,6.8,0.58,157,40,312,0.87
03-06-2016,Haryana,Faridabad,Alluvial,6.9,0.19,253,27,313,0.91
13-08-2016,Andhra Pradesh,Chittoor,Red,6.5,0.31,101,14,108,0.86
16-11-2017,Kerala,Ernakulam,Red,6.8,0.56,125,13,124,0.62
06-09-2019,Chhattisgarh,Raipur,Loamy,6.5,0.08,252,41,332,1.21
12-12-2024,Telangana,Warangal,Red,6.6,1.26,94,15,258,0.97
28-07-2020,Goa,North Goa,Loamy,6.5,0.4,238,24,314,0.97
24-02-2021,Tripura,Agartala,Loamy,6.8,0.71,267,43,363,1.05
31-08-2021,Andhra Pradesh,Visakhapatnam,Black,7,0.5,106,33,198,0.97
15-12-2015,Tripura,Agartala,Loamy,7,0.73,191,26,262,1.09
17-08-2017,Andhra Pradesh,Visakhapatnam,Red,6.2,0.84,191,17,250,0.8
17-05-2020,Lakshadweep,Kavaratti,Loamy,6,0.02,255,26,345,1.01
23-11-2016,Assam,Cachar,Laterite,5.1,0.3,178,18,78,0.96
09-04-2019,Odisha,Bhubaneswar,Laterite,6.1,0.63,104,25,196,0.79
04-09-2025,Andaman and Nicobar Islands,Port Blair,Loamy,5.2,0.72,134,25,214,0.62
13-01-2016,Arunachal Pradesh,Itanagar,Loamy,7.2,0.76,237,27,273,1.15
25-01-2023,Himachal Pradesh,Mandi,Loamy,6.6,0.27,205,42,289,1.06
11-02-2023,Mizoram,Aizawl,Loamy,6.4,0.51,175,23,283,0.81
08-12-2024,Ladakh,Leh,Sandy Loam,7,0.39,120,19,121,0.61
10-06-2016,Mizoram,Aizawl,Loamy,6.5,0.35,244,36,227,0.75
30-10-2023,Kerala,Kozhikode,Laterite,4.1,0.5,84,6,104,0.89
13-08-2022,Punjab,Amritsar,Alluvial,6.8,0.81,157,52,271,1.18
03-03-2021,Assam,Dibrugarh,Alluvial,6.9,0.9,199,37,404,1.14
07-11-2021,Bihar,Muzaffarpur,Alluvial,7.3,0.45,176,43,285,1.45
27-02-2024,Mizoram,Aizawl,Loamy,9.5,3.29,158,50,358,1.36
13-06-2018,Manipur,Imphal,Loamy,6.9,0.41,184,42,191,0.73
19-02-2020,Delhi,New Delhi,Loamy,6.6,0.16,264,39,231,1.21
30-10-2019,Meghalaya,Shillong,Loamy,7.1,0.75,177,21,218,1.01
04-06-2016,Karnataka,Hubli,Red,6.2,0.16,129,26,165,0.5
29-08-2019,Punjab,Amritsar,Alluvial,6.4,0.27,223,34,240,1.14
13-10-2017,Telangana,Hyderabad,Black,7.2,0.54,249,37,330,1.02
23-03-2023,Meghalaya,Shillong,Loamy,7.2,0.51,201,28,222,0.95
07-09-2025,Chandigarh,Chandigarh,Loamy,6,0.52,156,27,201,0.95
05-08-2022,Puducherry,Puducherry,Loamy,7,0.62,205,36,328,1.11
10-10-2017,Andhra Pradesh,Visakhapatnam,Alluvial,7.7,0.88,268,46,260,1.12
23-12-2021,Telangana,Hyderabad,Red,5.8,0.62,97,23,92,0.45
27-04-2015,Telangana,Warangal,Black,7,0.75,184,39,196,1.12
30-08-2021,Himachal Pradesh,Mandi,Sandy Loam,6.2,0.45,93,11,76,0.77
29-09-2018,Sikkim,Gangtok,Loamy,6.2,0.54,261,20,266,1.04
06-08-2016,Kerala,Thrissur,Laterite,5.7,0.52,148,23,160,0.52
30-01-2016,Mizoram,Aizawl,Loamy,7.2,0.77,140,18,277,1.16
23-12-2017,Tripura,Agartala,Loamy,6.4,0.27,174,33,335,1.02
16-05-2025,West Bengal,Howrah,Red,6.1,0.21,143,15,150,0.56
31-07-2022,Manipur,Imphal,Loamy,7.6,1.34,161,39,301,1.2
13-03-2015,Chandigarh,Chandigarh,Loamy,6.3,0.65,186,40,323,0.83
27-07-2025,Uttarakhand,Dehradun,Loamy,7.2,1.16,246,44,235,1.09
01-10-2015,Sikkim,Gangtok,Loamy,7,0.74,166,18,222,1.27
06-07-2020,Jharkhand,Ranchi,Loamy,4.8,0.87,215,27,260,0.65
05-09-2018,Dadra and Nagar Haveli and Daman and Diu,Daman,Loamy,6.1,0.38,145,40,195,0.77
04-12-2015,Uttarakhand,Dehradun,Loamy,6.4,0.63,214,19,225,1.26
21-10-2018,Kerala,Thrissur,Red,5.7,0.54,196,12,160,0.53
06-10-2024,Dadra and Nagar Haveli and Daman and Diu,Daman,Loamy,6.4,0.32,225,41,199,0.86
29-08-2016,Lakshadweep,Kavaratti,Loamy,6.4,0.39,142,29,330,1.27
15-06-2015,Lakshadweep,Kavaratti,Loamy,7,0.49,138,45,298,1.29
17-04-2019,Jammu and Kashmir,Srinagar,Loamy,6.5,0.42,159,44,224,0.71
20-08-2020,Rajasthan,Jodhpur,Desert,6.1,0.89,57,3,18,0.32
17-08-2018,Jharkhand,Ranchi,Loamy,6.2,0.48,235,25,211,1.05
29-12-2016,Meghalaya,Shillong,Loamy,6.7,0.6,238,29,260,1.17
19-10-2022,Gujarat,Surat,Sandy,5.6,0.45,110,8,109,0.37
05-08-2020,Bihar,Purnia,Alluvial,7,0.9,169,27,214,1.13
12-04-2015,Uttarakhand,Dehradun,Loamy,7.2,0.74,221,41,287,0.92
28-07-2024,Tripura,Agartala,Loamy,6.7,0.95,256,21,212,0.88
16-11-2018,Dadra and Nagar Haveli and Daman and Diu,Daman,Loamy,6.4,0.12,197,23,265,0.84
17-02-2017,Karnataka,Bangalore,Laterite,6.1,0.48,124,14,141,0.84
02-08-2015,Punjab,Ludhiana,Alluvial,6.7,0.25,153,30,230,1.43
20-04-2025,Ladakh,Leh,Sandy Loam,6.6,0.04,104,9,92,0.57
16-01-2018,Mizoram,Aizawl,Loamy,6.1,0.12,138,41,178,0.93
26-04-2019,Karnataka,Belgaum,Laterite,6.1,0.18,141,21,75,0.82
14-09-2021,Chandigarh,Chandigarh,Loamy,7,0.38,184,40,275,1.13
20-03-2022,Jammu and Kashmir,Srinagar,Loamy,5.9,0,134,14,249,0.77
15-01-2023,Sikkim,Gangtok,Loamy,7.1,0.75,212,30,228,0.99
15-07-2023,Uttarakhand,Dehradun,Loamy,7.1,1.62,249,37,238,1.12
23-08-2019,Jammu and Kashmir,Srinagar,Loamy,6.8,0.78,196,20,218,0.78
04-09-2024,Bihar,Gaya,Alluvial,5.6,0.4,253,41,251,0.94
14-08-2016,Meghalaya,Shillong,Loamy,6.9,0.52,166,36,240,1.04
26-08-2018,Meghalaya,Shillong,Loamy,6.6,0.47,245,17,292,1.15
14-01-2018,Rajasthan,Jaipur,Desert,7.6,0.28,61,13,115,0.38
09-11-2020,Uttar Pradesh,Kanpur,Sandy,5.7,0.51,108,16,116,0.32
20-03-2025,Ladakh,Leh,Sandy Loam,7.2,0.46,88,13,114,0.77
13-06-2022,Odisha,Bhubaneswar,Laterite,5.9,0.88,112,16,210,0.75
14-12-2016,Mizoram,Aizawl,Loamy,7.1,0.5,153,19,334,0.72
24-07-2017,Uttar Pradesh,Varanasi,Alluvial,6.4,0.55,170,22,365,1.1
05-05-2020,Sikkim,Gangtok,Loamy,6.9,0.63,132,27,276,1.18
30-08-2015,West Bengal,Kolkata,Red,5.7,0.23,99,25,214,0.48
05-08-2020,Andhra Pradesh,Visakhapatnam,Red,5.5,0.55,183,25,130,0.75
02-01-2015,Ladakh,Leh,Sandy Loam,6.8,0.23,83,24,170,0.62
22-03-2021,Arunachal Pradesh,Itanagar,Loamy,6.7,1.17,166,23,259,1.07
19-10-2022,Mizoram,Aizawl,Loamy,6.1,0.86,268,38,266,0.86
04-11-2019,Rajasthan,Udaipur,Desert,7.4,0.03,49,8,58,0.31
03-05-2020,Himachal Pradesh,Shimla,Loamy,6.6,0.82,275,31,341,0.76
21-03-2022,Madhya Pradesh,Bhopal,Red,6.7,0.21,197,13,165,0.58
03-12-2020,Karnataka,Mysore,Black,7,0.3,190,15,299,0.85
26-03-2025,Meghalaya,Shillong,Loamy,6.8,0.09,147,23,304,1.05
06-07-2017,Meghalaya,Shillong,Loamy,6.3,0.49,236,25,301,1.04
10-09-2023,Arunachal Pradesh,Itanagar,Loamy,7.3,0.85,230,23,229,1.24
19-02-2021,Haryana,Faridabad,Alluvial,7.5,1.08,208,29,373,1.37
12-11-2023,Madhya Pradesh,Bhopal,Black,6.9,0.99,234,34,259,0.82
28-12-2022,Mizoram,Aizawl,Loamy,6.9,0.56,249,44,312,0.71
31-03-2015,Telangana,Nizamabad,Red,5.8,0.22,103,11,175,0.42
06-09-2019,Assam,Tinsukia,Alluvial,7.5,1.14,188,38,271,1.18
09-12-2020,Chandigarh,Chandigarh,Loamy,6.6,0.29,157,36,318,1.04
23-05-2015,Madhya Pradesh,Bhopal,Black,6.6,0.87,230,17,183,0.95
30-04-2023,Odisha,Bhubaneswar,Laterite,4.1,0.66,141,8,56,0.78
16-04-2015,Gujarat,Rajkot,Sandy,6.3,0.16,118,12,74,0.37
05-06-2017,Himachal Pradesh,Shimla,Sandy Loam,6.6,0.19,86,19,86,0.55
03-03-2016,Odisha,Bhubaneswar,Red,5.9,0.34,86,27,113,0.48
21-08-2018,Sikkim,Gangtok,Loamy,6.7,0.89,250,24,285,0.79
10-03-2020,Nagaland,Kohima,Loamy,5.6,0.17,235,34,242,0.71
17-06-2020,Tamil Nadu,Chennai,Red,5.8,0.38,184,29,194,0.6
13-11-2015,Arunachal Pradesh,Itanagar,Loamy,6.8,0.42,163,17,256,1.07
09-06-2020,Karnataka,Mysore,Black,8.2,1.42,255,20,261,0.98
26-09-2016,Dadra and Nagar Haveli and Daman and Diu,Daman,Loamy,6,0.39,277,42,250,1.22
09-04-2020,Delhi,New Delhi,Loamy,6.4,0.87,240,24,224,1.26
18-08-2020,Maharashtra,Nashik,Black,6.7,0.65,136,23,175,1.05
22-09-2022,Meghalaya,Shillong,Loamy,5.6,0.31,183,24,199,0.72
11-08-2023,Karnataka,Belgaum,Laterite,6.2,0.04,158,22,121,0.63
23-05-2024,Delhi,New Delhi,Loamy,6.5,0.31,241,38,221,1.08
20-03-2021,Gujarat,Rajkot,Black,7.3,0.42,112,20,235,1.13
10-12-2018,Dadra and Nagar Haveli and Daman and Diu,Daman,Loamy,6.3,0.34,145,16,216,0.85
06-07-2016,Maharashtra,Nagpur,Black,7.2,0.71,102,16,169,1.03
03-06-2024,West Bengal,Howrah,Alluvial,6.8,0.43,240,37,220,1.26
16-12-2016,Meghalaya,Shillong,Loamy,6.7,0.32,240,42,258,0.84
11-07-2018,Odisha,Bhubaneswar,Red,6.3,0.61,83,24,112,0.56
16-09-2025,Mizoram,Aizawl,Loamy,7,1.55,278,22,273,1.23
10-09-2019,Uttar Pradesh,Kanpur,Sandy,7.2,0.68,71,19,155,0.73
27-02-2020,Goa,North Goa,Loamy,7.2,0.7,266,20,328,0.82
12-04-2024,Himachal Pradesh,Shimla,Sandy Loam,6.6,0.7,96,11,186,0.77
12-01-2018,Mizoram,Aizawl,Loamy,5.8,0.12,213,27,241,0.76
03-09-2018,Dadra and Nagar Haveli and Daman and Diu,Daman,Loamy,6.3,0.15,256,15,245,0.74
21-04-2015,Kerala,Ernakulam,Red,5.6,0.47,190,28,137,0.83
08-09-2015,Tamil Nadu,Madurai,Alluvial,6,0.28,225,27,360,1.45
27-08-2021,Chhattisgarh,Raipur,Loamy,8.2,1.89,233,28,344,0.94
16-08-2020,Ladakh,Leh,Sandy Loam,6.3,0.81,108,5,97,0.63
03-04-2016,Ladakh,Leh,Sandy Loam,7,0.3,150,22,90,0.82
12-01-2018,Assam,Tinsukia,Laterite,6.7,0.66,103,20,125,0.86
27-07-2015,Telangana,Hyderabad,Black,7.3,0.43,209,23,204,0.84
18-06-2017,Mizoram,Aizawl,Loamy,6,0.8,205,38,227,1.15
23-06-2024,Uttar Pradesh,Varanasi,Alluvial,5.8,1.21,232,12,226,1.25
08-04-2024,Bihar,Gaya,Alluvial,8.6,2.03,300,42,343,1.22
22-01-2015,Kerala,Thrissur,Laterite,5.6,0.59,82,12,85,0.66
14-02-2016,Andhra Pradesh,Guntur,Black,7.1,0.46,183,30,302,1.2
13-06-2017,Rajasthan,Udaipur,Desert,6.9,0.16,90,6,57,0.48
29-05-2016,Odisha,Bhubaneswar,Laterite,5.9,0.46,93,20,173,0.95
04-10-2023,Rajasthan,Jaipur,Sandy,7.1,0.7,77,20,111,0.64
19-03-2017,Nagaland,Kohima,Loamy,7.5,1.11,217,18,258,1.29
29-04-2025,Assam,Tinsukia,Laterite,5.9,0.44,176,20,110,0.71
23-05-2017,Lakshadweep,Kavaratti,Loamy,6.7,0.29,259,19,224,0.77
14-01-2015,Jharkhand,Ranchi,Loamy,7.2,0.35,154,23,291,1.15
28-08-2017,Manipur,Imphal,Loamy,6.8,0.18,223,33,271,0.92
14-04-2023,Chhattisgarh,Raipur,Loamy,5.8,0.01,186,19,280,1.18
20-05-2023,Bihar,Purnia,Alluvial,7.8,1.36,278,47,291,1.31
11-06-2023,West Bengal,Darjeeling,Alluvial,5.8,0.47,291,19,219,1.06
04-11-2020,Bihar,Muzaffarpur,Alluvial,7.7,0.83,269,42,336,1.43
04-11-2024,Manipur,Imphal,Loamy,6.5,0.75,173,20,317,0.81
04-02-2023,Mizoram,Aizawl,Loamy,6.3,0.89,267,39,333,1.08
10-04-2019,Assam,Kamrup,Alluvial,7.5,0.26,271,39,316,1.31
17-08-2018,Jharkhand,Ranchi,Loamy,7.3,1.03,151,22,189,0.81
20-06-2018,Tamil Nadu,Coimbatore,Red,6.4,0.85,141,22,122,0.89
09-12-2020,Nagaland,Kohima,Loamy,6.4,0.03,168,19,317,1.1
24-10-2023,Andhra Pradesh,Guntur,Red,4.6,0.89,74,8,93,0.62
17-12-2024,Jammu and Kashmir,Srinagar,Loamy,7,1.05,220,37,307,0.91
19-01-2017,Dadra and Nagar Haveli and Daman and Diu,Daman,Loamy,7,0.29,257,16,225,1.27
20-05-2024,Andhra Pradesh,Guntur,Alluvial,7.2,1.1,287,28,236,1.11
15-11-2016,Assam,Tinsukia,Alluvial,7.5,0.66,210,31,372,1.32
11-04-2020,Assam,Tinsukia,Alluvial,7.8,1.23,200,38,335,0.96
01-06-2025,Odisha,Bhubaneswar,Laterite,8.3,2.93,110,31,185,1.19
19-02-2025,Andaman and Nicobar Islands,Port Blair,Loamy,7.8,1.99,189,50,362,1.17
14-06-2021,Tripura,Agartala,Loamy,6.2,0.17,177,30,297,0.64
25-11-2016,Delhi,New Delhi,Loamy,6,0.2,156,27,322,0.9
24-05-2021,Ladakh,Leh,Sandy Loam,7.3,0.23,156,10,89,0.76
03-11-2015,Andaman and Nicobar Islands,Port Blair,Loamy,6.6,0.68,258,23,303,1.06
19-08-2025,Uttar Pradesh,Lucknow,Sandy,5.8,0.12,144,4,70,0.44
13-01-2025,Bihar,Patna,Alluvial,8.2,1.48,197,45,231,1.03
12-06-2020,Maharashtra,Nagpur,Red,5.1,0.62,115,22,145,0.66
09-02-2023,Uttarakhand,Dehradun,Loamy,5.3,0.55,252,20,225,1.14
22-05-2025,Delhi,New Delhi,Loamy,7.8,1.35,283,47,243,1.28
23-10-2016,Sikkim,Gangtok,Loamy,6.6,0.72,147,32,204,1.03
02-07-2016,Assam,Dibrugarh,Alluvial,7,0.7,174,47,277,1.39
16-05-2024,Tamil Nadu,Coimbatore,Alluvial,5.3,0.71,235,28,234,1.34
08-11-2015,Rajasthan,Jaipur,Desert,7.2,0.33,119,8,113,0.25
30-12-2022,Tamil Nadu,Coimbatore,Alluvial,8.3,1.51,211,33,346,1.3
18-12-2017,Bihar,Muzaffarpur,Alluvial,6.8,0.77,239,46,369,1.45
03-03-2025,Rajasthan,Jodhpur,Sandy,6.2,0.48,98,13,99,0.73
19-02-2023,Dadra and Nagar Haveli and Daman and Diu,Daman,Loamy,5.9,0.11,222,17,207,0.98
04-10-2019,Rajasthan,Jaipur,Desert,6.3,0.64,101,10,52,0.26
24-01-2017,Uttar Pradesh,Varanasi,Sandy,7.1,0.84,89,13,124,0.82
04-02-2015,Jammu and Kashmir,Srinagar,Loamy,7.1,0.63,257,18,248,0.71
20-03-2016,Telangana,Nizamabad,Red,6.7,0.56,160,12,201,0.68
10-11-2020,Karnataka,Mysore,Black,6.8,0.06,182,23,251,0.63
05-06-2020,Andaman and Nicobar Islands,Port Blair,Loamy,6.1,0.16,257,30,220,1.09
15-05-2018,Assam,Kamrup,Laterite,5.3,0.13,148,10,93,0.84
19-12-2015,Andhra Pradesh,Guntur,Black,6.9,0.82,208,36,292,0.95
21-06-2017,Odisha,Bhubaneswar,Red,5.8,0.69,164,17,213,0.74
17-09-2018,Sikkim,Gangtok,Loamy,5.5,0.2,237,20,168,1.24
24-08-2025,Maharashtra,Mumbai,Red,6.7,1.44,200,27,238,1.08
19-12-2022,Maharashtra,Pune,Black,7.1,0.71,228,37,322,0.97
15-10-2019,Meghalaya,Shillong,Loamy,7,0.9,125,40,239,0.94
08-06-2015,Delhi,New Delhi,Loamy,6.1,0.64,263,28,304,1.29
31-05-2020,Madhya Pradesh,Bhopal,Red,6.2,0.96,119,20,149,0.7
14-08-2017,Kerala,Kozhikode,Red,6.7,0.91,119,31,167,0.57
02-09-2020,Delhi,New Delhi,Loamy,6.2,0.25,118,21,320,0.96
08-02-2016,Delhi,New Delhi,Loamy,6.2,0.68,175,17,220,1.08
23-10-2022,Andaman and Nicobar Islands,Port Blair,Loamy,5.9,0.49,272,38,240,0.77
30-05-2016,Chhattisgarh,Raipur,Loamy,6.9,0.56,183,18,339,1.15
11-08-2022,Goa,North Goa,Loamy,6.1,0.05,186,39,203,1.13
19-10-2018,Dadra and Nagar Haveli and Daman and Diu,Daman,Loamy,5.5,0.11,154,32,221,0.71
15-06-2024,Meghalaya,Shillong,Loamy,6.6,0.58,192,29,286,1.02
23-01-2022,Dadra and Nagar Haveli and Daman and Diu,Daman,Loamy,6,0.45,203,27,320,0.88
13-08-2017,Tripura,Agartala,Loamy,6.6,0.27,238,36,323,1.22
08-01-2021,Delhi,New Delhi,Loamy,6.8,0.84,275,44,286,0.96
12-12-2024,Madhya Pradesh,Bhopal,Black,8,0.91,127,33,167,0.87
09-09-2019,Jharkhand,Ranchi,Loamy,6.9,0.53,248,43,271,1.02
14-03-2023,Telangana,Warangal,Black,8.3,1.33,168,34,296,1.12
30-08-2016,Jharkhand,Ranchi,Loamy,6.9,0.66,143,39,188,1.31
05-02-2025,Dadra and Nagar Haveli and Daman and Diu,Daman,Loamy,7.8,1.45,283,37,206,1.12
03-10-2021,Madhya Pradesh,Bhopal,Black,6.6,0.27,171,24,201,0.87
27-06-2018,Assam,Dibrugarh,Laterite,5,0.12,149,13,78,0.63
24-09-2023,Puducherry,Puducherry,Loamy,8.1,1.57,198,28,221,1.17
23-12-2022,West Bengal,Darjeeling,Red,6.5,0.89,112,18,151,0.91
16-03-2019,Odisha,Bhubaneswar,Laterite,5.2,0.57,79,13,97,0.69
08-06-2025,Tamil Nadu,Madurai,Alluvial,5.4,0.46,172,17,298,1.17
10-03-2022,Lakshadweep,Kavaratti,Loamy,7.5,1.03,210,22,195,1.34
10-07-2021,Madhya Pradesh,Bhopal,Black,5.9,0.48,237,28,248,0.92
12-12-2018,Delhi,New Delhi,Loamy,6.4,0.8,170,19,260,1.1
27-02-2023,Puducherry,Puducherry,Loamy,6.8,1.08,229,36,349,1.24
03-12-2019,Delhi,New Delhi,Loamy,6.9,0.77,255,37,271,0.87
22-10-2015,Chhattisgarh,Raipur,Loamy,7.1,0.69,254,19,237,0.95
24-01-2017,Assam,Kamrup,Laterite,5.3,0.56,125,22,191,0.69
26-10-2018,Gujarat,Vadodara,Sandy,6.2,0.02,79,18,131,0.41
05-07-2015,Telangana,Warangal,Black,7.2,0.71,113,37,269,1.19
23-06-2018,Sikkim,Gangtok,Loamy,6,0.73,247,19,241,1.23
28-09-2016,Tamil Nadu,Madurai,Alluvial,7.1,0.01,218,38,317,0.96
15-07-2018,Chandigarh,Chandigarh,Loamy,6.8,0.79,215,36,229,1.21
03-03-2025,Nagaland,Kohima,Loamy,6.3,0.78,152,33,229,1.17
22-01-2024,Lakshadweep,Kavaratti,Loamy,7,0.38,145,41,244,0.96
13-06-2016,Gujarat,Rajkot,Black,6.8,0.66,174,35,212,0.9
02-12-2024,Delhi,New Delhi,Loamy,5,0.52,191,14,203,0.62
30-08-2020,Chhattisgarh,Raipur,Loamy,6.4,0.79,148,39,237,0.84
06-02-2023,West Bengal,Darjeeling,Red,6.4,0.22,152,22,241,0.72
05-06-2025,Haryana,Gurgaon,Sandy,8,1.36,157,19,139,0.44
24-12-2022,Manipur,Imphal,Loamy,8.1,1.48,219,48,365,0.92
04-03-2017,Bihar,Muzaffarpur,Alluvial,6.1,0.37,212,38,341,0.95
31-10-2024,Puducherry,Puducherry,Loamy,7.2,0.93,224,44,330,0.85
17-11-2020,Chhattisgarh,Raipur,Loamy,6.9,0.71,238,31,297,1.12
31-08-2022,Delhi,New Delhi,Loamy,6.3,0.28,252,23,268,0.67
22-04-2016,Chhattisgarh,Raipur,Loamy,6.5,0.31,123,29,254,0.95
11-06-2019,Puducherry,Puducherry,Loamy,6.5,1.02,123,43,317,0.83
23-03-2024,Uttar Pradesh,Kanpur,Sandy,6.9,0.41,98,13,135,0.78
28-07-2017,Andhra Pradesh,Krishna,Alluvial,6.1,0.39,195,50,312,1.42
09-06-2016,Bihar,Gaya,Alluvial,6.6,0.91,220,45,254,1.3
09-07-2021,Uttar Pradesh,Varanasi,Alluvial,6.3,0.11,209,35,224,0.9
02-01-2015,Delhi,New Delhi,Loamy,6.5,0.53,142,20,333,0.8
10-01-2016,Delhi,New Delhi,Loamy,6.8,0.46,274,17,329,0.99
29-05-2021,Haryana,Faridabad,Alluvial,5.5,0.26,194,28,332,1.25
24-11-2022,Punjab,Patiala,Alluvial,5.5,0.04,217,21,241,0.77
11-05-2023,Meghalaya,Shillong,Loamy,5.4,0.46,227,28,281,1.11
06-07-2016,Rajasthan,Udaipur,Desert,7.8,0.28,52,7,79,0.34
23-06-2021,Uttar Pradesh,Varanasi,Alluvial,7.2,0.17,210,19,339,1.07
06-03-2019,Tamil Nadu,Chennai,Red,5.4,0.41,170,23,238,0.62
26-01-2020,Nagaland,Kohima,Loamy,6.4,0.14,136,26,173,0.93
16-01-2016,Dadra and Nagar Haveli and Daman and Diu,Daman,Loamy,6.7,0.68,137,21,292,1.1
05-07-2019,Kerala,Thrissur,Red,6.5,0.25,130,17,237,0.51
14-01-2015,Andhra Pradesh,Chittoor,Red,5.9,0.65,120,21,105,0.99
18-05-2016,Himachal Pradesh,Mandi,Sandy Loam,6.3,0.18,115,13,139,0.7
28-03-2021,Assam,Kamrup,Laterite,6.9,0.97,140,25,152,0.98
01-07-2020,Uttar Pradesh,Kanpur,Alluvial,7.6,0.6,207,23,332,1.21
22-08-2023,Himachal Pradesh,Kangra,Sandy Loam,5.7,0.1,138,21,120,0.58
10-05-2015,Meghalaya,Shillong,Loamy,6.8,0.61,180,18,184,0.96
11-06-2025,Telangana,Warangal,Black,8.1,1.76,172,27,262,0.84
17-04-2017,Maharashtra,Nashik,Red,5.9,0.39,195,23,112,0.45
22-10-2023,Assam,Dibrugarh,Alluvial,6.4,0,155,24,375,1.15
17-01-2023,Puducherry,Puducherry,Loamy,4.9,0.77,255,10,333,0.7
02-08-2020,Delhi,New Delhi,Loamy,6.3,0.13,212,29,296,1.01
28-01-2015,Telangana,Nizamabad,Black,6.5,0.62,117,26,308,0.69
14-10-2020,Himachal Pradesh,Kangra,Sandy Loam,6.9,0.14,98,7,150,0.81
09-11-2023,Madhya Pradesh,Bhopal,Black,7.5,0.52,184,23,181,1.04
06-06-2018,Arunachal Pradesh,Itanagar,Loamy,6.3,0.85,261,23,245,1.08
18-09-2015,Gujarat,Ahmedabad,Black,7,0.65,134,16,185,0.63
08-08-2020,Rajasthan,Jodhpur,Sandy,6.2,0.11,52,5,94,0.68
12-01-2019,Odisha,Bhubaneswar,Laterite,6,0.24,102,18,133,0.94
18-12-2018,Tripura,Agartala,Loamy,6.7,0.86,153,26,322,1.18
04-04-2016,Sikkim,Gangtok,Loamy,6.9,0.68,194,29,254,1.08
05-04-2025,Karnataka,Mysore,Red,6.5,0.7,97,31,112,0.51
28-10-2015,Delhi,New Delhi,Loamy,6.5,0.36,141,39,317,0.76
14-02-2023,Lakshadweep,Kavaratti,Loamy,6.5,0.3,231,28,222,1.07
28-03-2024,Rajasthan,Jaipur,Desert,6.3,0.81,67,2,84,0.44
23-05-2021,Punjab,Ludhiana,Alluvial,6.3,0.08,238,20,331,1.31
28-06-2024,Haryana,Karnal,Alluvial,5,0.48,180,29,256,0.82
09-06-2023,Himachal Pradesh,Shimla,Loamy,6.3,0.23,217,21,213,1.16
06-05-2025,Tripura,Agartala,Loamy,7.1,1.41,222,46,361,1.3
21-09-2016,Tripura,Agartala,Loamy,6.1,0.78,265,17,256,1.03
27-09-2015,Delhi,New Delhi,Loamy,7.1,0.73,270,30,254,1.1
24-03-2022,Arunachal Pradesh,Itanagar,Loamy,5.4,0.78,224,18,167,0.6
16-06-2020,Odisha,Bhubaneswar,Red,6,0.64,136,11,182,0.45
17-06-2019,Punjab,Amritsar,Alluvial,6.2,0.76,194,41,303,0.96
07-12-2019,Andaman and Nicobar Islands,Port Blair,Loamy,6.1,0.25,153,33,183,0.96
01-12-2022,Goa,North Goa,Loamy,6.9,0.54,260,34,353,0.87
11-05-2017,Mizoram,Aizawl,Loamy,6.9,0.78,208,41,278,1.06
25-05-2024,Tripura,Agartala,Loamy,7.1,0.93,214,47,333,1.2
04-07-2018,Bihar,Purnia,Alluvial,5.8,0.07,147,38,354,0.95
20-12-2020,Chandigarh,Chandigarh,Loamy,6.8,1.11,173,32,240,0.97
01-03-2024,Punjab,Ludhiana,Alluvial,6.9,0.33,198,43,314,0.78
05-12-2019,Assam,Kamrup,Alluvial,6.4,0.92,220,33,234,0.94
03-09-2019,Tamil Nadu,Coimbatore,Alluvial,7,0.58,292,40,363,0.82
08-04-2023,Nagaland,Kohima,Loamy,6.9,1.11,178,39,306,0.83
04-01-2022,Uttar Pradesh,Varanasi,Alluvial,6.8,0.54,291,43,302,1.25
18-06-2021,Ladakh,Leh,Sandy Loam,7.2,0.26,72,19,74,0.87
29-07-2016,Haryana,Hisar,Sandy,6.2,0.27,141,6,124,0.57
12-01-2023,Mizoram,Aizawl,Loamy,6.6,0.63,155,31,236,0.75
26-06-2020,Dadra and Nagar Haveli and Daman and Diu,Daman,Loamy,6.3,0.17,260,32,349,0.68
31-07-2018,Delhi,New Delhi,Loamy,6.9,0.39,237,27,292,0.89
28-09-2023,Uttarakhand,Dehradun,Loamy,7.5,0.79,271,21,320,1.32
14-09-2023,Bihar,Gaya,Alluvial,5.6,0.14,195,29,339,1.2
10-05-2020,Sikkim,Gangtok,Loamy,6,0.78,267,24,271,0.81
27-06-2022,Uttar Pradesh,Varanasi,Sandy,8.1,1.61,129,21,112,0.47
13-07-2020,Lakshadweep,Kavaratti,Loamy,6.7,0.3,174,31,290,1.09
20-12-2023,Telangana,Hyderabad,Black,8.3,1.11,249,29,336,0.8
21-01-2021,Jammu and Kashmir,Srinagar,Loamy,6.4,0.83,137,17,189,0.83
10-06-2021,Lakshadweep,Kavaratti,Loamy,6.4,0.29,173,16,217,0.78
08-10-2024,Gujarat,Ahmedabad,Sandy,7.5,1.22,146,16,106,0.83
14-07-2019,Delhi,New Delhi,Loamy,7,0.73,213,46,339,0.9
29-04-2019,Dadra and Nagar Haveli and Daman and Diu,Daman,Loamy,7.2,0.46,229,25,304,1.26
22-01-2020,Kerala,Kozhikode,Red,6,0.29,189,29,107,0.94
12-01-2021,Karnataka,Hubli,Black,7.3,0.62,207,15,174,1.15
22-10-2018,Telangana,Hyderabad,Black,6.4,0.16,223,30,217,0.68
09-10-2019,Haryana,Hisar,Sandy,6.3,0.46,85,16,105,0.57
09-04-2020,Lakshadweep,Kavaratti,Loamy,6.7,0.22,252,24,205,0.94
11-09-2016,Sikkim,Gangtok,Loamy,6.6,0.23,259,29,213,0.74
28-06-2018,Puducherry,Puducherry,Loamy,7,0.25,138,17,255,1.01
14-08-2017,Odisha,Bhubaneswar,Red,6,0.59,180,24,171,0.53
23-04-2020,Punjab,Amritsar,Alluvial,7.1,0.21,201,46,391,1.41
09-07-2021,Maharashtra,Nashik,Red,6.1,0.01,103,17,98,0.91
02-03-2025,Delhi,New Delhi,Loamy,7.7,1.46,177,50,312,1.06
26-08-2017,Jharkhand,Ranchi,Loamy,5.9,0.41,200,25,278,0.72
02-01-2022,Meghalaya,Shillong,Loamy,7.1,0.45,131,20,197,0.81
09-08-2018,Bihar,Gaya,Alluvial,6.9,0.93,294,31,368,0.96
09-11-2017,Uttarakhand,Dehradun,Loamy,6.1,0.42,156,42,187,1.05
09-10-2015,West Bengal,Kolkata,Alluvial,7.1,0.48,258,45,265,1.14
15-10-2022,Meghalaya,Shillong,Loamy,6.4,0.51,121,44,262,0.72
31-05-2023,Delhi,New Delhi,Loamy,7,1.24,130,41,202,1.26
06-12-2020,Odisha,Bhubaneswar,Red,6.8,0.73,180,22,142,0.8
24-11-2017,Rajasthan,Jaipur,Sandy,6.5,0.34,51,14,115,0.38
17-07-2015,Sikkim,Gangtok,Loamy,6.5,0.78,261,27,243,0.77
07-12-2021,Himachal Pradesh,Mandi,Sandy Loam,6,0.02,122,14,140,0.74
25-06-2025,Himachal Pradesh,Kangra,Sandy Loam,8.2,1.39,150,14,167,0.63
18-12-2017,Himachal Pradesh,Mandi,Loamy,6.1,0.71,186,42,208,0.81
24-11-2022,Uttarakhand,Dehradun,Loamy,6.5,0.3,221,27,323,0.94
30-03-2018,Mizoram,Aizawl,Loamy,6.3,0.08,178,21,280,1.21
05-10-2017,Haryana,Karnal,Sandy,6.3,0.57,106,14,149,0.62
01-07-2022,Meghalaya,Shillong,Loamy,6.3,0.69,268,40,216,0.89
14-05-2018,Nagaland,Kohima,Loamy,7,0.97,155,24,324,1.18
01-11-2017,Delhi,New Delhi,Loamy,7,0.94,165,24,310,1.27
04-05-2016,Andhra Pradesh,Krishna,Black,7.5,0.69,158,33,309,1.05
03-10-2015,Kerala,Ernakulam,Red,6.4,0.44,195,22,191,1
03-07-2022,Goa,North Goa,Loamy,6.2,0.52,226,25,244,1.24
08-04-2021,Chhattisgarh,Raipur,Loamy,5.8,0.2,204,17,323,0.99
24-05-2018,Meghalaya,Shillong,Loamy,6.1,0.5,219,25,273,1.25
28-06-2018,Nagaland,Kohima,Loamy,6.6,0.06,128,18,343,1.22
18-08-2025,Nagaland,Kohima,Loamy,5.1,0.64,130,29,189,0.61
06-05-2015,Andhra Pradesh,Visakhapatnam,Black,6.6,0.8,214,32,332,0.89
05-08-2015,Odisha,Bhubaneswar,Laterite,5.2,0.22,105,11,144,0.51
31-03-2024,Haryana,Faridabad,Alluvial,5.4,0.55,191,24,375,1.19
04-08-2025,Assam,Dibrugarh,Laterite,5.5,0.21,136,9,85,0.8
23-04-2018,Tripura,Agartala,Loamy,6.2,0.21,265,20,203,1.06
08-07-2023,Chhattisgarh,Raipur,Loamy,6.5,0.46,188,28,318,0.82
31-05-2018,Odisha,Bhubaneswar,Laterite,5.4,0.46,93,11,115,0.54
30-11-2023,Nagaland,Kohima,Loamy,6.1,0.39,122,37,321,0.94
17-12-2021,Dadra and Nagar Haveli and Daman and Diu,Daman,Loamy,6.5,0.31,153,33,305,0.84
10-10-2021,Delhi,New Delhi,Loamy,6.9,0.72,151,19,288,1.11
24-11-2023,Nagaland,Kohima,Loamy,6.4,0.4,262,30,314,0.72
07-07-2017,Meghalaya,Shillong,Loamy,6.8,0.63,127,39,276,0.92
31-07-2024,Meghalaya,Shillong,Loamy,5.8,0.56,159,39,323,0.78
10-08-2018,Gujarat,Surat,Sandy,6.9,0.52,90,18,82,0.4
28-09-2025,Maharashtra,Nashik,Black,10.5,3.91,236,52,258,1.26
07-01-2021,Tripura,Agartala,Loamy,6.8,1.15,194,46,326,1.17
28-08-2021,Lakshadweep,Kavaratti,Loamy,4.9,1.3,247,30,289,0.79
20-07-2019,Sikkim,Gangtok,Loamy,5.9,0.47,178,40,317,0.77
20-08-2025,Meghalaya,Shillong,Loamy,8.3,2.17,173,30,351,0.87
04-11-2015,Andaman and Nicobar Islands,Port Blair,Loamy,6.9,0.56,270,45,299,0.95
21-09-2018,Meghalaya,Shillong,Loamy,5.7,0.16,245,21,247,0.99
23-05-2020,Kerala,Ernakulam,Red,6.6,0.21,108,28,105,0.79
25-08-2022,Mizoram,Aizawl,Loamy,5.7,0.18,137,17,254,0.86
10-06-2017,Uttarakhand,Dehradun,Loamy,7,1.07,270,23,241,0.83
10-01-2016,Tripura,Agartala,Loamy,6.5,0.68,202,19,258,1.08
07-06-2023,Madhya Pradesh,Bhopal,Red,7,1.08,100,19,221,0.98
26-07-2020,Haryana,Karnal,Sandy,6.5,0.67,151,16,102,0.75
26-09-2018,Chhattisgarh,Raipur,Loamy,6.9,1.13,211,33,358,0.94
09-05-2015,Kerala,Ernakulam,Red,6.2,0.69,144,19,188,0.98
11-10-2017,Assam,Tinsukia,Alluvial,7,0.05,268,44,333,1.23
05-12-2019,Jammu and Kashmir,Srinagar,Loamy,7.7,1.16,169,25,347,1.19
09-06-2022,Delhi,New Delhi,Loamy,6,0.13,229,39,182,0.95
16-05-2024,Sikkim,Gangtok,Loamy,5.5,0.34,239,26,252,0.87
13-10-2018,Himachal Pradesh,Kangra,Sandy Loam,6.7,0.67,94,19,90,0.64
31-05-2016,Nagaland,Kohima,Loamy,6.3,0.36,222,29,316,1.11
27-02-2019,Andaman and Nicobar Islands,Port Blair,Loamy,6.1,0.53,254,32,344,1.15
27-03-2015,Uttarakhand,Dehradun,Loamy,6.7,0.56,177,41,202,0.98
13-04-2018,Ladakh,Leh,Sandy Loam,6.8,0.38,126,17,99,0.83
09-08-2025,Mizoram,Aizawl,Loamy,7.2,1.52,243,31,344,0.79
09-12-2023,Puducherry,Puducherry,Loamy,7,0.93,209,35,216,1.14
16-06-2021,Assam,Cachar,Laterite,5.2,0.04,135,21,131,0.63
16-02-2018,Chhattisgarh,Raipur,Loamy,6,0.05,170,24,269,0.82
03-01-2024,Maharashtra,Mumbai,Black,6.6,0.06,184,17,218,0.72
10-10-2021,Assam,Kamrup,Alluvial,6.7,0.5,243,35,330,0.8
16-06-2020,Tamil Nadu,Coimbatore,Red,6.1,0.13,191,26,243,0.41
17-07-2024,Chandigarh,Chandigarh,Loamy,6.6,0.3,260,29,314,0.69
01-12-2020,Tamil Nadu,Madurai,Alluvial,7.5,0.74,197,32,278,1.32
22-10-2023,Uttarakhand,Dehradun,Loamy,6.1,0.05,236,27,187,1.14
18-11-2024,Jharkhand,Ranchi,Loamy,6.5,0.26,221,40,285,1.07
08-03-2025,Tripura,Agartala,Loamy,9.4,3.2,174,38,357,1.22
30-10-2015,Madhya Pradesh,Bhopal,Black,6.5,0.71,173,24,218,0.7
23-08-2022,Meghalaya,Shillong,Loamy,6,0.13,186,33,254,1.14
10-08-2016,Puducherry,Puducherry,Loamy,6.2,0.23,270,41,193,1.03
13-09-2017,Sikkim,Gangtok,Loamy,7.3,0.78,200,23,232,1.15
07-02-2020,Mizoram,Aizawl,Loamy,6.2,0.84,256,20,192,1.03
11-12-2015,Tamil Nadu,Coimbatore,Alluvial,6.4,0.37,163,49,366,0.88
24-03-2017,Ladakh,Leh,Sandy Loam,6.6,0.52,121,23,123,0.66
10-06-2020,Himachal Pradesh,Kangra,Sandy Loam,6.9,0.63,121,26,144,0.51
19-10-2022,Arunachal Pradesh,Itanagar,Loamy,6,0.22,230,15,231,1.06
31-05-2023,Lakshadweep,Kavaratti,Loamy,6.3,0.04,193,36,172,0.79
24-10-2023,Sikkim,Gangtok,Loamy,6.2,0.64,271,25,224,1.16
03-08-2018,Madhya Pradesh,Bhopal,Black,7.4,0.56,242,20,332,1.05
22-06-2020,Haryana,Karnal,Alluvial,6.8,0.86,295,26,212,1.13
05-08-2019,Andhra Pradesh,Guntur,Black,6.4,0.62,236,26,231,0.9
22-07-2023,Mizoram,Aizawl,Loamy,5.5,0.07,212,40,301,1.07
20-08-2018,Kerala,Ernakulam,Red,5.6,0.34,191,27,100,0.73
28-12-2017,Bihar,Patna,Alluvial,7.2,0.1,180,33,259,1.42
05-08-2021,Madhya Pradesh,Bhopal,Red,6.6,0.98,161,14,225,0.92
21-01-2025,Dadra and Nagar Haveli and Daman and Diu,Daman,Loamy,7.3,1.25,274,38,270,0.78
05-01-2024,Gujarat,Ahmedabad,Black,7.4,0.85,170,23,253,1.03
06-10-2017,Tamil Nadu,Coimbatore,Alluvial,6.2,0.62,171,35,219,1.21
04-12-2016,Telangana,Hyderabad,Red,6,0.72,177,30,141,0.45
28-07-2016,Chhattisgarh,Raipur,Loamy,6.1,0.52,214,16,258,1.01
28-05-2019,Chhattisgarh,Raipur,Loamy,6.3,0.69,145,22,207,0.77
07-11-2023,Mizoram,Aizawl,Loamy,6.6,0.22,219,41,326,0.71
10-04-2025,Chandigarh,Chandigarh,Loamy,7.6,1.15,182,38,363,0.82
17-01-2018,Himachal Pradesh,Mandi,Loamy,6.2,0.53,205,16,267,1.15
18-11-2016,Goa,North Goa,Loamy,6.7,0.45,192,43,300,1.14
29-09-2022,Tripura,Agartala,Loamy,6.7,0.44,142,21,320,0.79
17-03-2022,Odisha,Bhubaneswar,Red,5.9,0.37,86,19,215,0.42
25-06-2025,Meghalaya,Shillong,Loamy,7,0.99,160,41,273,1.1
21-03-2022,Rajasthan,Udaipur,Desert,6.7,0.25,98,5,39,0.4
05-11-2023,Arunachal Pradesh,Itanagar,Loamy,8.5,2.31,217,52,311,1.25
03-05-2016,Jharkhand,Ranchi,Loamy,6.4,0.83,125,32,251,1.07
07-04-2023,Meghalaya,Shillong,Loamy,7.1,1.6,264,28,211,1.11
09-09-2018,Manipur,Imphal,Loamy,6.9,0.07,129,32,220,0.92
29-01-2025,Madhya Pradesh,Bhopal,Black,7,0.15,231,37,238,0.91
14-06-2024,Madhya Pradesh,Bhopal,Red,6.9,0.8,112,32,174,0.45
09-09-2023,Lakshadweep,Kavaratti,Loamy,6.5,0.58,169,44,353,0.91
08-05-2016,Haryana,Hisar,Alluvial,7.4,0.58,249,31,305,1.02
26-07-2019,Nagaland,Kohima,Loamy,6.4,0.36,126,30,190,1.17
26-06-2019,Ladakh,Leh,Sandy Loam,6.4,0.37,119,9,87,0.5
19-01-2015,Uttar Pradesh,Lucknow,Sandy,6.6,0.18,79,9,115,0.56
26-08-2024,Jharkhand,Ranchi,Loamy,7.4,0.97,127,38,212,0.9
23-09-2024,Dadra and Nagar Haveli and Daman and Diu,Daman,Loamy,7.7,1.36,225,41,269,0.94
13-01-2025,Delhi,New Delhi,Loamy,6,0.24,124,31,251,1.07
10-09-2021,Andaman and Nicobar Islands,Port Blair,Loamy,6.3,0.18,178,36,274,1.09
27-09-2017,Chhattisgarh,Raipur,Loamy,6,0.51,192,15,219,0.7
04-03-2024,Madhya Pradesh,Bhopal,Red,5,1.13,161,11,186,0.38
30-04-2017,Andhra Pradesh,Visakhapatnam,Red,6.1,0.3,100,11,182,0.45
20-10-2018,Tamil Nadu,Madurai,Alluvial,6.4,0.6,262,29,387,1.43
16-09-2018,Assam,Dibrugarh,Laterite,5.2,0.27,178,25,132,0.53
01-03-2025,Assam,Dibrugarh,Laterite,4.9,0.97,127,7,134,0.5
29-09-2018,Gujarat,Surat,Sandy,6.3,0.56,101,18,142,0.5
01-04-2017,Ladakh,Leh,Sandy Loam,6.3,0.1,109,22,136,0.48
30-03-2016,Jammu and Kashmir,Srinagar,Loamy,5.9,0.23,173,26,208,1.26
13-06-2019,Manipur,Imphal,Loamy,6.2,0.66,171,27,273,1.08
04-08-2022,Assam,Dibrugarh,Alluvial,6.2,0.08,270,43,334,0.79
15-03-2025,Andaman and Nicobar Islands,Port Blair,Loamy,6.5,0.83,262,36,296,0.83
03-08-2023,Chandigarh,Chandigarh,Loamy,7.9,2.14,137,42,348,1.05
14-08-2023,Nagaland,Kohima,Loamy,6.6,0.43,255,29,260,1.18
11-12-2016,Karnataka,Mysore,Laterite,5.7,0.33,117,15,136,0.67
30-12-2020,Andhra Pradesh,Chittoor,Red,5.4,0.11,183,23,214,0.85
05-07-2017,Andaman and Nicobar Islands,Port Blair,Loamy,6.9,0.25,192,26,245,1.08
15-11-2022,Jharkhand,Ranchi,Loamy,7.6,1.62,188,45,312,1.4
06-04-2022,West Bengal,Kolkata,Red,5.6,0.54,99,19,189,0.58
05-02-2019,Dadra and Nagar Haveli and Daman and Diu,Daman,Loamy,6.4,0.9,222,24,221,1.14
11-12-2018,Odisha,Bhubaneswar,Laterite,5.6,0.01,133,17,114,0.92
01-11-2015,Assam,Cachar,Alluvial,6.5,0.28,205,38,205,1.41
05-01-2017,Ladakh,Leh,Sandy Loam,6.9,0.21,91,16,97,0.4
08-10-2024,Manipur,Imphal,Loamy,6.1,0.26,257,23,269,0.8
27-05-2021,Delhi,New Delhi,Loamy,5.9,0.55,139,15,283,0.7
17-05-2020,Uttar Pradesh,Lucknow,Alluvial,5.6,0.66,286,31,297,1.18
19-11-2020,Meghalaya,Shillong,Loamy,6.7,0.34,239,27,242,1.17
02-07-2020,Ladakh,Leh,Sandy Loam,7.3,1.43,122,24,109,0.63
21-02-2024,Delhi,New Delhi,Loamy,6.5,0.83,203,42,284,0.89
24-12-2022,Punjab,Amritsar,Alluvial,6.7,0.88,268,45,204,1.35
04-04-2023,Madhya Pradesh,Bhopal,Red,5.4,0.12,130,20,113,0.64
10-02-2025,Delhi,New Delhi,Loamy,7.3,0.93,133,18,216,1.33
10-04-2023,Chhattisgarh,Raipur,Loamy,6.6,0.83,234,34,353,0.85
29-11-2022,Maharashtra,Mumbai,Black,8,1.22,139,38,168,1.23
19-08-2017,Uttarakhand,Dehradun,Loamy,6,0.59,216,32,265,1.21
09-03-2023,Tamil Nadu,Madurai,Alluvial,7.1,1.15,163,29,352,1.24
15-07-2025,Maharashtra,Nashik,Red,7.1,0.94,131,31,253,1.02
23-10-2017,Bihar,Muzaffarpur,Alluvial,7.5,0.74,294,21,387,1.2
02-11-2020,Odisha,Bhubaneswar,Laterite,5.6,0.76,168,20,207,0.61
01-08-2025,Bihar,Patna,Alluvial,5,1.17,232,11,183,0.65
03-07-2021,Chandigarh,Chandigarh,Loamy,6.5,0.09,173,26,322,0.65
03-11-2022,Odisha,Bhubaneswar,Red,7,0.77,114,22,251,0.74
13-01-2019,Dadra and Nagar Haveli and Daman and Diu,Daman,Loamy,6.2,0.2,272,35,298,0.81
06-11-2021,Dadra and Nagar Haveli and Daman and Diu,Daman,Loamy,5.1,0.45,169,17,324,0.7
01-05-2020,Himachal Pradesh,Kangra,Loamy,7.3,1.04,271,42,315,0.93
30-04-2022,Madhya Pradesh,Bhopal,Black,7,1.26,143,22,206,0.68
06-01-2024,Maharashtra,Nagpur,Black,7.8,0.82,178,33,261,1.09
23-03-2018,Jharkhand,Ranchi,Loamy,6.4,0.48,275,35,339,1.19
26-10-2016,Dadra and Nagar Haveli and Daman and Diu,Daman,Loamy,6.8,0.81,181,27,322,0.79
12-01-2015,Tamil Nadu,Madurai,Red,6,0.67,195,20,181,0.83
02-03-2018,Uttarakhand,Dehradun,Loamy,6.1,0.08,235,35,215,1.15
31-10-2015,Goa,North Goa,Loamy,6.8,0.42,162,40,347,0.85
18-03-2024,Uttar Pradesh,Varanasi,Sandy,7.5,0.73,67,9,85,0.55
11-04-2023,Arunachal Pradesh,Itanagar,Loamy,6.4,0.64,168,35,257,0.81
25-03-2024,Madhya Pradesh,Bhopal,Red,6.5,0.27,116,17,170,0.81
30-10-2019,Odisha,Bhubaneswar,Laterite,6.8,1.27,182,29,168,0.63
01-10-2022,Andhra Pradesh,Visakhapatnam,Black,6.4,0.29,166,16,277,0.58
12-02-2015,Lakshadweep,Kavaratti,Loamy,6.3,0.77,182,44,355,0.81
01-08-2017,Sikkim,Gangtok,Loamy,7,0.44,157,18,209,1.08
18-07-2021,Andaman and Nicobar Islands,Port Blair,Loamy,7.3,1.64,137,21,323,1.32
11-09-2018,Arunachal Pradesh,Itanagar,Loamy,6.9,0.47,162,15,270,0.98
21-08-2025,Karnataka,Hubli,Black,8.4,1.64,149,34,198,0.76
20-12-2021,Mizoram,Aizawl,Loamy,5.8,0.45,232,14,323,0.67
08-08-2021,Haryana,Faridabad,Sandy,5.9,0,66,11,141,0.44
09-06-2017,Sikkim,Gangtok,Loamy,6.9,0.92,223,27,362,0.83
10-10-2021,Bihar,Muzaffarpur,Alluvial,6.9,1.48,199,29,272,1.56
01-10-2017,Karnataka,Bangalore,Red,6.7,0.33,94,17,189,0.92
21-01-2015,Haryana,Hisar,Sandy,6.1,0.34,104,18,82,0.32
11-02-2016,Himachal Pradesh,Shimla,Sandy Loam,6.7,0.52,140,9,167,0.64
20-04-2022,Uttar Pradesh,Varanasi,Sandy,5.6,0.68,106,9,45,0.33
11-10-2017,Arunachal Pradesh,Itanagar,Loamy,6.8,0.38,189,19,176,0.86
02-12-2015,Meghalaya,Shillong,Loamy,7,0.44,256,36,203,1.09
13-01-2020,Dadra and Nagar Haveli and Daman and Diu,Daman,Loamy,5.8,0.29,139,25,275,0.7
24-09-2023,Goa,North Goa,Loamy,6.2,0.36,146,24,258,0.84
21-02-2018,Rajasthan,Udaipur,Desert,7.4,0.09,99,9,42,0.42
12-09-2021,Uttar Pradesh,Kanpur,Alluvial,4.9,0.81,200,20,293,1.19
11-10-2022,Odisha,Bhubaneswar,Red,7.2,1.09,168,25,259,0.61
02-01-2020,West Bengal,Darjeeling,Alluvial,6.4,0.04,188,33,385,1.44
15-12-2016,Haryana,Karnal,Alluvial,7.1,0.4,279,46,381,1.24
20-02-2015,Maharashtra,Nashik,Black,6.5,0.84,143,16,349,0.79
21-07-2025,Telangana,Warangal,Red,4.8,1.46,141,5,138,0.37
20-11-2015,Uttar Pradesh,Lucknow,Sandy,6.5,0.34,115,6,52,0.77
27-02-2017,Dadra and Nagar Haveli and Daman and Diu,Daman,Loamy,6.3,0.43,229,22,311,0.97
21-05-2015,Lakshadweep,Kavaratti,Loamy,6.2,0.72,172,27,323,1.08
14-04-2016,Arunachal Pradesh,Itanagar,Loamy,6.6,0.5,243,21,349,0.8
25-02-2017,Tripura,Agartala,Loamy,6.2,0.44,155,19,222,1.21
31-12-2019,Arunachal Pradesh,Itanagar,Loamy,6.7,1.32,126,37,345,1.31
19-09-2018,Andhra Pradesh,Chittoor,Alluvial,6.3,0.54,261,31,265,0.89
31-03-2020,Ladakh,Leh,Sandy Loam,5.9,0.25,144,6,138,0.74
21-08-2017,Kerala,Kozhikode,Laterite,6.3,0.71,115,26,203,0.86
14-05-2023,Himachal Pradesh,Shimla,Loamy,6.6,0.91,203,40,308,1.05
08-01-2016,Ladakh,Leh,Sandy Loam,6.9,0.08,71,8,169,0.7
14-12-2024,West Bengal,Howrah,Alluvial,7.1,1.26,250,42,309,0.86
16-12-2021,Delhi,New Delhi,Loamy,6.5,0.13,189,24,200,1.25
19-11-2024,Sikkim,Gangtok,Loamy,6.8,0.07,250,28,314,0.76
20-08-2019,Tripura,Agartala,Loamy,7,0.6,149,25,204,1.16
30-08-2022,Nagaland,Kohima,Loamy,7.8,1.23,232,41,234,0.97
25-03-2018,Goa,North Goa,Loamy,7.5,0.94,200,40,206,1.06
27-05-2021,Nagaland,Kohima,Loamy,5.2,0.38,233,17,314,0.81
30-07-2019,Meghalaya,Shillong,Loamy,7,0.27,172,34,243,0.74
21-10-2023,Manipur,Imphal,Loamy,5.3,0.38,264,11,261,0.65
16-04-2015,Haryana,Karnal,Sandy,7,0.49,66,13,106,0.53
14-12-2018,Madhya Pradesh,Bhopal,Red,6.6,0.44,170,15,162,0.68
10-06-2022,Gujarat,Ahmedabad,Sandy,5.7,0.22,66,7,68,0.49
09-08-2019,Mizoram,Aizawl,Loamy,6.5,0.34,264,31,319,1.24
02-01-2015,Lakshadweep,Kavaratti,Loamy,6.5,0.48,121,39,200,1.3
21-03-2022,Sikkim,Gangtok,Loamy,6.1,0.25,136,26,210,0.77
15-05-2022,Madhya Pradesh,Bhopal,Black,6.8,0.52,110,28,260,0.83
07-11-2020,Tamil Nadu,Coimbatore,Red,7.1,1.23,141,22,187,0.89
09-05-2024,Andaman and Nicobar Islands,Port Blair,Loamy,5.1,0.24,152,29,309,0.78
16-12-2015,Sikkim,Gangtok,Loamy,6.8,0.35,275,17,259,1.02
31-08-2024,Andhra Pradesh,Guntur,Alluvial,6.4,0.07,194,42,195,1.29
10-07-2018,Andaman and Nicobar Islands,Port Blair,Loamy,7.1,0.83,221,25,258,1.29
15-05-2024,Chhattisgarh,Raipur,Loamy,7,0.62,263,35,333,1.23
15-09-2023,Jammu and Kashmir,Srinagar,Loamy,6.9,1.61,182,32,339,1.18
05-01-2025,Jharkhand,Ranchi,Loamy,6.2,0.09,192,36,230,0.96
28-11-2017,Odisha,Bhubaneswar,Laterite,5.5,0.69,78,21,129,0.54
04-02-2023,Gujarat,Vadodara,Black,7.2,0.71,198,33,302,0.95
15-01-2021,Jammu and Kashmir,Srinagar,Loamy,7.1,1.13,272,48,258,0.84
02-01-2025,Madhya Pradesh,Bhopal,Red,6.4,1.28,198,33,115,1.04
26-03-2023,Jharkhand,Ranchi,Loamy,6,0.55,178,32,334,0.71
17-06-2021,Arunachal Pradesh,Itanagar,Loamy,7.1,0.74,156,24,342,1.14
26-01-2024,Goa,North Goa,Loamy,6.2,0.22,145,33,169,1.09
20-03-2016,Haryana,Faridabad,Sandy,7,0.17,67,13,139,0.71
03-06-2021,Ladakh,Leh,Sandy Loam,7.3,0.42,86,9,96,0.74
09-08-2017,Tripura,Agartala,Loamy,7,0.45,169,30,259,1.24
05-02-2015,Gujarat,Surat,Sandy,6.5,0.21,134,20,115,0.43
12-01-2018,Tamil Nadu,Chennai,Red,6.4,0.61,100,19,138,0.55
15-01-2019,Odisha,Bhubaneswar,Red,5.5,0.12,78,16,121,0.94
04-12-2019,Sikkim,Gangtok,Loamy,6.6,1.12,191,22,325,1.2
20-01-2020,Madhya Pradesh,Bhopal,Black,7.9,0.88,123,24,243,0.69
09-11-2018,Rajasthan,Udaipur,Sandy,7,0.38,103,6,66,0.73
10-04-2018,Andhra Pradesh,Krishna,Black,8.2,0.99,226,33,351,0.79
31-10-2018,Odisha,Bhubaneswar,Red,5.5,0.35,133,19,99,0.78
05-09-2019,Delhi,New Delhi,Loamy,7.3,1.19,193,19,272,0.83
17-10-2018,Bihar,Muzaffarpur,Alluvial,6.4,0.12,149,48,397,1.18
19-02-2022,Assam,Cachar,Alluvial,6.5,0.84,289,46,311,0.86
17-01-2023,Uttarakhand,Dehradun,Loamy,6.3,0.48,248,36,288,0.82
28-12-2020,Jammu and Kashmir,Srinagar,Loamy,6.8,1.17,254,21,224,1.16
13-01-2023,West Bengal,Darjeeling,Red,7.2,1.51,186,20,200,0.57
25-09-2023,Goa,North Goa,Loamy,5.4,0.9,152,12,160,0.88
24-07-2018,Goa,North Goa,Loamy,6.9,0.69,261,27,344,0.73
05-08-2022,Tamil Nadu,Madurai,Red,5.2,0.02,147,8,177,0.54
28-05-2018,Delhi,New Delhi,Loamy,6.7,0.8,243,28,266,1.09
25-06-2023,Meghalaya,Shillong,Loamy,7,1.14,178,42,242,0.86
04-06-2016,Telangana,Hyderabad,Red,6.4,0.61,119,28,169,0.72
12-12-2019,Chhattisgarh,Raipur,Loamy,6.7,0.36,222,41,269,0.84
10-01-2015,Madhya Pradesh,Bhopal,Red,6.3,0.42,186,19,141,0.4
10-09-2017,Kerala,Thrissur,Laterite,6.1,0.16,134,21,170,0.93
22-08-2021,Chhattisgarh,Raipur,Loamy,6.7,1.39,284,42,274,1.06
15-07-2019,Dadra and Nagar Haveli and Daman and Diu,Daman,Loamy,5.7,0.4,196,12,342,0.87
19-07-2019,West Bengal,Darjeeling,Red,5.9,0.38,200,26,139,0.45
22-06-2022,West Bengal,Howrah,Red,6.6,0.58,109,26,207,0.71
16-03-2022,Chandigarh,Chandigarh,Loamy,7.2,0.51,169,19,237,1.29
08-01-2021,Nagaland,Kohima,Loamy,7.4,0.92,206,40,284,0.73
20-12-2016,Uttarakhand,Dehradun,Loamy,6.6,0.66,166,35,211,1.16
08-12-2017,Jammu and Kashmir,Srinagar,Loamy,6.5,0.48,249,30,248,1.23
31-10-2023,Uttar Pradesh,Lucknow,Sandy,7.3,0.96,119,13,80,0.42
08-05-2017,Nagaland,Kohima,Loamy,6.2,0.6,253,40,227,1.09
09-08-2018,Delhi,New Delhi,Loamy,7.2,0.5,279,41,321,1.13
23-05-2019,Tripura,Agartala,Loamy,6.4,0.27,238,23,280,0.85
19-02-2015,Dadra and Nagar Haveli and Daman and Diu,Daman,Loamy,7.1,0.42,213,29,319,0.93
04-06-2022,Arunachal Pradesh,Itanagar,Loamy,7.1,0.74,140,19,206,0.74
22-01-2022,Delhi,New Delhi,Loamy,7.6,2.01,230,26,281,1.29
31-01-2025,Lakshadweep,Kavaratti,Loamy,6.4,0.76,283,39,271,1.12
29-07-2023,Nagaland,Kohima,Loamy,6.6,0.73,224,18,354,0.98
13-11-2023,Mizoram,Aizawl,Loamy,6.6,0.94,141,17,307,0.95
18-12-2023,Puducherry,Puducherry,Loamy,5.8,0.67,182,34,323,1.03
14-12-2022,Gujarat,Surat,Sandy,6,0.09,115,16,131,0.72
26-05-2015,Jammu and Kashmir,Srinagar,Loamy,6.9,0.71,260,43,272,1.09
03-07-2017,Chandigarh,Chandigarh,Loamy,6.1,0.65,196,44,344,1.19
05-04-2025,Kerala,Ernakulam,Laterite,5.9,0.08,95,23,93,0.51
29-04-2023,Jammu and Kashmir,Srinagar,Loamy,6.2,0.29,249,42,306,0.91
02-01-2019,Karnataka,Mysore,Laterite,5.5,0.34,159,24,122,0.73
08-04-2021,Bihar,Muzaffarpur,Alluvial,7.7,0.6,271,35,283,1.15
03-08-2016,Tripura,Agartala,Loamy,7.3,0.7,255,38,243,1.07
27-06-2022,Lakshadweep,Kavaratti,Loamy,6.5,0.02,180,43,288,0.87
04-05-2019,Punjab,Patiala,Alluvial,6.3,0,167,29,315,0.87
27-04-2016,Dadra and Nagar Haveli and Daman and Diu,Daman,Loamy,6,0.25,162,20,276,0.97
15-09-2023,Bihar,Purnia,Alluvial,7.5,1.01,202,53,410,1.05
03-06-2018,Andhra Pradesh,Guntur,Black,6.6,0.45,171,25,253,0.72
03-11-2016,Assam,Cachar,Alluvial,7.4,0.3,256,33,259,1.4
22-09-2016,Sikkim,Gangtok,Loamy,6.5,0.49,190,17,285,0.94
01-06-2022,Mizoram,Aizawl,Loamy,6.1,0.53,246,17,299,1.28
23-10-2016,Maharashtra,Mumbai,Black,6.6,0.47,186,26,272,0.83
04-08-2024,Jammu and Kashmir,Srinagar,Loamy,6.3,0.09,120,17,217,0.98
23-10-2022,Madhya Pradesh,Bhopal,Black,8.1,0.89,143,27,198,0.98
15-03-2025,Jammu and Kashmir,Srinagar,Loamy,4.6,1.5,155,13,238,0.77
02-10-2021,Arunachal Pradesh,Itanagar,Loamy,6.1,0.16,143,16,255,0.82
14-09-2017,Madhya Pradesh,Bhopal,Red,5.8,0.2,134,9,95,0.49
27-08-2024,Meghalaya,Shillong,Loamy,5.8,0.43,165,38,181,1.19
06-11-2023,Nagaland,Kohima,Loamy,7.2,0.52,146,20,204,0.91
27-03-2019,Gujarat,Ahmedabad,Sandy,6.9,0.3,75,16,62,0.49
11-10-2016,Ladakh,Leh,Sandy Loam,6.8,0.44,74,24,107,0.76
26-08-2017,Chandigarh,Chandigarh,Loamy,7.1,0.46,200,18,248,1.2
22-03-2022,Gujarat,Rajkot,Sandy,6,0.44,66,6,77,0.7
05-01-2018,Manipur,Imphal,Loamy,7,1.1,151,40,292,1.02
31-12-2021,Odisha,Bhubaneswar,Red,6.6,0.97,133,14,256,0.54
16-03-2016,Arunachal Pradesh,Itanagar,Loamy,6.3,0.4,174,24,289,1.3
08-02-2024,Madhya Pradesh,Bhopal,Red,6.5,1.18,108,32,157,0.75
09-07-2017,Dadra and Nagar Haveli and Daman and Diu,Daman,Loamy,7.1,0.64,270,43,264,1.06
08-02-2017,Meghalaya,Shillong,Loamy,6.6,0.64,138,33,228,0.81
05-09-2018,Goa,North Goa,Loamy,6.1,0.21,199,26,189,1
01-01-2020,West Bengal,Darjeeling,Alluvial,7.6,0.44,275,36,308,1.18
20-09-2015,Lakshadweep,Kavaratti,Loamy,6.4,0.46,221,16,286,1.13
16-01-2025,Jharkhand,Ranchi,Loamy,5.1,0.86,122,14,159,0.74
18-03-2025,Nagaland,Kohima,Loamy,5.8,0.19,273,18,206,0.93
11-09-2025,Bihar,Muzaffarpur,Alluvial,6.6,0.41,274,45,398,0.96
27-04-2019,Himachal Pradesh,Shimla,Loamy,6.6,0.09,210,40,340,1.09
07-06-2024,Gujarat,Vadodara,Sandy,6.5,0.3,114,10,89,0.31
08-05-2022,Haryana,Faridabad,Alluvial,5.9,1.27,222,39,254,1.21
13-11-2023,Gujarat,Rajkot,Black,8.4,1.98,203,26,259,0.75
21-06-2025,Assam,Cachar,Laterite,4.4,0.37,125,8,155,0.61
11-11-2021,Mizoram,Aizawl,Loamy,6.1,0.56,210,26,242,0.78
25-09-2017,Arunachal Pradesh,Itanagar,Loamy,6.6,0.46,202,43,326,0.73
05-03-2024,Manipur,Imphal,Loamy,6.1,0.56,171,22,207,0.98
30-11-2016,Andaman and Nicobar Islands,Port Blair,Loamy,6.2,0.79,196,29,182,1.2
07-06-2021,Sikkim,Gangtok,Loamy,5.2,1.4,161,24,228,0.64
11-11-2024,Bihar,Gaya,Alluvial,6.1,0.07,296,28,235,1.34
23-05-2019,Goa,North Goa,Loamy,6.1,0,209,13,315,0.76
26-05-2018,Uttar Pradesh,Varanasi,Sandy,5.7,0.46,120,11,113,0.56
30-01-2018,Karnataka,Belgaum,Laterite,5.7,0.23,92,23,168,0.66
14-02-2022,Uttar Pradesh,Lucknow,Alluvial,6.7,0.14,146,29,249,0.91
24-05-2021,Mizoram,Aizawl,Loamy,7,1.11,269,33,356,0.81
05-04-2018,Telangana,Hyderabad,Red,6.7,0.39,99,24,219,0.43
22-04-2022,West Bengal,Kolkata,Alluvial,6,0.28,218,40,320,1.04
02-10-2017,Jammu and Kashmir,Srinagar,Loamy,6.1,0.69,162,23,294,1.15
05-02-2015,Dadra and Nagar Haveli and Daman and Diu,Daman,Loamy,6.2,0.59,123,21,180,0.81
13-01-2017,Madhya Pradesh,Bhopal,Red,6.3,0.56,126,27,205,0.98
31-10-2019,Jammu and Kashmir,Srinagar,Loamy,5.5,0.04,248,17,325,0.95
19-12-2015,Meghalaya,Shillong,Loamy,6.2,0.62,203,16,252,1.17
05-04-2025,Manipur,Imphal,Loamy,5.4,1.31,143,17,306,0.83
06-04-2020,Nagaland,Kohima,Loamy,7,1.01,248,21,326,1.17
14-03-2015,Uttarakhand,Dehradun,Loamy,6.9,0.42,153,36,339,0.75
19-05-2022,Jammu and Kashmir,Srinagar,Loamy,5.8,0.18,220,41,287,0.99
08-10-2018,Jammu and Kashmir,Srinagar,Loamy,6.5,0.38,169,35,339,0.76
29-03-2020,West Bengal,Howrah,Alluvial,6.4,0.01,246,35,378,0.79
29-12-2017,Himachal Pradesh,Kangra,Loamy,6.4,0.45,263,26,321,0.84
08-10-2021,Kerala,Ernakulam,Laterite,4.9,0.46,82,10,121,0.68
05-05-2023,Manipur,Imphal,Loamy,6.1,0.34,240,41,350,0.93
08-12-2016,Rajasthan,Jodhpur,Sandy,6.7,0.04,48,15,63,0.3
10-12-2019,Jammu and Kashmir,Srinagar,Loamy,7.1,0.83,208,37,319,1.12
21-02-2022,Delhi,New Delhi,Loamy,6.6,0.37,195,44,237,0.73
15-11-2022,Odisha,Bhubaneswar,Red,5.7,0.26,149,26,198,0.48
02-03-2025,Tamil Nadu,Chennai,Red,7.4,1.03,139,23,262,0.51
13-08-2017,Madhya Pradesh,Bhopal,Black,6.4,0.66,187,33,194,1.04
08-01-2022,Andhra Pradesh,Guntur,Red,7.6,1.4,158,34,247,0.76
11-10-2021,Andaman and Nicobar Islands,Port Blair,Loamy,6.7,1.27,284,47,343,0.83
19-11-2024,Telangana,Hyderabad,Black,8.4,1.25,139,35,333,0.73
09-06-2015,Meghalaya,Shillong,Loamy,6.4,0.68,177,44,359,0.89
05-01-2021,Tripura,Agartala,Loamy,5.7,0.29,204,22,192,0.65
24-09-2022,Tamil Nadu,Coimbatore,Alluvial,6.7,0.03,158,37,313,0.8
15-01-2024,West Bengal,Howrah,Red,5.9,0.24,144,24,139,0.64
02-10-2019,Meghalaya,Shillong,Loamy,6.6,0.54,259,40,236,0.8
05-05-2019,Karnataka,Bangalore,Laterite,6,0.71,179,16,110,0.99
08-03-2015,Assam,Cachar,Laterite,5.7,0.44,106,17,104,0.79
20-05-2023,Manipur,Imphal,Loamy,6.2,0.43,184,27,281,0.74
19-08-2025,Andhra Pradesh,Krishna,Red,6.3,0.96,96,29,257,0.67
25-08-2021,Gujarat,Ahmedabad,Sandy,6.2,0.02,136,4,109,0.6
27-02-2015,Andhra Pradesh,Chittoor,Black,6.8,0.78,110,29,211,0.76
13-02-2024,Lakshadweep,Kavaratti,Loamy,6.1,0.26,214,36,278,1.07
08-12-2015,Himachal Pradesh,Mandi,Sandy Loam,6.8,0.32,112,13,95,0.44
14-09-2025,Andaman and Nicobar Islands,Port Blair,Loamy,6.7,0.32,181,42,280,0.75
27-02-2018,Uttar Pradesh,Varanasi,Sandy,6.4,0.11,72,6,67,0.33
06-08-2022,Tamil Nadu,Coimbatore,Red,6.4,1.25,134,30,193,0.86
10-04-2018,Andaman and Nicobar Islands,Port Blair,Loamy,6.5,0.59,125,29,186,0.96
18-09-2022,Delhi,New Delhi,Loamy,6.2,0.15,137,17,254,1.25
15-04-2022,Gujarat,Vadodara,Sandy,5.8,0.54,121,5,107,0.47
17-05-2018,Kerala,Kozhikode,Laterite,5.3,0.35,162,11,149,0.84
10-08-2025,Dadra and Nagar Haveli and Daman and Diu,Daman,Loamy,5.1,1.59,251,10,209,0.58
29-07-2021,Lakshadweep,Kavaratti,Loamy,6.3,0.73,137,46,323,0.73
03-02-2019,Punjab,Ludhiana,Alluvial,6.9,0.97,228,41,325,1.27
27-12-2019,Mizoram,Aizawl,Loamy,5.8,0.04,124,30,254,1.11
26-04-2015,Ladakh,Leh,Sandy Loam,6.4,0.35,145,21,174,0.89
18-02-2024,Assam,Kamrup,Laterite,4.9,0.94,82,10,174,0.58
23-10-2016,Andhra Pradesh,Chittoor,Alluvial,7.3,0.86,275,46,337,1.1
19-08-2025,Uttarakhand,Dehradun,Loamy,5.9,0.21,167,19,223,0.94
05-01-2019,Delhi,New Delhi,Loamy,6.5,0.62,270,41,336,1.06
28-11-2024,Punjab,Patiala,Alluvial,6.1,0.53,281,16,182,0.8
05-11-2021,Maharashtra,Nashik,Black,7.2,0.71,225,39,298,1.07
12-02-2020,Ladakh,Leh,Sandy Loam,6.9,0.63,152,23,152,0.47
18-09-2024,Chhattisgarh,Raipur,Loamy,8.1,1.61,177,25,352,1.07
23-05-2021,Tamil Nadu,Madurai,Red,7.8,1.92,107,18,185,0.76
28-03-2024,Manipur,Imphal,Loamy,8.2,1.72,209,35,321,0.87
13-10-2017,Goa,North Goa,Loamy,7.5,0.85,268,45,290,0.79
07-11-2015,Delhi,New Delhi,Loamy,6.9,0.32,195,43,358,0.81
27-07-2015,Odisha,Bhubaneswar,Laterite,6.3,0.26,163,14,195,0.85
19-04-2022,Madhya Pradesh,Bhopal,Black,5.7,0.38,224,28,295,0.96
29-10-2021,Andaman and Nicobar Islands,Port Blair,Loamy,6.7,0.25,149,37,229,1.25
10-06-2022,Goa,North Goa,Loamy,5.3,0.4,127,38,212,0.77
24-09-2016,Manipur,Imphal,Loamy,6,0.34,186,26,227,0.72
03-10-2020,Meghalaya,Shillong,Loamy,7,0.95,174,34,244,1.13
07-02-2023,Telangana,Warangal,Black,7.2,0.25,120,17,228,0.57
11-06-2023,Tamil Nadu,Madurai,Alluvial,6.6,1.04,270,28,228,1.3
18-10-2016,Jharkhand,Ranchi,Loamy,6,0.7,131,31,313,0.84
24-11-2018,Mizoram,Aizawl,Loamy,6.4,0.79,235,46,253,1.23
15-04-2020,Chandigarh,Chandigarh,Loamy,6.9,1.13,139,22,341,1.23
08-03-2025,Jharkhand,Ranchi,Loamy,7.3,1.12,132,21,303,0.95
16-04-2023,Odisha,Bhubaneswar,Laterite,3.9,0.73,70,14,161,0.45
06-01-2022,Andaman and Nicobar Islands,Port Blair,Loamy,6.9,0.82,211,45,195,1.18
07-08-2019,Arunachal Pradesh,Itanagar,Loamy,5.7,0.08,129,26,313,0.7
22-11-2024,Ladakh,Leh,Sandy Loam,5.6,0.32,131,19,120,0.58
25-08-2015,Odisha,Bhubaneswar,Laterite,5.4,0.46,119,25,196,0.95
04-03-2024,Gujarat,Vadodara,Black,6.4,0.47,194,16,293,0.83
14-12-2015,Uttar Pradesh,Lucknow,Alluvial,6.7,0.72,209,40,293,1.21
28-04-2022,Manipur,Imphal,Loamy,6.6,0.51,255,24,338,0.94
11-09-2023,Assam,Cachar,Laterite,5.6,0.22,87,19,72,0.94
21-09-2016,Meghalaya,Shillong,Loamy,6.4,0.76,148,32,285,1.15
21-03-2019,Arunachal Pradesh,Itanagar,Loamy,7.3,0.81,160,26,338,0.81
26-06-2020,Dadra and Nagar Haveli and Daman and Diu,Daman,Loamy,6.8,0.81,228,23,236,1.14
25-06-2018,West Bengal,Darjeeling,Red,5.8,0.24,156,20,103,0.8
30-12-2015,Gujarat,Vadodara,Black,7.2,0.66,238,34,210,0.67
26-06-2021,Chandigarh,Chandigarh,Loamy,7.1,0.79,149,17,309,1.14
21-02-2025,Gujarat,Ahmedabad,Sandy,6.8,0.72,88,15,141,0.6
13-10-2015,Ladakh,Leh,Sandy Loam,6.5,0.45,66,22,156,0.53
29-05-2015,Andaman and Nicobar Islands,Port Blair,Loamy,6.7,0.32,263,25,242,1.09
12-01-2018,Telangana,Nizamabad,Black,7.3,0.44,121,28,274,1.11
19-09-2021,Bihar,Purnia,Alluvial,7.4,2.06,212,46,410,1.5
14-04-2023,Andaman and Nicobar Islands,Port Blair,Loamy,6.6,0.46,265,38,286,1.08
31-03-2016,Chhattisgarh,Raipur,Loamy,6.4,0.51,226,19,183,0.94
02-11-2019,Andaman and Nicobar Islands,Port Blair,Loamy,5.9,0.04,264,34,230,0.76
10-03-2017,Chandigarh,Chandigarh,Loamy,6.9,0.71,128,25,268,1.2
30-03-2018,Andaman and Nicobar Islands,Port Blair,Loamy,7.4,0.85,251,47,316,1.17
09-10-2017,Uttar Pradesh,Kanpur,Sandy,6,0.44,99,17,130,0.49
02-10-2022,Odisha,Bhubaneswar,Laterite,6.3,0.88,99,14,155,0.61
12-11-2021,Uttar Pradesh,Lucknow,Alluvial,6.4,0.08,230,29,386,0.75
30-11-2024,Uttarakhand,Dehradun,Loamy,5.9,0.03,172,20,218,0.81
04-03-2019,Chandigarh,Chandigarh,Loamy,5.8,0.43,139,34,245,0.69
17-08-2022,Chandigarh,Chandigarh,Loamy,6.3,0.79,233,31,237,0.99
31-12-2021,Assam,Cachar,Alluvial,7.4,0.89,162,28,341,0.96
14-03-2025,Gujarat,Surat,Black,7.4,1.03,149,33,273,0.89
11-08-2025,Himachal Pradesh,Mandi,Sandy Loam,6.9,0.73,137,23,147,0.62
25-04-2016,Madhya Pradesh,Bhopal,Black,7,0.76,120,36,225,0.98
14-08-2019,Manipur,Imphal,Loamy,8.3,2.05,174,24,360,1.38
01-12-2020,Chhattisgarh,Raipur,Loamy,6.1,0.37,164,43,215,0.79
28-08-2022,Andaman and Nicobar Islands,Port Blair,Loamy,7.5,0.9,146,35,226,0.78
21-05-2019,Jammu and Kashmir,Srinagar,Loamy,6.7,0.42,273,28,227,1.13
05-08-2021,Uttarakhand,Dehradun,Loamy,6,0.44,233,17,190,1.17
07-12-2015,Uttarakhand,Dehradun,Loamy,7,0.64,151,29,288,1.26
18-09-2022,Haryana,Karnal,Sandy,6.2,0.32,70,18,76,0.51
03-07-2020,Lakshadweep,Kavaratti,Loamy,5.8,0.09,235,14,179,0.97
09-09-2022,Punjab,Ludhiana,Alluvial,6,0.88,285,15,201,0.9
05-04-2023,Jharkhand,Ranchi,Loamy,6.2,0.02,234,24,178,1.18
01-11-2021,Madhya Pradesh,Bhopal,Red,6.6,0.35,113,17,246,0.72
10-02-2020,Andaman and Nicobar Islands,Port Blair,Loamy,6.3,0.77,124,24,267,0.92
14-04-2017,Jammu and Kashmir,Srinagar,Loamy,6.9,1.03,150,21,338,0.94
18-04-2018,Haryana,Hisar,Sandy,6.6,0.62,94,6,147,0.32
22-09-2019,Andaman and Nicobar Islands,Port Blair,Loamy,6.1,0.07,180,36,337,0.7
10-07-2024,Dadra and Nagar Haveli and Daman and Diu,Daman,Loamy,8,1.41,143,49,289,0.9
17-08-2019,Chandigarh,Chandigarh,Loamy,5.9,0.03,253,12,206,0.69
12-12-2023,Sikkim,Gangtok,Loamy,6.5,1.15,274,39,303,1.25
07-09-2024,Rajasthan,Jodhpur,Sandy,7.3,1.13,81,19,155,0.55
07-11-2015,Kerala,Thrissur,Laterite,5.9,0.33,157,17,121,0.71
19-09-2015,Karnataka,Belgaum,Black,6.8,0.7,168,21,158,1.13
13-12-2018,Arunachal Pradesh,Itanagar,Loamy,7.1,0.89,192,38,288,0.94
10-02-2016,Arunachal Pradesh,Itanagar,Loamy,6.9,0.64,257,30,213,1.16
30-12-2020,Puducherry,Puducherry,Loamy,7.2,0.61,247,24,352,1.12
08-12-2015,Assam,Kamrup,Laterite,6.2,0.56,169,11,95,0.91
01-09-2018,Meghalaya,Shillong,Loamy,7.2,0.56,122,25,251,1.17
08-09-2023,Bihar,Muzaffarpur,Alluvial,6.4,0.31,187,30,360,1.14
01-09-2015,Tamil Nadu,Coimbatore,Red,5.6,0.6,87,29,132,0.69
04-05-2016,Punjab,Ludhiana,Alluvial,6.8,0.46,155,46,361,1.24
12-01-2015,Tripura,Agartala,Loamy,6.7,0.65,143,43,231,1.09
24-01-2024,Chandigarh,Chandigarh,Loamy,8.5,1.91,254,40,223,1.09
14-07-2016,Nagaland,Kohima,Loamy,7.1,0.58,198,30,294,1.24
11-02-2015,Karnataka,Belgaum,Black,7.1,0.48,238,15,174,1.04
18-06-2022,Andaman and Nicobar Islands,Port Blair,Loamy,5.4,0.25,244,18,196,0.7
16-08-2016,Mizoram,Aizawl,Loamy,7,0.62,120,41,193,1.09
23-12-2018,Uttar Pradesh,Kanpur,Alluvial,6,0.01,261,33,315,1.07
01-01-2020,Tamil Nadu,Madurai,Alluvial,7.3,0.27,207,37,322,1.21
04-11-2023,Punjab,Ludhiana,Alluvial,6.9,0.64,207,36,337,1.2
01-01-2024,Arunachal Pradesh,Itanagar,Loamy,8.2,1.98,167,37,367,1.36
21-08-2019,Telangana,Hyderabad,Red,5.9,0.01,93,16,105,0.83
03-09-2024,Dadra and Nagar Haveli and Daman and Diu,Daman,Loamy,7.9,1.63,249,36,305,0.98
14-05-2015,Uttarakhand,Dehradun,Loamy,6.2,0.37,149,43,210,1.13
05-08-2023,Arunachal Pradesh,Itanagar,Loamy,5.5,0.23,146,35,279,0.74
24-09-2025,Maharashtra,Mumbai,Black,4.8,1.02,115,28,140,0.79
06-06-2023,Bihar,Patna,Alluvial,7.3,1.57,274,40,338,1.28
05-08-2017,Madhya Pradesh,Bhopal,Black,8,1.1,138,23,351,0.77
06-11-2024,Ladakh,Leh,Sandy Loam,6.4,0.36,109,23,109,0.57
14-03-2015,Jammu and Kashmir,Srinagar,Loamy,7.1,0.34,208,30,190,0.75
03-02-2016,Haryana,Faridabad,Sandy,6.4,0.25,118,13,86,0.36
29-11-2018,Arunachal Pradesh,Itanagar,Loamy,6.2,0.42,267,21,253,1.13
04-04-2025,Goa,North Goa,Loamy,5.8,0.13,221,15,183,1.16
10-03-2022,Dadra and Nagar Haveli and Daman and Diu,Daman,Loamy,6.3,0.45,235,43,331,0.92
16-12-2022,Jharkhand,Ranchi,Loamy,6.2,0.3,182,18,209,0.99
10-05-2015,Rajasthan,Jodhpur,Sandy,7,0.33,91,9,70,0.63
26-02-2023,Jharkhand,Ranchi,Loamy,6.4,0.4,127,24,306,1.09
07-09-2024,Tamil Nadu,Coimbatore,Alluvial,7.1,1.32,262,33,382,0.92
22-12-2023,Assam,Tinsukia,Laterite,5.9,0.03,162,14,169,0.88
17-12-2019,Lakshadweep,Kavaratti,Loamy,6.1,0.45,253,43,329,1.13
24-06-2020,Punjab,Amritsar,Alluvial,7.1,0.27,259,43,342,1.39
06-07-2025,Jharkhand,Ranchi,Loamy,7.1,1.2,128,23,309,1.1
23-09-2015,Andaman and Nicobar Islands,Port Blair,Loamy,6.4,0.66,218,17,317,0.86
10-04-2019,Puducherry,Puducherry,Loamy,6.5,0.07,277,16,308,1
08-06-2020,Punjab,Amritsar,Alluvial,6.6,1.21,254,31,227,1.5
03-03-2017,Haryana,Faridabad,Alluvial,6.3,0.16,251,26,293,0.82
19-04-2021,Gujarat,Ahmedabad,Black,7.8,0.52,152,38,216,0.86
09-11-2022,Goa,North Goa,Loamy,6.2,0.91,135,39,280,0.75
05-08-2018,Karnataka,Bangalore,Laterite,5.9,0.55,147,20,172,0.71
13-06-2015,Nagaland,Kohima,Loamy,7.2,0.33,133,43,297,0.9
05-04-2015,Andaman and Nicobar Islands,Port Blair,Loamy,6,0.63,159,18,221,0.99
11-12-2019,Tripura,Agartala,Loamy,6.7,1.37,216,27,316,1.25
20-11-2022,Rajasthan,Jaipur,Desert,6.2,0.52,50,1,74,0.17
07-02-2018,Assam,Cachar,Laterite,6.6,0.69,138,23,139,0.91
11-07-2021,Nagaland,Kohima,Loamy,7,0.6,271,36,252,0.81
01-04-2017,Telangana,Warangal,Red,5.7,0.29,107,21,203,0.59
26-08-2015,Jharkhand,Ranchi,Loamy,6.8,0.79,230,17,266,1.16
25-08-2021,Uttarakhand,Dehradun,Loamy,7,1.15,132,26,227,1.2
08-08-2024,Kerala,Thrissur,Red,4.9,0.56,189,12,103,0.6
25-01-2023,Gujarat,Ahmedabad,Black,7,0.7,171,33,334,0.73
05-12-2021,Mizoram,Aizawl,Loamy,6.5,0.13,149,26,274,0.75
14-05-2020,Andhra Pradesh,Krishna,Alluvial,6.9,0.47,282,36,312,1.22
28-01-2023,Uttar Pradesh,Varanasi,Sandy,7.4,1.17,134,18,81,0.83
14-11-2017,Manipur,Imphal,Loamy,6.3,0.62,183,19,336,1.16
04-08-2019,Delhi,New Delhi,Loamy,6.7,0.85,228,19,275,1.09
24-09-2023,Dadra and Nagar Haveli and Daman and Diu,Daman,Loamy,7.8,1.21,255,43,218,0.79
04-12-2021,Jammu and Kashmir,Srinagar,Loamy,7.5,1.53,228,39,202,0.84
25-06-2024,Andhra Pradesh,Krishna,Alluvial,7.4,1.01,235,39,330,0.91
12-02-2023,Haryana,Faridabad,Alluvial,6.7,0.33,262,28,270,1.05
30-04-2023,Kerala,Ernakulam,Laterite,7.8,2.02,106,33,172,0.72
21-08-2017,Odisha,Bhubaneswar,Laterite,6,0.7,91,17,104,0.72
20-06-2016,Tripura,Agartala,Loamy,6.8,0.61,216,30,239,0.79
17-08-2023,Lakshadweep,Kavaratti,Loamy,6.2,0.09,229,31,223,1.06
23-05-2019,Kerala,Thrissur,Red,6,0.03,186,10,170,0.68
19-11-2023,Madhya Pradesh,Bhopal,Red,6.5,0.33,139,28,170,0.45
02-06-2020,West Bengal,Darjeeling,Red,6.1,0.75,112,20,157,0.63
11-06-2023,Andhra Pradesh,Krishna,Red,7.1,1.16,186,32,116,0.52
07-08-2025,Goa,North Goa,Loamy,8.3,1.91,281,42,276,1.1
08-05-2015,Haryana,Gurgaon,Sandy,6.9,0.1,148,8,124,0.32
27-01-2025,Bihar,Gaya,Alluvial,7.1,1.01,165,35,269,1.19
02-04-2015,Chhattisgarh,Raipur,Loamy,6.1,0.34,184,42,334,1.04
13-03-2025,Tripura,Agartala,Loamy,7.1,0.73,165,20,235,0.84
26-06-2016,Sikkim,Gangtok,Loamy,6.8,0.52,248,29,268,1.31
25-04-2017,West Bengal,Howrah,Red,6.2,0.76,165,29,126,0.88
12-11-2024,Tamil Nadu,Madurai,Alluvial,6.3,0.48,186,31,377,1.2
09-08-2019,Bihar,Gaya,Alluvial,6.5,0.71,247,36,338,1.36
25-04-2023,Bihar,Purnia,Alluvial,7.6,0.49,193,30,242,1.04
26-01-2020,Rajasthan,Udaipur,Sandy,6.4,0.11,63,6,55,0.54
30-10-2021,Arunachal Pradesh,Itanagar,Loamy,6.4,1.06,137,35,231,1.23
25-01-2016,Gujarat,Rajkot,Black,6.6,0.85,107,21,242,1.05
12-06-2022,Meghalaya,Shillong,Loamy,6.8,0.6,211,35,186,0.96
28-02-2020,Mizoram,Aizawl,Loamy,7.2,0.83,263,41,341,0.81
12-02-2015,Punjab,Patiala,Alluvial,6.1,0.36,165,32,393,1.29
11-09-2015,Tamil Nadu,Chennai,Alluvial,7.1,0.47,272,47,392,0.87
07-10-2023,Puducherry,Puducherry,Loamy,6.2,0.23,226,32,195,1.15
19-12-2017,Karnataka,Hubli,Black,7.2,0.38,163,28,165,0.7
03-06-2022,Puducherry,Puducherry,Loamy,6.6,0.73,197,17,240,0.79
19-11-2021,Delhi,New Delhi,Loamy,6,0.13,273,40,345,0.65
23-05-2021,Uttar Pradesh,Varanasi,Alluvial,6.7,0.13,208,31,242,0.95
17-05-2023,Arunachal Pradesh,Itanagar,Loamy,7.9,1.5,158,27,215,1.37
21-03-2019,Tamil Nadu,Chennai,Alluvial,7.1,0.69,181,48,306,0.87
08-09-2024,Sikkim,Gangtok,Loamy,7.3,1.39,184,40,355,1.24
07-05-2020,Puducherry,Puducherry,Loamy,6.4,0.62,168,43,345,0.8
26-09-2022,Manipur,Imphal,Loamy,8.5,2.21,292,37,341,1.17
20-07-2021,Jharkhand,Ranchi,Loamy,6.1,0.44,232,43,231,1.24
03-10-2016,Manipur,Imphal,Loamy,6.7,0.48,226,36,210,1.14
26-08-2021,Andaman and Nicobar Islands,Port Blair,Loamy,7,0.93,276,41,321,0.78
17-07-2025,Tamil Nadu,Coimbatore,Alluvial,7.8,0.94,240,35,281,1.08
20-11-2016,Mizoram,Aizawl,Loamy,6.7,0.67,278,27,280,1.02
30-06-2018,Himachal Pradesh,Shimla,Loamy,7.3,0.64,279,25,203,0.83
04-05-2020,Ladakh,Leh,Sandy Loam,7.7,1.19,126,27,181,0.86
15-12-2017,Himachal Pradesh,Kangra,Loamy,7,0.41,119,23,235,1.01
26-01-2019,Meghalaya,Shillong,Loamy,6.8,0.84,125,29,359,1.29
01-04-2016,Ladakh,Leh,Sandy Loam,6.4,0.06,117,22,103,0.85
09-09-2017,Delhi,New Delhi,Loamy,7.1,0.68,178,30,335,0.78
31-10-2020,Dadra and Nagar Haveli and Daman and Diu,Daman,Loamy,6,0.16,201,39,272,1
27-01-2018,Goa,North Goa,Loamy,6.6,1.21,131,37,300,0.87
29-05-2015,Jharkhand,Ranchi,Loamy,6,0.37,163,41,334,0.74
14-09-2018,Meghalaya,Shillong,Loamy,6.5,0.98,163,38,259,0.8
25-03-2018,Bihar,Patna,Alluvial,6.3,0.51,200,38,239,1.1
09-07-2015,Sikkim,Gangtok,Loamy,6.2,0.53,231,44,322,0.8
05-10-2024,Madhya Pradesh,Bhopal,Red,6.2,0.57,100,17,137,0.56
01-06-2017,Meghalaya,Shillong,Loamy,6,0.29,229,21,208,0.73
29-04-2021,Andaman and Nicobar Islands,Port Blair,Loamy,6,0.11,123,28,285,0.99
18-08-2023,Goa,North Goa,Loamy,6.7,0.65,247,20,228,1.15
04-02-2016,Uttar Pradesh,Lucknow,Sandy,6.4,0.27,110,6,135,0.73
12-09-2022,Karnataka,Hubli,Laterite,7.6,1.85,98,18,221,0.83
31-08-2016,Telangana,Hyderabad,Red,5.6,0.38,89,11,172,0.7
14-02-2024,Andaman and Nicobar Islands,Port Blair,Loamy,8.4,2.15,239,32,292,1.1
01-12-2019,Assam,Kamrup,Alluvial,6.9,0.72,166,37,315,1.07
27-06-2019,Jharkhand,Ranchi,Loamy,7.1,0.6,151,44,340,0.98
25-04-2019,Andhra Pradesh,Krishna,Black,7,0.6,223,18,281,1
03-10-2022,Uttar Pradesh,Varanasi,Sandy,7.1,0.64,102,19,110,0.65
18-11-2020,Kerala,Kozhikode,Red,5.6,0.17,195,18,142,0.78
14-10-2018,Maharashtra,Nashik,Black,7.2,0.06,187,25,206,1.06
04-11-2018,Tripura,Agartala,Loamy,7,0.86,188,44,246,1.04
30-03-2017,Haryana,Gurgaon,Alluvial,6.6,0.72,217,22,296,1.16
06-01-2024,Bihar,Patna,Alluvial,3.9,2.58,248,16,220,0.89
30-03-2017,West Bengal,Howrah,Red,6.3,0.31,188,22,121,0.68
24-02-2016,Gujarat,Rajkot,Sandy,6.6,0.23,137,16,54,0.34
04-05-2015,Jharkhand,Ranchi,Loamy,6.7,0.7,212,27,296,0.79
26-02-2016,Ladakh,Leh,Sandy Loam,7.1,0.45,112,13,159,0.66
16-01-2024,Arunachal Pradesh,Itanagar,Loamy,6.9,1.19,248,33,306,0.91
19-04-2025,Uttar Pradesh,Kanpur,Sandy,7.6,1.66,94,23,93,0.83
01-08-2023,Maharashtra,Pune,Black,5,1.28,129,16,260,0.79
17-02-2019,Meghalaya,Shillong,Loamy,7.1,0.85,252,22,363,1
16-02-2025,Mizoram,Aizawl,Loamy,7.6,1.76,164,32,222,0.9
02-05-2025,Sikkim,Gangtok,Loamy,8,1.48,274,40,283,1.02
17-05-2019,Bihar,Patna,Alluvial,5.7,0.01,174,42,336,1.11
06-02-2017,Odisha,Bhubaneswar,Laterite,6.6,0.52,122,22,93,0.71
06-08-2020,Arunachal Pradesh,Itanagar,Loamy,5.6,0.36,169,13,186,0.92
05-12-2021,Himachal Pradesh,Kangra,Sandy Loam,7,1.08,150,17,174,0.73
10-01-2022,Odisha,Bhubaneswar,Laterite,6.3,0.49,107,11,123,0.69
11-01-2021,Meghalaya,Shillong,Loamy,6.1,0.25,118,21,316,0.87
09-11-2020,Tripura,Agartala,Loamy,6.5,0.09,130,19,205,0.96
18-04-2023,Nagaland,Kohima,Loamy,4.1,1.52,197,16,268,0.74
30-03-2019,Tamil Nadu,Madurai,Red,6.2,0.82,127,17,249,0.55
07-11-2021,Rajasthan,Jodhpur,Desert,7.3,0.16,60,7,42,0.52
31-10-2019,Karnataka,Bangalore,Laterite,5.2,0.35,126,17,83,0.5
06-08-2020,Bihar,Patna,Alluvial,5.5,0.12,194,24,345,0.85
30-03-2022,Tripura,Agartala,Loamy,7.8,1.68,156,26,307,0.82
05-03-2025,Lakshadweep,Kavaratti,Loamy,6.6,0.01,182,20,328,1.04
24-05-2016,Chandigarh,Chandigarh,Loamy,6.7,0.75,179,28,241,0.77
21-04-2018,Uttar Pradesh,Lucknow,Alluvial,5.7,0.08,184,45,315,1.43
21-01-2016,Ladakh,Leh,Sandy Loam,6.9,0.23,112,17,132,0.77
17-05-2019,Puducherry,Puducherry,Loamy,6.1,0.1,265,24,173,0.64
30-05-2025,Himachal Pradesh,Kangra,Loamy,6.2,0.13,197,15,319,1.12
18-09-2021,Kerala,Kozhikode,Red,5.9,0.57,101,26,180,0.59
12-04-2021,Arunachal Pradesh,Itanagar,Loamy,6.5,0.73,139,19,347,0.99
11-01-2017,Chhattisgarh,Raipur,Loamy,6.6,0.98,186,26,233,1.06
10-01-2025,Chhattisgarh,Raipur,Loamy,6.5,0.38,215,40,223,0.78
01-06-2022,Sikkim,Gangtok,Loamy,6.9,0.42,135,18,319,0.72
21-05-2022,Chhattisgarh,Raipur,Loamy,6.4,0.07,148,35,305,0.97
12-09-2024,Bihar,Patna,Alluvial,6.1,0.2,286,20,246,0.96
02-09-2025,Himachal Pradesh,Mandi,Loamy,7.7,1.85,283,45,377,1.34
26-03-2020,Andaman and Nicobar Islands,Port Blair,Loamy,7.1,0.99,227,29,269,1.02
17-12-2018,Sikkim,Gangtok,Loamy,7.2,0.89,211,17,248,1.26
19-06-2017,Uttarakhand,Dehradun,Loamy,6.4,0.42,161,15,279,1.18
13-10-2020,Jharkhand,Ranchi,Loamy,8.1,1.38,283,36,373,1.27
12-06-2023,Meghalaya,Shillong,Loamy,7,1.23,185,27,276,1.15
10-03-2021,Jharkhand,Ranchi,Loamy,6.8,0.12,252,15,318,0.76
02-07-2020,Goa,North Goa,Loamy,6.8,0.58,265,24,199,1.21
30-08-2015,Chhattisgarh,Raipur,Loamy,6.6,0.37,168,27,230,0.97
15-12-2021,Goa,North Goa,Loamy,6,0.25,263,16,320,1.22
29-12-2023,Tripura,Agartala,Loamy,7.6,1.25,241,34,230,0.88
22-04-2025,Bihar,Patna,Alluvial,6.6,0.14,225,33,226,1.05
13-07-2021,Lakshadweep,Kavaratti,Loamy,6,0.09,139,38,270,1.09
13-07-2020,Jammu and Kashmir,Srinagar,Loamy,5.9,0.21,218,39,335,1.1
22-06-2015,Jharkhand,Ranchi,Loamy,7.1,0.36,230,31,256,0.96
02-11-2016,Puducherry,Puducherry,Loamy,7.1,0.68,258,27,198,1.29
13-06-2015,Ladakh,Leh,Sandy Loam,6.5,0.3,90,23,177,0.61
09-04-2016,Goa,North Goa,Loamy,6,0.51,179,44,194,0.76
01-05-2023,Meghalaya,Shillong,Loamy,7.4,1.27,178,29,237,1.29
11-05-2016,Odisha,Bhubaneswar,Laterite,5.2,0.44,153,10,187,0.86
30-11-2016,Puducherry,Puducherry,Loamy,7.3,0.96,188,23,231,1.18
08-09-2021,Tripura,Agartala,Loamy,7,0.23,121,39,247,0.86
03-12-2016,Dadra and Nagar Haveli and Daman and Diu,Daman,Loamy,7.1,0.74,173,44,233,1.21
24-04-2020,Mizoram,Aizawl,Loamy,5.7,0.17,171,18,337,0.77
13-06-2021,Chandigarh,Chandigarh,Loamy,5.1,0.38,173,25,274,0.99
27-11-2019,Dadra and Nagar Haveli and Daman and Diu,Daman,Loamy,7.9,1.34,181,28,280,0.93
02-07-2015,Odisha,Bhubaneswar,Red,6.6,0.51,150,19,195,0.88
20-09-2016,Jammu and Kashmir,Srinagar,Loamy,6.8,0.28,237,36,197,0.79
01-08-2025,Andaman and Nicobar Islands,Port Blair,Loamy,7.3,0.69,128,21,267,1.04
01-01-2022,Andhra Pradesh,Krishna,Red,7.6,1.56,209,17,140,0.55
28-09-2019,Bihar,Purnia,Alluvial,6.3,0.4,159,30,262,1.31
29-06-2016,West Bengal,Darjeeling,Alluvial,7.3,0.3,272,37,301,0.87
07-05-2019,Nagaland,Kohima,Loamy,6.4,0.42,261,36,349,1.14
15-09-2016,Uttar Pradesh,Lucknow,Sandy,6.3,0.29,96,13,107,0.65
02-07-2025,Odisha,Bhubaneswar,Red,5.9,0.39,144,23,109,0.73
16-08-2016,Goa,North Goa,Loamy,6.6,0.3,234,21,322,0.88
13-01-2017,Andhra Pradesh,Visakhapatnam,Red,6.7,0.79,101,12,195,0.67
12-01-2024,Haryana,Karnal,Alluvial,7.3,0.36,211,36,358,0.98
04-11-2019,Delhi,New Delhi,Loamy,7,0.59,244,17,324,1.02
01-06-2025,Rajasthan,Jaipur,Desert,8.1,0.82,106,10,69,0.32
30-12-2018,Telangana,Warangal,Black,6.7,0.39,173,23,245,0.84
02-05-2020,Tripura,Agartala,Loamy,6.8,0.08,257,21,305,0.92
25-07-2024,Odisha,Bhubaneswar,Red,7.3,1.19,144,15,254,0.98
14-02-2022,Andaman and Nicobar Islands,Port Blair,Loamy,5.4,0.38,160,32,252,0.87
30-08-2020,Jharkhand,Ranchi,Loamy,6.6,0.66,214,41,353,0.88
14-02-2022,Kerala,Thrissur,Laterite,6.3,0.84,98,18,110,0.88
10-09-2021,Delhi,New Delhi,Loamy,6.1,0.02,213,24,331,1.13
26-04-2022,Gujarat,Vadodara,Black,8.6,1.76,168,41,282,0.71
15-04-2015,Mizoram,Aizawl,Loamy,6.3,0.79,129,43,209,0.93
17-02-2021,Jharkhand,Ranchi,Loamy,7.8,1.99,168,51,341,1.31
17-01-2015,Dadra and Nagar Haveli and Daman and Diu,Daman,Loamy,7.1,0.44,143,30,347,0.99
27-09-2023,Goa,North Goa,Loamy,5.7,0.15,262,13,192,0.7
28-01-2016,Mizoram,Aizawl,Loamy,6.3,0.55,172,27,349,0.79
29-02-2016,Nagaland,Kohima,Loamy,6.4,0.38,207,37,326,1
16-12-2020,Uttar Pradesh,Kanpur,Sandy,6.3,0.39,119,21,91,0.43
07-10-2023,Meghalaya,Shillong,Loamy,7.4,0.78,235,18,191,1.01
25-07-2016,Haryana,Karnal,Alluvial,7.1,0.19,229,29,349,1.35
10-12-2024,Telangana,Nizamabad,Red,5.9,0.66,191,20,179,0.54
07-09-2020,Madhya Pradesh,Bhopal,Red,6,0.29,82,25,167,0.71
25-01-2018,Andaman and Nicobar Islands,Port Blair,Loamy,6.6,1,250,33,349,0.8
09-06-2023,Lakshadweep,Kavaratti,Loamy,6.5,0.6,171,42,326,1.11
30-08-2015,Telangana,Warangal,Red,5.6,0.68,117,22,220,0.48
02-09-2025,Meghalaya,Shillong,Loamy,5.9,0.42,142,27,220,0.93
29-03-2021,Karnataka,Belgaum,Black,6.6,0.8,112,36,283,0.85
27-02-2017,Lakshadweep,Kavaratti,Loamy,6.3,0.32,181,44,208,1.19
09-03-2024,Goa,North Goa,Loamy,7,0.57,274,45,352,1.03
15-12-2016,Jammu and Kashmir,Srinagar,Loamy,6.7,0.44,233,39,217,0.94
28-01-2017,Delhi,New Delhi,Loamy,6.9,0.16,173,15,234,0.9
20-10-2022,Nagaland,Kohima,Loamy,4.8,0.48,201,14,312,0.73
14-02-2017,Madhya Pradesh,Bhopal,Black,6.9,0.97,128,38,313,0.8
05-08-2022,Jharkhand,Ranchi,Loamy,6.4,0.11,155,18,311,0.67
25-02-2021,Uttar Pradesh,Varanasi,Alluvial,6.6,0.2,232,30,205,1.12
12-03-2023,Mizoram,Aizawl,Loamy,5.7,0.75,228,26,312,0.9
20-03-2015,Andhra Pradesh,Visakhapatnam,Red,5.7,0.61,174,29,114,0.75
23-03-2023,Tripura,Agartala,Loamy,8.8,2.22,246,34,267,1.07
05-05-2017,Puducherry,Puducherry,Loamy,6,0.42,147,29,263,1.16
19-11-2023,Jharkhand,Ranchi,Loamy,3.7,1.85,109,32,214,0.55
19-11-2021,Punjab,Patiala,Alluvial,6.7,0.33,176,31,313,0.9
13-03-2022,Gujarat,Rajkot,Black,7.9,1.11,125,19,309,1.04
10-12-2018,Meghalaya,Shillong,Loamy,6.7,0.49,155,40,269,1.29
07-03-2023,Andaman and Nicobar Islands,Port Blair,Loamy,5.6,0.12,167,33,339,1.12
01-11-2021,Kerala,Ernakulam,Laterite,5.4,0.19,85,15,185,0.91
04-11-2020,Mizoram,Aizawl,Loamy,6.4,0.28,137,25,347,1.24
18-11-2020,Punjab,Ludhiana,Alluvial,6.4,0.17,179,40,202,0.91
28-10-2017,Uttar Pradesh,Kanpur,Alluvial,6.6,0.75,263,36,222,1.34
24-04-2017,Odisha,Bhubaneswar,Laterite,5.5,0.4,124,12,159,0.84
16-12-2023,Kerala,Ernakulam,Red,5.9,0,92,20,217,0.53
16-10-2024,Rajasthan,Udaipur,Desert,8.2,1.26,60,11,89,0.43
28-03-2015,Puducherry,Puducherry,Loamy,7.2,0.75,160,38,349,1.24
21-09-2020,Gujarat,Vadodara,Black,7.3,0.38,140,15,240,0.59
18-06-2024,Jammu and Kashmir,Srinagar,Loamy,5.4,0.23,244,40,186,0.71
09-02-2025,Manipur,Imphal,Loamy,5.8,0.21,249,20,274,0.95
07-08-2024,Andhra Pradesh,Chittoor,Alluvial,7.7,1.34,263,33,347,1.56
12-02-2016,Uttar Pradesh,Varanasi,Sandy,6.6,0.11,123,16,80,0.64
24-09-2024,Jammu and Kashmir,Srinagar,Loamy,7.5,1.93,224,31,279,1.02
04-06-2022,Tripura,Agartala,Loamy,6,0.15,170,28,241,0.69
16-06-2023,Manipur,Imphal,Loamy,5.4,0.52,194,13,209,0.88
27-07-2019,Sikkim,Gangtok,Loamy,6.3,0.62,176,41,325,1.31
28-05-2015,Goa,North Goa,Loamy,7.1,0.5,209,26,278,0.75
13-05-2021,Manipur,Imphal,Loamy,7.5,1.37,136,42,235,0.88
20-08-2015,Telangana,Hyderabad,Red,6.1,0.2,147,19,237,0.83
02-09-2025,Rajasthan,Udaipur,Desert,7.2,0.28,115,13,89,0.43
04-05-2020,Gujarat,Surat,Black,8.2,1.12,253,25,254,0.69
01-01-2016,Andaman and Nicobar Islands,Port Blair,Loamy,6.5,0.31,158,44,254,0.93
13-01-2024,Lakshadweep,Kavaratti,Loamy,5.6,0.45,185,36,196,0.97
02-08-2019,Lakshadweep,Kavaratti,Loamy,6,0.42,195,17,277,0.88
11-03-2016,Chhattisgarh,Raipur,Loamy,6,0.31,228,40,207,0.94
03-02-2016,Bihar,Gaya,Alluvial,6.5,0.56,177,48,345,1.47
19-05-2018,Sikkim,Gangtok,Loamy,7.1,0.84,125,46,351,0.79
15-11-2018,Nagaland,Kohima,Loamy,6.2,0.02,256,34,211,0.67
21-12-2021,Jammu and Kashmir,Srinagar,Loamy,7.1,0.75,218,21,241,1.15
31-01-2022,Mizoram,Aizawl,Loamy,5.8,0.2,144,29,312,0.91
16-07-2016,Telangana,Hyderabad,Black,6.8,0.86,211,29,283,0.92
02-10-2024,Arunachal Pradesh,Itanagar,Loamy,5.5,0.05,192,31,174,0.72
25-10-2021,Madhya Pradesh,Bhopal,Black,6.2,0.19,188,13,224,0.85
08-07-2018,Manipur,Imphal,Loamy,7.1,1.41,136,44,324,1.04
11-02-2017,Chhattisgarh,Raipur,Loamy,7.2,0.58,193,31,193,1.25
25-07-2021,Assam,Tinsukia,Alluvial,7.3,0.84,292,51,238,1.35
30-07-2020,Assam,Cachar,Alluvial,6.9,0.13,249,29,322,1.11
16-05-2024,Jammu and Kashmir,Srinagar,Loamy,8.4,2.65,175,41,352,0.93
11-01-2022,Tamil Nadu,Chennai,Red,8.4,2.45,149,21,242,0.89
05-09-2018,West Bengal,Kolkata,Red,6.1,0.51,96,17,173,0.71
25-12-2020,Chandigarh,Chandigarh,Loamy,6.2,0.37,179,12,270,0.97
23-04-2019,Nagaland,Kohima,Loamy,7.1,1.18,246,43,199,0.93
11-02-2025,Ladakh,Leh,Sandy Loam,7.8,1.53,110,17,124,0.6
18-09-2017,Delhi,New Delhi,Loamy,6,0.15,120,35,247,0.69
12-08-2021,Uttar Pradesh,Lucknow,Alluvial,7.2,1.25,236,51,250,1.05
05-01-2024,Mizoram,Aizawl,Loamy,6.6,0.57,250,31,191,0.9
01-05-2024,Gujarat,Vadodara,Black,6.6,0.3,223,18,207,0.73
31-05-2018,Haryana,Faridabad,Alluvial,6.3,0.25,185,47,281,0.86
08-03-2025,Dadra and Nagar Haveli and Daman and Diu,Daman,Loamy,4.9,0.9,127,30,296,0.8
06-07-2025,Kerala,Thrissur,Laterite,5.9,0.22,87,15,144,0.51
26-12-2015,Dadra and Nagar Haveli and Daman and Diu,Daman,Loamy,7,0.35,120,17,346,1.16
09-07-2017,Odisha,Bhubaneswar,Laterite,6.4,0.57,130,15,184,0.93
04-07-2021,Jharkhand,Ranchi,Loamy,5.9,0.65,248,24,240,1
29-03-2023,Kerala,Kozhikode,Laterite,5.2,0.51,166,21,127,0.7
15-11-2021,Punjab,Amritsar,Alluvial,7,0.1,162,46,234,1.28
13-03-2023,Gujarat,Rajkot,Black,9.1,3.17,242,49,386,0.88
20-08-2017,Maharashtra,Nagpur,Red,6.9,0.71,194,16,238,0.75
11-12-2024,Karnataka,Hubli,Black,6.4,0.26,108,20,220,0.81
02-01-2020,Gujarat,Rajkot,Sandy,6,0.06,121,3,123,0.76
15-06-2024,Andaman and Nicobar Islands,Port Blair,Loamy,8.3,1.88,232,29,321,1.23
23-11-2022,Jharkhand,Ranchi,Loamy,5.8,0.06,160,28,328,0.81
02-06-2019,Andaman and Nicobar Islands,Port Blair,Loamy,6.8,0.19,133,15,234,0.82
29-06-2019,Himachal Pradesh,Mandi,Loamy,7.3,0.79,192,24,289,1.09
25-01-2021,Ladakh,Leh,Sandy Loam,7.1,0.89,128,24,147,0.6
05-08-2015,Jharkhand,Ranchi,Loamy,6.7,0.5,144,27,236,0.77
13-01-2016,Odisha,Bhubaneswar,Red,6.6,0.53,122,20,215,0.42
29-04-2015,Dadra and Nagar Haveli and Daman and Diu,Daman,Loamy,7.1,0.58,142,27,292,0.73
09-07-2015,Mizoram,Aizawl,Loamy,7.1,0.33,125,15,303,0.97
15-09-2022,Himachal Pradesh,Mandi,Loamy,5.8,0.33,237,35,179,0.97
05-01-2016,Delhi,New Delhi,Loamy,6.6,0.39,170,40,182,1.06
07-12-2019,Puducherry,Puducherry,Loamy,6.9,1.07,220,48,368,0.91
05-01-2021,Telangana,Hyderabad,Red,5,0.13,124,22,167,0.64
05-04-2025,Himachal Pradesh,Kangra,Loamy,5.9,0.33,242,15,217,1.18
13-10-2016,Gujarat,Ahmedabad,Sandy,6.6,0.51,119,19,82,0.35
26-02-2020,Meghalaya,Shillong,Loamy,7,0.87,269,22,297,0.76
20-02-2019,Odisha,Bhubaneswar,Red,5.9,0.64,181,26,251,0.45
08-02-2017,Goa,North Goa,Loamy,5.8,0.22,157,27,201,0.97
18-08-2021,Karnataka,Hubli,Laterite,6.2,0.27,160,21,122,0.83
19-02-2017,Kerala,Ernakulam,Laterite,6.1,0.23,70,19,158,0.76
13-09-2019,Madhya Pradesh,Bhopal,Black,7,0.85,163,41,320,1.08
16-01-2021,Kerala,Kozhikode,Laterite,5.2,0.08,70,17,117,0.75
26-07-2021,Rajasthan,Jodhpur,Desert,6.4,0.41,95,7,91,0.42
04-08-2018,Jharkhand,Ranchi,Loamy,7.2,0.74,194,19,271,0.97
13-03-2024,Punjab,Amritsar,Alluvial,5.7,1.05,183,15,179,0.96
18-01-2023,Ladakh,Leh,Sandy Loam,7.6,0.69,115,26,132,0.72
03-06-2018,West Bengal,Darjeeling,Alluvial,6.1,0.16,161,21,224,1.3
06-06-2016,Telangana,Warangal,Black,7.5,0.39,186,39,159,0.78
05-06-2016,Chhattisgarh,Raipur,Loamy,6.2,0.68,140,30,312,0.81
21-02-2017,Kerala,Ernakulam,Red,6.4,0.53,106,11,225,0.78
09-05-2021,Jammu and Kashmir,Srinagar,Loamy,5.7,0.14,255,15,186,0.82
24-07-2017,Arunachal Pradesh,Itanagar,Loamy,6.8,0.46,208,17,354,0.97
05-07-2024,Himachal Pradesh,Shimla,Sandy Loam,7.1,0.95,151,18,125,0.49
08-02-2021,Sikkim,Gangtok,Loamy,7.6,1.06,225,26,335,0.86
16-08-2019,Chhattisgarh,Raipur,Loamy,6.5,0.14,123,17,291,0.81
02-05-2016,Kerala,Thrissur,Red,6.3,0.33,116,12,149,0.77
25-01-2020,Andhra Pradesh,Visakhapatnam,Black,8.4,1.3,209,24,212,1.01
25-04-2017,Sikkim,Gangtok,Loamy,7.3,0.57,213,44,216,0.94
11-12-2020,Odisha,Bhubaneswar,Red,5,0.11,154,20,169,0.78
21-04-2023,Meghalaya,Shillong,Loamy,6.8,0.39,239,17,319,1.03
14-02-2025,Dadra and Nagar Haveli and Daman and Diu,Daman,Loamy,6.6,0.49,148,29,310,0.93
08-10-2022,Assam,Tinsukia,Alluvial,5.1,0.69,169,15,209,1.31
27-09-2021,Tamil Nadu,Chennai,Red,6,1.03,175,24,140,0.97
26-06-2020,Nagaland,Kohima,Loamy,5.9,0.25,174,27,232,1.03
15-10-2019,Uttar Pradesh,Kanpur,Sandy,6.9,0.2,85,16,102,0.51
18-11-2023,Madhya Pradesh,Bhopal,Red,5.1,0.55,122,10,151,0.57
13-03-2024,Nagaland,Kohima,Loamy,6.6,1.08,265,39,259,0.95
07-08-2024,Assam,Tinsukia,Laterite,6.6,0.93,145,27,104,0.74
16-11-2016,Tamil Nadu,Chennai,Alluvial,6.9,0.76,165,47,211,1.42
30-11-2020,Assam,Kamrup,Laterite,6.7,0.44,130,12,103,0.61
14-01-2023,Tripura,Agartala,Loamy,6.3,1.01,143,35,298,0.85
09-12-2020,Uttarakhand,Dehradun,Loamy,6.4,0.21,250,36,224,0.68
17-04-2019,Uttarakhand,Dehradun,Loamy,6.1,0.45,131,34,298,0.79
30-05-2018,Tripura,Agartala,Loamy,7.1,1.27,142,30,349,0.98
19-02-2025,Telangana,Nizamabad,Black,8.5,2.19,215,23,271,0.95
08-02-2015,Haryana,Faridabad,Sandy,6.7,0.36,75,9,87,0.42
19-12-2021,Himachal Pradesh,Kangra,Sandy Loam,8.2,1.58,94,29,146,0.59
18-02-2017,Chandigarh,Chandigarh,Loamy,6.4,0.77,200,43,199,1.11
10-06-2018,Odisha,Bhubaneswar,Red,6.2,0.09,92,17,235,0.74
10-03-2023,Meghalaya,Shillong,Loamy,7.1,1.62,143,30,350,1.2
10-11-2024,Telangana,Warangal,Black,8.8,1.44,170,40,214,0.8
05-01-2021,Rajasthan,Jaipur,Sandy,5.8,0.88,125,13,43,0.54
30-06-2024,Ladakh,Leh,Sandy Loam,5.4,0.94,137,8,86,0.45
28-05-2023,Goa,North Goa,Loamy,6.3,0.27,264,24,181,0.78
01-06-2022,Chhattisgarh,Raipur,Loamy,5.9,0.36,263,31,196,0.68
26-02-2025,Maharashtra,Nashik,Black,8.8,2.74,251,44,324,1.28
11-04-2020,Bihar,Gaya,Alluvial,6.3,0.45,157,25,385,0.97
29-10-2015,Haryana,Hisar,Alluvial,7,0.53,223,33,383,0.81
24-05-2024,Telangana,Hyderabad,Red,6.5,1.41,129,23,269,0.96
04-04-2021,Karnataka,Hubli,Black,6.6,0.57,219,28,325,1.16
08-10-2016,Mizoram,Aizawl,Loamy,6.7,0.5,204,45,235,1.08
24-10-2016,Rajasthan,Jodhpur,Desert,7.5,0.09,107,12,104,0.27
02-04-2021,Uttar Pradesh,Kanpur,Alluvial,6.5,1.12,212,27,227,1.2
26-10-2019,Uttarakhand,Dehradun,Loamy,7,0.65,265,20,271,0.81
28-02-2021,Meghalaya,Shillong,Loamy,6.4,0.08,177,21,217,1.15
13-09-2015,Uttar Pradesh,Varanasi,Sandy,6.1,0.29,118,18,88,0.46
20-08-2016,Delhi,New Delhi,Loamy,7.1,0.36,197,29,207,0.94
23-10-2016,Dadra and Nagar Haveli and Daman and Diu,Daman,Loamy,6.3,0.61,277,38,331,1.26
23-08-2015,Goa,North Goa,Loamy,7,0.79,240,35,305,1.24
30-09-2018,Haryana,Gurgaon,Alluvial,6.7,1.08,220,26,367,1.08
25-01-2022,Gujarat,Vadodara,Black,7.3,0.99,111,20,279,1.17
17-12-2022,Puducherry,Puducherry,Loamy,8.4,1.96,239,33,325,0.98
04-08-2025,Maharashtra,Mumbai,Black,6.9,0.52,167,18,253,0.77
19-07-2025,Meghalaya,Shillong,Loamy,5.1,0.38,145,33,246,0.64
07-09-2024,Himachal Pradesh,Shimla,Sandy Loam,5.6,0.29,113,7,132,0.74
08-02-2017,Jharkhand,Ranchi,Loamy,6.5,0.47,185,38,265,0.96
01-02-2022,Mizoram,Aizawl,Loamy,5.1,0.82,157,27,164,1.05
01-08-2015,Kerala,Kozhikode,Laterite,5.7,0.51,161,13,161,0.59
07-04-2016,Goa,North Goa,Loamy,6,0.66,145,21,201,0.97
19-10-2021,Odisha,Bhubaneswar,Red,6.1,0.29,119,21,182,0.6
10-10-2015,Andaman and Nicobar Islands,Port Blair,Loamy,7,0.33,134,45,315,1.18
12-12-2024,Goa,North Goa,Loamy,5.5,0.94,228,25,327,0.95
26-01-2025,Tripura,Agartala,Loamy,8,2.37,148,47,307,1.1
26-01-2019,Telangana,Warangal,Red,6,0.08,159,13,117,0.72
01-12-2018,Tripura,Agartala,Loamy,6.7,0.74,139,20,247,0.87
29-03-2015,Meghalaya,Shillong,Loamy,6.8,0.68,150,43,322,1.08
03-12-2017,Meghalaya,Shillong,Loamy,7.4,0.7,190,19,268,1.03
05-04-2016,Goa,North Goa,Loamy,6,0.45,150,37,299,0.89
14-05-2021,Rajasthan,Udaipur,Sandy,6.1,0.27,120,20,85,0.71
12-04-2025,Bihar,Patna,Alluvial,7.4,0.45,185,49,247,1.41
04-10-2021,Puducherry,Puducherry,Loamy,6.7,1.14,191,47,223,1
21-09-2019,West Bengal,Kolkata,Red,5.9,0.45,136,15,224,0.46
08-10-2018,West Bengal,Kolkata,Alluvial,7.1,0.53,186,35,366,1.11
06-07-2022,Mizoram,Aizawl,Loamy,6.6,0.13,185,30,253,1.2
29-05-2016,Maharashtra,Nashik,Black,7.2,0.47,191,31,305,1.17
03-12-2016,Gujarat,Rajkot,Black,6.9,0.64,245,38,192,0.88
12-07-2019,Sikkim,Gangtok,Loamy,6,0.18,122,18,245,0.89
28-08-2020,Andhra Pradesh,Chittoor,Alluvial,6.7,0.09,251,29,351,0.87
23-01-2015,Andaman and Nicobar Islands,Port Blair,Loamy,6.2,0.64,266,19,193,1.26
26-09-2021,Dadra and Nagar Haveli and Daman and Diu,Daman,Loamy,6.9,0.5,173,43,278,0.72
19-11-2017,Chandigarh,Chandigarh,Loamy,6.7,0.47,211,44,205,1.08
05-01-2020,Manipur,Imphal,Loamy,6,0.23,248,37,264,0.81
25-11-2020,Nagaland,Kohima,Loamy,6.5,0.32,163,31,295,1.04
31-05-2024,Jammu and Kashmir,Srinagar,Loamy,6.4,0.58,215,15,235,0.85
28-07-2018,Chandigarh,Chandigarh,Loamy,7.1,0.78,166,18,218,0.81
05-10-2023,Puducherry,Puducherry,Loamy,6,0.15,203,22,314,1.21
14-01-2024,Karnataka,Bangalore,Laterite,4.9,0.46,90,8,108,0.75
08-02-2018,Uttarakhand,Dehradun,Loamy,6.4,0.12,152,33,206,1.06
23-12-2020,Telangana,Hyderabad,Black,7.8,0.86,125,28,236,1.2
28-12-2015,Jammu and Kashmir,Srinagar,Loamy,6.3,0.73,173,40,359,1.2
02-12-2023,Haryana,Faridabad,Alluvial,5.4,0.46,219,38,209,1.14
16-03-2025,Nagaland,Kohima,Loamy,7.9,1.06,183,33,250,0.96
03-01-2025,Madhya Pradesh,Bhopal,Red,6.5,1.37,197,15,139,0.61
16-12-2020,Telangana,Warangal,Red,6.3,1.25,105,33,250,1.04
14-03-2020,Tamil Nadu,Madurai,Red,5.7,0.47,100,22,135,0.86
08-07-2018,Kerala,Ernakulam,Laterite,6.5,0.68,103,21,201,0.83
29-05-2016,Chandigarh,Chandigarh,Loamy,6.9,0.96,204,46,213,1.04
24-03-2016,Dadra and Nagar Haveli and Daman and Diu,Daman,Loamy,6.2,0.39,153,24,204,1.18
07-04-2020,West Bengal,Howrah,Red,5.1,0.32,75,8,220,0.83
11-09-2023,Sikkim,Gangtok,Loamy,5.9,0.12,215,39,337,0.85
15-02-2019,West Bengal,Howrah,Red,6.4,0.71,178,18,181,1
01-06-2018,Madhya Pradesh,Bhopal,Red,6.2,1.16,178,30,162,0.62
30-01-2020,Tripura,Agartala,Loamy,6.4,0.97,150,20,219,1.18
23-05-2017,Gujarat,Surat,Black,7.2,0.91,110,37,236,0.87
02-10-2024,Goa,North Goa,Loamy,6.2,0.4,171,21,269,0.8
25-11-2021,Telangana,Hyderabad,Red,7.2,1.18,126,16,149,0.97
09-06-2023,Odisha,Bhubaneswar,Laterite,6.6,0.96,79,17,179,0.81
29-11-2018,Odisha,Bhubaneswar,Laterite,5.4,0.04,164,8,127,0.61
07-06-2021,Ladakh,Leh,Sandy Loam,6.4,0.04,76,19,115,0.86
28-03-2021,Himachal Pradesh,Shimla,Sandy Loam,7.5,1.16,108,18,184,0.74
21-10-2019,Ladakh,Leh,Sandy Loam,7,0.82,126,15,111,0.64
11-07-2017,Andaman and Nicobar Islands,Port Blair,Loamy,6.7,0.56,237,26,335,1.02
04-08-2023,Telangana,Warangal,Red,5.7,0.2,105,25,173,0.9
04-03-2023,Chhattisgarh,Raipur,Loamy,7.3,1.55,199,34,336,0.95
29-11-2020,Uttar Pradesh,Kanpur,Alluvial,7.2,1.43,177,49,340,1.25
02-11-2017,Maharashtra,Mumbai,Black,7.7,0.73,160,22,304,1
17-11-2018,Andaman and Nicobar Islands,Port Blair,Loamy,6,0.5,259,16,315,1.19
22-12-2021,Goa,North Goa,Loamy,6.3,0.77,203,34,244,1.28
27-02-2023,Gujarat,Surat,Sandy,6.2,0.28,99,9,67,0.77
30-03-2022,Nagaland,Kohima,Loamy,8.4,1.78,249,27,342,0.93
31-03-2021,Tamil Nadu,Coimbatore,Alluvial,8,1.33,215,34,244,1.51
03-04-2022,Andhra Pradesh,Visakhapatnam,Alluvial,6.3,0.74,237,24,332,1.49
10-11-2015,Bihar,Purnia,Alluvial,6.9,0.47,194,23,246,1.19
26-02-2022,Jammu and Kashmir,Srinagar,Loamy,7.3,0.72,247,34,272,1.08
11-06-2023,Tamil Nadu,Madurai,Alluvial,6.3,0.51,232,27,315,1.08
06-03-2021,Uttarakhand,Dehradun,Loamy,7,0.43,230,43,279,0.82
20-06-2020,Uttar Pradesh,Kanpur,Alluvial,7,0.81,267,37,247,1.47
03-11-2017,Haryana,Karnal,Alluvial,7.1,0.26,195,45,372,1.06
15-07-2019,Meghalaya,Shillong,Loamy,6.4,0.75,269,44,269,0.92
21-07-2024,Assam,Cachar,Alluvial,7,1.07,265,29,262,1.11
09-08-2024,Lakshadweep,Kavaratti,Loamy,6.5,0.43,205,18,255,0.75
10-06-2024,Chhattisgarh,Raipur,Loamy,7.3,0.88,245,38,345,1.17
19-06-2023,Punjab,Amritsar,Alluvial,6.3,0.23,159,31,372,1.14
19-03-2022,Maharashtra,Mumbai,Black,7.5,1.22,128,35,293,1.23
14-11-2019,Lakshadweep,Kavaratti,Loamy,6.2,0.3,120,17,234,1.03
03-06-2025,Uttar Pradesh,Kanpur,Sandy,5.2,1.07,88,-1,115,0.46
11-10-2017,Goa,North Goa,Loamy,6.3,0.6,170,30,240,1.22
29-12-2017,Ladakh,Leh,Sandy Loam,6.9,0.02,119,15,165,0.39
31-08-2025,Chhattisgarh,Raipur,Loamy,7.2,0.96,227,29,189,1.15
27-12-2023,Madhya Pradesh,Bhopal,Black,6.3,0.2,190,18,159,0.98
29-01-2018,Lakshadweep,Kavaratti,Loamy,6.3,0.25,211,22,330,0.78
28-11-2016,Meghalaya,Shillong,Loamy,6.7,0.42,245,28,178,0.81
19-12-2020,Andhra Pradesh,Guntur,Black,7.6,0.33,191,37,150,0.97
11-02-2025,Madhya Pradesh,Bhopal,Red,4.8,0.4,115,6,94,0.39
05-11-2018,Karnataka,Mysore,Red,6.4,0.12,187,25,220,0.54
01-03-2018,Haryana,Karnal,Sandy,6.5,0.44,57,20,58,0.4
09-11-2017,Tripura,Agartala,Loamy,6.5,0.04,134,18,184,0.82
13-04-2020,Lakshadweep,Kavaratti,Loamy,6.5,0.53,219,22,204,1.23
27-01-2022,Telangana,Nizamabad,Red,5.1,1.01,183,18,98,0.86
10-10-2017,West Bengal,Darjeeling,Alluvial,6.8,0.72,200,41,268,0.98
15-08-2015,Maharashtra,Mumbai,Red,5.6,0.23,117,25,131,0.58
31-10-2023,Assam,Dibrugarh,Laterite,6.6,0.77,79,25,90,0.98
03-01-2020,Ladakh,Leh,Sandy Loam,7.2,0.69,135,25,145,0.65
10-06-2025,Uttarakhand,Dehradun,Loamy,6.4,0.88,207,28,295,1.18
01-02-2019,Punjab,Ludhiana,Alluvial,7.3,0.24,291,48,360,1.41
01-04-2017,Manipur,Imphal,Loamy,6.7,0.66,271,32,323,1.12
16-07-2020,Uttarakhand,Dehradun,Loamy,6.3,0.39,240,22,224,1.09
20-05-2017,West Bengal,Kolkata,Red,6.7,0.38,111,23,226,0.73
18-09-2021,Tripura,Agartala,Loamy,6.8,1.46,258,27,206,1.09
27-02-2021,Delhi,New Delhi,Loamy,6,0.35,182,18,199,1.19
16-09-2020,Maharashtra,Nagpur,Red,5.3,0.28,175,11,124,0.76
09-03-2023,Haryana,Faridabad,Sandy,6.6,0.05,110,18,52,0.31
01-12-2019,Maharashtra,Nashik,Black,6.4,0.09,125,19,154,0.74
07-07-2015,Andhra Pradesh,Visakhapatnam,Alluvial,6.8,0.79,273,45,246,0.86
16-12-2017,Meghalaya,Shillong,Loamy,6.6,0.46,202,18,267,0.78
29-07-2017,Nagaland,Kohima,Loamy,6.9,0.17,269,40,313,1.28
19-06-2023,Gujarat,Vadodara,Black,6.5,0.59,226,18,265,0.83
09-05-2021,Manipur,Imphal,Loamy,7.1,0.85,275,23,351,1.33
26-09-2023,Telangana,Nizamabad,Red,6.5,0.43,168,23,167,0.55
15-03-2022,Madhya Pradesh,Bhopal,Red,7,1.19,165,29,226,0.53
07-01-2022,Himachal Pradesh,Mandi,Sandy Loam,6,0.44,107,6,141,0.39
06-01-2024,Manipur,Imphal,Loamy,6.9,1.42,276,37,324,1.25
09-06-2016,Jammu and Kashmir,Srinagar,Loamy,6.2,0.52,169,22,213,1.04
26-10-2024,Telangana,Hyderabad,Red,6.4,0.69,166,27,144,0.61
27-05-2025,Delhi,New Delhi,Loamy,6.9,0.79,236,31,205,0.83
09-06-2025,Meghalaya,Shillong,Loamy,5.9,0.47,228,32,267,1.26
02-12-2015,Haryana,Faridabad,Sandy,6.1,0.3,106,5,91,0.69
08-07-2022,Andaman and Nicobar Islands,Port Blair,Loamy,7.5,1.43,256,39,330,1.19
14-12-2017,Tamil Nadu,Madurai,Alluvial,6.8,0.52,178,45,262,1.17
22-12-2021,Dadra and Nagar Haveli and Daman and Diu,Daman,Loamy,7.7,1.2,224,35,278,0.87
26-01-2023,Maharashtra,Nashik,Red,5.1,0.44,185,14,171,0.87
14-09-2022,Chandigarh,Chandigarh,Loamy,5.3,0.68,223,18,288,1.12
27-01-2022,Uttarakhand,Dehradun,Loamy,6.5,0.45,223,26,278,1.09
11-06-2015,Meghalaya,Shillong,Loamy,6.5,0.45,262,19,202,1.26
30-03-2025,Goa,North Goa,Loamy,6.1,0.22,204,16,288,0.96
16-08-2016,Delhi,New Delhi,Loamy,7,0.3,221,43,249,0.78
22-04-2020,Nagaland,Kohima,Loamy,6.5,1.23,247,45,315,0.95
15-01-2021,Meghalaya,Shillong,Loamy,5.2,1.14,155,27,168,0.63
04-12-2023,Kerala,Thrissur,Laterite,5.6,0.25,89,9,191,0.49
01-03-2015,Punjab,Ludhiana,Alluvial,7.3,0.49,266,47,238,1.14
10-02-2023,Andaman and Nicobar Islands,Port Blair,Loamy,5.6,0.69,227,30,233,0.64
24-08-2025,Chandigarh,Chandigarh,Loamy,7.6,1.93,274,46,292,0.87
13-04-2024,Uttar Pradesh,Lucknow,Sandy,5.3,0.84,135,8,92,0.58
16-03-2020,Sikkim,Gangtok,Loamy,7.3,1.31,245,45,274,1.13
08-03-2021,Delhi,New Delhi,Loamy,7.2,1.34,162,42,285,1.11
10-02-2016,Andaman and Nicobar Islands,Port Blair,Loamy,6.3,0.5,186,29,221,1.21
25-10-2016,Sikkim,Gangtok,Loamy,6.5,0.57,218,33,280,1.19
06-02-2018,Madhya Pradesh,Bhopal,Red,6.2,0.15,90,19,233,0.78
04-01-2018,Himachal Pradesh,Shimla,Sandy Loam,7.3,0.55,109,17,164,0.51
25-06-2016,Telangana,Warangal,Red,6.7,0.71,126,29,223,0.92
30-08-2018,Manipur,Imphal,Loamy,7.1,0.79,159,19,305,1.04
24-09-2017,Ladakh,Leh,Sandy Loam,6.5,0.36,98,13,154,0.9
14-02-2018,Madhya Pradesh,Bhopal,Black,7,0.35,98,26,307,0.96
22-02-2023,Uttarakhand,Dehradun,Loamy,7.6,0.88,158,27,200,1.27
17-05-2017,Gujarat,Ahmedabad,Sandy,6.8,0.27,126,15,86,0.61
03-05-2025,Haryana,Hisar,Alluvial,6.5,0.88,214,45,308,1.09
28-08-2020,Maharashtra,Nagpur,Black,7.6,0.8,141,38,177,0.63
07-03-2016,Kerala,Ernakulam,Laterite,5.8,0.43,119,13,95,0.74
14-04-2025,Ladakh,Leh,Sandy Loam,6.6,0.01,80,8,69,0.43
09-01-2017,Mizoram,Aizawl,Loamy,5.9,0.39,204,27,197,1.14
05-10-2018,Andaman and Nicobar Islands,Port Blair,Loamy,7.2,0.87,185,22,323,1.1
02-07-2015,Uttarakhand,Dehradun,Loamy,7.1,0.53,172,34,217,1.01
30-11-2020,Andhra Pradesh,Visakhapatnam,Alluvial,6.6,0.35,250,30,346,1.39
21-04-2018,Puducherry,Puducherry,Loamy,7,0.33,140,24,247,1.17
03-12-2021,Bihar,Purnia,Alluvial,6.6,0.22,245,40,363,1.08
15-03-2018,Telangana,Warangal,Red,5.7,0.24,174,18,179,0.8
10-04-2017,Rajasthan,Jaipur,Desert,7.2,0.05,59,6,115,0.48
10-07-2019,Delhi,New Delhi,Loamy,5.9,0.42,268,15,338,0.9
10-02-2018,Gujarat,Rajkot,Black,6.8,0.34,216,27,316,0.73
11-09-2022,Andhra Pradesh,Krishna,Red,5.1,0.26,172,20,114,0.58
20-04-2016,Assam,Cachar,Alluvial,7.2,0.41,289,48,311,1.25
11-09-2022,Manipur,Imphal,Loamy,5.6,0.52,259,32,171,0.94
19-08-2018,Dadra and Nagar Haveli and Daman and Diu,Daman,Loamy,6.7,0.95,177,36,215,1.06
28-08-2017,Meghalaya,Shillong,Loamy,6.6,0.45,276,34,269,1.23
01-09-2025,Jharkhand,Ranchi,Loamy,6.5,0.06,197,41,281,1.08
16-10-2017,Andaman and Nicobar Islands,Port Blair,Loamy,6.4,0.41,256,36,254,0.96
15-02-2018,Goa,North Goa,Loamy,6.1,0.17,175,19,253,1.19
11-01-2020,Andaman and Nicobar Islands,Port Blair,Loamy,6.2,0.47,231,27,313,0.96
10-06-2015,Mizoram,Aizawl,Loamy,7.2,0.65,127,25,281,0.79
14-09-2021,Sikkim,Gangtok,Loamy,7.5,1.99,232,50,358,1.4
17-07-2015,Telangana,Nizamabad,Black,7.8,0.56,173,22,252,0.69
07-07-2018,Mizoram,Aizawl,Loamy,6.9,0.16,260,18,293,0.87
21-10-2016,Rajasthan,Jaipur,Desert,7.3,0.33,57,7,86,0.49
11-11-2019,Karnataka,Mysore,Red,5.5,0.31,98,19,114,0.61
06-12-2017,Gujarat,Rajkot,Black,7.1,0.76,195,18,158,0.71
03-07-2020,Chhattisgarh,Raipur,Loamy,6.7,0.3,193,33,307,0.68
03-02-2016,Rajasthan,Udaipur,Desert,7.8,0.35,49,11,39,0.21
30-09-2019,Nagaland,Kohima,Loamy,7.1,0.83,193,31,242,1.26
02-05-2019,Jammu and Kashmir,Srinagar,Loamy,6.5,0.35,193,42,306,0.77
26-10-2020,Punjab,Ludhiana,Alluvial,6.6,0.42,152,28,247,1.13
11-12-2020,Manipur,Imphal,Loamy,6,0.06,133,22,238,1.17
16-03-2015,Chhattisgarh,Raipur,Loamy,6.6,0.44,244,15,346,1.22
24-12-2020,Madhya Pradesh,Bhopal,Black,7.4,0.63,107,41,306,0.82
24-08-2016,Kerala,Kozhikode,Laterite,5.1,0.55,106,21,90,0.56
03-07-2024,Rajasthan,Udaipur,Desert,7,0.34,49,6,76,0.45
16-04-2017,Goa,North Goa,Loamy,6.5,0.59,257,32,356,0.75
09-03-2019,Gujarat,Surat,Sandy,6.6,0.51,65,20,87,0.48
14-05-2016,Uttar Pradesh,Kanpur,Sandy,6.5,0.2,69,17,55,0.71
16-05-2019,Haryana,Faridabad,Alluvial,6,0.12,203,35,352,1.46
18-05-2015,Himachal Pradesh,Kangra,Sandy Loam,6.7,0.5,141,15,122,0.52
28-09-2020,Uttarakhand,Dehradun,Loamy,6,0.2,265,27,282,0.88
30-11-2019,Bihar,Gaya,Alluvial,6.5,0.43,148,38,373,1.18
30-08-2017,Rajasthan,Udaipur,Sandy,7,0.66,88,8,148,0.79
01-07-2019,Dadra and Nagar Haveli and Daman and Diu,Daman,Loamy,6.5,0.07,116,15,345,0.66
13-02-2025,Rajasthan,Udaipur,Sandy,6,0.02,65,7,79,0.4
29-02-2020,Tripura,Agartala,Loamy,6.3,0.46,126,16,309,0.77
20-04-2021,Manipur,Imphal,Loamy,7.4,1.57,187,30,354,1.3
18-02-2025,Jammu and Kashmir,Srinagar,Loamy,7.3,0.9,188,35,206,1.05
21-07-2020,West Bengal,Kolkata,Red,6.3,0.84,100,20,182,0.81
20-07-2022,Maharashtra,Pune,Red,6.9,1.21,120,30,207,0.99
25-09-2025,Bihar,Patna,Alluvial,5.6,0.23,160,23,266,1.36
15-03-2020,Punjab,Amritsar,Alluvial,6.2,0.75,196,33,297,1.13
23-02-2022,Puducherry,Puducherry,Loamy,6.7,0.92,274,46,245,1.13
05-09-2022,Kerala,Kozhikode,Laterite,5.7,0.07,159,17,146,0.47
20-12-2018,Delhi,New Delhi,Loamy,6.5,0.39,192,18,348,0.83
30-06-2016,Telangana,Nizamabad,Black,6.6,0.36,182,29,270,0.94
27-03-2024,Punjab,Ludhiana,Alluvial,6.6,0.54,289,27,223,1.08
10-07-2017,Chhattisgarh,Raipur,Loamy,6.2,0.64,127,38,353,0.89
03-08-2016,Chandigarh,Chandigarh,Loamy,6.2,0.37,218,20,321,0.8
04-10-2018,Telangana,Hyderabad,Red,5.7,0.55,100,26,171,0.74
08-09-2025,Gujarat,Vadodara,Black,6.5,0.19,193,20,223,0.87
10-05-2020,Ladakh,Leh,Sandy Loam,7.6,0.62,155,25,95,0.52
26-06-2020,Meghalaya,Shillong,Loamy,6.3,0.24,171,23,251,1.08
27-09-2020,Manipur,Imphal,Loamy,7.2,0.8,152,18,271,1.29
12-02-2023,Tamil Nadu,Coimbatore,Alluvial,6.8,0.16,168,40,355,1.42
12-08-2023,Kerala,Ernakulam,Laterite,6.2,0.83,142,15,161,0.96
04-12-2016,Andaman and Nicobar Islands,Port Blair,Loamy,6.9,0.79,240,36,195,1.16
27-04-2021,Manipur,Imphal,Loamy,7.5,0.9,279,26,310,0.78
31-07-2021,Andaman and Nicobar Islands,Port Blair,Loamy,6.1,0.65,262,31,240,0.96
01-01-2025,Rajasthan,Jaipur,Sandy,6,0.1,140,5,124,0.59
14-06-2019,Manipur,Imphal,Loamy,6.4,0.84,238,20,274,1.17
14-02-2024,Maharashtra,Nagpur,Black,6.5,0.34,131,27,175,0.82
29-09-2016,Meghalaya,Shillong,Loamy,6.2,0.54,231,17,349,1.13
22-08-2022,Manipur,Imphal,Loamy,5.9,0.46,118,34,265,1.21
20-03-2024,Bihar,Muzaffarpur,Alluvial,8.7,2.63,283,32,253,1.16
06-10-2017,Uttarakhand,Dehradun,Loamy,7.4,0.77,167,42,337,1.1
26-02-2023,Tamil Nadu,Chennai,Alluvial,6.8,1.15,181,23,368,1.24
02-10-2016,Andaman and Nicobar Islands,Port Blair,Loamy,7,0.8,166,16,273,1.22
10-10-2022,Himachal Pradesh,Shimla,Sandy Loam,5.6,0.55,78,4,153,0.39
07-04-2024,Gujarat,Rajkot,Sandy,5.7,0.15,109,12,113,0.41
13-04-2022,Bihar,Purnia,Alluvial,7.7,1.21,284,42,266,1.51
05-02-2020,Chhattisgarh,Raipur,Loamy,6,0.67,272,31,258,0.91
27-10-2022,Chhattisgarh,Raipur,Loamy,8.2,2.47,159,52,249,1.34
20-04-2018,Karnataka,Mysore,Laterite,5.5,0.2,147,12,113,0.9
16-11-2016,West Bengal,Darjeeling,Red,6.4,0.48,112,25,152,0.63
26-01-2020,Meghalaya,Shillong,Loamy,6.2,0.02,190,35,346,0.71
28-05-2024,Chandigarh,Chandigarh,Loamy,6,0.22,144,17,255,1.02
07-07-2015,Bihar,Purnia,Alluvial,7.1,0.52,218,48,340,1.28
19-12-2024,Arunachal Pradesh,Itanagar,Loamy,6.6,1.36,253,27,245,0.79
23-11-2024,Assam,Dibrugarh,Laterite,5.4,0.7,164,16,128,0.68
08-06-2019,Rajasthan,Jodhpur,Sandy,5.9,0.04,94,18,139,0.69
15-08-2019,Goa,North Goa,Loamy,7,0.79,233,45,191,0.89
11-09-2017,Nagaland,Kohima,Loamy,6.4,0.42,157,27,351,1.22
01-07-2016,Chhattisgarh,Raipur,Loamy,5.9,0.2,232,20,218,0.91
04-08-2022,Himachal Pradesh,Shimla,Sandy Loam,7.2,0.56,157,17,97,0.7
21-02-2023,Punjab,Ludhiana,Alluvial,8.6,1.86,220,32,406,1.19
02-12-2018,West Bengal,Kolkata,Alluvial,7.1,0.72,236,34,338,0.93
25-05-2017,Uttar Pradesh,Kanpur,Alluvial,5.9,0.17,232,41,367,0.91
09-09-2016,Nagaland,Kohima,Loamy,6.9,0.47,220,40,226,1.06
27-09-2021,Odisha,Bhubaneswar,Red,7.3,1.46,123,28,208,0.76
27-09-2018,Assam,Cachar,Laterite,5.5,0.3,71,12,86,0.92
28-05-2018,Himachal Pradesh,Mandi,Loamy,7,0.42,199,42,317,0.7
21-06-2017,Ladakh,Leh,Sandy Loam,6.7,0.11,88,15,168,0.73
12-06-2015,Dadra and Nagar Haveli and Daman and Diu,Daman,Loamy,7,0.45,218,23,266,0.71
28-05-2020,Mizoram,Aizawl,Loamy,5.9,0.81,145,19,270,1.02
05-01-2024,Tamil Nadu,Coimbatore,Red,7.2,1.12,176,20,200,0.94
27-09-2015,Puducherry,Puducherry,Loamy,6.2,0.51,238,31,303,0.88
23-09-2016,Chhattisgarh,Raipur,Loamy,6,0.37,173,22,323,1.14
24-06-2017,Manipur,Imphal,Loamy,6,0.57,203,19,312,0.74
24-09-2025,Assam,Kamrup,Laterite,6.1,0.16,112,21,99,0.93
03-07-2024,Odisha,Bhubaneswar,Laterite,5.8,0.16,155,18,181,0.89
28-11-2023,West Bengal,Darjeeling,Alluvial,5.6,0.16,197,18,253,1.29
07-07-2020,Assam,Cachar,Laterite,5.9,0.16,67,10,178,0.7
30-06-2019,Bihar,Gaya,Alluvial,6.3,0.63,203,32,380,1.22
28-05-2025,Telangana,Nizamabad,Black,7.5,0.69,179,35,344,1.18
24-07-2015,Dadra and Nagar Haveli and Daman and Diu,Daman,Loamy,6.2,0.32,157,25,203,0.83
04-08-2016,Karnataka,Mysore,Laterite,5.3,0.56,85,22,123,0.85
29-04-2019,Andhra Pradesh,Krishna,Alluvial,7.3,0.5,193,48,356,1.31
20-04-2017,Himachal Pradesh,Shimla,Loamy,7,0.62,165,32,330,0.8
11-01-2020,Mizoram,Aizawl,Loamy,6.1,0.21,253,39,204,1.11
05-06-2018,Andhra Pradesh,Krishna,Black,7.2,0.38,133,21,294,0.78
16-09-2019,Assam,Tinsukia,Alluvial,6.8,0.85,195,41,263,1.03
01-07-2019,Uttar Pradesh,Lucknow,Sandy,7,0.55,81,7,88,0.69
28-03-2022,Dadra and Nagar Haveli and Daman and Diu,Daman,Loamy,7.3,0.6,260,18,304,1.2
26-09-2025,Uttar Pradesh,Varanasi,Sandy,5.8,0.5,136,2,92,0.42
16-04-2021,Tamil Nadu,Chennai,Alluvial,8,1.55,264,27,229,1.26
24-05-2017,Chandigarh,Chandigarh,Loamy,6.2,0,204,28,234,1.05
04-01-2019,Jharkhand,Ranchi,Loamy,6.9,0.42,242,34,295,1.24
13-11-2024,Haryana,Faridabad,Sandy,6.8,0.78,64,19,145,0.56
21-02-2021,Tripura,Agartala,Loamy,6.9,1.27,187,35,282,0.91
20-11-2016,Sikkim,Gangtok,Loamy,6.5,0.64,123,35,290,1.24
03-07-2020,Manipur,Imphal,Loamy,7.6,1.07,222,34,272,0.81
30-10-2024,Jharkhand,Ranchi,Loamy,7.7,1.78,249,49,248,0.88
08-08-2023,Punjab,Patiala,Alluvial,6.7,0.73,199,29,404,1.1
10-05-2022,Tamil Nadu,Chennai,Red,6.9,0.97,130,25,123,0.67
23-11-2018,Andhra Pradesh,Chittoor,Red,6.7,0.9,186,12,223,0.97
24-06-2020,Arunachal Pradesh,Itanagar,Loamy,5.8,0.33,173,15,250,1.06
02-11-2016,Odisha,Bhubaneswar,Laterite,6.3,0.27,93,25,187,0.62
28-06-2025,Maharashtra,Pune,Red,7,1.09,143,31,225,0.61
19-12-2023,Haryana,Gurgaon,Alluvial,6.3,0.42,283,40,224,1.26
17-03-2018,Kerala,Kozhikode,Laterite,5.5,0,107,23,132,0.83
04-02-2019,Uttar Pradesh,Lucknow,Alluvial,6.3,0.2,152,24,283,0.93
15-03-2025,Uttarakhand,Dehradun,Loamy,6.5,0.05,244,32,224,0.87
01-08-2017,Andaman and Nicobar Islands,Port Blair,Loamy,6.7,0.37,229,30,204,0.99
24-02-2021,Manipur,Imphal,Loamy,6.5,0.01,219,19,196,0.87
20-12-2018,Andhra Pradesh,Guntur,Red,6.5,0.66,160,21,158,0.92
26-03-2025,West Bengal,Kolkata,Red,5.1,0.07,114,16,228,0.8
14-12-2021,Assam,Dibrugarh,Laterite,5.5,0.49,153,18,90,0.77
14-06-2017,Nagaland,Kohima,Loamy,5.9,0.32,195,34,268,0.78
29-12-2020,Puducherry,Puducherry,Loamy,6.5,0.88,262,20,300,1.05
29-08-2018,Lakshadweep,Kavaratti,Loamy,6.4,0.59,212,25,334,0.78
14-06-2015,Andaman and Nicobar Islands,Port Blair,Loamy,6.9,0.52,221,24,330,0.72
19-06-2021,Tripura,Agartala,Loamy,7.4,1.25,229,23,242,1.06
30-08-2020,Uttar Pradesh,Lucknow,Sandy,6.9,1.25,61,10,71,0.43
10-01-2018,Haryana,Gurgaon,Sandy,6.4,0.31,77,16,125,0.74
31-12-2024,Odisha,Bhubaneswar,Laterite,5.4,0.09,95,18,115,0.65
08-10-2023,Sikkim,Gangtok,Loamy,5.4,0.1,218,34,329,1.09
18-01-2025,Andaman and Nicobar Islands,Port Blair,Loamy,6.3,0.07,238,33,213,1.13
20-10-2019,Delhi,New Delhi,Loamy,5.9,0.17,172,30,257,0.95
20-04-2023,Jammu and Kashmir,Srinagar,Loamy,4.6,1.08,229,21,263,0.85
10-06-2021,Assam,Dibrugarh,Laterite,5.9,1.18,79,24,157,0.64
22-04-2020,Odisha,Bhubaneswar,Laterite,6,1.06,180,24,187,0.75
06-01-2016,Jharkhand,Ranchi,Loamy,6.5,0.79,179,18,208,1.13
24-02-2020,Uttarakhand,Dehradun,Loamy,6.4,0.07,205,17,202,0.71
02-05-2017,Manipur,Imphal,Loamy,6.5,0.59,236,22,331,0.75
19-01-2016,Karnataka,Belgaum,Laterite,5.1,0.32,138,13,85,0.74
15-04-2020,Uttar Pradesh,Kanpur,Sandy,5.8,0.08,127,12,69,0.48
28-10-2021,Telangana,Warangal,Red,5.7,0.37,126,21,110,0.84
29-02-2016,Madhya Pradesh,Bhopal,Black,6.6,0.84,116,37,223,0.98
17-01-2021,Lakshadweep,Kavaratti,Loamy,6.7,0.91,145,37,198,1.16
24-11-2023,Bihar,Gaya,Alluvial,6.3,0.28,173,38,264,1.05
20-09-2016,Madhya Pradesh,Bhopal,Black,7.5,0.64,186,18,285,0.6
07-05-2025,Himachal Pradesh,Kangra,Loamy,7.5,0.95,144,22,363,1.21
13-06-2017,Puducherry,Puducherry,Loamy,6.9,0.8,182,27,294,0.95
12-12-2021,Gujarat,Rajkot,Black,6.2,0.34,192,24,203,0.75
23-05-2023,Andhra Pradesh,Krishna,Red,7.3,1.29,178,19,129,0.93
02-07-2021,Kerala,Thrissur,Red,6.2,1.25,191,23,164,0.77
20-08-2016,Rajasthan,Jaipur,Sandy,6.2,0.51,115,6,83,0.56
21-05-2023,Karnataka,Hubli,Black,7.4,1.04,109,41,174,0.88
25-05-2021,Maharashtra,Pune,Black,7.8,1.18,196,32,239,1.02
15-08-2016,Puducherry,Puducherry,Loamy,6.1,0.56,136,40,269,1.01
15-08-2019,Puducherry,Puducherry,Loamy,7.1,1.08,172,22,226,0.76
23-12-2024,Tripura,Agartala,Loamy,7.4,1.07,159,17,276,0.99
26-07-2016,Bihar,Purnia,Alluvial,7.2,0.21,204,48,201,1.07
18-05-2024,Uttar Pradesh,Kanpur,Alluvial,7.6,1.76,204,52,412,1.52
06-09-2020,Meghalaya,Shillong,Loamy,5.7,0.23,233,17,271,1.25
21-03-2023,Jharkhand,Ranchi,Loamy,7.4,1.5,275,24,369,1.27
21-09-2020,Arunachal Pradesh,Itanagar,Loamy,5.6,0.11,229,28,305,1.06
01-09-2019,Jammu and Kashmir,Srinagar,Loamy,6.6,0.71,236,42,222,1.12
06-10-2021,Odisha,Bhubaneswar,Laterite,6.2,0.75,117,15,115,0.78
17-01-2025,Goa,North Goa,Loamy,7.2,0.56,168,41,244,1.29
26-06-2015,Odisha,Bhubaneswar,Red,5.6,0.7,187,26,124,0.98
12-06-2016,Haryana,Gurgaon,Alluvial,7.2,0.29,251,49,279,0.86
22-06-2019,Maharashtra,Nagpur,Black,7.8,0.6,104,27,293,0.61
23-08-2017,Jharkhand,Ranchi,Loamy,6.7,0.6,225,45,297,1.14
26-02-2019,Assam,Dibrugarh,Alluvial,7.3,1.15,283,42,406,1.43
17-07-2015,Andaman and Nicobar Islands,Port Blair,Loamy,6.1,0.55,265,43,248,1.14
11-04-2022,Manipur,Imphal,Loamy,6.4,0.08,194,12,313,0.92
27-12-2024,Tamil Nadu,Madurai,Alluvial,5.9,0.1,171,40,256,0.87
29-11-2022,Tamil Nadu,Madurai,Alluvial,6.6,0.02,171,29,384,1.45
02-05-2017,Nagaland,Kohima,Loamy,6.9,0.54,234,29,273,1.07
28-10-2024,Odisha,Bhubaneswar,Laterite,4.9,0.16,103,12,122,0.6
18-03-2019,West Bengal,Howrah,Red,5.7,0.41,158,15,199,0.47
31-08-2020,Uttar Pradesh,Kanpur,Alluvial,6.4,0.72,276,26,370,1.25
19-09-2023,Jharkhand,Ranchi,Loamy,7.8,1.56,196,28,320,1.28
16-12-2017,Bihar,Patna,Alluvial,6.5,0.51,167,48,309,1.44
04-08-2023,Arunachal Pradesh,Itanagar,Loamy,6.6,0.02,137,39,269,0.67
29-11-2022,Assam,Cachar,Laterite,5.4,0.37,160,11,122,0.66
08-04-2015,Gujarat,Ahmedabad,Sandy,6.8,0.41,90,15,89,0.59
21-10-2023,Meghalaya,Shillong,Loamy,7.2,0.69,139,39,209,1.02
18-03-2020,Dadra and Nagar Haveli and Daman and Diu,Daman,Loamy,6.9,0.87,155,42,351,0.77
10-03-2016,Jharkhand,Ranchi,Loamy,6.1,0.75,182,34,279,0.82
28-09-2016,Odisha,Bhubaneswar,Laterite,6.1,0.27,93,24,195,0.75
08-04-2025,West Bengal,Kolkata,Alluvial,7,0.04,166,45,277,0.83
24-08-2023,Mizoram,Aizawl,Loamy,5.2,0.23,189,15,322,1.11
10-08-2016,West Bengal,Kolkata,Alluvial,6.4,0.53,192,30,320,1.18
10-12-2015,Odisha,Bhubaneswar,Red,6,0.25,196,13,195,0.45
10-08-2018,Tamil Nadu,Madurai,Red,5.6,0.34,112,20,115,0.5
02-06-2020,Punjab,Patiala,Alluvial,7.2,0.36,168,27,207,0.88
24-07-2016,Madhya Pradesh,Bhopal,Red,6.6,0.18,183,26,114,0.41
10-03-2025,Madhya Pradesh,Bhopal,Red,5.3,0.23,158,21,176,0.48
02-09-2016,Karnataka,Hubli,Laterite,6.4,0.31,98,23,147,0.86
24-09-2019,Manipur,Imphal,Loamy,6.9,1.11,271,30,231,1.13
09-04-2021,Mizoram,Aizawl,Loamy,7.2,0.55,267,19,246,1
29-01-2020,West Bengal,Howrah,Red,6.6,0.58,193,29,225,0.49
21-02-2022,Odisha,Bhubaneswar,Red,6.5,0.26,157,21,209,0.66
17-08-2017,Bihar,Gaya,Alluvial,6.9,0.13,181,46,263,1.47
10-09-2020,Sikkim,Gangtok,Loamy,6.4,0.8,278,22,228,1.15
04-09-2021,Sikkim,Gangtok,Loamy,6.7,0.26,255,15,288,1.08
13-05-2021,Puducherry,Puducherry,Loamy,7.5,1.09,163,26,277,0.83
15-06-2016,Delhi,New Delhi,Loamy,7.1,0.32,241,25,282,0.72
23-03-2018,Delhi,New Delhi,Loamy,6.7,0.61,124,19,310,1.18
27-08-2021,Kerala,Kozhikode,Red,5,0.53,82,9,84,0.67
27-12-2017,Arunachal Pradesh,Itanagar,Loamy,7.2,0.79,257,35,328,0.92
16-03-2020,West Bengal,Kolkata,Red,6.5,1.43,176,16,245,0.69
02-06-2017,Jharkhand,Ranchi,Loamy,6.9,0.75,163,45,355,0.72
11-03-2021,Sikkim,Gangtok,Loamy,5.5,0.56,247,37,256,1.12
06-08-2019,Mizoram,Aizawl,Loamy,6.4,0.43,161,32,210,0.8
20-08-2021,Uttar Pradesh,Varanasi,Sandy,7.1,1.48,161,24,143,0.81
23-08-2022,Assam,Cachar,Alluvial,5.4,0.93,233,19,329,0.82
10-03-2021,Gujarat,Vadodara,Black,6.4,0.46,112,25,154,0.61
27-10-2020,Haryana,Karnal,Alluvial,7,1.42,262,32,264,1.4
16-10-2019,Punjab,Patiala,Alluvial,7.7,0.86,208,29,270,1.06
29-04-2022,Kerala,Ernakulam,Laterite,4.5,0.28,126,12,93,0.47
05-04-2022,Jammu and Kashmir,Srinagar,Loamy,7.7,1.23,144,41,329,0.94
20-02-2017,Mizoram,Aizawl,Loamy,6.5,0.82,128,30,214,1.11
14-06-2024,West Bengal,Kolkata,Red,6.4,0.04,88,14,225,0.82
07-05-2023,Jharkhand,Ranchi,Loamy,5.8,0.36,242,21,320,1.1
20-06-2022,Sikkim,Gangtok,Loamy,7.1,0.71,278,33,349,0.86
06-10-2020,Delhi,New Delhi,Loamy,5.7,0,268,33,228,1.23
03-08-2025,Sikkim,Gangtok,Loamy,6.7,0.6,267,37,221,1.28
25-06-2023,Madhya Pradesh,Bhopal,Red,7.5,1.23,163,22,156,0.5
30-05-2017,Uttarakhand,Dehradun,Loamy,6.8,0.13,258,32,287,1.17
22-03-2016,Manipur,Imphal,Loamy,5.9,0.36,206,23,284,0.94
14-10-2020,Sikkim,Gangtok,Loamy,7,0.65,270,31,341,1.02
19-11-2019,Chandigarh,Chandigarh,Loamy,5.7,0.05,148,15,313,0.96
01-07-2018,Puducherry,Puducherry,Loamy,6.6,0.78,207,34,333,0.96
14-06-2020,Puducherry,Puducherry,Loamy,7.5,0.89,181,35,349,1.22
03-12-2017,Jammu and Kashmir,Srinagar,Loamy,6.8,0.89,191,41,329,1.25
04-09-2023,Odisha,Bhubaneswar,Laterite,5.3,0.38,164,23,120,0.52
27-04-2019,Haryana,Hisar,Sandy,6.6,0.42,60,18,81,0.64
08-10-2017,Delhi,New Delhi,Loamy,6.6,0.26,276,38,319,0.78
24-03-2021,West Bengal,Howrah,Red,6.4,1.36,106,30,180,0.69
12-02-2017,Tripura,Agartala,Loamy,6.1,0.56,233,43,333,1.13
19-06-2022,Ladakh,Leh,Sandy Loam,5.8,0.68,117,6,119,0.55
08-08-2024,Mizoram,Aizawl,Loamy,6.1,0.44,267,44,311,0.73
20-12-2019,Telangana,Hyderabad,Red,5.7,0.59,201,28,243,0.79
02-04-2022,Rajasthan,Udaipur,Sandy,5.7,0.17,69,14,110,0.35
23-08-2021,Arunachal Pradesh,Itanagar,Loamy,6.7,0.97,246,19,263,1.15
16-04-2018,Dadra and Nagar Haveli and Daman and Diu,Daman,Loamy,6.3,0.33,116,40,249,1.05
21-12-2018,Delhi,New Delhi,Loamy,6.8,0.35,133,18,317,0.81
19-07-2022,Chandigarh,Chandigarh,Loamy,5.1,0.59,224,28,221,0.71
03-11-2015,Kerala,Ernakulam,Red,6.2,0.61,149,29,102,1
17-02-2017,Kerala,Thrissur,Red,6.1,0.63,177,26,154,0.61
26-12-2021,Telangana,Warangal,Red,6.7,0.97,136,19,240,0.84
04-05-2021,Telangana,Warangal,Red,6.1,0.03,85,20,141,0.57
05-01-2025,Karnataka,Mysore,Red,6,0.41,112,11,161,0.42
08-01-2015,Madhya Pradesh,Bhopal,Black,7.4,0.47,127,21,194,0.79
30-12-2021,Uttarakhand,Dehradun,Loamy,6.1,0.76,262,34,191,1.18
20-04-2016,Haryana,Faridabad,Sandy,6.3,0.09,60,18,85,0.4
13-08-2018,Jharkhand,Ranchi,Loamy,6,0.23,211,20,277,1.01
20-01-2021,Haryana,Faridabad,Alluvial,6.3,0.43,256,48,378,1.19
29-04-2016,Punjab,Ludhiana,Alluvial,6.5,0.72,255,38,341,1.24
16-01-2025,Haryana,Gurgaon,Sandy,3.5,2.14,111,1,25,0.06
10-08-2023,Himachal Pradesh,Kangra,Loamy,6.5,0.81,182,23,237,1.17
27-02-2022,Gujarat,Surat,Black,7.9,0.68,150,22,184,0.89
23-06-2017,Maharashtra,Nashik,Black,6.9,0.74,135,33,208,0.96
12-07-2016,West Bengal,Darjeeling,Red,5.9,0.48,111,22,114,0.73
21-05-2020,Arunachal Pradesh,Itanagar,Loamy,6.7,1.04,236,30,242,1.13
04-04-2021,Haryana,Gurgaon,Alluvial,5.9,0.06,290,24,320,1.38
01-02-2018,Madhya Pradesh,Bhopal,Red,6.4,0.62,163,12,159,0.58
18-05-2018,Rajasthan,Jaipur,Sandy,6.6,0.3,87,5,118,0.55
14-02-2022,West Bengal,Kolkata,Alluvial,6.7,0.21,282,22,226,1
15-11-2022,Jammu and Kashmir,Srinagar,Loamy,7.6,1.3,161,40,260,1.31
12-04-2016,Tamil Nadu,Chennai,Alluvial,6.3,0.28,276,41,364,0.91
26-08-2024,Manipur,Imphal,Loamy,7.1,0.9,245,29,210,1.05
22-02-2024,Arunachal Pradesh,Itanagar,Loamy,7.6,1.04,162,39,242,0.87
30-08-2021,Kerala,Ernakulam,Laterite,5.2,0.17,165,17,113,0.63
23-09-2022,Ladakh,Leh,Sandy Loam,5.4,1.2,140,5,120,0.66
27-04-2017,Assam,Kamrup,Alluvial,6.7,0.18,270,34,230,1.3
31-08-2021,Chhattisgarh,Raipur,Loamy,6.6,0.57,196,23,355,0.94
03-01-2023,Assam,Kamrup,Laterite,6.1,0.83,93,27,186,0.66
16-09-2015,Odisha,Bhubaneswar,Laterite,5.5,0.57,129,18,158,0.88
10-10-2015,Arunachal Pradesh,Itanagar,Loamy,6.5,0.48,151,16,314,0.74
08-07-2019,Mizoram,Aizawl,Loamy,7.3,0.6,249,18,280,0.92
13-03-2020,Maharashtra,Nagpur,Red,6.8,0.24,113,24,231,0.52
09-02-2015,West Bengal,Darjeeling,Red,5.6,0.2,106,11,154,0.66
08-12-2021,Uttarakhand,Dehradun,Loamy,5.9,0.39,151,23,187,1.12
24-02-2023,Jharkhand,Ranchi,Loamy,6.2,0.63,195,29,295,0.72
17-03-2021,Assam,Kamrup,Alluvial,6.5,0.32,250,19,389,0.91
06-10-2023,Ladakh,Leh,Sandy Loam,6,0.01,56,23,65,0.42
11-10-2017,Tripura,Agartala,Loamy,6.5,0.28,131,16,225,1.25
30-05-2023,Sikkim,Gangtok,Loamy,5.2,0.55,138,11,255,1.07
31-10-2024,Chandigarh,Chandigarh,Loamy,6.5,0.45,228,24,334,1.07
04-09-2016,Rajasthan,Jaipur,Sandy,7,0.42,128,10,102,0.32
23-02-2023,Chandigarh,Chandigarh,Loamy,7.5,1.25,226,20,354,0.77
30-03-2020,West Bengal,Howrah,Red,7.7,1.6,190,25,220,0.73
18-11-2016,Dadra and Nagar Haveli and Daman and Diu,Daman,Loamy,6.8,0.31,235,23,228,1.18
07-02-2025,Uttar Pradesh,Kanpur,Sandy,7.7,1.23,151,12,94,0.53
04-09-2016,Sikkim,Gangtok,Loamy,6.7,0.33,165,32,213,0.91
26-04-2021,Rajasthan,Jaipur,Sandy,5.3,0.25,74,14,88,0.34
26-04-2023,Andhra Pradesh,Visakhapatnam,Red,7.2,0.78,99,20,169,0.93
02-04-2023,Madhya Pradesh,Bhopal,Red,5.3,0.53,183,14,185,0.72
10-08-2021,Rajasthan,Udaipur,Desert,7.4,0.05,38,8,92,0.25
17-11-2019,Himachal Pradesh,Shimla,Sandy Loam,7.3,0.49,62,23,75,0.86
16-12-2019,Mizoram,Aizawl,Loamy,7.4,0.94,182,33,295,0.92
04-02-2022,Rajasthan,Jaipur,Sandy,6.3,0.33,70,11,79,0.66
20-05-2022,Dadra and Nagar Haveli and Daman and Diu,Daman,Loamy,5.3,0.08,170,18,254,0.8
28-03-2019,Sikkim,Gangtok,Loamy,6.1,0.38,130,29,245,1
14-04-2020,Kerala,Kozhikode,Red,6,0.74,112,21,167,0.81
01-11-2022,Goa,North Goa,Loamy,5.5,0.77,136,26,329,0.68
15-06-2023,Meghalaya,Shillong,Loamy,6.4,0.35,253,29,222,1.26
26-02-2018,Uttar Pradesh,Varanasi,Sandy,6.1,0.08,74,6,124,0.45
28-07-2016,Chhattisgarh,Raipur,Loamy,6.4,0.65,204,42,186,0.9
16-09-2023,Himachal Pradesh,Kangra,Sandy Loam,7.8,0.83,80,21,116,0.7
25-03-2020,Maharashtra,Nagpur,Black,7.2,0.51,219,34,198,0.8
09-10-2017,Chandigarh,Chandigarh,Loamy,7.2,0.74,187,27,214,0.93
13-11-2024,Uttar Pradesh,Varanasi,Sandy,6.4,0.13,67,5,51,0.54
31-10-2016,Andaman and Nicobar Islands,Port Blair,Loamy,6.6,0.58,280,28,325,0.84
26-09-2015,Odisha,Bhubaneswar,Red,5.5,0.21,97,14,179,0.81
08-11-2023,Haryana,Gurgaon,Sandy,5.1,1.05,120,1,93,0.64
07-07-2018,Tamil Nadu,Chennai,Alluvial,7.4,0.3,191,34,245,1.49
12-07-2017,Jammu and Kashmir,Srinagar,Loamy,6,0.5,207,29,273,1.29
30-01-2018,Dadra and Nagar Haveli and Daman and Diu,Daman,Loamy,6.6,0.19,184,19,306,0.82
10-03-2019,Jammu and Kashmir,Srinagar,Loamy,7.2,0.75,271,30,337,1.11
25-10-2019,Lakshadweep,Kavaratti,Loamy,6.2,0.07,119,34,215,0.9
14-05-2019,Chhattisgarh,Raipur,Loamy,6.7,0.76,134,27,202,1.06
04-09-2015,Meghalaya,Shillong,Loamy,7.1,0.59,218,42,344,1.2
28-02-2025,Mizoram,Aizawl,Loamy,6.6,0.45,257,25,349,1.1
02-08-2025,Lakshadweep,Kavaratti,Loamy,5.9,0.43,243,15,325,0.79
13-09-2025,Lakshadweep,Kavaratti,Loamy,4.1,1.32,138,30,192,1.06
10-04-2019,Punjab,Amritsar,Alluvial,6.1,0.35,202,38,394,0.91
18-12-2020,Arunachal Pradesh,Itanagar,Loamy,6,0.18,143,34,244,1.23
28-07-2021,Punjab,Ludhiana,Alluvial,6.2,0.16,261,24,266,1.03
21-02-2021,Nagaland,Kohima,Loamy,7.3,1.27,249,19,249,0.87
31-07-2025,Andhra Pradesh,Krishna,Alluvial,6.8,0.39,223,28,358,0.81
23-04-2020,Andaman and Nicobar Islands,Port Blair,Loamy,5.8,0.15,188,37,340,0.99
18-07-2017,Andaman and Nicobar Islands,Port Blair,Loamy,6.2,0.46,180,20,235,0.98
26-03-2025,Odisha,Bhubaneswar,Red,6.3,0.39,171,22,199,0.92
15-06-2024,Goa,North Goa,Loamy,6.5,0.38,141,39,207,1.15
28-05-2023,Haryana,Hisar,Sandy,6.5,0.7,68,12,70,0.47
16-05-2022,Telangana,Nizamabad,Red,6.8,1.44,109,29,260,1.01
15-08-2015,Punjab,Ludhiana,Alluvial,7.5,0.55,294,29,284,1.08
11-07-2022,Maharashtra,Pune,Black,7.1,0.03,175,15,215,0.55
17-09-2024,Chhattisgarh,Raipur,Loamy,5.7,0.79,203,30,223,0.96
18-09-2024,Puducherry,Puducherry,Loamy,6.1,0.06,171,17,219,1.2
22-09-2015,Meghalaya,Shillong,Loamy,6.4,0.35,133,20,203,1
27-10-2018,Gujarat,Vadodara,Sandy,7.2,0.58,142,13,120,0.41
27-09-2024,Meghalaya,Shillong,Loamy,5.7,0.02,156,36,203,0.74
28-12-2018,Gujarat,Surat,Sandy,6.5,0.2,136,7,112,0.64
07-10-2016,Uttarakhand,Dehradun,Loamy,6.5,0.8,129,40,281,1.07
08-03-2021,Maharashtra,Pune,Black,7.6,0.41,222,34,344,1.16
22-12-2024,Maharashtra,Nagpur,Black,7,0.78,239,32,247,0.69
10-06-2024,Delhi,New Delhi,Loamy,8.1,1.73,141,40,370,1.12
19-11-2018,Delhi,New Delhi,Loamy,6.8,0.12,258,37,346,1.14
13-01-2019,Punjab,Patiala,Alluvial,7.3,0.56,160,32,363,1.26
10-03-2023,Ladakh,Leh,Sandy Loam,6.5,0.13,101,10,115,0.87
19-10-2018,Gujarat,Vadodara,Black,7.2,0.49,118,39,233,0.89
14-03-2020,Lakshadweep,Kavaratti,Loamy,7.1,0.76,159,23,256,0.86
09-11-2021,Assam,Dibrugarh,Alluvial,7.5,0.83,257,28,325,0.94
04-08-2022,Andaman and Nicobar Islands,Port Blair,Loamy,6.4,0.89,223,21,249,0.77
27-05-2025,Telangana,Nizamabad,Red,6.8,0.94,174,19,172,0.89
03-06-2018,Sikkim,Gangtok,Loamy,7.2,0.69,275,31,205,1.03
08-09-2017,Goa,North Goa,Loamy,6.9,0.6,208,24,217,0.87
28-02-2018,Telangana,Nizamabad,Red,6.4,0.94,183,15,190,0.68
10-08-2016,Tamil Nadu,Chennai,Alluvial,6.6,0.94,292,24,344,0.84
20-04-2016,Jharkhand,Ranchi,Loamy,6.1,0.87,232,25,302,1.22
27-12-2019,Meghalaya,Shillong,Loamy,6.8,0.67,139,23,271,1.23
12-09-2017,Karnataka,Belgaum,Laterite,6.3,0.46,157,22,151,0.62
02-03-2024,Lakshadweep,Kavaratti,Loamy,5.1,0.56,232,11,234,1.2
12-01-2021,Goa,North Goa,Loamy,6.7,0.4,161,33,264,1.05
28-06-2025,Telangana,Warangal,Red,8,1.58,118,25,203,0.57
26-05-2018,Delhi,New Delhi,Loamy,6.2,0.24,179,31,304,1.22
09-07-2015,Kerala,Kozhikode,Red,5.7,0.64,146,27,248,0.73
11-12-2018,Uttarakhand,Dehradun,Loamy,5.8,0.17,123,39,177,1.02
07-09-2017,Nagaland,Kohima,Loamy,6.2,0.68,228,44,343,1.05
26-08-2019,Madhya Pradesh,Bhopal,Black,6.9,0.13,181,22,204,0.97
12-09-2019,Chandigarh,Chandigarh,Loamy,6.1,0.38,144,25,333,0.67
06-02-2022,Madhya Pradesh,Bhopal,Red,5.7,0.4,120,18,228,0.63
10-02-2015,Puducherry,Puducherry,Loamy,7,0.43,239,28,317,0.84
12-06-2021,Ladakh,Leh,Sandy Loam,6.3,0.13,81,12,98,0.84
31-07-2017,Chandigarh,Chandigarh,Loamy,6.1,0.34,220,34,227,0.94
04-12-2015,Tripura,Agartala,Loamy,6.2,0.64,175,37,218,0.94
30-08-2018,Arunachal Pradesh,Itanagar,Loamy,5.7,0.08,203,33,249,0.96
03-01-2018,Ladakh,Leh,Sandy Loam,6.8,0.27,69,15,92,0.66
20-03-2023,Nagaland,Kohima,Loamy,6.6,0.77,130,30,265,0.88
15-05-2021,Chhattisgarh,Raipur,Loamy,7.8,1.39,236,39,307,1.33
22-11-2023,Odisha,Bhubaneswar,Laterite,5.8,0.41,83,15,100,0.6
14-06-2017,Nagaland,Kohima,Loamy,7.4,0.58,208,26,248,0.88
22-03-2025,Lakshadweep,Kavaratti,Loamy,6.9,0.54,182,27,208,1.16
09-05-2021,Rajasthan,Jodhpur,Sandy,6.1,0.12,116,4,124,0.74
24-11-2022,Jharkhand,Ranchi,Loamy,6.6,0.42,230,34,297,1.2
21-04-2022,Sikkim,Gangtok,Loamy,5.9,0.23,235,18,344,0.86
02-08-2019,Madhya Pradesh,Bhopal,Red,6.5,0.66,117,17,186,0.6
19-12-2022,Mizoram,Aizawl,Loamy,7.2,1.02,126,29,301,1.22
21-07-2025,Himachal Pradesh,Mandi,Sandy Loam,6.4,0.41,157,23,147,0.66
19-07-2017,Telangana,Nizamabad,Black,7.2,0.82,155,40,198,0.86
16-10-2015,Maharashtra,Nagpur,Red,5.5,0.34,140,25,185,0.63
24-12-2016,Haryana,Faridabad,Sandy,6.5,0.22,73,6,127,0.55
19-01-2023,Odisha,Bhubaneswar,Laterite,5.7,0.02,170,15,77,0.81
08-05-2021,West Bengal,Darjeeling,Alluvial,5.9,0.06,175,27,357,1.16
07-05-2020,Chandigarh,Chandigarh,Loamy,6.9,0.84,259,17,338,0.74
25-12-2017,Gujarat,Ahmedabad,Sandy,6,0.04,66,16,115,0.63
27-04-2016,Uttar Pradesh,Kanpur,Sandy,6,0.34,137,20,86,0.71
24-07-2017,Karnataka,Bangalore,Red,6.7,0.42,157,14,170,0.94
14-04-2021,Maharashtra,Mumbai,Red,6.8,0.48,105,15,220,0.95
05-06-2015,Rajasthan,Udaipur,Sandy,6.6,0.48,123,13,111,0.72
06-12-2017,Haryana,Gurgaon,Alluvial,7.5,0.51,290,37,297,1.39
12-05-2020,Assam,Tinsukia,Laterite,5.7,0.23,70,9,152,0.52
06-11-2021,West Bengal,Kolkata,Red,6.5,0.99,204,17,192,0.95
26-02-2021,Andaman and Nicobar Islands,Port Blair,Loamy,6.9,1.25,212,36,212,1.03
11-08-2019,Tamil Nadu,Chennai,Alluvial,6,0.39,209,28,320,1.08
04-05-2015,Nagaland,Kohima,Loamy,7,0.54,212,19,330,0.95
10-08-2020,Jammu and Kashmir,Srinagar,Loamy,5.7,0.23,141,26,232,0.79
25-08-2017,Madhya Pradesh,Bhopal,Red,6,0.9,174,17,181,0.71
27-06-2025,Kerala,Thrissur,Laterite,3.9,0.79,148,10,140,0.62
04-05-2017,Chhattisgarh,Raipur,Loamy,5.9,0.54,153,35,271,1.1
01-10-2016,Karnataka,Hubli,Red,5.7,0.41,189,26,228,0.69
16-02-2021,Karnataka,Mysore,Black,6.9,0.46,135,33,313,1.13
22-05-2019,Dadra and Nagar Haveli and Daman and Diu,Daman,Loamy,6,0.36,248,29,318,0.65
07-01-2022,Dadra and Nagar Haveli and Daman and Diu,Daman,Loamy,7.2,0.71,243,36,190,1.1
17-03-2016,Madhya Pradesh,Bhopal,Black,6.6,0.37,138,15,205,0.97
28-04-2020,Maharashtra,Nashik,Red,5.7,0.09,88,24,147,0.57
13-01-2020,Tripura,Agartala,Loamy,6.1,0.27,256,42,313,1.03
04-01-2020,Delhi,New Delhi,Loamy,6.4,0.57,237,19,299,0.94
30-12-2020,Delhi,New Delhi,Loamy,7.2,1.2,263,21,191,0.97
07-12-2023,Manipur,Imphal,Loamy,7.2,0.58,232,30,318,0.82
16-06-2016,Meghalaya,Shillong,Loamy,6.6,0.37,249,25,297,1.26
24-03-2021,Goa,North Goa,Loamy,6.3,0.05,248,13,217,0.88
29-08-2018,Tripura,Agartala,Loamy,6.8,0.63,168,29,235,0.85
17-02-2025,Manipur,Imphal,Loamy,5.2,0.66,211,18,325,0.73
06-08-2017,Bihar,Patna,Alluvial,6.9,0.39,234,25,285,1.33
27-03-2024,Bihar,Patna,Alluvial,7.4,0.55,205,21,222,0.91
14-03-2025,Chandigarh,Chandigarh,Loamy,7.6,1.7,251,38,290,1.36
12-07-2020,Puducherry,Puducherry,Loamy,6.3,0.14,255,15,290,0.73
04-04-2016,Uttarakhand,Dehradun,Loamy,6.7,0.68,244,30,344,0.97
04-07-2024,Dadra and Nagar Haveli and Daman and Diu,Daman,Loamy,7.6,1.09,193,18,243,1.27
04-07-2016,Lakshadweep,Kavaratti,Loamy,6.4,0.26,197,25,340,1.02
28-01-2016,Himachal Pradesh,Kangra,Loamy,6.8,0.48,152,40,192,0.95
23-11-2019,Haryana,Karnal,Sandy,6.4,0.48,145,16,87,0.61
24-04-2017,Maharashtra,Pune,Red,6.3,0.02,91,11,168,0.81
23-12-2023,Delhi,New Delhi,Loamy,6.4,0.14,216,19,227,0.86
07-03-2021,Tamil Nadu,Chennai,Red,7.8,1.8,122,17,239,0.77
12-02-2018,Rajasthan,Jaipur,Desert,6.9,0.12,66,11,116,0.27
05-06-2025,Kerala,Kozhikode,Laterite,5.1,0.06,119,19,117,0.53
07-10-2016,Arunachal Pradesh,Itanagar,Loamy,6.4,0.45,205,22,249,1.17
05-02-2024,Madhya Pradesh,Bhopal,Black,7.4,1.38,207,23,267,1.03
16-03-2021,Bihar,Purnia,Alluvial,6.5,0.37,217,21,380,1.26
20-09-2021,Punjab,Patiala,Alluvial,6.7,0.38,208,48,222,1.3
06-01-2019,Maharashtra,Pune,Black,7.8,1.03,245,40,168,0.75
22-01-2025,Chandigarh,Chandigarh,Loamy,6.6,0.56,187,15,292,0.8
09-10-2018,Andaman and Nicobar Islands,Port Blair,Loamy,6,0.13,191,13,272,0.83
14-01-2023,Haryana,Faridabad,Alluvial,7.9,1.26,269,51,288,1.57
18-02-2022,Kerala,Thrissur,Laterite,5.3,0.57,143,12,98,0.67
10-02-2022,Uttar Pradesh,Varanasi,Alluvial,6.2,0.47,216,35,267,0.78
22-05-2015,Arunachal Pradesh,Itanagar,Loamy,6.6,0.65,153,35,209,0.94
13-04-2022,Maharashtra,Mumbai,Black,7.7,1.89,192,45,360,1.31
15-05-2016,Goa,North Goa,Loamy,6.5,0.59,170,17,308,1.28
19-04-2017,Dadra and Nagar Haveli and Daman and Diu,Daman,Loamy,6.5,0.3,268,25,341,1.2
12-07-2022,Mizoram,Aizawl,Loamy,8.2,2.02,160,43,209,1.27
27-11-2024,Tripura,Agartala,Loamy,7,0.72,252,29,273,0.75
10-08-2019,Lakshadweep,Kavaratti,Loamy,5.9,0.04,123,26,265,1
15-04-2019,Kerala,Thrissur,Laterite,5.6,0.41,73,19,181,0.51
08-08-2020,Madhya Pradesh,Bhopal,Red,7.1,1.64,187,28,174,0.99
22-09-2025,Odisha,Bhubaneswar,Red,6.4,0.26,138,23,149,0.77
11-03-2019,Tripura,Agartala,Loamy,6,0.43,250,30,275,0.7
18-08-2016,Dadra and Nagar Haveli and Daman and Diu,Daman,Loamy,6.7,0.36,217,40,186,1.05
19-03-2020,Tripura,Agartala,Loamy,6.1,0.12,236,15,246,1.23
08-10-2015,Meghalaya,Shillong,Loamy,6.8,0.64,171,18,351,0.76
28-02-2016,Tamil Nadu,Madurai,Alluvial,6.7,0.62,295,31,203,1.23
13-12-2022,Maharashtra,Nashik,Red,5.8,0.23,96,13,186,0.63
27-09-2015,Goa,North Goa,Loamy,7,0.38,173,33,313,0.86
03-06-2015,Tripura,Agartala,Loamy,7.1,0.65,155,37,305,1.15
15-04-2022,Tamil Nadu,Coimbatore,Alluvial,6.7,0.84,256,38,274,1.46
17-10-2019,Kerala,Thrissur,Red,6.4,0.7,132,27,155,0.91
23-10-2016,Madhya Pradesh,Bhopal,Black,7.2,0.75,180,19,246,1.18
21-05-2020,Ladakh,Leh,Sandy Loam,6.7,0.08,151,20,104,0.67
24-03-2015,Puducherry,Puducherry,Loamy,7,0.4,193,36,348,0.74
10-02-2025,Goa,North Goa,Loamy,6.3,0.45,243,42,177,1.06
14-03-2023,Haryana,Faridabad,Sandy,6.7,0.69,114,10,87,0.39
25-01-2023,Haryana,Karnal,Alluvial,5.5,0.13,223,39,349,0.8
20-12-2018,Delhi,New Delhi,Loamy,6.8,0.66,185,24,195,1.19
22-07-2018,Puducherry,Puducherry,Loamy,6.1,0.54,260,35,234,0.85
12-05-2025,Manipur,Imphal,Loamy,4.9,1.82,214,22,282,0.81
20-05-2021,Ladakh,Leh,Sandy Loam,6.7,0.26,67,9,109,0.61
06-09-2017,Jammu and Kashmir,Srinagar,Loamy,6.7,0.9,201,35,252,0.77
29-01-2021,Sikkim,Gangtok,Loamy,7.1,0.69,170,44,233,0.96
21-04-2024,Tamil Nadu,Chennai,Red,5.2,0.32,129,9,88,0.88
17-05-2025,Sikkim,Gangtok,Loamy,7.5,1.43,252,29,234,1.39
01-08-2023,Chhattisgarh,Raipur,Loamy,6.7,0.75,221,42,312,0.85
11-08-2023,Dadra and Nagar Haveli and Daman and Diu,Daman,Loamy,8.1,2.35,238,26,326,1.32
11-09-2022,Madhya Pradesh,Bhopal,Black,6.4,0.47,157,26,287,0.78
18-07-2019,West Bengal,Kolkata,Alluvial,5.9,0.31,247,26,201,1.24
30-10-2018,Punjab,Patiala,Alluvial,6.4,0.62,256,27,353,1.42
24-09-2016,Delhi,New Delhi,Loamy,7,0.45,249,27,228,0.8
12-03-2019,Meghalaya,Shillong,Loamy,7,0.32,242,18,182,1.29
25-02-2017,Andaman and Nicobar Islands,Port Blair,Loamy,6.3,0.7,262,40,268,1.08
10-03-2023,Tamil Nadu,Chennai,Alluvial,5.8,0.29,200,25,237,0.98
18-05-2023,Telangana,Warangal,Red,6.2,0.67,103,27,234,0.57
02-02-2016,Puducherry,Puducherry,Loamy,7.1,0.35,123,21,304,1.28
17-02-2018,Gujarat,Rajkot,Black,7.3,0.45,203,20,284,0.77
22-07-2017,Bihar,Purnia,Alluvial,6.9,0.52,236,21,205,0.94
31-12-2018,Puducherry,Puducherry,Loamy,6.1,0.28,130,36,304,0.89
27-01-2020,Sikkim,Gangtok,Loamy,6,0.27,221,16,323,1.06
16-06-2022,Chhattisgarh,Raipur,Loamy,6.6,0.75,149,32,293,1.27
03-03-2023,Tamil Nadu,Coimbatore,Alluvial,7.3,0.19,271,19,202,1.02
17-11-2021,Manipur,Imphal,Loamy,6.6,0.02,178,17,213,0.96
13-10-2015,Dadra and Nagar Haveli and Daman and Diu,Daman,Loamy,6.5,0.65,139,29,229,0.93
22-09-2015,Himachal Pradesh,Kangra,Loamy,7,0.76,159,34,302,1.21
25-06-2021,Tripura,Agartala,Loamy,7.1,0.74,201,31,299,0.92
13-06-2022,Tripura,Agartala,Loamy,7.5,1.22,132,44,362,0.78
09-06-2024,Rajasthan,Jodhpur,Sandy,6.1,0.16,101,10,126,0.6
07-11-2022,Himachal Pradesh,Kangra,Sandy Loam,7.6,1.27,165,14,131,0.92
06-11-2020,Sikkim,Gangtok,Loamy,6.1,0.81,247,40,289,0.74
05-08-2019,Tamil Nadu,Madurai,Red,6.2,0.44,144,25,190,0.58
11-05-2018,Bihar,Gaya,Alluvial,5.8,0.21,261,44,305,1.38
31-03-2017,Andaman and Nicobar Islands,Port Blair,Loamy,6.2,0.82,268,33,191,0.98
29-10-2019,Manipur,Imphal,Loamy,6.4,0.72,155,21,228,0.74
07-05-2023,Andhra Pradesh,Krishna,Red,5.5,0.55,155,19,92,0.5
09-07-2021,Chandigarh,Chandigarh,Loamy,7,1.03,245,42,356,1.05
19-03-2021,Andaman and Nicobar Islands,Port Blair,Loamy,6.3,0.76,141,28,295,1.12
10-02-2015,Punjab,Amritsar,Alluvial,7.5,0.31,164,40,382,1.19
28-09-2019,Delhi,New Delhi,Loamy,7,0.82,129,37,249,1.29
09-03-2015,Ladakh,Leh,Sandy Loam,6.8,0.29,100,13,86,0.81
14-09-2017,Sikkim,Gangtok,Loamy,6.4,0.4,206,31,303,1.06
05-12-2019,Madhya Pradesh,Bhopal,Red,6,0.66,133,12,213,0.58
05-01-2022,Gujarat,Rajkot,Sandy,5.7,0.98,138,6,29,0.22
25-02-2025,Haryana,Gurgaon,Sandy,5.2,0.61,78,10,52,0.67
10-02-2025,West Bengal,Howrah,Red,5,0.66,73,15,132,0.84
10-06-2019,Himachal Pradesh,Kangra,Sandy Loam,7.2,0.48,63,21,92,0.75
14-07-2019,Tripura,Agartala,Loamy,6.3,0.79,206,27,312,1.05
04-10-2023,Meghalaya,Shillong,Loamy,6.8,0.63,160,37,249,0.77
02-07-2018,Jharkhand,Ranchi,Loamy,6.1,0.78,151,17,272,0.92
25-11-2016,Karnataka,Mysore,Black,6.6,0.48,177,35,266,1.13
15-06-2023,Dadra and Nagar Haveli and Daman and Diu,Daman,Loamy,6.5,0.86,227,38,363,1.01
29-11-2021,Kerala,Thrissur,Laterite,5.9,0.82,125,17,140,1.05
21-12-2017,Dadra and Nagar Haveli and Daman and Diu,Daman,Loamy,6.3,0.58,159,24,222,1.04
07-01-2023,Maharashtra,Mumbai,Black,8,1.15,110,19,268,1.16
15-10-2021,Lakshadweep,Kavaratti,Loamy,6.2,0.04,256,18,234,0.98
21-08-2019,Mizoram,Aizawl,Loamy,6,0.31,205,43,283,1.07
04-05-2021,Jammu and Kashmir,Srinagar,Loamy,6.2,0.31,216,41,285,0.96
24-11-2017,Andhra Pradesh,Chittoor,Black,6.5,0.55,178,24,258,0.72
17-02-2017,Andaman and Nicobar Islands,Port Blair,Loamy,7,1.11,161,40,284,1.27
26-12-2024,Bihar,Patna,Alluvial,6.3,0.62,213,38,221,1.24
08-05-2016,Tamil Nadu,Madurai,Alluvial,6.7,0.52,298,34,338,1.25
05-05-2019,West Bengal,Howrah,Alluvial,6.6,0.79,242,30,273,1.32
01-02-2019,Meghalaya,Shillong,Loamy,6.5,0.46,144,38,234,1.05
26-11-2019,Kerala,Ernakulam,Laterite,5.8,0.17,165,19,182,0.68
22-10-2016,Rajasthan,Udaipur,Desert,7,0.2,66,9,93,0.47
10-09-2018,Mizoram,Aizawl,Loamy,7.2,1.39,242,43,267,1.2
20-08-2018,Madhya Pradesh,Bhopal,Red,5.7,0.52,152,25,170,0.53
23-07-2018,Lakshadweep,Kavaratti,Loamy,5.8,0.18,236,15,328,0.75
09-06-2020,Manipur,Imphal,Loamy,6.6,0.21,178,42,325,0.69
13-04-2025,Kerala,Thrissur,Red,5.9,0.61,198,32,226,0.74
19-05-2023,Manipur,Imphal,Loamy,6.1,0.64,261,21,315,1
06-08-2020,Puducherry,Puducherry,Loamy,7.1,0.82,147,35,210,1.24
17-12-2023,Goa,North Goa,Loamy,6.8,1.47,191,24,362,0.79
17-08-2024,Mizoram,Aizawl,Loamy,7.8,1.96,246,51,226,0.93
12-04-2020,Punjab,Patiala,Alluvial,6.7,0.37,211,28,310,1.41
09-09-2018,Himachal Pradesh,Mandi,Loamy,6.7,0.19,226,24,242,0.93
24-11-2017,Chhattisgarh,Raipur,Loamy,6.3,0.61,270,31,283,0.73
03-09-2017,Tamil Nadu,Madurai,Alluvial,6.2,0.45,182,26,334,1.46
26-04-2016,Delhi,New Delhi,Loamy,7.1,0.7,186,27,292,0.93
28-12-2016,Maharashtra,Pune,Black,7.1,0.36,104,22,254,0.82
02-12-2021,Mizoram,Aizawl,Loamy,5.2,0.41,127,39,220,0.63
03-08-2023,Odisha,Bhubaneswar,Red,5.3,0.67,189,25,180,0.73
28-10-2017,Delhi,New Delhi,Loamy,6.7,0.92,189,23,204,0.84
26-03-2024,Andhra Pradesh,Chittoor,Alluvial,5.6,0.95,269,30,297,1.05
09-12-2015,Madhya Pradesh,Bhopal,Black,7.7,0.34,110,33,304,0.86
03-08-2024,Uttarakhand,Dehradun,Loamy,5.1,0.43,155,29,298,0.59
18-12-2018,Goa,North Goa,Loamy,5.8,0.2,229,22,175,0.85
07-07-2021,Goa,North Goa,Loamy,6.3,0.31,232,22,298,1.05
21-10-2021,Delhi,New Delhi,Loamy,7,0.26,154,41,326,0.81
07-01-2025,Chandigarh,Chandigarh,Loamy,7.4,0.61,256,29,326,0.96
30-01-2021,Jammu and Kashmir,Srinagar,Loamy,6,0.55,143,42,253,0.74
19-02-2022,Tamil Nadu,Madurai,Red,6.3,0.98,104,21,239,0.46
10-06-2016,Jharkhand,Ranchi,Loamy,6.3,0.72,215,36,331,1.01
11-03-2020,Odisha,Bhubaneswar,Red,6.6,0.48,195,27,142,0.77
20-10-2016,West Bengal,Darjeeling,Alluvial,6.7,0.7,300,22,393,0.86
04-09-2020,Tamil Nadu,Madurai,Red,5.2,0.17,174,13,98,0.71
30-03-2017,Bihar,Patna,Alluvial,6.6,0.2,168,44,285,0.91
06-04-2022,Punjab,Amritsar,Alluvial,7.2,1.21,242,29,364,1.51
10-02-2016,Odisha,Bhubaneswar,Red,6.2,0.77,132,20,202,0.52
29-03-2021,Uttarakhand,Dehradun,Loamy,7.2,0.81,204,44,263,1.02
24-01-2022,Puducherry,Puducherry,Loamy,6.9,1.45,162,24,212,1.04
26-08-2025,Bihar,Muzaffarpur,Alluvial,7.4,1.57,189,32,380,1.15
23-04-2019,Gujarat,Ahmedabad,Sandy,5.8,0.13,64,5,79,0.31
17-12-2019,Gujarat,Surat,Black,6.8,0.45,233,27,183,0.96
19-05-2016,Uttar Pradesh,Varanasi,Alluvial,6,0.43,238,49,265,1.33
29-03-2025,Uttar Pradesh,Lucknow,Sandy,6,0.1,90,19,138,0.57
28-06-2015,Odisha,Bhubaneswar,Red,5.7,0.48,175,11,165,0.43
12-05-2015,Himachal Pradesh,Kangra,Sandy Loam,7.3,0.17,75,25,127,0.78
21-01-2020,Punjab,Patiala,Alluvial,6.4,0.42,150,32,309,1.15
18-01-2019,Meghalaya,Shillong,Loamy,7.1,1.16,155,44,256,1.04
23-07-2021,Mizoram,Aizawl,Loamy,6.2,0.48,261,20,310,0.74
31-01-2022,Sikkim,Gangtok,Loamy,7.1,1.2,141,20,218,1.35
10-02-2017,Madhya Pradesh,Bhopal,Red,5.7,0.58,191,23,107,0.77
30-11-2018,Kerala,Thrissur,Laterite,5.4,0.21,125,13,165,0.81
24-10-2020,Jharkhand,Ranchi,Loamy,6.8,0.99,139,39,295,1.11
01-08-2016,Andhra Pradesh,Guntur,Alluvial,6.8,0.51,198,20,285,1.08
11-12-2022,Lakshadweep,Kavaratti,Loamy,6.1,0.17,164,21,261,1.01
24-02-2019,Chandigarh,Chandigarh,Loamy,7.3,0.72,214,30,253,1.31
13-07-2015,Haryana,Hisar,Sandy,6.5,0.39,147,7,55,0.46
30-06-2020,Rajasthan,Jaipur,Desert,7.7,0.82,58,11,78,0.5
31-03-2018,Sikkim,Gangtok,Loamy,6.3,0.6,220,35,246,0.81
22-07-2021,Nagaland,Kohima,Loamy,6.3,0.2,244,25,175,1.14
18-03-2023,Arunachal Pradesh,Itanagar,Loamy,6.9,1.07,248,32,367,1.01
16-10-2018,Himachal Pradesh,Mandi,Loamy,6.9,0.91,251,34,267,1.13
28-11-2019,Assam,Tinsukia,Laterite,5.5,0.73,89,19,194,0.87
03-01-2025,Uttar Pradesh,Kanpur,Sandy,5.1,0.52,57,3,65,0.6
15-01-2018,Rajasthan,Jodhpur,Desert,8,0.52,57,8,59,0.58
16-02-2024,Chandigarh,Chandigarh,Loamy,6.3,0.47,216,32,305,1.11
11-03-2021,West Bengal,Darjeeling,Alluvial,6.8,1.09,291,41,280,1.47
25-03-2025,Ladakh,Leh,Sandy Loam,6,0.09,127,13,162,0.81
21-05-2025,Uttar Pradesh,Lucknow,Sandy,5.2,1.03,107,7,62,0.29
20-04-2020,Puducherry,Puducherry,Loamy,6.2,0.41,169,39,354,1.25
05-03-2022,Haryana,Faridabad,Sandy,5.9,0.19,83,9,62,0.68
18-02-2017,Jharkhand,Ranchi,Loamy,7,0.68,133,34,320,0.82
19-09-2015,Maharashtra,Mumbai,Red,6.5,0.64,198,18,104,0.65
30-12-2016,Manipur,Imphal,Loamy,7.2,0.83,226,36,182,0.93
10-10-2015,Mizoram,Aizawl,Loamy,7.1,0.64,195,18,224,1.03
08-03-2025,Nagaland,Kohima,Loamy,6.8,0.81,153,32,294,1.29
30-01-2019,Lakshadweep,Kavaratti,Loamy,6.3,0.26,145,34,289,0.79
13-06-2024,Tamil Nadu,Chennai,Alluvial,5.9,0.38,244,42,370,1.27
28-12-2015,Tamil Nadu,Chennai,Red,6.6,0.21,124,11,134,0.63
21-08-2024,Jammu and Kashmir,Srinagar,Loamy,6.8,0.51,217,40,235,1.26
16-03-2016,Manipur,Imphal,Loamy,6.4,0.87,126,32,360,1.08
10-11-2020,Telangana,Warangal,Black,7.8,1.27,147,24,354,1.21
03-07-2019,West Bengal,Darjeeling,Red,6.1,0.84,108,15,220,0.62
01-09-2022,Meghalaya,Shillong,Loamy,7.3,0.68,163,27,299,1.13
16-05-2017,Meghalaya,Shillong,Loamy,7,0.7,257,34,260,1.1
18-12-2018,Goa,North Goa,Loamy,6.3,0.07,260,23,318,0.89
22-05-2015,Arunachal Pradesh,Itanagar,Loamy,6.9,0.41,242,20,268,0.77
07-08-2018,Madhya Pradesh,Bhopal,Red,6.9,0.62,143,29,205,0.48
26-12-2018,Himachal Pradesh,Shimla,Sandy Loam,6.6,0.36,78,20,141,0.5
28-08-2022,Puducherry,Puducherry,Loamy,7.4,1.36,242,22,349,1.36
19-02-2020,Mizoram,Aizawl,Loamy,7.3,0.62,221,41,222,0.73
22-01-2020,Uttarakhand,Dehradun,Loamy,7.1,1.01,235,34,199,1.08
09-09-2019,Andaman and Nicobar Islands,Port Blair,Loamy,6.7,0.51,235,30,340,0.97
24-05-2022,Sikkim,Gangtok,Loamy,8.1,1.69,151,30,205,0.98
01-12-2016,Telangana,Hyderabad,Red,6.3,0.61,150,11,139,0.75
24-09-2017,Gujarat,Surat,Sandy,7.1,0.6,98,17,77,0.35
27-09-2020,Puducherry,Puducherry,Loamy,6.3,0.62,128,42,272,1.21
18-08-2018,Kerala,Ernakulam,Laterite,5.7,0.48,160,24,196,0.87
30-05-2017,Tamil Nadu,Chennai,Alluvial,6.9,0.84,294,35,331,1.37
28-04-2018,Manipur,Imphal,Loamy,6.5,0.91,201,37,208,0.8
05-03-2018,Delhi,New Delhi,Loamy,7,0.38,172,38,253,1.19
08-07-2016,Madhya Pradesh,Bhopal,Black,7.3,1,151,25,347,1.06
08-02-2016,Tamil Nadu,Coimbatore,Alluvial,7.1,0.32,229,29,251,1.17
10-06-2017,Lakshadweep,Kavaratti,Loamy,6.8,0.4,180,40,230,0.92
22-12-2022,Jammu and Kashmir,Srinagar,Loamy,5.5,0.2,136,23,263,0.64
24-08-2016,Andhra Pradesh,Guntur,Alluvial,6.3,0.25,179,49,318,1.33
05-01-2020,Chhattisgarh,Raipur,Loamy,6.8,0.41,230,33,292,1.23
07-12-2015,Madhya Pradesh,Bhopal,Black,6.6,0.8,167,38,232,0.87
25-06-2025,Chhattisgarh,Raipur,Loamy,5.7,0.22,234,21,277,0.74
22-05-2020,Lakshadweep,Kavaratti,Loamy,8,1.66,207,20,350,0.79
04-12-2016,Rajasthan,Udaipur,Desert,7.7,0.32,70,12,74,0.59
14-11-2015,Telangana,Warangal,Black,7,0.32,211,33,256,0.85
19-04-2022,Nagaland,Kohima,Loamy,7.6,1.59,243,39,361,1.16
18-10-2018,Rajasthan,Jodhpur,Sandy,6.6,0.13,93,15,121,0.75
29-08-2025,Jharkhand,Ranchi,Loamy,7,0.31,217,33,234,0.81
26-08-2021,Telangana,Warangal,Black,7.2,0.08,137,19,286,0.66
30-03-2021,Rajasthan,Udaipur,Desert,6.7,0.08,62,8,94,0.18
06-12-2019,Tripura,Agartala,Loamy,7.3,1.24,219,38,204,1.14
29-09-2018,Tamil Nadu,Chennai,Red,6.3,0.27,197,12,235,0.8
22-04-2019,Sikkim,Gangtok,Loamy,7.3,0.8,236,18,270,1.3
27-03-2017,Bihar,Purnia,Alluvial,6.5,0.3,238,31,277,1.21
06-07-2016,Puducherry,Puducherry,Loamy,6.5,0.69,272,36,207,0.91
09-11-2024,Goa,North Goa,Loamy,8.9,2.33,291,39,372,0.9
05-05-2017,West Bengal,Darjeeling,Alluvial,7.6,0.92,180,48,322,0.91
18-12-2019,Dadra and Nagar Haveli and Daman and Diu,Daman,Loamy,6.3,0.42,190,40,252,1.03
06-11-2022,Jammu and Kashmir,Srinagar,Loamy,6.3,0.46,165,17,210,0.96
21-12-2024,Tamil Nadu,Coimbatore,Alluvial,4.9,1.05,282,26,254,0.85
02-07-2015,Goa,North Goa,Loamy,6.5,0.5,232,43,338,0.77
10-07-2023,Meghalaya,Shillong,Loamy,7,0.57,224,30,274,1.08
24-04-2019,Arunachal Pradesh,Itanagar,Loamy,6.4,1.02,256,19,245,1.21
01-02-2016,Telangana,Nizamabad,Red,6.2,0.64,141,30,242,0.58
24-09-2019,Mizoram,Aizawl,Loamy,5.7,0.03,239,38,330,0.66
27-09-2022,Andhra Pradesh,Krishna,Alluvial,5.8,0.88,167,28,341,0.97
26-02-2019,Goa,North Goa,Loamy,5.3,0.15,205,27,262,1.13
19-03-2025,Chhattisgarh,Raipur,Loamy,6.3,0.48,228,21,345,1.13
25-06-2017,Andaman and Nicobar Islands,Port Blair,Loamy,6.2,0.58,147,28,347,1.18
18-09-2018,Kerala,Kozhikode,Laterite,6.2,0.34,173,16,85,0.82
14-12-2020,Assam,Cachar,Laterite,5.9,0.05,168,16,78,0.46
08-12-2024,Andhra Pradesh,Visakhapatnam,Black,7.3,0.04,189,21,280,0.73
07-12-2024,Uttarakhand,Dehradun,Loamy,7.4,1.1,180,40,356,1.11
01-01-2015,Telangana,Nizamabad,Black,7.4,0.82,227,24,348,0.62
14-11-2023,Odisha,Bhubaneswar,Laterite,6.2,1.08,149,25,97,0.8
08-02-2025,Haryana,Karnal,Sandy,6.3,0.05,103,7,79,0.64
19-01-2015,Arunachal Pradesh,Itanagar,Loamy,6.1,0.64,264,30,269,1.29
26-04-2024,Chandigarh,Chandigarh,Loamy,7.7,1.6,232,26,249,1.19
06-08-2016,Chandigarh,Chandigarh,Loamy,5.8,0.52,259,28,302,0.78
31-03-2016,Lakshadweep,Kavaratti,Loamy,6.5,0.42,224,29,268,0.87
24-03-2023,Andhra Pradesh,Visakhapatnam,Black,5.7,0.94,123,10,147,0.74
29-07-2020,Madhya Pradesh,Bhopal,Black,7.3,0.09,199,33,200,0.97
06-02-2018,Karnataka,Mysore,Black,8,0.88,140,30,169,0.83
22-02-2024,Jharkhand,Ranchi,Loamy,8,1.48,199,28,243,0.93
28-10-2021,Uttar Pradesh,Kanpur,Sandy,6.3,0.04,138,12,91,0.56
25-01-2024,Punjab,Amritsar,Alluvial,6.1,0.65,257,42,314,1.3
06-05-2020,Mizoram,Aizawl,Loamy,6.7,0.19,232,23,337,0.96
26-03-2024,Mizoram,Aizawl,Loamy,7.1,1.05,269,36,215,1.3
03-04-2022,Bihar,Purnia,Alluvial,7.5,1.68,244,56,233,1.58
20-11-2020,Chhattisgarh,Raipur,Loamy,6.1,0.28,170,25,232,1.17
14-09-2017,Tamil Nadu,Madurai,Alluvial,6.2,0.31,291,36,336,0.85
04-02-2024,Jharkhand,Ranchi,Loamy,7.1,0.61,268,29,304,0.99
25-08-2024,West Bengal,Darjeeling,Red,5.2,0.03,154,13,166,0.64
03-06-2016,Delhi,New Delhi,Loamy,6.6,0.32,205,26,230,1.04
30-10-2023,Uttar Pradesh,Varanasi,Alluvial,6.6,0.73,242,32,260,0.93
08-05-2017,Andaman and Nicobar Islands,Port Blair,Loamy,6.4,0.73,263,27,204,0.72
23-06-2015,Uttarakhand,Dehradun,Loamy,6.4,0.42,226,34,344,1.12
28-09-2018,Nagaland,Kohima,Loamy,6,0.53,148,31,191,0.71
30-03-2025,Jharkhand,Ranchi,Loamy,5.4,0.49,234,20,250,1.07
11-05-2023,Chhattisgarh,Raipur,Loamy,6.2,0.63,252,44,259,0.92
14-10-2021,Jharkhand,Ranchi,Loamy,5.9,0.28,235,18,291,0.84
27-12-2016,Rajasthan,Jaipur,Sandy,6.7,0.3,62,9,72,0.38
18-04-2025,Telangana,Warangal,Black,8,1.41,253,32,210,1.22
07-09-2019,Assam,Cachar,Laterite,6,0.57,141,22,187,0.88
19-02-2020,Dadra and Nagar Haveli and Daman and Diu,Daman,Loamy,6.4,0.11,173,27,283,0.66
07-12-2022,Arunachal Pradesh,Itanagar,Loamy,8.1,2.23,279,34,314,1.38
09-08-2019,Arunachal Pradesh,Itanagar,Loamy,6.9,0.43,146,38,317,1.18
09-09-2018,Puducherry,Puducherry,Loamy,6.2,0.42,230,26,190,0.77
16-09-2017,Punjab,Patiala,Alluvial,5.7,0.32,209,28,336,1.08
02-04-2025,Delhi,New Delhi,Loamy,8.2,1.62,135,38,383,1
10-05-2022,Bihar,Purnia,Alluvial,5.8,0.41,276,26,233,1.25
24-02-2016,Karnataka,Belgaum,Red,5.8,0.37,93,30,138,1
16-08-2016,Chhattisgarh,Raipur,Loamy,6.4,0.58,162,34,291,0.75
07-12-2021,Tripura,Agartala,Loamy,7.6,1.07,157,27,347,0.98
19-03-2025,Puducherry,Puducherry,Loamy,7.4,1.27,166,38,263,1.31
10-11-2019,Himachal Pradesh,Kangra,Sandy Loam,6.4,0.25,67,15,87,0.83
25-09-2021,Goa,North Goa,Loamy,6.3,0.6,276,20,283,0.92
24-07-2017,Nagaland,Kohima,Loamy,7.3,0.55,129,37,241,1.11
12-01-2018,Maharashtra,Mumbai,Red,6,0.49,183,30,213,0.86
10-02-2018,Odisha,Bhubaneswar,Red,5.9,0.04,157,12,131,0.8
05-06-2025,Maharashtra,Nagpur,Black,6.2,0.43,169,25,178,1.05
28-11-2015,Mizoram,Aizawl,Loamy,6.3,0.74,268,37,326,0.97
11-06-2024,Jammu and Kashmir,Srinagar,Loamy,6.6,0.48,208,41,338,1.22
23-06-2025,Andaman and Nicobar Islands,Port Blair,Loamy,6.6,0.82,221,37,246,1.15
26-05-2022,Mizoram,Aizawl,Loamy,7.8,1.61,157,46,244,1.25
19-09-2020,Haryana,Hisar,Sandy,7.2,1.35,149,10,168,0.41
29-11-2019,Andhra Pradesh,Guntur,Alluvial,7.2,0.36,164,45,291,0.97
16-08-2017,Ladakh,Leh,Sandy Loam,7.2,0.46,123,24,166,0.52
04-08-2025,Gujarat,Ahmedabad,Black,6.8,0.58,211,22,274,0.89
15-04-2015,Chhattisgarh,Raipur,Loamy,6.1,0.74,252,38,281,0.83
21-07-2015,Telangana,Nizamabad,Black,6.5,0.89,229,31,152,0.74
02-11-2021,West Bengal,Kolkata,Red,6.6,1.01,170,28,193,0.84
17-01-2020,Mizoram,Aizawl,Loamy,7.4,1.04,150,45,223,1.32
10-02-2020,Punjab,Amritsar,Alluvial,7.5,1,203,26,234,1.45
19-06-2020,Assam,Cachar,Alluvial,8.3,1.22,273,38,260,1.48
13-07-2018,Uttar Pradesh,Varanasi,Alluvial,6.4,0.33,225,43,202,1.03
28-06-2017,Manipur,Imphal,Loamy,7,0.53,202,38,209,1.06
29-07-2015,Haryana,Faridabad,Sandy,6.7,0.44,61,10,104,0.65
16-07-2016,Madhya Pradesh,Bhopal,Black,6.4,0.62,235,34,273,1.18
25-09-2023,Assam,Tinsukia,Laterite,6.3,1.09,78,28,164,0.76
23-07-2022,Andhra Pradesh,Chittoor,Black,6.4,0.4,242,18,257,0.7
10-06-2024,Himachal Pradesh,Shimla,Sandy Loam,6.7,0.06,76,21,149,0.84
01-12-2024,Dadra and Nagar Haveli and Daman and Diu,Daman,Loamy,7.2,1.07,138,38,334,0.76
13-04-2019,Uttar Pradesh,Kanpur,Sandy,6.7,0.67,140,19,125,0.75
09-02-2017,Mizoram,Aizawl,Loamy,6.5,0.86,161,17,235,1.02
22-08-2023,Puducherry,Puducherry,Loamy,6.9,0.45,148,44,227,1.28
06-11-2021,Himachal Pradesh,Mandi,Sandy Loam,6.3,0.42,145,16,97,0.81
07-06-2022,Madhya Pradesh,Bhopal,Red,6.7,0.8,199,31,165,0.49
20-09-2016,Chhattisgarh,Raipur,Loamy,5.9,0.6,278,25,311,0.72
25-10-2024,Madhya Pradesh,Bhopal,Red,6.9,1.19,96,26,239,0.77
17-06-2019,Andhra Pradesh,Guntur,Black,6.8,0.18,103,16,162,0.79
29-08-2019,Tripura,Agartala,Loamy,6.2,0.78,266,23,269,1.02
22-01-2016,Bihar,Gaya,Alluvial,6.6,0.21,173,27,212,0.98
19-04-2020,Ladakh,Leh,Sandy Loam,7.6,1.01,122,11,97,0.89
14-05-2024,Jharkhand,Ranchi,Loamy,7.4,0.76,268,36,301,1.25
01-06-2021,West Bengal,Howrah,Alluvial,6.5,0.5,249,42,329,0.84
24-04-2021,Goa,North Goa,Loamy,6.4,0.72,179,18,216,0.89
09-01-2018,Uttarakhand,Dehradun,Loamy,6.5,0.69,202,34,256,1.22
25-09-2015,Kerala,Ernakulam,Red,6.1,0.61,168,28,134,0.99
02-10-2021,Assam,Dibrugarh,Alluvial,6.6,0.39,226,24,339,1.45
01-04-2021,Delhi,New Delhi,Loamy,6.8,0.91,214,43,347,0.88
31-01-2020,Jharkhand,Ranchi,Loamy,6.4,0.88,261,42,296,0.83
05-04-2024,Dadra and Nagar Haveli and Daman and Diu,Daman,Loamy,8.7,2.4,227,38,346,1.08
20-08-2025,Manipur,Imphal,Loamy,5.8,0.67,242,40,332,0.82
21-06-2020,Gujarat,Ahmedabad,Sandy,5.5,0.51,117,1,74,0.5
22-04-2023,Ladakh,Leh,Sandy Loam,6.6,0.28,115,20,143,0.59
12-10-2018,Maharashtra,Nagpur,Red,5.3,0.07,176,9,102,0.45
21-05-2018,Maharashtra,Mumbai,Black,6.8,0.29,125,17,334,1.13
27-07-2016,Assam,Cachar,Laterite,5.4,0.39,101,18,157,0.75
18-02-2015,Assam,Cachar,Alluvial,6.6,0.41,267,42,339,1.06
24-02-2018,Sikkim,Gangtok,Loamy,6.7,0.36,258,35,314,1.08
11-08-2015,Odisha,Bhubaneswar,Red,5.6,0.44,87,19,207,0.65
16-02-2023,Jammu and Kashmir,Srinagar,Loamy,6.5,0.81,270,21,311,1.23
04-03-2024,Kerala,Thrissur,Laterite,6.2,0.94,100,26,127,0.66
02-12-2018,Chhattisgarh,Raipur,Loamy,6.4,0.14,140,15,196,0.74
09-03-2019,Jharkhand,Ranchi,Loamy,6.4,0.76,130,19,235,1.04
19-03-2024,Delhi,New Delhi,Loamy,6.6,0.48,155,24,324,1.12
25-12-2019,Madhya Pradesh,Bhopal,Black,6.8,0.84,229,37,206,0.68
13-05-2021,Jammu and Kashmir,Srinagar,Loamy,6.4,0.6,162,33,319,0.85
01-01-2019,Lakshadweep,Kavaratti,Loamy,6,0.29,233,42,326,1.16
04-02-2018,Karnataka,Belgaum,Red,6.3,0.46,125,15,174,0.95
09-08-2019,Telangana,Hyderabad,Red,5.7,0.7,179,26,188,0.97
03-10-2021,Jammu and Kashmir,Srinagar,Loamy,6.1,0.07,177,19,306,0.93
12-04-2022,Odisha,Bhubaneswar,Laterite,5.7,0.07,81,10,97,0.52
01-08-2024,Goa,North Goa,Loamy,6.7,0.83,132,44,212,0.95
10-01-2016,Jammu and Kashmir,Srinagar,Loamy,6.3,0.54,196,26,302,1.04
21-10-2020,Bihar,Muzaffarpur,Alluvial,7.4,0.38,212,24,366,0.88
14-07-2020,Delhi,New Delhi,Loamy,5.9,0.26,187,43,198,0.96
22-02-2025,Madhya Pradesh,Bhopal,Black,7.6,1.33,157,32,257,0.89
19-11-2017,Ladakh,Leh,Sandy Loam,6.6,0.06,139,15,166,0.49
04-12-2023,Odisha,Bhubaneswar,Laterite,5.1,0.14,91,22,144,0.73
28-05-2024,Kerala,Thrissur,Red,5.7,0.52,175,16,105,0.81
04-03-2020,Karnataka,Bangalore,Black,8.8,1.98,245,31,323,0.85
29-12-2019,Goa,North Goa,Loamy,6.7,0.13,191,40,318,1.24
14-01-2019,Kerala,Ernakulam,Laterite,6,0,164,19,177,0.79
20-02-2021,Uttarakhand,Dehradun,Loamy,6.7,0.13,273,19,180,0.99
25-03-2018,Tripura,Agartala,Loamy,6.7,0.98,258,35,256,1.1
18-11-2023,Assam,Cachar,Laterite,7.1,1.35,81,16,96,0.83
04-12-2022,Assam,Kamrup,Alluvial,8.1,1.53,192,37,224,1.49
30-11-2017,Punjab,Ludhiana,Alluvial,6.1,0.13,194,36,299,0.9
01-08-2023,West Bengal,Kolkata,Alluvial,6,0.05,226,39,241,0.77
01-09-2020,Tamil Nadu,Coimbatore,Red,5.7,0.47,130,21,216,0.92
26-12-2015,Assam,Cachar,Laterite,5.4,0.37,100,19,178,0.76
13-08-2023,Telangana,Nizamabad,Red,7.1,2.19,130,36,252,0.8
20-02-2022,Goa,North Goa,Loamy,5.8,0.24,148,14,211,0.64
12-06-2022,Punjab,Amritsar,Alluvial,6.6,0.84,179,30,398,1.26
03-08-2020,Karnataka,Hubli,Black,7.3,1.64,188,30,354,1.12
01-09-2025,Lakshadweep,Kavaratti,Loamy,4.4,1.19,237,34,158,1.08
15-02-2018,Uttarakhand,Dehradun,Loamy,6.8,0.96,139,31,232,0.81
24-06-2019,Rajasthan,Jodhpur,Sandy,7.2,0.59,104,17,115,0.41
04-11-2018,Madhya Pradesh,Bhopal,Black,7.2,0.92,162,32,184,1.09
27-04-2020,Sikkim,Gangtok,Loamy,6.9,1.18,275,44,323,0.87
09-11-2016,Jammu and Kashmir,Srinagar,Loamy,7,0.81,171,35,231,0.92
15-03-2024,Sikkim,Gangtok,Loamy,7.8,1.74,228,44,313,1.4
23-10-2021,West Bengal,Kolkata,Alluvial,6.6,0.67,253,40,345,1.41
28-03-2025,Rajasthan,Jodhpur,Desert,8.9,1.96,105,16,153,0.68
28-02-2023,Nagaland,Kohima,Loamy,6,0.57,185,21,316,1.09
07-01-2015,Dadra and Nagar Haveli and Daman and Diu,Daman,Loamy,6.4,0.73,266,32,209,1.16
12-12-2023,Rajasthan,Jaipur,Desert,7.3,0.49,73,13,48,0.47
04-10-2021,Maharashtra,Mumbai,Red,5.3,0.98,158,7,181,0.55
11-05-2019,Tripura,Agartala,Loamy,5.5,0.45,250,29,341,1.13
12-04-2017,Uttarakhand,Dehradun,Loamy,7.2,0.73,134,43,204,1.02
09-12-2023,Tamil Nadu,Madurai,Alluvial,6.2,0.35,298,50,341,1.41
19-02-2022,Dadra and Nagar Haveli and Daman and Diu,Daman,Loamy,6.9,1.25,187,19,264,0.84
25-10-2023,Andaman and Nicobar Islands,Port Blair,Loamy,6.2,0.59,153,16,222,1.18
16-12-2019,Chandigarh,Chandigarh,Loamy,6.7,0.6,120,29,228,0.9
29-03-2025,Uttar Pradesh,Lucknow,Sandy,7.2,1.39,65,15,91,0.86
18-12-2023,Punjab,Patiala,Alluvial,6.5,0.75,177,35,287,0.85
16-08-2024,Odisha,Bhubaneswar,Red,6.3,0.96,128,28,213,0.5
02-07-2017,Uttarakhand,Dehradun,Loamy,7.1,0.51,149,38,215,0.79
04-07-2020,Tripura,Agartala,Loamy,6.7,0.95,171,28,318,0.99
13-12-2018,Tamil Nadu,Chennai,Red,6.3,0.38,122,18,203,0.71
21-12-2018,Andaman and Nicobar Islands,Port Blair,Loamy,6.5,0.27,172,29,230,0.87
13-05-2023,Manipur,Imphal,Loamy,6.6,0.52,148,38,253,1.21
11-02-2019,Assam,Kamrup,Laterite,5.7,0.62,88,21,131,0.84
16-09-2024,Jharkhand,Ranchi,Loamy,7.4,1.03,227,24,296,1.02
06-05-2015,Manipur,Imphal,Loamy,6.4,0.45,232,32,185,0.73
08-09-2021,Meghalaya,Shillong,Loamy,5.8,0.19,118,26,315,0.61
27-03-2017,Mizoram,Aizawl,Loamy,6.2,0.68,202,20,189,1.01
07-01-2023,Odisha,Bhubaneswar,Red,6.3,0.12,161,20,150,0.78
04-01-2020,Karnataka,Hubli,Laterite,5.7,0.29,113,21,157,0.81
29-07-2016,Chhattisgarh,Raipur,Loamy,6.9,0.66,209,25,317,0.77
30-06-2021,Chhattisgarh,Raipur,Loamy,9,2.6,266,38,315,1.07
16-11-2018,Maharashtra,Nagpur,Black,8.1,1.22,220,21,239,0.97
18-07-2017,Uttar Pradesh,Kanpur,Sandy,6,0.42,124,14,69,0.46
17-04-2025,Haryana,Karnal,Alluvial,5.3,0.38,264,16,203,0.87
16-02-2025,Chhattisgarh,Raipur,Loamy,7.5,1.14,143,41,211,0.97
03-01-2019,Gujarat,Surat,Black,7,0.64,151,35,187,1.12
20-12-2023,Meghalaya,Shillong,Loamy,6.1,0.56,251,24,330,1.1
27-09-2024,Maharashtra,Nagpur,Black,8.8,1.83,141,31,191,0.75
12-04-2017,Bihar,Patna,Alluvial,7.6,0.46,181,37,242,1.02
20-11-2017,Ladakh,Leh,Sandy Loam,7.2,0.47,150,16,133,0.79
21-06-2024,Mizoram,Aizawl,Loamy,6.6,1.3,250,27,323,0.89
07-07-2019,Ladakh,Leh,Sandy Loam,6.6,0.16,129,24,86,0.62
15-03-2020,Goa,North Goa,Loamy,7.1,0.6,248,42,334,1.23
28-12-2018,Meghalaya,Shillong,Loamy,6.6,0.82,151,22,274,1.31
24-11-2022,Andaman and Nicobar Islands,Port Blair,Loamy,7.9,1.1,154,28,306,0.81
21-02-2023,Ladakh,Leh,Sandy Loam,7.3,0.35,78,16,136,0.86
31-10-2018,Jharkhand,Ranchi,Loamy,6.6,0.45,210,26,244,0.76
08-05-2024,Ladakh,Leh,Sandy Loam,6.5,0.35,81,20,159,0.73
18-03-2016,Andaman and Nicobar Islands,Port Blair,Loamy,6.4,0.41,271,37,230,1.06
29-12-2024,Maharashtra,Nagpur,Red,7.6,1.96,105,31,177,0.61
23-10-2020,Bihar,Purnia,Alluvial,6.7,0.14,294,42,249,1.27
10-07-2016,Ladakh,Leh,Sandy Loam,6.5,0.48,67,14,180,0.47
10-07-2025,Madhya Pradesh,Bhopal,Black,6.7,0.23,140,20,177,1.1
26-03-2025,Nagaland,Kohima,Loamy,7.2,0.89,139,23,293,1.3
24-03-2018,Delhi,New Delhi,Loamy,6.5,0.12,256,42,344,0.74
02-08-2024,Rajasthan,Udaipur,Sandy,7.4,1.22,78,18,132,0.55
30-07-2020,Meghalaya,Shillong,Loamy,6.9,0.5,240,15,288,0.79
29-12-2015,Manipur,Imphal,Loamy,6.8,0.61,256,23,185,1.25
31-10-2021,Chhattisgarh,Raipur,Loamy,6,0.49,203,39,308,0.74
11-06-2018,Goa,North Goa,Loamy,7.1,0.63,137,28,199,1.22
13-12-2024,Assam,Kamrup,Alluvial,9,2.93,309,56,319,1.12
16-01-2020,Kerala,Kozhikode,Laterite,5.4,0.13,90,9,122,0.78
28-04-2021,Ladakh,Leh,Sandy Loam,7.5,1.01,122,28,90,0.74
25-01-2020,Delhi,New Delhi,Loamy,6.7,0.65,193,36,281,0.75
12-12-2020,Ladakh,Leh,Sandy Loam,5.8,0.51,139,5,94,0.52
29-06-2017,Delhi,New Delhi,Loamy,6.8,0.78,237,38,216,1.26
02-09-2015,Dadra and Nagar Haveli and Daman and Diu,Daman,Loamy,6.8,0.6,140,44,281,0.98
25-06-2016,Rajasthan,Jodhpur,Sandy,6.4,0.18,145,16,107,0.62
07-12-2021,Uttarakhand,Dehradun,Loamy,6.4,0.9,213,45,317,0.93
09-12-2020,Uttarakhand,Dehradun,Loamy,6.7,1.06,234,23,307,1.25
12-12-2020,Haryana,Gurgaon,Sandy,6.3,0.35,56,16,152,0.71
22-04-2019,Lakshadweep,Kavaratti,Loamy,6,0.01,215,13,316,0.81
26-01-2021,Uttar Pradesh,Kanpur,Alluvial,6.5,0.25,187,33,280,1.41
04-05-2015,Arunachal Pradesh,Itanagar,Loamy,6.3,0.35,207,21,254,0.81
04-07-2023,Kerala,Kozhikode,Laterite,5.9,0.3,171,16,192,0.8
25-08-2023,Sikkim,Gangtok,Loamy,6.8,1.36,201,23,335,1.14
17-05-2022,Mizoram,Aizawl,Loamy,6.1,0.21,123,16,191,0.97
28-09-2019,Gujarat,Rajkot,Sandy,5.7,0.15,101,5,68,0.72
24-02-2017,Bihar,Patna,Alluvial,7.1,0.13,236,30,346,1.04
05-08-2020,Lakshadweep,Kavaratti,Loamy,6.8,1.15,245,34,320,1.01
26-02-2021,Karnataka,Belgaum,Black,7,1.07,228,40,268,1.03
13-08-2021,Andhra Pradesh,Krishna,Red,7.4,1.03,198,19,125,0.62
07-03-2017,Tripura,Agartala,Loamy,5.9,0.51,191,40,224,0.86
18-03-2015,Telangana,Hyderabad,Black,6.6,0.62,155,23,242,1.11
28-02-2015,Mizoram,Aizawl,Loamy,6.2,0.41,161,29,269,1.22
14-10-2021,Haryana,Karnal,Alluvial,6.8,0.03,186,42,347,1.3
09-05-2022,Uttarakhand,Dehradun,Loamy,7.1,0.91,203,41,327,1.27
04-03-2019,Nagaland,Kohima,Loamy,7.5,0.99,129,18,357,0.94
20-04-2020,Uttarakhand,Dehradun,Loamy,6,0.32,243,21,308,1.08
26-11-2020,Sikkim,Gangtok,Loamy,5.5,0.68,248,21,225,0.97
04-06-2025,Meghalaya,Shillong,Loamy,6.9,0.54,155,19,205,0.71
14-05-2023,Arunachal Pradesh,Itanagar,Loamy,7.3,1.03,265,48,283,1.04
25-07-2018,Chhattisgarh,Raipur,Loamy,7.1,0.85,179,36,287,1.17
09-03-2015,Nagaland,Kohima,Loamy,7.1,0.69,169,38,261,1.17
07-08-2023,Assam,Tinsukia,Alluvial,6.1,0.21,155,39,345,1.02
11-11-2023,Uttarakhand,Dehradun,Loamy,6.9,0.98,136,38,283,1.11
30-09-2024,Mizoram,Aizawl,Loamy,6.9,1.53,226,41,244,0.92
10-06-2021,Meghalaya,Shillong,Loamy,7.7,1.2,219,35,300,0.81
16-04-2020,Goa,North Goa,Loamy,6.4,0.55,180,37,228,1.19
14-06-2022,Gujarat,Vadodara,Sandy,6.3,0.11,118,12,81,0.32
31-12-2015,Maharashtra,Nagpur,Red,6.7,0.28,148,11,144,0.67
30-09-2025,Manipur,Imphal,Loamy,6.3,0.28,239,18,305,1.02
31-03-2017,Delhi,New Delhi,Loamy,6.5,0.66,132,28,203,0.98
03-11-2018,Uttarakhand,Dehradun,Loamy,5.7,0.11,266,38,217,1.1
18-07-2021,Andaman and Nicobar Islands,Port Blair,Loamy,5.8,0.16,232,35,270,1.04
04-08-2017,Chhattisgarh,Raipur,Loamy,6.7,0.77,238,16,296,1.09
25-01-2023,Andaman and Nicobar Islands,Port Blair,Loamy,7,0.66,244,19,245,0.8
27-04-2019,Lakshadweep,Kavaratti,Loamy,6.5,0.41,259,39,192,0.75
09-10-2018,Goa,North Goa,Loamy,6,0.11,154,24,277,0.75
10-12-2018,Arunachal Pradesh,Itanagar,Loamy,6.8,0.04,204,30,253,0.8
16-09-2023,Goa,North Goa,Loamy,5.8,0.27,133,39,292,0.73
13-12-2024,Bihar,Purnia,Alluvial,7.5,0.45,187,25,348,1.21
31-01-2017,Andaman and Nicobar Islands,Port Blair,Loamy,7.4,0.96,232,39,299,0.95
08-10-2024,Tripura,Agartala,Loamy,6.6,1.03,247,23,277,0.98
07-12-2015,Himachal Pradesh,Kangra,Sandy Loam,6.5,0.27,99,17,80,0.69
09-03-2023,Assam,Cachar,Alluvial,5.4,0.25,219,38,342,0.76
18-01-2016,Uttar Pradesh,Lucknow,Sandy,6.5,0,122,13,125,0.77
30-09-2017,Uttarakhand,Dehradun,Loamy,7.2,0.71,264,20,190,1.03
06-04-2019,Ladakh,Leh,Sandy Loam,6.7,0.71,88,11,106,0.8
27-10-2015,Lakshadweep,Kavaratti,Loamy,6.7,0.31,186,38,352,1.22
19-05-2015,Andhra Pradesh,Guntur,Black,7.3,0.39,237,34,234,0.95
25-12-2015,Meghalaya,Shillong,Loamy,6.7,0.59,258,21,303,0.76
15-04-2017,Karnataka,Hubli,Black,6.9,0.79,118,27,283,1.24
03-03-2019,Uttar Pradesh,Varanasi,Sandy,6,0.1,89,6,47,0.56
18-06-2024,Andhra Pradesh,Krishna,Black,5.3,1.47,82,12,289,0.7
16-06-2019,Uttar Pradesh,Lucknow,Sandy,6.7,0.2,117,7,122,0.69
05-06-2020,West Bengal,Darjeeling,Alluvial,8,1.68,268,41,337,0.91
27-07-2018,Himachal Pradesh,Mandi,Loamy,6,0.37,238,38,308,0.97
25-02-2025,Sikkim,Gangtok,Loamy,5.6,0.16,128,17,284,0.66
05-12-2021,Haryana,Karnal,Sandy,5.5,0.68,118,1,30,0.58
27-06-2017,Uttarakhand,Dehradun,Loamy,6.3,0.72,139,28,341,1.08
08-02-2018,Odisha,Bhubaneswar,Red,6.3,0.21,190,22,114,0.4
23-12-2022,Tripura,Agartala,Loamy,6.2,0.34,184,21,193,0.75
26-12-2020,Rajasthan,Udaipur,Sandy,7,0.61,144,14,107,0.8
22-09-2017,Telangana,Nizamabad,Red,6.7,1.26,134,25,181,0.79
18-10-2021,Telangana,Nizamabad,Red,8.3,2.16,125,30,276,0.99
31-12-2021,Odisha,Bhubaneswar,Laterite,6.2,0.59,157,18,89,0.69
09-05-2021,Arunachal Pradesh,Itanagar,Loamy,6.5,0.38,149,21,263,1.11
06-09-2023,Maharashtra,Pune,Black,7.3,0.63,192,28,209,0.66
02-07-2025,Lakshadweep,Kavaratti,Loamy,6,0.42,156,39,248,0.92
26-09-2025,Lakshadweep,Kavaratti,Loamy,5.9,0.47,203,19,203,1.18
21-11-2020,West Bengal,Darjeeling,Alluvial,7.1,0.48,285,34,402,1.02
22-05-2018,Madhya Pradesh,Bhopal,Black,6.7,0.02,142,20,199,1.14
20-11-2019,Kerala,Thrissur,Red,5.6,0.49,156,23,214,0.86
24-03-2025,Haryana,Gurgaon,Alluvial,7.1,0.62,193,30,275,1.05
10-09-2022,Manipur,Imphal,Loamy,7.6,1.34,212,47,271,0.92
05-10-2022,Uttar Pradesh,Kanpur,Sandy,7.5,1.04,85,14,159,0.52
14-06-2015,Kerala,Kozhikode,Laterite,5.2,0.31,176,16,192,0.55
25-09-2017,Uttarakhand,Dehradun,Loamy,6.2,0.55,189,35,354,0.73
29-09-2025,Nagaland,Kohima,Loamy,6.4,0.8,265,40,268,1.17
11-01-2022,Ladakh,Leh,Sandy Loam,7.6,1.24,111,21,185,0.73
31-07-2018,Uttarakhand,Dehradun,Loamy,6.1,0.79,220,37,344,0.88
08-01-2022,Himachal Pradesh,Shimla,Sandy Loam,8.3,2.2,147,29,194,0.71
18-10-2016,Andhra Pradesh,Chittoor,Red,6.5,0.59,181,20,176,0.46
14-04-2022,Gujarat,Ahmedabad,Sandy,6.7,0.23,111,6,144,0.74
20-01-2021,Uttar Pradesh,Varanasi,Sandy,6.9,1.04,117,21,140,0.87
24-03-2020,Gujarat,Surat,Sandy,6.1,0.02,74,6,122,0.63
19-03-2025,Gujarat,Rajkot,Sandy,5.9,0.11,60,5,78,0.71
08-08-2020,Haryana,Faridabad,Sandy,5.7,0.04,106,18,118,0.31
12-10-2020,Meghalaya,Shillong,Loamy,7.7,1.22,282,20,239,1.08
29-08-2023,Assam,Cachar,Alluvial,6.6,0.29,217,45,297,1.44
14-02-2018,Jharkhand,Ranchi,Loamy,6,0.26,223,23,239,1.22
04-03-2020,Gujarat,Rajkot,Black,6.5,0.67,174,12,165,0.54
24-09-2015,Rajasthan,Udaipur,Desert,7.9,0.11,81,7,71,0.4
20-01-2020,Dadra and Nagar Haveli and Daman and Diu,Daman,Loamy,7.9,1.26,132,46,372,1.04
05-09-2019,Tamil Nadu,Coimbatore,Alluvial,6.6,0.16,220,28,396,0.92
09-12-2024,Uttarakhand,Dehradun,Loamy,7.7,1.84,289,37,370,0.86
17-10-2023,Sikkim,Gangtok,Loamy,4.9,0.43,129,31,236,0.82
12-04-2021,Uttarakhand,Dehradun,Loamy,7.9,1.18,239,29,324,0.86
21-03-2025,Bihar,Purnia,Alluvial,7.6,1.19,209,46,264,1.37
26-06-2025,Telangana,Warangal,Black,6.1,0.08,239,20,143,0.59
08-09-2021,Tamil Nadu,Coimbatore,Red,6.5,0.52,114,18,222,0.65
19-02-2019,Odisha,Bhubaneswar,Laterite,5.8,0.06,127,17,128,0.7
20-04-2016,Assam,Kamrup,Laterite,5.5,0.7,171,18,86,0.59
28-10-2024,Uttarakhand,Dehradun,Loamy,7.2,0.9,194,38,207,0.86
03-09-2017,Assam,Kamrup,Alluvial,5.9,0.6,235,35,338,1.48
22-04-2018,West Bengal,Howrah,Alluvial,6.4,0.69,211,44,239,1.14
09-11-2017,Mizoram,Aizawl,Loamy,6.1,0.47,162,31,320,1.26
14-05-2020,Dadra and Nagar Haveli and Daman and Diu,Daman,Loamy,7.6,0.85,219,36,239,0.76
11-07-2016,Jharkhand,Ranchi,Loamy,6.2,0.51,151,23,306,0.93
14-10-2017,Sikkim,Gangtok,Loamy,7.2,0.4,162,20,228,1.04
04-11-2024,Chandigarh,Chandigarh,Loamy,6.6,0.01,180,24,173,0.64
25-05-2019,Rajasthan,Jaipur,Sandy,6,0.2,85,17,93,0.69
09-11-2024,Ladakh,Leh,Sandy Loam,8.2,1.41,170,18,126,0.93
01-06-2017,Tamil Nadu,Madurai,Alluvial,7.2,0.5,195,39,361,1.07
03-01-2021,Kerala,Ernakulam,Red,5.5,0.05,188,16,99,0.75
27-10-2016,Tripura,Agartala,Loamy,6.5,0.75,180,44,206,0.75
29-03-2024,Punjab,Ludhiana,Alluvial,6.1,0.64,209,43,296,1.15
21-04-2022,Gujarat,Ahmedabad,Sandy,6.2,0.25,143,14,112,0.54
07-11-2019,Andaman and Nicobar Islands,Port Blair,Loamy,5.6,0.58,114,12,335,0.8
07-11-2022,Andaman and Nicobar Islands,Port Blair,Loamy,7.2,1.13,174,44,356,1.14
13-05-2017,Madhya Pradesh,Bhopal,Black,7.9,0.66,118,31,326,0.82
04-08-2016,Assam,Kamrup,Alluvial,7.5,0.64,204,49,218,1.12
29-05-2023,Arunachal Pradesh,Itanagar,Loamy,6.1,0.49,155,25,351,0.96
25-11-2016,Meghalaya,Shillong,Loamy,6.9,0.9,208,38,251,0.81
30-06-2025,Chandigarh,Chandigarh,Loamy,5.1,0.88,173,29,225,1.13
05-06-2018,Goa,North Goa,Loamy,6.7,0.51,177,45,187,0.95
09-09-2023,Gujarat,Ahmedabad,Sandy,6.4,0.68,72,20,93,0.79
30-05-2019,Chhattisgarh,Raipur,Loamy,6.7,0.28,162,27,184,1.05
20-07-2024,Gujarat,Vadodara,Black,7,1.02,204,25,346,1.1
24-05-2018,Puducherry,Puducherry,Loamy,7.3,0.9,147,31,341,1.09
20-09-2021,Lakshadweep,Kavaratti,Loamy,6.7,0.77,123,15,341,0.72
03-02-2016,Madhya Pradesh,Bhopal,Black,7.5,0.75,199,23,257,0.98
30-04-2020,Chandigarh,Chandigarh,Loamy,6.3,0.59,170,17,214,0.93
15-12-2016,Tripura,Agartala,Loamy,6.1,0.38,207,20,191,1.13
04-12-2016,Rajasthan,Udaipur,Sandy,6.9,0.52,135,11,125,0.6
09-09-2022,Rajasthan,Jaipur,Desert,7,0.08,44,14,107,0.37
21-12-2021,West Bengal,Kolkata,Red,5.6,0.04,130,21,216,0.41
22-06-2025,Punjab,Ludhiana,Alluvial,6.5,0.8,195,26,375,1.32
06-09-2024,Puducherry,Puducherry,Loamy,6.4,0.43,252,17,205,1.24
11-09-2019,Chhattisgarh,Raipur,Loamy,7,0.67,272,31,235,0.94
26-05-2020,Nagaland,Kohima,Loamy,6.3,0.74,153,21,192,0.87
10-04-2023,Karnataka,Belgaum,Red,5.8,0.24,116,12,236,0.68
30-05-2025,Mizoram,Aizawl,Loamy,6.5,0.26,162,30,281,0.87
23-03-2015,Sikkim,Gangtok,Loamy,6.4,0.31,176,19,208,0.92
26-08-2016,Punjab,Patiala,Alluvial,6.4,0.82,249,36,203,0.88
24-05-2020,Goa,North Goa,Loamy,5.8,0.46,166,25,350,0.68
07-09-2019,Puducherry,Puducherry,Loamy,7.4,1.29,135,44,265,1.28
08-08-2020,Maharashtra,Pune,Red,7.2,1.05,117,18,162,0.83
19-06-2025,Tamil Nadu,Chennai,Red,8.1,1.92,143,33,173,0.96
20-09-2022,Punjab,Amritsar,Alluvial,5.8,0.11,211,35,386,1.2
21-06-2017,Madhya Pradesh,Bhopal,Black,7.3,0.57,195,16,262,0.65
31-12-2015,Lakshadweep,Kavaratti,Loamy,6.8,0.49,187,30,317,0.71
12-06-2015,Uttar Pradesh,Lucknow,Alluvial,6.7,0.21,198,36,216,1.14
17-07-2023,Maharashtra,Mumbai,Black,7.7,0.83,236,20,243,0.98
02-01-2022,Ladakh,Leh,Sandy Loam,7.5,0.58,64,26,80,0.51
23-04-2024,Haryana,Faridabad,Alluvial,7.1,0.35,231,25,312,1.03
07-02-2020,Sikkim,Gangtok,Loamy,4.8,0.59,119,29,316,0.67
26-04-2015,Sikkim,Gangtok,Loamy,6.4,0.68,174,45,335,1.24
08-03-2023,Meghalaya,Shillong,Loamy,4.9,0.81,135,29,158,1.06
25-09-2025,Uttarakhand,Dehradun,Loamy,8.8,2.77,174,34,312,1.33
12-07-2021,Jharkhand,Ranchi,Loamy,7.3,1.64,259,28,300,1
30-05-2017,Tripura,Agartala,Loamy,7.3,0.69,267,35,284,1
16-08-2022,Dadra and Nagar Haveli and Daman and Diu,Daman,Loamy,5.9,0.03,187,30,264,1.08
19-04-2017,Rajasthan,Jodhpur,Sandy,6.3,0.07,140,15,57,0.65
03-01-2021,Uttarakhand,Dehradun,Loamy,6,0.11,272,30,328,1.18
25-12-2024,Mizoram,Aizawl,Loamy,8.3,2.04,205,44,336,1.02
13-08-2025,Delhi,New Delhi,Loamy,5.8,0.25,225,30,211,0.83
08-09-2018,Dadra and Nagar Haveli and Daman and Diu,Daman,Loamy,7.1,0.32,258,29,321,0.7
26-10-2021,Uttar Pradesh,Varanasi,Alluvial,7.7,0.97,190,32,248,1.14
24-11-2022,Rajasthan,Udaipur,Sandy,7.1,0.78,78,8,95,0.4
02-11-2017,Ladakh,Leh,Sandy Loam,6.7,0.1,118,9,144,0.85
31-07-2017,Andhra Pradesh,Visakhapatnam,Black,6.7,0.43,245,33,190,0.83
05-10-2024,Bihar,Gaya,Alluvial,6.7,0.6,276,22,331,1.13
21-09-2019,Bihar,Gaya,Alluvial,6.8,0.41,222,26,211,1.07
23-05-2021,Uttar Pradesh,Lucknow,Sandy,7.6,1.85,73,19,179,0.46
30-07-2022,Bihar,Purnia,Alluvial,7.2,1.55,199,32,399,1.04
11-02-2018,Himachal Pradesh,Kangra,Sandy Loam,6.3,0.16,85,11,99,0.69
02-12-2021,Chandigarh,Chandigarh,Loamy,6.8,0.75,280,29,349,1
22-01-2015,Bihar,Patna,Alluvial,7.2,0.54,283,33,339,1.13
13-05-2024,Chhattisgarh,Raipur,Loamy,6,0.22,267,31,248,1.09
16-10-2019,Tamil Nadu,Madurai,Alluvial,6.2,0.27,178,34,225,0.83
13-11-2016,Meghalaya,Shillong,Loamy,6.1,0.8,220,17,290,0.96
11-09-2025,Sikkim,Gangtok,Loamy,6.6,0.34,162,36,227,0.84
16-12-2024,Haryana,Karnal,Alluvial,6.9,1.01,277,46,382,0.97
01-02-2023,Delhi,New Delhi,Loamy,5.9,0.05,119,35,208,1.02
08-01-2020,Meghalaya,Shillong,Loamy,6.8,0.91,129,29,263,1.04
25-06-2021,Chhattisgarh,Raipur,Loamy,6.7,0.9,134,24,357,0.98
06-05-2015,Meghalaya,Shillong,Loamy,6.3,0.32,142,34,317,1.22
04-10-2015,Gujarat,Vadodara,Sandy,6.3,0.23,107,6,131,0.54
22-06-2020,Andhra Pradesh,Guntur,Black,6.6,0.53,240,16,195,0.72
12-05-2018,Himachal Pradesh,Kangra,Sandy Loam,6.5,0.01,130,19,128,0.67
19-02-2021,Nagaland,Kohima,Loamy,5.8,0.21,124,26,240,0.74
10-04-2025,Assam,Dibrugarh,Laterite,7.2,1.53,106,27,182,0.71
24-03-2025,Telangana,Hyderabad,Red,7.6,1.24,122,27,250,0.86
27-11-2024,West Bengal,Howrah,Alluvial,8.6,1.44,285,53,307,1.58
26-11-2016,Jharkhand,Ranchi,Loamy,6.3,0.58,123,32,269,1.29
02-08-2018,Himachal Pradesh,Mandi,Loamy,7,1.21,127,38,356,0.97
26-02-2015,Madhya Pradesh,Bhopal,Black,6.9,0.54,141,24,286,1.15
02-06-2025,Jammu and Kashmir,Srinagar,Loamy,5.2,1.18,147,36,314,0.62
28-03-2024,Tamil Nadu,Madurai,Red,7.3,1.44,109,23,261,0.99
09-11-2023,Mizoram,Aizawl,Loamy,5.6,0.26,177,25,300,0.94
19-01-2015,Gujarat,Vadodara,Black,7.2,0.72,176,31,308,0.93
03-06-2024,Meghalaya,Shillong,Loamy,6.5,0.29,260,19,261,0.9
30-04-2021,Ladakh,Leh,Sandy Loam,6.7,0.6,143,13,182,0.7
12-10-2022,Punjab,Patiala,Alluvial,7.3,0.52,247,30,353,0.81
23-04-2015,Telangana,Hyderabad,Black,6.9,0.36,237,31,284,1.11
29-09-2024,Chhattisgarh,Raipur,Loamy,6.9,0.41,219,45,220,1.08
21-04-2024,Goa,North Goa,Loamy,5.3,1.35,117,35,275,0.72
25-06-2016,West Bengal,Howrah,Alluvial,6.5,0.88,192,37,245,1.51
18-05-2022,Chhattisgarh,Raipur,Loamy,7.2,1.02,277,40,338,0.96
01-08-2016,Arunachal Pradesh,Itanagar,Loamy,6.6,0.85,243,43,207,1.13
24-12-2017,Rajasthan,Jodhpur,Sandy,6.3,0.66,85,16,116,0.54
17-03-2024,Nagaland,Kohima,Loamy,7.4,1.29,177,40,247,1.26
25-01-2015,Kerala,Kozhikode,Red,6.5,0.45,112,30,193,0.79
22-04-2019,Mizoram,Aizawl,Loamy,5.9,0.1,141,13,233,0.95
10-08-2020,Manipur,Imphal,Loamy,6.6,1.19,240,24,244,1.23
06-02-2023,Gujarat,Surat,Sandy,5.9,0.47,73,15,104,0.24
22-04-2019,Maharashtra,Pune,Red,6.6,1.48,179,16,254,0.73
21-05-2015,Andhra Pradesh,Chittoor,Alluvial,6.7,0.67,247,33,252,1.16
03-11-2019,Assam,Dibrugarh,Laterite,6.7,1.19,130,22,130,0.65
09-10-2016,Dadra and Nagar Haveli and Daman and Diu,Daman,Loamy,6.8,0.44,132,23,217,0.94
13-02-2021,Madhya Pradesh,Bhopal,Red,5.3,0.32,117,23,129,0.73
05-10-2023,Nagaland,Kohima,Loamy,5.9,0.07,197,28,210,0.85
20-07-2015,Mizoram,Aizawl,Loamy,7,0.32,166,23,227,0.71
04-10-2023,Mizoram,Aizawl,Loamy,6.6,0.17,181,26,263,0.93
14-09-2015,Karnataka,Belgaum,Laterite,5.3,0.25,171,11,188,0.85
05-04-2025,Punjab,Ludhiana,Alluvial,8.1,1.84,212,44,362,1.44
30-06-2016,Jharkhand,Ranchi,Loamy,6.7,0.55,264,30,190,0.72
19-02-2021,Andaman and Nicobar Islands,Port Blair,Loamy,6,0.14,194,31,321,0.67
13-07-2022,Puducherry,Puducherry,Loamy,5.9,0.56,268,37,322,1.21
11-09-2023,Mizoram,Aizawl,Loamy,7.1,1.09,170,25,299,1.19
15-11-2024,Madhya Pradesh,Bhopal,Black,6.3,0.79,234,30,250,0.47
19-02-2024,Uttarakhand,Dehradun,Loamy,4.9,0.94,210,20,300,0.95
12-03-2017,Uttar Pradesh,Lucknow,Sandy,6.5,0.36,70,6,138,0.64
30-07-2017,West Bengal,Kolkata,Alluvial,6.7,0.47,247,36,366,1.1
17-06-2024,Madhya Pradesh,Bhopal,Red,6.3,0.95,185,29,114,0.59
14-02-2024,Kerala,Kozhikode,Red,6.6,0.78,117,18,143,0.69
18-02-2016,West Bengal,Darjeeling,Red,6.2,0.42,178,18,132,0.93
07-07-2020,Arunachal Pradesh,Itanagar,Loamy,7.4,0.97,138,17,220,0.85
13-10-2018,Puducherry,Puducherry,Loamy,6.3,0.55,232,18,353,1.14
03-01-2018,Tamil Nadu,Coimbatore,Red,5.5,0.07,89,24,132,0.42
19-05-2024,Andaman and Nicobar Islands,Port Blair,Loamy,7.9,2.06,166,35,275,1.11
03-01-2025,Jammu and Kashmir,Srinagar,Loamy,5.9,0.28,129,20,188,0.79
09-07-2025,Karnataka,Belgaum,Black,6.7,0.8,228,22,244,1.17
28-06-2017,Delhi,New Delhi,Loamy,6.6,0.7,252,43,235,0.72
07-07-2015,Karnataka,Bangalore,Black,7.2,0.48,137,33,218,0.96
14-04-2025,Himachal Pradesh,Mandi,Loamy,5.9,0.4,142,36,178,1.11
08-07-2020,Maharashtra,Nagpur,Red,6.4,0.51,182,16,186,0.41
06-08-2018,Himachal Pradesh,Kangra,Loamy,7.5,1.13,237,29,219,1.03
23-09-2020,Assam,Kamrup,Laterite,6,0.77,107,24,137,0.52
23-12-2024,Andaman and Nicobar Islands,Port Blair,Loamy,8,1.91,209,34,348,1.35
31-10-2020,Odisha,Bhubaneswar,Laterite,5.9,0.51,128,17,148,0.68
20-02-2018,Ladakh,Leh,Sandy Loam,6.4,0.15,121,15,168,0.51
24-12-2015,Lakshadweep,Kavaratti,Loamy,7,0.67,212,42,197,0.94
01-04-2019,Gujarat,Vadodara,Sandy,7.1,0.55,146,9,90,0.54
25-12-2017,West Bengal,Kolkata,Alluvial,5.8,0.59,283,28,293,1.12
03-03-2023,Nagaland,Kohima,Loamy,7.5,1.08,257,45,292,0.92
08-08-2019,Chhattisgarh,Raipur,Loamy,7.2,1.22,268,29,270,1.15
19-08-2021,Tamil Nadu,Chennai,Alluvial,6.2,0.48,172,45,389,0.9
11-06-2015,Sikkim,Gangtok,Loamy,6.9,0.65,155,24,210,1.25
14-06-2025,Uttar Pradesh,Kanpur,Sandy,7.9,1.91,109,20,157,0.84
13-06-2024,Kerala,Ernakulam,Red,4.9,0.08,168,8,125,0.6
16-03-2025,Odisha,Bhubaneswar,Red,5.2,0.51,188,20,98,0.48
22-05-2024,Andhra Pradesh,Krishna,Alluvial,6,0.76,212,30,230,0.91
04-12-2023,Assam,Kamrup,Laterite,5.3,0.33,65,15,138,0.78
27-06-2021,Uttarakhand,Dehradun,Loamy,6.5,0.93,249,43,236,1.09
25-03-2016,Nagaland,Kohima,Loamy,6.3,0.76,237,22,293,1.01
06-02-2019,Chandigarh,Chandigarh,Loamy,6.4,0.73,215,41,211,1.08
02-11-2017,Arunachal Pradesh,Itanagar,Loamy,5.9,0.65,157,36,287,0.72
09-02-2021,Chhattisgarh,Raipur,Loamy,6.7,0.19,263,15,174,1.23
28-11-2020,Andaman and Nicobar Islands,Port Blair,Loamy,6.5,0.3,263,43,190,0.76
04-05-2020,Delhi,New Delhi,Loamy,6.7,0.84,259,37,197,0.99
30-12-2021,Punjab,Patiala,Alluvial,5.8,0.2,180,19,357,1.45
06-08-2018,Chandigarh,Chandigarh,Loamy,7.1,0.88,278,20,322,1.16
31-05-2021,Chhattisgarh,Raipur,Loamy,6.9,1.06,154,45,350,1.13
23-08-2024,Rajasthan,Jodhpur,Sandy,5.4,1.32,82,11,83,0.48
30-01-2023,Manipur,Imphal,Loamy,6.1,0.5,228,17,241,0.92
23-05-2018,Punjab,Ludhiana,Alluvial,6,0.15,162,22,353,1.05
31-08-2017,Haryana,Gurgaon,Alluvial,6.5,0.46,176,27,303,1.05
23-09-2016,Dadra and Nagar Haveli and Daman and Diu,Daman,Loamy,6.1,0.37,179,41,184,1.28
10-05-2019,Kerala,Ernakulam,Red,6.7,0.44,166,29,137,0.59
16-11-2017,Rajasthan,Jaipur,Sandy,6.2,0.5,93,19,71,0.65
18-02-2025,Chandigarh,Chandigarh,Loamy,5.8,0.46,254,23,196,1.19
12-08-2022,Uttarakhand,Dehradun,Loamy,5.4,0.38,192,29,279,0.68
16-01-2024,Uttar Pradesh,Lucknow,Sandy,6.1,0.14,112,5,76,0.74
08-05-2019,Delhi,New Delhi,Loamy,6.2,0.76,124,36,315,1.01
14-08-2025,Uttar Pradesh,Lucknow,Sandy,6.9,1.22,141,18,138,0.43
26-06-2021,Uttar Pradesh,Kanpur,Alluvial,7,1.09,252,40,246,1.06
08-02-2023,Ladakh,Leh,Sandy Loam,8.5,1.47,78,29,113,0.72
18-01-2024,Andhra Pradesh,Guntur,Black,8.6,1.65,171,31,374,1.22
21-08-2019,Manipur,Imphal,Loamy,6.7,0.11,169,29,287,1.1
12-03-2016,Andhra Pradesh,Guntur,Black,6.6,0.8,192,28,276,1.13
29-09-2022,Karnataka,Belgaum,Red,6.3,0.4,134,29,224,0.53
06-04-2019,Arunachal Pradesh,Itanagar,Loamy,6,0.14,187,14,311,1.17
06-07-2024,Andhra Pradesh,Krishna,Alluvial,7.6,1.08,195,28,250,1.49
12-12-2017,Dadra and Nagar Haveli and Daman and Diu,Daman,Loamy,6.1,0.58,199,29,271,0.75
25-07-2025,Meghalaya,Shillong,Loamy,7.1,0.29,231,16,259,1.23
07-04-2024,Sikkim,Gangtok,Loamy,6,0.26,267,33,235,0.83
28-07-2018,Nagaland,Kohima,Loamy,6.6,1.04,193,27,350,0.82
05-08-2022,Mizoram,Aizawl,Loamy,5.7,0.01,210,14,194,0.76
09-09-2020,Chandigarh,Chandigarh,Loamy,5.5,0.27,152,22,310,0.77
12-07-2021,Jharkhand,Ranchi,Loamy,6.5,0.44,214,20,234,1.16
02-07-2015,Jammu and Kashmir,Srinagar,Loamy,6.5,0.43,269,34,325,0.71
22-06-2023,Rajasthan,Udaipur,Sandy,6.2,0.24,96,13,76,0.6
04-02-2022,Meghalaya,Shillong,Loamy,5,0.89,127,27,192,1.05
09-01-2019,Goa,North Goa,Loamy,7.9,1.19,213,31,370,1.26
12-08-2023,Assam,Dibrugarh,Laterite,7.6,1.72,110,18,185,0.83
09-06-2023,Rajasthan,Jaipur,Desert,8.7,0.96,122,9,64,0.62
25-09-2024,Madhya Pradesh,Bhopal,Red,4.9,0.6,123,22,110,0.64
19-01-2019,Nagaland,Kohima,Loamy,6.6,0.69,250,29,334,0.98
09-05-2019,Telangana,Warangal,Red,6.8,0.68,101,29,156,0.65
07-05-2019,Uttarakhand,Dehradun,Loamy,6.5,1.07,223,43,284,0.99
21-10-2016,Bihar,Muzaffarpur,Alluvial,6.7,0.37,158,25,389,1.43
09-06-2015,Sikkim,Gangtok,Loamy,6.2,0.43,265,31,325,1
13-06-2023,Telangana,Nizamabad,Red,6.3,0.5,84,19,229,0.69
24-11-2023,Jharkhand,Ranchi,Loamy,7.3,1.41,150,48,203,1.08
25-09-2021,Arunachal Pradesh,Itanagar,Loamy,4.7,1.23,209,37,284,0.7
08-10-2017,Goa,North Goa,Loamy,6.5,0.22,246,16,179,1.2
22-02-2015,Nagaland,Kohima,Loamy,7.1,0.34,165,37,277,1.27
21-09-2021,Mizoram,Aizawl,Loamy,6.9,0.72,266,22,313,1.2
04-12-2022,Tamil Nadu,Chennai,Alluvial,7,0.2,241,35,315,0.97
11-11-2017,Chandigarh,Chandigarh,Loamy,6.5,0.75,190,39,305,1.01
19-11-2017,Rajasthan,Jodhpur,Desert,7.9,0.38,61,8,46,0.5
13-07-2022,Jharkhand,Ranchi,Loamy,6.4,0.42,237,36,224,0.91
26-04-2021,Madhya Pradesh,Bhopal,Red,7.1,0.68,184,15,180,0.74
13-05-2018,Kerala,Ernakulam,Red,5.3,0.02,108,19,216,0.85
28-07-2023,Himachal Pradesh,Kangra,Sandy Loam,6.2,0.17,118,12,109,0.52
03-02-2019,Bihar,Purnia,Alluvial,7.9,1.19,228,52,324,1.19
24-09-2022,Telangana,Nizamabad,Black,7.7,0.53,125,35,326,0.66
29-01-2019,Puducherry,Puducherry,Loamy,6.7,0.2,274,41,250,1.22
01-11-2017,Chhattisgarh,Raipur,Loamy,7.4,0.83,274,46,225,0.77
19-02-2025,Manipur,Imphal,Loamy,6,0.23,274,36,335,1.27
04-05-2020,Bihar,Patna,Alluvial,5.5,0.43,167,31,221,0.81
15-03-2024,Haryana,Faridabad,Sandy,7.1,0.31,102,16,103,0.77
29-04-2017,Telangana,Hyderabad,Red,5.5,0.04,124,20,135,0.48
28-06-2025,West Bengal,Darjeeling,Alluvial,6.1,0.24,237,32,261,1.11
20-12-2015,Uttarakhand,Dehradun,Loamy,6.9,0.71,224,39,196,0.71
27-02-2025,Andhra Pradesh,Guntur,Red,5.7,0.44,128,21,193,0.73
03-01-2018,Puducherry,Puducherry,Loamy,7.1,0.82,271,43,245,1.21
30-12-2022,Mizoram,Aizawl,Loamy,6.8,0.82,148,19,331,1.06
06-10-2019,Uttar Pradesh,Kanpur,Alluvial,6.5,0.79,198,48,308,1.24
11-12-2024,Telangana,Nizamabad,Red,7.3,1.24,146,30,141,0.53
10-01-2025,Rajasthan,Jodhpur,Sandy,5.8,0.46,70,11,78,0.67
04-01-2019,Chandigarh,Chandigarh,Loamy,6.3,0.69,275,38,226,0.98
17-09-2017,Madhya Pradesh,Bhopal,Black,6.6,0.09,228,22,240,0.73
18-06-2018,Assam,Kamrup,Laterite,6.1,0.29,119,18,199,0.88
24-05-2023,Lakshadweep,Kavaratti,Loamy,6.8,0.28,159,22,321,0.92
28-02-2020,Jammu and Kashmir,Srinagar,Loamy,6.3,0.83,247,38,251,1.05
31-10-2023,Odisha,Bhubaneswar,Laterite,4.9,0.29,134,23,103,0.9
15-12-2019,Maharashtra,Mumbai,Black,7.4,0.9,209,42,239,1.19
03-09-2023,Sikkim,Gangtok,Loamy,7.7,1.72,165,43,350,1.3
25-05-2025,Mizoram,Aizawl,Loamy,5.9,0.24,168,21,217,1.05
30-05-2021,Bihar,Gaya,Alluvial,7.6,0.92,260,32,252,1.38
06-03-2021,Odisha,Bhubaneswar,Red,6.3,1.1,111,16,170,0.93
07-05-2024,Arunachal Pradesh,Itanagar,Loamy,4.5,1.39,108,19,196,0.7
16-01-2018,Manipur,Imphal,Loamy,6.1,0.74,180,43,346,0.94
28-03-2017,Arunachal Pradesh,Itanagar,Loamy,6.3,0.51,274,23,357,1.19
05-12-2019,Karnataka,Hubli,Laterite,5.4,0.76,113,18,144,0.79
14-05-2020,Tamil Nadu,Madurai,Alluvial,6.6,0.28,293,41,331,1.04
03-09-2021,Jharkhand,Ranchi,Loamy,8,2.01,194,40,365,1.07
30-06-2021,Assam,Dibrugarh,Alluvial,6.6,0.59,231,43,384,1.18
07-03-2023,Chhattisgarh,Raipur,Loamy,6.6,0.49,255,23,256,1.06
07-06-2017,Assam,Kamrup,Alluvial,6.8,0.78,294,22,260,0.81
30-01-2020,Madhya Pradesh,Bhopal,Black,8,1.24,138,24,270,1.1
26-03-2018,Odisha,Bhubaneswar,Red,5.6,0.01,173,26,136,0.63
29-10-2016,Jammu and Kashmir,Srinagar,Loamy,6.9,0.48,217,43,310,0.97
11-03-2025,Telangana,Nizamabad,Red,5.9,0.22,170,12,108,0.46
24-09-2016,Telangana,Warangal,Black,7.7,0.96,210,19,207,0.69
09-03-2022,Mizoram,Aizawl,Loamy,5.2,0.35,256,31,305,0.91
01-07-2019,Jharkhand,Ranchi,Loamy,7.2,0.82,176,19,334,0.83
19-03-2025,Arunachal Pradesh,Itanagar,Loamy,6.6,0.58,239,17,181,1.12
17-05-2015,Tamil Nadu,Coimbatore,Red,6.8,0.6,149,24,123,0.98
30-04-2020,Goa,North Goa,Loamy,7.1,0.53,226,36,298,0.95
25-08-2019,Arunachal Pradesh,Itanagar,Loamy,5.8,0.19,159,35,240,0.96
03-03-2016,Rajasthan,Jaipur,Sandy,6.2,0.32,126,12,106,0.65
15-01-2019,Jammu and Kashmir,Srinagar,Loamy,5.5,0.05,227,29,218,0.79
13-04-2022,Andaman and Nicobar Islands,Port Blair,Loamy,5.3,0.52,180,16,287,1.19
26-09-2025,Gujarat,Rajkot,Sandy,7.1,1.36,155,23,147,0.43
06-02-2023,Andaman and Nicobar Islands,Port Blair,Loamy,6.6,1.07,160,27,195,1.11
29-03-2017,Tamil Nadu,Coimbatore,Red,6.8,0.56,154,19,122,0.93
28-12-2020,Delhi,New Delhi,Loamy,6.7,0.55,131,35,253,0.86
11-01-2018,Haryana,Karnal,Sandy,6.5,0.37,134,17,139,0.37
02-02-2021,Kerala,Thrissur,Red,6.8,0.32,112,12,244,0.67
17-07-2015,Jharkhand,Ranchi,Loamy,6.2,0.61,128,33,319,1.06
25-04-2022,Manipur,Imphal,Loamy,6.6,0.08,129,35,322,0.97
18-12-2024,Telangana,Nizamabad,Black,6.6,0.43,131,26,176,0.7
18-06-2020,Uttar Pradesh,Varanasi,Alluvial,8,0.92,190,53,328,1.28
01-07-2022,Assam,Cachar,Alluvial,6.4,0.51,264,46,256,0.99
24-07-2024,Arunachal Pradesh,Itanagar,Loamy,7.5,1.69,175,47,378,1.22
14-09-2021,Goa,North Goa,Loamy,6.7,0.79,202,40,344,1.11
27-04-2025,Rajasthan,Jodhpur,Desert,8.7,1.17,109,16,78,0.68
15-04-2016,Himachal Pradesh,Shimla,Sandy Loam,6.9,0.62,76,18,76,0.51
15-03-2021,Jharkhand,Ranchi,Loamy,6.4,0.57,252,29,282,1.26
02-05-2020,Ladakh,Leh,Sandy Loam,6.9,0.1,98,14,133,0.84
17-07-2017,Assam,Dibrugarh,Laterite,6.4,0.33,124,20,158,0.75
04-09-2025,Telangana,Warangal,Red,6.7,0.16,133,18,214,0.51
03-07-2020,Sikkim,Gangtok,Loamy,7.4,1.51,225,36,276,1.24
28-05-2025,Maharashtra,Nagpur,Red,7.3,1.14,163,15,175,0.73
03-05-2022,Uttarakhand,Dehradun,Loamy,7.3,0.63,225,22,356,1.04
18-03-2023,Delhi,New Delhi,Loamy,7.1,1.51,228,34,290,1.31
24-06-2017,Sikkim,Gangtok,Loamy,6.3,0.76,257,17,300,0.97
31-01-2021,Andaman and Nicobar Islands,Port Blair,Loamy,7.3,0.82,146,26,362,0.8
23-01-2015,Odisha,Bhubaneswar,Laterite,5.2,0.6,167,21,98,0.62
24-05-2025,Odisha,Bhubaneswar,Red,6.5,0.68,120,30,229,0.83
23-08-2015,Goa,North Goa,Loamy,6.1,0.74,206,30,348,0.71
12-06-2023,Odisha,Bhubaneswar,Red,6.7,1.51,209,20,202,0.96
29-01-2018,Madhya Pradesh,Bhopal,Red,6.1,0.49,88,14,234,0.9
17-07-2017,Uttar Pradesh,Lucknow,Sandy,6.3,0.05,114,4,134,0.43
16-11-2024,Sikkim,Gangtok,Loamy,5.7,0.84,231,33,207,0.95
06-06-2016,Rajasthan,Udaipur,Sandy,6.4,0.17,80,13,52,0.76
14-12-2019,Ladakh,Leh,Sandy Loam,7.9,1.24,76,24,91,0.84
24-08-2024,Arunachal Pradesh,Itanagar,Loamy,6.7,0.82,144,19,228,0.97
06-03-2016,Chandigarh,Chandigarh,Loamy,6.2,0.28,171,36,284,1.27
03-03-2017,Uttarakhand,Dehradun,Loamy,6.5,0.13,215,41,262,0.96
18-06-2019,Gujarat,Vadodara,Black,7.2,0.46,175,15,340,0.8
03-10-2019,Punjab,Patiala,Alluvial,6.3,0.48,199,27,393,1.18
16-06-2016,Dadra and Nagar Haveli and Daman and Diu,Daman,Loamy,7,0.74,242,43,272,1.16
28-09-2025,Tamil Nadu,Chennai,Red,6.2,0.85,105,16,125,0.53
15-04-2023,Madhya Pradesh,Bhopal,Red,7.1,0.59,140,28,123,0.62
13-10-2019,Mizoram,Aizawl,Loamy,7,0.93,157,28,236,0.87
03-08-2019,Bihar,Gaya,Alluvial,6.8,0.09,218,38,222,0.96
09-08-2018,Maharashtra,Mumbai,Black,6.8,0.56,126,29,269,0.69
28-10-2022,Punjab,Ludhiana,Alluvial,6.4,1,223,51,252,1.28
01-07-2017,Madhya Pradesh,Bhopal,Black,7,0.48,135,32,256,0.97
29-01-2018,Assam,Dibrugarh,Laterite,5.1,0.43,105,23,175,0.72
06-03-2019,Uttar Pradesh,Lucknow,Sandy,6.4,0.05,120,13,76,0.47
20-08-2018,Uttar Pradesh,Lucknow,Sandy,6.1,0.27,147,12,98,0.62
28-12-2022,Nagaland,Kohima,Loamy,4.6,0.93,224,35,150,0.59
31-01-2022,Lakshadweep,Kavaratti,Loamy,6.9,0.45,272,27,252,0.89
20-10-2017,Maharashtra,Mumbai,Black,6.5,0.54,226,23,168,1.18
26-04-2019,Assam,Tinsukia,Laterite,4.8,0.01,155,12,173,0.74
10-10-2018,Andhra Pradesh,Krishna,Black,7.6,0.92,178,23,216,0.68
28-03-2024,Uttar Pradesh,Lucknow,Alluvial,6,0.02,155,22,247,1.24
28-02-2019,Telangana,Hyderabad,Black,7.2,0.84,192,38,276,0.62
09-08-2019,Jammu and Kashmir,Srinagar,Loamy,5.9,0.11,191,25,290,0.82
06-07-2025,Maharashtra,Nashik,Black,7.1,0.71,216,27,318,0.92
20-06-2020,Assam,Cachar,Alluvial,7.1,1.14,158,34,277,1.34
15-08-2015,Madhya Pradesh,Bhopal,Red,6.8,0.31,122,14,199,0.87
13-06-2018,Maharashtra,Pune,Black,7.5,0.4,178,31,274,1.02
22-05-2017,Rajasthan,Jodhpur,Sandy,6.1,0.33,97,11,94,0.48
10-06-2017,Uttar Pradesh,Kanpur,Alluvial,6.9,0.43,246,26,352,1.35
18-01-2019,Assam,Tinsukia,Alluvial,5.3,0.47,154,17,329,1.39
02-11-2017,Bihar,Patna,Alluvial,6.2,0.49,281,42,285,1.52
07-03-2021,Ladakh,Leh,Sandy Loam,8,1.29,120,17,148,0.53
20-08-2022,Andhra Pradesh,Krishna,Black,7.6,1.08,149,20,315,0.91
01-02-2016,Delhi,New Delhi,Loamy,6.3,0.55,236,30,335,1.05
28-01-2018,Gujarat,Surat,Sandy,6.7,0.53,63,14,61,0.44
09-09-2020,Karnataka,Belgaum,Laterite,6.4,0.42,156,13,106,0.97
24-01-2023,Uttarakhand,Dehradun,Loamy,4.9,0.73,143,18,223,0.65
08-11-2024,Maharashtra,Nagpur,Black,5.2,1.32,123,18,181,0.41
10-10-2016,Sikkim,Gangtok,Loamy,6.9,0.54,120,22,234,1.18
25-11-2015,Meghalaya,Shillong,Loamy,6.2,0.49,250,29,201,0.72
12-11-2023,Kerala,Ernakulam,Red,7.1,1.4,181,21,254,0.88
22-01-2019,Jharkhand,Ranchi,Loamy,7,1,281,35,194,0.95
29-08-2025,Telangana,Warangal,Black,5.2,1.06,93,14,256,0.94
09-08-2017,Nagaland,Kohima,Loamy,6.1,0.41,209,41,197,0.96
28-06-2020,Sikkim,Gangtok,Loamy,6.1,0.4,141,18,329,0.73
09-07-2020,Himachal Pradesh,Shimla,Sandy Loam,5.7,0.8,117,7,116,0.48
07-09-2023,Mizoram,Aizawl,Loamy,5.6,0.01,268,38,183,0.91
22-04-2022,Madhya Pradesh,Bhopal,Black,7.8,1.29,155,36,177,1.16
22-02-2020,Goa,North Goa,Loamy,7.8,1.46,260,39,297,1.36
11-04-2018,Rajasthan,Jaipur,Sandy,6.2,0.19,113,5,144,0.44
08-11-2019,Ladakh,Leh,Sandy Loam,6,0.04,132,17,76,0.74
11-06-2015,Gujarat,Vadodara,Black,7.5,0.66,207,30,160,0.81
18-10-2019,Ladakh,Leh,Sandy Loam,6.7,0.58,120,19,167,0.68
14-02-2017,Tripura,Agartala,Loamy,6.3,0.47,277,46,297,0.78
17-02-2024,Karnataka,Belgaum,Red,5.4,0.69,90,16,83,0.87
02-01-2020,Maharashtra,Nagpur,Red,5.8,0.12,181,16,102,0.5
10-05-2021,Andaman and Nicobar Islands,Port Blair,Loamy,6.7,1.22,272,26,189,1.05
02-06-2023,Jharkhand,Ranchi,Loamy,6,0.14,167,35,247,0.92
17-11-2017,Chhattisgarh,Raipur,Loamy,7.1,0.85,152,28,336,0.99
01-07-2021,Haryana,Karnal,Sandy,5.3,0.6,83,6,124,0.5
28-07-2017,Chhattisgarh,Raipur,Loamy,7,0.86,207,39,325,0.93
26-10-2023,Telangana,Hyderabad,Red,7.6,1.6,147,35,231,1.02
23-06-2016,Uttar Pradesh,Lucknow,Alluvial,6.8,0.84,261,43,219,1.24
10-12-2021,Goa,North Goa,Loamy,7.4,1.1,212,32,335,1.08
01-04-2017,Meghalaya,Shillong,Loamy,6.3,0.42,225,44,239,1.09
01-01-2019,Ladakh,Leh,Sandy Loam,7.2,0.56,74,26,177,0.6
24-12-2017,Kerala,Ernakulam,Laterite,5.8,0.46,123,19,150,0.82
22-12-2015,Karnataka,Bangalore,Black,7.2,0.82,230,34,233,1.07
13-11-2024,Assam,Cachar,Laterite,6.9,1.81,146,21,161,1.05
06-02-2024,Goa,North Goa,Loamy,4.5,1.25,183,30,259,0.56
23-08-2015,Odisha,Bhubaneswar,Laterite,6,0.46,153,11,109,0.88
24-03-2021,Nagaland,Kohima,Loamy,7.1,0.74,236,33,246,0.76
29-03-2019,Meghalaya,Shillong,Loamy,6.1,0.29,212,38,220,1.11
07-04-2024,Tamil Nadu,Chennai,Alluvial,7.4,0.54,163,32,346,1.3
27-09-2020,Himachal Pradesh,Shimla,Sandy Loam,7.7,0.76,105,24,95,0.85
28-04-2015,Assam,Tinsukia,Laterite,5.2,0.59,139,13,112,0.69
02-10-2020,Haryana,Hisar,Alluvial,5.9,0.07,262,43,394,0.83
01-08-2019,Bihar,Gaya,Alluvial,6.4,0.14,297,49,370,0.85
25-02-2022,Kerala,Thrissur,Red,7.1,1.01,100,18,213,0.93
03-12-2017,Dadra and Nagar Haveli and Daman and Diu,Daman,Loamy,6.7,0.67,245,20,314,0.91
22-08-2025,Tripura,Agartala,Loamy,7.6,1.52,226,24,368,1.19
01-10-2020,Meghalaya,Shillong,Loamy,6.4,0.41,222,26,230,1.3
05-01-2025,Maharashtra,Mumbai,Red,6.5,0.49,86,14,146,0.7
11-07-2016,Madhya Pradesh,Bhopal,Black,7.7,0.58,103,32,163,1.03
05-11-2024,Gujarat,Rajkot,Black,7.4,0.89,151,19,168,0.64
06-04-2025,Kerala,Ernakulam,Laterite,7.1,0.93,164,14,201,0.59
09-09-2023,Bihar,Patna,Alluvial,7.9,1.07,184,45,393,1.4
21-12-2019,Arunachal Pradesh,Itanagar,Loamy,5.8,0.29,133,40,280,1.01
08-07-2025,Jammu and Kashmir,Srinagar,Loamy,5.6,0.72,155,19,184,0.84
28-06-2020,Assam,Tinsukia,Alluvial,6.4,0.87,257,48,220,1.37
25-09-2025,Bihar,Muzaffarpur,Alluvial,6.5,0.56,292,25,227,1.01
25-12-2022,Kerala,Kozhikode,Laterite,6,0.63,99,21,96,0.86
02-02-2016,Odisha,Bhubaneswar,Red,6.5,0.07,92,20,103,0.5
15-10-2023,Jharkhand,Ranchi,Loamy,6.2,0.47,203,37,349,1
05-11-2016,Andhra Pradesh,Guntur,Red,5.8,0.19,155,28,212,0.51
22-01-2016,Mizoram,Aizawl,Loamy,6.2,0.69,167,30,235,0.75
28-11-2020,Meghalaya,Shillong,Loamy,7.2,0.97,160,23,262,1.21
15-04-2022,Himachal Pradesh,Mandi,Loamy,6.2,0.51,139,23,328,0.74
26-08-2020,Himachal Pradesh,Kangra,Sandy Loam,6.9,0.7,151,14,163,0.73
18-07-2025,Himachal Pradesh,Shimla,Sandy Loam,7.1,1.15,143,27,101,0.65
28-11-2023,Kerala,Ernakulam,Red,5.9,0.94,186,21,110,0.49
02-06-2017,Manipur,Imphal,Loamy,7,0.72,187,45,329,0.9
16-11-2024,Arunachal Pradesh,Itanagar,Loamy,6.9,0.54,226,44,225,1.18
24-06-2016,Karnataka,Hubli,Laterite,5.3,0.55,75,14,120,0.72
20-06-2015,Karnataka,Belgaum,Red,6.8,0.23,100,14,164,0.44
22-09-2021,Haryana,Karnal,Sandy,6.9,0.45,116,19,141,0.37
09-01-2017,Lakshadweep,Kavaratti,Loamy,7.2,0.66,164,34,233,1
02-11-2018,Goa,North Goa,Loamy,6.6,0.21,122,23,333,0.75
04-12-2023,Punjab,Ludhiana,Alluvial,6.5,0.01,256,23,311,0.76
15-12-2022,Jammu and Kashmir,Srinagar,Loamy,5.8,0.25,262,35,277,0.79
27-03-2021,Haryana,Hisar,Alluvial,6.1,0.09,264,26,389,1.33
09-09-2025,Puducherry,Puducherry,Loamy,5.1,0.81,109,16,199,1.13
28-09-2025,Odisha,Bhubaneswar,Red,6.3,1.26,119,30,186,0.61
29-04-2015,Gujarat,Rajkot,Black,7.1,0.73,127,38,169,0.73
02-11-2023,Dadra and Nagar Haveli and Daman and Diu,Daman,Loamy,6.7,0.77,189,31,281,0.76
02-10-2022,Nagaland,Kohima,Loamy,7.4,0.91,198,23,337,1.32
16-04-2025,Maharashtra,Nagpur,Black,6.3,0.19,147,12,258,0.79
17-11-2021,Ladakh,Leh,Sandy Loam,7.7,0.75,113,17,112,0.77
21-11-2020,Mizoram,Aizawl,Loamy,7.4,0.79,281,38,329,1.34
23-01-2025,Himachal Pradesh,Shimla,Loamy,6.2,0.05,138,12,189,0.82
08-07-2022,Punjab,Patiala,Alluvial,7.4,0.21,271,46,362,0.86
18-06-2020,West Bengal,Kolkata,Alluvial,6.3,0.36,282,40,332,1.49
02-08-2025,Punjab,Amritsar,Alluvial,7.3,0.55,217,25,263,1.12
13-10-2024,Ladakh,Leh,Sandy Loam,6.5,0.65,140,22,147,0.64
22-04-2025,Uttarakhand,Dehradun,Loamy,6.9,0.26,238,42,199,1.25
02-09-2019,Haryana,Karnal,Sandy,6.6,0.68,57,13,130,0.73
19-09-2019,Lakshadweep,Kavaratti,Loamy,6.8,0.85,254,30,216,0.8
31-01-2021,Andhra Pradesh,Visakhapatnam,Red,7.3,0.86,191,31,180,0.51
02-06-2025,Mizoram,Aizawl,Loamy,9,2.16,233,39,367,1.18
24-08-2022,Himachal Pradesh,Mandi,Loamy,7.9,1.3,200,44,344,0.96
25-08-2019,Punjab,Patiala,Alluvial,6.8,0.26,245,45,237,1.02
15-12-2018,Lakshadweep,Kavaratti,Loamy,7.2,0.81,162,38,274,1.09
11-10-2023,Arunachal Pradesh,Itanagar,Loamy,6.6,0.44,217,41,333,0.78
24-06-2024,Lakshadweep,Kavaratti,Loamy,5.1,0.67,189,32,171,0.75
26-10-2019,Himachal Pradesh,Kangra,Sandy Loam,7,1.21,159,22,154,0.5
05-03-2019,Chandigarh,Chandigarh,Loamy,7.4,2.04,178,43,280,1.43
26-10-2016,Punjab,Ludhiana,Alluvial,6.4,0.28,297,28,328,1.07
02-02-2015,Andhra Pradesh,Guntur,Red,6.4,0.21,180,20,178,0.65
03-10-2020,Chhattisgarh,Raipur,Loamy,8,1.56,178,43,276,1.31
10-01-2022,Jammu and Kashmir,Srinagar,Loamy,6.5,0.62,149,23,309,0.74
04-09-2022,Ladakh,Leh,Sandy Loam,6.2,0.22,146,19,124,0.43
01-09-2025,Andhra Pradesh,Visakhapatnam,Red,5.9,0.14,164,20,234,0.47
26-02-2025,Maharashtra,Nagpur,Red,6.6,0.53,125,23,220,0.67
21-08-2020,Himachal Pradesh,Kangra,Sandy Loam,6.6,0.59,138,20,73,0.63
01-04-2019,Chandigarh,Chandigarh,Loamy,6.6,0.44,144,26,193,0.87
20-12-2016,Telangana,Hyderabad,Red,6.4,0.69,126,26,188,0.79
15-02-2022,Bihar,Purnia,Alluvial,6.6,0.47,154,21,215,0.98
17-08-2021,Maharashtra,Pune,Red,7.5,1.39,169,18,123,0.92
28-04-2016,Tripura,Agartala,Loamy,7,0.72,163,43,340,1.02
30-08-2017,Bihar,Gaya,Alluvial,6.9,0.64,163,27,235,1.21
07-03-2025,Tripura,Agartala,Loamy,6.4,0.32,201,35,312,1.2
13-01-2024,Jharkhand,Ranchi,Loamy,4.6,1.87,200,16,218,0.66
24-04-2022,Jammu and Kashmir,Srinagar,Loamy,5.9,0.22,167,42,344,1.06
03-11-2015,Gujarat,Vadodara,Black,6.9,0.66,133,32,159,1.1
01-04-2016,Madhya Pradesh,Bhopal,Red,6.3,0.27,185,28,229,0.87
16-01-2021,Bihar,Muzaffarpur,Alluvial,5.6,0.19,196,28,302,0.89
27-11-2015,Ladakh,Leh,Sandy Loam,6.4,0.39,61,11,118,0.47
24-09-2022,Maharashtra,Mumbai,Black,7.1,0.44,158,32,345,0.89
13-08-2015,Nagaland,Kohima,Loamy,6.8,0.4,220,22,216,1.01
19-04-2023,Haryana,Karnal,Alluvial,8,0.99,204,28,289,1.25
08-08-2022,Lakshadweep,Kavaratti,Loamy,5.8,0.02,220,15,293,1.18
15-10-2024,Uttarakhand,Dehradun,Loamy,6.8,0.7,182,40,278,0.95
19-01-2019,Tamil Nadu,Chennai,Red,6.3,0.49,176,28,136,0.45
14-07-2023,Gujarat,Ahmedabad,Sandy,6.2,0.28,91,12,89,0.37
30-12-2023,Kerala,Ernakulam,Laterite,6.4,0.54,136,21,131,0.69
18-12-2017,Tripura,Agartala,Loamy,6.5,0.73,169,39,201,1.08
05-10-2016,Assam,Kamrup,Alluvial,7.2,0.55,254,36,311,0.84
07-09-2016,Uttar Pradesh,Lucknow,Alluvial,7.5,0.61,260,41,402,1.36
14-07-2015,Bihar,Gaya,Alluvial,6.9,0.27,204,28,371,1.11
03-05-2016,Ladakh,Leh,Sandy Loam,7.2,0.47,75,9,85,0.78
13-01-2021,Manipur,Imphal,Loamy,6.5,0.38,238,21,287,1.15
11-04-2022,Lakshadweep,Kavaratti,Loamy,5,0.72,244,37,330,0.89
03-06-2018,Andaman and Nicobar Islands,Port Blair,Loamy,6.5,0.4,193,19,188,0.94
25-09-2021,Jharkhand,Ranchi,Loamy,7,0.67,128,34,293,0.97
21-12-2023,Rajasthan,Jodhpur,Desert,7.6,0.29,100,9,60,0.38
07-01-2018,Meghalaya,Shillong,Loamy,7,0.66,185,25,237,1.21
21-02-2018,Odisha,Bhubaneswar,Red,6.2,0.24,110,24,98,0.49
23-11-2021,Andaman and Nicobar Islands,Port Blair,Loamy,4.6,1.21,202,17,152,0.81
26-05-2018,Nagaland,Kohima,Loamy,6.5,0.71,270,25,362,0.76
30-05-2016,Meghalaya,Shillong,Loamy,6.9,0.54,166,39,353,1.3
14-06-2019,Andhra Pradesh,Guntur,Black,7.1,0.55,221,34,345,1.07
01-02-2018,Arunachal Pradesh,Itanagar,Loamy,6.4,0.4,165,14,232,1.24
28-01-2016,Manipur,Imphal,Loamy,7.1,0.54,123,36,287,0.76
22-09-2016,West Bengal,Darjeeling,Alluvial,7,0.72,201,37,315,1.48
05-03-2025,Andhra Pradesh,Chittoor,Alluvial,6.6,1.04,240,47,374,0.85
22-01-2020,Chhattisgarh,Raipur,Loamy,6.2,0.38,117,28,332,1.22
09-04-2022,Sikkim,Gangtok,Loamy,6.4,0.32,168,22,181,0.96
06-09-2017,Ladakh,Leh,Sandy Loam,5.9,0.24,76,22,168,0.36
09-03-2016,Madhya Pradesh,Bhopal,Red,5.6,0.57,84,28,156,0.72
25-04-2024,Andhra Pradesh,Krishna,Red,4.9,0.09,191,20,210,0.9
20-10-2023,Meghalaya,Shillong,Loamy,6.9,1.11,161,20,325,0.85
07-08-2025,Sikkim,Gangtok,Loamy,5.8,0.14,129,40,315,1.19
31-01-2022,Lakshadweep,Kavaratti,Loamy,6.5,0.26,145,39,264,0.75
05-10-2015,Meghalaya,Shillong,Loamy,6.1,0.34,188,40,236,1.16
21-08-2015,Manipur,Imphal,Loamy,6.1,0.5,140,41,354,0.9
02-04-2019,Kerala,Ernakulam,Red,6.6,0.47,146,19,159,0.42
14-05-2019,Andhra Pradesh,Visakhapatnam,Alluvial,6.9,0.62,268,39,268,0.81
18-01-2018,Mizoram,Aizawl,Loamy,6.7,0.35,142,17,323,1.08
03-10-2024,West Bengal,Howrah,Alluvial,7.8,1.58,182,29,254,1.18
15-12-2023,Gujarat,Ahmedabad,Black,9.1,2.07,148,40,332,1.12
06-08-2021,Himachal Pradesh,Mandi,Sandy Loam,7.1,0.86,113,13,132,0.54
13-08-2024,Sikkim,Gangtok,Loamy,6.5,0.17,189,13,203,1.06
26-01-2015,Uttar Pradesh,Kanpur,Alluvial,6.2,0.58,150,34,344,1.45
24-06-2023,Kerala,Thrissur,Laterite,7.2,1.31,176,25,112,1.07
18-11-2018,Gujarat,Vadodara,Sandy,6.2,0.28,97,14,116,0.42
29-12-2021,Manipur,Imphal,Loamy,5.6,0.15,234,25,186,0.91
26-03-2024,Rajasthan,Udaipur,Desert,6.9,0.02,44,8,80,0.56
03-05-2024,Maharashtra,Nashik,Black,7.4,0.74,147,20,205,1.06
03-05-2021,Arunachal Pradesh,Itanagar,Loamy,7.1,0.74,191,23,258,1.26
05-04-2016,Haryana,Gurgaon,Alluvial,6.5,0.63,214,37,284,0.97
22-04-2025,Goa,North Goa,Loamy,7.1,1.2,130,28,227,0.94
08-11-2021,Delhi,New Delhi,Loamy,6.5,0.64,174,15,243,1.18
24-05-2024,Goa,North Goa,Loamy,5.9,0.08,262,21,344,1.15
27-12-2017,Uttar Pradesh,Kanpur,Sandy,6.4,0.57,86,13,64,0.47
03-10-2017,Maharashtra,Mumbai,Red,6.5,0.76,125,21,218,0.71
20-12-2022,Haryana,Karnal,Alluvial,8.6,1.85,306,37,277,1.42
15-07-2024,Madhya Pradesh,Bhopal,Red,5.8,0.7,127,24,187,0.44
17-06-2020,Madhya Pradesh,Bhopal,Red,7.2,0.88,145,30,150,0.56
05-05-2016,West Bengal,Howrah,Red,5.7,0.76,113,25,169,0.55
09-09-2025,Nagaland,Kohima,Loamy,6.6,0.34,171,37,240,1
08-12-2017,Odisha,Bhubaneswar,Red,5.8,0.8,170,26,130,0.71
16-04-2025,Lakshadweep,Kavaratti,Loamy,7.9,1.28,209,32,197,1.25
24-02-2022,Sikkim,Gangtok,Loamy,6.6,0.45,248,42,247,0.94
09-09-2023,Arunachal Pradesh,Itanagar,Loamy,6.1,0.17,167,40,266,1.24
04-08-2015,Madhya Pradesh,Bhopal,Red,5.9,0.22,97,14,196,0.51
10-08-2024,Tamil Nadu,Madurai,Alluvial,7.3,1.37,242,47,405,1.38
20-09-2019,Tripura,Agartala,Loamy,6.9,0.22,173,39,322,1.08
12-05-2019,West Bengal,Howrah,Red,5.7,0.13,85,25,117,0.6
19-02-2022,Karnataka,Hubli,Black,7.8,0.55,121,32,312,0.77
08-06-2015,Delhi,New Delhi,Loamy,6.8,0.36,188,31,311,1.09
11-12-2021,Telangana,Warangal,Black,8.1,0.91,204,21,256,0.96
16-11-2016,Arunachal Pradesh,Itanagar,Loamy,6.4,0.57,155,21,255,0.73
27-01-2024,Chandigarh,Chandigarh,Loamy,7.8,1.49,199,25,279,0.83
12-10-2022,Mizoram,Aizawl,Loamy,6.4,0.06,198,13,265,0.65
12-11-2019,Puducherry,Puducherry,Loamy,7,0.48,135,25,187,1.01
14-08-2020,Sikkim,Gangtok,Loamy,6.3,0.64,197,40,349,1.28
15-01-2025,Chhattisgarh,Raipur,Loamy,5.3,0.37,180,23,315,0.68
18-01-2020,Meghalaya,Shillong,Loamy,7.3,1.98,183,41,372,1.26
05-08-2021,Madhya Pradesh,Bhopal,Black,7.3,0.02,170,27,281,0.63
11-11-2021,Uttar Pradesh,Varanasi,Sandy,5.5,0.27,104,17,109,0.54
14-04-2021,Dadra and Nagar Haveli and Daman and Diu,Daman,Loamy,6.5,0.62,220,23,312,0.79
09-05-2019,Tamil Nadu,Madurai,Alluvial,7.7,0.87,186,51,362,1.41
24-08-2019,Kerala,Thrissur,Red,5.5,0.14,85,11,128,0.55
13-03-2023,Maharashtra,Nagpur,Black,7.3,0.85,141,39,292,0.92
05-10-2021,Nagaland,Kohima,Loamy,7.2,0.59,160,33,326,0.87
30-04-2020,Uttarakhand,Dehradun,Loamy,6.1,0.61,212,30,336,1.13
06-06-2025,West Bengal,Kolkata,Alluvial,4.8,1.01,184,37,315,0.98
24-08-2020,Nagaland,Kohima,Loamy,6.8,0.15,140,37,197,1.09
15-08-2022,Meghalaya,Shillong,Loamy,7.7,1.48,259,35,358,1.13
23-12-2024,Meghalaya,Shillong,Loamy,9.8,3.08,258,36,250,1.54
19-02-2018,Madhya Pradesh,Bhopal,Red,6.4,1.29,138,30,231,0.56
13-05-2021,Andaman and Nicobar Islands,Port Blair,Loamy,6.2,0.37,154,38,184,0.69
01-05-2019,Himachal Pradesh,Kangra,Loamy,6,0.43,195,18,359,1.3
05-11-2021,Uttar Pradesh,Kanpur,Alluvial,9,2.27,191,52,278,1.26
23-06-2024,West Bengal,Darjeeling,Red,6.9,1.26,105,15,244,0.97
19-03-2024,Madhya Pradesh,Bhopal,Black,9.3,2.47,157,36,378,1.29
24-12-2024,Ladakh,Leh,Sandy Loam,7,0.46,152,20,120,0.48
30-03-2022,Himachal Pradesh,Shimla,Sandy Loam,6.3,0.24,124,14,128,0.38
29-10-2021,Maharashtra,Mumbai,Black,8,1.08,165,31,301,1.11
07-03-2021,Kerala,Thrissur,Red,5.7,0.01,124,21,122,0.67
09-01-2025,Lakshadweep,Kavaratti,Loamy,7.3,0.95,239,42,257,1.18
24-07-2022,Assam,Dibrugarh,Alluvial,6,0.43,289,42,382,1.29
07-06-2021,Meghalaya,Shillong,Loamy,6.8,0.13,196,20,287,1.14
16-04-2020,Punjab,Amritsar,Alluvial,5.8,0.71,249,29,361,1.35
08-01-2024,Lakshadweep,Kavaratti,Loamy,6.1,0.79,275,34,328,0.71
24-10-2019,Tamil Nadu,Chennai,Red,6.7,0.37,174,18,154,0.97
12-08-2020,Mizoram,Aizawl,Loamy,7.1,0.96,209,44,318,0.77
16-09-2017,Meghalaya,Shillong,Loamy,6.6,0.57,221,35,339,0.91
22-03-2019,Haryana,Faridabad,Alluvial,7.2,0.7,224,26,335,1.07
21-01-2018,Odisha,Bhubaneswar,Red,5.8,0.33,100,13,215,0.69
11-01-2022,Chandigarh,Chandigarh,Loamy,6.9,0.95,201,40,256,0.91
31-07-2024,Puducherry,Puducherry,Loamy,6.9,0.86,215,41,193,1.08
07-05-2016,Maharashtra,Nagpur,Red,6.6,0.3,190,21,177,0.98
20-01-2024,Sikkim,Gangtok,Loamy,7.3,0.89,124,32,215,1.07
11-09-2016,Mizoram,Aizawl,Loamy,6.8,0.51,220,18,196,1.2
07-11-2023,Manipur,Imphal,Loamy,7.1,0.51,228,22,228,1
20-05-2025,Lakshadweep,Kavaratti,Loamy,6.7,0.73,211,18,245,0.84
20-06-2025,Madhya Pradesh,Bhopal,Black,6.9,0.51,246,30,203,0.77
06-07-2021,Rajasthan,Udaipur,Desert,6.8,0.65,84,4,81,0.47
08-07-2021,Delhi,New Delhi,Loamy,7.1,0.59,168,33,231,0.8
28-09-2020,Uttarakhand,Dehradun,Loamy,7.1,0.46,195,18,269,1.14
27-03-2019,Jammu and Kashmir,Srinagar,Loamy,5.9,0.2,255,21,180,0.99
12-05-2017,Meghalaya,Shillong,Loamy,6.4,0.2,220,15,236,0.76
19-08-2019,West Bengal,Darjeeling,Alluvial,6.5,0.02,163,39,276,0.9
03-10-2024,Puducherry,Puducherry,Loamy,5.1,0.54,116,24,221,1.07
25-05-2019,Andhra Pradesh,Chittoor,Black,7.3,0.94,199,25,331,1.22
10-04-2025,Dadra and Nagar Haveli and Daman and Diu,Daman,Loamy,7.4,1.72,210,34,270,0.98
08-05-2021,Ladakh,Leh,Sandy Loam,6.8,0.51,133,13,92,0.83
02-08-2016,Delhi,New Delhi,Loamy,7,0.83,123,31,307,1.05
05-03-2020,Delhi,New Delhi,Loamy,5.6,0.02,177,23,330,0.71
29-06-2018,Nagaland,Kohima,Loamy,6.7,0.91,202,20,235,1.09
20-02-2022,Tamil Nadu,Coimbatore,Red,7.4,1.9,163,29,254,1.04
06-07-2022,Tamil Nadu,Madurai,Red,5.9,0.74,114,12,240,0.63
30-01-2020,Manipur,Imphal,Loamy,6.8,0.35,208,36,313,1.06
28-04-2025,Uttar Pradesh,Varanasi,Alluvial,6,0.35,233,40,303,1.44
28-08-2023,Chandigarh,Chandigarh,Loamy,7.9,1.38,179,35,303,0.92
29-10-2021,Tripura,Agartala,Loamy,8,1.85,224,36,256,1.36
23-05-2023,Meghalaya,Shillong,Loamy,6.7,0.37,129,21,192,0.99
17-09-2018,Maharashtra,Nashik,Red,6.8,0.88,149,14,225,0.47
08-03-2018,Mizoram,Aizawl,Loamy,5.9,0.27,242,26,240,0.76
23-12-2015,Kerala,Ernakulam,Laterite,5.9,0.53,132,12,159,0.52
13-06-2019,Andaman and Nicobar Islands,Port Blair,Loamy,6.5,0.79,175,40,275,0.95
10-05-2021,Lakshadweep,Kavaratti,Loamy,6.3,0.85,125,26,227,0.79
18-06-2023,Telangana,Nizamabad,Red,6,0.44,167,28,117,0.45
29-06-2020,Madhya Pradesh,Bhopal,Red,5.3,0.18,85,21,170,0.78
16-06-2021,Punjab,Amritsar,Alluvial,6.5,0.35,200,17,297,1.33
19-05-2017,Manipur,Imphal,Loamy,5.7,0.27,252,28,230,1.26
04-06-2017,Bihar,Patna,Alluvial,7.2,0.33,271,40,292,1.16
24-06-2020,Puducherry,Puducherry,Loamy,6.5,0.69,238,42,317,1.28
10-01-2021,West Bengal,Howrah,Alluvial,7.5,0.44,261,43,234,1.45
14-11-2018,Arunachal Pradesh,Itanagar,Loamy,6.1,0.62,124,31,256,1.08
07-07-2018,Chandigarh,Chandigarh,Loamy,7.1,0.58,189,41,302,1.13
11-09-2016,Uttar Pradesh,Kanpur,Sandy,6.3,0.3,146,18,68,0.58
01-06-2017,Uttar Pradesh,Lucknow,Alluvial,6.1,0,289,43,363,1.23
07-03-2017,Punjab,Amritsar,Alluvial,5.9,0.37,226,45,383,1.11
21-12-2024,West Bengal,Howrah,Alluvial,5.9,0.56,277,28,379,0.78
12-12-2020,Punjab,Amritsar,Alluvial,5.7,0.12,274,27,355,1.03
18-05-2024,Karnataka,Bangalore,Black,6.7,0.06,128,23,209,1.03
20-07-2018,Jharkhand,Ranchi,Loamy,7.1,0.7,281,45,350,1.07
10-09-2016,Tamil Nadu,Coimbatore,Alluvial,5.9,0.41,231,38,312,0.88
09-01-2020,Odisha,Bhubaneswar,Laterite,5.6,0.06,123,13,75,0.9
02-09-2015,Nagaland,Kohima,Loamy,7.1,0.41,186,26,196,0.95
05-12-2022,Uttarakhand,Dehradun,Loamy,5.8,0.47,190,14,325,1.01
02-11-2021,Goa,North Goa,Loamy,5.6,0.15,126,13,278,1.21
18-07-2017,Jharkhand,Ranchi,Loamy,6.5,0.38,270,22,221,1.23
24-06-2018,Arunachal Pradesh,Itanagar,Loamy,6.7,0.57,162,26,213,1.07
03-06-2016,Telangana,Nizamabad,Black,7.4,0.36,202,32,157,0.93
18-10-2023,West Bengal,Kolkata,Alluvial,6.4,0.56,150,35,302,1.4
06-08-2021,West Bengal,Kolkata,Red,7,1.57,147,33,186,0.98
08-01-2015,Arunachal Pradesh,Itanagar,Loamy,6.2,0.77,148,28,195,1.25
30-11-2021,Chhattisgarh,Raipur,Loamy,6.1,0.1,120,17,235,1
16-05-2024,Karnataka,Belgaum,Red,6.8,1.59,139,26,207,0.55
12-07-2020,Jharkhand,Ranchi,Loamy,6.6,0.2,186,29,176,0.95
09-05-2016,Arunachal Pradesh,Itanagar,Loamy,6.8,0.2,146,30,300,0.69
18-06-2019,Manipur,Imphal,Loamy,6.2,0,237,27,321,0.89
20-11-2022,Gujarat,Surat,Black,8,1.17,177,26,311,0.85
30-07-2024,Punjab,Amritsar,Alluvial,6.9,1.45,217,28,344,1.5
28-11-2017,Puducherry,Puducherry,Loamy,6.1,0.68,218,21,343,0.76
25-03-2022,Jammu and Kashmir,Srinagar,Loamy,7.2,1.12,274,20,272,1.29
06-07-2015,Puducherry,Puducherry,Loamy,6.2,0.5,189,37,223,1.12
15-01-2025,Sikkim,Gangtok,Loamy,6.9,0.45,219,42,353,1.01
19-01-2025,Dadra and Nagar Haveli and Daman and Diu,Daman,Loamy,7.4,0.76,274,28,246,0.95
02-09-2022,Tamil Nadu,Madurai,Red,5.8,0.3,148,18,159,0.83
21-02-2020,Odisha,Bhubaneswar,Laterite,6.1,1.09,75,14,186,0.92
10-11-2020,Bihar,Patna,Alluvial,6.9,1.07,235,38,329,1.55
27-03-2015,Telangana,Nizamabad,Red,6.2,0.51,117,23,193,0.94
13-07-2023,Punjab,Ludhiana,Alluvial,6.8,1.03,222,26,271,0.88
17-05-2015,West Bengal,Kolkata,Red,6.7,0.25,178,28,170,0.43
04-10-2021,Mizoram,Aizawl,Loamy,6.6,0.3,147,31,242,1.13
22-10-2020,Odisha,Bhubaneswar,Laterite,5.7,0.89,138,26,190,0.9
28-11-2024,Jammu and Kashmir,Srinagar,Loamy,7,0.91,157,34,275,0.96
25-06-2019,Lakshadweep,Kavaratti,Loamy,6.8,0.24,246,22,331,1.17
23-10-2024,Jammu and Kashmir,Srinagar,Loamy,6,0.04,268,26,257,1.07
02-11-2023,Chandigarh,Chandigarh,Loamy,6.4,0.85,238,30,234,0.98
09-02-2024,Mizoram,Aizawl,Loamy,7,0.48,173,35,288,1.03
27-01-2021,Andaman and Nicobar Islands,Port Blair,Loamy,6.3,0.1,184,20,217,1.13
18-10-2019,Goa,North Goa,Loamy,6.5,0.29,127,21,266,1.06
26-01-2021,Mizoram,Aizawl,Loamy,6,0.19,257,34,318,0.8
23-11-2019,Mizoram,Aizawl,Loamy,5.9,0.08,221,29,270,0.75
21-05-2017,Maharashtra,Mumbai,Red,6.4,0.56,132,26,125,0.77
27-06-2021,Telangana,Nizamabad,Black,7.7,0.47,106,31,158,0.71
17-12-2024,Lakshadweep,Kavaratti,Loamy,6.8,1.15,230,30,200,1.18
08-11-2021,Ladakh,Leh,Sandy Loam,7,0.62,93,10,160,0.51
01-08-2017,Maharashtra,Pune,Red,6.2,0.31,155,11,139,0.46
15-06-2019,Uttarakhand,Dehradun,Loamy,6.8,0.36,219,19,350,0.95
08-10-2022,Odisha,Bhubaneswar,Red,6.2,1.11,135,29,241,1.05
14-04-2022,Dadra and Nagar Haveli and Daman and Diu,Daman,Loamy,5.9,0.48,129,23,292,0.95
01-11-2023,Himachal Pradesh,Kangra,Sandy Loam,7.5,0.63,124,11,128,0.74
15-01-2023,Mizoram,Aizawl,Loamy,6.9,0.81,166,42,300,0.75
15-12-2015,Odisha,Bhubaneswar,Red,6,0.26,146,13,237,0.92
23-08-2024,Bihar,Muzaffarpur,Alluvial,4.6,1.86,212,27,336,0.64
04-08-2019,Karnataka,Hubli,Laterite,5.5,0.49,149,16,205,0.97
11-04-2018,Sikkim,Gangtok,Loamy,7.2,1.16,151,45,273,1.07
10-01-2015,Bihar,Purnia,Alluvial,6.2,0.24,230,36,266,1.42
19-08-2022,Mizoram,Aizawl,Loamy,6.3,0.49,149,15,255,1.01
19-02-2024,Haryana,Gurgaon,Alluvial,6.1,0.29,204,26,377,1.15
01-01-2019,Puducherry,Puducherry,Loamy,6.9,1.25,255,41,300,1.07
28-06-2025,Karnataka,Bangalore,Red,7,1.26,107,14,254,1.03
01-02-2024,Dadra and Nagar Haveli and Daman and Diu,Daman,Loamy,7.8,1.36,153,30,328,0.99
28-10-2016,Karnataka,Bangalore,Red,6.4,0.73,188,25,131,0.97
06-02-2022,Rajasthan,Jaipur,Desert,8,0.95,114,11,106,0.46
03-03-2019,Chandigarh,Chandigarh,Loamy,7.1,0.62,131,45,289,0.82
16-12-2020,Jharkhand,Ranchi,Loamy,6.8,0.38,151,34,254,0.9
01-04-2025,Uttar Pradesh,Varanasi,Sandy,7.6,1.16,125,20,145,0.54
23-08-2016,Uttarakhand,Dehradun,Loamy,6.2,0.68,140,29,222,0.9
06-04-2022,Haryana,Faridabad,Alluvial,7.7,0.97,289,38,254,1.24
23-11-2015,Haryana,Karnal,Sandy,6.2,0.25,131,15,98,0.41
21-06-2025,Haryana,Gurgaon,Alluvial,7.9,1.37,303,28,355,1.48
11-09-2025,Puducherry,Puducherry,Loamy,5.3,0.85,223,21,310,1.09
06-09-2017,Meghalaya,Shillong,Loamy,6.4,0.31,137,22,329,1.01
17-09-2021,Madhya Pradesh,Bhopal,Red,4.9,1.09,105,5,152,0.79
20-09-2016,Tamil Nadu,Coimbatore,Red,6.5,0.51,101,16,188,0.59
18-06-2019,Kerala,Kozhikode,Laterite,6.4,0.59,85,23,169,0.65
04-04-2025,Uttarakhand,Dehradun,Loamy,6.8,0.7,144,41,306,0.8
30-01-2025,Sikkim,Gangtok,Loamy,7.1,1.01,251,39,214,0.84
13-02-2025,Lakshadweep,Kavaratti,Loamy,9.4,2.76,191,32,234,0.96
23-05-2024,Uttarakhand,Dehradun,Loamy,7.9,1.58,268,39,360,1.08
22-01-2025,Arunachal Pradesh,Itanagar,Loamy,7.8,1.35,222,36,238,1.21
28-07-2022,Delhi,New Delhi,Loamy,8.9,2.09,239,39,368,0.87
16-06-2023,Uttar Pradesh,Lucknow,Sandy,6.5,0.75,141,8,61,0.84
01-10-2015,West Bengal,Howrah,Red,6.4,0.27,117,30,134,0.85
15-11-2016,Odisha,Bhubaneswar,Red,6.6,0.16,116,19,193,0.41
26-04-2015,Chhattisgarh,Raipur,Loamy,6.5,0.47,124,26,348,0.86
10-05-2017,Delhi,New Delhi,Loamy,5.8,0.11,192,22,286,1.24
26-06-2020,Punjab,Ludhiana,Alluvial,6.5,0.98,154,22,234,1.17
23-11-2016,Chandigarh,Chandigarh,Loamy,6.8,0.42,213,23,219,1.19
29-08-2023,Haryana,Faridabad,Sandy,5.9,0.03,68,8,52,0.51
10-01-2018,Mizoram,Aizawl,Loamy,6.8,0.31,228,38,184,0.88
29-06-2021,Andhra Pradesh,Guntur,Alluvial,6,0.19,155,34,289,0.84
28-03-2023,Assam,Tinsukia,Laterite,4.7,0.25,140,12,161,0.64
01-12-2020,Uttar Pradesh,Lucknow,Alluvial,6.4,0.12,181,40,387,1.25
28-11-2019,Dadra and Nagar Haveli and Daman and Diu,Daman,Loamy,6.9,1.35,216,42,294,1.13
27-07-2023,Haryana,Karnal,Alluvial,6.1,0.32,273,45,200,1.21
03-06-2015,Haryana,Karnal,Alluvial,6.3,0.73,190,21,286,0.87
15-03-2020,Jammu and Kashmir,Srinagar,Loamy,6.2,0.61,219,43,308,1.21
28-11-2018,West Bengal,Kolkata,Red,5.8,0.03,143,13,145,0.62
16-02-2025,Bihar,Purnia,Alluvial,5.2,0.11,218,38,218,1.11
13-07-2018,Meghalaya,Shillong,Loamy,6.1,0.25,180,33,260,0.76
11-11-2015,Madhya Pradesh,Bhopal,Black,7.7,0.44,184,17,334,1.16
14-05-2025,Punjab,Ludhiana,Alluvial,6.3,0.52,246,43,301,1.32
30-11-2017,Chhattisgarh,Raipur,Loamy,6.2,0.69,156,21,337,1.03
15-04-2015,Punjab,Ludhiana,Alluvial,7,0.31,254,22,240,1.25
08-04-2020,Telangana,Warangal,Red,7,0.87,123,28,251,0.63
28-03-2020,Ladakh,Leh,Sandy Loam,6.4,0.14,106,19,123,0.86
01-05-2018,Puducherry,Puducherry,Loamy,6.4,0.15,194,42,194,0.82
25-11-2018,Puducherry,Puducherry,Loamy,6.6,0.21,244,30,189,0.9
03-03-2024,Odisha,Bhubaneswar,Red,6.9,1.54,164,30,175,0.91
29-07-2021,Mizoram,Aizawl,Loamy,7.2,1.08,269,33,302,1.35
22-05-2023,Chhattisgarh,Raipur,Loamy,6,0.1,180,13,318,1.21
08-11-2019,Tripura,Agartala,Loamy,6.6,0.86,265,17,321,1.07
14-05-2020,Nagaland,Kohima,Loamy,4.6,0.9,130,34,154,1.08
12-08-2022,Haryana,Hisar,Sandy,7.2,0.69,122,20,71,0.52
23-05-2019,Uttarakhand,Dehradun,Loamy,7.7,1.05,277,41,273,0.97
09-12-2016,Manipur,Imphal,Loamy,6.8,0.64,172,20,361,0.73
10-02-2024,Madhya Pradesh,Bhopal,Black,6.7,0.53,176,22,344,0.95
12-10-2016,Meghalaya,Shillong,Loamy,6.3,0.61,255,45,251,0.79
11-11-2022,Sikkim,Gangtok,Loamy,6.4,0.44,223,31,229,1.03
04-08-2017,Punjab,Patiala,Alluvial,6.3,0.43,206,34,218,1.03
22-10-2016,Madhya Pradesh,Bhopal,Red,6.7,0.49,197,25,157,0.56
16-11-2020,Punjab,Ludhiana,Alluvial,6.8,0.3,149,24,310,1.33
20-03-2022,Arunachal Pradesh,Itanagar,Loamy,7,1.34,151,36,198,1.11
18-05-2021,Jammu and Kashmir,Srinagar,Loamy,6.5,0.23,216,29,303,0.98
16-09-2021,Odisha,Bhubaneswar,Red,6.7,0.69,167,28,239,0.56
06-02-2018,Goa,North Goa,Loamy,7.3,0.45,164,34,320,1.2
30-11-2016,Maharashtra,Nagpur,Red,6.5,0.14,123,24,204,0.57
24-02-2021,Bihar,Gaya,Alluvial,6.7,0.1,146,27,266,1.42
28-03-2024,Sikkim,Gangtok,Loamy,6.1,0.44,117,15,237,1.17
31-07-2020,Ladakh,Leh,Sandy Loam,6.4,0.33,137,20,156,0.81
02-07-2021,Puducherry,Puducherry,Loamy,6.3,0.44,250,16,272,1.25
10-01-2021,Uttarakhand,Dehradun,Loamy,6.1,0.85,267,35,236,1
05-07-2016,Gujarat,Surat,Black,7.5,0.81,152,23,298,1.01
05-03-2025,Assam,Tinsukia,Alluvial,4.3,2.44,135,24,189,1.08
09-02-2016,Delhi,New Delhi,Loamy,7,0.7,265,19,228,0.86
06-04-2016,Arunachal Pradesh,Itanagar,Loamy,6.3,0.38,263,36,275,1.28
19-12-2020,Meghalaya,Shillong,Loamy,7.8,1.14,209,33,347,0.86
09-10-2022,Tripura,Agartala,Loamy,8.6,2.22,220,41,363,1.29
23-05-2017,Manipur,Imphal,Loamy,6.9,0.6,252,15,233,0.93
25-03-2015,Telangana,Hyderabad,Black,6.9,0.54,243,26,178,0.6
23-11-2018,Manipur,Imphal,Loamy,6.6,1.1,276,33,303,1.21
02-09-2022,Dadra and Nagar Haveli and Daman and Diu,Daman,Loamy,6.7,0.64,235,25,342,1.09
29-04-2022,Maharashtra,Pune,Black,7.2,0.15,97,17,328,0.58
16-09-2023,Maharashtra,Nagpur,Red,4.8,0.87,75,6,84,0.31
09-08-2015,Goa,North Goa,Loamy,6.1,0.65,138,23,298,0.77
13-02-2022,Maharashtra,Mumbai,Black,7.7,0.38,104,30,215,0.94
23-10-2018,Mizoram,Aizawl,Loamy,6.8,0.79,259,22,275,0.98
24-10-2023,Nagaland,Kohima,Loamy,6.4,0.26,273,36,202,0.98
22-04-2015,Punjab,Patiala,Alluvial,7.2,0.51,204,31,273,0.81
06-09-2016,Mizoram,Aizawl,Loamy,6.4,0.69,170,23,315,1.19
01-05-2019,Meghalaya,Shillong,Loamy,7.3,1.28,184,20,301,0.91
19-02-2023,Lakshadweep,Kavaratti,Loamy,6.3,0.08,246,37,182,0.83
05-10-2024,Himachal Pradesh,Mandi,Sandy Loam,8.3,1.36,123,17,153,0.64
16-10-2024,Uttarakhand,Dehradun,Loamy,6,0.07,210,41,203,0.67
19-04-2016,Delhi,New Delhi,Loamy,6.6,0.72,277,17,322,0.93
23-11-2022,Jharkhand,Ranchi,Loamy,6.9,0.45,167,42,194,0.87
28-03-2020,Mizoram,Aizawl,Loamy,6.6,0.59,192,38,341,0.69
28-09-2015,Ladakh,Leh,Sandy Loam,7.1,0.33,70,15,127,0.75
04-10-2021,Mizoram,Aizawl,Loamy,6.8,0.17,196,19,312,1.08
04-04-2020,Nagaland,Kohima,Loamy,6.4,0.54,232,40,214,0.85
17-07-2022,Tamil Nadu,Madurai,Red,6.2,0.59,112,18,206,0.8
22-10-2018,Puducherry,Puducherry,Loamy,6.9,0.15,205,38,247,1.12
05-03-2024,Haryana,Karnal,Sandy,9.4,2.69,99,23,142,0.6
08-03-2024,Madhya Pradesh,Bhopal,Black,7.7,0.88,246,36,231,1.1
09-02-2015,Tamil Nadu,Coimbatore,Red,6.3,0.54,119,14,138,0.45
05-06-2020,Punjab,Patiala,Alluvial,4.8,0.51,240,27,369,1.34
14-02-2021,Sikkim,Gangtok,Loamy,5.7,0.16,246,18,194,0.81
10-11-2023,Tamil Nadu,Coimbatore,Red,5.5,0.08,108,14,204,0.52
20-09-2017,Jammu and Kashmir,Srinagar,Loamy,7.1,0.44,216,41,196,1.09
05-07-2020,Assam,Dibrugarh,Laterite,4.1,0.57,94,10,145,0.87
16-11-2024,Puducherry,Puducherry,Loamy,6.5,0.8,274,19,278,0.72
27-01-2022,Delhi,New Delhi,Loamy,6,0.26,242,25,292,1.24
03-06-2023,Mizoram,Aizawl,Loamy,7.7,1.32,278,45,325,1.32
11-09-2025,Odisha,Bhubaneswar,Red,6.2,0.21,84,25,183,0.86
17-10-2015,Chandigarh,Chandigarh,Loamy,7.1,0.53,134,34,198,1.07
16-10-2021,Tamil Nadu,Madurai,Red,7.1,1.37,119,29,194,0.83
23-11-2021,Manipur,Imphal,Loamy,6.5,0.86,281,25,312,0.82
27-11-2023,Maharashtra,Nagpur,Black,6.9,0.08,224,18,328,0.6
02-02-2024,Arunachal Pradesh,Itanagar,Loamy,7.8,2.01,272,39,248,1.36
29-04-2022,Nagaland,Kohima,Loamy,5.7,0.35,219,32,321,1.1
06-10-2015,Goa,North Goa,Loamy,6.7,0.32,240,44,235,1.06
03-01-2023,Lakshadweep,Kavaratti,Loamy,7.6,1.06,210,19,352,0.91
03-08-2016,Rajasthan,Jaipur,Sandy,7.1,0.31,77,13,119,0.53
12-05-2017,West Bengal,Darjeeling,Alluvial,7.6,0.89,200,41,347,1.27
11-09-2015,Uttarakhand,Dehradun,Loamy,6.1,0.57,242,21,243,0.82
30-06-2015,Arunachal Pradesh,Itanagar,Loamy,6.4,0.64,199,29,339,1.08
06-09-2025,Delhi,New Delhi,Loamy,5.6,0.3,263,16,299,0.93
11-11-2016,Meghalaya,Shillong,Loamy,7.1,0.4,131,41,271,1.11
04-04-2017,Sikkim,Gangtok,Loamy,6.4,0.41,167,31,207,1.12
20-10-2024,Madhya Pradesh,Bhopal,Black,8.8,1.9,201,28,243,1.1
29-06-2025,Arunachal Pradesh,Itanagar,Loamy,7,0.55,281,19,293,1.04
30-11-2016,Maharashtra,Nagpur,Black,6.7,0.99,248,29,193,0.72
26-02-2022,West Bengal,Howrah,Red,7.3,2.19,154,27,212,1.09
11-09-2018,Gujarat,Surat,Sandy,6.7,0.51,124,13,127,0.8
12-10-2018,Nagaland,Kohima,Loamy,6.8,0.12,210,37,296,0.93
01-09-2025,Ladakh,Leh,Sandy Loam,7.7,1.32,154,19,162,0.94
01-08-2019,Ladakh,Leh,Sandy Loam,6.3,0.3,58,17,168,0.74
20-06-2022,Bihar,Muzaffarpur,Alluvial,6,0.26,173,45,264,1.04
04-09-2021,Chandigarh,Chandigarh,Loamy,7.6,1.87,242,31,333,1.21
27-06-2019,Telangana,Warangal,Red,6,0.38,160,15,196,0.65
11-05-2020,Punjab,Patiala,Alluvial,5.6,0.29,158,22,274,1.41
23-08-2023,Dadra and Nagar Haveli and Daman and Diu,Daman,Loamy,7.1,0.92,236,32,293,0.87
11-04-2024,Telangana,Warangal,Red,5.1,1.3,147,20,81,0.26
31-07-2015,Gujarat,Vadodara,Sandy,6.7,0.43,90,20,87,0.7
19-03-2019,Uttar Pradesh,Varanasi,Sandy,6.1,0.07,81,7,58,0.46
19-01-2016,Madhya Pradesh,Bhopal,Black,6.5,0.56,244,24,178,0.78
11-09-2019,Haryana,Karnal,Alluvial,6.7,0.08,203,41,243,1.09
08-12-2015,Chhattisgarh,Raipur,Loamy,7,0.48,181,24,238,0.94
13-01-2020,Madhya Pradesh,Bhopal,Black,6.9,0.41,186,34,219,0.92
10-06-2020,Andaman and Nicobar Islands,Port Blair,Loamy,5.3,0.48,120,34,258,1.08
23-04-2017,Punjab,Amritsar,Alluvial,6.6,0.87,198,25,311,1.48
07-07-2023,Maharashtra,Pune,Black,7.5,0.95,136,27,257,1.08
15-03-2019,Lakshadweep,Kavaratti,Loamy,5.1,0.46,216,21,258,1.02
24-02-2016,Uttarakhand,Dehradun,Loamy,6.8,0.59,153,41,274,0.95
30-08-2022,Tripura,Agartala,Loamy,6.8,0.46,161,24,327,0.96
15-11-2023,Bihar,Muzaffarpur,Alluvial,7.1,0.88,170,30,242,1.37
11-06-2020,Rajasthan,Jodhpur,Sandy,6,0.24,113,4,135,0.33
16-04-2020,Nagaland,Kohima,Loamy,6.8,1.05,267,28,313,1.28
07-05-2024,Manipur,Imphal,Loamy,6.3,0.46,131,33,197,0.96
24-01-2020,Telangana,Warangal,Red,7.6,1.86,125,27,175,0.72
02-11-2015,Haryana,Faridabad,Sandy,6,0.34,147,16,74,0.66
22-11-2024,West Bengal,Howrah,Red,7.5,1.29,90,21,149,0.86
12-07-2022,Rajasthan,Udaipur,Desert,6.7,0.46,77,11,65,0.29
18-05-2017,Meghalaya,Shillong,Loamy,6.3,0.72,124,22,191,1.21
28-01-2022,Meghalaya,Shillong,Loamy,5.7,0.12,223,39,168,0.74
09-02-2018,Jammu and Kashmir,Srinagar,Loamy,7,0.8,215,44,350,0.74
05-12-2018,Mizoram,Aizawl,Loamy,7,1.06,182,19,275,1.34
25-07-2015,Himachal Pradesh,Mandi,Sandy Loam,6.6,0.24,147,25,113,0.72
01-12-2023,Jammu and Kashmir,Srinagar,Loamy,5.6,0.72,116,33,230,0.78
15-06-2024,Andaman and Nicobar Islands,Port Blair,Loamy,7.1,1.2,134,46,217,0.89
10-05-2016,Nagaland,Kohima,Loamy,6.1,0.5,250,23,205,0.94
12-06-2024,Kerala,Kozhikode,Red,8.4,2.45,108,29,149,0.96
16-07-2023,Odisha,Bhubaneswar,Red,5.6,0.26,117,29,207,0.41
24-03-2020,Sikkim,Gangtok,Loamy,7.4,1.22,271,29,346,1.19
08-06-2025,Manipur,Imphal,Loamy,5.5,0.36,260,36,194,0.71
01-12-2024,Andhra Pradesh,Visakhapatnam,Red,6.3,0.35,170,10,161,0.89
08-11-2024,Arunachal Pradesh,Itanagar,Loamy,7.3,1.4,249,22,223,1.21
26-12-2021,Haryana,Hisar,Sandy,6.8,0.23,140,9,112,0.43
11-11-2017,Sikkim,Gangtok,Loamy,6,0.71,147,20,330,1.17
01-08-2015,Tripura,Agartala,Loamy,6.7,0.32,145,36,300,0.75
06-11-2015,Arunachal Pradesh,Itanagar,Loamy,7.1,0.43,262,43,268,0.95
01-06-2022,Himachal Pradesh,Shimla,Loamy,6.8,1.21,217,25,369,1.27
14-06-2020,Himachal Pradesh,Kangra,Loamy,5.7,0.2,174,40,221,1.27
01-09-2022,Madhya Pradesh,Bhopal,Black,6.9,0.05,229,16,338,1.08
29-09-2015,Goa,North Goa,Loamy,7,0.5,202,29,358,0.72
21-12-2024,Chandigarh,Chandigarh,Loamy,6.8,0.82,224,44,239,1.3
28-12-2019,Manipur,Imphal,Loamy,6.3,0.67,164,17,325,0.97
05-03-2023,Manipur,Imphal,Loamy,5.7,0.57,148,24,166,0.99
18-12-2023,Gujarat,Surat,Black,6,0.83,155,21,124,0.99
10-09-2020,Karnataka,Hubli,Laterite,4.5,0.47,125,8,111,0.74
18-03-2016,Arunachal Pradesh,Itanagar,Loamy,6.4,0.61,161,17,251,1.15
18-01-2021,Jharkhand,Ranchi,Loamy,7.2,0.97,280,44,290,1.08
15-09-2022,Mizoram,Aizawl,Loamy,5.8,0.22,258,35,192,1.07
11-09-2015,Gujarat,Surat,Black,7.5,0.88,116,19,194,1.18
04-06-2016,Bihar,Gaya,Alluvial,7,0.55,225,36,257,0.9
03-09-2017,Jammu and Kashmir,Srinagar,Loamy,6.3,0.58,153,30,214,1.15
11-03-2025,Ladakh,Leh,Sandy Loam,8.1,1.78,151,27,144,0.59
21-09-2024,Dadra and Nagar Haveli and Daman and Diu,Daman,Loamy,5.9,0.03,188,29,302,1.2
10-01-2015,Tripura,Agartala,Loamy,6.6,0.67,140,25,201,1.12
05-08-2022,Madhya Pradesh,Bhopal,Red,5.1,0.45,82,9,116,0.33
27-12-2021,Nagaland,Kohima,Loamy,5.6,0.21,215,41,243,0.92
03-10-2022,Rajasthan,Udaipur,Desert,7,0.43,92,8,82,0.34
12-09-2025,Andhra Pradesh,Chittoor,Black,8.1,1.38,139,24,246,0.68
03-05-2019,Ladakh,Leh,Sandy Loam,6.1,0.14,140,14,96,0.66
19-10-2021,Haryana,Hisar,Alluvial,7.2,0.98,273,43,207,0.83
08-02-2018,Rajasthan,Jodhpur,Sandy,6.9,0.58,65,8,126,0.39
02-06-2015,Rajasthan,Jaipur,Sandy,6.4,0.39,142,18,136,0.48
17-07-2019,Uttarakhand,Dehradun,Loamy,7.1,0.43,127,28,331,0.95
12-02-2023,Odisha,Bhubaneswar,Red,7,0.71,89,27,202,0.7
26-12-2022,Tamil Nadu,Madurai,Red,6.1,0.84,124,24,133,0.58
09-09-2023,Jammu and Kashmir,Srinagar,Loamy,6.8,0.73,143,31,277,0.82
01-09-2022,Chhattisgarh,Raipur,Loamy,6.1,0.7,151,17,252,0.81
31-01-2020,Haryana,Faridabad,Alluvial,6,0.52,232,21,291,0.81
29-04-2018,Karnataka,Hubli,Laterite,5.8,0.1,165,10,136,0.47
19-10-2019,Meghalaya,Shillong,Loamy,6.4,0.08,126,22,220,1.1
23-02-2022,Telangana,Warangal,Black,7.6,0.85,241,16,223,0.83
11-08-2025,Rajasthan,Udaipur,Sandy,5,0.62,108,8,70,0.64
09-01-2018,Tamil Nadu,Coimbatore,Alluvial,7.2,0.02,265,40,375,0.84
11-12-2021,Haryana,Faridabad,Alluvial,6.7,0.51,193,19,196,1.4
13-06-2017,Gujarat,Surat,Black,6.7,0.63,148,22,274,1.08
16-01-2018,Arunachal Pradesh,Itanagar,Loamy,7.1,1.09,230,21,340,1.26
10-12-2023,Chandigarh,Chandigarh,Loamy,5.5,0.72,231,19,214,1.16
14-04-2015,Madhya Pradesh,Bhopal,Red,6,0.59,156,16,119,0.88
21-07-2025,Tamil Nadu,Chennai,Red,5.2,0.06,192,24,190,0.88
03-09-2023,Andaman and Nicobar Islands,Port Blair,Loamy,6.8,0.71,175,46,347,0.77
26-07-2024,Punjab,Ludhiana,Alluvial,6.4,0.32,279,18,332,1
29-03-2020,Delhi,New Delhi,Loamy,6.3,0.56,198,25,297,1.1
14-12-2023,Andaman and Nicobar Islands,Port Blair,Loamy,7,0.47,227,40,332,0.74
31-05-2023,Manipur,Imphal,Loamy,6.2,0.11,178,28,216,0.83
03-10-2017,Tamil Nadu,Madurai,Red,5.7,0.11,106,18,221,0.52
11-02-2016,Assam,Dibrugarh,Laterite,6,0.3,86,24,156,0.55
02-11-2018,Andaman and Nicobar Islands,Port Blair,Loamy,6.7,0.09,246,19,274,1.21
16-06-2015,Haryana,Gurgaon,Sandy,6.3,0.13,105,8,123,0.6
23-05-2016,Sikkim,Gangtok,Loamy,6.4,0.89,177,39,229,1.14
20-07-2019,Andaman and Nicobar Islands,Port Blair,Loamy,5.6,0.06,131,27,251,0.88
18-06-2021,Arunachal Pradesh,Itanagar,Loamy,6.2,0.25,220,24,323,1.27
12-01-2025,Andhra Pradesh,Chittoor,Red,7.2,1.69,132,26,174,1.12
21-07-2024,Punjab,Ludhiana,Alluvial,5.3,0.81,248,40,266,0.87
01-02-2017,Rajasthan,Jaipur,Desert,7.1,0.12,84,9,52,0.53
11-11-2016,Haryana,Karnal,Sandy,6.3,0.27,95,11,121,0.32
29-11-2021,Uttarakhand,Dehradun,Loamy,6.8,0.65,136,30,215,0.88
21-10-2020,Jammu and Kashmir,Srinagar,Loamy,7.1,0.67,184,28,212,0.82
10-03-2018,Goa,North Goa,Loamy,6.2,0.56,228,33,356,0.78
04-08-2016,Odisha,Bhubaneswar,Red,5.8,0.67,136,17,132,0.56
19-09-2015,Nagaland,Kohima,Loamy,7.2,0.45,276,25,222,0.81
25-09-2018,Andhra Pradesh,Visakhapatnam,Red,6,0.12,176,24,134,0.81
24-08-2018,Tripura,Agartala,Loamy,6.9,0.45,177,27,319,0.86
11-04-2021,Uttarakhand,Dehradun,Loamy,5.9,0.23,166,23,215,0.7
19-03-2019,Gujarat,Ahmedabad,Black,7,0.63,148,20,203,1.1
01-05-2024,Andaman and Nicobar Islands,Port Blair,Loamy,5.9,0.61,120,18,191,0.96
25-12-2024,Dadra and Nagar Haveli and Daman and Diu,Daman,Loamy,6.7,0.74,203,28,276,0.97
14-07-2016,Ladakh,Leh,Sandy Loam,7.3,0.27,102,9,168,0.87
04-01-2018,Odisha,Bhubaneswar,Red,6.5,0.21,188,10,166,0.7
18-03-2020,Goa,North Goa,Loamy,7.2,0.99,199,40,197,0.99
24-06-2015,Tripura,Agartala,Loamy,6,0.76,273,18,276,0.9
26-11-2020,Dadra and Nagar Haveli and Daman and Diu,Daman,Loamy,5.8,0.08,209,14,282,0.86
08-02-2021,Himachal Pradesh,Mandi,Sandy Loam,5.9,0.87,119,4,75,0.78
11-07-2015,Punjab,Patiala,Alluvial,7.3,0.22,230,26,274,0.94
06-03-2015,Jharkhand,Ranchi,Loamy,6,0.51,246,44,292,0.93
25-09-2025,Uttarakhand,Dehradun,Loamy,6.5,0.42,248,30,354,1.18
30-03-2023,Madhya Pradesh,Bhopal,Red,7.3,1.83,147,18,203,1.05
06-02-2019,Arunachal Pradesh,Itanagar,Loamy,6.5,0.4,171,45,313,1.14
21-07-2025,Rajasthan,Jaipur,Desert,8.9,1.39,98,15,98,0.66
07-09-2023,Delhi,New Delhi,Loamy,7.9,1.57,135,24,254,1.3
17-04-2019,Telangana,Warangal,Red,6.5,0.08,118,26,135,0.97
21-12-2022,Puducherry,Puducherry,Loamy,7,0.97,183,44,250,1.15
25-02-2018,Himachal Pradesh,Kangra,Loamy,6.6,0.77,145,28,202,1.05
24-08-2024,Arunachal Pradesh,Itanagar,Loamy,6.4,0.08,193,24,257,0.65
21-04-2020,Chandigarh,Chandigarh,Loamy,6.9,0.4,235,17,273,1.24
04-01-2016,Sikkim,Gangtok,Loamy,6,0.6,157,44,222,0.98
30-04-2017,Karnataka,Mysore,Red,6,0.15,143,23,210,0.71
12-02-2015,Mizoram,Aizawl,Loamy,6.2,0.5,143,19,308,1.02
22-03-2020,Ladakh,Leh,Sandy Loam,7.2,0.76,91,17,144,0.48
22-07-2024,Madhya Pradesh,Bhopal,Black,6.9,0.47,167,18,185,0.59
10-12-2021,Gujarat,Surat,Sandy,7.4,0.82,73,19,93,0.66
19-03-2015,Meghalaya,Shillong,Loamy,6.6,0.46,259,17,185,0.94
13-11-2022,Delhi,New Delhi,Loamy,5.6,0.05,170,20,232,0.77
30-12-2019,Andhra Pradesh,Visakhapatnam,Red,6.9,0.62,121,27,108,0.61
17-07-2018,Karnataka,Mysore,Laterite,5.2,0.09,82,14,137,0.7
04-11-2016,Goa,North Goa,Loamy,6.6,0.52,131,42,306,1.18
01-12-2016,Punjab,Ludhiana,Alluvial,7.5,0.73,255,40,253,1.48
28-01-2017,Jammu and Kashmir,Srinagar,Loamy,6,0.41,157,15,251,1.16
07-04-2020,Uttar Pradesh,Varanasi,Sandy,6.5,0.53,134,18,111,0.66
07-08-2022,Kerala,Ernakulam,Laterite,5.5,0.12,118,10,87,0.9
09-04-2024,Chandigarh,Chandigarh,Loamy,6.5,0.38,182,26,230,0.94
20-02-2023,West Bengal,Darjeeling,Alluvial,5.4,0.51,198,40,344,0.93
27-09-2025,Uttarakhand,Dehradun,Loamy,6.9,1.14,256,23,237,0.79
20-06-2017,Odisha,Bhubaneswar,Red,6,0.35,178,15,131,0.89
15-01-2023,Chhattisgarh,Raipur,Loamy,7.4,1.63,153,47,285,0.89
19-09-2017,Chhattisgarh,Raipur,Loamy,6.7,0.61,214,41,206,0.75
06-04-2018,Uttarakhand,Dehradun,Loamy,6.1,0.45,121,28,306,1.13
14-07-2021,West Bengal,Darjeeling,Red,5.6,0.35,175,15,110,0.7
18-02-2021,Uttar Pradesh,Varanasi,Sandy,6.7,1.05,126,19,129,0.41
16-01-2019,Uttarakhand,Dehradun,Loamy,7.1,1.48,260,27,233,1.31
19-05-2021,Rajasthan,Jaipur,Desert,6.7,0.11,70,10,114,0.32
30-04-2024,Andhra Pradesh,Krishna,Black,7.3,0.27,168,36,211,0.65
25-01-2016,West Bengal,Darjeeling,Alluvial,6.8,0.51,185,47,321,1.05
26-09-2017,Manipur,Imphal,Loamy,6.2,0.46,225,35,182,0.86
08-06-2016,Mizoram,Aizawl,Loamy,6.8,0.8,228,23,273,1.09
25-01-2024,Uttar Pradesh,Kanpur,Sandy,6.6,0.36,114,15,150,0.53
30-01-2020,Punjab,Patiala,Alluvial,6.2,0.26,227,18,219,0.86
15-02-2019,Tripura,Agartala,Loamy,7.4,0.93,200,22,322,0.74
20-10-2016,Madhya Pradesh,Bhopal,Red,6.2,0.49,174,24,210,0.51
26-07-2022,Delhi,New Delhi,Loamy,6.9,1.32,143,40,235,0.94
11-01-2025,Tripura,Agartala,Loamy,7.2,1.63,136,46,207,0.85
09-06-2017,Haryana,Faridabad,Alluvial,7.5,0.39,195,36,208,1.18
05-12-2024,Chhattisgarh,Raipur,Loamy,6.7,0.8,269,24,299,0.98
21-01-2019,Goa,North Goa,Loamy,7.9,1.51,230,33,272,1.25
27-08-2023,Tamil Nadu,Coimbatore,Red,5.1,0.19,134,20,114,0.75
20-03-2025,Chandigarh,Chandigarh,Loamy,5.4,0.5,253,13,159,0.69
02-09-2023,Maharashtra,Nashik,Black,8.1,1.12,196,20,240,1.07
27-03-2016,Tamil Nadu,Chennai,Red,6.8,0.24,126,27,197,0.88
11-10-2021,Karnataka,Mysore,Laterite,6.9,0.91,101,23,158,0.94
28-10-2023,Dadra and Nagar Haveli and Daman and Diu,Daman,Loamy,8.2,1.78,250,38,287,1.39
18-03-2019,Goa,North Goa,Loamy,6.8,0.74,201,32,300,1.14
09-06-2024,Karnataka,Mysore,Red,4,1.43,87,9,194,0.8
21-06-2023,Madhya Pradesh,Bhopal,Black,6.7,0.2,158,27,212,0.66
01-06-2017,Kerala,Ernakulam,Laterite,5.3,0.27,166,22,86,0.66
09-11-2015,Arunachal Pradesh,Itanagar,Loamy,6.6,0.33,229,27,251,0.86
19-04-2017,Jammu and Kashmir,Srinagar,Loamy,7.1,0.94,234,33,230,1.12
10-01-2022,Ladakh,Leh,Sandy Loam,6.9,0.15,102,9,154,0.68
22-12-2023,Mizoram,Aizawl,Loamy,5.5,0.24,191,35,329,0.98
10-01-2016,West Bengal,Darjeeling,Alluvial,6.2,0.2,224,43,323,1.2
26-03-2016,West Bengal,Howrah,Alluvial,6.8,0.55,151,26,390,1.15
14-02-2025,Sikkim,Gangtok,Loamy,6.3,0.11,208,23,222,0.89
22-07-2025,Gujarat,Vadodara,Black,4.8,1.33,137,10,262,0.83
21-05-2023,Manipur,Imphal,Loamy,6.7,0.2,161,39,223,1.06
17-08-2016,Lakshadweep,Kavaratti,Loamy,7.1,0.62,196,45,185,0.9
25-11-2023,Karnataka,Mysore,Black,6.8,0.25,172,26,196,0.55
18-05-2018,Telangana,Hyderabad,Black,6.9,0.27,175,19,181,0.78
14-05-2016,Assam,Tinsukia,Alluvial,6.6,0.28,235,29,233,1.39
08-04-2016,Chandigarh,Chandigarh,Loamy,7.2,0.8,138,16,217,0.83
16-09-2025,Goa,North Goa,Loamy,6.2,0.56,203,37,216,0.76
01-10-2023,Arunachal Pradesh,Itanagar,Loamy,6.6,0.33,239,35,294,0.7
23-04-2015,Maharashtra,Pune,Black,7.6,0.53,120,34,247,0.62
01-11-2017,Nagaland,Kohima,Loamy,6.8,0.61,135,33,243,1.02
03-10-2023,Dadra and Nagar Haveli and Daman and Diu,Daman,Loamy,7.3,1.75,256,50,261,0.91
15-12-2024,Madhya Pradesh,Bhopal,Red,6,0.58,103,19,184,0.5
06-07-2021,Uttar Pradesh,Varanasi,Sandy,6.3,0.45,79,14,63,0.63
08-04-2020,Kerala,Thrissur,Laterite,4.7,0.25,172,14,164,0.91
08-03-2024,Nagaland,Kohima,Loamy,5.6,0.05,226,29,312,0.7
20-05-2015,Himachal Pradesh,Shimla,Sandy Loam,7.2,0.14,158,10,143,0.73
25-11-2018,Rajasthan,Jaipur,Desert,7.8,0.08,65,13,116,0.2
28-01-2023,Telangana,Nizamabad,Red,5.4,0.46,161,13,103,0.65
04-09-2023,Puducherry,Puducherry,Loamy,7.5,1.31,198,25,212,1.23
31-05-2016,Haryana,Faridabad,Alluvial,6.4,0.4,297,45,284,1.14
01-03-2022,Delhi,New Delhi,Loamy,7.4,0.69,251,17,343,1.08
01-05-2020,Tamil Nadu,Madurai,Alluvial,7,1.25,220,43,248,1.16
03-12-2022,Madhya Pradesh,Bhopal,Red,5.7,0.38,189,13,126,0.75
07-08-2023,Maharashtra,Pune,Red,7.3,1.88,140,23,238,1.02
05-12-2020,Maharashtra,Nagpur,Red,5.7,0.32,100,25,138,0.48
06-06-2017,Meghalaya,Shillong,Loamy,6.7,0.68,230,32,246,1.25
28-07-2023,Uttar Pradesh,Lucknow,Alluvial,6.7,1.26,262,40,276,0.96
02-07-2023,Uttar Pradesh,Kanpur,Alluvial,8.3,1.75,310,55,303,1.05
03-09-2018,Andhra Pradesh,Krishna,Red,6,0.54,134,16,209,0.78
19-02-2015,Lakshadweep,Kavaratti,Loamy,7.2,0.45,258,26,326,1.26
30-09-2024,Manipur,Imphal,Loamy,7.2,1.1,278,28,281,1.28
19-01-2015,Rajasthan,Udaipur,Sandy,6.6,0.4,51,10,127,0.5
26-12-2016,Nagaland,Kohima,Loamy,6.5,0.81,209,21,266,1.01
22-02-2021,Chandigarh,Chandigarh,Loamy,5.5,0.99,161,21,198,1.11
13-01-2019,Madhya Pradesh,Bhopal,Black,7.7,0.84,131,21,252,0.91
19-02-2022,Telangana,Warangal,Black,8.6,1.29,152,38,256,0.81
08-04-2025,Chandigarh,Chandigarh,Loamy,6,0.18,118,42,252,0.72
27-03-2016,Arunachal Pradesh,Itanagar,Loamy,6.6,0.6,169,43,316,1.19
25-05-2021,Odisha,Bhubaneswar,Laterite,4.9,0.21,124,14,100,0.94
10-03-2018,Tripura,Agartala,Loamy,6.9,0.46,121,25,182,0.74
12-01-2018,Maharashtra,Pune,Black,6.9,0.77,159,20,232,0.8
23-04-2025,Goa,North Goa,Loamy,5.5,0.88,170,36,232,0.84
04-09-2021,Kerala,Ernakulam,Red,5.4,0.31,190,15,155,0.73
10-01-2025,Punjab,Patiala,Alluvial,5.5,0.59,192,36,249,0.93
03-08-2015,Tamil Nadu,Chennai,Red,5.9,0.59,117,10,155,0.57
30-03-2019,Chandigarh,Chandigarh,Loamy,6.3,0.77,159,38,297,0.98
12-03-2021,Chandigarh,Chandigarh,Loamy,7,1.27,201,29,254,0.92
06-07-2024,Chandigarh,Chandigarh,Loamy,5.2,0.3,184,16,182,0.7
08-05-2015,Chandigarh,Chandigarh,Loamy,6.4,0.53,151,38,215,0.77
20-01-2020,Ladakh,Leh,Sandy Loam,6.4,0.45,83,24,83,0.82
18-09-2024,Puducherry,Puducherry,Loamy,6.4,0.9,213,21,335,0.95
29-01-2017,Meghalaya,Shillong,Loamy,7,0.63,272,33,197,0.76
17-09-2021,Telangana,Hyderabad,Red,7.3,1.42,171,20,150,0.82
28-06-2023,Maharashtra,Mumbai,Black,6.9,0.08,152,22,234,0.97
21-12-2019,Uttar Pradesh,Kanpur,Sandy,6.3,0.12,48,16,98,0.71
13-07-2021,Haryana,Hisar,Alluvial,7.4,0.4,189,22,290,1.28
18-11-2022,Maharashtra,Nashik,Black,8.1,0.99,214,39,266,0.74
24-07-2022,Dadra and Nagar Haveli and Daman and Diu,Daman,Loamy,7.1,0.8,131,21,235,0.89
27-12-2015,Arunachal Pradesh,Itanagar,Loamy,7,0.6,133,27,280,0.85
22-07-2016,Bihar,Muzaffarpur,Alluvial,6.7,0.73,286,35,294,1.25
16-11-2018,Andhra Pradesh,Guntur,Alluvial,6.3,0.24,149,22,233,1.24
15-03-2021,Punjab,Amritsar,Alluvial,6.7,0.37,157,42,317,1.06
17-05-2019,Maharashtra,Pune,Red,6.7,0.09,144,13,147,0.47
20-08-2019,Tripura,Agartala,Loamy,6.8,0.23,263,20,230,0.88
21-07-2015,Tripura,Agartala,Loamy,7,0.41,271,16,340,0.97
26-08-2020,Assam,Dibrugarh,Alluvial,7.4,0.8,238,49,339,1.38
27-06-2021,Chhattisgarh,Raipur,Loamy,6.9,0.69,222,37,259,1.12
01-06-2016,Uttar Pradesh,Varanasi,Sandy,6.6,0.54,118,14,83,0.74
20-12-2024,Bihar,Purnia,Alluvial,4.8,0.5,236,19,356,0.9
10-09-2018,Gujarat,Surat,Black,7.6,0.6,236,22,163,0.92
06-12-2018,Chandigarh,Chandigarh,Loamy,6.3,0.38,204,25,175,0.95
03-09-2018,Chandigarh,Chandigarh,Loamy,6.6,0.61,264,42,207,1.29
11-11-2016,Odisha,Bhubaneswar,Laterite,5.2,0.52,134,20,152,0.93
11-06-2020,Jammu and Kashmir,Srinagar,Loamy,6.7,1.23,284,37,366,0.88
20-08-2023,Delhi,New Delhi,Loamy,7.3,0.7,206,36,305,1.13
15-09-2024,Delhi,New Delhi,Loamy,7.1,1.03,193,39,322,1.06
31-01-2019,Maharashtra,Nashik,Red,7.1,1.13,98,30,244,0.63
29-02-2016,Jharkhand,Ranchi,Loamy,6.2,0.5,132,39,215,0.8
22-05-2020,West Bengal,Howrah,Alluvial,7.1,1.08,259,43,241,1.38
30-05-2025,Maharashtra,Pune,Black,6.1,0.14,151,28,224,0.57
09-09-2019,Ladakh,Leh,Sandy Loam,6.1,0.51,95,7,122,0.45
20-12-2023,Meghalaya,Shillong,Loamy,6.4,0.17,257,38,344,1.19
02-01-2025,Rajasthan,Jaipur,Sandy,6.9,0.35,60,11,56,0.56
25-05-2023,West Bengal,Darjeeling,Red,7.4,0.98,156,23,195,0.78
31-08-2021,Delhi,New Delhi,Loamy,7.1,0.78,140,26,316,1.11
16-02-2017,Goa,North Goa,Loamy,7.2,0.69,224,20,225,0.93
15-11-2020,Manipur,Imphal,Loamy,5.5,0.5,254,13,204,0.68
09-05-2024,Assam,Tinsukia,Alluvial,6.3,0.69,282,41,248,1.15
01-01-2020,Jammu and Kashmir,Srinagar,Loamy,6.4,0.83,267,18,296,0.87
27-07-2015,Maharashtra,Pune,Black,7.6,0.37,164,20,310,0.81
18-03-2019,Arunachal Pradesh,Itanagar,Loamy,6.5,0.94,253,30,254,1.11
18-07-2019,Andaman and Nicobar Islands,Port Blair,Loamy,6.9,1.3,159,29,242,1.31
30-07-2025,Bihar,Gaya,Alluvial,8.5,1.93,163,47,271,1.6
18-03-2022,Uttar Pradesh,Lucknow,Alluvial,8.3,2.28,280,46,364,1.31
22-01-2021,Kerala,Kozhikode,Laterite,6.8,1.28,83,15,177,0.76
22-01-2015,Arunachal Pradesh,Itanagar,Loamy,6.7,0.47,201,44,316,1.18
03-06-2015,Mizoram,Aizawl,Loamy,6.1,0.46,137,44,303,0.71
16-05-2020,Jammu and Kashmir,Srinagar,Loamy,5.8,0.47,121,20,216,1.04
11-08-2024,Jharkhand,Ranchi,Loamy,6.4,0.29,210,16,296,0.77
20-03-2024,Sikkim,Gangtok,Loamy,5.7,0.1,163,19,193,0.85
07-08-2015,Rajasthan,Jaipur,Sandy,6.2,0.16,136,6,121,0.4
30-10-2016,Manipur,Imphal,Loamy,6,0.38,148,42,273,1.27
27-02-2019,Jammu and Kashmir,Srinagar,Loamy,6.9,1.08,155,42,197,1.17
27-03-2021,Rajasthan,Jodhpur,Desert,8.4,1.12,64,14,90,0.39
29-08-2020,Rajasthan,Jodhpur,Sandy,5.6,0.45,136,5,120,0.65
13-02-2022,Rajasthan,Jodhpur,Sandy,7.3,0.71,91,17,75,0.42
07-08-2017,Lakshadweep,Kavaratti,Loamy,6.7,0.03,246,22,261,1
04-01-2021,Chhattisgarh,Raipur,Loamy,7.2,0.84,178,32,191,0.87
15-09-2023,Himachal Pradesh,Mandi,Sandy Loam,6.8,0.46,72,10,121,0.46
07-02-2016,Nagaland,Kohima,Loamy,6.2,0.32,189,28,344,0.77
18-08-2016,Rajasthan,Jaipur,Desert,7.4,0.01,48,8,71,0.33
24-09-2024,Haryana,Faridabad,Sandy,6.7,0.71,98,13,143,0.85
11-08-2021,Puducherry,Puducherry,Loamy,6.5,0.97,220,36,233,0.79
10-09-2025,Jharkhand,Ranchi,Loamy,9.4,2.86,213,56,292,1.02
08-12-2018,Telangana,Warangal,Red,6.6,0.59,193,20,128,0.51
03-04-2024,Telangana,Nizamabad,Red,4.8,0.64,95,7,176,0.29
20-10-2022,Lakshadweep,Kavaratti,Loamy,8.1,1.39,202,26,239,1.3
13-02-2023,Delhi,New Delhi,Loamy,4.9,0.96,195,30,198,0.76
11-09-2025,Puducherry,Puducherry,Loamy,7.6,1.44,161,30,352,1.22
03-03-2018,Karnataka,Hubli,Laterite,6.3,0.3,148,11,178,0.79
09-10-2019,Dadra and Nagar Haveli and Daman and Diu,Daman,Loamy,5.8,0.05,129,36,305,0.95
30-07-2018,Nagaland,Kohima,Loamy,5.5,0.04,135,18,343,0.8
16-07-2025,Tamil Nadu,Madurai,Red,3.8,1.67,106,9,79,0.34
14-03-2015,Sikkim,Gangtok,Loamy,6,0.5,250,18,183,0.77
25-04-2016,Nagaland,Kohima,Loamy,6.8,0.71,128,42,293,1.01
16-05-2024,Punjab,Patiala,Alluvial,6.8,0.11,237,34,229,1.4
13-07-2016,Madhya Pradesh,Bhopal,Red,6.3,0.26,177,14,129,0.86
20-04-2024,Andhra Pradesh,Chittoor,Black,8.9,2.04,169,38,233,1.07
14-01-2017,Bihar,Patna,Alluvial,7.2,1.16,191,35,404,0.97
06-01-2019,Telangana,Hyderabad,Black,7.4,0.35,243,18,283,0.99
10-04-2015,Ladakh,Leh,Sandy Loam,7,0.14,89,14,106,0.74
18-12-2017,Ladakh,Leh,Sandy Loam,6.2,0.12,103,17,129,0.86
30-12-2021,Arunachal Pradesh,Itanagar,Loamy,6.4,0.74,236,17,349,1.27
24-04-2021,West Bengal,Howrah,Red,5.7,0.41,167,6,120,0.37
17-02-2016,Uttar Pradesh,Lucknow,Sandy,6.3,0.26,105,12,83,0.31
24-08-2024,Tamil Nadu,Coimbatore,Alluvial,7.8,0.82,214,51,235,1.01
24-12-2017,Manipur,Imphal,Loamy,6.9,0.86,211,23,353,1.15
27-03-2022,Ladakh,Leh,Sandy Loam,6.6,0.36,110,7,85,0.55
23-03-2018,Uttarakhand,Dehradun,Loamy,6.5,0.13,269,20,314,0.89
01-07-2020,Goa,North Goa,Loamy,6.2,0.63,253,27,251,0.82
02-05-2021,Jammu and Kashmir,Srinagar,Loamy,5.5,0.36,137,20,327,0.81
31-03-2017,Jammu and Kashmir,Srinagar,Loamy,7,0.53,151,37,315,1.26
17-08-2023,Ladakh,Leh,Sandy Loam,6,1.04,94,14,154,0.33
09-04-2024,Jharkhand,Ranchi,Loamy,6.4,0.41,178,44,322,1.13
23-10-2016,Chandigarh,Chandigarh,Loamy,6.3,0.51,133,18,347,1.02
14-03-2023,Andaman and Nicobar Islands,Port Blair,Loamy,5.9,0.05,272,41,333,0.69
13-07-2016,Bihar,Muzaffarpur,Alluvial,7,0.63,199,26,348,0.85
12-02-2023,Chhattisgarh,Raipur,Loamy,7.5,0.97,257,45,353,1.1
17-01-2023,Bihar,Patna,Alluvial,7.1,0.53,226,46,347,1.4
25-06-2018,Ladakh,Leh,Sandy Loam,6.6,0.35,122,23,74,0.49
19-12-2019,Meghalaya,Shillong,Loamy,6.8,0.44,125,23,175,1.12
25-12-2022,Tripura,Agartala,Loamy,7.3,1.03,163,40,330,1.26
01-09-2016,Maharashtra,Nashik,Black,7.9,0.93,110,16,302,0.65
27-09-2021,Karnataka,Belgaum,Black,7.3,0.01,103,36,262,0.57
25-01-2015,Andaman and Nicobar Islands,Port Blair,Loamy,7,0.38,248,33,212,1.15
21-07-2020,Puducherry,Puducherry,Loamy,8.1,1.49,189,50,293,1.14
11-10-2015,Sikkim,Gangtok,Loamy,6.3,0.51,200,23,223,1.06
12-01-2019,Maharashtra,Nagpur,Black,7.5,0.51,213,24,350,1.2
07-01-2023,Telangana,Hyderabad,Red,5.5,0.68,182,25,148,0.66
28-10-2015,Uttar Pradesh,Varanasi,Sandy,6.3,0.14,128,11,115,0.63
27-12-2017,Ladakh,Leh,Sandy Loam,6.8,0.17,122,13,160,0.5
27-10-2017,Meghalaya,Shillong,Loamy,6.8,0.56,173,30,220,1.15
27-03-2017,Lakshadweep,Kavaratti,Loamy,5.9,0.36,266,43,327,0.8
14-10-2023,Goa,North Goa,Loamy,5.5,0.33,216,28,332,0.91
10-11-2023,Puducherry,Puducherry,Loamy,6.6,0.37,251,42,255,0.74
24-03-2015,Haryana,Karnal,Sandy,6.3,0.41,125,15,131,0.68
04-04-2020,Chandigarh,Chandigarh,Loamy,6.4,0.09,199,31,345,1.05
10-03-2025,Uttarakhand,Dehradun,Loamy,7.4,1.79,154,23,265,1.21
23-07-2024,Gujarat,Ahmedabad,Sandy,9,2.52,100,16,132,0.67
11-08-2023,Uttarakhand,Dehradun,Loamy,6.8,1.24,217,32,315,0.89
22-01-2024,Tripura,Agartala,Loamy,4.3,1.38,118,13,159,0.76
24-09-2020,Manipur,Imphal,Loamy,5.5,0.07,226,24,223,0.94
09-09-2016,Tripura,Agartala,Loamy,6.2,0.72,238,37,241,1.22
23-02-2023,Sikkim,Gangtok,Loamy,6.2,0.56,232,30,344,0.78
07-08-2025,Nagaland,Kohima,Loamy,6.8,0.57,131,18,273,1.08
28-04-2021,Kerala,Ernakulam,Red,4.6,0.65,143,19,179,0.4
25-06-2015,Tamil Nadu,Madurai,Red,6.7,0.41,172,13,171,0.71
04-04-2018,Tripura,Agartala,Loamy,6.7,0.62,277,24,207,0.9
28-05-2022,Jharkhand,Ranchi,Loamy,7.3,1.29,243,38,255,1.39
21-04-2017,Chandigarh,Chandigarh,Loamy,6.9,0.84,126,39,349,0.8
05-01-2016,Jharkhand,Ranchi,Loamy,7.1,0.67,167,43,185,0.87
24-12-2019,Puducherry,Puducherry,Loamy,6.7,0.65,143,21,359,0.84
02-10-2020,Madhya Pradesh,Bhopal,Black,7.7,0.99,233,42,188,1.01
20-11-2016,Andaman and Nicobar Islands,Port Blair,Loamy,6.6,0.46,182,38,360,1.04
22-07-2024,Himachal Pradesh,Mandi,Sandy Loam,6.8,0.53,158,18,157,0.77
15-11-2019,Madhya Pradesh,Bhopal,Black,6.9,0.72,187,16,186,0.73
18-10-2024,Maharashtra,Pune,Black,8.3,0.91,235,19,196,1.17
26-09-2018,Himachal Pradesh,Mandi,Loamy,6.1,0.83,178,30,200,0.72
04-10-2023,Haryana,Karnal,Sandy,5.2,1.09,101,11,28,0.48
03-12-2018,Assam,Dibrugarh,Alluvial,7.4,0.19,198,27,398,1
02-01-2016,Delhi,New Delhi,Loamy,6.6,0.85,270,44,283,1.11
25-02-2024,Lakshadweep,Kavaratti,Loamy,7.4,1.71,180,47,227,1.15
05-10-2016,Gujarat,Vadodara,Sandy,6.4,0.04,51,6,144,0.75
24-01-2025,Odisha,Bhubaneswar,Red,5.8,0.15,113,27,230,0.38
23-08-2021,Puducherry,Puducherry,Loamy,6.2,0.2,210,38,286,0.93
14-03-2015,Maharashtra,Nagpur,Black,7.5,0.31,110,36,159,1.01
10-02-2023,Odisha,Bhubaneswar,Laterite,4.4,0.6,152,19,69,0.6
25-06-2018,Uttar Pradesh,Kanpur,Sandy,6.5,0.37,73,14,123,0.67
09-05-2017,Mizoram,Aizawl,Loamy,6.1,0.71,226,27,283,1.16
23-07-2025,West Bengal,Darjeeling,Red,6.4,1.48,124,29,249,0.63
12-02-2015,Odisha,Bhubaneswar,Red,6.7,0.51,159,28,179,0.66
21-08-2021,Uttarakhand,Dehradun,Loamy,6.6,0.89,127,21,321,0.75
30-11-2017,Odisha,Bhubaneswar,Laterite,5.9,0.79,177,17,182,0.75
26-01-2021,Delhi,New Delhi,Loamy,6.3,0.15,228,19,279,0.77
09-03-2021,Gujarat,Surat,Sandy,6.7,0.16,111,18,98,0.39
25-02-2019,Andaman and Nicobar Islands,Port Blair,Loamy,6.8,0.34,166,34,206,1.21
09-04-2025,Chhattisgarh,Raipur,Loamy,7.3,1.14,177,43,351,1.12
17-09-2020,Chandigarh,Chandigarh,Loamy,7.1,0.58,183,32,342,1.06
04-01-2016,Haryana,Karnal,Sandy,6,0.05,58,18,129,0.66
05-09-2022,Kerala,Ernakulam,Laterite,6.6,1.89,174,18,144,0.7
31-05-2015,Madhya Pradesh,Bhopal,Black,6.8,0.76,150,32,305,1.09
08-02-2018,Uttar Pradesh,Kanpur,Sandy,6.4,0.24,101,7,143,0.53
12-02-2019,Nagaland,Kohima,Loamy,7.4,1.05,261,43,197,1.17
30-12-2018,Punjab,Ludhiana,Alluvial,6.6,0.51,287,48,312,1.02
06-12-2017,Meghalaya,Shillong,Loamy,6.4,0.56,150,36,277,1.17
20-10-2017,Assam,Kamrup,Laterite,5.3,0.37,121,17,117,0.86
18-05-2019,Uttarakhand,Dehradun,Loamy,6.2,0.07,204,31,177,0.79
16-08-2022,Manipur,Imphal,Loamy,5.7,0.12,156,39,226,0.85
02-08-2020,Puducherry,Puducherry,Loamy,5.9,0.37,202,31,304,0.86
21-10-2018,Sikkim,Gangtok,Loamy,6.6,0.01,205,16,255,0.83
10-03-2015,Tamil Nadu,Coimbatore,Alluvial,7.4,0.23,247,41,378,1.41
04-06-2021,Bihar,Muzaffarpur,Alluvial,6.4,0,257,18,195,1.26
01-08-2017,Tamil Nadu,Chennai,Alluvial,7,0.36,165,47,298,1.29
12-03-2017,Himachal Pradesh,Kangra,Sandy Loam,6.6,0.54,108,21,137,0.45
01-06-2021,Telangana,Hyderabad,Black,6.4,0.21,199,19,305,0.89
28-02-2021,Rajasthan,Udaipur,Sandy,6.5,0.5,69,15,103,0.33
02-03-2015,Meghalaya,Shillong,Loamy,6.4,0.4,183,22,330,1.12
03-08-2017,Tripura,Agartala,Loamy,5.9,0.26,239,32,274,0.85
30-03-2023,Uttar Pradesh,Lucknow,Sandy,7.1,1.48,64,11,101,0.69
06-09-2025,Himachal Pradesh,Mandi,Sandy Loam,9.5,2.79,165,29,166,0.95
30-08-2018,Manipur,Imphal,Loamy,6.9,0.38,215,24,283,1.06
30-03-2018,Delhi,New Delhi,Loamy,6.4,0.72,169,18,331,0.75
27-11-2015,Andhra Pradesh,Chittoor,Red,6.3,0.69,91,14,214,0.46
01-04-2019,Chhattisgarh,Raipur,Loamy,6.7,0.97,185,34,348,1.09
04-12-2015,Himachal Pradesh,Mandi,Sandy Loam,6.9,0.37,148,21,177,0.41
18-06-2019,Goa,North Goa,Loamy,6.9,0.47,128,38,316,0.81
20-08-2018,West Bengal,Kolkata,Red,6.6,0.94,164,28,120,0.86
07-03-2019,Uttar Pradesh,Kanpur,Sandy,7.2,1.11,126,10,156,0.44
01-08-2019,West Bengal,Darjeeling,Alluvial,7.3,0.42,301,31,302,1.14
23-09-2018,Manipur,Imphal,Loamy,6.2,0.7,273,39,258,0.7
23-04-2019,Goa,North Goa,Loamy,5.7,0.17,225,38,280,1.25
10-05-2022,Uttarakhand,Dehradun,Loamy,8,2.24,247,42,282,0.94
02-10-2015,Bihar,Patna,Alluvial,6.5,0.23,237,30,276,1.2
02-04-2018,Karnataka,Belgaum,Black,7.7,1.12,228,29,268,1.25
15-08-2024,Rajasthan,Jaipur,Sandy,7.6,1.85,112,25,120,0.6
24-06-2021,Chandigarh,Chandigarh,Loamy,7.1,0.56,236,17,217,1.08
21-03-2022,Nagaland,Kohima,Loamy,6.4,0.52,215,43,330,0.88
26-12-2021,Jammu and Kashmir,Srinagar,Loamy,7.2,0.35,260,17,276,0.95
15-04-2025,Assam,Dibrugarh,Alluvial,7.5,0.52,240,41,205,1.22
31-08-2021,Kerala,Kozhikode,Red,7.1,1.74,116,35,184,0.81
16-06-2020,Uttarakhand,Dehradun,Loamy,6.7,0.9,164,18,253,1.16
19-05-2017,Chandigarh,Chandigarh,Loamy,6.5,0.54,223,18,207,1.21
20-11-2022,Rajasthan,Jaipur,Sandy,6.6,0.75,76,8,147,0.79
11-10-2017,Rajasthan,Jaipur,Desert,7.4,0.06,99,12,102,0.39
26-03-2020,Manipur,Imphal,Loamy,8.1,1.53,136,40,222,1.15
25-08-2016,Nagaland,Kohima,Loamy,6,0.68,126,42,188,1.13
18-06-2025,Andaman and Nicobar Islands,Port Blair,Loamy,8.7,2.33,279,49,303,1.19
05-12-2019,Rajasthan,Udaipur,Sandy,7.2,0.75,121,16,149,0.43
21-11-2016,Mizoram,Aizawl,Loamy,6.3,0.82,209,30,334,1.21
08-05-2016,Nagaland,Kohima,Loamy,6.9,0.65,156,40,266,0.98
04-05-2016,Kerala,Ernakulam,Red,6.7,0.42,96,15,149,0.97
31-07-2022,Karnataka,Mysore,Red,6.1,0,161,12,130,0.96
11-08-2023,Punjab,Amritsar,Alluvial,5.3,0.65,263,24,246,1.21
31-12-2021,Himachal Pradesh,Mandi,Sandy Loam,6.1,0.53,74,4,81,0.64
25-01-2016,Andhra Pradesh,Chittoor,Red,6.8,0.76,108,28,224,0.85
07-02-2025,Assam,Tinsukia,Laterite,7.3,1.5,93,26,200,0.69
22-10-2015,Rajasthan,Jaipur,Sandy,6.2,0.41,84,11,88,0.41
24-10-2018,Tamil Nadu,Coimbatore,Alluvial,6.4,0.32,150,46,368,1.38
14-10-2022,Himachal Pradesh,Mandi,Loamy,6.8,0.47,220,43,304,1.06
22-12-2022,Odisha,Bhubaneswar,Laterite,6,0.27,137,9,173,0.94
14-09-2019,Odisha,Bhubaneswar,Laterite,5.9,0.85,110,14,119,0.68
09-02-2022,Tamil Nadu,Madurai,Red,6.6,1.09,115,20,159,0.62
10-10-2016,Uttarakhand,Dehradun,Loamy,6.6,0.78,137,41,271,1.1
17-02-2020,Uttarakhand,Dehradun,Loamy,6.9,0.05,202,21,248,0.94
21-07-2016,Ladakh,Leh,Sandy Loam,7.3,0.37,131,25,126,0.61
03-12-2023,Kerala,Kozhikode,Laterite,5.9,0.18,164,23,110,0.54
10-12-2022,Uttarakhand,Dehradun,Loamy,6.7,1.05,168,36,252,1.29
18-09-2022,Puducherry,Puducherry,Loamy,6.3,0.23,198,38,349,0.74
20-03-2016,Delhi,New Delhi,Loamy,6.7,0.13,249,24,194,1.04
20-12-2024,West Bengal,Darjeeling,Red,6.4,1.49,139,32,127,1.02
29-12-2015,Dadra and Nagar Haveli and Daman and Diu,Daman,Loamy,6.8,0.58,130,36,288,1.14
10-12-2020,Lakshadweep,Kavaratti,Loamy,6,0.53,266,20,289,0.8
26-04-2018,Punjab,Amritsar,Alluvial,7.8,0.78,304,41,215,1.47
11-01-2017,Jammu and Kashmir,Srinagar,Loamy,6.6,0.7,269,35,188,0.92
03-08-2020,Dadra and Nagar Haveli and Daman and Diu,Daman,Loamy,7.3,0.91,141,19,304,0.95
10-11-2016,Dadra and Nagar Haveli and Daman and Diu,Daman,Loamy,6.8,0.63,252,34,318,1.04
03-10-2021,Sikkim,Gangtok,Loamy,6.5,0.33,128,23,301,1.25
14-02-2025,Himachal Pradesh,Mandi,Sandy Loam,7.6,1.18,68,14,110,0.93
06-02-2024,Himachal Pradesh,Mandi,Sandy Loam,5.2,0.74,142,14,102,0.49
01-07-2019,Manipur,Imphal,Loamy,6.7,0.46,209,43,327,1.05
22-04-2019,Madhya Pradesh,Bhopal,Black,8.1,1.66,230,27,302,0.77
20-09-2018,Sikkim,Gangtok,Loamy,6.6,0.58,145,28,225,0.98
09-11-2020,Meghalaya,Shillong,Loamy,6.8,0.69,137,38,198,0.92
10-11-2024,Lakshadweep,Kavaratti,Loamy,6.7,0.78,133,34,290,1.17
04-03-2015,Arunachal Pradesh,Itanagar,Loamy,6.2,0.55,216,22,279,1.12
22-03-2025,Uttar Pradesh,Lucknow,Alluvial,7.6,0.81,184,30,360,1.18
03-01-2022,Maharashtra,Nashik,Black,7,0.83,237,25,272,0.96
08-03-2018,Puducherry,Puducherry,Loamy,6.3,0.71,261,39,239,1.08
27-04-2025,Haryana,Karnal,Alluvial,7.9,1.37,249,47,370,1.05
01-12-2023,Ladakh,Leh,Sandy Loam,7.5,1.53,154,29,124,0.56
13-05-2018,Rajasthan,Udaipur,Sandy,5.9,0.17,79,8,69,0.57
20-09-2022,West Bengal,Darjeeling,Red,4.1,0.89,116,5,75,0.34
30-12-2023,Goa,North Goa,Loamy,7.5,1.71,286,29,344,1.36
13-09-2015,Punjab,Amritsar,Alluvial,6.7,0.74,152,35,352,1.22
15-05-2015,Dadra and Nagar Haveli and Daman and Diu,Daman,Loamy,6.6,0.58,219,35,244,1.01
23-12-2024,Delhi,New Delhi,Loamy,6,0.42,222,27,340,1.21
24-05-2017,Gujarat,Rajkot,Sandy,6.3,0.26,140,9,89,0.69
01-04-2017,Haryana,Faridabad,Alluvial,6.1,0.66,154,47,253,1.21
05-11-2020,Himachal Pradesh,Shimla,Loamy,6.7,0.55,126,21,292,0.97
12-09-2025,Arunachal Pradesh,Itanagar,Loamy,5.6,0.3,124,13,251,0.95
24-04-2023,Mizoram,Aizawl,Loamy,6.2,0.31,246,40,236,0.9
23-12-2023,Mizoram,Aizawl,Loamy,7.4,1.28,238,33,245,0.85
06-10-2023,Jammu and Kashmir,Srinagar,Loamy,6.5,0.21,127,32,199,1.04
02-04-2017,Chandigarh,Chandigarh,Loamy,6.4,0.65,237,27,332,1.25
02-06-2023,Goa,North Goa,Loamy,6.9,0.65,205,39,226,0.79
31-08-2017,Bihar,Purnia,Alluvial,6.9,0.19,297,35,205,1.33
01-03-2023,Jammu and Kashmir,Srinagar,Loamy,6.9,0.96,276,32,332,0.92
13-11-2019,Himachal Pradesh,Mandi,Sandy Loam,7,0.04,88,23,83,0.51
01-05-2015,Goa,North Goa,Loamy,6.7,0.79,231,18,315,0.96
18-06-2024,Madhya Pradesh,Bhopal,Red,8.6,2.81,112,24,190,0.91
26-06-2019,Sikkim,Gangtok,Loamy,6.9,0.96,274,19,360,1.3
07-07-2023,West Bengal,Darjeeling,Alluvial,7.4,1.43,202,26,234,0.91
26-09-2018,Chandigarh,Chandigarh,Loamy,6.7,0.69,170,40,341,0.79
04-10-2017,Ladakh,Leh,Sandy Loam,7,0.28,109,10,108,0.88
13-07-2017,Arunachal Pradesh,Itanagar,Loamy,6.3,0.53,129,17,255,1.06
06-10-2016,Ladakh,Leh,Sandy Loam,6.9,0.04,126,24,119,0.49
25-07-2020,Haryana,Faridabad,Sandy,6.6,0.08,140,15,89,0.59
24-07-2022,Himachal Pradesh,Kangra,Sandy Loam,6.6,0.06,116,19,76,0.41
17-12-2022,Andhra Pradesh,Guntur,Alluvial,5.4,0.12,152,23,235,1.17
30-08-2020,Madhya Pradesh,Bhopal,Black,6.4,0.07,211,15,280,0.54
30-08-2015,Manipur,Imphal,Loamy,6.9,0.63,195,19,318,0.74
07-11-2021,Lakshadweep,Kavaratti,Loamy,7,0.81,132,45,337,1.02
30-03-2023,Puducherry,Puducherry,Loamy,7.1,0.93,255,24,252,1.21
22-04-2022,Dadra and Nagar Haveli and Daman and Diu,Daman,Loamy,6.6,0.88,187,38,256,0.9
08-06-2021,Maharashtra,Mumbai,Red,7.3,1.54,207,18,250,0.81
08-06-2019,Maharashtra,Nashik,Red,6,0.7,100,25,146,0.56
14-01-2025,Andaman and Nicobar Islands,Port Blair,Loamy,5.8,0.32,180,16,216,0.97
13-03-2017,Odisha,Bhubaneswar,Laterite,5.9,0.08,86,15,168,0.86
21-08-2017,Uttarakhand,Dehradun,Loamy,6.9,0.62,185,40,222,0.97
10-03-2015,Himachal Pradesh,Shimla,Sandy Loam,6.6,0.32,88,22,156,0.81
26-02-2018,West Bengal,Darjeeling,Red,5.6,0.52,97,24,148,0.87
15-07-2015,Telangana,Warangal,Red,5.7,0.48,153,19,142,0.42
27-12-2020,West Bengal,Howrah,Alluvial,6.6,0.35,256,45,378,1.08
16-08-2024,Ladakh,Leh,Sandy Loam,6.5,0.42,128,5,118,0.7
19-05-2021,Nagaland,Kohima,Loamy,7.3,1.26,249,30,276,1.13
17-06-2021,Tripura,Agartala,Loamy,6.2,0.26,147,28,240,0.95
15-01-2017,Jammu and Kashmir,Srinagar,Loamy,6.9,0.68,199,40,335,1.06
15-11-2024,Bihar,Muzaffarpur,Alluvial,6.7,0.03,151,47,342,0.89
16-08-2019,Maharashtra,Pune,Red,5.7,0.08,77,16,190,0.93
04-10-2015,Uttar Pradesh,Lucknow,Sandy,6.3,0.31,69,17,67,0.44
02-03-2015,Haryana,Karnal,Alluvial,6.9,0.27,244,48,338,1.37
13-04-2024,Telangana,Hyderabad,Black,5.1,1.11,160,18,134,0.82
28-03-2020,Meghalaya,Shillong,Loamy,6.4,0.06,237,39,202,0.93
30-09-2020,Punjab,Amritsar,Alluvial,7.2,0.31,159,22,394,0.91
09-01-2021,Manipur,Imphal,Loamy,7.7,1.1,133,25,284,0.83
08-11-2019,Gujarat,Rajkot,Sandy,6.6,0.68,57,13,82,0.68
27-08-2018,Mizoram,Aizawl,Loamy,5.9,0.41,270,28,258,0.98
12-01-2020,Sikkim,Gangtok,Loamy,5.9,0.13,132,20,204,0.96
04-02-2022,Sikkim,Gangtok,Loamy,4.5,0.75,190,34,212,0.64
20-07-2016,Kerala,Kozhikode,Red,5.5,0.58,175,24,234,0.73
22-06-2024,Nagaland,Kohima,Loamy,5.3,0.68,137,24,253,1.03
21-04-2019,Manipur,Imphal,Loamy,6.4,0.41,272,16,309,1.03
13-09-2016,Meghalaya,Shillong,Loamy,6,0.63,124,38,309,1.11
18-07-2020,Chhattisgarh,Raipur,Loamy,6.1,0.26,129,32,237,1.04
15-04-2018,Arunachal Pradesh,Itanagar,Loamy,6,0.08,254,33,314,0.63
26-05-2024,West Bengal,Darjeeling,Alluvial,7,0.65,217,48,362,0.87
10-11-2015,Uttarakhand,Dehradun,Loamy,6.5,0.8,186,27,233,0.99
25-10-2022,Dadra and Nagar Haveli and Daman and Diu,Daman,Loamy,6,0.64,272,24,275,0.87
05-12-2022,Ladakh,Leh,Sandy Loam,6,0.34,133,7,75,0.44
14-11-2020,Andhra Pradesh,Visakhapatnam,Black,6.8,0.64,204,27,333,1.07
07-01-2023,Andaman and Nicobar Islands,Port Blair,Loamy,5.9,0.02,259,25,241,1.15
21-05-2018,Andhra Pradesh,Visakhapatnam,Red,6.4,0.62,186,19,227,0.42
16-11-2022,Haryana,Hisar,Alluvial,6.3,0.04,173,41,198,1.15
17-05-2015,Meghalaya,Shillong,Loamy,6.8,0.65,236,38,237,1.3
26-10-2017,West Bengal,Darjeeling,Red,5.5,0.48,196,14,141,0.74
17-05-2023,Sikkim,Gangtok,Loamy,6.5,0.12,255,20,280,0.86
26-11-2020,Nagaland,Kohima,Loamy,6.9,1.03,205,43,328,1.02
07-02-2022,Sikkim,Gangtok,Loamy,7.6,1.04,236,29,217,0.94
08-07-2023,Kerala,Kozhikode,Laterite,5.7,0.15,160,8,131,0.6
23-10-2016,Odisha,Bhubaneswar,Red,6.1,0.45,171,15,111,0.52
08-10-2021,Tripura,Agartala,Loamy,7.2,0.8,150,47,258,1.05
01-05-2022,Chhattisgarh,Raipur,Loamy,6.4,0.58,204,44,229,1.04
27-04-2021,Puducherry,Puducherry,Loamy,6.4,0.43,128,35,213,0.97
29-07-2024,Jharkhand,Ranchi,Loamy,5.4,0.67,181,11,202,1.06
28-03-2015,Gujarat,Ahmedabad,Sandy,6.8,0.39,113,17,63,0.56
17-11-2021,Manipur,Imphal,Loamy,6.8,0.87,249,30,273,0.73
24-10-2020,Telangana,Hyderabad,Red,6,0.35,106,29,242,0.55
23-11-2021,Uttar Pradesh,Varanasi,Alluvial,7.9,1.06,288,49,347,1.2
27-09-2021,Uttar Pradesh,Varanasi,Alluvial,7.8,1.54,305,28,281,1.44
12-11-2022,Uttar Pradesh,Lucknow,Sandy,7.3,1.59,129,20,151,0.86
21-01-2023,Jharkhand,Ranchi,Loamy,6.3,0.36,232,25,226,1.16
05-08-2022,Mizoram,Aizawl,Loamy,7,0.62,258,18,321,0.8
09-11-2021,Maharashtra,Mumbai,Red,7.5,2.04,126,33,233,0.71
01-08-2018,Arunachal Pradesh,Itanagar,Loamy,6.4,0.34,142,39,331,0.75
24-01-2024,Madhya Pradesh,Bhopal,Black,6.6,0.49,228,16,325,0.61
28-08-2019,Uttarakhand,Dehradun,Loamy,7,0.41,223,20,236,1.14
18-01-2025,Himachal Pradesh,Shimla,Sandy Loam,7.3,0.54,141,23,178,0.42
24-05-2022,Gujarat,Rajkot,Sandy,7,0.73,137,21,128,0.79
12-06-2022,Jharkhand,Ranchi,Loamy,6.2,0.55,178,25,219,1.24
08-12-2024,Himachal Pradesh,Mandi,Sandy Loam,7.9,1.86,135,15,127,1.04
05-06-2024,Sikkim,Gangtok,Loamy,4.9,1.68,188,31,262,1.03
09-05-2016,Tamil Nadu,Chennai,Red,6.2,0.57,90,22,216,0.67
06-07-2019,Gujarat,Ahmedabad,Sandy,6.5,0.25,147,12,62,0.31
26-04-2020,Himachal Pradesh,Shimla,Loamy,6.1,0.62,268,44,192,0.79
04-12-2017,Uttarakhand,Dehradun,Loamy,6.3,1.04,134,20,227,1.28
25-11-2018,Telangana,Nizamabad,Red,6.8,0.83,172,13,194,0.88
01-02-2024,Andaman and Nicobar Islands,Port Blair,Loamy,8.1,1.69,168,51,334,1.25
04-02-2025,Mizoram,Aizawl,Loamy,5.2,0.32,183,35,196,0.78
19-08-2016,Punjab,Patiala,Alluvial,6.2,0.48,189,28,252,0.97
25-03-2016,Gujarat,Rajkot,Sandy,6.5,0.17,93,18,61,0.78
29-04-2016,Gujarat,Ahmedabad,Black,6.7,0.11,136,16,259,0.77
07-10-2016,West Bengal,Kolkata,Alluvial,6.8,0.6,242,28,229,1.07
21-04-2022,Odisha,Bhubaneswar,Red,6.2,0.93,152,24,129,0.46
17-06-2023,Punjab,Amritsar,Alluvial,5.1,0.98,196,16,217,0.95
18-06-2019,Gujarat,Surat,Sandy,5.5,0.15,112,8,53,0.34
23-10-2016,Goa,North Goa,Loamy,6.9,0.63,229,39,223,1.08
27-01-2017,Tripura,Agartala,Loamy,6,0.69,226,24,317,0.7
16-10-2015,Madhya Pradesh,Bhopal,Red,5.8,0.53,123,18,212,0.95
17-07-2024,Sikkim,Gangtok,Loamy,6,0.21,196,32,260,1.16
21-12-2016,Mizoram,Aizawl,Loamy,6,0.35,197,43,281,1.01
29-09-2016,Sikkim,Gangtok,Loamy,7,0.52,145,26,362,1.24
01-04-2021,Puducherry,Puducherry,Loamy,6.1,0.13,222,25,190,0.77
29-09-2021,Haryana,Karnal,Alluvial,7.9,1.57,174,49,384,1.4
05-03-2023,Nagaland,Kohima,Loamy,6.2,0.43,141,30,228,1.17
13-05-2016,Telangana,Nizamabad,Red,6.2,0.36,196,21,179,0.64
10-04-2023,Arunachal Pradesh,Itanagar,Loamy,5.6,0.14,264,21,220,1.1
25-09-2016,Arunachal Pradesh,Itanagar,Loamy,7,0.6,254,21,248,0.95
01-08-2019,Uttarakhand,Dehradun,Loamy,6,0.11,228,33,253,0.85
23-07-2020,Maharashtra,Mumbai,Black,6.7,0.52,187,32,189,0.62
26-05-2023,Kerala,Ernakulam,Laterite,6,0.46,149,23,85,0.92
25-04-2015,Lakshadweep,Kavaratti,Loamy,6.8,0.39,229,30,245,0.85
27-02-2023,West Bengal,Darjeeling,Red,4.3,0.65,138,11,142,0.79
04-11-2016,West Bengal,Darjeeling,Red,5.9,0.37,172,14,198,0.66
03-10-2019,Tripura,Agartala,Loamy,7.8,1.31,152,25,266,1.19
11-06-2018,Bihar,Gaya,Alluvial,6.8,0.74,157,28,244,1.32
20-11-2024,Uttar Pradesh,Varanasi,Sandy,6.5,0.05,73,6,139,0.74
10-06-2023,Ladakh,Leh,Sandy Loam,6.3,0.17,124,19,116,0.68
03-03-2021,Assam,Cachar,Laterite,6.2,0.36,150,12,143,0.78
08-04-2025,Andhra Pradesh,Krishna,Red,6.6,0.3,186,24,106,0.51
13-04-2021,Mizoram,Aizawl,Loamy,6.7,0.53,272,41,239,1
09-12-2024,Gujarat,Vadodara,Sandy,5.5,0.59,83,8,71,0.58
06-09-2022,Chhattisgarh,Raipur,Loamy,6.9,1.63,260,44,223,0.95
04-10-2023,Odisha,Bhubaneswar,Laterite,6.6,0.75,97,17,102,0.65
27-05-2015,Puducherry,Puducherry,Loamy,7.2,0.56,177,42,292,0.78
05-12-2020,Jammu and Kashmir,Srinagar,Loamy,6.8,0.75,245,37,251,1
15-06-2024,Meghalaya,Shillong,Loamy,3.8,1.62,204,17,235,0.59
16-02-2016,Uttarakhand,Dehradun,Loamy,6.7,0.74,206,30,265,1.16
15-08-2019,Tripura,Agartala,Loamy,6.6,0.94,248,33,327,1.25
03-01-2025,Uttar Pradesh,Kanpur,Sandy,7,1.05,118,13,161,0.48
07-08-2021,Maharashtra,Pune,Red,5.8,0.47,115,13,237,0.58
13-03-2019,Maharashtra,Mumbai,Red,5.9,0.19,96,23,98,0.55
17-05-2015,Maharashtra,Nashik,Red,6.4,0.23,170,13,221,0.74
21-11-2023,Tripura,Agartala,Loamy,8.1,1.62,195,45,368,0.96
14-03-2024,Ladakh,Leh,Sandy Loam,6.5,0.26,152,12,87,0.45
25-03-2023,Bihar,Muzaffarpur,Alluvial,6.9,0.4,205,21,255,1.44
22-09-2024,Manipur,Imphal,Loamy,6.1,0.08,187,30,332,0.88
19-01-2015,Lakshadweep,Kavaratti,Loamy,6.8,0.52,274,30,339,1
20-02-2021,Nagaland,Kohima,Loamy,6.5,0.01,117,12,289,0.7
05-07-2021,Maharashtra,Nagpur,Black,8.4,1.44,190,24,218,0.96
13-05-2020,Andhra Pradesh,Visakhapatnam,Alluvial,6,0.14,275,37,284,1.42
31-01-2021,Punjab,Ludhiana,Alluvial,7.4,1.03,242,25,340,0.97
28-09-2017,Jharkhand,Ranchi,Loamy,6.2,0.34,173,40,183,0.77
24-03-2016,Jharkhand,Ranchi,Loamy,6.8,0.24,268,25,319,0.83
02-05-2020,Telangana,Nizamabad,Red,6.6,0.3,171,20,170,0.73
03-08-2017,Puducherry,Puducherry,Loamy,6.4,0.73,168,32,206,1.11
09-10-2018,West Bengal,Howrah,Red,5.4,0.12,107,14,146,0.42
03-03-2019,Uttarakhand,Dehradun,Loamy,6.9,0.19,231,30,276,0.75
21-05-2015,Andhra Pradesh,Chittoor,Alluvial,6.7,0.47,232,33,361,1.32
06-09-2022,Delhi,New Delhi,Loamy,5.9,0.21,198,31,326,0.94
04-04-2020,Bihar,Gaya,Alluvial,7,1.01,169,39,216,0.94
25-02-2023,Gujarat,Rajkot,Black,8.3,1.55,150,44,245,1.05
03-04-2015,Himachal Pradesh,Shimla,Loamy,6.8,0.56,181,17,233,1.23
27-08-2015,Meghalaya,Shillong,Loamy,6.2,0.41,153,42,306,1.23
24-07-2015,Chhattisgarh,Raipur,Loamy,7,0.47,124,25,309,0.77
20-02-2022,Puducherry,Puducherry,Loamy,5.7,0.52,124,12,191,0.79
27-12-2018,Tamil Nadu,Madurai,Alluvial,6.9,0.11,251,34,339,1
02-09-2015,Tripura,Agartala,Loamy,6.6,0.31,139,26,267,0.75
11-04-2017,Madhya Pradesh,Bhopal,Black,7.3,0.31,209,25,158,0.76
11-04-2024,Telangana,Hyderabad,Black,7.2,0.86,121,23,169,0.98
20-02-2023,Karnataka,Hubli,Black,8.1,1.39,131,25,265,0.67
22-10-2015,Mizoram,Aizawl,Loamy,7,0.69,129,40,181,0.77
11-05-2022,Madhya Pradesh,Bhopal,Red,6.5,0.27,172,14,248,0.91
05-05-2017,Uttarakhand,Dehradun,Loamy,6.7,0.46,157,18,260,0.93
07-03-2024,Punjab,Amritsar,Alluvial,6,0.24,186,39,269,0.83
26-08-2020,Delhi,New Delhi,Loamy,6.5,0.69,148,33,356,1.26
12-03-2015,Lakshadweep,Kavaratti,Loamy,7.1,0.45,265,45,324,0.93
16-07-2018,Haryana,Faridabad,Alluvial,6.8,0.3,298,21,376,0.84
10-09-2018,Andaman and Nicobar Islands,Port Blair,Loamy,7,0.63,263,32,350,1.18
01-08-2025,Odisha,Bhubaneswar,Laterite,7.3,1.23,138,28,168,0.99
01-11-2015,Goa,North Goa,Loamy,6.3,0.63,122,21,239,1.23
23-08-2024,Rajasthan,Udaipur,Sandy,5.7,0.2,102,6,68,0.36
27-10-2017,Sikkim,Gangtok,Loamy,7,0.24,271,38,327,0.79
30-08-2018,Jharkhand,Ranchi,Loamy,6.8,0.74,210,32,209,0.95
27-03-2017,Jharkhand,Ranchi,Loamy,6.5,0.56,135,35,211,0.94
31-01-2018,Andaman and Nicobar Islands,Port Blair,Loamy,6.8,0.52,181,40,236,1.1
31-03-2017,Meghalaya,Shillong,Loamy,6,0.68,208,40,218,1.2
12-07-2015,Andhra Pradesh,Guntur,Alluvial,6.1,0.73,273,37,322,1.04
12-11-2019,Mizoram,Aizawl,Loamy,6.7,0.72,250,28,312,0.76
24-12-2024,Chandigarh,Chandigarh,Loamy,5.2,0.75,267,20,170,0.61
12-06-2016,Uttar Pradesh,Kanpur,Sandy,6.8,0.19,82,16,90,0.66
27-01-2021,Odisha,Bhubaneswar,Laterite,6.7,1.1,170,26,172,1.04
17-11-2024,Rajasthan,Jaipur,Desert,7.5,0.13,71,6,51,0.21
08-09-2015,Mizoram,Aizawl,Loamy,6.2,0.58,233,37,247,1.25
24-11-2019,Rajasthan,Jodhpur,Sandy,6.6,0.02,144,9,120,0.33
20-06-2024,Odisha,Bhubaneswar,Laterite,6,0.02,75,10,141,0.62
23-12-2023,Gujarat,Ahmedabad,Black,8.1,1.25,244,41,218,0.77
01-02-2022,Mizoram,Aizawl,Loamy,7.1,0.73,157,40,304,1.13
17-02-2025,Andhra Pradesh,Chittoor,Red,6.2,0.48,122,16,108,0.57
19-07-2020,Goa,North Goa,Loamy,7.2,0.85,221,43,231,1.07
29-09-2021,Uttar Pradesh,Kanpur,Alluvial,5.6,0.06,159,44,259,0.9
12-10-2022,Arunachal Pradesh,Itanagar,Loamy,6.3,0.36,206,32,258,0.95
04-11-2018,Lakshadweep,Kavaratti,Loamy,6.3,0.36,138,37,298,0.86
13-03-2018,Chhattisgarh,Raipur,Loamy,6.1,0.33,119,37,263,1.03
03-09-2020,Dadra and Nagar Haveli and Daman and Diu,Daman,Loamy,6,0.53,236,31,256,0.98
29-08-2025,Kerala,Ernakulam,Laterite,8.2,2.12,184,20,192,0.86
08-06-2022,Jammu and Kashmir,Srinagar,Loamy,6.3,0.32,195,15,178,1.03
01-01-2018,Chandigarh,Chandigarh,Loamy,6.2,0.41,189,22,218,1
03-05-2022,Goa,North Goa,Loamy,6,0.2,126,32,273,0.76
22-01-2020,Manipur,Imphal,Loamy,6.3,0.42,269,29,190,0.94
09-09-2025,Manipur,Imphal,Loamy,7,0.46,207,19,181,1.29
31-08-2023,Meghalaya,Shillong,Loamy,6.1,0.13,208,36,219,0.98
19-05-2016,Punjab,Ludhiana,Alluvial,6.2,0.48,157,45,325,1.46
10-06-2019,Madhya Pradesh,Bhopal,Red,5.5,0.54,130,19,140,0.65
11-07-2021,Dadra and Nagar Haveli and Daman and Diu,Daman,Loamy,7.4,0.74,250,19,230,1.01
08-10-2021,Puducherry,Puducherry,Loamy,6.1,0.27,207,16,197,0.7
21-12-2021,Andaman and Nicobar Islands,Port Blair,Loamy,7.1,0.65,152,34,273,0.95
19-10-2018,Assam,Dibrugarh,Laterite,5.7,0.59,139,13,181,0.83
14-03-2023,Himachal Pradesh,Mandi,Sandy Loam,7.7,1.78,100,19,186,0.7
01-05-2022,Karnataka,Hubli,Laterite,6.4,0.5,132,14,171,0.6
13-06-2025,Karnataka,Bangalore,Laterite,5.5,0.05,175,21,129,0.93
07-05-2018,Tripura,Agartala,Loamy,7.4,0.81,160,31,243,0.99
18-12-2016,Sikkim,Gangtok,Loamy,7,0.74,249,31,281,1.19
16-07-2024,Himachal Pradesh,Shimla,Sandy Loam,6.7,0.82,117,17,163,0.58
05-12-2015,Punjab,Amritsar,Alluvial,6.9,0.51,182,39,345,0.81
20-10-2016,Rajasthan,Jaipur,Desert,7.4,0.42,91,11,60,0.46
19-08-2017,Jharkhand,Ranchi,Loamy,6.1,0.25,200,35,207,0.94
04-03-2016,Sikkim,Gangtok,Loamy,6.8,0.51,165,34,313,1.1
21-07-2025,Andaman and Nicobar Islands,Port Blair,Loamy,7.6,1.34,254,35,372,0.79
17-06-2017,Himachal Pradesh,Kangra,Loamy,6.6,1.04,256,41,344,0.99
19-05-2015,Chhattisgarh,Raipur,Loamy,6.2,0.67,167,22,211,0.72
22-04-2025,Karnataka,Belgaum,Red,7.2,1.15,205,22,241,1.05
09-03-2023,Andhra Pradesh,Visakhapatnam,Black,8.3,1.22,137,39,283,0.69
25-06-2016,Andhra Pradesh,Krishna,Alluvial,7.2,0.74,156,28,363,1.21
05-10-2020,Chhattisgarh,Raipur,Loamy,7,0.62,137,33,258,1.05
09-06-2018,Sikkim,Gangtok,Loamy,6,0.28,178,40,229,1.19
29-05-2022,Uttar Pradesh,Kanpur,Alluvial,7.4,1.61,286,49,347,1.11
18-10-2021,Goa,North Goa,Loamy,5.6,0.34,213,38,212,1.1
19-01-2016,Lakshadweep,Kavaratti,Loamy,6.9,0.62,231,43,257,1.28
20-02-2022,Karnataka,Belgaum,Black,7,0.71,178,38,208,1.06
13-07-2015,Jharkhand,Ranchi,Loamy,6.3,0.34,206,29,232,1.28
04-06-2025,Puducherry,Puducherry,Loamy,7.4,0.97,207,23,305,1.31
08-03-2025,Dadra and Nagar Haveli and Daman and Diu,Daman,Loamy,6.3,0.96,141,35,195,0.82
25-01-2022,Kerala,Thrissur,Laterite,4.8,0.75,82,7,65,0.89
09-01-2022,Meghalaya,Shillong,Loamy,7.2,1.11,239,20,295,0.86
26-07-2022,Assam,Cachar,Laterite,5.9,0.45,174,17,142,0.51
30-08-2022,Arunachal Pradesh,Itanagar,Loamy,7.9,1.67,251,26,335,0.88
10-02-2021,Chhattisgarh,Raipur,Loamy,6.7,0.13,265,39,299,0.74
10-03-2020,Karnataka,Belgaum,Laterite,6.1,0.65,81,21,144,0.58
28-05-2021,Tripura,Agartala,Loamy,6.9,0.77,147,39,198,1.06
29-04-2024,Jammu and Kashmir,Srinagar,Loamy,6.3,0.13,213,26,218,0.81
01-01-2017,Jammu and Kashmir,Srinagar,Loamy,7.1,0.45,140,18,195,0.72
03-12-2020,Sikkim,Gangtok,Loamy,6.1,0.16,133,30,305,1.06
12-11-2022,Sikkim,Gangtok,Loamy,6.4,0.21,218,41,287,0.71
18-07-2023,Karnataka,Bangalore,Laterite,6.4,1.15,151,14,152,0.98
15-11-2016,Lakshadweep,Kavaratti,Loamy,6.9,0.59,247,45,339,0.94
23-03-2015,Jammu and Kashmir,Srinagar,Loamy,6.9,0.63,152,40,333,0.94
21-11-2022,Dadra and Nagar Haveli and Daman and Diu,Daman,Loamy,6.8,1.24,184,40,250,0.92
08-07-2021,Haryana,Karnal,Alluvial,6.3,0.8,265,28,397,1.08
17-02-2022,Punjab,Amritsar,Alluvial,8.1,1.06,248,39,412,1.15
10-07-2021,Puducherry,Puducherry,Loamy,6.3,0.98,140,33,313,0.93
15-06-2016,Bihar,Muzaffarpur,Alluvial,7.2,0.52,209,30,222,1.24
06-06-2020,Nagaland,Kohima,Loamy,6.4,0.28,253,41,314,0.64
09-08-2015,Bihar,Purnia,Alluvial,7.3,0.33,203,50,281,1.26
26-09-2016,Punjab,Patiala,Alluvial,6.8,0.67,191,27,203,0.93
05-11-2019,Himachal Pradesh,Shimla,Sandy Loam,5.9,0.46,111,7,115,0.44
01-06-2025,Meghalaya,Shillong,Loamy,5.9,0.54,183,39,233,0.98
28-06-2021,Uttar Pradesh,Lucknow,Alluvial,6.9,0.78,213,36,341,1.11
18-02-2020,Tripura,Agartala,Loamy,7.5,1.11,126,40,355,1.15
03-01-2015,Bihar,Gaya,Alluvial,6.8,0.54,246,50,212,0.81
14-09-2019,Odisha,Bhubaneswar,Red,6.3,0.55,169,23,170,0.74
25-07-2015,Maharashtra,Nashik,Red,6.4,0.63,95,16,160,0.8
30-01-2020,Rajasthan,Udaipur,Desert,6.3,0.35,66,5,68,0.18
09-02-2015,Manipur,Imphal,Loamy,6.5,0.68,238,38,264,0.92
07-10-2020,Assam,Dibrugarh,Laterite,5.9,0.37,100,12,138,0.59
18-03-2023,Meghalaya,Shillong,Loamy,7.4,0.73,173,43,223,1.26
06-03-2022,Maharashtra,Mumbai,Red,5.3,0.39,96,13,191,0.82
05-10-2016,Himachal Pradesh,Kangra,Sandy Loam,7,0.32,60,15,87,0.43
11-03-2019,Gujarat,Vadodara,Black,7.9,1.17,192,42,253,1.16
22-12-2024,Maharashtra,Mumbai,Red,6.2,0.88,157,15,123,0.58
22-03-2020,Goa,North Goa,Loamy,6.4,0.5,253,24,229,1.16
30-11-2022,Rajasthan,Udaipur,Sandy,7,0.62,87,17,74,0.7
29-09-2023,Manipur,Imphal,Loamy,5.7,0.05,232,35,257,0.75
20-09-2024,Haryana,Hisar,Sandy,7.4,1.25,59,11,114,0.6
20-04-2022,Puducherry,Puducherry,Loamy,7.4,1.28,246,20,364,0.88
13-11-2020,Andhra Pradesh,Visakhapatnam,Black,6.3,0.22,203,19,154,0.61
17-07-2024,Lakshadweep,Kavaratti,Loamy,5.9,0.16,170,26,303,0.78
20-01-2024,Chhattisgarh,Raipur,Loamy,6.2,0.35,274,30,251,1.04
16-06-2017,Chandigarh,Chandigarh,Loamy,6.3,0.54,220,22,345,0.91
21-12-2017,Sikkim,Gangtok,Loamy,6.5,0.6,211,24,264,0.9
03-07-2018,Punjab,Ludhiana,Alluvial,7,0.13,194,29,395,1.2
21-02-2022,Meghalaya,Shillong,Loamy,7.2,0.83,280,22,294,1.2
31-01-2023,Gujarat,Rajkot,Sandy,7.2,1.08,74,12,107,0.79
23-07-2021,Gujarat,Rajkot,Sandy,6.6,0.51,91,18,73,0.61
01-11-2016,Arunachal Pradesh,Itanagar,Loamy,6.7,0.13,253,25,319,0.86
01-10-2023,Maharashtra,Mumbai,Black,7.9,1.72,231,39,254,1.28
14-02-2019,Dadra and Nagar Haveli and Daman and Diu,Daman,Loamy,5.5,0.36,169,14,249,1.15
22-06-2021,Maharashtra,Nashik,Red,5.5,0.2,104,10,121,0.68
15-10-2024,Chhattisgarh,Raipur,Loamy,5.2,0.66,229,18,204,1.01
19-12-2016,Karnataka,Hubli,Laterite,5.8,0.59,94,22,100,0.8
07-12-2017,Chhattisgarh,Raipur,Loamy,6.6,0.44,197,32,245,1.09
12-07-2024,Andaman and Nicobar Islands,Port Blair,Loamy,5.9,0.39,210,28,198,0.84
09-05-2020,Karnataka,Hubli,Laterite,5.9,0.07,125,11,179,0.82
05-03-2018,Chhattisgarh,Raipur,Loamy,5.8,0.31,214,16,184,0.96
17-12-2023,Lakshadweep,Kavaratti,Loamy,6.3,0.41,194,16,308,0.71
07-09-2015,Ladakh,Leh,Sandy Loam,6.7,0.44,72,20,75,0.9
19-06-2021,Manipur,Imphal,Loamy,6.4,0.09,205,24,217,0.95
07-03-2020,Odisha,Bhubaneswar,Red,6.4,1.01,87,23,233,0.45
01-06-2024,Sikkim,Gangtok,Loamy,6.6,0.37,273,33,279,1.24
01-08-2024,Puducherry,Puducherry,Loamy,6.2,0.54,206,17,347,1.12
28-01-2020,Mizoram,Aizawl,Loamy,7.4,1.49,167,19,228,0.85
25-10-2022,Kerala,Thrissur,Red,6,0.17,106,12,172,0.55
12-02-2019,Tripura,Agartala,Loamy,6.3,0.01,132,23,330,1.14
08-04-2024,Mizoram,Aizawl,Loamy,7.1,0.47,169,44,248,0.7
11-10-2024,Jharkhand,Ranchi,Loamy,6.5,0.06,134,28,185,1.2
20-05-2025,West Bengal,Howrah,Alluvial,7.5,0.8,244,43,359,1.12
19-05-2024,Nagaland,Kohima,Loamy,7.1,1.18,163,40,296,1.04
07-12-2021,Nagaland,Kohima,Loamy,7,0.78,244,42,328,0.9
19-05-2018,Lakshadweep,Kavaratti,Loamy,6.4,0.33,278,33,221,1
03-05-2025,Maharashtra,Pune,Red,6.1,0.76,140,20,221,0.64
13-02-2015,Meghalaya,Shillong,Loamy,7.1,0.32,258,28,232,0.72
21-11-2024,Nagaland,Kohima,Loamy,5.6,0.15,125,18,300,1.05
03-03-2022,Meghalaya,Shillong,Loamy,5.6,0.11,171,36,269,1.22
05-08-2016,Mizoram,Aizawl,Loamy,6.1,0.53,185,19,286,0.73
30-08-2023,Gujarat,Ahmedabad,Black,5.7,0.23,207,29,212,1.1
12-07-2018,Kerala,Kozhikode,Laterite,5.5,0.25,179,24,150,0.6
21-01-2023,Puducherry,Puducherry,Loamy,7,0.44,231,19,334,1.03
08-08-2015,Jharkhand,Ranchi,Loamy,7.2,0.68,200,19,278,0.77
09-04-2020,Chhattisgarh,Raipur,Loamy,6.9,0.36,155,24,306,1.01
20-02-2023,Rajasthan,Udaipur,Sandy,6.3,0.37,90,11,140,0.61
14-08-2024,Assam,Tinsukia,Laterite,6.5,0.79,160,15,204,0.57
14-09-2021,Odisha,Bhubaneswar,Red,6.2,0.12,108,18,101,0.6
03-07-2024,Jammu and Kashmir,Srinagar,Loamy,8,1.52,138,44,299,1.14
06-08-2022,Goa,North Goa,Loamy,6.2,0.41,142,31,308,0.91
17-09-2017,Maharashtra,Pune,Red,6.1,0.25,101,20,160,0.91
25-01-2023,Bihar,Muzaffarpur,Alluvial,7.7,1.79,179,48,350,1.4
18-12-2019,Nagaland,Kohima,Loamy,6.9,0.67,190,18,337,1.02
26-12-2024,Andaman and Nicobar Islands,Port Blair,Loamy,6,0.58,147,19,233,0.96
07-05-2017,Jammu and Kashmir,Srinagar,Loamy,6.1,0.25,268,19,239,0.98
14-03-2017,Meghalaya,Shillong,Loamy,6.8,0.89,140,19,240,0.96
04-05-2016,Punjab,Ludhiana,Alluvial,7.1,0.57,269,42,205,0.89
26-09-2024,Telangana,Warangal,Black,6,0.78,187,26,304,0.84
16-11-2019,Jammu and Kashmir,Srinagar,Loamy,6.4,0.49,163,18,356,0.93
02-02-2019,Odisha,Bhubaneswar,Red,5.7,0.19,183,26,190,0.72
24-12-2024,Bihar,Gaya,Alluvial,6.3,0.1,289,29,360,1.3
05-03-2023,Delhi,New Delhi,Loamy,6.1,0.73,220,33,181,1.11
01-12-2022,Arunachal Pradesh,Itanagar,Loamy,6.8,0.48,135,38,260,0.7
02-09-2019,Madhya Pradesh,Bhopal,Black,6.5,0.45,207,18,151,0.75
17-08-2024,Chandigarh,Chandigarh,Loamy,5.8,0.04,263,41,291,0.88
23-02-2024,Puducherry,Puducherry,Loamy,7.2,0.88,144,39,348,1.25
03-05-2021,Chandigarh,Chandigarh,Loamy,7.1,0.76,173,24,281,0.99
23-02-2015,Telangana,Hyderabad,Red,6.2,0.33,151,23,221,0.75
19-01-2022,Delhi,New Delhi,Loamy,5.7,0.08,251,29,253,1.11
31-10-2024,Jharkhand,Ranchi,Loamy,6.6,0.77,174,25,245,1.33
07-09-2016,Nagaland,Kohima,Loamy,7,0.69,279,45,322,0.85
18-12-2017,Odisha,Bhubaneswar,Red,6.9,0.55,159,21,112,0.97
23-01-2020,Gujarat,Ahmedabad,Sandy,6.7,0.14,105,11,59,0.71
09-07-2023,Odisha,Bhubaneswar,Laterite,4.4,0.4,97,12,89,0.73
22-01-2024,Telangana,Warangal,Red,7.6,1.43,158,33,224,0.58
12-08-2017,Manipur,Imphal,Loamy,7.1,0.47,257,39,333,0.73
30-08-2021,Tamil Nadu,Coimbatore,Alluvial,7.2,0.59,201,29,215,1.18
18-06-2019,Bihar,Patna,Alluvial,6.3,0.67,245,34,234,1.12
13-08-2022,Bihar,Purnia,Alluvial,6.4,0.5,242,22,246,1.14
26-07-2022,Chhattisgarh,Raipur,Loamy,7.2,1.19,199,27,257,1.24
11-10-2016,Tamil Nadu,Madurai,Red,6.8,0.77,112,20,182,0.92
05-06-2021,Karnataka,Belgaum,Black,7.2,0.47,182,16,317,0.94
30-01-2016,Karnataka,Bangalore,Black,7.1,0.51,192,36,301,0.92
23-12-2023,Madhya Pradesh,Bhopal,Black,8.1,0.97,178,34,247,0.86
21-09-2018,Maharashtra,Nagpur,Black,6.8,0.47,128,33,179,1.19
25-03-2022,Haryana,Hisar,Alluvial,6.6,0.15,233,17,357,0.93
29-05-2025,Tripura,Agartala,Loamy,6.4,0.6,255,38,241,1.22
05-01-2022,Nagaland,Kohima,Loamy,6.5,0.53,218,17,287,1.04
24-11-2023,Nagaland,Kohima,Loamy,6,0.26,227,30,199,0.88
09-09-2021,Jharkhand,Ranchi,Loamy,6.6,1.19,267,19,285,1.09
06-01-2016,Gujarat,Surat,Sandy,6.7,0.31,142,13,57,0.78
07-05-2017,Maharashtra,Nagpur,Black,6.1,0.19,173,31,241,0.58
01-03-2017,Manipur,Imphal,Loamy,7,1.07,220,25,194,1.2
19-10-2016,Meghalaya,Shillong,Loamy,6.9,0.46,196,40,220,0.92
12-04-2024,Arunachal Pradesh,Itanagar,Loamy,6.2,0.19,168,25,283,0.68
15-08-2022,Chandigarh,Chandigarh,Loamy,6.4,0.44,120,36,223,0.8
24-10-2018,Chandigarh,Chandigarh,Loamy,6.3,0.56,273,34,291,1.1
19-01-2016,Nagaland,Kohima,Loamy,6.6,0.45,145,36,340,0.89
10-10-2020,Dadra and Nagar Haveli and Daman and Diu,Daman,Loamy,6.4,0.62,179,17,274,0.84
13-08-2025,Madhya Pradesh,Bhopal,Red,5.7,0.56,172,28,240,0.92
27-12-2021,Punjab,Ludhiana,Alluvial,6,0.23,167,39,340,0.89
27-08-2015,Jammu and Kashmir,Srinagar,Loamy,6.7,0.31,189,24,360,1.25
14-07-2015,Tamil Nadu,Coimbatore,Alluvial,6.8,0.64,200,22,284,1.18
18-06-2022,Delhi,New Delhi,Loamy,5.4,0.55,115,38,333,0.63
07-01-2024,Jammu and Kashmir,Srinagar,Loamy,7.4,1.45,181,41,264,1.05
09-10-2020,Ladakh,Leh,Sandy Loam,6,0.39,115,5,88,0.52
26-02-2018,Punjab,Amritsar,Alluvial,6.9,0.59,165,42,347,1.36
26-04-2023,Assam,Dibrugarh,Alluvial,8.7,1.7,228,34,292,1.16
25-06-2022,Haryana,Gurgaon,Alluvial,7.5,0.95,160,35,243,1.52
08-07-2020,Lakshadweep,Kavaratti,Loamy,6.6,0.31,221,36,226,1.05
05-06-2015,Andaman and Nicobar Islands,Port Blair,Loamy,7.1,0.62,251,31,208,0.93
11-06-2024,Gujarat,Ahmedabad,Sandy,6.7,0.09,69,8,72,0.33
10-02-2025,Arunachal Pradesh,Itanagar,Loamy,6.8,0.25,191,28,304,1.12
19-07-2025,Rajasthan,Udaipur,Sandy,6.9,0.64,53,14,107,0.44
11-07-2017,Goa,North Goa,Loamy,6.3,0.07,187,37,248,0.96
25-12-2022,West Bengal,Kolkata,Alluvial,9.2,2.45,307,31,358,1.13
29-01-2023,Ladakh,Leh,Sandy Loam,8.2,1.64,155,26,187,1
28-07-2025,Lakshadweep,Kavaratti,Loamy,6,0.39,145,19,234,1.05
29-05-2019,Himachal Pradesh,Shimla,Sandy Loam,6.6,0.14,89,10,160,0.65
05-05-2023,Karnataka,Belgaum,Laterite,6.7,1.51,141,28,198,0.74
09-08-2024,Tamil Nadu,Coimbatore,Red,5.9,0.4,95,20,213,0.65
01-09-2017,Karnataka,Bangalore,Red,6.6,0.45,188,24,108,0.44
15-05-2018,Arunachal Pradesh,Itanagar,Loamy,6.1,0.57,276,38,307,0.68
01-09-2021,Assam,Kamrup,Laterite,5.9,1.16,122,14,183,0.78
21-09-2024,Karnataka,Hubli,Laterite,4.7,0.08,153,10,179,0.55
20-12-2019,Jammu and Kashmir,Srinagar,Loamy,7.3,1.4,179,34,326,1.21
13-01-2023,Manipur,Imphal,Loamy,6.5,0.45,159,20,311,1.1
17-04-2017,Karnataka,Mysore,Red,5.9,0.69,147,12,110,0.49
30-06-2020,Dadra and Nagar Haveli and Daman and Diu,Daman,Loamy,7.1,0.55,161,35,340,0.9
25-09-2018,West Bengal,Kolkata,Red,6.1,0.58,172,27,140,0.81
15-07-2021,West Bengal,Kolkata,Red,6.1,0.71,99,24,209,0.93
23-07-2015,Lakshadweep,Kavaratti,Loamy,6.8,0.56,245,24,302,1.13
10-06-2015,Tripura,Agartala,Loamy,6.4,0.35,174,19,259,1.17
20-11-2024,Punjab,Amritsar,Alluvial,5.9,0.33,154,45,380,1.12
27-01-2016,West Bengal,Kolkata,Red,6,0.37,172,19,239,0.99
07-02-2017,Tripura,Agartala,Loamy,6.5,0.86,209,42,310,1.09
06-04-2025,Karnataka,Belgaum,Red,5.8,0.75,74,13,104,0.63
07-03-2022,Odisha,Bhubaneswar,Red,6.6,1.54,126,20,189,1.02
25-01-2022,West Bengal,Kolkata,Red,5.5,0.02,126,16,227,0.41
29-12-2017,Andhra Pradesh,Chittoor,Alluvial,7.2,0.47,281,22,400,1.35
19-01-2023,Chhattisgarh,Raipur,Loamy,7.9,1.13,274,30,197,0.84
09-02-2016,Jharkhand,Ranchi,Loamy,7,0.71,262,28,351,0.94
30-08-2016,Puducherry,Puducherry,Loamy,7.2,0.58,174,34,257,0.73
04-04-2025,Ladakh,Leh,Sandy Loam,5.6,0.68,78,17,76,0.59
03-06-2019,Arunachal Pradesh,Itanagar,Loamy,6.2,0.66,192,26,282,1.03
21-03-2019,Nagaland,Kohima,Loamy,7,1.41,153,32,331,1.19
15-11-2022,Madhya Pradesh,Bhopal,Red,7.4,1.38,197,18,173,0.92
27-09-2023,Chhattisgarh,Raipur,Loamy,6.8,0.2,207,14,241,0.87
12-01-2020,Punjab,Amritsar,Alluvial,6.6,0.25,189,49,302,0.86
20-11-2016,Arunachal Pradesh,Itanagar,Loamy,6,0.25,182,41,329,0.91
17-04-2025,Karnataka,Belgaum,Laterite,6.5,1.1,97,18,135,0.98
28-01-2023,Chandigarh,Chandigarh,Loamy,7.3,1.04,142,33,313,1.26
25-05-2018,Lakshadweep,Kavaratti,Loamy,6.7,0.89,193,21,255,0.92
04-10-2020,Lakshadweep,Kavaratti,Loamy,6.7,0.87,228,23,242,1.08
01-01-2016,West Bengal,Darjeeling,Red,5.8,0.65,128,15,201,0.73
19-09-2019,Jharkhand,Ranchi,Loamy,6,0.49,190,18,319,0.76
15-10-2024,Sikkim,Gangtok,Loamy,6.8,0.47,149,37,231,1.1
12-06-2025,Mizoram,Aizawl,Loamy,6.8,0.9,198,42,300,0.79
05-07-2025,Sikkim,Gangtok,Loamy,7.3,1.02,214,29,206,1.26
30-03-2016,Odisha,Bhubaneswar,Red,6.5,0.69,105,24,138,0.83
14-04-2015,Mizoram,Aizawl,Loamy,7.1,0.35,242,18,303,0.77
18-03-2015,Telangana,Nizamabad,Black,7.2,0.41,230,25,153,0.98
18-08-2015,Ladakh,Leh,Sandy Loam,6.7,0.26,105,23,135,0.73
21-04-2020,Lakshadweep,Kavaratti,Loamy,6.8,0.68,253,42,240,0.82
12-02-2024,Ladakh,Leh,Sandy Loam,7.5,0.73,70,15,158,0.56
18-02-2024,West Bengal,Darjeeling,Alluvial,6.6,0.22,186,46,245,1.4
06-07-2021,Maharashtra,Pune,Black,7.1,0.24,219,28,282,1.09
20-04-2018,Ladakh,Leh,Sandy Loam,6.4,0.16,73,23,132,0.49
11-06-2017,Goa,North Goa,Loamy,6.9,0.67,256,38,190,1.13
06-07-2025,Himachal Pradesh,Mandi,Loamy,5.5,0.46,186,24,180,1.13
23-04-2019,Rajasthan,Udaipur,Sandy,6.7,0.73,142,11,80,0.48
28-06-2022,Kerala,Ernakulam,Red,5,0.82,88,17,210,0.39
05-09-2020,Chandigarh,Chandigarh,Loamy,6.8,1.04,158,42,193,1.08
01-03-2024,Dadra and Nagar Haveli and Daman and Diu,Daman,Loamy,8,2.31,216,47,378,1.06
03-08-2019,Bihar,Purnia,Alluvial,6.3,0.41,274,35,302,1.44
26-10-2015,Dadra and Nagar Haveli and Daman and Diu,Daman,Loamy,7.1,0.36,180,42,328,1.13
14-08-2017,Uttarakhand,Dehradun,Loamy,6.7,0.43,244,25,293,0.92
17-10-2022,Tripura,Agartala,Loamy,5.5,0.01,163,14,204,1.01
19-01-2018,Chhattisgarh,Raipur,Loamy,6.8,0.25,135,37,315,1.21
02-12-2021,Goa,North Goa,Loamy,6.7,0.13,206,26,311,1.04
05-03-2022,Chhattisgarh,Raipur,Loamy,6,0.05,271,13,316,0.7
10-11-2021,Uttarakhand,Dehradun,Loamy,6.4,0.81,236,37,300,1.2
14-01-2019,Haryana,Hisar,Alluvial,7.2,0.85,242,28,388,1.51
31-12-2015,Himachal Pradesh,Mandi,Loamy,6.8,0.52,206,18,245,1.29
16-12-2022,Manipur,Imphal,Loamy,8.6,2.25,226,31,231,1.37
26-08-2019,Ladakh,Leh,Sandy Loam,7.9,0.97,76,22,124,0.55
17-12-2015,Gujarat,Ahmedabad,Black,7.4,0.56,224,33,175,0.87
15-03-2025,Lakshadweep,Kavaratti,Loamy,6.5,0.85,209,26,243,0.79
03-07-2024,Haryana,Karnal,Alluvial,7.5,1.04,282,38,371,1.41
19-04-2021,Manipur,Imphal,Loamy,6.5,0.17,223,35,309,0.75
29-09-2022,Odisha,Bhubaneswar,Laterite,4.9,0.08,170,18,178,0.62
19-03-2020,Goa,North Goa,Loamy,6.9,0.31,262,38,354,1.18
21-10-2022,Odisha,Bhubaneswar,Laterite,5.7,0.2,158,13,71,0.46
08-10-2017,West Bengal,Howrah,Red,6.3,0.21,169,18,184,0.88
11-11-2021,Mizoram,Aizawl,Loamy,6.6,0.44,163,32,345,1.06
28-04-2025,Odisha,Bhubaneswar,Laterite,4.8,0.94,157,14,116,0.4
12-02-2023,Dadra and Nagar Haveli and Daman and Diu,Daman,Loamy,5.5,0.23,161,15,199,0.67
13-05-2016,Karnataka,Belgaum,Laterite,5.5,0.45,159,23,168,0.61
07-08-2017,Manipur,Imphal,Loamy,6.9,0.91,133,34,270,1.2
17-06-2020,Jharkhand,Ranchi,Loamy,6.6,0.82,213,45,203,1.19
08-08-2020,Tamil Nadu,Madurai,Red,5.9,0.39,178,22,172,0.56
22-05-2016,Assam,Cachar,Alluvial,6.4,0.65,167,24,344,1.47
20-08-2018,Assam,Dibrugarh,Alluvial,6.4,0.3,276,36,206,1.43
23-12-2021,Nagaland,Kohima,Loamy,6.1,0.11,182,18,253,0.82
21-10-2022,Tripura,Agartala,Loamy,6.8,1.17,214,40,307,1.3
30-03-2022,Punjab,Amritsar,Alluvial,6.5,0.19,255,36,188,1.08
15-06-2015,Andaman and Nicobar Islands,Port Blair,Loamy,6.5,0.57,265,23,252,1.09
18-07-2024,Sikkim,Gangtok,Loamy,7.8,2.3,242,33,342,1.03
14-11-2021,Manipur,Imphal,Loamy,6,0.28,245,30,304,0.87
08-07-2017,Jharkhand,Ranchi,Loamy,6.7,0.22,260,35,334,1.15
24-04-2015,Rajasthan,Udaipur,Desert,7.8,0.16,49,5,64,0.24
05-08-2024,Andaman and Nicobar Islands,Port Blair,Loamy,6.1,0.31,152,29,176,1.05
18-09-2017,Lakshadweep,Kavaratti,Loamy,6.3,0.63,150,44,340,1.16
20-05-2024,Jharkhand,Ranchi,Loamy,6.1,0.48,168,19,360,0.79
05-05-2020,Madhya Pradesh,Bhopal,Red,6.1,0.8,201,17,213,0.48
24-04-2025,Tamil Nadu,Chennai,Alluvial,6.5,0.05,251,31,253,1.15
04-03-2021,Tamil Nadu,Chennai,Alluvial,7.3,0.69,207,48,330,1.02
06-07-2025,Dadra and Nagar Haveli and Daman and Diu,Daman,Loamy,6.7,0.3,137,17,342,0.84
12-06-2018,Bihar,Muzaffarpur,Alluvial,6.8,0.26,170,43,360,1.29
14-08-2024,Assam,Cachar,Alluvial,6.1,0.45,205,41,353,1.25
19-05-2024,Rajasthan,Jaipur,Desert,7.2,0.2,71,8,83,0.32
29-05-2016,Arunachal Pradesh,Itanagar,Loamy,6.4,0.56,143,37,295,1.06
16-05-2018,Bihar,Patna,Alluvial,6.5,0.09,209,29,219,1.2
09-12-2016,Andhra Pradesh,Visakhapatnam,Red,6.3,0.75,151,16,185,1
29-09-2025,Manipur,Imphal,Loamy,5.8,0.2,251,30,313,0.74
02-10-2023,Delhi,New Delhi,Loamy,7.4,0.64,183,17,219,1.31
25-12-2020,Goa,North Goa,Loamy,6.6,0.44,247,30,240,0.93
05-12-2015,Gujarat,Vadodara,Black,7.2,0.63,223,34,303,1.04
28-01-2022,Odisha,Bhubaneswar,Red,7.2,1.02,148,27,136,0.92
09-03-2015,Andhra Pradesh,Krishna,Alluvial,7.4,0.38,242,21,353,1.19
16-05-2019,Odisha,Bhubaneswar,Laterite,5.9,0.04,142,17,152,0.49
14-04-2019,Uttar Pradesh,Varanasi,Sandy,6.9,0.59,99,12,88,0.78
18-01-2016,Kerala,Thrissur,Red,6.8,0.46,156,24,251,0.66
19-01-2015,Sikkim,Gangtok,Loamy,6.5,0.34,136,30,211,0.74
23-06-2022,Madhya Pradesh,Bhopal,Red,7.4,1.18,114,16,136,0.95
22-08-2024,West Bengal,Darjeeling,Alluvial,6,0.04,225,29,213,0.98
22-10-2020,Maharashtra,Nagpur,Red,5.7,0.46,173,18,200,0.76
26-07-2016,Sikkim,Gangtok,Loamy,6.8,0.37,269,16,182,0.84
06-03-2023,Chandigarh,Chandigarh,Loamy,7.2,0.88,160,42,197,0.92
25-03-2025,Punjab,Ludhiana,Alluvial,6.4,0.09,234,35,392,1.2
23-07-2018,Uttarakhand,Dehradun,Loamy,6.8,0.96,133,27,283,1.16
17-07-2023,Puducherry,Puducherry,Loamy,5.7,0.33,260,22,310,0.77
08-03-2021,Andhra Pradesh,Chittoor,Red,6.9,1.07,153,31,133,0.5
12-12-2022,Manipur,Imphal,Loamy,7,0.51,179,18,199,1.08
27-04-2020,Lakshadweep,Kavaratti,Loamy,5.7,0.4,222,36,300,0.61
12-10-2016,Haryana,Gurgaon,Alluvial,6.2,0.5,278,27,377,0.88
04-07-2019,Delhi,New Delhi,Loamy,6.3,0.32,221,44,297,0.91
20-09-2017,Nagaland,Kohima,Loamy,6.6,0.12,210,28,240,1.12
05-07-2022,Andaman and Nicobar Islands,Port Blair,Loamy,7.1,0.46,163,35,320,0.88
31-01-2022,Lakshadweep,Kavaratti,Loamy,5.7,0.05,158,31,194,0.87
08-05-2025,Delhi,New Delhi,Loamy,5.6,0.1,162,16,174,0.69
07-12-2023,Chhattisgarh,Raipur,Loamy,8.7,2.2,286,26,313,0.9
31-08-2018,Nagaland,Kohima,Loamy,6.8,0.32,178,18,245,0.98
19-06-2017,Jharkhand,Ranchi,Loamy,6.3,0.5,213,25,248,0.96
13-12-2024,Ladakh,Leh,Sandy Loam,7.6,1.65,105,26,191,0.96
12-08-2019,Delhi,New Delhi,Loamy,6.3,0.17,214,19,317,1.1
28-09-2022,Tamil Nadu,Chennai,Red,6,0.03,160,19,172,0.89
05-05-2019,Chhattisgarh,Raipur,Loamy,7.5,1.12,182,31,254,0.85
07-04-2020,Puducherry,Puducherry,Loamy,7.8,1.21,286,24,312,1.36
17-11-2019,Telangana,Hyderabad,Red,6.7,0.84,146,29,249,0.71
10-02-2018,Mizoram,Aizawl,Loamy,7.2,0.46,219,35,207,1.18
26-01-2021,Dadra and Nagar Haveli and Daman and Diu,Daman,Loamy,5.4,0.54,212,22,217,0.92
09-09-2024,Gujarat,Surat,Black,5.9,0.06,154,13,293,0.54
07-04-2025,Mizoram,Aizawl,Loamy,4.8,1.27,131,9,162,1.1
28-04-2020,West Bengal,Kolkata,Alluvial,6.1,0.19,215,26,203,1.31
03-11-2017,Sikkim,Gangtok,Loamy,7.3,0.62,132,20,259,0.9
05-10-2019,Manipur,Imphal,Loamy,6.2,0.3,225,32,328,0.88
15-10-2015,Manipur,Imphal,Loamy,6.2,0.48,245,22,226,0.79
14-02-2021,Tripura,Agartala,Loamy,6.2,0.09,233,37,224,1.18
09-02-2023,Rajasthan,Jaipur,Desert,8.4,0.77,100,12,103,0.47
01-11-2023,Arunachal Pradesh,Itanagar,Loamy,5.8,0.16,143,22,306,0.68
10-05-2019,Uttarakhand,Dehradun,Loamy,6.7,0.17,261,38,310,0.67
04-07-2022,Lakshadweep,Kavaratti,Loamy,6.1,0.28,128,21,174,1.05
12-10-2019,Rajasthan,Udaipur,Sandy,6.3,0.03,100,5,72,0.37
14-01-2023,Bihar,Gaya,Alluvial,6.7,0.36,247,28,221,0.84
23-11-2021,Odisha,Bhubaneswar,Laterite,5.7,0.78,100,18,91,0.85
03-01-2018,Arunachal Pradesh,Itanagar,Loamy,6.1,0.11,135,41,304,1.25
13-05-2021,Uttar Pradesh,Kanpur,Sandy,5.8,0.18,125,15,41,0.56
28-07-2017,Puducherry,Puducherry,Loamy,6.9,1,278,41,343,1.02
05-03-2025,Maharashtra,Pune,Red,8.6,2.64,146,39,281,1.03
07-05-2024,Manipur,Imphal,Loamy,6.1,0.33,180,14,236,0.9
19-12-2018,Punjab,Patiala,Alluvial,6.5,0.72,293,47,295,1.33
24-07-2016,Puducherry,Puducherry,Loamy,6.6,0.71,223,22,331,1.05
22-10-2024,Ladakh,Leh,Sandy Loam,6.5,0.43,116,10,153,0.82
14-12-2022,Odisha,Bhubaneswar,Laterite,5.2,0.59,84,13,111,0.87
27-09-2017,Himachal Pradesh,Kangra,Loamy,6.3,0.57,211,27,277,0.77
20-04-2018,Gujarat,Rajkot,Black,7.6,0.53,191,21,193,0.89
10-11-2021,Chandigarh,Chandigarh,Loamy,6.5,0.72,193,24,237,1.3
06-07-2017,Madhya Pradesh,Bhopal,Red,5.8,0.44,145,28,196,0.8
18-02-2020,Uttarakhand,Dehradun,Loamy,6.3,0.95,206,19,258,0.76
12-04-2017,Jammu and Kashmir,Srinagar,Loamy,6.7,0.79,206,32,271,1.04
02-08-2023,Madhya Pradesh,Bhopal,Black,6,0.07,244,32,197,0.96
26-11-2022,Manipur,Imphal,Loamy,6.2,0.32,250,23,302,0.78
14-02-2024,Himachal Pradesh,Kangra,Loamy,6.3,0.11,118,37,324,1.18
18-02-2021,Tamil Nadu,Chennai,Red,5.8,0.1,130,25,157,0.55
06-08-2019,Ladakh,Leh,Sandy Loam,6.7,0.73,72,11,152,0.78
07-09-2016,Assam,Dibrugarh,Alluvial,7.2,0.51,219,46,206,1.37
10-02-2016,Puducherry,Puducherry,Loamy,6.6,0.64,173,34,304,0.81
16-10-2019,Odisha,Bhubaneswar,Laterite,5.7,0.1,112,15,128,0.92
22-06-2025,West Bengal,Howrah,Alluvial,8.9,2.66,274,50,431,1.13
10-03-2023,Tamil Nadu,Madurai,Alluvial,5.7,0.27,269,40,290,1.15
31-07-2022,Gujarat,Surat,Sandy,6.6,0.38,139,8,95,0.61
03-04-2015,Kerala,Kozhikode,Laterite,5.2,0.29,170,15,80,0.6
13-10-2021,Maharashtra,Nashik,Black,8.2,0.95,197,35,289,0.87
15-10-2016,Manipur,Imphal,Loamy,6.9,0.43,154,24,248,1.06
06-08-2024,Assam,Kamrup,Alluvial,6.3,0.47,219,34,281,1
07-07-2024,Manipur,Imphal,Loamy,6,0.26,128,11,194,1.07
09-03-2016,Telangana,Hyderabad,Red,6.1,0.68,141,11,228,0.97
09-02-2018,Haryana,Hisar,Sandy,7.1,0.81,84,17,133,0.64
10-01-2016,Chhattisgarh,Raipur,Loamy,6.7,0.51,208,19,195,1.18
28-07-2023,Bihar,Gaya,Alluvial,8.3,1.34,219,37,311,1.25
02-12-2017,Maharashtra,Pune,Red,6.8,0.58,135,21,131,0.85
26-07-2015,Meghalaya,Shillong,Loamy,6.2,0.3,171,28,327,0.94
18-02-2017,Punjab,Ludhiana,Alluvial,7.2,0.58,178,24,246,1.04
12-08-2018,Telangana,Hyderabad,Red,5.9,0.19,156,20,218,0.76
15-02-2018,Goa,North Goa,Loamy,7.2,0.72,190,22,183,0.76
15-06-2016,Dadra and Nagar Haveli and Daman and Diu,Daman,Loamy,6.8,0.44,171,16,276,1.06
07-01-2024,Goa,North Goa,Loamy,6.5,0,116,14,218,0.73
22-01-2021,Jammu and Kashmir,Srinagar,Loamy,6,0.42,156,43,331,1.13
14-05-2022,Manipur,Imphal,Loamy,6.6,0.5,176,27,206,0.79
02-11-2023,Andaman and Nicobar Islands,Port Blair,Loamy,5.9,0.34,255,34,189,0.97
30-11-2023,Assam,Cachar,Laterite,6.6,1.12,146,15,123,0.88
31-03-2015,Karnataka,Hubli,Red,6.2,0.43,122,24,190,0.62
22-01-2018,Assam,Kamrup,Alluvial,7,0.29,236,31,221,0.9
13-01-2015,West Bengal,Howrah,Alluvial,6.7,0.4,200,38,294,0.8
09-04-2023,Jharkhand,Ranchi,Loamy,7.4,0.8,232,27,293,1.26
01-02-2020,Delhi,New Delhi,Loamy,6.3,0.98,154,40,196,0.92
15-03-2017,Meghalaya,Shillong,Loamy,6.7,0.52,231,25,298,0.95
02-08-2017,Jharkhand,Ranchi,Loamy,6.5,1.04,262,23,261,1.01
21-08-2022,Delhi,New Delhi,Loamy,8.2,1.85,257,49,236,1.39
01-02-2020,Ladakh,Leh,Sandy Loam,6.6,0.25,110,17,143,0.81
11-08-2025,Assam,Tinsukia,Alluvial,8.6,1.85,298,41,231,0.95
10-08-2024,Chhattisgarh,Raipur,Loamy,7,1.03,263,48,196,0.82
18-11-2024,Kerala,Ernakulam,Red,4.8,0.94,161,17,84,0.6
30-05-2019,Madhya Pradesh,Bhopal,Red,6.2,0.75,85,13,160,0.94
02-01-2023,Telangana,Warangal,Red,6.1,0.55,113,12,136,0.78
13-05-2020,Lakshadweep,Kavaratti,Loamy,6.2,0.55,151,32,197,1.18
18-08-2025,Meghalaya,Shillong,Loamy,8,1.64,137,29,226,1.12
27-10-2023,Lakshadweep,Kavaratti,Loamy,6.7,0.5,182,19,201,1.13
31-05-2022,Ladakh,Leh,Sandy Loam,6.6,0.48,148,19,180,0.74
07-06-2023,Rajasthan,Jodhpur,Sandy,7,1.16,105,23,82,0.37
18-11-2017,Kerala,Thrissur,Laterite,5.2,0.15,150,14,155,0.83
23-10-2015,Rajasthan,Jaipur,Sandy,6.1,0.12,53,7,88,0.78
22-04-2023,Rajasthan,Udaipur,Sandy,6.8,0.69,136,21,155,0.75
14-07-2017,Goa,North Goa,Loamy,6.4,0.08,126,41,261,0.97
20-05-2025,Himachal Pradesh,Mandi,Sandy Loam,6.9,0.3,105,24,160,0.51
01-10-2016,Andhra Pradesh,Krishna,Black,7.3,0.86,210,33,328,1.07
15-07-2021,Kerala,Kozhikode,Red,5.1,0.13,113,24,208,0.37
19-09-2016,Maharashtra,Mumbai,Black,7.8,0.58,110,22,236,0.96
22-10-2021,Goa,North Goa,Loamy,7.1,1.5,207,45,253,1.06
13-03-2018,Andhra Pradesh,Guntur,Black,8.1,1.18,174,33,224,0.73
30-07-2017,Sikkim,Gangtok,Loamy,6.1,0.26,188,36,343,0.91
09-04-2017,Puducherry,Puducherry,Loamy,6.5,0.87,253,42,313,0.78
06-11-2019,Karnataka,Hubli,Red,5.5,0.22,98,17,141,0.48
10-01-2022,Assam,Kamrup,Laterite,5.6,0.44,132,21,180,0.73
02-09-2017,Goa,North Goa,Loamy,6.2,0.31,238,44,192,1.16
14-07-2023,Goa,North Goa,Loamy,6.4,0.15,221,26,213,0.99
12-08-2017,Punjab,Ludhiana,Alluvial,5.9,0.51,227,48,218,1.3
16-06-2018,Rajasthan,Udaipur,Desert,7.1,0.07,72,4,102,0.52
09-08-2017,Arunachal Pradesh,Itanagar,Loamy,5.8,0.4,129,38,284,0.85
01-08-2017,Uttar Pradesh,Varanasi,Sandy,6.7,0.32,128,6,85,0.58
11-01-2021,Dadra and Nagar Haveli and Daman and Diu,Daman,Loamy,8.2,1.84,146,23,283,1.04
19-04-2018,Uttar Pradesh,Lucknow,Sandy,5.9,0.04,107,12,79,0.64
31-12-2023,Lakshadweep,Kavaratti,Loamy,7.9,2.21,145,27,229,1.14
05-11-2020,Jharkhand,Ranchi,Loamy,5.5,0.12,148,34,171,0.83
10-02-2024,Tamil Nadu,Madurai,Red,7.3,1.65,181,24,228,0.82
15-03-2019,Goa,North Goa,Loamy,7.4,0.58,177,22,298,1.12
01-01-2018,Tamil Nadu,Coimbatore,Red,6,0.61,154,24,119,0.97
26-02-2023,West Bengal,Kolkata,Alluvial,5.8,0.3,165,23,374,1.32
28-06-2015,Chandigarh,Chandigarh,Loamy,6.3,0.59,153,32,246,0.92
09-03-2021,Maharashtra,Pune,Red,5.2,0.13,163,14,119,0.72
03-01-2020,Lakshadweep,Kavaratti,Loamy,7.3,1.09,214,32,317,0.84
11-06-2018,Puducherry,Puducherry,Loamy,6.8,0.77,239,18,221,1.07
09-04-2016,Sikkim,Gangtok,Loamy,7.3,0.5,214,26,304,1.29
10-11-2019,Dadra and Nagar Haveli and Daman and Diu,Daman,Loamy,7,0.85,250,25,329,0.9
08-01-2024,Gujarat,Vadodara,Sandy,7.7,1.08,116,20,110,0.78
02-05-2022,Rajasthan,Jodhpur,Sandy,6.7,0.3,129,18,85,0.65
12-11-2022,Meghalaya,Shillong,Loamy,6.5,0.22,273,24,287,0.9
18-02-2024,Punjab,Amritsar,Alluvial,7.3,1.16,298,27,384,1.13
15-05-2018,Odisha,Bhubaneswar,Red,5.8,0.34,186,16,211,0.39
08-04-2022,Lakshadweep,Kavaratti,Loamy,7.7,1.8,280,30,283,1.28
03-06-2017,Manipur,Imphal,Loamy,7.3,0.79,179,41,253,0.97
02-06-2025,Chhattisgarh,Raipur,Loamy,6.5,0.73,193,38,233,0.82
10-08-2021,Karnataka,Mysore,Red,5.8,0.27,141,26,159,0.43
12-05-2021,Manipur,Imphal,Loamy,6.5,0.06,171,14,297,1.1
24-08-2021,Andaman and Nicobar Islands,Port Blair,Loamy,5,1.01,224,15,258,1.12
11-06-2025,Bihar,Muzaffarpur,Alluvial,5.8,0.09,155,37,319,1.35
25-08-2018,Ladakh,Leh,Sandy Loam,6.8,0.44,79,8,90,0.44
13-07-2019,Tamil Nadu,Madurai,Alluvial,6.5,0.15,178,42,307,0.78
22-02-2024,Manipur,Imphal,Loamy,4.8,1.62,127,11,235,0.81
02-08-2017,Assam,Tinsukia,Alluvial,6.7,0.44,233,22,280,1.03
23-07-2025,Lakshadweep,Kavaratti,Loamy,8.3,1.68,201,35,368,1.18
02-08-2023,Jharkhand,Ranchi,Loamy,7.7,1.05,189,47,290,1.02
28-10-2022,Sikkim,Gangtok,Loamy,6.1,0.35,220,15,192,0.69
14-05-2024,Maharashtra,Nashik,Black,7.1,0.14,194,15,258,0.81
13-07-2017,Mizoram,Aizawl,Loamy,6.4,0.62,146,32,326,1.12
22-04-2020,Rajasthan,Jodhpur,Sandy,6.1,0.42,128,8,121,0.38
08-05-2016,Manipur,Imphal,Loamy,7.1,0.67,126,18,337,0.73
27-03-2019,Manipur,Imphal,Loamy,6.5,0.65,246,25,192,1.16
05-09-2023,Andhra Pradesh,Krishna,Alluvial,6,0.71,218,26,357,1.2
23-05-2020,Telangana,Warangal,Red,6.8,1.19,188,24,248,0.66
30-12-2017,Kerala,Kozhikode,Red,6.4,0.32,188,15,243,0.41
08-08-2021,Jharkhand,Ranchi,Loamy,6.4,0.03,260,34,308,0.72
02-03-2022,Dadra and Nagar Haveli and Daman and Diu,Daman,Loamy,6.4,1.04,159,43,212,0.92
31-12-2019,Karnataka,Hubli,Laterite,6.3,0.18,82,20,92,0.72
01-02-2017,Meghalaya,Shillong,Loamy,6.5,0.6,272,30,269,1.12
12-05-2021,Himachal Pradesh,Shimla,Loamy,5.6,0.48,176,35,288,0.67
19-02-2015,Maharashtra,Pune,Black,6.6,0.6,210,32,323,0.68
22-05-2024,Odisha,Bhubaneswar,Red,8,1.5,121,23,206,0.77
07-08-2022,Dadra and Nagar Haveli and Daman and Diu,Daman,Loamy,7.4,1.16,135,38,208,1.28
24-06-2017,Himachal Pradesh,Mandi,Loamy,6.3,0.11,154,32,303,1.23
23-02-2023,Ladakh,Leh,Sandy Loam,5.7,0.56,134,17,55,0.48
17-07-2016,Uttar Pradesh,Varanasi,Alluvial,7.3,0.69,272,31,209,0.92
21-02-2017,Haryana,Hisar,Sandy,6.6,0.1,62,10,58,0.46
07-12-2021,Telangana,Hyderabad,Black,7.2,1.28,233,39,184,1.16
22-08-2023,Haryana,Hisar,Alluvial,7.3,0.62,163,22,270,1.29
12-08-2025,Odisha,Bhubaneswar,Laterite,3.6,1.71,78,3,92,0.62
26-02-2025,Chandigarh,Chandigarh,Loamy,7.2,0.86,176,32,285,1.13
02-08-2020,Sikkim,Gangtok,Loamy,5.6,0.3,216,24,189,0.63
06-01-2020,Himachal Pradesh,Mandi,Loamy,6.7,1.43,200,38,361,0.85
06-08-2016,Bihar,Purnia,Alluvial,7.4,0.97,258,40,387,1.4
12-08-2018,Haryana,Hisar,Sandy,6.2,0.59,95,13,54,0.61
24-08-2015,Andhra Pradesh,Guntur,Red,6.6,0.42,169,21,197,0.71
04-10-2020,West Bengal,Howrah,Red,6,0.54,90,21,116,0.73
26-04-2020,Goa,North Goa,Loamy,7.1,1.23,145,25,317,1.26
26-12-2015,Ladakh,Leh,Sandy Loam,6.9,0.43,121,22,178,0.44
14-04-2020,Karnataka,Hubli,Black,6.4,0.09,186,23,201,0.56
20-04-2015,Chhattisgarh,Raipur,Loamy,6,0.39,192,28,214,1.19
11-07-2015,Telangana,Hyderabad,Red,6.5,0.69,109,17,249,0.48
22-06-2017,Nagaland,Kohima,Loamy,6.4,0.82,198,19,237,0.98
21-01-2018,Punjab,Amritsar,Alluvial,7.5,0.57,198,35,205,0.96
11-05-2017,West Bengal,Howrah,Alluvial,6.5,0.41,220,48,204,1.26
28-02-2022,Madhya Pradesh,Bhopal,Black,7.7,0.47,226,29,315,0.98
19-12-2017,Chhattisgarh,Raipur,Loamy,6.4,0.58,222,38,329,1.1
11-10-2016,Chandigarh,Chandigarh,Loamy,6.4,0.45,190,44,193,1
08-02-2015,Andhra Pradesh,Guntur,Black,6.7,0.79,105,26,229,0.66
20-11-2024,Sikkim,Gangtok,Loamy,7.2,1.86,140,29,341,1.02
18-07-2023,Nagaland,Kohima,Loamy,6.2,0.01,231,18,325,0.99
23-07-2024,Chhattisgarh,Raipur,Loamy,7.6,1.33,264,21,324,0.91
28-09-2016,Dadra and Nagar Haveli and Daman and Diu,Daman,Loamy,6.3,0.32,263,37,205,0.9
02-11-2017,Goa,North Goa,Loamy,6.5,0.33,222,40,248,1.21
05-02-2015,Uttarakhand,Dehradun,Loamy,6.3,0.36,158,21,357,0.93
18-11-2020,Tripura,Agartala,Loamy,7.2,1.07,197,33,365,1.11
01-08-2025,Andaman and Nicobar Islands,Port Blair,Loamy,8.2,1.61,153,32,343,1.06
24-08-2023,West Bengal,Howrah,Alluvial,7.5,0.82,265,41,311,0.98
27-10-2024,Meghalaya,Shillong,Loamy,5.7,0.93,147,16,170,0.86
08-01-2024,Kerala,Kozhikode,Laterite,5.9,0.64,105,23,149,0.63
23-09-2018,Punjab,Patiala,Alluvial,6.7,0.35,254,37,202,1.37
06-06-2020,Nagaland,Kohima,Loamy,6.9,1.13,281,36,245,1.03
15-06-2015,Puducherry,Puducherry,Loamy,6.8,0.52,266,41,206,1.17
27-08-2021,Tamil Nadu,Chennai,Red,5.7,0.11,93,29,157,0.62
23-02-2020,Uttarakhand,Dehradun,Loamy,6.5,0.57,203,38,283,0.74
09-06-2024,Mizoram,Aizawl,Loamy,4.5,1.37,205,29,203,0.72
12-09-2024,Rajasthan,Jaipur,Sandy,5.6,0.65,135,12,77,0.28
08-10-2022,Dadra and Nagar Haveli and Daman and Diu,Daman,Loamy,6.9,0.28,163,33,267,0.87
02-03-2025,Assam,Kamrup,Laterite,6.5,1.52,164,19,175,0.83
31-01-2015,Mizoram,Aizawl,Loamy,6.3,0.5,147,29,255,1.29
08-06-2024,Uttar Pradesh,Lucknow,Alluvial,7.5,0.81,225,49,385,1.53
11-01-2015,Tamil Nadu,Coimbatore,Red,5.7,0.68,193,13,137,0.94
04-07-2020,Goa,North Goa,Loamy,6.7,0.9,185,38,255,1.26
27-03-2024,West Bengal,Kolkata,Red,6.4,0.77,119,24,126,0.96
13-11-2020,Haryana,Karnal,Alluvial,5.2,0.31,244,25,245,1.37
06-12-2023,Haryana,Hisar,Alluvial,6.8,1.24,266,50,386,1.23
05-11-2021,Odisha,Bhubaneswar,Red,5.2,0.2,99,12,161,0.87
17-02-2021,Andaman and Nicobar Islands,Port Blair,Loamy,7,1.1,186,27,318,1.15
30-04-2016,Tamil Nadu,Coimbatore,Red,6.6,0.69,188,21,128,0.54
13-07-2018,Lakshadweep,Kavaratti,Loamy,6.9,1,164,19,328,1.25
18-12-2018,Jharkhand,Ranchi,Loamy,6.6,0.4,127,17,260,0.85
05-10-2023,Uttarakhand,Dehradun,Loamy,5.8,0.13,221,23,226,0.85
04-04-2021,Andhra Pradesh,Guntur,Alluvial,4.3,1.43,162,20,306,1.31
27-04-2020,Andaman and Nicobar Islands,Port Blair,Loamy,6.6,0.36,120,25,251,1.13
19-05-2024,Assam,Kamrup,Alluvial,8.8,2.25,217,56,389,0.97
17-05-2020,Dadra and Nagar Haveli and Daman and Diu,Daman,Loamy,5.2,0.29,205,18,332,0.98
19-09-2023,Karnataka,Mysore,Laterite,6.2,1.46,135,22,200,0.67
26-01-2020,Sikkim,Gangtok,Loamy,7.6,1.06,254,47,322,1.3
09-01-2019,Nagaland,Kohima,Loamy,6.4,0.46,171,37,349,1.23
28-09-2018,Jammu and Kashmir,Srinagar,Loamy,7.3,0.56,223,43,344,0.9
22-10-2023,Goa,North Goa,Loamy,5.3,0.2,263,26,246,1.14
03-08-2023,Assam,Dibrugarh,Alluvial,8,1.86,192,30,406,1.07
01-02-2024,Chhattisgarh,Raipur,Loamy,5.4,0.08,201,29,251,0.72
14-08-2022,Himachal Pradesh,Kangra,Sandy Loam,6.7,0.3,126,15,158,0.53
17-09-2017,West Bengal,Howrah,Alluvial,6.7,0.9,190,41,276,1.14
01-10-2024,Odisha,Bhubaneswar,Laterite,5.8,0.55,152,22,100,0.53
04-04-2017,West Bengal,Kolkata,Alluvial,7.2,0.32,294,35,299,1.22
02-01-2019,Uttarakhand,Dehradun,Loamy,6.9,0.2,155,29,291,0.68
23-11-2020,Madhya Pradesh,Bhopal,Red,5.7,0.05,180,25,229,0.87
06-02-2021,Rajasthan,Udaipur,Desert,7.4,0.47,97,16,99,0.31
09-02-2021,Uttarakhand,Dehradun,Loamy,7.4,0.9,237,39,303,0.74
14-08-2015,Goa,North Goa,Loamy,6.5,0.75,209,34,223,0.73
15-02-2017,Karnataka,Bangalore,Red,6.3,0.08,165,20,220,0.51
08-10-2022,Mizoram,Aizawl,Loamy,7.7,2.23,198,27,281,0.92
17-01-2018,Gujarat,Surat,Black,7.9,0.82,123,23,300,1.1
18-11-2016,Chandigarh,Chandigarh,Loamy,6.2,0.34,196,38,273,0.71
13-06-2016,Rajasthan,Udaipur,Sandy,6.5,0.28,119,13,148,0.61
04-06-2024,Andhra Pradesh,Krishna,Black,7.2,0.99,153,34,204,0.85
29-08-2017,Tripura,Agartala,Loamy,7.2,1.07,232,38,246,1.28
24-07-2017,Lakshadweep,Kavaratti,Loamy,6.4,0.44,197,34,292,1.04
23-11-2018,Haryana,Karnal,Alluvial,7.3,0.56,184,42,311,0.83
23-11-2020,Chhattisgarh,Raipur,Loamy,7.5,1.89,245,48,220,1.16
18-07-2018,Chandigarh,Chandigarh,Loamy,7.2,0.79,180,24,366,1.07
21-06-2020,Haryana,Gurgaon,Sandy,7.2,0.8,155,20,101,0.69
18-11-2022,Odisha,Bhubaneswar,Laterite,5.2,0.61,158,18,153,0.52
07-03-2019,Chandigarh,Chandigarh,Loamy,6,0.68,255,17,300,0.84
09-11-2016,Manipur,Imphal,Loamy,6,0.42,190,15,238,1.12
05-11-2024,Ladakh,Leh,Sandy Loam,7.1,0.03,138,14,128,0.51
06-12-2022,Uttarakhand,Dehradun,Loamy,5.6,0.43,141,20,260,0.84
01-07-2023,Madhya Pradesh,Bhopal,Black,6.5,0.14,188,25,279,1.07
06-09-2021,Maharashtra,Nagpur,Red,5.6,0.81,144,16,208,0.83
09-02-2015,Chandigarh,Chandigarh,Loamy,6.2,0.44,216,19,213,1.25
31-05-2022,Madhya Pradesh,Bhopal,Red,7.8,1.21,194,34,199,0.77
03-01-2024,Meghalaya,Shillong,Loamy,6.3,0.02,199,37,204,1.05
30-05-2025,Gujarat,Rajkot,Sandy,7.7,1.29,148,17,143,0.61
17-04-2023,Uttarakhand,Dehradun,Loamy,4.9,1.11,191,17,185,0.63
10-01-2018,Jammu and Kashmir,Srinagar,Loamy,6.3,0.65,202,31,188,1
24-04-2017,Manipur,Imphal,Loamy,7,0.58,277,25,324,0.88
10-10-2019,West Bengal,Kolkata,Red,6.6,0.85,100,14,119,0.9
26-02-2021,Jammu and Kashmir,Srinagar,Loamy,7.1,0.89,274,22,263,1.27
22-03-2016,Gujarat,Vadodara,Sandy,6.7,0.5,146,17,109,0.5
20-09-2025,Punjab,Patiala,Alluvial,7.1,0.94,234,34,340,1.37
31-07-2024,Lakshadweep,Kavaratti,Loamy,6.3,0.46,132,31,312,1.04
07-07-2023,Lakshadweep,Kavaratti,Loamy,6.3,0.05,229,27,270,0.75
19-05-2018,Uttar Pradesh,Kanpur,Alluvial,7.7,0.86,212,38,328,1.49
27-10-2021,Punjab,Amritsar,Alluvial,7.1,0.03,232,39,246,1.43
12-09-2018,Nagaland,Kohima,Loamy,6.6,0.89,152,43,227,0.76
09-09-2022,Manipur,Imphal,Loamy,6.6,0.26,134,18,299,0.87
15-08-2015,Sikkim,Gangtok,Loamy,6.7,0.34,263,24,320,1.2
17-02-2015,Sikkim,Gangtok,Loamy,6.1,0.74,191,37,269,1.23
17-06-2023,Rajasthan,Jodhpur,Sandy,6.6,0.02,124,8,124,0.76
07-02-2023,Arunachal Pradesh,Itanagar,Loamy,6.1,0.38,214,37,282,0.67
02-01-2019,Nagaland,Kohima,Loamy,7.4,0.7,183,19,215,0.88
05-01-2020,Tamil Nadu,Coimbatore,Red,6.6,0.95,203,19,165,0.87
07-05-2025,Madhya Pradesh,Bhopal,Black,8.3,1.29,208,38,367,1.05
06-07-2015,Himachal Pradesh,Kangra,Loamy,6.1,0.67,207,18,301,0.84
20-07-2021,Gujarat,Rajkot,Sandy,6.9,0.61,64,11,102,0.59
21-03-2021,Andhra Pradesh,Krishna,Alluvial,7,0.48,228,33,311,0.92
17-11-2022,Arunachal Pradesh,Itanagar,Loamy,6.6,0.07,152,20,285,0.83
10-12-2021,Bihar,Muzaffarpur,Alluvial,7.1,1.35,297,27,243,1.53
16-04-2020,Maharashtra,Mumbai,Black,6.5,0,227,21,203,0.71
03-01-2023,Lakshadweep,Kavaratti,Loamy,6.7,0.55,143,43,315,0.87
28-04-2017,Ladakh,Leh,Sandy Loam,7.2,0.48,126,25,91,0.77
25-07-2020,Arunachal Pradesh,Itanagar,Loamy,7.3,0.8,244,20,299,0.76
06-06-2018,Maharashtra,Pune,Red,5.3,0.26,146,15,172,0.79
14-11-2018,Punjab,Amritsar,Alluvial,6.8,0.41,249,45,312,1.44
05-09-2017,Tripura,Agartala,Loamy,7.2,0.72,178,20,328,0.79
01-06-2019,Haryana,Gurgaon,Sandy,6.3,0.32,96,6,104,0.59
13-10-2017,West Bengal,Kolkata,Alluvial,7.2,0.42,256,38,372,1.25
13-02-2021,Rajasthan,Jodhpur,Sandy,6.5,0.13,70,9,46,0.44
25-02-2020,Tamil Nadu,Chennai,Alluvial,5.6,0.3,246,47,370,1.18
27-09-2015,Lakshadweep,Kavaratti,Loamy,6.4,0.41,186,17,234,0.75
19-06-2019,Haryana,Hisar,Alluvial,6.1,0.53,256,36,214,1.08
06-11-2015,Dadra and Nagar Haveli and Daman and Diu,Daman,Loamy,7,0.36,131,27,235,0.86
09-10-2023,Meghalaya,Shillong,Loamy,5.6,0.18,268,38,276,1.12
05-08-2020,Uttarakhand,Dehradun,Loamy,7.5,0.89,147,43,263,1.17
24-04-2019,Nagaland,Kohima,Loamy,6.1,0.16,227,25,221,1.19
31-12-2017,Jammu and Kashmir,Srinagar,Loamy,6,0.33,200,23,330,0.84
31-07-2025,Manipur,Imphal,Loamy,6.7,0.28,126,22,328,0.74
02-12-2022,Uttarakhand,Dehradun,Loamy,6.8,0.97,196,46,320,0.76
23-08-2019,Mizoram,Aizawl,Loamy,6.2,0.6,222,24,303,1.05
03-12-2023,Arunachal Pradesh,Itanagar,Loamy,8.7,1.99,262,23,227,1.43
08-12-2021,Dadra and Nagar Haveli and Daman and Diu,Daman,Loamy,5.9,0.31,164,16,230,0.97
07-12-2023,Puducherry,Puducherry,Loamy,5.7,0.28,265,27,267,1.07
16-12-2018,Puducherry,Puducherry,Loamy,6.6,0.62,216,39,297,0.82
07-12-2020,Assam,Tinsukia,Laterite,5.9,0.49,129,21,139,0.74
08-08-2015,Mizoram,Aizawl,Loamy,7,0.68,188,45,192,0.9
22-02-2015,Maharashtra,Nagpur,Black,6.8,0.72,153,37,190,0.73
24-10-2019,Maharashtra,Mumbai,Red,7.2,0.9,138,19,234,0.66
14-01-2019,Jammu and Kashmir,Srinagar,Loamy,6.3,0.42,270,43,258,1.13
15-07-2024,Andhra Pradesh,Chittoor,Red,5.9,0.18,174,25,97,0.94
25-07-2019,Andaman and Nicobar Islands,Port Blair,Loamy,7.2,0.79,246,34,282,0.85
14-06-2018,Bihar,Muzaffarpur,Alluvial,7.5,0.98,298,25,263,1.3
06-09-2022,Delhi,New Delhi,Loamy,6.8,0.96,135,36,187,0.76
17-08-2022,Mizoram,Aizawl,Loamy,7.3,0.96,134,32,200,0.95
20-12-2016,West Bengal,Darjeeling,Alluvial,6.2,0.38,166,36,281,1.38
10-02-2016,Uttar Pradesh,Kanpur,Sandy,6.8,0.38,96,9,90,0.64
09-04-2022,Haryana,Hisar,Sandy,8.3,2.06,160,26,88,0.95
27-05-2023,Puducherry,Puducherry,Loamy,7.3,1.08,128,32,301,0.91
05-10-2021,Nagaland,Kohima,Loamy,6.6,0.36,204,18,257,0.87
22-07-2022,Dadra and Nagar Haveli and Daman and Diu,Daman,Loamy,6.6,0.27,204,17,226,0.75
13-04-2021,Uttarakhand,Dehradun,Loamy,8.3,1.97,171,40,383,1.34
13-03-2015,Meghalaya,Shillong,Loamy,6.5,0.54,141,32,230,0.76
28-01-2020,Jharkhand,Ranchi,Loamy,5.8,0.11,275,38,271,0.81
10-02-2021,Kerala,Thrissur,Red,6.2,0.5,80,30,194,0.99
15-08-2020,Sikkim,Gangtok,Loamy,7.7,1.44,267,34,287,1.03
14-05-2018,Meghalaya,Shillong,Loamy,6.3,0.49,230,38,352,0.92
17-04-2019,Kerala,Kozhikode,Red,5.7,0.54,149,14,229,0.77
30-01-2025,Karnataka,Hubli,Red,3.4,1.83,166,7,205,0.51
01-02-2023,Punjab,Patiala,Alluvial,6.5,1.03,248,51,345,0.87
22-01-2016,Andhra Pradesh,Guntur,Red,6,0.33,189,18,186,0.5
27-11-2019,Uttarakhand,Dehradun,Loamy,7,0.64,190,23,308,0.72
29-11-2016,Assam,Kamrup,Alluvial,6.6,0.04,237,20,385,1.12
14-08-2023,Kerala,Ernakulam,Red,6.5,1.15,190,24,172,0.69
15-04-2018,Chandigarh,Chandigarh,Loamy,6.6,0.74,129,28,284,1.19
06-04-2017,Himachal Pradesh,Mandi,Sandy Loam,6.8,0.52,63,13,163,0.71
28-12-2019,Andhra Pradesh,Chittoor,Alluvial,7.4,0.67,218,43,294,1.03
15-12-2015,Bihar,Patna,Alluvial,6.2,0.7,274,34,334,1.17
02-07-2018,Manipur,Imphal,Loamy,6.4,0.52,272,25,235,0.86
13-09-2025,Uttarakhand,Dehradun,Loamy,6.8,1.1,231,27,212,1.02
01-05-2025,Haryana,Faridabad,Alluvial,8.2,1.34,264,52,252,1.32
04-11-2015,Tamil Nadu,Madurai,Alluvial,6.7,0.6,223,39,207,1.05
09-05-2024,Manipur,Imphal,Loamy,6.4,0.06,240,42,179,1.17
24-02-2018,Uttarakhand,Dehradun,Loamy,6.6,0.71,267,22,249,0.95
14-05-2020,Dadra and Nagar Haveli and Daman and Diu,Daman,Loamy,7.3,0.68,223,27,346,0.94
23-05-2021,Haryana,Hisar,Sandy,6.1,0.24,130,15,144,0.51
04-02-2017,Chandigarh,Chandigarh,Loamy,6.9,0.05,252,15,269,0.96
25-12-2016,Nagaland,Kohima,Loamy,6.6,0.79,262,16,338,1.02
10-09-2022,Bihar,Muzaffarpur,Alluvial,7.8,0.86,178,44,266,1.25
08-06-2019,Sikkim,Gangtok,Loamy,7.2,0.98,184,20,341,1.24
28-09-2024,Assam,Tinsukia,Alluvial,7.4,2.12,187,37,311,1.42
18-01-2016,Manipur,Imphal,Loamy,7.3,0.8,195,32,307,1.28
09-07-2024,Jammu and Kashmir,Srinagar,Loamy,7.5,1.03,158,28,254,0.92
01-09-2021,Delhi,New Delhi,Loamy,6.8,1.14,242,30,314,1.2
08-06-2016,Maharashtra,Pune,Red,6.3,0.47,93,10,242,0.57
07-12-2024,Andhra Pradesh,Chittoor,Black,8,0.78,224,35,224,1.05
10-05-2022,Uttar Pradesh,Varanasi,Alluvial,7.4,0.49,282,23,308,0.97
05-03-2023,Haryana,Karnal,Sandy,5.7,0.48,125,4,110,0.59
14-02-2025,Meghalaya,Shillong,Loamy,6.7,1.13,205,36,360,0.8
03-10-2015,Jharkhand,Ranchi,Loamy,6.2,0.63,232,31,271,0.89
22-12-2021,Uttar Pradesh,Varanasi,Sandy,6.8,0.36,97,19,62,0.58
27-07-2022,West Bengal,Howrah,Alluvial,5.2,1.44,207,26,270,0.78
03-12-2015,Kerala,Thrissur,Red,5.8,0.52,91,16,225,0.46
27-05-2020,Punjab,Ludhiana,Alluvial,7.2,1.4,244,35,242,1.06
27-02-2023,Maharashtra,Nagpur,Red,5.3,0.38,105,19,158,0.71
25-04-2016,Jammu and Kashmir,Srinagar,Loamy,7.2,0.62,151,45,339,0.94
29-06-2017,Andaman and Nicobar Islands,Port Blair,Loamy,7.1,0.63,190,41,301,1.2
19-06-2020,Kerala,Ernakulam,Red,6.6,1.23,139,21,233,0.54
27-02-2024,Nagaland,Kohima,Loamy,6.8,0.22,218,26,290,1.09
27-07-2023,Arunachal Pradesh,Itanagar,Loamy,7.9,1.69,273,45,329,1.25
13-09-2018,Arunachal Pradesh,Itanagar,Loamy,6.5,0.25,172,36,342,0.79
26-07-2020,Mizoram,Aizawl,Loamy,7.2,0.92,189,31,242,0.81
21-10-2019,Jharkhand,Ranchi,Loamy,6,0.15,183,19,248,1.19
19-04-2015,Nagaland,Kohima,Loamy,7,0.32,247,21,242,0.88
04-03-2024,Sikkim,Gangtok,Loamy,7.2,1.5,284,39,288,1.27
15-04-2025,Odisha,Bhubaneswar,Laterite,6.1,0.62,168,21,203,0.66
24-11-2015,Andhra Pradesh,Visakhapatnam,Alluvial,7.3,0.57,205,46,399,0.84
05-12-2019,Telangana,Nizamabad,Black,6.6,0.72,118,34,233,0.64
11-11-2015,Ladakh,Leh,Sandy Loam,7.1,0.33,137,19,118,0.75
15-09-2024,Tripura,Agartala,Loamy,7.7,1.25,277,35,283,0.88
08-02-2018,Ladakh,Leh,Sandy Loam,7.3,0.6,108,11,88,0.48
09-07-2022,Dadra and Nagar Haveli and Daman and Diu,Daman,Loamy,6.3,0.01,250,30,272,1.16
19-02-2017,Dadra and Nagar Haveli and Daman and Diu,Daman,Loamy,6.4,0.25,194,31,277,0.79
14-01-2024,Arunachal Pradesh,Itanagar,Loamy,6.9,1.21,253,18,242,1.05
01-03-2019,Odisha,Bhubaneswar,Laterite,6.6,0.87,90,19,123,0.74
05-06-2015,Kerala,Kozhikode,Laterite,5.2,0.25,84,23,82,0.6
05-02-2019,Jharkhand,Ranchi,Loamy,8.4,1.6,138,33,233,1.17
21-09-2019,Dadra and Nagar Haveli and Daman and Diu,Daman,Loamy,6.8,0.02,218,39,337,0.9
26-02-2024,Sikkim,Gangtok,Loamy,6.6,0.11,208,33,234,0.9
05-06-2017,Tamil Nadu,Coimbatore,Red,6.2,0.02,172,11,126,0.82
01-06-2023,Tamil Nadu,Madurai,Red,6.5,1.29,181,19,125,0.57
06-09-2022,Manipur,Imphal,Loamy,6.9,0.82,136,24,365,0.85
22-12-2016,Uttar Pradesh,Kanpur,Sandy,6.1,0.46,112,13,96,0.66
22-10-2024,Assam,Cachar,Laterite,4.8,0.06,82,15,151,0.76
01-07-2017,Tamil Nadu,Coimbatore,Alluvial,7.3,0.94,285,33,332,1.32
11-03-2024,Punjab,Amritsar,Alluvial,7.8,1.22,285,39,321,1.28
20-05-2017,Haryana,Faridabad,Alluvial,6.5,0.67,165,46,352,1.05
13-01-2015,Nagaland,Kohima,Loamy,7,0.32,195,23,337,0.95
09-04-2022,Goa,North Goa,Loamy,5.9,0.46,163,20,283,1.18
12-05-2016,Uttarakhand,Dehradun,Loamy,6.4,0.63,207,29,271,1.23
23-10-2019,Ladakh,Leh,Sandy Loam,5.8,0.04,102,11,80,0.76
04-04-2021,Manipur,Imphal,Loamy,7.3,1.43,276,49,332,1.24
22-01-2018,Chhattisgarh,Raipur,Loamy,7,0.78,217,45,319,1.11
02-05-2024,Himachal Pradesh,Shimla,Loamy,7.5,0.94,212,45,202,1.28
29-09-2022,Gujarat,Rajkot,Sandy,6.6,0.14,88,6,51,0.75
09-04-2018,Punjab,Amritsar,Alluvial,5.9,0.02,285,37,227,1.25
27-06-2020,Jharkhand,Ranchi,Loamy,7.7,1.19,196,42,324,0.8
07-04-2022,Uttar Pradesh,Kanpur,Sandy,6.4,0.6,95,15,70,0.42
01-06-2022,Bihar,Muzaffarpur,Alluvial,9.3,2.32,291,54,433,1.67
06-07-2019,Telangana,Warangal,Red,6.2,0.76,181,30,184,0.68
10-05-2019,Maharashtra,Nagpur,Red,6.4,0.4,160,26,226,0.55
06-12-2022,Andhra Pradesh,Visakhapatnam,Black,7.3,0.1,228,24,178,1.05
03-03-2023,Mizoram,Aizawl,Loamy,6.3,0.54,211,26,213,0.95
30-01-2019,Telangana,Warangal,Red,5.9,0.62,149,30,115,0.98
29-04-2022,Uttarakhand,Dehradun,Loamy,5.7,0.22,129,42,315,0.69
23-05-2015,Gujarat,Ahmedabad,Black,7.2,0.68,170,33,220,0.71
09-05-2018,Himachal Pradesh,Shimla,Loamy,5.6,0.03,184,33,316,0.8
26-11-2023,Jammu and Kashmir,Srinagar,Loamy,5.9,0.65,216,25,205,0.69
24-07-2022,Kerala,Thrissur,Laterite,6,0.54,93,18,143,0.82
28-05-2024,Rajasthan,Udaipur,Desert,6.3,1.24,78,1,18,0.11
01-12-2021,Assam,Dibrugarh,Laterite,6.6,0.62,110,16,94,0.84
18-07-2016,Manipur,Imphal,Loamy,7,0.42,211,35,233,1.04
23-11-2021,Rajasthan,Udaipur,Desert,6.1,0.67,61,4,40,0.44
28-08-2021,Jharkhand,Ranchi,Loamy,5.2,0.25,164,19,229,0.94
12-09-2019,Delhi,New Delhi,Loamy,5.9,0.53,235,15,230,0.7
21-02-2023,Goa,North Goa,Loamy,6.3,0.05,121,30,341,1.02
21-02-2016,Arunachal Pradesh,Itanagar,Loamy,7.1,0.39,193,29,344,0.92
23-01-2020,Andaman and Nicobar Islands,Port Blair,Loamy,6.3,0.37,148,16,305,1.01
13-06-2021,Delhi,New Delhi,Loamy,7.1,0.9,271,20,218,1.05
20-05-2022,Bihar,Gaya,Alluvial,8.1,1.61,225,54,225,1.49
14-09-2019,Bihar,Patna,Alluvial,6.8,1.12,187,44,292,1.1
22-10-2018,Andaman and Nicobar Islands,Port Blair,Loamy,6.3,0.57,143,33,222,1.06
31-05-2023,Punjab,Ludhiana,Alluvial,7.2,0.51,178,22,204,1.36
03-12-2017,Tamil Nadu,Madurai,Alluvial,6.2,0.54,295,42,361,1.22
18-08-2022,Nagaland,Kohima,Loamy,6,0.02,119,13,290,0.83
10-02-2020,Tripura,Agartala,Loamy,7.4,1.46,195,27,237,0.85
26-01-2018,Andhra Pradesh,Guntur,Alluvial,6,0.21,190,28,276,1.21
19-05-2025,Manipur,Imphal,Loamy,6.2,0.35,271,20,316,0.74
12-07-2018,Puducherry,Puducherry,Loamy,7.3,0.9,179,29,184,0.87
07-08-2025,Punjab,Patiala,Alluvial,5.8,0.09,246,29,238,1.14
12-12-2019,Uttarakhand,Dehradun,Loamy,5.3,0.24,197,21,228,1.14
27-12-2020,Sikkim,Gangtok,Loamy,6.7,0.64,157,41,310,1.28
13-02-2019,Chhattisgarh,Raipur,Loamy,5.9,0.27,194,34,293,1.22
22-01-2024,Puducherry,Puducherry,Loamy,4.9,1.79,206,12,245,0.59
10-04-2023,Assam,Cachar,Laterite,5.6,0.25,69,16,192,0.55
13-10-2017,Mizoram,Aizawl,Loamy,7,0.56,201,17,353,0.91
10-08-2017,Telangana,Nizamabad,Red,5.6,0.14,127,18,198,0.89
30-01-2023,Telangana,Warangal,Black,7,0.29,222,18,173,0.63
13-03-2015,Assam,Tinsukia,Laterite,5.3,0.27,108,20,87,0.93
18-08-2019,Gujarat,Rajkot,Sandy,6.4,0.64,54,9,103,0.61
06-12-2023,Tripura,Agartala,Loamy,4.9,0.62,137,12,214,0.9
15-07-2018,Assam,Kamrup,Laterite,5.6,0.21,154,13,169,0.95
06-09-2018,Manipur,Imphal,Loamy,7,0.68,217,29,207,1.17
24-11-2020,Andaman and Nicobar Islands,Port Blair,Loamy,7.6,1.55,261,31,359,1.39
17-01-2024,Andaman and Nicobar Islands,Port Blair,Loamy,6.6,0.01,253,29,216,0.72
11-07-2023,Jharkhand,Ranchi,Loamy,5.5,0.24,248,34,204,0.66
01-05-2025,Lakshadweep,Kavaratti,Loamy,6.2,0.25,270,38,332,0.8
01-06-2017,Tamil Nadu,Coimbatore,Red,5.6,0.51,187,16,230,0.42
19-05-2015,Himachal Pradesh,Kangra,Sandy Loam,6.9,0.31,88,21,93,0.61
16-04-2022,Maharashtra,Nashik,Red,5.9,0.05,97,15,151,0.58
12-04-2025,Bihar,Patna,Alluvial,8,1.51,293,35,226,1.41
20-12-2022,Punjab,Amritsar,Alluvial,6.8,0.24,267,27,197,1.25
09-05-2021,West Bengal,Darjeeling,Red,6.7,1.11,173,20,132,0.72
13-02-2019,Maharashtra,Mumbai,Red,6.1,0.19,85,17,197,0.56
29-09-2021,Puducherry,Puducherry,Loamy,6.6,0.65,256,40,182,0.96
28-12-2021,Madhya Pradesh,Bhopal,Black,7.1,1.24,232,24,202,0.94
02-01-2017,Dadra and Nagar Haveli and Daman and Diu,Daman,Loamy,7.2,0.73,189,16,282,0.92
15-10-2019,Delhi,New Delhi,Loamy,6.4,0.32,236,37,291,1.2
29-09-2025,West Bengal,Howrah,Red,4.4,1.02,121,4,205,0.56
28-02-2016,Tripura,Agartala,Loamy,6.4,0.42,191,29,257,1.03
10-07-2024,Lakshadweep,Kavaratti,Loamy,5.1,1.49,232,13,189,0.88
11-05-2019,Himachal Pradesh,Shimla,Loamy,7.2,0.79,222,21,204,1.17
25-01-2016,West Bengal,Howrah,Red,6.5,0.75,81,18,104,0.63
08-12-2015,Dadra and Nagar Haveli and Daman and Diu,Daman,Loamy,6.4,0.66,186,31,324,0.8
03-08-2017,Mizoram,Aizawl,Loamy,6.2,0.38,241,27,189,1.28
05-09-2016,Tamil Nadu,Madurai,Alluvial,6.8,0.63,300,38,246,1.49
07-05-2016,Madhya Pradesh,Bhopal,Red,6.3,0.31,150,12,181,0.9
11-07-2015,Jharkhand,Ranchi,Loamy,7.1,0.76,176,30,357,0.81
13-05-2016,Meghalaya,Shillong,Loamy,6.4,0.58,137,23,279,0.84
01-04-2017,Goa,North Goa,Loamy,5.9,0.47,209,39,240,0.69
02-10-2019,Karnataka,Hubli,Laterite,5.6,1.05,120,27,190,0.56
10-06-2018,Assam,Tinsukia,Laterite,5.6,0.31,76,11,129,0.81
22-05-2020,West Bengal,Kolkata,Red,6,0.67,128,24,168,0.93
15-08-2015,Manipur,Imphal,Loamy,6.6,0.72,177,31,290,0.77
26-10-2018,Madhya Pradesh,Bhopal,Black,6.8,0.07,127,19,162,0.6
26-12-2020,Mizoram,Aizawl,Loamy,7.1,0.71,176,33,341,0.85
13-12-2022,Gujarat,Vadodara,Sandy,6.6,0.42,144,14,130,0.36
27-03-2017,West Bengal,Howrah,Red,6.6,0.85,153,17,185,0.85
26-10-2023,Madhya Pradesh,Bhopal,Red,5.3,0.6,90,17,105,0.46
22-09-2023,Mizoram,Aizawl,Loamy,7.4,0.63,253,24,274,1.18
13-01-2019,Manipur,Imphal,Loamy,6.4,0.21,263,32,343,1.19
22-12-2017,Ladakh,Leh,Sandy Loam,7.2,0.38,93,23,152,0.76
14-04-2015,West Bengal,Darjeeling,Red,5.5,0.21,163,16,109,0.57
18-02-2020,Manipur,Imphal,Loamy,6.7,0.65,171,15,237,1.27
20-05-2017,Karnataka,Belgaum,Laterite,6,0.68,156,13,173,0.67
29-10-2016,Dadra and Nagar Haveli and Daman and Diu,Daman,Loamy,6,0.33,134,40,232,1.08
04-08-2020,Bihar,Patna,Alluvial,6.1,0.03,253,37,236,1.19
30-09-2015,Jammu and Kashmir,Srinagar,Loamy,6.2,0.55,194,34,193,1.19
26-10-2017,Puducherry,Puducherry,Loamy,6.4,0.84,237,27,350,1.18
24-10-2023,Uttarakhand,Dehradun,Loamy,5,0.32,141,18,161,0.61
09-02-2021,Jharkhand,Ranchi,Loamy,6.1,0.56,243,37,325,0.79
17-11-2017,Chandigarh,Chandigarh,Loamy,6.5,0.27,237,26,280,1.13
23-04-2019,Punjab,Patiala,Alluvial,7,0.38,227,48,300,1.14
26-09-2023,Andaman and Nicobar Islands,Port Blair,Loamy,6,0.43,185,26,200,0.91
20-10-2015,Andaman and Nicobar Islands,Port Blair,Loamy,6.5,0.61,182,28,229,0.78
04-06-2024,Tamil Nadu,Coimbatore,Red,5.7,0.29,97,23,141,0.76
29-01-2024,Rajasthan,Udaipur,Sandy,6.6,0.25,95,14,76,0.31
30-12-2024,Jharkhand,Ranchi,Loamy,7.7,1.82,212,30,330,1.39
25-05-2025,Kerala,Ernakulam,Laterite,7.7,2.18,99,20,131,1.01
03-01-2024,Chandigarh,Chandigarh,Loamy,5.9,0.23,251,18,206,0.86
02-02-2021,Delhi,New Delhi,Loamy,4.9,0.87,226,32,189,0.66
24-03-2024,Nagaland,Kohima,Loamy,5.2,0.47,174,28,292,0.74
05-04-2025,Maharashtra,Nashik,Red,6.2,0.17,129,21,136,0.77
06-10-2020,Sikkim,Gangtok,Loamy,6.1,0.17,218,21,227,0.8
16-07-2018,Rajasthan,Jodhpur,Desert,7.2,0.17,96,15,79,0.44
04-11-2015,Andhra Pradesh,Krishna,Alluvial,6.5,0.77,286,27,341,1.25
20-12-2024,Manipur,Imphal,Loamy,8,1.92,240,37,356,0.98
13-03-2024,Ladakh,Leh,Sandy Loam,8.2,1.56,126,22,157,0.84
03-09-2017,Sikkim,Gangtok,Loamy,7.1,0.65,200,27,191,1.09
12-09-2023,Lakshadweep,Kavaratti,Loamy,8.1,1.68,143,44,256,1.16
05-06-2018,Delhi,New Delhi,Loamy,6.7,0.74,223,41,316,1.3
24-06-2018,Tamil Nadu,Chennai,Alluvial,7.3,0.3,240,48,241,1.39
10-07-2022,Arunachal Pradesh,Itanagar,Loamy,7.4,1.02,254,24,259,1.19
26-02-2019,Arunachal Pradesh,Itanagar,Loamy,6.3,0.52,215,35,231,0.78
31-10-2020,Andaman and Nicobar Islands,Port Blair,Loamy,6,0.02,145,32,235,1.2
24-04-2018,Assam,Tinsukia,Alluvial,7.5,0.78,259,22,245,1.46
18-04-2021,Gujarat,Ahmedabad,Sandy,6.4,0.05,113,6,135,0.6
10-10-2018,Ladakh,Leh,Sandy Loam,6.4,0.53,66,7,64,0.58
09-11-2019,Andaman and Nicobar Islands,Port Blair,Loamy,6.1,0.09,233,29,322,1.17
16-09-2019,Ladakh,Leh,Sandy Loam,6.4,0.14,159,15,152,0.8
04-08-2020,Tamil Nadu,Madurai,Alluvial,7,0.27,153,45,349,1.18
06-03-2017,Meghalaya,Shillong,Loamy,6.1,0.53,207,43,351,1.04
15-06-2017,Dadra and Nagar Haveli and Daman and Diu,Daman,Loamy,7,0.67,240,28,249,0.85
15-05-2020,Puducherry,Puducherry,Loamy,6.4,0.23,151,37,175,0.88
29-07-2015,Andhra Pradesh,Visakhapatnam,Black,7.7,0.76,160,38,330,0.63
03-11-2022,Nagaland,Kohima,Loamy,6.9,0.52,126,29,306,0.85
15-08-2025,Manipur,Imphal,Loamy,5.9,0.48,154,22,332,1.15
10-04-2022,Mizoram,Aizawl,Loamy,7,0.79,187,30,319,1.1
30-10-2021,Jharkhand,Ranchi,Loamy,6.7,0.23,236,37,186,0.9
12-11-2021,Punjab,Patiala,Alluvial,6.8,0.52,167,28,253,1.08
25-08-2017,Goa,North Goa,Loamy,6.3,0.5,256,23,284,0.83
16-04-2016,Haryana,Hisar,Sandy,5.9,0.31,94,10,66,0.53
19-05-2025,Puducherry,Puducherry,Loamy,6.7,0.39,196,22,274,1.17
14-08-2021,Lakshadweep,Kavaratti,Loamy,6.5,0.35,271,23,282,0.93
26-01-2023,Bihar,Muzaffarpur,Alluvial,5.8,0.05,248,41,315,1.11
03-10-2024,Punjab,Amritsar,Alluvial,7.5,0.6,198,34,300,1.01
11-07-2017,Telangana,Nizamabad,Black,7,0.86,238,23,228,1.09
17-05-2015,Telangana,Hyderabad,Black,6.8,0.36,135,34,337,1.04
02-01-2016,Uttar Pradesh,Lucknow,Sandy,6.7,0.65,135,16,57,0.46
07-02-2023,Tripura,Agartala,Loamy,5.6,0.07,230,32,240,0.82
03-07-2015,Ladakh,Leh,Sandy Loam,6.3,0.28,81,15,87,0.57
07-01-2025,Gujarat,Rajkot,Black,7.6,0.95,212,35,344,0.78
12-03-2024,Jharkhand,Ranchi,Loamy,7.8,1.61,133,30,275,1.27
24-11-2021,Kerala,Ernakulam,Red,6.7,0.29,94,30,224,0.82
30-10-2018,Andhra Pradesh,Chittoor,Red,6,0.58,190,24,159,0.74
25-05-2022,Tripura,Agartala,Loamy,6.2,0.45,184,31,231,0.99
28-08-2022,Meghalaya,Shillong,Loamy,6,0.11,254,21,281,1
20-06-2016,Chhattisgarh,Raipur,Loamy,6.5,0.68,125,38,254,1.03
22-10-2024,Odisha,Bhubaneswar,Laterite,7.2,1.46,87,26,195,0.84
20-10-2022,Bihar,Gaya,Alluvial,5.9,0.38,237,38,345,0.85
22-05-2019,Goa,North Goa,Loamy,6.3,0.36,208,16,283,0.74
27-06-2018,Uttar Pradesh,Lucknow,Alluvial,7.3,0.41,174,42,340,1.2
15-02-2023,Himachal Pradesh,Kangra,Sandy Loam,5.8,1.01,131,6,65,0.67
01-01-2022,Maharashtra,Mumbai,Black,6.2,0.02,117,35,261,1
01-05-2022,Himachal Pradesh,Kangra,Sandy Loam,7.8,1.49,147,21,147,0.81
08-05-2023,Manipur,Imphal,Loamy,6.7,0.35,194,24,245,0.99
01-01-2018,Punjab,Patiala,Alluvial,6.8,0.66,183,42,326,1.51
29-07-2018,Haryana,Hisar,Alluvial,6.6,0.04,219,37,284,0.99
04-07-2017,Lakshadweep,Kavaratti,Loamy,6.9,0.74,165,39,251,0.99
24-05-2024,Rajasthan,Udaipur,Desert,7.7,0.83,125,15,123,0.44
09-06-2023,Odisha,Bhubaneswar,Red,4.6,0.7,75,15,176,0.55
27-12-2023,Andaman and Nicobar Islands,Port Blair,Loamy,4.6,0.97,193,37,213,0.96
11-09-2025,Dadra and Nagar Haveli and Daman and Diu,Daman,Loamy,7.6,1.12,275,28,368,0.77
01-06-2015,Goa,North Goa,Loamy,6.3,0.36,124,17,278,1.2
25-10-2017,Bihar,Gaya,Alluvial,6.2,0.38,152,29,386,1
03-05-2018,Andaman and Nicobar Islands,Port Blair,Loamy,5.8,0.01,150,17,315,0.95
31-05-2020,Assam,Kamrup,Laterite,5.7,0.23,92,11,87,0.58
08-03-2024,Andhra Pradesh,Visakhapatnam,Black,6.6,0.28,173,30,182,0.88
16-11-2021,Manipur,Imphal,Loamy,7.2,0.79,279,34,307,1.01
20-09-2023,Rajasthan,Udaipur,Desert,7.8,0.07,108,11,101,0.2
28-09-2015,Dadra and Nagar Haveli and Daman and Diu,Daman,Loamy,6.3,0.72,171,36,359,0.81
01-04-2018,Gujarat,Rajkot,Sandy,5.8,0,66,10,141,0.43
04-04-2016,Mizoram,Aizawl,Loamy,7,0.47,162,25,202,1.1
15-04-2015,Odisha,Bhubaneswar,Laterite,5.5,0.46,88,20,90,0.7
22-04-2025,Assam,Cachar,Laterite,6.1,0.73,161,19,190,0.77
06-12-2024,Chandigarh,Chandigarh,Loamy,8.7,2.22,287,30,379,1
07-03-2024,Jammu and Kashmir,Srinagar,Loamy,6.8,0.82,250,24,360,0.76
07-09-2019,Andaman and Nicobar Islands,Port Blair,Loamy,7.2,0.6,138,45,297,1.27
18-01-2021,Maharashtra,Mumbai,Black,8.2,1.21,199,27,190,1.06
26-07-2021,Jammu and Kashmir,Srinagar,Loamy,6.2,0.48,137,35,284,0.99
09-03-2016,West Bengal,Howrah,Alluvial,6.9,0.5,272,31,331,1.09
09-12-2022,Chandigarh,Chandigarh,Loamy,7.1,0.31,136,23,336,0.87
20-05-2015,Uttar Pradesh,Lucknow,Sandy,6.4,0.22,149,20,98,0.69
03-02-2019,Gujarat,Surat,Black,7.2,0.24,131,37,194,0.61
09-10-2023,Dadra and Nagar Haveli and Daman and Diu,Daman,Loamy,5.9,0.6,182,13,172,0.87
28-03-2015,Chhattisgarh,Raipur,Loamy,7.2,0.5,216,18,339,1.18
08-09-2019,Jammu and Kashmir,Srinagar,Loamy,5.8,0.45,180,20,342,0.91
08-02-2021,Maharashtra,Pune,Black,6.1,0,173,20,195,0.65
12-08-2021,Ladakh,Leh,Sandy Loam,6.1,0.32,134,23,112,0.82
09-05-2015,Uttarakhand,Dehradun,Loamy,6.2,0.69,200,31,335,1.14
23-06-2018,Telangana,Nizamabad,Black,7.2,0.04,164,28,231,0.8
20-01-2025,Andaman and Nicobar Islands,Port Blair,Loamy,7.6,1.6,163,28,261,1.08
21-05-2019,Sikkim,Gangtok,Loamy,5.9,0.55,263,34,233,0.91
31-10-2016,Haryana,Faridabad,Sandy,6.5,0.37,90,13,141,0.46
11-06-2024,Manipur,Imphal,Loamy,7.8,1.58,278,45,333,1.17
29-05-2015,Chhattisgarh,Raipur,Loamy,6.3,0.52,234,35,252,0.81
11-09-2017,Bihar,Purnia,Alluvial,6.5,0.13,186,29,337,1.13
01-05-2017,Karnataka,Hubli,Laterite,6.2,0.56,118,23,104,0.85
27-12-2018,Nagaland,Kohima,Loamy,5.9,0.23,268,30,235,1.17
19-09-2016,Chandigarh,Chandigarh,Loamy,6.9,0.64,147,27,324,0.85
25-05-2025,Manipur,Imphal,Loamy,7,0.57,196,18,265,1.08
01-02-2019,Goa,North Goa,Loamy,5.6,0.37,235,34,251,0.85
29-10-2021,Meghalaya,Shillong,Loamy,7.6,1.4,235,28,338,0.97
06-08-2020,Himachal Pradesh,Shimla,Sandy Loam,6.6,0.16,78,20,137,0.57
22-09-2024,Puducherry,Puducherry,Loamy,7,0.26,134,36,312,0.71
02-06-2017,Uttarakhand,Dehradun,Loamy,7.2,0.47,217,22,254,0.87
30-05-2021,Madhya Pradesh,Bhopal,Red,6.5,0.63,120,13,181,0.62
24-11-2019,Ladakh,Leh,Sandy Loam,6,0.3,131,17,65,0.85
20-10-2023,Uttarakhand,Dehradun,Loamy,8.6,2.23,273,51,320,1.41
07-09-2015,Himachal Pradesh,Shimla,Loamy,6.4,0.32,269,19,334,0.9
04-01-2023,Chhattisgarh,Raipur,Loamy,6.5,0.02,209,37,274,0.84
05-08-2017,Sikkim,Gangtok,Loamy,6.9,0.48,200,22,256,1.06
01-09-2017,Dadra and Nagar Haveli and Daman and Diu,Daman,Loamy,6,0.37,157,34,287,0.87
18-08-2018,Assam,Dibrugarh,Laterite,5.3,0.46,138,24,111,0.6
24-06-2023,Chandigarh,Chandigarh,Loamy,5.3,0.47,214,30,199,0.68
07-10-2022,Rajasthan,Udaipur,Sandy,6,0.65,117,2,115,0.53
10-09-2017,Jammu and Kashmir,Srinagar,Loamy,6.4,0.47,227,20,340,0.99
07-06-2017,Goa,North Goa,Loamy,6.6,0.54,178,37,332,1.21
16-01-2023,West Bengal,Darjeeling,Alluvial,7.5,1.95,193,27,281,1.13
18-10-2020,Lakshadweep,Kavaratti,Loamy,6.4,0.76,163,34,284,1.14
26-04-2022,Tripura,Agartala,Loamy,7.6,1.05,230,45,288,0.94
24-05-2017,Lakshadweep,Kavaratti,Loamy,7.2,0.97,242,44,323,1.24
19-09-2023,Jammu and Kashmir,Srinagar,Loamy,6.2,0.18,270,39,311,1.07
28-05-2024,Sikkim,Gangtok,Loamy,6.7,1.15,144,40,353,0.87
19-08-2018,Telangana,Warangal,Red,5.2,0,144,19,172,0.47
15-04-2016,Chandigarh,Chandigarh,Loamy,6.2,0.57,165,22,215,0.81
10-06-2020,Lakshadweep,Kavaratti,Loamy,6.9,0.88,179,19,205,1.27
01-04-2015,Dadra and Nagar Haveli and Daman and Diu,Daman,Loamy,7.1,0.55,197,43,265,0.93
13-06-2016,Tamil Nadu,Chennai,Alluvial,7.1,0.99,297,44,304,1.44
22-10-2016,Delhi,New Delhi,Loamy,6.4,0.81,166,39,258,0.96
08-01-2017,Tripura,Agartala,Loamy,6.7,0.3,232,40,200,0.97
05-08-2022,Ladakh,Leh,Sandy Loam,5.8,0.47,61,20,112,0.39
21-05-2017,Telangana,Nizamabad,Red,6.4,0.25,87,13,196,0.87
14-08-2019,Dadra and Nagar Haveli and Daman and Diu,Daman,Loamy,6.2,0.63,151,18,271,1.1
11-07-2015,Madhya Pradesh,Bhopal,Black,6.6,0.38,240,21,302,1.05
09-06-2020,Jharkhand,Ranchi,Loamy,5.8,0.06,176,27,316,0.95
02-12-2024,Tamil Nadu,Coimbatore,Red,6.2,0.03,99,17,211,0.47
27-01-2024,Nagaland,Kohima,Loamy,6.3,0.89,135,28,316,1.28
25-12-2020,Lakshadweep,Kavaratti,Loamy,6.6,0.94,154,17,190,1.12
11-12-2015,Delhi,New Delhi,Loamy,6.2,0.48,224,34,332,0.96
26-11-2023,Ladakh,Leh,Sandy Loam,6.6,0.23,110,7,121,0.64
05-10-2017,West Bengal,Howrah,Alluvial,7,0.72,267,31,230,1.43
11-05-2025,Meghalaya,Shillong,Loamy,8.1,1.47,288,29,211,1.14
25-12-2021,Meghalaya,Shillong,Loamy,6.2,0.49,238,41,229,1
22-07-2015,Nagaland,Kohima,Loamy,7.2,0.53,142,42,269,0.91
26-07-2016,Haryana,Faridabad,Sandy,6.8,0.38,100,16,85,0.67
11-07-2015,Meghalaya,Shillong,Loamy,6.1,0.4,260,24,217,0.75
14-08-2020,Karnataka,Mysore,Laterite,5.4,0.24,153,9,109,0.56
28-03-2020,Goa,North Goa,Loamy,6,0.27,264,24,249,0.98
22-01-2024,Andhra Pradesh,Chittoor,Black,8.5,1.13,152,26,253,1.16
13-09-2019,Kerala,Thrissur,Red,6.1,0.85,107,25,225,0.94
07-11-2015,West Bengal,Darjeeling,Alluvial,7.2,0.39,172,45,282,1.2
09-02-2022,Mizoram,Aizawl,Loamy,7.2,0.45,210,32,337,0.91
04-10-2020,Andhra Pradesh,Visakhapatnam,Red,6,0.68,135,15,230,0.68
18-03-2016,Lakshadweep,Kavaratti,Loamy,6.1,0.12,132,43,354,1.21
14-06-2018,Haryana,Hisar,Alluvial,7.7,0.79,242,51,264,1.31
19-05-2017,Telangana,Nizamabad,Red,6.3,0.39,138,19,177,0.49
13-12-2023,Jharkhand,Ranchi,Loamy,7.7,0.91,148,28,281,0.87
07-08-2016,Jharkhand,Ranchi,Loamy,6.7,0.73,130,38,351,0.87
14-05-2019,Ladakh,Leh,Sandy Loam,6.8,0.23,88,21,78,0.88
31-08-2022,Tripura,Agartala,Loamy,7.4,1.41,152,44,305,1.37
18-03-2019,Jharkhand,Ranchi,Loamy,6.5,0.1,161,13,215,0.8
21-08-2024,Odisha,Bhubaneswar,Laterite,6.6,1.46,145,19,179,0.68
26-12-2015,Manipur,Imphal,Loamy,6.9,0.45,148,43,259,0.99
20-09-2019,Meghalaya,Shillong,Loamy,7.5,0.82,140,34,287,1.2
06-11-2022,Arunachal Pradesh,Itanagar,Loamy,6.8,0.46,245,20,269,0.74
08-09-2020,Andaman and Nicobar Islands,Port Blair,Loamy,6.8,0.49,275,32,277,1.29
08-12-2019,Bihar,Patna,Alluvial,6.9,1.44,174,47,392,1.1
04-07-2020,Andaman and Nicobar Islands,Port Blair,Loamy,7,0.53,211,27,266,1.24
25-11-2020,Dadra and Nagar Haveli and Daman and Diu,Daman,Loamy,6.6,0.32,172,30,216,1.04
23-04-2017,Mizoram,Aizawl,Loamy,7,0.75,192,39,240,0.99
14-06-2019,Jharkhand,Ranchi,Loamy,6.8,0.68,172,25,349,1.04
27-07-2022,Uttarakhand,Dehradun,Loamy,5.7,0.29,139,38,256,1.11
09-06-2017,Manipur,Imphal,Loamy,6.1,0.52,141,38,223,0.84
14-06-2020,Dadra and Nagar Haveli and Daman and Diu,Daman,Loamy,6,0.29,264,40,191,0.82
05-06-2020,Rajasthan,Udaipur,Sandy,6.9,0.97,68,17,88,0.62
17-08-2017,Uttar Pradesh,Kanpur,Alluvial,6.9,1.1,226,51,257,1.37
08-01-2019,Ladakh,Leh,Sandy Loam,7.3,0.68,129,26,101,0.45
19-01-2023,Mizoram,Aizawl,Loamy,7.2,0.76,232,26,195,1.2
01-01-2019,Assam,Tinsukia,Laterite,6,0.11,163,19,192,0.73
01-01-2017,Maharashtra,Nashik,Red,5.5,0.2,150,17,115,0.54
28-08-2016,Madhya Pradesh,Bhopal,Red,6.9,0.44,125,21,121,0.83
09-11-2021,Uttarakhand,Dehradun,Loamy,5,1.1,209,16,209,0.64
06-09-2016,Andhra Pradesh,Chittoor,Alluvial,6.2,0.05,151,25,245,1.12
03-06-2025,Mizoram,Aizawl,Loamy,6.7,1.13,200,36,226,0.99
08-07-2022,Puducherry,Puducherry,Loamy,5.3,0.43,243,25,319,1.03
27-06-2020,Maharashtra,Nagpur,Black,7,1.07,209,31,325,0.82
16-09-2019,Mizoram,Aizawl,Loamy,6.9,0.76,122,36,185,1.17
06-10-2024,Assam,Dibrugarh,Laterite,5.5,0.1,120,18,76,0.86
04-11-2016,Puducherry,Puducherry,Loamy,6.6,0.68,151,24,299,0.95
24-06-2018,Tripura,Agartala,Loamy,5.9,0.18,130,37,266,0.78
03-02-2022,Arunachal Pradesh,Itanagar,Loamy,6,0.08,178,22,319,0.97
07-05-2019,Puducherry,Puducherry,Loamy,6.7,0.26,233,28,244,1.25
14-12-2022,Uttar Pradesh,Lucknow,Alluvial,5.7,0.61,258,38,334,0.95
31-05-2019,Dadra and Nagar Haveli and Daman and Diu,Daman,Loamy,6.1,0.24,136,38,269,1.17
15-06-2017,Himachal Pradesh,Shimla,Loamy,6,0.66,174,26,342,1.24
02-01-2019,Chandigarh,Chandigarh,Loamy,6.8,0.84,125,31,292,0.91
05-10-2015,Punjab,Amritsar,Alluvial,6.4,0.72,246,45,372,1.1
05-07-2016,Rajasthan,Jaipur,Desert,7.3,0.26,104,12,84,0.37
25-06-2019,Andaman and Nicobar Islands,Port Blair,Loamy,6.6,0.46,144,32,234,0.86
28-11-2020,Tripura,Agartala,Loamy,6.2,0.36,246,18,341,0.83
29-08-2021,Tripura,Agartala,Loamy,7.4,1.14,178,47,238,1.3
09-09-2025,Himachal Pradesh,Shimla,Loamy,7.1,0.87,251,41,226,1.25
30-01-2017,Uttar Pradesh,Varanasi,Alluvial,7.2,0.33,161,48,311,1.11
07-12-2023,Meghalaya,Shillong,Loamy,6.4,0.47,256,34,310,0.79
01-10-2024,Kerala,Ernakulam,Red,7.5,1.52,209,18,141,0.66
04-07-2022,Telangana,Nizamabad,Red,5.2,1.04,186,23,99,0.51
20-12-2018,Uttar Pradesh,Varanasi,Alluvial,6.7,0.57,154,49,386,1.19
09-02-2016,Punjab,Patiala,Alluvial,6.6,0.4,151,41,297,0.99
20-09-2018,Himachal Pradesh,Mandi,Sandy Loam,6.4,0.2,93,11,156,0.69
17-05-2018,Tamil Nadu,Chennai,Red,6.3,0.41,88,11,162,0.95
22-01-2015,Andaman and Nicobar Islands,Port Blair,Loamy,6.1,0.66,159,31,233,1.13
08-11-2016,Dadra and Nagar Haveli and Daman and Diu,Daman,Loamy,6.5,0.54,159,23,212,1.03
12-04-2022,Odisha,Bhubaneswar,Red,5.9,0.03,148,9,240,0.81
21-07-2020,Punjab,Ludhiana,Alluvial,6.4,0.41,277,29,216,0.94
16-05-2018,Tamil Nadu,Madurai,Alluvial,7,0.91,225,44,269,1.24
17-08-2020,Uttarakhand,Dehradun,Loamy,6.4,0.29,244,21,242,0.79
12-07-2022,Chandigarh,Chandigarh,Loamy,5.9,0.11,168,21,285,1.23
16-04-2025,Rajasthan,Jaipur,Desert,8,1.27,59,13,92,0.58
14-12-2019,Jammu and Kashmir,Srinagar,Loamy,6.7,0.11,228,18,346,0.67
12-06-2016,Gujarat,Vadodara,Sandy,6.3,0.49,136,20,70,0.47
30-07-2020,Sikkim,Gangtok,Loamy,6.6,0.3,218,34,288,1.07
03-04-2022,Jharkhand,Ranchi,Loamy,7.8,1.78,255,44,356,1
04-08-2019,Tamil Nadu,Madurai,Red,6.4,0.79,139,29,156,0.63
18-10-2016,Manipur,Imphal,Loamy,6.3,0.35,217,22,347,0.9
15-06-2015,Chandigarh,Chandigarh,Loamy,7.2,0.51,210,38,211,0.72
28-04-2017,Puducherry,Puducherry,Loamy,6.8,0.79,168,30,295,1.31
10-05-2016,Madhya Pradesh,Bhopal,Red,5.4,0.25,122,19,215,0.85
12-08-2016,Bihar,Muzaffarpur,Alluvial,7.5,0.59,204,26,376,1.28
04-03-2016,Nagaland,Kohima,Loamy,6.2,0.76,172,30,237,0.98
22-09-2022,Tamil Nadu,Coimbatore,Red,6.5,0.01,111,16,119,0.81
12-06-2015,Delhi,New Delhi,Loamy,6.8,0.32,223,31,195,0.77
10-08-2021,Puducherry,Puducherry,Loamy,5.4,0.64,179,29,186,0.99
06-11-2024,Puducherry,Puducherry,Loamy,5.3,0.65,137,13,286,0.99
16-06-2018,Ladakh,Leh,Sandy Loam,6.5,0.06,85,12,100,0.74
13-03-2015,Jammu and Kashmir,Srinagar,Loamy,6.7,0.57,171,27,340,1.05
17-08-2024,Mizoram,Aizawl,Loamy,7,0.69,231,37,312,0.79
16-10-2016,West Bengal,Kolkata,Alluvial,7.1,0.69,211,36,200,0.8
29-08-2025,Maharashtra,Pune,Red,4.1,0.89,87,18,136,0.76
20-10-2024,Puducherry,Puducherry,Loamy,8.1,1.7,194,50,345,0.99
02-08-2025,Karnataka,Belgaum,Red,6.1,0.55,122,30,169,0.64
26-09-2015,Madhya Pradesh,Bhopal,Black,7.7,0.49,192,39,250,0.88
12-11-2019,Delhi,New Delhi,Loamy,6.5,0.21,167,35,352,1.03
28-09-2021,Arunachal Pradesh,Itanagar,Loamy,6.4,0.19,171,27,223,0.89
22-06-2018,Puducherry,Puducherry,Loamy,5.9,0.21,209,30,190,0.77
12-10-2017,Andaman and Nicobar Islands,Port Blair,Loamy,6.7,0.5,151,19,203,0.88
15-06-2022,Bihar,Purnia,Alluvial,6,0.21,231,45,299,0.8
19-12-2017,Kerala,Ernakulam,Red,6.6,0.31,169,10,207,0.42
06-01-2015,Uttar Pradesh,Varanasi,Alluvial,6.5,0.77,255,48,299,1.22
08-05-2025,West Bengal,Kolkata,Red,3.6,2.39,76,1,105,0.4
08-09-2017,Assam,Kamrup,Alluvial,7.5,0.74,240,30,312,1.28
02-03-2022,Punjab,Patiala,Alluvial,6.1,0.38,280,34,325,1.27
24-08-2025,Jharkhand,Ranchi,Loamy,6.5,1.05,175,42,274,1.09
11-02-2016,Nagaland,Kohima,Loamy,6.1,0.75,147,22,182,0.9
02-01-2024,Uttarakhand,Dehradun,Loamy,5.3,0.73,145,36,216,1.02
07-05-2020,Dadra and Nagar Haveli and Daman and Diu,Daman,Loamy,7.2,1.03,194,43,254,1.1
04-09-2020,Uttarakhand,Dehradun,Loamy,6.5,0.48,139,18,257,1.22
22-08-2025,Andhra Pradesh,Guntur,Alluvial,5.1,0.29,141,29,192,1.26
04-06-2023,Goa,North Goa,Loamy,6,0.21,229,39,238,1.13
12-09-2017,Karnataka,Belgaum,Red,5.5,0.3,135,28,147,0.8
12-11-2024,Puducherry,Puducherry,Loamy,5.8,0.73,135,27,207,0.97
25-01-2016,Punjab,Amritsar,Alluvial,6.9,0.79,209,50,218,1.5
10-12-2016,Rajasthan,Jaipur,Sandy,6.7,0.35,133,17,130,0.74
03-03-2022,Rajasthan,Jaipur,Sandy,6.9,0.89,126,20,134,0.37
11-01-2019,Nagaland,Kohima,Loamy,6.9,0.29,205,40,329,1.2
23-01-2017,Rajasthan,Jodhpur,Desert,7.3,0.01,64,8,105,0.38
02-01-2021,Odisha,Bhubaneswar,Laterite,6.3,0.63,140,13,196,0.74
12-11-2018,Bihar,Patna,Alluvial,7.4,0.46,293,46,372,1.15
03-10-2022,Madhya Pradesh,Bhopal,Red,7.4,1.32,149,30,211,0.53
26-06-2018,Nagaland,Kohima,Loamy,7.4,1.06,257,24,271,0.99
09-06-2016,Andaman and Nicobar Islands,Port Blair,Loamy,6.4,0.17,146,19,288,0.93
25-01-2019,Tripura,Agartala,Loamy,6.1,0.44,144,15,292,0.81
22-08-2020,Madhya Pradesh,Bhopal,Black,6.4,0.62,128,14,189,0.7
29-01-2023,Uttarakhand,Dehradun,Loamy,9.5,3.24,233,59,273,1.07
28-08-2021,Odisha,Bhubaneswar,Red,6.1,0.09,177,16,93,0.58
09-07-2016,Andhra Pradesh,Guntur,Alluvial,6.6,0.7,231,40,342,0.79
13-01-2023,Odisha,Bhubaneswar,Laterite,7.5,2.3,170,24,158,0.82
02-07-2024,Andhra Pradesh,Chittoor,Red,5.2,0.25,137,19,206,0.43
19-01-2015,Mizoram,Aizawl,Loamy,6.3,0.74,253,40,218,0.73
28-07-2016,Rajasthan,Jodhpur,Desert,7.3,0.48,52,9,66,0.27
02-10-2024,Sikkim,Gangtok,Loamy,7.1,0.57,151,20,257,0.72
30-08-2022,Manipur,Imphal,Loamy,8.1,1.93,148,37,262,1.15
30-09-2017,Lakshadweep,Kavaratti,Loamy,6.3,0.32,227,16,340,0.78
02-10-2021,Bihar,Gaya,Alluvial,6.9,1.58,212,54,230,1.39
01-05-2024,Lakshadweep,Kavaratti,Loamy,6.8,1.07,197,30,252,1.22
02-10-2021,Bihar,Muzaffarpur,Alluvial,6.4,0.14,236,23,355,1.33
22-04-2020,Andhra Pradesh,Chittoor,Black,7.8,1.26,253,41,283,0.96
23-04-2020,Delhi,New Delhi,Loamy,5.5,0.4,268,11,200,0.72
24-06-2019,Gujarat,Rajkot,Sandy,7.7,1.15,111,16,153,0.64
26-08-2019,Himachal Pradesh,Mandi,Sandy Loam,6.7,0.09,66,7,92,0.41
09-12-2020,Andhra Pradesh,Visakhapatnam,Black,7.8,1.25,202,23,270,1.12
07-03-2016,Meghalaya,Shillong,Loamy,6.2,0.28,182,24,195,0.97
22-09-2020,Nagaland,Kohima,Loamy,7.7,1.03,245,26,262,1.36
10-03-2020,Goa,North Goa,Loamy,7.3,1.05,234,32,342,1.1
27-04-2020,Arunachal Pradesh,Itanagar,Loamy,7.4,1.2,256,29,256,1.27
02-09-2018,Himachal Pradesh,Kangra,Loamy,6,0.19,217,41,201,1.16
25-08-2021,Bihar,Muzaffarpur,Alluvial,6.1,0.14,260,39,219,0.84
25-05-2015,Tamil Nadu,Coimbatore,Red,6.6,0.5,149,24,220,0.54
21-04-2024,Haryana,Karnal,Sandy,4.7,1.15,53,-1,99,0.61
07-08-2021,Tripura,Agartala,Loamy,6.2,0.03,246,41,303,0.95
09-12-2017,Meghalaya,Shillong,Loamy,6.7,0.82,141,20,244,1.16
24-12-2017,Jammu and Kashmir,Srinagar,Loamy,6.3,0.5,194,36,292,1.24
30-07-2021,Mizoram,Aizawl,Loamy,5.9,0.19,181,17,203,0.87
10-03-2017,Nagaland,Kohima,Loamy,6.2,0.5,214,17,347,0.78
10-11-2023,Uttarakhand,Dehradun,Loamy,6.4,0.82,128,18,292,1.27
18-10-2023,Manipur,Imphal,Loamy,5.8,0.97,183,16,223,0.82
13-11-2022,Mizoram,Aizawl,Loamy,6.1,0.03,272,13,305,0.67
25-02-2018,Chhattisgarh,Raipur,Loamy,6.7,0.25,190,42,302,1.23
11-09-2021,Meghalaya,Shillong,Loamy,6.7,0.15,217,43,215,1.16
10-05-2020,Manipur,Imphal,Loamy,6,0.37,243,16,236,1.07
06-01-2023,Puducherry,Puducherry,Loamy,6.1,0.64,137,16,201,0.98
07-04-2016,Odisha,Bhubaneswar,Laterite,5.4,0.5,87,10,153,0.61
10-11-2019,Haryana,Karnal,Alluvial,6.6,0.37,288,30,290,0.97
07-08-2020,Jharkhand,Ranchi,Loamy,7.1,0.49,245,16,223,0.78
12-09-2025,Chhattisgarh,Raipur,Loamy,5.6,0.11,171,29,324,0.83
18-03-2017,Uttar Pradesh,Lucknow,Alluvial,6.4,0.5,275,41,199,0.87
06-07-2015,Sikkim,Gangtok,Loamy,6.9,0.77,231,22,199,1.23
10-10-2019,Tamil Nadu,Coimbatore,Red,5.3,0.23,188,10,230,0.55
01-01-2017,Madhya Pradesh,Bhopal,Red,6.6,0.75,143,26,141,0.64
19-04-2020,Himachal Pradesh,Mandi,Loamy,7.3,0.89,175,44,235,0.98
28-04-2018,Punjab,Ludhiana,Alluvial,6.6,0.35,203,45,371,1.21
12-11-2018,West Bengal,Darjeeling,Red,5.7,0.66,201,15,250,1.01
04-03-2016,Telangana,Nizamabad,Red,5.9,0.86,163,20,156,0.8
15-12-2022,Delhi,New Delhi,Loamy,7.5,2.22,287,41,231,1.41
31-07-2018,Punjab,Amritsar,Alluvial,7.4,0.37,238,24,231,0.95
03-04-2021,Chandigarh,Chandigarh,Loamy,6.6,1.22,280,37,338,1.3
02-05-2018,Himachal Pradesh,Kangra,Sandy Loam,6.9,0.28,61,16,120,0.65
03-08-2018,Mizoram,Aizawl,Loamy,7.3,0.62,208,45,293,1.21
09-02-2017,Ladakh,Leh,Sandy Loam,6.6,0.22,92,8,171,0.57
27-01-2017,Maharashtra,Nashik,Red,6.4,0.64,189,28,252,0.81
16-05-2015,Odisha,Bhubaneswar,Red,6.4,0.36,92,12,197,0.47
02-03-2017,Gujarat,Rajkot,Sandy,6.3,0.27,122,18,135,0.61
21-07-2025,Assam,Cachar,Alluvial,6.8,1.24,274,48,243,1.33
20-06-2015,Delhi,New Delhi,Loamy,6.4,0.54,263,16,358,1.16
15-01-2021,Lakshadweep,Kavaratti,Loamy,7,1.01,203,44,194,1.08
26-02-2021,Karnataka,Hubli,Black,5.9,0.24,125,31,262,0.98
28-09-2024,Arunachal Pradesh,Itanagar,Loamy,7.1,1.04,256,23,263,0.93
30-04-2019,Uttar Pradesh,Kanpur,Alluvial,6.6,0.79,249,48,281,1.05
19-08-2017,Bihar,Purnia,Alluvial,6.2,0.18,194,26,269,1.31
14-07-2025,Mizoram,Aizawl,Loamy,7,1.26,282,47,271,0.81
15-03-2022,Mizoram,Aizawl,Loamy,6.8,0.03,264,35,342,1.07
15-10-2024,West Bengal,Darjeeling,Red,5.9,0.39,122,18,233,0.75
25-05-2017,Chandigarh,Chandigarh,Loamy,6.9,0.48,279,24,209,1.17
15-08-2021,Tamil Nadu,Madurai,Red,6,0.2,113,25,209,0.67
13-04-2015,Telangana,Hyderabad,Red,6.1,0.29,156,28,208,0.7
28-09-2017,Andaman and Nicobar Islands,Port Blair,Loamy,6.3,0.29,272,19,300,0.74
22-02-2018,Bihar,Gaya,Alluvial,6.1,0.31,267,32,351,1.42
07-04-2024,Andaman and Nicobar Islands,Port Blair,Loamy,6.2,0.49,223,26,218,1.05
12-04-2023,Odisha,Bhubaneswar,Laterite,6.1,0.67,144,23,132,0.96
16-10-2022,Uttarakhand,Dehradun,Loamy,7.1,0.39,148,26,228,0.83
21-01-2019,Andaman and Nicobar Islands,Port Blair,Loamy,6.8,0.15,126,40,254,1.11
15-01-2024,Ladakh,Leh,Sandy Loam,7,0.89,148,15,169,0.85
19-10-2016,Jammu and Kashmir,Srinagar,Loamy,7.1,0.74,182,33,346,0.7
08-01-2023,Goa,North Goa,Loamy,5.9,0.31,224,40,246,0.94
05-05-2018,Tamil Nadu,Coimbatore,Red,6.2,0.86,192,31,251,0.95
12-08-2022,Haryana,Gurgaon,Sandy,7.2,0.59,146,19,116,0.61
27-02-2016,Arunachal Pradesh,Itanagar,Loamy,6.7,0.53,249,42,226,0.73
04-03-2022,Madhya Pradesh,Bhopal,Red,7.1,0.82,103,29,141,0.59
29-01-2025,Rajasthan,Jodhpur,Desert,6.4,0.37,59,3,101,0.26
20-06-2015,Dadra and Nagar Haveli and Daman and Diu,Daman,Loamy,6.9,0.42,222,28,324,1.14
15-06-2024,Ladakh,Leh,Sandy Loam,7.9,0.93,142,28,121,0.61
29-01-2021,Uttarakhand,Dehradun,Loamy,6.3,0.39,268,17,260,0.75
03-06-2022,Ladakh,Leh,Sandy Loam,8.2,1.22,80,30,153,0.92
28-03-2016,Tamil Nadu,Coimbatore,Alluvial,7.1,0.54,240,46,367,1.16
25-07-2021,Rajasthan,Jodhpur,Sandy,6.2,0.52,131,6,39,0.62
29-05-2020,Madhya Pradesh,Bhopal,Black,7.8,1.21,167,31,315,0.8
16-07-2019,Uttar Pradesh,Kanpur,Sandy,6.9,0.39,141,14,96,0.45
16-12-2021,Gujarat,Rajkot,Sandy,6.3,0.17,134,11,78,0.72
21-04-2022,Sikkim,Gangtok,Loamy,6.3,0.12,141,21,191,1.18
03-06-2023,Tamil Nadu,Coimbatore,Red,7.4,1.08,141,33,151,0.51
31-08-2023,Chandigarh,Chandigarh,Loamy,6.7,0.8,131,29,231,0.85
14-02-2023,Nagaland,Kohima,Loamy,5.7,0.2,268,37,322,1.1
15-08-2020,Nagaland,Kohima,Loamy,7,0.63,243,36,232,0.74
15-10-2015,Jharkhand,Ranchi,Loamy,6,0.71,179,21,253,1.12
30-06-2019,Chandigarh,Chandigarh,Loamy,6.2,0.22,236,41,282,1
23-10-2023,Uttar Pradesh,Varanasi,Sandy,6.7,0.87,150,23,114,0.65
21-07-2025,Gujarat,Surat,Black,7.4,1.6,141,23,229,1.09
18-12-2018,Gujarat,Surat,Sandy,6.1,0.16,131,9,110,0.68
28-03-2020,Chhattisgarh,Raipur,Loamy,6.7,0.14,173,40,219,1.14
30-08-2016,Andhra Pradesh,Visakhapatnam,Black,7.4,0.35,131,32,308,0.64
01-04-2016,Nagaland,Kohima,Loamy,6.1,0.5,224,31,182,0.79
31-10-2019,Madhya Pradesh,Bhopal,Black,6.3,0,224,25,244,0.6
10-05-2018,Tripura,Agartala,Loamy,6.9,0.93,143,44,327,1.21
20-05-2018,Haryana,Faridabad,Sandy,6,0.42,58,10,86,0.31
26-10-2017,Jharkhand,Ranchi,Loamy,6.7,0.66,260,38,221,1.2
25-04-2022,Lakshadweep,Kavaratti,Loamy,6.7,0.1,235,24,235,0.82
20-08-2021,Mizoram,Aizawl,Loamy,7,1.21,276,30,308,1.22
22-03-2016,Manipur,Imphal,Loamy,7,0.38,254,34,272,1.04
14-04-2017,Manipur,Imphal,Loamy,7.1,0.61,273,25,341,0.72
13-09-2023,Punjab,Amritsar,Alluvial,6.9,0.78,163,28,397,1.12
11-03-2025,Manipur,Imphal,Loamy,5.4,0.02,273,22,194,1.03
21-03-2017,Jammu and Kashmir,Srinagar,Loamy,6.7,0.5,254,26,249,0.77
25-11-2018,Goa,North Goa,Loamy,7.1,0.83,138,16,354,0.73
03-09-2023,Chandigarh,Chandigarh,Loamy,6.3,0.27,223,30,321,0.95
12-11-2018,Haryana,Faridabad,Alluvial,7.7,1.11,304,40,364,0.93
16-08-2017,Dadra and Nagar Haveli and Daman and Diu,Daman,Loamy,6,0.41,175,28,266,0.78
15-01-2019,Lakshadweep,Kavaratti,Loamy,6.4,0.71,257,30,314,1.15
06-12-2022,Manipur,Imphal,Loamy,7,0.68,207,31,273,1.18
19-03-2017,Nagaland,Kohima,Loamy,6.7,0.31,188,30,253,0.83
05-09-2017,Madhya Pradesh,Bhopal,Red,6.2,0.54,186,26,219,0.74
29-09-2021,Telangana,Warangal,Black,5.9,0.38,112,24,135,0.62
26-12-2016,Maharashtra,Nashik,Red,5.9,0.52,84,10,132,0.8
15-10-2024,West Bengal,Kolkata,Red,6.7,1.5,131,20,152,0.83
06-11-2021,Karnataka,Bangalore,Red,5.7,0.24,187,16,195,0.58
16-03-2024,Goa,North Goa,Loamy,7.8,1.7,225,48,308,1.38
14-11-2024,Tripura,Agartala,Loamy,7.8,1.1,169,25,216,1.34
01-05-2018,Andhra Pradesh,Chittoor,Alluvial,6.6,0.75,204,41,361,1.26
06-01-2021,Tripura,Agartala,Loamy,6.8,0.04,180,38,217,1.12
18-03-2020,Arunachal Pradesh,Itanagar,Loamy,7.2,1.12,192,42,215,1.08
07-09-2022,Lakshadweep,Kavaratti,Loamy,7.1,1.14,263,24,371,1.01
17-02-2017,Madhya Pradesh,Bhopal,Black,7,0.47,120,35,283,0.76
30-08-2017,Delhi,New Delhi,Loamy,6,0.44,230,26,309,1.28
11-09-2022,Lakshadweep,Kavaratti,Loamy,5.9,0.22,171,11,335,1.08
08-05-2023,Telangana,Hyderabad,Black,7.8,1.28,244,18,194,1.2
19-03-2019,Uttarakhand,Dehradun,Loamy,6.5,1.21,129,41,350,1.11
17-11-2018,Bihar,Muzaffarpur,Alluvial,6.2,0.6,272,21,360,1.08
10-04-2024,Telangana,Hyderabad,Red,6.4,0.39,129,19,203,0.81
24-10-2020,Tamil Nadu,Madurai,Red,5.5,0.04,184,27,216,0.48
21-08-2016,Andaman and Nicobar Islands,Port Blair,Loamy,7,0.4,209,37,189,1.06
24-02-2024,Puducherry,Puducherry,Loamy,6.4,0.63,198,24,344,1.27
13-08-2015,Rajasthan,Jaipur,Sandy,6.8,0.33,138,14,65,0.31
03-04-2019,Chandigarh,Chandigarh,Loamy,7.5,1.08,226,23,294,1
30-11-2020,Uttar Pradesh,Varanasi,Alluvial,6.8,1.1,177,41,330,1.05
17-04-2021,Punjab,Ludhiana,Alluvial,5.4,0.38,170,43,293,0.82
18-01-2024,Meghalaya,Shillong,Loamy,6.9,0.42,123,37,262,1
20-04-2017,Assam,Dibrugarh,Laterite,6.3,0.14,137,22,117,0.8
20-12-2019,Tripura,Agartala,Loamy,7.3,0.82,246,29,263,1
14-12-2016,Tamil Nadu,Chennai,Red,6.5,0.13,100,19,136,0.61
11-01-2018,Andhra Pradesh,Chittoor,Black,7.1,0.59,158,28,248,1.1
05-05-2015,Delhi,New Delhi,Loamy,6.6,0.32,138,39,269,0.74
21-11-2023,Manipur,Imphal,Loamy,5.7,0.28,152,22,198,0.89
28-12-2017,Mizoram,Aizawl,Loamy,7.5,0.74,190,34,285,1.13
16-07-2023,Puducherry,Puducherry,Loamy,5.2,0.55,141,13,306,0.87
10-01-2023,Mizoram,Aizawl,Loamy,7.4,1.19,157,24,278,1.15
03-07-2018,Bihar,Patna,Alluvial,6.5,0.19,252,43,388,1.08
17-10-2019,Madhya Pradesh,Bhopal,Red,6.5,0.33,151,11,136,0.45
30-01-2015,Bihar,Gaya,Alluvial,6.3,0.49,195,23,296,1.3
17-05-2021,Gujarat,Vadodara,Sandy,6.6,0.42,85,8,61,0.47
19-02-2023,Himachal Pradesh,Mandi,Sandy Loam,8.7,1.94,158,23,174,0.79
10-07-2020,Tamil Nadu,Coimbatore,Alluvial,5.9,0.57,200,29,324,1
22-01-2024,Delhi,New Delhi,Loamy,6.8,0.37,124,30,265,1.1
02-02-2024,Delhi,New Delhi,Loamy,6.6,0.76,209,33,339,1.16
12-08-2021,Punjab,Ludhiana,Alluvial,7.2,0.31,173,40,309,1.35
09-05-2016,Bihar,Patna,Alluvial,6.7,0.73,178,31,230,1.12
24-06-2023,Andhra Pradesh,Chittoor,Red,6,0.16,162,8,154,0.83
29-05-2019,Puducherry,Puducherry,Loamy,7,0.74,268,38,217,0.78
18-12-2016,Uttarakhand,Dehradun,Loamy,6.8,0.37,273,28,186,0.79
01-10-2024,Rajasthan,Udaipur,Desert,8.7,1.08,101,10,67,0.51
13-10-2017,Telangana,Nizamabad,Black,7.2,0.64,164,17,332,0.84
05-10-2024,Manipur,Imphal,Loamy,7.8,1.51,217,39,361,0.95
30-08-2018,Jammu and Kashmir,Srinagar,Loamy,6.7,0.76,127,21,242,1.11
28-08-2016,Tripura,Agartala,Loamy,6.3,0.67,143,23,311,0.8
10-01-2016,Himachal Pradesh,Kangra,Sandy Loam,7.2,0.34,105,11,146,0.85
10-05-2022,Mizoram,Aizawl,Loamy,6.1,0.21,249,25,207,0.68
14-05-2020,Rajasthan,Jodhpur,Desert,7.9,0.85,59,8,87,0.4
14-11-2017,Madhya Pradesh,Bhopal,Red,6.2,0.42,109,28,129,0.83
19-09-2018,Assam,Kamrup,Laterite,5.3,0.46,143,20,178,0.77
19-05-2024,Bihar,Patna,Alluvial,6.3,0.02,244,31,346,1.25
26-04-2015,Bihar,Patna,Alluvial,7.1,0.7,275,43,213,1.24
26-09-2020,West Bengal,Kolkata,Red,5.5,0.02,96,18,89,0.81
06-06-2025,Gujarat,Ahmedabad,Black,7.2,0.96,184,21,344,0.92
07-12-2019,Uttar Pradesh,Kanpur,Alluvial,7.6,1.05,218,32,392,0.87
16-11-2020,Karnataka,Mysore,Red,6,0.15,131,27,178,0.67
22-01-2019,Telangana,Nizamabad,Black,6.5,0.78,196,18,222,1.08
27-03-2019,Jharkhand,Ranchi,Loamy,6.1,0.32,206,19,247,1.28
09-06-2019,Madhya Pradesh,Bhopal,Black,8.1,1.16,234,22,349,0.8
18-09-2021,Odisha,Bhubaneswar,Laterite,6.7,0.76,91,14,95,0.65
30-12-2023,Odisha,Bhubaneswar,Laterite,6.1,0.43,81,21,186,0.7
15-11-2016,Kerala,Thrissur,Laterite,5.5,0.53,117,21,133,0.97
29-01-2023,Sikkim,Gangtok,Loamy,5.3,0.44,235,36,194,0.6
25-12-2021,Chandigarh,Chandigarh,Loamy,6.8,0.19,249,30,248,0.77
20-05-2025,Kerala,Ernakulam,Laterite,6.7,1.38,163,23,194,0.63
11-01-2019,Andaman and Nicobar Islands,Port Blair,Loamy,7.2,0.65,149,17,334,0.76
20-01-2023,Rajasthan,Udaipur,Desert,7.8,0.38,64,13,117,0.35
19-05-2019,Karnataka,Hubli,Black,7.8,0.99,191,25,238,0.81
24-04-2021,Nagaland,Kohima,Loamy,6.6,0.75,172,30,197,1.17
01-12-2022,Uttarakhand,Dehradun,Loamy,6.8,0.45,204,41,188,1.26
08-12-2020,Kerala,Thrissur,Laterite,6.9,0.79,162,24,97,1.03
20-03-2017,Tamil Nadu,Coimbatore,Red,6.3,0.27,95,21,108,0.5
04-09-2017,Puducherry,Puducherry,Loamy,6,0.27,238,14,183,1.2
02-10-2020,Tamil Nadu,Coimbatore,Alluvial,7.5,0.87,227,26,225,1.46
25-05-2023,Tripura,Agartala,Loamy,7.8,1.88,163,36,272,0.97
16-09-2018,Bihar,Purnia,Alluvial,6.6,0.25,222,36,223,1.03
22-02-2017,Chandigarh,Chandigarh,Loamy,6.3,0.66,269,25,212,1.18
29-08-2015,Chandigarh,Chandigarh,Loamy,6.1,0.51,257,44,225,0.88
14-11-2019,Madhya Pradesh,Bhopal,Red,5.1,0.18,83,25,138,0.54
03-04-2019,Maharashtra,Nashik,Red,6.7,0.52,173,14,182,0.88
27-04-2016,Haryana,Hisar,Alluvial,7,0.42,197,49,374,0.82
09-10-2017,Telangana,Warangal,Black,7.3,0.49,105,15,266,0.79
06-07-2015,Nagaland,Kohima,Loamy,6.9,0.71,225,28,358,0.88
25-02-2020,Jammu and Kashmir,Srinagar,Loamy,7.5,1.47,198,23,262,0.92
27-05-2022,Tripura,Agartala,Loamy,6.5,0.78,258,44,197,1.19
28-04-2021,Mizoram,Aizawl,Loamy,7.6,0.97,284,46,307,1.25
10-08-2017,Lakshadweep,Kavaratti,Loamy,6.8,0.65,255,42,308,0.72
19-10-2018,Telangana,Hyderabad,Black,7.2,0.72,181,38,328,0.91
05-05-2016,Gujarat,Rajkot,Sandy,6.6,0.15,116,17,90,0.3
06-03-2016,Madhya Pradesh,Bhopal,Red,6.6,0.46,118,23,201,0.49
27-08-2015,Uttarakhand,Dehradun,Loamy,7,0.77,136,43,343,0.91
09-06-2021,Chhattisgarh,Raipur,Loamy,6.6,1.18,181,24,211,0.87
03-06-2021,Ladakh,Leh,Sandy Loam,7.5,0.73,120,26,179,0.86
17-03-2015,Uttar Pradesh,Lucknow,Sandy,6.4,0.25,139,19,130,0.68
29-04-2025,Dadra and Nagar Haveli and Daman and Diu,Daman,Loamy,4.3,1.57,217,29,206,0.51
18-09-2018,Jharkhand,Ranchi,Loamy,7.3,0.73,278,36,207,0.92
07-04-2020,Uttar Pradesh,Lucknow,Alluvial,7,0.94,198,47,261,1.35
05-05-2023,Sikkim,Gangtok,Loamy,8.1,1.56,132,25,257,0.92
17-11-2019,Kerala,Thrissur,Red,5.7,0.38,184,21,243,0.42
13-05-2022,Lakshadweep,Kavaratti,Loamy,4.7,0.59,184,36,296,0.88
15-09-2024,Uttarakhand,Dehradun,Loamy,8.2,1.67,240,40,359,1.34
06-04-2017,Delhi,New Delhi,Loamy,6.3,0.72,268,18,283,0.96
19-05-2021,Punjab,Patiala,Alluvial,7.2,1.65,164,42,264,1.36
13-08-2016,Madhya Pradesh,Bhopal,Red,6.1,0.62,183,16,178,0.58
20-10-2020,Maharashtra,Pune,Black,6.4,0.42,99,21,326,0.63
17-02-2024,Sikkim,Gangtok,Loamy,8.1,2.15,279,39,237,1.41
13-07-2022,Nagaland,Kohima,Loamy,5.9,0.1,146,36,191,0.74
17-03-2020,Andaman and Nicobar Islands,Port Blair,Loamy,7,1.22,157,46,241,1.32
25-03-2020,Meghalaya,Shillong,Loamy,6.3,0.49,150,26,192,0.83
28-07-2016,Jammu and Kashmir,Srinagar,Loamy,6,0.52,145,38,268,1.14
06-05-2023,Puducherry,Puducherry,Loamy,7.1,1.42,153,45,200,1.05
10-06-2017,Assam,Tinsukia,Laterite,5.6,0.43,118,19,183,0.57
21-08-2020,Bihar,Patna,Alluvial,6.7,1.11,235,24,211,1.37
21-05-2015,Chhattisgarh,Raipur,Loamy,7,0.42,159,44,298,0.8
25-11-2019,Jharkhand,Ranchi,Loamy,7.1,0.85,148,39,237,1.07
05-12-2024,Andaman and Nicobar Islands,Port Blair,Loamy,6.6,0.48,158,36,280,0.93
17-01-2015,Lakshadweep,Kavaratti,Loamy,6.4,0.7,202,43,315,1.02
22-12-2017,Dadra and Nagar Haveli and Daman and Diu,Daman,Loamy,6.1,0.33,145,28,308,1.15
10-09-2015,Arunachal Pradesh,Itanagar,Loamy,6.6,0.52,168,29,273,1.06
09-04-2016,Kerala,Thrissur,Red,5.9,0.58,120,27,218,0.67
11-01-2016,Uttarakhand,Dehradun,Loamy,6.7,0.75,251,43,221,1.3
02-01-2020,Chhattisgarh,Raipur,Loamy,7.2,0.44,218,16,210,1.05
17-04-2023,Uttarakhand,Dehradun,Loamy,7.2,1.09,151,37,289,0.81
03-06-2016,Tamil Nadu,Madurai,Red,6,0.62,186,15,132,0.85
04-02-2020,Delhi,New Delhi,Loamy,6.4,0.4,128,20,196,0.99
31-03-2015,Bihar,Purnia,Alluvial,7.5,0.67,240,35,323,1.06
20-12-2016,Rajasthan,Jaipur,Sandy,6.6,0.51,115,17,60,0.68
22-10-2022,Telangana,Hyderabad,Red,5.9,0.33,160,25,142,0.81
14-10-2022,Dadra and Nagar Haveli and Daman and Diu,Daman,Loamy,5.8,0.55,269,20,183,0.8
21-09-2016,Telangana,Nizamabad,Black,7.4,0.3,190,37,198,0.66
28-02-2020,Jharkhand,Ranchi,Loamy,6.1,0.46,257,38,283,1.2
21-11-2023,Arunachal Pradesh,Itanagar,Loamy,5.4,0.11,131,26,249,0.79
17-03-2015,Dadra and Nagar Haveli and Daman and Diu,Daman,Loamy,6.7,0.54,189,16,305,0.71
01-02-2025,Tripura,Agartala,Loamy,7.6,1.04,145,31,293,0.95
14-07-2017,Bihar,Gaya,Alluvial,6.3,0.47,154,47,292,1.46
23-03-2025,Karnataka,Hubli,Black,7.5,1.16,246,25,285,1.03
13-09-2021,Mizoram,Aizawl,Loamy,7,0.74,264,44,297,0.84
11-12-2019,Arunachal Pradesh,Itanagar,Loamy,6.5,0.36,160,37,290,1.16
27-08-2017,Goa,North Goa,Loamy,6.4,0.69,130,32,200,0.91
30-12-2017,Himachal Pradesh,Mandi,Sandy Loam,7.1,0.4,136,14,133,0.51
21-07-2020,Chhattisgarh,Raipur,Loamy,5.7,0.03,132,33,202,0.98
26-11-2023,Punjab,Amritsar,Alluvial,7.6,1.6,197,35,249,1.45
01-10-2023,Andaman and Nicobar Islands,Port Blair,Loamy,6.4,0.25,180,27,217,1.07
05-11-2018,Rajasthan,Jaipur,Sandy,5.8,0.01,110,13,73,0.62
18-03-2024,Himachal Pradesh,Mandi,Loamy,8.3,2.7,257,32,261,1.36
15-10-2022,West Bengal,Howrah,Alluvial,4.9,1.39,139,24,250,1.13
14-07-2015,Haryana,Faridabad,Sandy,6.3,0.35,139,6,121,0.66
16-08-2015,Dadra and Nagar Haveli and Daman and Diu,Daman,Loamy,7,0.43,187,22,236,1.28
03-08-2024,Punjab,Ludhiana,Alluvial,8.2,1.52,309,50,318,1.12
30-12-2018,Uttarakhand,Dehradun,Loamy,6,0.48,177,36,182,1.19
25-07-2025,Haryana,Faridabad,Alluvial,5.4,0.14,201,41,230,0.78
05-04-2016,Rajasthan,Jaipur,Sandy,6.4,0.25,112,13,89,0.42
09-09-2016,West Bengal,Darjeeling,Red,5.7,0.33,96,25,99,0.58
20-06-2023,Tamil Nadu,Chennai,Alluvial,6.6,0.58,234,28,267,1.02
05-03-2015,Goa,North Goa,Loamy,6.6,0.44,135,21,274,0.85
21-01-2021,Assam,Cachar,Laterite,5.2,0.28,144,13,133,0.87
05-09-2020,Chhattisgarh,Raipur,Loamy,6.2,0.44,146,20,289,0.85
05-04-2024,Himachal Pradesh,Mandi,Loamy,6.6,0.74,242,31,344,0.78
18-05-2023,Gujarat,Rajkot,Black,7.8,0.71,175,37,321,0.85
12-10-2015,Bihar,Purnia,Alluvial,7.2,0.61,211,49,206,1.07
11-08-2019,Chhattisgarh,Raipur,Loamy,6.3,0.77,236,21,210,0.74
17-05-2021,Karnataka,Mysore,Red,5.6,0.5,192,27,153,0.82
17-04-2017,Manipur,Imphal,Loamy,6.2,0.49,271,38,332,1.02
10-04-2017,Puducherry,Puducherry,Loamy,6.6,0.72,197,27,244,0.8
02-04-2018,Madhya Pradesh,Bhopal,Red,6.8,0.8,195,28,131,0.5
13-02-2023,Gujarat,Ahmedabad,Black,9.5,2.66,169,47,262,1.2
12-08-2015,Goa,North Goa,Loamy,6.4,0.77,173,39,335,0.74
22-02-2017,Chandigarh,Chandigarh,Loamy,6.8,0.73,190,32,210,0.9
23-10-2023,Sikkim,Gangtok,Loamy,6.8,1.42,276,25,350,0.92
01-04-2023,Tripura,Agartala,Loamy,7.9,1.95,188,38,286,1.28
07-08-2017,West Bengal,Howrah,Red,7.1,1.08,149,22,130,0.49
29-06-2023,Punjab,Ludhiana,Alluvial,6.7,0.37,185,35,352,1.32
14-02-2015,Assam,Cachar,Alluvial,7.4,0.48,281,21,301,1.45
16-12-2019,Chhattisgarh,Raipur,Loamy,6.1,0.53,119,16,261,0.74
15-04-2016,Andhra Pradesh,Chittoor,Black,7.1,0.46,238,37,298,0.99
12-09-2020,Manipur,Imphal,Loamy,5.7,0.1,139,26,253,1.06
24-05-2022,Uttar Pradesh,Lucknow,Alluvial,5.7,0.12,278,33,243,0.79
30-07-2024,Assam,Dibrugarh,Alluvial,7.6,1.11,221,40,262,1.02
09-04-2017,Puducherry,Puducherry,Loamy,6.3,0.75,217,32,271,0.83
24-03-2020,Chhattisgarh,Raipur,Loamy,7,0.63,170,38,198,1.15
18-03-2021,Dadra and Nagar Haveli and Daman and Diu,Daman,Loamy,6,0.11,133,30,206,0.91
06-03-2020,Madhya Pradesh,Bhopal,Red,5.3,0.12,115,25,139,0.46
25-01-2022,Andhra Pradesh,Krishna,Red,7.4,1.41,129,20,260,0.92
22-11-2016,Sikkim,Gangtok,Loamy,7.1,0.61,228,39,246,0.82
22-10-2018,Manipur,Imphal,Loamy,7,0.65,165,35,296,1.06
20-07-2017,Uttar Pradesh,Varanasi,Sandy,7.1,0.74,81,9,76,0.47
20-04-2017,Nagaland,Kohima,Loamy,6.4,0.31,136,18,241,1.01
11-06-2025,Himachal Pradesh,Shimla,Sandy Loam,6.7,0.78,122,25,93,0.5
17-05-2023,Andhra Pradesh,Krishna,Red,6.9,0.45,85,29,208,0.9
22-04-2020,Himachal Pradesh,Shimla,Sandy Loam,7.1,0.68,114,28,181,0.49
23-04-2019,Tamil Nadu,Madurai,Alluvial,7,0.46,175,35,296,1.07
14-03-2022,Arunachal Pradesh,Itanagar,Loamy,6,0.23,198,32,178,1.21
23-09-2023,Maharashtra,Nashik,Red,5.8,0.13,142,26,228,0.56
05-04-2021,Nagaland,Kohima,Loamy,6,0.06,154,28,233,0.86
29-04-2024,Meghalaya,Shillong,Loamy,6,0.28,171,27,342,1.06
24-10-2021,Andaman and Nicobar Islands,Port Blair,Loamy,6.7,0.1,244,38,303,1.05
28-05-2015,Karnataka,Hubli,Red,5.8,0.51,142,26,235,0.48
29-10-2017,Goa,North Goa,Loamy,6.4,0.39,263,38,181,0.81
04-08-2018,Assam,Dibrugarh,Laterite,6.5,0.34,141,19,122,0.75
23-01-2016,Maharashtra,Mumbai,Black,7,0.87,164,16,343,0.92
19-07-2023,Arunachal Pradesh,Itanagar,Loamy,5.4,0.01,207,26,259,0.77
17-02-2020,Lakshadweep,Kavaratti,Loamy,7.4,0.72,148,44,233,1.25
28-10-2024,Dadra and Nagar Haveli and Daman and Diu,Daman,Loamy,5.8,0.16,210,20,330,1.08
04-07-2017,Karnataka,Belgaum,Black,7.9,0.83,122,39,276,0.99
22-02-2020,Sikkim,Gangtok,Loamy,5.9,0.2,231,40,185,0.81
09-05-2022,Assam,Cachar,Alluvial,8.9,2.41,199,34,308,1.02
06-01-2025,Dadra and Nagar Haveli and Daman and Diu,Daman,Loamy,7.9,1.4,231,48,370,0.83
06-04-2025,Delhi,New Delhi,Loamy,7.2,1.98,218,42,368,1.08
05-10-2015,Telangana,Hyderabad,Red,6.7,0.52,102,21,149,0.49
31-05-2020,Andhra Pradesh,Chittoor,Black,6.6,0.53,184,34,197,1.14
03-02-2020,Manipur,Imphal,Loamy,5.8,0.04,189,38,194,1.18
25-04-2023,Uttarakhand,Dehradun,Loamy,6.6,0.84,259,35,303,0.83
25-03-2024,Uttarakhand,Dehradun,Loamy,7.3,1.5,278,20,274,1
31-12-2019,Kerala,Ernakulam,Laterite,7.3,1.47,143,23,206,0.59
21-03-2022,Assam,Dibrugarh,Laterite,6.2,0.04,124,15,182,0.97
08-01-2020,Chandigarh,Chandigarh,Loamy,6.1,0.69,179,19,254,1.3
20-05-2022,Lakshadweep,Kavaratti,Loamy,6.1,0.21,165,19,278,0.73
09-09-2016,Tamil Nadu,Chennai,Alluvial,6.6,0.2,195,28,337,0.99
19-06-2019,Arunachal Pradesh,Itanagar,Loamy,6.3,0.4,162,26,204,0.86
22-12-2020,Gujarat,Ahmedabad,Black,7.1,0.13,127,16,212,0.95
02-08-2016,Puducherry,Puducherry,Loamy,7.1,0.53,205,27,279,1.29
16-03-2018,Lakshadweep,Kavaratti,Loamy,5.8,0.31,139,16,289,0.8
04-05-2016,Lakshadweep,Kavaratti,Loamy,6.8,0.48,171,18,350,1.19
30-11-2021,Maharashtra,Nashik,Red,6.5,0.4,135,26,196,0.69
28-03-2018,Assam,Cachar,Alluvial,7.3,1.01,214,44,225,1.35
19-01-2016,Lakshadweep,Kavaratti,Loamy,6.8,0.45,161,30,200,0.86
12-06-2015,Ladakh,Leh,Sandy Loam,6.4,0.16,121,20,79,0.42
24-10-2021,Mizoram,Aizawl,Loamy,5.7,0.26,223,40,290,1.23
20-02-2020,Assam,Cachar,Alluvial,7.9,1.23,164,29,323,1.2
27-04-2018,Jharkhand,Ranchi,Loamy,6.3,0.32,248,42,273,0.87
28-09-2021,Nagaland,Kohima,Loamy,5.7,0.14,126,31,269,0.91
24-09-2018,Assam,Dibrugarh,Alluvial,5.7,0.13,228,19,337,1.46
19-06-2019,Jharkhand,Ranchi,Loamy,7.1,1.26,231,43,320,1.21
19-04-2018,Himachal Pradesh,Mandi,Loamy,6.9,0.75,195,28,232,0.74
15-10-2015,Karnataka,Hubli,Laterite,6.4,0.43,80,23,170,0.63
01-02-2020,Delhi,New Delhi,Loamy,7.1,0.68,263,23,327,1.14
06-07-2015,Ladakh,Leh,Sandy Loam,7,0.16,113,13,147,0.67
22-03-2020,Uttar Pradesh,Varanasi,Sandy,6.5,0.01,62,13,65,0.54
07-03-2018,Uttarakhand,Dehradun,Loamy,6.5,0.96,181,37,212,1.04
10-05-2015,Sikkim,Gangtok,Loamy,7,0.35,252,29,328,1.28
19-02-2021,Uttar Pradesh,Lucknow,Alluvial,6.6,0.56,247,25,299,1.27
21-06-2021,Sikkim,Gangtok,Loamy,6,0.1,243,38,270,0.81
23-07-2025,Chhattisgarh,Raipur,Loamy,3.8,1.87,99,21,279,1.06
02-03-2020,Jammu and Kashmir,Srinagar,Loamy,7.2,0.45,147,20,283,0.74
24-05-2015,Arunachal Pradesh,Itanagar,Loamy,7.1,0.53,198,34,253,0.89
16-01-2015,Jammu and Kashmir,Srinagar,Loamy,6.9,0.6,197,18,192,1.01
27-03-2024,Himachal Pradesh,Shimla,Loamy,8.5,2.09,156,46,329,1.33
06-10-2021,Nagaland,Kohima,Loamy,7.7,1.17,169,35,248,0.98
02-09-2015,Kerala,Kozhikode,Red,6.8,0.68,156,21,146,0.92
15-07-2017,Assam,Dibrugarh,Alluvial,6.4,0.12,193,29,341,0.9
14-09-2023,Nagaland,Kohima,Loamy,6.6,0.25,186,26,202,0.89
26-08-2023,Gujarat,Surat,Sandy,6.7,0.02,125,5,78,0.71
16-12-2020,Delhi,New Delhi,Loamy,7,1.54,260,44,277,1.33
25-06-2017,Goa,North Goa,Loamy,6.6,0.61,153,21,314,1.08
05-06-2017,Nagaland,Kohima,Loamy,6.3,0.2,129,20,355,0.82
07-12-2015,Sikkim,Gangtok,Loamy,6.2,0.65,216,37,298,0.83
13-08-2020,Himachal Pradesh,Kangra,Sandy Loam,5.8,0.17,126,18,60,0.53
21-04-2024,Jammu and Kashmir,Srinagar,Loamy,6.7,0.38,256,19,295,1.03
04-12-2018,Tamil Nadu,Coimbatore,Alluvial,6.3,0.57,182,42,235,1.4
02-11-2015,Kerala,Thrissur,Red,6.6,0.59,139,11,120,0.67
26-06-2017,Telangana,Warangal,Black,7.4,0.25,247,21,213,0.74
08-04-2022,Himachal Pradesh,Kangra,Loamy,6.3,0.1,131,16,292,0.86
20-05-2025,Madhya Pradesh,Bhopal,Red,6.4,0.85,139,16,134,0.71
10-01-2024,Mizoram,Aizawl,Loamy,6.7,0.34,259,25,347,0.99
03-10-2018,Gujarat,Surat,Black,7.4,1.03,159,25,313,0.77
28-04-2023,Mizoram,Aizawl,Loamy,7.2,0.71,225,45,270,0.99
17-11-2015,Telangana,Warangal,Red,6,0.2,140,18,180,0.83
12-07-2016,Arunachal Pradesh,Itanagar,Loamy,6.4,0.59,161,29,243,0.92
19-04-2018,Jammu and Kashmir,Srinagar,Loamy,6.5,1.26,184,37,212,1.1
19-04-2022,West Bengal,Kolkata,Alluvial,7.5,0.8,292,45,317,0.97
21-07-2022,Odisha,Bhubaneswar,Laterite,5.6,0.63,132,18,95,0.89
10-11-2018,Delhi,New Delhi,Loamy,6.1,0.47,256,30,303,0.7
30-06-2019,Rajasthan,Jodhpur,Desert,7.2,0.26,103,8,61,0.51
30-07-2025,Jharkhand,Ranchi,Loamy,6.5,0.22,232,31,236,0.9
10-07-2025,Himachal Pradesh,Shimla,Loamy,5.9,0.28,125,10,185,1.05
05-02-2018,Goa,North Goa,Loamy,6.3,0.63,132,29,292,1.09
22-01-2022,Jammu and Kashmir,Srinagar,Loamy,7.1,1.24,284,24,238,1.06
23-09-2021,Nagaland,Kohima,Loamy,6.2,0.6,230,17,303,0.8
21-03-2024,Odisha,Bhubaneswar,Red,6.7,1.41,160,18,160,0.86
28-03-2017,Chhattisgarh,Raipur,Loamy,6.4,0.45,255,18,189,1.08
09-04-2018,Tripura,Agartala,Loamy,6.4,0.51,207,29,326,0.8
25-04-2024,Karnataka,Belgaum,Laterite,7.4,1.86,183,31,168,0.85
15-12-2021,Jharkhand,Ranchi,Loamy,7.1,1.44,276,26,242,1.37
11-12-2023,Mizoram,Aizawl,Loamy,6.4,0.47,268,26,269,1.04
12-01-2015,Ladakh,Leh,Sandy Loam,6.7,0.21,101,24,72,0.47
14-07-2015,Uttar Pradesh,Lucknow,Sandy,6,0.34,51,12,136,0.35
12-12-2021,Dadra and Nagar Haveli and Daman and Diu,Daman,Loamy,5.6,0.15,113,34,315,0.88
13-10-2022,Lakshadweep,Kavaratti,Loamy,6,0.55,221,21,166,0.65
07-01-2023,Rajasthan,Udaipur,Sandy,6.4,0.64,144,12,100,0.57
07-02-2021,Nagaland,Kohima,Loamy,6.9,0.35,172,20,338,0.74
29-03-2023,Nagaland,Kohima,Loamy,6.5,0.43,171,20,291,1.27
24-08-2025,Andhra Pradesh,Visakhapatnam,Black,9,2.37,210,32,313,0.84
17-10-2016,Maharashtra,Pune,Black,8,1.13,112,32,315,0.95
05-04-2020,Haryana,Gurgaon,Alluvial,5.9,0.13,195,39,209,1.16
10-04-2024,Arunachal Pradesh,Itanagar,Loamy,6.3,0.31,232,16,224,1.06
04-07-2022,Manipur,Imphal,Loamy,6.5,0.01,255,41,327,1.22
08-09-2020,Puducherry,Puducherry,Loamy,6.8,0.65,282,19,356,0.98
08-06-2019,Ladakh,Leh,Sandy Loam,6.3,0.52,105,22,77,0.9
07-04-2025,Andhra Pradesh,Chittoor,Alluvial,5.7,0.21,293,34,264,1.42
03-08-2025,Rajasthan,Jaipur,Desert,8.1,0.47,99,6,68,0.58
31-07-2025,Andhra Pradesh,Krishna,Red,4.7,1.03,169,4,170,0.67
24-01-2018,Lakshadweep,Kavaratti,Loamy,6.7,0.16,164,32,304,0.77
14-06-2024,Punjab,Amritsar,Alluvial,5.9,0.21,225,34,194,1.45
16-02-2017,Ladakh,Leh,Sandy Loam,7,0.14,65,19,126,0.72
19-03-2016,Chandigarh,Chandigarh,Loamy,6.3,0.22,276,39,345,0.72
25-10-2015,Gujarat,Surat,Black,7.2,0.75,116,34,280,1.19
18-03-2017,Sikkim,Gangtok,Loamy,7.2,0.74,174,19,355,0.75
27-10-2019,Jharkhand,Ranchi,Loamy,6.8,0.06,254,30,336,0.92
24-04-2017,Haryana,Hisar,Sandy,6.4,0.35,61,15,92,0.55
12-10-2017,Uttarakhand,Dehradun,Loamy,6.8,0.56,137,16,260,0.87
16-10-2018,Jharkhand,Ranchi,Loamy,7,1.03,214,17,340,0.78
29-10-2018,Maharashtra,Nashik,Red,6.3,0.51,162,18,116,0.45
07-07-2016,Karnataka,Mysore,Laterite,6.2,0.33,86,19,196,0.78
08-06-2021,Goa,North Goa,Loamy,6.2,0.11,130,40,179,1.09
25-02-2016,Rajasthan,Jodhpur,Desert,7.8,0.41,96,8,80,0.51
23-06-2018,Delhi,New Delhi,Loamy,6.6,0.04,214,42,314,0.67
19-05-2025,Odisha,Bhubaneswar,Red,6.1,0.18,86,23,220,0.49
14-06-2018,Telangana,Hyderabad,Black,6.1,0.33,192,33,254,0.81
14-11-2024,Nagaland,Kohima,Loamy,7.9,1.2,270,20,234,0.87
04-07-2015,Jammu and Kashmir,Srinagar,Loamy,6.4,0.58,235,42,209,1.05
12-04-2016,Odisha,Bhubaneswar,Laterite,5.9,0.23,129,23,180,0.77
02-09-2022,Telangana,Warangal,Black,8.3,2.45,209,43,192,1.3
07-08-2021,Puducherry,Puducherry,Loamy,6.8,1.31,139,20,252,0.78
30-07-2018,Sikkim,Gangtok,Loamy,6.5,1.01,257,22,335,1.02
26-04-2019,Bihar,Patna,Alluvial,6.5,0.43,159,35,281,1.01
02-12-2015,Jharkhand,Ranchi,Loamy,6.4,0.77,163,29,269,1.13
18-01-2021,Arunachal Pradesh,Itanagar,Loamy,7.9,2.06,209,29,355,1.3
06-11-2023,Haryana,Gurgaon,Alluvial,7.2,0.81,184,48,225,1.1
06-02-2019,Delhi,New Delhi,Loamy,6.6,0.81,279,21,191,0.99
20-01-2025,West Bengal,Darjeeling,Alluvial,7.5,1.68,235,40,293,1.06
16-04-2024,Jharkhand,Ranchi,Loamy,6.4,0.01,168,25,349,0.71
21-08-2020,Andhra Pradesh,Guntur,Black,6.2,0.17,240,22,250,0.65
18-12-2018,Puducherry,Puducherry,Loamy,7.3,1.15,143,20,330,1
11-08-2023,Assam,Dibrugarh,Alluvial,8.2,1.58,179,45,230,1.16
10-08-2016,Himachal Pradesh,Kangra,Loamy,6,0.41,134,27,305,1.09
25-02-2020,Chhattisgarh,Raipur,Loamy,7.5,1.1,169,20,362,0.83
20-07-2015,Jharkhand,Ranchi,Loamy,6.4,0.63,274,42,212,0.92
05-06-2016,Kerala,Ernakulam,Laterite,6.1,0.54,148,14,95,0.74
02-03-2020,Nagaland,Kohima,Loamy,6.5,0.26,136,18,178,0.8
27-12-2021,Rajasthan,Jaipur,Sandy,6.5,0.02,87,14,83,0.66
06-06-2025,Rajasthan,Jaipur,Desert,6.7,0.19,48,11,52,0.37
08-09-2019,Andhra Pradesh,Visakhapatnam,Black,7.4,0.57,129,16,330,0.96
26-02-2017,Assam,Kamrup,Alluvial,6.2,0.35,160,43,328,1.32
08-07-2023,Chhattisgarh,Raipur,Loamy,7.9,1.8,228,45,245,1.23
01-03-2015,Tripura,Agartala,Loamy,6.6,0.44,126,38,345,0.99
31-07-2016,Haryana,Karnal,Sandy,7.1,0.62,146,14,76,0.76
17-11-2015,Mizoram,Aizawl,Loamy,7,0.3,248,36,248,1.17
29-12-2018,Himachal Pradesh,Kangra,Loamy,6.5,0.79,209,43,211,1.08
24-02-2025,Lakshadweep,Kavaratti,Loamy,7.6,1.59,205,46,308,1.22
05-04-2025,Goa,North Goa,Loamy,7.4,1.24,146,40,265,1.13
11-07-2024,Rajasthan,Udaipur,Sandy,7.2,0.95,135,15,158,0.78
30-07-2020,Gujarat,Rajkot,Sandy,7.1,0.54,90,19,59,0.73
11-07-2017,Gujarat,Vadodara,Sandy,6.8,0.57,123,18,125,0.55
10-11-2018,Uttarakhand,Dehradun,Loamy,6.3,0.6,202,38,357,1.07
22-08-2019,Haryana,Hisar,Sandy,6.5,0.47,60,8,142,0.44
22-07-2016,Himachal Pradesh,Kangra,Sandy Loam,6.3,0.2,131,14,103,0.64
06-01-2018,West Bengal,Darjeeling,Red,6.8,0.6,88,23,169,0.9
10-12-2023,Manipur,Imphal,Loamy,5.8,0.08,243,39,269,0.68
10-03-2024,Arunachal Pradesh,Itanagar,Loamy,5.8,0.48,185,20,320,0.95
10-06-2016,Gujarat,Rajkot,Sandy,6.7,0.51,103,7,148,0.45
15-01-2022,Nagaland,Kohima,Loamy,8.4,2.01,174,29,271,0.9
14-04-2022,Sikkim,Gangtok,Loamy,6.7,0.67,222,30,269,1.05
02-11-2023,Jharkhand,Ranchi,Loamy,7.6,1.39,280,46,343,0.8
04-05-2024,Delhi,New Delhi,Loamy,7.4,1.12,225,39,321,1.28
12-12-2020,Gujarat,Surat,Black,7.8,0.86,131,16,154,0.96
20-05-2017,Assam,Cachar,Alluvial,6.9,0.78,278,26,374,0.88
07-10-2015,Maharashtra,Nashik,Black,6.6,0.77,133,26,256,1.01
12-02-2023,Ladakh,Leh,Sandy Loam,7.6,1.23,150,24,120,0.93
23-04-2022,Madhya Pradesh,Bhopal,Black,6.1,0.56,202,20,282,0.94
03-12-2022,Meghalaya,Shillong,Loamy,8,2.02,273,28,219,1.11
07-03-2020,Meghalaya,Shillong,Loamy,5.8,0.27,241,14,270,0.74
18-03-2025,Chhattisgarh,Raipur,Loamy,5.9,0.24,145,40,338,0.97
18-10-2019,Tripura,Agartala,Loamy,7.3,0.63,143,36,301,0.71
04-11-2016,Uttar Pradesh,Varanasi,Alluvial,7.2,0.47,178,19,392,1.32
25-02-2018,Madhya Pradesh,Bhopal,Red,5.9,0.27,98,12,101,0.96
19-06-2021,Uttar Pradesh,Kanpur,Sandy,5.7,0.85,81,3,86,0.53
28-11-2015,Andhra Pradesh,Chittoor,Alluvial,6.2,0.65,273,28,342,0.87
19-03-2018,Haryana,Faridabad,Sandy,6.8,0.43,136,12,95,0.78
01-08-2020,Bihar,Gaya,Alluvial,5.8,0.02,163,17,333,1.19
17-01-2019,Rajasthan,Jaipur,Sandy,6.9,0.3,144,14,88,0.6
05-02-2015,Sikkim,Gangtok,Loamy,6.4,0.61,193,31,357,0.73
05-09-2019,Assam,Tinsukia,Laterite,6.5,1.07,101,16,134,0.59
14-12-2018,Odisha,Bhubaneswar,Laterite,6.8,0.82,124,25,184,0.6
21-06-2023,Andhra Pradesh,Guntur,Black,7.2,1.43,127,33,182,0.84
03-03-2021,Andaman and Nicobar Islands,Port Blair,Loamy,7.1,0.66,132,30,221,0.73
10-05-2022,Tamil Nadu,Coimbatore,Red,5.3,0.19,157,25,126,0.48
05-12-2022,Delhi,New Delhi,Loamy,6.3,0.38,127,28,261,1
11-10-2018,Tamil Nadu,Coimbatore,Alluvial,7.3,0.28,203,30,323,1.21
15-03-2016,Chhattisgarh,Raipur,Loamy,6.3,0.47,215,35,225,1.22
08-08-2022,Gujarat,Rajkot,Sandy,6.4,0.67,135,20,89,0.56
24-01-2018,Goa,North Goa,Loamy,7.1,0.7,172,21,224,1.11
08-03-2023,Sikkim,Gangtok,Loamy,6.1,0.41,150,21,242,1.17
13-06-2015,Madhya Pradesh,Bhopal,Black,7.6,0.73,133,27,332,0.67
28-05-2015,Kerala,Ernakulam,Laterite,6.5,0.26,86,22,179,0.52
10-11-2024,Bihar,Gaya,Alluvial,8.1,1.06,191,37,365,1.34
30-05-2021,Haryana,Karnal,Alluvial,6,0.3,183,24,193,1.43
14-07-2015,Dadra and Nagar Haveli and Daman and Diu,Daman,Loamy,6.6,0.79,144,18,180,1.13
24-10-2016,Uttar Pradesh,Lucknow,Alluvial,6.4,0.67,245,37,296,0.98
24-04-2016,Haryana,Gurgaon,Sandy,6.1,0.45,133,14,95,0.53
03-05-2015,Delhi,New Delhi,Loamy,6.6,0.67,140,31,326,1.01
24-11-2018,Andaman and Nicobar Islands,Port Blair,Loamy,7.2,0.86,274,24,185,0.93
09-07-2022,Chhattisgarh,Raipur,Loamy,6.8,0.59,128,31,219,1.15
22-08-2017,West Bengal,Kolkata,Alluvial,6.2,0.71,263,24,325,1.15
24-08-2024,Mizoram,Aizawl,Loamy,7.7,1.49,249,48,344,1.03
01-06-2022,Tamil Nadu,Chennai,Red,6.1,0.76,87,28,151,0.53
11-09-2023,Himachal Pradesh,Shimla,Loamy,6.8,1.21,195,46,258,1.26
14-11-2019,Arunachal Pradesh,Itanagar,Loamy,6.9,1.4,141,39,278,0.91
25-01-2019,Lakshadweep,Kavaratti,Loamy,6.7,0.89,146,21,279,1.09
11-06-2025,Dadra and Nagar Haveli and Daman and Diu,Daman,Loamy,4.5,1.27,111,34,172,0.72
07-07-2020,Gujarat,Ahmedabad,Sandy,6.7,0.2,52,12,108,0.3
17-05-2025,Chandigarh,Chandigarh,Loamy,5.3,0.87,231,10,293,1.06
10-12-2016,Assam,Cachar,Alluvial,5.9,0.01,230,34,392,0.98
09-09-2021,Himachal Pradesh,Mandi,Loamy,6.8,0.75,207,16,334,0.83
30-06-2017,Jharkhand,Ranchi,Loamy,6.8,1.15,202,35,280,1
22-09-2018,Uttar Pradesh,Kanpur,Alluvial,7.1,0.2,190,40,369,0.97
11-05-2023,Andhra Pradesh,Krishna,Alluvial,6.4,0.42,182,44,316,0.84
18-01-2025,Chandigarh,Chandigarh,Loamy,6.7,0.53,188,22,353,0.81
19-10-2023,Manipur,Imphal,Loamy,7.4,1.14,287,36,343,1.12
22-06-2021,Tripura,Agartala,Loamy,6.6,0.62,121,27,353,1.11
01-10-2019,Goa,North Goa,Loamy,7.7,0.96,204,19,313,1.23
08-12-2024,Nagaland,Kohima,Loamy,6,0.33,238,22,247,0.88
29-12-2019,Andhra Pradesh,Krishna,Black,6.6,0.73,201,22,289,0.75
07-11-2024,Assam,Dibrugarh,Alluvial,7,0.21,175,43,349,0.83
29-04-2019,Mizoram,Aizawl,Loamy,6.8,1.08,262,28,285,1.13
04-07-2024,Haryana,Karnal,Sandy,7.2,0.91,76,17,118,0.51
11-11-2016,Mizoram,Aizawl,Loamy,6.6,0.72,221,30,230,1.11
26-08-2018,Tripura,Agartala,Loamy,6.1,0.17,172,41,311,1.21
17-12-2021,Kerala,Thrissur,Laterite,7.6,1.69,141,19,193,0.84
09-07-2016,Andaman and Nicobar Islands,Port Blair,Loamy,6,0.69,219,16,234,1.13
01-09-2016,Tripura,Agartala,Loamy,6.3,0.86,203,39,338,1.18
11-07-2025,Ladakh,Leh,Sandy Loam,6.5,0.23,156,10,164,0.89
26-11-2020,Tripura,Agartala,Loamy,6.8,0.29,190,18,281,1.03
02-08-2025,Andaman and Nicobar Islands,Port Blair,Loamy,7.1,1.6,273,34,337,1.18
07-01-2016,Karnataka,Bangalore,Black,6.4,0.22,215,15,338,1.12
12-12-2022,Bihar,Gaya,Alluvial,5.9,0.42,153,22,308,1.26
07-09-2016,Maharashtra,Nashik,Red,5.6,0.45,183,12,164,0.9
16-09-2022,Mizoram,Aizawl,Loamy,5.9,0.47,223,14,260,0.83
29-03-2020,Arunachal Pradesh,Itanagar,Loamy,6.8,0.21,225,17,351,0.69
03-03-2021,Haryana,Gurgaon,Sandy,7.2,0.36,122,14,119,0.58
26-04-2017,Ladakh,Leh,Sandy Loam,7.1,0.59,120,24,159,0.85
12-02-2015,Jharkhand,Ranchi,Loamy,6.1,0.72,159,16,273,1.08
14-05-2017,Gujarat,Ahmedabad,Sandy,7.1,0.79,120,19,135,0.75
22-06-2018,Ladakh,Leh,Sandy Loam,6.7,0.03,144,19,150,0.52
12-03-2024,Meghalaya,Shillong,Loamy,6.7,0.51,162,39,278,0.81
10-10-2018,Maharashtra,Nagpur,Black,6.6,0.1,153,31,336,0.7
23-02-2017,Meghalaya,Shillong,Loamy,6.2,0.15,155,27,260,0.85
20-04-2016,Tripura,Agartala,Loamy,6.5,0.53,263,32,250,0.85
24-03-2015,Bihar,Patna,Alluvial,6.6,0.72,295,31,242,1.44
07-02-2018,Andaman and Nicobar Islands,Port Blair,Loamy,6.1,0.45,184,23,316,1.09
15-02-2021,Goa,North Goa,Loamy,6.7,0.01,251,22,172,0.74
10-03-2017,Andhra Pradesh,Guntur,Black,6.9,1.08,210,17,177,0.67
24-07-2017,Andhra Pradesh,Guntur,Alluvial,7,0.54,204,23,279,1.28
17-04-2021,Assam,Dibrugarh,Laterite,5.4,0.33,110,20,96,0.75
23-05-2025,Andhra Pradesh,Visakhapatnam,Black,6.4,0.07,235,21,336,0.86
27-05-2021,Andhra Pradesh,Guntur,Black,6.3,0.09,184,37,159,0.99
27-07-2019,Rajasthan,Jodhpur,Desert,8,0.69,61,8,54,0.34
17-12-2023,Chandigarh,Chandigarh,Loamy,6,0.26,269,41,223,0.71
04-08-2025,Lakshadweep,Kavaratti,Loamy,6.9,0.24,274,30,334,0.94
22-11-2015,Delhi,New Delhi,Loamy,6.3,0.68,129,26,337,1
15-03-2019,Sikkim,Gangtok,Loamy,7,1.3,147,28,228,1.22
12-07-2024,Chandigarh,Chandigarh,Loamy,5.7,0.34,166,28,326,1.16
26-01-2025,Bihar,Purnia,Alluvial,7,0.82,232,36,220,1.24
28-07-2025,Tamil Nadu,Madurai,Red,4.7,0.62,139,20,217,0.76
08-06-2020,Tripura,Agartala,Loamy,8.2,1.78,158,27,237,1
18-05-2020,Kerala,Kozhikode,Laterite,6.1,1.05,175,14,91,1
16-04-2017,Mizoram,Aizawl,Loamy,6.2,0.27,166,20,321,1.07
22-05-2016,Manipur,Imphal,Loamy,6.3,0.43,216,35,243,1.16
10-08-2022,Jharkhand,Ranchi,Loamy,6.2,0.08,212,17,298,0.68
20-01-2025,Jammu and Kashmir,Srinagar,Loamy,7.5,0.75,174,36,357,1.08
20-10-2020,Andaman and Nicobar Islands,Port Blair,Loamy,6.8,0.56,201,36,295,1.08
24-06-2018,Kerala,Ernakulam,Laterite,6.5,1.16,133,17,177,0.76
02-10-2016,Andhra Pradesh,Krishna,Alluvial,6.2,0.74,178,36,345,1.26
23-05-2025,Andhra Pradesh,Chittoor,Black,6.3,0.06,138,26,177,1.14
07-03-2023,Jharkhand,Ranchi,Loamy,6.5,0.23,225,26,257,1.2
22-02-2020,Nagaland,Kohima,Loamy,7.5,0.95,187,18,257,1.29
30-08-2016,Arunachal Pradesh,Itanagar,Loamy,6.2,0.55,251,27,217,1.21
06-01-2025,Haryana,Karnal,Alluvial,8.2,2.36,297,51,358,1.22
12-05-2020,Sikkim,Gangtok,Loamy,8.1,1.64,273,28,319,1.37
19-07-2016,Sikkim,Gangtok,Loamy,6.5,0.57,250,23,308,0.88
29-09-2018,Uttar Pradesh,Varanasi,Alluvial,6.8,0.62,154,22,386,1.37
02-10-2020,Uttar Pradesh,Varanasi,Alluvial,7,0.72,214,45,214,1.17
20-10-2019,Himachal Pradesh,Shimla,Loamy,6.8,0.97,142,28,202,1.01
19-01-2022,Rajasthan,Udaipur,Desert,6.6,1.21,93,2,29,0.18
12-04-2022,Dadra and Nagar Haveli and Daman and Diu,Daman,Loamy,6.6,0.25,118,17,292,0.84
12-11-2024,Goa,North Goa,Loamy,6,0.57,183,26,299,0.92
01-05-2019,Maharashtra,Nagpur,Red,6.7,0.79,121,15,113,0.54
09-06-2020,Delhi,New Delhi,Loamy,6.9,0.8,145,36,280,0.99
18-02-2021,Gujarat,Rajkot,Black,7.1,0.07,143,23,179,0.85
06-10-2020,Telangana,Nizamabad,Red,5.5,0.02,121,21,119,0.98
09-08-2024,Himachal Pradesh,Kangra,Loamy,5.6,0.4,117,31,286,1.17
18-09-2023,Karnataka,Mysore,Black,7.5,0.6,133,36,282,0.74
09-05-2015,Tamil Nadu,Chennai,Red,5.6,0.45,166,15,125,0.45
16-02-2020,Arunachal Pradesh,Itanagar,Loamy,7.6,1.32,231,33,269,0.85
06-12-2016,Manipur,Imphal,Loamy,6.7,0.39,195,37,261,1.01
01-05-2017,Jammu and Kashmir,Srinagar,Loamy,6.2,0.66,179,22,298,0.94
20-04-2024,Ladakh,Leh,Sandy Loam,7.9,1.23,79,18,118,0.56
08-01-2015,West Bengal,Howrah,Red,6.3,0.64,145,15,219,0.66
07-09-2020,Bihar,Patna,Alluvial,7.5,1.35,230,33,358,0.95
09-02-2018,Jharkhand,Ranchi,Loamy,6.2,0.17,164,19,221,1
14-03-2023,Goa,North Goa,Loamy,7,1,157,22,205,1.28
02-04-2025,Chandigarh,Chandigarh,Loamy,7.8,1.01,172,28,244,1.02
18-12-2020,Jammu and Kashmir,Srinagar,Loamy,6.5,0.58,162,23,286,0.8
13-02-2021,Jharkhand,Ranchi,Loamy,5.2,0.29,223,18,235,0.69
26-08-2019,Lakshadweep,Kavaratti,Loamy,6,0.52,177,21,199,1.1
19-07-2022,Assam,Kamrup,Alluvial,6.6,0.66,281,39,228,1.22
07-02-2019,Uttar Pradesh,Kanpur,Sandy,6.2,0.29,57,18,96,0.66
28-05-2024,Manipur,Imphal,Loamy,6.3,0.37,143,27,341,0.81
20-12-2023,Mizoram,Aizawl,Loamy,7.6,0.96,258,33,226,1.27
09-03-2021,Uttarakhand,Dehradun,Loamy,7.1,0.84,226,23,278,1.09
03-07-2019,Nagaland,Kohima,Loamy,6.9,0.18,192,24,253,0.79
03-10-2015,Odisha,Bhubaneswar,Laterite,5.7,0.41,169,14,120,0.65
11-08-2023,Kerala,Kozhikode,Red,5.8,0.09,131,20,161,0.83
30-08-2019,Telangana,Nizamabad,Red,6,0.61,162,20,176,0.85
01-12-2019,Chhattisgarh,Raipur,Loamy,6.2,0.24,189,41,259,1.03
31-08-2015,Telangana,Nizamabad,Black,7.1,0.44,125,24,158,0.7
25-07-2025,Uttarakhand,Dehradun,Loamy,5.4,0.82,156,24,300,1.06
09-09-2023,Chandigarh,Chandigarh,Loamy,5.5,0.23,221,19,250,1.13
23-04-2023,Manipur,Imphal,Loamy,7.3,1,141,44,309,1.1
25-06-2022,Puducherry,Puducherry,Loamy,6.1,0.43,146,36,294,1.28
20-06-2015,Uttarakhand,Dehradun,Loamy,6.4,0.47,227,20,264,0.71
14-10-2016,Punjab,Amritsar,Alluvial,6.4,0.52,171,39,316,1.39
16-04-2020,Lakshadweep,Kavaratti,Loamy,7.4,1.01,139,33,327,1.12
13-02-2021,Bihar,Gaya,Alluvial,6.6,0.13,152,40,293,1.25
13-08-2024,Chhattisgarh,Raipur,Loamy,7.1,1.57,273,39,247,0.91
14-01-2018,Haryana,Faridabad,Alluvial,7,0.87,237,41,317,1.22
08-02-2019,Sikkim,Gangtok,Loamy,7,0.56,265,41,312,1.15
30-09-2020,Gujarat,Surat,Sandy,7.5,1.01,69,20,108,0.66
28-11-2020,Sikkim,Gangtok,Loamy,7,0.33,174,22,200,0.79
26-05-2020,Chandigarh,Chandigarh,Loamy,7.4,0.84,214,43,286,1.29
03-01-2023,Meghalaya,Shillong,Loamy,7.1,0.5,260,33,267,1.17
30-09-2025,Manipur,Imphal,Loamy,7.6,1.42,266,20,346,1.23
02-12-2017,Chhattisgarh,Raipur,Loamy,7.3,0.88,263,16,360,0.84
08-03-2021,Assam,Cachar,Laterite,6,0.62,156,19,194,0.89
28-07-2020,Tamil Nadu,Madurai,Red,5.4,0.02,109,15,194,0.91
16-12-2023,Jharkhand,Ranchi,Loamy,7.6,1.74,212,42,297,1.02
17-08-2025,Chhattisgarh,Raipur,Loamy,6.8,0.98,282,28,336,0.8
07-05-2017,Tamil Nadu,Coimbatore,Red,6.1,0.69,184,25,223,0.93
20-06-2025,Manipur,Imphal,Loamy,6.4,0.02,156,36,225,0.79
28-04-2022,Nagaland,Kohima,Loamy,6.6,0.79,236,40,243,1.24
15-11-2017,Tripura,Agartala,Loamy,5.8,0.57,184,24,342,0.76
26-10-2015,Haryana,Karnal,Alluvial,6.6,0.71,277,38,398,1.39
15-08-2023,Dadra and Nagar Haveli and Daman and Diu,Daman,Loamy,5.7,0.69,197,16,213,1
12-07-2017,Rajasthan,Jodhpur,Sandy,6.4,0.42,143,16,67,0.51
17-05-2015,Arunachal Pradesh,Itanagar,Loamy,6.9,0.63,145,17,303,1.07
09-11-2017,Sikkim,Gangtok,Loamy,6.1,0.58,273,21,228,1.11
23-10-2021,Haryana,Gurgaon,Sandy,5.7,0.71,134,10,63,0.46
30-07-2015,Tamil Nadu,Chennai,Red,6.1,0.48,127,13,200,0.88
31-08-2022,Lakshadweep,Kavaratti,Loamy,7,0.33,185,44,192,1.17
24-04-2019,Haryana,Hisar,Alluvial,7.1,0.69,297,48,262,1.07
18-10-2021,Bihar,Gaya,Alluvial,6.5,0.22,206,49,296,1.46
18-02-2017,Chandigarh,Chandigarh,Loamy,6.6,0.87,263,39,228,0.93
15-05-2018,Odisha,Bhubaneswar,Red,6.1,0.71,198,16,191,1.01
22-10-2021,Tamil Nadu,Chennai,Alluvial,6.8,1.06,169,35,256,0.85
08-12-2019,Nagaland,Kohima,Loamy,6.8,0.2,228,32,199,0.76
06-06-2022,Andaman and Nicobar Islands,Port Blair,Loamy,7.6,1.48,248,27,330,1.04
01-12-2017,Tamil Nadu,Chennai,Red,6.5,0.45,98,11,223,0.53
15-02-2016,Delhi,New Delhi,Loamy,6.7,0.54,152,28,284,0.95
03-11-2024,Nagaland,Kohima,Loamy,6.5,0.28,179,34,329,0.86
24-10-2022,Delhi,New Delhi,Loamy,6.8,1.22,166,41,347,1.04
11-04-2022,Gujarat,Ahmedabad,Sandy,7.3,1.64,109,13,108,0.57
02-03-2016,West Bengal,Kolkata,Red,6.2,0.4,166,24,166,0.48
29-02-2024,Andhra Pradesh,Chittoor,Black,8.5,1.86,259,46,271,0.76
11-01-2019,Puducherry,Puducherry,Loamy,6.7,0.94,153,41,347,1.1
28-01-2023,Odisha,Bhubaneswar,Laterite,5.7,0.14,146,16,165,0.96
30-07-2017,Dadra and Nagar Haveli and Daman and Diu,Daman,Loamy,7.2,0.62,131,37,328,0.78
22-03-2020,Madhya Pradesh,Bhopal,Black,8,1.51,144,33,218,1.13
11-01-2017,Telangana,Warangal,Red,5.2,0.34,136,24,152,0.88
24-10-2018,Chhattisgarh,Raipur,Loamy,6.7,0.97,179,20,271,1.05
28-05-2018,Tamil Nadu,Chennai,Red,5.7,0.58,141,29,150,0.6
20-05-2019,Odisha,Bhubaneswar,Laterite,5.1,0.08,152,12,107,0.48
09-06-2018,Andhra Pradesh,Chittoor,Black,7.2,0.41,180,18,238,0.66
24-11-2015,Delhi,New Delhi,Loamy,6.7,0.32,221,36,283,0.98
06-01-2019,Delhi,New Delhi,Loamy,7.2,0.83,235,35,219,1.2
30-09-2020,Lakshadweep,Kavaratti,Loamy,6.7,0.07,218,25,184,1.18
20-05-2020,West Bengal,Howrah,Red,5.9,0.18,99,12,221,0.89
11-01-2016,Kerala,Thrissur,Red,6.5,0.33,190,30,218,0.62
20-09-2015,Himachal Pradesh,Mandi,Loamy,6.3,0.37,252,21,343,1.06
24-09-2015,Karnataka,Mysore,Red,6.2,0.59,82,24,190,0.71
03-08-2021,Delhi,New Delhi,Loamy,6.6,0.89,149,46,222,1.22
11-04-2024,Odisha,Bhubaneswar,Laterite,5,0.14,112,20,154,0.89
18-04-2024,Puducherry,Puducherry,Loamy,6.4,0.9,260,32,256,1.19
28-04-2020,Gujarat,Rajkot,Sandy,6.7,0.2,139,13,113,0.57
26-03-2025,Dadra and Nagar Haveli and Daman and Diu,Daman,Loamy,8.8,2.82,291,37,297,0.92
08-03-2020,Arunachal Pradesh,Itanagar,Loamy,6.6,0.28,234,38,308,1.02
16-03-2020,Odisha,Bhubaneswar,Laterite,6.9,1.57,179,23,115,0.67
23-05-2022,Lakshadweep,Kavaratti,Loamy,6.8,0.9,159,30,211,0.88
13-12-2024,Jharkhand,Ranchi,Loamy,5.9,0.07,148,17,334,1.04
11-07-2019,Haryana,Faridabad,Alluvial,6,0.07,234,39,242,1
15-12-2018,Uttar Pradesh,Kanpur,Sandy,6.2,0.16,114,11,145,0.6
15-02-2015,Chandigarh,Chandigarh,Loamy,7.1,0.76,251,23,258,0.7
28-08-2025,Karnataka,Hubli,Black,4.8,1,183,31,214,0.62
22-08-2016,Punjab,Amritsar,Alluvial,6.4,0.42,196,50,236,0.81
20-12-2016,Punjab,Ludhiana,Alluvial,6.6,0.67,257,30,347,1.25
27-03-2020,Himachal Pradesh,Mandi,Loamy,6.7,0.67,162,35,295,1.04
16-07-2018,Haryana,Hisar,Sandy,6,0.26,136,11,69,0.7
23-08-2016,Manipur,Imphal,Loamy,6.2,0.44,130,36,260,0.94
16-01-2016,Puducherry,Puducherry,Loamy,6,0.78,122,31,294,1.24
28-04-2015,Telangana,Warangal,Red,6.4,0.61,172,14,205,0.78
16-12-2024,Delhi,New Delhi,Loamy,6.4,0.31,233,35,201,0.8
03-12-2020,Uttarakhand,Dehradun,Loamy,6.5,0.13,225,18,251,0.87
18-02-2025,Rajasthan,Jodhpur,Desert,7.5,0.3,77,12,54,0.45
17-09-2015,Chhattisgarh,Raipur,Loamy,6.4,0.43,247,29,248,1.19
03-01-2018,Jammu and Kashmir,Srinagar,Loamy,6,0.49,234,32,302,1.08
12-02-2019,Rajasthan,Udaipur,Sandy,7.2,0.68,66,13,100,0.55
10-06-2021,Bihar,Gaya,Alluvial,6.8,0.62,156,46,351,0.93
16-08-2020,Meghalaya,Shillong,Loamy,6.6,0.71,158,35,362,0.83
01-01-2016,Dadra and Nagar Haveli and Daman and Diu,Daman,Loamy,7,0.54,153,39,345,0.93
16-07-2019,Uttar Pradesh,Varanasi,Alluvial,5.9,0.01,179,24,226,1.37
14-01-2022,Jammu and Kashmir,Srinagar,Loamy,5.9,0.33,232,20,357,0.72
12-05-2024,Goa,North Goa,Loamy,5.4,0.03,269,40,309,1.21
01-01-2019,Delhi,New Delhi,Loamy,6.5,0.28,219,35,322,0.89
17-07-2020,Rajasthan,Udaipur,Sandy,6.7,0.88,92,19,85,0.43
31-12-2023,Meghalaya,Shillong,Loamy,8,1.99,207,52,387,1.29
12-10-2021,Puducherry,Puducherry,Loamy,6.4,0.17,174,30,304,0.74
01-03-2017,Manipur,Imphal,Loamy,6.5,0.44,251,36,204,1.17
09-10-2024,Goa,North Goa,Loamy,6.3,0.58,159,29,281,0.71
20-11-2024,Arunachal Pradesh,Itanagar,Loamy,6.3,0.4,230,18,260,1.03
16-01-2017,Telangana,Hyderabad,Red,6,0.45,141,18,125,0.54
11-08-2021,West Bengal,Darjeeling,Alluvial,6.7,0,192,24,362,1.03
09-11-2015,Andhra Pradesh,Guntur,Red,6.6,0.57,91,26,181,0.81
21-06-2016,Andhra Pradesh,Krishna,Red,6,0.14,186,12,213,0.95
09-07-2017,West Bengal,Howrah,Alluvial,6.1,0.3,259,41,205,0.84
13-12-2017,Ladakh,Leh,Sandy Loam,6.3,0.37,95,20,157,0.8
21-11-2024,Punjab,Ludhiana,Alluvial,5.2,0.13,229,42,305,1.05
30-01-2019,Haryana,Hisar,Alluvial,5.8,0.1,274,46,356,1.4
22-12-2022,Andhra Pradesh,Visakhapatnam,Alluvial,8,1.02,178,41,281,1.09
10-11-2023,Uttar Pradesh,Varanasi,Sandy,5.7,0.02,73,9,74,0.57
30-09-2022,Tripura,Agartala,Loamy,6.4,0.83,270,41,347,1.28
09-07-2021,Jharkhand,Ranchi,Loamy,7.3,1.17,247,26,214,1.2
27-11-2024,Kerala,Thrissur,Red,5.4,0.12,181,10,205,0.58
08-03-2017,Gujarat,Surat,Black,7,0.53,225,15,290,0.72
14-12-2015,Kerala,Thrissur,Red,6.6,0.39,121,24,208,0.78
30-09-2015,Mizoram,Aizawl,Loamy,6.1,0.78,192,24,335,0.89
30-03-2023,Chhattisgarh,Raipur,Loamy,5.9,0.63,211,13,264,0.67
20-12-2016,Maharashtra,Nashik,Black,6.9,0.54,220,31,299,0.74
09-11-2019,Puducherry,Puducherry,Loamy,6.4,0.63,124,41,249,0.75
17-07-2024,Mizoram,Aizawl,Loamy,5.3,0.76,222,20,162,0.61
22-12-2021,Jammu and Kashmir,Srinagar,Loamy,7.5,1.25,155,36,246,0.82
31-08-2023,Andhra Pradesh,Krishna,Alluvial,7.7,1.19,235,51,240,1.32
15-11-2016,Ladakh,Leh,Sandy Loam,6.9,0.06,88,24,152,0.42
27-10-2020,Manipur,Imphal,Loamy,8.2,1.7,233,47,320,1.36
13-09-2016,Odisha,Bhubaneswar,Red,6.2,0.62,156,21,150,0.95
01-08-2020,Chhattisgarh,Raipur,Loamy,6.5,0.21,158,39,224,0.7
02-01-2024,Odisha,Bhubaneswar,Red,5.1,0.22,124,12,176,0.65
04-08-2017,Chhattisgarh,Raipur,Loamy,6.6,0.67,181,35,281,1.17
02-08-2021,Kerala,Thrissur,Red,5.1,0.23,177,7,181,0.81
19-04-2022,Odisha,Bhubaneswar,Red,7.1,1.13,110,27,238,0.9
21-05-2016,Kerala,Kozhikode,Laterite,5.8,0.46,177,10,159,0.89
02-05-2019,Ladakh,Leh,Sandy Loam,6.6,0.08,123,14,99,0.51
27-11-2023,Kerala,Ernakulam,Laterite,6.7,1.11,94,15,102,0.91
08-03-2022,Nagaland,Kohima,Loamy,7,1.31,197,35,301,1.04
31-01-2024,Puducherry,Puducherry,Loamy,5.6,0.15,179,19,333,1.1
01-09-2015,Delhi,New Delhi,Loamy,7.2,0.42,272,36,277,1.29
20-05-2016,Nagaland,Kohima,Loamy,6.2,0.26,173,37,237,0.74
26-02-2016,Andaman and Nicobar Islands,Port Blair,Loamy,5.9,0.28,250,43,297,0.87
14-04-2024,Chhattisgarh,Raipur,Loamy,7.1,0.97,267,38,207,0.98
25-08-2023,Tripura,Agartala,Loamy,8.2,1.5,265,23,246,0.83
14-03-2021,Telangana,Hyderabad,Black,6.7,0.43,123,37,209,0.9
01-10-2024,Andaman and Nicobar Islands,Port Blair,Loamy,6.6,0.6,276,34,236,0.89
30-10-2024,Delhi,New Delhi,Loamy,6.1,0.57,236,29,339,0.99
03-03-2024,Jharkhand,Ranchi,Loamy,5.2,0.66,268,20,252,0.75
16-02-2020,Delhi,New Delhi,Loamy,5.8,0.24,203,15,331,0.97
21-05-2025,Tamil Nadu,Madurai,Alluvial,7.3,1.62,244,49,297,1.51
15-05-2023,Karnataka,Hubli,Red,5.9,0.05,191,24,141,0.73
07-04-2018,Telangana,Warangal,Red,6.4,0.31,178,25,234,0.83
26-11-2015,Telangana,Hyderabad,Black,7.6,0.4,222,39,313,0.97
11-10-2016,Gujarat,Ahmedabad,Sandy,6.3,0.33,124,7,96,0.7
04-01-2019,Rajasthan,Udaipur,Desert,8.1,0.42,92,10,86,0.25
26-01-2016,Punjab,Patiala,Alluvial,6.4,0.43,296,20,261,1.21
28-02-2019,Jharkhand,Ranchi,Loamy,5.5,0.24,159,30,315,1.01
16-01-2016,Tripura,Agartala,Loamy,6.8,0.76,202,27,274,1.03
31-03-2024,Ladakh,Leh,Sandy Loam,6,0.92,134,9,130,0.46
11-01-2017,Manipur,Imphal,Loamy,6.9,0.79,235,37,315,1.23
03-07-2020,Goa,North Goa,Loamy,6.6,0.73,279,42,293,0.74
30-03-2017,Arunachal Pradesh,Itanagar,Loamy,7.2,0.39,125,31,336,1.3
03-11-2016,Kerala,Kozhikode,Red,6,0.28,104,28,171,0.92
04-01-2022,Bihar,Muzaffarpur,Alluvial,6.5,0.01,219,46,282,1.31
07-11-2019,Tamil Nadu,Madurai,Red,5.5,0.41,150,12,145,0.84
16-03-2023,Madhya Pradesh,Bhopal,Red,5.7,0.44,170,25,145,0.44
26-04-2018,Mizoram,Aizawl,Loamy,6,0.53,232,26,274,0.86
18-07-2017,Dadra and Nagar Haveli and Daman and Diu,Daman,Loamy,7.1,0.59,274,24,349,1.03
20-03-2019,Meghalaya,Shillong,Loamy,6.3,0.2,264,20,284,0.86
01-07-2017,Uttar Pradesh,Varanasi,Alluvial,6.8,0.14,207,22,391,0.93
05-10-2016,West Bengal,Howrah,Alluvial,7.7,0.63,163,21,323,1.25
02-03-2016,Andhra Pradesh,Visakhapatnam,Alluvial,6.4,0.34,255,32,313,0.99
16-05-2016,Kerala,Thrissur,Red,6.4,0.23,199,23,122,0.83
30-12-2016,Punjab,Amritsar,Alluvial,6.5,0.84,153,32,222,1.08
07-07-2018,Arunachal Pradesh,Itanagar,Loamy,6.3,0.81,132,34,226,0.83
24-10-2024,Ladakh,Leh,Sandy Loam,8,1.51,163,17,138,0.65
19-10-2020,Manipur,Imphal,Loamy,6,0.25,202,36,265,1.13
30-11-2021,Sikkim,Gangtok,Loamy,7.7,1.14,252,32,319,0.78
24-11-2023,Lakshadweep,Kavaratti,Loamy,7.4,0.98,265,25,236,0.96
01-04-2016,Punjab,Amritsar,Alluvial,6.7,0.63,182,23,206,1.07
14-02-2021,Ladakh,Leh,Sandy Loam,6.2,0.71,124,19,95,0.53
18-10-2015,Delhi,New Delhi,Loamy,6.9,0.75,250,16,234,1.06
31-10-2024,Manipur,Imphal,Loamy,6,0.06,202,28,299,1.26
03-07-2025,Assam,Dibrugarh,Laterite,5.1,0.92,128,9,107,0.57
08-07-2017,Andaman and Nicobar Islands,Port Blair,Loamy,7.3,0.92,137,26,194,1.03
28-05-2021,Uttarakhand,Dehradun,Loamy,6.7,0.13,161,37,268,1.17
23-05-2020,Chhattisgarh,Raipur,Loamy,6.4,0.62,205,17,263,1.02
25-01-2017,Dadra and Nagar Haveli and Daman and Diu,Daman,Loamy,6.4,0.74,242,42,277,0.84
17-07-2019,Sikkim,Gangtok,Loamy,7.1,0.82,138,22,338,1
09-01-2020,Jammu and Kashmir,Srinagar,Loamy,6.8,1.01,158,27,214,0.75
30-07-2018,Gujarat,Ahmedabad,Black,6.5,0.48,137,31,249,0.88
17-04-2019,Goa,North Goa,Loamy,6.4,0.63,209,41,212,0.79
13-02-2020,Uttar Pradesh,Kanpur,Sandy,7.2,0.82,156,8,108,0.45
12-01-2016,Andhra Pradesh,Chittoor,Red,6.7,0.59,104,12,210,0.67
18-03-2025,Odisha,Bhubaneswar,Laterite,6.8,1.76,101,22,204,0.96
25-03-2018,Gujarat,Rajkot,Black,7.2,0.42,188,30,191,0.65
22-05-2016,Ladakh,Leh,Sandy Loam,6.6,0.2,111,17,138,0.7
07-12-2018,Kerala,Ernakulam,Red,6.1,0.13,129,21,168,0.68
19-01-2022,Punjab,Ludhiana,Alluvial,6.5,1.19,219,38,288,1.24
19-05-2024,Tamil Nadu,Madurai,Red,6.2,0.54,181,29,215,0.77
12-07-2016,Tripura,Agartala,Loamy,6.5,0.31,160,23,256,1.06
01-07-2025,Chandigarh,Chandigarh,Loamy,5.5,0.49,270,39,196,0.98
03-12-2023,Andaman and Nicobar Islands,Port Blair,Loamy,8.1,2.15,247,47,288,0.91
30-06-2023,Dadra and Nagar Haveli and Daman and Diu,Daman,Loamy,7.7,1.25,240,24,322,1.06
26-04-2021,Nagaland,Kohima,Loamy,5.6,1.02,188,14,203,1.06
25-02-2016,Odisha,Bhubaneswar,Red,5.7,0.68,140,20,164,0.92
02-04-2019,Bihar,Patna,Alluvial,6.6,1.06,293,27,407,1.53
01-12-2024,Andhra Pradesh,Chittoor,Alluvial,5.4,0.98,155,35,290,1.07
31-10-2015,Manipur,Imphal,Loamy,6.3,0.42,278,34,328,0.93
30-07-2017,Haryana,Faridabad,Sandy,6.4,0.48,144,9,107,0.79
08-07-2023,Manipur,Imphal,Loamy,7.6,1.21,137,30,309,1.01
30-09-2024,Manipur,Imphal,Loamy,6.4,0.56,191,22,310,0.76
04-03-2025,Sikkim,Gangtok,Loamy,5.3,0.91,261,17,214,0.99
02-02-2022,Nagaland,Kohima,Loamy,6.6,0.05,167,14,202,1.04
30-03-2025,Meghalaya,Shillong,Loamy,5.7,0.42,124,13,179,0.68
25-07-2018,Arunachal Pradesh,Itanagar,Loamy,7.1,0.53,154,17,210,1.05
19-12-2023,Ladakh,Leh,Sandy Loam,7.4,0.56,113,16,89,0.62
25-12-2017,Punjab,Ludhiana,Alluvial,7.2,1.02,230,36,268,0.96
25-11-2020,Meghalaya,Shillong,Loamy,6.8,1.27,229,36,292,1.24
04-05-2021,Assam,Kamrup,Alluvial,7.4,0.85,187,39,398,0.9
19-03-2021,Chandigarh,Chandigarh,Loamy,6.5,0.13,227,36,194,0.66
02-01-2020,Arunachal Pradesh,Itanagar,Loamy,7,0.14,265,31,195,0.77
03-04-2019,Jammu and Kashmir,Srinagar,Loamy,6.5,0.26,143,40,197,0.97
28-08-2023,Uttar Pradesh,Kanpur,Sandy,6.9,1.02,76,10,131,0.5
23-11-2016,Chhattisgarh,Raipur,Loamy,6.7,0.7,185,38,320,0.86
12-09-2015,Arunachal Pradesh,Itanagar,Loamy,7,0.57,152,36,280,0.91
18-01-2019,Punjab,Amritsar,Alluvial,6.6,0.74,183,43,355,1.29
19-04-2021,Puducherry,Puducherry,Loamy,6.4,0.21,239,20,172,0.82
14-09-2015,Puducherry,Puducherry,Loamy,6.4,0.78,155,40,292,0.8
27-08-2021,Punjab,Ludhiana,Alluvial,6.7,0.5,190,38,341,1.14
17-03-2016,Tripura,Agartala,Loamy,6.9,0.41,260,28,178,1.03
25-02-2020,Punjab,Ludhiana,Alluvial,6.9,0.86,206,44,303,1.13
31-03-2022,Tripura,Agartala,Loamy,7.1,1.6,261,33,336,1.14
18-01-2018,Maharashtra,Nashik,Red,6.5,0.72,115,29,156,0.41
17-06-2025,Kerala,Thrissur,Laterite,5,0.08,91,12,84,0.93
03-09-2021,Chhattisgarh,Raipur,Loamy,6.9,0.82,191,24,296,0.77
04-08-2016,Arunachal Pradesh,Itanagar,Loamy,6.9,0.62,251,45,339,1.14
13-07-2023,Meghalaya,Shillong,Loamy,5.7,0.74,112,27,228,1.11
02-10-2019,Chandigarh,Chandigarh,Loamy,6.6,0.49,245,24,350,0.82
24-03-2025,Telangana,Warangal,Black,7.6,0.98,139,30,307,0.7
30-03-2022,Chandigarh,Chandigarh,Loamy,6.7,0.23,220,15,215,0.96
19-01-2015,Karnataka,Mysore,Red,6.1,0.44,177,18,172,0.72
29-01-2018,Maharashtra,Mumbai,Red,6.4,0.62,163,19,146,0.96
08-04-2022,Tamil Nadu,Chennai,Red,5.1,0.79,70,18,116,0.43
04-07-2025,Meghalaya,Shillong,Loamy,6.1,0.82,214,30,304,0.92
12-10-2018,Rajasthan,Jaipur,Sandy,5.6,0.14,67,14,86,0.38
15-04-2019,Bihar,Patna,Alluvial,7.1,0.44,266,34,366,0.91
29-06-2025,Delhi,New Delhi,Loamy,4.9,0.38,225,19,201,0.71
11-09-2020,Maharashtra,Mumbai,Red,5.3,0.04,90,22,185,0.72
16-06-2020,Odisha,Bhubaneswar,Laterite,5.1,0.2,130,22,175,0.73
14-01-2024,Chhattisgarh,Raipur,Loamy,7.5,1.56,210,45,285,0.8
28-03-2019,Ladakh,Leh,Sandy Loam,6.8,0.22,70,13,117,0.77
18-02-2025,Dadra and Nagar Haveli and Daman and Diu,Daman,Loamy,7.7,1.25,189,36,295,1.3
11-05-2017,Nagaland,Kohima,Loamy,6.4,0.93,171,40,286,1.24
04-06-2015,Dadra and Nagar Haveli and Daman and Diu,Daman,Loamy,6.3,0.65,256,38,282,1.11
26-07-2024,Chandigarh,Chandigarh,Loamy,5.8,0.18,141,21,335,1.1
23-06-2017,Rajasthan,Udaipur,Sandy,6.6,0.16,119,13,55,0.58
23-06-2018,Chandigarh,Chandigarh,Loamy,6.1,0.45,246,41,303,1.05
09-02-2016,Bihar,Gaya,Alluvial,6.2,0.25,187,29,321,1.41
23-04-2017,Chhattisgarh,Raipur,Loamy,6.8,0.49,271,35,277,0.77
18-11-2019,Jharkhand,Ranchi,Loamy,7.3,0.75,267,21,194,0.99
14-04-2019,Uttarakhand,Dehradun,Loamy,6.4,0.19,139,25,184,0.91
30-03-2018,Meghalaya,Shillong,Loamy,6.5,0.61,173,16,322,0.82
16-01-2017,Chandigarh,Chandigarh,Loamy,7.3,0.8,248,30,273,1.05
22-09-2019,Madhya Pradesh,Bhopal,Red,6.5,0.7,176,23,236,0.84
24-09-2023,Ladakh,Leh,Sandy Loam,7.1,0.51,126,11,80,0.56
28-09-2015,Rajasthan,Jodhpur,Desert,7.8,0.11,52,6,43,0.52
08-02-2017,Manipur,Imphal,Loamy,6.4,0.7,141,16,294,1.01
12-09-2019,Punjab,Patiala,Alluvial,6.3,0.13,234,42,206,1.05
19-02-2019,Punjab,Patiala,Alluvial,6.7,1.04,277,24,302,1.28
21-06-2015,Chhattisgarh,Raipur,Loamy,6.7,0.64,188,42,229,0.76
01-10-2015,Lakshadweep,Kavaratti,Loamy,6.5,0.49,272,27,194,0.88
25-04-2021,Goa,North Goa,Loamy,7.4,0.66,238,25,321,1.04
04-03-2018,Chandigarh,Chandigarh,Loamy,5.8,0.06,248,34,225,1.16
03-09-2019,Uttar Pradesh,Kanpur,Sandy,7.1,0.43,124,11,102,0.54
21-05-2025,Madhya Pradesh,Bhopal,Red,3.9,1.14,178,15,147,0.33
07-11-2019,Andaman and Nicobar Islands,Port Blair,Loamy,7.2,1.05,223,44,318,1.21
26-02-2016,Chhattisgarh,Raipur,Loamy,6.1,0.58,231,25,203,1.2
15-12-2018,Tripura,Agartala,Loamy,6.2,0.12,140,41,198,0.89
24-04-2018,Madhya Pradesh,Bhopal,Black,6.8,0.42,246,25,218,0.81
08-08-2021,Telangana,Nizamabad,Black,8,1.63,160,32,360,0.88
26-01-2025,Dadra and Nagar Haveli and Daman and Diu,Daman,Loamy,6.7,0.35,144,40,298,1
22-08-2021,Punjab,Patiala,Alluvial,8.5,2.09,224,37,377,1.25
03-11-2024,Haryana,Gurgaon,Sandy,6.6,0.17,134,6,70,0.39
02-08-2016,Himachal Pradesh,Kangra,Sandy Loam,7.2,0.1,119,18,137,0.74
09-06-2017,Rajasthan,Jodhpur,Sandy,6.5,0.04,56,7,75,0.5
22-12-2016,Punjab,Patiala,Alluvial,7.3,0.52,221,26,392,1.44
12-12-2023,Manipur,Imphal,Loamy,6.2,0.05,180,15,196,1.23
30-05-2017,Uttar Pradesh,Lucknow,Alluvial,7.1,0.4,273,24,346,1.25
26-01-2018,Karnataka,Belgaum,Red,5.6,0.25,86,15,221,0.62
06-04-2022,Karnataka,Hubli,Black,6.8,0.13,235,25,145,0.87
30-06-2020,Uttarakhand,Dehradun,Loamy,6.5,0.16,152,30,217,0.74
31-08-2020,Chandigarh,Chandigarh,Loamy,6.2,0.06,262,27,177,0.81
13-01-2019,Odisha,Bhubaneswar,Red,6,0.36,130,14,212,0.7
18-11-2023,Puducherry,Puducherry,Loamy,7.4,0.9,125,46,282,0.8
18-01-2016,Tamil Nadu,Madurai,Alluvial,7,0.42,273,30,209,0.8
21-12-2020,Andhra Pradesh,Visakhapatnam,Red,6.2,0.23,91,9,228,0.41
20-12-2018,Assam,Dibrugarh,Alluvial,7.7,0.7,184,46,283,1.01
24-06-2023,Assam,Cachar,Laterite,5.2,0.05,91,14,124,0.87
25-12-2021,West Bengal,Howrah,Red,7.1,1.15,102,30,204,0.89
01-12-2023,Maharashtra,Pune,Black,8.1,1.03,171,31,229,0.81
23-08-2023,Chandigarh,Chandigarh,Loamy,7.6,1.23,176,28,287,1.26
10-05-2019,Chhattisgarh,Raipur,Loamy,6.7,1,172,27,322,1.14
22-11-2019,Manipur,Imphal,Loamy,7.2,0.92,197,26,337,1.07
24-05-2015,Maharashtra,Mumbai,Red,6.7,0.33,197,18,158,0.54
01-03-2020,Maharashtra,Nashik,Black,5.6,0.39,224,16,227,0.84
30-08-2019,Haryana,Karnal,Sandy,6.2,0.29,94,19,76,0.32
06-12-2018,Haryana,Faridabad,Alluvial,7,0.69,264,30,361,1.02
12-08-2015,Odisha,Bhubaneswar,Laterite,5.8,0.56,93,22,112,0.83
08-08-2015,Lakshadweep,Kavaratti,Loamy,6.8,0.6,184,16,266,0.79
28-06-2015,Dadra and Nagar Haveli and Daman and Diu,Daman,Loamy,6.4,0.59,270,30,215,1.27
13-07-2019,Andaman and Nicobar Islands,Port Blair,Loamy,6.3,0.7,173,28,319,1.24
08-03-2016,Karnataka,Mysore,Red,5.7,0.33,80,27,242,0.57
22-09-2015,Madhya Pradesh,Bhopal,Red,6,0.4,137,13,109,0.83
11-08-2017,Uttarakhand,Dehradun,Loamy,6.6,0.32,216,42,172,0.85
04-03-2016,Odisha,Bhubaneswar,Red,6.4,0.27,142,22,225,0.76
22-03-2025,Uttar Pradesh,Varanasi,Sandy,5,0.96,88,6,57,0.17
29-09-2021,Himachal Pradesh,Kangra,Sandy Loam,5.5,0.64,150,9,111,0.59
25-08-2024,West Bengal,Kolkata,Red,5.3,0.67,164,20,229,0.42
06-08-2022,Lakshadweep,Kavaratti,Loamy,7.1,1.65,173,28,369,0.98
22-02-2021,Assam,Cachar,Laterite,6,0.52,80,25,109,0.65
27-04-2019,Lakshadweep,Kavaratti,Loamy,6.2,0.6,202,24,304,1.01
22-07-2023,Chhattisgarh,Raipur,Loamy,5.1,1.17,258,8,215,0.81
24-04-2016,Haryana,Karnal,Alluvial,6.1,0.46,178,41,341,1.41
15-08-2024,Maharashtra,Nashik,Red,6,0.54,146,26,112,0.67
15-09-2018,Assam,Kamrup,Laterite,5.3,0.32,173,18,201,0.74
05-02-2024,Telangana,Hyderabad,Black,6.8,0.32,138,16,274,0.86
14-08-2025,Madhya Pradesh,Bhopal,Black,6,0.58,126,20,207,0.92
08-06-2017,Andaman and Nicobar Islands,Port Blair,Loamy,6.8,0.4,277,43,285,1.17
21-07-2025,Haryana,Karnal,Sandy,5.7,0.02,50,6,51,0.53
13-07-2017,Dadra and Nagar Haveli and Daman and Diu,Daman,Loamy,6.9,0.44,195,16,229,0.81
10-12-2020,Uttar Pradesh,Lucknow,Alluvial,7,0.53,253,21,321,1.29
17-03-2020,Nagaland,Kohima,Loamy,5.8,0.15,186,23,267,0.75
11-11-2018,Nagaland,Kohima,Loamy,7.1,0.91,253,29,267,0.96
24-09-2018,Gujarat,Surat,Sandy,6.2,0.22,68,16,96,0.73
16-02-2017,Meghalaya,Shillong,Loamy,6.2,0.52,163,28,247,0.97
23-07-2021,Delhi,New Delhi,Loamy,7,0.97,124,24,218,1.16
29-01-2015,Assam,Cachar,Alluvial,7.5,0.25,220,47,264,1.36
11-04-2023,Bihar,Gaya,Alluvial,7.5,1.41,212,36,245,0.97
04-02-2015,Ladakh,Leh,Sandy Loam,6.9,0.4,104,24,173,0.74
29-10-2024,Bihar,Patna,Alluvial,8.4,1.15,161,27,408,1.32
20-11-2018,Himachal Pradesh,Kangra,Sandy Loam,6.4,0.46,102,21,127,0.67
24-04-2022,Mizoram,Aizawl,Loamy,6.5,0.12,268,25,245,1.09
19-03-2024,Mizoram,Aizawl,Loamy,5.7,0.06,174,27,286,1.17
11-08-2016,Delhi,New Delhi,Loamy,7.3,0.58,208,33,282,0.76
13-05-2024,Punjab,Amritsar,Alluvial,8.3,1.32,223,33,354,1.06
24-10-2023,Maharashtra,Nagpur,Black,8.3,1.46,175,40,238,0.85
05-08-2023,Sikkim,Gangtok,Loamy,6.8,0.91,179,33,212,1.27
22-06-2017,Uttarakhand,Dehradun,Loamy,6.8,0.66,213,21,198,1.05
11-01-2022,Assam,Kamrup,Alluvial,7.3,0.94,267,50,207,1.21
09-12-2020,Telangana,Warangal,Red,5.4,0.05,165,14,121,0.6
06-12-2015,Chandigarh,Chandigarh,Loamy,7,0.45,164,19,183,0.8
24-06-2015,Haryana,Faridabad,Sandy,6.7,0.49,124,18,129,0.45
07-04-2020,Sikkim,Gangtok,Loamy,6.8,1.22,284,34,246,0.96
11-09-2019,Tripura,Agartala,Loamy,7,0.64,173,18,299,1.1
19-08-2016,Jharkhand,Ranchi,Loamy,7,0.46,208,31,272,1.25
26-03-2016,Andaman and Nicobar Islands,Port Blair,Loamy,6.8,0.57,243,23,215,0.97
10-07-2016,Andhra Pradesh,Guntur,Black,7.4,0.69,153,16,330,0.76
05-03-2018,Rajasthan,Udaipur,Sandy,5.8,0.41,140,10,42,0.37
15-06-2023,Telangana,Warangal,Black,7.2,0.43,168,35,153,1.12
18-09-2018,Himachal Pradesh,Mandi,Loamy,7.1,1,125,19,222,1.08
11-12-2023,Uttar Pradesh,Varanasi,Sandy,7.2,0.95,78,22,127,0.57
07-10-2024,Himachal Pradesh,Shimla,Loamy,7.6,1.28,126,45,256,1.01
18-08-2020,Punjab,Ludhiana,Alluvial,7.6,1.19,297,49,251,0.89
04-09-2025,Jammu and Kashmir,Srinagar,Loamy,6.8,0.46,259,44,204,0.85
09-07-2021,Ladakh,Leh,Sandy Loam,7.6,1.1,99,24,169,0.63
27-04-2024,Ladakh,Leh,Sandy Loam,7.3,1,112,26,132,0.96
13-10-2017,Himachal Pradesh,Mandi,Loamy,7.1,0.84,181,24,293,1.12
02-07-2021,Sikkim,Gangtok,Loamy,5.6,0.19,251,36,200,1.19
24-08-2020,Andhra Pradesh,Krishna,Red,5.7,0.54,190,11,178,0.92
18-04-2017,Chhattisgarh,Raipur,Loamy,7.6,0.8,251,26,287,1.22
26-06-2019,Himachal Pradesh,Kangra,Sandy Loam,6.5,0.24,91,16,171,0.72
14-08-2015,Odisha,Bhubaneswar,Red,5.9,0.64,107,18,197,0.65
28-07-2024,Haryana,Faridabad,Sandy,7.4,1.03,63,22,73,0.61
19-12-2019,Lakshadweep,Kavaratti,Loamy,6.9,0.97,161,26,362,1.34
11-07-2024,Madhya Pradesh,Bhopal,Red,6.4,1.42,109,17,180,0.69
30-11-2020,Punjab,Patiala,Alluvial,7.4,1.59,312,49,346,1.14
13-07-2020,Ladakh,Leh,Sandy Loam,8,1.45,82,16,152,0.97
22-12-2018,Chandigarh,Chandigarh,Loamy,6.2,0.29,164,38,282,0.9
10-08-2020,Jharkhand,Ranchi,Loamy,7.2,1.41,169,48,206,0.83
02-05-2021,Dadra and Nagar Haveli and Daman and Diu,Daman,Loamy,6.7,0.82,175,42,215,0.94
23-02-2019,Tripura,Agartala,Loamy,5.8,0.2,197,38,217,1.01
16-05-2018,Andaman and Nicobar Islands,Port Blair,Loamy,6.9,0.49,220,41,205,0.91
04-07-2019,Telangana,Nizamabad,Red,6,0.21,158,22,183,0.95
02-10-2019,Rajasthan,Jaipur,Sandy,6.4,0.69,101,16,82,0.37
19-03-2023,Himachal Pradesh,Mandi,Loamy,5.9,0.25,218,33,331,1.18
02-06-2024,Arunachal Pradesh,Itanagar,Loamy,7.6,1.19,187,30,218,1.34
02-11-2015,Bihar,Gaya,Alluvial,7.4,0.71,288,29,267,1.13
21-08-2020,Haryana,Faridabad,Alluvial,6.5,0.63,153,47,235,1.17
09-05-2024,Lakshadweep,Kavaratti,Loamy,7,0.99,139,19,341,0.99
06-09-2024,Maharashtra,Nagpur,Red,6.8,1.75,174,21,186,0.87
20-09-2019,Madhya Pradesh,Bhopal,Red,6.1,0.35,84,20,133,0.97
17-08-2019,Rajasthan,Jaipur,Sandy,7.7,1.35,101,15,88,0.43
26-02-2019,Telangana,Hyderabad,Black,8.1,1.23,240,42,352,1.01
23-10-2018,Nagaland,Kohima,Loamy,6.4,0.53,281,25,190,0.95
22-09-2025,Uttar Pradesh,Lucknow,Sandy,6.9,0.69,133,15,68,0.79
04-03-2023,Lakshadweep,Kavaratti,Loamy,7,0.56,124,19,333,1.01
24-02-2016,Delhi,New Delhi,Loamy,6.5,0.22,218,26,332,1.14
15-01-2023,Dadra and Nagar Haveli and Daman and Diu,Daman,Loamy,5.4,0.24,190,32,296,1.13
29-07-2025,Nagaland,Kohima,Loamy,8.5,1.92,290,30,256,0.95
27-01-2021,Jammu and Kashmir,Srinagar,Loamy,6.5,1.12,125,31,205,0.77
14-05-2015,Kerala,Ernakulam,Laterite,6.3,0.52,146,18,153,0.7
23-07-2020,Tripura,Agartala,Loamy,5.5,0.56,247,16,202,0.71
01-04-2023,Dadra and Nagar Haveli and Daman and Diu,Daman,Loamy,7.7,2.02,234,32,249,1.37
21-12-2018,Jharkhand,Ranchi,Loamy,6.9,0.86,270,22,247,0.98
24-06-2023,Puducherry,Puducherry,Loamy,6.6,0.9,155,46,302,1.18
03-04-2019,Assam,Kamrup,Alluvial,6,0.13,270,36,205,1.18
06-12-2023,Haryana,Hisar,Alluvial,5.9,0.66,262,34,355,1
10-03-2018,Lakshadweep,Kavaratti,Loamy,6.6,0.65,207,32,279,0.99
05-12-2024,Andaman and Nicobar Islands,Port Blair,Loamy,7,0.64,230,42,275,1.19
13-02-2020,Sikkim,Gangtok,Loamy,7,1.04,237,28,308,0.82
25-12-2019,Punjab,Amritsar,Alluvial,6,0.49,269,46,292,0.89
29-05-2022,Goa,North Goa,Loamy,7.5,1.22,134,19,290,1.06
09-04-2024,Andaman and Nicobar Islands,Port Blair,Loamy,4.5,0.95,129,18,254,0.67
16-08-2024,Mizoram,Aizawl,Loamy,7.4,1.4,138,37,287,0.83
04-09-2018,Dadra and Nagar Haveli and Daman and Diu,Daman,Loamy,5.9,0.13,204,31,204,1.23
04-01-2019,Puducherry,Puducherry,Loamy,6.8,0.88,154,21,366,1.15
30-08-2023,Bihar,Purnia,Alluvial,6.3,0.43,176,28,232,0.96
04-02-2021,Arunachal Pradesh,Itanagar,Loamy,7.6,1.26,268,20,260,1.3
15-12-2017,Kerala,Thrissur,Red,6.2,0.65,189,26,163,0.56
24-03-2018,Jammu and Kashmir,Srinagar,Loamy,6.3,0.91,233,34,323,1.27
23-08-2019,Goa,North Goa,Loamy,6,0.48,158,38,237,0.78
21-04-2015,Haryana,Gurgaon,Alluvial,6.4,0.36,207,28,245,1.07
24-12-2020,Rajasthan,Udaipur,Sandy,7.1,0.48,88,18,93,0.75
29-03-2021,Jammu and Kashmir,Srinagar,Loamy,5.5,0.48,199,13,223,0.74
28-04-2023,Manipur,Imphal,Loamy,6.6,0.71,205,29,194,1.29
12-04-2016,Gujarat,Rajkot,Sandy,7,0.46,78,7,110,0.44
11-08-2022,Manipur,Imphal,Loamy,7.3,0.95,175,32,296,0.77
03-12-2021,Goa,North Goa,Loamy,5.8,0.1,134,25,228,1.15
06-08-2023,Mizoram,Aizawl,Loamy,4.1,1.41,252,15,304,0.85
24-03-2017,Bihar,Muzaffarpur,Alluvial,7.1,0.18,152,35,214,1.42
26-06-2018,Sikkim,Gangtok,Loamy,6.2,0.7,134,44,294,0.81
20-09-2017,Lakshadweep,Kavaratti,Loamy,6.8,0.53,145,18,340,1.04
24-07-2020,Sikkim,Gangtok,Loamy,7.1,1.24,143,46,240,1.34
19-11-2015,Uttarakhand,Dehradun,Loamy,6.6,0.73,212,40,182,0.81
17-02-2023,Manipur,Imphal,Loamy,6.1,0.58,265,29,309,0.83
22-06-2017,Sikkim,Gangtok,Loamy,6,0.13,223,43,197,1.14
22-03-2019,West Bengal,Darjeeling,Alluvial,7,0.5,263,22,359,0.97
22-06-2020,Himachal Pradesh,Mandi,Loamy,6.9,0.6,212,43,217,1.24
21-12-2019,Puducherry,Puducherry,Loamy,5.3,0.18,145,39,208,0.98
04-08-2024,Ladakh,Leh,Sandy Loam,6.2,0.37,139,8,148,0.44
28-09-2024,Himachal Pradesh,Mandi,Sandy Loam,7.7,1.38,143,23,129,0.68
07-04-2022,Manipur,Imphal,Loamy,8.1,1.74,174,44,241,1.28
12-10-2021,Punjab,Ludhiana,Alluvial,7,0.48,244,27,243,1.13
23-02-2024,Haryana,Faridabad,Alluvial,7,0.28,269,43,290,1.02
08-05-2025,West Bengal,Kolkata,Red,6.2,0.36,101,24,154,0.58
17-11-2024,Odisha,Bhubaneswar,Red,5.8,0.55,151,19,103,0.7
28-05-2015,Meghalaya,Shillong,Loamy,6.7,0.64,203,33,289,0.77
15-02-2018,Karnataka,Mysore,Red,5.7,0.08,197,14,220,0.86
29-04-2017,Haryana,Faridabad,Alluvial,6.8,0.22,165,30,363,1.19
02-01-2016,Delhi,New Delhi,Loamy,7.1,0.93,211,27,338,0.86
07-12-2022,Jharkhand,Ranchi,Loamy,7.3,1.15,219,38,329,0.97
25-12-2017,Nagaland,Kohima,Loamy,6.5,0.35,224,38,273,0.93
31-07-2020,Jammu and Kashmir,Srinagar,Loamy,7,1.19,274,28,204,1.28
31-10-2022,Assam,Cachar,Laterite,4.5,0.36,153,12,136,0.54
03-06-2024,Uttarakhand,Dehradun,Loamy,6.6,0.83,216,38,205,1.14
24-06-2015,West Bengal,Kolkata,Red,5.6,0.51,181,20,132,0.67
29-01-2020,Goa,North Goa,Loamy,7,0.89,256,21,336,1.21
10-08-2016,Maharashtra,Pune,Red,6.2,0.48,193,27,250,0.79
09-05-2016,Gujarat,Vadodara,Black,6.8,0.35,140,19,326,1.13
09-04-2023,Jharkhand,Ranchi,Loamy,7.9,1.23,150,23,244,0.83
11-02-2018,Manipur,Imphal,Loamy,7.1,0.87,269,17,214,0.84
18-09-2023,Dadra and Nagar Haveli and Daman and Diu,Daman,Loamy,5.5,0.02,148,27,292,1
20-11-2019,Andaman and Nicobar Islands,Port Blair,Loamy,6.1,0.46,184,16,286,0.79
11-08-2024,Mizoram,Aizawl,Loamy,4.9,1.02,117,36,249,0.65
14-05-2025,Andaman and Nicobar Islands,Port Blair,Loamy,4.6,1.28,209,12,241,1.01
16-03-2018,Manipur,Imphal,Loamy,6.9,1.18,281,42,299,1.21
04-02-2015,Uttar Pradesh,Lucknow,Alluvial,6.3,0.63,151,24,344,1.33
25-09-2017,Kerala,Ernakulam,Red,5.6,0.37,94,28,168,0.67
25-08-2018,Tripura,Agartala,Loamy,7.3,0.93,172,35,281,1.07
29-01-2022,Chhattisgarh,Raipur,Loamy,7.4,0.96,270,22,269,0.94
29-08-2022,Bihar,Patna,Alluvial,7,0.94,175,36,391,1.49
03-11-2017,Dadra and Nagar Haveli and Daman and Diu,Daman,Loamy,6.7,0.7,121,31,312,0.9
09-01-2016,Assam,Kamrup,Alluvial,7.2,0.23,178,41,313,1.21
17-02-2022,Assam,Dibrugarh,Alluvial,6.2,0.64,270,41,318,1.3
22-12-2018,Uttar Pradesh,Varanasi,Sandy,6.5,0.26,87,13,60,0.6
18-10-2019,Mizoram,Aizawl,Loamy,6.6,0.73,164,17,342,0.75
30-03-2021,Jharkhand,Ranchi,Loamy,6.1,0.36,205,15,345,1.18
05-12-2016,Arunachal Pradesh,Itanagar,Loamy,6.7,0.84,162,41,327,1.06
16-07-2016,Telangana,Nizamabad,Black,7.8,0.41,131,31,287,0.7
06-03-2023,Karnataka,Hubli,Red,5.1,0.83,75,22,112,0.44
13-01-2023,Telangana,Hyderabad,Red,6.7,0.28,149,15,103,0.99
05-08-2022,Jammu and Kashmir,Srinagar,Loamy,6.4,0.24,222,17,209,0.89
23-03-2025,Tamil Nadu,Coimbatore,Red,6,0.45,111,14,220,0.79
12-08-2024,Lakshadweep,Kavaratti,Loamy,4.2,2.08,127,12,297,0.99
13-10-2024,Tamil Nadu,Chennai,Red,5,1.19,69,9,159,0.81
29-02-2024,Puducherry,Puducherry,Loamy,5.8,0.3,174,13,327,0.65
17-02-2020,Odisha,Bhubaneswar,Laterite,5.5,0.28,110,23,130,0.94
24-10-2020,Arunachal Pradesh,Itanagar,Loamy,6.1,0.15,269,33,199,1.02
14-03-2016,Arunachal Pradesh,Itanagar,Loamy,6.9,0.57,165,15,274,0.84
31-05-2025,Manipur,Imphal,Loamy,5,0.71,217,22,206,1.12
27-02-2020,Rajasthan,Jaipur,Desert,7.2,0.18,100,5,88,0.48
02-06-2020,Jammu and Kashmir,Srinagar,Loamy,7.6,1.06,159,25,361,0.85
29-11-2016,Chhattisgarh,Raipur,Loamy,7,0.62,259,20,317,1.05
05-08-2018,Uttarakhand,Dehradun,Loamy,6.8,0.84,165,18,274,0.9
10-02-2023,Telangana,Warangal,Red,5.4,0.05,179,11,183,0.57
13-04-2019,Gujarat,Surat,Black,7.3,0.38,216,35,327,1.17
17-01-2023,Goa,North Goa,Loamy,7.4,1.57,210,42,249,1.02
22-11-2016,Delhi,New Delhi,Loamy,7,0.54,205,32,348,0.95
19-04-2021,Mizoram,Aizawl,Loamy,6,0.11,237,31,296,1.04
03-10-2023,Chandigarh,Chandigarh,Loamy,6.2,0.37,247,19,248,0.83
15-04-2018,Haryana,Gurgaon,Alluvial,6.7,0.14,173,19,394,0.93
06-07-2023,Gujarat,Surat,Black,8.6,1.79,145,30,337,1.11
23-09-2021,Goa,North Goa,Loamy,6.7,0.7,146,38,191,1.24
23-06-2019,Bihar,Muzaffarpur,Alluvial,6.4,0.36,270,44,279,1.18
22-06-2019,Andhra Pradesh,Krishna,Red,6.7,1.09,186,29,150,0.6
07-05-2015,Manipur,Imphal,Loamy,6.2,0.71,130,19,347,0.78
15-02-2019,Dadra and Nagar Haveli and Daman and Diu,Daman,Loamy,6.7,0.77,144,44,323,0.86
06-04-2018,Tripura,Agartala,Loamy,6.8,0.24,203,22,331,1
24-03-2022,Delhi,New Delhi,Loamy,6.7,0.75,247,16,276,1.18
21-10-2015,Jammu and Kashmir,Srinagar,Loamy,6.5,0.32,123,39,216,0.8
21-09-2025,Chhattisgarh,Raipur,Loamy,5.5,0.16,163,30,323,1.23
26-02-2025,Chhattisgarh,Raipur,Loamy,6.5,0.47,185,37,343,0.7
28-09-2018,Ladakh,Leh,Sandy Loam,6.9,0.45,144,12,112,0.89
16-10-2017,Mizoram,Aizawl,Loamy,6.1,0.58,186,42,334,0.93
15-06-2021,Maharashtra,Pune,Black,7.2,0.74,111,36,211,0.77
02-06-2022,Andaman and Nicobar Islands,Port Blair,Loamy,7.3,0.95,207,30,280,0.88
19-01-2022,Haryana,Faridabad,Alluvial,6.5,0.44,232,35,390,0.98
31-01-2022,Puducherry,Puducherry,Loamy,7.7,1.32,203,44,348,1.19
23-02-2016,Andhra Pradesh,Chittoor,Alluvial,6.7,0.39,237,36,273,0.93
19-03-2016,Andaman and Nicobar Islands,Port Blair,Loamy,6.7,0.6,165,17,218,1.04
15-11-2016,Ladakh,Leh,Sandy Loam,6.8,0.16,124,23,102,0.56
08-12-2024,Andaman and Nicobar Islands,Port Blair,Loamy,6.9,0.87,199,21,350,0.99
27-11-2022,Chhattisgarh,Raipur,Loamy,7.8,2.17,237,51,246,1.22
02-04-2021,Lakshadweep,Kavaratti,Loamy,5.4,0.5,112,32,267,0.94
02-01-2019,Telangana,Hyderabad,Black,7.5,0.78,111,18,220,1.01
11-03-2021,Odisha,Bhubaneswar,Red,6.1,1.18,110,24,142,0.56
26-03-2015,Kerala,Thrissur,Laterite,5.4,0.22,167,17,155,0.94
12-10-2022,Andhra Pradesh,Guntur,Alluvial,7,0.52,220,40,390,1.41
03-11-2019,Gujarat,Vadodara,Sandy,6.7,0.11,83,6,61,0.67
26-03-2015,Mizoram,Aizawl,Loamy,6.2,0.39,147,26,305,1.09
28-04-2020,Puducherry,Puducherry,Loamy,6.5,1.12,234,19,266,0.79
30-09-2024,Gujarat,Vadodara,Sandy,7,1.14,60,11,75,0.45
13-10-2020,Mizoram,Aizawl,Loamy,6.3,0.8,262,36,193,1.24
28-07-2019,Assam,Kamrup,Alluvial,6.4,0.1,265,29,297,1.3
24-10-2016,Andaman and Nicobar Islands,Port Blair,Loamy,6.3,0.77,192,39,356,1.29
18-09-2016,Sikkim,Gangtok,Loamy,6,0.63,162,25,188,1.07
05-03-2015,Andaman and Nicobar Islands,Port Blair,Loamy,7.1,0.51,185,34,300,0.97
07-05-2024,Chhattisgarh,Raipur,Loamy,7.7,0.9,247,24,281,1.27
06-03-2023,Chandigarh,Chandigarh,Loamy,7.1,1.2,241,26,353,0.83
07-07-2017,Tamil Nadu,Coimbatore,Red,6.2,0.61,83,20,136,0.51
07-10-2018,Rajasthan,Udaipur,Sandy,6.5,0.29,144,10,124,0.58
27-03-2018,Uttar Pradesh,Varanasi,Alluvial,7,0.25,251,47,219,1.02
01-06-2019,Rajasthan,Jodhpur,Desert,7.3,0.17,106,13,65,0.34
05-05-2016,Punjab,Ludhiana,Alluvial,7.3,0.59,294,47,322,1
18-03-2025,Tamil Nadu,Coimbatore,Red,7.2,1.41,133,18,184,0.8
22-02-2020,Bihar,Muzaffarpur,Alluvial,7.6,0.77,286,31,395,0.86
04-09-2024,Rajasthan,Jaipur,Sandy,4.5,1.67,100,2,109,0.48
10-01-2024,Rajasthan,Jodhpur,Sandy,6.7,0.61,59,15,122,0.38
24-04-2020,Andhra Pradesh,Chittoor,Black,7,0.59,166,20,207,1.03
09-11-2015,Manipur,Imphal,Loamy,6.1,0.72,213,37,242,0.83
16-04-2022,Mizoram,Aizawl,Loamy,6.1,0.04,262,14,317,0.91
07-07-2017,Maharashtra,Pune,Red,6.4,0.44,93,23,154,0.88
26-02-2020,Odisha,Bhubaneswar,Laterite,5.6,0.27,128,13,109,0.91
23-03-2017,Puducherry,Puducherry,Loamy,6.1,0.51,156,26,305,1.03
07-03-2023,Goa,North Goa,Loamy,8.3,1.75,151,31,356,1.16
29-01-2019,Goa,North Goa,Loamy,6.3,0.5,265,27,228,1.13
26-08-2023,Chhattisgarh,Raipur,Loamy,6.8,0.37,229,32,338,0.88
19-08-2018,Gujarat,Rajkot,Black,7.8,1.04,229,32,249,0.66
10-11-2016,Delhi,New Delhi,Loamy,6.6,0.21,125,23,299,1.17
10-03-2016,Madhya Pradesh,Bhopal,Red,5.7,0.65,146,28,122,0.67
12-11-2016,Andhra Pradesh,Krishna,Black,7.5,0.62,217,21,214,0.74
04-03-2018,Madhya Pradesh,Bhopal,Black,7.1,0.08,242,22,175,1.11
09-12-2017,Uttarakhand,Dehradun,Loamy,7.1,0.86,259,43,230,1.01
26-12-2018,Gujarat,Surat,Black,8,1.03,200,40,217,0.97
15-07-2021,Assam,Kamrup,Laterite,4.4,0.68,160,14,115,0.76
22-07-2021,Tripura,Agartala,Loamy,7.7,0.88,230,34,301,0.77
17-05-2022,Delhi,New Delhi,Loamy,6.1,0.14,122,16,222,1.05
02-10-2018,Mizoram,Aizawl,Loamy,6.8,0.14,201,25,278,1.05
10-10-2016,Maharashtra,Nashik,Black,7.4,0.54,247,24,153,0.97
02-09-2015,Tamil Nadu,Coimbatore,Red,6.5,0.67,81,28,178,0.62
26-11-2020,Telangana,Warangal,Black,7.3,0.98,180,23,314,0.81
01-09-2025,Andaman and Nicobar Islands,Port Blair,Loamy,6.4,0.05,119,35,331,0.72
06-08-2025,Uttarakhand,Dehradun,Loamy,6.3,0.07,192,21,318,0.94
24-01-2022,Tamil Nadu,Coimbatore,Alluvial,6.8,0.44,243,39,255,0.96
28-08-2023,Dadra and Nagar Haveli and Daman and Diu,Daman,Loamy,4.8,0.92,132,35,166,1.09
23-10-2015,Ladakh,Leh,Sandy Loam,6.8,0.37,152,14,147,0.74
29-11-2020,Mizoram,Aizawl,Loamy,6.5,0.91,252,26,188,0.88
20-08-2025,Assam,Cachar,Alluvial,6.2,0.43,291,35,289,0.95
01-06-2019,Ladakh,Leh,Sandy Loam,6.7,0.01,145,20,80,0.44
23-11-2023,Chhattisgarh,Raipur,Loamy,7.8,2.23,146,37,258,1.17
18-07-2021,Manipur,Imphal,Loamy,7.3,0.72,211,39,183,0.88
20-03-2025,Goa,North Goa,Loamy,6,0.51,122,19,235,1.14
18-11-2020,Jharkhand,Ranchi,Loamy,6.2,0.07,170,17,255,1.06
26-06-2025,Lakshadweep,Kavaratti,Loamy,7.1,0.8,227,42,243,0.84
30-04-2022,Tamil Nadu,Chennai,Red,4.9,0.43,182,7,115,0.81
16-06-2019,Mizoram,Aizawl,Loamy,6.2,0.38,134,38,310,0.76
04-07-2024,Punjab,Patiala,Alluvial,7.3,0.77,229,43,250,0.83
28-01-2015,Manipur,Imphal,Loamy,6.4,0.38,277,43,206,0.91
04-03-2023,Sikkim,Gangtok,Loamy,4.8,1.46,190,25,144,0.51
08-06-2020,Goa,North Goa,Loamy,6.3,0.77,160,43,196,1.06
10-04-2019,Bihar,Gaya,Alluvial,7.6,0.39,229,37,274,1.27
27-02-2015,Tamil Nadu,Coimbatore,Red,6.2,0.32,165,19,171,0.97
02-03-2019,Odisha,Bhubaneswar,Red,7.2,1.08,180,19,139,0.88
24-10-2015,Dadra and Nagar Haveli and Daman and Diu,Daman,Loamy,7.1,0.32,242,16,263,1.11
21-12-2020,Assam,Cachar,Laterite,4.5,0.23,125,8,69,0.54
25-04-2024,West Bengal,Darjeeling,Alluvial,6.1,0.05,290,42,308,1.2
15-04-2021,Assam,Kamrup,Alluvial,5.6,1.29,184,41,282,0.99
27-05-2023,Maharashtra,Mumbai,Red,7.3,1.3,126,26,142,0.5
10-02-2022,Nagaland,Kohima,Loamy,7.7,1.19,227,28,237,0.82
20-06-2017,Uttarakhand,Dehradun,Loamy,6.6,0.45,134,36,309,0.84
18-05-2020,Jharkhand,Ranchi,Loamy,6.9,0.54,252,33,245,0.86
03-01-2018,Manipur,Imphal,Loamy,6.6,0.65,260,33,255,1.08
05-08-2019,Odisha,Bhubaneswar,Laterite,6.8,1.46,147,25,205,1.04
21-11-2022,Himachal Pradesh,Kangra,Sandy Loam,6.3,0.25,154,24,90,0.62
06-04-2018,Bihar,Patna,Alluvial,7.5,0.75,254,47,347,0.94
09-02-2017,Manipur,Imphal,Loamy,6.7,0.24,223,24,187,0.82
07-03-2019,Haryana,Hisar,Sandy,6.3,0.57,87,20,147,0.38
10-10-2018,Andhra Pradesh,Visakhapatnam,Red,6.6,0.45,162,26,119,0.88
02-06-2018,Gujarat,Rajkot,Black,7.6,1.03,197,37,335,0.9
24-03-2025,Dadra and Nagar Haveli and Daman and Diu,Daman,Loamy,5.6,0.49,241,39,197,0.88
04-04-2019,Nagaland,Kohima,Loamy,7.2,0.56,268,18,265,0.89
26-05-2015,Kerala,Kozhikode,Laterite,6.4,0.31,111,23,144,0.95
06-06-2020,Chandigarh,Chandigarh,Loamy,6.2,0.09,127,25,337,0.74
18-06-2018,Delhi,New Delhi,Loamy,6.1,0.84,206,32,349,1.13
22-03-2020,Gujarat,Vadodara,Sandy,6.9,0.63,109,12,84,0.41
19-01-2023,West Bengal,Howrah,Alluvial,7,1.05,243,43,386,1.31
19-07-2021,Assam,Kamrup,Alluvial,7,1.32,267,48,321,1.42
08-11-2019,Goa,North Goa,Loamy,7.2,0.87,141,34,202,1.26
24-11-2017,Dadra and Nagar Haveli and Daman and Diu,Daman,Loamy,7.2,0.68,231,32,253,1.28
12-07-2022,Manipur,Imphal,Loamy,6.7,1.13,183,40,218,0.97
10-08-2020,Gujarat,Ahmedabad,Black,7.2,0.79,163,28,263,1.2
12-07-2020,Chandigarh,Chandigarh,Loamy,7.3,0.64,249,32,228,1.24
02-06-2015,Uttarakhand,Dehradun,Loamy,6.1,0.79,247,19,268,0.9
12-10-2021,Mizoram,Aizawl,Loamy,5.3,0.07,247,41,210,1.05
22-05-2016,Nagaland,Kohima,Loamy,7,0.29,197,28,304,0.84
03-10-2023,Sikkim,Gangtok,Loamy,5.4,0.17,215,34,209,0.63
05-05-2016,Uttar Pradesh,Kanpur,Sandy,6.4,0.26,68,13,141,0.43
23-09-2024,Uttarakhand,Dehradun,Loamy,6.9,0.75,280,23,206,0.82
11-12-2015,Telangana,Hyderabad,Red,6.4,0.48,189,17,207,0.56
19-04-2020,Haryana,Gurgaon,Alluvial,6,0.28,286,37,368,1.17
28-10-2019,Rajasthan,Jodhpur,Desert,7.3,0.08,77,6,42,0.38
09-08-2015,Andaman and Nicobar Islands,Port Blair,Loamy,6.3,0.77,250,44,339,1.14
22-04-2020,Rajasthan,Jaipur,Sandy,5.9,0.05,87,8,54,0.3
26-04-2020,Assam,Dibrugarh,Alluvial,6.4,0.78,250,31,214,0.94
23-12-2016,Dadra and Nagar Haveli and Daman and Diu,Daman,Loamy,6.8,0.58,141,36,270,1.27
24-06-2023,Uttarakhand,Dehradun,Loamy,6.8,0.46,215,20,338,1.02
11-06-2016,Uttarakhand,Dehradun,Loamy,6.5,0.88,260,25,263,0.83
28-11-2023,Himachal Pradesh,Mandi,Loamy,7.7,1.87,278,41,314,1.41
03-03-2019,Delhi,New Delhi,Loamy,6.2,0.58,242,19,273,0.75
28-11-2022,Delhi,New Delhi,Loamy,5.8,0.05,261,24,338,1.11
23-07-2019,Uttar Pradesh,Varanasi,Alluvial,6.4,0.99,191,51,376,1.53
11-07-2023,West Bengal,Darjeeling,Alluvial,7.9,0.91,296,32,342,1.42
25-04-2016,Dadra and Nagar Haveli and Daman and Diu,Daman,Loamy,6.9,0.23,177,31,322,1.21
25-02-2023,Andhra Pradesh,Guntur,Black,6.8,0.25,224,25,254,0.57
15-02-2020,Punjab,Patiala,Alluvial,7.1,0.39,249,34,223,1.39
16-06-2025,Kerala,Ernakulam,Laterite,6.9,0.83,119,17,154,0.8
29-12-2022,Mizoram,Aizawl,Loamy,5.4,0.2,268,39,305,0.65
02-01-2019,Manipur,Imphal,Loamy,6.6,0.95,170,28,358,0.78
26-11-2018,Puducherry,Puducherry,Loamy,6.6,0.98,203,38,310,1.22
26-11-2024,Meghalaya,Shillong,Loamy,5.3,1.23,240,26,268,0.63
11-12-2015,Bihar,Muzaffarpur,Alluvial,6.4,0.49,223,27,313,1.19
14-02-2015,Haryana,Hisar,Sandy,6.1,0.25,87,13,125,0.31
06-03-2025,Puducherry,Puducherry,Loamy,6.6,0.14,198,25,247,1.25
30-08-2020,Tripura,Agartala,Loamy,6.7,0.29,168,29,297,0.9
16-07-2019,Manipur,Imphal,Loamy,5.6,0.08,236,18,337,0.87
08-08-2023,West Bengal,Kolkata,Alluvial,6.3,0.76,219,32,267,1.04
02-03-2020,Himachal Pradesh,Mandi,Sandy Loam,7,0.53,77,23,177,0.83
30-12-2022,Arunachal Pradesh,Itanagar,Loamy,8,2.2,233,45,342,1.27
26-09-2020,Mizoram,Aizawl,Loamy,5.8,0.15,143,17,219,0.86
23-02-2019,Jharkhand,Ranchi,Loamy,6.9,0.84,249,18,222,1.03
11-02-2022,Himachal Pradesh,Kangra,Sandy Loam,7.3,0.68,64,25,128,0.7
23-05-2021,Dadra and Nagar Haveli and Daman and Diu,Daman,Loamy,6.6,0.55,143,16,198,1.12
28-09-2017,Arunachal Pradesh,Itanagar,Loamy,6.8,0.66,185,36,351,0.72
30-10-2017,Telangana,Warangal,Black,7.2,0.39,130,22,313,0.93
02-02-2022,Odisha,Bhubaneswar,Red,6,0.16,107,11,150,0.9
02-08-2020,Mizoram,Aizawl,Loamy,7.4,1.41,242,46,243,1.28
04-09-2022,Jharkhand,Ranchi,Loamy,5.8,0.41,251,38,287,0.81
01-10-2015,West Bengal,Darjeeling,Red,5.7,0.55,92,18,113,0.66
13-08-2017,West Bengal,Kolkata,Red,6.5,0.72,94,15,218,0.45
01-04-2022,Andhra Pradesh,Chittoor,Black,6.5,0.31,221,31,261,1
15-11-2019,Assam,Cachar,Alluvial,6.8,0.2,150,42,367,1.13
16-01-2016,Manipur,Imphal,Loamy,6.7,0.62,236,22,321,0.89
14-09-2018,Jharkhand,Ranchi,Loamy,6.4,0.97,279,26,352,1.06
23-04-2016,Rajasthan,Jaipur,Sandy,6.2,0.22,129,15,98,0.42
24-08-2020,Manipur,Imphal,Loamy,5.9,0.21,205,18,294,0.81
30-05-2016,Tamil Nadu,Coimbatore,Red,6.6,0.55,153,23,124,0.8
10-07-2015,Maharashtra,Mumbai,Black,7.4,0.85,154,22,343,1.06
06-04-2018,Manipur,Imphal,Loamy,6.2,0.76,159,24,199,0.86
01-11-2024,Jharkhand,Ranchi,Loamy,6.3,0.06,174,15,344,0.96
22-04-2022,Himachal Pradesh,Shimla,Sandy Loam,6.7,0.19,80,22,127,0.89
06-03-2018,Chhattisgarh,Raipur,Loamy,6.1,0.21,127,39,347,1.15
10-01-2021,Tripura,Agartala,Loamy,7.7,1.26,230,39,241,1.22
12-11-2018,Uttar Pradesh,Lucknow,Sandy,6.5,0.18,119,13,52,0.78
25-12-2023,Haryana,Faridabad,Alluvial,6.5,0.11,264,23,374,1.43
29-09-2015,Sikkim,Gangtok,Loamy,7.1,0.66,127,29,243,1.04
23-05-2015,Tripura,Agartala,Loamy,6.5,0.44,226,24,333,0.89
30-01-2025,Kerala,Thrissur,Red,7.9,1.8,139,28,254,0.66
27-03-2020,Himachal Pradesh,Mandi,Loamy,6.2,0.62,212,24,259,0.76
27-08-2025,Jharkhand,Ranchi,Loamy,6.7,0.49,275,22,240,1.3
28-12-2017,Jharkhand,Ranchi,Loamy,6.2,0.75,235,28,286,1
13-04-2021,Himachal Pradesh,Mandi,Sandy Loam,5.5,0.55,65,8,126,0.53
15-02-2024,Uttar Pradesh,Kanpur,Sandy,6.6,0.01,63,6,114,0.59
26-02-2017,Jammu and Kashmir,Srinagar,Loamy,6.9,0.16,123,36,298,0.98
27-10-2020,Uttarakhand,Dehradun,Loamy,6.7,0.99,158,37,312,1.17
09-08-2019,Dadra and Nagar Haveli and Daman and Diu,Daman,Loamy,6.2,0.15,230,21,234,1.2
14-09-2016,Odisha,Bhubaneswar,Red,6.7,0.4,151,13,200,0.78
08-07-2025,Goa,North Goa,Loamy,6.4,0.1,238,22,321,0.67
24-01-2025,Manipur,Imphal,Loamy,4.7,1.2,247,20,246,0.69
16-01-2022,Andaman and Nicobar Islands,Port Blair,Loamy,6.5,0.95,198,20,188,0.86
20-09-2022,Chhattisgarh,Raipur,Loamy,5.7,0.29,172,38,175,1.11
26-07-2017,Maharashtra,Pune,Red,6.5,0.45,197,14,154,1
09-02-2025,Arunachal Pradesh,Itanagar,Loamy,6.1,0.46,275,35,296,1.06
24-04-2024,Tamil Nadu,Chennai,Alluvial,7.4,1.16,266,39,389,0.87
05-12-2023,Odisha,Bhubaneswar,Red,6.1,0.57,83,29,225,0.54
23-01-2018,Telangana,Warangal,Black,7.3,1.18,141,37,250,0.91
08-09-2016,Punjab,Patiala,Alluvial,6.1,0.67,201,26,204,1.13
28-10-2017,Uttarakhand,Dehradun,Loamy,7.1,0.54,127,23,189,1.23
08-03-2015,Telangana,Warangal,Red,5.8,0.23,196,20,161,0.96
07-10-2024,Mizoram,Aizawl,Loamy,5.3,1.18,175,31,315,0.9
10-07-2015,Tripura,Agartala,Loamy,6.6,0.34,219,25,273,1.15
30-05-2024,Dadra and Nagar Haveli and Daman and Diu,Daman,Loamy,5.8,0.28,137,18,332,1.06
16-09-2022,West Bengal,Darjeeling,Alluvial,7.5,0.69,152,22,233,1.36
04-06-2016,West Bengal,Darjeeling,Alluvial,7.3,0.33,225,30,379,1.29
16-09-2017,Sikkim,Gangtok,Loamy,6.5,0.72,236,39,356,0.82
14-02-2018,Chhattisgarh,Raipur,Loamy,6.7,0.81,146,28,277,0.99
03-05-2021,Haryana,Faridabad,Sandy,5.2,0.68,57,10,76,0.31
23-06-2019,West Bengal,Kolkata,Red,6.1,0.88,91,29,251,0.53
07-12-2021,Kerala,Ernakulam,Laterite,6.6,0.62,180,19,152,0.92
20-10-2024,Tripura,Agartala,Loamy,5.6,0.08,243,38,266,1.11
23-03-2024,Manipur,Imphal,Loamy,4.9,0.64,108,14,268,0.76
02-04-2018,Puducherry,Puducherry,Loamy,7,0.86,198,42,275,1.26
11-01-2016,Madhya Pradesh,Bhopal,Red,5.8,0.43,124,22,186,0.74
14-10-2016,Haryana,Karnal,Sandy,6.7,0.05,91,7,78,0.4
22-02-2024,Madhya Pradesh,Bhopal,Red,7.8,1.96,127,37,171,1.04
02-07-2016,Ladakh,Leh,Sandy Loam,6.9,0.25,110,21,146,0.85
02-01-2018,Goa,North Goa,Loamy,5.8,0.19,275,21,178,0.8
19-10-2024,Lakshadweep,Kavaratti,Loamy,7.1,1.21,199,19,197,1.15
14-03-2015,Rajasthan,Udaipur,Desert,7.3,0.11,77,14,60,0.3
13-06-2021,Gujarat,Surat,Sandy,5.9,0.27,62,11,125,0.68
18-07-2015,Uttar Pradesh,Kanpur,Alluvial,6.8,0.29,249,42,351,1.45
07-10-2023,Manipur,Imphal,Loamy,6.1,0.08,124,34,173,0.68
17-11-2019,Tamil Nadu,Madurai,Red,6.9,1.58,147,19,253,0.83
31-08-2025,Manipur,Imphal,Loamy,7.9,2.08,169,27,291,1.03
25-07-2016,Meghalaya,Shillong,Loamy,6.6,0.61,263,37,240,1.13
01-03-2017,Lakshadweep,Kavaratti,Loamy,7,0.56,134,32,249,0.82
27-06-2019,Nagaland,Kohima,Loamy,7,0.51,134,23,302,1.09
06-01-2020,Punjab,Ludhiana,Alluvial,5.7,0.36,195,46,354,0.99
30-01-2020,Arunachal Pradesh,Itanagar,Loamy,6.2,0.09,270,31,261,1.02
19-02-2019,Tamil Nadu,Coimbatore,Alluvial,6.8,0.03,193,37,393,1.42
29-09-2025,Chandigarh,Chandigarh,Loamy,6,0.47,239,27,242,0.73
20-03-2018,Assam,Kamrup,Alluvial,7,0.32,215,49,352,1.42
29-03-2025,Andhra Pradesh,Chittoor,Alluvial,7.1,0.79,208,34,271,1.22
22-12-2023,Sikkim,Gangtok,Loamy,6.6,0.36,158,41,218,1.06
28-06-2015,Andaman and Nicobar Islands,Port Blair,Loamy,6.4,0.71,219,40,243,0.71
22-02-2021,Maharashtra,Pune,Black,7.3,0.87,171,24,319,0.83
04-01-2017,West Bengal,Darjeeling,Red,6.2,0.31,113,15,173,0.52
06-11-2020,Rajasthan,Jaipur,Desert,7.6,0.05,108,5,105,0.44
09-03-2017,Lakshadweep,Kavaratti,Loamy,6.6,0.35,161,36,272,1.01
06-08-2024,Goa,North Goa,Loamy,6.6,0.29,275,40,236,1.03
26-02-2017,Andhra Pradesh,Krishna,Alluvial,6.6,0.04,214,25,262,1.44
27-08-2022,Rajasthan,Jaipur,Sandy,6.2,0.01,62,13,122,0.67
29-11-2023,Bihar,Purnia,Alluvial,7.1,0.82,156,22,228,0.84
28-07-2015,Assam,Tinsukia,Laterite,6.3,0.33,175,16,101,0.84
07-05-2016,Chandigarh,Chandigarh,Loamy,6.5,0.29,274,33,290,1.29
07-10-2023,Dadra and Nagar Haveli and Daman and Diu,Daman,Loamy,5.7,0.06,173,42,333,0.68
05-06-2022,Puducherry,Puducherry,Loamy,7.9,1.17,251,22,234,1.08
12-06-2023,Odisha,Bhubaneswar,Laterite,5.5,0.22,76,17,80,0.59
16-07-2019,Punjab,Amritsar,Alluvial,7.8,0.92,291,35,272,1.54
28-12-2022,Tamil Nadu,Madurai,Alluvial,8,1.46,236,28,365,1.28
01-01-2017,Tripura,Agartala,Loamy,6.1,0.6,248,37,238,1.13
03-02-2018,Manipur,Imphal,Loamy,7.2,1,252,47,318,1
08-06-2024,Tamil Nadu,Chennai,Red,8.2,2.27,120,25,290,1.06
25-05-2019,Arunachal Pradesh,Itanagar,Loamy,6.3,0.45,217,33,337,0.8
06-05-2025,Manipur,Imphal,Loamy,5.4,0.55,257,25,218,0.76
08-07-2022,Jammu and Kashmir,Srinagar,Loamy,5.8,0.67,189,10,310,1.16
06-09-2023,Jharkhand,Ranchi,Loamy,7.7,1.05,259,29,362,0.95
16-08-2016,Maharashtra,Pune,Red,6,0.59,170,26,110,0.92
06-01-2025,Uttarakhand,Dehradun,Loamy,5.5,0.6,158,37,161,1.08
12-01-2023,Maharashtra,Pune,Black,7.5,0.29,101,30,277,0.68
09-12-2022,Jammu and Kashmir,Srinagar,Loamy,6.8,0.64,134,31,288,0.85
30-04-2018,Delhi,New Delhi,Loamy,6.6,0.38,189,41,299,0.78
21-11-2015,Andhra Pradesh,Visakhapatnam,Red,6.7,0.39,121,20,131,0.95
05-09-2017,Puducherry,Puducherry,Loamy,5.7,0.23,268,39,200,1.1
16-10-2019,Odisha,Bhubaneswar,Red,5.5,0.06,135,22,113,0.73
25-01-2020,Telangana,Nizamabad,Black,6.8,0.39,223,33,300,0.99
23-03-2023,Bihar,Patna,Alluvial,7.3,0.9,209,37,379,1.24
30-01-2019,Ladakh,Leh,Sandy Loam,6.1,0.14,137,6,164,0.78
12-06-2017,Madhya Pradesh,Bhopal,Red,6.6,0.33,139,13,158,0.47
22-10-2018,Lakshadweep,Kavaratti,Loamy,6.2,0.81,134,43,200,1.14
12-04-2024,Himachal Pradesh,Kangra,Loamy,7.7,1.65,220,30,248,1.36
24-05-2015,Meghalaya,Shillong,Loamy,6.9,0.63,275,32,312,1.21
19-01-2016,Assam,Kamrup,Laterite,5,0.58,99,20,194,0.88
13-03-2021,Punjab,Patiala,Alluvial,6.2,0.17,237,42,364,0.82
25-05-2024,Jharkhand,Ranchi,Loamy,5.2,0.66,111,22,222,0.9
29-06-2021,Sikkim,Gangtok,Loamy,6.6,0.59,242,27,248,0.71
14-06-2023,Assam,Cachar,Laterite,4.4,0.15,152,7,172,0.74
05-08-2015,Karnataka,Hubli,Red,5.7,0.38,134,25,222,0.84
24-02-2019,Tripura,Agartala,Loamy,7.1,1.2,173,47,222,1.19
18-03-2023,Haryana,Gurgaon,Alluvial,6.7,0.25,165,38,233,1.44
27-11-2024,Himachal Pradesh,Kangra,Loamy,6,0.38,147,18,211,0.97
08-02-2021,Manipur,Imphal,Loamy,6,0.4,209,33,349,0.92
06-05-2021,Lakshadweep,Kavaratti,Loamy,5.5,0,121,35,193,1.02
12-03-2023,Assam,Kamrup,Laterite,7.1,1.26,153,18,120,0.64
30-01-2019,Bihar,Purnia,Alluvial,6.1,0.58,298,40,341,1.34
27-12-2022,Chandigarh,Chandigarh,Loamy,6.5,0.18,202,20,187,0.73
24-06-2019,Madhya Pradesh,Bhopal,Black,8,0.52,206,38,233,1.05
30-10-2024,Rajasthan,Jodhpur,Desert,8.3,0.48,65,8,87,0.54
22-11-2024,Odisha,Bhubaneswar,Red,4.9,1.64,66,3,207,0.4
19-11-2021,Sikkim,Gangtok,Loamy,6.7,1.02,149,47,242,0.92
10-06-2021,Punjab,Ludhiana,Alluvial,6.4,0.33,243,31,226,1.09
13-03-2018,Dadra and Nagar Haveli and Daman and Diu,Daman,Loamy,6.7,0.34,187,40,214,0.86
21-04-2015,Jharkhand,Ranchi,Loamy,7.1,0.65,130,19,284,1.18
10-10-2017,Nagaland,Kohima,Loamy,6.2,0.62,270,28,203,1.06
20-08-2015,Punjab,Patiala,Alluvial,6.1,0.57,176,35,325,1.11
11-09-2019,Nagaland,Kohima,Loamy,6,0.36,272,41,233,0.83
03-01-2025,Karnataka,Mysore,Black,8.2,1.81,250,36,339,1.13
21-05-2025,Sikkim,Gangtok,Loamy,6.5,0.26,164,24,257,0.95
22-10-2019,Nagaland,Kohima,Loamy,6.4,0.24,274,37,224,0.87
11-01-2025,Puducherry,Puducherry,Loamy,7.6,2,168,38,241,1.2
11-10-2024,Tamil Nadu,Chennai,Alluvial,7.6,1.31,256,37,297,1.34
27-03-2022,Andhra Pradesh,Guntur,Red,5.7,0.15,83,13,164,0.73
27-04-2019,Jharkhand,Ranchi,Loamy,6.7,0.34,201,15,228,1.09
20-07-2018,Andhra Pradesh,Krishna,Black,7.5,0.67,188,19,299,0.63
02-05-2025,Himachal Pradesh,Mandi,Loamy,4.5,0.81,197,12,257,0.77
29-01-2021,Dadra and Nagar Haveli and Daman and Diu,Daman,Loamy,7.1,0.93,276,22,215,0.81
30-08-2017,Gujarat,Rajkot,Sandy,6,0.08,119,14,124,0.58
27-10-2017,Mizoram,Aizawl,Loamy,6.5,0.09,257,20,197,0.8
01-11-2023,Jammu and Kashmir,Srinagar,Loamy,6.4,0.52,146,31,214,1.08
02-11-2024,Nagaland,Kohima,Loamy,8.6,2.01,286,37,379,0.99
06-02-2022,Delhi,New Delhi,Loamy,6.9,0.29,238,43,341,0.96
08-02-2022,Bihar,Gaya,Alluvial,7.9,1.33,285,26,336,1.25
01-06-2016,Tamil Nadu,Chennai,Alluvial,5.9,0.05,239,23,351,1.45
02-07-2017,Karnataka,Bangalore,Red,6.4,0.52,159,27,248,0.81
12-03-2021,Himachal Pradesh,Shimla,Sandy Loam,6.7,0.03,113,8,81,0.56
21-12-2020,Chandigarh,Chandigarh,Loamy,6.3,0,240,33,268,1.01
21-05-2021,Haryana,Faridabad,Sandy,7.1,0.59,131,11,63,0.47
03-10-2023,Chhattisgarh,Raipur,Loamy,7.3,0.85,150,37,257,0.97
28-04-2020,Kerala,Ernakulam,Laterite,6.3,1.23,154,15,135,0.91
02-01-2019,Andhra Pradesh,Guntur,Alluvial,5.5,0.16,166,27,344,1.2
16-02-2020,Manipur,Imphal,Loamy,7.5,1.5,147,39,216,0.86
26-06-2022,Tripura,Agartala,Loamy,6.3,0.01,213,23,189,1.14
29-10-2023,Nagaland,Kohima,Loamy,6.5,0.53,180,18,263,1.1
06-07-2021,Uttar Pradesh,Varanasi,Sandy,6.2,0.29,56,7,101,0.42
18-11-2024,Assam,Tinsukia,Alluvial,7.3,0.51,281,42,400,1.5
16-06-2024,Sikkim,Gangtok,Loamy,5.5,0.33,181,28,287,0.67
22-09-2023,Uttar Pradesh,Kanpur,Alluvial,7.3,0.62,278,23,286,1.13
20-01-2023,Odisha,Bhubaneswar,Laterite,5.7,0.35,107,10,160,0.43
23-09-2024,Ladakh,Leh,Sandy Loam,6.5,0.43,158,9,80,0.77
31-07-2018,Rajasthan,Udaipur,Sandy,6.7,0.41,97,12,150,0.5
17-06-2017,Uttar Pradesh,Varanasi,Sandy,6.2,0.27,147,12,83,0.46
03-01-2018,Madhya Pradesh,Bhopal,Red,6.4,0.31,150,23,210,0.69
04-04-2018,Ladakh,Leh,Sandy Loam,7,0.55,104,19,182,0.52
27-04-2018,Telangana,Warangal,Red,6.5,0.26,130,16,126,0.8
26-10-2020,Uttar Pradesh,Kanpur,Alluvial,7.3,1.13,244,27,344,1.45
14-03-2023,Rajasthan,Jaipur,Sandy,6.9,0.73,62,10,111,0.74
21-01-2025,Nagaland,Kohima,Loamy,4.5,1.35,224,27,233,0.56
18-11-2016,Manipur,Imphal,Loamy,6.1,0.48,251,31,302,1.16
30-08-2020,Manipur,Imphal,Loamy,6.3,0.4,162,20,234,1.27
19-07-2016,Goa,North Goa,Loamy,6.4,0.36,132,20,275,1.06
22-04-2018,Dadra and Nagar Haveli and Daman and Diu,Daman,Loamy,6.2,0.47,120,33,179,1.08
09-03-2020,West Bengal,Howrah,Alluvial,5.6,0.29,228,42,361,1.15
07-01-2024,Haryana,Karnal,Sandy,6.8,0.41,119,10,132,0.49
06-04-2017,Andaman and Nicobar Islands,Port Blair,Loamy,7.4,0.88,152,21,241,1.01
13-09-2018,Rajasthan,Jaipur,Desert,7,0.04,81,8,52,0.41
04-02-2021,Mizoram,Aizawl,Loamy,7.8,1.07,129,33,359,0.91
17-12-2019,Telangana,Warangal,Red,6.7,0.63,130,30,174,0.86
19-09-2023,Ladakh,Leh,Sandy Loam,7.8,1.69,127,19,99,0.53
04-06-2025,Dadra and Nagar Haveli and Daman and Diu,Daman,Loamy,6.7,0.7,131,33,364,0.98
25-05-2025,Puducherry,Puducherry,Loamy,4.8,1.01,239,36,284,0.56
18-12-2017,Arunachal Pradesh,Itanagar,Loamy,6.6,0.57,270,38,310,1.04
12-09-2018,Assam,Cachar,Alluvial,7.2,1.11,160,50,363,1.21
31-01-2023,Chandigarh,Chandigarh,Loamy,7.8,1.51,195,44,230,1.06
03-07-2019,Haryana,Karnal,Alluvial,7.2,0.24,251,30,305,1.03
09-06-2022,Gujarat,Ahmedabad,Sandy,6.5,0.18,91,17,81,0.66
10-07-2015,Kerala,Thrissur,Red,6.7,0.49,181,25,180,0.6
08-05-2018,Odisha,Bhubaneswar,Laterite,7,0.84,175,21,182,0.73
28-08-2018,Uttar Pradesh,Lucknow,Sandy,6.6,0.24,85,8,124,0.51
08-12-2016,West Bengal,Kolkata,Alluvial,6.2,0.46,185,20,308,1.05
04-07-2023,Manipur,Imphal,Loamy,6,0.21,236,13,301,0.69
14-01-2016,Maharashtra,Mumbai,Black,7.2,0.72,167,24,337,0.61
22-01-2016,Maharashtra,Mumbai,Red,6.2,0.25,186,19,184,0.47
26-06-2025,Assam,Dibrugarh,Alluvial,7.8,1.48,203,51,258,1.51
03-04-2021,Andaman and Nicobar Islands,Port Blair,Loamy,7.4,1.03,178,40,244,0.79
07-09-2016,Goa,North Goa,Loamy,6.3,0.73,247,24,240,1.03
23-03-2019,Tamil Nadu,Madurai,Red,6.1,0.52,101,16,130,1.01
19-05-2021,West Bengal,Darjeeling,Alluvial,6.1,0.58,205,24,319,1.32
10-08-2020,Maharashtra,Nashik,Black,6.3,0.12,98,26,327,1
21-10-2019,Maharashtra,Nagpur,Red,5.8,0.46,145,24,95,0.85
08-04-2016,Punjab,Amritsar,Alluvial,6.1,0.21,280,22,358,1.43
15-01-2024,Madhya Pradesh,Bhopal,Red,6.1,0,188,8,237,0.35
24-08-2017,Uttarakhand,Dehradun,Loamy,6.3,0.55,199,19,272,0.9
21-06-2015,Jammu and Kashmir,Srinagar,Loamy,6.7,0.57,278,41,181,0.81
25-08-2023,Arunachal Pradesh,Itanagar,Loamy,7,0.62,246,19,314,1.23
03-12-2024,Telangana,Warangal,Black,7.6,1.29,196,41,347,1
20-02-2018,Andaman and Nicobar Islands,Port Blair,Loamy,6.5,0.97,164,34,353,1.03
22-04-2017,Assam,Dibrugarh,Laterite,5.2,0.63,135,11,83,0.64
14-08-2018,Bihar,Muzaffarpur,Alluvial,7,0.79,228,28,212,0.82
23-03-2020,Arunachal Pradesh,Itanagar,Loamy,6.7,0.07,195,37,338,0.78
20-11-2016,Punjab,Ludhiana,Alluvial,6.2,0.41,245,41,264,1.23
07-03-2022,Manipur,Imphal,Loamy,5.6,0.36,255,29,216,1.25
16-02-2019,Lakshadweep,Kavaratti,Loamy,5.8,0.08,226,21,227,0.69
21-01-2021,Andhra Pradesh,Guntur,Red,5.5,0.55,159,17,110,0.86
17-07-2020,Jammu and Kashmir,Srinagar,Loamy,6.2,0.65,132,20,265,0.85
19-09-2019,Gujarat,Vadodara,Sandy,7.2,0.74,81,21,94,0.62
18-01-2016,Madhya Pradesh,Bhopal,Black,7,1.05,142,33,307,1.15
06-03-2021,Andhra Pradesh,Visakhapatnam,Black,7.6,1.23,118,37,311,0.9
07-06-2025,Maharashtra,Mumbai,Red,4.6,0.46,180,18,168,0.9
04-08-2024,Andaman and Nicobar Islands,Port Blair,Loamy,5.3,0.89,219,24,328,1.1
13-11-2018,Assam,Cachar,Laterite,5.8,0.8,152,21,142,0.88
03-05-2019,Telangana,Nizamabad,Red,5.9,0.04,172,26,104,0.88
21-03-2021,Andhra Pradesh,Guntur,Black,8,0.95,115,29,335,0.88
12-08-2020,Jharkhand,Ranchi,Loamy,6.2,0.14,257,19,253,0.82
07-01-2016,Madhya Pradesh,Bhopal,Red,5.8,0.65,152,13,175,0.81
07-09-2019,Ladakh,Leh,Sandy Loam,6.9,0.31,128,11,118,0.78
09-01-2019,Himachal Pradesh,Kangra,Loamy,6.9,0.71,131,31,266,0.89
02-09-2016,Maharashtra,Nashik,Black,7.3,0.47,133,31,339,0.72
26-04-2015,Ladakh,Leh,Sandy Loam,6.3,0.22,159,22,148,0.41
24-02-2024,Jharkhand,Ranchi,Loamy,5.1,0.62,222,29,189,0.86
22-03-2016,Tamil Nadu,Coimbatore,Red,6.5,0.44,138,23,144,0.56
23-10-2018,Jammu and Kashmir,Srinagar,Loamy,7,1.05,219,30,306,1.22
07-02-2024,Gujarat,Rajkot,Black,7.2,0.19,163,35,279,0.97
02-09-2018,Jammu and Kashmir,Srinagar,Loamy,6.6,0.96,278,23,246,0.97
19-02-2016,Arunachal Pradesh,Itanagar,Loamy,6.4,0.69,185,35,226,1.05
02-09-2023,Manipur,Imphal,Loamy,5.7,0.52,242,38,310,1.15
14-12-2019,Himachal Pradesh,Shimla,Loamy,6.3,0.71,251,16,287,1.21
18-01-2023,Mizoram,Aizawl,Loamy,6.7,0.46,132,37,192,1.05
13-11-2017,Nagaland,Kohima,Loamy,6.9,0.67,121,42,213,0.87
16-02-2025,Manipur,Imphal,Loamy,7.8,1.43,187,22,265,1.36
03-06-2022,Nagaland,Kohima,Loamy,7.6,1.27,137,24,298,1.35
17-02-2020,Telangana,Nizamabad,Black,7,0.29,225,18,319,0.99
09-12-2017,Tamil Nadu,Coimbatore,Red,6.4,0.55,139,29,136,0.99
13-10-2024,Kerala,Thrissur,Laterite,6.7,0.93,83,16,191,0.91
18-12-2016,Tamil Nadu,Madurai,Red,6.7,0.62,196,15,174,0.45
09-10-2024,Rajasthan,Jaipur,Desert,8,0.73,63,9,99,0.4
20-09-2018,Uttar Pradesh,Lucknow,Sandy,6.2,0.12,105,5,55,0.63
17-08-2023,Haryana,Karnal,Sandy,4.7,1.82,48,-4,51,0.35
25-05-2019,Chandigarh,Chandigarh,Loamy,6.4,0.22,124,23,278,1.15
26-06-2023,Puducherry,Puducherry,Loamy,4.9,1.01,158,11,327,0.88
07-05-2021,Arunachal Pradesh,Itanagar,Loamy,6.5,0.14,204,34,306,0.77
15-07-2016,Chhattisgarh,Raipur,Loamy,6.1,0.65,148,28,354,0.94
22-10-2022,Dadra and Nagar Haveli and Daman and Diu,Daman,Loamy,7.4,1.52,183,29,285,1.25
13-04-2021,Delhi,New Delhi,Loamy,7.1,0.58,172,43,241,1.17
14-07-2025,Bihar,Patna,Alluvial,7.6,0.84,264,43,305,1.22
10-01-2025,Goa,North Goa,Loamy,4.8,0.49,215,13,199,0.58
22-01-2016,Tamil Nadu,Chennai,Alluvial,6.9,0.4,276,22,340,1.4
02-12-2016,Odisha,Bhubaneswar,Red,5.9,0.23,132,25,236,0.43
19-02-2022,Haryana,Faridabad,Alluvial,7.6,1.85,175,36,272,1.29
30-08-2017,Madhya Pradesh,Bhopal,Black,7.4,0.89,147,17,153,1.12
16-10-2018,Andhra Pradesh,Guntur,Red,6.4,0.83,118,19,117,0.76
10-09-2017,Goa,North Goa,Loamy,7.6,0.85,273,39,230,1.14
20-02-2019,Gujarat,Surat,Sandy,5.7,0.25,126,16,91,0.52
18-12-2015,Uttarakhand,Dehradun,Loamy,6.8,0.65,172,20,257,1.12
21-09-2019,Manipur,Imphal,Loamy,6.7,0.39,229,37,264,0.86
05-05-2020,Puducherry,Puducherry,Loamy,7,0.75,142,42,221,0.89
03-07-2018,Tamil Nadu,Coimbatore,Alluvial,6.5,0.4,231,22,251,0.92
07-01-2024,Telangana,Nizamabad,Black,7.1,0.92,203,27,247,0.83
22-03-2020,Manipur,Imphal,Loamy,6.1,0.62,241,24,287,0.75
22-01-2017,Jammu and Kashmir,Srinagar,Loamy,6.3,0.95,273,27,292,1.15
29-09-2022,Bihar,Patna,Alluvial,6.8,0.5,165,39,300,1.06
21-10-2017,Mizoram,Aizawl,Loamy,6.6,0.95,150,41,218,1.2
29-06-2016,Dadra and Nagar Haveli and Daman and Diu,Daman,Loamy,6.7,0.37,134,40,204,1
09-01-2019,Jharkhand,Ranchi,Loamy,6.9,0.38,263,25,251,0.78
20-03-2015,Uttarakhand,Dehradun,Loamy,7.2,0.65,241,21,308,1.03
13-06-2018,Goa,North Goa,Loamy,7.2,1.36,283,21,335,1.32
09-07-2021,Goa,North Goa,Loamy,6.3,0.15,264,14,324,0.99
07-06-2017,Manipur,Imphal,Loamy,6.2,0.44,245,29,248,0.96
13-05-2024,Bihar,Muzaffarpur,Alluvial,8.4,1.39,284,36,247,0.93
05-09-2023,Gujarat,Ahmedabad,Sandy,5.6,0.6,41,10,83,0.71
10-01-2018,Uttar Pradesh,Lucknow,Alluvial,6.4,0.42,154,21,239,0.93
24-12-2021,Dadra and Nagar Haveli and Daman and Diu,Daman,Loamy,5.6,0.3,197,25,191,0.86
13-06-2020,Arunachal Pradesh,Itanagar,Loamy,6.7,0.36,154,26,263,1.11
09-02-2019,West Bengal,Howrah,Alluvial,6.9,0.5,276,26,216,1.39
03-05-2025,Madhya Pradesh,Bhopal,Red,8.9,3,170,38,228,0.65
13-09-2022,Nagaland,Kohima,Loamy,6,0.45,229,22,327,0.88
09-07-2017,Chandigarh,Chandigarh,Loamy,6.2,0.41,212,39,221,1.15
03-07-2016,Karnataka,Mysore,Laterite,6.4,0.56,139,22,186,0.78
23-08-2020,Madhya Pradesh,Bhopal,Black,7,0.17,231,18,202,0.77
27-01-2016,Telangana,Nizamabad,Black,6.8,0.98,247,37,222,0.65
11-05-2024,Andaman and Nicobar Islands,Port Blair,Loamy,6.8,1.24,259,25,315,1.02
15-06-2021,Chhattisgarh,Raipur,Loamy,5.9,0.21,250,41,183,0.91
30-08-2021,Jammu and Kashmir,Srinagar,Loamy,5.4,0.3,235,32,322,0.9
25-12-2023,Odisha,Bhubaneswar,Red,7.4,1.05,207,33,243,0.84
12-10-2018,Madhya Pradesh,Bhopal,Red,5.2,0.02,95,19,143,0.6
31-08-2017,Chhattisgarh,Raipur,Loamy,6.1,0.6,225,25,204,1.13
20-01-2025,Maharashtra,Mumbai,Red,6.4,0.52,190,14,194,0.79
18-12-2024,Sikkim,Gangtok,Loamy,5.8,0.39,229,41,303,0.97
01-09-2023,Himachal Pradesh,Shimla,Sandy Loam,6.8,0.12,117,12,129,0.82
31-08-2023,Uttar Pradesh,Kanpur,Sandy,7.4,1.2,92,13,91,0.62
06-12-2015,Chhattisgarh,Raipur,Loamy,6.1,0.58,185,43,322,0.96
29-03-2022,Andaman and Nicobar Islands,Port Blair,Loamy,6.6,0.52,130,34,202,0.8
17-08-2024,Sikkim,Gangtok,Loamy,7.5,1.1,129,42,327,1.03
26-01-2017,Assam,Cachar,Laterite,5.5,0.5,82,20,160,0.78
11-11-2017,West Bengal,Kolkata,Red,6.1,0.51,165,21,139,0.57
27-05-2021,Maharashtra,Mumbai,Red,6.9,0.68,163,17,210,0.56
26-09-2024,Maharashtra,Pune,Black,8.7,1.65,169,34,292,1.17
22-07-2025,Karnataka,Hubli,Laterite,4.4,0.42,81,10,70,0.89
11-06-2021,Himachal Pradesh,Kangra,Loamy,7.6,1.06,153,17,249,0.82
05-05-2022,Goa,North Goa,Loamy,6.9,0.75,133,27,342,1.13
05-10-2023,Andhra Pradesh,Krishna,Alluvial,8.4,1.93,212,52,381,1.25
26-04-2022,Tripura,Agartala,Loamy,6,0.23,250,21,254,0.89
27-07-2017,Meghalaya,Shillong,Loamy,6,0.54,147,15,211,0.95
27-02-2024,Manipur,Imphal,Loamy,7.9,2.13,165,45,226,1.13
27-04-2017,Puducherry,Puducherry,Loamy,7.1,0.57,241,30,256,0.75
17-03-2016,Mizoram,Aizawl,Loamy,6.2,0.69,219,45,336,1.22
25-12-2021,Assam,Cachar,Alluvial,5.8,0.15,156,31,305,0.92
10-05-2015,Assam,Cachar,Laterite,6.2,0.47,86,25,145,0.51
09-10-2023,Mizoram,Aizawl,Loamy,6.3,0.95,189,28,254,1.09
19-08-2016,Andhra Pradesh,Visakhapatnam,Black,7.5,0.79,137,33,179,1.19
12-05-2020,Gujarat,Rajkot,Sandy,6.1,0.12,49,3,141,0.45
14-02-2019,Uttar Pradesh,Varanasi,Alluvial,6.3,0.51,151,20,222,1.36
11-05-2017,Odisha,Bhubaneswar,Laterite,5.3,0.42,126,16,132,0.83
23-06-2024,Chandigarh,Chandigarh,Loamy,5.5,1.03,190,33,180,1.14
25-03-2022,Maharashtra,Pune,Red,5.5,0.19,107,19,91,0.36
25-09-2017,Madhya Pradesh,Bhopal,Black,8,0.71,227,32,245,1.07
30-06-2021,Punjab,Patiala,Alluvial,6.2,0,276,43,280,1.04
07-08-2023,Uttar Pradesh,Varanasi,Alluvial,7.2,1.02,220,27,214,1.39
20-03-2025,Uttarakhand,Dehradun,Loamy,6.2,0.37,131,25,261,1.19
31-10-2021,Tripura,Agartala,Loamy,5.1,0.95,229,20,319,1.15
01-04-2019,Himachal Pradesh,Shimla,Sandy Loam,6.3,0.28,103,12,100,0.68
06-11-2022,Kerala,Kozhikode,Laterite,6.7,0.77,141,23,178,0.99
29-06-2019,Jharkhand,Ranchi,Loamy,6.1,0.05,152,42,189,1.25
11-11-2023,Goa,North Goa,Loamy,6,0.02,256,31,271,1.22
20-02-2019,Puducherry,Puducherry,Loamy,6.7,0.07,129,34,250,0.88
03-10-2019,Odisha,Bhubaneswar,Laterite,6,0.25,147,18,139,0.95
19-07-2022,Goa,North Goa,Loamy,6.8,0.79,187,36,279,1.01
20-12-2018,Arunachal Pradesh,Itanagar,Loamy,7.6,0.69,190,45,355,1.19
26-04-2025,Manipur,Imphal,Loamy,8,2.21,222,25,369,1.14
01-02-2020,Mizoram,Aizawl,Loamy,7.5,0.9,189,24,304,1.07
22-09-2015,Meghalaya,Shillong,Loamy,6.8,0.65,171,41,249,1.08
13-04-2022,West Bengal,Howrah,Alluvial,7.5,1.03,183,41,287,1.12
06-05-2024,Rajasthan,Udaipur,Desert,9.6,2.06,68,22,130,0.7
19-11-2022,Haryana,Karnal,Alluvial,6.4,0.69,189,28,306,1.49
25-05-2025,Jharkhand,Ranchi,Loamy,6.5,0.9,180,37,210,0.83
03-03-2024,Jharkhand,Ranchi,Loamy,5.8,0.25,135,25,201,0.89
14-06-2022,Jharkhand,Ranchi,Loamy,6,0.28,231,35,222,0.64
02-01-2019,Himachal Pradesh,Mandi,Sandy Loam,6.7,0.68,102,16,141,0.52
06-06-2015,West Bengal,Darjeeling,Red,6.8,0.22,82,21,109,0.89
16-12-2018,Telangana,Warangal,Red,6.5,0.35,180,25,119,0.91
17-04-2021,Odisha,Bhubaneswar,Laterite,5.9,0.34,150,10,87,0.97
04-01-2023,Delhi,New Delhi,Loamy,7.3,1.25,272,18,269,1.1
21-06-2019,Bihar,Muzaffarpur,Alluvial,7.3,0.69,273,32,296,0.97
21-01-2022,Assam,Dibrugarh,Alluvial,6.7,1.13,202,38,404,0.9
02-07-2021,Kerala,Ernakulam,Red,4.9,0.2,156,19,229,0.34
28-03-2023,Nagaland,Kohima,Loamy,7.5,1.6,187,40,362,1.22
13-06-2017,Tamil Nadu,Madurai,Alluvial,6.5,0.9,214,31,308,1.4
14-11-2020,Punjab,Ludhiana,Alluvial,6.9,0.86,241,49,294,1.4
27-05-2016,Goa,North Goa,Loamy,6.6,0.45,199,22,334,0.85
04-08-2015,Puducherry,Puducherry,Loamy,6.3,0.75,205,18,242,1.12
09-10-2023,Arunachal Pradesh,Itanagar,Loamy,5.4,0.79,176,15,219,0.9
14-02-2024,Chandigarh,Chandigarh,Loamy,5.2,1.04,195,25,239,0.9
12-12-2020,Himachal Pradesh,Kangra,Loamy,7.1,1.17,189,29,362,1.18
20-08-2023,Uttarakhand,Dehradun,Loamy,6.4,0.46,181,37,214,1.25
08-03-2024,Puducherry,Puducherry,Loamy,6.2,0.06,229,30,331,0.99
03-09-2019,Telangana,Warangal,Red,6.5,0.4,167,30,157,0.83
07-10-2020,Mizoram,Aizawl,Loamy,6.6,0.92,179,29,360,0.85
17-04-2019,Andaman and Nicobar Islands,Port Blair,Loamy,6.3,0.33,166,13,333,1.03
17-01-2021,Ladakh,Leh,Sandy Loam,6.6,0.1,129,16,148,0.76
20-05-2021,Kerala,Thrissur,Red,5.5,0.1,135,10,122,0.79
23-11-2020,Dadra and Nagar Haveli and Daman and Diu,Daman,Loamy,6,0.01,130,25,305,1.17
02-02-2018,Himachal Pradesh,Kangra,Sandy Loam,6,0.14,118,16,83,0.75
11-08-2024,Odisha,Bhubaneswar,Red,5.4,0.89,91,10,102,0.74
16-08-2015,Mizoram,Aizawl,Loamy,6.2,0.66,146,22,242,1.27
29-04-2025,Arunachal Pradesh,Itanagar,Loamy,5,0.7,227,12,276,0.73
01-01-2025,Chhattisgarh,Raipur,Loamy,5.5,0.66,223,34,316,1.02
23-06-2021,Meghalaya,Shillong,Loamy,6.8,0.24,202,20,296,1.26
27-01-2019,Mizoram,Aizawl,Loamy,6.4,0.69,166,30,218,1.01
12-03-2017,Uttarakhand,Dehradun,Loamy,6.3,0.22,191,44,231,1
11-06-2019,Gujarat,Rajkot,Black,6.6,0.37,153,27,290,0.87
20-03-2020,Haryana,Faridabad,Sandy,6.8,0.59,138,18,99,0.69
31-12-2022,Haryana,Karnal,Alluvial,5.4,0.48,272,18,349,1.25
16-04-2016,Tamil Nadu,Madurai,Red,5.9,0.38,157,13,153,0.84
15-12-2017,Lakshadweep,Kavaratti,Loamy,6.8,0.46,201,31,309,0.72
26-04-2022,Nagaland,Kohima,Loamy,6.7,1.31,162,30,353,0.98
22-08-2020,Kerala,Ernakulam,Red,6.1,0.16,118,12,182,0.67
12-08-2024,Manipur,Imphal,Loamy,6.3,1,199,41,320,1.07
07-11-2017,West Bengal,Howrah,Alluvial,6.5,0.53,274,35,282,0.89
04-07-2022,Dadra and Nagar Haveli and Daman and Diu,Daman,Loamy,5.9,0.13,238,34,198,1
09-04-2023,Himachal Pradesh,Kangra,Loamy,6.6,0.89,249,24,193,0.86
30-11-2020,Haryana,Hisar,Sandy,6,0.3,67,5,92,0.6
17-08-2015,Odisha,Bhubaneswar,Laterite,6.4,0.32,170,13,85,0.9
20-06-2015,Haryana,Hisar,Sandy,6.1,0.11,81,16,117,0.8
22-10-2015,Puducherry,Puducherry,Loamy,6.7,0.36,277,36,247,0.85
08-07-2015,Bihar,Gaya,Alluvial,7.3,0.78,151,50,215,1.39
01-03-2016,Dadra and Nagar Haveli and Daman and Diu,Daman,Loamy,6.9,0.31,206,34,238,0.77
03-09-2017,Assam,Tinsukia,Alluvial,6.9,1.06,206,23,275,1.43
07-01-2018,Jammu and Kashmir,Srinagar,Loamy,7.2,0.9,201,44,273,0.81
29-05-2022,Odisha,Bhubaneswar,Red,7.3,1.19,113,25,255,0.58
07-07-2017,Andaman and Nicobar Islands,Port Blair,Loamy,7,0.37,267,36,200,0.82
28-11-2023,Jharkhand,Ranchi,Loamy,6.6,0.34,134,36,320,1.22
13-05-2016,Kerala,Ernakulam,Laterite,5.8,0.41,140,20,86,0.98
27-12-2019,Chandigarh,Chandigarh,Loamy,7.4,0.76,272,35,290,1.11
10-09-2022,Chandigarh,Chandigarh,Loamy,7.8,1.41,286,22,362,1.18
15-05-2017,Nagaland,Kohima,Loamy,6.9,0.56,253,25,344,1.25
05-04-2017,Telangana,Nizamabad,Black,7.3,0.69,188,21,252,1.15
07-05-2025,Lakshadweep,Kavaratti,Loamy,8.1,1.79,219,47,307,1.25
02-02-2020,Himachal Pradesh,Mandi,Sandy Loam,6.7,0.27,61,8,80,0.77
19-10-2020,Telangana,Warangal,Black,6.5,0.11,114,20,176,0.92
14-04-2021,Uttar Pradesh,Lucknow,Alluvial,6,0.51,180,21,379,1.02
26-05-2015,Assam,Dibrugarh,Alluvial,6.7,0.33,276,41,333,1.35
30-06-2019,Tamil Nadu,Madurai,Alluvial,6.4,0.47,163,22,266,1.38
13-07-2025,Karnataka,Hubli,Black,6.3,0.88,156,33,147,0.61
12-08-2018,Jharkhand,Ranchi,Loamy,7.1,1.15,149,28,231,1.27
14-03-2022,Ladakh,Leh,Sandy Loam,6.3,0.01,61,21,119,0.48
14-04-2016,Madhya Pradesh,Bhopal,Red,6.1,0.72,84,13,130,0.44
17-10-2024,Andaman and Nicobar Islands,Port Blair,Loamy,7.2,1.17,151,26,357,0.88
12-07-2015,Madhya Pradesh,Bhopal,Black,7.7,0.7,175,19,285,1.13
27-12-2017,Uttar Pradesh,Varanasi,Alluvial,6.9,0.6,226,32,219,1.36
16-12-2021,Punjab,Ludhiana,Alluvial,7.6,1.59,306,30,377,1.57
24-08-2025,Chhattisgarh,Raipur,Loamy,6.1,0.24,183,28,291,0.68
21-02-2015,Punjab,Patiala,Alluvial,7.4,0.79,200,41,284,0.82
08-01-2023,Maharashtra,Pune,Red,5.5,0.19,193,19,179,0.48
07-08-2021,Maharashtra,Mumbai,Red,7.1,0.88,148,24,223,0.56
26-12-2019,Haryana,Hisar,Alluvial,6.3,0.31,298,48,264,1.04
12-02-2023,Madhya Pradesh,Bhopal,Red,5.6,0.37,89,20,123,0.83
26-11-2021,Telangana,Hyderabad,Black,5.8,0.04,104,18,185,0.87
13-02-2020,Manipur,Imphal,Loamy,7.4,1.22,197,32,299,1.32
12-01-2022,Andhra Pradesh,Guntur,Red,5.7,0.68,158,25,174,0.52
22-11-2019,Sikkim,Gangtok,Loamy,6.1,0.14,177,38,232,1.01
25-12-2018,Puducherry,Puducherry,Loamy,6.4,0.13,263,37,356,1.28
11-02-2020,Assam,Cachar,Laterite,5.9,0.31,126,12,173,0.61
23-03-2024,Uttar Pradesh,Kanpur,Sandy,7.7,1.53,91,22,168,0.66
07-08-2024,Maharashtra,Mumbai,Black,7.4,1.43,159,29,195,1.05
25-04-2025,Haryana,Gurgaon,Alluvial,8.2,1,294,45,355,1.35
01-07-2022,Meghalaya,Shillong,Loamy,7.2,1,276,22,222,0.76
14-12-2023,Rajasthan,Udaipur,Desert,7.6,0.5,63,16,49,0.28
05-10-2023,Jharkhand,Ranchi,Loamy,6.3,1.01,144,43,270,0.96
23-01-2022,Tripura,Agartala,Loamy,5.1,0.57,188,38,248,1.06
30-06-2020,Sikkim,Gangtok,Loamy,6.1,0.33,238,16,200,0.99
05-12-2018,Bihar,Patna,Alluvial,7,0.56,209,40,251,1.27
19-04-2017,Bihar,Gaya,Alluvial,6.6,0.53,201,30,368,1.17
03-08-2023,Chandigarh,Chandigarh,Loamy,7,1.17,165,21,234,1.08
23-04-2025,Arunachal Pradesh,Itanagar,Loamy,4.6,1.17,209,10,317,0.86
29-08-2015,Andaman and Nicobar Islands,Port Blair,Loamy,6.3,0.54,198,17,333,1.19
02-06-2024,Ladakh,Leh,Sandy Loam,6.4,0.01,107,11,65,0.55
19-06-2016,Rajasthan,Jodhpur,Desert,7.4,0.22,49,14,58,0.57
08-11-2018,Rajasthan,Jodhpur,Desert,7.1,0.09,116,9,107,0.47
03-08-2024,Rajasthan,Udaipur,Desert,7.4,0.57,64,10,107,0.51
24-03-2015,Bihar,Patna,Alluvial,6.7,0.23,156,41,390,1.39
08-09-2017,Andhra Pradesh,Visakhapatnam,Red,6.6,0.96,111,15,244,0.87
07-09-2025,Uttar Pradesh,Lucknow,Sandy,7.8,1.36,124,22,132,0.78
26-04-2025,Arunachal Pradesh,Itanagar,Loamy,6.9,0.58,149,45,270,0.8
08-08-2017,Himachal Pradesh,Shimla,Sandy Loam,6.4,0.12,83,25,106,0.53
04-09-2025,Nagaland,Kohima,Loamy,8.4,1.89,150,51,340,0.98
02-09-2016,Karnataka,Hubli,Laterite,5.5,0.7,92,14,125,0.85
27-07-2016,Tripura,Agartala,Loamy,6.1,0.18,206,22,236,0.69
22-05-2021,Uttar Pradesh,Kanpur,Alluvial,6.4,0.22,285,24,376,1.01
15-09-2017,Ladakh,Leh,Sandy Loam,7.3,0.25,86,16,131,0.75
14-11-2024,Jammu and Kashmir,Srinagar,Loamy,6.9,0.41,218,20,309,1.29
03-04-2016,Assam,Cachar,Alluvial,6.2,0.39,204,48,268,1.38
28-12-2023,Jammu and Kashmir,Srinagar,Loamy,7,1.46,253,35,335,1.22
13-12-2020,Sikkim,Gangtok,Loamy,7,1.07,212,22,284,0.95
16-07-2024,Haryana,Gurgaon,Alluvial,6.3,0.48,199,45,281,1.08
03-03-2019,Manipur,Imphal,Loamy,7,0.53,127,31,332,0.94
08-10-2021,Gujarat,Rajkot,Sandy,6.6,0.21,135,7,60,0.77
14-02-2022,Odisha,Bhubaneswar,Laterite,5.3,0.56,173,20,107,0.97
11-04-2022,Mizoram,Aizawl,Loamy,7.8,1.29,264,20,277,0.88
07-06-2020,Andhra Pradesh,Krishna,Alluvial,6.8,0.75,258,22,226,1.47
16-04-2019,Andaman and Nicobar Islands,Port Blair,Loamy,6.7,0.7,241,43,223,0.88
04-11-2023,Madhya Pradesh,Bhopal,Red,6,0.17,116,21,209,0.85
29-11-2020,Andaman and Nicobar Islands,Port Blair,Loamy,5.8,0.23,225,17,283,0.68
15-09-2021,Goa,North Goa,Loamy,6.1,0.21,240,16,304,0.7
27-06-2025,Chhattisgarh,Raipur,Loamy,6,0.16,141,35,342,0.88
02-05-2015,Puducherry,Puducherry,Loamy,6.8,0.7,265,19,286,1.23
30-09-2015,Karnataka,Bangalore,Red,6.5,0.32,185,16,162,0.51
10-08-2018,Himachal Pradesh,Kangra,Loamy,6.4,0.11,258,27,310,1.22
02-02-2016,Himachal Pradesh,Mandi,Loamy,6.1,0.59,151,17,293,0.77
23-11-2021,Haryana,Gurgaon,Alluvial,5.4,0.33,225,16,283,1.18
11-09-2017,Assam,Dibrugarh,Alluvial,7,0.7,284,39,296,0.94
15-05-2018,Madhya Pradesh,Bhopal,Red,6.8,0.42,93,19,102,0.74
07-02-2018,Odisha,Bhubaneswar,Red,5.3,0.38,182,11,116,0.94
12-08-2024,Puducherry,Puducherry,Loamy,6.1,0.1,134,36,231,0.7
25-07-2018,Lakshadweep,Kavaratti,Loamy,6.5,0.45,120,29,295,1.15
18-12-2024,Meghalaya,Shillong,Loamy,7.1,1.17,130,23,211,0.94
25-03-2020,Ladakh,Leh,Sandy Loam,6.1,0.36,106,7,68,0.37
01-03-2022,Nagaland,Kohima,Loamy,6.2,0.43,144,27,212,0.87
14-02-2019,Maharashtra,Mumbai,Red,7,0.55,140,25,243,0.98
10-08-2025,Chandigarh,Chandigarh,Loamy,6.8,1.12,140,28,352,0.87
21-09-2023,Arunachal Pradesh,Itanagar,Loamy,6,0.16,162,14,251,1.26
31-03-2020,Madhya Pradesh,Bhopal,Black,7.9,0.97,194,42,274,0.98
23-01-2023,Uttarakhand,Dehradun,Loamy,6.6,0.56,209,26,183,0.75
30-03-2017,Mizoram,Aizawl,Loamy,6.5,0.9,167,25,196,1.05
10-12-2022,Dadra and Nagar Haveli and Daman and Diu,Daman,Loamy,7.4,1.78,259,24,230,1
18-09-2024,Manipur,Imphal,Loamy,4.8,1.26,157,21,325,1.04
20-07-2022,Punjab,Ludhiana,Alluvial,7.8,1.19,211,49,283,1.28
10-05-2020,Chhattisgarh,Raipur,Loamy,7,1.16,215,22,367,1.04
26-06-2021,Gujarat,Rajkot,Black,6.4,0.06,114,15,231,1.13
28-06-2015,Nagaland,Kohima,Loamy,6.9,0.6,139,32,243,0.76
15-06-2017,Karnataka,Belgaum,Red,6.7,0.58,171,20,185,0.84
16-03-2021,Lakshadweep,Kavaratti,Loamy,6.9,1.03,176,38,195,1.3
07-10-2022,Uttarakhand,Dehradun,Loamy,6.6,0.31,169,39,312,0.94
26-05-2020,Uttar Pradesh,Varanasi,Sandy,6.2,0.16,119,11,65,0.39
01-04-2019,West Bengal,Kolkata,Alluvial,5.9,0.12,150,39,314,1.47
06-05-2016,Arunachal Pradesh,Itanagar,Loamy,6.8,0.23,277,33,200,0.99
02-03-2015,Punjab,Ludhiana,Alluvial,7.4,0.71,195,32,371,1.43
13-12-2017,Bihar,Muzaffarpur,Alluvial,6.7,0.93,204,39,298,1.45
31-08-2019,Madhya Pradesh,Bhopal,Black,6.6,0.87,169,27,316,1
29-01-2022,Telangana,Nizamabad,Black,7.3,0.93,239,20,212,0.98
05-12-2022,Andaman and Nicobar Islands,Port Blair,Loamy,7.5,1,241,20,283,0.83
24-04-2023,Ladakh,Leh,Sandy Loam,5.8,0.08,84,15,61,0.75
06-03-2015,Arunachal Pradesh,Itanagar,Loamy,6.8,0.41,126,23,293,0.71
31-01-2025,Nagaland,Kohima,Loamy,6.1,0.46,146,44,255,0.77
08-08-2016,Haryana,Hisar,Alluvial,6,0.38,271,33,227,1.13
24-09-2019,Manipur,Imphal,Loamy,6.5,0.63,249,42,314,0.91
27-01-2021,Mizoram,Aizawl,Loamy,5.3,0.65,142,30,272,0.97
27-02-2024,Tamil Nadu,Coimbatore,Alluvial,7.2,1.22,274,36,327,1.1
28-04-2025,Arunachal Pradesh,Itanagar,Loamy,4.6,0.97,231,32,301,0.78
18-06-2016,Goa,North Goa,Loamy,6,0.59,151,28,208,0.93
24-06-2024,Andaman and Nicobar Islands,Port Blair,Loamy,8,1.59,154,42,352,0.9
03-07-2022,Uttarakhand,Dehradun,Loamy,7,1,128,35,199,1.2
21-04-2024,Puducherry,Puducherry,Loamy,8.5,1.82,139,51,376,1.4
25-11-2020,Nagaland,Kohima,Loamy,7.2,0.75,136,39,308,0.78
14-02-2020,Jharkhand,Ranchi,Loamy,7.2,0.9,260,41,357,0.78
08-11-2023,Mizoram,Aizawl,Loamy,6.2,0.08,192,12,276,0.88
01-11-2022,Madhya Pradesh,Bhopal,Red,7,1.72,174,26,251,0.64
01-10-2017,Uttarakhand,Dehradun,Loamy,6.3,0.62,135,46,289,1.01
04-11-2021,Arunachal Pradesh,Itanagar,Loamy,6.6,0.72,246,43,203,0.9
14-05-2018,Puducherry,Puducherry,Loamy,6.6,0.58,259,31,266,1.04
22-03-2022,Dadra and Nagar Haveli and Daman and Diu,Daman,Loamy,6.1,0.3,237,32,328,1.1
05-11-2017,Tamil Nadu,Madurai,Red,6.3,0.81,191,25,212,0.5
23-11-2015,Gujarat,Vadodara,Sandy,6.3,0.32,50,18,87,0.66
30-08-2016,Delhi,New Delhi,Loamy,7,0.67,178,40,295,0.8
30-05-2022,Kerala,Thrissur,Laterite,7.2,1.54,112,28,146,0.88
02-01-2015,Kerala,Ernakulam,Laterite,5.9,0.39,72,19,155,0.59
30-10-2017,Odisha,Bhubaneswar,Laterite,5.3,0.37,129,16,189,0.89
17-10-2021,Himachal Pradesh,Shimla,Sandy Loam,6.1,0.12,123,20,69,0.47
05-05-2015,Jharkhand,Ranchi,Loamy,6.7,0.56,128,43,317,0.92
09-01-2018,Mizoram,Aizawl,Loamy,5.9,0.07,177,30,250,1.03
07-12-2021,Jharkhand,Ranchi,Loamy,6.7,0.77,126,35,364,0.99
23-05-2022,Kerala,Kozhikode,Laterite,6.6,0.41,161,13,180,0.94
05-02-2020,Manipur,Imphal,Loamy,6,0.42,129,30,185,1.08
19-03-2018,Dadra and Nagar Haveli and Daman and Diu,Daman,Loamy,5.9,0.18,141,34,284,1.04
18-10-2022,Manipur,Imphal,Loamy,7.1,1.11,231,46,370,1.06
30-12-2022,West Bengal,Howrah,Alluvial,5.9,0.96,214,24,349,0.87
04-05-2024,Bihar,Purnia,Alluvial,6.2,0.28,191,23,344,1.07
09-05-2015,Ladakh,Leh,Sandy Loam,6.6,0.43,124,18,76,0.86
13-03-2016,Andhra Pradesh,Visakhapatnam,Red,5.8,0.45,170,20,101,0.97
20-01-2017,Puducherry,Puducherry,Loamy,7.3,0.86,225,38,310,1.12
23-12-2021,Mizoram,Aizawl,Loamy,6.1,0.36,147,21,172,1.2
27-07-2023,Delhi,New Delhi,Loamy,5.6,0.13,236,24,204,0.66
06-05-2018,Rajasthan,Jodhpur,Desert,7.9,0.54,51,6,73,0.49
08-03-2021,Uttar Pradesh,Varanasi,Sandy,6.9,0.77,68,11,158,0.82
20-06-2017,Ladakh,Leh,Sandy Loam,6.4,0.4,98,20,108,0.55
23-09-2020,Chhattisgarh,Raipur,Loamy,6.2,0.34,144,27,325,0.81
04-09-2023,Delhi,New Delhi,Loamy,5.5,0.18,240,33,184,1.18
26-07-2018,Andhra Pradesh,Chittoor,Black,6.8,0.55,246,29,335,0.84
26-01-2022,Goa,North Goa,Loamy,5.6,0.03,164,36,193,0.76
04-12-2018,Arunachal Pradesh,Itanagar,Loamy,6.3,0.03,224,41,332,0.72
13-11-2021,Chhattisgarh,Raipur,Loamy,6.9,0.53,130,34,287,0.77
26-01-2016,Uttar Pradesh,Kanpur,Alluvial,6.4,0.26,272,30,263,0.81
23-09-2025,Madhya Pradesh,Bhopal,Red,5.5,0.54,110,14,198,0.5
03-12-2017,Kerala,Thrissur,Red,6.6,0.31,115,22,177,0.63
27-01-2015,Chhattisgarh,Raipur,Loamy,7.1,0.48,280,39,343,0.87
12-10-2022,Arunachal Pradesh,Itanagar,Loamy,6.3,0.24,130,20,246,1.25
04-09-2023,Bihar,Patna,Alluvial,6.4,0.14,264,34,272,0.84
11-04-2023,Uttarakhand,Dehradun,Loamy,6.7,0.67,244,21,258,0.75
01-07-2016,Jharkhand,Ranchi,Loamy,6.2,0.63,182,37,359,1.22
22-04-2022,Madhya Pradesh,Bhopal,Black,5.8,1.09,234,32,306,0.85
20-07-2016,Arunachal Pradesh,Itanagar,Loamy,6.5,0.56,169,40,202,1.17
04-12-2016,Uttar Pradesh,Lucknow,Alluvial,6.7,0.72,294,44,388,1.45
27-05-2018,Manipur,Imphal,Loamy,7.2,0.56,166,34,215,1.04
04-07-2015,Jharkhand,Ranchi,Loamy,6.4,0.6,265,28,283,1.17
07-08-2023,Sikkim,Gangtok,Loamy,6.6,0.62,232,27,254,1.29
05-09-2025,Tripura,Agartala,Loamy,6.7,1.02,236,21,261,1.27
07-10-2023,Manipur,Imphal,Loamy,6.8,0.35,176,30,310,0.78
10-05-2019,Madhya Pradesh,Bhopal,Red,5.7,0.02,114,15,209,0.53
28-03-2020,Haryana,Hisar,Sandy,6.7,0.34,131,10,150,0.45
28-01-2025,Rajasthan,Udaipur,Sandy,8.4,2.3,80,23,138,0.69
27-04-2017,Rajasthan,Jaipur,Desert,7.6,0.37,94,7,111,0.4
21-08-2016,Sikkim,Gangtok,Loamy,6,0.35,244,29,235,1.2
16-03-2017,Delhi,New Delhi,Loamy,6.3,0.47,245,16,220,1.02
19-02-2025,Uttarakhand,Dehradun,Loamy,6,0.57,202,16,225,1
19-05-2025,Sikkim,Gangtok,Loamy,6.5,1.03,207,38,249,0.99
19-09-2018,Chandigarh,Chandigarh,Loamy,6.8,0.34,242,38,189,1
31-10-2023,Himachal Pradesh,Kangra,Loamy,8.2,1.82,288,40,226,1.05
27-11-2024,Jammu and Kashmir,Srinagar,Loamy,6.1,0.12,234,21,296,0.66
27-10-2020,Nagaland,Kohima,Loamy,6.9,1.18,252,27,363,0.91
11-03-2022,Chhattisgarh,Raipur,Loamy,7.2,1.08,160,24,220,1.02
22-02-2020,Uttarakhand,Dehradun,Loamy,6.8,0.89,156,39,308,1.1
26-09-2021,Goa,North Goa,Loamy,6.1,0.33,165,40,344,0.62
29-06-2016,Lakshadweep,Kavaratti,Loamy,6.7,0.46,193,23,269,0.96
21-06-2019,Haryana,Gurgaon,Alluvial,6.8,0.99,284,52,329,1.21
25-01-2021,Rajasthan,Udaipur,Desert,7.7,0.03,89,5,89,0.5
21-06-2022,Nagaland,Kohima,Loamy,6.9,0.29,227,23,223,1.08
23-03-2025,Maharashtra,Nashik,Black,6.5,0.53,237,36,318,0.77
15-03-2022,Manipur,Imphal,Loamy,7.8,1.12,249,25,199,1.06
06-01-2022,Uttar Pradesh,Kanpur,Alluvial,7.6,0.83,162,34,251,1.12
08-04-2024,Lakshadweep,Kavaratti,Loamy,6.6,0.61,269,42,292,0.93
10-09-2020,West Bengal,Kolkata,Alluvial,7.3,0.74,236,43,230,1.47
23-05-2021,Lakshadweep,Kavaratti,Loamy,7.1,0.66,270,42,215,0.85
26-03-2022,Madhya Pradesh,Bhopal,Black,7,0.49,161,25,222,0.82
12-07-2023,Manipur,Imphal,Loamy,7.6,0.95,236,43,281,1.2
10-04-2020,Nagaland,Kohima,Loamy,7,0.21,130,33,268,0.86
08-09-2016,Goa,North Goa,Loamy,7.1,0.55,137,41,199,1
31-05-2023,Karnataka,Belgaum,Black,6.2,0.26,110,15,278,0.66
23-12-2024,Lakshadweep,Kavaratti,Loamy,6.6,0.29,179,40,209,1.18
06-05-2021,Punjab,Ludhiana,Alluvial,7.1,0.61,201,34,340,0.82
18-04-2018,Delhi,New Delhi,Loamy,6.1,0.47,219,32,216,1.08
26-10-2019,Haryana,Faridabad,Alluvial,6.3,0.92,189,45,387,0.93
09-01-2022,Jammu and Kashmir,Srinagar,Loamy,6.6,0.29,190,41,276,0.92
10-09-2023,Chhattisgarh,Raipur,Loamy,6.4,1.14,144,26,319,0.74
09-06-2023,Jammu and Kashmir,Srinagar,Loamy,5.1,0.35,207,32,272,0.87
15-03-2022,Maharashtra,Mumbai,Red,6.2,0.42,91,28,206,0.48
28-08-2023,Rajasthan,Jaipur,Sandy,7.5,0.93,112,21,123,0.7
14-08-2015,Telangana,Nizamabad,Red,6.6,0.38,174,14,129,0.89
31-10-2016,Mizoram,Aizawl,Loamy,6.4,0.59,261,29,275,1.05
30-10-2019,Nagaland,Kohima,Loamy,7.5,1.33,149,37,233,1.13
05-07-2017,Puducherry,Puducherry,Loamy,6.9,0.82,272,43,208,0.93
13-12-2020,Kerala,Thrissur,Red,5.9,0.36,79,27,156,0.76
23-03-2023,Meghalaya,Shillong,Loamy,6.7,0.47,231,14,212,0.81
25-12-2023,Bihar,Muzaffarpur,Alluvial,4.6,1.54,253,21,319,1.27
04-09-2023,Tripura,Agartala,Loamy,5.7,0.07,204,19,269,0.85
22-10-2020,Puducherry,Puducherry,Loamy,6.2,0.46,117,24,221,0.83
15-02-2025,West Bengal,Howrah,Alluvial,7.6,1.23,278,38,247,1.59
29-04-2018,Karnataka,Hubli,Black,6.4,0.64,226,23,180,0.85
02-09-2019,Madhya Pradesh,Bhopal,Red,6.5,0.83,150,29,135,0.73
17-01-2020,Dadra and Nagar Haveli and Daman and Diu,Daman,Loamy,6.6,1.31,250,34,263,0.98
06-06-2020,Tripura,Agartala,Loamy,6.2,0.43,244,35,269,1.25
15-05-2025,Jharkhand,Ranchi,Loamy,4.9,0.74,121,28,283,1.03
25-02-2015,Telangana,Warangal,Black,6.6,0.73,220,16,180,1.07
20-12-2016,Andhra Pradesh,Guntur,Alluvial,7.5,0.55,173,30,357,1.18
13-02-2022,Tripura,Agartala,Loamy,6.8,0.36,188,42,355,1.14
10-09-2020,West Bengal,Kolkata,Alluvial,6.2,0.17,194,24,232,0.96
07-11-2024,Ladakh,Leh,Sandy Loam,7.6,1.18,132,15,106,0.69
27-07-2016,Nagaland,Kohima,Loamy,6.8,0.82,232,27,301,0.84
28-10-2016,Goa,North Goa,Loamy,7.1,0.58,139,18,283,1.07
11-10-2015,Arunachal Pradesh,Itanagar,Loamy,6,0.63,242,18,241,1.21
11-10-2019,Assam,Dibrugarh,Alluvial,6.7,0.28,192,38,210,0.8
08-09-2025,Haryana,Karnal,Alluvial,8,1.58,282,49,279,1.27
05-10-2024,Dadra and Nagar Haveli and Daman and Diu,Daman,Loamy,5.7,0.41,134,30,255,0.73
12-02-2021,Odisha,Bhubaneswar,Red,6.1,0.83,175,15,171,0.6
12-05-2016,Goa,North Goa,Loamy,7.2,0.76,271,33,314,1.24
05-01-2019,Maharashtra,Mumbai,Red,6.7,1.84,117,30,240,0.58
10-05-2015,Assam,Kamrup,Alluvial,6.8,0.41,290,32,339,1.25
30-09-2016,Andhra Pradesh,Chittoor,Red,5.9,0.51,130,18,230,0.49
17-03-2024,Chandigarh,Chandigarh,Loamy,6.8,1.08,267,39,206,1.36
01-12-2020,Odisha,Bhubaneswar,Red,6,0.43,184,17,225,0.91
15-12-2023,Odisha,Bhubaneswar,Laterite,5.5,0.45,99,12,111,0.88
22-08-2020,Himachal Pradesh,Kangra,Sandy Loam,7.6,0.62,66,12,147,0.86
25-02-2024,Gujarat,Ahmedabad,Black,9.5,3.23,165,35,281,0.89
20-01-2025,Gujarat,Rajkot,Sandy,8.2,1.74,142,20,157,0.91
31-12-2023,Himachal Pradesh,Shimla,Sandy Loam,6.3,0.34,136,10,90,0.62
27-10-2021,Bihar,Patna,Alluvial,5.4,0.61,178,21,185,1.26
28-07-2025,Tripura,Agartala,Loamy,8.2,2.42,150,55,238,0.95
23-10-2024,Kerala,Kozhikode,Laterite,6.4,0.79,172,25,193,0.91
30-10-2021,Goa,North Goa,Loamy,5.3,0.29,144,30,182,1.09
12-09-2017,Nagaland,Kohima,Loamy,7,0.82,276,35,325,0.77
19-09-2017,Rajasthan,Jodhpur,Desert,7.3,0.23,65,7,96,0.32
25-07-2022,Manipur,Imphal,Loamy,6.1,0.74,128,23,223,0.71
22-10-2020,Assam,Tinsukia,Laterite,5.3,0.41,142,12,129,0.52
28-01-2022,Arunachal Pradesh,Itanagar,Loamy,6.1,0.16,215,28,296,1.23
11-04-2015,Bihar,Purnia,Alluvial,6.6,0.67,293,37,231,0.95
01-02-2021,Lakshadweep,Kavaratti,Loamy,5.9,0.08,153,38,219,1
02-03-2016,Arunachal Pradesh,Itanagar,Loamy,6.8,0.55,223,25,198,1
24-09-2023,Andaman and Nicobar Islands,Port Blair,Loamy,7,0.72,207,36,289,1.18
12-11-2023,Arunachal Pradesh,Itanagar,Loamy,6.1,0.13,251,18,235,1.2
10-02-2015,Puducherry,Puducherry,Loamy,6.9,0.58,170,30,190,1.14
04-03-2016,Uttarakhand,Dehradun,Loamy,6.1,0.64,263,29,195,1.27
10-12-2015,Nagaland,Kohima,Loamy,6.5,0.34,150,19,216,0.79
27-07-2024,Ladakh,Leh,Sandy Loam,8.5,1.99,172,25,183,0.74
01-01-2016,Odisha,Bhubaneswar,Laterite,5.6,0.2,144,14,89,0.54
27-09-2023,Uttarakhand,Dehradun,Loamy,6.2,0.02,167,35,242,1.09
31-08-2016,Punjab,Amritsar,Alluvial,6.5,0.83,299,32,241,1.29
28-05-2022,Rajasthan,Jaipur,Desert,7.9,0.43,99,9,116,0.39
28-12-2016,Tamil Nadu,Coimbatore,Red,6,0.3,116,10,199,0.76
26-03-2021,Chandigarh,Chandigarh,Loamy,7.1,0.68,183,32,283,0.89
04-04-2017,Tripura,Agartala,Loamy,6.3,0.43,274,26,247,1.13
07-10-2023,Dadra and Nagar Haveli and Daman and Diu,Daman,Loamy,7.1,0.68,154,31,337,1.17
07-10-2018,Uttarakhand,Dehradun,Loamy,6.7,0.42,199,32,340,1.11
07-06-2017,Puducherry,Puducherry,Loamy,6.2,0.27,175,19,282,1.19
05-08-2020,Haryana,Gurgaon,Sandy,5.8,0.46,125,13,107,0.57
03-09-2018,Odisha,Bhubaneswar,Red,6.8,0.68,129,13,212,0.5
20-04-2023,Uttar Pradesh,Lucknow,Sandy,7.3,0.65,142,15,103,0.52
09-03-2025,West Bengal,Howrah,Alluvial,7.8,1.66,309,30,351,1.19
23-11-2022,Bihar,Purnia,Alluvial,6.3,0.36,187,42,271,0.98
01-05-2024,Dadra and Nagar Haveli and Daman and Diu,Daman,Loamy,6.8,1.29,185,42,341,0.87
20-07-2018,Meghalaya,Shillong,Loamy,7.3,1.37,226,33,354,1.34
27-04-2015,Jharkhand,Ranchi,Loamy,7,0.42,256,24,183,0.95
05-11-2022,Jharkhand,Ranchi,Loamy,5.7,0.01,193,14,178,0.75
12-08-2021,Himachal Pradesh,Mandi,Sandy Loam,6.6,0.62,112,10,79,0.54
22-01-2018,Ladakh,Leh,Sandy Loam,6.9,0.47,116,9,98,0.87
17-06-2015,Ladakh,Leh,Sandy Loam,6.4,0.13,85,24,154,0.49
21-03-2023,Odisha,Bhubaneswar,Red,5.5,0.35,85,18,218,0.69
05-10-2019,Odisha,Bhubaneswar,Laterite,5.9,0.58,81,13,165,0.51
26-09-2018,Kerala,Thrissur,Red,5.6,0.45,185,30,199,0.98
01-06-2022,Madhya Pradesh,Bhopal,Black,6.8,0.4,120,21,296,0.78
25-11-2016,Tripura,Agartala,Loamy,7.2,0.55,156,22,305,0.93
13-07-2017,Ladakh,Leh,Sandy Loam,6.8,0.59,116,25,114,0.56
01-06-2015,Tripura,Agartala,Loamy,6.8,0.65,123,35,213,1.28
08-08-2016,West Bengal,Darjeeling,Red,5.5,0.54,181,18,111,0.62
01-07-2017,Chandigarh,Chandigarh,Loamy,7,0.67,259,38,240,0.91
10-05-2021,Chhattisgarh,Raipur,Loamy,6.2,0.35,190,12,185,0.7
27-04-2019,Mizoram,Aizawl,Loamy,6.8,0.78,197,25,237,1.01
10-05-2016,Nagaland,Kohima,Loamy,7.1,0.84,122,36,202,1.27
23-05-2025,Rajasthan,Jaipur,Desert,7.8,0.78,124,17,55,0.28
18-11-2020,Sikkim,Gangtok,Loamy,7.4,1.36,162,26,302,1.3
10-07-2016,Goa,North Goa,Loamy,6.5,0.8,129,40,241,1.22
10-01-2018,Meghalaya,Shillong,Loamy,6.5,0.6,209,29,324,1.17
02-04-2019,Arunachal Pradesh,Itanagar,Loamy,6.2,0.57,180,36,225,0.91
21-10-2020,Andhra Pradesh,Krishna,Red,7.9,1.78,135,31,248,0.83
13-06-2023,Chandigarh,Chandigarh,Loamy,5.6,0.03,266,18,305,0.65
05-08-2024,Tamil Nadu,Coimbatore,Alluvial,8.6,2.32,222,55,308,1.42
06-06-2015,Andhra Pradesh,Chittoor,Black,7.4,0.74,173,18,330,0.76
04-01-2017,Odisha,Bhubaneswar,Laterite,6.4,0.79,76,24,180,0.79
19-12-2020,Assam,Tinsukia,Laterite,4.9,0.08,88,23,158,0.76
02-05-2024,Arunachal Pradesh,Itanagar,Loamy,6.2,0.56,278,41,349,0.77
25-05-2023,Mizoram,Aizawl,Loamy,7.4,1.41,262,26,275,0.97
28-11-2018,West Bengal,Kolkata,Alluvial,7.2,0.61,242,32,249,1.05
09-06-2024,Nagaland,Kohima,Loamy,7,1.25,194,35,331,0.92
12-07-2016,Delhi,New Delhi,Loamy,6.1,0.44,131,38,235,0.96
24-11-2020,Manipur,Imphal,Loamy,5.5,0.53,237,10,209,0.6
08-02-2025,Sikkim,Gangtok,Loamy,5.3,0.39,237,20,277,0.81
01-05-2021,Uttarakhand,Dehradun,Loamy,6,0.2,177,29,192,0.98
21-12-2023,Lakshadweep,Kavaratti,Loamy,6.6,0.91,202,44,234,0.84
17-08-2023,Odisha,Bhubaneswar,Laterite,5.5,0.51,168,21,136,0.96
04-06-2015,West Bengal,Darjeeling,Alluvial,7.1,0.21,219,45,279,1.49
21-07-2025,West Bengal,Howrah,Red,6.4,0.38,94,11,192,0.78
24-04-2023,Jharkhand,Ranchi,Loamy,7.1,0.54,218,30,187,0.76
23-09-2017,Punjab,Ludhiana,Alluvial,7.2,0.48,242,38,276,0.82
13-04-2021,Tripura,Agartala,Loamy,6.1,0.21,122,16,206,0.83
14-06-2016,Rajasthan,Jodhpur,Sandy,6.4,0.5,76,16,135,0.51
15-12-2022,Maharashtra,Pune,Red,5.5,0.15,188,20,147,0.55
25-05-2020,Sikkim,Gangtok,Loamy,6.6,0.78,174,30,320,0.86
29-01-2022,Uttar Pradesh,Kanpur,Sandy,7.5,0.78,68,23,76,0.61
29-12-2016,Karnataka,Hubli,Black,6.8,0.87,115,18,253,0.75
23-03-2018,Gujarat,Ahmedabad,Black,7.6,1.18,208,22,173,1.09
03-06-2015,Mizoram,Aizawl,Loamy,6.9,0.73,152,22,284,0.79
15-04-2025,Nagaland,Kohima,Loamy,7.3,1.21,233,25,233,0.8
02-04-2015,Gujarat,Vadodara,Black,7.3,0.64,114,16,248,1.07
05-08-2024,Punjab,Ludhiana,Alluvial,5.2,0.41,228,34,194,1.37
13-07-2021,Karnataka,Hubli,Red,5.9,0.67,136,31,256,0.44
12-02-2019,Meghalaya,Shillong,Loamy,6.8,0.63,160,21,183,1.21
13-09-2019,Uttarakhand,Dehradun,Loamy,5.8,0.11,166,35,180,1.13
08-10-2023,Karnataka,Hubli,Laterite,5,0.03,163,13,103,0.96
02-11-2021,Meghalaya,Shillong,Loamy,7.1,1.03,243,28,342,1.08
09-07-2020,Tamil Nadu,Coimbatore,Alluvial,6.8,0.07,166,23,337,0.75
28-10-2022,Kerala,Thrissur,Laterite,6.3,1.23,101,27,203,1.06
25-02-2017,Assam,Tinsukia,Laterite,5.7,0.58,130,19,143,0.73
30-09-2015,Arunachal Pradesh,Itanagar,Loamy,6.9,0.61,198,37,227,1.24
20-07-2020,Telangana,Warangal,Black,6.4,0.32,133,13,265,1.07
20-03-2022,Andaman and Nicobar Islands,Port Blair,Loamy,6.1,0.15,227,40,226,0.89
26-06-2015,Puducherry,Puducherry,Loamy,7,0.66,169,25,283,1.18
25-04-2025,Punjab,Patiala,Alluvial,6.9,0.01,266,45,214,1.32
18-11-2022,Nagaland,Kohima,Loamy,6.2,0.08,190,40,214,1.01
04-10-2016,Maharashtra,Mumbai,Black,7,0.77,119,17,347,0.94
13-03-2020,Nagaland,Kohima,Loamy,6.6,0.56,277,18,201,1
18-07-2023,Arunachal Pradesh,Itanagar,Loamy,6.7,1.31,285,43,241,1.24
20-07-2016,Andhra Pradesh,Guntur,Alluvial,6.8,0.65,193,39,207,1.38
27-10-2016,Punjab,Patiala,Alluvial,6.3,0.6,229,37,251,1.19
19-05-2024,Puducherry,Puducherry,Loamy,5.5,0.84,190,30,221,0.82
11-05-2025,Karnataka,Mysore,Red,7.6,2.4,114,29,169,0.71
24-08-2018,Uttarakhand,Dehradun,Loamy,7,0.52,244,18,235,0.93
25-12-2022,Tamil Nadu,Coimbatore,Alluvial,6.8,0.08,218,26,342,1.37
18-02-2025,Assam,Kamrup,Laterite,4.8,0.09,107,16,131,0.89
04-12-2019,Kerala,Ernakulam,Red,5.9,0.44,88,26,149,0.84
05-12-2017,Chandigarh,Chandigarh,Loamy,6.6,0.6,276,32,193,1.04
07-06-2021,Dadra and Nagar Haveli and Daman and Diu,Daman,Loamy,6.8,0.96,171,44,330,0.92
25-12-2022,Tamil Nadu,Coimbatore,Red,5.8,0.73,155,17,199,0.48
07-02-2023,Andhra Pradesh,Visakhapatnam,Black,6,1.41,132,31,195,0.96
12-02-2016,Punjab,Ludhiana,Alluvial,6.7,0.74,194,21,350,1.21
27-04-2018,Goa,North Goa,Loamy,6.3,0.26,262,18,201,0.69
09-11-2022,Karnataka,Belgaum,Red,6.4,0.4,125,11,188,0.89
28-01-2020,Jammu and Kashmir,Srinagar,Loamy,6.6,0.58,253,22,212,1.12
26-02-2018,Bihar,Gaya,Alluvial,6.7,0.52,216,33,392,1.46
21-02-2022,Andaman and Nicobar Islands,Port Blair,Loamy,6.7,0.68,193,38,283,0.89
17-11-2024,Jharkhand,Ranchi,Loamy,7.1,0.66,249,46,309,0.87
20-02-2024,Andaman and Nicobar Islands,Port Blair,Loamy,6.2,0.67,197,43,295,0.89
15-02-2018,Andhra Pradesh,Guntur,Alluvial,6.1,0.47,193,20,296,1.24
16-11-2021,Haryana,Gurgaon,Alluvial,7.3,0.55,215,38,218,0.95
24-05-2015,Mizoram,Aizawl,Loamy,6.6,0.63,206,38,293,0.88
25-10-2021,Odisha,Bhubaneswar,Laterite,4.7,0.01,89,12,166,0.56
16-12-2023,Delhi,New Delhi,Loamy,5.8,0.07,265,40,273,0.8
03-11-2023,Manipur,Imphal,Loamy,6.5,0.47,136,20,265,0.72
01-05-2016,Dadra and Nagar Haveli and Daman and Diu,Daman,Loamy,6.2,0.52,180,40,202,0.96
09-05-2017,Rajasthan,Jodhpur,Desert,7.8,0.35,70,9,104,0.26
11-10-2023,Assam,Cachar,Laterite,4.8,0.5,129,13,133,0.73
19-04-2020,Arunachal Pradesh,Itanagar,Loamy,5.4,0.03,245,36,260,1.11
28-05-2015,Jammu and Kashmir,Srinagar,Loamy,6.9,0.6,120,45,257,1.04
21-09-2018,Meghalaya,Shillong,Loamy,7.1,0.99,260,39,342,1.05
09-08-2023,Rajasthan,Jaipur,Sandy,6.8,0.59,141,10,147,0.66
18-01-2024,Kerala,Kozhikode,Laterite,6.5,0.84,120,17,114,0.92
19-09-2018,West Bengal,Darjeeling,Red,6.2,0.69,184,20,227,0.88
29-10-2022,Kerala,Thrissur,Red,4.9,0.02,156,20,194,0.47
06-06-2022,Delhi,New Delhi,Loamy,6.7,0.72,251,30,296,0.74
31-03-2015,Punjab,Patiala,Alluvial,6.6,0.21,268,27,233,1.45
19-09-2018,Rajasthan,Jaipur,Sandy,6.9,0.69,122,10,71,0.7
18-07-2015,Ladakh,Leh,Sandy Loam,7.2,0.46,137,22,143,0.77
07-11-2023,Sikkim,Gangtok,Loamy,6.3,0.36,184,25,276,0.91
21-06-2016,Uttar Pradesh,Lucknow,Alluvial,6,0.71,288,21,304,1.29
28-09-2023,Gujarat,Rajkot,Sandy,5.5,0.94,61,8,52,0.47
28-10-2015,Gujarat,Rajkot,Black,7.5,0.48,142,33,252,0.68
24-12-2016,Haryana,Gurgaon,Sandy,6.7,0.55,88,19,78,0.46
18-05-2019,Uttar Pradesh,Kanpur,Sandy,7,0.35,151,16,135,0.61
30-03-2023,Telangana,Hyderabad,Red,6,0.27,186,9,111,0.79
30-12-2018,Telangana,Warangal,Black,7.4,1.13,138,33,254,0.72
09-03-2015,Kerala,Ernakulam,Red,5.5,0.45,170,14,192,0.96
03-07-2025,Haryana,Hisar,Sandy,7.8,1.32,91,20,142,0.72
11-11-2021,Himachal Pradesh,Shimla,Sandy Loam,6.3,0.17,64,9,94,0.37
18-03-2019,Assam,Dibrugarh,Alluvial,6.7,0.89,235,29,397,1.16
02-02-2016,Rajasthan,Udaipur,Sandy,6.4,0.29,81,7,70,0.53
11-09-2016,Dadra and Nagar Haveli and Daman and Diu,Daman,Loamy,6.1,0.43,235,21,201,0.75
11-03-2024,Telangana,Hyderabad,Black,8.2,1.25,140,19,246,0.7
04-05-2019,Bihar,Muzaffarpur,Alluvial,6.2,0.49,280,31,251,1.04
09-03-2018,Punjab,Ludhiana,Alluvial,7.5,0.57,159,42,219,1.07
30-12-2016,Meghalaya,Shillong,Loamy,6.8,0.24,166,20,334,0.78
09-07-2016,Jharkhand,Ranchi,Loamy,6.4,0.21,239,33,184,1.25
06-05-2020,Uttar Pradesh,Lucknow,Alluvial,7.5,0.52,195,36,327,1.02
29-09-2022,Andaman and Nicobar Islands,Port Blair,Loamy,7.8,1.55,167,26,262,1.04
09-01-2025,Chhattisgarh,Raipur,Loamy,4.9,1.82,208,11,296,0.68
18-10-2019,Karnataka,Bangalore,Red,5.3,0.34,162,8,137,0.7
20-01-2023,Andaman and Nicobar Islands,Port Blair,Loamy,7.1,1.04,266,20,316,0.91
11-04-2022,Manipur,Imphal,Loamy,7.8,2.09,292,27,227,1.36
27-08-2022,Goa,North Goa,Loamy,6.3,0.4,167,20,214,0.79
18-05-2021,Manipur,Imphal,Loamy,6.5,0.09,163,23,343,0.76
01-06-2022,Punjab,Amritsar,Alluvial,6.8,0.14,237,36,275,1.06
19-02-2023,Puducherry,Puducherry,Loamy,7.1,1.14,254,27,301,1.01
23-08-2025,Arunachal Pradesh,Itanagar,Loamy,6.7,1.16,219,21,204,0.9
22-09-2017,Meghalaya,Shillong,Loamy,6,0.42,253,31,330,1.19
13-05-2020,Odisha,Bhubaneswar,Laterite,5.3,0.38,155,18,175,0.81
21-05-2019,Puducherry,Puducherry,Loamy,7.1,1,139,21,334,1
25-08-2022,Maharashtra,Pune,Black,6,0.44,131,18,331,1.02
20-01-2019,Telangana,Nizamabad,Black,7.3,0.5,213,16,298,1.14
04-11-2020,West Bengal,Darjeeling,Alluvial,7.2,0.54,289,41,335,0.81
07-01-2018,Lakshadweep,Kavaratti,Loamy,7.3,0.81,214,21,354,1.11
21-12-2023,Jharkhand,Ranchi,Loamy,6.1,0.26,268,24,263,0.72
09-10-2022,Himachal Pradesh,Kangra,Sandy Loam,6.8,0.04,99,16,70,0.72
01-05-2024,Telangana,Hyderabad,Black,8.4,1.1,182,20,340,0.78
08-02-2024,Ladakh,Leh,Sandy Loam,6.1,0.42,109,10,101,0.8
09-06-2021,Andaman and Nicobar Islands,Port Blair,Loamy,6.6,0.43,233,17,231,0.83
04-11-2018,Andaman and Nicobar Islands,Port Blair,Loamy,7.2,0.79,151,22,346,0.77
17-12-2020,Tamil Nadu,Coimbatore,Red,7.1,1.13,114,16,263,0.52
28-03-2022,Uttarakhand,Dehradun,Loamy,6.3,0.51,156,35,293,0.98
23-07-2018,Dadra and Nagar Haveli and Daman and Diu,Daman,Loamy,6,0.08,145,24,199,1.27
19-09-2019,Gujarat,Ahmedabad,Sandy,7.3,0.84,105,9,160,0.6
18-02-2022,Bihar,Muzaffarpur,Alluvial,4.4,1.05,149,36,358,1.28
17-06-2017,Maharashtra,Nashik,Black,7,0.68,227,34,338,1.18
21-04-2018,Jharkhand,Ranchi,Loamy,6.2,0.29,189,34,177,1
22-02-2024,Puducherry,Puducherry,Loamy,6.1,0.55,170,29,352,0.9
15-08-2025,Uttar Pradesh,Kanpur,Alluvial,6.7,0.24,277,28,204,1.44
16-04-2024,Tamil Nadu,Coimbatore,Alluvial,6.3,0.72,219,37,325,0.72
16-03-2019,Himachal Pradesh,Mandi,Loamy,6,0.54,206,35,248,1.13
31-01-2025,Haryana,Faridabad,Sandy,6,0.81,138,14,102,0.49
19-03-2015,Maharashtra,Nagpur,Red,5.5,0.52,173,25,126,0.73
02-10-2022,Gujarat,Ahmedabad,Black,9,2.14,135,23,206,0.77
03-05-2024,Gujarat,Surat,Sandy,7,0.81,57,9,102,0.83
14-06-2022,Himachal Pradesh,Mandi,Sandy Loam,6.8,0.25,152,16,87,0.78
06-12-2024,Assam,Dibrugarh,Laterite,6.9,1.4,132,26,139,1.07
13-03-2019,Maharashtra,Nagpur,Red,5.7,0.58,131,25,142,0.77
26-08-2015,Mizoram,Aizawl,Loamy,6.7,0.56,139,30,279,1.26
03-03-2018,Sikkim,Gangtok,Loamy,7.3,1.04,156,40,287,1.3
19-06-2020,Uttar Pradesh,Kanpur,Alluvial,7.1,0.08,162,29,207,1.32
30-04-2018,West Bengal,Howrah,Red,5.7,0.02,159,14,238,0.6
20-05-2024,Maharashtra,Mumbai,Red,6,0.34,168,18,185,0.57
05-10-2015,Himachal Pradesh,Shimla,Loamy,6.5,0.35,235,30,256,1.17
17-06-2023,Uttar Pradesh,Kanpur,Sandy,6.6,0.41,143,6,77,0.76
07-06-2016,Arunachal Pradesh,Itanagar,Loamy,6.1,0.65,208,41,344,0.74
29-06-2015,Karnataka,Bangalore,Red,6.8,0.56,180,23,146,0.76
03-05-2015,Mizoram,Aizawl,Loamy,6.7,0.31,230,17,350,0.99
23-06-2018,Puducherry,Puducherry,Loamy,7.2,0.32,205,22,296,1
24-10-2019,Odisha,Bhubaneswar,Red,4.8,0.53,175,20,200,0.4
06-06-2024,Nagaland,Kohima,Loamy,6.9,1.14,212,34,217,0.99
20-07-2023,Madhya Pradesh,Bhopal,Black,9.2,2.29,121,38,200,1.1
30-12-2017,Chhattisgarh,Raipur,Loamy,6.5,0.51,198,27,331,0.84
24-04-2016,Tamil Nadu,Chennai,Alluvial,6.4,0.23,208,45,287,1.13
10-12-2024,Telangana,Hyderabad,Black,6.4,0.6,150,33,230,0.9
18-06-2023,Andaman and Nicobar Islands,Port Blair,Loamy,5.3,0.45,241,39,254,0.64
03-12-2019,Haryana,Faridabad,Sandy,7.1,0.42,62,20,81,0.64
01-11-2020,Uttar Pradesh,Kanpur,Alluvial,7.7,1.01,171,44,337,1.38
01-11-2023,Manipur,Imphal,Loamy,5.8,0.07,169,35,314,0.79
25-02-2022,Andhra Pradesh,Visakhapatnam,Alluvial,5.3,0.15,269,44,310,1.29
20-04-2022,West Bengal,Darjeeling,Alluvial,6.7,0.86,268,30,322,0.85
01-08-2021,Maharashtra,Pune,Black,6.9,0.57,242,38,227,0.69
26-03-2017,Puducherry,Puducherry,Loamy,6.7,0.59,274,18,285,0.94
18-05-2022,Dadra and Nagar Haveli and Daman and Diu,Daman,Loamy,7.2,1.05,136,23,334,0.96
18-03-2016,Goa,North Goa,Loamy,6.5,0.56,185,16,288,0.83
07-08-2023,Chhattisgarh,Raipur,Loamy,6.2,0.92,194,30,341,0.89
14-01-2022,Dadra and Nagar Haveli and Daman and Diu,Daman,Loamy,6.8,0.57,139,26,213,1.02
23-05-2015,Manipur,Imphal,Loamy,6.2,0.36,137,18,233,0.7
11-07-2015,Manipur,Imphal,Loamy,6.1,0.54,149,23,244,0.72
11-11-2018,Chhattisgarh,Raipur,Loamy,6.6,0.6,154,46,211,1.26
13-01-2016,West Bengal,Howrah,Alluvial,6.1,0.66,225,38,248,1.42
13-03-2022,Delhi,New Delhi,Loamy,7.9,1.58,266,27,257,1.22
18-06-2016,Karnataka,Mysore,Red,5.7,0.75,96,24,197,0.83
13-09-2019,Goa,North Goa,Loamy,6.4,0.09,190,16,324,1.01
18-03-2024,Tamil Nadu,Coimbatore,Red,4.7,0.72,135,15,141,0.55
29-10-2017,Arunachal Pradesh,Itanagar,Loamy,6.5,0.22,175,21,209,0.78
25-02-2024,Manipur,Imphal,Loamy,5.5,0.27,173,15,329,0.93
11-11-2018,Tamil Nadu,Coimbatore,Alluvial,6.9,0.25,151,40,228,1.14
10-11-2020,Sikkim,Gangtok,Loamy,7.1,0.78,150,43,193,1.25
12-06-2020,Himachal Pradesh,Kangra,Sandy Loam,6.7,0.56,143,14,109,0.59
20-01-2022,Chandigarh,Chandigarh,Loamy,6.8,0.47,190,17,246,1.11
23-03-2018,Meghalaya,Shillong,Loamy,5.8,0.05,126,20,297,0.76
09-02-2016,Chandigarh,Chandigarh,Loamy,6.2,0.81,159,23,265,0.99
27-11-2022,Himachal Pradesh,Shimla,Loamy,7,0.71,265,46,278,1.3
18-03-2018,Andhra Pradesh,Visakhapatnam,Black,6.9,0.22,227,37,342,1.02
07-06-2017,Haryana,Faridabad,Alluvial,6.5,0.29,150,26,263,1.31
21-02-2024,Nagaland,Kohima,Loamy,6.6,0.39,266,31,308,1.08
26-02-2016,Uttarakhand,Dehradun,Loamy,7.2,0.52,147,38,338,0.74
16-09-2025,Nagaland,Kohima,Loamy,6.7,1.04,233,39,285,0.96
30-06-2019,Lakshadweep,Kavaratti,Loamy,6.7,0.76,151,33,237,0.72
16-04-2016,Lakshadweep,Kavaratti,Loamy,7,0.67,266,31,185,0.96
19-01-2023,Ladakh,Leh,Sandy Loam,7.1,0.77,73,18,152,0.63
30-06-2016,Ladakh,Leh,Sandy Loam,6.3,0.14,111,17,97,0.61
22-09-2016,Rajasthan,Udaipur,Sandy,6.8,0.15,126,11,53,0.78
06-11-2024,Lakshadweep,Kavaratti,Loamy,5.6,0.1,191,41,273,1.19
14-10-2024,Dadra and Nagar Haveli and Daman and Diu,Daman,Loamy,5.4,0.9,126,12,157,0.67
03-11-2017,Meghalaya,Shillong,Loamy,6.5,0.4,122,19,350,1.02
26-09-2022,Maharashtra,Nagpur,Red,5.8,0.13,146,25,176,0.89
12-03-2025,Telangana,Nizamabad,Black,3.9,1.99,171,16,212,0.39
04-01-2020,Tripura,Agartala,Loamy,5.5,0.19,185,42,246,0.73
30-12-2015,Jammu and Kashmir,Srinagar,Loamy,7.1,0.32,140,29,197,1.04
06-12-2020,Mizoram,Aizawl,Loamy,6.4,0.92,240,44,197,1.05
23-01-2024,Bihar,Muzaffarpur,Alluvial,6.2,0.15,213,44,207,1.01
29-06-2016,Karnataka,Hubli,Black,6.8,0.63,172,19,155,1.15
15-11-2023,Manipur,Imphal,Loamy,6,0.01,140,21,214,0.83
13-01-2022,Chandigarh,Chandigarh,Loamy,6.7,0.05,148,35,202,1.12
25-09-2016,Telangana,Hyderabad,Red,6,0.49,80,25,183,0.67
20-04-2020,Arunachal Pradesh,Itanagar,Loamy,6.7,0.17,202,20,264,0.83
08-08-2019,Puducherry,Puducherry,Loamy,6.2,0.48,124,42,233,1.04
20-08-2017,Tamil Nadu,Coimbatore,Alluvial,6.6,0.49,280,45,265,0.85
25-03-2023,Dadra and Nagar Haveli and Daman and Diu,Daman,Loamy,6.1,0.66,251,11,336,0.61
03-06-2025,Madhya Pradesh,Bhopal,Red,6.4,0.38,153,27,219,0.93
01-06-2017,Delhi,New Delhi,Loamy,6.1,0.34,213,36,198,0.8
07-07-2025,Gujarat,Surat,Black,6.2,0.51,124,23,292,0.83
28-09-2022,Lakshadweep,Kavaratti,Loamy,6.4,0.19,221,42,228,0.79
20-05-2017,Gujarat,Rajkot,Black,6.6,0.44,168,27,173,0.83
30-05-2016,Madhya Pradesh,Bhopal,Red,6.2,0.31,180,28,220,0.41
05-03-2023,Telangana,Hyderabad,Black,7.9,1.8,127,32,362,0.98
21-11-2018,West Bengal,Darjeeling,Red,6.2,0.25,166,24,118,0.78
15-05-2017,Lakshadweep,Kavaratti,Loamy,6.4,0.95,204,24,244,0.72
23-11-2020,Nagaland,Kohima,Loamy,7,0.25,264,40,240,0.81
13-01-2018,Puducherry,Puducherry,Loamy,7.2,0.76,209,28,354,1.31
02-08-2015,Puducherry,Puducherry,Loamy,6.3,0.77,272,29,255,1.22
28-09-2023,Andhra Pradesh,Chittoor,Black,7,0.39,130,39,186,1.08
09-10-2023,Dadra and Nagar Haveli and Daman and Diu,Daman,Loamy,7,0.83,177,20,366,0.91
07-12-2022,Andhra Pradesh,Visakhapatnam,Alluvial,6.7,0.02,161,43,337,0.84
22-02-2021,Meghalaya,Shillong,Loamy,7.8,1.54,157,44,325,1.1
19-01-2015,Manipur,Imphal,Loamy,6.2,0.39,159,35,302,0.74
03-10-2016,Delhi,New Delhi,Loamy,6.7,0.19,263,38,308,0.83
11-06-2023,Tamil Nadu,Madurai,Red,5.7,0.15,147,28,205,0.55
09-01-2018,Puducherry,Puducherry,Loamy,6.5,0.77,138,42,193,0.95
26-11-2015,Mizoram,Aizawl,Loamy,6.7,0.55,217,20,284,1.29
15-05-2017,Tripura,Agartala,Loamy,6.5,0.62,186,28,208,1.07
12-02-2017,Goa,North Goa,Loamy,6.7,1.03,247,31,284,1.24
27-01-2016,Dadra and Nagar Haveli and Daman and Diu,Daman,Loamy,6.9,0.61,162,27,321,1.07
28-09-2016,Chhattisgarh,Raipur,Loamy,6,0.33,155,15,201,0.95
12-06-2021,Chandigarh,Chandigarh,Loamy,6.7,0.1,187,25,239,1.1
21-02-2024,Chhattisgarh,Raipur,Loamy,4.8,1.9,230,19,213,0.5
19-08-2024,Kerala,Ernakulam,Red,6.8,0.49,163,28,184,0.8
13-08-2024,Gujarat,Surat,Black,8.5,1.7,206,27,304,1.12
21-01-2023,Madhya Pradesh,Bhopal,Black,6.4,0.26,213,30,147,0.83
23-05-2022,Bihar,Gaya,Alluvial,6.4,0.11,218,40,284,0.94
28-11-2022,Assam,Dibrugarh,Laterite,5.2,0,169,15,178,0.95
22-10-2017,Kerala,Kozhikode,Red,6.4,0.4,182,28,137,0.58
11-01-2022,Andhra Pradesh,Chittoor,Alluvial,7.2,0.67,282,28,334,1.47
30-06-2025,Uttarakhand,Dehradun,Loamy,5.8,0.35,141,23,180,0.85
02-08-2019,Madhya Pradesh,Bhopal,Black,6.4,0.41,187,35,182,0.61
07-05-2022,Mizoram,Aizawl,Loamy,6.7,0.05,139,37,301,0.7
03-04-2024,Haryana,Karnal,Sandy,6.4,0.13,87,6,126,0.41
09-01-2017,Lakshadweep,Kavaratti,Loamy,6.6,0.52,264,31,274,1.05
26-03-2019,Punjab,Amritsar,Alluvial,6.2,0.58,184,29,325,1.32
13-04-2016,Mizoram,Aizawl,Loamy,6.9,0.59,216,44,242,1.11
09-03-2021,Puducherry,Puducherry,Loamy,6.8,0.62,247,28,283,1.05
09-02-2018,Jammu and Kashmir,Srinagar,Loamy,5.3,0.48,131,32,296,0.99
28-10-2017,Jammu and Kashmir,Srinagar,Loamy,7.3,0.59,253,21,195,0.72
22-10-2022,Telangana,Hyderabad,Black,8.6,1.57,119,21,353,0.75
29-11-2021,Nagaland,Kohima,Loamy,7.2,0.58,152,21,235,0.97
23-05-2017,Delhi,New Delhi,Loamy,6,0.42,169,28,275,1.03
04-04-2016,Tamil Nadu,Coimbatore,Red,6.3,0.24,169,16,117,0.46
19-04-2021,Tripura,Agartala,Loamy,7,0.74,129,18,264,1.21
30-03-2019,Uttarakhand,Dehradun,Loamy,6.2,0.18,166,17,314,1.08
21-01-2017,Andhra Pradesh,Chittoor,Black,7.5,0.8,177,31,257,0.78
01-01-2019,Rajasthan,Udaipur,Desert,8,0.47,54,11,105,0.23
13-11-2019,Jharkhand,Ranchi,Loamy,6.1,0.77,260,37,329,1.11
17-04-2023,Dadra and Nagar Haveli and Daman and Diu,Daman,Loamy,5.3,0.52,247,32,235,1.09
03-05-2017,Tripura,Agartala,Loamy,6.4,0.32,238,38,284,0.95
21-03-2025,Punjab,Patiala,Alluvial,6.6,0.38,200,28,317,1.24
02-04-2021,Arunachal Pradesh,Itanagar,Loamy,7.1,1.3,234,27,197,1.26
22-08-2018,Manipur,Imphal,Loamy,6.5,0.31,273,24,265,0.99
22-04-2016,West Bengal,Kolkata,Alluvial,7,0.22,251,44,203,1.3
19-06-2022,Madhya Pradesh,Bhopal,Red,6.1,0.03,152,17,107,0.69
19-06-2023,Maharashtra,Nagpur,Red,6,0.52,169,13,180,0.71
13-03-2021,Arunachal Pradesh,Itanagar,Loamy,6.6,0.77,211,36,289,1.18
12-12-2022,Puducherry,Puducherry,Loamy,7.3,1.73,155,30,360,0.87
15-05-2015,Jammu and Kashmir,Srinagar,Loamy,7,0.54,149,37,231,1.11
31-01-2023,Tripura,Agartala,Loamy,7.2,1.03,211,21,313,0.97
26-02-2018,Manipur,Imphal,Loamy,7.1,1.03,239,36,230,1.19
14-02-2016,Kerala,Kozhikode,Red,6.2,0.32,158,15,163,0.99
16-12-2018,Himachal Pradesh,Mandi,Loamy,6.3,0.21,237,32,257,1.23
10-08-2018,Dadra and Nagar Haveli and Daman and Diu,Daman,Loamy,6.2,0.33,191,43,310,0.84
23-06-2018,Maharashtra,Mumbai,Red,5.7,0.25,100,12,120,0.73
30-04-2025,Andaman and Nicobar Islands,Port Blair,Loamy,7.1,0.77,227,22,328,1.28
29-04-2019,Haryana,Karnal,Sandy,6,0.3,134,19,79,0.75
27-03-2015,Assam,Cachar,Alluvial,6.2,0.46,152,31,325,0.85
16-02-2022,Arunachal Pradesh,Itanagar,Loamy,6.7,0.15,124,25,199,1.15
09-02-2020,Meghalaya,Shillong,Loamy,6.2,0.14,160,23,311,1.04
08-06-2024,Odisha,Bhubaneswar,Laterite,5,0.28,100,16,142,0.58
09-01-2019,Chandigarh,Chandigarh,Loamy,6.2,0.38,217,37,323,0.77
13-01-2016,Meghalaya,Shillong,Loamy,6.7,0.58,211,32,348,1.2
23-06-2024,Dadra and Nagar Haveli and Daman and Diu,Daman,Loamy,7.6,1.88,248,31,289,0.94
08-08-2019,West Bengal,Darjeeling,Red,6.8,0.78,139,15,205,0.54
10-12-2017,Bihar,Gaya,Alluvial,6.8,0.22,155,36,222,0.97
30-08-2015,Jharkhand,Ranchi,Loamy,6.6,0.47,234,44,316,1.3
19-03-2024,Nagaland,Kohima,Loamy,4.9,0.66,168,29,273,0.59
08-07-2017,Lakshadweep,Kavaratti,Loamy,6.9,0.37,154,43,312,1.05
06-05-2019,Chandigarh,Chandigarh,Loamy,6.3,0.32,218,17,183,0.85
02-05-2021,Ladakh,Leh,Sandy Loam,7.1,0.81,121,22,99,0.88
27-09-2023,Himachal Pradesh,Mandi,Sandy Loam,6.4,0,149,22,71,0.85
22-07-2022,Ladakh,Leh,Sandy Loam,6.6,0.65,94,16,145,0.72
25-06-2018,Andaman and Nicobar Islands,Port Blair,Loamy,6.9,0.71,247,26,301,1.16
11-03-2015,Meghalaya,Shillong,Loamy,6.7,0.64,209,17,229,1.12
29-09-2025,West Bengal,Kolkata,Red,5.9,0.26,108,21,184,0.88
05-10-2020,Rajasthan,Jodhpur,Desert,6.8,0.6,74,2,73,0.49
06-11-2018,Arunachal Pradesh,Itanagar,Loamy,5.9,0.2,245,36,270,0.88
17-09-2020,Jammu and Kashmir,Srinagar,Loamy,6.3,0.92,150,23,320,0.92
30-06-2020,West Bengal,Howrah,Alluvial,7.6,1.23,165,38,306,1.49
11-03-2017,Ladakh,Leh,Sandy Loam,6.8,0.45,138,16,101,0.86
15-08-2024,Dadra and Nagar Haveli and Daman and Diu,Daman,Loamy,6.3,0.47,217,20,293,1.12
07-11-2017,Delhi,New Delhi,Loamy,6.3,0.15,235,16,178,1.2
11-08-2022,Tamil Nadu,Chennai,Alluvial,7.2,1,162,28,350,1.01
04-04-2017,Mizoram,Aizawl,Loamy,6.5,0.77,238,23,262,1.04
25-01-2017,Andhra Pradesh,Krishna,Black,7.6,0.73,175,18,154,0.64
27-07-2021,Tamil Nadu,Chennai,Alluvial,6.3,0.15,254,25,202,1.22
18-06-2020,Uttarakhand,Dehradun,Loamy,6.9,0.62,256,16,351,1.21
14-01-2020,Tripura,Agartala,Loamy,7.5,1.2,226,19,336,0.82
14-08-2018,Lakshadweep,Kavaratti,Loamy,5.9,0.37,246,17,177,0.96
19-05-2021,Odisha,Bhubaneswar,Red,6.5,1.62,189,27,122,0.84
29-05-2019,Telangana,Nizamabad,Black,8.1,1.15,158,34,249,1.19
20-04-2015,Assam,Cachar,Alluvial,6.9,0.55,225,31,230,0.99
13-10-2017,Kerala,Ernakulam,Red,6.4,0.02,188,12,104,0.98
26-11-2023,Jammu and Kashmir,Srinagar,Loamy,6.8,0.04,138,19,265,0.86
15-05-2020,Manipur,Imphal,Loamy,7.6,1.31,208,25,290,1.28
04-02-2022,Mizoram,Aizawl,Loamy,5.6,0.37,152,22,238,1.21
05-11-2019,Lakshadweep,Kavaratti,Loamy,6.7,0.56,135,30,340,1.21
01-08-2025,Gujarat,Ahmedabad,Black,7.1,0.23,141,17,318,0.97
25-01-2015,Odisha,Bhubaneswar,Red,5.9,0.49,108,21,238,0.86
22-04-2017,Gujarat,Ahmedabad,Black,7.2,0.28,108,32,262,0.71
09-10-2022,Chhattisgarh,Raipur,Loamy,6.7,0.51,261,42,310,0.77
07-01-2017,Rajasthan,Udaipur,Sandy,6.2,0.43,66,11,70,0.47
05-10-2020,Gujarat,Surat,Black,6.7,1.09,182,29,202,0.89
29-06-2015,Tamil Nadu,Chennai,Alluvial,6.8,0.59,157,30,277,0.9
20-08-2015,Karnataka,Bangalore,Laterite,6.2,0.47,172,15,186,0.93
01-04-2020,Jharkhand,Ranchi,Loamy,6.2,0.23,212,22,219,0.76
09-12-2015,Rajasthan,Jaipur,Desert,7.3,0.25,46,6,101,0.56
21-04-2016,Delhi,New Delhi,Loamy,6.5,0.63,181,30,257,0.94
28-12-2019,Punjab,Ludhiana,Alluvial,6.9,0.12,177,47,236,1.13
08-03-2022,Delhi,New Delhi,Loamy,7,0.95,279,29,308,1.28
30-03-2016,Jammu and Kashmir,Srinagar,Loamy,7.1,0.67,222,22,193,1.31
09-06-2018,Puducherry,Puducherry,Loamy,6.2,0.65,132,43,202,1.19
16-10-2015,Ladakh,Leh,Sandy Loam,6.8,0.15,156,14,120,0.6
21-05-2018,Uttarakhand,Dehradun,Loamy,6.1,0.37,211,30,359,0.86
24-04-2021,Odisha,Bhubaneswar,Red,5.7,0.76,115,27,238,0.92
13-06-2016,Chhattisgarh,Raipur,Loamy,6.6,0.74,228,38,223,0.95
27-06-2022,Andaman and Nicobar Islands,Port Blair,Loamy,6.4,0.39,230,13,184,1
24-02-2023,Jharkhand,Ranchi,Loamy,6.8,0.54,185,24,342,1.15
26-03-2021,Madhya Pradesh,Bhopal,Black,7.2,0.12,124,20,175,0.56
11-01-2024,Andaman and Nicobar Islands,Port Blair,Loamy,7,1.09,192,24,348,0.98
18-08-2016,Chhattisgarh,Raipur,Loamy,6.4,0.67,125,42,251,1.28
10-08-2025,Kerala,Kozhikode,Laterite,6.4,0.96,81,23,193,1.03
10-03-2016,Madhya Pradesh,Bhopal,Black,7.2,0.67,102,28,207,1.05
31-05-2017,Sikkim,Gangtok,Loamy,6.4,0.42,224,35,189,1.07
27-05-2023,Manipur,Imphal,Loamy,6.6,0.14,271,24,278,0.68
17-11-2019,Madhya Pradesh,Bhopal,Black,8.2,1.44,252,30,311,0.73
06-02-2016,Andhra Pradesh,Guntur,Black,6.6,0.72,183,39,231,0.63
23-04-2022,Andhra Pradesh,Guntur,Red,6,0.47,85,10,220,0.88
04-07-2025,Karnataka,Mysore,Laterite,5.7,1.09,109,16,173,1.01
05-11-2020,Sikkim,Gangtok,Loamy,5.5,0.18,155,40,327,1.19
16-03-2022,Jammu and Kashmir,Srinagar,Loamy,5.3,0.19,148,26,221,0.91
15-04-2019,Goa,North Goa,Loamy,6.2,0.21,186,24,326,1.02
13-04-2025,West Bengal,Howrah,Red,5,0.19,155,11,104,0.54
05-11-2015,Dadra and Nagar Haveli and Daman and Diu,Daman,Loamy,6.7,0.54,173,41,264,0.97
01-02-2023,Haryana,Faridabad,Sandy,6.5,0.23,75,8,64,0.52
09-12-2015,Chhattisgarh,Raipur,Loamy,6.4,0.48,160,28,279,1.07
11-03-2016,Mizoram,Aizawl,Loamy,6.1,0.75,166,26,286,1.07
26-06-2015,Himachal Pradesh,Kangra,Sandy Loam,6.7,0.48,146,12,135,0.76
19-05-2015,Jharkhand,Ranchi,Loamy,6.2,0.64,241,28,224,0.97
13-07-2015,Punjab,Patiala,Alluvial,6.8,0.53,217,20,294,1.04
02-12-2023,Maharashtra,Nagpur,Red,6,0.04,142,22,154,0.69
03-01-2024,Maharashtra,Pune,Black,7.4,0.6,245,31,350,0.87
10-11-2023,Uttar Pradesh,Varanasi,Alluvial,7.5,1.03,168,27,222,1.35
30-03-2018,Andaman and Nicobar Islands,Port Blair,Loamy,7.1,0.46,173,30,207,0.96
31-07-2017,Uttarakhand,Dehradun,Loamy,7,0.5,125,28,210,0.81
08-06-2016,Tripura,Agartala,Loamy,6.2,0.66,126,32,315,0.79
15-08-2025,Meghalaya,Shillong,Loamy,6,0.35,205,21,212,0.88
13-06-2019,Ladakh,Leh,Sandy Loam,7.2,0.38,144,17,124,0.43
12-09-2025,Puducherry,Puducherry,Loamy,7,0.24,120,27,179,0.88
11-07-2023,Meghalaya,Shillong,Loamy,5.6,0.52,237,38,343,0.92
10-02-2023,Delhi,New Delhi,Loamy,7.8,1.37,219,44,232,0.8
07-03-2021,Assam,Tinsukia,Laterite,5.2,0.12,127,16,115,0.77
10-01-2017,Tamil Nadu,Coimbatore,Red,6.5,0.51,136,28,184,0.44
11-05-2017,Karnataka,Mysore,Black,7,0.52,235,23,163,0.81
29-02-2024,Nagaland,Kohima,Loamy,5.7,0.24,239,17,178,0.96
11-08-2017,Andaman and Nicobar Islands,Port Blair,Loamy,7.5,1.07,252,44,204,1.1
26-07-2018,Chhattisgarh,Raipur,Loamy,6.8,0.83,235,31,191,1.08
28-06-2018,Telangana,Warangal,Black,7.1,0.77,205,28,300,0.87
04-04-2024,Andaman and Nicobar Islands,Port Blair,Loamy,6.4,0.18,199,21,314,1.11
10-10-2019,Andaman and Nicobar Islands,Port Blair,Loamy,6.4,0.96,131,34,351,1.26
20-11-2022,Uttar Pradesh,Lucknow,Sandy,6.4,0.08,88,15,67,0.37
27-12-2020,Assam,Cachar,Alluvial,6.7,0.16,212,33,237,0.82
02-03-2017,Arunachal Pradesh,Itanagar,Loamy,6.9,0.52,198,21,342,1.13
29-06-2016,Tripura,Agartala,Loamy,6.1,0.37,278,17,337,1.28
19-01-2020,Odisha,Bhubaneswar,Red,6.5,0.66,108,23,143,0.52
13-10-2017,Arunachal Pradesh,Itanagar,Loamy,6.2,0.11,121,42,180,1.2
11-04-2020,Odisha,Bhubaneswar,Red,5.4,0.24,149,27,214,0.48
03-04-2019,Andhra Pradesh,Visakhapatnam,Red,5.6,0.08,161,10,118,0.77
26-02-2015,Uttarakhand,Dehradun,Loamy,6.3,0.49,121,37,319,0.92
29-11-2020,Jammu and Kashmir,Srinagar,Loamy,6.9,0.36,277,26,299,0.88
05-01-2015,Chhattisgarh,Raipur,Loamy,6.4,0.63,143,30,229,1.25
13-07-2024,Bihar,Purnia,Alluvial,6.6,0.14,212,42,326,1.22
08-12-2018,Mizoram,Aizawl,Loamy,6.6,1.06,207,35,360,0.99
28-11-2023,Rajasthan,Jaipur,Sandy,6.8,0.43,144,13,78,0.55
12-06-2023,Dadra and Nagar Haveli and Daman and Diu,Daman,Loamy,6.2,0.57,182,34,223,0.89
24-09-2018,Sikkim,Gangtok,Loamy,6.9,0.62,156,40,354,1.31
26-12-2019,Karnataka,Belgaum,Black,7,0.79,162,34,250,0.84
06-07-2018,Puducherry,Puducherry,Loamy,7.2,0.91,181,29,345,1.16
07-11-2020,Manipur,Imphal,Loamy,6.7,1.14,172,20,323,0.94
17-04-2022,Jharkhand,Ranchi,Loamy,7.1,1.32,234,33,294,1.28
17-01-2023,Lakshadweep,Kavaratti,Loamy,7.1,1.44,248,41,305,0.87
08-07-2022,Dadra and Nagar Haveli and Daman and Diu,Daman,Loamy,7.5,1.66,258,37,335,1.37
27-06-2018,West Bengal,Darjeeling,Red,5.3,0.2,97,13,132,0.76
09-02-2024,Dadra and Nagar Haveli and Daman and Diu,Daman,Loamy,6.7,1.08,126,26,199,1.18
07-01-2025,Goa,North Goa,Loamy,6.6,0.43,200,33,306,0.84
24-01-2023,Maharashtra,Nashik,Black,5.7,1.06,149,15,310,1.02
07-04-2023,Tamil Nadu,Madurai,Alluvial,6.4,0.12,224,20,375,0.89
05-02-2018,Meghalaya,Shillong,Loamy,6.9,0.93,149,18,357,1.19
29-10-2016,Tripura,Agartala,Loamy,6.6,0.83,190,38,188,1.27
26-03-2022,Arunachal Pradesh,Itanagar,Loamy,6.2,0,136,32,305,0.71
21-03-2022,Puducherry,Puducherry,Loamy,6.8,0.53,237,14,337,0.69
07-12-2021,Tripura,Agartala,Loamy,6.4,0.16,232,14,196,0.9
18-04-2023,Ladakh,Leh,Sandy Loam,6.9,0.28,94,8,98,0.78
08-04-2023,Meghalaya,Shillong,Loamy,6.1,0.13,128,31,285,0.92
05-07-2018,Nagaland,Kohima,Loamy,7,0.72,271,27,301,1.06
10-05-2022,Madhya Pradesh,Bhopal,Red,6.8,0.69,149,20,126,0.96
23-09-2017,Uttarakhand,Dehradun,Loamy,6.5,0.56,127,18,274,0.74
10-04-2020,Puducherry,Puducherry,Loamy,6.5,0.8,184,32,246,1.3
09-10-2015,Karnataka,Hubli,Black,7.4,0.33,216,32,340,1.15
22-04-2023,Andhra Pradesh,Krishna,Black,7.4,0.19,202,37,143,1.04
26-08-2023,Madhya Pradesh,Bhopal,Red,6.2,0.38,168,15,144,0.51
12-05-2018,Chandigarh,Chandigarh,Loamy,6.8,0.3,263,23,272,0.98
25-08-2020,Chhattisgarh,Raipur,Loamy,6.5,0.16,170,16,261,1.24
28-10-2023,Nagaland,Kohima,Loamy,6.6,1.34,238,24,278,1.14
24-07-2017,Maharashtra,Mumbai,Black,7.7,0.59,119,18,346,1.18
11-09-2015,Madhya Pradesh,Bhopal,Red,6.6,0.69,113,27,175,0.88
26-04-2018,Lakshadweep,Kavaratti,Loamy,6.8,1.12,158,37,331,1.08
25-11-2015,Gujarat,Ahmedabad,Black,6.9,0.64,176,20,303,0.76
04-02-2022,Haryana,Hisar,Alluvial,6.4,0.29,296,26,320,0.87
01-10-2022,Gujarat,Vadodara,Black,8,1.2,237,41,229,1.04
03-05-2023,Meghalaya,Shillong,Loamy,7.3,1.38,149,45,283,1.16
21-11-2018,Dadra and Nagar Haveli and Daman and Diu,Daman,Loamy,6.6,0.26,245,39,269,1.22
21-03-2019,Uttarakhand,Dehradun,Loamy,5.9,0.38,278,28,253,1.1
31-08-2024,Delhi,New Delhi,Loamy,5,0.57,195,24,275,0.68
24-04-2024,Andaman and Nicobar Islands,Port Blair,Loamy,7.9,2.14,289,51,341,0.96
27-08-2025,Haryana,Gurgaon,Alluvial,5.9,0.77,280,32,219,0.89
02-12-2022,Delhi,New Delhi,Loamy,6.1,0.34,143,29,247,0.63
07-04-2018,Odisha,Bhubaneswar,Red,5.6,0.06,169,28,169,0.71
13-09-2019,Rajasthan,Jaipur,Desert,7.9,0.47,117,10,88,0.6
10-08-2021,Rajasthan,Udaipur,Desert,7.3,0.49,62,9,28,0.49
16-04-2018,Tripura,Agartala,Loamy,6.3,0.28,176,27,335,0.87
16-10-2016,Tamil Nadu,Madurai,Red,6.7,0.54,188,14,174,0.74
17-10-2018,Karnataka,Mysore,Red,6.6,0.22,157,30,179,0.58
29-01-2017,Delhi,New Delhi,Loamy,6.5,0.4,135,21,297,1.04
10-05-2022,Punjab,Ludhiana,Alluvial,5.8,0.24,242,23,312,0.95
04-12-2019,Tripura,Agartala,Loamy,6.8,0.9,216,38,254,1.18
29-11-2017,Uttar Pradesh,Kanpur,Alluvial,7.4,0.87,299,31,269,0.9
19-02-2023,Kerala,Thrissur,Red,6,0.72,122,18,201,0.48
20-02-2016,Lakshadweep,Kavaratti,Loamy,6.7,0.37,178,16,228,0.7
19-05-2024,Delhi,New Delhi,Loamy,7.7,1.71,211,31,240,1.09
12-09-2015,Jharkhand,Ranchi,Loamy,7,0.48,153,23,331,1.26
12-03-2018,Bihar,Purnia,Alluvial,5.8,0.27,152,45,364,1.31
20-06-2025,Manipur,Imphal,Loamy,6.6,1.14,146,24,265,1.04
08-06-2025,Goa,North Goa,Loamy,7.3,1.86,154,41,285,1.3
20-02-2020,Uttarakhand,Dehradun,Loamy,6.7,1,202,28,190,0.98
20-07-2022,Chhattisgarh,Raipur,Loamy,5.8,0.06,227,30,268,1
09-03-2022,Chhattisgarh,Raipur,Loamy,5,0.86,134,34,302,1.08
18-06-2017,Nagaland,Kohima,Loamy,7,0.94,281,30,339,1.26
20-08-2020,West Bengal,Darjeeling,Alluvial,6.6,0.13,196,30,279,0.95
08-02-2025,Jammu and Kashmir,Srinagar,Loamy,4.7,1.15,202,17,171,1.01
26-01-2015,Sikkim,Gangtok,Loamy,6.3,0.39,121,17,249,0.82
24-03-2023,Puducherry,Puducherry,Loamy,6.1,0.42,237,37,207,1.26
25-02-2016,Bihar,Muzaffarpur,Alluvial,6.9,0.28,245,28,249,1.43
23-03-2025,Nagaland,Kohima,Loamy,6.1,0.57,167,44,353,1.18
29-05-2018,Uttar Pradesh,Varanasi,Alluvial,7,0.74,245,46,388,1.33
20-02-2020,Sikkim,Gangtok,Loamy,7.3,0.63,269,22,188,0.79
18-12-2021,Delhi,New Delhi,Loamy,6.7,0.62,252,22,198,1
14-06-2018,Maharashtra,Nashik,Black,6.5,0.36,204,24,165,0.83
03-04-2021,Dadra and Nagar Haveli and Daman and Diu,Daman,Loamy,5.2,0.32,121,39,161,0.99
05-10-2017,Jharkhand,Ranchi,Loamy,6.2,0.59,150,16,335,0.96
07-08-2015,Telangana,Hyderabad,Red,5.7,0.7,146,26,125,0.58
19-02-2019,Rajasthan,Udaipur,Sandy,6.4,0.09,97,18,138,0.45
13-05-2020,Haryana,Faridabad,Sandy,6.3,0.4,64,14,78,0.55
13-11-2021,Lakshadweep,Kavaratti,Loamy,7.1,0.5,213,17,223,0.79
24-10-2016,Dadra and Nagar Haveli and Daman and Diu,Daman,Loamy,6.8,0.55,244,18,272,1.09
06-05-2022,Puducherry,Puducherry,Loamy,6.9,0.96,240,28,235,1.09
21-10-2023,Tamil Nadu,Chennai,Alluvial,7.1,1.35,277,41,382,1.22
16-09-2017,Tripura,Agartala,Loamy,6.7,0.6,232,33,253,0.82
08-07-2015,Gujarat,Rajkot,Black,7.5,0.57,162,18,330,1.04
12-09-2015,Odisha,Bhubaneswar,Laterite,5.6,0.24,163,13,161,0.67
09-03-2015,Gujarat,Surat,Black,6.8,0.31,132,24,292,0.73
07-09-2016,Haryana,Faridabad,Alluvial,6.5,0.57,158,44,218,1.33
11-07-2021,Maharashtra,Mumbai,Red,5.9,0.15,109,28,142,0.49
11-06-2022,Andhra Pradesh,Krishna,Alluvial,5.2,0.58,184,19,259,0.76
08-11-2022,Madhya Pradesh,Bhopal,Red,6.7,1.18,182,24,121,0.6
23-05-2017,Assam,Kamrup,Alluvial,7.3,0.62,264,36,270,1.28
12-07-2024,West Bengal,Kolkata,Red,7.2,1.41,143,26,154,0.65
05-06-2021,Manipur,Imphal,Loamy,7.8,1.29,284,32,306,1.08
14-06-2019,Ladakh,Leh,Sandy Loam,6.7,0.64,93,16,178,0.47
23-12-2015,Assam,Tinsukia,Laterite,5.4,0.5,96,22,120,0.56
13-09-2015,Bihar,Purnia,Alluvial,6.1,0.63,171,26,312,1.42
04-10-2017,Chhattisgarh,Raipur,Loamy,6.6,1.32,247,23,259,1.3
28-07-2021,Uttar Pradesh,Varanasi,Sandy,6.2,0.04,121,11,71,0.76
22-10-2019,Tripura,Agartala,Loamy,7.4,1.16,242,33,195,1.27
01-11-2024,Jharkhand,Ranchi,Loamy,7.5,0.75,197,39,270,0.93
15-01-2022,Haryana,Gurgaon,Sandy,4.6,1.2,90,1,53,0.3
13-09-2025,Kerala,Kozhikode,Laterite,6.9,1.67,176,29,202,1.01
17-03-2023,Assam,Dibrugarh,Alluvial,7.1,0.36,173,20,231,1.03
04-09-2022,Uttarakhand,Dehradun,Loamy,7.1,1.41,203,38,344,1.38
23-04-2025,Tamil Nadu,Madurai,Red,6.5,1.4,105,20,233,1.08
11-10-2015,Delhi,New Delhi,Loamy,6.3,0.69,265,40,272,1.05
06-04-2024,Maharashtra,Nashik,Black,7.9,1.21,244,34,195,0.82
09-04-2015,Tamil Nadu,Madurai,Alluvial,6.4,0.72,266,21,230,1.49
16-07-2015,Dadra and Nagar Haveli and Daman and Diu,Daman,Loamy,6.3,0.62,153,22,270,0.99
04-12-2021,Madhya Pradesh,Bhopal,Black,6.2,0.05,108,35,173,0.8
27-05-2017,Kerala,Thrissur,Laterite,5.3,0.57,107,12,153,1
11-01-2024,Jammu and Kashmir,Srinagar,Loamy,6.4,1.08,267,18,209,1.01
12-02-2020,Nagaland,Kohima,Loamy,6.8,0.81,155,33,326,1.3
16-04-2022,Rajasthan,Jodhpur,Desert,8.5,1,121,9,127,0.63
19-04-2022,Andhra Pradesh,Visakhapatnam,Black,5.9,0.17,170,21,314,0.95
20-10-2018,Himachal Pradesh,Kangra,Sandy Loam,6.8,0.16,130,25,121,0.66
12-08-2021,Tamil Nadu,Coimbatore,Red,5.7,0.32,188,16,227,0.49
23-07-2016,Maharashtra,Nagpur,Red,5.6,0.47,164,11,210,0.73
22-03-2022,Karnataka,Hubli,Laterite,6,0.24,110,16,93,0.64
13-08-2023,Gujarat,Vadodara,Sandy,6,0.31,141,16,70,0.55
01-12-2017,Dadra and Nagar Haveli and Daman and Diu,Daman,Loamy,6.8,0.64,165,29,197,1.13
26-02-2016,Telangana,Nizamabad,Black,7.1,0.72,106,25,245,1.19
23-11-2022,Uttar Pradesh,Lucknow,Alluvial,6.3,0.64,171,49,260,0.9
19-04-2018,Chandigarh,Chandigarh,Loamy,6.1,0.52,270,28,298,1.12
28-06-2016,Puducherry,Puducherry,Loamy,6,0.46,280,15,265,1.2
12-03-2015,Chhattisgarh,Raipur,Loamy,6.6,0.5,234,44,248,1.22
18-12-2024,Chhattisgarh,Raipur,Loamy,6.8,0.46,129,24,329,0.75
12-09-2023,Odisha,Bhubaneswar,Red,6.7,1.03,174,22,232,0.86
08-05-2018,West Bengal,Darjeeling,Red,7.5,1.38,179,16,117,1.06
08-09-2023,Uttar Pradesh,Varanasi,Sandy,5.6,0.15,49,12,96,0.32
06-02-2017,Tamil Nadu,Madurai,Red,5.6,0.16,110,22,129,0.79
12-06-2021,Chandigarh,Chandigarh,Loamy,7.7,1.6,232,27,231,0.97
05-01-2025,Assam,Kamrup,Alluvial,7.7,1.16,189,49,408,1.39
03-09-2019,West Bengal,Darjeeling,Red,6.8,0.42,151,15,233,0.93
21-08-2021,Delhi,New Delhi,Loamy,6.1,0.13,117,23,314,0.68
16-10-2016,Assam,Dibrugarh,Alluvial,7,0.86,209,24,334,0.86
18-06-2022,Chhattisgarh,Raipur,Loamy,5.5,0.01,190,20,254,1.16
12-09-2021,Odisha,Bhubaneswar,Laterite,5.3,0.22,68,20,172,0.54
02-12-2019,Andhra Pradesh,Guntur,Red,6.7,0.96,201,30,117,1.05
09-08-2015,Himachal Pradesh,Mandi,Loamy,6.8,0.49,138,34,188,1.25
14-01-2025,Chhattisgarh,Raipur,Loamy,6.3,0.53,252,14,258,1.21
01-07-2015,Puducherry,Puducherry,Loamy,6.8,0.65,223,26,191,1.25
03-11-2015,Delhi,New Delhi,Loamy,6.4,0.7,176,30,247,0.75
