Date,Crop,State,District,Market,Modal_Price,Min_Price,Max_Price,Arrivals,Unit
2023-09-10,Coffee,Tamil Nadu,Coimbatore,Coimbatore Wholesale,20171.0,16542.0,22620.0,1488.0,INR/Quintal
2024-08-08,Coconut,Tamil Nadu,Coimbatore,Coimbatore Wholesale,1881.0,1543.0,2109.0,3990.0,INR/Quintal
2017-05-10,Cotton,Gujarat,Vadodara,Vadodara Wholesale,6415.0,5261.0,7194.0,6764.0,INR/Quintal
2018-07-18,Pulses,Madhya Pradesh,Bhopal,Bhopal Wholesale,4235.0,3473.0,4749.0,1318.0,INR/Quintal
2018-02-04,Wheat,Rajasthan,Udaipur,Udaipur Wholesale,1645.0,1349.0,1845.0,1838.0,INR/Quintal
2017-12-31,Potato,Punjab,Patiala,Patiala Wholesale,1537.0,1260.0,1724.0,4796.0,INR/Quintal
2025-04-30,Pulses,Maharashtra,Nagpur,Nagpur Wholesale,4342.0,3561.0,4869.0,4351.0,INR/Quintal
2023-06-20,Tea,Kerala,Ernakulam,Ernakulam Wholesale,12938.0,10610.0,14509.0,1167.0,INR/Quintal
2019-06-27,Sugarcane,Karnataka,Belgaum,Belgaum Wholesale,492.0,403.0,552.0,3819.0,INR/Quintal
2020-12-09,Coconut,Andhra Pradesh,Guntur,Guntur Wholesale,3379.0,2771.0,3789.0,2404.0,INR/Quintal
2016-04-11,Wheat,Madhya Pradesh,Bhopal,Bhopal Wholesale,1788.0,1466.0,2005.0,3469.0,INR/Quintal
2018-05-23,Pulses,Uttar Pradesh,Kanpur,Kanpur Wholesale,5916.0,4852.0,6634.0,3841.0,INR/Quintal
2015-11-27,Oilseeds,Rajasthan,Jodhpur,Jodhpur Wholesale,3061.0,2510.0,3433.0,2172.0,INR/Quintal
2019-01-22,Maize,Telangana,Nizamabad,Nizamabad Wholesale,2353.0,1930.0,2639.0,3628.0,INR/Quintal
2020-11-05,Tea,Kerala,Ernakulam,Ernakulam Wholesale,13326.0,10928.0,14944.0,1897.0,INR/Quintal
2024-06-06,Oilseeds,Gujarat,Ahmedabad,Ahmedabad Wholesale,2822.0,2314.0,3165.0,4406.0,INR/Quintal
2023-09-07,Wheat,Uttar Pradesh,Varanasi,Varanasi Wholesale,2365.0,1939.0,2652.0,2703.0,INR/Quintal
2022-12-29,Apple,Jammu and Kashmir,Srinagar,Srinagar Wholesale,5671.0,4651.0,6359.0,409.0,INR/Quintal
2025-03-24,Maize,Madhya Pradesh,Bhopal,Bhopal Wholesale,2581.0,2117.0,2894.0,1372.0,INR/Quintal
2015-05-11,Tea,Assam,Kamrup,Kamrup Wholesale,9103.0,7465.0,10208.0,1478.0,INR/Quintal
2019-08-13,Sugarcane,Maharashtra,Nashik,Nashik Wholesale,451.0,370.0,506.0,755.0,INR/Quintal
2024-04-03,Wheat,Madhya Pradesh,Bhopal,Bhopal Wholesale,2670.0,2190.0,2994.0,3730.0,INR/Quintal
2017-02-08,Tea,Assam,Dibrugarh,Dibrugarh Wholesale,15642.0,12828.0,17541.0,2170.0,INR/Quintal
2021-07-19,Pulses,Uttar Pradesh,Kanpur,Kanpur Wholesale,6860.0,5626.0,7693.0,1174.0,INR/Quintal
2019-02-24,Tea,West Bengal,Kolkata,Kolkata Wholesale,12468.0,10225.0,13982.0,5806.0,INR/Quintal
2024-07-17,Wheat,Haryana,Faridabad,Faridabad Wholesale,2824.0,2316.0,3167.0,4256.0,INR/Quintal
2022-10-24,Coconut,Tamil Nadu,Coimbatore,Coimbatore Wholesale,3217.0,2638.0,3608.0,2064.0,INR/Quintal
2021-08-30,Coffee,Tamil Nadu,Coimbatore,Coimbatore Wholesale,21060.0,17271.0,23617.0,1314.0,INR/Quintal
2018-04-30,Coconut,Andhra Pradesh,Krishna,Krishna Wholesale,1239.0,1016.0,1389.0,1788.0,INR/Quintal
2017-08-13,Pulses,Madhya Pradesh,Bhopal,Bhopal Wholesale,4141.0,3396.0,4644.0,1518.0,INR/Quintal
2021-05-13,Oilseeds,Rajasthan,Jaipur,Jaipur Wholesale,3494.0,2865.0,3918.0,3609.0,INR/Quintal
2018-03-30,Wheat,Punjab,Patiala,Patiala Wholesale,2109.0,1730.0,2365.0,2628.0,INR/Quintal
2016-04-04,Coffee,Tamil Nadu,Chennai,Chennai Wholesale,9816.0,8050.0,11008.0,4239.0,INR/Quintal
2024-04-08,Rice,Assam,Kamrup,Kamrup Wholesale,2530.0,2075.0,2837.0,4865.0,INR/Quintal
2015-01-22,Sugarcane,Uttar Pradesh,Lucknow,Lucknow Wholesale,399.0,327.0,447.0,5808.0,INR/Quintal
2021-04-19,Coffee,Karnataka,Hubli,Hubli Wholesale,18131.0,14869.0,20332.0,3437.0,INR/Quintal
2017-01-17,Rice,Punjab,Amritsar,Amritsar Wholesale,2471.0,2026.0,2771.0,6423.0,INR/Quintal
2022-12-14,Apple,Himachal Pradesh,Shimla,Shimla Wholesale,4435.0,3637.0,4973.0,2105.0,INR/Quintal
2024-12-11,Apple,Himachal Pradesh,Shimla,Shimla Wholesale,10310.0,8455.0,11562.0,1579.0,INR/Quintal
2016-04-19,Potato,Uttar Pradesh,Varanasi,Varanasi Wholesale,1966.0,1612.0,2205.0,8359.0,INR/Quintal
2017-12-18,Maize,Telangana,Hyderabad,Hyderabad Wholesale,1927.0,1580.0,2161.0,2534.0,INR/Quintal
2022-01-02,Coffee,Kerala,Ernakulam,Ernakulam Wholesale,22478.0,18434.0,25207.0,3896.0,INR/Quintal
2025-04-11,Cotton,Maharashtra,Pune,Pune Wholesale,5713.0,4685.0,6407.0,7835.0,INR/Quintal
2020-08-09,Sugarcane,Maharashtra,Nagpur,Nagpur Wholesale,483.0,396.0,542.0,2652.0,INR/Quintal
2024-09-17,Coffee,Kerala,Ernakulam,Ernakulam Wholesale,11976.0,9821.0,13430.0,1805.0,INR/Quintal
2022-07-10,Rice,Andhra Pradesh,Krishna,Krishna Wholesale,2197.0,1802.0,2464.0,3307.0,INR/Quintal
2017-09-02,Cotton,Maharashtra,Mumbai,Mumbai Wholesale,5270.0,4322.0,5910.0,3655.0,INR/Quintal
2019-12-12,Sugarcane,Tamil Nadu,Madurai,Madurai Wholesale,434.0,356.0,487.0,4624.0,INR/Quintal
2015-07-09,Cotton,Telangana,Hyderabad,Hyderabad Wholesale,4905.0,4022.0,5500.0,476.0,INR/Quintal
2023-03-25,Pulses,Uttar Pradesh,Kanpur,Kanpur Wholesale,6091.0,4995.0,6830.0,7410.0,INR/Quintal
2022-06-27,Rice,Tamil Nadu,Chennai,Chennai Wholesale,2099.0,1721.0,2354.0,4430.0,INR/Quintal
2023-03-25,Apple,Jammu and Kashmir,Srinagar,Srinagar Wholesale,9057.0,7427.0,10157.0,1899.0,INR/Quintal
2016-07-16,Tea,West Bengal,Howrah,Howrah Wholesale,14015.0,11493.0,15716.0,3470.0,INR/Quintal
2020-03-14,Pulses,Rajasthan,Jodhpur,Jodhpur Wholesale,4193.0,3439.0,4702.0,625.0,INR/Quintal
2024-12-17,Sugarcane,Maharashtra,Nashik,Nashik Wholesale,445.0,365.0,499.0,3236.0,INR/Quintal
2018-06-21,Sugarcane,Maharashtra,Nashik,Nashik Wholesale,466.0,382.0,523.0,5436.0,INR/Quintal
2022-11-19,Wheat,Rajasthan,Jodhpur,Jodhpur Wholesale,2283.0,1872.0,2560.0,2798.0,INR/Quintal
2019-03-09,Rice,Odisha,Bhubaneswar,Bhubaneswar Wholesale,2320.0,1903.0,2602.0,1793.0,INR/Quintal
2023-10-08,Potato,Punjab,Amritsar,Amritsar Wholesale,1827.0,1498.0,2049.0,3449.0,INR/Quintal
2024-09-26,Potato,West Bengal,Kolkata,Kolkata Wholesale,1298.0,1064.0,1456.0,3172.0,INR/Quintal
2025-08-26,Sugarcane,Uttar Pradesh,Kanpur,Kanpur Wholesale,447.0,367.0,501.0,4314.0,INR/Quintal
2016-10-08,Potato,Uttar Pradesh,Kanpur,Kanpur Wholesale,1249.0,1024.0,1401.0,3647.0,INR/Quintal
2020-08-30,Maize,Bihar,Gaya,Gaya Wholesale,1627.0,1334.0,1825.0,432.0,INR/Quintal
2022-11-28,Apple,Jammu and Kashmir,Srinagar,Srinagar Wholesale,5349.0,4387.0,5998.0,1278.0,INR/Quintal
2021-01-23,Wheat,Haryana,Hisar,Hisar Wholesale,1843.0,1511.0,2067.0,6407.0,INR/Quintal
2018-07-21,Sugarcane,Uttar Pradesh,Varanasi,Varanasi Wholesale,377.0,309.0,423.0,4785.0,INR/Quintal
2021-09-01,Potato,Punjab,Ludhiana,Ludhiana Wholesale,1158.0,950.0,1299.0,4143.0,INR/Quintal
2016-08-23,Rice,Andhra Pradesh,Chittoor,Chittoor Wholesale,3011.0,2469.0,3377.0,2166.0,INR/Quintal
2021-06-21,Coconut,Kerala,Thrissur,Thrissur Wholesale,2572.0,2109.0,2884.0,3978.0,INR/Quintal
2020-08-23,Coffee,Karnataka,Belgaum,Belgaum Wholesale,22072.0,18101.0,24752.0,3231.0,INR/Quintal
2015-08-30,Tea,West Bengal,Darjeeling,Darjeeling Wholesale,6545.0,5367.0,7340.0,2527.0,INR/Quintal
2020-08-03,Apple,Jammu and Kashmir,Srinagar,Srinagar Wholesale,4063.0,3332.0,4556.0,1393.0,INR/Quintal
2022-09-25,Pulses,Uttar Pradesh,Lucknow,Lucknow Wholesale,6587.0,5402.0,7387.0,4816.0,INR/Quintal
2024-05-10,Coconut,Andhra Pradesh,Visakhapatnam,Visakhapatnam Wholesale,2854.0,2341.0,3200.0,5748.0,INR/Quintal
2022-02-25,Pulses,Madhya Pradesh,Bhopal,Bhopal Wholesale,4323.0,3545.0,4848.0,3060.0,INR/Quintal
2023-01-24,Maize,Karnataka,Hubli,Hubli Wholesale,1990.0,1632.0,2232.0,3633.0,INR/Quintal
2018-09-25,Cotton,Gujarat,Rajkot,Rajkot Wholesale,6121.0,5020.0,6864.0,1663.0,INR/Quintal
2020-11-09,Rice,Telangana,Hyderabad,Hyderabad Wholesale,3090.0,2534.0,3465.0,1246.0,INR/Quintal
2018-10-22,Cotton,Gujarat,Ahmedabad,Ahmedabad Wholesale,4558.0,3738.0,5111.0,2492.0,INR/Quintal
2023-03-23,Wheat,Uttar Pradesh,Kanpur,Kanpur Wholesale,2600.0,2132.0,2916.0,6045.0,INR/Quintal
2019-01-18,Tea,West Bengal,Darjeeling,Darjeeling Wholesale,16357.0,13414.0,18343.0,2024.0,INR/Quintal
2024-07-31,Wheat,Rajasthan,Udaipur,Udaipur Wholesale,3147.0,2581.0,3529.0,2768.0,INR/Quintal
2021-12-31,Sugarcane,Karnataka,Belgaum,Belgaum Wholesale,497.0,408.0,557.0,3309.0,INR/Quintal
2017-02-14,Coconut,Karnataka,Bangalore,Bangalore Wholesale,1646.0,1350.0,1846.0,3976.0,INR/Quintal
2015-02-04,Rice,Bihar,Patna,Patna Wholesale,2419.0,1984.0,2713.0,3100.0,INR/Quintal
2021-03-03,Coconut,Kerala,Kozhikode,Kozhikode Wholesale,2981.0,2445.0,3343.0,792.0,INR/Quintal
2023-08-19,Sugarcane,Uttar Pradesh,Lucknow,Lucknow Wholesale,508.0,417.0,570.0,4964.0,INR/Quintal
2020-05-09,Oilseeds,Maharashtra,Nagpur,Nagpur Wholesale,5129.0,4206.0,5752.0,2880.0,INR/Quintal
2019-05-05,Potato,Punjab,Amritsar,Amritsar Wholesale,2078.0,1704.0,2330.0,5850.0,INR/Quintal
2024-06-21,Pulses,Maharashtra,Pune,Pune Wholesale,4185.0,3432.0,4693.0,4203.0,INR/Quintal
2023-06-01,Coconut,Kerala,Ernakulam,Ernakulam Wholesale,1500.0,1230.0,1682.0,2504.0,INR/Quintal
2017-10-18,Coffee,Kerala,Kozhikode,Kozhikode Wholesale,18610.0,15262.0,20869.0,1697.0,INR/Quintal
2024-06-23,Sugarcane,Tamil Nadu,Coimbatore,Coimbatore Wholesale,429.0,352.0,481.0,1448.0,INR/Quintal
2022-02-26,Cotton,Gujarat,Ahmedabad,Ahmedabad Wholesale,5053.0,4144.0,5666.0,2665.0,INR/Quintal
2018-02-03,Oilseeds,Rajasthan,Jaipur,Jaipur Wholesale,3492.0,2864.0,3916.0,2521.0,INR/Quintal
2025-07-10,Pulses,Rajasthan,Udaipur,Udaipur Wholesale,7098.0,5821.0,7960.0,2411.0,INR/Quintal
2025-08-29,Sugarcane,Uttar Pradesh,Kanpur,Kanpur Wholesale,415.0,340.0,465.0,2713.0,INR/Quintal
2019-02-09,Coconut,Karnataka,Hubli,Hubli Wholesale,2625.0,2153.0,2944.0,1965.0,INR/Quintal
2016-12-03,Oilseeds,Maharashtra,Nashik,Nashik Wholesale,2071.0,1698.0,2322.0,1164.0,INR/Quintal
2021-09-15,Oilseeds,Gujarat,Rajkot,Rajkot Wholesale,2748.0,2254.0,3082.0,2926.0,INR/Quintal
2022-08-09,Rice,Odisha,Bhubaneswar,Bhubaneswar Wholesale,2059.0,1689.0,2309.0,1602.0,INR/Quintal
2019-04-29,Wheat,Madhya Pradesh,Bhopal,Bhopal Wholesale,1774.0,1455.0,1989.0,1073.0,INR/Quintal
2015-06-11,Oilseeds,Maharashtra,Nagpur,Nagpur Wholesale,4538.0,3722.0,5089.0,4596.0,INR/Quintal
2015-07-21,Maize,Andhra Pradesh,Visakhapatnam,Visakhapatnam Wholesale,2064.0,1693.0,2315.0,1463.0,INR/Quintal
2020-06-04,Wheat,Punjab,Amritsar,Amritsar Wholesale,2594.0,2127.0,2909.0,4186.0,INR/Quintal
2017-09-22,Pulses,Rajasthan,Jodhpur,Jodhpur Wholesale,3951.0,3240.0,4431.0,920.0,INR/Quintal
2021-05-06,Pulses,Uttar Pradesh,Varanasi,Varanasi Wholesale,5392.0,4422.0,6047.0,8095.0,INR/Quintal
2017-03-26,Pulses,Madhya Pradesh,Bhopal,Bhopal Wholesale,3766.0,3088.0,4223.0,1588.0,INR/Quintal
2024-02-25,Pulses,Uttar Pradesh,Varanasi,Varanasi Wholesale,4882.0,4004.0,5475.0,4516.0,INR/Quintal
2016-03-31,Maize,Madhya Pradesh,Bhopal,Bhopal Wholesale,1767.0,1449.0,1982.0,5010.0,INR/Quintal
2024-09-03,Coconut,Andhra Pradesh,Guntur,Guntur Wholesale,3137.0,2573.0,3518.0,1625.0,INR/Quintal
2025-05-26,Sugarcane,Tamil Nadu,Madurai,Madurai Wholesale,408.0,335.0,458.0,4302.0,INR/Quintal
2018-06-29,Tea,Assam,Cachar,Cachar Wholesale,8684.0,7122.0,9738.0,1540.0,INR/Quintal
2017-10-13,Coconut,Kerala,Ernakulam,Ernakulam Wholesale,3024.0,2480.0,3391.0,591.0,INR/Quintal
2025-05-01,Oilseeds,Madhya Pradesh,Bhopal,Bhopal Wholesale,4274.0,3505.0,4793.0,3058.0,INR/Quintal
2021-06-01,Pulses,Madhya Pradesh,Bhopal,Bhopal Wholesale,6864.0,5629.0,7697.0,3698.0,INR/Quintal
2025-05-24,Apple,Himachal Pradesh,Shimla,Shimla Wholesale,11379.0,9332.0,12760.0,1459.0,INR/Quintal
2022-07-30,Wheat,Haryana,Karnal,Karnal Wholesale,2452.0,2011.0,2750.0,3948.0,INR/Quintal
2025-06-17,Wheat,Haryana,Karnal,Karnal Wholesale,2324.0,1906.0,2606.0,4536.0,INR/Quintal
2015-12-04,Oilseeds,Maharashtra,Nagpur,Nagpur Wholesale,4372.0,3585.0,4903.0,3078.0,INR/Quintal
2017-05-28,Sugarcane,Karnataka,Mysore,Mysore Wholesale,343.0,281.0,385.0,4133.0,INR/Quintal
2017-12-12,Coffee,Karnataka,Belgaum,Belgaum Wholesale,12855.0,10542.0,14416.0,1834.0,INR/Quintal
2017-03-02,Coffee,Tamil Nadu,Chennai,Chennai Wholesale,17540.0,14384.0,19669.0,3148.0,INR/Quintal
2021-03-14,Tea,Kerala,Ernakulam,Ernakulam Wholesale,9915.0,8131.0,11119.0,2590.0,INR/Quintal
2017-02-02,Sugarcane,Maharashtra,Nagpur,Nagpur Wholesale,350.0,287.0,392.0,7187.0,INR/Quintal
2021-02-13,Oilseeds,Rajasthan,Udaipur,Udaipur Wholesale,4665.0,3826.0,5231.0,1823.0,INR/Quintal
2016-01-15,Coffee,Kerala,Thrissur,Thrissur Wholesale,17297.0,14185.0,19397.0,3089.0,INR/Quintal
2016-05-07,Coffee,Kerala,Ernakulam,Ernakulam Wholesale,9786.0,8025.0,10974.0,1343.0,INR/Quintal
2023-07-10,Coffee,Karnataka,Belgaum,Belgaum Wholesale,15446.0,12667.0,17321.0,1530.0,INR/Quintal
2018-03-26,Cotton,Gujarat,Surat,Surat Wholesale,5084.0,4169.0,5701.0,5332.0,INR/Quintal
2020-08-24,Apple,Jammu and Kashmir,Srinagar,Srinagar Wholesale,5634.0,4620.0,6318.0,1164.0,INR/Quintal
2025-08-20,Coconut,Kerala,Ernakulam,Ernakulam Wholesale,3285.0,2694.0,3684.0,1527.0,INR/Quintal
2015-03-06,Maize,Maharashtra,Pune,Pune Wholesale,1914.0,1570.0,2146.0,3393.0,INR/Quintal
2025-09-15,Oilseeds,Gujarat,Ahmedabad,Ahmedabad Wholesale,5184.0,4251.0,5813.0,3861.0,INR/Quintal
2022-01-12,Potato,Punjab,Patiala,Patiala Wholesale,616.0,505.0,691.0,1917.0,INR/Quintal
2018-09-29,Rice,Tamil Nadu,Chennai,Chennai Wholesale,1400.0,1148.0,1570.0,2882.0,INR/Quintal
2018-02-26,Coconut,Karnataka,Bangalore,Bangalore Wholesale,1577.0,1293.0,1768.0,4997.0,INR/Quintal
2020-07-20,Rice,Chhattisgarh,Raipur,Raipur Wholesale,1775.0,1456.0,1990.0,2146.0,INR/Quintal
2022-05-19,Sugarcane,Karnataka,Mysore,Mysore Wholesale,390.0,320.0,437.0,5957.0,INR/Quintal
2019-02-04,Oilseeds,Rajasthan,Udaipur,Udaipur Wholesale,3619.0,2968.0,4058.0,3331.0,INR/Quintal
2023-08-01,Oilseeds,Madhya Pradesh,Bhopal,Bhopal Wholesale,2760.0,2263.0,3095.0,1100.0,INR/Quintal
2018-03-08,Rice,Odisha,Bhubaneswar,Bhubaneswar Wholesale,2725.0,2235.0,3056.0,2446.0,INR/Quintal
2019-03-03,Tea,Assam,Dibrugarh,Dibrugarh Wholesale,14422.0,11827.0,16173.0,2350.0,INR/Quintal
2022-03-25,Rice,Tamil Nadu,Madurai,Madurai Wholesale,2600.0,2132.0,2916.0,913.0,INR/Quintal
2016-01-27,Oilseeds,Madhya Pradesh,Bhopal,Bhopal Wholesale,2337.0,1917.0,2621.0,4242.0,INR/Quintal
2019-08-26,Coffee,Tamil Nadu,Chennai,Chennai Wholesale,19877.0,16301.0,22290.0,677.0,INR/Quintal
2016-02-23,Tea,Assam,Tinsukia,Tinsukia Wholesale,15096.0,12380.0,16929.0,3678.0,INR/Quintal
2021-05-25,Pulses,Madhya Pradesh,Bhopal,Bhopal Wholesale,4256.0,3490.0,4773.0,3483.0,INR/Quintal
2016-01-14,Potato,Bihar,Gaya,Gaya Wholesale,1604.0,1315.0,1799.0,4941.0,INR/Quintal
2019-12-02,Cotton,Andhra Pradesh,Visakhapatnam,Visakhapatnam Wholesale,7309.0,5994.0,8196.0,3588.0,INR/Quintal
2024-10-01,Apple,Jammu and Kashmir,Srinagar,Srinagar Wholesale,7238.0,5936.0,8117.0,1114.0,INR/Quintal
2021-03-28,Maize,Maharashtra,Nashik,Nashik Wholesale,1798.0,1474.0,2016.0,3147.0,INR/Quintal
2023-05-24,Pulses,Rajasthan,Udaipur,Udaipur Wholesale,5500.0,4510.0,6168.0,3103.0,INR/Quintal
2020-09-19,Wheat,Rajasthan,Udaipur,Udaipur Wholesale,2314.0,1898.0,2595.0,1002.0,INR/Quintal
2023-06-27,Rice,Assam,Tinsukia,Tinsukia Wholesale,2234.0,1832.0,2505.0,3650.0,INR/Quintal
2020-12-22,Potato,Uttar Pradesh,Lucknow,Lucknow Wholesale,2179.0,1787.0,2444.0,1853.0,INR/Quintal
2015-07-20,Rice,Punjab,Ludhiana,Ludhiana Wholesale,2488.0,2040.0,2790.0,2449.0,INR/Quintal
2020-02-07,Apple,Jammu and Kashmir,Srinagar,Srinagar Wholesale,4837.0,3967.0,5424.0,1383.0,INR/Quintal
2017-02-18,Rice,Tamil Nadu,Coimbatore,Coimbatore Wholesale,2301.0,1887.0,2580.0,5531.0,INR/Quintal
2023-02-25,Pulses,Uttar Pradesh,Kanpur,Kanpur Wholesale,6282.0,5152.0,7045.0,7312.0,INR/Quintal
2023-07-02,Coffee,Kerala,Kozhikode,Kozhikode Wholesale,12006.0,9846.0,13464.0,985.0,INR/Quintal
2023-07-17,Coconut,Karnataka,Mysore,Mysore Wholesale,2129.0,1746.0,2387.0,1074.0,INR/Quintal
2016-05-17,Coffee,Tamil Nadu,Chennai,Chennai Wholesale,18461.0,15139.0,20702.0,2363.0,INR/Quintal
2021-09-20,Cotton,Maharashtra,Nashik,Nashik Wholesale,6728.0,5517.0,7545.0,2436.0,INR/Quintal
2024-12-24,Tea,West Bengal,Darjeeling,Darjeeling Wholesale,10927.0,8961.0,12254.0,3218.0,INR/Quintal
2019-10-18,Rice,Punjab,Amritsar,Amritsar Wholesale,1395.0,1144.0,1564.0,2699.0,INR/Quintal
2017-03-15,Sugarcane,Maharashtra,Nagpur,Nagpur Wholesale,400.0,328.0,449.0,5888.0,INR/Quintal
2020-11-16,Coffee,Kerala,Ernakulam,Ernakulam Wholesale,16758.0,13743.0,18792.0,1648.0,INR/Quintal
2022-06-24,Apple,Jammu and Kashmir,Srinagar,Srinagar Wholesale,5653.0,4636.0,6339.0,1903.0,INR/Quintal
2020-03-10,Oilseeds,Maharashtra,Nagpur,Nagpur Wholesale,4475.0,3670.0,5018.0,2830.0,INR/Quintal
2022-08-05,Coconut,Andhra Pradesh,Visakhapatnam,Visakhapatnam Wholesale,1376.0,1128.0,1543.0,2952.0,INR/Quintal
2019-04-20,Potato,Uttar Pradesh,Lucknow,Lucknow Wholesale,804.0,659.0,902.0,6144.0,INR/Quintal
2017-08-18,Sugarcane,Maharashtra,Pune,Pune Wholesale,405.0,332.0,454.0,1700.0,INR/Quintal
2025-06-07,Pulses,Rajasthan,Udaipur,Udaipur Wholesale,4141.0,3396.0,4644.0,1647.0,INR/Quintal
2022-04-14,Pulses,Maharashtra,Mumbai,Mumbai Wholesale,6828.0,5599.0,7657.0,3512.0,INR/Quintal
2019-01-25,Cotton,Telangana,Nizamabad,Nizamabad Wholesale,4958.0,4066.0,5560.0,1321.0,INR/Quintal
2022-05-14,Cotton,Andhra Pradesh,Visakhapatnam,Visakhapatnam Wholesale,7286.0,5975.0,8171.0,3654.0,INR/Quintal
2025-07-07,Tea,Assam,Dibrugarh,Dibrugarh Wholesale,11586.0,9501.0,12993.0,1523.0,INR/Quintal
2017-10-25,Coconut,Kerala,Kozhikode,Kozhikode Wholesale,1908.0,1565.0,2140.0,771.0,INR/Quintal
2024-01-03,Oilseeds,Maharashtra,Nagpur,Nagpur Wholesale,5454.0,4473.0,6116.0,3774.0,INR/Quintal
2016-05-17,Potato,West Bengal,Darjeeling,Darjeeling Wholesale,1287.0,1055.0,1443.0,3034.0,INR/Quintal
2022-09-15,Oilseeds,Madhya Pradesh,Bhopal,Bhopal Wholesale,5054.0,4145.0,5668.0,611.0,INR/Quintal
2016-02-02,Wheat,Punjab,Amritsar,Amritsar Wholesale,2065.0,1693.0,2316.0,2060.0,INR/Quintal
2017-05-20,Cotton,Gujarat,Surat,Surat Wholesale,6125.0,5023.0,6869.0,4711.0,INR/Quintal
2022-10-13,Tea,Kerala,Kozhikode,Kozhikode Wholesale,13729.0,11259.0,15396.0,2179.0,INR/Quintal
2016-01-28,Maize,Karnataka,Mysore,Mysore Wholesale,1862.0,1527.0,2088.0,5990.0,INR/Quintal
2015-07-26,Rice,Andhra Pradesh,Guntur,Guntur Wholesale,2231.0,1830.0,2502.0,909.0,INR/Quintal
2017-11-04,Rice,Punjab,Amritsar,Amritsar Wholesale,2733.0,2241.0,3065.0,1314.0,INR/Quintal
2020-02-25,Maize,Telangana,Hyderabad,Hyderabad Wholesale,2471.0,2026.0,2771.0,831.0,INR/Quintal
2024-12-04,Coffee,Tamil Nadu,Coimbatore,Coimbatore Wholesale,15106.0,12388.0,16940.0,3185.0,INR/Quintal
2023-01-18,Oilseeds,Madhya Pradesh,Bhopal,Bhopal Wholesale,4627.0,3794.0,5189.0,3038.0,INR/Quintal
2019-01-24,Maize,Bihar,Purnia,Purnia Wholesale,1441.0,1182.0,1616.0,2663.0,INR/Quintal
2025-04-20,Tea,Assam,Dibrugarh,Dibrugarh Wholesale,11164.0,9155.0,12519.0,4123.0,INR/Quintal
2024-12-25,Potato,Uttar Pradesh,Kanpur,Kanpur Wholesale,1420.0,1165.0,1592.0,5385.0,INR/Quintal
2017-05-13,Maize,Karnataka,Bangalore,Bangalore Wholesale,2157.0,1769.0,2419.0,6244.0,INR/Quintal
2022-08-22,Tea,Assam,Cachar,Cachar Wholesale,12262.0,10056.0,13751.0,664.0,INR/Quintal
2024-01-26,Cotton,Andhra Pradesh,Guntur,Guntur Wholesale,7865.0,6450.0,8820.0,1052.0,INR/Quintal
2016-07-17,Sugarcane,Karnataka,Mysore,Mysore Wholesale,312.0,256.0,350.0,1624.0,INR/Quintal
2017-10-17,Pulses,Rajasthan,Jodhpur,Jodhpur Wholesale,4657.0,3819.0,5222.0,303.0,INR/Quintal
2015-04-06,Pulses,Madhya Pradesh,Bhopal,Bhopal Wholesale,5704.0,4678.0,6396.0,4734.0,INR/Quintal
2020-04-07,Coconut,Tamil Nadu,Coimbatore,Coimbatore Wholesale,1666.0,1366.0,1868.0,2588.0,INR/Quintal
2019-10-24,Wheat,Haryana,Faridabad,Faridabad Wholesale,1715.0,1406.0,1923.0,3094.0,INR/Quintal
2021-12-07,Oilseeds,Madhya Pradesh,Bhopal,Bhopal Wholesale,3894.0,3193.0,4367.0,1545.0,INR/Quintal
2024-07-10,Potato,West Bengal,Kolkata,Kolkata Wholesale,1977.0,1621.0,2217.0,1502.0,INR/Quintal
2021-03-28,Sugarcane,Tamil Nadu,Coimbatore,Coimbatore Wholesale,434.0,356.0,487.0,1695.0,INR/Quintal
2022-08-28,Sugarcane,Karnataka,Bangalore,Bangalore Wholesale,446.0,366.0,500.0,1581.0,INR/Quintal
2019-08-06,Cotton,Maharashtra,Nagpur,Nagpur Wholesale,6731.0,5520.0,7548.0,3146.0,INR/Quintal
2023-11-17,Maize,Maharashtra,Pune,Pune Wholesale,1803.0,1479.0,2022.0,5384.0,INR/Quintal
2016-06-24,Oilseeds,Gujarat,Vadodara,Vadodara Wholesale,4383.0,3594.0,4915.0,3614.0,INR/Quintal
2017-11-25,Rice,Punjab,Ludhiana,Ludhiana Wholesale,1385.0,1136.0,1553.0,3694.0,INR/Quintal
2022-01-16,Sugarcane,Karnataka,Bangalore,Bangalore Wholesale,435.0,357.0,488.0,833.0,INR/Quintal
2018-03-29,Tea,West Bengal,Kolkata,Kolkata Wholesale,15121.0,12400.0,16957.0,6121.0,INR/Quintal
2025-09-15,Rice,Assam,Tinsukia,Tinsukia Wholesale,3454.0,2833.0,3873.0,393.0,INR/Quintal
2019-09-19,Wheat,Madhya Pradesh,Bhopal,Bhopal Wholesale,2567.0,2105.0,2879.0,2564.0,INR/Quintal
2024-01-28,Maize,Telangana,Warangal,Warangal Wholesale,2441.0,2002.0,2737.0,3026.0,INR/Quintal
2023-08-24,Maize,Karnataka,Hubli,Hubli Wholesale,1933.0,1585.0,2168.0,1024.0,INR/Quintal
2019-12-25,Potato,West Bengal,Kolkata,Kolkata Wholesale,765.0,627.0,858.0,2786.0,INR/Quintal
2022-03-10,Sugarcane,Karnataka,Mysore,Mysore Wholesale,402.0,330.0,451.0,7118.0,INR/Quintal
2022-06-22,Cotton,Gujarat,Ahmedabad,Ahmedabad Wholesale,7979.0,6543.0,8948.0,2247.0,INR/Quintal
2022-02-17,Coffee,Kerala,Ernakulam,Ernakulam Wholesale,22128.0,18147.0,24814.0,1726.0,INR/Quintal
2019-05-17,Coffee,Karnataka,Belgaum,Belgaum Wholesale,23924.0,19620.0,26828.0,1304.0,INR/Quintal
2023-05-19,Apple,Jammu and Kashmir,Srinagar,Srinagar Wholesale,4191.0,3437.0,4700.0,1466.0,INR/Quintal
2022-05-17,Pulses,Rajasthan,Jaipur,Jaipur Wholesale,5579.0,4575.0,6256.0,726.0,INR/Quintal
2017-03-06,Tea,Assam,Tinsukia,Tinsukia Wholesale,12176.0,9985.0,13654.0,4105.0,INR/Quintal
2017-11-17,Rice,Punjab,Amritsar,Amritsar Wholesale,2567.0,2105.0,2879.0,5912.0,INR/Quintal
2019-07-02,Apple,Jammu and Kashmir,Srinagar,Srinagar Wholesale,6966.0,5713.0,7812.0,1596.0,INR/Quintal
2024-12-06,Wheat,Madhya Pradesh,Bhopal,Bhopal Wholesale,2883.0,2364.0,3233.0,788.0,INR/Quintal
2018-09-25,Pulses,Uttar Pradesh,Varanasi,Varanasi Wholesale,4445.0,3645.0,4985.0,3163.0,INR/Quintal
2025-08-05,Maize,Madhya Pradesh,Bhopal,Bhopal Wholesale,1793.0,1470.0,2011.0,555.0,INR/Quintal
2020-06-04,Rice,Bihar,Muzaffarpur,Muzaffarpur Wholesale,1621.0,1329.0,1818.0,3074.0,INR/Quintal
2018-09-16,Oilseeds,Madhya Pradesh,Bhopal,Bhopal Wholesale,2219.0,1820.0,2488.0,2334.0,INR/Quintal
2019-07-22,Sugarcane,Tamil Nadu,Chennai,Chennai Wholesale,395.0,324.0,443.0,2730.0,INR/Quintal
2019-03-10,Wheat,Haryana,Karnal,Karnal Wholesale,1783.0,1462.0,1999.0,8052.0,INR/Quintal
2020-07-31,Oilseeds,Maharashtra,Nagpur,Nagpur Wholesale,3409.0,2796.0,3823.0,4539.0,INR/Quintal
2024-05-12,Cotton,Maharashtra,Mumbai,Mumbai Wholesale,7473.0,6128.0,8380.0,2608.0,INR/Quintal
2019-02-05,Apple,Jammu and Kashmir,Srinagar,Srinagar Wholesale,8369.0,6863.0,9385.0,1681.0,INR/Quintal
2024-01-16,Sugarcane,Maharashtra,Nashik,Nashik Wholesale,541.0,444.0,607.0,797.0,INR/Quintal
2021-02-15,Rice,Tamil Nadu,Chennai,Chennai Wholesale,1776.0,1456.0,1992.0,3163.0,INR/Quintal
2024-01-10,Sugarcane,Tamil Nadu,Madurai,Madurai Wholesale,407.0,334.0,456.0,1987.0,INR/Quintal
2018-11-09,Pulses,Rajasthan,Jodhpur,Jodhpur Wholesale,3901.0,3199.0,4375.0,2807.0,INR/Quintal
2018-11-01,Potato,Bihar,Purnia,Purnia Wholesale,2133.0,1749.0,2392.0,1976.0,INR/Quintal
2018-07-30,Pulses,Maharashtra,Pune,Pune Wholesale,5067.0,4155.0,5682.0,3805.0,INR/Quintal
2022-05-04,Cotton,Telangana,Nizamabad,Nizamabad Wholesale,5502.0,4512.0,6170.0,3927.0,INR/Quintal
2022-04-29,Tea,West Bengal,Howrah,Howrah Wholesale,19468.0,15965.0,21831.0,5515.0,INR/Quintal
2017-08-30,Oilseeds,Rajasthan,Jaipur,Jaipur Wholesale,3377.0,2769.0,3787.0,1975.0,INR/Quintal
2019-11-04,Coconut,Andhra Pradesh,Guntur,Guntur Wholesale,3134.0,2570.0,3514.0,1837.0,INR/Quintal
2018-07-06,Pulses,Uttar Pradesh,Kanpur,Kanpur Wholesale,4122.0,3380.0,4622.0,4574.0,INR/Quintal
2024-05-23,Potato,Uttar Pradesh,Varanasi,Varanasi Wholesale,1384.0,1135.0,1552.0,5124.0,INR/Quintal
2016-12-10,Tea,Kerala,Thrissur,Thrissur Wholesale,9316.0,7640.0,10447.0,2551.0,INR/Quintal
2019-01-19,Pulses,Madhya Pradesh,Bhopal,Bhopal Wholesale,6359.0,5215.0,7131.0,463.0,INR/Quintal
2018-12-05,Maize,Bihar,Purnia,Purnia Wholesale,2255.0,1849.0,2529.0,1662.0,INR/Quintal
2016-10-10,Potato,Uttar Pradesh,Varanasi,Varanasi Wholesale,1402.0,1150.0,1572.0,5205.0,INR/Quintal
2015-11-14,Oilseeds,Maharashtra,Pune,Pune Wholesale,2665.0,2186.0,2989.0,1995.0,INR/Quintal
2025-04-06,Wheat,Haryana,Hisar,Hisar Wholesale,2474.0,2029.0,2774.0,4358.0,INR/Quintal
2024-01-10,Coffee,Tamil Nadu,Chennai,Chennai Wholesale,23777.0,19499.0,26664.0,1695.0,INR/Quintal
2025-08-26,Tea,Kerala,Kozhikode,Kozhikode Wholesale,12961.0,10629.0,14534.0,665.0,INR/Quintal
2018-06-11,Maize,Telangana,Hyderabad,Hyderabad Wholesale,2159.0,1771.0,2421.0,1295.0,INR/Quintal
2016-11-14,Coconut,Tamil Nadu,Coimbatore,Coimbatore Wholesale,1957.0,1605.0,2195.0,2797.0,INR/Quintal
2016-10-25,Wheat,Punjab,Ludhiana,Ludhiana Wholesale,2093.0,1716.0,2347.0,5147.0,INR/Quintal
2020-06-21,Rice,Uttar Pradesh,Kanpur,Kanpur Wholesale,2137.0,1753.0,2396.0,2952.0,INR/Quintal
2025-09-03,Potato,West Bengal,Darjeeling,Darjeeling Wholesale,2021.0,1657.0,2266.0,1506.0,INR/Quintal
2024-06-07,Apple,Himachal Pradesh,Kangra,Kangra Wholesale,10139.0,8315.0,11370.0,1519.0,INR/Quintal
2025-04-01,Maize,Telangana,Warangal,Warangal Wholesale,2220.0,1821.0,2490.0,2387.0,INR/Quintal
2019-06-20,Sugarcane,Karnataka,Mysore,Mysore Wholesale,417.0,342.0,468.0,5057.0,INR/Quintal
2019-02-04,Rice,Andhra Pradesh,Krishna,Krishna Wholesale,1882.0,1543.0,2110.0,3326.0,INR/Quintal
2024-01-18,Rice,Chhattisgarh,Raipur,Raipur Wholesale,1720.0,1411.0,1929.0,2179.0,INR/Quintal
2025-04-21,Coconut,Tamil Nadu,Chennai,Chennai Wholesale,3742.0,3069.0,4196.0,4019.0,INR/Quintal
2018-02-10,Tea,Kerala,Kozhikode,Kozhikode Wholesale,8006.0,6566.0,8978.0,4051.0,INR/Quintal
2020-01-28,Coconut,Tamil Nadu,Chennai,Chennai Wholesale,2992.0,2454.0,3355.0,3843.0,INR/Quintal
2019-03-01,Potato,West Bengal,Kolkata,Kolkata Wholesale,1762.0,1445.0,1976.0,2254.0,INR/Quintal
2021-10-25,Coconut,Tamil Nadu,Chennai,Chennai Wholesale,3047.0,2499.0,3417.0,861.0,INR/Quintal
2016-07-17,Maize,Telangana,Nizamabad,Nizamabad Wholesale,2201.0,1805.0,2468.0,3611.0,INR/Quintal
2018-07-15,Cotton,Gujarat,Rajkot,Rajkot Wholesale,6398.0,5247.0,7175.0,4189.0,INR/Quintal
2024-10-21,Apple,Himachal Pradesh,Kangra,Kangra Wholesale,10463.0,8580.0,11733.0,223.0,INR/Quintal
2025-08-14,Maize,Bihar,Gaya,Gaya Wholesale,1778.0,1458.0,1994.0,3106.0,INR/Quintal
2024-06-19,Coconut,Andhra Pradesh,Krishna,Krishna Wholesale,2862.0,2347.0,3209.0,3789.0,INR/Quintal
2024-06-20,Pulses,Madhya Pradesh,Bhopal,Bhopal Wholesale,6752.0,5537.0,7572.0,2268.0,INR/Quintal
2023-09-20,Rice,Bihar,Gaya,Gaya Wholesale,1914.0,1570.0,2146.0,389.0,INR/Quintal
2019-06-25,Oilseeds,Maharashtra,Pune,Pune Wholesale,4729.0,3878.0,5303.0,5218.0,INR/Quintal
2025-02-13,Rice,Andhra Pradesh,Visakhapatnam,Visakhapatnam Wholesale,3324.0,2726.0,3728.0,2103.0,INR/Quintal
2023-03-19,Rice,Assam,Tinsukia,Tinsukia Wholesale,3301.0,2707.0,3702.0,3927.0,INR/Quintal
2023-08-19,Coffee,Tamil Nadu,Coimbatore,Coimbatore Wholesale,13847.0,11356.0,15528.0,465.0,INR/Quintal
2016-11-29,Apple,Jammu and Kashmir,Srinagar,Srinagar Wholesale,6600.0,5413.0,7401.0,1388.0,INR/Quintal
2020-11-30,Apple,Himachal Pradesh,Kangra,Kangra Wholesale,5719.0,4690.0,6413.0,257.0,INR/Quintal
2015-01-02,Sugarcane,Uttar Pradesh,Kanpur,Kanpur Wholesale,411.0,337.0,461.0,2694.0,INR/Quintal
2016-10-03,Coconut,Karnataka,Bangalore,Bangalore Wholesale,1984.0,1627.0,2225.0,1390.0,INR/Quintal
2021-03-17,Cotton,Maharashtra,Mumbai,Mumbai Wholesale,6835.0,5605.0,7665.0,2043.0,INR/Quintal
2019-05-09,Wheat,Bihar,Gaya,Gaya Wholesale,2146.0,1760.0,2407.0,3064.0,INR/Quintal
2017-05-04,Apple,Jammu and Kashmir,Srinagar,Srinagar Wholesale,4039.0,3312.0,4529.0,817.0,INR/Quintal
2019-10-26,Coconut,Tamil Nadu,Coimbatore,Coimbatore Wholesale,1519.0,1246.0,1703.0,4046.0,INR/Quintal
2024-01-10,Wheat,Rajasthan,Udaipur,Udaipur Wholesale,2004.0,1643.0,2247.0,2503.0,INR/Quintal
2021-08-29,Apple,Himachal Pradesh,Mandi,Mandi Wholesale,7905.0,6483.0,8865.0,1128.0,INR/Quintal
2024-07-06,Sugarcane,Uttar Pradesh,Kanpur,Kanpur Wholesale,543.0,445.0,609.0,1905.0,INR/Quintal
2019-07-20,Rice,Bihar,Muzaffarpur,Muzaffarpur Wholesale,1167.0,957.0,1309.0,1988.0,INR/Quintal
2018-02-27,Wheat,Madhya Pradesh,Bhopal,Bhopal Wholesale,1707.0,1400.0,1914.0,1066.0,INR/Quintal
2017-12-12,Coconut,Kerala,Kozhikode,Kozhikode Wholesale,2030.0,1665.0,2276.0,3145.0,INR/Quintal
2019-09-04,Potato,Bihar,Patna,Patna Wholesale,1799.0,1475.0,2017.0,1393.0,INR/Quintal
2022-08-09,Cotton,Telangana,Nizamabad,Nizamabad Wholesale,5412.0,4438.0,6069.0,2587.0,INR/Quintal
2019-08-23,Wheat,Punjab,Patiala,Patiala Wholesale,1984.0,1627.0,2225.0,2412.0,INR/Quintal
2019-09-30,Sugarcane,Tamil Nadu,Coimbatore,Coimbatore Wholesale,375.0,308.0,421.0,3811.0,INR/Quintal
2018-12-10,Pulses,Uttar Pradesh,Lucknow,Lucknow Wholesale,4575.0,3752.0,5130.0,1905.0,INR/Quintal
2021-04-13,Wheat,Uttar Pradesh,Lucknow,Lucknow Wholesale,2035.0,1669.0,2282.0,958.0,INR/Quintal
2017-04-15,Coconut,Tamil Nadu,Chennai,Chennai Wholesale,1808.0,1483.0,2027.0,4402.0,INR/Quintal
2024-08-11,Cotton,Andhra Pradesh,Krishna,Krishna Wholesale,7856.0,6443.0,8810.0,4253.0,INR/Quintal
2015-07-22,Apple,Himachal Pradesh,Kangra,Kangra Wholesale,6661.0,5463.0,7470.0,1450.0,INR/Quintal
2023-11-30,Tea,Assam,Cachar,Cachar Wholesale,7207.0,5910.0,8082.0,602.0,INR/Quintal
2015-05-03,Apple,Jammu and Kashmir,Srinagar,Srinagar Wholesale,6189.0,5075.0,6940.0,1349.0,INR/Quintal
2016-02-05,Tea,West Bengal,Kolkata,Kolkata Wholesale,12077.0,9904.0,13543.0,6364.0,INR/Quintal
2017-02-05,Potato,West Bengal,Howrah,Howrah Wholesale,2016.0,1653.0,2261.0,733.0,INR/Quintal
2015-10-21,Maize,Andhra Pradesh,Chittoor,Chittoor Wholesale,1489.0,1221.0,1670.0,1111.0,INR/Quintal
2021-05-16,Maize,Andhra Pradesh,Guntur,Guntur Wholesale,2273.0,1864.0,2549.0,5748.0,INR/Quintal
2025-09-13,Wheat,Uttar Pradesh,Lucknow,Lucknow Wholesale,2900.0,2378.0,3252.0,4749.0,INR/Quintal
2023-01-10,Oilseeds,Madhya Pradesh,Bhopal,Bhopal Wholesale,3304.0,2710.0,3705.0,3388.0,INR/Quintal
2025-01-29,Coconut,Karnataka,Mysore,Mysore Wholesale,3648.0,2992.0,4091.0,6277.0,INR/Quintal
2015-07-17,Pulses,Maharashtra,Mumbai,Mumbai Wholesale,4474.0,3669.0,5017.0,1001.0,INR/Quintal
2023-04-18,Sugarcane,Karnataka,Hubli,Hubli Wholesale,498.0,408.0,558.0,4096.0,INR/Quintal
2020-04-14,Pulses,Madhya Pradesh,Bhopal,Bhopal Wholesale,3953.0,3242.0,4433.0,3611.0,INR/Quintal
2024-10-22,Tea,Kerala,Thrissur,Thrissur Wholesale,8662.0,7104.0,9714.0,2168.0,INR/Quintal
2022-08-31,Coconut,Kerala,Kozhikode,Kozhikode Wholesale,2628.0,2155.0,2947.0,2410.0,INR/Quintal
2020-12-31,Coconut,Kerala,Kozhikode,Kozhikode Wholesale,1884.0,1545.0,2113.0,3703.0,INR/Quintal
2016-08-31,Wheat,Rajasthan,Jodhpur,Jodhpur Wholesale,2060.0,1689.0,2310.0,1102.0,INR/Quintal
2023-12-17,Apple,Jammu and Kashmir,Srinagar,Srinagar Wholesale,6039.0,4952.0,6772.0,277.0,INR/Quintal
2018-02-21,Cotton,Gujarat,Surat,Surat Wholesale,6455.0,5294.0,7239.0,3222.0,INR/Quintal
2015-07-06,Sugarcane,Uttar Pradesh,Lucknow,Lucknow Wholesale,373.0,306.0,418.0,4491.0,INR/Quintal
2024-04-20,Pulses,Madhya Pradesh,Bhopal,Bhopal Wholesale,3828.0,3139.0,4293.0,1472.0,INR/Quintal
2021-11-16,Cotton,Gujarat,Ahmedabad,Ahmedabad Wholesale,7020.0,5757.0,7872.0,4228.0,INR/Quintal
2024-05-13,Sugarcane,Uttar Pradesh,Lucknow,Lucknow Wholesale,461.0,378.0,517.0,2568.0,INR/Quintal
2019-11-30,Pulses,Maharashtra,Nagpur,Nagpur Wholesale,4508.0,3697.0,5055.0,603.0,INR/Quintal
2016-10-21,Potato,Bihar,Patna,Patna Wholesale,660.0,541.0,740.0,2062.0,INR/Quintal
2022-09-12,Tea,Assam,Tinsukia,Tinsukia Wholesale,8716.0,7148.0,9774.0,2111.0,INR/Quintal
2023-03-22,Rice,West Bengal,Darjeeling,Darjeeling Wholesale,1795.0,1472.0,2013.0,2965.0,INR/Quintal
2020-05-09,Sugarcane,Karnataka,Hubli,Hubli Wholesale,506.0,415.0,567.0,4896.0,INR/Quintal
2021-09-16,Tea,Kerala,Thrissur,Thrissur Wholesale,9903.0,8121.0,11105.0,1385.0,INR/Quintal
2018-10-01,Coconut,Tamil Nadu,Madurai,Madurai Wholesale,1182.0,969.0,1325.0,1036.0,INR/Quintal
2020-06-09,Coffee,Karnataka,Belgaum,Belgaum Wholesale,12227.0,10027.0,13711.0,998.0,INR/Quintal
2019-03-15,Oilseeds,Maharashtra,Pune,Pune Wholesale,2506.0,2055.0,2810.0,6249.0,INR/Quintal
2015-05-27,Coconut,Kerala,Kozhikode,Kozhikode Wholesale,2178.0,1786.0,2442.0,2057.0,INR/Quintal
2023-10-25,Wheat,Bihar,Gaya,Gaya Wholesale,2091.0,1715.0,2345.0,3410.0,INR/Quintal
2022-12-21,Coffee,Tamil Nadu,Coimbatore,Coimbatore Wholesale,16073.0,13181.0,18024.0,3224.0,INR/Quintal
2019-10-01,Cotton,Maharashtra,Nashik,Nashik Wholesale,5723.0,4693.0,6418.0,1990.0,INR/Quintal
2020-01-18,Coconut,Kerala,Kozhikode,Kozhikode Wholesale,2999.0,2459.0,3363.0,1905.0,INR/Quintal
2016-05-03,Coconut,Karnataka,Mysore,Mysore Wholesale,1690.0,1386.0,1895.0,1381.0,INR/Quintal
2023-02-24,Sugarcane,Uttar Pradesh,Varanasi,Varanasi Wholesale,457.0,375.0,512.0,5994.0,INR/Quintal
2020-05-13,Wheat,Rajasthan,Jodhpur,Jodhpur Wholesale,2554.0,2094.0,2864.0,2511.0,INR/Quintal
2019-07-22,Wheat,Haryana,Karnal,Karnal Wholesale,2165.0,1775.0,2428.0,4879.0,INR/Quintal
2022-02-11,Coffee,Kerala,Kozhikode,Kozhikode Wholesale,21197.0,17383.0,23770.0,1416.0,INR/Quintal
2021-07-13,Coconut,Kerala,Kozhikode,Kozhikode Wholesale,2742.0,2249.0,3075.0,1230.0,INR/Quintal
2022-12-29,Coffee,Kerala,Kozhikode,Kozhikode Wholesale,15641.0,12827.0,17540.0,750.0,INR/Quintal
2016-10-02,Rice,Telangana,Warangal,Warangal Wholesale,2068.0,1696.0,2319.0,1218.0,INR/Quintal
2019-12-08,Pulses,Maharashtra,Pune,Pune Wholesale,6610.0,5421.0,7412.0,3154.0,INR/Quintal
2021-11-25,Sugarcane,Karnataka,Belgaum,Belgaum Wholesale,471.0,386.0,528.0,4524.0,INR/Quintal
2020-05-23,Tea,Kerala,Thrissur,Thrissur Wholesale,14542.0,11926.0,16307.0,3164.0,INR/Quintal
2021-01-07,Maize,Madhya Pradesh,Bhopal,Bhopal Wholesale,1627.0,1334.0,1825.0,3701.0,INR/Quintal
2018-12-09,Coconut,Tamil Nadu,Madurai,Madurai Wholesale,2143.0,1757.0,2403.0,2161.0,INR/Quintal
2024-03-23,Apple,Jammu and Kashmir,Srinagar,Srinagar Wholesale,9580.0,7856.0,10743.0,598.0,INR/Quintal
2019-06-23,Sugarcane,Uttar Pradesh,Kanpur,Kanpur Wholesale,390.0,320.0,437.0,2483.0,INR/Quintal
2015-09-20,Sugarcane,Maharashtra,Pune,Pune Wholesale,445.0,365.0,499.0,1505.0,INR/Quintal
2019-11-23,Sugarcane,Karnataka,Mysore,Mysore Wholesale,352.0,289.0,395.0,2921.0,INR/Quintal
2020-12-31,Wheat,Rajasthan,Jodhpur,Jodhpur Wholesale,2763.0,2266.0,3098.0,1426.0,INR/Quintal
2021-07-21,Cotton,Maharashtra,Nashik,Nashik Wholesale,6296.0,5163.0,7060.0,4816.0,INR/Quintal
2016-09-15,Wheat,Bihar,Muzaffarpur,Muzaffarpur Wholesale,1621.0,1329.0,1818.0,3464.0,INR/Quintal
2017-10-13,Cotton,Andhra Pradesh,Guntur,Guntur Wholesale,7037.0,5771.0,7891.0,1816.0,INR/Quintal
2024-12-22,Coffee,Kerala,Kozhikode,Kozhikode Wholesale,14000.0,11481.0,15700.0,2938.0,INR/Quintal
2017-05-30,Maize,Madhya Pradesh,Bhopal,Bhopal Wholesale,1296.0,1063.0,1453.0,3182.0,INR/Quintal
2020-08-11,Wheat,Uttar Pradesh,Kanpur,Kanpur Wholesale,1881.0,1543.0,2109.0,1527.0,INR/Quintal
2023-01-23,Coconut,Andhra Pradesh,Visakhapatnam,Visakhapatnam Wholesale,2875.0,2358.0,3224.0,6391.0,INR/Quintal
2018-08-20,Cotton,Maharashtra,Nashik,Nashik Wholesale,7557.0,6197.0,8474.0,1345.0,INR/Quintal
2021-04-20,Wheat,Bihar,Patna,Patna Wholesale,1902.0,1560.0,2133.0,4808.0,INR/Quintal
2025-03-12,Oilseeds,Madhya Pradesh,Bhopal,Bhopal Wholesale,4402.0,3610.0,4936.0,2147.0,INR/Quintal
2016-03-28,Wheat,Rajasthan,Jodhpur,Jodhpur Wholesale,1731.0,1420.0,1941.0,1958.0,INR/Quintal
2023-07-06,Maize,Bihar,Purnia,Purnia Wholesale,2412.0,1978.0,2705.0,2167.0,INR/Quintal
2018-03-29,Maize,Karnataka,Belgaum,Belgaum Wholesale,1437.0,1178.0,1611.0,6278.0,INR/Quintal
2023-05-21,Cotton,Maharashtra,Mumbai,Mumbai Wholesale,5852.0,4799.0,6562.0,1691.0,INR/Quintal
2020-08-18,Cotton,Maharashtra,Mumbai,Mumbai Wholesale,5278.0,4328.0,5919.0,717.0,INR/Quintal
2024-01-18,Coffee,Kerala,Ernakulam,Ernakulam Wholesale,18580.0,15237.0,20836.0,2124.0,INR/Quintal
2023-09-06,Maize,Karnataka,Belgaum,Belgaum Wholesale,2571.0,2108.0,2883.0,578.0,INR/Quintal
2019-08-10,Maize,Madhya Pradesh,Bhopal,Bhopal Wholesale,1916.0,1571.0,2149.0,2128.0,INR/Quintal
2022-11-03,Coconut,Tamil Nadu,Chennai,Chennai Wholesale,1351.0,1108.0,1515.0,3667.0,INR/Quintal
2021-03-05,Rice,Punjab,Amritsar,Amritsar Wholesale,2510.0,2058.0,2815.0,8475.0,INR/Quintal
2018-02-28,Sugarcane,Maharashtra,Pune,Pune Wholesale,457.0,375.0,512.0,6301.0,INR/Quintal
2016-02-08,Potato,West Bengal,Darjeeling,Darjeeling Wholesale,719.0,590.0,806.0,6407.0,INR/Quintal
2021-01-08,Wheat,Bihar,Gaya,Gaya Wholesale,1856.0,1522.0,2081.0,4447.0,INR/Quintal
2020-10-02,Pulses,Rajasthan,Jaipur,Jaipur Wholesale,4098.0,3361.0,4596.0,2442.0,INR/Quintal
2023-09-27,Coffee,Tamil Nadu,Chennai,Chennai Wholesale,19971.0,16378.0,22395.0,1054.0,INR/Quintal
2019-08-24,Sugarcane,Tamil Nadu,Coimbatore,Coimbatore Wholesale,435.0,357.0,488.0,2239.0,INR/Quintal
2016-09-19,Potato,West Bengal,Kolkata,Kolkata Wholesale,1350.0,1107.0,1514.0,3829.0,INR/Quintal
2016-08-09,Rice,Bihar,Patna,Patna Wholesale,1544.0,1266.0,1731.0,2640.0,INR/Quintal
2019-07-07,Pulses,Uttar Pradesh,Kanpur,Kanpur Wholesale,4476.0,3671.0,5019.0,5679.0,INR/Quintal
2018-12-14,Cotton,Maharashtra,Nagpur,Nagpur Wholesale,7518.0,6165.0,8431.0,828.0,INR/Quintal
2018-12-16,Maize,Karnataka,Bangalore,Bangalore Wholesale,1570.0,1288.0,1761.0,4865.0,INR/Quintal
2015-04-14,Oilseeds,Gujarat,Ahmedabad,Ahmedabad Wholesale,4705.0,3858.0,5276.0,5502.0,INR/Quintal
2025-09-28,Coffee,Tamil Nadu,Madurai,Madurai Wholesale,18483.0,15157.0,20727.0,977.0,INR/Quintal
2015-09-11,Tea,Assam,Cachar,Cachar Wholesale,6233.0,5112.0,6990.0,345.0,INR/Quintal
2024-01-12,Apple,Jammu and Kashmir,Srinagar,Srinagar Wholesale,6777.0,5558.0,7600.0,768.0,INR/Quintal
2023-09-19,Maize,Telangana,Warangal,Warangal Wholesale,2664.0,2185.0,2987.0,2911.0,INR/Quintal
2022-01-01,Oilseeds,Madhya Pradesh,Bhopal,Bhopal Wholesale,3939.0,3230.0,4417.0,3226.0,INR/Quintal
2019-02-05,Potato,West Bengal,Kolkata,Kolkata Wholesale,2010.0,1648.0,2254.0,6427.0,INR/Quintal
2015-04-09,Cotton,Andhra Pradesh,Guntur,Guntur Wholesale,4769.0,3911.0,5348.0,3791.0,INR/Quintal
2021-01-09,Pulses,Madhya Pradesh,Bhopal,Bhopal Wholesale,5561.0,4560.0,6236.0,4338.0,INR/Quintal
2020-02-28,Potato,West Bengal,Howrah,Howrah Wholesale,2031.0,1666.0,2278.0,3580.0,INR/Quintal
2023-02-09,Apple,Jammu and Kashmir,Srinagar,Srinagar Wholesale,9428.0,7732.0,10573.0,715.0,INR/Quintal
2020-04-03,Maize,Andhra Pradesh,Visakhapatnam,Visakhapatnam Wholesale,1939.0,1590.0,2174.0,1786.0,INR/Quintal
2017-05-27,Maize,Karnataka,Hubli,Hubli Wholesale,1950.0,1599.0,2187.0,6290.0,INR/Quintal
2015-12-04,Pulses,Maharashtra,Nagpur,Nagpur Wholesale,3009.0,2468.0,3374.0,2603.0,INR/Quintal
2025-05-05,Tea,Kerala,Kozhikode,Kozhikode Wholesale,8813.0,7227.0,9883.0,1123.0,INR/Quintal
2022-11-09,Oilseeds,Maharashtra,Pune,Pune Wholesale,3432.0,2815.0,3849.0,594.0,INR/Quintal
2023-11-09,Potato,West Bengal,Howrah,Howrah Wholesale,794.0,651.0,890.0,1669.0,INR/Quintal
2025-05-19,Cotton,Andhra Pradesh,Chittoor,Chittoor Wholesale,6291.0,5159.0,7055.0,6211.0,INR/Quintal
2017-08-14,Maize,Bihar,Patna,Patna Wholesale,1612.0,1322.0,1808.0,2149.0,INR/Quintal
2019-09-01,Potato,Uttar Pradesh,Lucknow,Lucknow Wholesale,2188.0,1794.0,2454.0,3513.0,INR/Quintal
2015-06-10,Coconut,Kerala,Kozhikode,Kozhikode Wholesale,2337.0,1917.0,2621.0,3721.0,INR/Quintal
2019-05-23,Tea,West Bengal,Howrah,Howrah Wholesale,12446.0,10207.0,13957.0,3552.0,INR/Quintal
2022-10-19,Potato,Bihar,Patna,Patna Wholesale,2398.0,1967.0,2689.0,3162.0,INR/Quintal
2016-02-02,Pulses,Madhya Pradesh,Bhopal,Bhopal Wholesale,3563.0,2922.0,3996.0,1973.0,INR/Quintal
2018-07-24,Apple,Himachal Pradesh,Mandi,Mandi Wholesale,6451.0,5290.0,7234.0,2081.0,INR/Quintal
2017-03-26,Cotton,Maharashtra,Pune,Pune Wholesale,6298.0,5165.0,7063.0,1444.0,INR/Quintal
2019-03-08,Rice,West Bengal,Howrah,Howrah Wholesale,1245.0,1021.0,1396.0,5379.0,INR/Quintal
2020-04-03,Pulses,Uttar Pradesh,Kanpur,Kanpur Wholesale,5924.0,4858.0,6643.0,6562.0,INR/Quintal
2018-11-16,Potato,West Bengal,Howrah,Howrah Wholesale,708.0,581.0,794.0,1274.0,INR/Quintal
2018-03-04,Rice,West Bengal,Howrah,Howrah Wholesale,1396.0,1145.0,1565.0,3217.0,INR/Quintal
2018-05-03,Maize,Maharashtra,Nagpur,Nagpur Wholesale,1482.0,1215.0,1662.0,2852.0,INR/Quintal
2016-02-05,Rice,Odisha,Bhubaneswar,Bhubaneswar Wholesale,2944.0,2414.0,3301.0,1049.0,INR/Quintal
2016-10-01,Tea,Assam,Cachar,Cachar Wholesale,12187.0,9994.0,13667.0,1854.0,INR/Quintal
2023-07-02,Wheat,Madhya Pradesh,Bhopal,Bhopal Wholesale,2673.0,2192.0,2998.0,3381.0,INR/Quintal
2022-06-28,Tea,Assam,Cachar,Cachar Wholesale,12771.0,10473.0,14321.0,2415.0,INR/Quintal
2016-04-04,Pulses,Madhya Pradesh,Bhopal,Bhopal Wholesale,3995.0,3276.0,4480.0,2977.0,INR/Quintal
2017-08-12,Wheat,Haryana,Hisar,Hisar Wholesale,2248.0,1844.0,2521.0,706.0,INR/Quintal
2016-04-14,Pulses,Uttar Pradesh,Kanpur,Kanpur Wholesale,4357.0,3573.0,4886.0,2129.0,INR/Quintal
2024-06-08,Coconut,Kerala,Thrissur,Thrissur Wholesale,1639.0,1344.0,1838.0,2248.0,INR/Quintal
2017-11-11,Apple,Jammu and Kashmir,Srinagar,Srinagar Wholesale,6835.0,5605.0,7665.0,1677.0,INR/Quintal
2022-08-29,Apple,Himachal Pradesh,Shimla,Shimla Wholesale,4855.0,3981.0,5444.0,1645.0,INR/Quintal
2019-08-21,Coffee,Karnataka,Mysore,Mysore Wholesale,12675.0,10394.0,14214.0,1654.0,INR/Quintal
2020-09-16,Cotton,Andhra Pradesh,Guntur,Guntur Wholesale,7421.0,6086.0,8322.0,2473.0,INR/Quintal
2021-03-27,Apple,Jammu and Kashmir,Srinagar,Srinagar Wholesale,7435.0,6097.0,8338.0,1553.0,INR/Quintal
2024-05-29,Sugarcane,Maharashtra,Nagpur,Nagpur Wholesale,501.0,411.0,562.0,5358.0,INR/Quintal
2016-07-16,Maize,Maharashtra,Mumbai,Mumbai Wholesale,1667.0,1367.0,1869.0,3972.0,INR/Quintal
2021-10-21,Maize,Telangana,Nizamabad,Nizamabad Wholesale,1884.0,1545.0,2113.0,2701.0,INR/Quintal
2019-12-05,Coconut,Andhra Pradesh,Chittoor,Chittoor Wholesale,2666.0,2186.0,2990.0,735.0,INR/Quintal
2024-03-08,Coffee,Karnataka,Hubli,Hubli Wholesale,23581.0,19338.0,26444.0,6788.0,INR/Quintal
2020-09-05,Coconut,Karnataka,Bangalore,Bangalore Wholesale,2323.0,1905.0,2605.0,628.0,INR/Quintal
2015-08-14,Potato,Bihar,Purnia,Purnia Wholesale,1954.0,1602.0,2191.0,1956.0,INR/Quintal
2024-03-02,Oilseeds,Madhya Pradesh,Bhopal,Bhopal Wholesale,6181.0,5069.0,6931.0,4824.0,INR/Quintal
2017-03-08,Pulses,Rajasthan,Udaipur,Udaipur Wholesale,4492.0,3684.0,5037.0,2452.0,INR/Quintal
2025-01-28,Sugarcane,Karnataka,Hubli,Hubli Wholesale,550.0,451.0,617.0,995.0,INR/Quintal
2021-05-20,Sugarcane,Uttar Pradesh,Kanpur,Kanpur Wholesale,450.0,369.0,505.0,2642.0,INR/Quintal
2023-01-05,Tea,West Bengal,Kolkata,Kolkata Wholesale,15055.0,12346.0,16883.0,3927.0,INR/Quintal
2017-08-17,Tea,West Bengal,Howrah,Howrah Wholesale,7059.0,5789.0,7916.0,729.0,INR/Quintal
2019-02-13,Oilseeds,Madhya Pradesh,Bhopal,Bhopal Wholesale,4169.0,3419.0,4675.0,2425.0,INR/Quintal
2016-03-28,Coconut,Tamil Nadu,Chennai,Chennai Wholesale,2885.0,2366.0,3235.0,2833.0,INR/Quintal
2023-05-26,Potato,West Bengal,Kolkata,Kolkata Wholesale,2071.0,1698.0,2322.0,5273.0,INR/Quintal
2025-09-05,Coffee,Karnataka,Mysore,Mysore Wholesale,24933.0,20447.0,27960.0,767.0,INR/Quintal
2017-03-26,Rice,Tamil Nadu,Chennai,Chennai Wholesale,1399.0,1147.0,1569.0,5109.0,INR/Quintal
2016-10-20,Tea,Kerala,Kozhikode,Kozhikode Wholesale,7958.0,6526.0,8924.0,1380.0,INR/Quintal
2024-10-27,Potato,West Bengal,Darjeeling,Darjeeling Wholesale,1079.0,885.0,1210.0,2561.0,INR/Quintal
2016-06-30,Cotton,Andhra Pradesh,Visakhapatnam,Visakhapatnam Wholesale,5096.0,4179.0,5715.0,1710.0,INR/Quintal
2018-04-30,Maize,Telangana,Nizamabad,Nizamabad Wholesale,1940.0,1591.0,2176.0,3678.0,INR/Quintal
2023-07-18,Maize,Maharashtra,Nagpur,Nagpur Wholesale,1940.0,1591.0,2176.0,3904.0,INR/Quintal
2024-10-23,Potato,Punjab,Patiala,Patiala Wholesale,1703.0,1397.0,1910.0,906.0,INR/Quintal
2015-01-17,Oilseeds,Gujarat,Surat,Surat Wholesale,3316.0,2719.0,3719.0,5809.0,INR/Quintal
2023-11-18,Coffee,Kerala,Ernakulam,Ernakulam Wholesale,14185.0,11633.0,15907.0,2975.0,INR/Quintal
2018-05-28,Apple,Himachal Pradesh,Mandi,Mandi Wholesale,4169.0,3419.0,4675.0,452.0,INR/Quintal
2021-01-14,Sugarcane,Tamil Nadu,Chennai,Chennai Wholesale,512.0,420.0,574.0,4066.0,INR/Quintal
2021-11-29,Oilseeds,Gujarat,Ahmedabad,Ahmedabad Wholesale,2400.0,1968.0,2691.0,3237.0,INR/Quintal
2017-12-05,Potato,West Bengal,Howrah,Howrah Wholesale,533.0,437.0,598.0,612.0,INR/Quintal
2024-06-06,Coffee,Kerala,Ernakulam,Ernakulam Wholesale,22760.0,18665.0,25523.0,1632.0,INR/Quintal
2022-01-09,Coffee,Kerala,Thrissur,Thrissur Wholesale,24154.0,19808.0,27086.0,4471.0,INR/Quintal
2020-11-16,Pulses,Maharashtra,Mumbai,Mumbai Wholesale,5959.0,4887.0,6682.0,3314.0,INR/Quintal
2019-11-04,Wheat,Uttar Pradesh,Lucknow,Lucknow Wholesale,1697.0,1392.0,1903.0,5992.0,INR/Quintal
2017-11-26,Maize,Andhra Pradesh,Chittoor,Chittoor Wholesale,1512.0,1240.0,1696.0,3611.0,INR/Quintal
2021-05-16,Potato,West Bengal,Darjeeling,Darjeeling Wholesale,2310.0,1894.0,2590.0,794.0,INR/Quintal
2024-05-13,Apple,Himachal Pradesh,Shimla,Shimla Wholesale,9839.0,8069.0,11033.0,489.0,INR/Quintal
2021-12-19,Sugarcane,Maharashtra,Pune,Pune Wholesale,454.0,372.0,509.0,4875.0,INR/Quintal
2015-10-29,Wheat,Punjab,Ludhiana,Ludhiana Wholesale,1737.0,1424.0,1948.0,3326.0,INR/Quintal
2015-06-30,Cotton,Telangana,Hyderabad,Hyderabad Wholesale,4043.0,3316.0,4534.0,965.0,INR/Quintal
2016-08-29,Tea,West Bengal,Howrah,Howrah Wholesale,6438.0,5280.0,7220.0,2657.0,INR/Quintal
2023-09-06,Pulses,Rajasthan,Jaipur,Jaipur Wholesale,5997.0,4918.0,6725.0,2032.0,INR/Quintal
2016-11-30,Tea,Kerala,Thrissur,Thrissur Wholesale,4837.0,3967.0,5424.0,2644.0,INR/Quintal
2017-09-19,Wheat,Bihar,Muzaffarpur,Muzaffarpur Wholesale,2643.0,2167.0,2964.0,1125.0,INR/Quintal
2018-02-13,Wheat,Punjab,Patiala,Patiala Wholesale,1835.0,1505.0,2058.0,3140.0,INR/Quintal
2015-07-10,Tea,Assam,Dibrugarh,Dibrugarh Wholesale,12107.0,9929.0,13577.0,3302.0,INR/Quintal
2021-04-19,Coconut,Tamil Nadu,Chennai,Chennai Wholesale,1546.0,1268.0,1734.0,6227.0,INR/Quintal
2017-09-07,Sugarcane,Uttar Pradesh,Varanasi,Varanasi Wholesale,404.0,331.0,453.0,2029.0,INR/Quintal
2023-02-23,Sugarcane,Karnataka,Belgaum,Belgaum Wholesale,387.0,317.0,434.0,5832.0,INR/Quintal
2020-06-29,Rice,Odisha,Bhubaneswar,Bhubaneswar Wholesale,2914.0,2390.0,3268.0,1105.0,INR/Quintal
2018-03-30,Apple,Jammu and Kashmir,Srinagar,Srinagar Wholesale,6458.0,5296.0,7242.0,721.0,INR/Quintal
2024-02-10,Cotton,Gujarat,Rajkot,Rajkot Wholesale,5408.0,4435.0,6065.0,1989.0,INR/Quintal
2024-04-17,Sugarcane,Maharashtra,Nashik,Nashik Wholesale,543.0,445.0,609.0,1465.0,INR/Quintal
2015-05-08,Apple,Himachal Pradesh,Shimla,Shimla Wholesale,6309.0,5174.0,7075.0,2499.0,INR/Quintal
2020-08-27,Cotton,Telangana,Hyderabad,Hyderabad Wholesale,7779.0,6379.0,8723.0,2068.0,INR/Quintal
2019-12-22,Cotton,Gujarat,Rajkot,Rajkot Wholesale,7560.0,6200.0,8478.0,1998.0,INR/Quintal
2019-10-25,Wheat,Rajasthan,Jodhpur,Jodhpur Wholesale,2711.0,2223.0,3040.0,2238.0,INR/Quintal
2022-02-26,Cotton,Telangana,Nizamabad,Nizamabad Wholesale,5122.0,4200.0,5744.0,4662.0,INR/Quintal
2016-07-23,Pulses,Madhya Pradesh,Bhopal,Bhopal Wholesale,3464.0,2841.0,3885.0,649.0,INR/Quintal
2018-09-08,Tea,Kerala,Ernakulam,Ernakulam Wholesale,14594.0,11968.0,16366.0,1903.0,INR/Quintal
2020-03-10,Coconut,Karnataka,Bangalore,Bangalore Wholesale,2271.0,1862.0,2547.0,5360.0,INR/Quintal
2022-06-26,Rice,Uttar Pradesh,Kanpur,Kanpur Wholesale,1786.0,1465.0,2003.0,5582.0,INR/Quintal
2025-07-30,Potato,Bihar,Purnia,Purnia Wholesale,2151.0,1764.0,2412.0,3191.0,INR/Quintal
2016-09-17,Oilseeds,Gujarat,Vadodara,Vadodara Wholesale,2877.0,2359.0,3226.0,1061.0,INR/Quintal
2024-03-13,Rice,Tamil Nadu,Chennai,Chennai Wholesale,3117.0,2556.0,3495.0,2743.0,INR/Quintal
2022-12-11,Pulses,Madhya Pradesh,Bhopal,Bhopal Wholesale,6669.0,5469.0,7479.0,3439.0,INR/Quintal
2019-08-14,Rice,West Bengal,Darjeeling,Darjeeling Wholesale,2877.0,2359.0,3226.0,3699.0,INR/Quintal
2023-03-29,Cotton,Maharashtra,Nagpur,Nagpur Wholesale,5979.0,4903.0,6705.0,2968.0,INR/Quintal
2025-02-27,Wheat,Bihar,Muzaffarpur,Muzaffarpur Wholesale,2472.0,2027.0,2772.0,760.0,INR/Quintal
2015-06-04,Oilseeds,Madhya Pradesh,Bhopal,Bhopal Wholesale,3240.0,2657.0,3633.0,3495.0,INR/Quintal
2021-12-12,Sugarcane,Maharashtra,Nagpur,Nagpur Wholesale,441.0,362.0,495.0,2856.0,INR/Quintal
2018-11-10,Wheat,Rajasthan,Udaipur,Udaipur Wholesale,1817.0,1490.0,2038.0,1180.0,INR/Quintal
2017-02-23,Cotton,Andhra Pradesh,Guntur,Guntur Wholesale,5679.0,4657.0,6368.0,3117.0,INR/Quintal
2023-09-11,Cotton,Andhra Pradesh,Chittoor,Chittoor Wholesale,6860.0,5626.0,7693.0,1991.0,INR/Quintal
2024-06-26,Oilseeds,Madhya Pradesh,Bhopal,Bhopal Wholesale,4566.0,3744.0,5120.0,1762.0,INR/Quintal
2025-08-18,Oilseeds,Rajasthan,Udaipur,Udaipur Wholesale,5798.0,4755.0,6502.0,1580.0,INR/Quintal
2015-09-03,Maize,Maharashtra,Nagpur,Nagpur Wholesale,1717.0,1408.0,1925.0,778.0,INR/Quintal
2023-11-22,Coffee,Tamil Nadu,Chennai,Chennai Wholesale,12686.0,10404.0,14226.0,4555.0,INR/Quintal
2023-07-08,Coffee,Karnataka,Hubli,Hubli Wholesale,21766.0,17850.0,24408.0,4408.0,INR/Quintal
2019-02-09,Apple,Jammu and Kashmir,Srinagar,Srinagar Wholesale,7825.0,6417.0,8775.0,2371.0,INR/Quintal
2019-09-02,Coconut,Kerala,Kozhikode,Kozhikode Wholesale,1835.0,1505.0,2058.0,2496.0,INR/Quintal
2022-09-07,Wheat,Haryana,Gurgaon,Gurgaon Wholesale,2596.0,2129.0,2911.0,3402.0,INR/Quintal
2016-06-21,Sugarcane,Karnataka,Hubli,Hubli Wholesale,332.0,272.0,372.0,1644.0,INR/Quintal
2020-03-05,Rice,Telangana,Hyderabad,Hyderabad Wholesale,1936.0,1588.0,2171.0,846.0,INR/Quintal
2020-01-16,Cotton,Andhra Pradesh,Chittoor,Chittoor Wholesale,7737.0,6345.0,8676.0,1307.0,INR/Quintal
2017-07-09,Cotton,Gujarat,Vadodara,Vadodara Wholesale,7138.0,5854.0,8005.0,1997.0,INR/Quintal
2021-09-21,Maize,Maharashtra,Pune,Pune Wholesale,2095.0,1718.0,2349.0,2518.0,INR/Quintal
2016-06-08,Wheat,Rajasthan,Jodhpur,Jodhpur Wholesale,2268.0,1860.0,2543.0,3479.0,INR/Quintal
2022-11-15,Coconut,Kerala,Thrissur,Thrissur Wholesale,3277.0,2687.0,3675.0,1672.0,INR/Quintal
2019-03-10,Wheat,Punjab,Patiala,Patiala Wholesale,2754.0,2258.0,3088.0,5579.0,INR/Quintal
2023-01-29,Tea,Assam,Kamrup,Kamrup Wholesale,12275.0,10066.0,13765.0,3338.0,INR/Quintal
2025-09-01,Apple,Jammu and Kashmir,Srinagar,Srinagar Wholesale,7550.0,6192.0,8467.0,368.0,INR/Quintal
2015-02-05,Oilseeds,Gujarat,Ahmedabad,Ahmedabad Wholesale,3247.0,2663.0,3641.0,7102.0,INR/Quintal
2016-11-15,Sugarcane,Karnataka,Bangalore,Bangalore Wholesale,320.0,262.0,359.0,2693.0,INR/Quintal
2015-01-20,Coconut,Andhra Pradesh,Visakhapatnam,Visakhapatnam Wholesale,1846.0,1514.0,2070.0,2406.0,INR/Quintal
2021-06-26,Oilseeds,Gujarat,Vadodara,Vadodara Wholesale,5159.0,4231.0,5785.0,5650.0,INR/Quintal
2025-07-14,Sugarcane,Maharashtra,Nagpur,Nagpur Wholesale,547.0,449.0,613.0,3663.0,INR/Quintal
2022-01-03,Pulses,Maharashtra,Mumbai,Mumbai Wholesale,6869.0,5633.0,7703.0,4002.0,INR/Quintal
2016-02-04,Potato,Bihar,Patna,Patna Wholesale,595.0,488.0,667.0,3919.0,INR/Quintal
2022-05-25,Apple,Jammu and Kashmir,Srinagar,Srinagar Wholesale,6819.0,5592.0,7647.0,1779.0,INR/Quintal
2017-08-29,Coffee,Tamil Nadu,Madurai,Madurai Wholesale,9354.0,7671.0,10490.0,973.0,INR/Quintal
2020-03-21,Apple,Jammu and Kashmir,Srinagar,Srinagar Wholesale,4604.0,3776.0,5163.0,2284.0,INR/Quintal
2021-11-23,Coffee,Karnataka,Hubli,Hubli Wholesale,24406.0,20015.0,27369.0,4505.0,INR/Quintal
2018-03-12,Sugarcane,Karnataka,Belgaum,Belgaum Wholesale,408.0,335.0,458.0,4364.0,INR/Quintal
2018-01-20,Coffee,Tamil Nadu,Chennai,Chennai Wholesale,17710.0,14524.0,19860.0,4516.0,INR/Quintal
2024-05-18,Oilseeds,Madhya Pradesh,Bhopal,Bhopal Wholesale,2785.0,2284.0,3123.0,4020.0,INR/Quintal
2017-04-13,Apple,Jammu and Kashmir,Srinagar,Srinagar Wholesale,5389.0,4419.0,6043.0,1102.0,INR/Quintal
2019-12-29,Cotton,Telangana,Hyderabad,Hyderabad Wholesale,6745.0,5531.0,7564.0,4471.0,INR/Quintal
2022-08-06,Oilseeds,Maharashtra,Nagpur,Nagpur Wholesale,2904.0,2382.0,3257.0,3428.0,INR/Quintal
2020-06-05,Sugarcane,Karnataka,Belgaum,Belgaum Wholesale,401.0,329.0,450.0,2649.0,INR/Quintal
2017-05-03,Coconut,Karnataka,Belgaum,Belgaum Wholesale,1197.0,982.0,1342.0,4488.0,INR/Quintal
2015-02-20,Wheat,Bihar,Patna,Patna Wholesale,2151.0,1764.0,2412.0,3587.0,INR/Quintal
2025-03-25,Oilseeds,Madhya Pradesh,Bhopal,Bhopal Wholesale,6386.0,5237.0,7161.0,1042.0,INR/Quintal
2025-04-27,Coffee,Karnataka,Hubli,Hubli Wholesale,25632.0,21020.0,28744.0,5656.0,INR/Quintal
2016-07-28,Maize,Telangana,Nizamabad,Nizamabad Wholesale,2240.0,1837.0,2512.0,2325.0,INR/Quintal
2023-12-06,Tea,West Bengal,Howrah,Howrah Wholesale,20023.0,16420.0,22454.0,4489.0,INR/Quintal
2018-02-22,Cotton,Maharashtra,Nagpur,Nagpur Wholesale,7156.0,5868.0,8025.0,1961.0,INR/Quintal
2021-01-06,Coffee,Tamil Nadu,Coimbatore,Coimbatore Wholesale,16732.0,13722.0,18763.0,3697.0,INR/Quintal
2021-06-19,Maize,Bihar,Gaya,Gaya Wholesale,2028.0,1663.0,2274.0,3950.0,INR/Quintal
2022-03-02,Sugarcane,Maharashtra,Nashik,Nashik Wholesale,437.0,358.0,490.0,8361.0,INR/Quintal
2024-05-06,Pulses,Maharashtra,Pune,Pune Wholesale,6927.0,5681.0,7768.0,6697.0,INR/Quintal
2021-06-10,Maize,Andhra Pradesh,Krishna,Krishna Wholesale,1631.0,1338.0,1829.0,5267.0,INR/Quintal
2019-09-12,Potato,West Bengal,Howrah,Howrah Wholesale,654.0,536.0,733.0,1242.0,INR/Quintal
2016-11-12,Pulses,Maharashtra,Pune,Pune Wholesale,6019.0,4936.0,6750.0,4719.0,INR/Quintal
2017-04-17,Apple,Himachal Pradesh,Shimla,Shimla Wholesale,3520.0,2887.0,3947.0,795.0,INR/Quintal
2025-07-21,Rice,Uttar Pradesh,Lucknow,Lucknow Wholesale,3840.0,3149.0,4306.0,1774.0,INR/Quintal
2017-12-13,Cotton,Maharashtra,Nagpur,Nagpur Wholesale,6558.0,5378.0,7354.0,1294.0,INR/Quintal
2023-05-09,Coffee,Kerala,Thrissur,Thrissur Wholesale,14808.0,12144.0,16606.0,4010.0,INR/Quintal
2021-10-27,Apple,Himachal Pradesh,Shimla,Shimla Wholesale,8423.0,6908.0,9446.0,365.0,INR/Quintal
2022-04-14,Apple,Jammu and Kashmir,Srinagar,Srinagar Wholesale,8578.0,7035.0,9619.0,565.0,INR/Quintal
2023-04-29,Rice,Telangana,Nizamabad,Nizamabad Wholesale,1848.0,1516.0,2072.0,1821.0,INR/Quintal
2021-04-30,Oilseeds,Maharashtra,Pune,Pune Wholesale,5089.0,4173.0,5707.0,5039.0,INR/Quintal
2023-07-22,Sugarcane,Maharashtra,Nagpur,Nagpur Wholesale,522.0,428.0,585.0,4929.0,INR/Quintal
2019-05-15,Cotton,Telangana,Hyderabad,Hyderabad Wholesale,5318.0,4361.0,5964.0,2465.0,INR/Quintal
2023-05-10,Wheat,Punjab,Patiala,Patiala Wholesale,1912.0,1568.0,2144.0,5103.0,INR/Quintal
2025-02-08,Apple,Himachal Pradesh,Shimla,Shimla Wholesale,5749.0,4715.0,6447.0,787.0,INR/Quintal
2015-01-05,Pulses,Uttar Pradesh,Kanpur,Kanpur Wholesale,3602.0,2954.0,4039.0,2927.0,INR/Quintal
2018-01-31,Apple,Himachal Pradesh,Shimla,Shimla Wholesale,3988.0,3270.0,4472.0,634.0,INR/Quintal
2018-05-04,Wheat,Bihar,Patna,Patna Wholesale,2426.0,1990.0,2721.0,2696.0,INR/Quintal
2017-02-12,Apple,Jammu and Kashmir,Srinagar,Srinagar Wholesale,5194.0,4259.0,5825.0,1591.0,INR/Quintal
2017-05-26,Rice,Uttar Pradesh,Kanpur,Kanpur Wholesale,2935.0,2407.0,3291.0,3067.0,INR/Quintal
2017-09-18,Maize,Madhya Pradesh,Bhopal,Bhopal Wholesale,1539.0,1262.0,1726.0,2412.0,INR/Quintal
2023-01-10,Maize,Maharashtra,Pune,Pune Wholesale,2050.0,1681.0,2299.0,7349.0,INR/Quintal
2024-05-14,Coconut,Kerala,Thrissur,Thrissur Wholesale,2893.0,2372.0,3244.0,957.0,INR/Quintal
2015-02-16,Sugarcane,Karnataka,Belgaum,Belgaum Wholesale,432.0,354.0,484.0,804.0,INR/Quintal
2022-12-24,Rice,Chhattisgarh,Raipur,Raipur Wholesale,2480.0,2034.0,2781.0,2838.0,INR/Quintal
2022-11-10,Tea,Assam,Dibrugarh,Dibrugarh Wholesale,10570.0,8668.0,11853.0,923.0,INR/Quintal
2023-03-03,Apple,Jammu and Kashmir,Srinagar,Srinagar Wholesale,9095.0,7459.0,10199.0,1086.0,INR/Quintal
2025-08-27,Cotton,Gujarat,Rajkot,Rajkot Wholesale,6410.0,5257.0,7188.0,2020.0,INR/Quintal
2022-05-27,Pulses,Madhya Pradesh,Bhopal,Bhopal Wholesale,3918.0,3213.0,4394.0,4255.0,INR/Quintal
2015-09-26,Maize,Karnataka,Mysore,Mysore Wholesale,1645.0,1349.0,1845.0,2668.0,INR/Quintal
2016-01-05,Maize,Madhya Pradesh,Bhopal,Bhopal Wholesale,2045.0,1677.0,2293.0,628.0,INR/Quintal
2016-09-27,Wheat,Punjab,Patiala,Patiala Wholesale,1577.0,1293.0,1768.0,595.0,INR/Quintal
2018-02-03,Wheat,Uttar Pradesh,Kanpur,Kanpur Wholesale,2274.0,1865.0,2550.0,2642.0,INR/Quintal
2019-08-21,Coconut,Tamil Nadu,Coimbatore,Coimbatore Wholesale,2452.0,2011.0,2750.0,1573.0,INR/Quintal
2019-08-10,Coffee,Kerala,Kozhikode,Kozhikode Wholesale,21440.0,17582.0,24043.0,1587.0,INR/Quintal
2016-10-18,Oilseeds,Gujarat,Ahmedabad,Ahmedabad Wholesale,2945.0,2415.0,3303.0,3793.0,INR/Quintal
2015-04-30,Tea,Assam,Cachar,Cachar Wholesale,7788.0,6387.0,8733.0,1932.0,INR/Quintal
2017-04-10,Wheat,Haryana,Faridabad,Faridabad Wholesale,2057.0,1687.0,2307.0,3870.0,INR/Quintal
2019-12-16,Wheat,Punjab,Amritsar,Amritsar Wholesale,2080.0,1706.0,2333.0,2973.0,INR/Quintal
2025-01-23,Coconut,Tamil Nadu,Chennai,Chennai Wholesale,3214.0,2636.0,3604.0,684.0,INR/Quintal
2017-12-17,Cotton,Telangana,Hyderabad,Hyderabad Wholesale,6281.0,5151.0,7044.0,4319.0,INR/Quintal
2020-05-28,Coffee,Kerala,Thrissur,Thrissur Wholesale,19673.0,16133.0,22061.0,1035.0,INR/Quintal
2018-10-01,Wheat,Bihar,Muzaffarpur,Muzaffarpur Wholesale,2529.0,2074.0,2836.0,1328.0,INR/Quintal
2017-01-10,Coconut,Kerala,Ernakulam,Ernakulam Wholesale,3017.0,2474.0,3383.0,995.0,INR/Quintal
2024-09-15,Pulses,Uttar Pradesh,Kanpur,Kanpur Wholesale,5452.0,4471.0,6114.0,2843.0,INR/Quintal
2015-04-27,Cotton,Gujarat,Vadodara,Vadodara Wholesale,6954.0,5703.0,7798.0,7097.0,INR/Quintal
2020-01-28,Oilseeds,Maharashtra,Nashik,Nashik Wholesale,3044.0,2496.0,3414.0,1425.0,INR/Quintal
2022-10-09,Rice,Telangana,Hyderabad,Hyderabad Wholesale,2939.0,2410.0,3296.0,1655.0,INR/Quintal
2018-02-24,Cotton,Maharashtra,Nagpur,Nagpur Wholesale,6106.0,5007.0,6847.0,984.0,INR/Quintal
2024-06-26,Rice,Andhra Pradesh,Visakhapatnam,Visakhapatnam Wholesale,3345.0,2743.0,3751.0,4763.0,INR/Quintal
2020-04-15,Maize,Andhra Pradesh,Guntur,Guntur Wholesale,1928.0,1581.0,2162.0,5118.0,INR/Quintal
2017-10-09,Coffee,Tamil Nadu,Madurai,Madurai Wholesale,17529.0,14375.0,19657.0,2971.0,INR/Quintal
2019-07-23,Oilseeds,Rajasthan,Udaipur,Udaipur Wholesale,5365.0,4400.0,6016.0,1562.0,INR/Quintal
2017-12-17,Coffee,Tamil Nadu,Coimbatore,Coimbatore Wholesale,16905.0,13863.0,18957.0,5043.0,INR/Quintal
2016-09-25,Oilseeds,Gujarat,Ahmedabad,Ahmedabad Wholesale,4458.0,3656.0,4999.0,1968.0,INR/Quintal
2016-05-27,Coffee,Tamil Nadu,Chennai,Chennai Wholesale,8617.0,7067.0,9663.0,3559.0,INR/Quintal
2025-06-19,Cotton,Gujarat,Vadodara,Vadodara Wholesale,5999.0,4920.0,6727.0,4355.0,INR/Quintal
2022-10-20,Coconut,Kerala,Kozhikode,Kozhikode Wholesale,3568.0,2926.0,4001.0,1683.0,INR/Quintal
2018-01-24,Coffee,Tamil Nadu,Madurai,Madurai Wholesale,16898.0,13858.0,18949.0,1710.0,INR/Quintal
2025-02-26,Potato,Uttar Pradesh,Varanasi,Varanasi Wholesale,1745.0,1431.0,1957.0,3641.0,INR/Quintal
2018-02-15,Oilseeds,Gujarat,Ahmedabad,Ahmedabad Wholesale,3380.0,2772.0,3790.0,1384.0,INR/Quintal
2016-07-13,Apple,Jammu and Kashmir,Srinagar,Srinagar Wholesale,3319.0,2722.0,3722.0,832.0,INR/Quintal
2025-01-20,Rice,Andhra Pradesh,Guntur,Guntur Wholesale,2260.0,1853.0,2534.0,4474.0,INR/Quintal
2016-05-02,Oilseeds,Rajasthan,Jodhpur,Jodhpur Wholesale,3602.0,2954.0,4039.0,832.0,INR/Quintal
2024-01-22,Maize,Telangana,Warangal,Warangal Wholesale,1793.0,1470.0,2011.0,3454.0,INR/Quintal
2017-06-15,Pulses,Maharashtra,Nagpur,Nagpur Wholesale,3731.0,3060.0,4184.0,5873.0,INR/Quintal
2024-02-26,Potato,West Bengal,Howrah,Howrah Wholesale,1604.0,1315.0,1799.0,2799.0,INR/Quintal
2018-04-27,Sugarcane,Uttar Pradesh,Kanpur,Kanpur Wholesale,423.0,347.0,474.0,2833.0,INR/Quintal
2016-12-04,Apple,Jammu and Kashmir,Srinagar,Srinagar Wholesale,4326.0,3548.0,4851.0,1807.0,INR/Quintal
2019-01-10,Oilseeds,Maharashtra,Nashik,Nashik Wholesale,4214.0,3456.0,4726.0,5403.0,INR/Quintal
2016-08-03,Wheat,Punjab,Ludhiana,Ludhiana Wholesale,2472.0,2027.0,2772.0,1082.0,INR/Quintal
2022-10-08,Cotton,Gujarat,Surat,Surat Wholesale,6558.0,5378.0,7354.0,2075.0,INR/Quintal
2022-12-18,Apple,Jammu and Kashmir,Srinagar,Srinagar Wholesale,8817.0,7231.0,9887.0,1413.0,INR/Quintal
2021-04-13,Cotton,Gujarat,Ahmedabad,Ahmedabad Wholesale,8003.0,6563.0,8975.0,4663.0,INR/Quintal
2023-08-14,Coffee,Karnataka,Belgaum,Belgaum Wholesale,12424.0,10189.0,13932.0,2673.0,INR/Quintal
2015-06-03,Coffee,Tamil Nadu,Coimbatore,Coimbatore Wholesale,8692.0,7128.0,9747.0,3357.0,INR/Quintal
2019-08-07,Apple,Jammu and Kashmir,Srinagar,Srinagar Wholesale,6026.0,4942.0,6758.0,1211.0,INR/Quintal
2024-08-07,Cotton,Telangana,Warangal,Warangal Wholesale,7321.0,6004.0,8210.0,1294.0,INR/Quintal
2017-09-23,Tea,Kerala,Kozhikode,Kozhikode Wholesale,8833.0,7244.0,9905.0,2065.0,INR/Quintal
2023-08-24,Apple,Jammu and Kashmir,Srinagar,Srinagar Wholesale,5744.0,4711.0,6441.0,1468.0,INR/Quintal
2022-07-07,Potato,Punjab,Ludhiana,Ludhiana Wholesale,1768.0,1450.0,1983.0,2875.0,INR/Quintal
2024-03-10,Potato,Uttar Pradesh,Kanpur,Kanpur Wholesale,639.0,524.0,717.0,7916.0,INR/Quintal
2018-05-28,Rice,Andhra Pradesh,Guntur,Guntur Wholesale,3200.0,2624.0,3588.0,2218.0,INR/Quintal
2017-12-28,Oilseeds,Gujarat,Rajkot,Rajkot Wholesale,2858.0,2344.0,3205.0,2122.0,INR/Quintal
2023-07-16,Sugarcane,Uttar Pradesh,Lucknow,Lucknow Wholesale,543.0,445.0,609.0,6001.0,INR/Quintal
2017-10-05,Cotton,Maharashtra,Nashik,Nashik Wholesale,4587.0,3762.0,5144.0,593.0,INR/Quintal
2020-11-11,Oilseeds,Maharashtra,Mumbai,Mumbai Wholesale,3121.0,2559.0,3500.0,1634.0,INR/Quintal
2019-11-09,Potato,West Bengal,Darjeeling,Darjeeling Wholesale,955.0,783.0,1071.0,2499.0,INR/Quintal
2017-08-15,Maize,Andhra Pradesh,Visakhapatnam,Visakhapatnam Wholesale,2328.0,1909.0,2611.0,2050.0,INR/Quintal
2023-05-18,Cotton,Andhra Pradesh,Krishna,Krishna Wholesale,4977.0,4082.0,5581.0,4597.0,INR/Quintal
2016-03-28,Oilseeds,Madhya Pradesh,Bhopal,Bhopal Wholesale,4036.0,3310.0,4526.0,1422.0,INR/Quintal
2018-05-12,Potato,West Bengal,Kolkata,Kolkata Wholesale,1967.0,1613.0,2206.0,1034.0,INR/Quintal
2023-02-07,Pulses,Maharashtra,Mumbai,Mumbai Wholesale,6221.0,5102.0,6976.0,3541.0,INR/Quintal
2021-03-15,Potato,West Bengal,Darjeeling,Darjeeling Wholesale,1232.0,1010.0,1382.0,4089.0,INR/Quintal
2021-11-26,Coffee,Karnataka,Hubli,Hubli Wholesale,25311.0,20757.0,28384.0,2832.0,INR/Quintal
2021-10-15,Wheat,Rajasthan,Udaipur,Udaipur Wholesale,2824.0,2316.0,3167.0,1662.0,INR/Quintal
2021-07-16,Tea,Kerala,Thrissur,Thrissur Wholesale,9919.0,8134.0,11123.0,2019.0,INR/Quintal
2016-07-04,Tea,Kerala,Kozhikode,Kozhikode Wholesale,9950.0,8160.0,11158.0,1092.0,INR/Quintal
2019-06-24,Coffee,Tamil Nadu,Coimbatore,Coimbatore Wholesale,20865.0,17111.0,23398.0,4335.0,INR/Quintal
2018-08-05,Coffee,Kerala,Kozhikode,Kozhikode Wholesale,21572.0,17691.0,24191.0,530.0,INR/Quintal
2024-02-08,Cotton,Andhra Pradesh,Chittoor,Chittoor Wholesale,6794.0,5572.0,7619.0,2105.0,INR/Quintal
2019-10-24,Pulses,Maharashtra,Pune,Pune Wholesale,6207.0,5090.0,6961.0,3683.0,INR/Quintal
2015-12-23,Pulses,Madhya Pradesh,Bhopal,Bhopal Wholesale,3906.0,3203.0,4380.0,1407.0,INR/Quintal
2020-09-01,Cotton,Telangana,Warangal,Warangal Wholesale,5883.0,4825.0,6597.0,1714.0,INR/Quintal
2019-11-21,Oilseeds,Rajasthan,Jodhpur,Jodhpur Wholesale,2794.0,2291.0,3133.0,1174.0,INR/Quintal
2022-01-13,Cotton,Gujarat,Rajkot,Rajkot Wholesale,5599.0,4592.0,6279.0,3838.0,INR/Quintal
2019-11-17,Sugarcane,Karnataka,Hubli,Hubli Wholesale,446.0,366.0,500.0,1926.0,INR/Quintal
2025-09-13,Sugarcane,Tamil Nadu,Madurai,Madurai Wholesale,490.0,402.0,549.0,3830.0,INR/Quintal
2023-09-07,Tea,Kerala,Kozhikode,Kozhikode Wholesale,8159.0,6691.0,9150.0,1181.0,INR/Quintal
2022-10-20,Potato,Punjab,Ludhiana,Ludhiana Wholesale,1336.0,1096.0,1498.0,3688.0,INR/Quintal
2023-11-26,Cotton,Telangana,Warangal,Warangal Wholesale,6348.0,5206.0,7119.0,3441.0,INR/Quintal
2024-01-08,Coconut,Tamil Nadu,Madurai,Madurai Wholesale,3778.0,3098.0,4237.0,4264.0,INR/Quintal
2022-09-10,Cotton,Telangana,Hyderabad,Hyderabad Wholesale,7938.0,6510.0,8902.0,1919.0,INR/Quintal
2025-03-19,Oilseeds,Maharashtra,Nashik,Nashik Wholesale,4113.0,3373.0,4612.0,5174.0,INR/Quintal
2021-10-25,Rice,Chhattisgarh,Raipur,Raipur Wholesale,3337.0,2737.0,3742.0,1417.0,INR/Quintal
2019-06-20,Tea,West Bengal,Kolkata,Kolkata Wholesale,11325.0,9287.0,12700.0,4548.0,INR/Quintal
2022-09-17,Tea,Kerala,Kozhikode,Kozhikode Wholesale,12718.0,10430.0,14262.0,407.0,INR/Quintal
2017-10-12,Tea,West Bengal,Darjeeling,Darjeeling Wholesale,18656.0,15299.0,20921.0,3650.0,INR/Quintal
2018-09-10,Apple,Jammu and Kashmir,Srinagar,Srinagar Wholesale,5397.0,4426.0,6052.0,879.0,INR/Quintal
2016-05-30,Potato,Uttar Pradesh,Lucknow,Lucknow Wholesale,1565.0,1283.0,1755.0,7452.0,INR/Quintal
2023-06-15,Coffee,Kerala,Kozhikode,Kozhikode Wholesale,14323.0,11746.0,16062.0,437.0,INR/Quintal
2022-10-10,Maize,Telangana,Hyderabad,Hyderabad Wholesale,1774.0,1455.0,1989.0,2939.0,INR/Quintal
2015-12-02,Rice,Bihar,Gaya,Gaya Wholesale,2148.0,1762.0,2409.0,1041.0,INR/Quintal
2019-11-18,Apple,Himachal Pradesh,Mandi,Mandi Wholesale,9728.0,7978.0,10909.0,1592.0,INR/Quintal
2021-04-24,Coconut,Andhra Pradesh,Guntur,Guntur Wholesale,2249.0,1844.0,2522.0,3589.0,INR/Quintal
2016-05-11,Coconut,Tamil Nadu,Coimbatore,Coimbatore Wholesale,2962.0,2429.0,3322.0,4510.0,INR/Quintal
2017-06-14,Potato,West Bengal,Kolkata,Kolkata Wholesale,1984.0,1627.0,2225.0,3660.0,INR/Quintal
2021-01-16,Sugarcane,Maharashtra,Nashik,Nashik Wholesale,399.0,327.0,447.0,1847.0,INR/Quintal
2024-09-16,Oilseeds,Gujarat,Surat,Surat Wholesale,4071.0,3339.0,4565.0,2365.0,INR/Quintal
2017-05-01,Coffee,Kerala,Ernakulam,Ernakulam Wholesale,16663.0,13665.0,18686.0,1608.0,INR/Quintal
2019-08-15,Sugarcane,Uttar Pradesh,Varanasi,Varanasi Wholesale,423.0,347.0,474.0,3355.0,INR/Quintal
2020-04-15,Coffee,Tamil Nadu,Madurai,Madurai Wholesale,9998.0,8199.0,11212.0,5295.0,INR/Quintal
2022-06-30,Pulses,Uttar Pradesh,Lucknow,Lucknow Wholesale,7237.0,5935.0,8116.0,1298.0,INR/Quintal
2025-04-04,Tea,West Bengal,Kolkata,Kolkata Wholesale,19541.0,16025.0,21913.0,3909.0,INR/Quintal
2021-08-24,Apple,Himachal Pradesh,Shimla,Shimla Wholesale,6735.0,5523.0,7553.0,1214.0,INR/Quintal
2019-04-18,Coffee,Karnataka,Mysore,Mysore Wholesale,18995.0,15577.0,21301.0,2535.0,INR/Quintal
2017-08-14,Wheat,Madhya Pradesh,Bhopal,Bhopal Wholesale,1683.0,1380.0,1887.0,2836.0,INR/Quintal
2022-07-01,Tea,West Bengal,Howrah,Howrah Wholesale,14452.0,11852.0,16206.0,2657.0,INR/Quintal
2024-07-30,Tea,Kerala,Kozhikode,Kozhikode Wholesale,16354.0,13412.0,18339.0,899.0,INR/Quintal
2019-06-25,Oilseeds,Maharashtra,Mumbai,Mumbai Wholesale,5253.0,4308.0,5891.0,1281.0,INR/Quintal
2018-07-15,Apple,Jammu and Kashmir,Srinagar,Srinagar Wholesale,5109.0,4190.0,5729.0,999.0,INR/Quintal
2025-09-11,Rice,Telangana,Hyderabad,Hyderabad Wholesale,2682.0,2199.0,3008.0,1379.0,INR/Quintal
2024-12-27,Sugarcane,Maharashtra,Nagpur,Nagpur Wholesale,514.0,422.0,576.0,1776.0,INR/Quintal
2018-12-11,Coffee,Tamil Nadu,Coimbatore,Coimbatore Wholesale,12509.0,10258.0,14028.0,702.0,INR/Quintal
2018-04-06,Coffee,Kerala,Ernakulam,Ernakulam Wholesale,9569.0,7847.0,10731.0,3074.0,INR/Quintal
2025-09-18,Pulses,Rajasthan,Udaipur,Udaipur Wholesale,5871.0,4815.0,6584.0,1565.0,INR/Quintal
2017-12-02,Tea,Kerala,Ernakulam,Ernakulam Wholesale,10510.0,8619.0,11786.0,910.0,INR/Quintal
2024-12-06,Cotton,Telangana,Warangal,Warangal Wholesale,5102.0,4184.0,5721.0,2887.0,INR/Quintal
2015-10-12,Maize,Telangana,Nizamabad,Nizamabad Wholesale,1296.0,1063.0,1453.0,3187.0,INR/Quintal
2021-09-10,Cotton,Telangana,Hyderabad,Hyderabad Wholesale,5454.0,4473.0,6116.0,3088.0,INR/Quintal
2015-01-12,Coffee,Kerala,Ernakulam,Ernakulam Wholesale,12177.0,9986.0,13655.0,4138.0,INR/Quintal
2019-06-19,Cotton,Telangana,Hyderabad,Hyderabad Wholesale,6298.0,5165.0,7063.0,3719.0,INR/Quintal
2024-03-27,Oilseeds,Rajasthan,Jodhpur,Jodhpur Wholesale,3660.0,3001.0,4104.0,1312.0,INR/Quintal
2024-02-07,Wheat,Bihar,Patna,Patna Wholesale,2256.0,1850.0,2530.0,1517.0,INR/Quintal
2021-12-21,Coffee,Karnataka,Hubli,Hubli Wholesale,23925.0,19620.0,26830.0,2752.0,INR/Quintal
2017-01-23,Coffee,Karnataka,Belgaum,Belgaum Wholesale,11358.0,9314.0,12737.0,4160.0,INR/Quintal
2020-09-13,Wheat,Haryana,Gurgaon,Gurgaon Wholesale,2295.0,1882.0,2574.0,4241.0,INR/Quintal
2022-08-06,Sugarcane,Tamil Nadu,Chennai,Chennai Wholesale,536.0,440.0,601.0,1257.0,INR/Quintal
2022-12-06,Wheat,Uttar Pradesh,Kanpur,Kanpur Wholesale,2571.0,2108.0,2883.0,3988.0,INR/Quintal
2015-03-31,Coconut,Tamil Nadu,Madurai,Madurai Wholesale,2434.0,1996.0,2729.0,4881.0,INR/Quintal
2017-02-14,Cotton,Telangana,Nizamabad,Nizamabad Wholesale,5611.0,4601.0,6292.0,2840.0,INR/Quintal
2022-04-06,Oilseeds,Madhya Pradesh,Bhopal,Bhopal Wholesale,2492.0,2044.0,2795.0,2564.0,INR/Quintal
2023-04-06,Pulses,Maharashtra,Nashik,Nashik Wholesale,6124.0,5022.0,6867.0,2478.0,INR/Quintal
2019-06-14,Sugarcane,Uttar Pradesh,Varanasi,Varanasi Wholesale,442.0,362.0,496.0,7410.0,INR/Quintal
2023-05-28,Potato,West Bengal,Kolkata,Kolkata Wholesale,825.0,677.0,925.0,3338.0,INR/Quintal
2016-02-22,Pulses,Madhya Pradesh,Bhopal,Bhopal Wholesale,4518.0,3705.0,5066.0,2920.0,INR/Quintal
2015-04-25,Rice,Odisha,Bhubaneswar,Bhubaneswar Wholesale,2831.0,2322.0,3175.0,1682.0,INR/Quintal
2016-09-08,Rice,Bihar,Purnia,Purnia Wholesale,1452.0,1191.0,1628.0,1970.0,INR/Quintal
2023-12-12,Rice,Tamil Nadu,Madurai,Madurai Wholesale,2384.0,1955.0,2673.0,1814.0,INR/Quintal
2017-04-05,Apple,Himachal Pradesh,Shimla,Shimla Wholesale,6186.0,5073.0,6937.0,888.0,INR/Quintal
2024-10-12,Rice,West Bengal,Kolkata,Kolkata Wholesale,3329.0,2730.0,3733.0,1417.0,INR/Quintal
2019-07-08,Oilseeds,Gujarat,Rajkot,Rajkot Wholesale,5011.0,4109.0,5619.0,523.0,INR/Quintal
2019-02-25,Pulses,Rajasthan,Jaipur,Jaipur Wholesale,5911.0,4847.0,6629.0,2704.0,INR/Quintal
2023-08-13,Tea,Kerala,Ernakulam,Ernakulam Wholesale,9658.0,7920.0,10830.0,1329.0,INR/Quintal
2016-02-17,Maize,Bihar,Purnia,Purnia Wholesale,1310.0,1074.0,1469.0,5725.0,INR/Quintal
2024-06-09,Sugarcane,Maharashtra,Nashik,Nashik Wholesale,448.0,367.0,502.0,888.0,INR/Quintal
2024-07-23,Apple,Jammu and Kashmir,Srinagar,Srinagar Wholesale,8127.0,6665.0,9114.0,236.0,INR/Quintal
2016-12-29,Potato,Bihar,Purnia,Purnia Wholesale,1601.0,1313.0,1795.0,4486.0,INR/Quintal
2024-03-02,Cotton,Gujarat,Rajkot,Rajkot Wholesale,8757.0,7181.0,9820.0,1669.0,INR/Quintal
2023-05-27,Coconut,Tamil Nadu,Chennai,Chennai Wholesale,2365.0,1939.0,2652.0,645.0,INR/Quintal
2022-09-09,Coffee,Kerala,Kozhikode,Kozhikode Wholesale,18863.0,15469.0,21153.0,731.0,INR/Quintal
2016-11-06,Rice,Telangana,Hyderabad,Hyderabad Wholesale,2141.0,1756.0,2401.0,3219.0,INR/Quintal
2024-06-27,Potato,Bihar,Purnia,Purnia Wholesale,922.0,756.0,1034.0,4112.0,INR/Quintal
2020-03-07,Coffee,Kerala,Ernakulam,Ernakulam Wholesale,15565.0,12765.0,17455.0,2112.0,INR/Quintal
2021-11-09,Maize,Karnataka,Bangalore,Bangalore Wholesale,2059.0,1689.0,2309.0,3278.0,INR/Quintal
2023-02-15,Potato,Punjab,Ludhiana,Ludhiana Wholesale,2388.0,1958.0,2678.0,5258.0,INR/Quintal
2021-02-17,Coconut,Andhra Pradesh,Chittoor,Chittoor Wholesale,2045.0,1677.0,2293.0,6911.0,INR/Quintal
2022-08-18,Pulses,Maharashtra,Nashik,Nashik Wholesale,7188.0,5895.0,8061.0,725.0,INR/Quintal
2025-04-18,Potato,West Bengal,Kolkata,Kolkata Wholesale,1707.0,1400.0,1914.0,5764.0,INR/Quintal
2018-01-27,Apple,Himachal Pradesh,Mandi,Mandi Wholesale,5051.0,4142.0,5664.0,729.0,INR/Quintal
2019-04-21,Rice,Tamil Nadu,Chennai,Chennai Wholesale,1549.0,1270.0,1737.0,3135.0,INR/Quintal
2017-09-04,Maize,Andhra Pradesh,Chittoor,Chittoor Wholesale,1422.0,1166.0,1595.0,1146.0,INR/Quintal
2017-10-05,Cotton,Andhra Pradesh,Krishna,Krishna Wholesale,5680.0,4658.0,6370.0,3252.0,INR/Quintal
2020-11-13,Tea,Kerala,Kozhikode,Kozhikode Wholesale,5402.0,4430.0,6058.0,2416.0,INR/Quintal
2019-08-15,Wheat,Haryana,Hisar,Hisar Wholesale,2178.0,1786.0,2442.0,3073.0,INR/Quintal
2022-06-03,Apple,Jammu and Kashmir,Srinagar,Srinagar Wholesale,9610.0,7881.0,10777.0,1457.0,INR/Quintal
2023-12-06,Rice,Andhra Pradesh,Krishna,Krishna Wholesale,2902.0,2380.0,3254.0,4054.0,INR/Quintal
2025-06-04,Coffee,Tamil Nadu,Madurai,Madurai Wholesale,21140.0,17336.0,23706.0,4393.0,INR/Quintal
2015-02-06,Maize,Karnataka,Bangalore,Bangalore Wholesale,1319.0,1082.0,1479.0,2186.0,INR/Quintal
2025-07-18,Pulses,Uttar Pradesh,Kanpur,Kanpur Wholesale,5745.0,4711.0,6442.0,3098.0,INR/Quintal
2024-06-02,Apple,Himachal Pradesh,Shimla,Shimla Wholesale,6190.0,5076.0,6941.0,591.0,INR/Quintal
2025-04-24,Oilseeds,Maharashtra,Mumbai,Mumbai Wholesale,6087.0,4992.0,6826.0,3985.0,INR/Quintal
2019-03-29,Maize,Bihar,Purnia,Purnia Wholesale,1547.0,1269.0,1735.0,4755.0,INR/Quintal
2021-05-15,Coffee,Tamil Nadu,Chennai,Chennai Wholesale,15139.0,12415.0,16977.0,4568.0,INR/Quintal
2021-03-14,Apple,Himachal Pradesh,Mandi,Mandi Wholesale,7710.0,6323.0,8646.0,2400.0,INR/Quintal
2022-12-24,Wheat,Rajasthan,Udaipur,Udaipur Wholesale,2437.0,1999.0,2733.0,1323.0,INR/Quintal
2017-05-22,Wheat,Bihar,Gaya,Gaya Wholesale,2470.0,2026.0,2770.0,4002.0,INR/Quintal
2019-12-27,Sugarcane,Tamil Nadu,Chennai,Chennai Wholesale,375.0,308.0,421.0,2369.0,INR/Quintal
2018-07-20,Tea,Assam,Cachar,Cachar Wholesale,9564.0,7843.0,10725.0,3230.0,INR/Quintal
2020-10-10,Coffee,Tamil Nadu,Madurai,Madurai Wholesale,19124.0,15683.0,21446.0,1665.0,INR/Quintal
2016-08-18,Wheat,Madhya Pradesh,Bhopal,Bhopal Wholesale,2089.0,1713.0,2343.0,1903.0,INR/Quintal
2020-03-18,Sugarcane,Maharashtra,Nagpur,Nagpur Wholesale,414.0,340.0,464.0,6550.0,INR/Quintal
2016-12-29,Sugarcane,Maharashtra,Mumbai,Mumbai Wholesale,314.0,258.0,352.0,5952.0,INR/Quintal
2018-09-27,Apple,Himachal Pradesh,Mandi,Mandi Wholesale,8114.0,6654.0,9099.0,865.0,INR/Quintal
2016-02-01,Sugarcane,Karnataka,Mysore,Mysore Wholesale,459.0,376.0,515.0,2941.0,INR/Quintal
2016-11-29,Maize,Bihar,Purnia,Purnia Wholesale,1875.0,1538.0,2103.0,2070.0,INR/Quintal
2023-06-18,Coconut,Karnataka,Mysore,Mysore Wholesale,3364.0,2759.0,3772.0,2152.0,INR/Quintal
2021-02-02,Sugarcane,Maharashtra,Mumbai,Mumbai Wholesale,445.0,365.0,499.0,5638.0,INR/Quintal
2019-06-24,Rice,Odisha,Bhubaneswar,Bhubaneswar Wholesale,1639.0,1344.0,1838.0,4228.0,INR/Quintal
2016-01-31,Coffee,Karnataka,Mysore,Mysore Wholesale,9260.0,7594.0,10384.0,1350.0,INR/Quintal
2021-10-28,Rice,Uttar Pradesh,Varanasi,Varanasi Wholesale,2722.0,2232.0,3052.0,3358.0,INR/Quintal
2024-01-18,Oilseeds,Madhya Pradesh,Bhopal,Bhopal Wholesale,4419.0,3624.0,4955.0,4176.0,INR/Quintal
2015-03-17,Wheat,Madhya Pradesh,Bhopal,Bhopal Wholesale,2282.0,1871.0,2559.0,989.0,INR/Quintal
2015-09-22,Tea,Assam,Dibrugarh,Dibrugarh Wholesale,11947.0,9797.0,13397.0,1525.0,INR/Quintal
2021-11-07,Sugarcane,Karnataka,Belgaum,Belgaum Wholesale,529.0,434.0,593.0,4108.0,INR/Quintal
2019-12-25,Pulses,Maharashtra,Mumbai,Mumbai Wholesale,5075.0,4162.0,5691.0,5918.0,INR/Quintal
2016-12-18,Pulses,Madhya Pradesh,Bhopal,Bhopal Wholesale,4410.0,3617.0,4945.0,2252.0,INR/Quintal
2022-08-14,Wheat,Haryana,Gurgaon,Gurgaon Wholesale,2162.0,1773.0,2424.0,634.0,INR/Quintal
2024-06-17,Oilseeds,Madhya Pradesh,Bhopal,Bhopal Wholesale,4357.0,3573.0,4886.0,780.0,INR/Quintal
2024-12-14,Pulses,Rajasthan,Jodhpur,Jodhpur Wholesale,7136.0,5852.0,8002.0,2198.0,INR/Quintal
2017-04-30,Coconut,Andhra Pradesh,Krishna,Krishna Wholesale,1150.0,943.0,1290.0,1598.0,INR/Quintal
2024-10-17,Rice,Chhattisgarh,Raipur,Raipur Wholesale,3754.0,3079.0,4210.0,607.0,INR/Quintal
2018-10-22,Coconut,Tamil Nadu,Chennai,Chennai Wholesale,3255.0,2669.0,3650.0,3236.0,INR/Quintal
2015-05-24,Potato,Bihar,Purnia,Purnia Wholesale,1397.0,1146.0,1567.0,4460.0,INR/Quintal
2017-06-03,Maize,Telangana,Warangal,Warangal Wholesale,1623.0,1331.0,1820.0,3863.0,INR/Quintal
2023-08-07,Cotton,Andhra Pradesh,Visakhapatnam,Visakhapatnam Wholesale,5790.0,4748.0,6493.0,867.0,INR/Quintal
2023-09-06,Pulses,Maharashtra,Mumbai,Mumbai Wholesale,4749.0,3895.0,5326.0,1266.0,INR/Quintal
2016-01-31,Tea,Assam,Cachar,Cachar Wholesale,5666.0,4647.0,6354.0,3908.0,INR/Quintal
2023-06-24,Sugarcane,Tamil Nadu,Chennai,Chennai Wholesale,460.0,377.0,516.0,4119.0,INR/Quintal
2023-03-15,Tea,West Bengal,Darjeeling,Darjeeling Wholesale,8293.0,6801.0,9300.0,5901.0,INR/Quintal
2023-01-17,Coffee,Kerala,Kozhikode,Kozhikode Wholesale,20611.0,16903.0,23113.0,4558.0,INR/Quintal
2019-02-01,Maize,Karnataka,Mysore,Mysore Wholesale,1761.0,1444.0,1975.0,6084.0,INR/Quintal
2024-09-25,Rice,Uttar Pradesh,Varanasi,Varanasi Wholesale,1776.0,1456.0,1992.0,2984.0,INR/Quintal
2024-12-15,Oilseeds,Rajasthan,Jaipur,Jaipur Wholesale,4616.0,3785.0,5176.0,1329.0,INR/Quintal
2023-10-28,Maize,Madhya Pradesh,Bhopal,Bhopal Wholesale,2695.0,2210.0,3022.0,1814.0,INR/Quintal
2018-03-13,Cotton,Andhra Pradesh,Krishna,Krishna Wholesale,6633.0,5440.0,7438.0,5263.0,INR/Quintal
2022-03-01,Potato,Bihar,Gaya,Gaya Wholesale,1498.0,1228.0,1680.0,2612.0,INR/Quintal
2017-11-28,Apple,Himachal Pradesh,Shimla,Shimla Wholesale,8027.0,6583.0,9001.0,1687.0,INR/Quintal
2020-11-26,Pulses,Uttar Pradesh,Lucknow,Lucknow Wholesale,5994.0,4916.0,6722.0,1170.0,INR/Quintal
2025-04-22,Oilseeds,Rajasthan,Jodhpur,Jodhpur Wholesale,6078.0,4984.0,6816.0,3534.0,INR/Quintal
2017-12-01,Oilseeds,Maharashtra,Mumbai,Mumbai Wholesale,2771.0,2272.0,3107.0,837.0,INR/Quintal
2018-04-24,Pulses,Maharashtra,Nashik,Nashik Wholesale,6079.0,4985.0,6817.0,4489.0,INR/Quintal
2023-03-02,Pulses,Uttar Pradesh,Lucknow,Lucknow Wholesale,4840.0,3969.0,5428.0,8534.0,INR/Quintal
2021-09-11,Pulses,Madhya Pradesh,Bhopal,Bhopal Wholesale,6871.0,5635.0,7705.0,498.0,INR/Quintal
2024-01-08,Pulses,Madhya Pradesh,Bhopal,Bhopal Wholesale,4881.0,4003.0,5474.0,2603.0,INR/Quintal
2016-09-25,Pulses,Madhya Pradesh,Bhopal,Bhopal Wholesale,5954.0,4883.0,6677.0,682.0,INR/Quintal
2018-03-02,Oilseeds,Gujarat,Vadodara,Vadodara Wholesale,5332.0,4373.0,5979.0,7062.0,INR/Quintal
2023-11-09,Wheat,Madhya Pradesh,Bhopal,Bhopal Wholesale,2040.0,1673.0,2288.0,2887.0,INR/Quintal
2018-05-23,Wheat,Rajasthan,Udaipur,Udaipur Wholesale,2697.0,2212.0,3024.0,3786.0,INR/Quintal
2017-01-02,Tea,Assam,Kamrup,Kamrup Wholesale,6209.0,5092.0,6963.0,4082.0,INR/Quintal
2015-08-23,Wheat,Rajasthan,Jodhpur,Jodhpur Wholesale,1719.0,1410.0,1928.0,1976.0,INR/Quintal
2025-09-19,Cotton,Telangana,Hyderabad,Hyderabad Wholesale,6932.0,5685.0,7774.0,839.0,INR/Quintal
2022-05-29,Wheat,Rajasthan,Udaipur,Udaipur Wholesale,3017.0,2474.0,3383.0,1498.0,INR/Quintal
2017-01-20,Oilseeds,Rajasthan,Jaipur,Jaipur Wholesale,3674.0,3013.0,4120.0,2202.0,INR/Quintal
2022-03-20,Pulses,Madhya Pradesh,Bhopal,Bhopal Wholesale,5628.0,4615.0,6311.0,3276.0,INR/Quintal
2023-06-08,Coconut,Karnataka,Hubli,Hubli Wholesale,2962.0,2429.0,3322.0,4422.0,INR/Quintal
2023-08-12,Sugarcane,Tamil Nadu,Madurai,Madurai Wholesale,552.0,453.0,619.0,1239.0,INR/Quintal
2017-08-11,Sugarcane,Maharashtra,Pune,Pune Wholesale,443.0,363.0,497.0,1037.0,INR/Quintal
2021-12-14,Cotton,Telangana,Warangal,Warangal Wholesale,5514.0,4522.0,6183.0,2405.0,INR/Quintal
2023-02-08,Coffee,Kerala,Thrissur,Thrissur Wholesale,14429.0,11833.0,16181.0,1220.0,INR/Quintal
2024-02-07,Oilseeds,Madhya Pradesh,Bhopal,Bhopal Wholesale,2912.0,2388.0,3266.0,3650.0,INR/Quintal
2024-01-15,Rice,Chhattisgarh,Raipur,Raipur Wholesale,2907.0,2384.0,3260.0,2488.0,INR/Quintal
2019-03-23,Coconut,Andhra Pradesh,Guntur,Guntur Wholesale,1525.0,1251.0,1710.0,5983.0,INR/Quintal
2018-04-12,Maize,Telangana,Nizamabad,Nizamabad Wholesale,1589.0,1303.0,1782.0,891.0,INR/Quintal
2019-08-04,Tea,Assam,Dibrugarh,Dibrugarh Wholesale,15547.0,12750.0,17434.0,2867.0,INR/Quintal
2018-04-06,Rice,Odisha,Bhubaneswar,Bhubaneswar Wholesale,1802.0,1478.0,2021.0,567.0,INR/Quintal
2021-01-26,Oilseeds,Rajasthan,Jodhpur,Jodhpur Wholesale,4366.0,3580.0,4896.0,1581.0,INR/Quintal
2018-11-17,Wheat,Haryana,Faridabad,Faridabad Wholesale,2068.0,1696.0,2319.0,4234.0,INR/Quintal
2023-03-13,Pulses,Maharashtra,Mumbai,Mumbai Wholesale,3995.0,3276.0,4480.0,1188.0,INR/Quintal
2022-10-13,Apple,Himachal Pradesh,Shimla,Shimla Wholesale,6408.0,5255.0,7186.0,324.0,INR/Quintal
2022-05-05,Rice,Punjab,Ludhiana,Ludhiana Wholesale,2198.0,1803.0,2465.0,1458.0,INR/Quintal
2018-05-02,Maize,Bihar,Patna,Patna Wholesale,2284.0,1873.0,2561.0,3584.0,INR/Quintal
2019-03-21,Coffee,Karnataka,Bangalore,Bangalore Wholesale,14653.0,12017.0,16432.0,6480.0,INR/Quintal
2020-09-07,Sugarcane,Tamil Nadu,Chennai,Chennai Wholesale,410.0,336.0,460.0,2310.0,INR/Quintal
2023-11-11,Coffee,Karnataka,Bangalore,Bangalore Wholesale,23726.0,19457.0,26606.0,3007.0,INR/Quintal
2018-12-16,Maize,Andhra Pradesh,Chittoor,Chittoor Wholesale,2135.0,1751.0,2394.0,2468.0,INR/Quintal
2021-07-14,Pulses,Uttar Pradesh,Kanpur,Kanpur Wholesale,6366.0,5221.0,7139.0,745.0,INR/Quintal
2025-03-08,Wheat,Punjab,Amritsar,Amritsar Wholesale,3190.0,2616.0,3577.0,1165.0,INR/Quintal
2019-02-28,Maize,Madhya Pradesh,Bhopal,Bhopal Wholesale,2235.0,1833.0,2506.0,4533.0,INR/Quintal
2018-10-20,Tea,Assam,Kamrup,Kamrup Wholesale,9893.0,8113.0,11094.0,569.0,INR/Quintal
2020-01-31,Maize,Bihar,Gaya,Gaya Wholesale,2325.0,1907.0,2607.0,5749.0,INR/Quintal
2018-09-27,Apple,Himachal Pradesh,Shimla,Shimla Wholesale,6647.0,5451.0,7454.0,434.0,INR/Quintal
2016-05-14,Oilseeds,Maharashtra,Pune,Pune Wholesale,2918.0,2393.0,3272.0,5286.0,INR/Quintal
2019-08-08,Wheat,Bihar,Muzaffarpur,Muzaffarpur Wholesale,2019.0,1656.0,2264.0,3531.0,INR/Quintal
2016-05-25,Pulses,Madhya Pradesh,Bhopal,Bhopal Wholesale,3782.0,3102.0,4241.0,1960.0,INR/Quintal
2024-04-21,Coconut,Tamil Nadu,Coimbatore,Coimbatore Wholesale,1638.0,1343.0,1837.0,5273.0,INR/Quintal
2015-08-05,Sugarcane,Tamil Nadu,Coimbatore,Coimbatore Wholesale,328.0,269.0,368.0,1693.0,INR/Quintal
2018-08-17,Sugarcane,Maharashtra,Nagpur,Nagpur Wholesale,337.0,276.0,378.0,1802.0,INR/Quintal
2018-03-01,Coconut,Andhra Pradesh,Chittoor,Chittoor Wholesale,3027.0,2482.0,3394.0,2197.0,INR/Quintal
2020-01-02,Maize,Maharashtra,Nashik,Nashik Wholesale,2451.0,2010.0,2749.0,6270.0,INR/Quintal
2023-08-08,Oilseeds,Rajasthan,Jaipur,Jaipur Wholesale,4663.0,3824.0,5229.0,859.0,INR/Quintal
2024-02-06,Rice,Telangana,Hyderabad,Hyderabad Wholesale,3405.0,2792.0,3818.0,2012.0,INR/Quintal
2024-07-18,Coffee,Karnataka,Bangalore,Bangalore Wholesale,14253.0,11689.0,15983.0,4671.0,INR/Quintal
2019-12-16,Coffee,Karnataka,Belgaum,Belgaum Wholesale,23186.0,19014.0,26001.0,2170.0,INR/Quintal
2021-10-28,Coffee,Tamil Nadu,Coimbatore,Coimbatore Wholesale,15780.0,12941.0,17696.0,1956.0,INR/Quintal
2023-01-02,Apple,Jammu and Kashmir,Srinagar,Srinagar Wholesale,4136.0,3392.0,4638.0,2279.0,INR/Quintal
2018-04-20,Rice,Assam,Cachar,Cachar Wholesale,1398.0,1146.0,1568.0,2179.0,INR/Quintal
2021-01-23,Oilseeds,Rajasthan,Jodhpur,Jodhpur Wholesale,3454.0,2833.0,3873.0,1729.0,INR/Quintal
2015-04-01,Coffee,Karnataka,Mysore,Mysore Wholesale,9375.0,7688.0,10513.0,5855.0,INR/Quintal
2016-12-14,Tea,Assam,Cachar,Cachar Wholesale,8336.0,6836.0,9348.0,1523.0,INR/Quintal
2020-02-25,Rice,Bihar,Patna,Patna Wholesale,1288.0,1056.0,1444.0,1955.0,INR/Quintal
2024-11-11,Rice,Tamil Nadu,Chennai,Chennai Wholesale,1870.0,1534.0,2097.0,2248.0,INR/Quintal
2015-02-08,Pulses,Madhya Pradesh,Bhopal,Bhopal Wholesale,3797.0,3114.0,4258.0,3682.0,INR/Quintal
2023-10-03,Pulses,Rajasthan,Jodhpur,Jodhpur Wholesale,7419.0,6084.0,8320.0,360.0,INR/Quintal
2024-08-23,Wheat,Haryana,Gurgaon,Gurgaon Wholesale,2204.0,1807.0,2472.0,2262.0,INR/Quintal
2015-06-22,Tea,West Bengal,Kolkata,Kolkata Wholesale,8870.0,7274.0,9947.0,2264.0,INR/Quintal
2016-10-14,Tea,Kerala,Thrissur,Thrissur Wholesale,11002.0,9022.0,12338.0,948.0,INR/Quintal
2017-01-23,Wheat,Punjab,Amritsar,Amritsar Wholesale,2501.0,2051.0,2805.0,5941.0,INR/Quintal
2018-05-28,Tea,Kerala,Ernakulam,Ernakulam Wholesale,8702.0,7136.0,9758.0,1661.0,INR/Quintal
2025-02-26,Cotton,Telangana,Nizamabad,Nizamabad Wholesale,8615.0,7065.0,9661.0,3663.0,INR/Quintal
2017-12-17,Potato,West Bengal,Kolkata,Kolkata Wholesale,1071.0,878.0,1201.0,3046.0,INR/Quintal
2019-08-11,Coffee,Karnataka,Hubli,Hubli Wholesale,12769.0,10472.0,14319.0,1203.0,INR/Quintal
2021-11-28,Pulses,Rajasthan,Jaipur,Jaipur Wholesale,4707.0,3860.0,5278.0,1011.0,INR/Quintal
2016-03-31,Wheat,Madhya Pradesh,Bhopal,Bhopal Wholesale,2173.0,1782.0,2437.0,1318.0,INR/Quintal
2017-04-08,Wheat,Rajasthan,Udaipur,Udaipur Wholesale,1979.0,1623.0,2219.0,666.0,INR/Quintal
2017-06-13,Tea,Kerala,Ernakulam,Ernakulam Wholesale,11189.0,9176.0,12547.0,2629.0,INR/Quintal
2018-10-16,Rice,Chhattisgarh,Raipur,Raipur Wholesale,1607.0,1318.0,1802.0,1828.0,INR/Quintal
2020-05-12,Coconut,Tamil Nadu,Chennai,Chennai Wholesale,2762.0,2265.0,3097.0,1577.0,INR/Quintal
2023-05-31,Sugarcane,Karnataka,Belgaum,Belgaum Wholesale,437.0,358.0,490.0,4136.0,INR/Quintal
2021-08-31,Apple,Jammu and Kashmir,Srinagar,Srinagar Wholesale,6230.0,5109.0,6986.0,1457.0,INR/Quintal
2020-06-19,Maize,Bihar,Purnia,Purnia Wholesale,2021.0,1657.0,2266.0,835.0,INR/Quintal
2021-07-23,Maize,Andhra Pradesh,Guntur,Guntur Wholesale,2226.0,1825.0,2496.0,2761.0,INR/Quintal
2015-07-09,Wheat,Madhya Pradesh,Bhopal,Bhopal Wholesale,1739.0,1426.0,1950.0,2583.0,INR/Quintal
2016-05-19,Coffee,Tamil Nadu,Coimbatore,Coimbatore Wholesale,17644.0,14469.0,19786.0,894.0,INR/Quintal
2018-04-29,Cotton,Maharashtra,Mumbai,Mumbai Wholesale,6720.0,5511.0,7536.0,6555.0,INR/Quintal
2019-03-12,Coffee,Karnataka,Hubli,Hubli Wholesale,13317.0,10921.0,14934.0,7018.0,INR/Quintal
2024-06-02,Wheat,Bihar,Gaya,Gaya Wholesale,3143.0,2578.0,3525.0,898.0,INR/Quintal
2024-07-12,Coffee,Kerala,Thrissur,Thrissur Wholesale,20292.0,16641.0,22755.0,2856.0,INR/Quintal
2017-04-03,Pulses,Madhya Pradesh,Bhopal,Bhopal Wholesale,4619.0,3788.0,5180.0,2221.0,INR/Quintal
2017-07-17,Coffee,Karnataka,Hubli,Hubli Wholesale,11532.0,9457.0,12932.0,1074.0,INR/Quintal
2017-07-22,Tea,Assam,Cachar,Cachar Wholesale,10952.0,8981.0,12282.0,1849.0,INR/Quintal
2018-02-14,Tea,Assam,Tinsukia,Tinsukia Wholesale,7246.0,5942.0,8126.0,828.0,INR/Quintal
2015-05-14,Cotton,Gujarat,Vadodara,Vadodara Wholesale,5288.0,4337.0,5930.0,3932.0,INR/Quintal
2020-10-06,Pulses,Madhya Pradesh,Bhopal,Bhopal Wholesale,4860.0,3986.0,5450.0,348.0,INR/Quintal
2024-12-06,Sugarcane,Maharashtra,Mumbai,Mumbai Wholesale,518.0,425.0,581.0,4912.0,INR/Quintal
2016-11-15,Rice,Telangana,Nizamabad,Nizamabad Wholesale,1426.0,1169.0,1599.0,2062.0,INR/Quintal
2022-06-12,Coconut,Kerala,Thrissur,Thrissur Wholesale,3199.0,2623.0,3587.0,2052.0,INR/Quintal
2021-01-29,Pulses,Uttar Pradesh,Lucknow,Lucknow Wholesale,4695.0,3850.0,5265.0,2385.0,INR/Quintal
2020-01-27,Oilseeds,Maharashtra,Mumbai,Mumbai Wholesale,3832.0,3143.0,4297.0,3178.0,INR/Quintal
2017-03-25,Potato,West Bengal,Darjeeling,Darjeeling Wholesale,1758.0,1442.0,1971.0,1885.0,INR/Quintal
2018-03-18,Coconut,Kerala,Kozhikode,Kozhikode Wholesale,2453.0,2012.0,2751.0,3962.0,INR/Quintal
2015-03-21,Wheat,Haryana,Faridabad,Faridabad Wholesale,1808.0,1483.0,2027.0,2540.0,INR/Quintal
2023-01-12,Coconut,Kerala,Kozhikode,Kozhikode Wholesale,2198.0,1803.0,2465.0,3013.0,INR/Quintal
2023-12-29,Oilseeds,Rajasthan,Jaipur,Jaipur Wholesale,3618.0,2967.0,4057.0,1231.0,INR/Quintal
2015-07-22,Cotton,Gujarat,Vadodara,Vadodara Wholesale,5784.0,4743.0,6486.0,3526.0,INR/Quintal
2022-09-12,Oilseeds,Maharashtra,Nagpur,Nagpur Wholesale,3627.0,2974.0,4067.0,2668.0,INR/Quintal
2018-06-06,Tea,West Bengal,Howrah,Howrah Wholesale,16032.0,13147.0,17978.0,2646.0,INR/Quintal
2019-08-27,Coffee,Kerala,Ernakulam,Ernakulam Wholesale,16752.0,13738.0,18786.0,2089.0,INR/Quintal
2018-06-04,Rice,Telangana,Hyderabad,Hyderabad Wholesale,1408.0,1155.0,1579.0,2134.0,INR/Quintal
2019-08-10,Maize,Bihar,Patna,Patna Wholesale,1692.0,1388.0,1897.0,3106.0,INR/Quintal
2019-04-05,Wheat,Rajasthan,Udaipur,Udaipur Wholesale,1928.0,1581.0,2162.0,3336.0,INR/Quintal
2024-08-13,Coconut,Karnataka,Hubli,Hubli Wholesale,2261.0,1854.0,2535.0,2388.0,INR/Quintal
2024-07-05,Maize,Maharashtra,Nashik,Nashik Wholesale,2179.0,1787.0,2444.0,4914.0,INR/Quintal
2020-09-25,Coffee,Kerala,Kozhikode,Kozhikode Wholesale,16193.0,13280.0,18159.0,2369.0,INR/Quintal
2018-06-10,Tea,Assam,Cachar,Cachar Wholesale,13674.0,11214.0,15334.0,2315.0,INR/Quintal
2024-03-30,Tea,Kerala,Kozhikode,Kozhikode Wholesale,7877.0,6460.0,8833.0,840.0,INR/Quintal
2019-03-30,Coffee,Tamil Nadu,Madurai,Madurai Wholesale,20597.0,16891.0,23097.0,4357.0,INR/Quintal
2018-03-12,Wheat,Punjab,Amritsar,Amritsar Wholesale,2009.0,1648.0,2253.0,4092.0,INR/Quintal
2024-07-18,Maize,Bihar,Patna,Patna Wholesale,1905.0,1562.0,2136.0,2491.0,INR/Quintal
2024-10-24,Pulses,Maharashtra,Pune,Pune Wholesale,6421.0,5266.0,7201.0,3283.0,INR/Quintal
2018-10-28,Tea,West Bengal,Howrah,Howrah Wholesale,17076.0,14004.0,19149.0,2770.0,INR/Quintal
2024-12-16,Maize,Maharashtra,Nashik,Nashik Wholesale,2005.0,1644.0,2248.0,4590.0,INR/Quintal
2024-02-13,Sugarcane,Uttar Pradesh,Varanasi,Varanasi Wholesale,523.0,429.0,586.0,6721.0,INR/Quintal
2022-05-27,Coconut,Karnataka,Mysore,Mysore Wholesale,3349.0,2746.0,3756.0,1255.0,INR/Quintal
2016-04-15,Maize,Bihar,Patna,Patna Wholesale,2026.0,1661.0,2272.0,1717.0,INR/Quintal
2023-04-07,Sugarcane,Tamil Nadu,Chennai,Chennai Wholesale,378.0,310.0,424.0,4625.0,INR/Quintal
2017-11-01,Sugarcane,Karnataka,Belgaum,Belgaum Wholesale,450.0,369.0,505.0,2185.0,INR/Quintal
2018-09-15,Tea,Assam,Cachar,Cachar Wholesale,13892.0,11393.0,15579.0,2202.0,INR/Quintal
2022-08-15,Wheat,Bihar,Muzaffarpur,Muzaffarpur Wholesale,2625.0,2153.0,2944.0,786.0,INR/Quintal
2022-10-02,Cotton,Telangana,Warangal,Warangal Wholesale,7599.0,6232.0,8522.0,907.0,INR/Quintal
2017-08-25,Tea,Assam,Kamrup,Kamrup Wholesale,15682.0,12860.0,17586.0,1784.0,INR/Quintal
2015-12-24,Coconut,Tamil Nadu,Coimbatore,Coimbatore Wholesale,1862.0,1527.0,2088.0,3029.0,INR/Quintal
2023-04-08,Coconut,Karnataka,Hubli,Hubli Wholesale,1407.0,1154.0,1578.0,2354.0,INR/Quintal
2024-07-11,Wheat,Bihar,Purnia,Purnia Wholesale,2490.0,2042.0,2792.0,1987.0,INR/Quintal
2016-10-29,Wheat,Punjab,Patiala,Patiala Wholesale,1593.0,1306.0,1786.0,730.0,INR/Quintal
2016-01-08,Oilseeds,Gujarat,Surat,Surat Wholesale,2969.0,2435.0,3329.0,920.0,INR/Quintal
2017-10-28,Coffee,Tamil Nadu,Coimbatore,Coimbatore Wholesale,15148.0,12423.0,16987.0,755.0,INR/Quintal
2018-02-19,Coffee,Kerala,Ernakulam,Ernakulam Wholesale,12770.0,10472.0,14320.0,3120.0,INR/Quintal
2018-10-03,Coconut,Karnataka,Belgaum,Belgaum Wholesale,2584.0,2119.0,2898.0,3572.0,INR/Quintal
2022-06-16,Coffee,Kerala,Ernakulam,Ernakulam Wholesale,21615.0,17726.0,24239.0,1337.0,INR/Quintal
2015-03-31,Potato,Punjab,Ludhiana,Ludhiana Wholesale,1131.0,928.0,1268.0,1273.0,INR/Quintal
2025-03-08,Apple,Himachal Pradesh,Mandi,Mandi Wholesale,10726.0,8796.0,12028.0,2398.0,INR/Quintal
2022-07-08,Tea,West Bengal,Kolkata,Kolkata Wholesale,8419.0,6904.0,9441.0,4066.0,INR/Quintal
2024-04-10,Wheat,Uttar Pradesh,Lucknow,Lucknow Wholesale,2972.0,2437.0,3333.0,2120.0,INR/Quintal
2023-11-24,Oilseeds,Rajasthan,Jaipur,Jaipur Wholesale,5562.0,4561.0,6237.0,1330.0,INR/Quintal
2016-06-23,Sugarcane,Maharashtra,Nashik,Nashik Wholesale,359.0,294.0,403.0,1579.0,INR/Quintal
2022-08-11,Cotton,Maharashtra,Nagpur,Nagpur Wholesale,5924.0,4858.0,6643.0,942.0,INR/Quintal
2017-05-18,Cotton,Andhra Pradesh,Visakhapatnam,Visakhapatnam Wholesale,5210.0,4273.0,5842.0,4715.0,INR/Quintal
2015-02-10,Sugarcane,Karnataka,Bangalore,Bangalore Wholesale,422.0,346.0,473.0,6726.0,INR/Quintal
2017-01-09,Maize,Madhya Pradesh,Bhopal,Bhopal Wholesale,2154.0,1766.0,2415.0,3268.0,INR/Quintal
2025-05-03,Maize,Madhya Pradesh,Bhopal,Bhopal Wholesale,1989.0,1631.0,2230.0,4537.0,INR/Quintal
2020-04-30,Coffee,Kerala,Ernakulam,Ernakulam Wholesale,17378.0,14251.0,19488.0,2474.0,INR/Quintal
2021-12-24,Tea,Assam,Tinsukia,Tinsukia Wholesale,7539.0,6183.0,8454.0,3632.0,INR/Quintal
2023-03-26,Potato,Bihar,Patna,Patna Wholesale,1492.0,1224.0,1673.0,1850.0,INR/Quintal
2023-10-22,Oilseeds,Madhya Pradesh,Bhopal,Bhopal Wholesale,6196.0,5081.0,6948.0,610.0,INR/Quintal
2018-05-09,Cotton,Maharashtra,Nagpur,Nagpur Wholesale,4879.0,4001.0,5471.0,5474.0,INR/Quintal
2017-07-17,Apple,Jammu and Kashmir,Srinagar,Srinagar Wholesale,8202.0,6726.0,9198.0,738.0,INR/Quintal
2020-07-29,Coconut,Andhra Pradesh,Guntur,Guntur Wholesale,3046.0,2498.0,3416.0,1968.0,INR/Quintal
2025-05-23,Coffee,Karnataka,Hubli,Hubli Wholesale,28123.0,23063.0,31537.0,4454.0,INR/Quintal
2021-11-13,Rice,Odisha,Bhubaneswar,Bhubaneswar Wholesale,1604.0,1315.0,1799.0,1531.0,INR/Quintal
2022-08-11,Coffee,Tamil Nadu,Coimbatore,Coimbatore Wholesale,12141.0,9957.0,13615.0,2505.0,INR/Quintal
2022-08-31,Coconut,Karnataka,Mysore,Mysore Wholesale,1251.0,1026.0,1403.0,1504.0,INR/Quintal
2017-07-13,Rice,Punjab,Amritsar,Amritsar Wholesale,2596.0,2129.0,2911.0,5134.0,INR/Quintal
2023-02-04,Pulses,Rajasthan,Jaipur,Jaipur Wholesale,6116.0,5016.0,6858.0,1681.0,INR/Quintal
2019-05-01,Wheat,Uttar Pradesh,Varanasi,Varanasi Wholesale,1879.0,1541.0,2107.0,5015.0,INR/Quintal
2024-11-27,Apple,Himachal Pradesh,Shimla,Shimla Wholesale,9717.0,7969.0,10897.0,257.0,INR/Quintal
2024-02-07,Sugarcane,Uttar Pradesh,Varanasi,Varanasi Wholesale,438.0,359.0,491.0,7677.0,INR/Quintal
2016-01-25,Wheat,Haryana,Karnal,Karnal Wholesale,1684.0,1381.0,1888.0,5299.0,INR/Quintal
2019-06-06,Coffee,Kerala,Thrissur,Thrissur Wholesale,14639.0,12005.0,16416.0,1092.0,INR/Quintal
2023-01-09,Wheat,Bihar,Gaya,Gaya Wholesale,1973.0,1618.0,2213.0,1690.0,INR/Quintal
2015-09-13,Oilseeds,Maharashtra,Nagpur,Nagpur Wholesale,2790.0,2288.0,3129.0,1530.0,INR/Quintal
2016-12-09,Pulses,Rajasthan,Jaipur,Jaipur Wholesale,4237.0,3475.0,4751.0,2166.0,INR/Quintal
2020-01-13,Potato,Punjab,Amritsar,Amritsar Wholesale,2044.0,1676.0,2292.0,5119.0,INR/Quintal
2020-04-28,Pulses,Uttar Pradesh,Varanasi,Varanasi Wholesale,6184.0,5071.0,6935.0,3274.0,INR/Quintal
2021-11-02,Coconut,Karnataka,Bangalore,Bangalore Wholesale,2225.0,1825.0,2495.0,3388.0,INR/Quintal
2015-01-10,Cotton,Telangana,Nizamabad,Nizamabad Wholesale,6174.0,5063.0,6924.0,4658.0,INR/Quintal
2022-11-11,Oilseeds,Gujarat,Rajkot,Rajkot Wholesale,4484.0,3677.0,5028.0,710.0,INR/Quintal
2017-03-08,Apple,Jammu and Kashmir,Srinagar,Srinagar Wholesale,4986.0,4089.0,5591.0,1236.0,INR/Quintal
2024-01-27,Wheat,Madhya Pradesh,Bhopal,Bhopal Wholesale,2827.0,2318.0,3170.0,2917.0,INR/Quintal
2024-02-05,Apple,Himachal Pradesh,Shimla,Shimla Wholesale,8965.0,7352.0,10053.0,1977.0,INR/Quintal
2017-05-26,Coconut,Kerala,Ernakulam,Ernakulam Wholesale,2372.0,1945.0,2660.0,541.0,INR/Quintal
2017-10-25,Potato,Bihar,Patna,Patna Wholesale,1513.0,1241.0,1697.0,1071.0,INR/Quintal
2023-09-26,Wheat,Haryana,Faridabad,Faridabad Wholesale,2707.0,2220.0,3036.0,763.0,INR/Quintal
2017-10-12,Tea,Assam,Kamrup,Kamrup Wholesale,9376.0,7689.0,10514.0,1812.0,INR/Quintal
2019-12-30,Tea,Kerala,Kozhikode,Kozhikode Wholesale,13800.0,11317.0,15475.0,2723.0,INR/Quintal
2016-01-09,Maize,Telangana,Hyderabad,Hyderabad Wholesale,1403.0,1151.0,1573.0,1261.0,INR/Quintal
2023-08-03,Pulses,Uttar Pradesh,Kanpur,Kanpur Wholesale,7008.0,5747.0,7859.0,2219.0,INR/Quintal
2021-01-02,Potato,Uttar Pradesh,Lucknow,Lucknow Wholesale,1196.0,981.0,1341.0,3423.0,INR/Quintal
2015-08-12,Tea,Assam,Kamrup,Kamrup Wholesale,6250.0,5125.0,7009.0,2481.0,INR/Quintal
2018-06-16,Maize,Karnataka,Bangalore,Bangalore Wholesale,1962.0,1609.0,2200.0,1514.0,INR/Quintal
2021-02-02,Oilseeds,Maharashtra,Nagpur,Nagpur Wholesale,3691.0,3027.0,4139.0,4860.0,INR/Quintal
2019-12-08,Apple,Jammu and Kashmir,Srinagar,Srinagar Wholesale,7927.0,6501.0,8889.0,1609.0,INR/Quintal
2017-05-02,Potato,Punjab,Ludhiana,Ludhiana Wholesale,1215.0,996.0,1363.0,7302.0,INR/Quintal
2024-03-07,Maize,Bihar,Patna,Patna Wholesale,2373.0,1946.0,2661.0,4549.0,INR/Quintal
2015-03-04,Sugarcane,Karnataka,Hubli,Hubli Wholesale,346.0,284.0,388.0,2642.0,INR/Quintal
2018-05-25,Apple,Jammu and Kashmir,Srinagar,Srinagar Wholesale,4412.0,3618.0,4948.0,1934.0,INR/Quintal
2025-09-30,Potato,West Bengal,Darjeeling,Darjeeling Wholesale,1407.0,1154.0,1578.0,2957.0,INR/Quintal
2022-11-14,Coffee,Kerala,Thrissur,Thrissur Wholesale,18491.0,15164.0,20736.0,2496.0,INR/Quintal
2022-10-13,Apple,Jammu and Kashmir,Srinagar,Srinagar Wholesale,7605.0,6237.0,8528.0,238.0,INR/Quintal
2016-11-19,Maize,Madhya Pradesh,Bhopal,Bhopal Wholesale,1832.0,1502.0,2054.0,472.0,INR/Quintal
2019-01-24,Wheat,Madhya Pradesh,Bhopal,Bhopal Wholesale,2787.0,2286.0,3125.0,3339.0,INR/Quintal
2019-06-22,Coffee,Kerala,Kozhikode,Kozhikode Wholesale,18248.0,14965.0,20463.0,3801.0,INR/Quintal
2020-11-22,Sugarcane,Karnataka,Bangalore,Bangalore Wholesale,506.0,415.0,567.0,3723.0,INR/Quintal
2023-09-06,Coconut,Tamil Nadu,Madurai,Madurai Wholesale,1532.0,1256.0,1718.0,3266.0,INR/Quintal
2016-05-25,Tea,Kerala,Ernakulam,Ernakulam Wholesale,5204.0,4268.0,5836.0,2716.0,INR/Quintal
2016-01-20,Rice,West Bengal,Kolkata,Kolkata Wholesale,1671.0,1370.0,1874.0,2366.0,INR/Quintal
2016-02-09,Maize,Andhra Pradesh,Visakhapatnam,Visakhapatnam Wholesale,1377.0,1129.0,1544.0,5367.0,INR/Quintal
2022-11-10,Oilseeds,Gujarat,Ahmedabad,Ahmedabad Wholesale,4329.0,3550.0,4855.0,3778.0,INR/Quintal
2016-06-01,Maize,Maharashtra,Mumbai,Mumbai Wholesale,1771.0,1452.0,1986.0,4601.0,INR/Quintal
2016-04-20,Rice,Assam,Tinsukia,Tinsukia Wholesale,2215.0,1816.0,2484.0,4798.0,INR/Quintal
2020-06-23,Sugarcane,Karnataka,Belgaum,Belgaum Wholesale,474.0,389.0,532.0,2368.0,INR/Quintal
2022-07-19,Sugarcane,Tamil Nadu,Chennai,Chennai Wholesale,539.0,442.0,604.0,634.0,INR/Quintal
2019-07-27,Coffee,Kerala,Ernakulam,Ernakulam Wholesale,20764.0,17028.0,23285.0,3120.0,INR/Quintal
2020-03-08,Coconut,Tamil Nadu,Madurai,Madurai Wholesale,1422.0,1166.0,1595.0,1748.0,INR/Quintal
2022-09-19,Potato,West Bengal,Howrah,Howrah Wholesale,1219.0,1000.0,1367.0,2801.0,INR/Quintal
2018-12-31,Oilseeds,Madhya Pradesh,Bhopal,Bhopal Wholesale,3017.0,2474.0,3383.0,3544.0,INR/Quintal
2023-06-22,Coffee,Tamil Nadu,Chennai,Chennai Wholesale,11923.0,9778.0,13370.0,2085.0,INR/Quintal
2023-05-03,Coconut,Karnataka,Mysore,Mysore Wholesale,2591.0,2125.0,2906.0,5360.0,INR/Quintal
2024-12-15,Oilseeds,Madhya Pradesh,Bhopal,Bhopal Wholesale,4648.0,3812.0,5212.0,1595.0,INR/Quintal
2022-06-17,Oilseeds,Gujarat,Surat,Surat Wholesale,3245.0,2661.0,3639.0,4889.0,INR/Quintal
2016-12-14,Rice,Chhattisgarh,Raipur,Raipur Wholesale,2497.0,2048.0,2800.0,570.0,INR/Quintal
2024-08-30,Coffee,Karnataka,Bangalore,Bangalore Wholesale,23463.0,19241.0,26311.0,2808.0,INR/Quintal
2015-03-24,Oilseeds,Gujarat,Surat,Surat Wholesale,2063.0,1692.0,2313.0,5534.0,INR/Quintal
2018-03-14,Cotton,Maharashtra,Nagpur,Nagpur Wholesale,5654.0,4637.0,6340.0,4582.0,INR/Quintal
2023-08-23,Coconut,Karnataka,Mysore,Mysore Wholesale,3448.0,2828.0,3867.0,2925.0,INR/Quintal
2023-08-16,Rice,Tamil Nadu,Madurai,Madurai Wholesale,2530.0,2075.0,2837.0,3790.0,INR/Quintal
2021-11-09,Apple,Jammu and Kashmir,Srinagar,Srinagar Wholesale,5591.0,4585.0,6270.0,1293.0,INR/Quintal
2020-03-16,Sugarcane,Tamil Nadu,Madurai,Madurai Wholesale,389.0,319.0,436.0,6901.0,INR/Quintal
2020-08-10,Rice,Odisha,Bhubaneswar,Bhubaneswar Wholesale,1710.0,1402.0,1918.0,1678.0,INR/Quintal
2015-02-20,Apple,Himachal Pradesh,Mandi,Mandi Wholesale,3849.0,3156.0,4316.0,1812.0,INR/Quintal
2016-11-15,Wheat,Haryana,Gurgaon,Gurgaon Wholesale,2387.0,1958.0,2677.0,2007.0,INR/Quintal
2016-12-17,Wheat,Uttar Pradesh,Kanpur,Kanpur Wholesale,1634.0,1340.0,1832.0,7403.0,INR/Quintal
2025-07-10,Oilseeds,Rajasthan,Udaipur,Udaipur Wholesale,3740.0,3067.0,4194.0,445.0,INR/Quintal
2019-01-09,Coffee,Tamil Nadu,Chennai,Chennai Wholesale,9095.0,7459.0,10199.0,2674.0,INR/Quintal
2016-03-24,Sugarcane,Uttar Pradesh,Varanasi,Varanasi Wholesale,430.0,353.0,482.0,3587.0,INR/Quintal
2017-05-30,Rice,Punjab,Ludhiana,Ludhiana Wholesale,1143.0,937.0,1282.0,3863.0,INR/Quintal
2016-05-02,Coffee,Karnataka,Belgaum,Belgaum Wholesale,13256.0,10871.0,14865.0,5857.0,INR/Quintal
2019-12-29,Rice,Bihar,Muzaffarpur,Muzaffarpur Wholesale,2404.0,1971.0,2696.0,2156.0,INR/Quintal
2020-09-12,Rice,West Bengal,Darjeeling,Darjeeling Wholesale,2092.0,1716.0,2346.0,3562.0,INR/Quintal
2024-05-12,Cotton,Andhra Pradesh,Krishna,Krishna Wholesale,6155.0,5048.0,6902.0,3319.0,INR/Quintal
2020-11-12,Wheat,Madhya Pradesh,Bhopal,Bhopal Wholesale,2041.0,1674.0,2289.0,2956.0,INR/Quintal
2023-08-10,Rice,Odisha,Bhubaneswar,Bhubaneswar Wholesale,3219.0,2640.0,3610.0,1897.0,INR/Quintal
2019-04-24,Cotton,Gujarat,Vadodara,Vadodara Wholesale,7753.0,6358.0,8694.0,2874.0,INR/Quintal
2021-01-10,Wheat,Madhya Pradesh,Bhopal,Bhopal Wholesale,2181.0,1789.0,2446.0,2320.0,INR/Quintal
2015-09-07,Cotton,Gujarat,Surat,Surat Wholesale,4117.0,3376.0,4617.0,2024.0,INR/Quintal
2016-11-04,Coffee,Tamil Nadu,Coimbatore,Coimbatore Wholesale,8257.0,6771.0,9259.0,1561.0,INR/Quintal
2016-03-13,Potato,Bihar,Patna,Patna Wholesale,1688.0,1384.0,1893.0,2344.0,INR/Quintal
2020-12-05,Wheat,Madhya Pradesh,Bhopal,Bhopal Wholesale,2360.0,1935.0,2647.0,1071.0,INR/Quintal
2017-02-09,Apple,Jammu and Kashmir,Srinagar,Srinagar Wholesale,7333.0,6014.0,8223.0,1014.0,INR/Quintal
2024-03-31,Tea,Kerala,Thrissur,Thrissur Wholesale,13687.0,11224.0,15349.0,3442.0,INR/Quintal
2015-09-25,Potato,Uttar Pradesh,Lucknow,Lucknow Wholesale,1861.0,1526.0,2087.0,2351.0,INR/Quintal
2020-06-07,Coconut,Karnataka,Belgaum,Belgaum Wholesale,3187.0,2614.0,3574.0,4076.0,INR/Quintal
2017-12-13,Coffee,Kerala,Ernakulam,Ernakulam Wholesale,18508.0,15178.0,20755.0,3953.0,INR/Quintal
2015-08-24,Rice,Odisha,Bhubaneswar,Bhubaneswar Wholesale,1950.0,1599.0,2187.0,1464.0,INR/Quintal
2016-01-24,Sugarcane,Karnataka,Mysore,Mysore Wholesale,357.0,293.0,400.0,3266.0,INR/Quintal
2023-04-26,Coffee,Tamil Nadu,Madurai,Madurai Wholesale,16591.0,13606.0,18605.0,1716.0,INR/Quintal
2025-06-02,Cotton,Andhra Pradesh,Chittoor,Chittoor Wholesale,7158.0,5870.0,8027.0,2718.0,INR/Quintal
2017-02-01,Cotton,Gujarat,Ahmedabad,Ahmedabad Wholesale,6181.0,5069.0,6931.0,5700.0,INR/Quintal
2020-01-23,Cotton,Maharashtra,Nashik,Nashik Wholesale,5242.0,4299.0,5878.0,2210.0,INR/Quintal
2021-09-14,Cotton,Gujarat,Ahmedabad,Ahmedabad Wholesale,7041.0,5774.0,7896.0,1108.0,INR/Quintal
2016-09-15,Coffee,Tamil Nadu,Madurai,Madurai Wholesale,13189.0,10816.0,14790.0,1689.0,INR/Quintal
2022-09-15,Sugarcane,Uttar Pradesh,Lucknow,Lucknow Wholesale,476.0,390.0,534.0,4393.0,INR/Quintal
2024-03-28,Coconut,Andhra Pradesh,Chittoor,Chittoor Wholesale,1879.0,1541.0,2107.0,5158.0,INR/Quintal
2023-02-14,Maize,Karnataka,Mysore,Mysore Wholesale,2027.0,1662.0,2273.0,6664.0,INR/Quintal
2023-12-23,Cotton,Gujarat,Ahmedabad,Ahmedabad Wholesale,5742.0,4709.0,6439.0,5485.0,INR/Quintal
2018-06-06,Maize,Madhya Pradesh,Bhopal,Bhopal Wholesale,2262.0,1855.0,2537.0,944.0,INR/Quintal
2022-12-10,Sugarcane,Karnataka,Belgaum,Belgaum Wholesale,452.0,371.0,507.0,761.0,INR/Quintal
2016-07-31,Sugarcane,Maharashtra,Nashik,Nashik Wholesale,344.0,282.0,386.0,2537.0,INR/Quintal
2020-10-23,Potato,West Bengal,Darjeeling,Darjeeling Wholesale,646.0,530.0,724.0,2320.0,INR/Quintal
2016-03-10,Wheat,Punjab,Patiala,Patiala Wholesale,2241.0,1838.0,2513.0,5499.0,INR/Quintal
2020-11-20,Tea,Kerala,Thrissur,Thrissur Wholesale,7397.0,6066.0,8295.0,750.0,INR/Quintal
2024-07-25,Oilseeds,Maharashtra,Nashik,Nashik Wholesale,6310.0,5175.0,7076.0,1173.0,INR/Quintal
2025-05-03,Tea,West Bengal,Darjeeling,Darjeeling Wholesale,16126.0,13225.0,18084.0,899.0,INR/Quintal
2017-02-02,Coffee,Karnataka,Bangalore,Bangalore Wholesale,13371.0,10965.0,14994.0,5999.0,INR/Quintal
2022-08-17,Oilseeds,Maharashtra,Nagpur,Nagpur Wholesale,4807.0,3942.0,5391.0,4585.0,INR/Quintal
2022-10-24,Sugarcane,Uttar Pradesh,Lucknow,Lucknow Wholesale,413.0,339.0,463.0,1133.0,INR/Quintal
2018-08-22,Apple,Himachal Pradesh,Kangra,Kangra Wholesale,8515.0,6983.0,9549.0,540.0,INR/Quintal
2020-11-15,Tea,Assam,Cachar,Cachar Wholesale,9295.0,7623.0,10423.0,615.0,INR/Quintal
2025-09-26,Pulses,Uttar Pradesh,Kanpur,Kanpur Wholesale,7754.0,6359.0,8695.0,4671.0,INR/Quintal
2022-10-16,Wheat,Rajasthan,Jodhpur,Jodhpur Wholesale,2547.0,2089.0,2856.0,2494.0,INR/Quintal
2018-09-20,Tea,Assam,Kamrup,Kamrup Wholesale,14654.0,12017.0,16433.0,940.0,INR/Quintal
2022-12-16,Wheat,Rajasthan,Udaipur,Udaipur Wholesale,1903.0,1561.0,2134.0,1306.0,INR/Quintal
2021-10-18,Maize,Bihar,Muzaffarpur,Muzaffarpur Wholesale,1827.0,1498.0,2049.0,1578.0,INR/Quintal
2016-03-22,Coffee,Tamil Nadu,Madurai,Madurai Wholesale,16488.0,13521.0,18490.0,3948.0,INR/Quintal
2020-07-10,Wheat,Uttar Pradesh,Lucknow,Lucknow Wholesale,2478.0,2032.0,2779.0,4553.0,INR/Quintal
2018-08-24,Maize,Maharashtra,Nagpur,Nagpur Wholesale,1520.0,1247.0,1705.0,2665.0,INR/Quintal
2015-09-06,Cotton,Andhra Pradesh,Krishna,Krishna Wholesale,5069.0,4157.0,5684.0,4015.0,INR/Quintal
2015-06-15,Maize,Maharashtra,Nagpur,Nagpur Wholesale,1463.0,1200.0,1641.0,1234.0,INR/Quintal
2024-09-22,Coffee,Karnataka,Mysore,Mysore Wholesale,21459.0,17598.0,24064.0,3152.0,INR/Quintal
2023-04-20,Potato,Uttar Pradesh,Kanpur,Kanpur Wholesale,1261.0,1034.0,1414.0,3789.0,INR/Quintal
2018-09-20,Apple,Jammu and Kashmir,Srinagar,Srinagar Wholesale,4954.0,4063.0,5555.0,616.0,INR/Quintal
2017-10-16,Cotton,Telangana,Nizamabad,Nizamabad Wholesale,4899.0,4018.0,5494.0,2458.0,INR/Quintal
2016-06-25,Sugarcane,Maharashtra,Mumbai,Mumbai Wholesale,372.0,305.0,417.0,6087.0,INR/Quintal
2017-01-28,Rice,Chhattisgarh,Raipur,Raipur Wholesale,1474.0,1209.0,1653.0,2997.0,INR/Quintal
2023-09-13,Maize,Madhya Pradesh,Bhopal,Bhopal Wholesale,2682.0,2199.0,3008.0,2235.0,INR/Quintal
2024-12-13,Maize,Maharashtra,Mumbai,Mumbai Wholesale,1720.0,1411.0,1929.0,5042.0,INR/Quintal
2020-10-29,Wheat,Madhya Pradesh,Bhopal,Bhopal Wholesale,2775.0,2276.0,3112.0,1151.0,INR/Quintal
2020-12-20,Sugarcane,Maharashtra,Nashik,Nashik Wholesale,419.0,344.0,470.0,5078.0,INR/Quintal
2017-03-07,Tea,West Bengal,Kolkata,Kolkata Wholesale,11166.0,9157.0,12522.0,5763.0,INR/Quintal
2023-01-26,Pulses,Maharashtra,Mumbai,Mumbai Wholesale,4581.0,3757.0,5137.0,4336.0,INR/Quintal
2015-05-18,Coconut,Karnataka,Bangalore,Bangalore Wholesale,2272.0,1863.0,2548.0,3688.0,INR/Quintal
2021-02-09,Oilseeds,Rajasthan,Jodhpur,Jodhpur Wholesale,4787.0,3926.0,5368.0,3456.0,INR/Quintal
2024-07-04,Maize,Telangana,Nizamabad,Nizamabad Wholesale,2118.0,1737.0,2375.0,3195.0,INR/Quintal
2018-09-15,Apple,Jammu and Kashmir,Srinagar,Srinagar Wholesale,3574.0,2931.0,4008.0,565.0,INR/Quintal
2022-10-03,Tea,West Bengal,Darjeeling,Darjeeling Wholesale,20597.0,16891.0,23097.0,3344.0,INR/Quintal
2024-10-19,Pulses,Madhya Pradesh,Bhopal,Bhopal Wholesale,7545.0,6187.0,8461.0,2466.0,INR/Quintal
2020-02-19,Oilseeds,Gujarat,Surat,Surat Wholesale,3787.0,3106.0,4247.0,2349.0,INR/Quintal
2023-04-20,Rice,Odisha,Bhubaneswar,Bhubaneswar Wholesale,2762.0,2265.0,3097.0,4225.0,INR/Quintal
2015-03-10,Apple,Himachal Pradesh,Shimla,Shimla Wholesale,5777.0,4738.0,6478.0,871.0,INR/Quintal
2022-02-06,Coconut,Kerala,Kozhikode,Kozhikode Wholesale,1989.0,1631.0,2230.0,926.0,INR/Quintal
2025-07-12,Wheat,Punjab,Ludhiana,Ludhiana Wholesale,2051.0,1682.0,2300.0,3934.0,INR/Quintal
2020-10-01,Coconut,Andhra Pradesh,Krishna,Krishna Wholesale,2199.0,1803.0,2466.0,4076.0,INR/Quintal
2019-01-13,Tea,Assam,Kamrup,Kamrup Wholesale,14766.0,12109.0,16559.0,607.0,INR/Quintal
2015-07-24,Wheat,Rajasthan,Jaipur,Jaipur Wholesale,1517.0,1244.0,1701.0,2510.0,INR/Quintal
2020-12-13,Oilseeds,Maharashtra,Mumbai,Mumbai Wholesale,4308.0,3533.0,4831.0,3613.0,INR/Quintal
2025-06-15,Potato,Bihar,Muzaffarpur,Muzaffarpur Wholesale,2368.0,1942.0,2655.0,4374.0,INR/Quintal
2015-02-12,Maize,Maharashtra,Nashik,Nashik Wholesale,1418.0,1163.0,1590.0,7035.0,INR/Quintal
2025-06-20,Cotton,Andhra Pradesh,Guntur,Guntur Wholesale,5915.0,4851.0,6633.0,5327.0,INR/Quintal
2020-03-21,Pulses,Rajasthan,Jaipur,Jaipur Wholesale,6114.0,5014.0,6856.0,3604.0,INR/Quintal
2020-11-28,Apple,Jammu and Kashmir,Srinagar,Srinagar Wholesale,4917.0,4032.0,5514.0,1460.0,INR/Quintal
2017-01-30,Sugarcane,Uttar Pradesh,Lucknow,Lucknow Wholesale,349.0,286.0,391.0,2229.0,INR/Quintal
2025-03-23,Coffee,Kerala,Ernakulam,Ernakulam Wholesale,16297.0,13365.0,18275.0,1942.0,INR/Quintal
2023-11-29,Maize,Karnataka,Bangalore,Bangalore Wholesale,1975.0,1620.0,2215.0,1488.0,INR/Quintal
2022-12-05,Cotton,Gujarat,Rajkot,Rajkot Wholesale,8013.0,6571.0,8986.0,4609.0,INR/Quintal
2020-11-12,Coconut,Kerala,Kozhikode,Kozhikode Wholesale,2572.0,2109.0,2884.0,810.0,INR/Quintal
2020-06-17,Coffee,Karnataka,Hubli,Hubli Wholesale,16282.0,13352.0,18259.0,1452.0,INR/Quintal
2024-06-07,Tea,Kerala,Ernakulam,Ernakulam Wholesale,11823.0,9696.0,13258.0,3564.0,INR/Quintal
2020-04-19,Apple,Himachal Pradesh,Kangra,Kangra Wholesale,9829.0,8061.0,11022.0,2316.0,INR/Quintal
2024-10-31,Coffee,Kerala,Thrissur,Thrissur Wholesale,11885.0,9747.0,13328.0,2629.0,INR/Quintal
2017-06-18,Rice,Bihar,Muzaffarpur,Muzaffarpur Wholesale,1500.0,1230.0,1682.0,1127.0,INR/Quintal
2015-12-26,Maize,Bihar,Patna,Patna Wholesale,2163.0,1774.0,2426.0,2295.0,INR/Quintal
2023-01-26,Wheat,Uttar Pradesh,Varanasi,Varanasi Wholesale,3047.0,2499.0,3417.0,3060.0,INR/Quintal
2019-09-16,Potato,Uttar Pradesh,Varanasi,Varanasi Wholesale,858.0,704.0,962.0,571.0,INR/Quintal
2015-10-08,Sugarcane,Karnataka,Hubli,Hubli Wholesale,322.0,264.0,361.0,1450.0,INR/Quintal
2023-12-11,Wheat,Rajasthan,Udaipur,Udaipur Wholesale,2382.0,1953.0,2671.0,1546.0,INR/Quintal
2020-03-02,Cotton,Gujarat,Ahmedabad,Ahmedabad Wholesale,4772.0,3913.0,5351.0,1427.0,INR/Quintal
2023-12-11,Maize,Karnataka,Hubli,Hubli Wholesale,2300.0,1886.0,2579.0,3354.0,INR/Quintal
2016-10-28,Potato,Bihar,Gaya,Gaya Wholesale,635.0,521.0,712.0,1646.0,INR/Quintal
2015-04-03,Coffee,Kerala,Thrissur,Thrissur Wholesale,8696.0,7131.0,9752.0,715.0,INR/Quintal
2016-11-02,Maize,Madhya Pradesh,Bhopal,Bhopal Wholesale,1736.0,1424.0,1947.0,2494.0,INR/Quintal
2020-05-23,Coffee,Kerala,Kozhikode,Kozhikode Wholesale,22417.0,18384.0,25138.0,3479.0,INR/Quintal
2015-03-02,Tea,West Bengal,Howrah,Howrah Wholesale,11122.0,9121.0,12472.0,6085.0,INR/Quintal
2022-05-05,Rice,Punjab,Amritsar,Amritsar Wholesale,2073.0,1700.0,2325.0,4632.0,INR/Quintal
2023-07-20,Oilseeds,Gujarat,Surat,Surat Wholesale,6192.0,5078.0,6944.0,4956.0,INR/Quintal
2024-07-06,Maize,Andhra Pradesh,Chittoor,Chittoor Wholesale,2200.0,1804.0,2467.0,4706.0,INR/Quintal
2025-07-27,Cotton,Telangana,Nizamabad,Nizamabad Wholesale,6663.0,5464.0,7472.0,2281.0,INR/Quintal
2017-10-25,Coffee,Kerala,Ernakulam,Ernakulam Wholesale,13388.0,10979.0,15013.0,1482.0,INR/Quintal
2019-01-29,Wheat,Uttar Pradesh,Kanpur,Kanpur Wholesale,1898.0,1557.0,2128.0,886.0,INR/Quintal
2016-08-26,Tea,West Bengal,Darjeeling,Darjeeling Wholesale,12511.0,10260.0,14030.0,3012.0,INR/Quintal
2016-11-12,Cotton,Gujarat,Surat,Surat Wholesale,5476.0,4491.0,6141.0,3103.0,INR/Quintal
2025-09-05,Sugarcane,Karnataka,Mysore,Mysore Wholesale,443.0,363.0,497.0,3634.0,INR/Quintal
2022-01-25,Oilseeds,Gujarat,Ahmedabad,Ahmedabad Wholesale,3003.0,2463.0,3368.0,4380.0,INR/Quintal
2018-11-29,Tea,Kerala,Thrissur,Thrissur Wholesale,7958.0,6526.0,8924.0,3378.0,INR/Quintal
2022-11-25,Rice,Uttar Pradesh,Varanasi,Varanasi Wholesale,2441.0,2002.0,2737.0,5536.0,INR/Quintal
2024-10-24,Oilseeds,Maharashtra,Mumbai,Mumbai Wholesale,2762.0,2265.0,3097.0,4610.0,INR/Quintal
2022-05-16,Apple,Himachal Pradesh,Mandi,Mandi Wholesale,5016.0,4114.0,5625.0,1135.0,INR/Quintal
2021-03-30,Coffee,Karnataka,Mysore,Mysore Wholesale,25145.0,20621.0,28198.0,1676.0,INR/Quintal
2016-06-07,Apple,Himachal Pradesh,Shimla,Shimla Wholesale,6474.0,5309.0,7260.0,2043.0,INR/Quintal
2021-07-21,Cotton,Andhra Pradesh,Krishna,Krishna Wholesale,4945.0,4055.0,5545.0,4119.0,INR/Quintal
2023-07-15,Sugarcane,Karnataka,Bangalore,Bangalore Wholesale,501.0,411.0,562.0,1357.0,INR/Quintal
2022-02-06,Coconut,Tamil Nadu,Coimbatore,Coimbatore Wholesale,1360.0,1115.0,1525.0,5462.0,INR/Quintal
2020-05-22,Pulses,Madhya Pradesh,Bhopal,Bhopal Wholesale,5999.0,4920.0,6727.0,2869.0,INR/Quintal
2018-01-06,Coconut,Andhra Pradesh,Visakhapatnam,Visakhapatnam Wholesale,2725.0,2235.0,3056.0,1370.0,INR/Quintal
2019-10-20,Rice,Odisha,Bhubaneswar,Bhubaneswar Wholesale,2578.0,2114.0,2891.0,1837.0,INR/Quintal
2020-01-11,Apple,Jammu and Kashmir,Srinagar,Srinagar Wholesale,7660.0,6282.0,8590.0,2157.0,INR/Quintal
2023-08-11,Potato,Uttar Pradesh,Lucknow,Lucknow Wholesale,784.0,643.0,879.0,3086.0,INR/Quintal
2022-10-12,Coffee,Tamil Nadu,Coimbatore,Coimbatore Wholesale,19221.0,15763.0,21554.0,3297.0,INR/Quintal
2021-04-15,Pulses,Uttar Pradesh,Lucknow,Lucknow Wholesale,4024.0,3300.0,4513.0,1191.0,INR/Quintal
2020-09-25,Maize,Madhya Pradesh,Bhopal,Bhopal Wholesale,1770.0,1452.0,1985.0,2115.0,INR/Quintal
2018-02-18,Coconut,Tamil Nadu,Chennai,Chennai Wholesale,3145.0,2579.0,3527.0,6597.0,INR/Quintal
2021-03-11,Sugarcane,Karnataka,Hubli,Hubli Wholesale,443.0,363.0,497.0,3929.0,INR/Quintal
2021-04-05,Coconut,Andhra Pradesh,Krishna,Krishna Wholesale,3463.0,2840.0,3883.0,3053.0,INR/Quintal
2017-12-15,Wheat,Rajasthan,Jodhpur,Jodhpur Wholesale,1684.0,1381.0,1888.0,2387.0,INR/Quintal
2021-07-25,Potato,Punjab,Ludhiana,Ludhiana Wholesale,1435.0,1177.0,1609.0,5895.0,INR/Quintal
2015-04-17,Cotton,Maharashtra,Mumbai,Mumbai Wholesale,4187.0,3434.0,4695.0,2122.0,INR/Quintal
2022-11-18,Sugarcane,Tamil Nadu,Madurai,Madurai Wholesale,477.0,391.0,535.0,2166.0,INR/Quintal
2015-02-17,Oilseeds,Maharashtra,Pune,Pune Wholesale,2236.0,1834.0,2507.0,1971.0,INR/Quintal
2024-12-23,Tea,Assam,Dibrugarh,Dibrugarh Wholesale,8577.0,7034.0,9618.0,2188.0,INR/Quintal
2015-12-03,Oilseeds,Maharashtra,Nashik,Nashik Wholesale,2776.0,2277.0,3113.0,3811.0,INR/Quintal
2017-11-15,Apple,Himachal Pradesh,Shimla,Shimla Wholesale,7863.0,6448.0,8818.0,2018.0,INR/Quintal
2022-10-22,Oilseeds,Rajasthan,Jaipur,Jaipur Wholesale,3015.0,2473.0,3381.0,1221.0,INR/Quintal
2018-07-04,Maize,Karnataka,Bangalore,Bangalore Wholesale,2231.0,1830.0,2502.0,2853.0,INR/Quintal
2020-08-17,Apple,Jammu and Kashmir,Srinagar,Srinagar Wholesale,4208.0,3451.0,4719.0,1328.0,INR/Quintal
2016-09-16,Rice,West Bengal,Kolkata,Kolkata Wholesale,1103.0,905.0,1237.0,1499.0,INR/Quintal
2020-03-05,Wheat,Haryana,Faridabad,Faridabad Wholesale,2179.0,1787.0,2444.0,6431.0,INR/Quintal
2018-06-30,Potato,West Bengal,Howrah,Howrah Wholesale,2146.0,1760.0,2407.0,4298.0,INR/Quintal
2019-09-12,Rice,Assam,Kamrup,Kamrup Wholesale,1367.0,1121.0,1533.0,1113.0,INR/Quintal
2022-07-29,Sugarcane,Maharashtra,Mumbai,Mumbai Wholesale,381.0,312.0,427.0,1370.0,INR/Quintal
2015-10-30,Oilseeds,Maharashtra,Nashik,Nashik Wholesale,4253.0,3488.0,4769.0,2659.0,INR/Quintal
2016-09-30,Maize,Telangana,Warangal,Warangal Wholesale,1558.0,1278.0,1747.0,1327.0,INR/Quintal
2015-02-25,Coconut,Karnataka,Hubli,Hubli Wholesale,2435.0,1997.0,2731.0,2355.0,INR/Quintal
2016-12-26,Coconut,Karnataka,Hubli,Hubli Wholesale,1442.0,1183.0,1617.0,5368.0,INR/Quintal
2016-06-09,Apple,Himachal Pradesh,Shimla,Shimla Wholesale,6005.0,4925.0,6734.0,1380.0,INR/Quintal
2016-04-18,Sugarcane,Tamil Nadu,Chennai,Chennai Wholesale,350.0,287.0,392.0,6034.0,INR/Quintal
2015-01-28,Tea,Assam,Cachar,Cachar Wholesale,9515.0,7803.0,10670.0,1269.0,INR/Quintal
2020-10-26,Wheat,Madhya Pradesh,Bhopal,Bhopal Wholesale,2609.0,2140.0,2926.0,2799.0,INR/Quintal
2024-01-01,Potato,Punjab,Patiala,Patiala Wholesale,2087.0,1712.0,2340.0,7029.0,INR/Quintal
2024-06-19,Tea,Kerala,Ernakulam,Ernakulam Wholesale,11610.0,9521.0,13019.0,3311.0,INR/Quintal
2015-12-31,Apple,Jammu and Kashmir,Srinagar,Srinagar Wholesale,7642.0,6267.0,8570.0,902.0,INR/Quintal
2022-06-06,Maize,Madhya Pradesh,Bhopal,Bhopal Wholesale,1771.0,1452.0,1986.0,2148.0,INR/Quintal
2016-06-09,Wheat,Punjab,Amritsar,Amritsar Wholesale,1793.0,1470.0,2011.0,4755.0,INR/Quintal
2022-07-09,Sugarcane,Tamil Nadu,Chennai,Chennai Wholesale,474.0,389.0,532.0,3790.0,INR/Quintal
2018-08-28,Oilseeds,Madhya Pradesh,Bhopal,Bhopal Wholesale,4212.0,3454.0,4723.0,2559.0,INR/Quintal
2017-06-01,Oilseeds,Gujarat,Vadodara,Vadodara Wholesale,2268.0,1860.0,2543.0,1021.0,INR/Quintal
2017-10-27,Coffee,Tamil Nadu,Chennai,Chennai Wholesale,15400.0,12629.0,17270.0,3720.0,INR/Quintal
2017-10-23,Oilseeds,Gujarat,Vadodara,Vadodara Wholesale,3311.0,2715.0,3713.0,4191.0,INR/Quintal
2019-07-05,Pulses,Madhya Pradesh,Bhopal,Bhopal Wholesale,5871.0,4815.0,6584.0,2154.0,INR/Quintal
2017-07-07,Oilseeds,Gujarat,Vadodara,Vadodara Wholesale,4690.0,3846.0,5259.0,1367.0,INR/Quintal
2022-08-29,Pulses,Uttar Pradesh,Varanasi,Varanasi Wholesale,5634.0,4620.0,6318.0,4644.0,INR/Quintal
2021-08-07,Cotton,Maharashtra,Nagpur,Nagpur Wholesale,4726.0,3876.0,5300.0,2857.0,INR/Quintal
2019-11-10,Pulses,Maharashtra,Mumbai,Mumbai Wholesale,5498.0,4509.0,6165.0,4616.0,INR/Quintal
2019-03-12,Wheat,Punjab,Patiala,Patiala Wholesale,2519.0,2066.0,2825.0,8125.0,INR/Quintal
2024-02-28,Tea,Kerala,Thrissur,Thrissur Wholesale,8561.0,7021.0,9600.0,897.0,INR/Quintal
2024-10-17,Wheat,Madhya Pradesh,Bhopal,Bhopal Wholesale,2495.0,2046.0,2798.0,1914.0,INR/Quintal
2022-10-24,Tea,Kerala,Thrissur,Thrissur Wholesale,15962.0,13090.0,17900.0,1584.0,INR/Quintal
2022-08-18,Coffee,Kerala,Ernakulam,Ernakulam Wholesale,14009.0,11488.0,15710.0,2817.0,INR/Quintal
2020-03-21,Cotton,Andhra Pradesh,Chittoor,Chittoor Wholesale,5370.0,4404.0,6022.0,2862.0,INR/Quintal
2023-06-14,Tea,West Bengal,Howrah,Howrah Wholesale,10578.0,8675.0,11862.0,1570.0,INR/Quintal
2018-04-30,Tea,Assam,Cachar,Cachar Wholesale,11541.0,9465.0,12942.0,4572.0,INR/Quintal
2019-07-13,Maize,Madhya Pradesh,Bhopal,Bhopal Wholesale,2408.0,1975.0,2700.0,795.0,INR/Quintal
2016-04-29,Rice,West Bengal,Howrah,Howrah Wholesale,2284.0,1873.0,2561.0,4974.0,INR/Quintal
2020-09-06,Rice,Andhra Pradesh,Chittoor,Chittoor Wholesale,1848.0,1516.0,2072.0,1554.0,INR/Quintal
2016-12-14,Maize,Maharashtra,Nagpur,Nagpur Wholesale,1894.0,1553.0,2124.0,3972.0,INR/Quintal
2017-11-28,Oilseeds,Rajasthan,Jaipur,Jaipur Wholesale,4107.0,3368.0,4606.0,1947.0,INR/Quintal
2020-05-30,Maize,Telangana,Hyderabad,Hyderabad Wholesale,2066.0,1694.0,2317.0,2461.0,INR/Quintal
2018-07-20,Coconut,Kerala,Thrissur,Thrissur Wholesale,1438.0,1179.0,1613.0,3323.0,INR/Quintal
2018-06-08,Tea,Assam,Cachar,Cachar Wholesale,12367.0,10142.0,13868.0,875.0,INR/Quintal
2020-11-03,Tea,Kerala,Ernakulam,Ernakulam Wholesale,9627.0,7895.0,10796.0,1538.0,INR/Quintal
2024-09-15,Maize,Andhra Pradesh,Krishna,Krishna Wholesale,1548.0,1269.0,1736.0,2047.0,INR/Quintal
2015-05-06,Maize,Madhya Pradesh,Bhopal,Bhopal Wholesale,1740.0,1427.0,1951.0,3073.0,INR/Quintal
2022-10-30,Coconut,Karnataka,Hubli,Hubli Wholesale,3604.0,2956.0,4042.0,1899.0,INR/Quintal
2016-06-20,Oilseeds,Madhya Pradesh,Bhopal,Bhopal Wholesale,3141.0,2576.0,3522.0,749.0,INR/Quintal
2021-01-01,Wheat,Haryana,Hisar,Hisar Wholesale,2909.0,2386.0,3262.0,7669.0,INR/Quintal
2024-11-05,Cotton,Gujarat,Vadodara,Vadodara Wholesale,5447.0,4467.0,6108.0,2420.0,INR/Quintal
2023-12-28,Sugarcane,Tamil Nadu,Chennai,Chennai Wholesale,508.0,417.0,570.0,2246.0,INR/Quintal
2020-09-03,Tea,Kerala,Kozhikode,Kozhikode Wholesale,6358.0,5214.0,7130.0,1406.0,INR/Quintal
2019-05-23,Cotton,Andhra Pradesh,Visakhapatnam,Visakhapatnam Wholesale,5399.0,4428.0,6054.0,2035.0,INR/Quintal
2024-06-27,Maize,Bihar,Gaya,Gaya Wholesale,2249.0,1844.0,2522.0,951.0,INR/Quintal
2015-03-08,Coconut,Karnataka,Belgaum,Belgaum Wholesale,2186.0,1793.0,2451.0,1671.0,INR/Quintal
2015-08-21,Oilseeds,Madhya Pradesh,Bhopal,Bhopal Wholesale,4326.0,3548.0,4851.0,740.0,INR/Quintal
2020-11-26,Pulses,Rajasthan,Jaipur,Jaipur Wholesale,5573.0,4570.0,6250.0,827.0,INR/Quintal
2018-03-15,Oilseeds,Gujarat,Vadodara,Vadodara Wholesale,4121.0,3380.0,4621.0,3728.0,INR/Quintal
2020-11-28,Potato,West Bengal,Kolkata,Kolkata Wholesale,2149.0,1762.0,2410.0,3093.0,INR/Quintal
2021-03-25,Potato,Uttar Pradesh,Kanpur,Kanpur Wholesale,1390.0,1140.0,1559.0,6493.0,INR/Quintal
2015-04-21,Cotton,Gujarat,Surat,Surat Wholesale,4676.0,3835.0,5244.0,757.0,INR/Quintal
2019-02-02,Rice,Uttar Pradesh,Varanasi,Varanasi Wholesale,1482.0,1215.0,1662.0,8776.0,INR/Quintal
2020-09-12,Potato,Uttar Pradesh,Kanpur,Kanpur Wholesale,1265.0,1037.0,1419.0,4413.0,INR/Quintal
2016-09-14,Potato,West Bengal,Howrah,Howrah Wholesale,1616.0,1325.0,1812.0,3725.0,INR/Quintal
2025-07-14,Wheat,Madhya Pradesh,Bhopal,Bhopal Wholesale,2005.0,1644.0,2248.0,1442.0,INR/Quintal
2024-06-02,Pulses,Uttar Pradesh,Lucknow,Lucknow Wholesale,4302.0,3528.0,4824.0,5237.0,INR/Quintal
2022-08-27,Coconut,Tamil Nadu,Madurai,Madurai Wholesale,1467.0,1203.0,1645.0,1023.0,INR/Quintal
2022-03-27,Wheat,Madhya Pradesh,Bhopal,Bhopal Wholesale,2523.0,2069.0,2829.0,4344.0,INR/Quintal
2024-12-04,Pulses,Uttar Pradesh,Lucknow,Lucknow Wholesale,4735.0,3883.0,5310.0,1839.0,INR/Quintal
2021-10-08,Coconut,Kerala,Thrissur,Thrissur Wholesale,1572.0,1289.0,1763.0,1165.0,INR/Quintal
2022-04-14,Coffee,Tamil Nadu,Chennai,Chennai Wholesale,17373.0,14247.0,19482.0,3754.0,INR/Quintal
2019-03-22,Sugarcane,Tamil Nadu,Chennai,Chennai Wholesale,464.0,381.0,520.0,4541.0,INR/Quintal
2022-07-02,Tea,Assam,Cachar,Cachar Wholesale,10069.0,8257.0,11291.0,2052.0,INR/Quintal
2018-07-29,Potato,West Bengal,Kolkata,Kolkata Wholesale,1490.0,1222.0,1671.0,897.0,INR/Quintal
2024-04-14,Coconut,Tamil Nadu,Chennai,Chennai Wholesale,1519.0,1246.0,1703.0,3322.0,INR/Quintal
2019-10-28,Tea,Kerala,Kozhikode,Kozhikode Wholesale,14467.0,11864.0,16223.0,2755.0,INR/Quintal
2024-08-15,Potato,Uttar Pradesh,Lucknow,Lucknow Wholesale,1277.0,1047.0,1432.0,4914.0,INR/Quintal
2020-05-29,Wheat,Rajasthan,Jaipur,Jaipur Wholesale,2872.0,2355.0,3221.0,2543.0,INR/Quintal
2021-06-20,Sugarcane,Tamil Nadu,Chennai,Chennai Wholesale,527.0,432.0,591.0,3383.0,INR/Quintal
2017-05-26,Wheat,Rajasthan,Jaipur,Jaipur Wholesale,2416.0,1981.0,2709.0,807.0,INR/Quintal
2020-06-12,Coconut,Kerala,Ernakulam,Ernakulam Wholesale,1196.0,981.0,1341.0,1121.0,INR/Quintal
2025-06-09,Apple,Himachal Pradesh,Shimla,Shimla Wholesale,8176.0,6705.0,9169.0,818.0,INR/Quintal
2024-06-10,Wheat,Haryana,Hisar,Hisar Wholesale,2015.0,1652.0,2260.0,3776.0,INR/Quintal
2018-08-05,Pulses,Maharashtra,Nagpur,Nagpur Wholesale,6197.0,5082.0,6949.0,3648.0,INR/Quintal
2018-12-31,Rice,Assam,Cachar,Cachar Wholesale,2811.0,2305.0,3152.0,2059.0,INR/Quintal
2022-06-02,Oilseeds,Rajasthan,Udaipur,Udaipur Wholesale,5950.0,4879.0,6672.0,747.0,INR/Quintal
2021-05-13,Cotton,Andhra Pradesh,Guntur,Guntur Wholesale,6874.0,5637.0,7709.0,3418.0,INR/Quintal
2019-09-30,Tea,Assam,Dibrugarh,Dibrugarh Wholesale,11448.0,9388.0,12838.0,690.0,INR/Quintal
2019-05-25,Coffee,Kerala,Ernakulam,Ernakulam Wholesale,15935.0,13068.0,17870.0,3570.0,INR/Quintal
2019-03-07,Potato,Uttar Pradesh,Varanasi,Varanasi Wholesale,1209.0,991.0,1356.0,2436.0,INR/Quintal
2022-04-25,Wheat,Rajasthan,Jaipur,Jaipur Wholesale,2382.0,1953.0,2671.0,2356.0,INR/Quintal
2022-01-07,Rice,Odisha,Bhubaneswar,Bhubaneswar Wholesale,2748.0,2254.0,3082.0,3747.0,INR/Quintal
2024-05-14,Wheat,Haryana,Faridabad,Faridabad Wholesale,3090.0,2534.0,3465.0,2458.0,INR/Quintal
2022-11-30,Sugarcane,Uttar Pradesh,Kanpur,Kanpur Wholesale,471.0,386.0,528.0,1074.0,INR/Quintal
2024-08-18,Pulses,Madhya Pradesh,Bhopal,Bhopal Wholesale,7076.0,5803.0,7935.0,1797.0,INR/Quintal
2025-09-06,Coffee,Kerala,Thrissur,Thrissur Wholesale,23859.0,19566.0,26756.0,417.0,INR/Quintal
2021-07-25,Oilseeds,Rajasthan,Udaipur,Udaipur Wholesale,4197.0,3442.0,4707.0,1871.0,INR/Quintal
2019-06-19,Coconut,Karnataka,Hubli,Hubli Wholesale,1898.0,1557.0,2128.0,4280.0,INR/Quintal
2025-03-24,Sugarcane,Maharashtra,Nashik,Nashik Wholesale,515.0,422.0,578.0,3349.0,INR/Quintal
2022-11-10,Maize,Maharashtra,Pune,Pune Wholesale,1992.0,1634.0,2234.0,2981.0,INR/Quintal
2018-03-06,Coffee,Karnataka,Belgaum,Belgaum Wholesale,10764.0,8827.0,12071.0,6692.0,INR/Quintal
2017-01-28,Wheat,Punjab,Patiala,Patiala Wholesale,1990.0,1632.0,2232.0,4519.0,INR/Quintal
2023-01-25,Sugarcane,Karnataka,Hubli,Hubli Wholesale,557.0,457.0,625.0,6305.0,INR/Quintal
2015-08-31,Oilseeds,Madhya Pradesh,Bhopal,Bhopal Wholesale,2146.0,1760.0,2407.0,714.0,INR/Quintal
2022-02-03,Rice,Bihar,Gaya,Gaya Wholesale,2896.0,2375.0,3248.0,4649.0,INR/Quintal
2017-11-29,Rice,Bihar,Muzaffarpur,Muzaffarpur Wholesale,2843.0,2331.0,3188.0,2921.0,INR/Quintal
2015-08-17,Tea,Assam,Dibrugarh,Dibrugarh Wholesale,11487.0,9420.0,12882.0,2621.0,INR/Quintal
2022-02-08,Oilseeds,Gujarat,Ahmedabad,Ahmedabad Wholesale,4488.0,3681.0,5033.0,1385.0,INR/Quintal
2017-07-08,Rice,West Bengal,Howrah,Howrah Wholesale,2560.0,2099.0,2871.0,1646.0,INR/Quintal
2018-05-31,Sugarcane,Karnataka,Belgaum,Belgaum Wholesale,397.0,326.0,445.0,1385.0,INR/Quintal
2015-01-06,Tea,West Bengal,Kolkata,Kolkata Wholesale,7096.0,5819.0,7957.0,5944.0,INR/Quintal
2024-04-16,Apple,Himachal Pradesh,Mandi,Mandi Wholesale,10913.0,8950.0,12238.0,1524.0,INR/Quintal
2016-04-12,Rice,Bihar,Purnia,Purnia Wholesale,1921.0,1575.0,2154.0,5789.0,INR/Quintal
2019-10-22,Coffee,Kerala,Ernakulam,Ernakulam Wholesale,17903.0,14682.0,20076.0,1081.0,INR/Quintal
2015-03-16,Pulses,Rajasthan,Jodhpur,Jodhpur Wholesale,4594.0,3767.0,5152.0,972.0,INR/Quintal
2015-01-04,Maize,Maharashtra,Mumbai,Mumbai Wholesale,1255.0,1029.0,1407.0,2742.0,INR/Quintal
2020-02-14,Oilseeds,Rajasthan,Udaipur,Udaipur Wholesale,5587.0,4582.0,6265.0,2811.0,INR/Quintal
2016-10-07,Sugarcane,Karnataka,Mysore,Mysore Wholesale,431.0,353.0,483.0,3504.0,INR/Quintal
2015-04-28,Potato,Uttar Pradesh,Kanpur,Kanpur Wholesale,724.0,594.0,812.0,4222.0,INR/Quintal
2023-01-07,Wheat,Uttar Pradesh,Lucknow,Lucknow Wholesale,3077.0,2523.0,3451.0,7964.0,INR/Quintal
2019-06-18,Sugarcane,Tamil Nadu,Coimbatore,Coimbatore Wholesale,460.0,377.0,516.0,1759.0,INR/Quintal
2021-12-26,Rice,Punjab,Amritsar,Amritsar Wholesale,2295.0,1882.0,2574.0,5431.0,INR/Quintal
2020-07-14,Sugarcane,Maharashtra,Mumbai,Mumbai Wholesale,450.0,369.0,505.0,4211.0,INR/Quintal
2017-08-04,Potato,Bihar,Purnia,Purnia Wholesale,700.0,574.0,785.0,1283.0,INR/Quintal
2022-03-06,Wheat,Bihar,Purnia,Purnia Wholesale,2493.0,2044.0,2796.0,808.0,INR/Quintal
2019-01-04,Tea,Assam,Cachar,Cachar Wholesale,6425.0,5269.0,7205.0,1972.0,INR/Quintal
2015-07-13,Rice,West Bengal,Howrah,Howrah Wholesale,2090.0,1714.0,2344.0,658.0,INR/Quintal
2017-04-26,Cotton,Andhra Pradesh,Chittoor,Chittoor Wholesale,5998.0,4919.0,6726.0,6884.0,INR/Quintal
2022-07-25,Rice,Andhra Pradesh,Krishna,Krishna Wholesale,3326.0,2728.0,3730.0,4887.0,INR/Quintal
2018-11-16,Maize,Maharashtra,Nagpur,Nagpur Wholesale,2098.0,1721.0,2353.0,4209.0,INR/Quintal
2023-06-25,Apple,Jammu and Kashmir,Srinagar,Srinagar Wholesale,5267.0,4319.0,5906.0,1508.0,INR/Quintal
2018-12-29,Cotton,Andhra Pradesh,Guntur,Guntur Wholesale,7265.0,5958.0,8147.0,1901.0,INR/Quintal
2021-01-29,Maize,Telangana,Warangal,Warangal Wholesale,2092.0,1716.0,2346.0,862.0,INR/Quintal
2024-03-25,Potato,Uttar Pradesh,Lucknow,Lucknow Wholesale,1790.0,1468.0,2007.0,8013.0,INR/Quintal
2019-07-27,Oilseeds,Gujarat,Ahmedabad,Ahmedabad Wholesale,2808.0,2303.0,3149.0,3077.0,INR/Quintal
2021-07-01,Wheat,Punjab,Ludhiana,Ludhiana Wholesale,2782.0,2281.0,3120.0,4548.0,INR/Quintal
2018-12-04,Pulses,Maharashtra,Nashik,Nashik Wholesale,6314.0,5178.0,7081.0,5211.0,INR/Quintal
2018-02-15,Tea,West Bengal,Darjeeling,Darjeeling Wholesale,16677.0,13676.0,18702.0,3246.0,INR/Quintal
2022-11-23,Pulses,Uttar Pradesh,Varanasi,Varanasi Wholesale,7045.0,5777.0,7900.0,1467.0,INR/Quintal
2019-12-16,Coffee,Tamil Nadu,Chennai,Chennai Wholesale,12372.0,10146.0,13874.0,4485.0,INR/Quintal
2016-12-24,Coffee,Kerala,Kozhikode,Kozhikode Wholesale,18883.0,15486.0,21175.0,2034.0,INR/Quintal
2015-08-13,Potato,Punjab,Amritsar,Amritsar Wholesale,1233.0,1011.0,1383.0,4687.0,INR/Quintal
2016-06-15,Oilseeds,Madhya Pradesh,Bhopal,Bhopal Wholesale,2567.0,2105.0,2879.0,1976.0,INR/Quintal
2015-04-23,Apple,Jammu and Kashmir,Srinagar,Srinagar Wholesale,6344.0,5203.0,7114.0,744.0,INR/Quintal
2020-12-27,Apple,Himachal Pradesh,Kangra,Kangra Wholesale,8122.0,6661.0,9108.0,635.0,INR/Quintal
2016-07-12,Coffee,Karnataka,Mysore,Mysore Wholesale,12965.0,10632.0,14539.0,3598.0,INR/Quintal
2020-08-10,Rice,West Bengal,Darjeeling,Darjeeling Wholesale,1213.0,995.0,1360.0,2513.0,INR/Quintal
2020-11-07,Sugarcane,Uttar Pradesh,Varanasi,Varanasi Wholesale,379.0,311.0,425.0,2959.0,INR/Quintal
2016-10-15,Maize,Maharashtra,Nagpur,Nagpur Wholesale,1648.0,1351.0,1848.0,2612.0,INR/Quintal
2015-11-16,Coffee,Tamil Nadu,Chennai,Chennai Wholesale,9510.0,7799.0,10665.0,2780.0,INR/Quintal
2019-04-23,Potato,Punjab,Patiala,Patiala Wholesale,886.0,727.0,994.0,2981.0,INR/Quintal
2020-01-03,Coconut,Andhra Pradesh,Krishna,Krishna Wholesale,2050.0,1681.0,2299.0,3038.0,INR/Quintal
2020-04-01,Maize,Maharashtra,Nashik,Nashik Wholesale,2486.0,2039.0,2788.0,2974.0,INR/Quintal
2015-05-19,Rice,Punjab,Patiala,Patiala Wholesale,2528.0,2073.0,2835.0,3878.0,INR/Quintal
2024-10-22,Oilseeds,Maharashtra,Pune,Pune Wholesale,3758.0,3082.0,4214.0,2649.0,INR/Quintal
2022-12-02,Wheat,Bihar,Purnia,Purnia Wholesale,2966.0,2432.0,3326.0,1280.0,INR/Quintal
2020-07-19,Apple,Jammu and Kashmir,Srinagar,Srinagar Wholesale,7162.0,5873.0,8031.0,772.0,INR/Quintal
2021-04-25,Pulses,Maharashtra,Nagpur,Nagpur Wholesale,5152.0,4225.0,5777.0,3660.0,INR/Quintal
2025-04-02,Rice,Punjab,Patiala,Patiala Wholesale,2518.0,2065.0,2824.0,3377.0,INR/Quintal
2017-06-20,Tea,Kerala,Kozhikode,Kozhikode Wholesale,8689.0,7126.0,9744.0,3995.0,INR/Quintal
2016-11-20,Cotton,Maharashtra,Nashik,Nashik Wholesale,4840.0,3969.0,5428.0,919.0,INR/Quintal
2020-08-01,Potato,Bihar,Gaya,Gaya Wholesale,1242.0,1019.0,1393.0,2512.0,INR/Quintal
2015-01-10,Apple,Jammu and Kashmir,Srinagar,Srinagar Wholesale,5639.0,4624.0,6324.0,591.0,INR/Quintal
2015-09-18,Pulses,Uttar Pradesh,Varanasi,Varanasi Wholesale,4584.0,3759.0,5141.0,4492.0,INR/Quintal
2020-04-26,Tea,Kerala,Ernakulam,Ernakulam Wholesale,13059.0,10709.0,14644.0,4650.0,INR/Quintal
2019-08-01,Wheat,Uttar Pradesh,Lucknow,Lucknow Wholesale,2082.0,1707.0,2335.0,2561.0,INR/Quintal
2021-01-28,Tea,West Bengal,Kolkata,Kolkata Wholesale,17230.0,14130.0,19322.0,5320.0,INR/Quintal
2023-01-24,Coconut,Tamil Nadu,Chennai,Chennai Wholesale,2674.0,2193.0,2999.0,2055.0,INR/Quintal
2020-08-22,Oilseeds,Rajasthan,Jodhpur,Jodhpur Wholesale,5618.0,4607.0,6300.0,586.0,INR/Quintal
2018-04-06,Cotton,Gujarat,Ahmedabad,Ahmedabad Wholesale,5620.0,4609.0,6302.0,2905.0,INR/Quintal
2025-03-02,Maize,Andhra Pradesh,Guntur,Guntur Wholesale,2732.0,2240.0,3064.0,3179.0,INR/Quintal
2019-06-08,Pulses,Maharashtra,Nashik,Nashik Wholesale,6117.0,5016.0,6860.0,2975.0,INR/Quintal
2015-11-17,Cotton,Andhra Pradesh,Guntur,Guntur Wholesale,5913.0,4849.0,6631.0,2222.0,INR/Quintal
2018-09-04,Sugarcane,Maharashtra,Nashik,Nashik Wholesale,434.0,356.0,487.0,2139.0,INR/Quintal
2019-06-25,Rice,Chhattisgarh,Raipur,Raipur Wholesale,1310.0,1074.0,1469.0,2587.0,INR/Quintal
2021-07-04,Sugarcane,Tamil Nadu,Coimbatore,Coimbatore Wholesale,522.0,428.0,585.0,1501.0,INR/Quintal
2022-10-03,Rice,West Bengal,Kolkata,Kolkata Wholesale,1469.0,1205.0,1647.0,475.0,INR/Quintal
2022-09-25,Oilseeds,Rajasthan,Jaipur,Jaipur Wholesale,4465.0,3662.0,5007.0,1325.0,INR/Quintal
2020-06-17,Cotton,Telangana,Warangal,Warangal Wholesale,5739.0,4706.0,6436.0,2266.0,INR/Quintal
2023-02-06,Wheat,Madhya Pradesh,Bhopal,Bhopal Wholesale,2393.0,1962.0,2684.0,776.0,INR/Quintal
2020-04-27,Coffee,Karnataka,Mysore,Mysore Wholesale,19383.0,15896.0,21736.0,1527.0,INR/Quintal
2024-11-30,Tea,Kerala,Ernakulam,Ernakulam Wholesale,16103.0,13206.0,18058.0,1900.0,INR/Quintal
2020-07-31,Coffee,Kerala,Kozhikode,Kozhikode Wholesale,15514.0,12723.0,17397.0,1058.0,INR/Quintal
2024-07-22,Cotton,Andhra Pradesh,Visakhapatnam,Visakhapatnam Wholesale,8843.0,7252.0,9917.0,4538.0,INR/Quintal
2025-01-25,Sugarcane,Maharashtra,Nagpur,Nagpur Wholesale,506.0,415.0,567.0,1913.0,INR/Quintal
2018-01-23,Coffee,Kerala,Kozhikode,Kozhikode Wholesale,10820.0,8873.0,12134.0,543.0,INR/Quintal
2025-08-24,Potato,West Bengal,Kolkata,Kolkata Wholesale,1021.0,837.0,1145.0,2047.0,INR/Quintal
2019-05-24,Apple,Jammu and Kashmir,Srinagar,Srinagar Wholesale,7370.0,6044.0,8265.0,2271.0,INR/Quintal
2021-06-23,Coffee,Tamil Nadu,Chennai,Chennai Wholesale,9646.0,7910.0,10817.0,3688.0,INR/Quintal
2015-08-24,Rice,Assam,Dibrugarh,Dibrugarh Wholesale,1961.0,1608.0,2199.0,1239.0,INR/Quintal
2020-05-23,Potato,Bihar,Purnia,Purnia Wholesale,831.0,681.0,932.0,662.0,INR/Quintal
2015-11-30,Pulses,Uttar Pradesh,Lucknow,Lucknow Wholesale,4300.0,3526.0,4822.0,3420.0,INR/Quintal
2020-03-23,Coffee,Tamil Nadu,Chennai,Chennai Wholesale,18571.0,15230.0,20826.0,2044.0,INR/Quintal
2016-01-11,Potato,Bihar,Patna,Patna Wholesale,1224.0,1004.0,1373.0,3927.0,INR/Quintal
2024-08-31,Cotton,Andhra Pradesh,Guntur,Guntur Wholesale,5703.0,4677.0,6395.0,2774.0,INR/Quintal
2018-03-06,Apple,Jammu and Kashmir,Srinagar,Srinagar Wholesale,4643.0,3808.0,5207.0,881.0,INR/Quintal
2022-03-20,Tea,West Bengal,Darjeeling,Darjeeling Wholesale,12597.0,10331.0,14126.0,1158.0,INR/Quintal
2019-04-20,Apple,Himachal Pradesh,Mandi,Mandi Wholesale,4124.0,3382.0,4625.0,2455.0,INR/Quintal
2022-01-04,Pulses,Maharashtra,Nagpur,Nagpur Wholesale,5751.0,4716.0,6449.0,4686.0,INR/Quintal
2018-08-12,Wheat,Haryana,Faridabad,Faridabad Wholesale,2297.0,1884.0,2576.0,4445.0,INR/Quintal
2024-04-14,Wheat,Rajasthan,Jaipur,Jaipur Wholesale,1984.0,1627.0,2225.0,1472.0,INR/Quintal
2023-02-13,Oilseeds,Madhya Pradesh,Bhopal,Bhopal Wholesale,3977.0,3261.0,4460.0,3465.0,INR/Quintal
2024-12-22,Coffee,Kerala,Ernakulam,Ernakulam Wholesale,16469.0,13506.0,18468.0,827.0,INR/Quintal
2020-01-30,Tea,Assam,Dibrugarh,Dibrugarh Wholesale,9589.0,7864.0,10753.0,1668.0,INR/Quintal
2018-10-04,Coconut,Andhra Pradesh,Krishna,Krishna Wholesale,2306.0,1891.0,2586.0,3068.0,INR/Quintal
2025-09-16,Maize,Karnataka,Belgaum,Belgaum Wholesale,2010.0,1648.0,2254.0,3246.0,INR/Quintal
2025-07-17,Potato,Uttar Pradesh,Varanasi,Varanasi Wholesale,1462.0,1199.0,1639.0,2479.0,INR/Quintal
2017-05-22,Pulses,Madhya Pradesh,Bhopal,Bhopal Wholesale,5716.0,4688.0,6410.0,3767.0,INR/Quintal
2018-06-06,Cotton,Andhra Pradesh,Chittoor,Chittoor Wholesale,4890.0,4010.0,5484.0,4260.0,INR/Quintal
2021-05-06,Coffee,Tamil Nadu,Chennai,Chennai Wholesale,17296.0,14184.0,19396.0,2617.0,INR/Quintal
2020-01-26,Cotton,Andhra Pradesh,Chittoor,Chittoor Wholesale,6344.0,5203.0,7114.0,6132.0,INR/Quintal
2022-10-16,Maize,Bihar,Purnia,Purnia Wholesale,1821.0,1493.0,2042.0,2066.0,INR/Quintal
2018-08-07,Oilseeds,Rajasthan,Jodhpur,Jodhpur Wholesale,4559.0,3739.0,5112.0,1771.0,INR/Quintal
2016-12-25,Coconut,Kerala,Kozhikode,Kozhikode Wholesale,2165.0,1775.0,2428.0,2184.0,INR/Quintal
2023-11-11,Maize,Maharashtra,Nashik,Nashik Wholesale,2080.0,1706.0,2333.0,2804.0,INR/Quintal
2020-08-14,Apple,Himachal Pradesh,Kangra,Kangra Wholesale,8018.0,6575.0,8991.0,1597.0,INR/Quintal
2022-12-08,Apple,Himachal Pradesh,Mandi,Mandi Wholesale,9332.0,7653.0,10465.0,913.0,INR/Quintal
2024-06-12,Rice,Chhattisgarh,Raipur,Raipur Wholesale,3741.0,3068.0,4195.0,465.0,INR/Quintal
2015-03-19,Sugarcane,Tamil Nadu,Chennai,Chennai Wholesale,394.0,323.0,442.0,6376.0,INR/Quintal
2024-07-13,Pulses,Uttar Pradesh,Kanpur,Kanpur Wholesale,7142.0,5857.0,8009.0,5371.0,INR/Quintal
2022-03-06,Sugarcane,Maharashtra,Mumbai,Mumbai Wholesale,363.0,298.0,407.0,3633.0,INR/Quintal
2015-05-12,Maize,Andhra Pradesh,Visakhapatnam,Visakhapatnam Wholesale,1730.0,1419.0,1940.0,1842.0,INR/Quintal
2016-08-23,Coconut,Andhra Pradesh,Visakhapatnam,Visakhapatnam Wholesale,1472.0,1207.0,1651.0,3144.0,INR/Quintal
2019-11-08,Apple,Himachal Pradesh,Shimla,Shimla Wholesale,4276.0,3507.0,4795.0,363.0,INR/Quintal
2017-12-01,Oilseeds,Gujarat,Rajkot,Rajkot Wholesale,3812.0,3126.0,4275.0,2888.0,INR/Quintal
2020-11-06,Oilseeds,Maharashtra,Nagpur,Nagpur Wholesale,4877.0,4000.0,5469.0,979.0,INR/Quintal
2021-09-15,Wheat,Haryana,Gurgaon,Gurgaon Wholesale,2256.0,1850.0,2530.0,3127.0,INR/Quintal
2021-06-01,Apple,Jammu and Kashmir,Srinagar,Srinagar Wholesale,7494.0,6146.0,8404.0,249.0,INR/Quintal
2020-02-07,Coffee,Karnataka,Belgaum,Belgaum Wholesale,17554.0,14396.0,19685.0,4617.0,INR/Quintal
2018-08-11,Coconut,Karnataka,Belgaum,Belgaum Wholesale,2043.0,1675.0,2291.0,2874.0,INR/Quintal
2016-09-07,Wheat,Haryana,Karnal,Karnal Wholesale,1844.0,1512.0,2068.0,2638.0,INR/Quintal
2024-11-06,Pulses,Maharashtra,Pune,Pune Wholesale,5268.0,4320.0,5908.0,1423.0,INR/Quintal
2022-10-18,Pulses,Uttar Pradesh,Lucknow,Lucknow Wholesale,4900.0,4018.0,5495.0,1062.0,INR/Quintal
2025-04-20,Pulses,Rajasthan,Jaipur,Jaipur Wholesale,6420.0,5265.0,7199.0,1684.0,INR/Quintal
2025-02-25,Cotton,Andhra Pradesh,Guntur,Guntur Wholesale,5652.0,4635.0,6338.0,3921.0,INR/Quintal
2021-10-05,Wheat,Madhya Pradesh,Bhopal,Bhopal Wholesale,1879.0,1541.0,2107.0,2007.0,INR/Quintal
2020-03-03,Cotton,Telangana,Warangal,Warangal Wholesale,6877.0,5640.0,7712.0,592.0,INR/Quintal
2017-11-12,Sugarcane,Tamil Nadu,Coimbatore,Coimbatore Wholesale,405.0,332.0,454.0,3459.0,INR/Quintal
2016-07-28,Apple,Himachal Pradesh,Shimla,Shimla Wholesale,5836.0,4786.0,6544.0,1576.0,INR/Quintal
2020-12-30,Coffee,Kerala,Kozhikode,Kozhikode Wholesale,11304.0,9270.0,12676.0,2000.0,INR/Quintal
2017-09-19,Maize,Andhra Pradesh,Guntur,Guntur Wholesale,1708.0,1401.0,1915.0,1718.0,INR/Quintal
2022-06-05,Apple,Himachal Pradesh,Kangra,Kangra Wholesale,9249.0,7585.0,10372.0,2145.0,INR/Quintal
2021-01-01,Coconut,Tamil Nadu,Chennai,Chennai Wholesale,3280.0,2690.0,3678.0,5099.0,INR/Quintal
2018-06-02,Potato,Punjab,Patiala,Patiala Wholesale,1694.0,1389.0,1900.0,7387.0,INR/Quintal
2023-05-13,Wheat,Madhya Pradesh,Bhopal,Bhopal Wholesale,1934.0,1586.0,2169.0,2000.0,INR/Quintal
2016-05-17,Apple,Jammu and Kashmir,Srinagar,Srinagar Wholesale,6543.0,5366.0,7337.0,2107.0,INR/Quintal
2020-06-20,Potato,Bihar,Muzaffarpur,Muzaffarpur Wholesale,991.0,813.0,1111.0,893.0,INR/Quintal
2017-03-31,Apple,Jammu and Kashmir,Srinagar,Srinagar Wholesale,4851.0,3978.0,5440.0,1223.0,INR/Quintal
2025-02-04,Oilseeds,Gujarat,Rajkot,Rajkot Wholesale,3364.0,2759.0,3772.0,3922.0,INR/Quintal
2020-11-21,Wheat,Madhya Pradesh,Bhopal,Bhopal Wholesale,2617.0,2146.0,2935.0,1689.0,INR/Quintal
2023-07-08,Sugarcane,Maharashtra,Nagpur,Nagpur Wholesale,493.0,404.0,553.0,3661.0,INR/Quintal
2020-05-24,Wheat,Madhya Pradesh,Bhopal,Bhopal Wholesale,2429.0,1992.0,2724.0,1165.0,INR/Quintal
2015-07-17,Cotton,Telangana,Hyderabad,Hyderabad Wholesale,6004.0,4924.0,6733.0,3365.0,INR/Quintal
2019-07-28,Coffee,Tamil Nadu,Madurai,Madurai Wholesale,11535.0,9460.0,12935.0,2789.0,INR/Quintal
2022-03-11,Maize,Telangana,Warangal,Warangal Wholesale,1990.0,1632.0,2232.0,5346.0,INR/Quintal
2021-09-04,Tea,West Bengal,Darjeeling,Darjeeling Wholesale,16047.0,13160.0,17995.0,394.0,INR/Quintal
2018-04-17,Maize,Maharashtra,Mumbai,Mumbai Wholesale,2002.0,1642.0,2245.0,5462.0,INR/Quintal
2022-02-14,Apple,Himachal Pradesh,Shimla,Shimla Wholesale,9263.0,7596.0,10388.0,1484.0,INR/Quintal
2019-01-11,Coconut,Tamil Nadu,Madurai,Madurai Wholesale,1763.0,1446.0,1977.0,3508.0,INR/Quintal
2024-10-11,Coconut,Kerala,Ernakulam,Ernakulam Wholesale,3227.0,2646.0,3619.0,2278.0,INR/Quintal
2023-06-14,Maize,Andhra Pradesh,Visakhapatnam,Visakhapatnam Wholesale,2034.0,1668.0,2281.0,1827.0,INR/Quintal
2019-07-05,Oilseeds,Madhya Pradesh,Bhopal,Bhopal Wholesale,4492.0,3684.0,5037.0,967.0,INR/Quintal
2019-08-20,Sugarcane,Uttar Pradesh,Varanasi,Varanasi Wholesale,413.0,339.0,463.0,4068.0,INR/Quintal
2018-08-05,Potato,West Bengal,Kolkata,Kolkata Wholesale,2096.0,1719.0,2350.0,2317.0,INR/Quintal
2020-07-28,Coconut,Karnataka,Mysore,Mysore Wholesale,1562.0,1281.0,1752.0,1451.0,INR/Quintal
2016-04-22,Apple,Jammu and Kashmir,Srinagar,Srinagar Wholesale,6566.0,5385.0,7363.0,1350.0,INR/Quintal
2018-06-08,Sugarcane,Uttar Pradesh,Lucknow,Lucknow Wholesale,421.0,345.0,472.0,3852.0,INR/Quintal
2017-07-11,Tea,Kerala,Ernakulam,Ernakulam Wholesale,6418.0,5263.0,7197.0,2456.0,INR/Quintal
2016-02-24,Oilseeds,Madhya Pradesh,Bhopal,Bhopal Wholesale,2264.0,1857.0,2539.0,516.0,INR/Quintal
2021-01-13,Coffee,Karnataka,Bangalore,Bangalore Wholesale,22831.0,18723.0,25603.0,3973.0,INR/Quintal
2022-02-10,Apple,Himachal Pradesh,Kangra,Kangra Wholesale,5041.0,4134.0,5653.0,2032.0,INR/Quintal
2024-08-13,Maize,Andhra Pradesh,Chittoor,Chittoor Wholesale,1761.0,1444.0,1975.0,3424.0,INR/Quintal
2018-01-25,Cotton,Telangana,Hyderabad,Hyderabad Wholesale,7559.0,6199.0,8477.0,4659.0,INR/Quintal
2023-05-27,Oilseeds,Gujarat,Surat,Surat Wholesale,5148.0,4222.0,5773.0,3424.0,INR/Quintal
2023-05-03,Coconut,Karnataka,Hubli,Hubli Wholesale,1861.0,1526.0,2087.0,2582.0,INR/Quintal
2024-07-14,Pulses,Rajasthan,Udaipur,Udaipur Wholesale,6062.0,4971.0,6798.0,571.0,INR/Quintal
2017-08-08,Coconut,Andhra Pradesh,Chittoor,Chittoor Wholesale,2192.0,1798.0,2458.0,1790.0,INR/Quintal
2021-05-25,Wheat,Rajasthan,Jodhpur,Jodhpur Wholesale,2766.0,2268.0,3102.0,651.0,INR/Quintal
2018-07-01,Sugarcane,Maharashtra,Pune,Pune Wholesale,446.0,366.0,500.0,4545.0,INR/Quintal
2021-02-21,Oilseeds,Rajasthan,Jodhpur,Jodhpur Wholesale,5304.0,4350.0,5948.0,3643.0,INR/Quintal
2022-03-30,Pulses,Madhya Pradesh,Bhopal,Bhopal Wholesale,4398.0,3607.0,4932.0,2473.0,INR/Quintal
2020-02-01,Coconut,Kerala,Kozhikode,Kozhikode Wholesale,2623.0,2151.0,2941.0,1681.0,INR/Quintal
2024-11-02,Potato,Punjab,Patiala,Patiala Wholesale,712.0,584.0,798.0,1315.0,INR/Quintal
2016-05-31,Tea,West Bengal,Kolkata,Kolkata Wholesale,7032.0,5767.0,7886.0,5478.0,INR/Quintal
2019-07-17,Tea,West Bengal,Darjeeling,Darjeeling Wholesale,16310.0,13375.0,18290.0,4160.0,INR/Quintal
2020-02-09,Maize,Maharashtra,Nagpur,Nagpur Wholesale,1408.0,1155.0,1579.0,2781.0,INR/Quintal
2022-12-22,Maize,Bihar,Purnia,Purnia Wholesale,2154.0,1766.0,2415.0,3298.0,INR/Quintal
2018-02-15,Oilseeds,Rajasthan,Udaipur,Udaipur Wholesale,4928.0,4041.0,5526.0,1467.0,INR/Quintal
2022-10-24,Oilseeds,Gujarat,Surat,Surat Wholesale,3799.0,3115.0,4260.0,1344.0,INR/Quintal
2020-04-16,Coffee,Karnataka,Hubli,Hubli Wholesale,10801.0,8858.0,12112.0,825.0,INR/Quintal
2023-11-05,Wheat,Punjab,Ludhiana,Ludhiana Wholesale,2745.0,2251.0,3078.0,3949.0,INR/Quintal
2017-03-25,Rice,Bihar,Purnia,Purnia Wholesale,3031.0,2486.0,3399.0,1527.0,INR/Quintal
2021-03-25,Potato,Uttar Pradesh,Varanasi,Varanasi Wholesale,1859.0,1525.0,2085.0,1084.0,INR/Quintal
2020-03-15,Maize,Maharashtra,Nagpur,Nagpur Wholesale,2045.0,1677.0,2293.0,1642.0,INR/Quintal
2021-03-13,Rice,Odisha,Bhubaneswar,Bhubaneswar Wholesale,1723.0,1413.0,1932.0,2237.0,INR/Quintal
2023-03-15,Rice,Odisha,Bhubaneswar,Bhubaneswar Wholesale,1278.0,1048.0,1433.0,4108.0,INR/Quintal
2025-04-25,Apple,Jammu and Kashmir,Srinagar,Srinagar Wholesale,8415.0,6901.0,9437.0,711.0,INR/Quintal
2020-08-24,Wheat,Punjab,Patiala,Patiala Wholesale,1991.0,1633.0,2233.0,4990.0,INR/Quintal
2023-11-03,Cotton,Andhra Pradesh,Chittoor,Chittoor Wholesale,8152.0,6685.0,9142.0,1834.0,INR/Quintal
2025-03-08,Cotton,Andhra Pradesh,Krishna,Krishna Wholesale,7019.0,5756.0,7871.0,3105.0,INR/Quintal
2024-02-15,Maize,Karnataka,Mysore,Mysore Wholesale,2198.0,1803.0,2465.0,2052.0,INR/Quintal
2023-11-03,Coconut,Karnataka,Bangalore,Bangalore Wholesale,3110.0,2550.0,3488.0,1535.0,INR/Quintal
2020-09-25,Pulses,Uttar Pradesh,Varanasi,Varanasi Wholesale,6139.0,5034.0,6884.0,875.0,INR/Quintal
2021-06-29,Coconut,Kerala,Thrissur,Thrissur Wholesale,2697.0,2212.0,3024.0,1461.0,INR/Quintal
2022-12-01,Wheat,Bihar,Gaya,Gaya Wholesale,2951.0,2420.0,3309.0,4368.0,INR/Quintal
2025-04-14,Wheat,Haryana,Karnal,Karnal Wholesale,3227.0,2646.0,3619.0,6346.0,INR/Quintal
2015-05-10,Sugarcane,Karnataka,Mysore,Mysore Wholesale,442.0,362.0,496.0,5615.0,INR/Quintal
2024-07-14,Rice,Tamil Nadu,Chennai,Chennai Wholesale,3363.0,2758.0,3771.0,909.0,INR/Quintal
2015-04-05,Sugarcane,Maharashtra,Pune,Pune Wholesale,406.0,333.0,455.0,4177.0,INR/Quintal
2022-04-28,Coconut,Andhra Pradesh,Chittoor,Chittoor Wholesale,2815.0,2309.0,3157.0,2315.0,INR/Quintal
2022-09-03,Coconut,Andhra Pradesh,Visakhapatnam,Visakhapatnam Wholesale,1461.0,1198.0,1638.0,3146.0,INR/Quintal
2020-05-09,Rice,Punjab,Amritsar,Amritsar Wholesale,1774.0,1455.0,1989.0,8394.0,INR/Quintal
2024-03-17,Cotton,Maharashtra,Nashik,Nashik Wholesale,5102.0,4184.0,5721.0,7046.0,INR/Quintal
2017-03-04,Maize,Telangana,Hyderabad,Hyderabad Wholesale,1418.0,1163.0,1590.0,771.0,INR/Quintal
2020-01-09,Potato,Bihar,Patna,Patna Wholesale,1333.0,1093.0,1495.0,2214.0,INR/Quintal
2024-03-08,Cotton,Gujarat,Rajkot,Rajkot Wholesale,5638.0,4624.0,6322.0,981.0,INR/Quintal
2020-10-17,Apple,Jammu and Kashmir,Srinagar,Srinagar Wholesale,8635.0,7081.0,9683.0,202.0,INR/Quintal
2019-08-11,Wheat,Haryana,Hisar,Hisar Wholesale,2582.0,2117.0,2895.0,889.0,INR/Quintal
2015-01-11,Potato,West Bengal,Kolkata,Kolkata Wholesale,607.0,498.0,681.0,2205.0,INR/Quintal
2024-02-08,Oilseeds,Madhya Pradesh,Bhopal,Bhopal Wholesale,3488.0,2860.0,3911.0,1884.0,INR/Quintal
2020-02-09,Potato,Uttar Pradesh,Varanasi,Varanasi Wholesale,1988.0,1630.0,2229.0,4350.0,INR/Quintal
2022-12-29,Potato,West Bengal,Darjeeling,Darjeeling Wholesale,2063.0,1692.0,2313.0,2554.0,INR/Quintal
2022-02-10,Cotton,Telangana,Warangal,Warangal Wholesale,8272.0,6784.0,9276.0,4503.0,INR/Quintal
2023-10-11,Wheat,Rajasthan,Jodhpur,Jodhpur Wholesale,3097.0,2540.0,3473.0,589.0,INR/Quintal
2016-12-12,Potato,Punjab,Patiala,Patiala Wholesale,2023.0,1659.0,2269.0,1815.0,INR/Quintal
2020-09-01,Apple,Jammu and Kashmir,Srinagar,Srinagar Wholesale,5808.0,4763.0,6513.0,930.0,INR/Quintal
2017-03-25,Cotton,Maharashtra,Pune,Pune Wholesale,5036.0,4130.0,5647.0,5193.0,INR/Quintal
2015-12-12,Cotton,Telangana,Warangal,Warangal Wholesale,6275.0,5146.0,7037.0,1074.0,INR/Quintal
2021-06-07,Potato,Uttar Pradesh,Kanpur,Kanpur Wholesale,1120.0,918.0,1256.0,6503.0,INR/Quintal
2015-12-29,Rice,Chhattisgarh,Raipur,Raipur Wholesale,2613.0,2143.0,2930.0,1387.0,INR/Quintal
2021-09-09,Wheat,Punjab,Amritsar,Amritsar Wholesale,2400.0,1968.0,2691.0,2259.0,INR/Quintal
2021-03-15,Coconut,Kerala,Kozhikode,Kozhikode Wholesale,3054.0,2505.0,3425.0,2488.0,INR/Quintal
2020-12-28,Coconut,Kerala,Kozhikode,Kozhikode Wholesale,1785.0,1464.0,2002.0,1562.0,INR/Quintal
2025-02-04,Tea,Assam,Kamrup,Kamrup Wholesale,13104.0,10746.0,14695.0,3032.0,INR/Quintal
2023-03-25,Apple,Himachal Pradesh,Shimla,Shimla Wholesale,7939.0,6511.0,8903.0,1462.0,INR/Quintal
2023-12-26,Coconut,Kerala,Ernakulam,Ernakulam Wholesale,3579.0,2935.0,4013.0,1334.0,INR/Quintal
2017-09-11,Potato,Bihar,Muzaffarpur,Muzaffarpur Wholesale,954.0,782.0,1070.0,3199.0,INR/Quintal
2023-04-29,Coconut,Andhra Pradesh,Visakhapatnam,Visakhapatnam Wholesale,3563.0,2922.0,3996.0,2854.0,INR/Quintal
2025-02-11,Sugarcane,Uttar Pradesh,Lucknow,Lucknow Wholesale,547.0,449.0,613.0,6885.0,INR/Quintal
2019-06-28,Sugarcane,Karnataka,Belgaum,Belgaum Wholesale,459.0,376.0,515.0,2269.0,INR/Quintal
2017-04-07,Oilseeds,Maharashtra,Pune,Pune Wholesale,4622.0,3790.0,5183.0,4026.0,INR/Quintal
2022-06-23,Wheat,Haryana,Karnal,Karnal Wholesale,2548.0,2090.0,2857.0,2186.0,INR/Quintal
2024-09-01,Apple,Jammu and Kashmir,Srinagar,Srinagar Wholesale,5360.0,4396.0,6011.0,1088.0,INR/Quintal
2023-05-10,Cotton,Maharashtra,Nagpur,Nagpur Wholesale,5665.0,4646.0,6353.0,5707.0,INR/Quintal
2015-12-22,Coffee,Kerala,Thrissur,Thrissur Wholesale,18396.0,15086.0,20629.0,480.0,INR/Quintal
2023-05-14,Maize,Maharashtra,Mumbai,Mumbai Wholesale,2387.0,1958.0,2677.0,1152.0,INR/Quintal
2018-09-09,Pulses,Madhya Pradesh,Bhopal,Bhopal Wholesale,3967.0,3253.0,4449.0,2604.0,INR/Quintal
2023-10-10,Coffee,Kerala,Ernakulam,Ernakulam Wholesale,19073.0,15641.0,21388.0,2665.0,INR/Quintal
2023-01-14,Coconut,Kerala,Ernakulam,Ernakulam Wholesale,2350.0,1927.0,2635.0,2555.0,INR/Quintal
2025-08-12,Apple,Jammu and Kashmir,Srinagar,Srinagar Wholesale,4931.0,4044.0,5530.0,805.0,INR/Quintal
2020-02-07,Wheat,Rajasthan,Jaipur,Jaipur Wholesale,2337.0,1917.0,2621.0,3665.0,INR/Quintal
2015-05-07,Wheat,Bihar,Purnia,Purnia Wholesale,1782.0,1461.0,1998.0,1291.0,INR/Quintal
2023-09-13,Coconut,Kerala,Ernakulam,Ernakulam Wholesale,1479.0,1213.0,1659.0,1927.0,INR/Quintal
2023-05-15,Potato,Bihar,Patna,Patna Wholesale,1489.0,1221.0,1670.0,3038.0,INR/Quintal
2016-08-26,Potato,West Bengal,Kolkata,Kolkata Wholesale,1427.0,1170.0,1600.0,3131.0,INR/Quintal
2025-08-06,Coffee,Karnataka,Belgaum,Belgaum Wholesale,12245.0,10042.0,13732.0,517.0,INR/Quintal
2024-06-11,Cotton,Gujarat,Surat,Surat Wholesale,6612.0,5422.0,7415.0,3801.0,INR/Quintal
2020-04-12,Oilseeds,Maharashtra,Mumbai,Mumbai Wholesale,3189.0,2615.0,3576.0,4922.0,INR/Quintal
2017-10-10,Potato,Bihar,Muzaffarpur,Muzaffarpur Wholesale,579.0,475.0,649.0,3171.0,INR/Quintal
2015-02-20,Pulses,Rajasthan,Udaipur,Udaipur Wholesale,3377.0,2769.0,3787.0,3127.0,INR/Quintal
2023-06-28,Apple,Jammu and Kashmir,Srinagar,Srinagar Wholesale,4582.0,3758.0,5138.0,1784.0,INR/Quintal
2024-09-03,Pulses,Rajasthan,Jodhpur,Jodhpur Wholesale,4507.0,3696.0,5054.0,2201.0,INR/Quintal
2024-03-21,Oilseeds,Madhya Pradesh,Bhopal,Bhopal Wholesale,5601.0,4593.0,6281.0,2430.0,INR/Quintal
2024-03-22,Rice,Uttar Pradesh,Kanpur,Kanpur Wholesale,2386.0,1957.0,2676.0,2181.0,INR/Quintal
2025-05-25,Rice,Andhra Pradesh,Chittoor,Chittoor Wholesale,1682.0,1379.0,1886.0,4604.0,INR/Quintal
2022-09-27,Wheat,Bihar,Gaya,Gaya Wholesale,1936.0,1588.0,2171.0,3102.0,INR/Quintal
2018-12-01,Potato,Uttar Pradesh,Lucknow,Lucknow Wholesale,1032.0,846.0,1157.0,1256.0,INR/Quintal
2019-11-28,Sugarcane,Uttar Pradesh,Lucknow,Lucknow Wholesale,470.0,385.0,527.0,3839.0,INR/Quintal
2022-11-01,Coffee,Karnataka,Mysore,Mysore Wholesale,16469.0,13506.0,18468.0,951.0,INR/Quintal
2019-06-25,Tea,West Bengal,Kolkata,Kolkata Wholesale,8869.0,7273.0,9946.0,684.0,INR/Quintal
2024-07-08,Oilseeds,Rajasthan,Jaipur,Jaipur Wholesale,4080.0,3346.0,4575.0,2117.0,INR/Quintal
2024-05-10,Wheat,Uttar Pradesh,Varanasi,Varanasi Wholesale,2610.0,2140.0,2927.0,6155.0,INR/Quintal
2019-07-04,Sugarcane,Karnataka,Mysore,Mysore Wholesale,341.0,280.0,382.0,2995.0,INR/Quintal
2021-10-03,Potato,Bihar,Purnia,Purnia Wholesale,1701.0,1395.0,1908.0,3232.0,INR/Quintal
2018-04-20,Coconut,Karnataka,Belgaum,Belgaum Wholesale,1951.0,1600.0,2188.0,1197.0,INR/Quintal
2023-04-19,Sugarcane,Maharashtra,Nashik,Nashik Wholesale,374.0,307.0,419.0,1595.0,INR/Quintal
2022-11-12,Sugarcane,Uttar Pradesh,Lucknow,Lucknow Wholesale,485.0,398.0,544.0,5598.0,INR/Quintal
2023-05-31,Coconut,Andhra Pradesh,Chittoor,Chittoor Wholesale,3007.0,2466.0,3372.0,3815.0,INR/Quintal
2020-01-29,Oilseeds,Madhya Pradesh,Bhopal,Bhopal Wholesale,4469.0,3665.0,5012.0,1590.0,INR/Quintal
2016-07-20,Wheat,Madhya Pradesh,Bhopal,Bhopal Wholesale,1897.0,1556.0,2127.0,2599.0,INR/Quintal
2021-08-15,Cotton,Maharashtra,Nashik,Nashik Wholesale,6595.0,5408.0,7396.0,4354.0,INR/Quintal
2017-07-24,Pulses,Madhya Pradesh,Bhopal,Bhopal Wholesale,4411.0,3617.0,4946.0,2450.0,INR/Quintal
2020-04-18,Coffee,Karnataka,Belgaum,Belgaum Wholesale,20755.0,17021.0,23275.0,5631.0,INR/Quintal
2022-06-01,Wheat,Haryana,Gurgaon,Gurgaon Wholesale,2521.0,2067.0,2827.0,2480.0,INR/Quintal
2024-08-03,Coconut,Andhra Pradesh,Krishna,Krishna Wholesale,1478.0,1212.0,1657.0,1598.0,INR/Quintal
2023-04-05,Tea,Kerala,Ernakulam,Ernakulam Wholesale,12757.0,10462.0,14306.0,4423.0,INR/Quintal
2018-08-25,Sugarcane,Tamil Nadu,Coimbatore,Coimbatore Wholesale,439.0,360.0,492.0,2660.0,INR/Quintal
2023-10-14,Cotton,Gujarat,Ahmedabad,Ahmedabad Wholesale,6339.0,5198.0,7109.0,1380.0,INR/Quintal
2015-07-21,Coconut,Kerala,Kozhikode,Kozhikode Wholesale,2752.0,2257.0,3086.0,1944.0,INR/Quintal
2024-08-08,Oilseeds,Gujarat,Surat,Surat Wholesale,5752.0,4717.0,6450.0,3186.0,INR/Quintal
2021-06-18,Maize,Karnataka,Belgaum,Belgaum Wholesale,1623.0,1331.0,1820.0,1632.0,INR/Quintal
2015-04-27,Coconut,Karnataka,Bangalore,Bangalore Wholesale,2809.0,2304.0,3150.0,4777.0,INR/Quintal
2025-03-26,Coffee,Tamil Nadu,Coimbatore,Coimbatore Wholesale,16414.0,13461.0,18407.0,986.0,INR/Quintal
2017-07-25,Coffee,Karnataka,Mysore,Mysore Wholesale,19455.0,15955.0,21817.0,1745.0,INR/Quintal
2025-08-10,Pulses,Maharashtra,Pune,Pune Wholesale,7075.0,5802.0,7934.0,3400.0,INR/Quintal
2016-07-28,Maize,Madhya Pradesh,Bhopal,Bhopal Wholesale,1756.0,1440.0,1969.0,797.0,INR/Quintal
2021-04-10,Coconut,Kerala,Kozhikode,Kozhikode Wholesale,2122.0,1740.0,2380.0,1512.0,INR/Quintal
2016-06-20,Apple,Jammu and Kashmir,Srinagar,Srinagar Wholesale,7805.0,6401.0,8753.0,1782.0,INR/Quintal
2019-06-14,Potato,Bihar,Muzaffarpur,Muzaffarpur Wholesale,948.0,777.0,1063.0,3534.0,INR/Quintal
2020-10-23,Maize,Bihar,Muzaffarpur,Muzaffarpur Wholesale,1676.0,1374.0,1879.0,2032.0,INR/Quintal
2025-08-13,Sugarcane,Uttar Pradesh,Lucknow,Lucknow Wholesale,461.0,378.0,517.0,1609.0,INR/Quintal
2016-01-21,Sugarcane,Tamil Nadu,Madurai,Madurai Wholesale,442.0,362.0,496.0,2576.0,INR/Quintal
2023-12-26,Sugarcane,Karnataka,Mysore,Mysore Wholesale,547.0,449.0,613.0,3393.0,INR/Quintal
2016-04-19,Sugarcane,Tamil Nadu,Madurai,Madurai Wholesale,343.0,281.0,385.0,1661.0,INR/Quintal
2016-02-22,Wheat,Bihar,Purnia,Purnia Wholesale,2435.0,1997.0,2731.0,3361.0,INR/Quintal
2021-07-22,Coffee,Kerala,Kozhikode,Kozhikode Wholesale,13096.0,10740.0,14686.0,1591.0,INR/Quintal
2024-11-09,Maize,Madhya Pradesh,Bhopal,Bhopal Wholesale,2757.0,2261.0,3092.0,1799.0,INR/Quintal
2022-05-11,Coffee,Karnataka,Hubli,Hubli Wholesale,20190.0,16557.0,22641.0,1233.0,INR/Quintal
2017-07-27,Tea,Kerala,Thrissur,Thrissur Wholesale,4838.0,3968.0,5425.0,666.0,INR/Quintal
2017-08-12,Maize,Madhya Pradesh,Bhopal,Bhopal Wholesale,1308.0,1073.0,1467.0,2865.0,INR/Quintal
2017-05-25,Wheat,Uttar Pradesh,Kanpur,Kanpur Wholesale,1746.0,1432.0,1958.0,8465.0,INR/Quintal
2017-02-01,Tea,West Bengal,Howrah,Howrah Wholesale,8746.0,7172.0,9808.0,3350.0,INR/Quintal
2018-04-17,Coffee,Kerala,Thrissur,Thrissur Wholesale,18760.0,15385.0,21037.0,4082.0,INR/Quintal
2018-04-20,Tea,West Bengal,Kolkata,Kolkata Wholesale,9454.0,7753.0,10602.0,4782.0,INR/Quintal
2016-10-25,Pulses,Uttar Pradesh,Kanpur,Kanpur Wholesale,6085.0,4990.0,6824.0,1139.0,INR/Quintal
2015-01-25,Coconut,Tamil Nadu,Chennai,Chennai Wholesale,2272.0,1863.0,2548.0,2321.0,INR/Quintal
2020-06-13,Tea,Kerala,Thrissur,Thrissur Wholesale,12343.0,10122.0,13841.0,1529.0,INR/Quintal
2018-04-18,Maize,Bihar,Purnia,Purnia Wholesale,1545.0,1267.0,1733.0,4007.0,INR/Quintal
2016-12-10,Sugarcane,Karnataka,Bangalore,Bangalore Wholesale,447.0,367.0,501.0,3421.0,INR/Quintal
2024-10-12,Sugarcane,Tamil Nadu,Chennai,Chennai Wholesale,508.0,417.0,570.0,3791.0,INR/Quintal
2020-02-23,Apple,Himachal Pradesh,Mandi,Mandi Wholesale,9262.0,7596.0,10386.0,2554.0,INR/Quintal
2018-03-30,Potato,Bihar,Gaya,Gaya Wholesale,2109.0,1730.0,2365.0,5663.0,INR/Quintal
2021-02-02,Coffee,Kerala,Thrissur,Thrissur Wholesale,11219.0,9200.0,12581.0,4546.0,INR/Quintal
2015-10-12,Pulses,Madhya Pradesh,Bhopal,Bhopal Wholesale,3290.0,2698.0,3689.0,2431.0,INR/Quintal
2015-03-04,Maize,Madhya Pradesh,Bhopal,Bhopal Wholesale,2003.0,1643.0,2246.0,2078.0,INR/Quintal
2017-09-29,Maize,Madhya Pradesh,Bhopal,Bhopal Wholesale,2190.0,1796.0,2456.0,822.0,INR/Quintal
2016-10-23,Coconut,Andhra Pradesh,Guntur,Guntur Wholesale,2233.0,1831.0,2504.0,2729.0,INR/Quintal
2022-06-06,Oilseeds,Rajasthan,Jaipur,Jaipur Wholesale,3749.0,3074.0,4204.0,2522.0,INR/Quintal
2021-01-12,Apple,Himachal Pradesh,Mandi,Mandi Wholesale,8130.0,6667.0,9117.0,1288.0,INR/Quintal
2019-02-01,Rice,Assam,Dibrugarh,Dibrugarh Wholesale,1805.0,1480.0,2024.0,4351.0,INR/Quintal
2023-07-18,Coffee,Tamil Nadu,Madurai,Madurai Wholesale,12794.0,10492.0,14347.0,4509.0,INR/Quintal
2017-08-24,Maize,Karnataka,Belgaum,Belgaum Wholesale,1789.0,1467.0,2006.0,2493.0,INR/Quintal
2017-04-28,Cotton,Gujarat,Ahmedabad,Ahmedabad Wholesale,4927.0,4041.0,5525.0,3862.0,INR/Quintal
2018-01-12,Maize,Madhya Pradesh,Bhopal,Bhopal Wholesale,1835.0,1505.0,2058.0,3950.0,INR/Quintal
2024-05-25,Oilseeds,Madhya Pradesh,Bhopal,Bhopal Wholesale,6185.0,5072.0,6936.0,560.0,INR/Quintal
2016-11-19,Tea,West Bengal,Darjeeling,Darjeeling Wholesale,16560.0,13580.0,18570.0,1010.0,INR/Quintal
2015-05-28,Wheat,Bihar,Muzaffarpur,Muzaffarpur Wholesale,2442.0,2003.0,2738.0,4951.0,INR/Quintal
2025-02-18,Apple,Himachal Pradesh,Kangra,Kangra Wholesale,10055.0,8246.0,11276.0,2390.0,INR/Quintal
2015-12-08,Wheat,Madhya Pradesh,Bhopal,Bhopal Wholesale,1855.0,1521.0,2080.0,1898.0,INR/Quintal
2021-11-28,Coconut,Kerala,Thrissur,Thrissur Wholesale,3096.0,2539.0,3472.0,3060.0,INR/Quintal
2017-12-22,Cotton,Andhra Pradesh,Guntur,Guntur Wholesale,7175.0,5884.0,8046.0,2498.0,INR/Quintal
2019-09-21,Cotton,Telangana,Nizamabad,Nizamabad Wholesale,7662.0,6283.0,8592.0,2112.0,INR/Quintal
2018-10-15,Apple,Himachal Pradesh,Shimla,Shimla Wholesale,7693.0,6309.0,8627.0,1241.0,INR/Quintal
2022-02-21,Apple,Jammu and Kashmir,Srinagar,Srinagar Wholesale,4909.0,4026.0,5505.0,670.0,INR/Quintal
2015-11-23,Potato,Punjab,Ludhiana,Ludhiana Wholesale,560.0,459.0,628.0,2272.0,INR/Quintal
2019-11-28,Coconut,Kerala,Kozhikode,Kozhikode Wholesale,1450.0,1189.0,1626.0,3143.0,INR/Quintal
2019-10-26,Apple,Himachal Pradesh,Kangra,Kangra Wholesale,9644.0,7909.0,10815.0,491.0,INR/Quintal
2023-10-18,Wheat,Bihar,Gaya,Gaya Wholesale,2433.0,1995.0,2728.0,948.0,INR/Quintal
2017-09-16,Tea,Kerala,Ernakulam,Ernakulam Wholesale,12927.0,10601.0,14496.0,1489.0,INR/Quintal
2021-03-12,Wheat,Rajasthan,Udaipur,Udaipur Wholesale,2319.0,1902.0,2601.0,833.0,INR/Quintal
2021-10-18,Rice,Assam,Kamrup,Kamrup Wholesale,2740.0,2247.0,3073.0,2680.0,INR/Quintal
2017-08-09,Coffee,Kerala,Ernakulam,Ernakulam Wholesale,8787.0,7206.0,9854.0,563.0,INR/Quintal
2016-12-23,Wheat,Bihar,Purnia,Purnia Wholesale,1802.0,1478.0,2021.0,3275.0,INR/Quintal
2024-04-12,Coconut,Andhra Pradesh,Visakhapatnam,Visakhapatnam Wholesale,2378.0,1950.0,2667.0,3067.0,INR/Quintal
2020-09-10,Sugarcane,Karnataka,Belgaum,Belgaum Wholesale,454.0,372.0,509.0,3172.0,INR/Quintal
2022-06-10,Potato,Bihar,Muzaffarpur,Muzaffarpur Wholesale,916.0,751.0,1027.0,3154.0,INR/Quintal
2021-05-21,Oilseeds,Rajasthan,Jaipur,Jaipur Wholesale,5067.0,4155.0,5682.0,1809.0,INR/Quintal
2024-03-30,Cotton,Gujarat,Rajkot,Rajkot Wholesale,6468.0,5304.0,7253.0,7687.0,INR/Quintal
2016-03-04,Coconut,Andhra Pradesh,Chittoor,Chittoor Wholesale,2714.0,2226.0,3043.0,1245.0,INR/Quintal
2019-02-09,Rice,Punjab,Patiala,Patiala Wholesale,1339.0,1098.0,1502.0,5858.0,INR/Quintal
2015-10-13,Cotton,Telangana,Nizamabad,Nizamabad Wholesale,6039.0,4952.0,6772.0,3300.0,INR/Quintal
2023-10-21,Coconut,Tamil Nadu,Chennai,Chennai Wholesale,1967.0,1613.0,2206.0,2939.0,INR/Quintal
2024-07-27,Potato,Bihar,Purnia,Purnia Wholesale,2150.0,1763.0,2411.0,3255.0,INR/Quintal
2023-06-18,Maize,Karnataka,Hubli,Hubli Wholesale,1987.0,1629.0,2228.0,709.0,INR/Quintal
2020-08-27,Apple,Jammu and Kashmir,Srinagar,Srinagar Wholesale,7276.0,5967.0,8159.0,177.0,INR/Quintal
2017-02-07,Rice,Andhra Pradesh,Chittoor,Chittoor Wholesale,3041.0,2494.0,3410.0,1002.0,INR/Quintal
2022-03-22,Apple,Himachal Pradesh,Kangra,Kangra Wholesale,4130.0,3387.0,4631.0,3226.0,INR/Quintal
2018-10-26,Pulses,Maharashtra,Nagpur,Nagpur Wholesale,3306.0,2711.0,3707.0,4723.0,INR/Quintal
2023-11-21,Rice,Punjab,Patiala,Patiala Wholesale,3150.0,2583.0,3532.0,2557.0,INR/Quintal
2023-05-16,Potato,Uttar Pradesh,Lucknow,Lucknow Wholesale,1822.0,1494.0,2043.0,3121.0,INR/Quintal
2015-07-13,Oilseeds,Rajasthan,Jaipur,Jaipur Wholesale,2879.0,2361.0,3229.0,688.0,INR/Quintal
2021-12-24,Rice,Odisha,Bhubaneswar,Bhubaneswar Wholesale,2347.0,1925.0,2632.0,1783.0,INR/Quintal
2017-09-14,Potato,West Bengal,Darjeeling,Darjeeling Wholesale,597.0,490.0,669.0,1668.0,INR/Quintal
2018-02-10,Tea,Kerala,Thrissur,Thrissur Wholesale,6793.0,5571.0,7618.0,3898.0,INR/Quintal
2020-12-01,Coffee,Tamil Nadu,Chennai,Chennai Wholesale,14305.0,11731.0,16042.0,4838.0,INR/Quintal
2024-01-07,Wheat,Punjab,Patiala,Patiala Wholesale,2964.0,2431.0,3324.0,6659.0,INR/Quintal
2019-08-29,Tea,Assam,Dibrugarh,Dibrugarh Wholesale,10972.0,8998.0,12304.0,2019.0,INR/Quintal
2017-08-04,Potato,Uttar Pradesh,Lucknow,Lucknow Wholesale,1462.0,1199.0,1639.0,4382.0,INR/Quintal
2017-04-10,Sugarcane,Karnataka,Bangalore,Bangalore Wholesale,457.0,375.0,512.0,5298.0,INR/Quintal
2025-03-04,Maize,Maharashtra,Pune,Pune Wholesale,1961.0,1608.0,2199.0,4463.0,INR/Quintal
2020-04-04,Wheat,Madhya Pradesh,Bhopal,Bhopal Wholesale,2531.0,2076.0,2838.0,2027.0,INR/Quintal
2024-02-18,Sugarcane,Karnataka,Belgaum,Belgaum Wholesale,545.0,447.0,611.0,2456.0,INR/Quintal
2023-02-20,Oilseeds,Maharashtra,Pune,Pune Wholesale,3234.0,2652.0,3627.0,5826.0,INR/Quintal
2015-02-24,Cotton,Telangana,Hyderabad,Hyderabad Wholesale,5069.0,4157.0,5684.0,5461.0,INR/Quintal
2025-03-03,Pulses,Maharashtra,Nagpur,Nagpur Wholesale,7721.0,6332.0,8658.0,5264.0,INR/Quintal
2017-03-10,Wheat,Madhya Pradesh,Bhopal,Bhopal Wholesale,2632.0,2158.0,2952.0,4791.0,INR/Quintal
2017-02-16,Tea,Assam,Cachar,Cachar Wholesale,7666.0,6287.0,8597.0,568.0,INR/Quintal
2019-01-21,Maize,Andhra Pradesh,Chittoor,Chittoor Wholesale,1418.0,1163.0,1590.0,5624.0,INR/Quintal
2020-03-16,Coconut,Kerala,Thrissur,Thrissur Wholesale,1773.0,1454.0,1988.0,4515.0,INR/Quintal
2021-01-18,Sugarcane,Maharashtra,Pune,Pune Wholesale,424.0,348.0,475.0,4993.0,INR/Quintal
2024-06-13,Potato,West Bengal,Howrah,Howrah Wholesale,1475.0,1210.0,1654.0,5174.0,INR/Quintal
2020-11-04,Wheat,Punjab,Amritsar,Amritsar Wholesale,2437.0,1999.0,2733.0,4022.0,INR/Quintal
2015-02-24,Cotton,Andhra Pradesh,Chittoor,Chittoor Wholesale,6699.0,5494.0,7512.0,2392.0,INR/Quintal
2024-09-17,Apple,Himachal Pradesh,Mandi,Mandi Wholesale,6498.0,5329.0,7287.0,515.0,INR/Quintal
2019-12-29,Potato,Bihar,Purnia,Purnia Wholesale,1988.0,1630.0,2229.0,3001.0,INR/Quintal
2018-04-16,Sugarcane,Maharashtra,Pune,Pune Wholesale,342.0,280.0,384.0,7500.0,INR/Quintal
2024-06-24,Apple,Himachal Pradesh,Kangra,Kangra Wholesale,4483.0,3676.0,5027.0,413.0,INR/Quintal
2024-05-13,Maize,Madhya Pradesh,Bhopal,Bhopal Wholesale,2164.0,1775.0,2427.0,2962.0,INR/Quintal
2023-06-07,Rice,Andhra Pradesh,Krishna,Krishna Wholesale,1388.0,1138.0,1557.0,4757.0,INR/Quintal
2017-04-12,Cotton,Telangana,Warangal,Warangal Wholesale,5488.0,4501.0,6154.0,1156.0,INR/Quintal
2015-11-09,Potato,West Bengal,Howrah,Howrah Wholesale,1845.0,1513.0,2069.0,959.0,INR/Quintal
2022-09-07,Cotton,Maharashtra,Nashik,Nashik Wholesale,5717.0,4688.0,6411.0,1954.0,INR/Quintal
2020-02-02,Oilseeds,Rajasthan,Udaipur,Udaipur Wholesale,4736.0,3884.0,5311.0,1528.0,INR/Quintal
2020-06-30,Apple,Jammu and Kashmir,Srinagar,Srinagar Wholesale,5189.0,4255.0,5819.0,557.0,INR/Quintal
2020-06-29,Coconut,Karnataka,Hubli,Hubli Wholesale,1253.0,1028.0,1405.0,1534.0,INR/Quintal
2021-10-26,Potato,West Bengal,Kolkata,Kolkata Wholesale,1575.0,1292.0,1766.0,886.0,INR/Quintal
2019-11-26,Wheat,Uttar Pradesh,Varanasi,Varanasi Wholesale,2615.0,2145.0,2932.0,4142.0,INR/Quintal
2015-11-24,Coconut,Kerala,Kozhikode,Kozhikode Wholesale,1819.0,1492.0,2040.0,2446.0,INR/Quintal
2023-07-23,Rice,Uttar Pradesh,Lucknow,Lucknow Wholesale,2771.0,2272.0,3107.0,4671.0,INR/Quintal
2022-09-09,Rice,Assam,Kamrup,Kamrup Wholesale,3388.0,2778.0,3799.0,1622.0,INR/Quintal
2024-01-24,Pulses,Madhya Pradesh,Bhopal,Bhopal Wholesale,6819.0,5592.0,7647.0,4405.0,INR/Quintal
2024-01-14,Cotton,Maharashtra,Nagpur,Nagpur Wholesale,5819.0,4772.0,6525.0,6671.0,INR/Quintal
2022-03-11,Tea,Kerala,Kozhikode,Kozhikode Wholesale,13432.0,11015.0,15063.0,5002.0,INR/Quintal
2023-07-20,Rice,West Bengal,Howrah,Howrah Wholesale,2485.0,2038.0,2787.0,2103.0,INR/Quintal
2025-01-28,Coconut,Kerala,Ernakulam,Ernakulam Wholesale,3240.0,2657.0,3633.0,4094.0,INR/Quintal
2025-01-23,Rice,Assam,Cachar,Cachar Wholesale,2586.0,2121.0,2900.0,3618.0,INR/Quintal
2023-05-13,Oilseeds,Rajasthan,Jodhpur,Jodhpur Wholesale,2956.0,2424.0,3315.0,1634.0,INR/Quintal
2018-07-11,Coffee,Kerala,Kozhikode,Kozhikode Wholesale,16174.0,13264.0,18138.0,666.0,INR/Quintal
2024-07-21,Oilseeds,Maharashtra,Nashik,Nashik Wholesale,4415.0,3621.0,4951.0,3947.0,INR/Quintal
2025-08-10,Oilseeds,Gujarat,Ahmedabad,Ahmedabad Wholesale,4620.0,3789.0,5181.0,990.0,INR/Quintal
2020-11-13,Coffee,Tamil Nadu,Madurai,Madurai Wholesale,20262.0,16616.0,22722.0,1704.0,INR/Quintal
2018-01-16,Cotton,Gujarat,Ahmedabad,Ahmedabad Wholesale,7286.0,5975.0,8171.0,3797.0,INR/Quintal
2023-08-16,Potato,West Bengal,Darjeeling,Darjeeling Wholesale,1464.0,1201.0,1642.0,2898.0,INR/Quintal
2018-08-04,Maize,Bihar,Muzaffarpur,Muzaffarpur Wholesale,1805.0,1480.0,2024.0,3455.0,INR/Quintal
2023-09-27,Tea,Kerala,Thrissur,Thrissur Wholesale,11329.0,9291.0,12704.0,1775.0,INR/Quintal
2022-11-01,Rice,Punjab,Amritsar,Amritsar Wholesale,2467.0,2023.0,2766.0,4490.0,INR/Quintal
2021-12-13,Pulses,Uttar Pradesh,Kanpur,Kanpur Wholesale,6904.0,5662.0,7742.0,2843.0,INR/Quintal
2016-03-27,Tea,Kerala,Ernakulam,Ernakulam Wholesale,10655.0,8738.0,11949.0,3737.0,INR/Quintal
2019-03-04,Potato,West Bengal,Howrah,Howrah Wholesale,1026.0,841.0,1151.0,3532.0,INR/Quintal
2015-06-14,Coffee,Kerala,Ernakulam,Ernakulam Wholesale,14378.0,11791.0,16124.0,3485.0,INR/Quintal
2015-07-01,Tea,Assam,Tinsukia,Tinsukia Wholesale,11272.0,9244.0,12640.0,1541.0,INR/Quintal
2021-11-21,Rice,Bihar,Patna,Patna Wholesale,2690.0,2206.0,3017.0,2216.0,INR/Quintal
2017-06-28,Tea,Kerala,Kozhikode,Kozhikode Wholesale,10353.0,8490.0,11610.0,1957.0,INR/Quintal
2022-08-14,Maize,Madhya Pradesh,Bhopal,Bhopal Wholesale,1667.0,1367.0,1869.0,2457.0,INR/Quintal
2017-04-02,Apple,Jammu and Kashmir,Srinagar,Srinagar Wholesale,3358.0,2754.0,3766.0,2415.0,INR/Quintal
2017-08-01,Coconut,Kerala,Kozhikode,Kozhikode Wholesale,1776.0,1456.0,1992.0,1168.0,INR/Quintal
2020-06-24,Coffee,Karnataka,Belgaum,Belgaum Wholesale,16610.0,13621.0,18626.0,2901.0,INR/Quintal
2020-08-16,Tea,Kerala,Kozhikode,Kozhikode Wholesale,5815.0,4769.0,6521.0,2177.0,INR/Quintal
2015-11-26,Rice,Tamil Nadu,Chennai,Chennai Wholesale,2630.0,2157.0,2949.0,4235.0,INR/Quintal
2017-02-13,Rice,West Bengal,Howrah,Howrah Wholesale,1789.0,1467.0,2006.0,3772.0,INR/Quintal
2025-04-02,Tea,Assam,Kamrup,Kamrup Wholesale,18377.0,15071.0,20608.0,998.0,INR/Quintal
2021-01-07,Apple,Jammu and Kashmir,Srinagar,Srinagar Wholesale,4451.0,3650.0,4991.0,993.0,INR/Quintal
2023-08-23,Cotton,Telangana,Nizamabad,Nizamabad Wholesale,5172.0,4241.0,5800.0,1983.0,INR/Quintal
2015-05-27,Pulses,Madhya Pradesh,Bhopal,Bhopal Wholesale,4447.0,3647.0,4987.0,2189.0,INR/Quintal
2025-02-12,Sugarcane,Maharashtra,Mumbai,Mumbai Wholesale,427.0,350.0,479.0,2194.0,INR/Quintal
2024-06-14,Oilseeds,Rajasthan,Udaipur,Udaipur Wholesale,6111.0,5011.0,6853.0,467.0,INR/Quintal
2017-07-03,Coffee,Kerala,Kozhikode,Kozhikode Wholesale,8611.0,7062.0,9656.0,2443.0,INR/Quintal
2019-04-21,Sugarcane,Maharashtra,Pune,Pune Wholesale,405.0,332.0,454.0,8135.0,INR/Quintal
2018-08-01,Potato,West Bengal,Darjeeling,Darjeeling Wholesale,2060.0,1689.0,2310.0,3775.0,INR/Quintal
2022-07-10,Potato,Punjab,Ludhiana,Ludhiana Wholesale,1303.0,1069.0,1461.0,4558.0,INR/Quintal
2015-03-23,Rice,Telangana,Warangal,Warangal Wholesale,1186.0,973.0,1330.0,5016.0,INR/Quintal
2016-05-28,Potato,West Bengal,Kolkata,Kolkata Wholesale,983.0,806.0,1102.0,2088.0,INR/Quintal
2020-04-04,Cotton,Andhra Pradesh,Chittoor,Chittoor Wholesale,6318.0,5181.0,7085.0,4990.0,INR/Quintal
2022-11-02,Pulses,Madhya Pradesh,Bhopal,Bhopal Wholesale,4302.0,3528.0,4824.0,525.0,INR/Quintal
2022-07-19,Coconut,Karnataka,Hubli,Hubli Wholesale,2339.0,1918.0,2623.0,3443.0,INR/Quintal
2020-04-23,Potato,Punjab,Patiala,Patiala Wholesale,2018.0,1655.0,2263.0,9192.0,INR/Quintal
2024-11-03,Maize,Andhra Pradesh,Krishna,Krishna Wholesale,2632.0,2158.0,2952.0,4461.0,INR/Quintal
2017-01-15,Pulses,Maharashtra,Mumbai,Mumbai Wholesale,3337.0,2737.0,3742.0,4343.0,INR/Quintal
2023-05-29,Cotton,Andhra Pradesh,Guntur,Guntur Wholesale,5559.0,4559.0,6234.0,5588.0,INR/Quintal
2018-11-10,Apple,Jammu and Kashmir,Srinagar,Srinagar Wholesale,4770.0,3912.0,5349.0,1614.0,INR/Quintal
2016-12-07,Sugarcane,Maharashtra,Nashik,Nashik Wholesale,401.0,329.0,450.0,1914.0,INR/Quintal
2016-04-15,Pulses,Maharashtra,Mumbai,Mumbai Wholesale,4205.0,3448.0,4715.0,6665.0,INR/Quintal
2023-09-26,Pulses,Maharashtra,Nagpur,Nagpur Wholesale,6860.0,5626.0,7693.0,1560.0,INR/Quintal
2016-01-31,Sugarcane,Karnataka,Hubli,Hubli Wholesale,420.0,344.0,471.0,5625.0,INR/Quintal
2019-04-05,Cotton,Telangana,Hyderabad,Hyderabad Wholesale,4818.0,3951.0,5403.0,1069.0,INR/Quintal
2021-04-27,Apple,Jammu and Kashmir,Srinagar,Srinagar Wholesale,7225.0,5925.0,8102.0,656.0,INR/Quintal
2017-03-15,Potato,Bihar,Purnia,Purnia Wholesale,710.0,582.0,796.0,4866.0,INR/Quintal
2017-07-22,Rice,Bihar,Gaya,Gaya Wholesale,1601.0,1313.0,1795.0,1094.0,INR/Quintal
2018-07-03,Coffee,Tamil Nadu,Madurai,Madurai Wholesale,10494.0,8606.0,11768.0,1133.0,INR/Quintal
2019-10-24,Apple,Jammu and Kashmir,Srinagar,Srinagar Wholesale,4329.0,3550.0,4855.0,888.0,INR/Quintal
2017-06-23,Sugarcane,Uttar Pradesh,Varanasi,Varanasi Wholesale,416.0,341.0,467.0,6386.0,INR/Quintal
2024-01-11,Coconut,Andhra Pradesh,Chittoor,Chittoor Wholesale,2702.0,2216.0,3030.0,2357.0,INR/Quintal
2017-12-12,Sugarcane,Maharashtra,Pune,Pune Wholesale,346.0,284.0,388.0,5571.0,INR/Quintal
2023-03-07,Apple,Himachal Pradesh,Mandi,Mandi Wholesale,10845.0,8894.0,12162.0,2688.0,INR/Quintal
2020-03-05,Sugarcane,Maharashtra,Pune,Pune Wholesale,418.0,343.0,469.0,5249.0,INR/Quintal
2019-03-04,Sugarcane,Uttar Pradesh,Lucknow,Lucknow Wholesale,352.0,289.0,395.0,6649.0,INR/Quintal
2024-10-17,Coffee,Karnataka,Hubli,Hubli Wholesale,13197.0,10823.0,14799.0,555.0,INR/Quintal
2022-12-11,Coffee,Kerala,Kozhikode,Kozhikode Wholesale,18158.0,14891.0,20362.0,1722.0,INR/Quintal
2018-10-19,Potato,Uttar Pradesh,Kanpur,Kanpur Wholesale,2146.0,1760.0,2407.0,1871.0,INR/Quintal
2018-07-27,Tea,West Bengal,Darjeeling,Darjeeling Wholesale,14021.0,11498.0,15723.0,1099.0,INR/Quintal
2016-08-15,Tea,West Bengal,Howrah,Howrah Wholesale,17910.0,14688.0,20084.0,1835.0,INR/Quintal
2022-07-24,Wheat,Punjab,Amritsar,Amritsar Wholesale,2352.0,1929.0,2638.0,2674.0,INR/Quintal
2023-11-04,Sugarcane,Tamil Nadu,Madurai,Madurai Wholesale,453.0,371.0,508.0,3534.0,INR/Quintal
2022-05-03,Sugarcane,Uttar Pradesh,Varanasi,Varanasi Wholesale,454.0,372.0,509.0,5505.0,INR/Quintal
2020-10-07,Pulses,Rajasthan,Jaipur,Jaipur Wholesale,5856.0,4802.0,6567.0,2388.0,INR/Quintal
2025-05-26,Tea,Kerala,Thrissur,Thrissur Wholesale,10151.0,8325.0,11383.0,1062.0,INR/Quintal
2015-05-08,Potato,Bihar,Muzaffarpur,Muzaffarpur Wholesale,1796.0,1473.0,2014.0,884.0,INR/Quintal
2017-01-05,Coconut,Karnataka,Mysore,Mysore Wholesale,1122.0,920.0,1258.0,3676.0,INR/Quintal
2022-07-31,Rice,Telangana,Warangal,Warangal Wholesale,2274.0,1865.0,2550.0,386.0,INR/Quintal
2023-09-22,Wheat,Bihar,Purnia,Purnia Wholesale,2494.0,2045.0,2797.0,2831.0,INR/Quintal
2023-12-25,Wheat,Bihar,Gaya,Gaya Wholesale,2613.0,2143.0,2930.0,2777.0,INR/Quintal
2022-01-17,Coconut,Tamil Nadu,Madurai,Madurai Wholesale,1878.0,1540.0,2106.0,3411.0,INR/Quintal
2016-06-04,Coconut,Karnataka,Bangalore,Bangalore Wholesale,1911.0,1567.0,2143.0,2344.0,INR/Quintal
2022-02-12,Apple,Himachal Pradesh,Kangra,Kangra Wholesale,7218.0,5919.0,8094.0,1378.0,INR/Quintal
2015-08-25,Potato,Bihar,Muzaffarpur,Muzaffarpur Wholesale,1530.0,1255.0,1716.0,1806.0,INR/Quintal
2018-07-28,Rice,Assam,Tinsukia,Tinsukia Wholesale,2776.0,2277.0,3113.0,389.0,INR/Quintal
2024-05-23,Pulses,Rajasthan,Jodhpur,Jodhpur Wholesale,6621.0,5430.0,7425.0,705.0,INR/Quintal
2023-12-17,Coffee,Kerala,Ernakulam,Ernakulam Wholesale,15003.0,12304.0,16824.0,2218.0,INR/Quintal
2019-11-17,Coconut,Karnataka,Mysore,Mysore Wholesale,3359.0,2755.0,3767.0,1099.0,INR/Quintal
2018-07-25,Oilseeds,Maharashtra,Nagpur,Nagpur Wholesale,4955.0,4063.0,5557.0,4425.0,INR/Quintal
2024-01-20,Tea,Assam,Dibrugarh,Dibrugarh Wholesale,9652.0,7915.0,10824.0,1596.0,INR/Quintal
2021-12-16,Sugarcane,Uttar Pradesh,Kanpur,Kanpur Wholesale,389.0,319.0,436.0,1411.0,INR/Quintal
2020-08-13,Potato,Punjab,Amritsar,Amritsar Wholesale,1117.0,916.0,1253.0,1730.0,INR/Quintal
2022-06-06,Apple,Jammu and Kashmir,Srinagar,Srinagar Wholesale,6367.0,5221.0,7140.0,843.0,INR/Quintal
2016-03-17,Tea,Assam,Cachar,Cachar Wholesale,13913.0,11410.0,15602.0,685.0,INR/Quintal
2020-09-07,Sugarcane,Uttar Pradesh,Kanpur,Kanpur Wholesale,479.0,393.0,537.0,1194.0,INR/Quintal
2023-09-16,Oilseeds,Rajasthan,Udaipur,Udaipur Wholesale,5647.0,4631.0,6333.0,959.0,INR/Quintal
2022-04-11,Oilseeds,Gujarat,Surat,Surat Wholesale,3407.0,2794.0,3821.0,2868.0,INR/Quintal
2025-05-26,Coffee,Tamil Nadu,Coimbatore,Coimbatore Wholesale,18675.0,15315.0,20942.0,5189.0,INR/Quintal
2017-03-15,Apple,Jammu and Kashmir,Srinagar,Srinagar Wholesale,4681.0,3839.0,5249.0,2233.0,INR/Quintal
2015-03-16,Cotton,Gujarat,Rajkot,Rajkot Wholesale,4327.0,3548.0,4852.0,2138.0,INR/Quintal
2022-11-25,Oilseeds,Gujarat,Rajkot,Rajkot Wholesale,4904.0,4022.0,5499.0,1079.0,INR/Quintal
2023-10-23,Coconut,Tamil Nadu,Coimbatore,Coimbatore Wholesale,1595.0,1308.0,1789.0,2731.0,INR/Quintal
2020-12-15,Apple,Jammu and Kashmir,Srinagar,Srinagar Wholesale,7289.0,5978.0,8174.0,1648.0,INR/Quintal
2025-09-29,Tea,Kerala,Ernakulam,Ernakulam Wholesale,13431.0,11014.0,15062.0,2709.0,INR/Quintal
2020-09-20,Maize,Madhya Pradesh,Bhopal,Bhopal Wholesale,2312.0,1896.0,2593.0,297.0,INR/Quintal
2018-10-11,Maize,Andhra Pradesh,Visakhapatnam,Visakhapatnam Wholesale,1460.0,1197.0,1637.0,2098.0,INR/Quintal
2015-02-10,Sugarcane,Karnataka,Belgaum,Belgaum Wholesale,418.0,343.0,469.0,5270.0,INR/Quintal
2023-03-01,Sugarcane,Maharashtra,Mumbai,Mumbai Wholesale,558.0,458.0,626.0,7146.0,INR/Quintal
2020-09-12,Cotton,Maharashtra,Nagpur,Nagpur Wholesale,7536.0,6180.0,8451.0,710.0,INR/Quintal
2023-06-16,Maize,Madhya Pradesh,Bhopal,Bhopal Wholesale,2420.0,1985.0,2714.0,2850.0,INR/Quintal
2019-08-28,Sugarcane,Maharashtra,Nagpur,Nagpur Wholesale,447.0,367.0,501.0,1732.0,INR/Quintal
2023-10-30,Oilseeds,Gujarat,Ahmedabad,Ahmedabad Wholesale,4049.0,3320.0,4541.0,742.0,INR/Quintal
2023-05-04,Sugarcane,Tamil Nadu,Madurai,Madurai Wholesale,508.0,417.0,570.0,3417.0,INR/Quintal
2018-11-02,Wheat,Madhya Pradesh,Bhopal,Bhopal Wholesale,2424.0,1988.0,2718.0,824.0,INR/Quintal
2016-08-10,Cotton,Gujarat,Rajkot,Rajkot Wholesale,6071.0,4979.0,6808.0,3390.0,INR/Quintal
2019-06-11,Potato,Punjab,Amritsar,Amritsar Wholesale,1898.0,1557.0,2128.0,5754.0,INR/Quintal
2025-02-17,Rice,Punjab,Ludhiana,Ludhiana Wholesale,2467.0,2023.0,2766.0,8106.0,INR/Quintal
2015-12-08,Pulses,Maharashtra,Pune,Pune Wholesale,3364.0,2759.0,3772.0,2859.0,INR/Quintal
2020-09-05,Apple,Jammu and Kashmir,Srinagar,Srinagar Wholesale,6665.0,5466.0,7474.0,157.0,INR/Quintal
2025-09-01,Rice,Odisha,Bhubaneswar,Bhubaneswar Wholesale,1989.0,1631.0,2230.0,1051.0,INR/Quintal
2024-03-12,Rice,Andhra Pradesh,Krishna,Krishna Wholesale,2246.0,1842.0,2519.0,4064.0,INR/Quintal
2016-10-07,Coffee,Tamil Nadu,Chennai,Chennai Wholesale,8032.0,6587.0,9007.0,2950.0,INR/Quintal
2016-12-31,Coconut,Andhra Pradesh,Krishna,Krishna Wholesale,1819.0,1492.0,2040.0,2663.0,INR/Quintal
2015-06-17,Apple,Jammu and Kashmir,Srinagar,Srinagar Wholesale,7044.0,5777.0,7899.0,1165.0,INR/Quintal
2016-09-01,Potato,Bihar,Muzaffarpur,Muzaffarpur Wholesale,1354.0,1110.0,1518.0,2001.0,INR/Quintal
2021-05-04,Sugarcane,Tamil Nadu,Chennai,Chennai Wholesale,356.0,292.0,399.0,1572.0,INR/Quintal
2019-11-08,Coconut,Kerala,Thrissur,Thrissur Wholesale,2172.0,1781.0,2436.0,2247.0,INR/Quintal
2020-08-02,Coffee,Kerala,Kozhikode,Kozhikode Wholesale,13222.0,10843.0,14827.0,1467.0,INR/Quintal
2022-11-08,Rice,Tamil Nadu,Chennai,Chennai Wholesale,2366.0,1940.0,2653.0,3867.0,INR/Quintal
2016-03-30,Apple,Jammu and Kashmir,Srinagar,Srinagar Wholesale,5174.0,4243.0,5802.0,1876.0,INR/Quintal
2023-02-01,Wheat,Uttar Pradesh,Lucknow,Lucknow Wholesale,3016.0,2473.0,3382.0,1893.0,INR/Quintal
2019-09-05,Pulses,Madhya Pradesh,Bhopal,Bhopal Wholesale,3498.0,2869.0,3923.0,1512.0,INR/Quintal
2024-07-04,Rice,Odisha,Bhubaneswar,Bhubaneswar Wholesale,3006.0,2465.0,3371.0,2801.0,INR/Quintal
2023-02-17,Maize,Maharashtra,Nagpur,Nagpur Wholesale,2543.0,2085.0,2852.0,1460.0,INR/Quintal
2023-04-17,Potato,West Bengal,Howrah,Howrah Wholesale,2404.0,1971.0,2696.0,5635.0,INR/Quintal
2024-09-17,Potato,Punjab,Patiala,Patiala Wholesale,973.0,798.0,1091.0,1574.0,INR/Quintal
2016-12-02,Potato,West Bengal,Howrah,Howrah Wholesale,1336.0,1096.0,1498.0,3040.0,INR/Quintal
2022-05-05,Cotton,Maharashtra,Mumbai,Mumbai Wholesale,4998.0,4099.0,5605.0,7075.0,INR/Quintal
2024-12-08,Cotton,Telangana,Warangal,Warangal Wholesale,6982.0,5726.0,7830.0,2764.0,INR/Quintal
2019-05-19,Oilseeds,Maharashtra,Nashik,Nashik Wholesale,2662.0,2183.0,2985.0,3600.0,INR/Quintal
2015-05-10,Tea,West Bengal,Darjeeling,Darjeeling Wholesale,16055.0,13166.0,18004.0,671.0,INR/Quintal
2023-05-26,Pulses,Rajasthan,Jodhpur,Jodhpur Wholesale,4144.0,3398.0,4647.0,886.0,INR/Quintal
2020-01-20,Coffee,Tamil Nadu,Chennai,Chennai Wholesale,15469.0,12686.0,17347.0,3927.0,INR/Quintal
2018-10-18,Coconut,Tamil Nadu,Madurai,Madurai Wholesale,2226.0,1825.0,2496.0,2216.0,INR/Quintal
2025-05-04,Coconut,Kerala,Ernakulam,Ernakulam Wholesale,3826.0,3138.0,4290.0,1966.0,INR/Quintal
2022-11-06,Coconut,Andhra Pradesh,Visakhapatnam,Visakhapatnam Wholesale,2795.0,2292.0,3134.0,4748.0,INR/Quintal
2016-11-23,Sugarcane,Karnataka,Bangalore,Bangalore Wholesale,353.0,289.0,396.0,1866.0,INR/Quintal
2024-03-17,Rice,Andhra Pradesh,Visakhapatnam,Visakhapatnam Wholesale,1882.0,1543.0,2110.0,4551.0,INR/Quintal
2018-10-26,Tea,Assam,Dibrugarh,Dibrugarh Wholesale,6848.0,5616.0,7679.0,1812.0,INR/Quintal
2017-03-04,Sugarcane,Maharashtra,Pune,Pune Wholesale,438.0,359.0,491.0,4856.0,INR/Quintal
2015-01-29,Coffee,Kerala,Thrissur,Thrissur Wholesale,16289.0,13358.0,18266.0,2437.0,INR/Quintal
2015-05-29,Coconut,Kerala,Kozhikode,Kozhikode Wholesale,2220.0,1821.0,2490.0,1855.0,INR/Quintal
2025-07-17,Tea,West Bengal,Darjeeling,Darjeeling Wholesale,8437.0,6919.0,9461.0,4291.0,INR/Quintal
2018-08-12,Sugarcane,Tamil Nadu,Madurai,Madurai Wholesale,452.0,371.0,507.0,2059.0,INR/Quintal
2020-08-20,Wheat,Punjab,Amritsar,Amritsar Wholesale,2463.0,2020.0,2762.0,3195.0,INR/Quintal
2024-10-23,Cotton,Gujarat,Ahmedabad,Ahmedabad Wholesale,8752.0,7177.0,9814.0,3068.0,INR/Quintal
2022-06-16,Coffee,Karnataka,Bangalore,Bangalore Wholesale,20027.0,16424.0,22458.0,885.0,INR/Quintal
2018-02-10,Coconut,Karnataka,Mysore,Mysore Wholesale,1753.0,1438.0,1966.0,5565.0,INR/Quintal
2015-07-06,Apple,Jammu and Kashmir,Srinagar,Srinagar Wholesale,4908.0,4025.0,5504.0,954.0,INR/Quintal
2022-10-25,Pulses,Maharashtra,Nashik,Nashik Wholesale,4268.0,3500.0,4786.0,3327.0,INR/Quintal
2022-08-23,Maize,Andhra Pradesh,Visakhapatnam,Visakhapatnam Wholesale,2327.0,1908.0,2609.0,3530.0,INR/Quintal
2018-06-04,Wheat,Rajasthan,Udaipur,Udaipur Wholesale,2406.0,1973.0,2698.0,3103.0,INR/Quintal
2018-08-26,Cotton,Gujarat,Vadodara,Vadodara Wholesale,5016.0,4114.0,5625.0,2012.0,INR/Quintal
2015-04-08,Potato,Punjab,Amritsar,Amritsar Wholesale,738.0,605.0,828.0,7845.0,INR/Quintal
2015-02-24,Cotton,Telangana,Hyderabad,Hyderabad Wholesale,4231.0,3470.0,4745.0,1888.0,INR/Quintal
2022-04-24,Tea,Assam,Kamrup,Kamrup Wholesale,17085.0,14011.0,19159.0,3499.0,INR/Quintal
2022-06-04,Oilseeds,Madhya Pradesh,Bhopal,Bhopal Wholesale,3266.0,2678.0,3662.0,770.0,INR/Quintal
2017-01-27,Wheat,Haryana,Hisar,Hisar Wholesale,1955.0,1603.0,2192.0,950.0,INR/Quintal
2016-02-10,Potato,Bihar,Muzaffarpur,Muzaffarpur Wholesale,948.0,777.0,1063.0,1173.0,INR/Quintal
2020-10-17,Tea,Kerala,Ernakulam,Ernakulam Wholesale,9456.0,7755.0,10604.0,1147.0,INR/Quintal
2024-04-06,Coffee,Kerala,Kozhikode,Kozhikode Wholesale,21042.0,17256.0,23597.0,645.0,INR/Quintal
2018-08-05,Pulses,Rajasthan,Jodhpur,Jodhpur Wholesale,6117.0,5016.0,6860.0,1729.0,INR/Quintal
2019-11-21,Cotton,Andhra Pradesh,Krishna,Krishna Wholesale,5094.0,4177.0,5712.0,1963.0,INR/Quintal
2024-11-28,Apple,Jammu and Kashmir,Srinagar,Srinagar Wholesale,8169.0,6699.0,9161.0,1297.0,INR/Quintal
2017-01-20,Coffee,Karnataka,Hubli,Hubli Wholesale,14261.0,11695.0,15992.0,894.0,INR/Quintal
2023-10-25,Potato,Bihar,Muzaffarpur,Muzaffarpur Wholesale,2444.0,2004.0,2741.0,1092.0,INR/Quintal
2024-09-08,Tea,West Bengal,Kolkata,Kolkata Wholesale,12176.0,9985.0,13654.0,1799.0,INR/Quintal
2019-10-29,Coconut,Andhra Pradesh,Chittoor,Chittoor Wholesale,1136.0,932.0,1274.0,1974.0,INR/Quintal
2024-01-29,Oilseeds,Rajasthan,Jaipur,Jaipur Wholesale,4505.0,3694.0,5052.0,877.0,INR/Quintal
2024-10-02,Coconut,Tamil Nadu,Chennai,Chennai Wholesale,1653.0,1356.0,1854.0,4050.0,INR/Quintal
2025-09-25,Cotton,Gujarat,Surat,Surat Wholesale,5374.0,4407.0,6026.0,1495.0,INR/Quintal
2023-03-25,Apple,Himachal Pradesh,Mandi,Mandi Wholesale,8854.0,7261.0,9929.0,2434.0,INR/Quintal
2024-10-18,Pulses,Rajasthan,Udaipur,Udaipur Wholesale,6600.0,5413.0,7401.0,772.0,INR/Quintal
2015-12-31,Oilseeds,Rajasthan,Udaipur,Udaipur Wholesale,3382.0,2774.0,3793.0,3115.0,INR/Quintal
2020-07-19,Sugarcane,Tamil Nadu,Madurai,Madurai Wholesale,462.0,379.0,518.0,2099.0,INR/Quintal
2016-04-26,Tea,Kerala,Thrissur,Thrissur Wholesale,9624.0,7892.0,10792.0,4590.0,INR/Quintal
2021-02-26,Coffee,Kerala,Ernakulam,Ernakulam Wholesale,18358.0,15055.0,20587.0,2054.0,INR/Quintal
2015-06-03,Apple,Jammu and Kashmir,Srinagar,Srinagar Wholesale,5984.0,4907.0,6710.0,216.0,INR/Quintal
2024-08-22,Cotton,Telangana,Nizamabad,Nizamabad Wholesale,7617.0,6247.0,8542.0,1883.0,INR/Quintal
2019-03-05,Cotton,Maharashtra,Nagpur,Nagpur Wholesale,5151.0,4224.0,5776.0,4836.0,INR/Quintal
2020-10-21,Potato,West Bengal,Kolkata,Kolkata Wholesale,1039.0,852.0,1165.0,846.0,INR/Quintal
2022-07-23,Apple,Jammu and Kashmir,Srinagar,Srinagar Wholesale,6292.0,5160.0,7056.0,529.0,INR/Quintal
2021-06-01,Pulses,Rajasthan,Jaipur,Jaipur Wholesale,5119.0,4198.0,5740.0,2818.0,INR/Quintal
2017-11-06,Maize,Andhra Pradesh,Krishna,Krishna Wholesale,2093.0,1716.0,2347.0,679.0,INR/Quintal
2019-07-23,Sugarcane,Tamil Nadu,Chennai,Chennai Wholesale,398.0,326.0,446.0,2527.0,INR/Quintal
2018-05-25,Oilseeds,Gujarat,Vadodara,Vadodara Wholesale,2711.0,2223.0,3040.0,3984.0,INR/Quintal
2015-03-02,Wheat,Haryana,Gurgaon,Gurgaon Wholesale,1751.0,1436.0,1964.0,6551.0,INR/Quintal
2017-07-27,Wheat,Madhya Pradesh,Bhopal,Bhopal Wholesale,1818.0,1491.0,2039.0,455.0,INR/Quintal
2019-06-28,Apple,Jammu and Kashmir,Srinagar,Srinagar Wholesale,7457.0,6115.0,8362.0,1254.0,INR/Quintal
2020-09-20,Cotton,Maharashtra,Nashik,Nashik Wholesale,6223.0,5103.0,6978.0,468.0,INR/Quintal
2015-01-25,Potato,Punjab,Patiala,Patiala Wholesale,1563.0,1282.0,1753.0,2921.0,INR/Quintal
2017-11-28,Rice,Chhattisgarh,Raipur,Raipur Wholesale,1942.0,1593.0,2178.0,1635.0,INR/Quintal
2025-08-10,Apple,Himachal Pradesh,Mandi,Mandi Wholesale,10652.0,8735.0,11945.0,1703.0,INR/Quintal
2015-05-11,Cotton,Maharashtra,Nagpur,Nagpur Wholesale,6951.0,5700.0,7795.0,1599.0,INR/Quintal
2024-10-09,Coconut,Karnataka,Hubli,Hubli Wholesale,2971.0,2436.0,3332.0,1027.0,INR/Quintal
2018-06-06,Wheat,Bihar,Muzaffarpur,Muzaffarpur Wholesale,2577.0,2113.0,2890.0,3512.0,INR/Quintal
2015-04-18,Wheat,Haryana,Karnal,Karnal Wholesale,2008.0,1647.0,2252.0,3857.0,INR/Quintal
2015-06-21,Sugarcane,Karnataka,Mysore,Mysore Wholesale,440.0,361.0,493.0,3636.0,INR/Quintal
2018-12-29,Coffee,Kerala,Thrissur,Thrissur Wholesale,19597.0,16071.0,21976.0,3991.0,INR/Quintal
2024-09-19,Rice,Telangana,Nizamabad,Nizamabad Wholesale,3789.0,3107.0,4249.0,3113.0,INR/Quintal
2015-04-12,Cotton,Maharashtra,Pune,Pune Wholesale,5869.0,4813.0,6582.0,3426.0,INR/Quintal
2022-12-23,Sugarcane,Uttar Pradesh,Varanasi,Varanasi Wholesale,504.0,413.0,565.0,4151.0,INR/Quintal
2022-01-15,Potato,West Bengal,Kolkata,Kolkata Wholesale,1590.0,1304.0,1783.0,5782.0,INR/Quintal
2021-05-11,Sugarcane,Uttar Pradesh,Varanasi,Varanasi Wholesale,400.0,328.0,449.0,1578.0,INR/Quintal
2019-06-25,Cotton,Andhra Pradesh,Visakhapatnam,Visakhapatnam Wholesale,5672.0,4651.0,6361.0,3042.0,INR/Quintal
2023-07-13,Tea,Kerala,Kozhikode,Kozhikode Wholesale,15557.0,12758.0,17446.0,1495.0,INR/Quintal
2022-11-04,Maize,Karnataka,Mysore,Mysore Wholesale,1520.0,1247.0,1705.0,1708.0,INR/Quintal
2023-03-24,Apple,Himachal Pradesh,Shimla,Shimla Wholesale,8126.0,6664.0,9113.0,3233.0,INR/Quintal
2017-11-06,Cotton,Maharashtra,Pune,Pune Wholesale,5424.0,4448.0,6082.0,4200.0,INR/Quintal
2015-11-26,Pulses,Uttar Pradesh,Kanpur,Kanpur Wholesale,4160.0,3412.0,4665.0,2868.0,INR/Quintal
2024-12-19,Wheat,Bihar,Gaya,Gaya Wholesale,3028.0,2483.0,3396.0,4231.0,INR/Quintal
2025-08-30,Rice,Odisha,Bhubaneswar,Bhubaneswar Wholesale,3520.0,2887.0,3947.0,1801.0,INR/Quintal
2019-03-01,Coconut,Andhra Pradesh,Guntur,Guntur Wholesale,2461.0,2018.0,2760.0,6907.0,INR/Quintal
2025-08-22,Coconut,Karnataka,Mysore,Mysore Wholesale,2010.0,1648.0,2254.0,1383.0,INR/Quintal
2015-01-12,Rice,Odisha,Bhubaneswar,Bhubaneswar Wholesale,1951.0,1600.0,2188.0,1559.0,INR/Quintal
2018-09-03,Apple,Himachal Pradesh,Shimla,Shimla Wholesale,6045.0,4957.0,6779.0,564.0,INR/Quintal
2025-01-11,Coffee,Karnataka,Bangalore,Bangalore Wholesale,17508.0,14358.0,19633.0,3698.0,INR/Quintal
2015-08-04,Maize,Telangana,Warangal,Warangal Wholesale,1303.0,1069.0,1461.0,1206.0,INR/Quintal
2015-12-05,Pulses,Rajasthan,Udaipur,Udaipur Wholesale,4629.0,3796.0,5191.0,813.0,INR/Quintal
2019-12-05,Wheat,Uttar Pradesh,Varanasi,Varanasi Wholesale,2018.0,1655.0,2263.0,7464.0,INR/Quintal
2022-06-01,Coconut,Andhra Pradesh,Krishna,Krishna Wholesale,2809.0,2304.0,3150.0,5462.0,INR/Quintal
2023-08-19,Apple,Jammu and Kashmir,Srinagar,Srinagar Wholesale,5699.0,4674.0,6391.0,994.0,INR/Quintal
2019-10-17,Apple,Jammu and Kashmir,Srinagar,Srinagar Wholesale,5775.0,4736.0,6476.0,1336.0,INR/Quintal
2019-02-17,Apple,Himachal Pradesh,Mandi,Mandi Wholesale,4019.0,3296.0,4507.0,2967.0,INR/Quintal
2021-08-18,Rice,West Bengal,Kolkata,Kolkata Wholesale,3522.0,2888.0,3950.0,2884.0,INR/Quintal
2023-04-12,Pulses,Maharashtra,Pune,Pune Wholesale,5608.0,4599.0,6289.0,4641.0,INR/Quintal
2016-12-10,Sugarcane,Karnataka,Bangalore,Bangalore Wholesale,313.0,257.0,351.0,4916.0,INR/Quintal
2018-05-08,Coffee,Tamil Nadu,Madurai,Madurai Wholesale,15009.0,12309.0,16831.0,3865.0,INR/Quintal
2024-11-17,Apple,Jammu and Kashmir,Srinagar,Srinagar Wholesale,9337.0,7657.0,10471.0,364.0,INR/Quintal
2021-11-18,Cotton,Andhra Pradesh,Guntur,Guntur Wholesale,7455.0,6114.0,8360.0,2194.0,INR/Quintal
2018-01-17,Cotton,Maharashtra,Nagpur,Nagpur Wholesale,6652.0,5455.0,7460.0,3747.0,INR/Quintal
2018-07-15,Apple,Himachal Pradesh,Shimla,Shimla Wholesale,4433.0,3635.0,4971.0,2001.0,INR/Quintal
2025-03-15,Tea,West Bengal,Howrah,Howrah Wholesale,18061.0,14811.0,20254.0,4957.0,INR/Quintal
2024-12-21,Wheat,Madhya Pradesh,Bhopal,Bhopal Wholesale,2878.0,2360.0,3227.0,3551.0,INR/Quintal
2016-05-03,Pulses,Uttar Pradesh,Kanpur,Kanpur Wholesale,4859.0,3985.0,5449.0,6743.0,INR/Quintal
2019-04-11,Oilseeds,Madhya Pradesh,Bhopal,Bhopal Wholesale,5240.0,4297.0,5876.0,1909.0,INR/Quintal
2015-02-16,Rice,West Bengal,Darjeeling,Darjeeling Wholesale,1554.0,1274.0,1743.0,5175.0,INR/Quintal
2024-03-13,Potato,West Bengal,Howrah,Howrah Wholesale,1096.0,899.0,1229.0,1972.0,INR/Quintal
2017-02-16,Potato,Bihar,Patna,Patna Wholesale,1913.0,1569.0,2145.0,2944.0,INR/Quintal
2017-11-05,Cotton,Gujarat,Rajkot,Rajkot Wholesale,6229.0,5108.0,6985.0,4210.0,INR/Quintal
2016-12-11,Coconut,Andhra Pradesh,Chittoor,Chittoor Wholesale,1033.0,847.0,1158.0,3904.0,INR/Quintal
2016-02-05,Oilseeds,Madhya Pradesh,Bhopal,Bhopal Wholesale,3151.0,2584.0,3534.0,4247.0,INR/Quintal
2019-12-23,Potato,Uttar Pradesh,Lucknow,Lucknow Wholesale,2001.0,1641.0,2244.0,2469.0,INR/Quintal
2023-04-17,Maize,Andhra Pradesh,Krishna,Krishna Wholesale,1522.0,1248.0,1707.0,5856.0,INR/Quintal
2023-08-24,Maize,Telangana,Hyderabad,Hyderabad Wholesale,1492.0,1224.0,1673.0,940.0,INR/Quintal
2015-09-07,Wheat,Bihar,Muzaffarpur,Muzaffarpur Wholesale,1781.0,1461.0,1997.0,2068.0,INR/Quintal
2016-01-26,Oilseeds,Gujarat,Ahmedabad,Ahmedabad Wholesale,4884.0,4005.0,5477.0,3382.0,INR/Quintal
2025-07-20,Maize,Andhra Pradesh,Guntur,Guntur Wholesale,2732.0,2240.0,3064.0,3064.0,INR/Quintal
2015-12-01,Maize,Karnataka,Mysore,Mysore Wholesale,1719.0,1410.0,1928.0,1221.0,INR/Quintal
2016-09-20,Cotton,Andhra Pradesh,Chittoor,Chittoor Wholesale,5830.0,4781.0,6538.0,1785.0,INR/Quintal
2024-10-30,Potato,Uttar Pradesh,Varanasi,Varanasi Wholesale,1267.0,1039.0,1421.0,3887.0,INR/Quintal
2015-05-17,Wheat,Punjab,Ludhiana,Ludhiana Wholesale,1744.0,1430.0,1956.0,5198.0,INR/Quintal
2023-01-09,Pulses,Maharashtra,Nagpur,Nagpur Wholesale,6753.0,5538.0,7573.0,4441.0,INR/Quintal
2022-06-28,Apple,Jammu and Kashmir,Srinagar,Srinagar Wholesale,4273.0,3504.0,4792.0,1119.0,INR/Quintal
2025-09-16,Sugarcane,Karnataka,Hubli,Hubli Wholesale,485.0,398.0,544.0,3656.0,INR/Quintal
2019-03-02,Rice,Andhra Pradesh,Guntur,Guntur Wholesale,2541.0,2084.0,2849.0,7341.0,INR/Quintal
2017-04-06,Rice,Chhattisgarh,Raipur,Raipur Wholesale,1280.0,1050.0,1435.0,1870.0,INR/Quintal
2016-12-27,Coconut,Andhra Pradesh,Visakhapatnam,Visakhapatnam Wholesale,2100.0,1722.0,2355.0,2500.0,INR/Quintal
2019-02-09,Coffee,Tamil Nadu,Madurai,Madurai Wholesale,15886.0,13028.0,17815.0,4153.0,INR/Quintal
2022-03-26,Sugarcane,Tamil Nadu,Chennai,Chennai Wholesale,498.0,408.0,558.0,1330.0,INR/Quintal
2024-01-08,Sugarcane,Maharashtra,Mumbai,Mumbai Wholesale,426.0,349.0,478.0,2786.0,INR/Quintal
2017-09-16,Rice,Telangana,Nizamabad,Nizamabad Wholesale,1682.0,1379.0,1886.0,970.0,INR/Quintal
2021-08-16,Rice,Telangana,Nizamabad,Nizamabad Wholesale,2524.0,2070.0,2830.0,1003.0,INR/Quintal
2017-07-23,Pulses,Madhya Pradesh,Bhopal,Bhopal Wholesale,6306.0,5171.0,7072.0,2294.0,INR/Quintal
2023-05-01,Oilseeds,Rajasthan,Jodhpur,Jodhpur Wholesale,3289.0,2697.0,3688.0,1795.0,INR/Quintal
2016-02-06,Oilseeds,Maharashtra,Pune,Pune Wholesale,5106.0,4187.0,5726.0,2080.0,INR/Quintal
2019-01-06,Pulses,Madhya Pradesh,Bhopal,Bhopal Wholesale,5760.0,4724.0,6459.0,4135.0,INR/Quintal
2024-10-01,Potato,Bihar,Gaya,Gaya Wholesale,2209.0,1812.0,2477.0,3282.0,INR/Quintal
2016-09-06,Sugarcane,Maharashtra,Pune,Pune Wholesale,323.0,265.0,362.0,3987.0,INR/Quintal
2018-07-20,Tea,West Bengal,Kolkata,Kolkata Wholesale,10469.0,8585.0,11740.0,2112.0,INR/Quintal
2024-11-06,Sugarcane,Uttar Pradesh,Varanasi,Varanasi Wholesale,392.0,321.0,440.0,964.0,INR/Quintal
2018-03-28,Coffee,Kerala,Ernakulam,Ernakulam Wholesale,13580.0,11137.0,15229.0,1020.0,INR/Quintal
2023-10-29,Rice,Odisha,Bhubaneswar,Bhubaneswar Wholesale,3674.0,3013.0,4120.0,1161.0,INR/Quintal
2023-05-01,Sugarcane,Uttar Pradesh,Lucknow,Lucknow Wholesale,392.0,321.0,440.0,2570.0,INR/Quintal
2022-04-21,Rice,Telangana,Warangal,Warangal Wholesale,2571.0,2108.0,2883.0,5026.0,INR/Quintal
2021-02-13,Sugarcane,Karnataka,Mysore,Mysore Wholesale,355.0,291.0,398.0,6844.0,INR/Quintal
2025-08-20,Coffee,Tamil Nadu,Chennai,Chennai Wholesale,20442.0,16764.0,22924.0,3399.0,INR/Quintal
2018-01-26,Potato,West Bengal,Howrah,Howrah Wholesale,867.0,711.0,972.0,4787.0,INR/Quintal
2015-05-11,Apple,Jammu and Kashmir,Srinagar,Srinagar Wholesale,3648.0,2992.0,4091.0,1448.0,INR/Quintal
2022-10-23,Tea,West Bengal,Darjeeling,Darjeeling Wholesale,12153.0,9966.0,13628.0,3228.0,INR/Quintal
2018-04-09,Coconut,Andhra Pradesh,Visakhapatnam,Visakhapatnam Wholesale,2771.0,2272.0,3107.0,7199.0,INR/Quintal
2023-03-03,Maize,Madhya Pradesh,Bhopal,Bhopal Wholesale,1620.0,1329.0,1817.0,3334.0,INR/Quintal
2023-04-22,Pulses,Uttar Pradesh,Varanasi,Varanasi Wholesale,4575.0,3752.0,5130.0,2260.0,INR/Quintal
2015-07-02,Pulses,Rajasthan,Jodhpur,Jodhpur Wholesale,3025.0,2481.0,3392.0,736.0,INR/Quintal
2023-04-19,Coconut,Karnataka,Mysore,Mysore Wholesale,3642.0,2987.0,4084.0,4334.0,INR/Quintal
2015-12-30,Tea,Kerala,Ernakulam,Ernakulam Wholesale,9829.0,8061.0,11022.0,1600.0,INR/Quintal
2015-02-08,Sugarcane,Karnataka,Mysore,Mysore Wholesale,408.0,335.0,458.0,6369.0,INR/Quintal
2024-11-07,Maize,Madhya Pradesh,Bhopal,Bhopal Wholesale,2351.0,1928.0,2636.0,2212.0,INR/Quintal
2021-12-19,Coffee,Karnataka,Hubli,Hubli Wholesale,12633.0,10360.0,14167.0,3899.0,INR/Quintal
2024-10-27,Oilseeds,Gujarat,Rajkot,Rajkot Wholesale,4807.0,3942.0,5391.0,467.0,INR/Quintal
2018-10-04,Sugarcane,Uttar Pradesh,Kanpur,Kanpur Wholesale,348.0,285.0,390.0,3048.0,INR/Quintal
2023-04-18,Potato,Punjab,Patiala,Patiala Wholesale,1366.0,1120.0,1532.0,4611.0,INR/Quintal
2017-07-09,Rice,West Bengal,Darjeeling,Darjeeling Wholesale,2266.0,1858.0,2541.0,3437.0,INR/Quintal
2024-06-30,Coconut,Andhra Pradesh,Visakhapatnam,Visakhapatnam Wholesale,2690.0,2206.0,3017.0,2666.0,INR/Quintal
2022-08-01,Wheat,Rajasthan,Jodhpur,Jodhpur Wholesale,1959.0,1607.0,2197.0,2536.0,INR/Quintal
2023-11-07,Sugarcane,Tamil Nadu,Madurai,Madurai Wholesale,378.0,310.0,424.0,3287.0,INR/Quintal
2015-01-16,Apple,Jammu and Kashmir,Srinagar,Srinagar Wholesale,6991.0,5733.0,7840.0,1596.0,INR/Quintal
2016-05-07,Wheat,Bihar,Patna,Patna Wholesale,2293.0,1880.0,2571.0,5333.0,INR/Quintal
2018-12-20,Sugarcane,Uttar Pradesh,Lucknow,Lucknow Wholesale,340.0,279.0,381.0,7468.0,INR/Quintal
2018-02-05,Tea,Assam,Dibrugarh,Dibrugarh Wholesale,6839.0,5609.0,7669.0,1401.0,INR/Quintal
2023-01-20,Apple,Jammu and Kashmir,Srinagar,Srinagar Wholesale,9254.0,7589.0,10377.0,1908.0,INR/Quintal
2024-08-22,Wheat,Uttar Pradesh,Kanpur,Kanpur Wholesale,2882.0,2363.0,3232.0,1366.0,INR/Quintal
2015-11-07,Sugarcane,Karnataka,Hubli,Hubli Wholesale,449.0,368.0,504.0,2391.0,INR/Quintal
2017-01-08,Pulses,Rajasthan,Udaipur,Udaipur Wholesale,3988.0,3270.0,4472.0,765.0,INR/Quintal
2023-11-16,Apple,Jammu and Kashmir,Srinagar,Srinagar Wholesale,6744.0,5531.0,7563.0,1124.0,INR/Quintal
2016-06-29,Wheat,Rajasthan,Jaipur,Jaipur Wholesale,1789.0,1467.0,2006.0,1826.0,INR/Quintal
2021-09-27,Sugarcane,Maharashtra,Nashik,Nashik Wholesale,464.0,381.0,520.0,3030.0,INR/Quintal
2015-09-08,Oilseeds,Gujarat,Rajkot,Rajkot Wholesale,2346.0,1924.0,2631.0,2983.0,INR/Quintal
2017-01-28,Rice,Telangana,Hyderabad,Hyderabad Wholesale,1330.0,1091.0,1491.0,3403.0,INR/Quintal
2019-12-10,Oilseeds,Gujarat,Ahmedabad,Ahmedabad Wholesale,2482.0,2035.0,2783.0,2188.0,INR/Quintal
2023-10-18,Coconut,Kerala,Kozhikode,Kozhikode Wholesale,2960.0,2427.0,3319.0,2526.0,INR/Quintal
2018-07-21,Coconut,Karnataka,Belgaum,Belgaum Wholesale,2167.0,1777.0,2430.0,2789.0,INR/Quintal
2024-07-19,Maize,Bihar,Muzaffarpur,Muzaffarpur Wholesale,2309.0,1894.0,2589.0,2299.0,INR/Quintal
2019-06-20,Sugarcane,Tamil Nadu,Coimbatore,Coimbatore Wholesale,484.0,397.0,543.0,5436.0,INR/Quintal
2025-06-07,Cotton,Maharashtra,Pune,Pune Wholesale,8087.0,6632.0,9069.0,2309.0,INR/Quintal
2020-03-29,Potato,Punjab,Amritsar,Amritsar Wholesale,1371.0,1124.0,1537.0,5608.0,INR/Quintal
2023-07-08,Oilseeds,Gujarat,Surat,Surat Wholesale,6142.0,5037.0,6888.0,3642.0,INR/Quintal
2017-03-24,Wheat,Haryana,Gurgaon,Gurgaon Wholesale,2074.0,1701.0,2326.0,1936.0,INR/Quintal
2015-01-29,Tea,West Bengal,Kolkata,Kolkata Wholesale,7349.0,6027.0,8241.0,2649.0,INR/Quintal
2017-08-15,Apple,Jammu and Kashmir,Srinagar,Srinagar Wholesale,8441.0,6922.0,9466.0,1216.0,INR/Quintal
2020-07-25,Potato,Bihar,Gaya,Gaya Wholesale,614.0,504.0,689.0,1331.0,INR/Quintal
2016-04-21,Cotton,Maharashtra,Nashik,Nashik Wholesale,5819.0,4772.0,6525.0,4454.0,INR/Quintal
2015-11-14,Coffee,Tamil Nadu,Chennai,Chennai Wholesale,11124.0,9123.0,12474.0,3121.0,INR/Quintal
2015-09-02,Sugarcane,Tamil Nadu,Coimbatore,Coimbatore Wholesale,376.0,308.0,422.0,2711.0,INR/Quintal
2017-01-17,Tea,West Bengal,Howrah,Howrah Wholesale,13467.0,11044.0,15102.0,4778.0,INR/Quintal
2016-11-27,Sugarcane,Karnataka,Mysore,Mysore Wholesale,346.0,284.0,388.0,4111.0,INR/Quintal
2015-09-29,Maize,Bihar,Purnia,Purnia Wholesale,1757.0,1441.0,1970.0,1588.0,INR/Quintal
2024-08-12,Cotton,Andhra Pradesh,Visakhapatnam,Visakhapatnam Wholesale,7961.0,6529.0,8927.0,3269.0,INR/Quintal
2019-11-07,Apple,Jammu and Kashmir,Srinagar,Srinagar Wholesale,4852.0,3979.0,5441.0,1290.0,INR/Quintal
2018-06-16,Apple,Himachal Pradesh,Mandi,Mandi Wholesale,5896.0,4835.0,6612.0,926.0,INR/Quintal
2021-08-21,Sugarcane,Uttar Pradesh,Lucknow,Lucknow Wholesale,401.0,329.0,450.0,5392.0,INR/Quintal
2015-09-23,Wheat,Rajasthan,Jodhpur,Jodhpur Wholesale,2321.0,1903.0,2603.0,2153.0,INR/Quintal
2023-02-21,Maize,Karnataka,Hubli,Hubli Wholesale,2387.0,1958.0,2677.0,2500.0,INR/Quintal
2017-07-09,Pulses,Maharashtra,Mumbai,Mumbai Wholesale,5950.0,4879.0,6672.0,3909.0,INR/Quintal
2024-05-23,Coffee,Tamil Nadu,Madurai,Madurai Wholesale,12114.0,9934.0,13585.0,4719.0,INR/Quintal
2015-12-06,Cotton,Maharashtra,Nagpur,Nagpur Wholesale,4221.0,3462.0,4733.0,3174.0,INR/Quintal
2016-01-24,Rice,Punjab,Ludhiana,Ludhiana Wholesale,1276.0,1046.0,1431.0,7567.0,INR/Quintal
2022-03-09,Tea,West Bengal,Howrah,Howrah Wholesale,9598.0,7871.0,10763.0,5157.0,INR/Quintal
2025-04-18,Oilseeds,Gujarat,Ahmedabad,Ahmedabad Wholesale,4679.0,3837.0,5247.0,5233.0,INR/Quintal
2020-08-12,Coconut,Andhra Pradesh,Guntur,Guntur Wholesale,3383.0,2774.0,3794.0,1327.0,INR/Quintal
2024-08-01,Sugarcane,Tamil Nadu,Chennai,Chennai Wholesale,449.0,368.0,504.0,1901.0,INR/Quintal
2018-03-11,Tea,West Bengal,Kolkata,Kolkata Wholesale,19077.0,15645.0,21393.0,3507.0,INR/Quintal
2016-01-11,Tea,West Bengal,Kolkata,Kolkata Wholesale,6652.0,5455.0,7460.0,4809.0,INR/Quintal
2025-03-30,Rice,Chhattisgarh,Raipur,Raipur Wholesale,3710.0,3042.0,4160.0,2987.0,INR/Quintal
2020-07-26,Rice,Bihar,Gaya,Gaya Wholesale,1567.0,1285.0,1757.0,753.0,INR/Quintal
2021-06-29,Maize,Maharashtra,Mumbai,Mumbai Wholesale,2493.0,2044.0,2796.0,2450.0,INR/Quintal
2015-05-26,Cotton,Gujarat,Vadodara,Vadodara Wholesale,4169.0,3419.0,4675.0,3628.0,INR/Quintal
2020-06-04,Wheat,Haryana,Karnal,Karnal Wholesale,2815.0,2309.0,3157.0,5341.0,INR/Quintal
2015-10-20,Coffee,Karnataka,Mysore,Mysore Wholesale,11451.0,9391.0,12841.0,3132.0,INR/Quintal
2025-03-25,Coconut,Kerala,Ernakulam,Ernakulam Wholesale,2087.0,1712.0,2340.0,2816.0,INR/Quintal
2016-03-07,Apple,Jammu and Kashmir,Srinagar,Srinagar Wholesale,5618.0,4607.0,6300.0,534.0,INR/Quintal
2016-12-05,Rice,Telangana,Hyderabad,Hyderabad Wholesale,1814.0,1488.0,2034.0,1636.0,INR/Quintal
2023-03-16,Rice,Bihar,Patna,Patna Wholesale,2895.0,2374.0,3246.0,2140.0,INR/Quintal
2020-06-21,Oilseeds,Gujarat,Surat,Surat Wholesale,5663.0,4644.0,6350.0,4818.0,INR/Quintal
2022-03-17,Pulses,Uttar Pradesh,Lucknow,Lucknow Wholesale,5831.0,4782.0,6539.0,2554.0,INR/Quintal
2016-02-03,Rice,Assam,Cachar,Cachar Wholesale,2516.0,2063.0,2821.0,2612.0,INR/Quintal
2022-11-04,Pulses,Maharashtra,Nagpur,Nagpur Wholesale,3949.0,3238.0,4428.0,3888.0,INR/Quintal
2024-05-08,Maize,Madhya Pradesh,Bhopal,Bhopal Wholesale,2321.0,1903.0,2603.0,4454.0,INR/Quintal
2017-08-21,Wheat,Uttar Pradesh,Lucknow,Lucknow Wholesale,2071.0,1698.0,2322.0,5548.0,INR/Quintal
2023-10-17,Tea,Assam,Kamrup,Kamrup Wholesale,17184.0,14092.0,19270.0,2835.0,INR/Quintal
2021-02-12,Apple,Himachal Pradesh,Shimla,Shimla Wholesale,6413.0,5259.0,7192.0,2351.0,INR/Quintal
2020-08-03,Rice,Andhra Pradesh,Krishna,Krishna Wholesale,2713.0,2225.0,3042.0,3428.0,INR/Quintal
2020-01-03,Sugarcane,Tamil Nadu,Coimbatore,Coimbatore Wholesale,384.0,315.0,431.0,4954.0,INR/Quintal
2020-10-09,Pulses,Madhya Pradesh,Bhopal,Bhopal Wholesale,4345.0,3563.0,4872.0,2595.0,INR/Quintal
2017-07-27,Oilseeds,Madhya Pradesh,Bhopal,Bhopal Wholesale,3316.0,2719.0,3719.0,3252.0,INR/Quintal
2024-06-13,Coffee,Karnataka,Mysore,Mysore Wholesale,16273.0,13345.0,18249.0,2756.0,INR/Quintal
2016-12-10,Oilseeds,Maharashtra,Nashik,Nashik Wholesale,2844.0,2332.0,3189.0,3087.0,INR/Quintal
2017-03-17,Rice,Punjab,Ludhiana,Ludhiana Wholesale,1165.0,955.0,1306.0,5016.0,INR/Quintal
2019-01-03,Cotton,Telangana,Nizamabad,Nizamabad Wholesale,7291.0,5979.0,8176.0,3591.0,INR/Quintal
2024-04-13,Tea,Kerala,Thrissur,Thrissur Wholesale,6450.0,5289.0,7233.0,4021.0,INR/Quintal
2018-08-18,Wheat,Rajasthan,Jaipur,Jaipur Wholesale,2602.0,2134.0,2918.0,2289.0,INR/Quintal
2024-05-08,Sugarcane,Maharashtra,Pune,Pune Wholesale,405.0,332.0,454.0,3817.0,INR/Quintal
2015-01-11,Cotton,Gujarat,Vadodara,Vadodara Wholesale,4196.0,3441.0,4705.0,2947.0,INR/Quintal
2017-12-21,Oilseeds,Gujarat,Rajkot,Rajkot Wholesale,3910.0,3207.0,4385.0,5910.0,INR/Quintal
2020-02-12,Pulses,Maharashtra,Nagpur,Nagpur Wholesale,5183.0,4250.0,5812.0,2528.0,INR/Quintal
2021-03-23,Pulses,Madhya Pradesh,Bhopal,Bhopal Wholesale,5279.0,4329.0,5920.0,1559.0,INR/Quintal
2023-10-30,Cotton,Maharashtra,Nashik,Nashik Wholesale,7097.0,5820.0,7959.0,3579.0,INR/Quintal
2025-05-10,Pulses,Rajasthan,Jaipur,Jaipur Wholesale,5020.0,4117.0,5629.0,1053.0,INR/Quintal
2022-02-24,Oilseeds,Madhya Pradesh,Bhopal,Bhopal Wholesale,4827.0,3959.0,5413.0,2315.0,INR/Quintal
2017-02-10,Cotton,Andhra Pradesh,Krishna,Krishna Wholesale,5838.0,4788.0,6547.0,2745.0,INR/Quintal
2019-05-14,Oilseeds,Gujarat,Rajkot,Rajkot Wholesale,3365.0,2760.0,3774.0,1738.0,INR/Quintal
2019-05-27,Sugarcane,Tamil Nadu,Madurai,Madurai Wholesale,475.0,390.0,533.0,3932.0,INR/Quintal
2025-03-20,Tea,West Bengal,Darjeeling,Darjeeling Wholesale,19152.0,15706.0,21477.0,3119.0,INR/Quintal
2024-12-25,Coffee,Karnataka,Belgaum,Belgaum Wholesale,17774.0,14576.0,19932.0,2838.0,INR/Quintal
2018-08-26,Sugarcane,Tamil Nadu,Chennai,Chennai Wholesale,466.0,382.0,523.0,1125.0,INR/Quintal
2017-06-03,Sugarcane,Maharashtra,Nagpur,Nagpur Wholesale,464.0,381.0,520.0,5142.0,INR/Quintal
2024-01-28,Pulses,Maharashtra,Pune,Pune Wholesale,5855.0,4802.0,6566.0,2865.0,INR/Quintal
2024-10-04,Rice,Chhattisgarh,Raipur,Raipur Wholesale,1816.0,1489.0,2036.0,1058.0,INR/Quintal
2018-10-21,Potato,West Bengal,Kolkata,Kolkata Wholesale,2042.0,1675.0,2290.0,1331.0,INR/Quintal
2024-04-24,Pulses,Uttar Pradesh,Varanasi,Varanasi Wholesale,4532.0,3717.0,5082.0,4639.0,INR/Quintal
2023-09-14,Rice,Tamil Nadu,Madurai,Madurai Wholesale,1360.0,1115.0,1525.0,1991.0,INR/Quintal
2015-08-14,Oilseeds,Maharashtra,Nagpur,Nagpur Wholesale,2982.0,2445.0,3344.0,2775.0,INR/Quintal
2017-04-04,Potato,Bihar,Gaya,Gaya Wholesale,1686.0,1383.0,1891.0,6115.0,INR/Quintal
2021-03-15,Pulses,Rajasthan,Jodhpur,Jodhpur Wholesale,6808.0,5583.0,7634.0,4160.0,INR/Quintal
2017-07-25,Coconut,Andhra Pradesh,Visakhapatnam,Visakhapatnam Wholesale,2411.0,1977.0,2704.0,3307.0,INR/Quintal
2022-09-01,Potato,West Bengal,Howrah,Howrah Wholesale,2333.0,1913.0,2616.0,520.0,INR/Quintal
2021-12-28,Potato,Bihar,Purnia,Purnia Wholesale,753.0,618.0,844.0,3255.0,INR/Quintal
2021-04-25,Maize,Bihar,Purnia,Purnia Wholesale,1488.0,1220.0,1669.0,1138.0,INR/Quintal
2020-03-26,Tea,Kerala,Ernakulam,Ernakulam Wholesale,11428.0,9372.0,12815.0,3844.0,INR/Quintal
2025-07-12,Maize,Andhra Pradesh,Visakhapatnam,Visakhapatnam Wholesale,2816.0,2309.0,3158.0,2300.0,INR/Quintal
2024-10-28,Rice,Andhra Pradesh,Krishna,Krishna Wholesale,2547.0,2089.0,2856.0,3792.0,INR/Quintal
2019-12-02,Wheat,Uttar Pradesh,Kanpur,Kanpur Wholesale,1738.0,1425.0,1949.0,7112.0,INR/Quintal
2015-02-23,Cotton,Telangana,Warangal,Warangal Wholesale,4664.0,3825.0,5230.0,2695.0,INR/Quintal
2023-07-16,Coconut,Karnataka,Hubli,Hubli Wholesale,1847.0,1515.0,2071.0,2405.0,INR/Quintal
2016-12-27,Coffee,Kerala,Kozhikode,Kozhikode Wholesale,12416.0,10182.0,13923.0,2525.0,INR/Quintal
2022-06-29,Wheat,Haryana,Faridabad,Faridabad Wholesale,1868.0,1532.0,2095.0,1942.0,INR/Quintal
2019-03-25,Cotton,Andhra Pradesh,Chittoor,Chittoor Wholesale,7520.0,6167.0,8433.0,7290.0,INR/Quintal
2023-09-06,Rice,Tamil Nadu,Chennai,Chennai Wholesale,2519.0,2066.0,2825.0,1885.0,INR/Quintal
2017-11-09,Apple,Jammu and Kashmir,Srinagar,Srinagar Wholesale,6736.0,5524.0,7554.0,425.0,INR/Quintal
2020-03-28,Rice,Tamil Nadu,Coimbatore,Coimbatore Wholesale,1304.0,1069.0,1462.0,5623.0,INR/Quintal
2019-11-12,Oilseeds,Gujarat,Surat,Surat Wholesale,2422.0,1986.0,2716.0,1516.0,INR/Quintal
2019-05-16,Coffee,Kerala,Thrissur,Thrissur Wholesale,16842.0,13812.0,18887.0,1054.0,INR/Quintal
2020-03-29,Apple,Jammu and Kashmir,Srinagar,Srinagar Wholesale,8552.0,7013.0,9590.0,1577.0,INR/Quintal
2024-10-01,Tea,West Bengal,Kolkata,Kolkata Wholesale,15674.0,12854.0,17577.0,2867.0,INR/Quintal
2021-10-02,Potato,Punjab,Amritsar,Amritsar Wholesale,2144.0,1758.0,2404.0,3401.0,INR/Quintal
2022-06-30,Maize,Telangana,Warangal,Warangal Wholesale,2433.0,1995.0,2728.0,3109.0,INR/Quintal
2017-04-29,Maize,Bihar,Patna,Patna Wholesale,1352.0,1109.0,1516.0,1285.0,INR/Quintal
2020-10-10,Rice,Assam,Dibrugarh,Dibrugarh Wholesale,1615.0,1324.0,1811.0,1565.0,INR/Quintal
2023-10-22,Maize,Maharashtra,Nashik,Nashik Wholesale,2304.0,1889.0,2584.0,2027.0,INR/Quintal
2021-03-13,Coconut,Andhra Pradesh,Visakhapatnam,Visakhapatnam Wholesale,2227.0,1826.0,2497.0,7613.0,INR/Quintal
2015-01-03,Coconut,Kerala,Thrissur,Thrissur Wholesale,1581.0,1297.0,1773.0,665.0,INR/Quintal
2015-06-09,Coconut,Tamil Nadu,Madurai,Madurai Wholesale,1837.0,1506.0,2060.0,2027.0,INR/Quintal
2025-06-07,Apple,Jammu and Kashmir,Srinagar,Srinagar Wholesale,6794.0,5572.0,7619.0,1895.0,INR/Quintal
2017-02-19,Rice,Punjab,Amritsar,Amritsar Wholesale,2990.0,2452.0,3353.0,9308.0,INR/Quintal
2023-09-27,Potato,Bihar,Muzaffarpur,Muzaffarpur Wholesale,812.0,666.0,911.0,2948.0,INR/Quintal
2017-06-11,Rice,Bihar,Gaya,Gaya Wholesale,1653.0,1356.0,1854.0,842.0,INR/Quintal
2020-07-23,Oilseeds,Rajasthan,Jodhpur,Jodhpur Wholesale,4155.0,3407.0,4659.0,1801.0,INR/Quintal
2023-08-27,Tea,Kerala,Kozhikode,Kozhikode Wholesale,13373.0,10967.0,14996.0,1362.0,INR/Quintal
2021-07-04,Sugarcane,Maharashtra,Mumbai,Mumbai Wholesale,466.0,382.0,523.0,4563.0,INR/Quintal
2016-08-02,Pulses,Uttar Pradesh,Varanasi,Varanasi Wholesale,6000.0,4920.0,6728.0,830.0,INR/Quintal
2020-04-17,Apple,Himachal Pradesh,Kangra,Kangra Wholesale,8827.0,7239.0,9899.0,874.0,INR/Quintal
2018-10-12,Tea,Assam,Tinsukia,Tinsukia Wholesale,11522.0,9449.0,12921.0,1600.0,INR/Quintal
2025-01-29,Tea,Assam,Kamrup,Kamrup Wholesale,9291.0,7619.0,10419.0,1113.0,INR/Quintal
2018-07-14,Wheat,Uttar Pradesh,Varanasi,Varanasi Wholesale,2126.0,1743.0,2384.0,4612.0,INR/Quintal
2019-06-29,Coffee,Tamil Nadu,Coimbatore,Coimbatore Wholesale,17365.0,14241.0,19473.0,4613.0,INR/Quintal
2017-08-09,Coffee,Kerala,Thrissur,Thrissur Wholesale,19139.0,15695.0,21462.0,2173.0,INR/Quintal
2024-04-17,Apple,Himachal Pradesh,Mandi,Mandi Wholesale,10895.0,8935.0,12218.0,1563.0,INR/Quintal
2022-05-06,Coconut,Andhra Pradesh,Chittoor,Chittoor Wholesale,2675.0,2194.0,3000.0,6145.0,INR/Quintal
2017-09-14,Cotton,Andhra Pradesh,Guntur,Guntur Wholesale,5916.0,4852.0,6634.0,940.0,INR/Quintal
2024-11-21,Pulses,Maharashtra,Mumbai,Mumbai Wholesale,3877.0,3179.0,4348.0,1847.0,INR/Quintal
2025-03-09,Potato,West Bengal,Kolkata,Kolkata Wholesale,791.0,649.0,887.0,3865.0,INR/Quintal
2018-05-03,Coconut,Karnataka,Bangalore,Bangalore Wholesale,1430.0,1173.0,1604.0,982.0,INR/Quintal
2017-07-09,Apple,Jammu and Kashmir,Srinagar,Srinagar Wholesale,3470.0,2846.0,3891.0,316.0,INR/Quintal
2022-08-17,Sugarcane,Maharashtra,Nagpur,Nagpur Wholesale,436.0,358.0,489.0,2202.0,INR/Quintal
2018-09-17,Sugarcane,Tamil Nadu,Coimbatore,Coimbatore Wholesale,382.0,313.0,428.0,3656.0,INR/Quintal
2015-06-19,Apple,Himachal Pradesh,Mandi,Mandi Wholesale,6805.0,5581.0,7631.0,2294.0,INR/Quintal
2016-06-04,Coffee,Karnataka,Mysore,Mysore Wholesale,16347.0,13406.0,18332.0,2857.0,INR/Quintal
2019-01-26,Tea,Kerala,Ernakulam,Ernakulam Wholesale,11047.0,9059.0,12388.0,1049.0,INR/Quintal
2015-02-09,Oilseeds,Maharashtra,Nashik,Nashik Wholesale,3416.0,2801.0,3831.0,2132.0,INR/Quintal
2019-04-10,Cotton,Andhra Pradesh,Krishna,Krishna Wholesale,5413.0,4439.0,6070.0,3324.0,INR/Quintal
2024-02-15,Rice,Odisha,Bhubaneswar,Bhubaneswar Wholesale,3690.0,3026.0,4138.0,1639.0,INR/Quintal
2018-11-19,Cotton,Gujarat,Surat,Surat Wholesale,4643.0,3808.0,5207.0,891.0,INR/Quintal
2017-08-12,Wheat,Uttar Pradesh,Kanpur,Kanpur Wholesale,2585.0,2120.0,2899.0,3922.0,INR/Quintal
2024-01-11,Cotton,Maharashtra,Pune,Pune Wholesale,6266.0,5139.0,7027.0,4659.0,INR/Quintal
2017-09-10,Tea,West Bengal,Kolkata,Kolkata Wholesale,12881.0,10563.0,14445.0,1394.0,INR/Quintal
2023-10-01,Potato,West Bengal,Darjeeling,Darjeeling Wholesale,822.0,674.0,922.0,3261.0,INR/Quintal
2017-09-01,Tea,Kerala,Ernakulam,Ernakulam Wholesale,5447.0,4467.0,6108.0,2235.0,INR/Quintal
2015-02-07,Coffee,Kerala,Ernakulam,Ernakulam Wholesale,13155.0,10788.0,14752.0,2731.0,INR/Quintal
2021-07-03,Potato,West Bengal,Howrah,Howrah Wholesale,1903.0,1561.0,2134.0,874.0,INR/Quintal
2018-06-28,Maize,Telangana,Warangal,Warangal Wholesale,1602.0,1314.0,1796.0,4170.0,INR/Quintal
2018-04-14,Potato,Punjab,Patiala,Patiala Wholesale,1464.0,1201.0,1642.0,6631.0,INR/Quintal
2019-06-14,Cotton,Telangana,Hyderabad,Hyderabad Wholesale,5416.0,4442.0,6074.0,1451.0,INR/Quintal
2017-07-02,Cotton,Andhra Pradesh,Guntur,Guntur Wholesale,5476.0,4491.0,6141.0,3312.0,INR/Quintal
2016-03-29,Cotton,Gujarat,Ahmedabad,Ahmedabad Wholesale,6921.0,5676.0,7761.0,3623.0,INR/Quintal
2015-02-06,Maize,Telangana,Hyderabad,Hyderabad Wholesale,2056.0,1686.0,2306.0,3809.0,INR/Quintal
2024-04-10,Coffee,Tamil Nadu,Coimbatore,Coimbatore Wholesale,17123.0,14042.0,19202.0,3648.0,INR/Quintal
2019-09-08,Rice,Bihar,Patna,Patna Wholesale,1653.0,1356.0,1854.0,1879.0,INR/Quintal
2023-04-09,Coconut,Tamil Nadu,Madurai,Madurai Wholesale,1719.0,1410.0,1928.0,5282.0,INR/Quintal
2017-03-06,Pulses,Madhya Pradesh,Bhopal,Bhopal Wholesale,6214.0,5096.0,6968.0,3392.0,INR/Quintal
2017-08-30,Coffee,Karnataka,Mysore,Mysore Wholesale,12164.0,9975.0,13641.0,700.0,INR/Quintal
2016-08-15,Coconut,Karnataka,Bangalore,Bangalore Wholesale,2695.0,2210.0,3022.0,647.0,INR/Quintal
2018-02-11,Cotton,Gujarat,Ahmedabad,Ahmedabad Wholesale,5567.0,4565.0,6243.0,2831.0,INR/Quintal
2023-07-09,Apple,Himachal Pradesh,Shimla,Shimla Wholesale,10814.0,8868.0,12127.0,1035.0,INR/Quintal
2018-08-17,Coconut,Tamil Nadu,Coimbatore,Coimbatore Wholesale,1893.0,1552.0,2123.0,1416.0,INR/Quintal
2021-03-21,Coffee,Kerala,Kozhikode,Kozhikode Wholesale,14417.0,11823.0,16167.0,3569.0,INR/Quintal
2015-11-14,Wheat,Haryana,Karnal,Karnal Wholesale,2137.0,1753.0,2396.0,1640.0,INR/Quintal
2021-07-24,Sugarcane,Tamil Nadu,Chennai,Chennai Wholesale,524.0,430.0,588.0,3430.0,INR/Quintal
2020-12-02,Sugarcane,Uttar Pradesh,Lucknow,Lucknow Wholesale,513.0,421.0,575.0,5969.0,INR/Quintal
2022-07-08,Apple,Himachal Pradesh,Kangra,Kangra Wholesale,8699.0,7134.0,9755.0,450.0,INR/Quintal
2018-09-08,Pulses,Maharashtra,Pune,Pune Wholesale,5738.0,4706.0,6435.0,3120.0,INR/Quintal
2019-05-11,Pulses,Maharashtra,Nashik,Nashik Wholesale,5253.0,4308.0,5891.0,7216.0,INR/Quintal
2023-07-09,Rice,Tamil Nadu,Chennai,Chennai Wholesale,3114.0,2554.0,3492.0,1279.0,INR/Quintal
2020-03-04,Wheat,Madhya Pradesh,Bhopal,Bhopal Wholesale,2714.0,2226.0,3043.0,4776.0,INR/Quintal
2020-09-18,Tea,Assam,Cachar,Cachar Wholesale,11340.0,9300.0,12717.0,1807.0,INR/Quintal
2020-06-19,Coffee,Tamil Nadu,Coimbatore,Coimbatore Wholesale,16866.0,13831.0,18914.0,3475.0,INR/Quintal
2019-11-08,Potato,Uttar Pradesh,Varanasi,Varanasi Wholesale,1463.0,1200.0,1641.0,935.0,INR/Quintal
2018-08-05,Potato,Punjab,Amritsar,Amritsar Wholesale,1465.0,1201.0,1643.0,4294.0,INR/Quintal
2018-07-09,Tea,Assam,Kamrup,Kamrup Wholesale,15152.0,12426.0,16991.0,1804.0,INR/Quintal
2015-08-04,Sugarcane,Uttar Pradesh,Varanasi,Varanasi Wholesale,353.0,289.0,396.0,4158.0,INR/Quintal
2023-10-24,Tea,Assam,Tinsukia,Tinsukia Wholesale,8781.0,7201.0,9847.0,2452.0,INR/Quintal
2021-07-11,Coffee,Kerala,Thrissur,Thrissur Wholesale,15901.0,13040.0,17831.0,1943.0,INR/Quintal
2023-11-14,Coconut,Kerala,Ernakulam,Ernakulam Wholesale,1756.0,1440.0,1969.0,1147.0,INR/Quintal
2020-11-09,Wheat,Madhya Pradesh,Bhopal,Bhopal Wholesale,2298.0,1885.0,2577.0,773.0,INR/Quintal
2021-07-28,Cotton,Telangana,Nizamabad,Nizamabad Wholesale,7918.0,6493.0,8879.0,935.0,INR/Quintal
2022-03-03,Maize,Maharashtra,Pune,Pune Wholesale,2199.0,1803.0,2466.0,7438.0,INR/Quintal
2024-12-21,Apple,Himachal Pradesh,Mandi,Mandi Wholesale,10166.0,8337.0,11400.0,528.0,INR/Quintal
2022-11-03,Cotton,Andhra Pradesh,Chittoor,Chittoor Wholesale,5443.0,4464.0,6104.0,2276.0,INR/Quintal
2019-09-01,Maize,Telangana,Hyderabad,Hyderabad Wholesale,2353.0,1930.0,2639.0,1263.0,INR/Quintal
2022-09-29,Potato,West Bengal,Darjeeling,Darjeeling Wholesale,1697.0,1392.0,1903.0,3384.0,INR/Quintal
2015-12-29,Apple,Jammu and Kashmir,Srinagar,Srinagar Wholesale,3159.0,2591.0,3543.0,1060.0,INR/Quintal
2022-02-17,Pulses,Maharashtra,Pune,Pune Wholesale,5928.0,4861.0,6648.0,8163.0,INR/Quintal
2024-05-09,Coconut,Kerala,Kozhikode,Kozhikode Wholesale,3687.0,3024.0,4135.0,3511.0,INR/Quintal
2019-09-13,Coffee,Karnataka,Bangalore,Bangalore Wholesale,11026.0,9042.0,12365.0,3333.0,INR/Quintal
2018-04-08,Cotton,Andhra Pradesh,Visakhapatnam,Visakhapatnam Wholesale,6265.0,5138.0,7026.0,1427.0,INR/Quintal
2015-12-22,Tea,West Bengal,Kolkata,Kolkata Wholesale,16986.0,13930.0,19048.0,1803.0,INR/Quintal
2015-07-10,Wheat,Rajasthan,Jaipur,Jaipur Wholesale,1510.0,1238.0,1693.0,660.0,INR/Quintal
2025-03-27,Wheat,Rajasthan,Udaipur,Udaipur Wholesale,2770.0,2272.0,3106.0,2354.0,INR/Quintal
2021-10-05,Sugarcane,Maharashtra,Nashik,Nashik Wholesale,438.0,359.0,491.0,3591.0,INR/Quintal
2016-11-30,Wheat,Rajasthan,Udaipur,Udaipur Wholesale,1902.0,1560.0,2133.0,750.0,INR/Quintal
2020-08-16,Wheat,Uttar Pradesh,Varanasi,Varanasi Wholesale,2447.0,2007.0,2744.0,1206.0,INR/Quintal
2020-12-20,Pulses,Maharashtra,Pune,Pune Wholesale,3632.0,2979.0,4073.0,4245.0,INR/Quintal
2025-06-15,Tea,Assam,Dibrugarh,Dibrugarh Wholesale,16290.0,13359.0,18268.0,1229.0,INR/Quintal
2016-07-10,Potato,Bihar,Muzaffarpur,Muzaffarpur Wholesale,522.0,428.0,585.0,2258.0,INR/Quintal
2017-04-05,Wheat,Punjab,Ludhiana,Ludhiana Wholesale,1915.0,1570.0,2147.0,1380.0,INR/Quintal
2022-09-09,Potato,West Bengal,Howrah,Howrah Wholesale,1520.0,1247.0,1705.0,2743.0,INR/Quintal
2017-11-20,Pulses,Maharashtra,Mumbai,Mumbai Wholesale,4379.0,3591.0,4911.0,3244.0,INR/Quintal
2022-01-26,Wheat,Uttar Pradesh,Lucknow,Lucknow Wholesale,2187.0,1794.0,2453.0,5888.0,INR/Quintal
2016-03-01,Apple,Himachal Pradesh,Mandi,Mandi Wholesale,8106.0,6648.0,9090.0,1131.0,INR/Quintal
2024-06-27,Coffee,Tamil Nadu,Madurai,Madurai Wholesale,23187.0,19015.0,26002.0,1929.0,INR/Quintal
2022-06-12,Sugarcane,Maharashtra,Nashik,Nashik Wholesale,522.0,428.0,585.0,5338.0,INR/Quintal
2021-08-07,Cotton,Maharashtra,Mumbai,Mumbai Wholesale,6569.0,5387.0,7366.0,3593.0,INR/Quintal
2024-08-09,Coffee,Tamil Nadu,Madurai,Madurai Wholesale,22453.0,18413.0,25179.0,2531.0,INR/Quintal
2025-03-30,Oilseeds,Rajasthan,Jaipur,Jaipur Wholesale,6191.0,5077.0,6943.0,3027.0,INR/Quintal
2019-04-24,Apple,Himachal Pradesh,Shimla,Shimla Wholesale,6217.0,5098.0,6972.0,582.0,INR/Quintal
2020-10-30,Rice,Punjab,Amritsar,Amritsar Wholesale,1802.0,1478.0,2021.0,4833.0,INR/Quintal
2021-07-31,Wheat,Bihar,Purnia,Purnia Wholesale,1886.0,1547.0,2115.0,3370.0,INR/Quintal
2024-02-12,Potato,Uttar Pradesh,Kanpur,Kanpur Wholesale,1548.0,1269.0,1736.0,5966.0,INR/Quintal
2025-05-17,Rice,Chhattisgarh,Raipur,Raipur Wholesale,3760.0,3083.0,4216.0,3730.0,INR/Quintal
2016-08-11,Maize,Bihar,Gaya,Gaya Wholesale,1814.0,1488.0,2034.0,932.0,INR/Quintal
2020-07-05,Wheat,Bihar,Patna,Patna Wholesale,2493.0,2044.0,2796.0,3051.0,INR/Quintal
2019-03-28,Oilseeds,Maharashtra,Nashik,Nashik Wholesale,2619.0,2148.0,2937.0,8168.0,INR/Quintal
2015-10-22,Pulses,Rajasthan,Jodhpur,Jodhpur Wholesale,3431.0,2814.0,3848.0,982.0,INR/Quintal
2020-06-08,Sugarcane,Maharashtra,Nagpur,Nagpur Wholesale,425.0,349.0,477.0,739.0,INR/Quintal
2018-06-01,Oilseeds,Gujarat,Rajkot,Rajkot Wholesale,5291.0,4339.0,5933.0,4568.0,INR/Quintal
2019-03-29,Potato,Bihar,Purnia,Purnia Wholesale,1166.0,956.0,1308.0,691.0,INR/Quintal
2023-07-15,Pulses,Madhya Pradesh,Bhopal,Bhopal Wholesale,6984.0,5727.0,7832.0,3010.0,INR/Quintal
2019-08-18,Coconut,Kerala,Kozhikode,Kozhikode Wholesale,1389.0,1139.0,1558.0,446.0,INR/Quintal
2018-02-10,Cotton,Andhra Pradesh,Chittoor,Chittoor Wholesale,6378.0,5230.0,7152.0,5197.0,INR/Quintal
2018-06-10,Pulses,Maharashtra,Nashik,Nashik Wholesale,5234.0,4292.0,5869.0,2857.0,INR/Quintal
2020-08-26,Wheat,Bihar,Muzaffarpur,Muzaffarpur Wholesale,2714.0,2226.0,3043.0,1047.0,INR/Quintal
2015-12-26,Rice,Tamil Nadu,Coimbatore,Coimbatore Wholesale,1007.0,826.0,1129.0,4996.0,INR/Quintal
2024-01-08,Rice,West Bengal,Howrah,Howrah Wholesale,1752.0,1437.0,1965.0,4881.0,INR/Quintal
2022-12-23,Potato,Bihar,Gaya,Gaya Wholesale,1004.0,823.0,1126.0,2032.0,INR/Quintal
2016-11-30,Pulses,Rajasthan,Udaipur,Udaipur Wholesale,6025.0,4941.0,6756.0,1058.0,INR/Quintal
2016-03-23,Oilseeds,Maharashtra,Pune,Pune Wholesale,2535.0,2079.0,2843.0,6442.0,INR/Quintal
2022-12-13,Apple,Jammu and Kashmir,Srinagar,Srinagar Wholesale,3854.0,3161.0,4322.0,1706.0,INR/Quintal
2021-08-09,Potato,West Bengal,Darjeeling,Darjeeling Wholesale,1536.0,1260.0,1722.0,3030.0,INR/Quintal
2016-11-05,Coconut,Tamil Nadu,Madurai,Madurai Wholesale,2119.0,1738.0,2376.0,3160.0,INR/Quintal
2017-10-04,Sugarcane,Karnataka,Hubli,Hubli Wholesale,452.0,371.0,507.0,1242.0,INR/Quintal
2018-09-11,Potato,Bihar,Patna,Patna Wholesale,2096.0,1719.0,2350.0,3036.0,INR/Quintal
2021-11-19,Potato,West Bengal,Howrah,Howrah Wholesale,1543.0,1265.0,1730.0,3622.0,INR/Quintal
2021-09-27,Cotton,Gujarat,Ahmedabad,Ahmedabad Wholesale,8012.0,6570.0,8985.0,2375.0,INR/Quintal
2024-08-27,Coffee,Kerala,Kozhikode,Kozhikode Wholesale,21211.0,17395.0,23786.0,1659.0,INR/Quintal
2016-08-08,Wheat,Madhya Pradesh,Bhopal,Bhopal Wholesale,1817.0,1490.0,2038.0,1813.0,INR/Quintal
2018-06-10,Cotton,Gujarat,Surat,Surat Wholesale,7396.0,6065.0,8294.0,5073.0,INR/Quintal
2018-06-01,Rice,Uttar Pradesh,Kanpur,Kanpur Wholesale,2545.0,2087.0,2854.0,5760.0,INR/Quintal
2017-09-20,Rice,Uttar Pradesh,Kanpur,Kanpur Wholesale,1938.0,1589.0,2173.0,4571.0,INR/Quintal
2025-09-07,Apple,Jammu and Kashmir,Srinagar,Srinagar Wholesale,8322.0,6825.0,9332.0,779.0,INR/Quintal
2018-12-06,Maize,Madhya Pradesh,Bhopal,Bhopal Wholesale,1745.0,1431.0,1957.0,2649.0,INR/Quintal
2016-07-25,Maize,Bihar,Gaya,Gaya Wholesale,1354.0,1110.0,1518.0,3694.0,INR/Quintal
2021-07-10,Apple,Jammu and Kashmir,Srinagar,Srinagar Wholesale,7782.0,6382.0,8727.0,525.0,INR/Quintal
2018-05-30,Oilseeds,Madhya Pradesh,Bhopal,Bhopal Wholesale,4875.0,3998.0,5467.0,2298.0,INR/Quintal
2020-09-15,Rice,Assam,Dibrugarh,Dibrugarh Wholesale,2826.0,2318.0,3169.0,1844.0,INR/Quintal
2017-09-15,Coffee,Tamil Nadu,Madurai,Madurai Wholesale,10825.0,8877.0,12139.0,3556.0,INR/Quintal
2015-10-05,Cotton,Andhra Pradesh,Visakhapatnam,Visakhapatnam Wholesale,6870.0,5634.0,7704.0,507.0,INR/Quintal
2018-05-04,Sugarcane,Maharashtra,Nagpur,Nagpur Wholesale,331.0,271.0,371.0,2178.0,INR/Quintal
2023-02-11,Coffee,Tamil Nadu,Madurai,Madurai Wholesale,14127.0,11585.0,15842.0,2155.0,INR/Quintal
2020-03-02,Coconut,Tamil Nadu,Madurai,Madurai Wholesale,1748.0,1433.0,1960.0,2817.0,INR/Quintal
2016-04-28,Apple,Jammu and Kashmir,Srinagar,Srinagar Wholesale,3338.0,2737.0,3743.0,891.0,INR/Quintal
2018-06-19,Maize,Andhra Pradesh,Guntur,Guntur Wholesale,1750.0,1435.0,1962.0,3787.0,INR/Quintal
2024-04-18,Pulses,Uttar Pradesh,Lucknow,Lucknow Wholesale,6184.0,5071.0,6935.0,8476.0,INR/Quintal
2016-12-31,Coffee,Karnataka,Mysore,Mysore Wholesale,21063.0,17273.0,23620.0,3703.0,INR/Quintal
2021-02-17,Apple,Jammu and Kashmir,Srinagar,Srinagar Wholesale,9379.0,7692.0,10518.0,800.0,INR/Quintal
2017-11-06,Coffee,Kerala,Kozhikode,Kozhikode Wholesale,18759.0,15384.0,21036.0,2983.0,INR/Quintal
2022-01-15,Coconut,Tamil Nadu,Coimbatore,Coimbatore Wholesale,2344.0,1922.0,2629.0,4230.0,INR/Quintal
2017-07-06,Coffee,Kerala,Thrissur,Thrissur Wholesale,17686.0,14504.0,19833.0,1010.0,INR/Quintal
2021-09-14,Coffee,Kerala,Thrissur,Thrissur Wholesale,21386.0,17538.0,23982.0,1191.0,INR/Quintal
2017-06-04,Coffee,Karnataka,Bangalore,Bangalore Wholesale,15839.0,12989.0,17762.0,4460.0,INR/Quintal
2022-07-15,Maize,Madhya Pradesh,Bhopal,Bhopal Wholesale,2402.0,1970.0,2694.0,2601.0,INR/Quintal
2015-01-22,Rice,Telangana,Warangal,Warangal Wholesale,1965.0,1611.0,2204.0,3203.0,INR/Quintal
2016-04-18,Potato,Bihar,Gaya,Gaya Wholesale,1112.0,912.0,1247.0,1451.0,INR/Quintal
2023-09-27,Coffee,Karnataka,Bangalore,Bangalore Wholesale,19523.0,16010.0,21893.0,3168.0,INR/Quintal
2021-03-07,Coffee,Tamil Nadu,Coimbatore,Coimbatore Wholesale,18060.0,14811.0,20252.0,2694.0,INR/Quintal
2021-06-11,Wheat,Haryana,Hisar,Hisar Wholesale,2628.0,2155.0,2947.0,5561.0,INR/Quintal
2024-02-24,Rice,Assam,Dibrugarh,Dibrugarh Wholesale,2176.0,1784.0,2440.0,3441.0,INR/Quintal
2016-12-04,Potato,Bihar,Gaya,Gaya Wholesale,1398.0,1146.0,1568.0,1689.0,INR/Quintal
2016-11-17,Sugarcane,Tamil Nadu,Coimbatore,Coimbatore Wholesale,450.0,369.0,505.0,1361.0,INR/Quintal
2015-10-12,Sugarcane,Uttar Pradesh,Varanasi,Varanasi Wholesale,446.0,366.0,500.0,1209.0,INR/Quintal
2016-12-16,Pulses,Madhya Pradesh,Bhopal,Bhopal Wholesale,3792.0,3110.0,4252.0,1271.0,INR/Quintal
2025-04-05,Apple,Jammu and Kashmir,Srinagar,Srinagar Wholesale,5153.0,4226.0,5779.0,610.0,INR/Quintal
2017-02-01,Tea,West Bengal,Darjeeling,Darjeeling Wholesale,14967.0,12274.0,16784.0,4541.0,INR/Quintal
2018-06-04,Cotton,Maharashtra,Pune,Pune Wholesale,5716.0,4688.0,6410.0,4153.0,INR/Quintal
2017-08-05,Wheat,Uttar Pradesh,Kanpur,Kanpur Wholesale,1616.0,1325.0,1812.0,3484.0,INR/Quintal
2021-08-25,Rice,Uttar Pradesh,Varanasi,Varanasi Wholesale,1999.0,1639.0,2242.0,3762.0,INR/Quintal
2021-11-12,Rice,West Bengal,Kolkata,Kolkata Wholesale,3084.0,2529.0,3458.0,3896.0,INR/Quintal
2017-10-27,Tea,West Bengal,Kolkata,Kolkata Wholesale,16503.0,13534.0,18506.0,3754.0,INR/Quintal
2015-01-29,Pulses,Uttar Pradesh,Kanpur,Kanpur Wholesale,4484.0,3677.0,5028.0,2651.0,INR/Quintal
2017-06-25,Oilseeds,Rajasthan,Udaipur,Udaipur Wholesale,3623.0,2971.0,4063.0,2201.0,INR/Quintal
2023-07-02,Maize,Andhra Pradesh,Visakhapatnam,Visakhapatnam Wholesale,2207.0,1810.0,2475.0,870.0,INR/Quintal
2025-03-06,Pulses,Madhya Pradesh,Bhopal,Bhopal Wholesale,4756.0,3900.0,5333.0,1082.0,INR/Quintal
2023-01-05,Coconut,Kerala,Thrissur,Thrissur Wholesale,2545.0,2087.0,2854.0,3169.0,INR/Quintal
2020-10-27,Potato,Punjab,Patiala,Patiala Wholesale,594.0,487.0,666.0,2986.0,INR/Quintal
2023-03-14,Pulses,Maharashtra,Nashik,Nashik Wholesale,5489.0,4501.0,6155.0,6612.0,INR/Quintal
2021-11-11,Tea,Kerala,Kozhikode,Kozhikode Wholesale,8879.0,7281.0,9957.0,1643.0,INR/Quintal
2016-07-23,Tea,Assam,Dibrugarh,Dibrugarh Wholesale,12101.0,9924.0,13570.0,730.0,INR/Quintal
2020-06-29,Cotton,Gujarat,Vadodara,Vadodara Wholesale,6802.0,5578.0,7628.0,5309.0,INR/Quintal
2024-11-18,Wheat,Rajasthan,Jodhpur,Jodhpur Wholesale,2389.0,1959.0,2679.0,519.0,INR/Quintal
2024-09-23,Coconut,Andhra Pradesh,Visakhapatnam,Visakhapatnam Wholesale,1288.0,1056.0,1444.0,1134.0,INR/Quintal
2018-12-24,Coffee,Kerala,Kozhikode,Kozhikode Wholesale,12020.0,9857.0,13479.0,1397.0,INR/Quintal
2017-01-07,Apple,Jammu and Kashmir,Srinagar,Srinagar Wholesale,6537.0,5361.0,7331.0,2290.0,INR/Quintal
2024-03-10,Sugarcane,Uttar Pradesh,Lucknow,Lucknow Wholesale,395.0,324.0,443.0,4633.0,INR/Quintal
2016-05-30,Tea,Assam,Dibrugarh,Dibrugarh Wholesale,6259.0,5133.0,7019.0,2537.0,INR/Quintal
2020-06-23,Cotton,Maharashtra,Nagpur,Nagpur Wholesale,6832.0,5603.0,7661.0,5153.0,INR/Quintal
2023-09-06,Maize,Maharashtra,Pune,Pune Wholesale,2425.0,1989.0,2719.0,3061.0,INR/Quintal
2021-09-10,Sugarcane,Karnataka,Bangalore,Bangalore Wholesale,411.0,337.0,461.0,3301.0,INR/Quintal
2024-09-30,Oilseeds,Maharashtra,Pune,Pune Wholesale,4406.0,3613.0,4941.0,2447.0,INR/Quintal
2015-02-08,Rice,Punjab,Ludhiana,Ludhiana Wholesale,2891.0,2371.0,3242.0,9212.0,INR/Quintal
2024-02-25,Maize,Maharashtra,Mumbai,Mumbai Wholesale,2725.0,2235.0,3056.0,6691.0,INR/Quintal
2017-06-05,Oilseeds,Rajasthan,Udaipur,Udaipur Wholesale,3098.0,2541.0,3474.0,1614.0,INR/Quintal
2022-10-15,Sugarcane,Tamil Nadu,Chennai,Chennai Wholesale,510.0,418.0,572.0,1804.0,INR/Quintal
2021-01-13,Maize,Andhra Pradesh,Krishna,Krishna Wholesale,2117.0,1736.0,2374.0,6462.0,INR/Quintal
2018-01-03,Cotton,Maharashtra,Nagpur,Nagpur Wholesale,7550.0,6192.0,8467.0,5352.0,INR/Quintal
2023-01-10,Oilseeds,Maharashtra,Nashik,Nashik Wholesale,4257.0,3491.0,4774.0,4928.0,INR/Quintal
2019-12-29,Rice,Tamil Nadu,Madurai,Madurai Wholesale,2855.0,2341.0,3202.0,4301.0,INR/Quintal
2023-10-07,Coffee,Tamil Nadu,Coimbatore,Coimbatore Wholesale,20282.0,16633.0,22744.0,2462.0,INR/Quintal
2019-09-07,Cotton,Andhra Pradesh,Guntur,Guntur Wholesale,6151.0,5044.0,6898.0,1022.0,INR/Quintal
2017-08-31,Potato,Bihar,Patna,Patna Wholesale,1795.0,1472.0,2013.0,1433.0,INR/Quintal
2023-08-22,Rice,Assam,Kamrup,Kamrup Wholesale,1887.0,1547.0,2116.0,1783.0,INR/Quintal
2023-06-21,Wheat,Uttar Pradesh,Kanpur,Kanpur Wholesale,2012.0,1650.0,2256.0,873.0,INR/Quintal
2024-08-31,Pulses,Maharashtra,Mumbai,Mumbai Wholesale,5430.0,4453.0,6089.0,2375.0,INR/Quintal
2019-04-12,Coconut,Karnataka,Mysore,Mysore Wholesale,3234.0,2652.0,3627.0,5406.0,INR/Quintal
2025-05-06,Wheat,Punjab,Ludhiana,Ludhiana Wholesale,2601.0,2133.0,2917.0,2137.0,INR/Quintal
2022-12-06,Apple,Himachal Pradesh,Kangra,Kangra Wholesale,8221.0,6742.0,9219.0,395.0,INR/Quintal
2024-06-15,Tea,West Bengal,Howrah,Howrah Wholesale,17132.0,14050.0,19212.0,4688.0,INR/Quintal
2022-08-27,Coffee,Kerala,Thrissur,Thrissur Wholesale,11605.0,9517.0,13014.0,1941.0,INR/Quintal
2024-08-12,Potato,Punjab,Amritsar,Amritsar Wholesale,1379.0,1131.0,1546.0,1437.0,INR/Quintal
2025-01-23,Potato,Bihar,Patna,Patna Wholesale,2029.0,1664.0,2275.0,4748.0,INR/Quintal
2017-09-15,Pulses,Uttar Pradesh,Varanasi,Varanasi Wholesale,6271.0,5143.0,7032.0,3635.0,INR/Quintal
2015-01-21,Oilseeds,Gujarat,Surat,Surat Wholesale,2504.0,2053.0,2808.0,2765.0,INR/Quintal
2021-06-08,Pulses,Uttar Pradesh,Varanasi,Varanasi Wholesale,4993.0,4095.0,5599.0,3289.0,INR/Quintal
2017-05-18,Tea,West Bengal,Howrah,Howrah Wholesale,7570.0,6208.0,8489.0,1520.0,INR/Quintal
2015-03-25,Wheat,Madhya Pradesh,Bhopal,Bhopal Wholesale,1742.0,1429.0,1953.0,4429.0,INR/Quintal
2025-07-12,Apple,Himachal Pradesh,Kangra,Kangra Wholesale,6984.0,5727.0,7832.0,1186.0,INR/Quintal
2019-08-10,Potato,Punjab,Ludhiana,Ludhiana Wholesale,1468.0,1204.0,1646.0,3338.0,INR/Quintal
2020-05-30,Wheat,Haryana,Gurgaon,Gurgaon Wholesale,1990.0,1632.0,2232.0,7206.0,INR/Quintal
2024-08-25,Rice,Uttar Pradesh,Kanpur,Kanpur Wholesale,1848.0,1516.0,2072.0,634.0,INR/Quintal
2018-11-11,Coffee,Tamil Nadu,Madurai,Madurai Wholesale,17949.0,14720.0,20128.0,749.0,INR/Quintal
2019-03-11,Maize,Telangana,Nizamabad,Nizamabad Wholesale,2422.0,1986.0,2716.0,1436.0,INR/Quintal
2024-02-11,Tea,Kerala,Kozhikode,Kozhikode Wholesale,9414.0,7720.0,10557.0,640.0,INR/Quintal
2016-07-23,Coconut,Andhra Pradesh,Guntur,Guntur Wholesale,2447.0,2007.0,2744.0,3531.0,INR/Quintal
2017-07-22,Maize,Karnataka,Hubli,Hubli Wholesale,1546.0,1268.0,1734.0,3135.0,INR/Quintal
2024-11-07,Tea,Kerala,Kozhikode,Kozhikode Wholesale,16321.0,13384.0,18302.0,985.0,INR/Quintal
2023-11-08,Sugarcane,Maharashtra,Nagpur,Nagpur Wholesale,497.0,408.0,557.0,1295.0,INR/Quintal
2020-06-03,Coffee,Kerala,Ernakulam,Ernakulam Wholesale,20277.0,16629.0,22739.0,924.0,INR/Quintal
2023-11-09,Rice,Assam,Dibrugarh,Dibrugarh Wholesale,1362.0,1117.0,1527.0,3257.0,INR/Quintal
2020-01-30,Coffee,Karnataka,Mysore,Mysore Wholesale,19205.0,15750.0,21537.0,4580.0,INR/Quintal
2023-05-15,Oilseeds,Maharashtra,Nagpur,Nagpur Wholesale,4443.0,3644.0,4982.0,4686.0,INR/Quintal
2017-03-03,Tea,Kerala,Ernakulam,Ernakulam Wholesale,7565.0,6204.0,8483.0,2029.0,INR/Quintal
2017-03-02,Coconut,Tamil Nadu,Madurai,Madurai Wholesale,1616.0,1325.0,1812.0,3502.0,INR/Quintal
2024-11-04,Maize,Karnataka,Belgaum,Belgaum Wholesale,2261.0,1854.0,2535.0,844.0,INR/Quintal
2019-12-15,Tea,Kerala,Thrissur,Thrissur Wholesale,12161.0,9973.0,13637.0,3993.0,INR/Quintal
2018-07-18,Oilseeds,Maharashtra,Pune,Pune Wholesale,2288.0,1876.0,2566.0,4307.0,INR/Quintal
2021-12-14,Tea,West Bengal,Howrah,Howrah Wholesale,15114.0,12395.0,16949.0,3626.0,INR/Quintal
2021-03-05,Coffee,Kerala,Thrissur,Thrissur Wholesale,11854.0,9721.0,13293.0,3271.0,INR/Quintal
2024-11-19,Cotton,Andhra Pradesh,Krishna,Krishna Wholesale,5615.0,4605.0,6297.0,2825.0,INR/Quintal
2019-05-27,Tea,Assam,Kamrup,Kamrup Wholesale,12579.0,10316.0,14106.0,1526.0,INR/Quintal
2017-12-19,Sugarcane,Uttar Pradesh,Lucknow,Lucknow Wholesale,367.0,301.0,412.0,2278.0,INR/Quintal
2021-10-13,Sugarcane,Maharashtra,Pune,Pune Wholesale,432.0,354.0,484.0,2861.0,INR/Quintal
2017-09-11,Potato,West Bengal,Kolkata,Kolkata Wholesale,1102.0,904.0,1236.0,628.0,INR/Quintal
2019-08-08,Sugarcane,Karnataka,Belgaum,Belgaum Wholesale,445.0,365.0,499.0,680.0,INR/Quintal
2025-01-24,Coconut,Kerala,Ernakulam,Ernakulam Wholesale,2522.0,2068.0,2828.0,2782.0,INR/Quintal
2024-04-03,Tea,Assam,Tinsukia,Tinsukia Wholesale,18586.0,15242.0,20842.0,4676.0,INR/Quintal
2016-06-03,Apple,Himachal Pradesh,Kangra,Kangra Wholesale,5395.0,4424.0,6050.0,2307.0,INR/Quintal
2016-08-13,Tea,West Bengal,Howrah,Howrah Wholesale,15330.0,12572.0,17191.0,447.0,INR/Quintal
2017-11-16,Cotton,Andhra Pradesh,Chittoor,Chittoor Wholesale,5058.0,4148.0,5672.0,1003.0,INR/Quintal
2019-09-06,Sugarcane,Maharashtra,Nagpur,Nagpur Wholesale,421.0,345.0,472.0,2843.0,INR/Quintal
2024-12-12,Wheat,Punjab,Patiala,Patiala Wholesale,2607.0,2138.0,2923.0,6477.0,INR/Quintal
2020-07-28,Tea,West Bengal,Darjeeling,Darjeeling Wholesale,11442.0,9383.0,12831.0,4483.0,INR/Quintal
2021-02-24,Coconut,Kerala,Thrissur,Thrissur Wholesale,2293.0,1880.0,2571.0,4407.0,INR/Quintal
2021-08-31,Rice,Telangana,Warangal,Warangal Wholesale,1839.0,1508.0,2062.0,2364.0,INR/Quintal
2015-12-15,Rice,Telangana,Nizamabad,Nizamabad Wholesale,1012.0,830.0,1135.0,1262.0,INR/Quintal
2017-08-17,Maize,Karnataka,Hubli,Hubli Wholesale,1501.0,1231.0,1683.0,673.0,INR/Quintal
2020-05-17,Coconut,Kerala,Kozhikode,Kozhikode Wholesale,2760.0,2263.0,3095.0,657.0,INR/Quintal
2016-11-23,Cotton,Maharashtra,Mumbai,Mumbai Wholesale,6502.0,5332.0,7291.0,3596.0,INR/Quintal
2019-04-09,Oilseeds,Madhya Pradesh,Bhopal,Bhopal Wholesale,3181.0,2609.0,3567.0,668.0,INR/Quintal
2025-09-04,Wheat,Haryana,Gurgaon,Gurgaon Wholesale,2480.0,2034.0,2781.0,3750.0,INR/Quintal
2016-01-13,Tea,Kerala,Thrissur,Thrissur Wholesale,4981.0,4085.0,5586.0,3410.0,INR/Quintal
2023-01-25,Coffee,Tamil Nadu,Coimbatore,Coimbatore Wholesale,12775.0,10476.0,14326.0,1086.0,INR/Quintal
2023-02-11,Pulses,Uttar Pradesh,Lucknow,Lucknow Wholesale,6619.0,5428.0,7423.0,8655.0,INR/Quintal
2024-12-08,Pulses,Rajasthan,Jodhpur,Jodhpur Wholesale,6119.0,5018.0,6862.0,1994.0,INR/Quintal
2016-06-10,Oilseeds,Madhya Pradesh,Bhopal,Bhopal Wholesale,2696.0,2211.0,3023.0,3656.0,INR/Quintal
2023-10-30,Potato,West Bengal,Kolkata,Kolkata Wholesale,1099.0,901.0,1232.0,3711.0,INR/Quintal
2022-08-13,Coffee,Kerala,Thrissur,Thrissur Wholesale,21540.0,17664.0,24155.0,821.0,INR/Quintal
2021-03-03,Pulses,Madhya Pradesh,Bhopal,Bhopal Wholesale,4280.0,3510.0,4800.0,2301.0,INR/Quintal
2021-11-07,Oilseeds,Gujarat,Rajkot,Rajkot Wholesale,3543.0,2906.0,3973.0,1128.0,INR/Quintal
2024-02-27,Coconut,Karnataka,Hubli,Hubli Wholesale,2957.0,2425.0,3316.0,5526.0,INR/Quintal
2018-06-13,Pulses,Madhya Pradesh,Bhopal,Bhopal Wholesale,5105.0,4186.0,5725.0,2215.0,INR/Quintal
2020-02-19,Cotton,Telangana,Nizamabad,Nizamabad Wholesale,6190.0,5076.0,6941.0,5306.0,INR/Quintal
2019-10-30,Coconut,Andhra Pradesh,Chittoor,Chittoor Wholesale,3135.0,2571.0,3516.0,1276.0,INR/Quintal
2016-06-04,Maize,Bihar,Purnia,Purnia Wholesale,1462.0,1199.0,1639.0,3598.0,INR/Quintal
2019-08-29,Potato,Uttar Pradesh,Varanasi,Varanasi Wholesale,1806.0,1481.0,2025.0,5498.0,INR/Quintal
2017-10-13,Cotton,Maharashtra,Nashik,Nashik Wholesale,4746.0,3892.0,5322.0,3362.0,INR/Quintal
2023-03-23,Coffee,Karnataka,Belgaum,Belgaum Wholesale,20990.0,17213.0,23538.0,1158.0,INR/Quintal
2025-09-07,Oilseeds,Gujarat,Surat,Surat Wholesale,5995.0,4916.0,6723.0,2644.0,INR/Quintal
2022-08-05,Wheat,Uttar Pradesh,Kanpur,Kanpur Wholesale,2369.0,1943.0,2657.0,1454.0,INR/Quintal
2017-10-10,Coffee,Kerala,Kozhikode,Kozhikode Wholesale,17693.0,14510.0,19841.0,377.0,INR/Quintal
2021-12-23,Coffee,Karnataka,Mysore,Mysore Wholesale,23162.0,18995.0,25974.0,2208.0,INR/Quintal
2015-04-27,Sugarcane,Maharashtra,Mumbai,Mumbai Wholesale,320.0,262.0,359.0,2780.0,INR/Quintal
2021-08-30,Wheat,Uttar Pradesh,Kanpur,Kanpur Wholesale,2603.0,2135.0,2919.0,4496.0,INR/Quintal
2018-09-29,Rice,Chhattisgarh,Raipur,Raipur Wholesale,3095.0,2538.0,3471.0,1069.0,INR/Quintal
2016-08-06,Sugarcane,Tamil Nadu,Madurai,Madurai Wholesale,398.0,326.0,446.0,3093.0,INR/Quintal
2016-01-30,Oilseeds,Madhya Pradesh,Bhopal,Bhopal Wholesale,2635.0,2161.0,2955.0,527.0,INR/Quintal
2017-12-23,Rice,Assam,Cachar,Cachar Wholesale,1329.0,1090.0,1490.0,453.0,INR/Quintal
2025-05-16,Pulses,Madhya Pradesh,Bhopal,Bhopal Wholesale,4913.0,4029.0,5509.0,581.0,INR/Quintal
2022-07-31,Coconut,Andhra Pradesh,Chittoor,Chittoor Wholesale,1461.0,1198.0,1638.0,1517.0,INR/Quintal
2015-03-13,Pulses,Maharashtra,Nagpur,Nagpur Wholesale,4540.0,3723.0,5091.0,3689.0,INR/Quintal
2025-07-27,Coffee,Karnataka,Hubli,Hubli Wholesale,12636.0,10362.0,14170.0,3025.0,INR/Quintal
2015-10-01,Sugarcane,Maharashtra,Mumbai,Mumbai Wholesale,334.0,274.0,375.0,4750.0,INR/Quintal
2020-07-06,Tea,Assam,Dibrugarh,Dibrugarh Wholesale,10809.0,8864.0,12121.0,1424.0,INR/Quintal
2018-09-05,Wheat,Rajasthan,Jaipur,Jaipur Wholesale,2152.0,1765.0,2413.0,368.0,INR/Quintal
2015-12-04,Coconut,Karnataka,Belgaum,Belgaum Wholesale,2131.0,1748.0,2390.0,1515.0,INR/Quintal
2018-10-21,Rice,Andhra Pradesh,Krishna,Krishna Wholesale,2628.0,2155.0,2947.0,4033.0,INR/Quintal
2024-10-06,Wheat,Uttar Pradesh,Kanpur,Kanpur Wholesale,1965.0,1611.0,2204.0,4049.0,INR/Quintal
2016-08-29,Sugarcane,Uttar Pradesh,Kanpur,Kanpur Wholesale,321.0,263.0,360.0,4503.0,INR/Quintal
2015-06-15,Coffee,Tamil Nadu,Coimbatore,Coimbatore Wholesale,8294.0,6802.0,9301.0,1165.0,INR/Quintal
2019-04-17,Cotton,Maharashtra,Nagpur,Nagpur Wholesale,5902.0,4840.0,6619.0,1814.0,INR/Quintal
2020-08-20,Pulses,Madhya Pradesh,Bhopal,Bhopal Wholesale,3594.0,2947.0,4030.0,595.0,INR/Quintal
2018-08-17,Rice,Tamil Nadu,Chennai,Chennai Wholesale,2716.0,2227.0,3046.0,3548.0,INR/Quintal
2016-12-29,Rice,Uttar Pradesh,Varanasi,Varanasi Wholesale,1489.0,1221.0,1670.0,2167.0,INR/Quintal
2022-10-19,Oilseeds,Gujarat,Rajkot,Rajkot Wholesale,5829.0,4780.0,6537.0,3015.0,INR/Quintal
2020-08-05,Rice,Assam,Kamrup,Kamrup Wholesale,2269.0,1861.0,2544.0,1672.0,INR/Quintal
2015-04-12,Coconut,Karnataka,Hubli,Hubli Wholesale,1893.0,1552.0,2123.0,4088.0,INR/Quintal
2024-07-28,Sugarcane,Tamil Nadu,Madurai,Madurai Wholesale,530.0,435.0,594.0,1290.0,INR/Quintal
2018-11-16,Apple,Himachal Pradesh,Shimla,Shimla Wholesale,7872.0,6456.0,8828.0,1427.0,INR/Quintal
2017-02-17,Rice,West Bengal,Darjeeling,Darjeeling Wholesale,2347.0,1925.0,2632.0,962.0,INR/Quintal
2015-08-02,Rice,Uttar Pradesh,Kanpur,Kanpur Wholesale,2870.0,2354.0,3218.0,5519.0,INR/Quintal
2025-04-20,Wheat,Madhya Pradesh,Bhopal,Bhopal Wholesale,2499.0,2049.0,2802.0,625.0,INR/Quintal
2018-01-16,Apple,Himachal Pradesh,Mandi,Mandi Wholesale,8444.0,6925.0,9469.0,417.0,INR/Quintal
2019-04-26,Coconut,Tamil Nadu,Madurai,Madurai Wholesale,1971.0,1616.0,2210.0,2717.0,INR/Quintal
2021-09-14,Coffee,Karnataka,Bangalore,Bangalore Wholesale,23442.0,19224.0,26288.0,3267.0,INR/Quintal
2022-03-20,Maize,Bihar,Patna,Patna Wholesale,1766.0,1448.0,1980.0,2155.0,INR/Quintal
2023-01-15,Apple,Jammu and Kashmir,Srinagar,Srinagar Wholesale,5513.0,4521.0,6182.0,1207.0,INR/Quintal
2023-07-15,Rice,West Bengal,Darjeeling,Darjeeling Wholesale,2921.0,2395.0,3276.0,543.0,INR/Quintal
2019-08-23,Tea,Kerala,Kozhikode,Kozhikode Wholesale,7184.0,5891.0,8056.0,506.0,INR/Quintal
2024-09-04,Coffee,Kerala,Ernakulam,Ernakulam Wholesale,13652.0,11196.0,15309.0,1812.0,INR/Quintal
2016-08-14,Potato,Bihar,Purnia,Purnia Wholesale,987.0,809.0,1107.0,1017.0,INR/Quintal
2018-08-26,Oilseeds,Maharashtra,Nashik,Nashik Wholesale,4400.0,3608.0,4934.0,3487.0,INR/Quintal
2018-01-14,Apple,Himachal Pradesh,Shimla,Shimla Wholesale,8929.0,7322.0,10013.0,2320.0,INR/Quintal
2020-11-09,Wheat,Madhya Pradesh,Bhopal,Bhopal Wholesale,2501.0,2051.0,2805.0,2942.0,INR/Quintal
2025-03-20,Oilseeds,Madhya Pradesh,Bhopal,Bhopal Wholesale,5828.0,4779.0,6536.0,1146.0,INR/Quintal
2022-06-13,Cotton,Andhra Pradesh,Krishna,Krishna Wholesale,6813.0,5587.0,7640.0,3060.0,INR/Quintal
2016-12-14,Rice,Punjab,Patiala,Patiala Wholesale,1172.0,961.0,1314.0,7143.0,INR/Quintal
2017-07-24,Apple,Jammu and Kashmir,Srinagar,Srinagar Wholesale,3712.0,3044.0,4163.0,1351.0,INR/Quintal
2020-05-05,Pulses,Rajasthan,Udaipur,Udaipur Wholesale,5363.0,4398.0,6014.0,826.0,INR/Quintal
2015-08-30,Tea,Assam,Kamrup,Kamrup Wholesale,8278.0,6789.0,9283.0,1635.0,INR/Quintal
2020-08-05,Wheat,Madhya Pradesh,Bhopal,Bhopal Wholesale,1979.0,1623.0,2219.0,2754.0,INR/Quintal
2015-01-02,Oilseeds,Rajasthan,Udaipur,Udaipur Wholesale,3399.0,2787.0,3812.0,1997.0,INR/Quintal
2021-03-22,Rice,West Bengal,Howrah,Howrah Wholesale,2753.0,2258.0,3087.0,6104.0,INR/Quintal
2022-10-19,Pulses,Madhya Pradesh,Bhopal,Bhopal Wholesale,5028.0,4123.0,5638.0,1617.0,INR/Quintal
2019-11-04,Pulses,Madhya Pradesh,Bhopal,Bhopal Wholesale,6057.0,4967.0,6792.0,667.0,INR/Quintal
2020-05-03,Cotton,Gujarat,Ahmedabad,Ahmedabad Wholesale,7148.0,5862.0,8016.0,1608.0,INR/Quintal
2022-03-21,Coffee,Karnataka,Hubli,Hubli Wholesale,22386.0,18358.0,25104.0,1015.0,INR/Quintal
2020-12-03,Tea,West Bengal,Howrah,Howrah Wholesale,20496.0,16808.0,22984.0,1517.0,INR/Quintal
2025-03-26,Maize,Maharashtra,Mumbai,Mumbai Wholesale,1944.0,1594.0,2180.0,7641.0,INR/Quintal
2017-07-06,Tea,Assam,Tinsukia,Tinsukia Wholesale,12134.0,9951.0,13607.0,2330.0,INR/Quintal
2023-09-10,Cotton,Gujarat,Rajkot,Rajkot Wholesale,8142.0,6677.0,9130.0,3213.0,INR/Quintal
2021-02-19,Sugarcane,Uttar Pradesh,Varanasi,Varanasi Wholesale,457.0,375.0,512.0,6231.0,INR/Quintal
2023-11-12,Coconut,Tamil Nadu,Coimbatore,Coimbatore Wholesale,3198.0,2623.0,3586.0,2094.0,INR/Quintal
2022-12-28,Coffee,Karnataka,Mysore,Mysore Wholesale,17268.0,14161.0,19364.0,1623.0,INR/Quintal
2015-03-31,Wheat,Haryana,Hisar,Hisar Wholesale,2090.0,1714.0,2344.0,8491.0,INR/Quintal
2019-09-06,Apple,Himachal Pradesh,Mandi,Mandi Wholesale,4039.0,3312.0,4529.0,986.0,INR/Quintal
2020-12-09,Coffee,Karnataka,Hubli,Hubli Wholesale,25084.0,20571.0,28129.0,2931.0,INR/Quintal
2015-05-23,Cotton,Maharashtra,Nashik,Nashik Wholesale,6400.0,5248.0,7177.0,7449.0,INR/Quintal
2023-04-30,Cotton,Andhra Pradesh,Krishna,Krishna Wholesale,8192.0,6718.0,9187.0,3368.0,INR/Quintal
2015-04-16,Wheat,Bihar,Gaya,Gaya Wholesale,2194.0,1799.0,2460.0,5472.0,INR/Quintal
2017-06-05,Wheat,Bihar,Muzaffarpur,Muzaffarpur Wholesale,1787.0,1465.0,2004.0,4381.0,INR/Quintal
2016-03-03,Wheat,Punjab,Ludhiana,Ludhiana Wholesale,1577.0,1293.0,1768.0,3017.0,INR/Quintal
2018-08-21,Coffee,Kerala,Ernakulam,Ernakulam Wholesale,20030.0,16426.0,22462.0,549.0,INR/Quintal
2020-03-10,Coconut,Karnataka,Bangalore,Bangalore Wholesale,2062.0,1691.0,2312.0,6993.0,INR/Quintal
2020-06-17,Rice,Bihar,Patna,Patna Wholesale,1757.0,1441.0,1970.0,2417.0,INR/Quintal
2015-11-13,Oilseeds,Gujarat,Vadodara,Vadodara Wholesale,3685.0,3022.0,4132.0,520.0,INR/Quintal
2020-06-09,Potato,Bihar,Gaya,Gaya Wholesale,1301.0,1067.0,1459.0,2746.0,INR/Quintal
2016-09-26,Wheat,Haryana,Gurgaon,Gurgaon Wholesale,2216.0,1817.0,2485.0,3221.0,INR/Quintal
2020-04-09,Oilseeds,Rajasthan,Jaipur,Jaipur Wholesale,3969.0,3255.0,4451.0,3521.0,INR/Quintal
2020-08-18,Coconut,Kerala,Kozhikode,Kozhikode Wholesale,2754.0,2258.0,3088.0,2809.0,INR/Quintal
2022-09-22,Potato,Punjab,Patiala,Patiala Wholesale,2154.0,1766.0,2415.0,4849.0,INR/Quintal
2023-08-11,Coffee,Kerala,Ernakulam,Ernakulam Wholesale,12830.0,10522.0,14388.0,2801.0,INR/Quintal
2024-05-23,Oilseeds,Madhya Pradesh,Bhopal,Bhopal Wholesale,3795.0,3112.0,4256.0,593.0,INR/Quintal
2021-03-20,Wheat,Uttar Pradesh,Kanpur,Kanpur Wholesale,2285.0,1874.0,2562.0,7221.0,INR/Quintal
2018-12-10,Maize,Bihar,Muzaffarpur,Muzaffarpur Wholesale,2357.0,1933.0,2643.0,1516.0,INR/Quintal
2016-07-06,Cotton,Gujarat,Vadodara,Vadodara Wholesale,5249.0,4305.0,5886.0,1371.0,INR/Quintal
2024-06-03,Apple,Himachal Pradesh,Shimla,Shimla Wholesale,6853.0,5620.0,7685.0,2051.0,INR/Quintal
2016-12-16,Apple,Himachal Pradesh,Kangra,Kangra Wholesale,7101.0,5823.0,7963.0,1189.0,INR/Quintal
2018-07-11,Oilseeds,Gujarat,Rajkot,Rajkot Wholesale,3551.0,2912.0,3982.0,4717.0,INR/Quintal
2025-09-16,Apple,Jammu and Kashmir,Srinagar,Srinagar Wholesale,10083.0,8269.0,11307.0,193.0,INR/Quintal
2019-09-10,Pulses,Madhya Pradesh,Bhopal,Bhopal Wholesale,6365.0,5220.0,7138.0,2301.0,INR/Quintal
2020-02-27,Pulses,Rajasthan,Jaipur,Jaipur Wholesale,5221.0,4282.0,5855.0,984.0,INR/Quintal
2024-04-12,Oilseeds,Maharashtra,Pune,Pune Wholesale,4997.0,4098.0,5604.0,2120.0,INR/Quintal
2018-01-12,Wheat,Bihar,Muzaffarpur,Muzaffarpur Wholesale,1698.0,1392.0,1904.0,3045.0,INR/Quintal
2018-09-03,Tea,West Bengal,Darjeeling,Darjeeling Wholesale,15640.0,12826.0,17539.0,1756.0,INR/Quintal
2015-04-21,Wheat,Punjab,Ludhiana,Ludhiana Wholesale,2207.0,1810.0,2475.0,5079.0,INR/Quintal
2015-09-08,Coffee,Karnataka,Belgaum,Belgaum Wholesale,13541.0,11105.0,15185.0,3642.0,INR/Quintal
2021-08-27,Wheat,Haryana,Faridabad,Faridabad Wholesale,2029.0,1664.0,2275.0,3584.0,INR/Quintal
2020-08-16,Coffee,Tamil Nadu,Chennai,Chennai Wholesale,20737.0,17006.0,23254.0,1471.0,INR/Quintal
2016-04-03,Tea,West Bengal,Howrah,Howrah Wholesale,11454.0,9393.0,12845.0,1771.0,INR/Quintal
2018-01-12,Maize,Karnataka,Mysore,Mysore Wholesale,2021.0,1657.0,2266.0,3024.0,INR/Quintal
2015-07-27,Coffee,Kerala,Ernakulam,Ernakulam Wholesale,8400.0,6889.0,9420.0,1722.0,INR/Quintal
2017-06-18,Sugarcane,Maharashtra,Mumbai,Mumbai Wholesale,384.0,315.0,431.0,4168.0,INR/Quintal
2024-06-23,Pulses,Madhya Pradesh,Bhopal,Bhopal Wholesale,6924.0,5678.0,7765.0,1358.0,INR/Quintal
2024-04-08,Cotton,Andhra Pradesh,Guntur,Guntur Wholesale,6557.0,5377.0,7353.0,5977.0,INR/Quintal
2015-01-22,Pulses,Maharashtra,Nagpur,Nagpur Wholesale,4809.0,3944.0,5393.0,1410.0,INR/Quintal
2016-02-14,Coffee,Kerala,Ernakulam,Ernakulam Wholesale,10834.0,8885.0,12149.0,3046.0,INR/Quintal
2017-06-13,Sugarcane,Tamil Nadu,Chennai,Chennai Wholesale,384.0,315.0,431.0,3636.0,INR/Quintal
2016-05-29,Rice,Chhattisgarh,Raipur,Raipur Wholesale,2941.0,2412.0,3298.0,1152.0,INR/Quintal
2023-10-04,Maize,Maharashtra,Nagpur,Nagpur Wholesale,2190.0,1796.0,2456.0,4058.0,INR/Quintal
2017-03-19,Maize,Maharashtra,Nagpur,Nagpur Wholesale,2228.0,1827.0,2498.0,5525.0,INR/Quintal
2025-04-29,Rice,Punjab,Amritsar,Amritsar Wholesale,3645.0,2989.0,4088.0,6436.0,INR/Quintal
2017-05-23,Cotton,Maharashtra,Nashik,Nashik Wholesale,7242.0,5939.0,8121.0,4096.0,INR/Quintal
2015-01-14,Apple,Jammu and Kashmir,Srinagar,Srinagar Wholesale,7477.0,6132.0,8385.0,2113.0,INR/Quintal
2017-08-28,Tea,Assam,Tinsukia,Tinsukia Wholesale,5335.0,4375.0,5983.0,2145.0,INR/Quintal
2023-04-14,Potato,Bihar,Purnia,Purnia Wholesale,2357.0,1933.0,2643.0,2795.0,INR/Quintal
2023-05-20,Apple,Himachal Pradesh,Shimla,Shimla Wholesale,5029.0,4124.0,5640.0,905.0,INR/Quintal
2023-06-11,Sugarcane,Uttar Pradesh,Lucknow,Lucknow Wholesale,379.0,311.0,425.0,1230.0,INR/Quintal
2020-11-04,Coffee,Kerala,Kozhikode,Kozhikode Wholesale,9964.0,8171.0,11174.0,846.0,INR/Quintal
2024-11-04,Potato,Bihar,Muzaffarpur,Muzaffarpur Wholesale,1300.0,1066.0,1458.0,4222.0,INR/Quintal
2023-02-04,Cotton,Gujarat,Rajkot,Rajkot Wholesale,7269.0,5961.0,8151.0,3523.0,INR/Quintal
2019-04-10,Tea,West Bengal,Howrah,Howrah Wholesale,12127.0,9945.0,13599.0,6297.0,INR/Quintal
2018-08-17,Maize,Andhra Pradesh,Chittoor,Chittoor Wholesale,1336.0,1096.0,1498.0,1126.0,INR/Quintal
2018-06-20,Coffee,Kerala,Ernakulam,Ernakulam Wholesale,14952.0,12262.0,16767.0,1931.0,INR/Quintal
2020-12-09,Coffee,Tamil Nadu,Coimbatore,Coimbatore Wholesale,14536.0,11921.0,16301.0,5305.0,INR/Quintal
2023-10-24,Tea,Assam,Tinsukia,Tinsukia Wholesale,15585.0,12781.0,17477.0,539.0,INR/Quintal
2024-12-17,Pulses,Madhya Pradesh,Bhopal,Bhopal Wholesale,4875.0,3998.0,5467.0,2538.0,INR/Quintal
2017-01-19,Sugarcane,Karnataka,Belgaum,Belgaum Wholesale,353.0,289.0,396.0,5865.0,INR/Quintal
2024-05-20,Tea,West Bengal,Darjeeling,Darjeeling Wholesale,11521.0,9448.0,12920.0,6039.0,INR/Quintal
2016-11-15,Wheat,Uttar Pradesh,Lucknow,Lucknow Wholesale,1858.0,1524.0,2084.0,5491.0,INR/Quintal
2020-04-11,Wheat,Rajasthan,Jodhpur,Jodhpur Wholesale,2414.0,1980.0,2707.0,3838.0,INR/Quintal
2025-06-01,Tea,Kerala,Thrissur,Thrissur Wholesale,11367.0,9322.0,12747.0,2748.0,INR/Quintal
2025-02-19,Coconut,Kerala,Thrissur,Thrissur Wholesale,2176.0,1784.0,2440.0,1504.0,INR/Quintal
2021-06-14,Maize,Andhra Pradesh,Krishna,Krishna Wholesale,1858.0,1524.0,2084.0,4546.0,INR/Quintal
2016-11-25,Tea,West Bengal,Kolkata,Kolkata Wholesale,10765.0,8828.0,12072.0,4584.0,INR/Quintal
2021-05-24,Oilseeds,Madhya Pradesh,Bhopal,Bhopal Wholesale,5802.0,4758.0,6506.0,2637.0,INR/Quintal
2015-11-03,Cotton,Andhra Pradesh,Krishna,Krishna Wholesale,4699.0,3854.0,5269.0,1707.0,INR/Quintal
2025-08-19,Wheat,Haryana,Faridabad,Faridabad Wholesale,3013.0,2471.0,3379.0,3192.0,INR/Quintal
2025-01-13,Potato,West Bengal,Darjeeling,Darjeeling Wholesale,2031.0,1666.0,2278.0,4564.0,INR/Quintal
2020-06-12,Apple,Jammu and Kashmir,Srinagar,Srinagar Wholesale,3482.0,2856.0,3905.0,575.0,INR/Quintal
2023-02-09,Tea,Kerala,Kozhikode,Kozhikode Wholesale,16664.0,13666.0,18687.0,3766.0,INR/Quintal
2025-05-22,Wheat,Punjab,Ludhiana,Ludhiana Wholesale,2933.0,2405.0,3289.0,5422.0,INR/Quintal
2016-10-23,Cotton,Gujarat,Rajkot,Rajkot Wholesale,6229.0,5108.0,6985.0,2892.0,INR/Quintal
2016-07-02,Cotton,Telangana,Hyderabad,Hyderabad Wholesale,5372.0,4405.0,6024.0,1436.0,INR/Quintal
2024-05-16,Potato,Uttar Pradesh,Kanpur,Kanpur Wholesale,1693.0,1388.0,1899.0,2068.0,INR/Quintal
2015-11-08,Coffee,Kerala,Thrissur,Thrissur Wholesale,11039.0,9053.0,12379.0,2248.0,INR/Quintal
2022-12-30,Coconut,Andhra Pradesh,Visakhapatnam,Visakhapatnam Wholesale,1296.0,1063.0,1453.0,3766.0,INR/Quintal
2017-12-18,Oilseeds,Rajasthan,Udaipur,Udaipur Wholesale,4779.0,3919.0,5359.0,1415.0,INR/Quintal
2025-03-03,Tea,Assam,Cachar,Cachar Wholesale,18154.0,14888.0,20358.0,1905.0,INR/Quintal
2023-02-19,Rice,Assam,Tinsukia,Tinsukia Wholesale,1643.0,1347.0,1842.0,2079.0,INR/Quintal
2019-10-04,Tea,West Bengal,Kolkata,Kolkata Wholesale,17298.0,14186.0,19398.0,2202.0,INR/Quintal
2017-01-24,Coffee,Tamil Nadu,Madurai,Madurai Wholesale,17012.0,13951.0,19077.0,6182.0,INR/Quintal
2015-02-04,Sugarcane,Karnataka,Bangalore,Bangalore Wholesale,327.0,268.0,367.0,5455.0,INR/Quintal
2016-03-20,Pulses,Rajasthan,Jodhpur,Jodhpur Wholesale,4393.0,3603.0,4926.0,3943.0,INR/Quintal
2020-11-10,Maize,Telangana,Warangal,Warangal Wholesale,1866.0,1530.0,2093.0,2123.0,INR/Quintal
2020-06-05,Coffee,Karnataka,Belgaum,Belgaum Wholesale,21656.0,17760.0,24285.0,3154.0,INR/Quintal
2018-05-15,Apple,Jammu and Kashmir,Srinagar,Srinagar Wholesale,7835.0,6425.0,8786.0,653.0,INR/Quintal
2015-12-19,Cotton,Gujarat,Vadodara,Vadodara Wholesale,4284.0,3513.0,4804.0,4494.0,INR/Quintal
2017-06-21,Coconut,Karnataka,Hubli,Hubli Wholesale,2253.0,1848.0,2527.0,2637.0,INR/Quintal
2018-09-17,Rice,Bihar,Muzaffarpur,Muzaffarpur Wholesale,2751.0,2256.0,3085.0,2689.0,INR/Quintal
2025-08-24,Maize,Andhra Pradesh,Visakhapatnam,Visakhapatnam Wholesale,2582.0,2117.0,2895.0,2079.0,INR/Quintal
2022-12-19,Wheat,Haryana,Hisar,Hisar Wholesale,1994.0,1635.0,2236.0,1384.0,INR/Quintal
2019-10-15,Apple,Himachal Pradesh,Mandi,Mandi Wholesale,6933.0,5686.0,7775.0,473.0,INR/Quintal
2015-06-08,Tea,West Bengal,Kolkata,Kolkata Wholesale,16291.0,13360.0,18269.0,4567.0,INR/Quintal
2020-05-31,Maize,Andhra Pradesh,Krishna,Krishna Wholesale,1746.0,1432.0,1958.0,2296.0,INR/Quintal
2017-08-14,Wheat,Haryana,Faridabad,Faridabad Wholesale,2041.0,1674.0,2289.0,1751.0,INR/Quintal
2020-09-02,Pulses,Uttar Pradesh,Lucknow,Lucknow Wholesale,6225.0,5105.0,6981.0,4916.0,INR/Quintal
2016-02-08,Wheat,Punjab,Amritsar,Amritsar Wholesale,1637.0,1342.0,1836.0,6537.0,INR/Quintal
2022-10-23,Rice,Chhattisgarh,Raipur,Raipur Wholesale,3290.0,2698.0,3689.0,526.0,INR/Quintal
2016-05-30,Cotton,Andhra Pradesh,Chittoor,Chittoor Wholesale,5081.0,4167.0,5698.0,1582.0,INR/Quintal
2022-08-11,Coffee,Tamil Nadu,Chennai,Chennai Wholesale,9216.0,7558.0,10335.0,1405.0,INR/Quintal
2018-10-19,Potato,Uttar Pradesh,Lucknow,Lucknow Wholesale,928.0,761.0,1041.0,3523.0,INR/Quintal
2024-06-15,Coffee,Kerala,Thrissur,Thrissur Wholesale,11524.0,9451.0,12923.0,3110.0,INR/Quintal
2022-01-23,Coffee,Karnataka,Bangalore,Bangalore Wholesale,12124.0,9943.0,13596.0,2195.0,INR/Quintal
2017-08-13,Wheat,Haryana,Karnal,Karnal Wholesale,2324.0,1906.0,2606.0,4578.0,INR/Quintal
2021-01-08,Tea,Kerala,Kozhikode,Kozhikode Wholesale,7582.0,6218.0,8502.0,912.0,INR/Quintal
2024-12-12,Maize,Andhra Pradesh,Krishna,Krishna Wholesale,2711.0,2223.0,3040.0,1721.0,INR/Quintal
2019-09-09,Potato,Bihar,Purnia,Purnia Wholesale,1428.0,1171.0,1601.0,3407.0,INR/Quintal
2023-03-14,Coconut,Tamil Nadu,Madurai,Madurai Wholesale,2381.0,1953.0,2670.0,1582.0,INR/Quintal
2016-08-30,Potato,Punjab,Ludhiana,Ludhiana Wholesale,1186.0,973.0,1330.0,4992.0,INR/Quintal
2025-02-05,Maize,Karnataka,Bangalore,Bangalore Wholesale,2460.0,2017.0,2759.0,5083.0,INR/Quintal
2021-10-03,Maize,Andhra Pradesh,Guntur,Guntur Wholesale,1950.0,1599.0,2187.0,736.0,INR/Quintal
2018-06-27,Coconut,Karnataka,Hubli,Hubli Wholesale,1370.0,1124.0,1536.0,2944.0,INR/Quintal
2023-09-24,Cotton,Gujarat,Ahmedabad,Ahmedabad Wholesale,8234.0,6753.0,9234.0,2382.0,INR/Quintal
2022-12-23,Rice,West Bengal,Kolkata,Kolkata Wholesale,2247.0,1843.0,2520.0,5164.0,INR/Quintal
2019-03-16,Pulses,Maharashtra,Mumbai,Mumbai Wholesale,3609.0,2960.0,4047.0,4048.0,INR/Quintal
2025-06-08,Rice,Chhattisgarh,Raipur,Raipur Wholesale,2676.0,2195.0,3001.0,1757.0,INR/Quintal
2022-03-10,Maize,Maharashtra,Pune,Pune Wholesale,2235.0,1833.0,2506.0,1700.0,INR/Quintal
2021-07-10,Tea,Assam,Dibrugarh,Dibrugarh Wholesale,9152.0,7505.0,10263.0,2296.0,INR/Quintal
2018-12-12,Oilseeds,Gujarat,Surat,Surat Wholesale,4797.0,3934.0,5379.0,1739.0,INR/Quintal
2023-02-27,Coconut,Kerala,Kozhikode,Kozhikode Wholesale,2901.0,2379.0,3253.0,856.0,INR/Quintal
2019-12-03,Oilseeds,Madhya Pradesh,Bhopal,Bhopal Wholesale,4425.0,3629.0,4962.0,3989.0,INR/Quintal
2015-10-22,Apple,Himachal Pradesh,Shimla,Shimla Wholesale,5615.0,4605.0,6297.0,634.0,INR/Quintal
2017-01-24,Pulses,Maharashtra,Nagpur,Nagpur Wholesale,6239.0,5116.0,6996.0,1696.0,INR/Quintal
2018-10-26,Maize,Andhra Pradesh,Chittoor,Chittoor Wholesale,1607.0,1318.0,1802.0,3240.0,INR/Quintal
2015-07-05,Oilseeds,Gujarat,Vadodara,Vadodara Wholesale,3733.0,3061.0,4186.0,4282.0,INR/Quintal
2018-06-23,Apple,Himachal Pradesh,Kangra,Kangra Wholesale,5450.0,4469.0,6112.0,394.0,INR/Quintal
2016-09-28,Pulses,Rajasthan,Jodhpur,Jodhpur Wholesale,5391.0,4421.0,6045.0,477.0,INR/Quintal
2018-07-15,Potato,Uttar Pradesh,Kanpur,Kanpur Wholesale,623.0,511.0,699.0,1155.0,INR/Quintal
2025-03-03,Pulses,Maharashtra,Mumbai,Mumbai Wholesale,4079.0,3345.0,4574.0,1202.0,INR/Quintal
2024-01-22,Apple,Himachal Pradesh,Shimla,Shimla Wholesale,9855.0,8082.0,11051.0,1994.0,INR/Quintal
2016-06-13,Coconut,Andhra Pradesh,Visakhapatnam,Visakhapatnam Wholesale,1925.0,1579.0,2159.0,3777.0,INR/Quintal
2024-12-02,Potato,Uttar Pradesh,Lucknow,Lucknow Wholesale,1285.0,1054.0,1441.0,5224.0,INR/Quintal
2020-08-30,Cotton,Telangana,Nizamabad,Nizamabad Wholesale,6696.0,5491.0,7509.0,1849.0,INR/Quintal
2023-02-06,Coconut,Kerala,Ernakulam,Ernakulam Wholesale,2981.0,2445.0,3343.0,4212.0,INR/Quintal
2025-06-05,Apple,Jammu and Kashmir,Srinagar,Srinagar Wholesale,5208.0,4271.0,5840.0,1184.0,INR/Quintal
2022-12-24,Oilseeds,Gujarat,Ahmedabad,Ahmedabad Wholesale,3093.0,2536.0,3468.0,5561.0,INR/Quintal
2017-03-04,Pulses,Maharashtra,Nagpur,Nagpur Wholesale,6227.0,5107.0,6983.0,4538.0,INR/Quintal
2024-10-31,Pulses,Rajasthan,Jodhpur,Jodhpur Wholesale,6057.0,4967.0,6792.0,2103.0,INR/Quintal
2020-11-17,Coconut,Karnataka,Belgaum,Belgaum Wholesale,2047.0,1679.0,2296.0,2181.0,INR/Quintal
2022-08-31,Pulses,Rajasthan,Udaipur,Udaipur Wholesale,6539.0,5362.0,7333.0,1274.0,INR/Quintal
2016-04-22,Apple,Himachal Pradesh,Kangra,Kangra Wholesale,6374.0,5227.0,7148.0,2721.0,INR/Quintal
2019-06-11,Tea,West Bengal,Howrah,Howrah Wholesale,9968.0,8175.0,11178.0,1083.0,INR/Quintal
2024-03-23,Pulses,Madhya Pradesh,Bhopal,Bhopal Wholesale,4598.0,3771.0,5156.0,3164.0,INR/Quintal
2017-07-28,Coconut,Tamil Nadu,Madurai,Madurai Wholesale,1901.0,1559.0,2132.0,3524.0,INR/Quintal
2016-06-09,Tea,Assam,Kamrup,Kamrup Wholesale,14007.0,11487.0,15707.0,3102.0,INR/Quintal
2021-07-09,Coffee,Kerala,Ernakulam,Ernakulam Wholesale,10310.0,8455.0,11562.0,2150.0,INR/Quintal
2015-01-02,Cotton,Maharashtra,Nashik,Nashik Wholesale,4656.0,3818.0,5221.0,3762.0,INR/Quintal
2016-01-10,Coffee,Tamil Nadu,Coimbatore,Coimbatore Wholesale,18315.0,15020.0,20538.0,2117.0,INR/Quintal
2021-05-29,Sugarcane,Uttar Pradesh,Kanpur,Kanpur Wholesale,376.0,308.0,422.0,7922.0,INR/Quintal
2022-11-24,Coconut,Kerala,Kozhikode,Kozhikode Wholesale,2734.0,2242.0,3066.0,1472.0,INR/Quintal
2023-05-11,Coffee,Kerala,Ernakulam,Ernakulam Wholesale,13097.0,10741.0,14687.0,3768.0,INR/Quintal
2016-07-06,Maize,Telangana,Warangal,Warangal Wholesale,1860.0,1525.0,2086.0,492.0,INR/Quintal
2021-06-23,Potato,Punjab,Amritsar,Amritsar Wholesale,1268.0,1040.0,1422.0,2317.0,INR/Quintal
2019-03-06,Maize,Andhra Pradesh,Visakhapatnam,Visakhapatnam Wholesale,1458.0,1196.0,1635.0,3206.0,INR/Quintal
2020-01-26,Rice,Telangana,Nizamabad,Nizamabad Wholesale,2490.0,2042.0,2792.0,3645.0,INR/Quintal
2016-01-16,Coffee,Karnataka,Belgaum,Belgaum Wholesale,18351.0,15049.0,20579.0,2450.0,INR/Quintal
2019-07-05,Coconut,Kerala,Kozhikode,Kozhikode Wholesale,2644.0,2168.0,2965.0,467.0,INR/Quintal
2015-01-14,Oilseeds,Madhya Pradesh,Bhopal,Bhopal Wholesale,3911.0,3207.0,4386.0,1180.0,INR/Quintal
2016-05-18,Wheat,Uttar Pradesh,Kanpur,Kanpur Wholesale,2060.0,1689.0,2310.0,2874.0,INR/Quintal
2021-03-28,Coffee,Karnataka,Hubli,Hubli Wholesale,18475.0,15151.0,20718.0,1848.0,INR/Quintal
2020-07-01,Cotton,Gujarat,Vadodara,Vadodara Wholesale,6793.0,5571.0,7618.0,1445.0,INR/Quintal
2023-08-22,Coffee,Tamil Nadu,Madurai,Madurai Wholesale,19182.0,15731.0,21511.0,3225.0,INR/Quintal
2015-05-10,Tea,West Bengal,Howrah,Howrah Wholesale,13859.0,11365.0,15541.0,2978.0,INR/Quintal
2025-06-11,Rice,Punjab,Ludhiana,Ludhiana Wholesale,2826.0,2318.0,3169.0,3485.0,INR/Quintal
2017-04-17,Pulses,Maharashtra,Nagpur,Nagpur Wholesale,3676.0,3015.0,4122.0,7943.0,INR/Quintal
2023-10-22,Rice,Uttar Pradesh,Kanpur,Kanpur Wholesale,1762.0,1445.0,1976.0,2787.0,INR/Quintal
2023-01-17,Rice,Bihar,Muzaffarpur,Muzaffarpur Wholesale,1885.0,1546.0,2114.0,5376.0,INR/Quintal
2020-08-02,Potato,West Bengal,Darjeeling,Darjeeling Wholesale,2161.0,1772.0,2423.0,1503.0,INR/Quintal
2015-01-28,Apple,Jammu and Kashmir,Srinagar,Srinagar Wholesale,6797.0,5574.0,7622.0,1059.0,INR/Quintal
2020-10-14,Wheat,Rajasthan,Jaipur,Jaipur Wholesale,2361.0,1936.0,2648.0,1183.0,INR/Quintal
2023-11-09,Rice,Uttar Pradesh,Lucknow,Lucknow Wholesale,1865.0,1529.0,2091.0,3771.0,INR/Quintal
2018-06-06,Apple,Jammu and Kashmir,Srinagar,Srinagar Wholesale,3874.0,3177.0,4344.0,1252.0,INR/Quintal
2015-09-18,Potato,West Bengal,Howrah,Howrah Wholesale,1848.0,1516.0,2072.0,1245.0,INR/Quintal
2020-08-08,Pulses,Uttar Pradesh,Kanpur,Kanpur Wholesale,6530.0,5355.0,7323.0,4520.0,INR/Quintal
2019-01-12,Maize,Maharashtra,Nagpur,Nagpur Wholesale,1468.0,1204.0,1646.0,4088.0,INR/Quintal
2018-12-18,Coconut,Tamil Nadu,Madurai,Madurai Wholesale,2828.0,2319.0,3171.0,585.0,INR/Quintal
2016-04-04,Pulses,Maharashtra,Mumbai,Mumbai Wholesale,4470.0,3666.0,5013.0,5177.0,INR/Quintal
2025-04-05,Apple,Himachal Pradesh,Kangra,Kangra Wholesale,6606.0,5417.0,7408.0,2577.0,INR/Quintal
2015-10-28,Oilseeds,Madhya Pradesh,Bhopal,Bhopal Wholesale,4217.0,3458.0,4729.0,963.0,INR/Quintal
2023-02-14,Rice,West Bengal,Darjeeling,Darjeeling Wholesale,2764.0,2267.0,3100.0,929.0,INR/Quintal
2024-03-28,Apple,Himachal Pradesh,Kangra,Kangra Wholesale,9640.0,7906.0,10810.0,2686.0,INR/Quintal
2021-05-23,Rice,Tamil Nadu,Coimbatore,Coimbatore Wholesale,1355.0,1111.0,1519.0,6190.0,INR/Quintal
2024-06-28,Maize,Madhya Pradesh,Bhopal,Bhopal Wholesale,1929.0,1582.0,2163.0,676.0,INR/Quintal
2023-06-09,Cotton,Andhra Pradesh,Chittoor,Chittoor Wholesale,6148.0,5042.0,6894.0,5665.0,INR/Quintal
2025-05-06,Rice,Tamil Nadu,Chennai,Chennai Wholesale,2157.0,1769.0,2419.0,2678.0,INR/Quintal
2016-09-21,Apple,Himachal Pradesh,Shimla,Shimla Wholesale,6246.0,5122.0,7004.0,1658.0,INR/Quintal
2015-09-27,Coconut,Karnataka,Mysore,Mysore Wholesale,1566.0,1284.0,1756.0,2633.0,INR/Quintal
2022-03-24,Wheat,Rajasthan,Jodhpur,Jodhpur Wholesale,2353.0,1930.0,2639.0,4101.0,INR/Quintal
2020-06-16,Coconut,Andhra Pradesh,Guntur,Guntur Wholesale,1996.0,1637.0,2238.0,4843.0,INR/Quintal
2019-06-17,Sugarcane,Uttar Pradesh,Varanasi,Varanasi Wholesale,460.0,377.0,516.0,939.0,INR/Quintal
2019-12-07,Rice,Tamil Nadu,Chennai,Chennai Wholesale,2472.0,2027.0,2772.0,874.0,INR/Quintal
2022-12-01,Sugarcane,Uttar Pradesh,Lucknow,Lucknow Wholesale,482.0,395.0,541.0,4299.0,INR/Quintal
2017-05-11,Pulses,Rajasthan,Udaipur,Udaipur Wholesale,3850.0,3157.0,4317.0,872.0,INR/Quintal
2024-05-25,Coffee,Tamil Nadu,Madurai,Madurai Wholesale,14365.0,11780.0,16109.0,3257.0,INR/Quintal
2018-07-04,Cotton,Andhra Pradesh,Chittoor,Chittoor Wholesale,4429.0,3632.0,4967.0,4892.0,INR/Quintal
2020-12-20,Potato,Punjab,Amritsar,Amritsar Wholesale,762.0,625.0,855.0,2740.0,INR/Quintal
2024-03-01,Tea,Assam,Cachar,Cachar Wholesale,9716.0,7968.0,10896.0,2808.0,INR/Quintal
2019-12-05,Cotton,Andhra Pradesh,Guntur,Guntur Wholesale,4700.0,3854.0,5271.0,2675.0,INR/Quintal
2019-09-03,Coconut,Karnataka,Hubli,Hubli Wholesale,2470.0,2026.0,2770.0,2567.0,INR/Quintal
2023-04-08,Apple,Himachal Pradesh,Shimla,Shimla Wholesale,10899.0,8938.0,12222.0,864.0,INR/Quintal
2022-01-04,Tea,Kerala,Ernakulam,Ernakulam Wholesale,6543.0,5366.0,7337.0,1536.0,INR/Quintal
2021-06-18,Pulses,Madhya Pradesh,Bhopal,Bhopal Wholesale,6447.0,5287.0,7230.0,3492.0,INR/Quintal
2016-07-29,Cotton,Maharashtra,Nashik,Nashik Wholesale,4487.0,3680.0,5032.0,4587.0,INR/Quintal
2023-01-12,Potato,Bihar,Purnia,Purnia Wholesale,1866.0,1530.0,2093.0,4659.0,INR/Quintal
2020-06-26,Tea,Kerala,Kozhikode,Kozhikode Wholesale,11832.0,9703.0,13268.0,3175.0,INR/Quintal
2018-07-31,Maize,Telangana,Nizamabad,Nizamabad Wholesale,2292.0,1880.0,2570.0,1964.0,INR/Quintal
2023-09-28,Wheat,Rajasthan,Jodhpur,Jodhpur Wholesale,2001.0,1641.0,2244.0,1852.0,INR/Quintal
2023-09-14,Cotton,Telangana,Warangal,Warangal Wholesale,6133.0,5030.0,6878.0,1413.0,INR/Quintal
2020-05-10,Pulses,Uttar Pradesh,Lucknow,Lucknow Wholesale,3763.0,3086.0,4220.0,1644.0,INR/Quintal
2022-06-27,Rice,Andhra Pradesh,Visakhapatnam,Visakhapatnam Wholesale,2196.0,1801.0,2463.0,2724.0,INR/Quintal
2020-07-13,Potato,West Bengal,Howrah,Howrah Wholesale,2147.0,1761.0,2408.0,1135.0,INR/Quintal
2023-12-20,Tea,West Bengal,Darjeeling,Darjeeling Wholesale,19069.0,15638.0,21384.0,2485.0,INR/Quintal
2021-01-21,Tea,Assam,Tinsukia,Tinsukia Wholesale,14430.0,11834.0,16182.0,1691.0,INR/Quintal
2021-06-10,Wheat,Haryana,Hisar,Hisar Wholesale,2399.0,1967.0,2690.0,4475.0,INR/Quintal
2024-10-08,Tea,West Bengal,Darjeeling,Darjeeling Wholesale,21084.0,17291.0,23644.0,1732.0,INR/Quintal
2019-07-14,Sugarcane,Karnataka,Bangalore,Bangalore Wholesale,412.0,338.0,462.0,3436.0,INR/Quintal
2019-04-29,Oilseeds,Gujarat,Surat,Surat Wholesale,2743.0,2249.0,3076.0,4240.0,INR/Quintal
2020-01-22,Sugarcane,Karnataka,Mysore,Mysore Wholesale,489.0,401.0,548.0,5867.0,INR/Quintal
2021-01-12,Tea,Assam,Tinsukia,Tinsukia Wholesale,9200.0,7545.0,10317.0,837.0,INR/Quintal
2018-10-22,Potato,Bihar,Muzaffarpur,Muzaffarpur Wholesale,633.0,519.0,710.0,2661.0,INR/Quintal
2019-10-09,Cotton,Maharashtra,Nashik,Nashik Wholesale,4903.0,4021.0,5498.0,3393.0,INR/Quintal
2020-04-09,Pulses,Uttar Pradesh,Varanasi,Varanasi Wholesale,5551.0,4552.0,6225.0,9029.0,INR/Quintal
2016-09-11,Rice,Andhra Pradesh,Krishna,Krishna Wholesale,2281.0,1871.0,2558.0,1824.0,INR/Quintal
2018-06-28,Cotton,Gujarat,Ahmedabad,Ahmedabad Wholesale,5211.0,4273.0,5844.0,2249.0,INR/Quintal
2017-08-14,Maize,Maharashtra,Nagpur,Nagpur Wholesale,2043.0,1675.0,2291.0,1228.0,INR/Quintal
2020-04-23,Cotton,Gujarat,Rajkot,Rajkot Wholesale,7269.0,5961.0,8151.0,2561.0,INR/Quintal
2021-07-09,Cotton,Andhra Pradesh,Krishna,Krishna Wholesale,7979.0,6543.0,8948.0,2814.0,INR/Quintal
2025-03-02,Pulses,Uttar Pradesh,Varanasi,Varanasi Wholesale,6181.0,5069.0,6931.0,8326.0,INR/Quintal
2017-08-26,Wheat,Haryana,Gurgaon,Gurgaon Wholesale,2416.0,1981.0,2709.0,1844.0,INR/Quintal
2022-01-02,Tea,West Bengal,Darjeeling,Darjeeling Wholesale,18195.0,14921.0,20404.0,1530.0,INR/Quintal
2018-08-09,Wheat,Haryana,Karnal,Karnal Wholesale,1916.0,1571.0,2149.0,1787.0,INR/Quintal
2017-11-09,Maize,Karnataka,Mysore,Mysore Wholesale,1601.0,1313.0,1795.0,892.0,INR/Quintal
2015-10-09,Coffee,Kerala,Thrissur,Thrissur Wholesale,13742.0,11270.0,15410.0,2765.0,INR/Quintal
2022-10-15,Rice,Telangana,Hyderabad,Hyderabad Wholesale,1256.0,1030.0,1408.0,2949.0,INR/Quintal
2023-05-31,Sugarcane,Karnataka,Mysore,Mysore Wholesale,427.0,350.0,479.0,2389.0,INR/Quintal
2020-12-06,Rice,Bihar,Muzaffarpur,Muzaffarpur Wholesale,2240.0,1837.0,2512.0,1611.0,INR/Quintal
2017-11-24,Apple,Jammu and Kashmir,Srinagar,Srinagar Wholesale,3753.0,3078.0,4209.0,1555.0,INR/Quintal
2015-07-17,Tea,West Bengal,Kolkata,Kolkata Wholesale,7515.0,6163.0,8427.0,475.0,INR/Quintal
2021-12-07,Apple,Jammu and Kashmir,Srinagar,Srinagar Wholesale,6273.0,5144.0,7035.0,1281.0,INR/Quintal
2025-06-25,Apple,Himachal Pradesh,Kangra,Kangra Wholesale,9516.0,7804.0,10671.0,2311.0,INR/Quintal
2017-12-18,Rice,Andhra Pradesh,Visakhapatnam,Visakhapatnam Wholesale,2828.0,2319.0,3171.0,3346.0,INR/Quintal
2022-11-24,Oilseeds,Rajasthan,Jodhpur,Jodhpur Wholesale,4403.0,3611.0,4938.0,305.0,INR/Quintal
2018-03-30,Sugarcane,Uttar Pradesh,Varanasi,Varanasi Wholesale,405.0,332.0,454.0,2896.0,INR/Quintal
2017-10-05,Maize,Telangana,Warangal,Warangal Wholesale,1679.0,1377.0,1883.0,3098.0,INR/Quintal
2022-07-01,Tea,Kerala,Thrissur,Thrissur Wholesale,7546.0,6188.0,8462.0,392.0,INR/Quintal
2018-05-14,Potato,West Bengal,Darjeeling,Darjeeling Wholesale,785.0,644.0,880.0,2880.0,INR/Quintal
2017-11-01,Maize,Karnataka,Bangalore,Bangalore Wholesale,2111.0,1731.0,2367.0,3790.0,INR/Quintal
2016-05-04,Oilseeds,Gujarat,Ahmedabad,Ahmedabad Wholesale,3497.0,2868.0,3922.0,5895.0,INR/Quintal
2015-10-03,Sugarcane,Karnataka,Mysore,Mysore Wholesale,419.0,344.0,470.0,2157.0,INR/Quintal
2022-07-03,Coconut,Tamil Nadu,Coimbatore,Coimbatore Wholesale,2914.0,2390.0,3268.0,1446.0,INR/Quintal
2021-04-08,Pulses,Madhya Pradesh,Bhopal,Bhopal Wholesale,4226.0,3466.0,4739.0,3224.0,INR/Quintal
2018-05-24,Oilseeds,Madhya Pradesh,Bhopal,Bhopal Wholesale,3849.0,3156.0,4316.0,1552.0,INR/Quintal
2018-06-28,Maize,Andhra Pradesh,Krishna,Krishna Wholesale,1792.0,1470.0,2010.0,1978.0,INR/Quintal
2025-08-18,Tea,Assam,Cachar,Cachar Wholesale,12010.0,9849.0,13468.0,2448.0,INR/Quintal
2015-05-06,Coffee,Tamil Nadu,Chennai,Chennai Wholesale,13785.0,11305.0,15459.0,1511.0,INR/Quintal
2015-08-05,Tea,Assam,Cachar,Cachar Wholesale,14821.0,12154.0,16620.0,311.0,INR/Quintal
2024-03-31,Sugarcane,Tamil Nadu,Coimbatore,Coimbatore Wholesale,536.0,440.0,601.0,2882.0,INR/Quintal
2025-08-04,Coffee,Karnataka,Belgaum,Belgaum Wholesale,26948.0,22099.0,30220.0,2206.0,INR/Quintal
2018-04-23,Wheat,Bihar,Muzaffarpur,Muzaffarpur Wholesale,1667.0,1367.0,1869.0,4627.0,INR/Quintal
2023-07-08,Sugarcane,Tamil Nadu,Coimbatore,Coimbatore Wholesale,398.0,326.0,446.0,3754.0,INR/Quintal
2018-05-31,Sugarcane,Uttar Pradesh,Kanpur,Kanpur Wholesale,341.0,280.0,382.0,6013.0,INR/Quintal
2023-11-30,Apple,Jammu and Kashmir,Srinagar,Srinagar Wholesale,5352.0,4389.0,6002.0,1129.0,INR/Quintal
2021-12-17,Oilseeds,Rajasthan,Udaipur,Udaipur Wholesale,3924.0,3218.0,4400.0,2447.0,INR/Quintal
2021-10-10,Tea,Assam,Tinsukia,Tinsukia Wholesale,13476.0,11051.0,15112.0,1020.0,INR/Quintal
2023-11-24,Coconut,Andhra Pradesh,Krishna,Krishna Wholesale,2482.0,2035.0,2783.0,2265.0,INR/Quintal
2017-07-07,Apple,Jammu and Kashmir,Srinagar,Srinagar Wholesale,7967.0,6534.0,8934.0,1113.0,INR/Quintal
2024-07-31,Maize,Karnataka,Hubli,Hubli Wholesale,2718.0,2229.0,3048.0,743.0,INR/Quintal
2018-08-10,Pulses,Maharashtra,Nashik,Nashik Wholesale,3805.0,3120.0,4267.0,1760.0,INR/Quintal
2025-09-28,Rice,Telangana,Hyderabad,Hyderabad Wholesale,3518.0,2885.0,3945.0,1467.0,INR/Quintal
2021-01-07,Cotton,Telangana,Warangal,Warangal Wholesale,6425.0,5269.0,7205.0,3002.0,INR/Quintal
2021-08-28,Pulses,Madhya Pradesh,Bhopal,Bhopal Wholesale,5145.0,4219.0,5770.0,1592.0,INR/Quintal
2019-07-20,Rice,Telangana,Hyderabad,Hyderabad Wholesale,2878.0,2360.0,3227.0,2855.0,INR/Quintal
2025-08-20,Wheat,Madhya Pradesh,Bhopal,Bhopal Wholesale,2071.0,1698.0,2322.0,1558.0,INR/Quintal
2015-11-04,Maize,Madhya Pradesh,Bhopal,Bhopal Wholesale,2082.0,1707.0,2335.0,3107.0,INR/Quintal
2018-09-21,Tea,West Bengal,Howrah,Howrah Wholesale,15315.0,12559.0,17174.0,1703.0,INR/Quintal
2020-05-23,Potato,West Bengal,Kolkata,Kolkata Wholesale,2085.0,1710.0,2338.0,3623.0,INR/Quintal
2022-08-25,Sugarcane,Maharashtra,Nagpur,Nagpur Wholesale,543.0,445.0,609.0,495.0,INR/Quintal
2017-06-10,Apple,Jammu and Kashmir,Srinagar,Srinagar Wholesale,5925.0,4859.0,6644.0,759.0,INR/Quintal
2016-01-10,Coconut,Tamil Nadu,Madurai,Madurai Wholesale,1222.0,1002.0,1370.0,5565.0,INR/Quintal
2023-06-07,Pulses,Maharashtra,Pune,Pune Wholesale,4339.0,3558.0,4866.0,2601.0,INR/Quintal
2020-07-26,Rice,Punjab,Amritsar,Amritsar Wholesale,1894.0,1553.0,2124.0,2090.0,INR/Quintal
2018-09-26,Potato,Bihar,Patna,Patna Wholesale,714.0,586.0,801.0,2062.0,INR/Quintal
2015-05-09,Pulses,Uttar Pradesh,Lucknow,Lucknow Wholesale,5446.0,4466.0,6107.0,1474.0,INR/Quintal
2017-10-11,Maize,Telangana,Warangal,Warangal Wholesale,1587.0,1301.0,1780.0,1927.0,INR/Quintal
2019-12-05,Tea,West Bengal,Darjeeling,Darjeeling Wholesale,19836.0,16267.0,22244.0,2053.0,INR/Quintal
2022-06-09,Coffee,Tamil Nadu,Chennai,Chennai Wholesale,18888.0,15490.0,21181.0,2446.0,INR/Quintal
2024-05-16,Pulses,Rajasthan,Udaipur,Udaipur Wholesale,4471.0,3667.0,5014.0,3269.0,INR/Quintal
2018-10-13,Pulses,Madhya Pradesh,Bhopal,Bhopal Wholesale,4827.0,3959.0,5413.0,2060.0,INR/Quintal
2016-05-31,Tea,Assam,Cachar,Cachar Wholesale,9959.0,8167.0,11168.0,2307.0,INR/Quintal
2019-02-27,Coconut,Andhra Pradesh,Krishna,Krishna Wholesale,2223.0,1823.0,2493.0,4685.0,INR/Quintal
2015-03-27,Apple,Jammu and Kashmir,Srinagar,Srinagar Wholesale,5678.0,4656.0,6367.0,2054.0,INR/Quintal
2018-04-13,Coconut,Kerala,Thrissur,Thrissur Wholesale,1158.0,950.0,1299.0,3886.0,INR/Quintal
2025-08-09,Wheat,Madhya Pradesh,Bhopal,Bhopal Wholesale,2842.0,2331.0,3187.0,790.0,INR/Quintal
2023-12-09,Coconut,Tamil Nadu,Coimbatore,Coimbatore Wholesale,2448.0,2008.0,2745.0,2040.0,INR/Quintal
2021-06-16,Oilseeds,Rajasthan,Udaipur,Udaipur Wholesale,5160.0,4232.0,5786.0,1447.0,INR/Quintal
2018-02-16,Pulses,Rajasthan,Jaipur,Jaipur Wholesale,5936.0,4868.0,6657.0,1185.0,INR/Quintal
2024-01-03,Tea,Assam,Tinsukia,Tinsukia Wholesale,9278.0,7609.0,10404.0,510.0,INR/Quintal
2021-10-10,Coconut,Tamil Nadu,Coimbatore,Coimbatore Wholesale,1294.0,1061.0,1451.0,1045.0,INR/Quintal
2020-06-16,Oilseeds,Rajasthan,Udaipur,Udaipur Wholesale,4726.0,3876.0,5300.0,2896.0,INR/Quintal
2024-07-17,Tea,Kerala,Kozhikode,Kozhikode Wholesale,16891.0,13852.0,18942.0,2011.0,INR/Quintal
2020-12-01,Apple,Jammu and Kashmir,Srinagar,Srinagar Wholesale,6018.0,4935.0,6749.0,815.0,INR/Quintal
2023-10-22,Tea,Kerala,Ernakulam,Ernakulam Wholesale,8477.0,6952.0,9506.0,1917.0,INR/Quintal
2024-11-18,Wheat,Haryana,Gurgaon,Gurgaon Wholesale,2104.0,1725.0,2359.0,4557.0,INR/Quintal
2025-03-08,Tea,West Bengal,Howrah,Howrah Wholesale,12284.0,10074.0,13775.0,2996.0,INR/Quintal
2015-10-30,Maize,Bihar,Patna,Patna Wholesale,1528.0,1253.0,1714.0,1923.0,INR/Quintal
2022-08-23,Pulses,Madhya Pradesh,Bhopal,Bhopal Wholesale,5169.0,4239.0,5797.0,467.0,INR/Quintal
2016-08-10,Rice,Uttar Pradesh,Kanpur,Kanpur Wholesale,2380.0,1952.0,2669.0,3538.0,INR/Quintal
2017-09-13,Rice,Tamil Nadu,Coimbatore,Coimbatore Wholesale,1639.0,1344.0,1838.0,1620.0,INR/Quintal
2020-02-07,Rice,Chhattisgarh,Raipur,Raipur Wholesale,1267.0,1039.0,1421.0,2161.0,INR/Quintal
2015-12-11,Tea,Kerala,Thrissur,Thrissur Wholesale,7860.0,6446.0,8814.0,1921.0,INR/Quintal
2017-03-24,Apple,Jammu and Kashmir,Srinagar,Srinagar Wholesale,7715.0,6327.0,8652.0,1740.0,INR/Quintal
2020-06-10,Potato,Punjab,Patiala,Patiala Wholesale,1435.0,1177.0,1609.0,4614.0,INR/Quintal
2022-10-19,Oilseeds,Maharashtra,Nagpur,Nagpur Wholesale,5922.0,4856.0,6641.0,2309.0,INR/Quintal
2023-05-31,Oilseeds,Rajasthan,Jaipur,Jaipur Wholesale,4353.0,3570.0,4881.0,464.0,INR/Quintal
2023-10-24,Tea,Kerala,Kozhikode,Kozhikode Wholesale,8659.0,7101.0,9710.0,1951.0,INR/Quintal
2018-08-03,Maize,Madhya Pradesh,Bhopal,Bhopal Wholesale,1519.0,1246.0,1703.0,2640.0,INR/Quintal
2020-06-22,Maize,Telangana,Nizamabad,Nizamabad Wholesale,2179.0,1787.0,2444.0,3567.0,INR/Quintal
2019-08-05,Sugarcane,Maharashtra,Mumbai,Mumbai Wholesale,426.0,349.0,478.0,4732.0,INR/Quintal
2023-07-22,Tea,Assam,Tinsukia,Tinsukia Wholesale,13690.0,11227.0,15352.0,766.0,INR/Quintal
2018-08-20,Cotton,Andhra Pradesh,Krishna,Krishna Wholesale,6829.0,5600.0,7658.0,1334.0,INR/Quintal
2017-12-28,Wheat,Bihar,Purnia,Purnia Wholesale,2359.0,1935.0,2645.0,2927.0,INR/Quintal
2021-08-05,Rice,West Bengal,Howrah,Howrah Wholesale,1282.0,1051.0,1438.0,1271.0,INR/Quintal
2025-01-21,Wheat,Rajasthan,Udaipur,Udaipur Wholesale,2993.0,2454.0,3356.0,528.0,INR/Quintal
2024-01-05,Rice,Tamil Nadu,Chennai,Chennai Wholesale,2623.0,2151.0,2941.0,2923.0,INR/Quintal
2017-10-06,Coffee,Kerala,Kozhikode,Kozhikode Wholesale,13463.0,11041.0,15097.0,1063.0,INR/Quintal
2016-12-04,Coffee,Karnataka,Bangalore,Bangalore Wholesale,16372.0,13426.0,18360.0,1856.0,INR/Quintal
2016-07-28,Tea,Assam,Dibrugarh,Dibrugarh Wholesale,11458.0,9396.0,12849.0,3257.0,INR/Quintal
2019-05-28,Coffee,Kerala,Kozhikode,Kozhikode Wholesale,10969.0,8995.0,12301.0,1447.0,INR/Quintal
2023-11-07,Coconut,Andhra Pradesh,Chittoor,Chittoor Wholesale,2275.0,1866.0,2551.0,1104.0,INR/Quintal
2025-04-10,Potato,Bihar,Gaya,Gaya Wholesale,1304.0,1069.0,1462.0,1340.0,INR/Quintal
2018-01-17,Sugarcane,Maharashtra,Nagpur,Nagpur Wholesale,384.0,315.0,431.0,6172.0,INR/Quintal
2016-11-18,Maize,Telangana,Hyderabad,Hyderabad Wholesale,1330.0,1091.0,1491.0,2843.0,INR/Quintal
2022-09-29,Potato,Bihar,Patna,Patna Wholesale,895.0,734.0,1004.0,758.0,INR/Quintal
2022-03-17,Wheat,Haryana,Hisar,Hisar Wholesale,2011.0,1649.0,2255.0,2710.0,INR/Quintal
2025-06-25,Wheat,Haryana,Gurgaon,Gurgaon Wholesale,2435.0,1997.0,2731.0,5408.0,INR/Quintal
2022-03-21,Apple,Himachal Pradesh,Mandi,Mandi Wholesale,9946.0,8156.0,11153.0,1128.0,INR/Quintal
2023-11-05,Coffee,Kerala,Kozhikode,Kozhikode Wholesale,12986.0,10650.0,14563.0,3344.0,INR/Quintal
2016-05-03,Maize,Bihar,Patna,Patna Wholesale,1665.0,1365.0,1867.0,3372.0,INR/Quintal
2023-04-07,Sugarcane,Tamil Nadu,Madurai,Madurai Wholesale,430.0,353.0,482.0,1890.0,INR/Quintal
2018-09-09,Rice,Assam,Tinsukia,Tinsukia Wholesale,2806.0,2301.0,3147.0,2444.0,INR/Quintal
2025-01-29,Potato,Bihar,Patna,Patna Wholesale,748.0,613.0,839.0,2228.0,INR/Quintal
2024-06-14,Coconut,Kerala,Ernakulam,Ernakulam Wholesale,1769.0,1451.0,1984.0,1440.0,INR/Quintal
2023-09-09,Sugarcane,Maharashtra,Mumbai,Mumbai Wholesale,411.0,337.0,461.0,1796.0,INR/Quintal
2016-05-08,Pulses,Maharashtra,Pune,Pune Wholesale,6158.0,5050.0,6906.0,5916.0,INR/Quintal
2019-07-26,Oilseeds,Madhya Pradesh,Bhopal,Bhopal Wholesale,4158.0,3410.0,4663.0,870.0,INR/Quintal
2019-06-26,Coffee,Tamil Nadu,Coimbatore,Coimbatore Wholesale,10286.0,8435.0,11535.0,2440.0,INR/Quintal
2015-01-19,Rice,Chhattisgarh,Raipur,Raipur Wholesale,1544.0,1266.0,1731.0,514.0,INR/Quintal
2024-08-26,Pulses,Madhya Pradesh,Bhopal,Bhopal Wholesale,4449.0,3649.0,4989.0,2499.0,INR/Quintal
2024-09-23,Rice,Tamil Nadu,Coimbatore,Coimbatore Wholesale,1586.0,1301.0,1779.0,1566.0,INR/Quintal
2025-01-13,Rice,Andhra Pradesh,Krishna,Krishna Wholesale,3373.0,2766.0,3782.0,2231.0,INR/Quintal
2021-09-10,Coffee,Tamil Nadu,Coimbatore,Coimbatore Wholesale,15637.0,12824.0,17535.0,2394.0,INR/Quintal
2017-09-27,Rice,Bihar,Muzaffarpur,Muzaffarpur Wholesale,2398.0,1967.0,2689.0,2571.0,INR/Quintal
2024-03-04,Sugarcane,Uttar Pradesh,Kanpur,Kanpur Wholesale,444.0,364.0,498.0,8108.0,INR/Quintal
2017-04-30,Sugarcane,Tamil Nadu,Chennai,Chennai Wholesale,406.0,333.0,455.0,2862.0,INR/Quintal
2018-10-20,Pulses,Madhya Pradesh,Bhopal,Bhopal Wholesale,4112.0,3372.0,4611.0,2461.0,INR/Quintal
2018-09-16,Coconut,Kerala,Kozhikode,Kozhikode Wholesale,1762.0,1445.0,1976.0,1452.0,INR/Quintal
2025-03-01,Wheat,Punjab,Ludhiana,Ludhiana Wholesale,2798.0,2295.0,3138.0,1863.0,INR/Quintal
2018-09-29,Coconut,Tamil Nadu,Madurai,Madurai Wholesale,1418.0,1163.0,1590.0,3317.0,INR/Quintal
2017-04-01,Maize,Andhra Pradesh,Visakhapatnam,Visakhapatnam Wholesale,1926.0,1579.0,2160.0,4481.0,INR/Quintal
2016-03-30,Potato,Bihar,Purnia,Purnia Wholesale,1832.0,1502.0,2054.0,4174.0,INR/Quintal
2019-06-13,Potato,West Bengal,Kolkata,Kolkata Wholesale,762.0,625.0,855.0,5191.0,INR/Quintal
2022-08-04,Apple,Himachal Pradesh,Kangra,Kangra Wholesale,9966.0,8173.0,11176.0,1116.0,INR/Quintal
2025-03-15,Apple,Himachal Pradesh,Mandi,Mandi Wholesale,4858.0,3984.0,5448.0,341.0,INR/Quintal
2023-08-03,Cotton,Telangana,Nizamabad,Nizamabad Wholesale,6258.0,5132.0,7018.0,2943.0,INR/Quintal
2023-08-14,Coffee,Karnataka,Belgaum,Belgaum Wholesale,20905.0,17144.0,23443.0,1450.0,INR/Quintal
2016-12-11,Tea,Assam,Dibrugarh,Dibrugarh Wholesale,10912.0,8949.0,12237.0,2206.0,INR/Quintal
2020-12-30,Apple,Himachal Pradesh,Shimla,Shimla Wholesale,4405.0,3612.0,4940.0,711.0,INR/Quintal
2017-07-05,Coconut,Karnataka,Mysore,Mysore Wholesale,2754.0,2258.0,3088.0,1717.0,INR/Quintal
2022-11-15,Tea,West Bengal,Darjeeling,Darjeeling Wholesale,21390.0,17541.0,23987.0,3357.0,INR/Quintal
2022-04-06,Pulses,Uttar Pradesh,Kanpur,Kanpur Wholesale,4288.0,3516.0,4809.0,4598.0,INR/Quintal
2019-02-05,Coconut,Kerala,Ernakulam,Ernakulam Wholesale,3125.0,2563.0,3504.0,3348.0,INR/Quintal
2018-12-11,Rice,Odisha,Bhubaneswar,Bhubaneswar Wholesale,2304.0,1889.0,2584.0,3785.0,INR/Quintal
2015-11-01,Rice,Punjab,Amritsar,Amritsar Wholesale,2872.0,2355.0,3221.0,2593.0,INR/Quintal
2017-01-05,Coconut,Kerala,Kozhikode,Kozhikode Wholesale,1433.0,1175.0,1607.0,2813.0,INR/Quintal
2024-10-08,Coffee,Kerala,Thrissur,Thrissur Wholesale,22230.0,18230.0,24929.0,2368.0,INR/Quintal
2021-05-27,Oilseeds,Rajasthan,Jaipur,Jaipur Wholesale,2572.0,2109.0,2884.0,2993.0,INR/Quintal
2020-05-17,Wheat,Madhya Pradesh,Bhopal,Bhopal Wholesale,2741.0,2248.0,3074.0,2695.0,INR/Quintal
2020-11-19,Cotton,Telangana,Nizamabad,Nizamabad Wholesale,6926.0,5680.0,7767.0,1702.0,INR/Quintal
2020-07-02,Sugarcane,Karnataka,Bangalore,Bangalore Wholesale,409.0,335.0,459.0,2182.0,INR/Quintal
2024-02-21,Rice,Andhra Pradesh,Guntur,Guntur Wholesale,1754.0,1438.0,1967.0,3702.0,INR/Quintal
2022-12-24,Cotton,Maharashtra,Pune,Pune Wholesale,7804.0,6400.0,8751.0,2691.0,INR/Quintal
2023-04-04,Potato,Bihar,Purnia,Purnia Wholesale,1742.0,1429.0,1953.0,4593.0,INR/Quintal
2025-02-10,Coconut,Karnataka,Belgaum,Belgaum Wholesale,2237.0,1835.0,2509.0,1475.0,INR/Quintal
2023-04-10,Oilseeds,Rajasthan,Jaipur,Jaipur Wholesale,4131.0,3388.0,4633.0,4280.0,INR/Quintal
2022-11-29,Coconut,Karnataka,Belgaum,Belgaum Wholesale,3210.0,2632.0,3600.0,3745.0,INR/Quintal
2017-08-19,Sugarcane,Uttar Pradesh,Varanasi,Varanasi Wholesale,372.0,305.0,417.0,2045.0,INR/Quintal
2023-03-09,Coffee,Tamil Nadu,Coimbatore,Coimbatore Wholesale,10691.0,8767.0,11989.0,989.0,INR/Quintal
2025-07-15,Cotton,Andhra Pradesh,Guntur,Guntur Wholesale,8754.0,7179.0,9817.0,3775.0,INR/Quintal
2017-10-23,Pulses,Maharashtra,Nagpur,Nagpur Wholesale,4412.0,3618.0,4948.0,3661.0,INR/Quintal
2020-11-02,Sugarcane,Tamil Nadu,Chennai,Chennai Wholesale,405.0,332.0,454.0,4522.0,INR/Quintal
2025-08-01,Coffee,Tamil Nadu,Madurai,Madurai Wholesale,12909.0,10586.0,14476.0,1337.0,INR/Quintal
2021-07-03,Tea,Kerala,Thrissur,Thrissur Wholesale,14841.0,12171.0,16643.0,593.0,INR/Quintal
2022-11-03,Coffee,Tamil Nadu,Chennai,Chennai Wholesale,12196.0,10002.0,13677.0,4318.0,INR/Quintal
2019-01-13,Coffee,Tamil Nadu,Madurai,Madurai Wholesale,16641.0,13647.0,18661.0,2105.0,INR/Quintal
2021-11-06,Sugarcane,Karnataka,Mysore,Mysore Wholesale,510.0,418.0,572.0,3503.0,INR/Quintal
2020-05-01,Coconut,Karnataka,Belgaum,Belgaum Wholesale,1230.0,1009.0,1379.0,978.0,INR/Quintal
2022-04-30,Oilseeds,Maharashtra,Nagpur,Nagpur Wholesale,5429.0,4452.0,6088.0,6424.0,INR/Quintal
2024-01-06,Sugarcane,Tamil Nadu,Madurai,Madurai Wholesale,459.0,376.0,515.0,1356.0,INR/Quintal
2018-03-23,Maize,Karnataka,Bangalore,Bangalore Wholesale,2025.0,1661.0,2271.0,5191.0,INR/Quintal
2016-10-26,Wheat,Punjab,Amritsar,Amritsar Wholesale,1929.0,1582.0,2163.0,3215.0,INR/Quintal
2015-01-12,Apple,Himachal Pradesh,Kangra,Kangra Wholesale,7125.0,5843.0,7990.0,2760.0,INR/Quintal
2018-03-02,Oilseeds,Rajasthan,Udaipur,Udaipur Wholesale,3012.0,2470.0,3378.0,606.0,INR/Quintal
2015-10-31,Pulses,Rajasthan,Udaipur,Udaipur Wholesale,3066.0,2514.0,3438.0,940.0,INR/Quintal
2024-03-18,Oilseeds,Madhya Pradesh,Bhopal,Bhopal Wholesale,6151.0,5044.0,6898.0,845.0,INR/Quintal
2023-04-11,Potato,Punjab,Patiala,Patiala Wholesale,650.0,533.0,729.0,8421.0,INR/Quintal
2024-03-25,Coconut,Tamil Nadu,Chennai,Chennai Wholesale,3363.0,2758.0,3771.0,4537.0,INR/Quintal
2019-10-30,Pulses,Uttar Pradesh,Kanpur,Kanpur Wholesale,3928.0,3221.0,4405.0,3228.0,INR/Quintal
2022-10-01,Tea,Assam,Kamrup,Kamrup Wholesale,10796.0,8854.0,12107.0,646.0,INR/Quintal
2015-02-12,Sugarcane,Karnataka,Mysore,Mysore Wholesale,423.0,347.0,474.0,3743.0,INR/Quintal
2017-08-01,Coffee,Kerala,Kozhikode,Kozhikode Wholesale,11099.0,9102.0,12446.0,1358.0,INR/Quintal
2021-07-18,Coconut,Tamil Nadu,Coimbatore,Coimbatore Wholesale,3223.0,2643.0,3614.0,1796.0,INR/Quintal
2018-09-11,Sugarcane,Tamil Nadu,Madurai,Madurai Wholesale,408.0,335.0,458.0,3061.0,INR/Quintal
2025-08-21,Potato,West Bengal,Kolkata,Kolkata Wholesale,1364.0,1119.0,1530.0,632.0,INR/Quintal
2021-12-20,Coconut,Tamil Nadu,Madurai,Madurai Wholesale,2743.0,2249.0,3076.0,3751.0,INR/Quintal
2021-08-08,Cotton,Maharashtra,Nagpur,Nagpur Wholesale,5929.0,4862.0,6649.0,4045.0,INR/Quintal
2017-06-09,Potato,West Bengal,Howrah,Howrah Wholesale,1082.0,887.0,1213.0,5041.0,INR/Quintal
2021-10-10,Maize,Andhra Pradesh,Visakhapatnam,Visakhapatnam Wholesale,2282.0,1871.0,2559.0,3426.0,INR/Quintal
2017-10-01,Coffee,Kerala,Kozhikode,Kozhikode Wholesale,12421.0,10186.0,13929.0,1049.0,INR/Quintal
2015-01-21,Coffee,Karnataka,Belgaum,Belgaum Wholesale,11450.0,9390.0,12840.0,4051.0,INR/Quintal
2016-02-11,Rice,Uttar Pradesh,Kanpur,Kanpur Wholesale,2694.0,2209.0,3021.0,2147.0,INR/Quintal
2022-04-20,Cotton,Andhra Pradesh,Guntur,Guntur Wholesale,7763.0,6366.0,8705.0,1552.0,INR/Quintal
2017-10-11,Rice,Tamil Nadu,Chennai,Chennai Wholesale,2115.0,1734.0,2372.0,2747.0,INR/Quintal
2015-12-02,Tea,West Bengal,Howrah,Howrah Wholesale,12320.0,10103.0,13816.0,4763.0,INR/Quintal
2020-01-13,Wheat,Punjab,Amritsar,Amritsar Wholesale,2525.0,2071.0,2832.0,1385.0,INR/Quintal
2023-09-24,Apple,Himachal Pradesh,Kangra,Kangra Wholesale,7565.0,6204.0,8483.0,342.0,INR/Quintal
2018-02-21,Wheat,Uttar Pradesh,Varanasi,Varanasi Wholesale,2090.0,1714.0,2344.0,5755.0,INR/Quintal
2021-09-12,Sugarcane,Tamil Nadu,Madurai,Madurai Wholesale,530.0,435.0,594.0,1141.0,INR/Quintal
2022-10-11,Wheat,Uttar Pradesh,Lucknow,Lucknow Wholesale,1994.0,1635.0,2236.0,3612.0,INR/Quintal
2020-01-02,Coffee,Tamil Nadu,Chennai,Chennai Wholesale,16511.0,13540.0,18515.0,1854.0,INR/Quintal
2016-12-15,Potato,Bihar,Purnia,Purnia Wholesale,1884.0,1545.0,2113.0,1024.0,INR/Quintal
2015-02-20,Cotton,Gujarat,Rajkot,Rajkot Wholesale,6062.0,4971.0,6798.0,4467.0,INR/Quintal
2025-07-21,Sugarcane,Maharashtra,Mumbai,Mumbai Wholesale,562.0,461.0,630.0,4840.0,INR/Quintal
2015-11-20,Sugarcane,Tamil Nadu,Chennai,Chennai Wholesale,350.0,287.0,392.0,3350.0,INR/Quintal
2017-02-27,Cotton,Maharashtra,Mumbai,Mumbai Wholesale,5105.0,4186.0,5725.0,6853.0,INR/Quintal
2015-05-21,Coffee,Kerala,Ernakulam,Ernakulam Wholesale,18215.0,14938.0,20426.0,1563.0,INR/Quintal
2016-04-14,Apple,Himachal Pradesh,Mandi,Mandi Wholesale,5632.0,4619.0,6316.0,2826.0,INR/Quintal
2017-02-25,Tea,Kerala,Ernakulam,Ernakulam Wholesale,11540.0,9464.0,12941.0,2214.0,INR/Quintal
2019-12-31,Tea,Assam,Dibrugarh,Dibrugarh Wholesale,7255.0,5950.0,8136.0,3469.0,INR/Quintal
2018-09-19,Sugarcane,Karnataka,Bangalore,Bangalore Wholesale,451.0,370.0,506.0,2018.0,INR/Quintal
2020-03-31,Tea,West Bengal,Darjeeling,Darjeeling Wholesale,14476.0,11871.0,16233.0,2439.0,INR/Quintal
2017-08-21,Coffee,Tamil Nadu,Coimbatore,Coimbatore Wholesale,11302.0,9269.0,12674.0,1361.0,INR/Quintal
2023-05-14,Maize,Maharashtra,Nashik,Nashik Wholesale,2101.0,1723.0,2356.0,4566.0,INR/Quintal
2016-01-08,Maize,Telangana,Hyderabad,Hyderabad Wholesale,1954.0,1602.0,2191.0,885.0,INR/Quintal
2024-12-14,Rice,Andhra Pradesh,Visakhapatnam,Visakhapatnam Wholesale,1300.0,1066.0,1458.0,5622.0,INR/Quintal
2021-12-16,Oilseeds,Rajasthan,Jaipur,Jaipur Wholesale,4617.0,3786.0,5178.0,1205.0,INR/Quintal
2024-11-19,Pulses,Uttar Pradesh,Kanpur,Kanpur Wholesale,5873.0,4816.0,6586.0,2563.0,INR/Quintal
2019-08-20,Wheat,Bihar,Muzaffarpur,Muzaffarpur Wholesale,1927.0,1580.0,2161.0,1147.0,INR/Quintal
2022-08-30,Tea,West Bengal,Kolkata,Kolkata Wholesale,18193.0,14920.0,20402.0,418.0,INR/Quintal
2018-03-25,Maize,Andhra Pradesh,Visakhapatnam,Visakhapatnam Wholesale,1639.0,1344.0,1838.0,5642.0,INR/Quintal
2021-05-27,Potato,Bihar,Purnia,Purnia Wholesale,1080.0,886.0,1211.0,3631.0,INR/Quintal
2019-07-30,Cotton,Telangana,Warangal,Warangal Wholesale,6063.0,4972.0,6799.0,3170.0,INR/Quintal
2023-10-21,Oilseeds,Gujarat,Rajkot,Rajkot Wholesale,4995.0,4096.0,5601.0,608.0,INR/Quintal
2015-04-16,Rice,Odisha,Bhubaneswar,Bhubaneswar Wholesale,2858.0,2344.0,3205.0,5305.0,INR/Quintal
2018-12-14,Pulses,Rajasthan,Udaipur,Udaipur Wholesale,3732.0,3061.0,4185.0,1392.0,INR/Quintal
2022-06-10,Maize,Telangana,Warangal,Warangal Wholesale,1932.0,1584.0,2167.0,4148.0,INR/Quintal
2019-08-09,Rice,Assam,Cachar,Cachar Wholesale,1270.0,1041.0,1424.0,582.0,INR/Quintal
2015-01-02,Coconut,Andhra Pradesh,Guntur,Guntur Wholesale,2517.0,2064.0,2823.0,5310.0,INR/Quintal
2022-03-21,Oilseeds,Gujarat,Rajkot,Rajkot Wholesale,4045.0,3317.0,4536.0,4847.0,INR/Quintal
2022-05-15,Cotton,Telangana,Warangal,Warangal Wholesale,7406.0,6073.0,8305.0,2186.0,INR/Quintal
2020-11-07,Wheat,Rajasthan,Jodhpur,Jodhpur Wholesale,2096.0,1719.0,2350.0,509.0,INR/Quintal
2024-05-09,Maize,Karnataka,Bangalore,Bangalore Wholesale,2596.0,2129.0,2911.0,4075.0,INR/Quintal
2015-12-16,Apple,Himachal Pradesh,Mandi,Mandi Wholesale,6242.0,5119.0,7000.0,309.0,INR/Quintal
2024-08-31,Cotton,Maharashtra,Nagpur,Nagpur Wholesale,8675.0,7114.0,9728.0,2652.0,INR/Quintal
2018-07-10,Pulses,Madhya Pradesh,Bhopal,Bhopal Wholesale,3528.0,2893.0,3956.0,2189.0,INR/Quintal
2024-05-15,Tea,Assam,Kamrup,Kamrup Wholesale,12881.0,10563.0,14445.0,3493.0,INR/Quintal
2023-09-15,Oilseeds,Rajasthan,Udaipur,Udaipur Wholesale,5331.0,4372.0,5978.0,2431.0,INR/Quintal
2025-01-05,Pulses,Madhya Pradesh,Bhopal,Bhopal Wholesale,6241.0,5118.0,6999.0,1537.0,INR/Quintal
2017-11-28,Wheat,Punjab,Ludhiana,Ludhiana Wholesale,1615.0,1324.0,1811.0,2487.0,INR/Quintal
2023-02-04,Cotton,Andhra Pradesh,Guntur,Guntur Wholesale,8577.0,7034.0,9618.0,3077.0,INR/Quintal
2021-01-15,Coffee,Karnataka,Hubli,Hubli Wholesale,15030.0,12326.0,16855.0,4797.0,INR/Quintal
2025-01-02,Wheat,Rajasthan,Udaipur,Udaipur Wholesale,2274.0,1865.0,2550.0,3778.0,INR/Quintal
2023-03-26,Coconut,Karnataka,Hubli,Hubli Wholesale,2444.0,2004.0,2741.0,6985.0,INR/Quintal
2021-06-17,Sugarcane,Tamil Nadu,Madurai,Madurai Wholesale,450.0,369.0,505.0,5232.0,INR/Quintal
2024-01-26,Maize,Telangana,Hyderabad,Hyderabad Wholesale,2497.0,2048.0,2800.0,4613.0,INR/Quintal
2016-03-20,Tea,Kerala,Thrissur,Thrissur Wholesale,8281.0,6791.0,9286.0,5158.0,INR/Quintal
2021-06-03,Apple,Himachal Pradesh,Kangra,Kangra Wholesale,6749.0,5535.0,7568.0,1096.0,INR/Quintal
2017-08-09,Oilseeds,Gujarat,Vadodara,Vadodara Wholesale,3821.0,3134.0,4285.0,4235.0,INR/Quintal
2015-02-05,Potato,Bihar,Muzaffarpur,Muzaffarpur Wholesale,1092.0,896.0,1225.0,4944.0,INR/Quintal
2018-01-12,Apple,Jammu and Kashmir,Srinagar,Srinagar Wholesale,8254.0,6769.0,9256.0,579.0,INR/Quintal
2019-01-15,Cotton,Andhra Pradesh,Guntur,Guntur Wholesale,7340.0,6019.0,8231.0,972.0,INR/Quintal
2019-12-04,Coconut,Karnataka,Bangalore,Bangalore Wholesale,2139.0,1754.0,2399.0,1612.0,INR/Quintal
2020-01-20,Coffee,Kerala,Thrissur,Thrissur Wholesale,9203.0,7547.0,10320.0,3684.0,INR/Quintal
2018-11-09,Potato,West Bengal,Darjeeling,Darjeeling Wholesale,2018.0,1655.0,2263.0,3125.0,INR/Quintal
2018-04-10,Apple,Himachal Pradesh,Mandi,Mandi Wholesale,4342.0,3561.0,4869.0,951.0,INR/Quintal
2018-10-31,Coconut,Andhra Pradesh,Visakhapatnam,Visakhapatnam Wholesale,1623.0,1331.0,1820.0,3410.0,INR/Quintal
2019-09-05,Maize,Telangana,Hyderabad,Hyderabad Wholesale,1515.0,1242.0,1699.0,716.0,INR/Quintal
2018-10-17,Maize,Bihar,Patna,Patna Wholesale,1504.0,1233.0,1687.0,3108.0,INR/Quintal
2022-02-19,Oilseeds,Rajasthan,Jaipur,Jaipur Wholesale,5334.0,4374.0,5982.0,3592.0,INR/Quintal
2023-01-17,Apple,Jammu and Kashmir,Srinagar,Srinagar Wholesale,7313.0,5997.0,8201.0,2243.0,INR/Quintal
2020-12-28,Coffee,Tamil Nadu,Madurai,Madurai Wholesale,21274.0,17446.0,23857.0,1294.0,INR/Quintal
2023-01-13,Maize,Telangana,Hyderabad,Hyderabad Wholesale,1775.0,1456.0,1990.0,4740.0,INR/Quintal
2023-09-25,Potato,Uttar Pradesh,Lucknow,Lucknow Wholesale,1523.0,1249.0,1708.0,2137.0,INR/Quintal
2018-07-24,Coffee,Tamil Nadu,Madurai,Madurai Wholesale,20430.0,16754.0,22910.0,2218.0,INR/Quintal
2022-08-05,Coconut,Tamil Nadu,Coimbatore,Coimbatore Wholesale,3210.0,2632.0,3600.0,2123.0,INR/Quintal
2018-05-28,Potato,Uttar Pradesh,Lucknow,Lucknow Wholesale,1736.0,1424.0,1947.0,5729.0,INR/Quintal
2023-06-25,Wheat,Punjab,Amritsar,Amritsar Wholesale,2094.0,1717.0,2348.0,7465.0,INR/Quintal
2016-06-04,Coconut,Karnataka,Bangalore,Bangalore Wholesale,2615.0,2145.0,2932.0,3520.0,INR/Quintal
2019-12-12,Pulses,Madhya Pradesh,Bhopal,Bhopal Wholesale,4528.0,3713.0,5078.0,3736.0,INR/Quintal
2015-01-10,Coffee,Tamil Nadu,Coimbatore,Coimbatore Wholesale,13648.0,11192.0,15305.0,2084.0,INR/Quintal
2017-09-10,Rice,West Bengal,Darjeeling,Darjeeling Wholesale,2351.0,1928.0,2636.0,1765.0,INR/Quintal
2021-08-22,Pulses,Rajasthan,Udaipur,Udaipur Wholesale,5697.0,4672.0,6389.0,1435.0,INR/Quintal
2019-07-15,Coconut,Tamil Nadu,Madurai,Madurai Wholesale,2747.0,2253.0,3080.0,1826.0,INR/Quintal
2019-07-19,Apple,Himachal Pradesh,Shimla,Shimla Wholesale,7772.0,6374.0,8716.0,2081.0,INR/Quintal
2022-06-22,Pulses,Madhya Pradesh,Bhopal,Bhopal Wholesale,3878.0,3180.0,4349.0,3012.0,INR/Quintal
2022-03-16,Coffee,Tamil Nadu,Chennai,Chennai Wholesale,15505.0,12715.0,17387.0,3797.0,INR/Quintal
2021-01-08,Tea,Assam,Kamrup,Kamrup Wholesale,13735.0,11264.0,15402.0,3570.0,INR/Quintal
2016-12-20,Maize,Maharashtra,Pune,Pune Wholesale,1541.0,1264.0,1728.0,3385.0,INR/Quintal
2017-12-08,Wheat,Uttar Pradesh,Lucknow,Lucknow Wholesale,1922.0,1576.0,2155.0,866.0,INR/Quintal
2023-10-31,Tea,Kerala,Kozhikode,Kozhikode Wholesale,6970.0,5716.0,7816.0,1744.0,INR/Quintal
2017-05-08,Tea,Kerala,Thrissur,Thrissur Wholesale,8764.0,7187.0,9828.0,3048.0,INR/Quintal
2018-08-09,Rice,Chhattisgarh,Raipur,Raipur Wholesale,3241.0,2658.0,3634.0,2547.0,INR/Quintal
2019-05-23,Cotton,Maharashtra,Pune,Pune Wholesale,5439.0,4460.0,6099.0,1022.0,INR/Quintal
2015-02-19,Coffee,Kerala,Kozhikode,Kozhikode Wholesale,14377.0,11790.0,16122.0,2826.0,INR/Quintal
2022-06-04,Potato,West Bengal,Kolkata,Kolkata Wholesale,1954.0,1602.0,2191.0,1036.0,INR/Quintal
2022-01-22,Maize,Madhya Pradesh,Bhopal,Bhopal Wholesale,1468.0,1204.0,1646.0,1077.0,INR/Quintal
2025-01-31,Apple,Jammu and Kashmir,Srinagar,Srinagar Wholesale,9753.0,7998.0,10937.0,1494.0,INR/Quintal
2023-07-29,Tea,Kerala,Ernakulam,Ernakulam Wholesale,9894.0,8114.0,11095.0,1049.0,INR/Quintal
2023-11-13,Wheat,Haryana,Gurgaon,Gurgaon Wholesale,2938.0,2409.0,3295.0,4607.0,INR/Quintal
2023-12-18,Cotton,Gujarat,Rajkot,Rajkot Wholesale,5105.0,4186.0,5725.0,3377.0,INR/Quintal
2022-12-14,Rice,Telangana,Nizamabad,Nizamabad Wholesale,1563.0,1282.0,1753.0,1334.0,INR/Quintal
2015-05-26,Sugarcane,Tamil Nadu,Chennai,Chennai Wholesale,348.0,285.0,390.0,3443.0,INR/Quintal
2017-07-03,Maize,Maharashtra,Nashik,Nashik Wholesale,1638.0,1343.0,1837.0,557.0,INR/Quintal
2025-04-05,Sugarcane,Uttar Pradesh,Lucknow,Lucknow Wholesale,555.0,455.0,622.0,8281.0,INR/Quintal
2023-04-29,Pulses,Madhya Pradesh,Bhopal,Bhopal Wholesale,3762.0,3085.0,4219.0,561.0,INR/Quintal
2019-01-02,Tea,Assam,Dibrugarh,Dibrugarh Wholesale,12780.0,10481.0,14332.0,489.0,INR/Quintal
2021-04-08,Oilseeds,Rajasthan,Jodhpur,Jodhpur Wholesale,2825.0,2317.0,3168.0,2868.0,INR/Quintal
2016-08-03,Maize,Andhra Pradesh,Krishna,Krishna Wholesale,2084.0,1709.0,2337.0,4335.0,INR/Quintal
2022-06-27,Potato,Punjab,Ludhiana,Ludhiana Wholesale,2018.0,1655.0,2263.0,6528.0,INR/Quintal
2019-05-04,Cotton,Andhra Pradesh,Visakhapatnam,Visakhapatnam Wholesale,6160.0,5052.0,6908.0,2255.0,INR/Quintal
2016-04-27,Wheat,Rajasthan,Udaipur,Udaipur Wholesale,1764.0,1447.0,1978.0,1221.0,INR/Quintal
2023-09-15,Maize,Madhya Pradesh,Bhopal,Bhopal Wholesale,2275.0,1866.0,2551.0,1858.0,INR/Quintal
2018-06-03,Potato,Uttar Pradesh,Varanasi,Varanasi Wholesale,800.0,656.0,897.0,6303.0,INR/Quintal
2016-11-03,Coffee,Kerala,Ernakulam,Ernakulam Wholesale,10589.0,8684.0,11875.0,1448.0,INR/Quintal
2016-09-22,Sugarcane,Tamil Nadu,Coimbatore,Coimbatore Wholesale,406.0,333.0,455.0,1883.0,INR/Quintal
2022-06-01,Coffee,Tamil Nadu,Madurai,Madurai Wholesale,22869.0,18754.0,25645.0,1122.0,INR/Quintal
2016-10-23,Cotton,Telangana,Nizamabad,Nizamabad Wholesale,6873.0,5636.0,7707.0,791.0,INR/Quintal
2024-08-04,Rice,Tamil Nadu,Chennai,Chennai Wholesale,2776.0,2277.0,3113.0,2490.0,INR/Quintal
2022-10-23,Tea,Assam,Tinsukia,Tinsukia Wholesale,12566.0,10305.0,14092.0,570.0,INR/Quintal
2025-03-15,Maize,Telangana,Warangal,Warangal Wholesale,2858.0,2344.0,3205.0,1649.0,INR/Quintal
2021-10-02,Oilseeds,Gujarat,Rajkot,Rajkot Wholesale,4298.0,3525.0,4820.0,1382.0,INR/Quintal
2017-09-14,Sugarcane,Tamil Nadu,Coimbatore,Coimbatore Wholesale,385.0,316.0,432.0,1923.0,INR/Quintal
2024-08-27,Sugarcane,Uttar Pradesh,Lucknow,Lucknow Wholesale,554.0,454.0,621.0,783.0,INR/Quintal
2023-11-06,Maize,Bihar,Muzaffarpur,Muzaffarpur Wholesale,1778.0,1458.0,1994.0,2337.0,INR/Quintal
2019-03-27,Pulses,Maharashtra,Pune,Pune Wholesale,3688.0,3024.0,4136.0,7908.0,INR/Quintal
2016-10-11,Coffee,Kerala,Ernakulam,Ernakulam Wholesale,16077.0,13184.0,18029.0,361.0,INR/Quintal
2017-08-26,Sugarcane,Karnataka,Hubli,Hubli Wholesale,333.0,273.0,373.0,2719.0,INR/Quintal
2022-03-22,Potato,Punjab,Amritsar,Amritsar Wholesale,1282.0,1051.0,1438.0,8310.0,INR/Quintal
2018-01-05,Wheat,Haryana,Gurgaon,Gurgaon Wholesale,2097.0,1720.0,2352.0,3069.0,INR/Quintal
2021-12-31,Tea,West Bengal,Howrah,Howrah Wholesale,14833.0,12164.0,16634.0,1201.0,INR/Quintal
2016-03-16,Sugarcane,Karnataka,Hubli,Hubli Wholesale,462.0,379.0,518.0,994.0,INR/Quintal
2024-02-08,Potato,Uttar Pradesh,Kanpur,Kanpur Wholesale,1056.0,866.0,1184.0,6420.0,INR/Quintal
2017-07-09,Cotton,Gujarat,Vadodara,Vadodara Wholesale,5435.0,4457.0,6095.0,3045.0,INR/Quintal
2017-02-08,Cotton,Gujarat,Vadodara,Vadodara Wholesale,4661.0,3822.0,5227.0,2316.0,INR/Quintal
2018-09-05,Tea,Assam,Cachar,Cachar Wholesale,12073.0,9901.0,13539.0,2376.0,INR/Quintal
2020-01-01,Pulses,Maharashtra,Nashik,Nashik Wholesale,5960.0,4888.0,6684.0,5696.0,INR/Quintal
2015-09-20,Apple,Himachal Pradesh,Shimla,Shimla Wholesale,5951.0,4880.0,6673.0,610.0,INR/Quintal
2025-01-16,Apple,Himachal Pradesh,Shimla,Shimla Wholesale,6048.0,4960.0,6782.0,2237.0,INR/Quintal
2025-03-18,Oilseeds,Gujarat,Vadodara,Vadodara Wholesale,5021.0,4118.0,5631.0,2500.0,INR/Quintal
2025-09-11,Tea,Kerala,Kozhikode,Kozhikode Wholesale,12158.0,9971.0,13634.0,1982.0,INR/Quintal
2019-04-27,Rice,Andhra Pradesh,Krishna,Krishna Wholesale,1503.0,1233.0,1685.0,1562.0,INR/Quintal
2024-06-07,Pulses,Maharashtra,Nagpur,Nagpur Wholesale,5356.0,4392.0,6006.0,4700.0,INR/Quintal
2022-05-08,Sugarcane,Tamil Nadu,Coimbatore,Coimbatore Wholesale,442.0,362.0,496.0,1992.0,INR/Quintal
2023-11-13,Apple,Jammu and Kashmir,Srinagar,Srinagar Wholesale,9812.0,8047.0,11003.0,1046.0,INR/Quintal
2025-06-21,Tea,West Bengal,Darjeeling,Darjeeling Wholesale,21049.0,17262.0,23604.0,1404.0,INR/Quintal
2021-11-11,Apple,Jammu and Kashmir,Srinagar,Srinagar Wholesale,7873.0,6456.0,8829.0,1281.0,INR/Quintal
2017-09-25,Coconut,Tamil Nadu,Madurai,Madurai Wholesale,2944.0,2414.0,3301.0,596.0,INR/Quintal
2024-03-05,Coffee,Karnataka,Bangalore,Bangalore Wholesale,23506.0,19277.0,26360.0,1779.0,INR/Quintal
2016-11-30,Cotton,Maharashtra,Pune,Pune Wholesale,6912.0,5668.0,7751.0,1468.0,INR/Quintal
2021-06-07,Coconut,Kerala,Thrissur,Thrissur Wholesale,1309.0,1073.0,1468.0,549.0,INR/Quintal
2024-11-11,Potato,Bihar,Gaya,Gaya Wholesale,1504.0,1233.0,1687.0,3275.0,INR/Quintal
2019-05-23,Tea,West Bengal,Howrah,Howrah Wholesale,16758.0,13743.0,18792.0,6217.0,INR/Quintal
2018-05-26,Coffee,Kerala,Kozhikode,Kozhikode Wholesale,16350.0,13408.0,18335.0,3683.0,INR/Quintal
2018-01-30,Pulses,Rajasthan,Udaipur,Udaipur Wholesale,3843.0,3152.0,4310.0,3520.0,INR/Quintal
2022-02-14,Rice,Andhra Pradesh,Krishna,Krishna Wholesale,2034.0,1668.0,2281.0,797.0,INR/Quintal
2021-05-24,Potato,Punjab,Patiala,Patiala Wholesale,1152.0,945.0,1292.0,1777.0,INR/Quintal
2018-04-05,Wheat,Haryana,Karnal,Karnal Wholesale,1920.0,1575.0,2153.0,5319.0,INR/Quintal
2022-04-22,Apple,Himachal Pradesh,Shimla,Shimla Wholesale,6277.0,5148.0,7039.0,3087.0,INR/Quintal
2017-10-02,Rice,Tamil Nadu,Madurai,Madurai Wholesale,2151.0,1764.0,2412.0,2828.0,INR/Quintal
2015-02-05,Sugarcane,Uttar Pradesh,Lucknow,Lucknow Wholesale,428.0,351.0,480.0,4126.0,INR/Quintal
2017-01-13,Coconut,Kerala,Kozhikode,Kozhikode Wholesale,2633.0,2159.0,2953.0,1065.0,INR/Quintal
2019-10-31,Coffee,Karnataka,Belgaum,Belgaum Wholesale,22204.0,18209.0,24900.0,967.0,INR/Quintal
2015-12-19,Tea,West Bengal,Darjeeling,Darjeeling Wholesale,16603.0,13616.0,18619.0,2346.0,INR/Quintal
2025-04-05,Apple,Himachal Pradesh,Shimla,Shimla Wholesale,7265.0,5958.0,8147.0,2338.0,INR/Quintal
2020-04-06,Coconut,Tamil Nadu,Chennai,Chennai Wholesale,1946.0,1596.0,2182.0,891.0,INR/Quintal
2015-03-14,Coconut,Karnataka,Mysore,Mysore Wholesale,1115.0,914.0,1250.0,6199.0,INR/Quintal
2022-05-19,Tea,Assam,Cachar,Cachar Wholesale,17309.0,14195.0,19410.0,4358.0,INR/Quintal
2018-10-08,Maize,Bihar,Gaya,Gaya Wholesale,1380.0,1132.0,1548.0,3331.0,INR/Quintal
2020-03-29,Cotton,Telangana,Hyderabad,Hyderabad Wholesale,7157.0,5869.0,8026.0,5392.0,INR/Quintal
2017-12-29,Sugarcane,Maharashtra,Nagpur,Nagpur Wholesale,378.0,310.0,424.0,740.0,INR/Quintal
2021-10-08,Coffee,Karnataka,Mysore,Mysore Wholesale,25162.0,20635.0,28217.0,3990.0,INR/Quintal
2023-05-05,Tea,Assam,Kamrup,Kamrup Wholesale,11403.0,9351.0,12787.0,1977.0,INR/Quintal
2016-12-08,Wheat,Uttar Pradesh,Varanasi,Varanasi Wholesale,2386.0,1957.0,2676.0,6618.0,INR/Quintal
2019-12-10,Potato,Bihar,Patna,Patna Wholesale,1035.0,849.0,1161.0,1341.0,INR/Quintal
2022-02-21,Sugarcane,Uttar Pradesh,Kanpur,Kanpur Wholesale,417.0,342.0,468.0,4742.0,INR/Quintal
2022-11-15,Pulses,Maharashtra,Nashik,Nashik Wholesale,5792.0,4750.0,6495.0,772.0,INR/Quintal
2025-03-02,Wheat,Haryana,Gurgaon,Gurgaon Wholesale,3247.0,2663.0,3641.0,1238.0,INR/Quintal
2017-08-13,Potato,West Bengal,Howrah,Howrah Wholesale,1353.0,1110.0,1517.0,3863.0,INR/Quintal
2022-01-08,Apple,Himachal Pradesh,Kangra,Kangra Wholesale,10224.0,8384.0,11465.0,2385.0,INR/Quintal
2021-10-11,Oilseeds,Maharashtra,Pune,Pune Wholesale,5143.0,4218.0,5767.0,2775.0,INR/Quintal
2024-11-19,Cotton,Maharashtra,Nagpur,Nagpur Wholesale,8112.0,6652.0,9097.0,3165.0,INR/Quintal
2015-06-09,Apple,Jammu and Kashmir,Srinagar,Srinagar Wholesale,5180.0,4248.0,5809.0,1548.0,INR/Quintal
2021-01-05,Sugarcane,Maharashtra,Pune,Pune Wholesale,422.0,346.0,473.0,3046.0,INR/Quintal
2022-09-24,Coffee,Karnataka,Mysore,Mysore Wholesale,13713.0,11246.0,15378.0,3025.0,INR/Quintal
2024-01-15,Rice,Odisha,Bhubaneswar,Bhubaneswar Wholesale,3718.0,3049.0,4169.0,2776.0,INR/Quintal
2019-10-02,Potato,Bihar,Purnia,Purnia Wholesale,2172.0,1781.0,2436.0,2495.0,INR/Quintal
2019-05-05,Pulses,Rajasthan,Jaipur,Jaipur Wholesale,5870.0,4814.0,6583.0,3898.0,INR/Quintal
2015-03-08,Tea,Kerala,Thrissur,Thrissur Wholesale,7166.0,5877.0,8036.0,2726.0,INR/Quintal
2023-05-20,Rice,Odisha,Bhubaneswar,Bhubaneswar Wholesale,1848.0,1516.0,2072.0,2466.0,INR/Quintal
2025-08-19,Apple,Jammu and Kashmir,Srinagar,Srinagar Wholesale,10326.0,8468.0,11580.0,1355.0,INR/Quintal
2021-08-25,Wheat,Bihar,Patna,Patna Wholesale,1849.0,1516.0,2073.0,3376.0,INR/Quintal
2015-02-27,Cotton,Telangana,Hyderabad,Hyderabad Wholesale,6531.0,5356.0,7324.0,5630.0,INR/Quintal
2024-02-13,Apple,Himachal Pradesh,Mandi,Mandi Wholesale,6674.0,5473.0,7484.0,1876.0,INR/Quintal
2015-12-08,Coffee,Kerala,Ernakulam,Ernakulam Wholesale,13026.0,10682.0,14607.0,1639.0,INR/Quintal
2025-09-14,Apple,Himachal Pradesh,Mandi,Mandi Wholesale,10239.0,8397.0,11482.0,554.0,INR/Quintal
2018-02-27,Rice,Telangana,Warangal,Warangal Wholesale,1288.0,1056.0,1444.0,741.0,INR/Quintal
2022-08-06,Pulses,Rajasthan,Jodhpur,Jodhpur Wholesale,4916.0,4032.0,5513.0,1954.0,INR/Quintal
2018-04-10,Potato,West Bengal,Howrah,Howrah Wholesale,2102.0,1724.0,2357.0,2149.0,INR/Quintal
2022-09-18,Coffee,Tamil Nadu,Chennai,Chennai Wholesale,18839.0,15449.0,21126.0,2487.0,INR/Quintal
2022-04-15,Oilseeds,Maharashtra,Mumbai,Mumbai Wholesale,5160.0,4232.0,5786.0,7574.0,INR/Quintal
2018-05-17,Tea,Kerala,Thrissur,Thrissur Wholesale,12336.0,10116.0,13834.0,4394.0,INR/Quintal
2025-08-10,Apple,Jammu and Kashmir,Srinagar,Srinagar Wholesale,4294.0,3521.0,4815.0,154.0,INR/Quintal
2021-07-29,Apple,Himachal Pradesh,Kangra,Kangra Wholesale,5213.0,4275.0,5846.0,819.0,INR/Quintal
2019-02-03,Cotton,Telangana,Nizamabad,Nizamabad Wholesale,6131.0,5028.0,6875.0,4839.0,INR/Quintal
2019-12-27,Rice,Telangana,Warangal,Warangal Wholesale,1945.0,1595.0,2181.0,2623.0,INR/Quintal
2015-04-26,Cotton,Maharashtra,Nashik,Nashik Wholesale,5233.0,4291.0,5868.0,6770.0,INR/Quintal
2024-02-18,Cotton,Andhra Pradesh,Visakhapatnam,Visakhapatnam Wholesale,8057.0,6607.0,9035.0,6561.0,INR/Quintal
2016-10-23,Cotton,Telangana,Warangal,Warangal Wholesale,4165.0,3416.0,4671.0,1660.0,INR/Quintal
2025-08-19,Potato,West Bengal,Darjeeling,Darjeeling Wholesale,1938.0,1589.0,2173.0,1722.0,INR/Quintal
2019-01-05,Cotton,Telangana,Warangal,Warangal Wholesale,4480.0,3674.0,5024.0,2639.0,INR/Quintal
2024-11-28,Oilseeds,Rajasthan,Udaipur,Udaipur Wholesale,2780.0,2280.0,3117.0,2045.0,INR/Quintal
2021-11-05,Apple,Jammu and Kashmir,Srinagar,Srinagar Wholesale,5949.0,4879.0,6671.0,732.0,INR/Quintal
2020-02-12,Wheat,Rajasthan,Udaipur,Udaipur Wholesale,2692.0,2208.0,3019.0,3516.0,INR/Quintal
2024-09-18,Pulses,Madhya Pradesh,Bhopal,Bhopal Wholesale,4362.0,3577.0,4892.0,2558.0,INR/Quintal
2021-05-23,Coffee,Karnataka,Bangalore,Bangalore Wholesale,19023.0,15600.0,21332.0,2240.0,INR/Quintal
2024-03-28,Oilseeds,Maharashtra,Mumbai,Mumbai Wholesale,5125.0,4203.0,5747.0,8184.0,INR/Quintal
2017-10-13,Coffee,Kerala,Kozhikode,Kozhikode Wholesale,11400.0,9349.0,12784.0,1955.0,INR/Quintal
2015-11-07,Pulses,Uttar Pradesh,Lucknow,Lucknow Wholesale,4537.0,3721.0,5088.0,5676.0,INR/Quintal
2015-07-27,Wheat,Madhya Pradesh,Bhopal,Bhopal Wholesale,2411.0,1977.0,2704.0,658.0,INR/Quintal
2022-04-19,Sugarcane,Karnataka,Bangalore,Bangalore Wholesale,456.0,374.0,511.0,2261.0,INR/Quintal
2021-10-29,Coffee,Kerala,Thrissur,Thrissur Wholesale,11668.0,9569.0,13085.0,1151.0,INR/Quintal
2022-06-10,Coffee,Tamil Nadu,Chennai,Chennai Wholesale,17856.0,14643.0,20024.0,2049.0,INR/Quintal
2016-09-24,Wheat,Haryana,Gurgaon,Gurgaon Wholesale,2155.0,1767.0,2417.0,1248.0,INR/Quintal
2020-10-03,Rice,West Bengal,Kolkata,Kolkata Wholesale,1212.0,994.0,1359.0,3588.0,INR/Quintal
2023-02-07,Oilseeds,Gujarat,Ahmedabad,Ahmedabad Wholesale,2817.0,2310.0,3159.0,3604.0,INR/Quintal
2023-06-11,Coconut,Karnataka,Belgaum,Belgaum Wholesale,1629.0,1336.0,1827.0,5317.0,INR/Quintal
2016-10-18,Rice,Odisha,Bhubaneswar,Bhubaneswar Wholesale,1311.0,1075.0,1470.0,2082.0,INR/Quintal
2018-11-24,Rice,Punjab,Ludhiana,Ludhiana Wholesale,1656.0,1358.0,1857.0,1432.0,INR/Quintal
2020-04-15,Rice,Chhattisgarh,Raipur,Raipur Wholesale,2194.0,1799.0,2460.0,2607.0,INR/Quintal
2025-03-08,Cotton,Andhra Pradesh,Chittoor,Chittoor Wholesale,6650.0,5454.0,7457.0,7755.0,INR/Quintal
2023-04-16,Tea,Assam,Tinsukia,Tinsukia Wholesale,17244.0,14141.0,19337.0,3067.0,INR/Quintal
2022-01-06,Coffee,Kerala,Ernakulam,Ernakulam Wholesale,18568.0,15227.0,20822.0,468.0,INR/Quintal
2019-08-07,Apple,Jammu and Kashmir,Srinagar,Srinagar Wholesale,8266.0,6779.0,9269.0,1391.0,INR/Quintal
2024-11-22,Coconut,Andhra Pradesh,Chittoor,Chittoor Wholesale,2609.0,2140.0,2926.0,1588.0,INR/Quintal
2015-08-25,Rice,Odisha,Bhubaneswar,Bhubaneswar Wholesale,1180.0,968.0,1323.0,2397.0,INR/Quintal
2024-03-04,Oilseeds,Rajasthan,Jodhpur,Jodhpur Wholesale,4305.0,3530.0,4828.0,2564.0,INR/Quintal
2015-12-14,Tea,West Bengal,Darjeeling,Darjeeling Wholesale,15864.0,13010.0,17790.0,2161.0,INR/Quintal
2022-04-28,Tea,West Bengal,Howrah,Howrah Wholesale,10078.0,8265.0,11301.0,2455.0,INR/Quintal
2023-09-11,Rice,Uttar Pradesh,Lucknow,Lucknow Wholesale,1466.0,1202.0,1644.0,4913.0,INR/Quintal
2016-09-21,Potato,Punjab,Patiala,Patiala Wholesale,1024.0,840.0,1148.0,4834.0,INR/Quintal
2019-03-21,Rice,Uttar Pradesh,Kanpur,Kanpur Wholesale,1991.0,1633.0,2233.0,5478.0,INR/Quintal
2020-06-26,Potato,Uttar Pradesh,Lucknow,Lucknow Wholesale,1103.0,905.0,1237.0,2495.0,INR/Quintal
2018-06-25,Rice,Bihar,Patna,Patna Wholesale,1385.0,1136.0,1553.0,961.0,INR/Quintal
2015-12-30,Coconut,Tamil Nadu,Coimbatore,Coimbatore Wholesale,1502.0,1232.0,1684.0,1325.0,INR/Quintal
2021-06-26,Oilseeds,Maharashtra,Pune,Pune Wholesale,4775.0,3916.0,5355.0,3705.0,INR/Quintal
2025-02-21,Potato,Uttar Pradesh,Lucknow,Lucknow Wholesale,1403.0,1151.0,1573.0,3563.0,INR/Quintal
2015-10-13,Cotton,Maharashtra,Mumbai,Mumbai Wholesale,5898.0,4837.0,6614.0,663.0,INR/Quintal
2015-05-29,Tea,West Bengal,Howrah,Howrah Wholesale,12436.0,10198.0,13946.0,3224.0,INR/Quintal
2018-01-12,Rice,Punjab,Patiala,Patiala Wholesale,2287.0,1876.0,2565.0,6655.0,INR/Quintal
2021-09-19,Tea,Kerala,Ernakulam,Ernakulam Wholesale,7950.0,6520.0,8915.0,2527.0,INR/Quintal
2023-04-14,Rice,Telangana,Warangal,Warangal Wholesale,2533.0,2077.0,2841.0,3553.0,INR/Quintal
2016-03-31,Coffee,Kerala,Kozhikode,Kozhikode Wholesale,8532.0,6997.0,9568.0,3905.0,INR/Quintal
2019-11-02,Coffee,Tamil Nadu,Madurai,Madurai Wholesale,14025.0,11502.0,15728.0,1999.0,INR/Quintal
2017-03-10,Maize,Bihar,Patna,Patna Wholesale,1879.0,1541.0,2107.0,3553.0,INR/Quintal
2018-03-30,Rice,Tamil Nadu,Madurai,Madurai Wholesale,1487.0,1219.0,1668.0,5410.0,INR/Quintal
2017-10-09,Maize,Maharashtra,Nashik,Nashik Wholesale,1544.0,1266.0,1731.0,3632.0,INR/Quintal
2022-10-02,Coconut,Andhra Pradesh,Guntur,Guntur Wholesale,1741.0,1428.0,1952.0,2141.0,INR/Quintal
2021-11-12,Apple,Himachal Pradesh,Mandi,Mandi Wholesale,4352.0,3569.0,4880.0,1252.0,INR/Quintal
2024-11-30,Wheat,Rajasthan,Jodhpur,Jodhpur Wholesale,2347.0,1925.0,2632.0,2771.0,INR/Quintal
2019-03-04,Wheat,Bihar,Gaya,Gaya Wholesale,2776.0,2277.0,3113.0,4347.0,INR/Quintal
2022-08-17,Tea,Kerala,Ernakulam,Ernakulam Wholesale,9299.0,7626.0,10428.0,2008.0,INR/Quintal
2021-12-31,Potato,Punjab,Patiala,Patiala Wholesale,1405.0,1152.0,1576.0,6046.0,INR/Quintal
2025-03-14,Rice,Tamil Nadu,Chennai,Chennai Wholesale,2998.0,2459.0,3362.0,1456.0,INR/Quintal
2025-08-11,Coconut,Tamil Nadu,Madurai,Madurai Wholesale,2986.0,2449.0,3349.0,2323.0,INR/Quintal
2016-04-25,Pulses,Maharashtra,Pune,Pune Wholesale,6025.0,4941.0,6756.0,7890.0,INR/Quintal
2019-08-14,Rice,Chhattisgarh,Raipur,Raipur Wholesale,3041.0,2494.0,3410.0,1102.0,INR/Quintal
2020-12-01,Rice,Telangana,Hyderabad,Hyderabad Wholesale,2976.0,2441.0,3337.0,1644.0,INR/Quintal
2022-08-28,Coconut,Karnataka,Bangalore,Bangalore Wholesale,3513.0,2881.0,3939.0,2610.0,INR/Quintal
2019-05-21,Coconut,Karnataka,Belgaum,Belgaum Wholesale,1637.0,1342.0,1836.0,1891.0,INR/Quintal
2021-08-05,Pulses,Rajasthan,Jaipur,Jaipur Wholesale,5724.0,4694.0,6419.0,1555.0,INR/Quintal
2015-12-07,Wheat,Haryana,Hisar,Hisar Wholesale,2387.0,1958.0,2677.0,1681.0,INR/Quintal
2022-09-18,Maize,Bihar,Purnia,Purnia Wholesale,2207.0,1810.0,2475.0,2176.0,INR/Quintal
2020-07-03,Apple,Jammu and Kashmir,Srinagar,Srinagar Wholesale,9070.0,7438.0,10171.0,1092.0,INR/Quintal
2022-09-09,Tea,West Bengal,Howrah,Howrah Wholesale,8717.0,7149.0,9775.0,1835.0,INR/Quintal
2023-04-05,Wheat,Madhya Pradesh,Bhopal,Bhopal Wholesale,2405.0,1972.0,2697.0,2240.0,INR/Quintal
2021-11-01,Pulses,Maharashtra,Mumbai,Mumbai Wholesale,7000.0,5741.0,7850.0,1773.0,INR/Quintal
2020-02-10,Rice,Andhra Pradesh,Chittoor,Chittoor Wholesale,2023.0,1659.0,2269.0,3007.0,INR/Quintal
2017-04-14,Wheat,Madhya Pradesh,Bhopal,Bhopal Wholesale,2374.0,1947.0,2662.0,2764.0,INR/Quintal
2018-04-18,Oilseeds,Madhya Pradesh,Bhopal,Bhopal Wholesale,2279.0,1869.0,2556.0,1627.0,INR/Quintal
2019-09-22,Coffee,Kerala,Ernakulam,Ernakulam Wholesale,18299.0,15007.0,20521.0,2253.0,INR/Quintal
2024-07-10,Rice,Assam,Dibrugarh,Dibrugarh Wholesale,3644.0,2988.0,4086.0,2510.0,INR/Quintal
2019-08-17,Apple,Jammu and Kashmir,Srinagar,Srinagar Wholesale,5503.0,4513.0,6171.0,507.0,INR/Quintal
2023-12-12,Sugarcane,Tamil Nadu,Chennai,Chennai Wholesale,376.0,308.0,422.0,1032.0,INR/Quintal
2024-09-07,Pulses,Madhya Pradesh,Bhopal,Bhopal Wholesale,3916.0,3211.0,4391.0,280.0,INR/Quintal
2015-11-07,Cotton,Telangana,Nizamabad,Nizamabad Wholesale,6676.0,5475.0,7486.0,2437.0,INR/Quintal
2015-09-19,Potato,Punjab,Amritsar,Amritsar Wholesale,1584.0,1299.0,1776.0,1524.0,INR/Quintal
2018-12-13,Cotton,Maharashtra,Nagpur,Nagpur Wholesale,4709.0,3862.0,5281.0,724.0,INR/Quintal
2016-02-10,Wheat,Rajasthan,Udaipur,Udaipur Wholesale,1601.0,1313.0,1795.0,1866.0,INR/Quintal
2020-12-30,Rice,Andhra Pradesh,Krishna,Krishna Wholesale,3001.0,2461.0,3365.0,5795.0,INR/Quintal
2015-12-08,Potato,Bihar,Patna,Patna Wholesale,1715.0,1406.0,1923.0,3605.0,INR/Quintal
2018-09-01,Potato,Uttar Pradesh,Lucknow,Lucknow Wholesale,742.0,608.0,832.0,4578.0,INR/Quintal
2023-09-08,Tea,Assam,Dibrugarh,Dibrugarh Wholesale,9939.0,8151.0,11146.0,645.0,INR/Quintal
2015-09-01,Cotton,Maharashtra,Nashik,Nashik Wholesale,6340.0,5199.0,7110.0,755.0,INR/Quintal
2016-05-04,Coconut,Kerala,Thrissur,Thrissur Wholesale,2112.0,1732.0,2368.0,508.0,INR/Quintal
2015-01-12,Rice,Uttar Pradesh,Varanasi,Varanasi Wholesale,2913.0,2389.0,3267.0,8281.0,INR/Quintal
2024-01-24,Tea,West Bengal,Kolkata,Kolkata Wholesale,14951.0,12261.0,16766.0,2341.0,INR/Quintal
2016-07-14,Coconut,Tamil Nadu,Chennai,Chennai Wholesale,2425.0,1989.0,2719.0,2401.0,INR/Quintal
2015-02-11,Maize,Maharashtra,Nashik,Nashik Wholesale,1710.0,1402.0,1918.0,3726.0,INR/Quintal
2022-06-18,Apple,Jammu and Kashmir,Srinagar,Srinagar Wholesale,9335.0,7655.0,10468.0,1515.0,INR/Quintal
2016-08-16,Cotton,Andhra Pradesh,Chittoor,Chittoor Wholesale,5352.0,4389.0,6002.0,1683.0,INR/Quintal
2018-12-23,Coffee,Kerala,Thrissur,Thrissur Wholesale,11726.0,9616.0,13150.0,2328.0,INR/Quintal
2020-01-01,Coffee,Karnataka,Bangalore,Bangalore Wholesale,15078.0,12365.0,16908.0,6300.0,INR/Quintal
2023-11-04,Apple,Jammu and Kashmir,Srinagar,Srinagar Wholesale,9007.0,7386.0,10100.0,849.0,INR/Quintal
2024-01-01,Coconut,Andhra Pradesh,Krishna,Krishna Wholesale,2535.0,2079.0,2843.0,4113.0,INR/Quintal
2019-08-21,Tea,Assam,Tinsukia,Tinsukia Wholesale,9568.0,7846.0,10730.0,1635.0,INR/Quintal
2024-09-03,Apple,Himachal Pradesh,Mandi,Mandi Wholesale,7993.0,6555.0,8963.0,1440.0,INR/Quintal
2015-05-14,Maize,Andhra Pradesh,Visakhapatnam,Visakhapatnam Wholesale,1333.0,1093.0,1495.0,2347.0,INR/Quintal
2023-08-05,Oilseeds,Rajasthan,Udaipur,Udaipur Wholesale,2500.0,2050.0,2804.0,656.0,INR/Quintal
2025-09-24,Oilseeds,Madhya Pradesh,Bhopal,Bhopal Wholesale,3694.0,3029.0,4142.0,2180.0,INR/Quintal
2023-06-06,Coffee,Kerala,Ernakulam,Ernakulam Wholesale,18922.0,15518.0,21219.0,1896.0,INR/Quintal
2017-08-05,Sugarcane,Karnataka,Hubli,Hubli Wholesale,431.0,353.0,483.0,3755.0,INR/Quintal
2024-11-06,Pulses,Uttar Pradesh,Varanasi,Varanasi Wholesale,6959.0,5707.0,7804.0,4333.0,INR/Quintal
2015-03-14,Apple,Himachal Pradesh,Mandi,Mandi Wholesale,8397.0,6886.0,9416.0,1976.0,INR/Quintal
2016-02-03,Pulses,Rajasthan,Jodhpur,Jodhpur Wholesale,4363.0,3578.0,4893.0,721.0,INR/Quintal
2018-11-29,Sugarcane,Karnataka,Mysore,Mysore Wholesale,448.0,367.0,502.0,3541.0,INR/Quintal
2025-04-04,Tea,West Bengal,Kolkata,Kolkata Wholesale,8965.0,7352.0,10053.0,4971.0,INR/Quintal
2022-03-10,Apple,Himachal Pradesh,Shimla,Shimla Wholesale,4376.0,3589.0,4907.0,2197.0,INR/Quintal
2022-12-16,Pulses,Madhya Pradesh,Bhopal,Bhopal Wholesale,4083.0,3348.0,4579.0,1364.0,INR/Quintal
2015-05-10,Pulses,Uttar Pradesh,Lucknow,Lucknow Wholesale,4346.0,3564.0,4874.0,8212.0,INR/Quintal
2023-02-26,Cotton,Andhra Pradesh,Chittoor,Chittoor Wholesale,5746.0,4712.0,6444.0,2944.0,INR/Quintal
2024-09-07,Cotton,Andhra Pradesh,Chittoor,Chittoor Wholesale,6173.0,5062.0,6922.0,995.0,INR/Quintal
2023-12-22,Sugarcane,Karnataka,Hubli,Hubli Wholesale,493.0,404.0,553.0,5437.0,INR/Quintal
2019-12-17,Rice,Andhra Pradesh,Guntur,Guntur Wholesale,1923.0,1577.0,2156.0,4630.0,INR/Quintal
2020-06-24,Apple,Jammu and Kashmir,Srinagar,Srinagar Wholesale,6655.0,5458.0,7463.0,947.0,INR/Quintal
2025-07-06,Maize,Karnataka,Hubli,Hubli Wholesale,2096.0,1719.0,2350.0,4405.0,INR/Quintal
2015-09-23,Tea,Kerala,Thrissur,Thrissur Wholesale,6021.0,4938.0,6752.0,510.0,INR/Quintal
2019-04-10,Cotton,Maharashtra,Mumbai,Mumbai Wholesale,4729.0,3878.0,5303.0,1465.0,INR/Quintal
2020-06-08,Cotton,Maharashtra,Nagpur,Nagpur Wholesale,5415.0,4441.0,6072.0,4642.0,INR/Quintal
2017-03-03,Oilseeds,Rajasthan,Udaipur,Udaipur Wholesale,2303.0,1889.0,2583.0,1184.0,INR/Quintal
2021-04-19,Apple,Jammu and Kashmir,Srinagar,Srinagar Wholesale,7190.0,5896.0,8063.0,2332.0,INR/Quintal
2022-11-09,Maize,Bihar,Gaya,Gaya Wholesale,2415.0,1980.0,2708.0,3639.0,INR/Quintal
2018-08-05,Apple,Jammu and Kashmir,Srinagar,Srinagar Wholesale,5122.0,4200.0,5744.0,556.0,INR/Quintal
2015-06-13,Oilseeds,Madhya Pradesh,Bhopal,Bhopal Wholesale,3161.0,2592.0,3545.0,3600.0,INR/Quintal
2015-04-05,Rice,Tamil Nadu,Coimbatore,Coimbatore Wholesale,2632.0,2158.0,2952.0,960.0,INR/Quintal
2019-12-11,Maize,Andhra Pradesh,Chittoor,Chittoor Wholesale,1593.0,1306.0,1786.0,3563.0,INR/Quintal
2022-11-20,Pulses,Madhya Pradesh,Bhopal,Bhopal Wholesale,4063.0,3332.0,4556.0,3203.0,INR/Quintal
2018-02-07,Oilseeds,Maharashtra,Nashik,Nashik Wholesale,3819.0,3132.0,4283.0,7123.0,INR/Quintal
2021-07-11,Coffee,Karnataka,Hubli,Hubli Wholesale,20449.0,16770.0,22932.0,1966.0,INR/Quintal
2017-04-01,Tea,Assam,Dibrugarh,Dibrugarh Wholesale,11656.0,9559.0,13071.0,1333.0,INR/Quintal
2015-08-26,Pulses,Rajasthan,Jaipur,Jaipur Wholesale,5142.0,4217.0,5766.0,750.0,INR/Quintal
2021-08-25,Maize,Andhra Pradesh,Guntur,Guntur Wholesale,1483.0,1216.0,1663.0,2501.0,INR/Quintal
2024-08-08,Coffee,Karnataka,Bangalore,Bangalore Wholesale,18354.0,15052.0,20582.0,2594.0,INR/Quintal
2023-01-25,Rice,Andhra Pradesh,Visakhapatnam,Visakhapatnam Wholesale,1832.0,1502.0,2054.0,894.0,INR/Quintal
2021-12-05,Coffee,Kerala,Thrissur,Thrissur Wholesale,20189.0,16557.0,22640.0,1889.0,INR/Quintal
2020-05-14,Cotton,Telangana,Hyderabad,Hyderabad Wholesale,7611.0,6242.0,8535.0,4385.0,INR/Quintal
2023-01-28,Sugarcane,Tamil Nadu,Madurai,Madurai Wholesale,424.0,348.0,475.0,3162.0,INR/Quintal
2017-11-14,Coffee,Karnataka,Hubli,Hubli Wholesale,10660.0,8742.0,11954.0,1179.0,INR/Quintal
2019-08-04,Potato,Punjab,Patiala,Patiala Wholesale,986.0,809.0,1106.0,5326.0,INR/Quintal
2023-09-24,Coconut,Kerala,Ernakulam,Ernakulam Wholesale,1498.0,1228.0,1680.0,951.0,INR/Quintal
2021-12-04,Rice,Assam,Tinsukia,Tinsukia Wholesale,1941.0,1592.0,2177.0,3274.0,INR/Quintal
2024-06-25,Coconut,Andhra Pradesh,Chittoor,Chittoor Wholesale,2637.0,2163.0,2957.0,1646.0,INR/Quintal
2023-02-12,Pulses,Uttar Pradesh,Varanasi,Varanasi Wholesale,7342.0,6021.0,8233.0,4543.0,INR/Quintal
2023-04-30,Apple,Himachal Pradesh,Kangra,Kangra Wholesale,6816.0,5590.0,7643.0,1705.0,INR/Quintal
2017-08-21,Oilseeds,Rajasthan,Jaipur,Jaipur Wholesale,2820.0,2313.0,3162.0,1426.0,INR/Quintal
2016-06-20,Wheat,Rajasthan,Jodhpur,Jodhpur Wholesale,1717.0,1408.0,1925.0,1977.0,INR/Quintal
2023-08-17,Rice,Assam,Kamrup,Kamrup Wholesale,1669.0,1369.0,1872.0,895.0,INR/Quintal
2019-05-23,Potato,Punjab,Patiala,Patiala Wholesale,884.0,725.0,991.0,4867.0,INR/Quintal
2023-11-19,Cotton,Andhra Pradesh,Chittoor,Chittoor Wholesale,7796.0,6393.0,8742.0,2721.0,INR/Quintal
2020-06-02,Oilseeds,Madhya Pradesh,Bhopal,Bhopal Wholesale,2511.0,2059.0,2816.0,1151.0,INR/Quintal
2023-06-11,Tea,West Bengal,Darjeeling,Darjeeling Wholesale,22281.0,18272.0,24986.0,5442.0,INR/Quintal
2025-08-07,Apple,Jammu and Kashmir,Srinagar,Srinagar Wholesale,7297.0,5984.0,8183.0,1301.0,INR/Quintal
2015-05-08,Apple,Jammu and Kashmir,Srinagar,Srinagar Wholesale,5721.0,4692.0,6416.0,2067.0,INR/Quintal
2025-01-27,Wheat,Haryana,Faridabad,Faridabad Wholesale,2415.0,1980.0,2708.0,5772.0,INR/Quintal
2015-04-02,Coffee,Tamil Nadu,Madurai,Madurai Wholesale,15469.0,12686.0,17347.0,1690.0,INR/Quintal
2025-03-13,Coconut,Kerala,Thrissur,Thrissur Wholesale,2526.0,2072.0,2833.0,3179.0,INR/Quintal
2016-06-26,Potato,Uttar Pradesh,Varanasi,Varanasi Wholesale,1023.0,839.0,1147.0,6295.0,INR/Quintal
2017-04-25,Apple,Jammu and Kashmir,Srinagar,Srinagar Wholesale,4585.0,3760.0,5142.0,340.0,INR/Quintal
2024-11-12,Coffee,Kerala,Ernakulam,Ernakulam Wholesale,24267.0,19901.0,27213.0,1857.0,INR/Quintal
2019-08-09,Tea,Kerala,Thrissur,Thrissur Wholesale,7973.0,6538.0,8941.0,1352.0,INR/Quintal
2023-04-25,Rice,Uttar Pradesh,Kanpur,Kanpur Wholesale,2322.0,1904.0,2604.0,2749.0,INR/Quintal
2020-01-26,Sugarcane,Uttar Pradesh,Lucknow,Lucknow Wholesale,405.0,332.0,454.0,3799.0,INR/Quintal
2021-10-30,Potato,Bihar,Patna,Patna Wholesale,743.0,609.0,833.0,3646.0,INR/Quintal
2016-01-25,Maize,Telangana,Hyderabad,Hyderabad Wholesale,1428.0,1171.0,1601.0,3886.0,INR/Quintal
2022-06-12,Pulses,Madhya Pradesh,Bhopal,Bhopal Wholesale,4318.0,3541.0,4842.0,1478.0,INR/Quintal
2020-02-28,Maize,Maharashtra,Pune,Pune Wholesale,2178.0,1786.0,2442.0,5280.0,INR/Quintal
2015-02-12,Sugarcane,Tamil Nadu,Madurai,Madurai Wholesale,361.0,296.0,405.0,2231.0,INR/Quintal
2015-09-11,Tea,Kerala,Thrissur,Thrissur Wholesale,11538.0,9462.0,12939.0,1819.0,INR/Quintal
2023-10-07,Maize,Telangana,Nizamabad,Nizamabad Wholesale,2367.0,1941.0,2654.0,3020.0,INR/Quintal
2017-12-19,Cotton,Maharashtra,Pune,Pune Wholesale,4851.0,3978.0,5440.0,3908.0,INR/Quintal
2022-06-03,Potato,Punjab,Patiala,Patiala Wholesale,1627.0,1334.0,1825.0,5700.0,INR/Quintal
2021-11-19,Cotton,Andhra Pradesh,Krishna,Krishna Wholesale,7350.0,6028.0,8242.0,2591.0,INR/Quintal
2021-05-23,Wheat,Madhya Pradesh,Bhopal,Bhopal Wholesale,2517.0,2064.0,2823.0,2630.0,INR/Quintal
2023-05-17,Sugarcane,Uttar Pradesh,Kanpur,Kanpur Wholesale,484.0,397.0,543.0,6258.0,INR/Quintal
2019-03-21,Wheat,Madhya Pradesh,Bhopal,Bhopal Wholesale,2508.0,2057.0,2812.0,4322.0,INR/Quintal
2024-09-08,Wheat,Uttar Pradesh,Kanpur,Kanpur Wholesale,1977.0,1621.0,2217.0,3641.0,INR/Quintal
2020-05-07,Wheat,Bihar,Gaya,Gaya Wholesale,2566.0,2104.0,2878.0,5634.0,INR/Quintal
2022-09-26,Apple,Jammu and Kashmir,Srinagar,Srinagar Wholesale,5280.0,4330.0,5921.0,1173.0,INR/Quintal
2021-07-20,Rice,Punjab,Ludhiana,Ludhiana Wholesale,2530.0,2075.0,2837.0,5096.0,INR/Quintal
2016-10-03,Apple,Jammu and Kashmir,Srinagar,Srinagar Wholesale,4338.0,3557.0,4865.0,1274.0,INR/Quintal
2021-08-26,Rice,Chhattisgarh,Raipur,Raipur Wholesale,3160.0,2591.0,3544.0,915.0,INR/Quintal
2025-07-17,Sugarcane,Uttar Pradesh,Lucknow,Lucknow Wholesale,484.0,397.0,543.0,3116.0,INR/Quintal
2016-11-20,Coconut,Andhra Pradesh,Guntur,Guntur Wholesale,2354.0,1930.0,2640.0,3101.0,INR/Quintal
2018-06-30,Oilseeds,Gujarat,Vadodara,Vadodara Wholesale,4777.0,3918.0,5357.0,3097.0,INR/Quintal
2020-05-04,Apple,Jammu and Kashmir,Srinagar,Srinagar Wholesale,8598.0,7051.0,9642.0,1984.0,INR/Quintal
2017-12-15,Maize,Telangana,Warangal,Warangal Wholesale,2048.0,1680.0,2297.0,560.0,INR/Quintal
2019-01-26,Rice,Chhattisgarh,Raipur,Raipur Wholesale,1453.0,1192.0,1629.0,1160.0,INR/Quintal
2016-04-01,Apple,Himachal Pradesh,Shimla,Shimla Wholesale,8240.0,6757.0,9240.0,2814.0,INR/Quintal
2017-09-09,Coffee,Karnataka,Belgaum,Belgaum Wholesale,17983.0,14747.0,20166.0,590.0,INR/Quintal
2020-10-31,Cotton,Andhra Pradesh,Chittoor,Chittoor Wholesale,6703.0,5497.0,7517.0,1351.0,INR/Quintal
2018-01-27,Apple,Jammu and Kashmir,Srinagar,Srinagar Wholesale,8291.0,6799.0,9298.0,957.0,INR/Quintal
2015-05-29,Rice,Odisha,Bhubaneswar,Bhubaneswar Wholesale,1498.0,1228.0,1680.0,4014.0,INR/Quintal
2018-09-14,Tea,Kerala,Thrissur,Thrissur Wholesale,7255.0,5950.0,8136.0,1692.0,INR/Quintal
2018-03-25,Wheat,Haryana,Hisar,Hisar Wholesale,2194.0,1799.0,2460.0,8728.0,INR/Quintal
2015-07-09,Rice,Bihar,Muzaffarpur,Muzaffarpur Wholesale,2502.0,2052.0,2806.0,1297.0,INR/Quintal
2024-10-05,Coconut,Tamil Nadu,Coimbatore,Coimbatore Wholesale,2406.0,1973.0,2698.0,3603.0,INR/Quintal
2017-06-01,Sugarcane,Tamil Nadu,Chennai,Chennai Wholesale,419.0,344.0,470.0,1950.0,INR/Quintal
2021-04-29,Cotton,Telangana,Hyderabad,Hyderabad Wholesale,6322.0,5185.0,7089.0,1819.0,INR/Quintal
2023-08-18,Cotton,Andhra Pradesh,Visakhapatnam,Visakhapatnam Wholesale,7231.0,5930.0,8109.0,2436.0,INR/Quintal
2016-02-04,Oilseeds,Madhya Pradesh,Bhopal,Bhopal Wholesale,4601.0,3773.0,5160.0,827.0,INR/Quintal
2022-09-12,Apple,Himachal Pradesh,Shimla,Shimla Wholesale,5194.0,4259.0,5825.0,780.0,INR/Quintal
2016-08-31,Pulses,Madhya Pradesh,Bhopal,Bhopal Wholesale,5239.0,4296.0,5875.0,1244.0,INR/Quintal
2024-02-14,Apple,Himachal Pradesh,Mandi,Mandi Wholesale,9691.0,7947.0,10867.0,769.0,INR/Quintal
2019-12-01,Pulses,Uttar Pradesh,Lucknow,Lucknow Wholesale,4862.0,3987.0,5452.0,6560.0,INR/Quintal
2019-06-27,Maize,Andhra Pradesh,Visakhapatnam,Visakhapatnam Wholesale,1706.0,1399.0,1913.0,2684.0,INR/Quintal
2019-04-25,Coffee,Karnataka,Hubli,Hubli Wholesale,10056.0,8247.0,11277.0,6816.0,INR/Quintal
2022-10-03,Potato,West Bengal,Darjeeling,Darjeeling Wholesale,2052.0,1683.0,2301.0,3704.0,INR/Quintal
2020-11-18,Sugarcane,Maharashtra,Nagpur,Nagpur Wholesale,402.0,330.0,451.0,1521.0,INR/Quintal
2018-10-14,Tea,Assam,Cachar,Cachar Wholesale,9345.0,7664.0,10479.0,1642.0,INR/Quintal
2018-11-04,Rice,West Bengal,Kolkata,Kolkata Wholesale,1822.0,1494.0,2043.0,3000.0,INR/Quintal
2017-03-30,Sugarcane,Karnataka,Hubli,Hubli Wholesale,397.0,326.0,445.0,5985.0,INR/Quintal
2024-01-06,Coffee,Tamil Nadu,Coimbatore,Coimbatore Wholesale,19823.0,16256.0,22230.0,5674.0,INR/Quintal
2017-03-30,Pulses,Madhya Pradesh,Bhopal,Bhopal Wholesale,5635.0,4621.0,6319.0,3440.0,INR/Quintal
2016-02-24,Sugarcane,Tamil Nadu,Coimbatore,Coimbatore Wholesale,370.0,303.0,415.0,912.0,INR/Quintal
2015-05-04,Coconut,Andhra Pradesh,Krishna,Krishna Wholesale,2326.0,1907.0,2608.0,3679.0,INR/Quintal
2016-02-26,Rice,Telangana,Hyderabad,Hyderabad Wholesale,2515.0,2062.0,2820.0,5081.0,INR/Quintal
2024-01-16,Oilseeds,Gujarat,Ahmedabad,Ahmedabad Wholesale,3671.0,3011.0,4117.0,5124.0,INR/Quintal
2025-04-19,Maize,Karnataka,Mysore,Mysore Wholesale,1686.0,1383.0,1891.0,6119.0,INR/Quintal
2023-08-01,Oilseeds,Rajasthan,Udaipur,Udaipur Wholesale,5808.0,4763.0,6513.0,1831.0,INR/Quintal
2019-02-17,Pulses,Uttar Pradesh,Kanpur,Kanpur Wholesale,5635.0,4621.0,6319.0,1319.0,INR/Quintal
2025-02-16,Wheat,Madhya Pradesh,Bhopal,Bhopal Wholesale,2793.0,2290.0,3132.0,4894.0,INR/Quintal
2025-05-02,Apple,Himachal Pradesh,Kangra,Kangra Wholesale,4711.0,3863.0,5283.0,2663.0,INR/Quintal
2019-05-17,Pulses,Madhya Pradesh,Bhopal,Bhopal Wholesale,6108.0,5009.0,6850.0,984.0,INR/Quintal
2017-02-06,Maize,Bihar,Muzaffarpur,Muzaffarpur Wholesale,1872.0,1535.0,2099.0,1269.0,INR/Quintal
2020-08-06,Rice,Tamil Nadu,Chennai,Chennai Wholesale,3100.0,2542.0,3476.0,2382.0,INR/Quintal
2021-12-05,Coconut,Andhra Pradesh,Chittoor,Chittoor Wholesale,3480.0,2854.0,3902.0,4688.0,INR/Quintal
2022-01-10,Coffee,Tamil Nadu,Chennai,Chennai Wholesale,22398.0,18368.0,25117.0,2808.0,INR/Quintal
2021-01-11,Potato,Punjab,Patiala,Patiala Wholesale,2105.0,1726.0,2361.0,1921.0,INR/Quintal
2020-11-09,Oilseeds,Gujarat,Vadodara,Vadodara Wholesale,2338.0,1917.0,2622.0,2853.0,INR/Quintal
2023-04-18,Pulses,Maharashtra,Nagpur,Nagpur Wholesale,7015.0,5753.0,7867.0,3307.0,INR/Quintal
2019-03-30,Coffee,Karnataka,Belgaum,Belgaum Wholesale,10966.0,8993.0,12297.0,2979.0,INR/Quintal
2021-11-07,Coconut,Karnataka,Belgaum,Belgaum Wholesale,3189.0,2615.0,3576.0,3181.0,INR/Quintal
2019-10-31,Oilseeds,Rajasthan,Jodhpur,Jodhpur Wholesale,3181.0,2609.0,3567.0,2324.0,INR/Quintal
2020-08-06,Pulses,Rajasthan,Jaipur,Jaipur Wholesale,5555.0,4556.0,6229.0,1561.0,INR/Quintal
2022-03-30,Maize,Andhra Pradesh,Krishna,Krishna Wholesale,1498.0,1228.0,1680.0,5607.0,INR/Quintal
2025-03-05,Oilseeds,Maharashtra,Pune,Pune Wholesale,5608.0,4599.0,6289.0,5864.0,INR/Quintal
2016-05-24,Pulses,Rajasthan,Udaipur,Udaipur Wholesale,3435.0,2817.0,3852.0,2399.0,INR/Quintal
2018-04-21,Rice,Odisha,Bhubaneswar,Bhubaneswar Wholesale,1985.0,1628.0,2226.0,2152.0,INR/Quintal
2016-01-21,Coconut,Andhra Pradesh,Chittoor,Chittoor Wholesale,2714.0,2226.0,3043.0,3036.0,INR/Quintal
2019-05-17,Maize,Karnataka,Mysore,Mysore Wholesale,2123.0,1741.0,2381.0,2430.0,INR/Quintal
2025-05-30,Coffee,Kerala,Ernakulam,Ernakulam Wholesale,10494.0,8606.0,11768.0,4258.0,INR/Quintal
2021-09-18,Coffee,Karnataka,Bangalore,Bangalore Wholesale,16662.0,13664.0,18685.0,3249.0,INR/Quintal
2021-04-12,Potato,Uttar Pradesh,Varanasi,Varanasi Wholesale,664.0,545.0,745.0,5871.0,INR/Quintal
2017-01-11,Sugarcane,Karnataka,Hubli,Hubli Wholesale,425.0,349.0,477.0,5825.0,INR/Quintal
2025-01-10,Wheat,Madhya Pradesh,Bhopal,Bhopal Wholesale,3210.0,2632.0,3600.0,4130.0,INR/Quintal
2022-06-01,Rice,Uttar Pradesh,Lucknow,Lucknow Wholesale,2796.0,2293.0,3135.0,7012.0,INR/Quintal
2022-05-21,Maize,Andhra Pradesh,Visakhapatnam,Visakhapatnam Wholesale,1723.0,1413.0,1932.0,2067.0,INR/Quintal
2024-09-12,Oilseeds,Rajasthan,Jodhpur,Jodhpur Wholesale,3893.0,3193.0,4366.0,1827.0,INR/Quintal
2025-09-02,Coffee,Karnataka,Mysore,Mysore Wholesale,28199.0,23125.0,31622.0,2496.0,INR/Quintal
2020-03-26,Apple,Jammu and Kashmir,Srinagar,Srinagar Wholesale,4738.0,3886.0,5313.0,1977.0,INR/Quintal
2018-12-17,Coconut,Andhra Pradesh,Visakhapatnam,Visakhapatnam Wholesale,2314.0,1898.0,2595.0,2022.0,INR/Quintal
2017-06-19,Rice,Assam,Tinsukia,Tinsukia Wholesale,1909.0,1566.0,2141.0,2901.0,INR/Quintal
2020-10-13,Maize,Telangana,Warangal,Warangal Wholesale,2264.0,1857.0,2539.0,1562.0,INR/Quintal
2023-06-12,Maize,Madhya Pradesh,Bhopal,Bhopal Wholesale,2564.0,2103.0,2875.0,3403.0,INR/Quintal
2021-03-10,Oilseeds,Maharashtra,Nashik,Nashik Wholesale,3567.0,2925.0,4000.0,6894.0,INR/Quintal
2020-07-02,Maize,Karnataka,Hubli,Hubli Wholesale,2139.0,1754.0,2399.0,1357.0,INR/Quintal
2015-08-30,Tea,Kerala,Kozhikode,Kozhikode Wholesale,9441.0,7742.0,10587.0,786.0,INR/Quintal
2021-12-15,Rice,Odisha,Bhubaneswar,Bhubaneswar Wholesale,1837.0,1506.0,2060.0,3357.0,INR/Quintal
2023-12-29,Pulses,Rajasthan,Udaipur,Udaipur Wholesale,4732.0,3881.0,5306.0,2084.0,INR/Quintal
2025-04-22,Coffee,Karnataka,Hubli,Hubli Wholesale,20683.0,16962.0,23194.0,4168.0,INR/Quintal
2021-07-13,Coffee,Kerala,Kozhikode,Kozhikode Wholesale,11621.0,9530.0,13032.0,2643.0,INR/Quintal
2020-07-13,Pulses,Uttar Pradesh,Varanasi,Varanasi Wholesale,6247.0,5123.0,7005.0,5543.0,INR/Quintal
2015-06-22,Rice,Tamil Nadu,Madurai,Madurai Wholesale,1138.0,933.0,1276.0,1733.0,INR/Quintal
2016-11-02,Wheat,Rajasthan,Jodhpur,Jodhpur Wholesale,1642.0,1347.0,1841.0,1785.0,INR/Quintal
2015-06-13,Apple,Himachal Pradesh,Shimla,Shimla Wholesale,5182.0,4250.0,5811.0,2115.0,INR/Quintal
2016-04-09,Rice,Odisha,Bhubaneswar,Bhubaneswar Wholesale,1273.0,1044.0,1428.0,5020.0,INR/Quintal
2023-05-01,Cotton,Maharashtra,Mumbai,Mumbai Wholesale,6730.0,5519.0,7547.0,2681.0,INR/Quintal
2016-05-11,Maize,Bihar,Muzaffarpur,Muzaffarpur Wholesale,1648.0,1351.0,1848.0,1114.0,INR/Quintal
2016-11-30,Sugarcane,Karnataka,Mysore,Mysore Wholesale,421.0,345.0,472.0,1447.0,INR/Quintal
2021-09-08,Oilseeds,Rajasthan,Jaipur,Jaipur Wholesale,5734.0,4702.0,6430.0,2330.0,INR/Quintal
2016-12-03,Tea,Kerala,Kozhikode,Kozhikode Wholesale,11620.0,9529.0,13031.0,2065.0,INR/Quintal
2020-04-24,Sugarcane,Maharashtra,Mumbai,Mumbai Wholesale,376.0,308.0,422.0,3904.0,INR/Quintal
2021-06-13,Pulses,Maharashtra,Mumbai,Mumbai Wholesale,6852.0,5619.0,7684.0,727.0,INR/Quintal
2019-11-27,Oilseeds,Rajasthan,Jaipur,Jaipur Wholesale,3558.0,2918.0,3990.0,434.0,INR/Quintal
2015-07-02,Oilseeds,Maharashtra,Nagpur,Nagpur Wholesale,3423.0,2807.0,3839.0,3878.0,INR/Quintal
2016-09-20,Apple,Himachal Pradesh,Mandi,Mandi Wholesale,5787.0,4746.0,6490.0,1104.0,INR/Quintal
2025-08-01,Oilseeds,Gujarat,Ahmedabad,Ahmedabad Wholesale,3694.0,3029.0,4142.0,2745.0,INR/Quintal
2022-01-01,Coffee,Kerala,Ernakulam,Ernakulam Wholesale,22676.0,18596.0,25429.0,917.0,INR/Quintal
2019-09-28,Tea,West Bengal,Kolkata,Kolkata Wholesale,11185.0,9173.0,12543.0,1605.0,INR/Quintal
2016-06-29,Coffee,Tamil Nadu,Chennai,Chennai Wholesale,14622.0,11991.0,16397.0,4571.0,INR/Quintal
2019-05-07,Maize,Karnataka,Hubli,Hubli Wholesale,1613.0,1323.0,1809.0,1628.0,INR/Quintal
2016-09-15,Cotton,Gujarat,Vadodara,Vadodara Wholesale,6584.0,5399.0,7383.0,3757.0,INR/Quintal
2025-07-02,Potato,Uttar Pradesh,Varanasi,Varanasi Wholesale,2160.0,1771.0,2422.0,1334.0,INR/Quintal
2016-08-16,Apple,Jammu and Kashmir,Srinagar,Srinagar Wholesale,4616.0,3785.0,5176.0,373.0,INR/Quintal
2017-01-13,Tea,Assam,Dibrugarh,Dibrugarh Wholesale,12524.0,10271.0,14044.0,2438.0,INR/Quintal
2024-01-12,Sugarcane,Karnataka,Hubli,Hubli Wholesale,515.0,422.0,578.0,6014.0,INR/Quintal
2019-11-04,Coconut,Tamil Nadu,Coimbatore,Coimbatore Wholesale,2380.0,1952.0,2669.0,1854.0,INR/Quintal
2025-06-01,Maize,Karnataka,Mysore,Mysore Wholesale,2341.0,1920.0,2625.0,3808.0,INR/Quintal
2018-12-30,Rice,Telangana,Nizamabad,Nizamabad Wholesale,2342.0,1921.0,2626.0,2834.0,INR/Quintal
2020-05-02,Pulses,Maharashtra,Nagpur,Nagpur Wholesale,3732.0,3061.0,4185.0,1754.0,INR/Quintal
2024-07-25,Cotton,Telangana,Nizamabad,Nizamabad Wholesale,7634.0,6260.0,8561.0,1237.0,INR/Quintal
2022-02-14,Maize,Madhya Pradesh,Bhopal,Bhopal Wholesale,2020.0,1657.0,2265.0,4722.0,INR/Quintal
2020-08-30,Rice,Bihar,Purnia,Purnia Wholesale,2158.0,1770.0,2420.0,986.0,INR/Quintal
2022-02-14,Cotton,Andhra Pradesh,Visakhapatnam,Visakhapatnam Wholesale,7962.0,6529.0,8929.0,5484.0,INR/Quintal
2021-09-10,Rice,Punjab,Amritsar,Amritsar Wholesale,1235.0,1013.0,1385.0,5083.0,INR/Quintal
2022-04-26,Tea,Kerala,Ernakulam,Ernakulam Wholesale,8182.0,6710.0,9175.0,1046.0,INR/Quintal
2015-04-15,Apple,Himachal Pradesh,Shimla,Shimla Wholesale,3968.0,3254.0,4450.0,1446.0,INR/Quintal
2021-02-17,Coconut,Karnataka,Bangalore,Bangalore Wholesale,1263.0,1036.0,1416.0,2089.0,INR/Quintal
2015-01-17,Rice,Odisha,Bhubaneswar,Bhubaneswar Wholesale,1551.0,1272.0,1739.0,1549.0,INR/Quintal
2023-09-27,Cotton,Maharashtra,Pune,Pune Wholesale,8637.0,7083.0,9686.0,942.0,INR/Quintal
2016-01-28,Rice,Punjab,Ludhiana,Ludhiana Wholesale,1587.0,1301.0,1780.0,5905.0,INR/Quintal
2016-02-29,Coconut,Karnataka,Belgaum,Belgaum Wholesale,2397.0,1966.0,2688.0,5347.0,INR/Quintal
2020-12-16,Sugarcane,Tamil Nadu,Coimbatore,Coimbatore Wholesale,365.0,299.0,409.0,3900.0,INR/Quintal
2023-10-07,Maize,Andhra Pradesh,Chittoor,Chittoor Wholesale,2234.0,1832.0,2505.0,4140.0,INR/Quintal
2016-07-25,Cotton,Maharashtra,Pune,Pune Wholesale,7162.0,5873.0,8031.0,1277.0,INR/Quintal
2024-12-10,Sugarcane,Maharashtra,Pune,Pune Wholesale,437.0,358.0,490.0,2521.0,INR/Quintal
2020-09-07,Rice,West Bengal,Howrah,Howrah Wholesale,3101.0,2543.0,3477.0,1579.0,INR/Quintal
2018-01-25,Rice,Chhattisgarh,Raipur,Raipur Wholesale,3265.0,2678.0,3661.0,1243.0,INR/Quintal
2023-06-09,Oilseeds,Madhya Pradesh,Bhopal,Bhopal Wholesale,4669.0,3829.0,5236.0,912.0,INR/Quintal
2015-08-30,Cotton,Maharashtra,Pune,Pune Wholesale,4928.0,4041.0,5526.0,2589.0,INR/Quintal
2025-09-02,Tea,West Bengal,Darjeeling,Darjeeling Wholesale,18307.0,15013.0,20529.0,3276.0,INR/Quintal
2021-03-29,Rice,Andhra Pradesh,Krishna,Krishna Wholesale,3174.0,2603.0,3559.0,7481.0,INR/Quintal
2017-02-27,Pulses,Maharashtra,Nagpur,Nagpur Wholesale,3725.0,3055.0,4177.0,1772.0,INR/Quintal
2024-03-09,Coffee,Tamil Nadu,Madurai,Madurai Wholesale,16204.0,13289.0,18171.0,6012.0,INR/Quintal
2016-12-15,Potato,Uttar Pradesh,Lucknow,Lucknow Wholesale,1008.0,827.0,1130.0,6316.0,INR/Quintal
2017-01-28,Coffee,Kerala,Ernakulam,Ernakulam Wholesale,12084.0,9910.0,13551.0,2070.0,INR/Quintal
2022-10-20,Tea,Assam,Cachar,Cachar Wholesale,16466.0,13503.0,18465.0,589.0,INR/Quintal
2017-02-14,Maize,Karnataka,Bangalore,Bangalore Wholesale,1719.0,1410.0,1928.0,6867.0,INR/Quintal
2022-08-05,Apple,Himachal Pradesh,Kangra,Kangra Wholesale,6250.0,5125.0,7009.0,1277.0,INR/Quintal
2021-02-25,Wheat,Madhya Pradesh,Bhopal,Bhopal Wholesale,2482.0,2035.0,2783.0,4958.0,INR/Quintal
2023-03-12,Pulses,Uttar Pradesh,Varanasi,Varanasi Wholesale,4536.0,3720.0,5087.0,5219.0,INR/Quintal
2015-03-20,Wheat,Haryana,Karnal,Karnal Wholesale,1730.0,1419.0,1940.0,4147.0,INR/Quintal
2023-03-23,Rice,Assam,Tinsukia,Tinsukia Wholesale,2530.0,2075.0,2837.0,1677.0,INR/Quintal
2017-05-05,Coconut,Andhra Pradesh,Guntur,Guntur Wholesale,1928.0,1581.0,2162.0,6798.0,INR/Quintal
2023-11-19,Maize,Andhra Pradesh,Krishna,Krishna Wholesale,1854.0,1520.0,2079.0,1672.0,INR/Quintal
2021-11-19,Sugarcane,Tamil Nadu,Madurai,Madurai Wholesale,364.0,299.0,408.0,567.0,INR/Quintal
2022-03-13,Rice,Assam,Kamrup,Kamrup Wholesale,2470.0,2026.0,2770.0,2918.0,INR/Quintal
2018-12-10,Wheat,Rajasthan,Jaipur,Jaipur Wholesale,2525.0,2071.0,2832.0,1538.0,INR/Quintal
2023-03-07,Rice,Telangana,Nizamabad,Nizamabad Wholesale,3351.0,2748.0,3758.0,1961.0,INR/Quintal
2021-11-01,Potato,Uttar Pradesh,Lucknow,Lucknow Wholesale,1007.0,826.0,1129.0,4279.0,INR/Quintal
2020-11-04,Oilseeds,Gujarat,Surat,Surat Wholesale,4369.0,3583.0,4899.0,2182.0,INR/Quintal
2020-11-18,Potato,Punjab,Patiala,Patiala Wholesale,2051.0,1682.0,2300.0,2945.0,INR/Quintal
2017-10-28,Maize,Bihar,Purnia,Purnia Wholesale,1705.0,1398.0,1912.0,447.0,INR/Quintal
2017-04-24,Coconut,Karnataka,Mysore,Mysore Wholesale,3036.0,2490.0,3405.0,4366.0,INR/Quintal
2023-12-16,Sugarcane,Karnataka,Bangalore,Bangalore Wholesale,540.0,443.0,606.0,1154.0,INR/Quintal
2024-10-16,Potato,West Bengal,Kolkata,Kolkata Wholesale,1031.0,845.0,1156.0,1190.0,INR/Quintal
2015-03-28,Cotton,Gujarat,Ahmedabad,Ahmedabad Wholesale,4777.0,3918.0,5357.0,5814.0,INR/Quintal
2020-09-21,Sugarcane,Tamil Nadu,Madurai,Madurai Wholesale,376.0,308.0,422.0,1470.0,INR/Quintal
2024-06-18,Coconut,Andhra Pradesh,Visakhapatnam,Visakhapatnam Wholesale,1768.0,1450.0,1983.0,1481.0,INR/Quintal
2025-02-09,Wheat,Haryana,Gurgaon,Gurgaon Wholesale,3130.0,2567.0,3510.0,5465.0,INR/Quintal
2024-08-07,Potato,Bihar,Gaya,Gaya Wholesale,2409.0,1976.0,2701.0,1086.0,INR/Quintal
2016-02-12,Oilseeds,Gujarat,Ahmedabad,Ahmedabad Wholesale,2220.0,1821.0,2490.0,2599.0,INR/Quintal
2024-09-24,Sugarcane,Uttar Pradesh,Kanpur,Kanpur Wholesale,494.0,405.0,554.0,3461.0,INR/Quintal
2022-06-04,Rice,Punjab,Ludhiana,Ludhiana Wholesale,2575.0,2112.0,2888.0,5744.0,INR/Quintal
2023-06-16,Oilseeds,Gujarat,Rajkot,Rajkot Wholesale,3933.0,3225.0,4410.0,4594.0,INR/Quintal
2019-07-27,Rice,Tamil Nadu,Chennai,Chennai Wholesale,2535.0,2079.0,2843.0,2497.0,INR/Quintal
2015-05-28,Coconut,Karnataka,Mysore,Mysore Wholesale,2895.0,2374.0,3246.0,3219.0,INR/Quintal
2021-05-13,Potato,Punjab,Ludhiana,Ludhiana Wholesale,891.0,731.0,999.0,6977.0,INR/Quintal
2015-08-20,Pulses,Madhya Pradesh,Bhopal,Bhopal Wholesale,3361.0,2756.0,3769.0,810.0,INR/Quintal
2025-09-02,Pulses,Rajasthan,Jodhpur,Jodhpur Wholesale,4030.0,3305.0,4519.0,581.0,INR/Quintal
2020-05-04,Wheat,Bihar,Muzaffarpur,Muzaffarpur Wholesale,2143.0,1757.0,2403.0,4015.0,INR/Quintal
2016-01-01,Oilseeds,Gujarat,Surat,Surat Wholesale,3103.0,2545.0,3480.0,3233.0,INR/Quintal
2024-01-13,Rice,Punjab,Amritsar,Amritsar Wholesale,2364.0,1939.0,2651.0,6374.0,INR/Quintal
2019-08-02,Tea,Assam,Cachar,Cachar Wholesale,11237.0,9215.0,12601.0,980.0,INR/Quintal
2016-03-11,Oilseeds,Madhya Pradesh,Bhopal,Bhopal Wholesale,4402.0,3610.0,4936.0,2040.0,INR/Quintal
2016-02-03,Cotton,Gujarat,Surat,Surat Wholesale,5332.0,4373.0,5979.0,6856.0,INR/Quintal
2018-05-19,Wheat,Rajasthan,Udaipur,Udaipur Wholesale,1995.0,1636.0,2237.0,1930.0,INR/Quintal
2018-11-15,Coffee,Karnataka,Belgaum,Belgaum Wholesale,21489.0,17623.0,24098.0,2954.0,INR/Quintal
2021-12-21,Coffee,Tamil Nadu,Madurai,Madurai Wholesale,20399.0,16729.0,22875.0,1078.0,INR/Quintal
2022-01-31,Rice,Punjab,Patiala,Patiala Wholesale,1773.0,1454.0,1988.0,2251.0,INR/Quintal
2016-07-16,Pulses,Rajasthan,Jodhpur,Jodhpur Wholesale,4062.0,3331.0,4555.0,394.0,INR/Quintal
2024-10-02,Sugarcane,Uttar Pradesh,Varanasi,Varanasi Wholesale,538.0,441.0,603.0,2675.0,INR/Quintal
2021-10-25,Cotton,Gujarat,Surat,Surat Wholesale,5001.0,4101.0,5608.0,4397.0,INR/Quintal
2018-07-08,Coffee,Tamil Nadu,Coimbatore,Coimbatore Wholesale,12333.0,10114.0,13830.0,4144.0,INR/Quintal
2017-02-11,Rice,Assam,Tinsukia,Tinsukia Wholesale,2011.0,1649.0,2255.0,3374.0,INR/Quintal
2021-07-25,Rice,West Bengal,Kolkata,Kolkata Wholesale,1621.0,1329.0,1818.0,4091.0,INR/Quintal
2020-07-30,Potato,West Bengal,Darjeeling,Darjeeling Wholesale,885.0,726.0,992.0,2967.0,INR/Quintal
2024-05-16,Pulses,Uttar Pradesh,Kanpur,Kanpur Wholesale,5429.0,4452.0,6088.0,3725.0,INR/Quintal
2022-01-11,Oilseeds,Gujarat,Ahmedabad,Ahmedabad Wholesale,5159.0,4231.0,5785.0,1768.0,INR/Quintal
2018-09-05,Sugarcane,Tamil Nadu,Madurai,Madurai Wholesale,464.0,381.0,520.0,2648.0,INR/Quintal
2020-12-25,Potato,Bihar,Muzaffarpur,Muzaffarpur Wholesale,2264.0,1857.0,2539.0,1369.0,INR/Quintal
2019-04-23,Coffee,Karnataka,Mysore,Mysore Wholesale,10950.0,8980.0,12279.0,3296.0,INR/Quintal
2025-02-11,Sugarcane,Tamil Nadu,Chennai,Chennai Wholesale,432.0,354.0,484.0,5843.0,INR/Quintal
2017-09-18,Wheat,Punjab,Amritsar,Amritsar Wholesale,2392.0,1962.0,2682.0,1136.0,INR/Quintal
2021-08-12,Pulses,Rajasthan,Jodhpur,Jodhpur Wholesale,5454.0,4473.0,6116.0,560.0,INR/Quintal
2024-01-05,Coffee,Kerala,Kozhikode,Kozhikode Wholesale,15154.0,12427.0,16994.0,1389.0,INR/Quintal
2024-05-01,Coconut,Tamil Nadu,Chennai,Chennai Wholesale,1792.0,1470.0,2010.0,3774.0,INR/Quintal
2018-05-31,Rice,West Bengal,Darjeeling,Darjeeling Wholesale,1701.0,1395.0,1908.0,2065.0,INR/Quintal
2025-03-08,Coffee,Tamil Nadu,Madurai,Madurai Wholesale,16242.0,13320.0,18214.0,3953.0,INR/Quintal
2025-07-06,Tea,Assam,Dibrugarh,Dibrugarh Wholesale,8803.0,7219.0,9872.0,1264.0,INR/Quintal
2015-12-26,Maize,Bihar,Muzaffarpur,Muzaffarpur Wholesale,2164.0,1775.0,2427.0,2778.0,INR/Quintal
2017-07-09,Coconut,Tamil Nadu,Chennai,Chennai Wholesale,1288.0,1056.0,1444.0,1636.0,INR/Quintal
2021-07-04,Maize,Andhra Pradesh,Visakhapatnam,Visakhapatnam Wholesale,2579.0,2115.0,2892.0,5008.0,INR/Quintal
2023-03-29,Coffee,Tamil Nadu,Coimbatore,Coimbatore Wholesale,21325.0,17488.0,23914.0,3886.0,INR/Quintal
2021-11-15,Tea,West Bengal,Kolkata,Kolkata Wholesale,13072.0,10720.0,14659.0,3596.0,INR/Quintal
2023-03-13,Coffee,Tamil Nadu,Madurai,Madurai Wholesale,19882.0,16305.0,22296.0,5223.0,INR/Quintal
2017-08-20,Maize,Karnataka,Bangalore,Bangalore Wholesale,1984.0,1627.0,2225.0,2204.0,INR/Quintal
2024-12-11,Potato,Punjab,Ludhiana,Ludhiana Wholesale,1041.0,854.0,1167.0,2362.0,INR/Quintal
2020-01-02,Wheat,Bihar,Purnia,Purnia Wholesale,2115.0,1734.0,2372.0,3218.0,INR/Quintal
2024-06-15,Maize,Madhya Pradesh,Bhopal,Bhopal Wholesale,2176.0,1784.0,2440.0,2851.0,INR/Quintal
2022-11-23,Wheat,Bihar,Patna,Patna Wholesale,2587.0,2122.0,2901.0,2184.0,INR/Quintal
2019-06-02,Rice,Assam,Dibrugarh,Dibrugarh Wholesale,2336.0,1916.0,2620.0,695.0,INR/Quintal
2019-06-29,Wheat,Rajasthan,Udaipur,Udaipur Wholesale,2210.0,1812.0,2478.0,407.0,INR/Quintal
2021-01-25,Potato,Bihar,Patna,Patna Wholesale,1374.0,1127.0,1541.0,2272.0,INR/Quintal
2015-08-05,Tea,Assam,Dibrugarh,Dibrugarh Wholesale,9983.0,8187.0,11195.0,696.0,INR/Quintal
2016-01-13,Wheat,Madhya Pradesh,Bhopal,Bhopal Wholesale,1992.0,1634.0,2234.0,4212.0,INR/Quintal
2015-04-29,Sugarcane,Uttar Pradesh,Varanasi,Varanasi Wholesale,381.0,312.0,427.0,2440.0,INR/Quintal
2015-07-09,Oilseeds,Maharashtra,Nashik,Nashik Wholesale,4664.0,3825.0,5230.0,2513.0,INR/Quintal
2022-09-15,Maize,Andhra Pradesh,Krishna,Krishna Wholesale,2218.0,1819.0,2487.0,3112.0,INR/Quintal
2016-01-05,Tea,Assam,Tinsukia,Tinsukia Wholesale,12593.0,10327.0,14122.0,3836.0,INR/Quintal
2019-12-07,Cotton,Maharashtra,Nagpur,Nagpur Wholesale,6488.0,5321.0,7276.0,3445.0,INR/Quintal
2021-01-05,Apple,Himachal Pradesh,Shimla,Shimla Wholesale,8067.0,6616.0,9046.0,756.0,INR/Quintal
2025-04-05,Rice,Assam,Tinsukia,Tinsukia Wholesale,2804.0,2299.0,3144.0,1733.0,INR/Quintal
2016-10-13,Oilseeds,Madhya Pradesh,Bhopal,Bhopal Wholesale,2143.0,1757.0,2403.0,1412.0,INR/Quintal
2020-02-26,Sugarcane,Maharashtra,Nashik,Nashik Wholesale,517.0,424.0,580.0,3506.0,INR/Quintal
2019-02-20,Pulses,Uttar Pradesh,Lucknow,Lucknow Wholesale,3473.0,2848.0,3895.0,3910.0,INR/Quintal
2017-02-08,Potato,Bihar,Patna,Patna Wholesale,1158.0,950.0,1299.0,1377.0,INR/Quintal
2021-08-18,Coffee,Kerala,Kozhikode,Kozhikode Wholesale,10928.0,8962.0,12255.0,2730.0,INR/Quintal
2017-02-19,Oilseeds,Maharashtra,Nagpur,Nagpur Wholesale,2428.0,1991.0,2723.0,1038.0,INR/Quintal
2019-09-13,Tea,Assam,Cachar,Cachar Wholesale,14488.0,11881.0,16247.0,1389.0,INR/Quintal
2021-01-16,Tea,Kerala,Ernakulam,Ernakulam Wholesale,9833.0,8064.0,11027.0,4519.0,INR/Quintal
2021-07-26,Tea,Kerala,Kozhikode,Kozhikode Wholesale,13818.0,11332.0,15496.0,2359.0,INR/Quintal
2018-08-04,Rice,Bihar,Muzaffarpur,Muzaffarpur Wholesale,1685.0,1382.0,1890.0,1554.0,INR/Quintal
2024-03-13,Wheat,Madhya Pradesh,Bhopal,Bhopal Wholesale,2231.0,1830.0,2502.0,1204.0,INR/Quintal
2023-01-18,Maize,Madhya Pradesh,Bhopal,Bhopal Wholesale,1800.0,1476.0,2019.0,4450.0,INR/Quintal
2018-06-03,Pulses,Madhya Pradesh,Bhopal,Bhopal Wholesale,5285.0,4334.0,5927.0,450.0,INR/Quintal
2016-06-06,Coffee,Karnataka,Hubli,Hubli Wholesale,20145.0,16520.0,22591.0,3923.0,INR/Quintal
2016-06-05,Tea,Kerala,Thrissur,Thrissur Wholesale,8827.0,7239.0,9899.0,3568.0,INR/Quintal
2017-02-21,Coffee,Karnataka,Mysore,Mysore Wholesale,14634.0,12001.0,16411.0,850.0,INR/Quintal
2021-05-09,Cotton,Andhra Pradesh,Chittoor,Chittoor Wholesale,8166.0,6697.0,9157.0,5193.0,INR/Quintal
2017-07-24,Rice,Andhra Pradesh,Krishna,Krishna Wholesale,1308.0,1073.0,1467.0,5095.0,INR/Quintal
2024-07-05,Coconut,Tamil Nadu,Madurai,Madurai Wholesale,2506.0,2055.0,2810.0,3159.0,INR/Quintal
2021-02-08,Tea,Assam,Dibrugarh,Dibrugarh Wholesale,10720.0,8791.0,12021.0,2385.0,INR/Quintal
2019-08-16,Cotton,Telangana,Nizamabad,Nizamabad Wholesale,4810.0,3945.0,5394.0,2954.0,INR/Quintal
2016-05-02,Pulses,Madhya Pradesh,Bhopal,Bhopal Wholesale,3919.0,3214.0,4395.0,2754.0,INR/Quintal
2020-01-25,Pulses,Madhya Pradesh,Bhopal,Bhopal Wholesale,3548.0,2910.0,3979.0,3563.0,INR/Quintal
2017-04-25,Maize,Maharashtra,Pune,Pune Wholesale,2202.0,1806.0,2469.0,5151.0,INR/Quintal
2020-12-11,Sugarcane,Maharashtra,Mumbai,Mumbai Wholesale,450.0,369.0,505.0,874.0,INR/Quintal
2023-04-21,Maize,Bihar,Muzaffarpur,Muzaffarpur Wholesale,2499.0,2049.0,2802.0,1838.0,INR/Quintal
2025-02-14,Wheat,Madhya Pradesh,Bhopal,Bhopal Wholesale,2628.0,2155.0,2947.0,861.0,INR/Quintal
2022-10-08,Coffee,Karnataka,Belgaum,Belgaum Wholesale,20223.0,16584.0,22678.0,798.0,INR/Quintal
2021-09-27,Potato,Punjab,Ludhiana,Ludhiana Wholesale,1831.0,1502.0,2053.0,598.0,INR/Quintal
2020-06-26,Pulses,Madhya Pradesh,Bhopal,Bhopal Wholesale,6583.0,5399.0,7382.0,1916.0,INR/Quintal
2019-10-15,Potato,West Bengal,Howrah,Howrah Wholesale,714.0,586.0,801.0,1062.0,INR/Quintal
2023-11-18,Rice,Telangana,Warangal,Warangal Wholesale,2061.0,1690.0,2311.0,3328.0,INR/Quintal
2024-03-13,Oilseeds,Rajasthan,Jodhpur,Jodhpur Wholesale,5241.0,4298.0,5877.0,3526.0,INR/Quintal
2024-08-07,Tea,Assam,Kamrup,Kamrup Wholesale,18521.0,15189.0,20769.0,1823.0,INR/Quintal
2016-11-16,Rice,West Bengal,Howrah,Howrah Wholesale,3050.0,2501.0,3420.0,2525.0,INR/Quintal
2020-11-30,Apple,Jammu and Kashmir,Srinagar,Srinagar Wholesale,7119.0,5838.0,7983.0,561.0,INR/Quintal
2023-01-14,Pulses,Rajasthan,Udaipur,Udaipur Wholesale,4440.0,3641.0,4979.0,2123.0,INR/Quintal
2020-12-09,Cotton,Telangana,Nizamabad,Nizamabad Wholesale,5011.0,4109.0,5619.0,3047.0,INR/Quintal
2019-04-17,Coffee,Kerala,Thrissur,Thrissur Wholesale,21675.0,17775.0,24306.0,4052.0,INR/Quintal
2018-05-30,Potato,Bihar,Patna,Patna Wholesale,1254.0,1028.0,1406.0,998.0,INR/Quintal
2025-02-19,Maize,Maharashtra,Mumbai,Mumbai Wholesale,1813.0,1487.0,2033.0,6040.0,INR/Quintal
2015-02-08,Oilseeds,Gujarat,Vadodara,Vadodara Wholesale,4802.0,3938.0,5385.0,5809.0,INR/Quintal
2021-12-19,Sugarcane,Uttar Pradesh,Varanasi,Varanasi Wholesale,373.0,306.0,418.0,4523.0,INR/Quintal
2017-02-18,Rice,Bihar,Gaya,Gaya Wholesale,2607.0,2138.0,2923.0,1845.0,INR/Quintal
2018-06-10,Sugarcane,Karnataka,Mysore,Mysore Wholesale,429.0,352.0,481.0,3219.0,INR/Quintal
2023-03-10,Coconut,Tamil Nadu,Madurai,Madurai Wholesale,1458.0,1196.0,1635.0,3950.0,INR/Quintal
2024-11-10,Apple,Jammu and Kashmir,Srinagar,Srinagar Wholesale,5961.0,4888.0,6685.0,898.0,INR/Quintal
2021-01-05,Potato,Bihar,Gaya,Gaya Wholesale,855.0,701.0,959.0,2959.0,INR/Quintal
2024-06-30,Potato,Punjab,Patiala,Patiala Wholesale,1787.0,1465.0,2004.0,1498.0,INR/Quintal
2023-05-28,Tea,West Bengal,Darjeeling,Darjeeling Wholesale,14539.0,11923.0,16304.0,1674.0,INR/Quintal
2022-06-01,Cotton,Gujarat,Vadodara,Vadodara Wholesale,4856.0,3982.0,5446.0,1126.0,INR/Quintal
2025-02-26,Coconut,Andhra Pradesh,Guntur,Guntur Wholesale,3837.0,3147.0,4303.0,2405.0,INR/Quintal
2020-04-11,Cotton,Maharashtra,Nagpur,Nagpur Wholesale,5806.0,4761.0,6511.0,2761.0,INR/Quintal
2015-10-29,Wheat,Haryana,Karnal,Karnal Wholesale,1758.0,1442.0,1971.0,1661.0,INR/Quintal
2024-05-24,Maize,Telangana,Hyderabad,Hyderabad Wholesale,1807.0,1482.0,2026.0,1500.0,INR/Quintal
2021-04-04,Pulses,Rajasthan,Jodhpur,Jodhpur Wholesale,4102.0,3364.0,4600.0,3359.0,INR/Quintal
2016-10-08,Pulses,Madhya Pradesh,Bhopal,Bhopal Wholesale,6177.0,5066.0,6927.0,2477.0,INR/Quintal
2016-10-24,Potato,Uttar Pradesh,Lucknow,Lucknow Wholesale,971.0,796.0,1089.0,2189.0,INR/Quintal
2021-04-02,Rice,West Bengal,Howrah,Howrah Wholesale,2137.0,1753.0,2396.0,2596.0,INR/Quintal
2019-10-26,Coffee,Tamil Nadu,Coimbatore,Coimbatore Wholesale,19637.0,16104.0,22021.0,3500.0,INR/Quintal
2021-02-28,Pulses,Uttar Pradesh,Kanpur,Kanpur Wholesale,5812.0,4766.0,6518.0,6251.0,INR/Quintal
2015-09-13,Apple,Himachal Pradesh,Mandi,Mandi Wholesale,5328.0,4369.0,5975.0,637.0,INR/Quintal
2016-08-20,Coconut,Karnataka,Belgaum,Belgaum Wholesale,2881.0,2363.0,3231.0,3022.0,INR/Quintal
2016-10-23,Apple,Jammu and Kashmir,Srinagar,Srinagar Wholesale,6951.0,5700.0,7795.0,607.0,INR/Quintal
2015-08-23,Apple,Jammu and Kashmir,Srinagar,Srinagar Wholesale,4140.0,3395.0,4643.0,930.0,INR/Quintal
2018-09-30,Pulses,Rajasthan,Udaipur,Udaipur Wholesale,5375.0,4408.0,6028.0,2434.0,INR/Quintal
2022-01-25,Rice,Assam,Dibrugarh,Dibrugarh Wholesale,3442.0,2823.0,3860.0,1709.0,INR/Quintal
2022-12-17,Maize,Andhra Pradesh,Krishna,Krishna Wholesale,2053.0,1684.0,2302.0,5625.0,INR/Quintal
2025-08-04,Oilseeds,Maharashtra,Pune,Pune Wholesale,5461.0,4478.0,6124.0,1870.0,INR/Quintal
2025-07-19,Cotton,Telangana,Warangal,Warangal Wholesale,8987.0,7370.0,10078.0,2242.0,INR/Quintal
2024-09-07,Tea,Kerala,Kozhikode,Kozhikode Wholesale,13606.0,11158.0,15258.0,1439.0,INR/Quintal
2017-02-08,Tea,Kerala,Thrissur,Thrissur Wholesale,5747.0,4713.0,6445.0,4056.0,INR/Quintal
2022-02-01,Tea,West Bengal,Kolkata,Kolkata Wholesale,10811.0,8866.0,12123.0,1074.0,INR/Quintal
2015-08-01,Apple,Himachal Pradesh,Shimla,Shimla Wholesale,6573.0,5390.0,7371.0,1229.0,INR/Quintal
2016-04-07,Rice,Bihar,Muzaffarpur,Muzaffarpur Wholesale,1598.0,1310.0,1792.0,4942.0,INR/Quintal
2021-10-19,Coconut,Kerala,Thrissur,Thrissur Wholesale,3440.0,2821.0,3858.0,1554.0,INR/Quintal
2015-10-10,Tea,West Bengal,Howrah,Howrah Wholesale,10864.0,8909.0,12183.0,793.0,INR/Quintal
2024-12-12,Potato,Bihar,Purnia,Purnia Wholesale,1506.0,1235.0,1689.0,1602.0,INR/Quintal
2025-01-26,Wheat,Punjab,Amritsar,Amritsar Wholesale,2862.0,2347.0,3209.0,6138.0,INR/Quintal
2019-01-26,Apple,Himachal Pradesh,Mandi,Mandi Wholesale,6925.0,5679.0,7766.0,2604.0,INR/Quintal
2018-12-01,Rice,Bihar,Muzaffarpur,Muzaffarpur Wholesale,1923.0,1577.0,2156.0,2397.0,INR/Quintal
2015-03-29,Rice,Chhattisgarh,Raipur,Raipur Wholesale,1153.0,946.0,1293.0,2750.0,INR/Quintal
2017-12-03,Coconut,Kerala,Thrissur,Thrissur Wholesale,2324.0,1906.0,2606.0,1222.0,INR/Quintal
2016-04-05,Cotton,Maharashtra,Mumbai,Mumbai Wholesale,6801.0,5577.0,7627.0,3857.0,INR/Quintal
2021-05-14,Tea,West Bengal,Kolkata,Kolkata Wholesale,16790.0,13769.0,18828.0,2550.0,INR/Quintal
2025-04-12,Sugarcane,Maharashtra,Pune,Pune Wholesale,464.0,381.0,520.0,5650.0,INR/Quintal
2021-10-04,Oilseeds,Madhya Pradesh,Bhopal,Bhopal Wholesale,2812.0,2306.0,3153.0,2920.0,INR/Quintal
2019-09-21,Apple,Jammu and Kashmir,Srinagar,Srinagar Wholesale,7931.0,6504.0,8894.0,1165.0,INR/Quintal
2018-10-08,Wheat,Punjab,Amritsar,Amritsar Wholesale,2662.0,2183.0,2985.0,1515.0,INR/Quintal
2022-07-06,Rice,Punjab,Ludhiana,Ludhiana Wholesale,2150.0,1763.0,2411.0,3952.0,INR/Quintal
2016-05-29,Wheat,Haryana,Faridabad,Faridabad Wholesale,2296.0,1883.0,2575.0,1286.0,INR/Quintal
2016-12-03,Rice,Bihar,Patna,Patna Wholesale,1876.0,1538.0,2104.0,1611.0,INR/Quintal
2019-07-12,Maize,Karnataka,Mysore,Mysore Wholesale,1907.0,1564.0,2139.0,1192.0,INR/Quintal
2020-08-28,Cotton,Maharashtra,Nashik,Nashik Wholesale,7486.0,6139.0,8395.0,1934.0,INR/Quintal
2015-01-23,Potato,Bihar,Gaya,Gaya Wholesale,625.0,513.0,701.0,4088.0,INR/Quintal
2021-09-26,Maize,Bihar,Purnia,Purnia Wholesale,2042.0,1675.0,2290.0,1923.0,INR/Quintal
2017-11-19,Coffee,Karnataka,Hubli,Hubli Wholesale,12331.0,10112.0,13828.0,4393.0,INR/Quintal
2020-01-05,Tea,West Bengal,Darjeeling,Darjeeling Wholesale,11589.0,9504.0,12996.0,1844.0,INR/Quintal
2020-11-25,Coffee,Tamil Nadu,Madurai,Madurai Wholesale,17188.0,14095.0,19275.0,2000.0,INR/Quintal
2024-05-31,Oilseeds,Madhya Pradesh,Bhopal,Bhopal Wholesale,2644.0,2168.0,2965.0,1826.0,INR/Quintal
2018-07-28,Sugarcane,Karnataka,Mysore,Mysore Wholesale,424.0,348.0,475.0,1460.0,INR/Quintal
2023-10-05,Potato,Bihar,Purnia,Purnia Wholesale,1147.0,941.0,1286.0,3678.0,INR/Quintal
2024-01-14,Maize,Maharashtra,Mumbai,Mumbai Wholesale,2374.0,1947.0,2662.0,3353.0,INR/Quintal
2018-02-08,Wheat,Bihar,Gaya,Gaya Wholesale,1789.0,1467.0,2006.0,5962.0,INR/Quintal
2020-12-23,Wheat,Punjab,Ludhiana,Ludhiana Wholesale,2571.0,2108.0,2883.0,3386.0,INR/Quintal
2015-12-28,Oilseeds,Maharashtra,Nashik,Nashik Wholesale,3937.0,3229.0,4415.0,1844.0,INR/Quintal
2023-12-02,Rice,Assam,Dibrugarh,Dibrugarh Wholesale,3649.0,2992.0,4092.0,829.0,INR/Quintal
2025-03-16,Wheat,Rajasthan,Jaipur,Jaipur Wholesale,3135.0,2571.0,3516.0,3959.0,INR/Quintal
2025-01-03,Tea,Assam,Kamrup,Kamrup Wholesale,10183.0,8351.0,11419.0,593.0,INR/Quintal
2020-12-16,Sugarcane,Karnataka,Mysore,Mysore Wholesale,350.0,287.0,392.0,5324.0,INR/Quintal
2020-03-14,Cotton,Maharashtra,Mumbai,Mumbai Wholesale,6861.0,5627.0,7694.0,4025.0,INR/Quintal
2018-07-08,Tea,Assam,Cachar,Cachar Wholesale,12021.0,9858.0,13480.0,1097.0,INR/Quintal
2016-05-29,Sugarcane,Maharashtra,Nashik,Nashik Wholesale,313.0,257.0,351.0,4901.0,INR/Quintal
2016-03-24,Apple,Jammu and Kashmir,Srinagar,Srinagar Wholesale,3722.0,3052.0,4174.0,571.0,INR/Quintal
2020-04-07,Oilseeds,Gujarat,Vadodara,Vadodara Wholesale,4317.0,3540.0,4841.0,1247.0,INR/Quintal
2023-09-11,Tea,West Bengal,Darjeeling,Darjeeling Wholesale,21008.0,17228.0,23558.0,3253.0,INR/Quintal
2019-02-15,Cotton,Telangana,Nizamabad,Nizamabad Wholesale,7526.0,6172.0,8440.0,2734.0,INR/Quintal
2018-06-01,Cotton,Gujarat,Vadodara,Vadodara Wholesale,4855.0,3981.0,5444.0,3399.0,INR/Quintal
2020-01-30,Apple,Himachal Pradesh,Kangra,Kangra Wholesale,6227.0,5107.0,6983.0,745.0,INR/Quintal
2017-05-23,Pulses,Maharashtra,Nagpur,Nagpur Wholesale,3317.0,2720.0,3720.0,1161.0,INR/Quintal
2024-10-02,Coconut,Andhra Pradesh,Krishna,Krishna Wholesale,2462.0,2019.0,2761.0,1914.0,INR/Quintal
2021-11-25,Rice,Tamil Nadu,Coimbatore,Coimbatore Wholesale,2957.0,2425.0,3316.0,2597.0,INR/Quintal
2023-06-09,Oilseeds,Maharashtra,Pune,Pune Wholesale,5419.0,4444.0,6077.0,5128.0,INR/Quintal
2018-11-29,Apple,Jammu and Kashmir,Srinagar,Srinagar Wholesale,5989.0,4911.0,6716.0,937.0,INR/Quintal
2021-06-07,Tea,West Bengal,Darjeeling,Darjeeling Wholesale,8438.0,6920.0,9462.0,4423.0,INR/Quintal
2021-03-28,Potato,West Bengal,Howrah,Howrah Wholesale,1265.0,1037.0,1419.0,1458.0,INR/Quintal
2019-10-21,Potato,West Bengal,Darjeeling,Darjeeling Wholesale,2126.0,1743.0,2384.0,641.0,INR/Quintal
2017-07-11,Oilseeds,Madhya Pradesh,Bhopal,Bhopal Wholesale,2850.0,2337.0,3196.0,826.0,INR/Quintal
2023-08-04,Coconut,Tamil Nadu,Chennai,Chennai Wholesale,2033.0,1667.0,2280.0,3236.0,INR/Quintal
2023-03-04,Tea,Assam,Tinsukia,Tinsukia Wholesale,15461.0,12679.0,17338.0,4074.0,INR/Quintal
2020-11-29,Maize,Maharashtra,Nagpur,Nagpur Wholesale,2224.0,1824.0,2494.0,1255.0,INR/Quintal
2017-11-02,Maize,Maharashtra,Nagpur,Nagpur Wholesale,2239.0,1836.0,2511.0,707.0,INR/Quintal
2018-11-17,Rice,Bihar,Patna,Patna Wholesale,1936.0,1588.0,2171.0,3046.0,INR/Quintal
2021-12-22,Tea,Kerala,Ernakulam,Ernakulam Wholesale,10775.0,8836.0,12083.0,3479.0,INR/Quintal
2023-02-27,Cotton,Maharashtra,Nashik,Nashik Wholesale,6699.0,5494.0,7512.0,6377.0,INR/Quintal
2022-03-30,Wheat,Punjab,Patiala,Patiala Wholesale,2938.0,2409.0,3295.0,2755.0,INR/Quintal
2021-03-31,Potato,West Bengal,Kolkata,Kolkata Wholesale,1952.0,1601.0,2189.0,4472.0,INR/Quintal
2022-04-03,Coconut,Kerala,Thrissur,Thrissur Wholesale,3222.0,2642.0,3613.0,3939.0,INR/Quintal
2015-11-10,Tea,West Bengal,Kolkata,Kolkata Wholesale,7597.0,6230.0,8519.0,1544.0,INR/Quintal
2022-02-26,Tea,Kerala,Thrissur,Thrissur Wholesale,14068.0,11537.0,15776.0,2897.0,INR/Quintal
2023-06-11,Wheat,Uttar Pradesh,Varanasi,Varanasi Wholesale,2397.0,1966.0,2688.0,2873.0,INR/Quintal
2021-03-06,Wheat,Bihar,Purnia,Purnia Wholesale,1798.0,1474.0,2016.0,1970.0,INR/Quintal
2020-06-20,Sugarcane,Uttar Pradesh,Varanasi,Varanasi Wholesale,355.0,291.0,398.0,7295.0,INR/Quintal
2017-11-03,Apple,Himachal Pradesh,Mandi,Mandi Wholesale,7450.0,6110.0,8354.0,1958.0,INR/Quintal
2019-07-15,Pulses,Uttar Pradesh,Varanasi,Varanasi Wholesale,4610.0,3781.0,5170.0,3195.0,INR/Quintal
2024-07-21,Rice,Andhra Pradesh,Krishna,Krishna Wholesale,3475.0,2850.0,3897.0,1138.0,INR/Quintal
2024-08-09,Potato,West Bengal,Kolkata,Kolkata Wholesale,2034.0,1668.0,2281.0,3074.0,INR/Quintal
2024-06-10,Wheat,Madhya Pradesh,Bhopal,Bhopal Wholesale,1933.0,1585.0,2168.0,1321.0,INR/Quintal
2023-06-19,Maize,Maharashtra,Nashik,Nashik Wholesale,2340.0,1919.0,2624.0,1636.0,INR/Quintal
2022-03-19,Oilseeds,Gujarat,Rajkot,Rajkot Wholesale,3118.0,2557.0,3497.0,3458.0,INR/Quintal
2019-11-14,Maize,Karnataka,Hubli,Hubli Wholesale,1817.0,1490.0,2038.0,2697.0,INR/Quintal
2025-06-03,Sugarcane,Uttar Pradesh,Lucknow,Lucknow Wholesale,512.0,420.0,574.0,1408.0,INR/Quintal
2017-10-11,Sugarcane,Uttar Pradesh,Varanasi,Varanasi Wholesale,457.0,375.0,512.0,3412.0,INR/Quintal
2017-12-29,Wheat,Haryana,Karnal,Karnal Wholesale,2073.0,1700.0,2325.0,797.0,INR/Quintal
2025-08-31,Sugarcane,Maharashtra,Pune,Pune Wholesale,548.0,449.0,615.0,4343.0,INR/Quintal
2023-12-27,Apple,Jammu and Kashmir,Srinagar,Srinagar Wholesale,8574.0,7031.0,9615.0,1857.0,INR/Quintal
2018-01-29,Cotton,Gujarat,Vadodara,Vadodara Wholesale,5716.0,4688.0,6410.0,5242.0,INR/Quintal
2016-11-28,Coffee,Kerala,Ernakulam,Ernakulam Wholesale,14432.0,11835.0,16184.0,1768.0,INR/Quintal
2020-12-19,Tea,Assam,Tinsukia,Tinsukia Wholesale,13806.0,11322.0,15482.0,1318.0,INR/Quintal
2025-02-11,Tea,Assam,Tinsukia,Tinsukia Wholesale,6905.0,5663.0,7743.0,3879.0,INR/Quintal
2018-11-05,Wheat,Madhya Pradesh,Bhopal,Bhopal Wholesale,2606.0,2137.0,2922.0,3191.0,INR/Quintal
2018-03-01,Sugarcane,Uttar Pradesh,Varanasi,Varanasi Wholesale,453.0,371.0,508.0,2366.0,INR/Quintal
2017-11-09,Oilseeds,Madhya Pradesh,Bhopal,Bhopal Wholesale,2913.0,2389.0,3267.0,1765.0,INR/Quintal
2020-04-13,Cotton,Maharashtra,Nagpur,Nagpur Wholesale,7985.0,6548.0,8954.0,3142.0,INR/Quintal
2022-01-27,Rice,Odisha,Bhubaneswar,Bhubaneswar Wholesale,1644.0,1348.0,1844.0,2179.0,INR/Quintal
2017-10-10,Sugarcane,Maharashtra,Nagpur,Nagpur Wholesale,463.0,380.0,519.0,2238.0,INR/Quintal
2015-08-15,Cotton,Gujarat,Rajkot,Rajkot Wholesale,4973.0,4078.0,5577.0,4248.0,INR/Quintal
2023-10-31,Pulses,Maharashtra,Nagpur,Nagpur Wholesale,6559.0,5379.0,7355.0,1601.0,INR/Quintal
2020-01-03,Rice,West Bengal,Kolkata,Kolkata Wholesale,2200.0,1804.0,2467.0,3437.0,INR/Quintal
2025-06-10,Tea,Assam,Cachar,Cachar Wholesale,16074.0,13182.0,18025.0,3825.0,INR/Quintal
2019-02-01,Pulses,Maharashtra,Mumbai,Mumbai Wholesale,3883.0,3184.0,4354.0,4327.0,INR/Quintal
2017-04-01,Wheat,Madhya Pradesh,Bhopal,Bhopal Wholesale,1876.0,1538.0,2104.0,4421.0,INR/Quintal
2020-07-16,Potato,Uttar Pradesh,Kanpur,Kanpur Wholesale,747.0,613.0,838.0,975.0,INR/Quintal
2017-05-20,Wheat,Uttar Pradesh,Varanasi,Varanasi Wholesale,2507.0,2056.0,2811.0,8260.0,INR/Quintal
2021-09-18,Oilseeds,Maharashtra,Mumbai,Mumbai Wholesale,3409.0,2796.0,3823.0,1223.0,INR/Quintal
2021-02-27,Apple,Himachal Pradesh,Shimla,Shimla Wholesale,8401.0,6889.0,9421.0,3093.0,INR/Quintal
2020-09-16,Cotton,Andhra Pradesh,Chittoor,Chittoor Wholesale,7430.0,6093.0,8332.0,1084.0,INR/Quintal
2023-03-09,Apple,Himachal Pradesh,Kangra,Kangra Wholesale,10240.0,8398.0,11483.0,1625.0,INR/Quintal
2019-12-01,Potato,West Bengal,Darjeeling,Darjeeling Wholesale,739.0,606.0,829.0,2078.0,INR/Quintal
2015-07-07,Apple,Jammu and Kashmir,Srinagar,Srinagar Wholesale,7465.0,6122.0,8371.0,833.0,INR/Quintal
2017-12-16,Rice,Andhra Pradesh,Visakhapatnam,Visakhapatnam Wholesale,1478.0,1212.0,1657.0,1953.0,INR/Quintal
2017-07-29,Rice,Tamil Nadu,Chennai,Chennai Wholesale,2622.0,2150.0,2940.0,4529.0,INR/Quintal
2023-06-19,Coconut,Kerala,Thrissur,Thrissur Wholesale,3048.0,2500.0,3418.0,1501.0,INR/Quintal
2021-05-09,Pulses,Maharashtra,Nashik,Nashik Wholesale,3570.0,2928.0,4003.0,5142.0,INR/Quintal
2023-09-26,Oilseeds,Maharashtra,Pune,Pune Wholesale,3301.0,2707.0,3702.0,1018.0,INR/Quintal
2022-03-15,Tea,Assam,Tinsukia,Tinsukia Wholesale,12002.0,9843.0,13459.0,4378.0,INR/Quintal
2022-01-07,Apple,Himachal Pradesh,Shimla,Shimla Wholesale,6788.0,5567.0,7612.0,1691.0,INR/Quintal
2024-01-06,Sugarcane,Tamil Nadu,Coimbatore,Coimbatore Wholesale,556.0,456.0,623.0,6208.0,INR/Quintal
2016-06-09,Sugarcane,Maharashtra,Nashik,Nashik Wholesale,365.0,299.0,409.0,3127.0,INR/Quintal
2024-10-26,Potato,Uttar Pradesh,Kanpur,Kanpur Wholesale,2420.0,1985.0,2714.0,1532.0,INR/Quintal
2025-05-27,Oilseeds,Gujarat,Vadodara,Vadodara Wholesale,4392.0,3602.0,4925.0,2839.0,INR/Quintal
2025-06-09,Oilseeds,Maharashtra,Nagpur,Nagpur Wholesale,6361.0,5217.0,7133.0,4961.0,INR/Quintal
2015-12-02,Rice,Punjab,Patiala,Patiala Wholesale,2475.0,2030.0,2775.0,5199.0,INR/Quintal
2022-07-08,Tea,Assam,Tinsukia,Tinsukia Wholesale,16085.0,13191.0,18038.0,2722.0,INR/Quintal
2017-12-14,Cotton,Maharashtra,Nagpur,Nagpur Wholesale,4574.0,3751.0,5129.0,1080.0,INR/Quintal
2021-12-22,Tea,Kerala,Kozhikode,Kozhikode Wholesale,11535.0,9460.0,12935.0,2489.0,INR/Quintal
2023-01-26,Maize,Maharashtra,Nashik,Nashik Wholesale,1665.0,1365.0,1867.0,7019.0,INR/Quintal
2022-09-14,Oilseeds,Madhya Pradesh,Bhopal,Bhopal Wholesale,3500.0,2870.0,3925.0,552.0,INR/Quintal
2022-01-27,Wheat,Bihar,Patna,Patna Wholesale,2570.0,2108.0,2882.0,1063.0,INR/Quintal
2015-06-11,Coffee,Karnataka,Hubli,Hubli Wholesale,18386.0,15078.0,20618.0,4097.0,INR/Quintal
2025-03-30,Oilseeds,Rajasthan,Jodhpur,Jodhpur Wholesale,2753.0,2258.0,3087.0,1746.0,INR/Quintal
2016-08-16,Potato,West Bengal,Kolkata,Kolkata Wholesale,1335.0,1095.0,1497.0,2820.0,INR/Quintal
2020-04-22,Apple,Himachal Pradesh,Mandi,Mandi Wholesale,7371.0,6045.0,8266.0,1861.0,INR/Quintal
2021-01-15,Wheat,Uttar Pradesh,Varanasi,Varanasi Wholesale,1863.0,1528.0,2089.0,8517.0,INR/Quintal
2023-12-04,Potato,West Bengal,Darjeeling,Darjeeling Wholesale,1551.0,1272.0,1739.0,4951.0,INR/Quintal
2015-03-01,Pulses,Maharashtra,Pune,Pune Wholesale,5142.0,4217.0,5766.0,6002.0,INR/Quintal
2023-02-10,Coffee,Karnataka,Belgaum,Belgaum Wholesale,11783.0,9663.0,13213.0,2325.0,INR/Quintal
2025-08-24,Coffee,Tamil Nadu,Madurai,Madurai Wholesale,21147.0,17342.0,23714.0,1367.0,INR/Quintal
2024-04-13,Rice,Chhattisgarh,Raipur,Raipur Wholesale,2734.0,2242.0,3066.0,3942.0,INR/Quintal
2020-03-16,Oilseeds,Maharashtra,Nagpur,Nagpur Wholesale,5175.0,4244.0,5803.0,5297.0,INR/Quintal
2021-03-08,Rice,Telangana,Nizamabad,Nizamabad Wholesale,1695.0,1390.0,1901.0,4741.0,INR/Quintal
2016-02-10,Sugarcane,Maharashtra,Nashik,Nashik Wholesale,438.0,359.0,491.0,4134.0,INR/Quintal
2016-10-25,Potato,Bihar,Patna,Patna Wholesale,661.0,542.0,741.0,713.0,INR/Quintal
2018-02-06,Maize,Bihar,Patna,Patna Wholesale,1748.0,1433.0,1960.0,2516.0,INR/Quintal
2018-01-04,Maize,Karnataka,Belgaum,Belgaum Wholesale,1525.0,1251.0,1710.0,1550.0,INR/Quintal
2016-06-25,Sugarcane,Maharashtra,Pune,Pune Wholesale,444.0,364.0,498.0,5224.0,INR/Quintal
2018-08-30,Pulses,Rajasthan,Udaipur,Udaipur Wholesale,5575.0,4572.0,6252.0,1892.0,INR/Quintal
2017-09-24,Maize,Andhra Pradesh,Guntur,Guntur Wholesale,1299.0,1065.0,1457.0,754.0,INR/Quintal
2018-02-14,Potato,West Bengal,Darjeeling,Darjeeling Wholesale,561.0,460.0,629.0,4568.0,INR/Quintal
2023-02-22,Maize,Maharashtra,Mumbai,Mumbai Wholesale,1849.0,1516.0,2073.0,7261.0,INR/Quintal
2017-05-17,Sugarcane,Tamil Nadu,Chennai,Chennai Wholesale,341.0,280.0,382.0,4602.0,INR/Quintal
2025-05-03,Wheat,Haryana,Gurgaon,Gurgaon Wholesale,2769.0,2271.0,3105.0,4508.0,INR/Quintal
2020-08-28,Apple,Himachal Pradesh,Kangra,Kangra Wholesale,7994.0,6556.0,8964.0,704.0,INR/Quintal
2016-03-07,Apple,Himachal Pradesh,Kangra,Kangra Wholesale,8735.0,7163.0,9795.0,2920.0,INR/Quintal
2025-04-14,Rice,Telangana,Hyderabad,Hyderabad Wholesale,3775.0,3096.0,4233.0,2724.0,INR/Quintal
2017-01-09,Coconut,Tamil Nadu,Chennai,Chennai Wholesale,2457.0,2015.0,2755.0,5502.0,INR/Quintal
2018-10-05,Cotton,Gujarat,Surat,Surat Wholesale,4379.0,3591.0,4911.0,3574.0,INR/Quintal
2015-07-02,Potato,Bihar,Muzaffarpur,Muzaffarpur Wholesale,1038.0,851.0,1164.0,3547.0,INR/Quintal
2020-11-30,Rice,Chhattisgarh,Raipur,Raipur Wholesale,2330.0,1911.0,2613.0,2948.0,INR/Quintal
2018-04-21,Coffee,Karnataka,Belgaum,Belgaum Wholesale,16774.0,13756.0,18810.0,5362.0,INR/Quintal
2021-12-03,Coconut,Andhra Pradesh,Krishna,Krishna Wholesale,2604.0,2135.0,2920.0,784.0,INR/Quintal
2018-03-15,Tea,Kerala,Thrissur,Thrissur Wholesale,14328.0,11750.0,16067.0,1481.0,INR/Quintal
2017-04-10,Maize,Bihar,Patna,Patna Wholesale,2210.0,1812.0,2478.0,829.0,INR/Quintal
2019-07-10,Maize,Madhya Pradesh,Bhopal,Bhopal Wholesale,1466.0,1202.0,1644.0,921.0,INR/Quintal
2018-02-10,Pulses,Maharashtra,Nagpur,Nagpur Wholesale,4140.0,3395.0,4643.0,1272.0,INR/Quintal
2022-09-11,Apple,Jammu and Kashmir,Srinagar,Srinagar Wholesale,8670.0,7110.0,9723.0,772.0,INR/Quintal
2016-04-20,Rice,Andhra Pradesh,Visakhapatnam,Visakhapatnam Wholesale,2728.0,2237.0,3059.0,948.0,INR/Quintal
2022-09-11,Tea,Kerala,Thrissur,Thrissur Wholesale,8444.0,6925.0,9469.0,1471.0,INR/Quintal
2018-08-19,Apple,Himachal Pradesh,Kangra,Kangra Wholesale,7977.0,6542.0,8945.0,1682.0,INR/Quintal
2017-08-28,Maize,Telangana,Hyderabad,Hyderabad Wholesale,1984.0,1627.0,2225.0,2577.0,INR/Quintal
2025-09-01,Coffee,Kerala,Kozhikode,Kozhikode Wholesale,17787.0,14587.0,19946.0,2659.0,INR/Quintal
2017-10-16,Pulses,Maharashtra,Mumbai,Mumbai Wholesale,3821.0,3134.0,4285.0,1463.0,INR/Quintal
2018-02-15,Rice,Punjab,Patiala,Patiala Wholesale,3027.0,2482.0,3394.0,5461.0,INR/Quintal
2020-01-11,Pulses,Madhya Pradesh,Bhopal,Bhopal Wholesale,5789.0,4747.0,6492.0,1779.0,INR/Quintal
2015-06-10,Rice,Chhattisgarh,Raipur,Raipur Wholesale,1338.0,1097.0,1500.0,1906.0,INR/Quintal
2021-09-14,Oilseeds,Gujarat,Vadodara,Vadodara Wholesale,4855.0,3981.0,5444.0,2526.0,INR/Quintal
2015-07-17,Oilseeds,Gujarat,Vadodara,Vadodara Wholesale,4224.0,3464.0,4737.0,676.0,INR/Quintal
2018-07-07,Apple,Jammu and Kashmir,Srinagar,Srinagar Wholesale,8103.0,6645.0,9087.0,527.0,INR/Quintal
2016-10-21,Sugarcane,Maharashtra,Mumbai,Mumbai Wholesale,343.0,281.0,385.0,3533.0,INR/Quintal
2019-11-11,Potato,Uttar Pradesh,Varanasi,Varanasi Wholesale,2221.0,1821.0,2491.0,5072.0,INR/Quintal
2017-12-06,Pulses,Uttar Pradesh,Lucknow,Lucknow Wholesale,3668.0,3008.0,4113.0,4594.0,INR/Quintal
2020-07-03,Sugarcane,Tamil Nadu,Coimbatore,Coimbatore Wholesale,449.0,368.0,504.0,1607.0,INR/Quintal
2016-02-03,Pulses,Uttar Pradesh,Kanpur,Kanpur Wholesale,5121.0,4200.0,5743.0,4390.0,INR/Quintal
2019-09-30,Maize,Andhra Pradesh,Krishna,Krishna Wholesale,1813.0,1487.0,2033.0,783.0,INR/Quintal
2019-05-02,Cotton,Maharashtra,Nashik,Nashik Wholesale,6076.0,4983.0,6814.0,7160.0,INR/Quintal
2020-10-26,Pulses,Rajasthan,Udaipur,Udaipur Wholesale,6524.0,5350.0,7316.0,2284.0,INR/Quintal
2020-12-11,Maize,Madhya Pradesh,Bhopal,Bhopal Wholesale,2122.0,1740.0,2380.0,636.0,INR/Quintal
2015-03-16,Tea,West Bengal,Howrah,Howrah Wholesale,11964.0,9811.0,13416.0,1786.0,INR/Quintal
2020-12-24,Oilseeds,Maharashtra,Mumbai,Mumbai Wholesale,2743.0,2249.0,3076.0,4049.0,INR/Quintal
2016-08-24,Sugarcane,Karnataka,Bangalore,Bangalore Wholesale,310.0,254.0,348.0,1259.0,INR/Quintal
2024-07-03,Coconut,Karnataka,Hubli,Hubli Wholesale,1587.0,1301.0,1780.0,4399.0,INR/Quintal
2017-04-16,Cotton,Gujarat,Rajkot,Rajkot Wholesale,7281.0,5971.0,8165.0,5896.0,INR/Quintal
2019-03-09,Coffee,Karnataka,Hubli,Hubli Wholesale,21152.0,17346.0,23720.0,2474.0,INR/Quintal
2016-05-14,Oilseeds,Gujarat,Rajkot,Rajkot Wholesale,5048.0,4140.0,5661.0,728.0,INR/Quintal
2019-05-16,Sugarcane,Tamil Nadu,Chennai,Chennai Wholesale,342.0,280.0,384.0,5183.0,INR/Quintal
2015-05-18,Apple,Jammu and Kashmir,Srinagar,Srinagar Wholesale,6401.0,5249.0,7178.0,1108.0,INR/Quintal
2020-09-28,Cotton,Maharashtra,Mumbai,Mumbai Wholesale,4753.0,3898.0,5330.0,3086.0,INR/Quintal
2019-11-30,Coffee,Karnataka,Bangalore,Bangalore Wholesale,21418.0,17564.0,24018.0,1675.0,INR/Quintal
2017-08-30,Wheat,Haryana,Gurgaon,Gurgaon Wholesale,1994.0,1635.0,2236.0,1184.0,INR/Quintal
2019-07-01,Maize,Madhya Pradesh,Bhopal,Bhopal Wholesale,1451.0,1190.0,1627.0,2406.0,INR/Quintal
2025-02-13,Wheat,Punjab,Amritsar,Amritsar Wholesale,2688.0,2204.0,3014.0,4774.0,INR/Quintal
2020-02-29,Coconut,Karnataka,Bangalore,Bangalore Wholesale,1794.0,1471.0,2012.0,2159.0,INR/Quintal
2021-04-20,Maize,Bihar,Purnia,Purnia Wholesale,2194.0,1799.0,2460.0,1410.0,INR/Quintal
2025-02-18,Rice,Bihar,Purnia,Purnia Wholesale,3011.0,2469.0,3377.0,3921.0,INR/Quintal
2020-07-21,Potato,Punjab,Amritsar,Amritsar Wholesale,1791.0,1469.0,2008.0,4800.0,INR/Quintal
2022-07-20,Cotton,Maharashtra,Pune,Pune Wholesale,8443.0,6924.0,9468.0,1964.0,INR/Quintal
2025-09-25,Wheat,Rajasthan,Jodhpur,Jodhpur Wholesale,2453.0,2012.0,2751.0,1866.0,INR/Quintal
2020-03-15,Potato,West Bengal,Kolkata,Kolkata Wholesale,1378.0,1130.0,1545.0,1893.0,INR/Quintal
2022-02-23,Cotton,Telangana,Warangal,Warangal Wholesale,7761.0,6365.0,8703.0,2294.0,INR/Quintal
2022-09-05,Sugarcane,Uttar Pradesh,Kanpur,Kanpur Wholesale,468.0,384.0,525.0,4045.0,INR/Quintal
2018-12-20,Apple,Himachal Pradesh,Kangra,Kangra Wholesale,3820.0,3133.0,4284.0,1735.0,INR/Quintal
2016-06-30,Rice,Bihar,Gaya,Gaya Wholesale,2767.0,2269.0,3103.0,1717.0,INR/Quintal
2024-03-27,Sugarcane,Uttar Pradesh,Kanpur,Kanpur Wholesale,391.0,321.0,438.0,2047.0,INR/Quintal
2017-07-10,Maize,Maharashtra,Nagpur,Nagpur Wholesale,1453.0,1192.0,1629.0,764.0,INR/Quintal
2016-08-03,Apple,Jammu and Kashmir,Srinagar,Srinagar Wholesale,3616.0,2965.0,4055.0,1264.0,INR/Quintal
2018-10-04,Coconut,Andhra Pradesh,Guntur,Guntur Wholesale,1260.0,1033.0,1413.0,744.0,INR/Quintal
2025-09-08,Potato,Punjab,Amritsar,Amritsar Wholesale,700.0,574.0,785.0,1068.0,INR/Quintal
2020-05-10,Cotton,Gujarat,Rajkot,Rajkot Wholesale,4790.0,3928.0,5372.0,2166.0,INR/Quintal
2020-06-26,Pulses,Uttar Pradesh,Kanpur,Kanpur Wholesale,4976.0,4081.0,5580.0,3758.0,INR/Quintal
2020-09-27,Apple,Jammu and Kashmir,Srinagar,Srinagar Wholesale,4904.0,4022.0,5499.0,1135.0,INR/Quintal
2023-02-12,Potato,West Bengal,Kolkata,Kolkata Wholesale,855.0,701.0,959.0,2236.0,INR/Quintal
2023-08-12,Tea,West Bengal,Darjeeling,Darjeeling Wholesale,17242.0,14140.0,19335.0,2398.0,INR/Quintal
2016-12-04,Coffee,Karnataka,Belgaum,Belgaum Wholesale,12138.0,9954.0,13612.0,997.0,INR/Quintal
2021-04-27,Wheat,Uttar Pradesh,Kanpur,Kanpur Wholesale,1792.0,1470.0,2010.0,4895.0,INR/Quintal
2021-07-31,Cotton,Telangana,Hyderabad,Hyderabad Wholesale,6201.0,5085.0,6954.0,994.0,INR/Quintal
2025-01-01,Oilseeds,Gujarat,Ahmedabad,Ahmedabad Wholesale,3811.0,3125.0,4274.0,2001.0,INR/Quintal
2019-06-14,Oilseeds,Madhya Pradesh,Bhopal,Bhopal Wholesale,3311.0,2715.0,3713.0,1721.0,INR/Quintal
2024-02-14,Coffee,Kerala,Thrissur,Thrissur Wholesale,16946.0,13897.0,19003.0,3957.0,INR/Quintal
2016-09-29,Apple,Himachal Pradesh,Kangra,Kangra Wholesale,7188.0,5895.0,8061.0,1347.0,INR/Quintal
2022-08-22,Maize,Karnataka,Mysore,Mysore Wholesale,2198.0,1803.0,2465.0,1928.0,INR/Quintal
2024-03-20,Coconut,Kerala,Thrissur,Thrissur Wholesale,3651.0,2994.0,4094.0,1075.0,INR/Quintal
2017-10-06,Potato,West Bengal,Kolkata,Kolkata Wholesale,1353.0,1110.0,1517.0,1436.0,INR/Quintal
2023-02-26,Potato,West Bengal,Darjeeling,Darjeeling Wholesale,1499.0,1229.0,1681.0,3844.0,INR/Quintal
2016-10-02,Coconut,Kerala,Ernakulam,Ernakulam Wholesale,1470.0,1206.0,1648.0,2613.0,INR/Quintal
2022-10-10,Oilseeds,Maharashtra,Pune,Pune Wholesale,5162.0,4233.0,5789.0,4674.0,INR/Quintal
2024-04-07,Potato,Bihar,Muzaffarpur,Muzaffarpur Wholesale,903.0,741.0,1013.0,4244.0,INR/Quintal
2022-04-13,Coffee,Tamil Nadu,Chennai,Chennai Wholesale,15971.0,13097.0,17910.0,2880.0,INR/Quintal
2020-02-05,Potato,Uttar Pradesh,Kanpur,Kanpur Wholesale,1302.0,1068.0,1460.0,6842.0,INR/Quintal
2022-10-27,Maize,Madhya Pradesh,Bhopal,Bhopal Wholesale,2249.0,1844.0,2522.0,1192.0,INR/Quintal
2018-04-20,Wheat,Punjab,Amritsar,Amritsar Wholesale,2635.0,2161.0,2955.0,6264.0,INR/Quintal
2016-11-16,Tea,Kerala,Thrissur,Thrissur Wholesale,13410.0,10997.0,15038.0,1086.0,INR/Quintal
2020-01-26,Wheat,Haryana,Hisar,Hisar Wholesale,1918.0,1573.0,2151.0,2739.0,INR/Quintal
2024-05-28,Tea,Assam,Tinsukia,Tinsukia Wholesale,9675.0,7934.0,10850.0,771.0,INR/Quintal
2015-07-07,Pulses,Madhya Pradesh,Bhopal,Bhopal Wholesale,5435.0,4457.0,6095.0,1626.0,INR/Quintal
2024-12-19,Coconut,Andhra Pradesh,Krishna,Krishna Wholesale,2586.0,2121.0,2900.0,3938.0,INR/Quintal
2024-11-23,Wheat,Rajasthan,Udaipur,Udaipur Wholesale,2480.0,2034.0,2781.0,2409.0,INR/Quintal
2019-06-08,Coffee,Karnataka,Belgaum,Belgaum Wholesale,20362.0,16698.0,22834.0,4561.0,INR/Quintal
2019-08-15,Rice,Chhattisgarh,Raipur,Raipur Wholesale,2468.0,2024.0,2768.0,2573.0,INR/Quintal
2017-09-11,Pulses,Maharashtra,Nashik,Nashik Wholesale,6267.0,5139.0,7028.0,814.0,INR/Quintal
2016-07-01,Tea,Assam,Kamrup,Kamrup Wholesale,11165.0,9156.0,12520.0,1849.0,INR/Quintal
2022-08-04,Coconut,Tamil Nadu,Chennai,Chennai Wholesale,2338.0,1917.0,2622.0,2317.0,INR/Quintal
2023-02-21,Tea,Assam,Kamrup,Kamrup Wholesale,12931.0,10604.0,14501.0,4153.0,INR/Quintal
2018-12-02,Pulses,Maharashtra,Nashik,Nashik Wholesale,5914.0,4850.0,6632.0,2208.0,INR/Quintal
2017-05-25,Tea,West Bengal,Kolkata,Kolkata Wholesale,14153.0,11607.0,15871.0,1027.0,INR/Quintal
2016-09-09,Coconut,Kerala,Thrissur,Thrissur Wholesale,2363.0,1938.0,2650.0,1071.0,INR/Quintal
2021-09-27,Cotton,Andhra Pradesh,Chittoor,Chittoor Wholesale,8159.0,6691.0,9150.0,4139.0,INR/Quintal
2018-09-27,Rice,Assam,Cachar,Cachar Wholesale,2438.0,1999.0,2734.0,2547.0,INR/Quintal
2018-05-28,Coffee,Kerala,Kozhikode,Kozhikode Wholesale,13694.0,11230.0,15356.0,2096.0,INR/Quintal
2017-06-21,Cotton,Gujarat,Surat,Surat Wholesale,6438.0,5280.0,7220.0,5332.0,INR/Quintal
2015-06-12,Tea,West Bengal,Darjeeling,Darjeeling Wholesale,13914.0,11411.0,15603.0,712.0,INR/Quintal
2020-05-28,Wheat,Uttar Pradesh,Varanasi,Varanasi Wholesale,1741.0,1428.0,1952.0,3302.0,INR/Quintal
2024-01-05,Cotton,Andhra Pradesh,Chittoor,Chittoor Wholesale,6861.0,5627.0,7694.0,5204.0,INR/Quintal
2015-09-27,Wheat,Uttar Pradesh,Varanasi,Varanasi Wholesale,2243.0,1839.0,2515.0,1571.0,INR/Quintal
2016-09-23,Pulses,Uttar Pradesh,Lucknow,Lucknow Wholesale,4632.0,3799.0,5194.0,1462.0,INR/Quintal
2017-06-24,Potato,West Bengal,Howrah,Howrah Wholesale,1770.0,1452.0,1985.0,4816.0,INR/Quintal
2025-09-24,Sugarcane,Uttar Pradesh,Varanasi,Varanasi Wholesale,478.0,392.0,536.0,3435.0,INR/Quintal
2024-07-03,Apple,Jammu and Kashmir,Srinagar,Srinagar Wholesale,10054.0,8245.0,11275.0,1683.0,INR/Quintal
2023-11-28,Coconut,Karnataka,Mysore,Mysore Wholesale,1966.0,1612.0,2205.0,1034.0,INR/Quintal
2020-07-07,Tea,Kerala,Thrissur,Thrissur Wholesale,6128.0,5025.0,6872.0,1430.0,INR/Quintal
2019-06-30,Sugarcane,Uttar Pradesh,Kanpur,Kanpur Wholesale,408.0,335.0,458.0,2851.0,INR/Quintal
2025-05-28,Rice,Chhattisgarh,Raipur,Raipur Wholesale,2708.0,2221.0,3037.0,3591.0,INR/Quintal
2015-07-24,Wheat,Haryana,Faridabad,Faridabad Wholesale,1849.0,1516.0,2073.0,1962.0,INR/Quintal
2016-08-04,Cotton,Maharashtra,Nagpur,Nagpur Wholesale,4869.0,3993.0,5460.0,2012.0,INR/Quintal
2019-04-29,Sugarcane,Uttar Pradesh,Kanpur,Kanpur Wholesale,449.0,368.0,504.0,2159.0,INR/Quintal
2017-04-20,Maize,Maharashtra,Mumbai,Mumbai Wholesale,1672.0,1371.0,1875.0,6533.0,INR/Quintal
2020-01-11,Tea,Kerala,Kozhikode,Kozhikode Wholesale,11710.0,9603.0,13132.0,1444.0,INR/Quintal
2018-06-05,Sugarcane,Maharashtra,Nashik,Nashik Wholesale,454.0,372.0,509.0,1050.0,INR/Quintal
2019-09-16,Cotton,Telangana,Warangal,Warangal Wholesale,7037.0,5771.0,7891.0,1549.0,INR/Quintal
2019-07-01,Cotton,Maharashtra,Pune,Pune Wholesale,5741.0,4708.0,6438.0,2499.0,INR/Quintal
2022-03-28,Rice,Bihar,Purnia,Purnia Wholesale,2584.0,2119.0,2898.0,1689.0,INR/Quintal
2025-09-26,Oilseeds,Maharashtra,Mumbai,Mumbai Wholesale,4354.0,3571.0,4883.0,1002.0,INR/Quintal
2021-04-16,Coffee,Karnataka,Bangalore,Bangalore Wholesale,23948.0,19639.0,26855.0,6284.0,INR/Quintal
2017-05-24,Maize,Bihar,Gaya,Gaya Wholesale,2203.0,1807.0,2470.0,926.0,INR/Quintal
2019-01-04,Sugarcane,Tamil Nadu,Madurai,Madurai Wholesale,394.0,323.0,442.0,1198.0,INR/Quintal
2024-11-13,Coffee,Karnataka,Belgaum,Belgaum Wholesale,12714.0,10426.0,14257.0,1499.0,INR/Quintal
2021-02-21,Maize,Karnataka,Hubli,Hubli Wholesale,1614.0,1324.0,1810.0,6635.0,INR/Quintal
2016-11-20,Oilseeds,Gujarat,Surat,Surat Wholesale,3194.0,2619.0,3582.0,902.0,INR/Quintal
2020-07-03,Sugarcane,Karnataka,Hubli,Hubli Wholesale,442.0,362.0,496.0,3901.0,INR/Quintal
2024-10-30,Maize,Bihar,Patna,Patna Wholesale,2358.0,1934.0,2644.0,3341.0,INR/Quintal
2023-08-08,Coffee,Karnataka,Mysore,Mysore Wholesale,16336.0,13397.0,18319.0,1792.0,INR/Quintal
2022-05-10,Wheat,Punjab,Patiala,Patiala Wholesale,2623.0,2151.0,2941.0,3144.0,INR/Quintal
2018-11-23,Cotton,Maharashtra,Nashik,Nashik Wholesale,7426.0,6090.0,8328.0,3921.0,INR/Quintal
2020-06-24,Potato,Bihar,Gaya,Gaya Wholesale,1700.0,1394.0,1906.0,3662.0,INR/Quintal
2016-11-02,Pulses,Madhya Pradesh,Bhopal,Bhopal Wholesale,3580.0,2936.0,4015.0,2727.0,INR/Quintal
2025-06-28,Tea,Kerala,Kozhikode,Kozhikode Wholesale,12632.0,10359.0,14166.0,3390.0,INR/Quintal
2023-12-19,Coconut,Andhra Pradesh,Chittoor,Chittoor Wholesale,2584.0,2119.0,2898.0,2049.0,INR/Quintal
2018-03-17,Coconut,Andhra Pradesh,Visakhapatnam,Visakhapatnam Wholesale,2988.0,2450.0,3351.0,5602.0,INR/Quintal
2019-02-04,Potato,West Bengal,Kolkata,Kolkata Wholesale,1149.0,942.0,1288.0,1534.0,INR/Quintal
2025-03-15,Sugarcane,Uttar Pradesh,Varanasi,Varanasi Wholesale,472.0,387.0,529.0,5457.0,INR/Quintal
2017-08-01,Sugarcane,Karnataka,Bangalore,Bangalore Wholesale,413.0,339.0,463.0,2653.0,INR/Quintal
2021-02-24,Maize,Karnataka,Belgaum,Belgaum Wholesale,2035.0,1669.0,2282.0,1701.0,INR/Quintal
2018-12-20,Cotton,Gujarat,Vadodara,Vadodara Wholesale,6711.0,5504.0,7526.0,1013.0,INR/Quintal
2025-03-26,Oilseeds,Maharashtra,Nagpur,Nagpur Wholesale,2758.0,2262.0,3093.0,2326.0,INR/Quintal
2021-12-14,Rice,Chhattisgarh,Raipur,Raipur Wholesale,2510.0,2058.0,2815.0,1675.0,INR/Quintal
2017-06-14,Apple,Jammu and Kashmir,Srinagar,Srinagar Wholesale,3825.0,3137.0,4289.0,1798.0,INR/Quintal
2020-12-29,Maize,Maharashtra,Mumbai,Mumbai Wholesale,1742.0,1429.0,1953.0,3762.0,INR/Quintal
2018-08-29,Coconut,Tamil Nadu,Chennai,Chennai Wholesale,2532.0,2076.0,2839.0,3150.0,INR/Quintal
2015-06-14,Rice,Bihar,Gaya,Gaya Wholesale,1315.0,1078.0,1475.0,1284.0,INR/Quintal
2021-06-19,Pulses,Madhya Pradesh,Bhopal,Bhopal Wholesale,4633.0,3799.0,5195.0,782.0,INR/Quintal
2020-08-30,Coffee,Kerala,Thrissur,Thrissur Wholesale,18901.0,15500.0,21196.0,935.0,INR/Quintal
2018-01-10,Maize,Andhra Pradesh,Visakhapatnam,Visakhapatnam Wholesale,2017.0,1654.0,2262.0,2639.0,INR/Quintal
2024-12-31,Apple,Jammu and Kashmir,Srinagar,Srinagar Wholesale,4388.0,3598.0,4921.0,1187.0,INR/Quintal
2023-10-08,Pulses,Rajasthan,Jaipur,Jaipur Wholesale,5867.0,4811.0,6579.0,2314.0,INR/Quintal
2025-01-18,Tea,Assam,Tinsukia,Tinsukia Wholesale,8414.0,6900.0,9435.0,2224.0,INR/Quintal
2019-10-20,Maize,Karnataka,Mysore,Mysore Wholesale,1627.0,1334.0,1825.0,2308.0,INR/Quintal
2023-04-20,Coconut,Kerala,Kozhikode,Kozhikode Wholesale,2379.0,1951.0,2668.0,525.0,INR/Quintal
2021-06-10,Cotton,Maharashtra,Mumbai,Mumbai Wholesale,5107.0,4188.0,5727.0,845.0,INR/Quintal
2020-04-22,Cotton,Gujarat,Vadodara,Vadodara Wholesale,8028.0,6584.0,9003.0,1326.0,INR/Quintal
2016-01-06,Sugarcane,Tamil Nadu,Chennai,Chennai Wholesale,335.0,275.0,376.0,4612.0,INR/Quintal
2020-02-24,Tea,Assam,Tinsukia,Tinsukia Wholesale,14735.0,12084.0,16524.0,2709.0,INR/Quintal
2017-05-02,Coconut,Karnataka,Mysore,Mysore Wholesale,2819.0,2312.0,3161.0,1731.0,INR/Quintal
2016-01-19,Sugarcane,Karnataka,Bangalore,Bangalore Wholesale,463.0,380.0,519.0,4006.0,INR/Quintal
2020-04-15,Rice,Chhattisgarh,Raipur,Raipur Wholesale,2136.0,1752.0,2395.0,2602.0,INR/Quintal
2021-10-28,Potato,Bihar,Muzaffarpur,Muzaffarpur Wholesale,2137.0,1753.0,2396.0,666.0,INR/Quintal
2016-02-29,Oilseeds,Maharashtra,Nashik,Nashik Wholesale,5019.0,4116.0,5628.0,5539.0,INR/Quintal
2021-01-17,Tea,West Bengal,Darjeeling,Darjeeling Wholesale,9528.0,7814.0,10685.0,5000.0,INR/Quintal
2023-11-24,Coffee,Tamil Nadu,Madurai,Madurai Wholesale,16201.0,13286.0,18168.0,1673.0,INR/Quintal
2016-09-20,Coconut,Kerala,Kozhikode,Kozhikode Wholesale,1154.0,946.0,1294.0,2012.0,INR/Quintal
2025-05-07,Oilseeds,Rajasthan,Udaipur,Udaipur Wholesale,5021.0,4118.0,5631.0,1126.0,INR/Quintal
2017-06-13,Oilseeds,Madhya Pradesh,Bhopal,Bhopal Wholesale,3969.0,3255.0,4451.0,3124.0,INR/Quintal
2021-12-12,Coconut,Andhra Pradesh,Chittoor,Chittoor Wholesale,1662.0,1363.0,1864.0,5524.0,INR/Quintal
2023-05-23,Coconut,Karnataka,Bangalore,Bangalore Wholesale,3219.0,2640.0,3610.0,3148.0,INR/Quintal
2021-07-02,Wheat,Rajasthan,Jaipur,Jaipur Wholesale,1814.0,1488.0,2034.0,952.0,INR/Quintal
2016-08-20,Coconut,Kerala,Thrissur,Thrissur Wholesale,2691.0,2207.0,3018.0,1360.0,INR/Quintal
2023-05-21,Apple,Jammu and Kashmir,Srinagar,Srinagar Wholesale,3885.0,3186.0,4357.0,748.0,INR/Quintal
2021-05-25,Maize,Maharashtra,Nagpur,Nagpur Wholesale,2191.0,1797.0,2457.0,756.0,INR/Quintal
2016-08-15,Coffee,Tamil Nadu,Chennai,Chennai Wholesale,8753.0,7178.0,9816.0,2790.0,INR/Quintal
2019-08-15,Tea,Assam,Tinsukia,Tinsukia Wholesale,8414.0,6900.0,9435.0,409.0,INR/Quintal
2024-12-23,Sugarcane,Karnataka,Belgaum,Belgaum Wholesale,519.0,426.0,582.0,1591.0,INR/Quintal
2016-07-26,Rice,Chhattisgarh,Raipur,Raipur Wholesale,1608.0,1319.0,1803.0,2232.0,INR/Quintal
2024-05-18,Maize,Madhya Pradesh,Bhopal,Bhopal Wholesale,2173.0,1782.0,2437.0,3216.0,INR/Quintal
2020-09-06,Coconut,Andhra Pradesh,Chittoor,Chittoor Wholesale,3255.0,2669.0,3650.0,697.0,INR/Quintal
2023-03-21,Wheat,Uttar Pradesh,Varanasi,Varanasi Wholesale,1922.0,1576.0,2155.0,6767.0,INR/Quintal
2020-09-21,Rice,Uttar Pradesh,Lucknow,Lucknow Wholesale,3015.0,2473.0,3381.0,4922.0,INR/Quintal
2019-09-01,Tea,West Bengal,Kolkata,Kolkata Wholesale,7597.0,6230.0,8519.0,643.0,INR/Quintal
2021-10-06,Potato,West Bengal,Kolkata,Kolkata Wholesale,814.0,668.0,913.0,1930.0,INR/Quintal
2025-01-17,Oilseeds,Madhya Pradesh,Bhopal,Bhopal Wholesale,3065.0,2514.0,3437.0,3480.0,INR/Quintal
2015-06-26,Apple,Himachal Pradesh,Shimla,Shimla Wholesale,8768.0,7190.0,9832.0,1752.0,INR/Quintal
2016-06-12,Coconut,Andhra Pradesh,Krishna,Krishna Wholesale,1401.0,1149.0,1571.0,1823.0,INR/Quintal
2019-06-22,Wheat,Punjab,Ludhiana,Ludhiana Wholesale,2684.0,2201.0,3010.0,1851.0,INR/Quintal
2017-08-23,Rice,Bihar,Patna,Patna Wholesale,3161.0,2592.0,3545.0,2982.0,INR/Quintal
2019-02-26,Sugarcane,Tamil Nadu,Chennai,Chennai Wholesale,400.0,328.0,449.0,6656.0,INR/Quintal
2015-07-17,Apple,Himachal Pradesh,Mandi,Mandi Wholesale,6771.0,5553.0,7593.0,1681.0,INR/Quintal
2022-04-11,Apple,Jammu and Kashmir,Srinagar,Srinagar Wholesale,8344.0,6843.0,9357.0,2436.0,INR/Quintal
2024-12-27,Wheat,Rajasthan,Jaipur,Jaipur Wholesale,2404.0,1971.0,2696.0,2256.0,INR/Quintal
2022-11-29,Rice,Chhattisgarh,Raipur,Raipur Wholesale,1602.0,1314.0,1796.0,2785.0,INR/Quintal
2017-05-02,Wheat,Bihar,Muzaffarpur,Muzaffarpur Wholesale,2050.0,1681.0,2299.0,4148.0,INR/Quintal
2024-10-28,Sugarcane,Tamil Nadu,Coimbatore,Coimbatore Wholesale,528.0,433.0,592.0,3737.0,INR/Quintal
2019-03-18,Sugarcane,Karnataka,Belgaum,Belgaum Wholesale,467.0,383.0,524.0,1755.0,INR/Quintal
2020-08-31,Coffee,Tamil Nadu,Coimbatore,Coimbatore Wholesale,11762.0,9646.0,13190.0,3395.0,INR/Quintal
2023-09-19,Cotton,Gujarat,Ahmedabad,Ahmedabad Wholesale,5611.0,4601.0,6292.0,1164.0,INR/Quintal
2017-12-16,Oilseeds,Madhya Pradesh,Bhopal,Bhopal Wholesale,5047.0,4139.0,5660.0,499.0,INR/Quintal
2023-08-04,Maize,Bihar,Purnia,Purnia Wholesale,1543.0,1265.0,1730.0,2094.0,INR/Quintal
2022-11-29,Coconut,Karnataka,Bangalore,Bangalore Wholesale,2988.0,2450.0,3351.0,1807.0,INR/Quintal
2015-04-08,Maize,Karnataka,Belgaum,Belgaum Wholesale,1246.0,1022.0,1397.0,964.0,INR/Quintal
2023-10-21,Apple,Jammu and Kashmir,Srinagar,Srinagar Wholesale,8915.0,7311.0,9997.0,1454.0,INR/Quintal
2020-03-18,Coconut,Andhra Pradesh,Chittoor,Chittoor Wholesale,3232.0,2650.0,3624.0,5459.0,INR/Quintal
2016-03-10,Tea,Kerala,Ernakulam,Ernakulam Wholesale,7392.0,6062.0,8289.0,4740.0,INR/Quintal
2016-09-28,Pulses,Rajasthan,Udaipur,Udaipur Wholesale,3318.0,2721.0,3721.0,2448.0,INR/Quintal
2025-04-08,Tea,Assam,Cachar,Cachar Wholesale,12749.0,10455.0,14297.0,2282.0,INR/Quintal
2023-08-24,Pulses,Uttar Pradesh,Kanpur,Kanpur Wholesale,4830.0,3961.0,5416.0,1828.0,INR/Quintal
2016-08-10,Wheat,Uttar Pradesh,Kanpur,Kanpur Wholesale,1975.0,1620.0,2215.0,1474.0,INR/Quintal
2015-12-10,Pulses,Madhya Pradesh,Bhopal,Bhopal Wholesale,4995.0,4096.0,5601.0,2255.0,INR/Quintal
2018-08-10,Cotton,Maharashtra,Nashik,Nashik Wholesale,5046.0,4138.0,5659.0,3106.0,INR/Quintal
2020-06-02,Cotton,Gujarat,Ahmedabad,Ahmedabad Wholesale,5831.0,4782.0,6539.0,3151.0,INR/Quintal
2016-07-24,Oilseeds,Gujarat,Rajkot,Rajkot Wholesale,4478.0,3672.0,5022.0,2287.0,INR/Quintal
2025-03-10,Rice,Telangana,Hyderabad,Hyderabad Wholesale,2974.0,2439.0,3335.0,1471.0,INR/Quintal
2016-09-02,Maize,Andhra Pradesh,Guntur,Guntur Wholesale,1572.0,1289.0,1763.0,2090.0,INR/Quintal
2019-09-24,Oilseeds,Rajasthan,Jaipur,Jaipur Wholesale,4472.0,3667.0,5015.0,433.0,INR/Quintal
2021-04-09,Cotton,Maharashtra,Nashik,Nashik Wholesale,7429.0,6092.0,8331.0,7194.0,INR/Quintal
2020-01-29,Rice,Punjab,Amritsar,Amritsar Wholesale,2513.0,2061.0,2818.0,1227.0,INR/Quintal
2022-02-21,Tea,Kerala,Kozhikode,Kozhikode Wholesale,8053.0,6604.0,9031.0,2230.0,INR/Quintal
2017-08-17,Maize,Bihar,Gaya,Gaya Wholesale,1272.0,1043.0,1426.0,704.0,INR/Quintal
2020-09-10,Coffee,Kerala,Ernakulam,Ernakulam Wholesale,20279.0,16630.0,22741.0,2233.0,INR/Quintal
2021-09-04,Maize,Madhya Pradesh,Bhopal,Bhopal Wholesale,2387.0,1958.0,2677.0,1068.0,INR/Quintal
2021-05-13,Apple,Jammu and Kashmir,Srinagar,Srinagar Wholesale,7656.0,6279.0,8585.0,464.0,INR/Quintal
2016-06-15,Wheat,Punjab,Ludhiana,Ludhiana Wholesale,1624.0,1332.0,1821.0,4338.0,INR/Quintal
2018-03-23,Potato,Bihar,Gaya,Gaya Wholesale,1502.0,1232.0,1684.0,6010.0,INR/Quintal
2021-08-27,Maize,Telangana,Warangal,Warangal Wholesale,2385.0,1956.0,2675.0,3057.0,INR/Quintal
2017-12-27,Cotton,Telangana,Hyderabad,Hyderabad Wholesale,5479.0,4493.0,6144.0,1461.0,INR/Quintal
2020-03-16,Wheat,Rajasthan,Jaipur,Jaipur Wholesale,1953.0,1602.0,2190.0,3402.0,INR/Quintal
2017-06-02,Sugarcane,Maharashtra,Pune,Pune Wholesale,411.0,337.0,461.0,827.0,INR/Quintal
2021-03-11,Pulses,Madhya Pradesh,Bhopal,Bhopal Wholesale,6465.0,5302.0,7250.0,1137.0,INR/Quintal
2019-08-06,Tea,West Bengal,Howrah,Howrah Wholesale,7377.0,6050.0,8273.0,2237.0,INR/Quintal
2021-08-20,Coffee,Tamil Nadu,Madurai,Madurai Wholesale,16998.0,13940.0,19062.0,1245.0,INR/Quintal
2022-08-23,Tea,West Bengal,Darjeeling,Darjeeling Wholesale,16599.0,13612.0,18614.0,3332.0,INR/Quintal
2021-03-10,Sugarcane,Karnataka,Mysore,Mysore Wholesale,461.0,378.0,517.0,6706.0,INR/Quintal
2020-10-27,Coconut,Karnataka,Belgaum,Belgaum Wholesale,2645.0,2169.0,2966.0,423.0,INR/Quintal
2019-10-16,Potato,West Bengal,Howrah,Howrah Wholesale,1621.0,1329.0,1818.0,1260.0,INR/Quintal
2022-04-29,Maize,Andhra Pradesh,Guntur,Guntur Wholesale,1610.0,1320.0,1805.0,3746.0,INR/Quintal
2022-04-05,Apple,Jammu and Kashmir,Srinagar,Srinagar Wholesale,5051.0,4142.0,5664.0,1529.0,INR/Quintal
2017-02-20,Oilseeds,Maharashtra,Nagpur,Nagpur Wholesale,4088.0,3352.0,4584.0,7569.0,INR/Quintal
2024-06-14,Wheat,Uttar Pradesh,Kanpur,Kanpur Wholesale,1927.0,1580.0,2161.0,6770.0,INR/Quintal
2023-05-07,Coffee,Tamil Nadu,Chennai,Chennai Wholesale,18397.0,15087.0,20630.0,4260.0,INR/Quintal
2022-06-20,Sugarcane,Karnataka,Mysore,Mysore Wholesale,484.0,397.0,543.0,1824.0,INR/Quintal
2020-10-06,Potato,West Bengal,Howrah,Howrah Wholesale,988.0,810.0,1108.0,3277.0,INR/Quintal
2025-08-03,Tea,West Bengal,Howrah,Howrah Wholesale,17131.0,14049.0,19211.0,1150.0,INR/Quintal
2023-06-25,Apple,Himachal Pradesh,Mandi,Mandi Wholesale,7734.0,6342.0,8673.0,2422.0,INR/Quintal
2017-05-30,Apple,Himachal Pradesh,Kangra,Kangra Wholesale,5018.0,4115.0,5627.0,303.0,INR/Quintal
2016-03-22,Sugarcane,Tamil Nadu,Madurai,Madurai Wholesale,381.0,312.0,427.0,4381.0,INR/Quintal
2020-10-14,Coffee,Karnataka,Mysore,Mysore Wholesale,23928.0,19623.0,26833.0,731.0,INR/Quintal
2019-11-19,Coffee,Tamil Nadu,Chennai,Chennai Wholesale,13959.0,11447.0,15654.0,2182.0,INR/Quintal
2018-07-01,Potato,Uttar Pradesh,Lucknow,Lucknow Wholesale,1575.0,1292.0,1766.0,4280.0,INR/Quintal
2020-06-14,Coconut,Karnataka,Hubli,Hubli Wholesale,1231.0,1010.0,1380.0,3964.0,INR/Quintal
2017-12-03,Tea,Assam,Kamrup,Kamrup Wholesale,6125.0,5023.0,6869.0,3228.0,INR/Quintal
2023-09-04,Cotton,Gujarat,Surat,Surat Wholesale,5262.0,4315.0,5901.0,2663.0,INR/Quintal
2019-04-27,Coconut,Karnataka,Mysore,Mysore Wholesale,2863.0,2348.0,3211.0,2260.0,INR/Quintal
2017-10-08,Coconut,Andhra Pradesh,Krishna,Krishna Wholesale,1803.0,1479.0,2022.0,3998.0,INR/Quintal
2021-03-24,Coffee,Karnataka,Mysore,Mysore Wholesale,13929.0,11423.0,15620.0,5934.0,INR/Quintal
2017-02-12,Wheat,Madhya Pradesh,Bhopal,Bhopal Wholesale,2382.0,1953.0,2671.0,1230.0,INR/Quintal
2022-06-19,Wheat,Uttar Pradesh,Varanasi,Varanasi Wholesale,2021.0,1657.0,2266.0,6329.0,INR/Quintal
2024-08-08,Pulses,Rajasthan,Udaipur,Udaipur Wholesale,4749.0,3895.0,5326.0,2527.0,INR/Quintal
2019-12-20,Tea,Kerala,Ernakulam,Ernakulam Wholesale,9384.0,7696.0,10523.0,2694.0,INR/Quintal
2022-04-02,Sugarcane,Maharashtra,Nagpur,Nagpur Wholesale,423.0,347.0,474.0,2896.0,INR/Quintal
2021-08-23,Wheat,Madhya Pradesh,Bhopal,Bhopal Wholesale,2461.0,2018.0,2760.0,1912.0,INR/Quintal
2018-04-16,Potato,Bihar,Gaya,Gaya Wholesale,1097.0,900.0,1230.0,2572.0,INR/Quintal
2018-12-21,Apple,Jammu and Kashmir,Srinagar,Srinagar Wholesale,5412.0,4438.0,6069.0,1417.0,INR/Quintal
2022-07-19,Sugarcane,Uttar Pradesh,Varanasi,Varanasi Wholesale,520.0,426.0,583.0,3763.0,INR/Quintal
2015-11-03,Tea,Assam,Cachar,Cachar Wholesale,13845.0,11354.0,15526.0,3184.0,INR/Quintal
2017-02-17,Potato,Uttar Pradesh,Lucknow,Lucknow Wholesale,1846.0,1514.0,2070.0,6199.0,INR/Quintal
2021-12-26,Maize,Telangana,Warangal,Warangal Wholesale,2437.0,1999.0,2733.0,1317.0,INR/Quintal
2021-05-04,Rice,Punjab,Patiala,Patiala Wholesale,2525.0,2071.0,2832.0,6491.0,INR/Quintal
2025-01-05,Wheat,Madhya Pradesh,Bhopal,Bhopal Wholesale,2790.0,2288.0,3129.0,1706.0,INR/Quintal
2015-01-08,Wheat,Rajasthan,Jodhpur,Jodhpur Wholesale,2057.0,1687.0,2307.0,1389.0,INR/Quintal
2021-12-30,Pulses,Madhya Pradesh,Bhopal,Bhopal Wholesale,6321.0,5184.0,7088.0,1810.0,INR/Quintal
2016-04-20,Cotton,Telangana,Warangal,Warangal Wholesale,5823.0,4775.0,6530.0,628.0,INR/Quintal
2018-08-13,Pulses,Rajasthan,Udaipur,Udaipur Wholesale,3633.0,2979.0,4074.0,2519.0,INR/Quintal
2021-01-20,Tea,Assam,Cachar,Cachar Wholesale,15453.0,12673.0,17329.0,2664.0,INR/Quintal
2016-04-29,Pulses,Maharashtra,Mumbai,Mumbai Wholesale,5440.0,4461.0,6100.0,6519.0,INR/Quintal
2025-01-16,Cotton,Maharashtra,Nashik,Nashik Wholesale,8399.0,6888.0,9419.0,2482.0,INR/Quintal
2023-08-10,Cotton,Telangana,Warangal,Warangal Wholesale,5668.0,4648.0,6356.0,2571.0,INR/Quintal
2022-02-27,Coffee,Karnataka,Bangalore,Bangalore Wholesale,14986.0,12290.0,16805.0,4230.0,INR/Quintal
2017-06-23,Apple,Himachal Pradesh,Mandi,Mandi Wholesale,5222.0,4282.0,5856.0,1204.0,INR/Quintal
2016-07-12,Coffee,Kerala,Kozhikode,Kozhikode Wholesale,14520.0,11908.0,16283.0,3310.0,INR/Quintal
2020-05-21,Rice,Chhattisgarh,Raipur,Raipur Wholesale,1458.0,1196.0,1635.0,2191.0,INR/Quintal
2021-04-04,Potato,West Bengal,Howrah,Howrah Wholesale,1272.0,1043.0,1426.0,4793.0,INR/Quintal
2018-02-01,Coconut,Andhra Pradesh,Visakhapatnam,Visakhapatnam Wholesale,1487.0,1219.0,1668.0,860.0,INR/Quintal
2018-05-18,Maize,Telangana,Hyderabad,Hyderabad Wholesale,1597.0,1310.0,1791.0,1922.0,INR/Quintal
2022-02-14,Cotton,Gujarat,Surat,Surat Wholesale,7404.0,6072.0,8303.0,6802.0,INR/Quintal
2022-11-15,Maize,Madhya Pradesh,Bhopal,Bhopal Wholesale,2486.0,2039.0,2788.0,2662.0,INR/Quintal
2016-04-12,Apple,Himachal Pradesh,Shimla,Shimla Wholesale,3529.0,2894.0,3957.0,1836.0,INR/Quintal
2024-08-26,Wheat,Punjab,Amritsar,Amritsar Wholesale,2624.0,2152.0,2943.0,5053.0,INR/Quintal
2024-02-22,Oilseeds,Rajasthan,Jodhpur,Jodhpur Wholesale,2677.0,2195.0,3002.0,2370.0,INR/Quintal
2021-08-30,Rice,Punjab,Patiala,Patiala Wholesale,1381.0,1133.0,1549.0,3386.0,INR/Quintal
2022-09-23,Tea,Assam,Kamrup,Kamrup Wholesale,14582.0,11958.0,16352.0,1243.0,INR/Quintal
2017-04-27,Apple,Himachal Pradesh,Mandi,Mandi Wholesale,7787.0,6386.0,8732.0,2072.0,INR/Quintal
2021-08-31,Sugarcane,Tamil Nadu,Chennai,Chennai Wholesale,498.0,408.0,558.0,1576.0,INR/Quintal
2023-01-03,Maize,Madhya Pradesh,Bhopal,Bhopal Wholesale,2076.0,1702.0,2328.0,2056.0,INR/Quintal
2015-09-16,Pulses,Maharashtra,Nagpur,Nagpur Wholesale,5579.0,4575.0,6256.0,4412.0,INR/Quintal
2015-10-10,Cotton,Gujarat,Ahmedabad,Ahmedabad Wholesale,4501.0,3691.0,5047.0,889.0,INR/Quintal
2019-07-08,Maize,Karnataka,Belgaum,Belgaum Wholesale,1624.0,1332.0,1821.0,910.0,INR/Quintal
2020-03-13,Coconut,Tamil Nadu,Madurai,Madurai Wholesale,1459.0,1196.0,1636.0,994.0,INR/Quintal
2015-02-09,Sugarcane,Karnataka,Belgaum,Belgaum Wholesale,420.0,344.0,471.0,2689.0,INR/Quintal
2021-12-08,Cotton,Maharashtra,Pune,Pune Wholesale,5530.0,4535.0,6201.0,2980.0,INR/Quintal
2023-02-24,Tea,Assam,Dibrugarh,Dibrugarh Wholesale,8128.0,6666.0,9115.0,933.0,INR/Quintal
2021-03-17,Coconut,Karnataka,Bangalore,Bangalore Wholesale,2651.0,2174.0,2973.0,4249.0,INR/Quintal
2023-10-06,Oilseeds,Madhya Pradesh,Bhopal,Bhopal Wholesale,2767.0,2269.0,3103.0,1850.0,INR/Quintal
2017-10-11,Pulses,Rajasthan,Jaipur,Jaipur Wholesale,3323.0,2725.0,3726.0,2010.0,INR/Quintal
2023-05-30,Maize,Bihar,Patna,Patna Wholesale,1620.0,1329.0,1817.0,5626.0,INR/Quintal
2024-10-31,Coffee,Karnataka,Mysore,Mysore Wholesale,11180.0,9168.0,12537.0,2676.0,INR/Quintal
2016-09-04,Rice,Telangana,Hyderabad,Hyderabad Wholesale,2466.0,2022.0,2765.0,632.0,INR/Quintal
2023-02-23,Maize,Madhya Pradesh,Bhopal,Bhopal Wholesale,2185.0,1792.0,2450.0,905.0,INR/Quintal
2020-03-30,Maize,Karnataka,Belgaum,Belgaum Wholesale,1621.0,1329.0,1818.0,5719.0,INR/Quintal
2016-11-18,Sugarcane,Karnataka,Mysore,Mysore Wholesale,345.0,283.0,387.0,3204.0,INR/Quintal
2025-02-07,Sugarcane,Tamil Nadu,Chennai,Chennai Wholesale,548.0,449.0,615.0,1703.0,INR/Quintal
2016-09-04,Coconut,Karnataka,Bangalore,Bangalore Wholesale,2064.0,1693.0,2315.0,1263.0,INR/Quintal
2021-04-26,Rice,Chhattisgarh,Raipur,Raipur Wholesale,2829.0,2320.0,3172.0,3418.0,INR/Quintal
2023-04-26,Maize,Telangana,Warangal,Warangal Wholesale,2049.0,1680.0,2298.0,3456.0,INR/Quintal
2023-04-02,Potato,Punjab,Ludhiana,Ludhiana Wholesale,1062.0,871.0,1191.0,5920.0,INR/Quintal
2021-08-10,Tea,West Bengal,Darjeeling,Darjeeling Wholesale,20821.0,17075.0,23349.0,1177.0,INR/Quintal
2019-11-17,Sugarcane,Uttar Pradesh,Varanasi,Varanasi Wholesale,431.0,353.0,483.0,4247.0,INR/Quintal
2019-12-16,Sugarcane,Tamil Nadu,Chennai,Chennai Wholesale,358.0,294.0,401.0,4365.0,INR/Quintal
2022-02-04,Coconut,Kerala,Ernakulam,Ernakulam Wholesale,2193.0,1798.0,2459.0,4519.0,INR/Quintal
2022-05-20,Apple,Himachal Pradesh,Mandi,Mandi Wholesale,6185.0,5072.0,6936.0,2194.0,INR/Quintal
2019-03-28,Potato,Bihar,Patna,Patna Wholesale,920.0,754.0,1032.0,4022.0,INR/Quintal
2020-04-14,Cotton,Andhra Pradesh,Visakhapatnam,Visakhapatnam Wholesale,7820.0,6413.0,8769.0,5336.0,INR/Quintal
2022-11-01,Apple,Himachal Pradesh,Shimla,Shimla Wholesale,9856.0,8083.0,11053.0,1140.0,INR/Quintal
2023-06-15,Maize,Karnataka,Mysore,Mysore Wholesale,1735.0,1423.0,1946.0,1673.0,INR/Quintal
2018-02-26,Rice,West Bengal,Kolkata,Kolkata Wholesale,1858.0,1524.0,2084.0,6194.0,INR/Quintal
2016-07-28,Sugarcane,Tamil Nadu,Madurai,Madurai Wholesale,427.0,350.0,479.0,2709.0,INR/Quintal
2023-09-16,Rice,Andhra Pradesh,Chittoor,Chittoor Wholesale,1757.0,1441.0,1970.0,2667.0,INR/Quintal
2020-03-25,Rice,Bihar,Gaya,Gaya Wholesale,2511.0,2059.0,2816.0,6442.0,INR/Quintal
2017-10-09,Tea,Kerala,Kozhikode,Kozhikode Wholesale,11446.0,9387.0,12836.0,2921.0,INR/Quintal
2024-11-13,Coffee,Tamil Nadu,Madurai,Madurai Wholesale,19120.0,15680.0,21441.0,2934.0,INR/Quintal
2016-10-31,Sugarcane,Karnataka,Belgaum,Belgaum Wholesale,418.0,343.0,469.0,532.0,INR/Quintal
2015-09-26,Apple,Himachal Pradesh,Mandi,Mandi Wholesale,7187.0,5894.0,8060.0,799.0,INR/Quintal
2023-11-08,Pulses,Rajasthan,Jodhpur,Jodhpur Wholesale,7309.0,5994.0,8196.0,2807.0,INR/Quintal
2018-07-07,Cotton,Gujarat,Surat,Surat Wholesale,5493.0,4505.0,6160.0,1833.0,INR/Quintal
2017-07-12,Rice,Bihar,Gaya,Gaya Wholesale,2923.0,2397.0,3278.0,4247.0,INR/Quintal
2018-01-30,Sugarcane,Maharashtra,Mumbai,Mumbai Wholesale,331.0,271.0,371.0,1315.0,INR/Quintal
2019-03-10,Coconut,Karnataka,Hubli,Hubli Wholesale,1766.0,1448.0,1980.0,4371.0,INR/Quintal
2019-10-25,Cotton,Maharashtra,Pune,Pune Wholesale,4643.0,3808.0,5207.0,2713.0,INR/Quintal
2019-05-14,Pulses,Madhya Pradesh,Bhopal,Bhopal Wholesale,5548.0,4550.0,6222.0,1517.0,INR/Quintal
2015-09-04,Sugarcane,Tamil Nadu,Coimbatore,Coimbatore Wholesale,315.0,258.0,353.0,3672.0,INR/Quintal
2025-02-28,Maize,Telangana,Hyderabad,Hyderabad Wholesale,2659.0,2181.0,2982.0,3726.0,INR/Quintal
2025-08-02,Rice,Tamil Nadu,Madurai,Madurai Wholesale,2981.0,2445.0,3343.0,1251.0,INR/Quintal
2025-09-13,Pulses,Madhya Pradesh,Bhopal,Bhopal Wholesale,4012.0,3290.0,4499.0,1248.0,INR/Quintal
2019-04-10,Maize,Andhra Pradesh,Visakhapatnam,Visakhapatnam Wholesale,2145.0,1759.0,2405.0,5662.0,INR/Quintal
2020-12-18,Rice,Chhattisgarh,Raipur,Raipur Wholesale,3133.0,2569.0,3513.0,1288.0,INR/Quintal
2021-07-28,Wheat,Uttar Pradesh,Lucknow,Lucknow Wholesale,2550.0,2091.0,2860.0,5684.0,INR/Quintal
2021-02-21,Apple,Himachal Pradesh,Shimla,Shimla Wholesale,4092.0,3356.0,4589.0,785.0,INR/Quintal
2025-07-31,Oilseeds,Maharashtra,Pune,Pune Wholesale,5946.0,4876.0,6668.0,1868.0,INR/Quintal
2020-04-23,Potato,Punjab,Amritsar,Amritsar Wholesale,1839.0,1508.0,2062.0,2177.0,INR/Quintal
2017-07-18,Rice,Telangana,Warangal,Warangal Wholesale,1862.0,1527.0,2088.0,741.0,INR/Quintal
2025-03-26,Pulses,Maharashtra,Nagpur,Nagpur Wholesale,5182.0,4250.0,5811.0,3129.0,INR/Quintal
2024-06-15,Pulses,Madhya Pradesh,Bhopal,Bhopal Wholesale,5638.0,4624.0,6322.0,3997.0,INR/Quintal
2023-05-28,Oilseeds,Gujarat,Surat,Surat Wholesale,5706.0,4679.0,6399.0,1276.0,INR/Quintal
2022-05-16,Sugarcane,Tamil Nadu,Chennai,Chennai Wholesale,409.0,335.0,459.0,1845.0,INR/Quintal
2015-08-15,Coconut,Karnataka,Mysore,Mysore Wholesale,1202.0,986.0,1348.0,1402.0,INR/Quintal
2022-07-11,Potato,Bihar,Gaya,Gaya Wholesale,2174.0,1783.0,2438.0,2793.0,INR/Quintal
2024-09-17,Cotton,Telangana,Hyderabad,Hyderabad Wholesale,5180.0,4248.0,5809.0,2428.0,INR/Quintal
2024-09-18,Rice,Andhra Pradesh,Krishna,Krishna Wholesale,3584.0,2939.0,4019.0,3262.0,INR/Quintal
2015-09-22,Sugarcane,Maharashtra,Mumbai,Mumbai Wholesale,346.0,284.0,388.0,490.0,INR/Quintal
2018-10-27,Maize,Maharashtra,Nagpur,Nagpur Wholesale,1862.0,1527.0,2088.0,3304.0,INR/Quintal
2024-09-27,Cotton,Andhra Pradesh,Chittoor,Chittoor Wholesale,5584.0,4579.0,6262.0,2804.0,INR/Quintal
2018-12-28,Potato,West Bengal,Darjeeling,Darjeeling Wholesale,2020.0,1657.0,2265.0,3112.0,INR/Quintal
2016-10-07,Sugarcane,Uttar Pradesh,Varanasi,Varanasi Wholesale,425.0,349.0,477.0,2450.0,INR/Quintal
2021-03-08,Coffee,Tamil Nadu,Madurai,Madurai Wholesale,21400.0,17550.0,23998.0,5847.0,INR/Quintal
2024-12-22,Cotton,Maharashtra,Pune,Pune Wholesale,7683.0,6301.0,8616.0,2662.0,INR/Quintal
2024-06-10,Tea,Kerala,Thrissur,Thrissur Wholesale,7826.0,6418.0,8776.0,1228.0,INR/Quintal
2018-11-19,Tea,Assam,Kamrup,Kamrup Wholesale,8810.0,7225.0,9880.0,1289.0,INR/Quintal
2019-01-13,Rice,Tamil Nadu,Madurai,Madurai Wholesale,2211.0,1813.0,2479.0,3135.0,INR/Quintal
2023-03-10,Rice,Uttar Pradesh,Varanasi,Varanasi Wholesale,2746.0,2252.0,3079.0,2853.0,INR/Quintal
2018-10-19,Rice,Bihar,Muzaffarpur,Muzaffarpur Wholesale,3110.0,2550.0,3488.0,2394.0,INR/Quintal
2020-03-14,Potato,Bihar,Muzaffarpur,Muzaffarpur Wholesale,1237.0,1014.0,1387.0,5823.0,INR/Quintal
2021-11-09,Coconut,Tamil Nadu,Madurai,Madurai Wholesale,2839.0,2328.0,3184.0,2973.0,INR/Quintal
2022-08-04,Coconut,Andhra Pradesh,Krishna,Krishna Wholesale,3536.0,2900.0,3965.0,2229.0,INR/Quintal
2025-05-27,Coffee,Tamil Nadu,Madurai,Madurai Wholesale,12138.0,9954.0,13612.0,5169.0,INR/Quintal
2018-06-03,Sugarcane,Karnataka,Belgaum,Belgaum Wholesale,468.0,384.0,525.0,4253.0,INR/Quintal
2017-09-08,Maize,Bihar,Muzaffarpur,Muzaffarpur Wholesale,1718.0,1409.0,1927.0,1506.0,INR/Quintal
2018-02-28,Wheat,Bihar,Gaya,Gaya Wholesale,2433.0,1995.0,2728.0,4055.0,INR/Quintal
2016-08-10,Pulses,Maharashtra,Pune,Pune Wholesale,3997.0,3278.0,4482.0,3641.0,INR/Quintal
2016-04-20,Maize,Karnataka,Bangalore,Bangalore Wholesale,1580.0,1296.0,1772.0,2224.0,INR/Quintal
2019-12-27,Sugarcane,Tamil Nadu,Chennai,Chennai Wholesale,341.0,280.0,382.0,2363.0,INR/Quintal
2017-09-12,Coffee,Kerala,Kozhikode,Kozhikode Wholesale,20836.0,17087.0,23366.0,547.0,INR/Quintal
2024-03-02,Potato,Uttar Pradesh,Lucknow,Lucknow Wholesale,2185.0,1792.0,2450.0,9642.0,INR/Quintal
2021-01-12,Cotton,Gujarat,Vadodara,Vadodara Wholesale,5052.0,4143.0,5665.0,1223.0,INR/Quintal
2025-06-28,Maize,Karnataka,Mysore,Mysore Wholesale,2859.0,2345.0,3206.0,1385.0,INR/Quintal
2018-05-26,Cotton,Gujarat,Ahmedabad,Ahmedabad Wholesale,6338.0,5198.0,7107.0,3670.0,INR/Quintal
2015-07-09,Wheat,Haryana,Hisar,Hisar Wholesale,2354.0,1930.0,2640.0,5229.0,INR/Quintal
2018-12-11,Coconut,Tamil Nadu,Coimbatore,Coimbatore Wholesale,1235.0,1013.0,1385.0,2312.0,INR/Quintal
2017-09-07,Sugarcane,Maharashtra,Nagpur,Nagpur Wholesale,380.0,312.0,426.0,3602.0,INR/Quintal
2019-08-26,Apple,Himachal Pradesh,Shimla,Shimla Wholesale,7821.0,6414.0,8770.0,1311.0,INR/Quintal
2019-09-12,Coffee,Tamil Nadu,Coimbatore,Coimbatore Wholesale,9871.0,8095.0,11069.0,2598.0,INR/Quintal
2022-02-06,Sugarcane,Uttar Pradesh,Lucknow,Lucknow Wholesale,452.0,371.0,507.0,8131.0,INR/Quintal
2015-02-10,Pulses,Madhya Pradesh,Bhopal,Bhopal Wholesale,4328.0,3549.0,4853.0,568.0,INR/Quintal
2021-06-12,Potato,West Bengal,Darjeeling,Darjeeling Wholesale,972.0,797.0,1090.0,5149.0,INR/Quintal
2017-07-31,Pulses,Maharashtra,Mumbai,Mumbai Wholesale,4135.0,3391.0,4637.0,4676.0,INR/Quintal
2015-12-04,Sugarcane,Tamil Nadu,Madurai,Madurai Wholesale,445.0,365.0,499.0,5192.0,INR/Quintal
2018-08-30,Pulses,Maharashtra,Pune,Pune Wholesale,4214.0,3456.0,4726.0,3917.0,INR/Quintal
2018-01-03,Coconut,Andhra Pradesh,Krishna,Krishna Wholesale,1555.0,1275.0,1744.0,6146.0,INR/Quintal
2023-03-20,Oilseeds,Gujarat,Vadodara,Vadodara Wholesale,4475.0,3670.0,5018.0,2206.0,INR/Quintal
2021-05-15,Sugarcane,Maharashtra,Nagpur,Nagpur Wholesale,473.0,388.0,530.0,2895.0,INR/Quintal
2023-11-22,Coffee,Tamil Nadu,Madurai,Madurai Wholesale,19674.0,16134.0,22062.0,1794.0,INR/Quintal
2017-06-14,Maize,Telangana,Nizamabad,Nizamabad Wholesale,2072.0,1699.0,2324.0,892.0,INR/Quintal
2025-03-22,Coffee,Kerala,Thrissur,Thrissur Wholesale,10975.0,9000.0,12307.0,3934.0,INR/Quintal
2021-05-09,Oilseeds,Maharashtra,Pune,Pune Wholesale,3754.0,3079.0,4210.0,1664.0,INR/Quintal
2022-11-24,Apple,Himachal Pradesh,Shimla,Shimla Wholesale,9144.0,7499.0,10254.0,313.0,INR/Quintal
2022-04-21,Maize,Madhya Pradesh,Bhopal,Bhopal Wholesale,2547.0,2089.0,2856.0,4021.0,INR/Quintal
2019-08-02,Oilseeds,Gujarat,Vadodara,Vadodara Wholesale,4263.0,3496.0,4781.0,4060.0,INR/Quintal
2022-12-19,Maize,Maharashtra,Pune,Pune Wholesale,1515.0,1242.0,1699.0,5120.0,INR/Quintal
2025-07-21,Apple,Himachal Pradesh,Kangra,Kangra Wholesale,7126.0,5844.0,7991.0,1791.0,INR/Quintal
2017-07-19,Coffee,Kerala,Kozhikode,Kozhikode Wholesale,9424.0,7728.0,10568.0,2163.0,INR/Quintal
2015-10-16,Apple,Jammu and Kashmir,Srinagar,Srinagar Wholesale,6743.0,5530.0,7562.0,1331.0,INR/Quintal
2016-12-24,Sugarcane,Tamil Nadu,Coimbatore,Coimbatore Wholesale,319.0,262.0,358.0,3009.0,INR/Quintal
2023-01-19,Rice,Telangana,Warangal,Warangal Wholesale,1701.0,1395.0,1908.0,5121.0,INR/Quintal
2021-05-08,Tea,Kerala,Kozhikode,Kozhikode Wholesale,9738.0,7986.0,10920.0,888.0,INR/Quintal
2020-05-07,Tea,Kerala,Thrissur,Thrissur Wholesale,9963.0,8170.0,11173.0,3810.0,INR/Quintal
2017-12-25,Oilseeds,Madhya Pradesh,Bhopal,Bhopal Wholesale,3413.0,2799.0,3827.0,2709.0,INR/Quintal
2016-04-27,Tea,Kerala,Kozhikode,Kozhikode Wholesale,8931.0,7324.0,10015.0,3137.0,INR/Quintal
2017-07-24,Coffee,Kerala,Thrissur,Thrissur Wholesale,17552.0,14394.0,19683.0,2561.0,INR/Quintal
2021-04-14,Cotton,Maharashtra,Pune,Pune Wholesale,6027.0,4943.0,6759.0,7012.0,INR/Quintal
2015-06-05,Oilseeds,Rajasthan,Jaipur,Jaipur Wholesale,3643.0,2988.0,4085.0,3068.0,INR/Quintal
2017-12-06,Maize,Maharashtra,Pune,Pune Wholesale,1594.0,1307.0,1788.0,1676.0,INR/Quintal
2020-05-12,Apple,Himachal Pradesh,Mandi,Mandi Wholesale,6032.0,4947.0,6764.0,797.0,INR/Quintal
2021-11-06,Apple,Jammu and Kashmir,Srinagar,Srinagar Wholesale,7161.0,5873.0,8030.0,195.0,INR/Quintal
2021-02-26,Potato,West Bengal,Darjeeling,Darjeeling Wholesale,1458.0,1196.0,1635.0,1515.0,INR/Quintal
2019-08-11,Pulses,Madhya Pradesh,Bhopal,Bhopal Wholesale,5789.0,4747.0,6492.0,999.0,INR/Quintal
2015-05-04,Coffee,Kerala,Thrissur,Thrissur Wholesale,14726.0,12076.0,16514.0,3445.0,INR/Quintal
2020-08-10,Maize,Maharashtra,Pune,Pune Wholesale,2304.0,1889.0,2584.0,2541.0,INR/Quintal
2017-08-25,Cotton,Andhra Pradesh,Chittoor,Chittoor Wholesale,5650.0,4633.0,6336.0,3473.0,INR/Quintal
2025-06-27,Potato,Bihar,Muzaffarpur,Muzaffarpur Wholesale,1608.0,1319.0,1803.0,2689.0,INR/Quintal
2017-05-04,Tea,Kerala,Kozhikode,Kozhikode Wholesale,11162.0,9154.0,12517.0,2760.0,INR/Quintal
2016-10-01,Cotton,Maharashtra,Nashik,Nashik Wholesale,4804.0,3940.0,5387.0,962.0,INR/Quintal
2021-02-16,Oilseeds,Madhya Pradesh,Bhopal,Bhopal Wholesale,3726.0,3056.0,4178.0,4026.0,INR/Quintal
2019-05-22,Coconut,Kerala,Thrissur,Thrissur Wholesale,2520.0,2067.0,2826.0,3599.0,INR/Quintal
2022-01-07,Apple,Jammu and Kashmir,Srinagar,Srinagar Wholesale,3805.0,3120.0,4267.0,867.0,INR/Quintal
2016-03-17,Wheat,Rajasthan,Udaipur,Udaipur Wholesale,1995.0,1636.0,2237.0,1801.0,INR/Quintal
2020-04-28,Wheat,Uttar Pradesh,Varanasi,Varanasi Wholesale,2414.0,1980.0,2707.0,2813.0,INR/Quintal
2020-01-13,Tea,Kerala,Kozhikode,Kozhikode Wholesale,15187.0,12455.0,17031.0,3829.0,INR/Quintal
2020-01-04,Wheat,Haryana,Karnal,Karnal Wholesale,2734.0,2242.0,3066.0,6217.0,INR/Quintal
2020-12-30,Wheat,Madhya Pradesh,Bhopal,Bhopal Wholesale,2048.0,1680.0,2297.0,2593.0,INR/Quintal
2023-12-07,Maize,Bihar,Patna,Patna Wholesale,2117.0,1736.0,2374.0,1575.0,INR/Quintal
2016-06-16,Maize,Maharashtra,Nashik,Nashik Wholesale,1294.0,1061.0,1451.0,1655.0,INR/Quintal
2021-03-24,Pulses,Uttar Pradesh,Kanpur,Kanpur Wholesale,4392.0,3602.0,4925.0,1416.0,INR/Quintal
2018-08-29,Sugarcane,Karnataka,Belgaum,Belgaum Wholesale,454.0,372.0,509.0,574.0,INR/Quintal
2025-02-17,Tea,Kerala,Ernakulam,Ernakulam Wholesale,7293.0,5981.0,8178.0,1353.0,INR/Quintal
2017-08-06,Wheat,Bihar,Muzaffarpur,Muzaffarpur Wholesale,1863.0,1528.0,2089.0,705.0,INR/Quintal
2024-03-27,Pulses,Madhya Pradesh,Bhopal,Bhopal Wholesale,7407.0,6074.0,8306.0,3123.0,INR/Quintal
2025-03-14,Tea,Kerala,Thrissur,Thrissur Wholesale,15489.0,12702.0,17369.0,2196.0,INR/Quintal
2020-07-12,Wheat,Madhya Pradesh,Bhopal,Bhopal Wholesale,2624.0,2152.0,2943.0,1702.0,INR/Quintal
2016-04-04,Coffee,Kerala,Kozhikode,Kozhikode Wholesale,18926.0,15521.0,21224.0,3198.0,INR/Quintal
2024-07-04,Apple,Jammu and Kashmir,Srinagar,Srinagar Wholesale,8570.0,7028.0,9610.0,1178.0,INR/Quintal
2016-07-04,Rice,Tamil Nadu,Coimbatore,Coimbatore Wholesale,1278.0,1048.0,1433.0,3195.0,INR/Quintal
2016-01-28,Coffee,Kerala,Thrissur,Thrissur Wholesale,14625.0,11994.0,16400.0,1540.0,INR/Quintal
2019-11-23,Potato,Uttar Pradesh,Lucknow,Lucknow Wholesale,1306.0,1071.0,1465.0,5283.0,INR/Quintal
2017-04-24,Tea,West Bengal,Howrah,Howrah Wholesale,10318.0,8462.0,11571.0,6416.0,INR/Quintal
2023-12-23,Sugarcane,Tamil Nadu,Chennai,Chennai Wholesale,527.0,432.0,591.0,2114.0,INR/Quintal
2021-03-07,Potato,West Bengal,Howrah,Howrah Wholesale,1412.0,1158.0,1583.0,825.0,INR/Quintal
2018-02-12,Pulses,Rajasthan,Udaipur,Udaipur Wholesale,3467.0,2843.0,3888.0,4009.0,INR/Quintal
2025-06-05,Pulses,Maharashtra,Mumbai,Mumbai Wholesale,4972.0,4077.0,5576.0,6053.0,INR/Quintal
2016-10-07,Wheat,Punjab,Amritsar,Amritsar Wholesale,1780.0,1460.0,1996.0,810.0,INR/Quintal
2024-02-05,Potato,Bihar,Muzaffarpur,Muzaffarpur Wholesale,2326.0,1907.0,2608.0,658.0,INR/Quintal
2021-03-16,Apple,Jammu and Kashmir,Srinagar,Srinagar Wholesale,7360.0,6036.0,8254.0,2170.0,INR/Quintal
2021-09-20,Wheat,Madhya Pradesh,Bhopal,Bhopal Wholesale,2431.0,1994.0,2726.0,1040.0,INR/Quintal
2019-01-06,Tea,Kerala,Ernakulam,Ernakulam Wholesale,10147.0,8321.0,11379.0,4246.0,INR/Quintal
2025-01-22,Pulses,Uttar Pradesh,Kanpur,Kanpur Wholesale,6435.0,5277.0,7216.0,2545.0,INR/Quintal
2018-10-09,Rice,Andhra Pradesh,Guntur,Guntur Wholesale,2736.0,2244.0,3068.0,3886.0,INR/Quintal
2023-01-14,Pulses,Uttar Pradesh,Varanasi,Varanasi Wholesale,5782.0,4742.0,6484.0,1395.0,INR/Quintal
2022-02-18,Maize,Bihar,Muzaffarpur,Muzaffarpur Wholesale,2587.0,2122.0,2901.0,2107.0,INR/Quintal
2022-02-10,Coconut,Karnataka,Mysore,Mysore Wholesale,3574.0,2931.0,4008.0,6761.0,INR/Quintal
2015-05-22,Cotton,Maharashtra,Pune,Pune Wholesale,6986.0,5729.0,7834.0,2303.0,INR/Quintal
2022-04-13,Sugarcane,Uttar Pradesh,Kanpur,Kanpur Wholesale,484.0,397.0,543.0,2076.0,INR/Quintal
2016-05-15,Potato,Punjab,Patiala,Patiala Wholesale,1956.0,1604.0,2193.0,7515.0,INR/Quintal
2017-04-19,Wheat,Rajasthan,Jodhpur,Jodhpur Wholesale,2019.0,1656.0,2264.0,908.0,INR/Quintal
2022-07-12,Cotton,Andhra Pradesh,Krishna,Krishna Wholesale,7960.0,6528.0,8926.0,957.0,INR/Quintal
2024-11-27,Cotton,Andhra Pradesh,Guntur,Guntur Wholesale,8544.0,7007.0,9581.0,1995.0,INR/Quintal
2019-08-10,Coffee,Tamil Nadu,Madurai,Madurai Wholesale,20056.0,16447.0,22491.0,2735.0,INR/Quintal
2019-04-15,Coconut,Tamil Nadu,Madurai,Madurai Wholesale,2981.0,2445.0,3343.0,5125.0,INR/Quintal
2020-08-08,Oilseeds,Maharashtra,Pune,Pune Wholesale,3703.0,3037.0,4153.0,4297.0,INR/Quintal
2025-09-22,Coffee,Tamil Nadu,Madurai,Madurai Wholesale,12235.0,10034.0,13720.0,2259.0,INR/Quintal
2019-03-11,Coffee,Kerala,Thrissur,Thrissur Wholesale,13448.0,11028.0,15081.0,2361.0,INR/Quintal
2016-08-18,Sugarcane,Tamil Nadu,Madurai,Madurai Wholesale,428.0,351.0,480.0,1722.0,INR/Quintal
2020-03-19,Maize,Karnataka,Hubli,Hubli Wholesale,1648.0,1351.0,1848.0,6165.0,INR/Quintal
2015-10-08,Pulses,Rajasthan,Jodhpur,Jodhpur Wholesale,4435.0,3637.0,4973.0,1947.0,INR/Quintal
2016-02-28,Coffee,Karnataka,Bangalore,Bangalore Wholesale,16751.0,13737.0,18785.0,6339.0,INR/Quintal
2022-12-13,Tea,Kerala,Thrissur,Thrissur Wholesale,12021.0,9858.0,13480.0,3871.0,INR/Quintal
2015-09-27,Pulses,Madhya Pradesh,Bhopal,Bhopal Wholesale,5807.0,4762.0,6512.0,1036.0,INR/Quintal
2015-06-03,Maize,Bihar,Patna,Patna Wholesale,1861.0,1526.0,2087.0,2884.0,INR/Quintal
2022-04-15,Wheat,Punjab,Ludhiana,Ludhiana Wholesale,2766.0,2268.0,3102.0,6318.0,INR/Quintal
2019-10-17,Oilseeds,Rajasthan,Udaipur,Udaipur Wholesale,4195.0,3440.0,4704.0,641.0,INR/Quintal
2016-10-23,Pulses,Madhya Pradesh,Bhopal,Bhopal Wholesale,5666.0,4647.0,6354.0,438.0,INR/Quintal
2020-05-21,Potato,Bihar,Purnia,Purnia Wholesale,1030.0,845.0,1155.0,5066.0,INR/Quintal
2015-03-24,Sugarcane,Uttar Pradesh,Lucknow,Lucknow Wholesale,331.0,271.0,371.0,5674.0,INR/Quintal
2025-02-10,Cotton,Telangana,Warangal,Warangal Wholesale,8813.0,7227.0,9883.0,3479.0,INR/Quintal
2023-03-14,Apple,Himachal Pradesh,Shimla,Shimla Wholesale,8822.0,7235.0,9893.0,1948.0,INR/Quintal
2023-01-25,Coconut,Kerala,Ernakulam,Ernakulam Wholesale,2905.0,2382.0,3258.0,3586.0,INR/Quintal
2018-12-20,Wheat,Madhya Pradesh,Bhopal,Bhopal Wholesale,2144.0,1758.0,2404.0,924.0,INR/Quintal
2018-07-22,Maize,Andhra Pradesh,Visakhapatnam,Visakhapatnam Wholesale,1719.0,1410.0,1928.0,3328.0,INR/Quintal
2025-05-12,Coffee,Kerala,Kozhikode,Kozhikode Wholesale,19069.0,15638.0,21384.0,2404.0,INR/Quintal
2021-05-20,Tea,West Bengal,Darjeeling,Darjeeling Wholesale,8787.0,7206.0,9854.0,5738.0,INR/Quintal
2017-09-06,Tea,Kerala,Ernakulam,Ernakulam Wholesale,9108.0,7469.0,10214.0,1589.0,INR/Quintal
2021-01-29,Oilseeds,Gujarat,Vadodara,Vadodara Wholesale,3972.0,3257.0,4454.0,6546.0,INR/Quintal
2024-04-21,Maize,Karnataka,Belgaum,Belgaum Wholesale,2208.0,1811.0,2476.0,2896.0,INR/Quintal
2025-05-17,Wheat,Madhya Pradesh,Bhopal,Bhopal Wholesale,2775.0,2276.0,3112.0,4463.0,INR/Quintal
2023-08-01,Potato,Bihar,Gaya,Gaya Wholesale,2401.0,1969.0,2692.0,3285.0,INR/Quintal
2023-08-11,Cotton,Andhra Pradesh,Krishna,Krishna Wholesale,7386.0,6057.0,8283.0,2779.0,INR/Quintal
2022-09-11,Coffee,Karnataka,Bangalore,Bangalore Wholesale,24763.0,20308.0,27769.0,1611.0,INR/Quintal
2019-07-18,Apple,Himachal Pradesh,Mandi,Mandi Wholesale,7123.0,5841.0,7988.0,931.0,INR/Quintal
2018-10-30,Coconut,Karnataka,Hubli,Hubli Wholesale,2457.0,2015.0,2755.0,3238.0,INR/Quintal
2016-09-24,Sugarcane,Uttar Pradesh,Kanpur,Kanpur Wholesale,320.0,262.0,359.0,3268.0,INR/Quintal
2019-03-12,Rice,Odisha,Bhubaneswar,Bhubaneswar Wholesale,1419.0,1164.0,1591.0,2699.0,INR/Quintal
2017-02-25,Rice,Telangana,Warangal,Warangal Wholesale,2289.0,1877.0,2567.0,3812.0,INR/Quintal
2023-03-10,Coffee,Karnataka,Belgaum,Belgaum Wholesale,17389.0,14260.0,19500.0,5433.0,INR/Quintal
2023-05-18,Wheat,Uttar Pradesh,Lucknow,Lucknow Wholesale,2851.0,2338.0,3197.0,1040.0,INR/Quintal
2016-02-02,Coffee,Kerala,Kozhikode,Kozhikode Wholesale,14954.0,12263.0,16769.0,911.0,INR/Quintal
2018-02-17,Maize,Bihar,Purnia,Purnia Wholesale,2270.0,1862.0,2546.0,1166.0,INR/Quintal
2017-07-22,Coconut,Karnataka,Hubli,Hubli Wholesale,3121.0,2559.0,3500.0,1443.0,INR/Quintal
2018-12-31,Rice,Assam,Dibrugarh,Dibrugarh Wholesale,1412.0,1158.0,1583.0,1937.0,INR/Quintal
2020-01-27,Oilseeds,Maharashtra,Nagpur,Nagpur Wholesale,3662.0,3003.0,4107.0,6154.0,INR/Quintal
2022-06-16,Maize,Karnataka,Hubli,Hubli Wholesale,2257.0,1851.0,2531.0,2288.0,INR/Quintal
2023-03-03,Rice,Chhattisgarh,Raipur,Raipur Wholesale,1998.0,1639.0,2241.0,527.0,INR/Quintal
2021-11-17,Potato,Uttar Pradesh,Varanasi,Varanasi Wholesale,1063.0,872.0,1192.0,3411.0,INR/Quintal
2015-10-13,Coconut,Kerala,Ernakulam,Ernakulam Wholesale,2627.0,2154.0,2946.0,2952.0,INR/Quintal
2015-09-22,Apple,Jammu and Kashmir,Srinagar,Srinagar Wholesale,7902.0,6480.0,8861.0,580.0,INR/Quintal
2021-06-25,Cotton,Gujarat,Vadodara,Vadodara Wholesale,7459.0,6117.0,8365.0,5791.0,INR/Quintal
2022-06-13,Tea,Kerala,Ernakulam,Ernakulam Wholesale,11148.0,9142.0,12501.0,765.0,INR/Quintal
2024-06-09,Maize,Maharashtra,Nagpur,Nagpur Wholesale,2086.0,1711.0,2339.0,1663.0,INR/Quintal
2022-11-07,Tea,Kerala,Kozhikode,Kozhikode Wholesale,11322.0,9285.0,12697.0,2556.0,INR/Quintal
2020-11-06,Tea,West Bengal,Kolkata,Kolkata Wholesale,13287.0,10896.0,14900.0,2576.0,INR/Quintal
2019-08-05,Coconut,Karnataka,Bangalore,Bangalore Wholesale,2246.0,1842.0,2519.0,3210.0,INR/Quintal
2018-05-11,Coconut,Karnataka,Mysore,Mysore Wholesale,1534.0,1258.0,1720.0,5548.0,INR/Quintal
2017-03-31,Rice,Uttar Pradesh,Lucknow,Lucknow Wholesale,2976.0,2441.0,3337.0,3178.0,INR/Quintal
2019-10-29,Maize,Karnataka,Hubli,Hubli Wholesale,2189.0,1795.0,2455.0,2909.0,INR/Quintal
2023-05-07,Cotton,Gujarat,Vadodara,Vadodara Wholesale,7493.0,6145.0,8403.0,4463.0,INR/Quintal
2021-07-09,Potato,Uttar Pradesh,Kanpur,Kanpur Wholesale,2271.0,1862.0,2547.0,5581.0,INR/Quintal
2021-03-19,Pulses,Maharashtra,Nashik,Nashik Wholesale,4547.0,3729.0,5099.0,4116.0,INR/Quintal
2015-02-10,Oilseeds,Gujarat,Rajkot,Rajkot Wholesale,2243.0,1839.0,2515.0,1109.0,INR/Quintal
2019-09-28,Tea,Kerala,Ernakulam,Ernakulam Wholesale,13367.0,10962.0,14990.0,1727.0,INR/Quintal
2015-03-09,Cotton,Maharashtra,Pune,Pune Wholesale,6995.0,5736.0,7844.0,8137.0,INR/Quintal
2017-09-14,Coconut,Karnataka,Mysore,Mysore Wholesale,2286.0,1875.0,2564.0,436.0,INR/Quintal
2019-12-05,Sugarcane,Karnataka,Belgaum,Belgaum Wholesale,346.0,284.0,388.0,1739.0,INR/Quintal
2022-01-05,Sugarcane,Tamil Nadu,Madurai,Madurai Wholesale,505.0,414.0,566.0,2432.0,INR/Quintal
2025-02-25,Pulses,Uttar Pradesh,Kanpur,Kanpur Wholesale,4188.0,3434.0,4696.0,7457.0,INR/Quintal
2025-02-10,Pulses,Uttar Pradesh,Varanasi,Varanasi Wholesale,6006.0,4925.0,6735.0,3694.0,INR/Quintal
2019-06-10,Pulses,Rajasthan,Jaipur,Jaipur Wholesale,4293.0,3521.0,4814.0,1103.0,INR/Quintal
2019-07-14,Apple,Jammu and Kashmir,Srinagar,Srinagar Wholesale,8484.0,6958.0,9514.0,1162.0,INR/Quintal
2023-10-04,Oilseeds,Maharashtra,Nashik,Nashik Wholesale,4159.0,3411.0,4664.0,682.0,INR/Quintal
2018-07-02,Oilseeds,Rajasthan,Udaipur,Udaipur Wholesale,5118.0,4197.0,5739.0,754.0,INR/Quintal
2016-11-25,Potato,Uttar Pradesh,Lucknow,Lucknow Wholesale,977.0,801.0,1096.0,2979.0,INR/Quintal
2023-06-15,Tea,Assam,Tinsukia,Tinsukia Wholesale,11003.0,9023.0,12339.0,1680.0,INR/Quintal
2021-11-29,Wheat,Madhya Pradesh,Bhopal,Bhopal Wholesale,2888.0,2368.0,3239.0,1402.0,INR/Quintal
2017-12-21,Apple,Jammu and Kashmir,Srinagar,Srinagar Wholesale,4247.0,3483.0,4763.0,395.0,INR/Quintal
2023-01-07,Sugarcane,Tamil Nadu,Madurai,Madurai Wholesale,480.0,394.0,538.0,2687.0,INR/Quintal
2021-10-15,Rice,Telangana,Hyderabad,Hyderabad Wholesale,2097.0,1720.0,2352.0,2725.0,INR/Quintal
2019-08-21,Rice,Chhattisgarh,Raipur,Raipur Wholesale,2854.0,2341.0,3200.0,1224.0,INR/Quintal
2021-05-04,Pulses,Uttar Pradesh,Kanpur,Kanpur Wholesale,3998.0,3279.0,4483.0,5413.0,INR/Quintal
2017-11-24,Coffee,Tamil Nadu,Chennai,Chennai Wholesale,13339.0,10939.0,14958.0,1156.0,INR/Quintal
2017-02-17,Sugarcane,Tamil Nadu,Madurai,Madurai Wholesale,429.0,352.0,481.0,1128.0,INR/Quintal
2024-12-26,Wheat,Rajasthan,Jaipur,Jaipur Wholesale,2422.0,1986.0,2716.0,3122.0,INR/Quintal
2016-05-08,Apple,Jammu and Kashmir,Srinagar,Srinagar Wholesale,3391.0,2781.0,3803.0,916.0,INR/Quintal
2019-05-05,Wheat,Bihar,Muzaffarpur,Muzaffarpur Wholesale,2470.0,2026.0,2770.0,2388.0,INR/Quintal
2019-02-01,Rice,Andhra Pradesh,Krishna,Krishna Wholesale,2247.0,1843.0,2520.0,6727.0,INR/Quintal
2019-11-26,Coffee,Kerala,Ernakulam,Ernakulam Wholesale,9112.0,7473.0,10218.0,2506.0,INR/Quintal
2016-10-22,Wheat,Bihar,Muzaffarpur,Muzaffarpur Wholesale,2176.0,1784.0,2440.0,2889.0,INR/Quintal
2018-09-10,Sugarcane,Uttar Pradesh,Kanpur,Kanpur Wholesale,477.0,391.0,535.0,3747.0,INR/Quintal
2018-08-20,Tea,West Bengal,Howrah,Howrah Wholesale,7992.0,6554.0,8962.0,795.0,INR/Quintal
2018-07-23,Cotton,Andhra Pradesh,Guntur,Guntur Wholesale,6291.0,5159.0,7055.0,4907.0,INR/Quintal
2020-06-09,Coffee,Kerala,Thrissur,Thrissur Wholesale,19256.0,15791.0,21594.0,3673.0,INR/Quintal
2025-04-13,Wheat,Madhya Pradesh,Bhopal,Bhopal Wholesale,2042.0,1675.0,2290.0,1575.0,INR/Quintal
2023-05-19,Coconut,Kerala,Kozhikode,Kozhikode Wholesale,1296.0,1063.0,1453.0,3789.0,INR/Quintal
2020-08-06,Coffee,Tamil Nadu,Coimbatore,Coimbatore Wholesale,14826.0,12158.0,16626.0,1907.0,INR/Quintal
2023-12-17,Coffee,Kerala,Thrissur,Thrissur Wholesale,21693.0,17790.0,24327.0,2862.0,INR/Quintal
2024-08-17,Tea,Assam,Cachar,Cachar Wholesale,8391.0,6881.0,9410.0,737.0,INR/Quintal
2020-04-12,Sugarcane,Karnataka,Mysore,Mysore Wholesale,489.0,401.0,548.0,4051.0,INR/Quintal
2018-09-09,Apple,Jammu and Kashmir,Srinagar,Srinagar Wholesale,6848.0,5616.0,7679.0,300.0,INR/Quintal
2017-11-24,Rice,Uttar Pradesh,Kanpur,Kanpur Wholesale,1764.0,1447.0,1978.0,3714.0,INR/Quintal
2017-09-03,Coconut,Karnataka,Mysore,Mysore Wholesale,2154.0,1766.0,2415.0,1229.0,INR/Quintal
2016-04-26,Tea,Assam,Dibrugarh,Dibrugarh Wholesale,15095.0,12379.0,16928.0,2556.0,INR/Quintal
2016-12-28,Wheat,Rajasthan,Jodhpur,Jodhpur Wholesale,1768.0,1450.0,1983.0,2454.0,INR/Quintal
2021-12-02,Pulses,Uttar Pradesh,Varanasi,Varanasi Wholesale,5308.0,4353.0,5952.0,6670.0,INR/Quintal
2023-08-03,Tea,Assam,Tinsukia,Tinsukia Wholesale,13944.0,11435.0,15637.0,737.0,INR/Quintal
2017-10-28,Pulses,Rajasthan,Jodhpur,Jodhpur Wholesale,3619.0,2968.0,4058.0,2342.0,INR/Quintal
2024-03-26,Maize,Andhra Pradesh,Krishna,Krishna Wholesale,1579.0,1295.0,1771.0,3518.0,INR/Quintal
2015-12-09,Rice,West Bengal,Howrah,Howrah Wholesale,1027.0,842.0,1152.0,4727.0,INR/Quintal
2024-08-03,Sugarcane,Maharashtra,Nashik,Nashik Wholesale,443.0,363.0,497.0,2701.0,INR/Quintal
2018-12-18,Cotton,Maharashtra,Nashik,Nashik Wholesale,4602.0,3774.0,5161.0,5694.0,INR/Quintal
2021-07-07,Coffee,Tamil Nadu,Madurai,Madurai Wholesale,19780.0,16221.0,22181.0,3256.0,INR/Quintal
2021-10-21,Pulses,Maharashtra,Nashik,Nashik Wholesale,7071.0,5799.0,7929.0,2684.0,INR/Quintal
2025-01-07,Cotton,Telangana,Hyderabad,Hyderabad Wholesale,5439.0,4460.0,6099.0,1973.0,INR/Quintal
2021-01-30,Cotton,Gujarat,Rajkot,Rajkot Wholesale,6252.0,5127.0,7011.0,6707.0,INR/Quintal
2022-02-19,Pulses,Madhya Pradesh,Bhopal,Bhopal Wholesale,3723.0,3053.0,4175.0,4136.0,INR/Quintal
2016-06-10,Cotton,Maharashtra,Pune,Pune Wholesale,4534.0,3718.0,5084.0,2880.0,INR/Quintal
2020-03-11,Coffee,Tamil Nadu,Madurai,Madurai Wholesale,12974.0,10640.0,14549.0,1788.0,INR/Quintal
2016-10-20,Apple,Himachal Pradesh,Shimla,Shimla Wholesale,5629.0,4616.0,6312.0,1483.0,INR/Quintal
2020-09-04,Potato,West Bengal,Darjeeling,Darjeeling Wholesale,2196.0,1801.0,2463.0,3815.0,INR/Quintal
2017-03-30,Maize,Telangana,Nizamabad,Nizamabad Wholesale,1692.0,1388.0,1897.0,2054.0,INR/Quintal
2022-04-06,Pulses,Maharashtra,Nagpur,Nagpur Wholesale,5431.0,4454.0,6090.0,7569.0,INR/Quintal
2016-02-10,Coffee,Karnataka,Belgaum,Belgaum Wholesale,12403.0,10171.0,13909.0,1475.0,INR/Quintal
2021-03-29,Coconut,Andhra Pradesh,Chittoor,Chittoor Wholesale,1180.0,968.0,1323.0,7464.0,INR/Quintal
2022-01-24,Rice,Bihar,Patna,Patna Wholesale,3386.0,2777.0,3797.0,4432.0,INR/Quintal
2025-08-26,Pulses,Maharashtra,Pune,Pune Wholesale,4219.0,3460.0,4731.0,1982.0,INR/Quintal
2019-04-23,Apple,Jammu and Kashmir,Srinagar,Srinagar Wholesale,8760.0,7184.0,9823.0,943.0,INR/Quintal
2019-12-17,Coffee,Karnataka,Mysore,Mysore Wholesale,11790.0,9669.0,13221.0,3735.0,INR/Quintal
2016-05-19,Coffee,Kerala,Ernakulam,Ernakulam Wholesale,15716.0,12888.0,17624.0,2917.0,INR/Quintal
2025-03-29,Coconut,Tamil Nadu,Madurai,Madurai Wholesale,3898.0,3197.0,4371.0,6628.0,INR/Quintal
2015-06-28,Tea,Kerala,Ernakulam,Ernakulam Wholesale,5746.0,4712.0,6444.0,3158.0,INR/Quintal
2015-05-12,Potato,Punjab,Ludhiana,Ludhiana Wholesale,1136.0,932.0,1274.0,5057.0,INR/Quintal
2020-01-21,Apple,Himachal Pradesh,Shimla,Shimla Wholesale,8731.0,7160.0,9791.0,2688.0,INR/Quintal
2019-01-18,Pulses,Rajasthan,Jaipur,Jaipur Wholesale,3468.0,2844.0,3889.0,2550.0,INR/Quintal
2021-07-23,Coconut,Tamil Nadu,Madurai,Madurai Wholesale,2808.0,2303.0,3149.0,4043.0,INR/Quintal
2022-01-31,Sugarcane,Uttar Pradesh,Lucknow,Lucknow Wholesale,378.0,310.0,424.0,7390.0,INR/Quintal
2017-02-10,Coffee,Karnataka,Belgaum,Belgaum Wholesale,12637.0,10363.0,14171.0,6425.0,INR/Quintal
2018-11-30,Maize,Bihar,Patna,Patna Wholesale,1482.0,1215.0,1662.0,684.0,INR/Quintal
2020-10-24,Tea,Kerala,Thrissur,Thrissur Wholesale,14566.0,11945.0,16334.0,1852.0,INR/Quintal
2016-08-01,Coffee,Tamil Nadu,Coimbatore,Coimbatore Wholesale,9947.0,8157.0,11155.0,2123.0,INR/Quintal
2022-12-11,Pulses,Rajasthan,Udaipur,Udaipur Wholesale,3777.0,3097.0,4236.0,1895.0,INR/Quintal
2019-02-24,Wheat,Madhya Pradesh,Bhopal,Bhopal Wholesale,2338.0,1917.0,2622.0,2590.0,INR/Quintal
2015-07-13,Coffee,Kerala,Kozhikode,Kozhikode Wholesale,12154.0,9967.0,13630.0,2903.0,INR/Quintal
2020-06-30,Oilseeds,Maharashtra,Mumbai,Mumbai Wholesale,3700.0,3034.0,4149.0,2513.0,INR/Quintal
2018-03-31,Wheat,Bihar,Gaya,Gaya Wholesale,1765.0,1447.0,1979.0,3357.0,INR/Quintal
2021-07-22,Coffee,Kerala,Ernakulam,Ernakulam Wholesale,20035.0,16430.0,22467.0,954.0,INR/Quintal
2023-03-18,Cotton,Telangana,Warangal,Warangal Wholesale,7198.0,5903.0,8072.0,1910.0,INR/Quintal
2018-10-16,Apple,Himachal Pradesh,Mandi,Mandi Wholesale,5780.0,4740.0,6482.0,1285.0,INR/Quintal
2019-11-28,Coffee,Tamil Nadu,Madurai,Madurai Wholesale,10703.0,8777.0,12002.0,960.0,INR/Quintal
2025-01-03,Rice,West Bengal,Darjeeling,Darjeeling Wholesale,2843.0,2331.0,3188.0,1702.0,INR/Quintal
2018-01-15,Cotton,Gujarat,Vadodara,Vadodara Wholesale,6906.0,5663.0,7744.0,3969.0,INR/Quintal
2024-02-16,Pulses,Maharashtra,Pune,Pune Wholesale,5000.0,4100.0,5607.0,1141.0,INR/Quintal
2021-03-11,Maize,Maharashtra,Nashik,Nashik Wholesale,1447.0,1187.0,1623.0,1810.0,INR/Quintal
2025-03-25,Wheat,Madhya Pradesh,Bhopal,Bhopal Wholesale,2229.0,1828.0,2500.0,4560.0,INR/Quintal
2025-05-21,Sugarcane,Tamil Nadu,Chennai,Chennai Wholesale,523.0,429.0,586.0,5449.0,INR/Quintal
2020-04-20,Tea,West Bengal,Darjeeling,Darjeeling Wholesale,20550.0,16853.0,23045.0,2862.0,INR/Quintal
2022-03-05,Coconut,Karnataka,Belgaum,Belgaum Wholesale,1242.0,1019.0,1393.0,2954.0,INR/Quintal
2017-02-18,Maize,Karnataka,Hubli,Hubli Wholesale,1597.0,1310.0,1791.0,6533.0,INR/Quintal
2015-09-19,Cotton,Maharashtra,Mumbai,Mumbai Wholesale,4186.0,3433.0,4694.0,561.0,INR/Quintal
2016-12-30,Tea,Kerala,Kozhikode,Kozhikode Wholesale,7568.0,6206.0,8487.0,2489.0,INR/Quintal
2015-10-10,Wheat,Bihar,Muzaffarpur,Muzaffarpur Wholesale,1906.0,1563.0,2137.0,2360.0,INR/Quintal
2025-03-08,Sugarcane,Maharashtra,Nashik,Nashik Wholesale,570.0,467.0,639.0,6837.0,INR/Quintal
2019-01-30,Oilseeds,Gujarat,Vadodara,Vadodara Wholesale,2511.0,2059.0,2816.0,6600.0,INR/Quintal
2024-06-13,Oilseeds,Madhya Pradesh,Bhopal,Bhopal Wholesale,5501.0,4511.0,6169.0,1681.0,INR/Quintal
2015-12-28,Apple,Himachal Pradesh,Shimla,Shimla Wholesale,5475.0,4490.0,6140.0,1235.0,INR/Quintal
2024-08-21,Sugarcane,Karnataka,Belgaum,Belgaum Wholesale,536.0,440.0,601.0,2867.0,INR/Quintal
2016-03-16,Tea,Kerala,Ernakulam,Ernakulam Wholesale,9394.0,7704.0,10534.0,5047.0,INR/Quintal
2020-11-10,Pulses,Rajasthan,Udaipur,Udaipur Wholesale,3586.0,2941.0,4021.0,2683.0,INR/Quintal
2019-07-03,Tea,Assam,Tinsukia,Tinsukia Wholesale,16198.0,13284.0,18164.0,2381.0,INR/Quintal
2022-09-01,Apple,Jammu and Kashmir,Srinagar,Srinagar Wholesale,4131.0,3388.0,4633.0,1219.0,INR/Quintal
2017-05-16,Coffee,Kerala,Thrissur,Thrissur Wholesale,16083.0,13189.0,18035.0,813.0,INR/Quintal
2018-12-18,Tea,Assam,Cachar,Cachar Wholesale,15017.0,12315.0,16840.0,1758.0,INR/Quintal
2015-05-22,Pulses,Madhya Pradesh,Bhopal,Bhopal Wholesale,3239.0,2656.0,3632.0,514.0,INR/Quintal
2018-08-07,Maize,Madhya Pradesh,Bhopal,Bhopal Wholesale,1912.0,1568.0,2144.0,769.0,INR/Quintal
2018-12-26,Wheat,Uttar Pradesh,Lucknow,Lucknow Wholesale,2533.0,2077.0,2841.0,5006.0,INR/Quintal
2022-08-28,Tea,West Bengal,Kolkata,Kolkata Wholesale,21581.0,17698.0,24201.0,3652.0,INR/Quintal
2020-02-19,Coconut,Kerala,Thrissur,Thrissur Wholesale,2816.0,2309.0,3158.0,3374.0,INR/Quintal
2020-01-22,Wheat,Uttar Pradesh,Lucknow,Lucknow Wholesale,2045.0,1677.0,2293.0,6018.0,INR/Quintal
2019-09-09,Cotton,Andhra Pradesh,Visakhapatnam,Visakhapatnam Wholesale,6831.0,5602.0,7660.0,812.0,INR/Quintal
2022-05-24,Oilseeds,Madhya Pradesh,Bhopal,Bhopal Wholesale,4982.0,4086.0,5587.0,3213.0,INR/Quintal
2016-12-01,Oilseeds,Gujarat,Surat,Surat Wholesale,4223.0,3463.0,4736.0,3053.0,INR/Quintal
2017-09-24,Pulses,Rajasthan,Udaipur,Udaipur Wholesale,5897.0,4836.0,6613.0,1681.0,INR/Quintal
2020-09-27,Cotton,Maharashtra,Nagpur,Nagpur Wholesale,4901.0,4019.0,5496.0,1791.0,INR/Quintal
2018-08-18,Oilseeds,Gujarat,Rajkot,Rajkot Wholesale,2535.0,2079.0,2843.0,2768.0,INR/Quintal
2017-05-30,Apple,Jammu and Kashmir,Srinagar,Srinagar Wholesale,6575.0,5392.0,7373.0,1108.0,INR/Quintal
2018-04-28,Pulses,Rajasthan,Jodhpur,Jodhpur Wholesale,6389.0,5239.0,7165.0,2658.0,INR/Quintal
2018-03-05,Tea,Assam,Tinsukia,Tinsukia Wholesale,10528.0,8634.0,11806.0,1208.0,INR/Quintal
2016-07-08,Cotton,Gujarat,Ahmedabad,Ahmedabad Wholesale,7088.0,5813.0,7948.0,2327.0,INR/Quintal
2016-02-08,Apple,Himachal Pradesh,Shimla,Shimla Wholesale,8713.0,7145.0,9771.0,1376.0,INR/Quintal
2017-06-10,Coffee,Karnataka,Mysore,Mysore Wholesale,21962.0,18011.0,24628.0,4195.0,INR/Quintal
2022-12-22,Coffee,Tamil Nadu,Madurai,Madurai Wholesale,21746.0,17833.0,24386.0,4047.0,INR/Quintal
2016-08-24,Coffee,Karnataka,Mysore,Mysore Wholesale,21278.0,17450.0,23861.0,3737.0,INR/Quintal
2020-01-05,Maize,Karnataka,Hubli,Hubli Wholesale,2323.0,1905.0,2605.0,4230.0,INR/Quintal
2015-12-07,Coffee,Kerala,Ernakulam,Ernakulam Wholesale,16340.0,13400.0,18324.0,1532.0,INR/Quintal
2025-06-25,Cotton,Maharashtra,Nashik,Nashik Wholesale,5295.0,4342.0,5938.0,5232.0,INR/Quintal
2020-05-22,Rice,Uttar Pradesh,Lucknow,Lucknow Wholesale,1454.0,1192.0,1631.0,4720.0,INR/Quintal
2016-12-04,Oilseeds,Maharashtra,Pune,Pune Wholesale,2475.0,2030.0,2775.0,1782.0,INR/Quintal
2015-11-14,Coffee,Tamil Nadu,Chennai,Chennai Wholesale,7868.0,6452.0,8823.0,3612.0,INR/Quintal
2022-04-19,Cotton,Andhra Pradesh,Krishna,Krishna Wholesale,5264.0,4317.0,5903.0,1657.0,INR/Quintal
2018-10-18,Apple,Jammu and Kashmir,Srinagar,Srinagar Wholesale,8283.0,6793.0,9289.0,385.0,INR/Quintal
2025-08-29,Potato,Punjab,Patiala,Patiala Wholesale,1944.0,1594.0,2180.0,4346.0,INR/Quintal
2021-08-26,Apple,Jammu and Kashmir,Srinagar,Srinagar Wholesale,5381.0,4413.0,6034.0,1174.0,INR/Quintal
2021-03-30,Tea,West Bengal,Howrah,Howrah Wholesale,18314.0,15019.0,20537.0,5804.0,INR/Quintal
2019-12-06,Apple,Himachal Pradesh,Shimla,Shimla Wholesale,6704.0,5498.0,7518.0,910.0,INR/Quintal
2018-09-29,Maize,Bihar,Patna,Patna Wholesale,1463.0,1200.0,1641.0,3080.0,INR/Quintal
2019-04-22,Wheat,Rajasthan,Jaipur,Jaipur Wholesale,2671.0,2190.0,2995.0,3309.0,INR/Quintal
2017-03-27,Pulses,Maharashtra,Mumbai,Mumbai Wholesale,4257.0,3491.0,4774.0,7187.0,INR/Quintal
2016-07-06,Potato,West Bengal,Kolkata,Kolkata Wholesale,1595.0,1308.0,1789.0,3449.0,INR/Quintal
2024-11-09,Apple,Himachal Pradesh,Mandi,Mandi Wholesale,6221.0,5102.0,6976.0,1321.0,INR/Quintal
2017-05-05,Potato,Uttar Pradesh,Varanasi,Varanasi Wholesale,1325.0,1087.0,1486.0,1712.0,INR/Quintal
2019-12-18,Maize,Madhya Pradesh,Bhopal,Bhopal Wholesale,2258.0,1852.0,2532.0,2959.0,INR/Quintal
2022-11-06,Pulses,Uttar Pradesh,Varanasi,Varanasi Wholesale,4199.0,3444.0,4709.0,4599.0,INR/Quintal
2024-12-21,Maize,Maharashtra,Mumbai,Mumbai Wholesale,2765.0,2268.0,3101.0,2478.0,INR/Quintal
2015-07-02,Coffee,Karnataka,Hubli,Hubli Wholesale,9727.0,7977.0,10908.0,3563.0,INR/Quintal
2023-07-10,Wheat,Haryana,Gurgaon,Gurgaon Wholesale,2522.0,2068.0,2828.0,3543.0,INR/Quintal
2019-04-24,Pulses,Uttar Pradesh,Kanpur,Kanpur Wholesale,6438.0,5280.0,7220.0,5702.0,INR/Quintal
2016-02-01,Cotton,Maharashtra,Nashik,Nashik Wholesale,7042.0,5775.0,7897.0,3528.0,INR/Quintal
2019-09-24,Apple,Himachal Pradesh,Kangra,Kangra Wholesale,5126.0,4204.0,5748.0,359.0,INR/Quintal
2022-09-27,Apple,Jammu and Kashmir,Srinagar,Srinagar Wholesale,4501.0,3691.0,5047.0,413.0,INR/Quintal
2019-02-26,Oilseeds,Maharashtra,Mumbai,Mumbai Wholesale,4674.0,3833.0,5241.0,6485.0,INR/Quintal
2025-03-19,Maize,Karnataka,Hubli,Hubli Wholesale,1615.0,1324.0,1811.0,2462.0,INR/Quintal
2017-06-25,Wheat,Rajasthan,Jaipur,Jaipur Wholesale,2104.0,1725.0,2359.0,357.0,INR/Quintal
2018-09-18,Tea,Kerala,Ernakulam,Ernakulam Wholesale,12717.0,10429.0,14261.0,2792.0,INR/Quintal
2020-12-14,Rice,Uttar Pradesh,Varanasi,Varanasi Wholesale,2439.0,2000.0,2735.0,2172.0,INR/Quintal
2024-12-08,Tea,Assam,Tinsukia,Tinsukia Wholesale,8738.0,7166.0,9799.0,2759.0,INR/Quintal
2024-12-07,Rice,Uttar Pradesh,Varanasi,Varanasi Wholesale,2507.0,2056.0,2811.0,7007.0,INR/Quintal
2015-01-01,Sugarcane,Maharashtra,Mumbai,Mumbai Wholesale,438.0,359.0,491.0,4782.0,INR/Quintal
2023-11-14,Cotton,Gujarat,Ahmedabad,Ahmedabad Wholesale,7256.0,5950.0,8137.0,4178.0,INR/Quintal
2025-02-08,Sugarcane,Uttar Pradesh,Varanasi,Varanasi Wholesale,531.0,435.0,595.0,9248.0,INR/Quintal
2015-01-19,Maize,Maharashtra,Nagpur,Nagpur Wholesale,1536.0,1260.0,1722.0,6536.0,INR/Quintal
2024-04-26,Maize,Maharashtra,Pune,Pune Wholesale,1763.0,1446.0,1977.0,4931.0,INR/Quintal
2016-08-06,Apple,Jammu and Kashmir,Srinagar,Srinagar Wholesale,4407.0,3614.0,4942.0,633.0,INR/Quintal
2016-03-31,Rice,Punjab,Amritsar,Amritsar Wholesale,2128.0,1745.0,2386.0,5209.0,INR/Quintal
2023-03-24,Pulses,Uttar Pradesh,Varanasi,Varanasi Wholesale,4762.0,3905.0,5340.0,8362.0,INR/Quintal
2020-07-29,Coconut,Tamil Nadu,Madurai,Madurai Wholesale,2397.0,1966.0,2688.0,4058.0,INR/Quintal
2018-02-06,Wheat,Madhya Pradesh,Bhopal,Bhopal Wholesale,2406.0,1973.0,2698.0,4340.0,INR/Quintal
2024-02-22,Coffee,Tamil Nadu,Chennai,Chennai Wholesale,20285.0,16635.0,22748.0,4417.0,INR/Quintal
2021-10-28,Potato,Uttar Pradesh,Lucknow,Lucknow Wholesale,881.0,722.0,988.0,2938.0,INR/Quintal
2024-01-25,Maize,Maharashtra,Mumbai,Mumbai Wholesale,2477.0,2031.0,2778.0,2842.0,INR/Quintal
2020-05-06,Sugarcane,Maharashtra,Mumbai,Mumbai Wholesale,461.0,378.0,517.0,770.0,INR/Quintal
2024-03-26,Sugarcane,Maharashtra,Nagpur,Nagpur Wholesale,383.0,314.0,429.0,6659.0,INR/Quintal
2022-04-03,Coconut,Tamil Nadu,Coimbatore,Coimbatore Wholesale,1352.0,1109.0,1516.0,2420.0,INR/Quintal
2020-11-20,Tea,Kerala,Kozhikode,Kozhikode Wholesale,11864.0,9729.0,13304.0,1349.0,INR/Quintal
2017-09-14,Cotton,Maharashtra,Nagpur,Nagpur Wholesale,5460.0,4478.0,6123.0,3909.0,INR/Quintal
2024-02-04,Rice,Chhattisgarh,Raipur,Raipur Wholesale,1641.0,1346.0,1840.0,648.0,INR/Quintal
2024-08-25,Potato,Punjab,Ludhiana,Ludhiana Wholesale,720.0,590.0,807.0,5190.0,INR/Quintal
2016-06-03,Rice,Tamil Nadu,Madurai,Madurai Wholesale,1358.0,1114.0,1523.0,557.0,INR/Quintal
2023-10-30,Maize,Bihar,Patna,Patna Wholesale,2675.0,2194.0,3000.0,3498.0,INR/Quintal
2017-05-08,Apple,Jammu and Kashmir,Srinagar,Srinagar Wholesale,7036.0,5770.0,7890.0,1171.0,INR/Quintal
2015-06-23,Oilseeds,Gujarat,Vadodara,Vadodara Wholesale,3583.0,2938.0,4018.0,1151.0,INR/Quintal
2018-09-28,Potato,Bihar,Purnia,Purnia Wholesale,2084.0,1709.0,2337.0,2474.0,INR/Quintal
2025-03-30,Tea,Assam,Kamrup,Kamrup Wholesale,14548.0,11930.0,16314.0,4713.0,INR/Quintal
2023-05-11,Sugarcane,Karnataka,Belgaum,Belgaum Wholesale,507.0,416.0,569.0,3126.0,INR/Quintal
2021-10-14,Tea,Kerala,Thrissur,Thrissur Wholesale,8312.0,6816.0,9321.0,2138.0,INR/Quintal
2016-12-27,Apple,Himachal Pradesh,Kangra,Kangra Wholesale,6736.0,5524.0,7554.0,2454.0,INR/Quintal
2025-04-18,Maize,Maharashtra,Pune,Pune Wholesale,1747.0,1433.0,1959.0,2593.0,INR/Quintal
2019-09-07,Oilseeds,Rajasthan,Udaipur,Udaipur Wholesale,3599.0,2951.0,4036.0,2054.0,INR/Quintal
2020-02-19,Coffee,Karnataka,Bangalore,Bangalore Wholesale,10625.0,8713.0,11915.0,2534.0,INR/Quintal
2022-12-07,Potato,West Bengal,Kolkata,Kolkata Wholesale,998.0,818.0,1119.0,2660.0,INR/Quintal
2019-08-09,Coconut,Andhra Pradesh,Krishna,Krishna Wholesale,1288.0,1056.0,1444.0,1570.0,INR/Quintal
2018-09-09,Rice,Tamil Nadu,Coimbatore,Coimbatore Wholesale,1935.0,1587.0,2170.0,1930.0,INR/Quintal
2017-09-16,Potato,Punjab,Amritsar,Amritsar Wholesale,1870.0,1534.0,2097.0,549.0,INR/Quintal
2025-04-02,Sugarcane,Karnataka,Bangalore,Bangalore Wholesale,464.0,381.0,520.0,2585.0,INR/Quintal
2022-05-10,Rice,Andhra Pradesh,Guntur,Guntur Wholesale,3223.0,2643.0,3614.0,3455.0,INR/Quintal
2016-02-24,Coffee,Tamil Nadu,Madurai,Madurai Wholesale,15537.0,12742.0,17423.0,4636.0,INR/Quintal
2016-08-16,Coconut,Andhra Pradesh,Krishna,Krishna Wholesale,2080.0,1706.0,2333.0,2992.0,INR/Quintal
2021-12-07,Coffee,Karnataka,Hubli,Hubli Wholesale,14074.0,11542.0,15783.0,3440.0,INR/Quintal
2025-03-19,Coconut,Kerala,Thrissur,Thrissur Wholesale,3698.0,3033.0,4147.0,1891.0,INR/Quintal
2019-11-10,Cotton,Telangana,Warangal,Warangal Wholesale,4662.0,3823.0,5228.0,3644.0,INR/Quintal
2021-09-25,Rice,Punjab,Ludhiana,Ludhiana Wholesale,2806.0,2301.0,3147.0,2377.0,INR/Quintal
2017-07-24,Wheat,Bihar,Purnia,Purnia Wholesale,2249.0,1844.0,2522.0,1255.0,INR/Quintal
2018-01-12,Oilseeds,Madhya Pradesh,Bhopal,Bhopal Wholesale,3622.0,2970.0,4062.0,2756.0,INR/Quintal
2018-02-10,Wheat,Haryana,Hisar,Hisar Wholesale,1897.0,1556.0,2127.0,6826.0,INR/Quintal
2025-06-05,Coffee,Kerala,Ernakulam,Ernakulam Wholesale,17119.0,14039.0,19197.0,444.0,INR/Quintal
2015-11-28,Rice,Chhattisgarh,Raipur,Raipur Wholesale,2746.0,2252.0,3079.0,1037.0,INR/Quintal
2024-06-11,Cotton,Maharashtra,Nagpur,Nagpur Wholesale,8268.0,6780.0,9272.0,5476.0,INR/Quintal
2025-06-23,Potato,Punjab,Patiala,Patiala Wholesale,2486.0,2039.0,2788.0,4172.0,INR/Quintal
2022-05-26,Potato,Uttar Pradesh,Varanasi,Varanasi Wholesale,1164.0,955.0,1305.0,4033.0,INR/Quintal
2020-09-19,Potato,Bihar,Gaya,Gaya Wholesale,1243.0,1019.0,1394.0,3282.0,INR/Quintal
2019-11-29,Apple,Himachal Pradesh,Kangra,Kangra Wholesale,3811.0,3125.0,4274.0,384.0,INR/Quintal
2017-08-16,Cotton,Andhra Pradesh,Guntur,Guntur Wholesale,7239.0,5937.0,8118.0,2905.0,INR/Quintal
2025-08-04,Apple,Himachal Pradesh,Shimla,Shimla Wholesale,6645.0,5449.0,7452.0,755.0,INR/Quintal
2015-04-15,Maize,Madhya Pradesh,Bhopal,Bhopal Wholesale,1604.0,1315.0,1799.0,825.0,INR/Quintal
2015-07-21,Rice,Odisha,Bhubaneswar,Bhubaneswar Wholesale,2816.0,2309.0,3158.0,1118.0,INR/Quintal
2021-11-02,Wheat,Uttar Pradesh,Lucknow,Lucknow Wholesale,2391.0,1961.0,2681.0,4240.0,INR/Quintal
2020-01-17,Oilseeds,Madhya Pradesh,Bhopal,Bhopal Wholesale,4253.0,3488.0,4769.0,577.0,INR/Quintal
2020-02-10,Coffee,Karnataka,Bangalore,Bangalore Wholesale,12795.0,10493.0,14348.0,4386.0,INR/Quintal
2020-06-19,Oilseeds,Rajasthan,Udaipur,Udaipur Wholesale,4020.0,3297.0,4508.0,3364.0,INR/Quintal
2018-07-13,Coffee,Tamil Nadu,Chennai,Chennai Wholesale,19694.0,16151.0,22085.0,3813.0,INR/Quintal
2017-06-28,Rice,Punjab,Amritsar,Amritsar Wholesale,2244.0,1840.0,2516.0,3083.0,INR/Quintal
2015-07-29,Rice,Uttar Pradesh,Kanpur,Kanpur Wholesale,1510.0,1238.0,1693.0,1430.0,INR/Quintal
2016-07-16,Tea,Assam,Kamrup,Kamrup Wholesale,5471.0,4487.0,6135.0,1763.0,INR/Quintal
2023-09-25,Wheat,Rajasthan,Jodhpur,Jodhpur Wholesale,2277.0,1867.0,2553.0,1111.0,INR/Quintal
2022-07-23,Sugarcane,Uttar Pradesh,Kanpur,Kanpur Wholesale,467.0,383.0,524.0,6213.0,INR/Quintal
2024-06-10,Coffee,Karnataka,Mysore,Mysore Wholesale,11890.0,9751.0,13333.0,5450.0,INR/Quintal
2024-12-01,Pulses,Rajasthan,Jaipur,Jaipur Wholesale,6133.0,5030.0,6878.0,1643.0,INR/Quintal
2019-04-13,Sugarcane,Maharashtra,Pune,Pune Wholesale,424.0,348.0,475.0,1915.0,INR/Quintal
2017-02-09,Potato,Punjab,Amritsar,Amritsar Wholesale,1776.0,1456.0,1992.0,8688.0,INR/Quintal
2023-08-22,Oilseeds,Madhya Pradesh,Bhopal,Bhopal Wholesale,2587.0,2122.0,2901.0,2411.0,INR/Quintal
2021-11-06,Coconut,Andhra Pradesh,Guntur,Guntur Wholesale,3023.0,2479.0,3390.0,2857.0,INR/Quintal
2022-06-07,Coconut,Andhra Pradesh,Guntur,Guntur Wholesale,2471.0,2026.0,2771.0,2573.0,INR/Quintal
2016-09-20,Rice,Odisha,Bhubaneswar,Bhubaneswar Wholesale,1793.0,1470.0,2011.0,1586.0,INR/Quintal
2024-10-25,Pulses,Uttar Pradesh,Kanpur,Kanpur Wholesale,7488.0,6141.0,8397.0,5061.0,INR/Quintal
2019-06-17,Coffee,Karnataka,Hubli,Hubli Wholesale,12223.0,10024.0,13707.0,1464.0,INR/Quintal
2019-08-29,Maize,Andhra Pradesh,Chittoor,Chittoor Wholesale,1950.0,1599.0,2187.0,3669.0,INR/Quintal
2016-01-22,Coffee,Kerala,Kozhikode,Kozhikode Wholesale,12207.0,10011.0,13689.0,535.0,INR/Quintal
2020-04-19,Coconut,Andhra Pradesh,Guntur,Guntur Wholesale,2363.0,1938.0,2650.0,7019.0,INR/Quintal
2024-05-14,Oilseeds,Rajasthan,Jaipur,Jaipur Wholesale,4644.0,3808.0,5208.0,2215.0,INR/Quintal
2021-06-01,Coffee,Karnataka,Mysore,Mysore Wholesale,11777.0,9658.0,13207.0,1672.0,INR/Quintal
2021-04-24,Coffee,Tamil Nadu,Madurai,Madurai Wholesale,17862.0,14648.0,20030.0,711.0,INR/Quintal
2018-01-09,Cotton,Gujarat,Ahmedabad,Ahmedabad Wholesale,6435.0,5277.0,7216.0,4165.0,INR/Quintal
2015-09-25,Wheat,Bihar,Patna,Patna Wholesale,2269.0,1861.0,2544.0,1120.0,INR/Quintal
2021-10-02,Sugarcane,Uttar Pradesh,Varanasi,Varanasi Wholesale,370.0,303.0,415.0,3709.0,INR/Quintal
2021-04-01,Maize,Andhra Pradesh,Visakhapatnam,Visakhapatnam Wholesale,1767.0,1449.0,1982.0,2669.0,INR/Quintal
2020-01-31,Rice,Odisha,Bhubaneswar,Bhubaneswar Wholesale,2645.0,2169.0,2966.0,927.0,INR/Quintal
2024-04-05,Coffee,Kerala,Kozhikode,Kozhikode Wholesale,12244.0,10041.0,13730.0,2794.0,INR/Quintal
2025-08-20,Maize,Andhra Pradesh,Chittoor,Chittoor Wholesale,2441.0,2002.0,2737.0,2700.0,INR/Quintal
2020-06-21,Tea,Assam,Kamrup,Kamrup Wholesale,6429.0,5272.0,7209.0,2029.0,INR/Quintal
2023-04-22,Coffee,Karnataka,Hubli,Hubli Wholesale,16394.0,13444.0,18384.0,3549.0,INR/Quintal
2018-10-12,Apple,Himachal Pradesh,Kangra,Kangra Wholesale,8673.0,7113.0,9726.0,1167.0,INR/Quintal
2018-05-21,Apple,Jammu and Kashmir,Srinagar,Srinagar Wholesale,7490.0,6142.0,8399.0,1320.0,INR/Quintal
2016-07-27,Cotton,Telangana,Nizamabad,Nizamabad Wholesale,6112.0,5012.0,6854.0,839.0,INR/Quintal
2015-02-18,Apple,Jammu and Kashmir,Srinagar,Srinagar Wholesale,7352.0,6029.0,8245.0,699.0,INR/Quintal
2018-02-24,Cotton,Maharashtra,Nagpur,Nagpur Wholesale,6679.0,5477.0,7490.0,1864.0,INR/Quintal
2015-08-11,Pulses,Uttar Pradesh,Lucknow,Lucknow Wholesale,4558.0,3738.0,5111.0,4019.0,INR/Quintal
2023-02-16,Potato,Bihar,Purnia,Purnia Wholesale,2442.0,2003.0,2738.0,3627.0,INR/Quintal
2024-03-04,Oilseeds,Madhya Pradesh,Bhopal,Bhopal Wholesale,5187.0,4254.0,5817.0,2532.0,INR/Quintal
2018-12-02,Sugarcane,Uttar Pradesh,Varanasi,Varanasi Wholesale,425.0,349.0,477.0,6139.0,INR/Quintal
2019-03-09,Tea,Kerala,Ernakulam,Ernakulam Wholesale,9161.0,7513.0,10273.0,2045.0,INR/Quintal
2024-03-19,Oilseeds,Gujarat,Surat,Surat Wholesale,5978.0,4902.0,6704.0,4768.0,INR/Quintal
2019-12-25,Apple,Jammu and Kashmir,Srinagar,Srinagar Wholesale,5016.0,4114.0,5625.0,334.0,INR/Quintal
2021-05-13,Oilseeds,Madhya Pradesh,Bhopal,Bhopal Wholesale,2393.0,1962.0,2684.0,3542.0,INR/Quintal
2019-01-01,Pulses,Rajasthan,Udaipur,Udaipur Wholesale,4021.0,3298.0,4509.0,2921.0,INR/Quintal
2018-02-04,Cotton,Maharashtra,Nagpur,Nagpur Wholesale,4718.0,3869.0,5291.0,6732.0,INR/Quintal
2019-08-09,Wheat,Madhya Pradesh,Bhopal,Bhopal Wholesale,2037.0,1670.0,2284.0,2653.0,INR/Quintal
2021-10-03,Maize,Madhya Pradesh,Bhopal,Bhopal Wholesale,2391.0,1961.0,2681.0,2316.0,INR/Quintal
2022-04-12,Rice,Andhra Pradesh,Chittoor,Chittoor Wholesale,2787.0,2286.0,3125.0,6501.0,INR/Quintal
2024-08-01,Wheat,Haryana,Karnal,Karnal Wholesale,2120.0,1739.0,2377.0,2130.0,INR/Quintal
2016-01-10,Wheat,Rajasthan,Udaipur,Udaipur Wholesale,2357.0,1933.0,2643.0,1646.0,INR/Quintal
2020-10-21,Potato,Uttar Pradesh,Lucknow,Lucknow Wholesale,1445.0,1185.0,1620.0,5273.0,INR/Quintal
2020-07-14,Potato,Bihar,Purnia,Purnia Wholesale,1459.0,1196.0,1636.0,3923.0,INR/Quintal
2025-02-22,Wheat,Punjab,Patiala,Patiala Wholesale,2421.0,1985.0,2715.0,5609.0,INR/Quintal
2017-11-19,Cotton,Maharashtra,Nashik,Nashik Wholesale,6989.0,5732.0,7837.0,2375.0,INR/Quintal
2023-12-04,Oilseeds,Madhya Pradesh,Bhopal,Bhopal Wholesale,3664.0,3005.0,4109.0,3518.0,INR/Quintal
2024-05-28,Maize,Bihar,Gaya,Gaya Wholesale,1644.0,1348.0,1844.0,2249.0,INR/Quintal
2020-03-04,Oilseeds,Rajasthan,Udaipur,Udaipur Wholesale,3344.0,2742.0,3750.0,1084.0,INR/Quintal
2019-12-29,Oilseeds,Madhya Pradesh,Bhopal,Bhopal Wholesale,4644.0,3808.0,5208.0,2702.0,INR/Quintal
2019-01-14,Oilseeds,Madhya Pradesh,Bhopal,Bhopal Wholesale,4449.0,3649.0,4989.0,636.0,INR/Quintal
2021-02-20,Maize,Telangana,Warangal,Warangal Wholesale,1638.0,1343.0,1837.0,2501.0,INR/Quintal
2018-03-25,Maize,Andhra Pradesh,Guntur,Guntur Wholesale,1430.0,1173.0,1604.0,6450.0,INR/Quintal
2023-11-18,Pulses,Uttar Pradesh,Lucknow,Lucknow Wholesale,6178.0,5066.0,6928.0,2331.0,INR/Quintal
2022-12-04,Sugarcane,Maharashtra,Nashik,Nashik Wholesale,486.0,399.0,545.0,6098.0,INR/Quintal
2017-11-30,Coconut,Karnataka,Hubli,Hubli Wholesale,1836.0,1506.0,2059.0,4489.0,INR/Quintal
2023-08-01,Coconut,Tamil Nadu,Chennai,Chennai Wholesale,3330.0,2731.0,3734.0,3396.0,INR/Quintal
2020-09-01,Coconut,Andhra Pradesh,Chittoor,Chittoor Wholesale,3400.0,2788.0,3813.0,4153.0,INR/Quintal
2015-12-26,Wheat,Haryana,Faridabad,Faridabad Wholesale,1706.0,1399.0,1913.0,4044.0,INR/Quintal
2023-08-13,Coffee,Karnataka,Bangalore,Bangalore Wholesale,20357.0,16694.0,22828.0,2493.0,INR/Quintal
2022-02-20,Pulses,Uttar Pradesh,Varanasi,Varanasi Wholesale,3649.0,2992.0,4092.0,8055.0,INR/Quintal
2022-06-12,Pulses,Maharashtra,Mumbai,Mumbai Wholesale,6218.0,5099.0,6973.0,3533.0,INR/Quintal
2020-08-03,Rice,Telangana,Nizamabad,Nizamabad Wholesale,2103.0,1725.0,2358.0,1552.0,INR/Quintal
2025-09-01,Coffee,Kerala,Thrissur,Thrissur Wholesale,13415.0,11001.0,15044.0,1829.0,INR/Quintal
2018-02-15,Potato,West Bengal,Darjeeling,Darjeeling Wholesale,1775.0,1456.0,1990.0,4794.0,INR/Quintal
2019-06-24,Rice,Bihar,Purnia,Purnia Wholesale,2936.0,2408.0,3292.0,3879.0,INR/Quintal
2018-11-04,Potato,Bihar,Gaya,Gaya Wholesale,727.0,596.0,815.0,2981.0,INR/Quintal
2020-04-27,Sugarcane,Maharashtra,Nagpur,Nagpur Wholesale,352.0,289.0,395.0,6315.0,INR/Quintal
2016-11-09,Tea,Assam,Tinsukia,Tinsukia Wholesale,8591.0,7045.0,9634.0,2404.0,INR/Quintal
2024-03-15,Potato,West Bengal,Kolkata,Kolkata Wholesale,1828.0,1499.0,2050.0,3807.0,INR/Quintal
2021-10-23,Oilseeds,Gujarat,Vadodara,Vadodara Wholesale,5169.0,4239.0,5797.0,983.0,INR/Quintal
2025-03-28,Potato,West Bengal,Darjeeling,Darjeeling Wholesale,1715.0,1406.0,1923.0,5769.0,INR/Quintal
2023-02-28,Apple,Jammu and Kashmir,Srinagar,Srinagar Wholesale,7321.0,6004.0,8210.0,322.0,INR/Quintal
2015-01-07,Coffee,Karnataka,Belgaum,Belgaum Wholesale,19358.0,15875.0,21708.0,6282.0,INR/Quintal
2023-12-12,Coconut,Tamil Nadu,Coimbatore,Coimbatore Wholesale,2552.0,2093.0,2862.0,4651.0,INR/Quintal
2021-10-04,Coconut,Andhra Pradesh,Visakhapatnam,Visakhapatnam Wholesale,2622.0,2150.0,2940.0,3126.0,INR/Quintal
2019-05-11,Maize,Madhya Pradesh,Bhopal,Bhopal Wholesale,1922.0,1576.0,2155.0,4462.0,INR/Quintal
2017-04-12,Coffee,Kerala,Ernakulam,Ernakulam Wholesale,19679.0,16138.0,22068.0,3282.0,INR/Quintal
2023-12-09,Sugarcane,Karnataka,Bangalore,Bangalore Wholesale,416.0,341.0,467.0,829.0,INR/Quintal
2022-02-19,Coconut,Karnataka,Belgaum,Belgaum Wholesale,1849.0,1516.0,2073.0,4181.0,INR/Quintal
2023-10-25,Pulses,Rajasthan,Jaipur,Jaipur Wholesale,4196.0,3441.0,4705.0,905.0,INR/Quintal
2019-12-16,Oilseeds,Rajasthan,Jodhpur,Jodhpur Wholesale,4993.0,4095.0,5599.0,1514.0,INR/Quintal
2025-03-29,Tea,Assam,Dibrugarh,Dibrugarh Wholesale,11853.0,9720.0,13292.0,2671.0,INR/Quintal
2023-12-18,Sugarcane,Maharashtra,Pune,Pune Wholesale,437.0,358.0,490.0,5181.0,INR/Quintal
2024-08-16,Pulses,Rajasthan,Jaipur,Jaipur Wholesale,7549.0,6191.0,8465.0,1432.0,INR/Quintal
2017-07-02,Cotton,Maharashtra,Pune,Pune Wholesale,7187.0,5894.0,8060.0,2913.0,INR/Quintal
2020-07-04,Coffee,Kerala,Kozhikode,Kozhikode Wholesale,22613.0,18544.0,25358.0,1264.0,INR/Quintal
2018-12-13,Apple,Himachal Pradesh,Mandi,Mandi Wholesale,4450.0,3649.0,4990.0,1465.0,INR/Quintal
2018-12-21,Sugarcane,Uttar Pradesh,Kanpur,Kanpur Wholesale,473.0,388.0,530.0,2427.0,INR/Quintal
2023-05-13,Coffee,Kerala,Kozhikode,Kozhikode Wholesale,14811.0,12146.0,16609.0,1541.0,INR/Quintal
2019-02-11,Tea,West Bengal,Howrah,Howrah Wholesale,6890.0,5650.0,7726.0,5415.0,INR/Quintal
2024-09-16,Pulses,Rajasthan,Jodhpur,Jodhpur Wholesale,5301.0,4347.0,5945.0,1000.0,INR/Quintal
2015-05-06,Coffee,Tamil Nadu,Coimbatore,Coimbatore Wholesale,13405.0,10993.0,15032.0,925.0,INR/Quintal
2021-09-08,Maize,Bihar,Patna,Patna Wholesale,1544.0,1266.0,1731.0,1433.0,INR/Quintal
2017-03-27,Potato,Uttar Pradesh,Lucknow,Lucknow Wholesale,1385.0,1136.0,1553.0,6578.0,INR/Quintal
2023-01-07,Rice,Punjab,Patiala,Patiala Wholesale,3272.0,2683.0,3669.0,7181.0,INR/Quintal
2020-01-04,Tea,Assam,Dibrugarh,Dibrugarh Wholesale,10093.0,8277.0,11318.0,4442.0,INR/Quintal
2016-07-29,Rice,Bihar,Muzaffarpur,Muzaffarpur Wholesale,1756.0,1440.0,1969.0,3279.0,INR/Quintal
2021-06-30,Wheat,Uttar Pradesh,Varanasi,Varanasi Wholesale,2170.0,1780.0,2433.0,3645.0,INR/Quintal
2018-11-16,Potato,West Bengal,Darjeeling,Darjeeling Wholesale,2054.0,1684.0,2303.0,1726.0,INR/Quintal
2017-07-18,Tea,Assam,Dibrugarh,Dibrugarh Wholesale,5817.0,4770.0,6523.0,737.0,INR/Quintal
2025-04-17,Sugarcane,Maharashtra,Nashik,Nashik Wholesale,477.0,391.0,535.0,5445.0,INR/Quintal
2025-02-16,Maize,Telangana,Warangal,Warangal Wholesale,1904.0,1561.0,2135.0,3168.0,INR/Quintal
2019-01-03,Sugarcane,Uttar Pradesh,Kanpur,Kanpur Wholesale,486.0,399.0,545.0,6123.0,INR/Quintal
2023-12-20,Cotton,Gujarat,Vadodara,Vadodara Wholesale,5317.0,4360.0,5962.0,1881.0,INR/Quintal
2024-09-27,Wheat,Punjab,Patiala,Patiala Wholesale,2428.0,1991.0,2723.0,2054.0,INR/Quintal
2017-04-12,Maize,Karnataka,Belgaum,Belgaum Wholesale,1703.0,1397.0,1910.0,2514.0,INR/Quintal
2017-11-20,Apple,Himachal Pradesh,Kangra,Kangra Wholesale,8677.0,7116.0,9730.0,1738.0,INR/Quintal
2024-06-21,Coconut,Karnataka,Bangalore,Bangalore Wholesale,1817.0,1490.0,2038.0,1398.0,INR/Quintal
2019-07-07,Coffee,Kerala,Kozhikode,Kozhikode Wholesale,17627.0,14456.0,19767.0,2202.0,INR/Quintal
2020-03-15,Coffee,Tamil Nadu,Chennai,Chennai Wholesale,10502.0,8612.0,11777.0,1045.0,INR/Quintal
2018-12-28,Coconut,Karnataka,Bangalore,Bangalore Wholesale,3170.0,2600.0,3555.0,3270.0,INR/Quintal
2022-11-24,Oilseeds,Maharashtra,Pune,Pune Wholesale,4573.0,3750.0,5128.0,870.0,INR/Quintal
2023-02-21,Coffee,Tamil Nadu,Coimbatore,Coimbatore Wholesale,18277.0,14989.0,20496.0,1790.0,INR/Quintal
2018-10-31,Pulses,Rajasthan,Jodhpur,Jodhpur Wholesale,4688.0,3845.0,5257.0,523.0,INR/Quintal
2024-05-08,Wheat,Punjab,Patiala,Patiala Wholesale,2340.0,1919.0,2624.0,3554.0,INR/Quintal
2016-03-18,Pulses,Maharashtra,Nagpur,Nagpur Wholesale,3747.0,3073.0,4202.0,3459.0,INR/Quintal
2024-12-29,Coconut,Andhra Pradesh,Guntur,Guntur Wholesale,2804.0,2299.0,3144.0,5063.0,INR/Quintal
2020-10-23,Potato,Uttar Pradesh,Kanpur,Kanpur Wholesale,2222.0,1822.0,2492.0,1683.0,INR/Quintal
2016-07-10,Oilseeds,Gujarat,Ahmedabad,Ahmedabad Wholesale,3172.0,2601.0,3557.0,907.0,INR/Quintal
2025-07-10,Oilseeds,Gujarat,Surat,Surat Wholesale,6044.0,4957.0,6778.0,3280.0,INR/Quintal
2025-03-26,Coconut,Karnataka,Hubli,Hubli Wholesale,1687.0,1383.0,1892.0,5139.0,INR/Quintal
2018-03-24,Coconut,Tamil Nadu,Coimbatore,Coimbatore Wholesale,3131.0,2568.0,3511.0,2612.0,INR/Quintal
2024-08-02,Coffee,Tamil Nadu,Coimbatore,Coimbatore Wholesale,14726.0,12076.0,16514.0,2616.0,INR/Quintal
2020-07-30,Maize,Andhra Pradesh,Guntur,Guntur Wholesale,1817.0,1490.0,2038.0,4072.0,INR/Quintal
2015-12-29,Potato,Punjab,Ludhiana,Ludhiana Wholesale,1194.0,979.0,1339.0,3096.0,INR/Quintal
2021-10-31,Cotton,Gujarat,Vadodara,Vadodara Wholesale,7263.0,5956.0,8145.0,2544.0,INR/Quintal
2018-06-11,Wheat,Bihar,Purnia,Purnia Wholesale,2419.0,1984.0,2713.0,1160.0,INR/Quintal
2024-12-13,Wheat,Bihar,Patna,Patna Wholesale,2514.0,2062.0,2819.0,606.0,INR/Quintal
2020-01-16,Tea,Kerala,Thrissur,Thrissur Wholesale,10590.0,8685.0,11876.0,4523.0,INR/Quintal
2021-04-28,Sugarcane,Karnataka,Mysore,Mysore Wholesale,359.0,294.0,403.0,2562.0,INR/Quintal
2020-01-25,Coffee,Tamil Nadu,Madurai,Madurai Wholesale,12729.0,10439.0,14274.0,2220.0,INR/Quintal
2020-12-12,Tea,West Bengal,Howrah,Howrah Wholesale,11675.0,9574.0,13092.0,5368.0,INR/Quintal
2017-06-29,Cotton,Maharashtra,Nagpur,Nagpur Wholesale,6017.0,4934.0,6747.0,4910.0,INR/Quintal
2015-09-02,Oilseeds,Maharashtra,Pune,Pune Wholesale,3675.0,3014.0,4121.0,2852.0,INR/Quintal
2016-06-25,Coconut,Andhra Pradesh,Visakhapatnam,Visakhapatnam Wholesale,2492.0,2044.0,2795.0,4376.0,INR/Quintal
2021-12-07,Rice,Telangana,Nizamabad,Nizamabad Wholesale,2872.0,2355.0,3221.0,3325.0,INR/Quintal
2020-12-09,Coconut,Karnataka,Mysore,Mysore Wholesale,1691.0,1387.0,1896.0,4329.0,INR/Quintal
2020-12-12,Cotton,Andhra Pradesh,Visakhapatnam,Visakhapatnam Wholesale,7257.0,5951.0,8138.0,963.0,INR/Quintal
2019-04-22,Cotton,Maharashtra,Mumbai,Mumbai Wholesale,4546.0,3728.0,5098.0,3861.0,INR/Quintal
2021-01-26,Maize,Telangana,Warangal,Warangal Wholesale,2261.0,1854.0,2535.0,1892.0,INR/Quintal
2015-05-04,Maize,Karnataka,Hubli,Hubli Wholesale,1302.0,1068.0,1460.0,1034.0,INR/Quintal
2023-07-04,Maize,Bihar,Patna,Patna Wholesale,2393.0,1962.0,2684.0,2003.0,INR/Quintal
2023-08-25,Maize,Madhya Pradesh,Bhopal,Bhopal Wholesale,2142.0,1757.0,2402.0,1938.0,INR/Quintal
2022-05-17,Sugarcane,Tamil Nadu,Madurai,Madurai Wholesale,442.0,362.0,496.0,1649.0,INR/Quintal
2019-09-28,Coffee,Karnataka,Hubli,Hubli Wholesale,20067.0,16456.0,22503.0,1442.0,INR/Quintal
2017-02-24,Apple,Himachal Pradesh,Mandi,Mandi Wholesale,3710.0,3042.0,4160.0,2127.0,INR/Quintal
2020-08-05,Wheat,Madhya Pradesh,Bhopal,Bhopal Wholesale,1982.0,1625.0,2223.0,1840.0,INR/Quintal
2021-02-26,Coffee,Kerala,Kozhikode,Kozhikode Wholesale,18169.0,14900.0,20375.0,4444.0,INR/Quintal
2021-08-13,Coffee,Karnataka,Hubli,Hubli Wholesale,23580.0,19337.0,26443.0,3306.0,INR/Quintal
2017-03-07,Wheat,Uttar Pradesh,Varanasi,Varanasi Wholesale,1994.0,1635.0,2236.0,9448.0,INR/Quintal
2015-03-18,Maize,Maharashtra,Mumbai,Mumbai Wholesale,1459.0,1196.0,1636.0,5387.0,INR/Quintal
2015-02-28,Coffee,Karnataka,Hubli,Hubli Wholesale,15647.0,12832.0,17547.0,5049.0,INR/Quintal
2021-10-14,Coconut,Andhra Pradesh,Chittoor,Chittoor Wholesale,2649.0,2172.0,2971.0,3884.0,INR/Quintal
2022-05-09,Sugarcane,Tamil Nadu,Madurai,Madurai Wholesale,439.0,360.0,492.0,5414.0,INR/Quintal
2019-03-04,Maize,Maharashtra,Mumbai,Mumbai Wholesale,2326.0,1907.0,2608.0,6311.0,INR/Quintal
2020-04-20,Sugarcane,Karnataka,Hubli,Hubli Wholesale,435.0,357.0,488.0,3813.0,INR/Quintal
2020-11-26,Tea,Assam,Tinsukia,Tinsukia Wholesale,6162.0,5053.0,6910.0,1176.0,INR/Quintal
2025-06-04,Apple,Jammu and Kashmir,Srinagar,Srinagar Wholesale,5350.0,4387.0,5999.0,1779.0,INR/Quintal
2023-05-14,Coffee,Tamil Nadu,Coimbatore,Coimbatore Wholesale,15794.0,12952.0,17711.0,5054.0,INR/Quintal
2018-07-25,Coconut,Kerala,Ernakulam,Ernakulam Wholesale,2611.0,2141.0,2928.0,2904.0,INR/Quintal
2015-03-09,Apple,Jammu and Kashmir,Srinagar,Srinagar Wholesale,4099.0,3361.0,4597.0,589.0,INR/Quintal
2023-08-07,Pulses,Madhya Pradesh,Bhopal,Bhopal Wholesale,7352.0,6029.0,8245.0,1135.0,INR/Quintal
2023-11-11,Sugarcane,Tamil Nadu,Madurai,Madurai Wholesale,431.0,353.0,483.0,2255.0,INR/Quintal
2024-09-30,Tea,West Bengal,Kolkata,Kolkata Wholesale,15735.0,12904.0,17645.0,3290.0,INR/Quintal
2021-06-10,Potato,Uttar Pradesh,Varanasi,Varanasi Wholesale,624.0,512.0,700.0,6777.0,INR/Quintal
2020-04-16,Potato,Uttar Pradesh,Lucknow,Lucknow Wholesale,2101.0,1723.0,2356.0,3367.0,INR/Quintal
2022-06-14,Tea,Kerala,Kozhikode,Kozhikode Wholesale,14035.0,11510.0,15739.0,2871.0,INR/Quintal
2015-12-31,Oilseeds,Rajasthan,Udaipur,Udaipur Wholesale,2586.0,2121.0,2900.0,595.0,INR/Quintal
2025-09-30,Oilseeds,Gujarat,Ahmedabad,Ahmedabad Wholesale,6240.0,5117.0,6998.0,1968.0,INR/Quintal
2017-03-31,Maize,Andhra Pradesh,Krishna,Krishna Wholesale,1607.0,1318.0,1802.0,4196.0,INR/Quintal
2018-11-03,Oilseeds,Gujarat,Rajkot,Rajkot Wholesale,4443.0,3644.0,4982.0,4024.0,INR/Quintal
2021-07-18,Potato,Punjab,Ludhiana,Ludhiana Wholesale,2040.0,1673.0,2288.0,5755.0,INR/Quintal
2017-08-04,Coconut,Tamil Nadu,Chennai,Chennai Wholesale,2631.0,2158.0,2950.0,1643.0,INR/Quintal
2023-01-25,Oilseeds,Rajasthan,Udaipur,Udaipur Wholesale,5893.0,4833.0,6608.0,2314.0,INR/Quintal
2019-04-27,Pulses,Rajasthan,Udaipur,Udaipur Wholesale,6264.0,5137.0,7024.0,3010.0,INR/Quintal
2018-10-09,Potato,Bihar,Patna,Patna Wholesale,2171.0,1780.0,2435.0,1465.0,INR/Quintal
2018-12-10,Sugarcane,Tamil Nadu,Coimbatore,Coimbatore Wholesale,357.0,293.0,400.0,5428.0,INR/Quintal
2023-09-16,Cotton,Gujarat,Ahmedabad,Ahmedabad Wholesale,6094.0,4998.0,6834.0,3730.0,INR/Quintal
2024-12-13,Oilseeds,Gujarat,Surat,Surat Wholesale,4964.0,4071.0,5567.0,2201.0,INR/Quintal
2017-01-31,Oilseeds,Madhya Pradesh,Bhopal,Bhopal Wholesale,4451.0,3650.0,4991.0,2563.0,INR/Quintal
2024-10-08,Coffee,Karnataka,Mysore,Mysore Wholesale,20138.0,16515.0,22583.0,1253.0,INR/Quintal
2015-12-07,Wheat,Haryana,Karnal,Karnal Wholesale,1574.0,1291.0,1765.0,3941.0,INR/Quintal
2023-03-09,Pulses,Maharashtra,Pune,Pune Wholesale,6851.0,5618.0,7683.0,6042.0,INR/Quintal
2016-01-18,Potato,Bihar,Patna,Patna Wholesale,2000.0,1640.0,2243.0,1018.0,INR/Quintal
2017-09-30,Potato,Punjab,Amritsar,Amritsar Wholesale,1175.0,964.0,1318.0,4636.0,INR/Quintal
2019-04-06,Apple,Jammu and Kashmir,Srinagar,Srinagar Wholesale,4619.0,3788.0,5180.0,1598.0,INR/Quintal
2015-10-27,Rice,Andhra Pradesh,Visakhapatnam,Visakhapatnam Wholesale,1039.0,852.0,1165.0,4400.0,INR/Quintal
2015-05-19,Wheat,Rajasthan,Jaipur,Jaipur Wholesale,1737.0,1424.0,1948.0,495.0,INR/Quintal
2015-12-25,Oilseeds,Madhya Pradesh,Bhopal,Bhopal Wholesale,4100.0,3362.0,4598.0,3393.0,INR/Quintal
2017-04-15,Tea,Kerala,Ernakulam,Ernakulam Wholesale,13467.0,11044.0,15102.0,4096.0,INR/Quintal
2019-03-03,Coffee,Kerala,Kozhikode,Kozhikode Wholesale,10217.0,8379.0,11457.0,1142.0,INR/Quintal
2024-06-18,Apple,Himachal Pradesh,Mandi,Mandi Wholesale,8056.0,6607.0,9034.0,1004.0,INR/Quintal
2019-06-16,Coconut,Karnataka,Belgaum,Belgaum Wholesale,2678.0,2196.0,3003.0,4930.0,INR/Quintal
2020-06-05,Apple,Jammu and Kashmir,Srinagar,Srinagar Wholesale,5039.0,4132.0,5651.0,1133.0,INR/Quintal
2018-07-27,Sugarcane,Uttar Pradesh,Lucknow,Lucknow Wholesale,420.0,344.0,471.0,2940.0,INR/Quintal
2025-02-25,Coffee,Kerala,Ernakulam,Ernakulam Wholesale,21558.0,17679.0,24175.0,4611.0,INR/Quintal
2021-12-05,Oilseeds,Rajasthan,Jaipur,Jaipur Wholesale,5326.0,4368.0,5973.0,644.0,INR/Quintal
2017-06-27,Rice,Odisha,Bhubaneswar,Bhubaneswar Wholesale,2019.0,1656.0,2264.0,2366.0,INR/Quintal
2018-02-08,Cotton,Gujarat,Surat,Surat Wholesale,6805.0,5581.0,7631.0,5194.0,INR/Quintal
2022-12-23,Coconut,Andhra Pradesh,Guntur,Guntur Wholesale,1940.0,1591.0,2176.0,3886.0,INR/Quintal
2020-12-26,Potato,West Bengal,Howrah,Howrah Wholesale,943.0,773.0,1057.0,1858.0,INR/Quintal
2017-09-22,Sugarcane,Maharashtra,Nashik,Nashik Wholesale,348.0,285.0,390.0,2762.0,INR/Quintal
2021-10-18,Wheat,Uttar Pradesh,Kanpur,Kanpur Wholesale,2193.0,1798.0,2459.0,4095.0,INR/Quintal
2021-12-31,Coconut,Andhra Pradesh,Visakhapatnam,Visakhapatnam Wholesale,1265.0,1037.0,1419.0,3758.0,INR/Quintal
2021-05-09,Oilseeds,Gujarat,Surat,Surat Wholesale,3362.0,2757.0,3770.0,4941.0,INR/Quintal
2023-09-06,Apple,Jammu and Kashmir,Srinagar,Srinagar Wholesale,7764.0,6367.0,8707.0,463.0,INR/Quintal
2025-07-02,Pulses,Uttar Pradesh,Kanpur,Kanpur Wholesale,6427.0,5271.0,7207.0,5416.0,INR/Quintal
2025-09-26,Tea,Kerala,Kozhikode,Kozhikode Wholesale,6711.0,5504.0,7526.0,1413.0,INR/Quintal
2020-11-21,Coffee,Karnataka,Belgaum,Belgaum Wholesale,14483.0,11877.0,16241.0,4621.0,INR/Quintal
2018-05-22,Rice,Punjab,Amritsar,Amritsar Wholesale,2332.0,1912.0,2615.0,1043.0,INR/Quintal
2019-11-20,Coconut,Karnataka,Bangalore,Bangalore Wholesale,1834.0,1504.0,2057.0,2068.0,INR/Quintal
2025-03-24,Cotton,Telangana,Nizamabad,Nizamabad Wholesale,6830.0,5601.0,7659.0,1535.0,INR/Quintal
2022-09-10,Maize,Madhya Pradesh,Bhopal,Bhopal Wholesale,2315.0,1898.0,2596.0,1680.0,INR/Quintal
2022-10-05,Apple,Jammu and Kashmir,Srinagar,Srinagar Wholesale,3686.0,3023.0,4133.0,472.0,INR/Quintal
2015-06-14,Tea,Assam,Dibrugarh,Dibrugarh Wholesale,7764.0,6367.0,8707.0,3055.0,INR/Quintal
2017-09-25,Oilseeds,Gujarat,Ahmedabad,Ahmedabad Wholesale,2573.0,2110.0,2885.0,3753.0,INR/Quintal
2025-09-29,Cotton,Maharashtra,Pune,Pune Wholesale,5698.0,4673.0,6390.0,1319.0,INR/Quintal
2022-01-11,Apple,Jammu and Kashmir,Srinagar,Srinagar Wholesale,9432.0,7735.0,10577.0,563.0,INR/Quintal
2018-07-31,Tea,Kerala,Kozhikode,Kozhikode Wholesale,8599.0,7052.0,9643.0,3019.0,INR/Quintal
2022-01-08,Tea,Kerala,Ernakulam,Ernakulam Wholesale,11185.0,9173.0,12543.0,1956.0,INR/Quintal
2016-10-18,Potato,Punjab,Patiala,Patiala Wholesale,1649.0,1352.0,1849.0,2726.0,INR/Quintal
2022-04-14,Tea,Kerala,Thrissur,Thrissur Wholesale,5962.0,4889.0,6686.0,1506.0,INR/Quintal
2021-01-20,Pulses,Uttar Pradesh,Varanasi,Varanasi Wholesale,4393.0,3603.0,4926.0,4164.0,INR/Quintal
2020-03-24,Cotton,Andhra Pradesh,Chittoor,Chittoor Wholesale,7471.0,6127.0,8378.0,2404.0,INR/Quintal
2025-03-19,Oilseeds,Madhya Pradesh,Bhopal,Bhopal Wholesale,5962.0,4889.0,6686.0,3637.0,INR/Quintal
2020-08-08,Oilseeds,Gujarat,Rajkot,Rajkot Wholesale,3587.0,2942.0,4022.0,2438.0,INR/Quintal
2020-10-12,Pulses,Madhya Pradesh,Bhopal,Bhopal Wholesale,4743.0,3890.0,5319.0,2396.0,INR/Quintal
2023-08-29,Wheat,Madhya Pradesh,Bhopal,Bhopal Wholesale,2799.0,2295.0,3139.0,1129.0,INR/Quintal
2018-02-14,Coconut,Karnataka,Belgaum,Belgaum Wholesale,1733.0,1421.0,1943.0,3846.0,INR/Quintal
2020-03-04,Cotton,Andhra Pradesh,Visakhapatnam,Visakhapatnam Wholesale,5004.0,4104.0,5611.0,2602.0,INR/Quintal
2015-09-24,Tea,Assam,Kamrup,Kamrup Wholesale,7575.0,6212.0,8495.0,2635.0,INR/Quintal
2020-01-20,Coconut,Andhra Pradesh,Guntur,Guntur Wholesale,2041.0,1674.0,2289.0,3931.0,INR/Quintal
2019-09-05,Rice,Punjab,Ludhiana,Ludhiana Wholesale,1237.0,1014.0,1387.0,1345.0,INR/Quintal
2024-12-09,Sugarcane,Uttar Pradesh,Varanasi,Varanasi Wholesale,472.0,387.0,529.0,2591.0,INR/Quintal
2023-10-17,Cotton,Maharashtra,Mumbai,Mumbai Wholesale,7713.0,6325.0,8649.0,840.0,INR/Quintal
2021-04-12,Maize,Karnataka,Mysore,Mysore Wholesale,2022.0,1658.0,2267.0,866.0,INR/Quintal
2025-03-21,Rice,Andhra Pradesh,Guntur,Guntur Wholesale,1487.0,1219.0,1668.0,4472.0,INR/Quintal
2025-06-26,Pulses,Uttar Pradesh,Kanpur,Kanpur Wholesale,5617.0,4606.0,6299.0,3026.0,INR/Quintal
2021-09-08,Tea,West Bengal,Darjeeling,Darjeeling Wholesale,17118.0,14038.0,19196.0,3724.0,INR/Quintal
2019-02-19,Wheat,Madhya Pradesh,Bhopal,Bhopal Wholesale,1745.0,1431.0,1957.0,1281.0,INR/Quintal
2016-04-20,Maize,Bihar,Muzaffarpur,Muzaffarpur Wholesale,1298.0,1064.0,1456.0,5131.0,INR/Quintal
2024-10-28,Wheat,Haryana,Gurgaon,Gurgaon Wholesale,2376.0,1949.0,2664.0,1992.0,INR/Quintal
2017-09-03,Wheat,Haryana,Karnal,Karnal Wholesale,1797.0,1474.0,2015.0,1476.0,INR/Quintal
2018-04-22,Coffee,Karnataka,Belgaum,Belgaum Wholesale,23042.0,18896.0,25839.0,6740.0,INR/Quintal
2017-11-09,Apple,Himachal Pradesh,Shimla,Shimla Wholesale,6887.0,5648.0,7723.0,1747.0,INR/Quintal
2020-05-14,Apple,Himachal Pradesh,Shimla,Shimla Wholesale,5612.0,4602.0,6293.0,1919.0,INR/Quintal
2016-07-11,Potato,West Bengal,Kolkata,Kolkata Wholesale,1604.0,1315.0,1799.0,3401.0,INR/Quintal
2017-10-14,Maize,Bihar,Purnia,Purnia Wholesale,1669.0,1369.0,1872.0,3672.0,INR/Quintal
2024-11-04,Sugarcane,Tamil Nadu,Madurai,Madurai Wholesale,406.0,333.0,455.0,2963.0,INR/Quintal
2019-05-25,Potato,Uttar Pradesh,Kanpur,Kanpur Wholesale,959.0,786.0,1075.0,1654.0,INR/Quintal
2024-11-09,Maize,Bihar,Patna,Patna Wholesale,2340.0,1919.0,2624.0,673.0,INR/Quintal
2017-06-01,Wheat,Haryana,Hisar,Hisar Wholesale,1645.0,1349.0,1845.0,4900.0,INR/Quintal
2021-01-03,Potato,Punjab,Ludhiana,Ludhiana Wholesale,1073.0,880.0,1203.0,5967.0,INR/Quintal
2016-10-27,Maize,Madhya Pradesh,Bhopal,Bhopal Wholesale,1451.0,1190.0,1627.0,2290.0,INR/Quintal
2024-03-29,Sugarcane,Maharashtra,Nagpur,Nagpur Wholesale,419.0,344.0,470.0,1672.0,INR/Quintal
2022-04-21,Coconut,Andhra Pradesh,Chittoor,Chittoor Wholesale,2862.0,2347.0,3209.0,7184.0,INR/Quintal
2019-11-07,Rice,Tamil Nadu,Madurai,Madurai Wholesale,2970.0,2436.0,3331.0,2786.0,INR/Quintal
2022-11-07,Coconut,Tamil Nadu,Coimbatore,Coimbatore Wholesale,2942.0,2413.0,3299.0,3201.0,INR/Quintal
2017-05-13,Cotton,Telangana,Nizamabad,Nizamabad Wholesale,6293.0,5161.0,7057.0,680.0,INR/Quintal
2016-08-04,Coconut,Tamil Nadu,Coimbatore,Coimbatore Wholesale,2918.0,2393.0,3272.0,3928.0,INR/Quintal
2023-05-29,Coconut,Tamil Nadu,Madurai,Madurai Wholesale,1385.0,1136.0,1553.0,3835.0,INR/Quintal
2016-11-25,Tea,Assam,Cachar,Cachar Wholesale,6875.0,5638.0,7710.0,2064.0,INR/Quintal
2025-06-30,Coconut,Andhra Pradesh,Chittoor,Chittoor Wholesale,2377.0,1949.0,2666.0,5695.0,INR/Quintal
2018-06-05,Maize,Bihar,Muzaffarpur,Muzaffarpur Wholesale,1714.0,1406.0,1922.0,4682.0,INR/Quintal
2023-09-09,Sugarcane,Uttar Pradesh,Kanpur,Kanpur Wholesale,450.0,369.0,505.0,1566.0,INR/Quintal
2019-05-30,Cotton,Maharashtra,Mumbai,Mumbai Wholesale,5174.0,4243.0,5802.0,7011.0,INR/Quintal
2024-07-20,Potato,Bihar,Gaya,Gaya Wholesale,920.0,754.0,1032.0,3243.0,INR/Quintal
2018-05-24,Maize,Karnataka,Belgaum,Belgaum Wholesale,1863.0,1528.0,2089.0,740.0,INR/Quintal
2021-09-20,Maize,Telangana,Nizamabad,Nizamabad Wholesale,2511.0,2059.0,2816.0,995.0,INR/Quintal
2016-02-03,Pulses,Uttar Pradesh,Varanasi,Varanasi Wholesale,4301.0,3527.0,4823.0,4457.0,INR/Quintal
2020-04-30,Maize,Madhya Pradesh,Bhopal,Bhopal Wholesale,1430.0,1173.0,1604.0,3147.0,INR/Quintal
2016-12-15,Tea,Kerala,Kozhikode,Kozhikode Wholesale,11181.0,9169.0,12538.0,2925.0,INR/Quintal
2016-12-04,Apple,Jammu and Kashmir,Srinagar,Srinagar Wholesale,4589.0,3763.0,5146.0,578.0,INR/Quintal
2022-09-09,Pulses,Maharashtra,Mumbai,Mumbai Wholesale,4520.0,3707.0,5069.0,3881.0,INR/Quintal
2021-12-21,Cotton,Telangana,Warangal,Warangal Wholesale,5868.0,4812.0,6580.0,3875.0,INR/Quintal
2025-06-22,Potato,Bihar,Purnia,Purnia Wholesale,2061.0,1690.0,2311.0,3357.0,INR/Quintal
2024-09-06,Apple,Jammu and Kashmir,Srinagar,Srinagar Wholesale,9010.0,7389.0,10104.0,1301.0,INR/Quintal
2019-09-11,Potato,Bihar,Muzaffarpur,Muzaffarpur Wholesale,1548.0,1269.0,1736.0,2911.0,INR/Quintal
2020-05-26,Oilseeds,Madhya Pradesh,Bhopal,Bhopal Wholesale,3413.0,2799.0,3827.0,1378.0,INR/Quintal
2023-04-10,Oilseeds,Maharashtra,Nashik,Nashik Wholesale,3635.0,2981.0,4076.0,6705.0,INR/Quintal
2025-05-30,Cotton,Andhra Pradesh,Krishna,Krishna Wholesale,5685.0,4662.0,6375.0,6609.0,INR/Quintal
2015-03-23,Coffee,Tamil Nadu,Coimbatore,Coimbatore Wholesale,18240.0,14958.0,20454.0,1600.0,INR/Quintal
2016-08-26,Sugarcane,Karnataka,Mysore,Mysore Wholesale,408.0,335.0,458.0,3993.0,INR/Quintal
2020-05-24,Coffee,Tamil Nadu,Chennai,Chennai Wholesale,9094.0,7458.0,10198.0,775.0,INR/Quintal
2019-09-07,Sugarcane,Maharashtra,Nagpur,Nagpur Wholesale,447.0,367.0,501.0,2593.0,INR/Quintal
2020-08-08,Pulses,Uttar Pradesh,Lucknow,Lucknow Wholesale,4993.0,4095.0,5599.0,4422.0,INR/Quintal
2025-06-19,Cotton,Maharashtra,Mumbai,Mumbai Wholesale,8993.0,7375.0,10085.0,5274.0,INR/Quintal
2022-09-20,Sugarcane,Maharashtra,Nashik,Nashik Wholesale,512.0,420.0,574.0,3463.0,INR/Quintal
2017-06-21,Oilseeds,Rajasthan,Jodhpur,Jodhpur Wholesale,2665.0,2186.0,2989.0,2017.0,INR/Quintal
2015-12-31,Oilseeds,Maharashtra,Nagpur,Nagpur Wholesale,4160.0,3412.0,4665.0,4458.0,INR/Quintal
2015-06-12,Wheat,Haryana,Karnal,Karnal Wholesale,1986.0,1629.0,2227.0,5110.0,INR/Quintal
2023-07-17,Sugarcane,Uttar Pradesh,Kanpur,Kanpur Wholesale,407.0,334.0,456.0,3475.0,INR/Quintal
2022-01-02,Coconut,Karnataka,Hubli,Hubli Wholesale,2901.0,2379.0,3253.0,4023.0,INR/Quintal
2024-04-23,Cotton,Andhra Pradesh,Chittoor,Chittoor Wholesale,7166.0,5877.0,8036.0,6514.0,INR/Quintal
2020-02-07,Apple,Jammu and Kashmir,Srinagar,Srinagar Wholesale,3625.0,2973.0,4065.0,961.0,INR/Quintal
2015-04-26,Rice,West Bengal,Kolkata,Kolkata Wholesale,2293.0,1880.0,2571.0,3956.0,INR/Quintal
2023-03-08,Pulses,Rajasthan,Jaipur,Jaipur Wholesale,6082.0,4988.0,6820.0,490.0,INR/Quintal
2025-09-25,Maize,Telangana,Hyderabad,Hyderabad Wholesale,1747.0,1433.0,1959.0,2264.0,INR/Quintal
2021-07-12,Coconut,Kerala,Ernakulam,Ernakulam Wholesale,2004.0,1643.0,2247.0,938.0,INR/Quintal
2017-05-30,Maize,Telangana,Nizamabad,Nizamabad Wholesale,1893.0,1552.0,2123.0,2758.0,INR/Quintal
2022-08-16,Sugarcane,Uttar Pradesh,Varanasi,Varanasi Wholesale,388.0,318.0,435.0,1605.0,INR/Quintal
2017-04-19,Apple,Himachal Pradesh,Shimla,Shimla Wholesale,8469.0,6945.0,9497.0,382.0,INR/Quintal
2021-01-03,Coconut,Kerala,Kozhikode,Kozhikode Wholesale,1245.0,1021.0,1396.0,2461.0,INR/Quintal
2024-12-25,Coffee,Karnataka,Mysore,Mysore Wholesale,12900.0,10579.0,14466.0,2653.0,INR/Quintal
2025-08-13,Pulses,Madhya Pradesh,Bhopal,Bhopal Wholesale,4353.0,3570.0,4881.0,1429.0,INR/Quintal
2018-09-08,Coconut,Tamil Nadu,Chennai,Chennai Wholesale,2241.0,1838.0,2513.0,1109.0,INR/Quintal
2021-10-26,Potato,Punjab,Patiala,Patiala Wholesale,1688.0,1384.0,1893.0,5288.0,INR/Quintal
2022-11-24,Apple,Himachal Pradesh,Mandi,Mandi Wholesale,6680.0,5478.0,7491.0,219.0,INR/Quintal
2017-11-02,Tea,Kerala,Thrissur,Thrissur Wholesale,7524.0,6170.0,8437.0,3068.0,INR/Quintal
2017-07-31,Maize,Bihar,Gaya,Gaya Wholesale,2130.0,1747.0,2389.0,3244.0,INR/Quintal
2024-10-05,Oilseeds,Rajasthan,Jodhpur,Jodhpur Wholesale,2800.0,2296.0,3140.0,660.0,INR/Quintal
2019-09-21,Pulses,Rajasthan,Jodhpur,Jodhpur Wholesale,4302.0,3528.0,4824.0,1286.0,INR/Quintal
2021-05-23,Coconut,Tamil Nadu,Chennai,Chennai Wholesale,1272.0,1043.0,1426.0,6262.0,INR/Quintal
2022-07-30,Coffee,Kerala,Kozhikode,Kozhikode Wholesale,9882.0,8104.0,11082.0,2310.0,INR/Quintal
2018-02-11,Cotton,Telangana,Nizamabad,Nizamabad Wholesale,5516.0,4524.0,6186.0,1217.0,INR/Quintal
2021-12-02,Apple,Himachal Pradesh,Kangra,Kangra Wholesale,5158.0,4230.0,5784.0,1280.0,INR/Quintal
2015-01-22,Coffee,Karnataka,Belgaum,Belgaum Wholesale,12342.0,10121.0,13840.0,3298.0,INR/Quintal
2024-05-13,Pulses,Rajasthan,Udaipur,Udaipur Wholesale,6938.0,5690.0,7780.0,3309.0,INR/Quintal
2019-10-16,Potato,Punjab,Patiala,Patiala Wholesale,834.0,684.0,935.0,5133.0,INR/Quintal
2016-11-13,Maize,Maharashtra,Mumbai,Mumbai Wholesale,2040.0,1673.0,2288.0,961.0,INR/Quintal
2025-09-11,Apple,Jammu and Kashmir,Srinagar,Srinagar Wholesale,8288.0,6797.0,9294.0,536.0,INR/Quintal
2024-12-16,Oilseeds,Madhya Pradesh,Bhopal,Bhopal Wholesale,3784.0,3103.0,4243.0,1474.0,INR/Quintal
2023-02-01,Rice,Telangana,Nizamabad,Nizamabad Wholesale,2595.0,2128.0,2910.0,5649.0,INR/Quintal
2020-01-08,Cotton,Maharashtra,Nagpur,Nagpur Wholesale,6133.0,5030.0,6878.0,4510.0,INR/Quintal
2021-06-25,Apple,Himachal Pradesh,Mandi,Mandi Wholesale,4727.0,3877.0,5301.0,2230.0,INR/Quintal
2015-05-06,Oilseeds,Rajasthan,Jaipur,Jaipur Wholesale,4722.0,3872.0,5295.0,1946.0,INR/Quintal
2015-10-04,Potato,Uttar Pradesh,Lucknow,Lucknow Wholesale,1354.0,1110.0,1518.0,4166.0,INR/Quintal
2020-06-22,Tea,Kerala,Kozhikode,Kozhikode Wholesale,14285.0,11715.0,16019.0,1432.0,INR/Quintal
2018-05-12,Potato,West Bengal,Howrah,Howrah Wholesale,1892.0,1552.0,2122.0,5823.0,INR/Quintal
2021-02-19,Potato,Punjab,Patiala,Patiala Wholesale,731.0,599.0,820.0,4815.0,INR/Quintal
2025-04-10,Coconut,Andhra Pradesh,Krishna,Krishna Wholesale,1839.0,1508.0,2062.0,6224.0,INR/Quintal
2025-03-24,Maize,Maharashtra,Nagpur,Nagpur Wholesale,1749.0,1434.0,1961.0,2790.0,INR/Quintal
2024-11-27,Pulses,Rajasthan,Udaipur,Udaipur Wholesale,6975.0,5720.0,7822.0,2155.0,INR/Quintal
2016-11-26,Apple,Himachal Pradesh,Shimla,Shimla Wholesale,8285.0,6794.0,9291.0,987.0,INR/Quintal
2018-08-02,Pulses,Uttar Pradesh,Kanpur,Kanpur Wholesale,4996.0,4097.0,5603.0,712.0,INR/Quintal
2015-02-26,Apple,Jammu and Kashmir,Srinagar,Srinagar Wholesale,3521.0,2887.0,3948.0,1189.0,INR/Quintal
2025-06-02,Oilseeds,Madhya Pradesh,Bhopal,Bhopal Wholesale,3129.0,2566.0,3509.0,2380.0,INR/Quintal
2024-03-28,Tea,West Bengal,Howrah,Howrah Wholesale,20018.0,16416.0,22448.0,1692.0,INR/Quintal
2023-11-09,Coconut,Karnataka,Belgaum,Belgaum Wholesale,3544.0,2906.0,3974.0,1241.0,INR/Quintal
2015-01-19,Tea,Assam,Kamrup,Kamrup Wholesale,6995.0,5736.0,7844.0,2385.0,INR/Quintal
2024-06-03,Coffee,Karnataka,Mysore,Mysore Wholesale,11363.0,9319.0,12742.0,2247.0,INR/Quintal
2021-04-30,Coconut,Karnataka,Hubli,Hubli Wholesale,1961.0,1608.0,2199.0,3441.0,INR/Quintal
2022-10-12,Rice,Chhattisgarh,Raipur,Raipur Wholesale,1284.0,1053.0,1440.0,1334.0,INR/Quintal
2015-04-23,Potato,West Bengal,Howrah,Howrah Wholesale,1742.0,1429.0,1953.0,1566.0,INR/Quintal
2024-09-29,Rice,Uttar Pradesh,Varanasi,Varanasi Wholesale,2518.0,2065.0,2824.0,1381.0,INR/Quintal
2024-04-21,Wheat,Haryana,Faridabad,Faridabad Wholesale,2720.0,2231.0,3050.0,7614.0,INR/Quintal
2016-06-25,Sugarcane,Karnataka,Mysore,Mysore Wholesale,373.0,306.0,418.0,1355.0,INR/Quintal
2022-05-18,Potato,West Bengal,Howrah,Howrah Wholesale,1232.0,1010.0,1382.0,4423.0,INR/Quintal
2016-08-01,Rice,Bihar,Gaya,Gaya Wholesale,1488.0,1220.0,1669.0,1764.0,INR/Quintal
2017-12-24,Maize,Telangana,Warangal,Warangal Wholesale,2089.0,1713.0,2343.0,4371.0,INR/Quintal
2024-03-17,Sugarcane,Uttar Pradesh,Varanasi,Varanasi Wholesale,514.0,422.0,576.0,1555.0,INR/Quintal
2015-01-25,Tea,Assam,Cachar,Cachar Wholesale,8607.0,7058.0,9652.0,3898.0,INR/Quintal
2019-04-22,Potato,West Bengal,Kolkata,Kolkata Wholesale,1099.0,901.0,1232.0,3758.0,INR/Quintal
2020-08-10,Potato,Punjab,Patiala,Patiala Wholesale,577.0,473.0,647.0,582.0,INR/Quintal
2023-02-06,Tea,Assam,Dibrugarh,Dibrugarh Wholesale,6988.0,5731.0,7836.0,1700.0,INR/Quintal
2019-04-22,Coffee,Karnataka,Mysore,Mysore Wholesale,19070.0,15639.0,21385.0,3235.0,INR/Quintal
2015-05-21,Maize,Andhra Pradesh,Guntur,Guntur Wholesale,1715.0,1406.0,1923.0,2641.0,INR/Quintal
2019-11-03,Potato,West Bengal,Howrah,Howrah Wholesale,1290.0,1058.0,1447.0,1993.0,INR/Quintal
2016-10-09,Rice,Uttar Pradesh,Lucknow,Lucknow Wholesale,2735.0,2243.0,3067.0,5135.0,INR/Quintal
2021-02-13,Potato,Bihar,Gaya,Gaya Wholesale,1482.0,1215.0,1662.0,2676.0,INR/Quintal
2023-10-05,Sugarcane,Karnataka,Mysore,Mysore Wholesale,444.0,364.0,498.0,1942.0,INR/Quintal
2015-07-20,Potato,West Bengal,Howrah,Howrah Wholesale,742.0,608.0,832.0,3670.0,INR/Quintal
2023-10-04,Rice,Odisha,Bhubaneswar,Bhubaneswar Wholesale,3275.0,2686.0,3673.0,2713.0,INR/Quintal
2015-09-14,Cotton,Andhra Pradesh,Chittoor,Chittoor Wholesale,5729.0,4698.0,6425.0,738.0,INR/Quintal
2025-04-05,Sugarcane,Tamil Nadu,Chennai,Chennai Wholesale,408.0,335.0,458.0,5084.0,INR/Quintal
2016-06-30,Apple,Himachal Pradesh,Mandi,Mandi Wholesale,7075.0,5802.0,7934.0,1336.0,INR/Quintal
2021-02-19,Oilseeds,Madhya Pradesh,Bhopal,Bhopal Wholesale,3865.0,3170.0,4334.0,1111.0,INR/Quintal
2022-07-13,Oilseeds,Madhya Pradesh,Bhopal,Bhopal Wholesale,5365.0,4400.0,6016.0,1150.0,INR/Quintal
2023-09-11,Sugarcane,Uttar Pradesh,Lucknow,Lucknow Wholesale,543.0,445.0,609.0,738.0,INR/Quintal
2024-11-15,Apple,Jammu and Kashmir,Srinagar,Srinagar Wholesale,7623.0,6251.0,8548.0,721.0,INR/Quintal
2024-02-19,Maize,Bihar,Muzaffarpur,Muzaffarpur Wholesale,2453.0,2012.0,2751.0,2078.0,INR/Quintal
2017-03-12,Cotton,Gujarat,Surat,Surat Wholesale,4420.0,3625.0,4957.0,3462.0,INR/Quintal
2017-07-30,Sugarcane,Maharashtra,Nagpur,Nagpur Wholesale,407.0,334.0,456.0,3438.0,INR/Quintal
2024-06-17,Rice,Odisha,Bhubaneswar,Bhubaneswar Wholesale,3189.0,2615.0,3576.0,3416.0,INR/Quintal
2024-02-14,Coconut,Tamil Nadu,Coimbatore,Coimbatore Wholesale,2532.0,2076.0,2839.0,4468.0,INR/Quintal
2016-02-18,Wheat,Haryana,Gurgaon,Gurgaon Wholesale,2156.0,1768.0,2418.0,6266.0,INR/Quintal
2020-07-07,Coconut,Karnataka,Mysore,Mysore Wholesale,3218.0,2639.0,3609.0,4110.0,INR/Quintal
2018-10-13,Pulses,Uttar Pradesh,Kanpur,Kanpur Wholesale,3918.0,3213.0,4394.0,4921.0,INR/Quintal
2018-01-03,Potato,Bihar,Purnia,Purnia Wholesale,706.0,579.0,792.0,5029.0,INR/Quintal
2024-05-19,Apple,Jammu and Kashmir,Srinagar,Srinagar Wholesale,8196.0,6721.0,9191.0,547.0,INR/Quintal
2025-01-03,Coffee,Tamil Nadu,Madurai,Madurai Wholesale,22075.0,18103.0,24755.0,2062.0,INR/Quintal
2025-07-09,Cotton,Gujarat,Rajkot,Rajkot Wholesale,8517.0,6985.0,9551.0,2816.0,INR/Quintal
2017-06-28,Rice,Tamil Nadu,Coimbatore,Coimbatore Wholesale,2420.0,1985.0,2714.0,2326.0,INR/Quintal
2015-07-07,Coffee,Tamil Nadu,Chennai,Chennai Wholesale,17099.0,14023.0,19175.0,1021.0,INR/Quintal
2025-04-14,Oilseeds,Maharashtra,Nashik,Nashik Wholesale,5333.0,4373.0,5980.0,2940.0,INR/Quintal
2020-07-08,Sugarcane,Tamil Nadu,Madurai,Madurai Wholesale,360.0,295.0,404.0,4572.0,INR/Quintal
2018-08-06,Cotton,Andhra Pradesh,Visakhapatnam,Visakhapatnam Wholesale,6852.0,5619.0,7684.0,1831.0,INR/Quintal
2020-09-23,Coconut,Karnataka,Bangalore,Bangalore Wholesale,1563.0,1282.0,1753.0,1837.0,INR/Quintal
2024-12-23,Tea,Kerala,Thrissur,Thrissur Wholesale,8419.0,6904.0,9441.0,423.0,INR/Quintal
2020-10-31,Potato,Uttar Pradesh,Kanpur,Kanpur Wholesale,1256.0,1030.0,1408.0,4150.0,INR/Quintal
2018-02-20,Pulses,Maharashtra,Mumbai,Mumbai Wholesale,4299.0,3526.0,4821.0,3867.0,INR/Quintal
2015-12-24,Apple,Jammu and Kashmir,Srinagar,Srinagar Wholesale,4608.0,3779.0,5167.0,386.0,INR/Quintal
2019-04-01,Coconut,Kerala,Kozhikode,Kozhikode Wholesale,1499.0,1229.0,1681.0,4897.0,INR/Quintal
2017-12-25,Oilseeds,Rajasthan,Jodhpur,Jodhpur Wholesale,3055.0,2505.0,3426.0,2799.0,INR/Quintal
2023-03-03,Sugarcane,Tamil Nadu,Chennai,Chennai Wholesale,376.0,308.0,422.0,5388.0,INR/Quintal
2019-08-08,Potato,Bihar,Patna,Patna Wholesale,1354.0,1110.0,1518.0,3561.0,INR/Quintal
2021-08-19,Oilseeds,Maharashtra,Nagpur,Nagpur Wholesale,5081.0,4167.0,5698.0,2246.0,INR/Quintal
2015-06-11,Tea,West Bengal,Kolkata,Kolkata Wholesale,16347.0,13406.0,18332.0,4107.0,INR/Quintal
2025-06-14,Coffee,Kerala,Kozhikode,Kozhikode Wholesale,23199.0,19025.0,26015.0,1142.0,INR/Quintal
2024-06-13,Coconut,Kerala,Kozhikode,Kozhikode Wholesale,2328.0,1909.0,2611.0,2910.0,INR/Quintal
2025-03-16,Pulses,Uttar Pradesh,Kanpur,Kanpur Wholesale,6749.0,5535.0,7568.0,1099.0,INR/Quintal
2024-05-22,Pulses,Maharashtra,Pune,Pune Wholesale,4907.0,4024.0,5503.0,1597.0,INR/Quintal
2023-12-04,Potato,Uttar Pradesh,Lucknow,Lucknow Wholesale,723.0,593.0,811.0,3620.0,INR/Quintal
2021-06-27,Rice,Odisha,Bhubaneswar,Bhubaneswar Wholesale,2775.0,2276.0,3112.0,499.0,INR/Quintal
2016-03-25,Potato,Bihar,Patna,Patna Wholesale,1517.0,1244.0,1701.0,3353.0,INR/Quintal
2019-02-06,Oilseeds,Gujarat,Rajkot,Rajkot Wholesale,4933.0,4045.0,5532.0,4312.0,INR/Quintal
2017-11-02,Apple,Himachal Pradesh,Kangra,Kangra Wholesale,7090.0,5814.0,7951.0,1401.0,INR/Quintal
2021-02-09,Rice,Andhra Pradesh,Krishna,Krishna Wholesale,1550.0,1271.0,1738.0,1439.0,INR/Quintal
2020-11-28,Pulses,Madhya Pradesh,Bhopal,Bhopal Wholesale,6393.0,5243.0,7169.0,894.0,INR/Quintal
2020-05-04,Wheat,Uttar Pradesh,Lucknow,Lucknow Wholesale,2446.0,2006.0,2743.0,5623.0,INR/Quintal
2021-12-30,Pulses,Maharashtra,Nashik,Nashik Wholesale,6399.0,5248.0,7176.0,4500.0,INR/Quintal
2018-08-06,Potato,Bihar,Purnia,Purnia Wholesale,1811.0,1485.0,2031.0,456.0,INR/Quintal
2021-05-31,Oilseeds,Rajasthan,Jaipur,Jaipur Wholesale,3414.0,2800.0,3828.0,2360.0,INR/Quintal
2024-08-23,Rice,Punjab,Ludhiana,Ludhiana Wholesale,1459.0,1196.0,1636.0,4477.0,INR/Quintal
2023-01-30,Sugarcane,Maharashtra,Pune,Pune Wholesale,405.0,332.0,454.0,1212.0,INR/Quintal
2018-05-23,Rice,Bihar,Gaya,Gaya Wholesale,1292.0,1060.0,1449.0,2713.0,INR/Quintal
2017-08-31,Tea,Kerala,Kozhikode,Kozhikode Wholesale,7092.0,5816.0,7953.0,1166.0,INR/Quintal
2016-09-23,Maize,Karnataka,Hubli,Hubli Wholesale,1709.0,1402.0,1916.0,3551.0,INR/Quintal
2019-05-10,Coconut,Kerala,Ernakulam,Ernakulam Wholesale,3151.0,2584.0,3534.0,1229.0,INR/Quintal
2017-11-16,Maize,Telangana,Hyderabad,Hyderabad Wholesale,2196.0,1801.0,2463.0,1478.0,INR/Quintal
2025-02-18,Cotton,Andhra Pradesh,Krishna,Krishna Wholesale,8003.0,6563.0,8975.0,6868.0,INR/Quintal
2022-08-12,Coffee,Tamil Nadu,Coimbatore,Coimbatore Wholesale,9529.0,7815.0,10686.0,1619.0,INR/Quintal
2024-01-16,Cotton,Gujarat,Rajkot,Rajkot Wholesale,6381.0,5233.0,7156.0,3990.0,INR/Quintal
2019-05-08,Apple,Jammu and Kashmir,Srinagar,Srinagar Wholesale,7181.0,5889.0,8053.0,298.0,INR/Quintal
2025-08-14,Apple,Jammu and Kashmir,Srinagar,Srinagar Wholesale,4739.0,3886.0,5314.0,1460.0,INR/Quintal
2021-06-26,Cotton,Andhra Pradesh,Guntur,Guntur Wholesale,7556.0,6197.0,8473.0,5055.0,INR/Quintal
2023-02-08,Rice,Tamil Nadu,Coimbatore,Coimbatore Wholesale,3508.0,2877.0,3934.0,4649.0,INR/Quintal
2024-01-18,Oilseeds,Gujarat,Surat,Surat Wholesale,3889.0,3189.0,4361.0,1067.0,INR/Quintal
2019-08-21,Coconut,Tamil Nadu,Chennai,Chennai Wholesale,2701.0,2215.0,3029.0,681.0,INR/Quintal
2016-03-12,Cotton,Gujarat,Vadodara,Vadodara Wholesale,4578.0,3754.0,5134.0,4606.0,INR/Quintal
2022-09-29,Potato,West Bengal,Howrah,Howrah Wholesale,1859.0,1525.0,2085.0,1373.0,INR/Quintal
2019-04-06,Rice,Tamil Nadu,Madurai,Madurai Wholesale,1168.0,958.0,1310.0,4577.0,INR/Quintal
2024-07-06,Oilseeds,Rajasthan,Jodhpur,Jodhpur Wholesale,3114.0,2554.0,3492.0,1899.0,INR/Quintal
2017-12-12,Maize,Telangana,Warangal,Warangal Wholesale,2024.0,1660.0,2270.0,3847.0,INR/Quintal
2025-07-25,Wheat,Bihar,Muzaffarpur,Muzaffarpur Wholesale,2875.0,2358.0,3224.0,1501.0,INR/Quintal
2024-04-07,Apple,Jammu and Kashmir,Srinagar,Srinagar Wholesale,7881.0,6463.0,8838.0,1562.0,INR/Quintal
2018-07-28,Potato,Uttar Pradesh,Lucknow,Lucknow Wholesale,1325.0,1087.0,1486.0,5098.0,INR/Quintal
2022-08-05,Sugarcane,Tamil Nadu,Coimbatore,Coimbatore Wholesale,485.0,398.0,544.0,2205.0,INR/Quintal
2020-09-09,Coffee,Kerala,Ernakulam,Ernakulam Wholesale,19878.0,16301.0,22291.0,2373.0,INR/Quintal
2021-07-12,Sugarcane,Karnataka,Belgaum,Belgaum Wholesale,525.0,431.0,589.0,1020.0,INR/Quintal
2015-07-02,Oilseeds,Gujarat,Surat,Surat Wholesale,4666.0,3826.0,5232.0,3879.0,INR/Quintal
2023-06-22,Coconut,Andhra Pradesh,Chittoor,Chittoor Wholesale,3210.0,2632.0,3600.0,5692.0,INR/Quintal
2022-02-04,Tea,Assam,Dibrugarh,Dibrugarh Wholesale,14457.0,11856.0,16212.0,2009.0,INR/Quintal
2019-01-09,Oilseeds,Madhya Pradesh,Bhopal,Bhopal Wholesale,4169.0,3419.0,4675.0,1977.0,INR/Quintal
2023-08-12,Wheat,Madhya Pradesh,Bhopal,Bhopal Wholesale,2010.0,1648.0,2254.0,519.0,INR/Quintal
2023-06-09,Maize,Karnataka,Belgaum,Belgaum Wholesale,1693.0,1388.0,1899.0,3725.0,INR/Quintal
2024-09-25,Pulses,Madhya Pradesh,Bhopal,Bhopal Wholesale,6935.0,5687.0,7777.0,1672.0,INR/Quintal
2019-01-19,Oilseeds,Gujarat,Rajkot,Rajkot Wholesale,4939.0,4050.0,5539.0,941.0,INR/Quintal
2019-05-09,Maize,Andhra Pradesh,Krishna,Krishna Wholesale,2032.0,1666.0,2279.0,5361.0,INR/Quintal
2019-05-07,Coconut,Karnataka,Hubli,Hubli Wholesale,2103.0,1725.0,2358.0,5353.0,INR/Quintal
2016-10-21,Sugarcane,Tamil Nadu,Madurai,Madurai Wholesale,313.0,257.0,351.0,3731.0,INR/Quintal
2015-06-09,Oilseeds,Maharashtra,Pune,Pune Wholesale,2982.0,2445.0,3344.0,3843.0,INR/Quintal
2023-06-13,Oilseeds,Madhya Pradesh,Bhopal,Bhopal Wholesale,4045.0,3317.0,4536.0,2029.0,INR/Quintal
2023-11-24,Cotton,Gujarat,Surat,Surat Wholesale,6767.0,5549.0,7589.0,4531.0,INR/Quintal
2021-09-25,Sugarcane,Tamil Nadu,Coimbatore,Coimbatore Wholesale,518.0,425.0,581.0,1766.0,INR/Quintal
2017-10-08,Coffee,Kerala,Thrissur,Thrissur Wholesale,9863.0,8088.0,11060.0,2043.0,INR/Quintal
2015-02-22,Coffee,Karnataka,Hubli,Hubli Wholesale,15649.0,12833.0,17549.0,4530.0,INR/Quintal
2021-09-21,Potato,West Bengal,Howrah,Howrah Wholesale,1241.0,1018.0,1392.0,1675.0,INR/Quintal
2022-12-04,Tea,Assam,Cachar,Cachar Wholesale,18030.0,14786.0,20219.0,713.0,INR/Quintal
2017-11-11,Apple,Jammu and Kashmir,Srinagar,Srinagar Wholesale,7748.0,6354.0,8689.0,203.0,INR/Quintal
2017-11-19,Pulses,Rajasthan,Udaipur,Udaipur Wholesale,4575.0,3752.0,5130.0,1444.0,INR/Quintal
2022-07-13,Oilseeds,Gujarat,Vadodara,Vadodara Wholesale,6049.0,4961.0,6783.0,2719.0,INR/Quintal
2021-04-26,Oilseeds,Gujarat,Ahmedabad,Ahmedabad Wholesale,4180.0,3428.0,4687.0,6353.0,INR/Quintal
2018-05-13,Potato,Bihar,Purnia,Purnia Wholesale,818.0,671.0,917.0,2720.0,INR/Quintal
2023-07-28,Tea,Assam,Kamrup,Kamrup Wholesale,13093.0,10737.0,14683.0,1200.0,INR/Quintal
2019-02-03,Sugarcane,Maharashtra,Nagpur,Nagpur Wholesale,374.0,307.0,419.0,4224.0,INR/Quintal
2022-09-24,Oilseeds,Rajasthan,Jodhpur,Jodhpur Wholesale,4730.0,3879.0,5304.0,770.0,INR/Quintal
2019-01-29,Maize,Madhya Pradesh,Bhopal,Bhopal Wholesale,2394.0,1963.0,2685.0,838.0,INR/Quintal
2017-11-01,Rice,Tamil Nadu,Chennai,Chennai Wholesale,2727.0,2236.0,3058.0,943.0,INR/Quintal
2025-02-19,Apple,Jammu and Kashmir,Srinagar,Srinagar Wholesale,5676.0,4655.0,6365.0,976.0,INR/Quintal
2020-05-04,Tea,Kerala,Ernakulam,Ernakulam Wholesale,8247.0,6763.0,9248.0,512.0,INR/Quintal
2024-03-15,Oilseeds,Maharashtra,Mumbai,Mumbai Wholesale,2804.0,2299.0,3144.0,2520.0,INR/Quintal
2017-04-29,Tea,Assam,Cachar,Cachar Wholesale,8330.0,6831.0,9341.0,4076.0,INR/Quintal
2025-06-28,Coffee,Tamil Nadu,Coimbatore,Coimbatore Wholesale,11253.0,9228.0,12619.0,1711.0,INR/Quintal
2015-12-20,Coconut,Kerala,Kozhikode,Kozhikode Wholesale,1999.0,1639.0,2242.0,799.0,INR/Quintal
2025-02-27,Pulses,Rajasthan,Jaipur,Jaipur Wholesale,6663.0,5464.0,7472.0,4207.0,INR/Quintal
2018-01-03,Oilseeds,Rajasthan,Jaipur,Jaipur Wholesale,4636.0,3802.0,5199.0,2657.0,INR/Quintal
2022-12-30,Pulses,Rajasthan,Udaipur,Udaipur Wholesale,3846.0,3154.0,4313.0,539.0,INR/Quintal
2019-10-06,Wheat,Haryana,Faridabad,Faridabad Wholesale,2061.0,1690.0,2311.0,808.0,INR/Quintal
2024-12-11,Coconut,Andhra Pradesh,Visakhapatnam,Visakhapatnam Wholesale,2002.0,1642.0,2245.0,3905.0,INR/Quintal
2025-01-10,Rice,Uttar Pradesh,Varanasi,Varanasi Wholesale,1571.0,1288.0,1762.0,5055.0,INR/Quintal
2019-01-04,Potato,Uttar Pradesh,Lucknow,Lucknow Wholesale,1169.0,959.0,1311.0,1393.0,INR/Quintal
2017-09-17,Pulses,Maharashtra,Pune,Pune Wholesale,4132.0,3389.0,4634.0,1374.0,INR/Quintal
2018-06-18,Oilseeds,Maharashtra,Pune,Pune Wholesale,4255.0,3489.0,4772.0,6085.0,INR/Quintal
2023-05-24,Cotton,Gujarat,Surat,Surat Wholesale,8246.0,6762.0,9247.0,4242.0,INR/Quintal
2020-02-28,Potato,Bihar,Purnia,Purnia Wholesale,1360.0,1115.0,1525.0,3126.0,INR/Quintal
2023-10-31,Apple,Jammu and Kashmir,Srinagar,Srinagar Wholesale,8349.0,6847.0,9363.0,481.0,INR/Quintal
2019-12-15,Potato,Punjab,Ludhiana,Ludhiana Wholesale,805.0,660.0,903.0,1652.0,INR/Quintal
2023-09-03,Sugarcane,Uttar Pradesh,Lucknow,Lucknow Wholesale,538.0,441.0,603.0,2427.0,INR/Quintal
2025-05-25,Pulses,Uttar Pradesh,Varanasi,Varanasi Wholesale,4495.0,3686.0,5041.0,8022.0,INR/Quintal
2021-05-30,Cotton,Gujarat,Vadodara,Vadodara Wholesale,5400.0,4428.0,6056.0,992.0,INR/Quintal
2021-03-06,Pulses,Madhya Pradesh,Bhopal,Bhopal Wholesale,3917.0,3212.0,4393.0,5158.0,INR/Quintal
2024-05-07,Sugarcane,Uttar Pradesh,Kanpur,Kanpur Wholesale,440.0,361.0,493.0,2476.0,INR/Quintal
2018-01-16,Coconut,Andhra Pradesh,Visakhapatnam,Visakhapatnam Wholesale,2294.0,1881.0,2572.0,3228.0,INR/Quintal
2017-03-28,Coconut,Kerala,Kozhikode,Kozhikode Wholesale,3155.0,2587.0,3538.0,731.0,INR/Quintal
2019-12-05,Apple,Jammu and Kashmir,Srinagar,Srinagar Wholesale,7803.0,6399.0,8750.0,1253.0,INR/Quintal
2020-05-14,Rice,Punjab,Ludhiana,Ludhiana Wholesale,2025.0,1661.0,2271.0,4616.0,INR/Quintal
2021-09-03,Oilseeds,Rajasthan,Jaipur,Jaipur Wholesale,4398.0,3607.0,4932.0,1715.0,INR/Quintal
2021-06-30,Coffee,Kerala,Thrissur,Thrissur Wholesale,18266.0,14980.0,20484.0,2354.0,INR/Quintal
2023-03-07,Coconut,Tamil Nadu,Madurai,Madurai Wholesale,3280.0,2690.0,3678.0,3277.0,INR/Quintal
2017-06-07,Coffee,Tamil Nadu,Madurai,Madurai Wholesale,16955.0,13904.0,19013.0,4202.0,INR/Quintal
2020-01-30,Pulses,Rajasthan,Udaipur,Udaipur Wholesale,5414.0,4440.0,6071.0,493.0,INR/Quintal
2018-03-26,Apple,Himachal Pradesh,Kangra,Kangra Wholesale,7609.0,6240.0,8533.0,1908.0,INR/Quintal
2016-10-29,Sugarcane,Uttar Pradesh,Varanasi,Varanasi Wholesale,424.0,348.0,475.0,1124.0,INR/Quintal
2025-03-11,Tea,Assam,Kamrup,Kamrup Wholesale,8231.0,6750.0,9230.0,2561.0,INR/Quintal
2016-09-24,Oilseeds,Maharashtra,Nashik,Nashik Wholesale,2679.0,2197.0,3004.0,3695.0,INR/Quintal
2022-03-09,Pulses,Uttar Pradesh,Varanasi,Varanasi Wholesale,6130.0,5027.0,6874.0,2225.0,INR/Quintal
2019-07-01,Tea,West Bengal,Kolkata,Kolkata Wholesale,18150.0,14884.0,20353.0,4405.0,INR/Quintal
2025-03-19,Oilseeds,Maharashtra,Mumbai,Mumbai Wholesale,4196.0,3441.0,4705.0,7602.0,INR/Quintal
2015-05-17,Tea,Assam,Cachar,Cachar Wholesale,14799.0,12136.0,16596.0,2178.0,INR/Quintal
2020-04-30,Potato,Punjab,Amritsar,Amritsar Wholesale,948.0,777.0,1063.0,996.0,INR/Quintal
2019-08-25,Pulses,Uttar Pradesh,Varanasi,Varanasi Wholesale,4760.0,3904.0,5338.0,4501.0,INR/Quintal
2016-03-03,Apple,Jammu and Kashmir,Srinagar,Srinagar Wholesale,5039.0,4132.0,5651.0,2321.0,INR/Quintal
2019-01-15,Apple,Himachal Pradesh,Shimla,Shimla Wholesale,9427.0,7731.0,10571.0,740.0,INR/Quintal
2022-04-13,Sugarcane,Uttar Pradesh,Varanasi,Varanasi Wholesale,415.0,340.0,465.0,8736.0,INR/Quintal
2025-09-26,Oilseeds,Gujarat,Rajkot,Rajkot Wholesale,4436.0,3638.0,4975.0,3875.0,INR/Quintal
2023-02-06,Coffee,Kerala,Kozhikode,Kozhikode Wholesale,12706.0,10420.0,14249.0,2641.0,INR/Quintal
2017-03-29,Pulses,Uttar Pradesh,Kanpur,Kanpur Wholesale,4838.0,3968.0,5425.0,7978.0,INR/Quintal
2020-12-28,Oilseeds,Madhya Pradesh,Bhopal,Bhopal Wholesale,5258.0,4312.0,5896.0,2002.0,INR/Quintal
2018-01-11,Oilseeds,Rajasthan,Udaipur,Udaipur Wholesale,3174.0,2603.0,3559.0,2446.0,INR/Quintal
2021-02-02,Apple,Jammu and Kashmir,Srinagar,Srinagar Wholesale,8324.0,6826.0,9335.0,977.0,INR/Quintal
2015-07-17,Tea,West Bengal,Kolkata,Kolkata Wholesale,16936.0,13889.0,18992.0,1138.0,INR/Quintal
2022-04-25,Coconut,Tamil Nadu,Coimbatore,Coimbatore Wholesale,1387.0,1137.0,1555.0,5348.0,INR/Quintal
2024-12-18,Tea,Assam,Dibrugarh,Dibrugarh Wholesale,15957.0,13086.0,17894.0,405.0,INR/Quintal
2020-06-18,Cotton,Gujarat,Ahmedabad,Ahmedabad Wholesale,5481.0,4495.0,6146.0,3730.0,INR/Quintal
2022-07-01,Pulses,Madhya Pradesh,Bhopal,Bhopal Wholesale,4266.0,3498.0,4784.0,2986.0,INR/Quintal
2024-07-24,Wheat,Bihar,Muzaffarpur,Muzaffarpur Wholesale,2668.0,2188.0,2992.0,1271.0,INR/Quintal
2021-09-14,Maize,Bihar,Muzaffarpur,Muzaffarpur Wholesale,2249.0,1844.0,2522.0,1399.0,INR/Quintal
2025-04-27,Wheat,Haryana,Faridabad,Faridabad Wholesale,2463.0,2020.0,2762.0,5545.0,INR/Quintal
2016-04-15,Oilseeds,Gujarat,Rajkot,Rajkot Wholesale,2181.0,1789.0,2446.0,2435.0,INR/Quintal
2021-03-15,Cotton,Telangana,Nizamabad,Nizamabad Wholesale,7937.0,6509.0,8901.0,5047.0,INR/Quintal
2020-05-02,Apple,Himachal Pradesh,Mandi,Mandi Wholesale,8417.0,6903.0,9439.0,1236.0,INR/Quintal
2017-07-17,Oilseeds,Maharashtra,Nagpur,Nagpur Wholesale,2984.0,2447.0,3346.0,3445.0,INR/Quintal
2025-09-04,Wheat,Punjab,Amritsar,Amritsar Wholesale,2596.0,2129.0,2911.0,1593.0,INR/Quintal
2020-07-03,Coconut,Kerala,Thrissur,Thrissur Wholesale,1214.0,996.0,1361.0,467.0,INR/Quintal
2025-05-28,Oilseeds,Rajasthan,Jaipur,Jaipur Wholesale,3923.0,3217.0,4399.0,1032.0,INR/Quintal
2022-05-03,Tea,West Bengal,Howrah,Howrah Wholesale,14847.0,12176.0,16649.0,895.0,INR/Quintal
2023-03-18,Pulses,Maharashtra,Nagpur,Nagpur Wholesale,5644.0,4629.0,6329.0,4409.0,INR/Quintal
2017-06-24,Coconut,Andhra Pradesh,Krishna,Krishna Wholesale,1501.0,1231.0,1683.0,3768.0,INR/Quintal
2021-01-31,Coffee,Tamil Nadu,Chennai,Chennai Wholesale,19417.0,15923.0,21774.0,887.0,INR/Quintal
2015-01-23,Wheat,Haryana,Gurgaon,Gurgaon Wholesale,1799.0,1475.0,2017.0,1461.0,INR/Quintal
2025-05-24,Maize,Karnataka,Mysore,Mysore Wholesale,2315.0,1898.0,2596.0,3396.0,INR/Quintal
2015-08-23,Maize,Karnataka,Belgaum,Belgaum Wholesale,1472.0,1207.0,1651.0,3335.0,INR/Quintal
2023-06-12,Tea,West Bengal,Kolkata,Kolkata Wholesale,13766.0,11289.0,15437.0,3659.0,INR/Quintal
2018-01-29,Pulses,Uttar Pradesh,Kanpur,Kanpur Wholesale,3949.0,3238.0,4428.0,1675.0,INR/Quintal
2017-07-17,Rice,Bihar,Gaya,Gaya Wholesale,2402.0,1970.0,2694.0,3820.0,INR/Quintal
2024-11-16,Rice,Telangana,Warangal,Warangal Wholesale,2351.0,1928.0,2636.0,3541.0,INR/Quintal
2016-06-06,Sugarcane,Karnataka,Hubli,Hubli Wholesale,311.0,255.0,349.0,2159.0,INR/Quintal
2019-12-14,Sugarcane,Maharashtra,Nagpur,Nagpur Wholesale,341.0,280.0,382.0,4254.0,INR/Quintal
2024-08-24,Wheat,Punjab,Ludhiana,Ludhiana Wholesale,2503.0,2053.0,2807.0,3015.0,INR/Quintal
2016-03-06,Tea,Kerala,Ernakulam,Ernakulam Wholesale,6334.0,5194.0,7103.0,4929.0,INR/Quintal
2017-03-03,Tea,Assam,Kamrup,Kamrup Wholesale,11501.0,9432.0,12897.0,2901.0,INR/Quintal
2019-06-18,Oilseeds,Madhya Pradesh,Bhopal,Bhopal Wholesale,3612.0,2962.0,4050.0,3856.0,INR/Quintal
2019-10-03,Maize,Andhra Pradesh,Visakhapatnam,Visakhapatnam Wholesale,2077.0,1703.0,2329.0,1241.0,INR/Quintal
2016-06-16,Maize,Telangana,Hyderabad,Hyderabad Wholesale,2217.0,1818.0,2486.0,1849.0,INR/Quintal
2025-09-28,Coconut,Kerala,Thrissur,Thrissur Wholesale,2675.0,2194.0,3000.0,2249.0,INR/Quintal
2023-04-15,Maize,Maharashtra,Mumbai,Mumbai Wholesale,2464.0,2021.0,2763.0,6594.0,INR/Quintal
2019-10-13,Cotton,Andhra Pradesh,Chittoor,Chittoor Wholesale,7010.0,5749.0,7861.0,3371.0,INR/Quintal
2019-08-03,Pulses,Madhya Pradesh,Bhopal,Bhopal Wholesale,6457.0,5295.0,7241.0,2587.0,INR/Quintal
2018-08-09,Potato,Bihar,Patna,Patna Wholesale,895.0,734.0,1004.0,2710.0,INR/Quintal
2022-10-28,Apple,Himachal Pradesh,Mandi,Mandi Wholesale,9499.0,7790.0,10652.0,1244.0,INR/Quintal
2017-07-01,Apple,Himachal Pradesh,Mandi,Mandi Wholesale,8777.0,7198.0,9843.0,1090.0,INR/Quintal
2018-01-29,Apple,Himachal Pradesh,Mandi,Mandi Wholesale,5952.0,4881.0,6675.0,1496.0,INR/Quintal
2019-03-06,Oilseeds,Rajasthan,Udaipur,Udaipur Wholesale,3294.0,2701.0,3694.0,2118.0,INR/Quintal
2018-08-20,Rice,Uttar Pradesh,Varanasi,Varanasi Wholesale,3165.0,2596.0,3549.0,3654.0,INR/Quintal
2022-12-28,Tea,Kerala,Kozhikode,Kozhikode Wholesale,12280.0,10071.0,13771.0,1864.0,INR/Quintal
2022-01-31,Rice,Assam,Dibrugarh,Dibrugarh Wholesale,2131.0,1748.0,2390.0,1071.0,INR/Quintal
2017-10-20,Cotton,Gujarat,Ahmedabad,Ahmedabad Wholesale,6758.0,5542.0,7578.0,870.0,INR/Quintal
2019-04-26,Rice,Uttar Pradesh,Varanasi,Varanasi Wholesale,1802.0,1478.0,2021.0,8806.0,INR/Quintal
2018-10-10,Maize,Telangana,Warangal,Warangal Wholesale,1500.0,1230.0,1682.0,407.0,INR/Quintal
2024-03-28,Coffee,Tamil Nadu,Chennai,Chennai Wholesale,17528.0,14374.0,19656.0,1394.0,INR/Quintal
2019-02-28,Oilseeds,Madhya Pradesh,Bhopal,Bhopal Wholesale,4142.0,3397.0,4645.0,2524.0,INR/Quintal
2019-08-09,Coffee,Karnataka,Bangalore,Bangalore Wholesale,22064.0,18094.0,24743.0,1370.0,INR/Quintal
2025-07-06,Sugarcane,Maharashtra,Pune,Pune Wholesale,479.0,393.0,537.0,2571.0,INR/Quintal
2020-06-20,Coffee,Karnataka,Belgaum,Belgaum Wholesale,22485.0,18439.0,25215.0,1131.0,INR/Quintal
2015-08-15,Potato,West Bengal,Howrah,Howrah Wholesale,967.0,793.0,1084.0,887.0,INR/Quintal
2018-06-13,Coconut,Andhra Pradesh,Visakhapatnam,Visakhapatnam Wholesale,2344.0,1922.0,2629.0,4924.0,INR/Quintal
2017-05-22,Tea,Assam,Kamrup,Kamrup Wholesale,7510.0,6159.0,8422.0,3603.0,INR/Quintal
2017-06-10,Cotton,Andhra Pradesh,Chittoor,Chittoor Wholesale,5466.0,4483.0,6130.0,1163.0,INR/Quintal
2019-01-18,Apple,Himachal Pradesh,Shimla,Shimla Wholesale,8978.0,7363.0,10068.0,2015.0,INR/Quintal
2017-11-02,Tea,Assam,Dibrugarh,Dibrugarh Wholesale,7589.0,6224.0,8510.0,2204.0,INR/Quintal
2021-03-07,Potato,Bihar,Gaya,Gaya Wholesale,2024.0,1660.0,2270.0,4823.0,INR/Quintal
2022-08-20,Tea,West Bengal,Darjeeling,Darjeeling Wholesale,11367.0,9322.0,12747.0,2145.0,INR/Quintal
2016-02-01,Coffee,Karnataka,Hubli,Hubli Wholesale,9533.0,7818.0,10690.0,2377.0,INR/Quintal
2018-01-28,Pulses,Uttar Pradesh,Kanpur,Kanpur Wholesale,3629.0,2976.0,4070.0,6014.0,INR/Quintal
2020-09-09,Tea,Assam,Cachar,Cachar Wholesale,14328.0,11750.0,16067.0,1216.0,INR/Quintal
2023-01-24,Sugarcane,Maharashtra,Nagpur,Nagpur Wholesale,421.0,345.0,472.0,2221.0,INR/Quintal
2024-11-08,Oilseeds,Madhya Pradesh,Bhopal,Bhopal Wholesale,5032.0,4127.0,5643.0,1590.0,INR/Quintal
2016-10-10,Oilseeds,Madhya Pradesh,Bhopal,Bhopal Wholesale,4221.0,3462.0,4733.0,2330.0,INR/Quintal
2015-11-25,Rice,Bihar,Muzaffarpur,Muzaffarpur Wholesale,1690.0,1386.0,1895.0,2245.0,INR/Quintal
2023-11-12,Wheat,Punjab,Patiala,Patiala Wholesale,2449.0,2008.0,2746.0,2358.0,INR/Quintal
2019-01-22,Coffee,Kerala,Kozhikode,Kozhikode Wholesale,14387.0,11798.0,16134.0,3904.0,INR/Quintal
2025-08-29,Maize,Andhra Pradesh,Guntur,Guntur Wholesale,2792.0,2290.0,3131.0,3968.0,INR/Quintal
2017-08-09,Potato,Bihar,Patna,Patna Wholesale,1039.0,852.0,1165.0,1813.0,INR/Quintal
2020-06-28,Cotton,Maharashtra,Nagpur,Nagpur Wholesale,5232.0,4291.0,5867.0,2842.0,INR/Quintal
2020-07-09,Coconut,Andhra Pradesh,Chittoor,Chittoor Wholesale,1991.0,1633.0,2233.0,3322.0,INR/Quintal
2023-09-07,Coffee,Tamil Nadu,Coimbatore,Coimbatore Wholesale,18888.0,15490.0,21181.0,586.0,INR/Quintal
2022-04-22,Apple,Jammu and Kashmir,Srinagar,Srinagar Wholesale,7849.0,6437.0,8802.0,1820.0,INR/Quintal
2020-02-22,Oilseeds,Maharashtra,Mumbai,Mumbai Wholesale,5488.0,4501.0,6154.0,6584.0,INR/Quintal
2018-04-11,Rice,Telangana,Nizamabad,Nizamabad Wholesale,3012.0,2470.0,3378.0,2595.0,INR/Quintal
2019-11-08,Coconut,Kerala,Kozhikode,Kozhikode Wholesale,1766.0,1448.0,1980.0,874.0,INR/Quintal
2015-06-11,Apple,Himachal Pradesh,Kangra,Kangra Wholesale,5803.0,4759.0,6507.0,315.0,INR/Quintal
2019-10-18,Coconut,Tamil Nadu,Coimbatore,Coimbatore Wholesale,2794.0,2291.0,3133.0,2742.0,INR/Quintal
2017-02-14,Tea,Assam,Tinsukia,Tinsukia Wholesale,15015.0,12313.0,16838.0,1724.0,INR/Quintal
2024-02-17,Maize,Madhya Pradesh,Bhopal,Bhopal Wholesale,1952.0,1601.0,2189.0,2608.0,INR/Quintal
2020-01-02,Maize,Karnataka,Hubli,Hubli Wholesale,1891.0,1551.0,2121.0,2832.0,INR/Quintal
2021-05-10,Wheat,Bihar,Patna,Patna Wholesale,2831.0,2322.0,3175.0,1480.0,INR/Quintal
2023-06-02,Pulses,Uttar Pradesh,Kanpur,Kanpur Wholesale,5054.0,4145.0,5668.0,4181.0,INR/Quintal
2017-11-17,Coconut,Andhra Pradesh,Chittoor,Chittoor Wholesale,2079.0,1705.0,2331.0,2620.0,INR/Quintal
2021-07-01,Wheat,Rajasthan,Jodhpur,Jodhpur Wholesale,2837.0,2327.0,3181.0,1969.0,INR/Quintal
2017-07-28,Tea,Kerala,Ernakulam,Ernakulam Wholesale,12423.0,10188.0,13931.0,1111.0,INR/Quintal
2023-10-26,Coconut,Tamil Nadu,Coimbatore,Coimbatore Wholesale,1844.0,1512.0,2068.0,1194.0,INR/Quintal
2016-06-23,Coffee,Kerala,Thrissur,Thrissur Wholesale,12254.0,10049.0,13742.0,3332.0,INR/Quintal
2021-12-10,Sugarcane,Tamil Nadu,Chennai,Chennai Wholesale,416.0,341.0,467.0,4026.0,INR/Quintal
2017-04-01,Potato,Punjab,Ludhiana,Ludhiana Wholesale,1981.0,1625.0,2221.0,7511.0,INR/Quintal
2019-01-01,Maize,Andhra Pradesh,Krishna,Krishna Wholesale,2463.0,2020.0,2762.0,1456.0,INR/Quintal
2017-12-24,Cotton,Andhra Pradesh,Krishna,Krishna Wholesale,6701.0,5495.0,7515.0,1810.0,INR/Quintal
2015-12-22,Coffee,Karnataka,Hubli,Hubli Wholesale,15193.0,12459.0,17037.0,3399.0,INR/Quintal
2024-11-13,Cotton,Gujarat,Surat,Surat Wholesale,5119.0,4198.0,5740.0,4445.0,INR/Quintal
2024-02-06,Rice,Odisha,Bhubaneswar,Bhubaneswar Wholesale,3042.0,2495.0,3411.0,5119.0,INR/Quintal
2015-08-23,Cotton,Andhra Pradesh,Guntur,Guntur Wholesale,5168.0,4238.0,5795.0,3769.0,INR/Quintal
2021-03-24,Maize,Madhya Pradesh,Bhopal,Bhopal Wholesale,2163.0,1774.0,2426.0,723.0,INR/Quintal
2019-03-29,Apple,Himachal Pradesh,Shimla,Shimla Wholesale,7433.0,6096.0,8335.0,2726.0,INR/Quintal
2024-04-07,Maize,Bihar,Purnia,Purnia Wholesale,2135.0,1751.0,2394.0,5727.0,INR/Quintal
2020-09-27,Maize,Bihar,Gaya,Gaya Wholesale,2466.0,2022.0,2765.0,529.0,INR/Quintal
2015-04-28,Coffee,Tamil Nadu,Madurai,Madurai Wholesale,7864.0,6449.0,8819.0,3289.0,INR/Quintal
2020-10-02,Apple,Jammu and Kashmir,Srinagar,Srinagar Wholesale,7545.0,6187.0,8461.0,863.0,INR/Quintal
2019-08-01,Apple,Jammu and Kashmir,Srinagar,Srinagar Wholesale,5655.0,4638.0,6342.0,458.0,INR/Quintal
2022-02-25,Coffee,Tamil Nadu,Chennai,Chennai Wholesale,19042.0,15616.0,21354.0,3915.0,INR/Quintal
2017-12-03,Apple,Jammu and Kashmir,Srinagar,Srinagar Wholesale,6759.0,5543.0,7580.0,1795.0,INR/Quintal
2025-08-22,Potato,Bihar,Gaya,Gaya Wholesale,670.0,549.0,751.0,3258.0,INR/Quintal
2020-10-01,Oilseeds,Rajasthan,Jaipur,Jaipur Wholesale,3284.0,2693.0,3683.0,2450.0,INR/Quintal
2025-01-05,Pulses,Madhya Pradesh,Bhopal,Bhopal Wholesale,4637.0,3803.0,5200.0,2464.0,INR/Quintal
2016-07-11,Tea,West Bengal,Howrah,Howrah Wholesale,8244.0,6761.0,9245.0,2195.0,INR/Quintal
2024-11-05,Tea,Assam,Tinsukia,Tinsukia Wholesale,15602.0,12795.0,17496.0,2377.0,INR/Quintal
2025-04-06,Rice,Telangana,Nizamabad,Nizamabad Wholesale,1923.0,1577.0,2156.0,2693.0,INR/Quintal
2023-09-09,Wheat,Punjab,Patiala,Patiala Wholesale,2449.0,2008.0,2746.0,723.0,INR/Quintal
2019-12-21,Potato,Punjab,Amritsar,Amritsar Wholesale,975.0,800.0,1093.0,5609.0,INR/Quintal
2025-07-08,Oilseeds,Gujarat,Surat,Surat Wholesale,4863.0,3988.0,5453.0,1800.0,INR/Quintal
2020-06-28,Sugarcane,Tamil Nadu,Coimbatore,Coimbatore Wholesale,469.0,385.0,526.0,793.0,INR/Quintal
2025-09-25,Rice,Bihar,Gaya,Gaya Wholesale,2161.0,1772.0,2423.0,415.0,INR/Quintal
2022-12-25,Coconut,Tamil Nadu,Coimbatore,Coimbatore Wholesale,2669.0,2189.0,2993.0,5160.0,INR/Quintal
2016-02-02,Coffee,Kerala,Thrissur,Thrissur Wholesale,18435.0,15118.0,20673.0,1647.0,INR/Quintal
2023-10-15,Coconut,Tamil Nadu,Madurai,Madurai Wholesale,1474.0,1209.0,1653.0,2048.0,INR/Quintal
2016-11-05,Oilseeds,Madhya Pradesh,Bhopal,Bhopal Wholesale,4256.0,3490.0,4773.0,3249.0,INR/Quintal
2016-01-22,Apple,Himachal Pradesh,Mandi,Mandi Wholesale,5230.0,4289.0,5865.0,1497.0,INR/Quintal
2020-11-28,Coconut,Kerala,Thrissur,Thrissur Wholesale,1432.0,1174.0,1606.0,581.0,INR/Quintal
2022-04-15,Maize,Telangana,Nizamabad,Nizamabad Wholesale,2112.0,1732.0,2368.0,3383.0,INR/Quintal
2020-08-26,Coffee,Karnataka,Bangalore,Bangalore Wholesale,13555.0,11116.0,15201.0,730.0,INR/Quintal
2025-07-18,Coconut,Tamil Nadu,Coimbatore,Coimbatore Wholesale,3436.0,2818.0,3853.0,868.0,INR/Quintal
2023-11-28,Coconut,Karnataka,Bangalore,Bangalore Wholesale,1346.0,1104.0,1509.0,4050.0,INR/Quintal
2017-06-02,Wheat,Bihar,Gaya,Gaya Wholesale,1695.0,1390.0,1901.0,1802.0,INR/Quintal
2024-11-16,Wheat,Madhya Pradesh,Bhopal,Bhopal Wholesale,2567.0,2105.0,2879.0,2417.0,INR/Quintal
2016-06-24,Tea,Kerala,Thrissur,Thrissur Wholesale,10094.0,8278.0,11319.0,2232.0,INR/Quintal
2015-06-20,Pulses,Uttar Pradesh,Varanasi,Varanasi Wholesale,5190.0,4256.0,5820.0,2251.0,INR/Quintal
2021-09-22,Pulses,Uttar Pradesh,Lucknow,Lucknow Wholesale,4458.0,3656.0,4999.0,2972.0,INR/Quintal
2017-01-09,Sugarcane,Uttar Pradesh,Varanasi,Varanasi Wholesale,452.0,371.0,507.0,1398.0,INR/Quintal
2018-11-02,Coffee,Kerala,Thrissur,Thrissur Wholesale,21187.0,17375.0,23759.0,1402.0,INR/Quintal
2023-12-04,Coffee,Karnataka,Bangalore,Bangalore Wholesale,19080.0,15647.0,21396.0,3138.0,INR/Quintal
2022-12-15,Wheat,Punjab,Amritsar,Amritsar Wholesale,2735.0,2243.0,3067.0,2292.0,INR/Quintal
2021-03-27,Maize,Telangana,Nizamabad,Nizamabad Wholesale,2035.0,1669.0,2282.0,4061.0,INR/Quintal
2025-09-09,Maize,Telangana,Warangal,Warangal Wholesale,1650.0,1353.0,1850.0,462.0,INR/Quintal
2025-09-28,Cotton,Gujarat,Surat,Surat Wholesale,6472.0,5308.0,7258.0,2253.0,INR/Quintal
2015-04-29,Maize,Madhya Pradesh,Bhopal,Bhopal Wholesale,1287.0,1055.0,1443.0,3747.0,INR/Quintal
2023-11-02,Apple,Jammu and Kashmir,Srinagar,Srinagar Wholesale,9851.0,8079.0,11047.0,828.0,INR/Quintal
2022-10-02,Oilseeds,Rajasthan,Udaipur,Udaipur Wholesale,3251.0,2666.0,3646.0,2298.0,INR/Quintal
2025-04-16,Pulses,Maharashtra,Nashik,Nashik Wholesale,6380.0,5232.0,7155.0,5478.0,INR/Quintal
2021-11-17,Maize,Bihar,Purnia,Purnia Wholesale,1752.0,1437.0,1965.0,4091.0,INR/Quintal
2020-11-21,Potato,Uttar Pradesh,Kanpur,Kanpur Wholesale,1702.0,1396.0,1909.0,2268.0,INR/Quintal
2025-01-23,Coffee,Tamil Nadu,Chennai,Chennai Wholesale,12998.0,10659.0,14576.0,5977.0,INR/Quintal
2022-07-08,Maize,Bihar,Muzaffarpur,Muzaffarpur Wholesale,2402.0,1970.0,2694.0,2746.0,INR/Quintal
2020-06-18,Cotton,Andhra Pradesh,Guntur,Guntur Wholesale,4982.0,4086.0,5587.0,4624.0,INR/Quintal
2025-08-02,Sugarcane,Karnataka,Belgaum,Belgaum Wholesale,565.0,463.0,634.0,3713.0,INR/Quintal
2024-10-13,Sugarcane,Maharashtra,Mumbai,Mumbai Wholesale,541.0,444.0,607.0,2868.0,INR/Quintal
2025-04-22,Wheat,Rajasthan,Udaipur,Udaipur Wholesale,2832.0,2322.0,3176.0,3862.0,INR/Quintal
2019-09-02,Maize,Andhra Pradesh,Visakhapatnam,Visakhapatnam Wholesale,1420.0,1165.0,1592.0,2468.0,INR/Quintal
2019-09-19,Coconut,Karnataka,Belgaum,Belgaum Wholesale,1587.0,1301.0,1780.0,2461.0,INR/Quintal
2021-01-31,Coffee,Karnataka,Bangalore,Bangalore Wholesale,23769.0,19492.0,26655.0,3166.0,INR/Quintal
2025-06-02,Coffee,Karnataka,Belgaum,Belgaum Wholesale,13533.0,11098.0,15176.0,1271.0,INR/Quintal
2022-08-24,Pulses,Madhya Pradesh,Bhopal,Bhopal Wholesale,4196.0,3441.0,4705.0,1771.0,INR/Quintal
2019-08-25,Sugarcane,Tamil Nadu,Chennai,Chennai Wholesale,427.0,350.0,479.0,3988.0,INR/Quintal
2018-12-15,Wheat,Uttar Pradesh,Varanasi,Varanasi Wholesale,1934.0,1586.0,2169.0,6064.0,INR/Quintal
2023-10-11,Maize,Maharashtra,Nashik,Nashik Wholesale,1763.0,1446.0,1977.0,3718.0,INR/Quintal
2024-06-24,Sugarcane,Karnataka,Belgaum,Belgaum Wholesale,491.0,403.0,551.0,3734.0,INR/Quintal
2019-10-26,Sugarcane,Tamil Nadu,Coimbatore,Coimbatore Wholesale,399.0,327.0,447.0,1682.0,INR/Quintal
2019-03-05,Coffee,Tamil Nadu,Coimbatore,Coimbatore Wholesale,10307.0,8453.0,11558.0,1806.0,INR/Quintal
2016-10-26,Maize,Telangana,Warangal,Warangal Wholesale,1787.0,1465.0,2004.0,1006.0,INR/Quintal
2015-02-02,Coconut,Karnataka,Hubli,Hubli Wholesale,1774.0,1455.0,1989.0,732.0,INR/Quintal
2020-10-03,Rice,Odisha,Bhubaneswar,Bhubaneswar Wholesale,2839.0,2328.0,3184.0,2352.0,INR/Quintal
2022-01-10,Coconut,Kerala,Kozhikode,Kozhikode Wholesale,1459.0,1196.0,1636.0,3821.0,INR/Quintal
2022-09-04,Maize,Telangana,Nizamabad,Nizamabad Wholesale,2203.0,1807.0,2470.0,1077.0,INR/Quintal
2025-09-01,Oilseeds,Madhya Pradesh,Bhopal,Bhopal Wholesale,4302.0,3528.0,4824.0,511.0,INR/Quintal
2025-02-26,Sugarcane,Uttar Pradesh,Lucknow,Lucknow Wholesale,469.0,385.0,526.0,3800.0,INR/Quintal
2020-08-21,Pulses,Maharashtra,Nashik,Nashik Wholesale,4251.0,3486.0,4767.0,1746.0,INR/Quintal
2019-04-01,Apple,Jammu and Kashmir,Srinagar,Srinagar Wholesale,3530.0,2895.0,3959.0,1274.0,INR/Quintal
2016-12-20,Apple,Jammu and Kashmir,Srinagar,Srinagar Wholesale,7456.0,6114.0,8361.0,675.0,INR/Quintal
2022-02-15,Rice,Punjab,Ludhiana,Ludhiana Wholesale,2000.0,1640.0,2243.0,3834.0,INR/Quintal
2021-08-17,Cotton,Gujarat,Ahmedabad,Ahmedabad Wholesale,7131.0,5848.0,7997.0,4072.0,INR/Quintal
2016-04-28,Wheat,Bihar,Gaya,Gaya Wholesale,2521.0,2067.0,2827.0,2528.0,INR/Quintal
2017-08-30,Coconut,Tamil Nadu,Coimbatore,Coimbatore Wholesale,2258.0,1852.0,2532.0,3285.0,INR/Quintal
2025-03-07,Maize,Telangana,Hyderabad,Hyderabad Wholesale,2076.0,1702.0,2328.0,3880.0,INR/Quintal
2024-01-13,Pulses,Maharashtra,Nagpur,Nagpur Wholesale,4832.0,3963.0,5419.0,3018.0,INR/Quintal
2022-04-24,Cotton,Maharashtra,Nashik,Nashik Wholesale,8231.0,6750.0,9230.0,6846.0,INR/Quintal
2015-11-03,Cotton,Maharashtra,Nashik,Nashik Wholesale,6046.0,4958.0,6780.0,3512.0,INR/Quintal
2016-04-01,Sugarcane,Maharashtra,Nashik,Nashik Wholesale,412.0,338.0,462.0,882.0,INR/Quintal
2021-01-16,Oilseeds,Maharashtra,Mumbai,Mumbai Wholesale,3869.0,3173.0,4339.0,1210.0,INR/Quintal
2015-11-27,Sugarcane,Uttar Pradesh,Kanpur,Kanpur Wholesale,427.0,350.0,479.0,4956.0,INR/Quintal
2022-09-24,Wheat,Haryana,Faridabad,Faridabad Wholesale,2679.0,2197.0,3004.0,2459.0,INR/Quintal
2015-08-13,Rice,Punjab,Ludhiana,Ludhiana Wholesale,1566.0,1284.0,1756.0,2581.0,INR/Quintal
2023-04-19,Coconut,Karnataka,Mysore,Mysore Wholesale,2727.0,2236.0,3058.0,1602.0,INR/Quintal
2022-08-08,Coffee,Karnataka,Hubli,Hubli Wholesale,17519.0,14367.0,19646.0,984.0,INR/Quintal
2024-10-15,Potato,Uttar Pradesh,Lucknow,Lucknow Wholesale,648.0,531.0,727.0,4541.0,INR/Quintal
2019-01-19,Rice,Bihar,Purnia,Purnia Wholesale,2929.0,2402.0,3285.0,4865.0,INR/Quintal
2023-07-14,Coconut,Karnataka,Mysore,Mysore Wholesale,1545.0,1267.0,1733.0,2824.0,INR/Quintal
2023-12-30,Wheat,Punjab,Patiala,Patiala Wholesale,2492.0,2044.0,2795.0,2742.0,INR/Quintal
2017-12-18,Apple,Jammu and Kashmir,Srinagar,Srinagar Wholesale,4962.0,4069.0,5564.0,1879.0,INR/Quintal
2016-10-05,Coconut,Andhra Pradesh,Krishna,Krishna Wholesale,1735.0,1423.0,1946.0,2938.0,INR/Quintal
2016-09-07,Coffee,Tamil Nadu,Coimbatore,Coimbatore Wholesale,13433.0,11016.0,15064.0,3145.0,INR/Quintal
2015-07-14,Cotton,Telangana,Hyderabad,Hyderabad Wholesale,6991.0,5733.0,7840.0,394.0,INR/Quintal
2016-05-03,Rice,Andhra Pradesh,Visakhapatnam,Visakhapatnam Wholesale,1871.0,1534.0,2098.0,3486.0,INR/Quintal
2021-01-13,Coffee,Tamil Nadu,Coimbatore,Coimbatore Wholesale,11421.0,9366.0,12808.0,5590.0,INR/Quintal
2022-04-11,Maize,Telangana,Hyderabad,Hyderabad Wholesale,2194.0,1799.0,2460.0,2293.0,INR/Quintal
2018-06-03,Sugarcane,Tamil Nadu,Coimbatore,Coimbatore Wholesale,366.0,300.0,410.0,4146.0,INR/Quintal
2021-09-25,Coconut,Karnataka,Hubli,Hubli Wholesale,1429.0,1172.0,1602.0,2664.0,INR/Quintal
2023-12-21,Potato,Uttar Pradesh,Varanasi,Varanasi Wholesale,713.0,585.0,800.0,1777.0,INR/Quintal
2018-01-07,Pulses,Madhya Pradesh,Bhopal,Bhopal Wholesale,3345.0,2743.0,3751.0,3668.0,INR/Quintal
2018-02-21,Coconut,Kerala,Kozhikode,Kozhikode Wholesale,2030.0,1665.0,2276.0,1014.0,INR/Quintal
2021-11-23,Maize,Telangana,Warangal,Warangal Wholesale,1920.0,1575.0,2153.0,2888.0,INR/Quintal
2018-05-26,Rice,Odisha,Bhubaneswar,Bhubaneswar Wholesale,1494.0,1225.0,1675.0,5133.0,INR/Quintal
2016-05-30,Coconut,Tamil Nadu,Coimbatore,Coimbatore Wholesale,2645.0,2169.0,2966.0,6086.0,INR/Quintal
2019-06-14,Tea,Kerala,Thrissur,Thrissur Wholesale,6343.0,5202.0,7113.0,3281.0,INR/Quintal
2018-02-01,Coffee,Karnataka,Belgaum,Belgaum Wholesale,22762.0,18667.0,25525.0,4026.0,INR/Quintal
2016-01-28,Cotton,Andhra Pradesh,Krishna,Krishna Wholesale,5936.0,4868.0,6657.0,4881.0,INR/Quintal
2016-09-22,Cotton,Andhra Pradesh,Chittoor,Chittoor Wholesale,4205.0,3448.0,4715.0,3172.0,INR/Quintal
2025-03-05,Tea,West Bengal,Darjeeling,Darjeeling Wholesale,22822.0,18716.0,25593.0,769.0,INR/Quintal
2020-01-22,Rice,Uttar Pradesh,Kanpur,Kanpur Wholesale,1858.0,1524.0,2084.0,1657.0,INR/Quintal
2022-04-09,Cotton,Andhra Pradesh,Krishna,Krishna Wholesale,6473.0,5308.0,7259.0,4818.0,INR/Quintal
2017-09-06,Coconut,Andhra Pradesh,Guntur,Guntur Wholesale,1663.0,1364.0,1865.0,445.0,INR/Quintal
2016-03-09,Oilseeds,Gujarat,Ahmedabad,Ahmedabad Wholesale,4311.0,3535.0,4834.0,7161.0,INR/Quintal
2024-04-25,Apple,Himachal Pradesh,Kangra,Kangra Wholesale,7583.0,6219.0,8504.0,1703.0,INR/Quintal
2023-10-20,Cotton,Andhra Pradesh,Visakhapatnam,Visakhapatnam Wholesale,5452.0,4471.0,6114.0,1474.0,INR/Quintal
2025-08-07,Apple,Himachal Pradesh,Mandi,Mandi Wholesale,5035.0,4129.0,5646.0,841.0,INR/Quintal
2022-01-31,Potato,West Bengal,Darjeeling,Darjeeling Wholesale,1922.0,1576.0,2155.0,5476.0,INR/Quintal
2015-10-05,Oilseeds,Rajasthan,Udaipur,Udaipur Wholesale,2711.0,2223.0,3040.0,2421.0,INR/Quintal
2015-08-21,Wheat,Rajasthan,Jaipur,Jaipur Wholesale,1638.0,1343.0,1837.0,530.0,INR/Quintal
2019-04-02,Coconut,Andhra Pradesh,Chittoor,Chittoor Wholesale,2239.0,1836.0,2511.0,6048.0,INR/Quintal
2019-05-14,Coconut,Andhra Pradesh,Guntur,Guntur Wholesale,2918.0,2393.0,3272.0,4281.0,INR/Quintal
2018-01-18,Wheat,Uttar Pradesh,Kanpur,Kanpur Wholesale,1939.0,1590.0,2174.0,5407.0,INR/Quintal
2024-10-03,Coffee,Kerala,Kozhikode,Kozhikode Wholesale,14373.0,11787.0,16118.0,2373.0,INR/Quintal
2023-12-15,Oilseeds,Rajasthan,Jaipur,Jaipur Wholesale,5582.0,4578.0,6260.0,1052.0,INR/Quintal
2021-08-06,Maize,Telangana,Hyderabad,Hyderabad Wholesale,1590.0,1304.0,1783.0,1925.0,INR/Quintal
2024-08-13,Coffee,Kerala,Ernakulam,Ernakulam Wholesale,19559.0,16040.0,21933.0,1147.0,INR/Quintal
2015-01-26,Maize,Madhya Pradesh,Bhopal,Bhopal Wholesale,2155.0,1767.0,2417.0,851.0,INR/Quintal
2023-06-24,Potato,Punjab,Ludhiana,Ludhiana Wholesale,2185.0,1792.0,2450.0,1459.0,INR/Quintal
2018-11-18,Sugarcane,Tamil Nadu,Coimbatore,Coimbatore Wholesale,337.0,276.0,378.0,1042.0,INR/Quintal
2021-12-29,Rice,Telangana,Warangal,Warangal Wholesale,1935.0,1587.0,2170.0,2940.0,INR/Quintal
2024-03-26,Coconut,Andhra Pradesh,Krishna,Krishna Wholesale,1632.0,1338.0,1830.0,1523.0,INR/Quintal
2024-05-03,Coconut,Andhra Pradesh,Chittoor,Chittoor Wholesale,3681.0,3019.0,4128.0,4230.0,INR/Quintal
2021-05-03,Oilseeds,Rajasthan,Jodhpur,Jodhpur Wholesale,5850.0,4797.0,6560.0,2534.0,INR/Quintal
2016-04-05,Tea,Assam,Tinsukia,Tinsukia Wholesale,7570.0,6208.0,8489.0,4603.0,INR/Quintal
2025-04-22,Pulses,Madhya Pradesh,Bhopal,Bhopal Wholesale,6512.0,5340.0,7303.0,3345.0,INR/Quintal
2021-11-08,Rice,Odisha,Bhubaneswar,Bhubaneswar Wholesale,3166.0,2596.0,3550.0,3775.0,INR/Quintal
2024-05-24,Potato,West Bengal,Darjeeling,Darjeeling Wholesale,1080.0,886.0,1211.0,809.0,INR/Quintal
2017-12-27,Oilseeds,Maharashtra,Nashik,Nashik Wholesale,2717.0,2228.0,3047.0,4769.0,INR/Quintal
2017-10-03,Wheat,Madhya Pradesh,Bhopal,Bhopal Wholesale,1602.0,1314.0,1796.0,367.0,INR/Quintal
2022-12-20,Coconut,Kerala,Ernakulam,Ernakulam Wholesale,2207.0,1810.0,2475.0,3026.0,INR/Quintal
2024-07-15,Rice,Andhra Pradesh,Guntur,Guntur Wholesale,3555.0,2915.0,3987.0,2281.0,INR/Quintal
2020-06-17,Coconut,Andhra Pradesh,Krishna,Krishna Wholesale,3227.0,2646.0,3619.0,3901.0,INR/Quintal
2016-05-05,Coconut,Tamil Nadu,Madurai,Madurai Wholesale,1293.0,1060.0,1450.0,2395.0,INR/Quintal
2025-09-09,Coconut,Kerala,Ernakulam,Ernakulam Wholesale,1831.0,1502.0,2053.0,681.0,INR/Quintal
2017-12-08,Maize,Madhya Pradesh,Bhopal,Bhopal Wholesale,1705.0,1398.0,1912.0,3005.0,INR/Quintal
2025-04-16,Tea,Assam,Kamrup,Kamrup Wholesale,16648.0,13653.0,18669.0,4607.0,INR/Quintal
2022-02-24,Rice,Tamil Nadu,Coimbatore,Coimbatore Wholesale,2691.0,2207.0,3018.0,1838.0,INR/Quintal
2023-09-09,Pulses,Rajasthan,Udaipur,Udaipur Wholesale,5632.0,4619.0,6316.0,2275.0,INR/Quintal
2015-08-04,Potato,Uttar Pradesh,Kanpur,Kanpur Wholesale,1388.0,1138.0,1557.0,1256.0,INR/Quintal
2024-08-10,Potato,Uttar Pradesh,Lucknow,Lucknow Wholesale,818.0,671.0,917.0,4231.0,INR/Quintal
2019-09-20,Coffee,Kerala,Ernakulam,Ernakulam Wholesale,15380.0,12613.0,17247.0,2698.0,INR/Quintal
2019-05-12,Coconut,Tamil Nadu,Coimbatore,Coimbatore Wholesale,3342.0,2741.0,3748.0,1471.0,INR/Quintal
2022-02-19,Apple,Jammu and Kashmir,Srinagar,Srinagar Wholesale,4165.0,3416.0,4671.0,1239.0,INR/Quintal
2015-06-08,Apple,Jammu and Kashmir,Srinagar,Srinagar Wholesale,5596.0,4589.0,6275.0,807.0,INR/Quintal
2021-12-11,Potato,West Bengal,Darjeeling,Darjeeling Wholesale,1113.0,913.0,1248.0,2473.0,INR/Quintal
2016-11-16,Coffee,Karnataka,Hubli,Hubli Wholesale,16405.0,13453.0,18397.0,3636.0,INR/Quintal
2024-01-27,Potato,Punjab,Patiala,Patiala Wholesale,1728.0,1417.0,1938.0,5995.0,INR/Quintal
2022-10-12,Pulses,Madhya Pradesh,Bhopal,Bhopal Wholesale,5726.0,4696.0,6421.0,2877.0,INR/Quintal
2019-11-12,Potato,Uttar Pradesh,Kanpur,Kanpur Wholesale,1992.0,1634.0,2234.0,1702.0,INR/Quintal
2020-08-14,Tea,West Bengal,Kolkata,Kolkata Wholesale,12279.0,10070.0,13770.0,2398.0,INR/Quintal
2025-01-15,Sugarcane,Maharashtra,Nashik,Nashik Wholesale,491.0,403.0,551.0,3769.0,INR/Quintal
2020-01-18,Coconut,Andhra Pradesh,Guntur,Guntur Wholesale,1175.0,964.0,1318.0,6396.0,INR/Quintal
2021-08-05,Wheat,Uttar Pradesh,Varanasi,Varanasi Wholesale,2702.0,2216.0,3030.0,608.0,INR/Quintal
2021-11-11,Tea,Kerala,Kozhikode,Kozhikode Wholesale,8066.0,6615.0,9045.0,3367.0,INR/Quintal
2021-04-14,Apple,Jammu and Kashmir,Srinagar,Srinagar Wholesale,8358.0,6854.0,9373.0,1340.0,INR/Quintal
2019-05-09,Potato,Uttar Pradesh,Kanpur,Kanpur Wholesale,1006.0,825.0,1128.0,5718.0,INR/Quintal
2019-08-24,Oilseeds,Madhya Pradesh,Bhopal,Bhopal Wholesale,2276.0,1866.0,2552.0,1256.0,INR/Quintal
2023-03-13,Coconut,Andhra Pradesh,Visakhapatnam,Visakhapatnam Wholesale,1624.0,1332.0,1821.0,6765.0,INR/Quintal
2021-10-05,Maize,Telangana,Nizamabad,Nizamabad Wholesale,2579.0,2115.0,2892.0,2018.0,INR/Quintal
2020-04-30,Sugarcane,Karnataka,Belgaum,Belgaum Wholesale,400.0,328.0,449.0,4826.0,INR/Quintal
2025-06-06,Wheat,Punjab,Ludhiana,Ludhiana Wholesale,2091.0,1715.0,2345.0,5130.0,INR/Quintal
2020-08-24,Maize,Andhra Pradesh,Guntur,Guntur Wholesale,1517.0,1244.0,1701.0,1899.0,INR/Quintal
2022-08-15,Coconut,Andhra Pradesh,Chittoor,Chittoor Wholesale,1961.0,1608.0,2199.0,748.0,INR/Quintal
2024-12-23,Tea,Assam,Cachar,Cachar Wholesale,6828.0,5599.0,7657.0,3308.0,INR/Quintal
2018-02-19,Pulses,Uttar Pradesh,Varanasi,Varanasi Wholesale,4943.0,4054.0,5543.0,3409.0,INR/Quintal
2021-05-13,Pulses,Rajasthan,Jaipur,Jaipur Wholesale,4297.0,3524.0,4819.0,3478.0,INR/Quintal
2019-05-01,Maize,Maharashtra,Mumbai,Mumbai Wholesale,1926.0,1579.0,2160.0,4842.0,INR/Quintal
2021-11-05,Oilseeds,Rajasthan,Jodhpur,Jodhpur Wholesale,2858.0,2344.0,3205.0,1245.0,INR/Quintal
2024-06-23,Maize,Andhra Pradesh,Visakhapatnam,Visakhapatnam Wholesale,2070.0,1698.0,2321.0,3809.0,INR/Quintal
2024-03-19,Tea,Assam,Dibrugarh,Dibrugarh Wholesale,13944.0,11435.0,15637.0,3541.0,INR/Quintal
2024-12-24,Maize,Andhra Pradesh,Chittoor,Chittoor Wholesale,1603.0,1315.0,1798.0,4416.0,INR/Quintal
2022-03-30,Wheat,Madhya Pradesh,Bhopal,Bhopal Wholesale,2297.0,1884.0,2576.0,4369.0,INR/Quintal
2021-10-29,Coconut,Karnataka,Hubli,Hubli Wholesale,1894.0,1553.0,2124.0,992.0,INR/Quintal
2021-03-07,Oilseeds,Rajasthan,Jodhpur,Jodhpur Wholesale,3211.0,2633.0,3601.0,4321.0,INR/Quintal
2025-01-09,Cotton,Telangana,Warangal,Warangal Wholesale,7558.0,6198.0,8476.0,2431.0,INR/Quintal
2022-07-24,Rice,Andhra Pradesh,Chittoor,Chittoor Wholesale,2634.0,2160.0,2954.0,4459.0,INR/Quintal
2021-06-07,Coconut,Tamil Nadu,Chennai,Chennai Wholesale,2668.0,2188.0,2992.0,1641.0,INR/Quintal
2020-04-16,Apple,Himachal Pradesh,Shimla,Shimla Wholesale,4800.0,3936.0,5383.0,397.0,INR/Quintal
2024-01-08,Cotton,Maharashtra,Pune,Pune Wholesale,6169.0,5059.0,6918.0,4605.0,INR/Quintal
2019-10-24,Coffee,Karnataka,Hubli,Hubli Wholesale,12956.0,10625.0,14529.0,1597.0,INR/Quintal
2020-08-12,Maize,Karnataka,Hubli,Hubli Wholesale,2002.0,1642.0,2245.0,4014.0,INR/Quintal
2017-09-16,Pulses,Maharashtra,Nashik,Nashik Wholesale,4646.0,3810.0,5210.0,883.0,INR/Quintal
2019-03-22,Cotton,Telangana,Nizamabad,Nizamabad Wholesale,5590.0,4584.0,6269.0,834.0,INR/Quintal
2018-01-21,Potato,West Bengal,Kolkata,Kolkata Wholesale,1830.0,1501.0,2052.0,889.0,INR/Quintal
2022-01-11,Tea,West Bengal,Kolkata,Kolkata Wholesale,8624.0,7072.0,9671.0,1867.0,INR/Quintal
2024-07-31,Cotton,Maharashtra,Nashik,Nashik Wholesale,8794.0,7212.0,9862.0,3433.0,INR/Quintal
2016-05-07,Sugarcane,Uttar Pradesh,Kanpur,Kanpur Wholesale,327.0,268.0,367.0,4787.0,INR/Quintal
2024-01-20,Oilseeds,Rajasthan,Jodhpur,Jodhpur Wholesale,5485.0,4498.0,6151.0,1671.0,INR/Quintal
2016-09-11,Coconut,Andhra Pradesh,Chittoor,Chittoor Wholesale,1789.0,1467.0,2006.0,756.0,INR/Quintal
2023-11-07,Tea,West Bengal,Kolkata,Kolkata Wholesale,20315.0,16660.0,22781.0,1451.0,INR/Quintal
2025-05-20,Pulses,Madhya Pradesh,Bhopal,Bhopal Wholesale,4189.0,3435.0,4698.0,1222.0,INR/Quintal
2025-06-20,Coffee,Karnataka,Hubli,Hubli Wholesale,17870.0,14655.0,20039.0,4241.0,INR/Quintal
2021-07-06,Apple,Jammu and Kashmir,Srinagar,Srinagar Wholesale,5519.0,4526.0,6189.0,1363.0,INR/Quintal
2021-07-08,Cotton,Andhra Pradesh,Chittoor,Chittoor Wholesale,8236.0,6754.0,9236.0,4076.0,INR/Quintal
2020-09-28,Oilseeds,Madhya Pradesh,Bhopal,Bhopal Wholesale,5700.0,4674.0,6392.0,2722.0,INR/Quintal
2019-03-27,Rice,Tamil Nadu,Coimbatore,Coimbatore Wholesale,1545.0,1267.0,1733.0,6405.0,INR/Quintal
2017-05-12,Oilseeds,Madhya Pradesh,Bhopal,Bhopal Wholesale,4123.0,3381.0,4624.0,2521.0,INR/Quintal
2019-08-19,Oilseeds,Rajasthan,Jodhpur,Jodhpur Wholesale,4039.0,3312.0,4529.0,1227.0,INR/Quintal
2024-10-03,Tea,Kerala,Ernakulam,Ernakulam Wholesale,7479.0,6133.0,8387.0,2736.0,INR/Quintal
2019-05-25,Rice,Bihar,Purnia,Purnia Wholesale,1496.0,1227.0,1678.0,3738.0,INR/Quintal
2025-04-10,Oilseeds,Madhya Pradesh,Bhopal,Bhopal Wholesale,6458.0,5296.0,7242.0,1839.0,INR/Quintal
2021-05-08,Sugarcane,Maharashtra,Nashik,Nashik Wholesale,434.0,356.0,487.0,4545.0,INR/Quintal
2016-08-02,Apple,Himachal Pradesh,Kangra,Kangra Wholesale,4112.0,3372.0,4611.0,1837.0,INR/Quintal
2020-03-05,Cotton,Gujarat,Rajkot,Rajkot Wholesale,5341.0,4380.0,5989.0,6743.0,INR/Quintal
2018-06-29,Cotton,Gujarat,Surat,Surat Wholesale,5237.0,4295.0,5873.0,2119.0,INR/Quintal
2022-02-20,Coconut,Kerala,Ernakulam,Ernakulam Wholesale,2446.0,2006.0,2743.0,4826.0,INR/Quintal
2022-07-06,Sugarcane,Karnataka,Mysore,Mysore Wholesale,424.0,348.0,475.0,4597.0,INR/Quintal
2020-01-30,Cotton,Telangana,Hyderabad,Hyderabad Wholesale,6170.0,5060.0,6919.0,1594.0,INR/Quintal
2025-04-28,Oilseeds,Rajasthan,Udaipur,Udaipur Wholesale,3249.0,2664.0,3643.0,3995.0,INR/Quintal
2023-08-28,Coffee,Tamil Nadu,Madurai,Madurai Wholesale,14043.0,11516.0,15748.0,3643.0,INR/Quintal
2021-10-29,Oilseeds,Madhya Pradesh,Bhopal,Bhopal Wholesale,2609.0,2140.0,2926.0,402.0,INR/Quintal
2023-05-23,Tea,Kerala,Kozhikode,Kozhikode Wholesale,15509.0,12719.0,17392.0,3233.0,INR/Quintal
2018-09-17,Potato,Punjab,Amritsar,Amritsar Wholesale,870.0,713.0,976.0,1967.0,INR/Quintal
2018-03-08,Coconut,Karnataka,Belgaum,Belgaum Wholesale,2740.0,2247.0,3073.0,5056.0,INR/Quintal
2015-12-23,Coffee,Karnataka,Mysore,Mysore Wholesale,13414.0,11001.0,15042.0,5072.0,INR/Quintal
2019-06-13,Pulses,Uttar Pradesh,Lucknow,Lucknow Wholesale,4954.0,4063.0,5555.0,4117.0,INR/Quintal
2021-05-10,Pulses,Rajasthan,Udaipur,Udaipur Wholesale,4571.0,3749.0,5126.0,1904.0,INR/Quintal
2023-06-18,Coffee,Karnataka,Mysore,Mysore Wholesale,22311.0,18297.0,25020.0,5112.0,INR/Quintal
2020-06-29,Oilseeds,Maharashtra,Nashik,Nashik Wholesale,5214.0,4276.0,5847.0,6349.0,INR/Quintal
2021-06-16,Maize,Andhra Pradesh,Visakhapatnam,Visakhapatnam Wholesale,1754.0,1438.0,1967.0,936.0,INR/Quintal
2017-05-19,Potato,Bihar,Muzaffarpur,Muzaffarpur Wholesale,915.0,750.0,1026.0,5351.0,INR/Quintal
2017-06-04,Sugarcane,Maharashtra,Nashik,Nashik Wholesale,426.0,349.0,478.0,1134.0,INR/Quintal
2020-06-24,Oilseeds,Gujarat,Rajkot,Rajkot Wholesale,2973.0,2438.0,3334.0,2421.0,INR/Quintal
2021-01-10,Coffee,Kerala,Thrissur,Thrissur Wholesale,18500.0,15171.0,20746.0,3617.0,INR/Quintal
2018-11-14,Maize,Maharashtra,Nashik,Nashik Wholesale,1411.0,1157.0,1582.0,4416.0,INR/Quintal
2018-07-07,Oilseeds,Maharashtra,Nashik,Nashik Wholesale,4208.0,3451.0,4719.0,4162.0,INR/Quintal
2016-09-11,Maize,Andhra Pradesh,Visakhapatnam,Visakhapatnam Wholesale,1765.0,1447.0,1979.0,568.0,INR/Quintal
2017-06-01,Coffee,Kerala,Thrissur,Thrissur Wholesale,9929.0,8143.0,11134.0,879.0,INR/Quintal
2017-03-07,Oilseeds,Madhya Pradesh,Bhopal,Bhopal Wholesale,4184.0,3431.0,4692.0,4901.0,INR/Quintal
2024-12-21,Rice,Assam,Tinsukia,Tinsukia Wholesale,2404.0,1971.0,2696.0,693.0,INR/Quintal
2020-12-12,Cotton,Maharashtra,Nashik,Nashik Wholesale,5349.0,4387.0,5998.0,1109.0,INR/Quintal
2024-05-18,Coffee,Karnataka,Bangalore,Bangalore Wholesale,17100.0,14023.0,19176.0,5389.0,INR/Quintal
2018-07-20,Pulses,Rajasthan,Jodhpur,Jodhpur Wholesale,4879.0,4001.0,5471.0,2014.0,INR/Quintal
2016-09-10,Pulses,Maharashtra,Nashik,Nashik Wholesale,3373.0,2766.0,3782.0,1895.0,INR/Quintal
2020-01-09,Potato,West Bengal,Darjeeling,Darjeeling Wholesale,2227.0,1826.0,2497.0,1576.0,INR/Quintal
2015-09-02,Wheat,Punjab,Patiala,Patiala Wholesale,2166.0,1776.0,2429.0,4703.0,INR/Quintal
2022-12-05,Pulses,Uttar Pradesh,Lucknow,Lucknow Wholesale,4002.0,3282.0,4488.0,7423.0,INR/Quintal
2021-11-02,Wheat,Haryana,Hisar,Hisar Wholesale,2741.0,2248.0,3074.0,863.0,INR/Quintal
2017-07-18,Rice,Odisha,Bhubaneswar,Bhubaneswar Wholesale,1744.0,1430.0,1956.0,2290.0,INR/Quintal
2018-06-24,Coffee,Karnataka,Belgaum,Belgaum Wholesale,18179.0,14908.0,20386.0,1843.0,INR/Quintal
2016-06-03,Maize,Maharashtra,Pune,Pune Wholesale,1521.0,1247.0,1706.0,5519.0,INR/Quintal
2023-10-18,Coconut,Kerala,Thrissur,Thrissur Wholesale,3059.0,2509.0,3430.0,1218.0,INR/Quintal
2021-08-06,Potato,Bihar,Muzaffarpur,Muzaffarpur Wholesale,1870.0,1534.0,2097.0,2750.0,INR/Quintal
2015-01-08,Cotton,Telangana,Hyderabad,Hyderabad Wholesale,5656.0,4638.0,6343.0,3030.0,INR/Quintal
2021-11-30,Coconut,Andhra Pradesh,Visakhapatnam,Visakhapatnam Wholesale,1749.0,1434.0,1961.0,2996.0,INR/Quintal
2024-05-16,Sugarcane,Tamil Nadu,Chennai,Chennai Wholesale,429.0,352.0,481.0,5517.0,INR/Quintal
2020-07-12,Wheat,Haryana,Karnal,Karnal Wholesale,2165.0,1775.0,2428.0,3114.0,INR/Quintal
2016-05-09,Cotton,Telangana,Hyderabad,Hyderabad Wholesale,4568.0,3746.0,5123.0,4456.0,INR/Quintal
2019-06-18,Potato,Uttar Pradesh,Kanpur,Kanpur Wholesale,1127.0,924.0,1264.0,3203.0,INR/Quintal
2022-11-20,Potato,Bihar,Purnia,Purnia Wholesale,1847.0,1515.0,2071.0,1094.0,INR/Quintal
2024-07-30,Pulses,Maharashtra,Nashik,Nashik Wholesale,6976.0,5721.0,7823.0,2817.0,INR/Quintal
2017-11-28,Cotton,Andhra Pradesh,Guntur,Guntur Wholesale,5298.0,4345.0,5941.0,2797.0,INR/Quintal
2022-03-25,Oilseeds,Gujarat,Ahmedabad,Ahmedabad Wholesale,3268.0,2680.0,3665.0,4138.0,INR/Quintal
2015-07-06,Tea,Kerala,Ernakulam,Ernakulam Wholesale,11994.0,9836.0,13450.0,2813.0,INR/Quintal
2025-01-15,Potato,Uttar Pradesh,Kanpur,Kanpur Wholesale,2387.0,1958.0,2677.0,5246.0,INR/Quintal
2025-01-19,Wheat,Bihar,Muzaffarpur,Muzaffarpur Wholesale,2483.0,2036.0,2784.0,5173.0,INR/Quintal
2022-09-02,Coconut,Andhra Pradesh,Chittoor,Chittoor Wholesale,1275.0,1046.0,1430.0,2364.0,INR/Quintal
2020-02-21,Sugarcane,Karnataka,Hubli,Hubli Wholesale,465.0,381.0,521.0,2094.0,INR/Quintal
2020-11-10,Sugarcane,Uttar Pradesh,Kanpur,Kanpur Wholesale,480.0,394.0,538.0,1380.0,INR/Quintal
2015-03-27,Apple,Himachal Pradesh,Kangra,Kangra Wholesale,3399.0,2787.0,3812.0,2865.0,INR/Quintal
2023-07-13,Coconut,Andhra Pradesh,Krishna,Krishna Wholesale,2716.0,2227.0,3046.0,768.0,INR/Quintal
2015-05-17,Rice,Bihar,Gaya,Gaya Wholesale,2177.0,1785.0,2441.0,1184.0,INR/Quintal
2021-10-04,Rice,Andhra Pradesh,Chittoor,Chittoor Wholesale,2074.0,1701.0,2326.0,699.0,INR/Quintal
2020-10-22,Coconut,Tamil Nadu,Coimbatore,Coimbatore Wholesale,2874.0,2357.0,3223.0,1960.0,INR/Quintal
2024-11-28,Pulses,Madhya Pradesh,Bhopal,Bhopal Wholesale,5441.0,4462.0,6102.0,1970.0,INR/Quintal
2019-06-25,Oilseeds,Maharashtra,Nashik,Nashik Wholesale,4514.0,3702.0,5062.0,766.0,INR/Quintal
2024-10-23,Pulses,Maharashtra,Pune,Pune Wholesale,5780.0,4740.0,6482.0,2714.0,INR/Quintal
2023-11-02,Sugarcane,Karnataka,Mysore,Mysore Wholesale,418.0,343.0,469.0,2124.0,INR/Quintal
2024-02-09,Maize,Maharashtra,Pune,Pune Wholesale,2294.0,1881.0,2572.0,6521.0,INR/Quintal
2021-01-27,Sugarcane,Maharashtra,Pune,Pune Wholesale,484.0,397.0,543.0,6331.0,INR/Quintal
2019-10-18,Potato,Bihar,Gaya,Gaya Wholesale,2196.0,1801.0,2463.0,2652.0,INR/Quintal
2021-01-26,Cotton,Maharashtra,Pune,Pune Wholesale,6066.0,4975.0,6802.0,3933.0,INR/Quintal
2019-11-23,Cotton,Gujarat,Rajkot,Rajkot Wholesale,4697.0,3852.0,5267.0,1502.0,INR/Quintal
2017-05-21,Potato,Bihar,Purnia,Purnia Wholesale,2101.0,1723.0,2356.0,4959.0,INR/Quintal
2021-06-27,Potato,Punjab,Amritsar,Amritsar Wholesale,1694.0,1389.0,1900.0,3056.0,INR/Quintal
2024-12-17,Sugarcane,Karnataka,Mysore,Mysore Wholesale,561.0,460.0,629.0,2314.0,INR/Quintal
2021-11-08,Cotton,Telangana,Warangal,Warangal Wholesale,5088.0,4173.0,5706.0,3536.0,INR/Quintal
2017-08-01,Cotton,Maharashtra,Nashik,Nashik Wholesale,5328.0,4369.0,5975.0,4706.0,INR/Quintal
2019-06-15,Coffee,Tamil Nadu,Chennai,Chennai Wholesale,10222.0,8383.0,11463.0,4996.0,INR/Quintal
2022-10-08,Apple,Jammu and Kashmir,Srinagar,Srinagar Wholesale,8685.0,7122.0,9739.0,1478.0,INR/Quintal
2022-04-14,Cotton,Telangana,Warangal,Warangal Wholesale,8036.0,6590.0,9012.0,5000.0,INR/Quintal
2023-11-01,Potato,Punjab,Patiala,Patiala Wholesale,1552.0,1273.0,1740.0,4679.0,INR/Quintal
2023-01-15,Rice,Odisha,Bhubaneswar,Bhubaneswar Wholesale,1703.0,1397.0,1910.0,1886.0,INR/Quintal
2015-12-15,Oilseeds,Maharashtra,Nashik,Nashik Wholesale,2381.0,1953.0,2670.0,6225.0,INR/Quintal
2024-08-23,Maize,Telangana,Hyderabad,Hyderabad Wholesale,2271.0,1862.0,2547.0,2961.0,INR/Quintal
2019-08-04,Coconut,Andhra Pradesh,Krishna,Krishna Wholesale,2254.0,1848.0,2528.0,1406.0,INR/Quintal
2018-04-11,Potato,Punjab,Patiala,Patiala Wholesale,1681.0,1379.0,1885.0,5105.0,INR/Quintal
2015-01-10,Apple,Jammu and Kashmir,Srinagar,Srinagar Wholesale,4526.0,3712.0,5075.0,375.0,INR/Quintal
2022-08-19,Cotton,Maharashtra,Nagpur,Nagpur Wholesale,6301.0,5167.0,7066.0,4609.0,INR/Quintal
2024-02-19,Wheat,Punjab,Patiala,Patiala Wholesale,1932.0,1584.0,2167.0,5816.0,INR/Quintal
2019-01-01,Sugarcane,Karnataka,Mysore,Mysore Wholesale,439.0,360.0,492.0,2028.0,INR/Quintal
2025-06-28,Sugarcane,Tamil Nadu,Madurai,Madurai Wholesale,473.0,388.0,530.0,1997.0,INR/Quintal
2024-02-01,Oilseeds,Maharashtra,Pune,Pune Wholesale,6044.0,4957.0,6778.0,8046.0,INR/Quintal
2016-10-28,Potato,Bihar,Muzaffarpur,Muzaffarpur Wholesale,1507.0,1236.0,1690.0,2421.0,INR/Quintal
2022-02-06,Oilseeds,Rajasthan,Udaipur,Udaipur Wholesale,3867.0,3171.0,4336.0,2110.0,INR/Quintal
2019-03-03,Rice,Assam,Kamrup,Kamrup Wholesale,1710.0,1402.0,1918.0,2859.0,INR/Quintal
2020-12-16,Tea,Assam,Dibrugarh,Dibrugarh Wholesale,16161.0,13253.0,18123.0,755.0,INR/Quintal
2025-04-01,Pulses,Maharashtra,Nagpur,Nagpur Wholesale,3963.0,3250.0,4444.0,1372.0,INR/Quintal
2016-08-23,Wheat,Bihar,Muzaffarpur,Muzaffarpur Wholesale,1882.0,1543.0,2110.0,2344.0,INR/Quintal
2022-04-06,Pulses,Maharashtra,Nashik,Nashik Wholesale,7055.0,5786.0,7911.0,4592.0,INR/Quintal
2015-11-23,Tea,Kerala,Kozhikode,Kozhikode Wholesale,10386.0,8517.0,11647.0,1439.0,INR/Quintal
2025-06-21,Wheat,Rajasthan,Jaipur,Jaipur Wholesale,2643.0,2167.0,2964.0,2133.0,INR/Quintal
2025-09-11,Pulses,Madhya Pradesh,Bhopal,Bhopal Wholesale,4694.0,3849.0,5264.0,463.0,INR/Quintal
2017-09-06,Wheat,Punjab,Amritsar,Amritsar Wholesale,2473.0,2028.0,2773.0,4985.0,INR/Quintal
2021-09-17,Oilseeds,Madhya Pradesh,Bhopal,Bhopal Wholesale,3083.0,2528.0,3457.0,1020.0,INR/Quintal
2016-09-20,Maize,Bihar,Purnia,Purnia Wholesale,1492.0,1224.0,1673.0,576.0,INR/Quintal
2019-06-18,Coffee,Karnataka,Mysore,Mysore Wholesale,12692.0,10408.0,14233.0,1389.0,INR/Quintal
2025-04-04,Wheat,Bihar,Gaya,Gaya Wholesale,2156.0,1768.0,2418.0,1171.0,INR/Quintal
2025-01-30,Tea,West Bengal,Kolkata,Kolkata Wholesale,22672.0,18593.0,25424.0,1649.0,INR/Quintal
2025-02-13,Oilseeds,Gujarat,Vadodara,Vadodara Wholesale,4948.0,4058.0,5549.0,3591.0,INR/Quintal
2024-05-23,Coffee,Karnataka,Bangalore,Bangalore Wholesale,21869.0,17934.0,24524.0,4834.0,INR/Quintal
2025-01-22,Oilseeds,Gujarat,Rajkot,Rajkot Wholesale,6322.0,5185.0,7089.0,2381.0,INR/Quintal
2022-07-28,Rice,Andhra Pradesh,Guntur,Guntur Wholesale,1768.0,1450.0,1983.0,2511.0,INR/Quintal
2023-06-16,Cotton,Telangana,Warangal,Warangal Wholesale,4982.0,4086.0,5587.0,4211.0,INR/Quintal
2015-10-01,Sugarcane,Tamil Nadu,Coimbatore,Coimbatore Wholesale,390.0,320.0,437.0,1491.0,INR/Quintal
2016-11-15,Rice,Tamil Nadu,Chennai,Chennai Wholesale,2076.0,1702.0,2328.0,3811.0,INR/Quintal
2015-04-26,Tea,Assam,Dibrugarh,Dibrugarh Wholesale,9777.0,8018.0,10964.0,1220.0,INR/Quintal
2017-05-10,Potato,Punjab,Patiala,Patiala Wholesale,628.0,515.0,704.0,2247.0,INR/Quintal
2020-06-26,Coconut,Karnataka,Bangalore,Bangalore Wholesale,2195.0,1800.0,2461.0,2808.0,INR/Quintal
2016-11-23,Potato,Punjab,Patiala,Patiala Wholesale,959.0,786.0,1075.0,1981.0,INR/Quintal
2023-08-29,Sugarcane,Uttar Pradesh,Kanpur,Kanpur Wholesale,423.0,347.0,474.0,5067.0,INR/Quintal
2018-01-10,Oilseeds,Maharashtra,Mumbai,Mumbai Wholesale,2907.0,2384.0,3260.0,1089.0,INR/Quintal
2021-06-29,Maize,Bihar,Purnia,Purnia Wholesale,1808.0,1483.0,2027.0,3188.0,INR/Quintal
2023-03-28,Coconut,Tamil Nadu,Chennai,Chennai Wholesale,2116.0,1735.0,2373.0,4603.0,INR/Quintal
2020-12-01,Tea,Kerala,Kozhikode,Kozhikode Wholesale,8371.0,6865.0,9387.0,638.0,INR/Quintal
2019-11-28,Sugarcane,Tamil Nadu,Chennai,Chennai Wholesale,500.0,410.0,561.0,3550.0,INR/Quintal
2023-07-27,Apple,Jammu and Kashmir,Srinagar,Srinagar Wholesale,9503.0,7793.0,10657.0,887.0,INR/Quintal
2015-06-03,Coffee,Kerala,Kozhikode,Kozhikode Wholesale,14894.0,12214.0,16702.0,3003.0,INR/Quintal
2020-03-15,Coffee,Karnataka,Mysore,Mysore Wholesale,25012.0,20512.0,28048.0,6036.0,INR/Quintal
2018-11-28,Potato,Uttar Pradesh,Lucknow,Lucknow Wholesale,2166.0,1776.0,2429.0,2490.0,INR/Quintal
2025-02-16,Cotton,Gujarat,Ahmedabad,Ahmedabad Wholesale,6588.0,5403.0,7388.0,4052.0,INR/Quintal
2018-07-13,Coconut,Andhra Pradesh,Visakhapatnam,Visakhapatnam Wholesale,2061.0,1690.0,2311.0,1707.0,INR/Quintal
2015-11-11,Apple,Himachal Pradesh,Mandi,Mandi Wholesale,8575.0,7032.0,9616.0,598.0,INR/Quintal
2025-05-14,Oilseeds,Madhya Pradesh,Bhopal,Bhopal Wholesale,4974.0,4079.0,5578.0,462.0,INR/Quintal
2017-11-30,Potato,Punjab,Amritsar,Amritsar Wholesale,869.0,713.0,974.0,6166.0,INR/Quintal
2015-04-15,Maize,Madhya Pradesh,Bhopal,Bhopal Wholesale,1889.0,1549.0,2118.0,2504.0,INR/Quintal
2020-04-08,Coconut,Karnataka,Mysore,Mysore Wholesale,1623.0,1331.0,1820.0,774.0,INR/Quintal
2020-03-28,Sugarcane,Uttar Pradesh,Varanasi,Varanasi Wholesale,404.0,331.0,453.0,1053.0,INR/Quintal
2018-05-01,Wheat,Punjab,Patiala,Patiala Wholesale,1883.0,1544.0,2112.0,3101.0,INR/Quintal
2018-11-25,Maize,Telangana,Nizamabad,Nizamabad Wholesale,1575.0,1292.0,1766.0,430.0,INR/Quintal
2024-03-03,Coconut,Tamil Nadu,Madurai,Madurai Wholesale,1282.0,1051.0,1438.0,3125.0,INR/Quintal
2021-07-29,Wheat,Punjab,Patiala,Patiala Wholesale,2809.0,2304.0,3150.0,999.0,INR/Quintal
2023-05-22,Oilseeds,Rajasthan,Jodhpur,Jodhpur Wholesale,3581.0,2937.0,4016.0,545.0,INR/Quintal
2019-11-08,Sugarcane,Tamil Nadu,Coimbatore,Coimbatore Wholesale,351.0,288.0,394.0,3284.0,INR/Quintal
2020-05-14,Apple,Jammu and Kashmir,Srinagar,Srinagar Wholesale,3950.0,3239.0,4430.0,2107.0,INR/Quintal
2022-08-12,Coffee,Tamil Nadu,Chennai,Chennai Wholesale,16866.0,13831.0,18914.0,1907.0,INR/Quintal
2019-05-23,Apple,Jammu and Kashmir,Srinagar,Srinagar Wholesale,8920.0,7315.0,10003.0,1962.0,INR/Quintal
2016-12-09,Apple,Himachal Pradesh,Kangra,Kangra Wholesale,4221.0,3462.0,4733.0,316.0,INR/Quintal
2024-02-10,Apple,Jammu and Kashmir,Srinagar,Srinagar Wholesale,4443.0,3644.0,4982.0,2015.0,INR/Quintal
2016-10-12,Coffee,Kerala,Kozhikode,Kozhikode Wholesale,13657.0,11200.0,15315.0,463.0,INR/Quintal
2022-11-11,Rice,Telangana,Warangal,Warangal Wholesale,2573.0,2110.0,2885.0,3269.0,INR/Quintal
2017-08-04,Coffee,Tamil Nadu,Coimbatore,Coimbatore Wholesale,11613.0,9524.0,13023.0,3640.0,INR/Quintal
2016-10-22,Tea,Kerala,Thrissur,Thrissur Wholesale,7439.0,6101.0,8342.0,2390.0,INR/Quintal
2020-11-16,Rice,Punjab,Ludhiana,Ludhiana Wholesale,2126.0,1743.0,2384.0,5347.0,INR/Quintal
2022-03-20,Rice,Punjab,Ludhiana,Ludhiana Wholesale,1970.0,1616.0,2209.0,5902.0,INR/Quintal
2021-05-18,Coconut,Tamil Nadu,Madurai,Madurai Wholesale,3340.0,2739.0,3745.0,2140.0,INR/Quintal
2021-09-16,Coffee,Kerala,Kozhikode,Kozhikode Wholesale,10034.0,8229.0,11252.0,1901.0,INR/Quintal
2018-02-06,Potato,Uttar Pradesh,Lucknow,Lucknow Wholesale,929.0,762.0,1042.0,4683.0,INR/Quintal
2016-11-30,Cotton,Gujarat,Surat,Surat Wholesale,6618.0,5427.0,7421.0,534.0,INR/Quintal
2021-02-24,Cotton,Andhra Pradesh,Guntur,Guntur Wholesale,7672.0,6292.0,8603.0,4000.0,INR/Quintal
2024-03-28,Coconut,Andhra Pradesh,Chittoor,Chittoor Wholesale,1553.0,1274.0,1742.0,5351.0,INR/Quintal
2020-07-31,Tea,Kerala,Kozhikode,Kozhikode Wholesale,15253.0,12509.0,17105.0,382.0,INR/Quintal
2021-07-02,Pulses,Uttar Pradesh,Kanpur,Kanpur Wholesale,5994.0,4916.0,6722.0,4203.0,INR/Quintal
2021-01-10,Potato,Punjab,Patiala,Patiala Wholesale,1072.0,879.0,1202.0,5928.0,INR/Quintal
2016-07-05,Pulses,Uttar Pradesh,Kanpur,Kanpur Wholesale,4499.0,3690.0,5045.0,1545.0,INR/Quintal
2025-03-05,Wheat,Rajasthan,Udaipur,Udaipur Wholesale,2336.0,1916.0,2620.0,2220.0,INR/Quintal
2016-02-09,Apple,Jammu and Kashmir,Srinagar,Srinagar Wholesale,3863.0,3168.0,4332.0,2439.0,INR/Quintal
2016-04-06,Potato,Bihar,Purnia,Purnia Wholesale,965.0,791.0,1082.0,5642.0,INR/Quintal
2020-12-19,Coconut,Karnataka,Hubli,Hubli Wholesale,2484.0,2037.0,2786.0,2584.0,INR/Quintal
2022-10-09,Sugarcane,Uttar Pradesh,Kanpur,Kanpur Wholesale,513.0,421.0,575.0,2303.0,INR/Quintal
2017-05-23,Pulses,Rajasthan,Udaipur,Udaipur Wholesale,4336.0,3556.0,4862.0,852.0,INR/Quintal
2015-03-25,Tea,Kerala,Kozhikode,Kozhikode Wholesale,7631.0,6258.0,8557.0,685.0,INR/Quintal
2018-11-23,Tea,Kerala,Kozhikode,Kozhikode Wholesale,9496.0,7787.0,10649.0,1250.0,INR/Quintal
2022-09-02,Potato,Uttar Pradesh,Lucknow,Lucknow Wholesale,1775.0,1456.0,1990.0,4968.0,INR/Quintal
2022-04-29,Rice,Uttar Pradesh,Varanasi,Varanasi Wholesale,3029.0,2484.0,3397.0,9097.0,INR/Quintal
2023-09-16,Sugarcane,Karnataka,Hubli,Hubli Wholesale,433.0,355.0,486.0,3200.0,INR/Quintal
2015-08-09,Oilseeds,Madhya Pradesh,Bhopal,Bhopal Wholesale,3759.0,3083.0,4215.0,1231.0,INR/Quintal
2022-02-13,Sugarcane,Karnataka,Bangalore,Bangalore Wholesale,434.0,356.0,487.0,1589.0,INR/Quintal
2018-10-23,Coconut,Kerala,Ernakulam,Ernakulam Wholesale,2652.0,2175.0,2974.0,1883.0,INR/Quintal
2023-10-24,Tea,West Bengal,Howrah,Howrah Wholesale,9890.0,8111.0,11091.0,2776.0,INR/Quintal
2015-04-22,Wheat,Madhya Pradesh,Bhopal,Bhopal Wholesale,1757.0,1441.0,1970.0,2429.0,INR/Quintal
2016-09-06,Apple,Himachal Pradesh,Shimla,Shimla Wholesale,5813.0,4767.0,6519.0,1264.0,INR/Quintal
2019-05-01,Pulses,Maharashtra,Nashik,Nashik Wholesale,6348.0,5206.0,7119.0,5771.0,INR/Quintal
2023-02-19,Pulses,Uttar Pradesh,Lucknow,Lucknow Wholesale,5853.0,4800.0,6564.0,7604.0,INR/Quintal
2024-10-05,Wheat,Punjab,Ludhiana,Ludhiana Wholesale,3131.0,2568.0,3511.0,3065.0,INR/Quintal
2024-10-16,Maize,Madhya Pradesh,Bhopal,Bhopal Wholesale,1655.0,1357.0,1856.0,2406.0,INR/Quintal
2016-04-19,Apple,Himachal Pradesh,Kangra,Kangra Wholesale,6006.0,4925.0,6735.0,387.0,INR/Quintal
2022-11-23,Potato,West Bengal,Howrah,Howrah Wholesale,1366.0,1120.0,1532.0,3330.0,INR/Quintal
2020-03-28,Coconut,Andhra Pradesh,Visakhapatnam,Visakhapatnam Wholesale,2530.0,2075.0,2837.0,2434.0,INR/Quintal
2015-09-28,Tea,West Bengal,Kolkata,Kolkata Wholesale,15744.0,12911.0,17655.0,1322.0,INR/Quintal
2021-10-04,Cotton,Maharashtra,Nagpur,Nagpur Wholesale,7699.0,6314.0,8634.0,876.0,INR/Quintal
2020-04-04,Coffee,Kerala,Ernakulam,Ernakulam Wholesale,18449.0,15130.0,20689.0,1376.0,INR/Quintal
2022-07-17,Wheat,Bihar,Muzaffarpur,Muzaffarpur Wholesale,2591.0,2125.0,2906.0,4219.0,INR/Quintal
2018-10-22,Wheat,Madhya Pradesh,Bhopal,Bhopal Wholesale,2669.0,2189.0,2993.0,1403.0,INR/Quintal
2024-03-05,Sugarcane,Tamil Nadu,Chennai,Chennai Wholesale,454.0,372.0,509.0,6685.0,INR/Quintal
2024-03-08,Potato,West Bengal,Darjeeling,Darjeeling Wholesale,2221.0,1821.0,2491.0,1763.0,INR/Quintal
2015-02-09,Potato,West Bengal,Darjeeling,Darjeeling Wholesale,1882.0,1543.0,2110.0,1965.0,INR/Quintal
2020-06-05,Cotton,Maharashtra,Mumbai,Mumbai Wholesale,6296.0,5163.0,7060.0,3913.0,INR/Quintal
2021-02-14,Coffee,Karnataka,Bangalore,Bangalore Wholesale,21741.0,17829.0,24380.0,2873.0,INR/Quintal
2023-11-10,Potato,Punjab,Patiala,Patiala Wholesale,1321.0,1083.0,1481.0,4332.0,INR/Quintal
2017-09-20,Rice,Punjab,Ludhiana,Ludhiana Wholesale,1397.0,1146.0,1567.0,2519.0,INR/Quintal
2020-07-05,Tea,Assam,Dibrugarh,Dibrugarh Wholesale,12495.0,10247.0,14012.0,2823.0,INR/Quintal
2024-11-16,Coconut,Kerala,Ernakulam,Ernakulam Wholesale,1769.0,1451.0,1984.0,1661.0,INR/Quintal
2022-01-27,Rice,West Bengal,Howrah,Howrah Wholesale,2317.0,1900.0,2598.0,3891.0,INR/Quintal
2023-06-03,Maize,Bihar,Gaya,Gaya Wholesale,2570.0,2108.0,2882.0,1945.0,INR/Quintal
2025-09-11,Coconut,Kerala,Ernakulam,Ernakulam Wholesale,1524.0,1250.0,1709.0,2054.0,INR/Quintal
2015-10-17,Tea,Assam,Kamrup,Kamrup Wholesale,5304.0,4350.0,5948.0,2041.0,INR/Quintal
2021-10-16,Apple,Jammu and Kashmir,Srinagar,Srinagar Wholesale,7118.0,5837.0,7982.0,677.0,INR/Quintal
2021-11-23,Oilseeds,Gujarat,Surat,Surat Wholesale,3532.0,2897.0,3961.0,1777.0,INR/Quintal
2023-11-27,Tea,Assam,Tinsukia,Tinsukia Wholesale,11382.0,9334.0,12764.0,2219.0,INR/Quintal
2024-02-02,Tea,West Bengal,Howrah,Howrah Wholesale,13803.0,11320.0,15479.0,6574.0,INR/Quintal
2022-04-29,Cotton,Maharashtra,Nashik,Nashik Wholesale,5154.0,4227.0,5780.0,1796.0,INR/Quintal
2015-10-06,Apple,Himachal Pradesh,Mandi,Mandi Wholesale,3320.0,2723.0,3723.0,1516.0,INR/Quintal
2023-01-03,Rice,Chhattisgarh,Raipur,Raipur Wholesale,3468.0,2844.0,3889.0,2369.0,INR/Quintal
2016-08-03,Coffee,Kerala,Thrissur,Thrissur Wholesale,10932.0,8965.0,12259.0,1697.0,INR/Quintal
2017-05-12,Sugarcane,Uttar Pradesh,Lucknow,Lucknow Wholesale,386.0,317.0,433.0,8328.0,INR/Quintal
2015-09-11,Cotton,Maharashtra,Pune,Pune Wholesale,6916.0,5672.0,7756.0,2936.0,INR/Quintal
2015-06-30,Tea,Kerala,Ernakulam,Ernakulam Wholesale,11941.0,9793.0,13391.0,3390.0,INR/Quintal
2025-09-06,Sugarcane,Maharashtra,Pune,Pune Wholesale,411.0,337.0,461.0,2562.0,INR/Quintal
2016-11-11,Coconut,Karnataka,Belgaum,Belgaum Wholesale,2078.0,1704.0,2330.0,1519.0,INR/Quintal
2017-04-04,Apple,Jammu and Kashmir,Srinagar,Srinagar Wholesale,7049.0,5781.0,7905.0,1827.0,INR/Quintal
2024-10-20,Coconut,Tamil Nadu,Chennai,Chennai Wholesale,3044.0,2496.0,3414.0,3790.0,INR/Quintal
2025-06-29,Pulses,Rajasthan,Jaipur,Jaipur Wholesale,6867.0,5631.0,7701.0,3000.0,INR/Quintal
2016-11-30,Sugarcane,Karnataka,Belgaum,Belgaum Wholesale,380.0,312.0,426.0,1302.0,INR/Quintal
2022-02-26,Wheat,Bihar,Muzaffarpur,Muzaffarpur Wholesale,2028.0,1663.0,2274.0,2426.0,INR/Quintal
2018-09-11,Cotton,Andhra Pradesh,Guntur,Guntur Wholesale,5880.0,4822.0,6594.0,2374.0,INR/Quintal
2018-10-12,Cotton,Andhra Pradesh,Krishna,Krishna Wholesale,6479.0,5313.0,7266.0,2729.0,INR/Quintal
2025-09-01,Wheat,Bihar,Purnia,Purnia Wholesale,2741.0,2248.0,3074.0,961.0,INR/Quintal
2019-08-01,Pulses,Uttar Pradesh,Kanpur,Kanpur Wholesale,3597.0,2950.0,4034.0,1704.0,INR/Quintal
2022-06-20,Potato,West Bengal,Darjeeling,Darjeeling Wholesale,723.0,593.0,811.0,4306.0,INR/Quintal
2021-09-04,Potato,West Bengal,Kolkata,Kolkata Wholesale,2299.0,1885.0,2578.0,2916.0,INR/Quintal
2019-06-27,Potato,West Bengal,Kolkata,Kolkata Wholesale,815.0,668.0,914.0,4704.0,INR/Quintal
2020-05-11,Potato,Punjab,Ludhiana,Ludhiana Wholesale,1083.0,888.0,1214.0,8104.0,INR/Quintal
2023-08-23,Rice,Bihar,Muzaffarpur,Muzaffarpur Wholesale,3144.0,2578.0,3526.0,1397.0,INR/Quintal
2024-04-11,Wheat,Haryana,Gurgaon,Gurgaon Wholesale,2425.0,1989.0,2719.0,7704.0,INR/Quintal
2015-07-31,Coconut,Andhra Pradesh,Chittoor,Chittoor Wholesale,1363.0,1118.0,1528.0,3567.0,INR/Quintal
2019-03-19,Pulses,Madhya Pradesh,Bhopal,Bhopal Wholesale,4930.0,4043.0,5529.0,5002.0,INR/Quintal
2016-01-19,Coconut,Tamil Nadu,Chennai,Chennai Wholesale,2202.0,1806.0,2469.0,2181.0,INR/Quintal
2019-09-11,Tea,Assam,Kamrup,Kamrup Wholesale,10671.0,8751.0,11966.0,960.0,INR/Quintal
2015-12-08,Maize,Karnataka,Mysore,Mysore Wholesale,2119.0,1738.0,2376.0,4036.0,INR/Quintal
2020-01-13,Cotton,Maharashtra,Nashik,Nashik Wholesale,5582.0,4578.0,6260.0,6993.0,INR/Quintal
2020-06-10,Sugarcane,Uttar Pradesh,Kanpur,Kanpur Wholesale,459.0,376.0,515.0,6316.0,INR/Quintal
2017-04-23,Potato,Bihar,Purnia,Purnia Wholesale,709.0,581.0,795.0,4752.0,INR/Quintal
2023-07-07,Sugarcane,Uttar Pradesh,Lucknow,Lucknow Wholesale,445.0,365.0,499.0,2860.0,INR/Quintal
2019-03-15,Maize,Bihar,Patna,Patna Wholesale,2174.0,1783.0,2438.0,4849.0,INR/Quintal
2016-02-24,Cotton,Gujarat,Ahmedabad,Ahmedabad Wholesale,4815.0,3949.0,5400.0,6206.0,INR/Quintal
2022-08-30,Oilseeds,Rajasthan,Jodhpur,Jodhpur Wholesale,4561.0,3740.0,5115.0,2015.0,INR/Quintal
2023-11-15,Coconut,Andhra Pradesh,Chittoor,Chittoor Wholesale,1621.0,1329.0,1818.0,3617.0,INR/Quintal
2020-06-11,Coffee,Karnataka,Mysore,Mysore Wholesale,11679.0,9578.0,13097.0,783.0,INR/Quintal
2020-04-16,Pulses,Maharashtra,Nagpur,Nagpur Wholesale,5255.0,4310.0,5893.0,5681.0,INR/Quintal
2024-05-07,Rice,Uttar Pradesh,Varanasi,Varanasi Wholesale,2985.0,2448.0,3347.0,4575.0,INR/Quintal
2020-01-24,Sugarcane,Tamil Nadu,Madurai,Madurai Wholesale,365.0,299.0,409.0,6106.0,INR/Quintal
2015-11-02,Potato,Bihar,Purnia,Purnia Wholesale,1877.0,1539.0,2105.0,2748.0,INR/Quintal
2024-11-22,Wheat,Bihar,Purnia,Purnia Wholesale,2192.0,1798.0,2458.0,2751.0,INR/Quintal
2022-07-12,Sugarcane,Maharashtra,Pune,Pune Wholesale,385.0,316.0,432.0,5495.0,INR/Quintal
2017-05-18,Cotton,Andhra Pradesh,Krishna,Krishna Wholesale,4885.0,4006.0,5478.0,1271.0,INR/Quintal
2022-01-28,Oilseeds,Madhya Pradesh,Bhopal,Bhopal Wholesale,3036.0,2490.0,3405.0,1604.0,INR/Quintal
2018-02-09,Pulses,Rajasthan,Jodhpur,Jodhpur Wholesale,3567.0,2925.0,4000.0,3045.0,INR/Quintal
2018-12-05,Wheat,Haryana,Faridabad,Faridabad Wholesale,2505.0,2054.0,2809.0,2686.0,INR/Quintal
2015-07-25,Coffee,Kerala,Thrissur,Thrissur Wholesale,13946.0,11437.0,15639.0,1399.0,INR/Quintal
2023-12-01,Cotton,Telangana,Warangal,Warangal Wholesale,6405.0,5253.0,7183.0,4065.0,INR/Quintal
2024-06-15,Oilseeds,Gujarat,Ahmedabad,Ahmedabad Wholesale,6162.0,5053.0,6910.0,3729.0,INR/Quintal
2016-05-10,Wheat,Uttar Pradesh,Lucknow,Lucknow Wholesale,1927.0,1580.0,2161.0,1661.0,INR/Quintal
2024-06-12,Coffee,Karnataka,Mysore,Mysore Wholesale,13975.0,11461.0,15672.0,2089.0,INR/Quintal
2023-07-16,Sugarcane,Karnataka,Mysore,Mysore Wholesale,423.0,347.0,474.0,788.0,INR/Quintal
2020-03-24,Cotton,Maharashtra,Mumbai,Mumbai Wholesale,5424.0,4448.0,6082.0,5074.0,INR/Quintal
2025-06-08,Coconut,Kerala,Thrissur,Thrissur Wholesale,2597.0,2130.0,2912.0,1024.0,INR/Quintal
2024-12-01,Apple,Himachal Pradesh,Mandi,Mandi Wholesale,6227.0,5107.0,6983.0,2179.0,INR/Quintal
2024-11-08,Tea,West Bengal,Darjeeling,Darjeeling Wholesale,15485.0,12699.0,17365.0,2897.0,INR/Quintal
2021-12-26,Apple,Himachal Pradesh,Shimla,Shimla Wholesale,8238.0,6756.0,9238.0,384.0,INR/Quintal
2017-11-11,Coffee,Karnataka,Hubli,Hubli Wholesale,20204.0,16569.0,22657.0,1733.0,INR/Quintal
2015-08-01,Oilseeds,Maharashtra,Pune,Pune Wholesale,4130.0,3387.0,4631.0,3150.0,INR/Quintal
2015-11-06,Tea,West Bengal,Kolkata,Kolkata Wholesale,8467.0,6944.0,9495.0,1879.0,INR/Quintal
2022-06-01,Tea,Assam,Cachar,Cachar Wholesale,7452.0,6111.0,8357.0,2247.0,INR/Quintal
2020-06-14,Rice,Andhra Pradesh,Visakhapatnam,Visakhapatnam Wholesale,2398.0,1967.0,2689.0,5511.0,INR/Quintal
2022-09-01,Oilseeds,Gujarat,Ahmedabad,Ahmedabad Wholesale,3142.0,2577.0,3523.0,1743.0,INR/Quintal
2015-09-29,Tea,Kerala,Thrissur,Thrissur Wholesale,5264.0,4317.0,5903.0,1126.0,INR/Quintal
2024-12-21,Sugarcane,Maharashtra,Mumbai,Mumbai Wholesale,481.0,394.0,539.0,5446.0,INR/Quintal
2019-12-28,Cotton,Gujarat,Vadodara,Vadodara Wholesale,5578.0,4574.0,6255.0,2321.0,INR/Quintal
2023-03-05,Cotton,Maharashtra,Nagpur,Nagpur Wholesale,7773.0,6374.0,8717.0,1438.0,INR/Quintal
2023-12-18,Apple,Himachal Pradesh,Mandi,Mandi Wholesale,6235.0,5113.0,6992.0,657.0,INR/Quintal
2020-09-10,Sugarcane,Karnataka,Mysore,Mysore Wholesale,514.0,422.0,576.0,3673.0,INR/Quintal
2016-03-18,Rice,Telangana,Nizamabad,Nizamabad Wholesale,2593.0,2126.0,2908.0,5499.0,INR/Quintal
2021-01-18,Pulses,Maharashtra,Mumbai,Mumbai Wholesale,3744.0,3070.0,4199.0,2260.0,INR/Quintal
2022-09-15,Rice,Assam,Cachar,Cachar Wholesale,2441.0,2002.0,2737.0,1675.0,INR/Quintal
2015-09-11,Cotton,Gujarat,Rajkot,Rajkot Wholesale,5688.0,4665.0,6379.0,939.0,INR/Quintal
2016-06-04,Pulses,Maharashtra,Nashik,Nashik Wholesale,5238.0,4296.0,5874.0,4597.0,INR/Quintal
2017-09-03,Rice,Bihar,Gaya,Gaya Wholesale,2115.0,1734.0,2372.0,934.0,INR/Quintal
2025-03-11,Tea,Assam,Dibrugarh,Dibrugarh Wholesale,12785.0,10485.0,14337.0,753.0,INR/Quintal
2024-09-21,Coconut,Andhra Pradesh,Chittoor,Chittoor Wholesale,2205.0,1808.0,2473.0,3538.0,INR/Quintal
2015-01-10,Pulses,Madhya Pradesh,Bhopal,Bhopal Wholesale,3814.0,3128.0,4277.0,1807.0,INR/Quintal
2022-08-05,Coconut,Andhra Pradesh,Chittoor,Chittoor Wholesale,3500.0,2870.0,3925.0,878.0,INR/Quintal
2021-12-27,Cotton,Andhra Pradesh,Chittoor,Chittoor Wholesale,5844.0,4793.0,6553.0,5103.0,INR/Quintal
2022-10-03,Sugarcane,Karnataka,Hubli,Hubli Wholesale,375.0,308.0,421.0,3200.0,INR/Quintal
2025-09-12,Potato,West Bengal,Howrah,Howrah Wholesale,976.0,800.0,1094.0,2754.0,INR/Quintal
2019-05-03,Coconut,Kerala,Kozhikode,Kozhikode Wholesale,3040.0,2493.0,3409.0,4233.0,INR/Quintal
2021-10-19,Apple,Jammu and Kashmir,Srinagar,Srinagar Wholesale,7001.0,5741.0,7851.0,800.0,INR/Quintal
2018-02-08,Tea,Kerala,Kozhikode,Kozhikode Wholesale,12545.0,10288.0,14068.0,1085.0,INR/Quintal
2015-06-02,Tea,Assam,Tinsukia,Tinsukia Wholesale,13088.0,10733.0,14677.0,621.0,INR/Quintal
2019-07-17,Potato,Bihar,Patna,Patna Wholesale,1943.0,1593.0,2179.0,1643.0,INR/Quintal
2023-02-12,Coffee,Tamil Nadu,Madurai,Madurai Wholesale,17207.0,14111.0,19296.0,1234.0,INR/Quintal
2022-12-26,Apple,Himachal Pradesh,Shimla,Shimla Wholesale,5172.0,4241.0,5800.0,1455.0,INR/Quintal
2023-09-09,Coconut,Karnataka,Bangalore,Bangalore Wholesale,1608.0,1319.0,1803.0,435.0,INR/Quintal
2022-09-01,Coconut,Andhra Pradesh,Chittoor,Chittoor Wholesale,2599.0,2131.0,2915.0,2097.0,INR/Quintal
2020-01-31,Maize,Bihar,Muzaffarpur,Muzaffarpur Wholesale,1801.0,1477.0,2020.0,1499.0,INR/Quintal
2018-04-29,Coconut,Andhra Pradesh,Krishna,Krishna Wholesale,2307.0,1892.0,2587.0,3261.0,INR/Quintal
2019-10-19,Wheat,Haryana,Karnal,Karnal Wholesale,2238.0,1835.0,2510.0,3666.0,INR/Quintal
2022-02-23,Oilseeds,Rajasthan,Udaipur,Udaipur Wholesale,4606.0,3777.0,5165.0,1834.0,INR/Quintal
2025-08-11,Rice,Odisha,Bhubaneswar,Bhubaneswar Wholesale,1383.0,1134.0,1551.0,1356.0,INR/Quintal
2018-01-09,Maize,Madhya Pradesh,Bhopal,Bhopal Wholesale,1344.0,1102.0,1507.0,4562.0,INR/Quintal
2021-12-11,Rice,Telangana,Warangal,Warangal Wholesale,2883.0,2364.0,3233.0,3361.0,INR/Quintal
2017-06-13,Maize,Andhra Pradesh,Krishna,Krishna Wholesale,1477.0,1211.0,1656.0,3375.0,INR/Quintal
2018-01-16,Pulses,Madhya Pradesh,Bhopal,Bhopal Wholesale,5403.0,4431.0,6059.0,2859.0,INR/Quintal
2023-12-10,Sugarcane,Tamil Nadu,Chennai,Chennai Wholesale,474.0,389.0,532.0,3620.0,INR/Quintal
2015-04-14,Coconut,Andhra Pradesh,Chittoor,Chittoor Wholesale,2964.0,2431.0,3324.0,923.0,INR/Quintal
2025-07-21,Coconut,Andhra Pradesh,Visakhapatnam,Visakhapatnam Wholesale,3472.0,2847.0,3894.0,878.0,INR/Quintal
2023-09-03,Oilseeds,Rajasthan,Jaipur,Jaipur Wholesale,4017.0,3294.0,4505.0,1676.0,INR/Quintal
2024-07-26,Oilseeds,Madhya Pradesh,Bhopal,Bhopal Wholesale,4889.0,4009.0,5483.0,1455.0,INR/Quintal
2020-03-29,Rice,Uttar Pradesh,Kanpur,Kanpur Wholesale,1420.0,1165.0,1592.0,1462.0,INR/Quintal
2023-12-14,Potato,Uttar Pradesh,Lucknow,Lucknow Wholesale,1339.0,1098.0,1502.0,2758.0,INR/Quintal
2023-05-31,Pulses,Maharashtra,Nashik,Nashik Wholesale,6450.0,5289.0,7233.0,1624.0,INR/Quintal
2017-10-03,Coffee,Tamil Nadu,Chennai,Chennai Wholesale,15580.0,12777.0,17471.0,3764.0,INR/Quintal
2016-02-11,Oilseeds,Maharashtra,Nagpur,Nagpur Wholesale,3557.0,2917.0,3989.0,2314.0,INR/Quintal
2018-11-02,Wheat,Rajasthan,Jodhpur,Jodhpur Wholesale,1827.0,1498.0,2049.0,682.0,INR/Quintal
2015-06-16,Coconut,Tamil Nadu,Madurai,Madurai Wholesale,2606.0,2137.0,2922.0,3650.0,INR/Quintal
2016-05-23,Rice,Tamil Nadu,Chennai,Chennai Wholesale,1593.0,1306.0,1786.0,3603.0,INR/Quintal
2019-07-20,Tea,Assam,Cachar,Cachar Wholesale,14789.0,12128.0,16584.0,2102.0,INR/Quintal
2021-06-18,Wheat,Madhya Pradesh,Bhopal,Bhopal Wholesale,2492.0,2044.0,2795.0,1969.0,INR/Quintal
2025-01-12,Cotton,Telangana,Warangal,Warangal Wholesale,6654.0,5457.0,7462.0,2693.0,INR/Quintal
2024-07-21,Rice,Odisha,Bhubaneswar,Bhubaneswar Wholesale,1373.0,1126.0,1540.0,3064.0,INR/Quintal
2017-02-01,Rice,Punjab,Ludhiana,Ludhiana Wholesale,1553.0,1274.0,1742.0,2815.0,INR/Quintal
2016-11-11,Tea,Kerala,Thrissur,Thrissur Wholesale,12877.0,10560.0,14440.0,1553.0,INR/Quintal
2021-11-29,Pulses,Madhya Pradesh,Bhopal,Bhopal Wholesale,6436.0,5278.0,7217.0,3271.0,INR/Quintal
2020-10-21,Tea,Assam,Kamrup,Kamrup Wholesale,12361.0,10137.0,13862.0,802.0,INR/Quintal
2018-03-10,Apple,Himachal Pradesh,Kangra,Kangra Wholesale,6393.0,5243.0,7169.0,1184.0,INR/Quintal
2016-08-04,Oilseeds,Maharashtra,Nagpur,Nagpur Wholesale,4060.0,3330.0,4553.0,1311.0,INR/Quintal
2015-09-19,Sugarcane,Uttar Pradesh,Lucknow,Lucknow Wholesale,370.0,303.0,415.0,622.0,INR/Quintal
2018-09-25,Rice,Telangana,Nizamabad,Nizamabad Wholesale,2495.0,2046.0,2798.0,1080.0,INR/Quintal
2018-08-24,Cotton,Andhra Pradesh,Krishna,Krishna Wholesale,5365.0,4400.0,6016.0,630.0,INR/Quintal
2021-04-11,Potato,Uttar Pradesh,Varanasi,Varanasi Wholesale,2074.0,1701.0,2326.0,2260.0,INR/Quintal
2019-03-19,Rice,Chhattisgarh,Raipur,Raipur Wholesale,2692.0,2208.0,3019.0,1940.0,INR/Quintal
2024-05-01,Tea,Kerala,Thrissur,Thrissur Wholesale,9487.0,7780.0,10639.0,546.0,INR/Quintal
2024-12-25,Maize,Telangana,Nizamabad,Nizamabad Wholesale,2579.0,2115.0,2892.0,3499.0,INR/Quintal
2016-07-14,Rice,Telangana,Warangal,Warangal Wholesale,2034.0,1668.0,2281.0,3121.0,INR/Quintal
2018-01-04,Rice,Punjab,Amritsar,Amritsar Wholesale,1471.0,1206.0,1650.0,4056.0,INR/Quintal
2020-03-18,Apple,Jammu and Kashmir,Srinagar,Srinagar Wholesale,3897.0,3196.0,4370.0,2564.0,INR/Quintal
2015-06-24,Cotton,Maharashtra,Nashik,Nashik Wholesale,6099.0,5002.0,6839.0,4622.0,INR/Quintal
2020-11-26,Apple,Himachal Pradesh,Kangra,Kangra Wholesale,9267.0,7600.0,10392.0,1635.0,INR/Quintal
2021-02-08,Cotton,Telangana,Hyderabad,Hyderabad Wholesale,7578.0,6215.0,8498.0,1548.0,INR/Quintal
2015-07-11,Rice,Chhattisgarh,Raipur,Raipur Wholesale,2311.0,1895.0,2592.0,2540.0,INR/Quintal
2015-03-06,Maize,Maharashtra,Pune,Pune Wholesale,1341.0,1100.0,1504.0,8032.0,INR/Quintal
2025-09-25,Sugarcane,Maharashtra,Pune,Pune Wholesale,408.0,335.0,458.0,1423.0,INR/Quintal
2023-03-30,Coffee,Karnataka,Hubli,Hubli Wholesale,16559.0,13580.0,18569.0,5132.0,INR/Quintal
2019-02-06,Maize,Maharashtra,Mumbai,Mumbai Wholesale,2302.0,1888.0,2581.0,6324.0,INR/Quintal
2025-07-21,Maize,Karnataka,Bangalore,Bangalore Wholesale,2810.0,2304.0,3151.0,1751.0,INR/Quintal
2023-09-07,Maize,Karnataka,Belgaum,Belgaum Wholesale,1787.0,1465.0,2004.0,2031.0,INR/Quintal
2019-04-17,Coconut,Kerala,Thrissur,Thrissur Wholesale,2827.0,2318.0,3170.0,946.0,INR/Quintal
2022-12-21,Sugarcane,Maharashtra,Pune,Pune Wholesale,467.0,383.0,524.0,1663.0,INR/Quintal
2018-02-25,Pulses,Uttar Pradesh,Kanpur,Kanpur Wholesale,3374.0,2767.0,3784.0,1468.0,INR/Quintal
2024-08-24,Pulses,Madhya Pradesh,Bhopal,Bhopal Wholesale,5879.0,4821.0,6593.0,1789.0,INR/Quintal
2020-04-21,Maize,Karnataka,Bangalore,Bangalore Wholesale,2307.0,1892.0,2587.0,4592.0,INR/Quintal
2016-01-04,Coffee,Tamil Nadu,Madurai,Madurai Wholesale,11070.0,9078.0,12414.0,5848.0,INR/Quintal
2017-04-30,Apple,Himachal Pradesh,Kangra,Kangra Wholesale,8730.0,7159.0,9790.0,1852.0,INR/Quintal
2015-02-12,Tea,Assam,Cachar,Cachar Wholesale,7363.0,6038.0,8257.0,1686.0,INR/Quintal
2020-03-22,Wheat,Haryana,Karnal,Karnal Wholesale,1813.0,1487.0,2033.0,1397.0,INR/Quintal
2024-07-22,Pulses,Madhya Pradesh,Bhopal,Bhopal Wholesale,4419.0,3624.0,4955.0,3048.0,INR/Quintal
2021-12-10,Potato,West Bengal,Howrah,Howrah Wholesale,2071.0,1698.0,2322.0,2920.0,INR/Quintal
2015-03-19,Cotton,Andhra Pradesh,Krishna,Krishna Wholesale,5252.0,4307.0,5890.0,5956.0,INR/Quintal
2022-11-13,Sugarcane,Tamil Nadu,Chennai,Chennai Wholesale,508.0,417.0,570.0,529.0,INR/Quintal
2019-12-30,Sugarcane,Tamil Nadu,Chennai,Chennai Wholesale,425.0,349.0,477.0,2966.0,INR/Quintal
2018-07-17,Wheat,Haryana,Faridabad,Faridabad Wholesale,2159.0,1771.0,2421.0,2339.0,INR/Quintal
2016-11-04,Pulses,Rajasthan,Jodhpur,Jodhpur Wholesale,5583.0,4578.0,6261.0,379.0,INR/Quintal
2016-12-01,Coffee,Tamil Nadu,Coimbatore,Coimbatore Wholesale,12801.0,10498.0,14355.0,4390.0,INR/Quintal
2017-01-28,Coffee,Kerala,Ernakulam,Ernakulam Wholesale,18682.0,15321.0,20950.0,2583.0,INR/Quintal
2020-04-07,Cotton,Maharashtra,Nagpur,Nagpur Wholesale,4947.0,4057.0,5548.0,3274.0,INR/Quintal
2022-08-07,Maize,Madhya Pradesh,Bhopal,Bhopal Wholesale,2222.0,1822.0,2492.0,2443.0,INR/Quintal
2024-04-09,Tea,Assam,Dibrugarh,Dibrugarh Wholesale,15273.0,12525.0,17127.0,2531.0,INR/Quintal
2023-02-20,Pulses,Uttar Pradesh,Lucknow,Lucknow Wholesale,7065.0,5794.0,7923.0,975.0,INR/Quintal
2025-09-27,Coffee,Kerala,Kozhikode,Kozhikode Wholesale,13899.0,11398.0,15586.0,2660.0,INR/Quintal
2017-06-20,Wheat,Bihar,Muzaffarpur,Muzaffarpur Wholesale,2230.0,1829.0,2501.0,1651.0,INR/Quintal
2023-01-15,Cotton,Telangana,Hyderabad,Hyderabad Wholesale,6572.0,5390.0,7370.0,4386.0,INR/Quintal
2017-09-19,Rice,Uttar Pradesh,Lucknow,Lucknow Wholesale,1871.0,1534.0,2098.0,4383.0,INR/Quintal
2018-04-06,Cotton,Telangana,Warangal,Warangal Wholesale,4709.0,3862.0,5281.0,1395.0,INR/Quintal
2021-07-14,Coconut,Tamil Nadu,Chennai,Chennai Wholesale,1497.0,1228.0,1679.0,2462.0,INR/Quintal
2021-02-18,Coffee,Kerala,Thrissur,Thrissur Wholesale,21292.0,17461.0,23877.0,686.0,INR/Quintal
2019-01-16,Rice,Punjab,Patiala,Patiala Wholesale,2799.0,2295.0,3139.0,3615.0,INR/Quintal
2021-05-19,Potato,Punjab,Amritsar,Amritsar Wholesale,1267.0,1039.0,1421.0,6537.0,INR/Quintal
2024-04-30,Oilseeds,Gujarat,Ahmedabad,Ahmedabad Wholesale,5697.0,4672.0,6389.0,2369.0,INR/Quintal
2016-01-25,Cotton,Andhra Pradesh,Visakhapatnam,Visakhapatnam Wholesale,4370.0,3584.0,4901.0,1417.0,INR/Quintal
2017-09-26,Wheat,Madhya Pradesh,Bhopal,Bhopal Wholesale,2252.0,1847.0,2525.0,1558.0,INR/Quintal
2016-06-08,Wheat,Madhya Pradesh,Bhopal,Bhopal Wholesale,2439.0,2000.0,2735.0,2333.0,INR/Quintal
2024-01-25,Coconut,Andhra Pradesh,Guntur,Guntur Wholesale,3401.0,2789.0,3814.0,4887.0,INR/Quintal
2020-01-30,Tea,Kerala,Kozhikode,Kozhikode Wholesale,9033.0,7408.0,10130.0,3603.0,INR/Quintal
2019-02-15,Maize,Maharashtra,Nagpur,Nagpur Wholesale,2179.0,1787.0,2444.0,5947.0,INR/Quintal
2016-10-20,Cotton,Andhra Pradesh,Visakhapatnam,Visakhapatnam Wholesale,5441.0,4462.0,6102.0,3823.0,INR/Quintal
2022-07-26,Coffee,Tamil Nadu,Chennai,Chennai Wholesale,20785.0,17045.0,23308.0,1405.0,INR/Quintal
2025-01-11,Oilseeds,Rajasthan,Jodhpur,Jodhpur Wholesale,4670.0,3830.0,5237.0,2466.0,INR/Quintal
2017-06-09,Coconut,Karnataka,Bangalore,Bangalore Wholesale,2681.0,2199.0,3006.0,2332.0,INR/Quintal
2024-12-05,Pulses,Uttar Pradesh,Lucknow,Lucknow Wholesale,4109.0,3370.0,4608.0,7244.0,INR/Quintal
2019-01-21,Coffee,Kerala,Kozhikode,Kozhikode Wholesale,16890.0,13851.0,18940.0,2283.0,INR/Quintal
2023-08-27,Wheat,Madhya Pradesh,Bhopal,Bhopal Wholesale,2542.0,2085.0,2851.0,2853.0,INR/Quintal
2025-03-20,Potato,West Bengal,Darjeeling,Darjeeling Wholesale,1839.0,1508.0,2062.0,5664.0,INR/Quintal
2023-09-02,Coffee,Karnataka,Bangalore,Bangalore Wholesale,22298.0,18286.0,25005.0,2874.0,INR/Quintal
2016-03-27,Sugarcane,Maharashtra,Nagpur,Nagpur Wholesale,451.0,370.0,506.0,4583.0,INR/Quintal
2021-10-11,Apple,Jammu and Kashmir,Srinagar,Srinagar Wholesale,8176.0,6705.0,9169.0,739.0,INR/Quintal
2023-10-28,Wheat,Rajasthan,Jaipur,Jaipur Wholesale,2132.0,1748.0,2391.0,1487.0,INR/Quintal
2019-03-18,Cotton,Gujarat,Rajkot,Rajkot Wholesale,7255.0,5950.0,8136.0,2841.0,INR/Quintal
2024-06-09,Potato,Uttar Pradesh,Kanpur,Kanpur Wholesale,868.0,712.0,973.0,6855.0,INR/Quintal
2023-06-21,Sugarcane,Karnataka,Bangalore,Bangalore Wholesale,488.0,400.0,547.0,4482.0,INR/Quintal
2017-06-01,Rice,Assam,Tinsukia,Tinsukia Wholesale,2931.0,2404.0,3287.0,3285.0,INR/Quintal
2015-11-09,Oilseeds,Madhya Pradesh,Bhopal,Bhopal Wholesale,2303.0,1889.0,2583.0,1665.0,INR/Quintal
2017-04-19,Wheat,Madhya Pradesh,Bhopal,Bhopal Wholesale,2491.0,2043.0,2793.0,826.0,INR/Quintal
2022-01-10,Cotton,Gujarat,Rajkot,Rajkot Wholesale,7739.0,6347.0,8679.0,4932.0,INR/Quintal
2023-12-22,Sugarcane,Karnataka,Mysore,Mysore Wholesale,466.0,382.0,523.0,2403.0,INR/Quintal
2016-01-10,Sugarcane,Karnataka,Belgaum,Belgaum Wholesale,357.0,293.0,400.0,5587.0,INR/Quintal
2016-03-26,Maize,Telangana,Nizamabad,Nizamabad Wholesale,1654.0,1356.0,1855.0,4693.0,INR/Quintal
2025-02-14,Sugarcane,Karnataka,Bangalore,Bangalore Wholesale,579.0,475.0,649.0,1599.0,INR/Quintal
2025-07-22,Oilseeds,Maharashtra,Nashik,Nashik Wholesale,3387.0,2778.0,3798.0,3545.0,INR/Quintal
2023-05-21,Potato,Uttar Pradesh,Varanasi,Varanasi Wholesale,1698.0,1392.0,1904.0,6236.0,INR/Quintal
2016-08-17,Coconut,Karnataka,Bangalore,Bangalore Wholesale,1201.0,985.0,1347.0,2489.0,INR/Quintal
2023-11-25,Potato,Uttar Pradesh,Lucknow,Lucknow Wholesale,1025.0,841.0,1149.0,3587.0,INR/Quintal
2018-05-18,Sugarcane,Uttar Pradesh,Kanpur,Kanpur Wholesale,452.0,371.0,507.0,2631.0,INR/Quintal
2016-05-14,Cotton,Andhra Pradesh,Chittoor,Chittoor Wholesale,5055.0,4145.0,5669.0,2155.0,INR/Quintal
2016-04-08,Wheat,Bihar,Gaya,Gaya Wholesale,2560.0,2099.0,2871.0,4984.0,INR/Quintal
2025-09-16,Cotton,Telangana,Hyderabad,Hyderabad Wholesale,7153.0,5866.0,8021.0,368.0,INR/Quintal
2023-10-01,Coconut,Andhra Pradesh,Visakhapatnam,Visakhapatnam Wholesale,2521.0,2067.0,2827.0,3557.0,INR/Quintal
2015-04-23,Apple,Jammu and Kashmir,Srinagar,Srinagar Wholesale,3182.0,2609.0,3568.0,1447.0,INR/Quintal
2017-11-01,Tea,Kerala,Thrissur,Thrissur Wholesale,13895.0,11395.0,15582.0,3205.0,INR/Quintal
2023-10-03,Wheat,Uttar Pradesh,Varanasi,Varanasi Wholesale,2076.0,1702.0,2328.0,5538.0,INR/Quintal
2024-12-15,Rice,Odisha,Bhubaneswar,Bhubaneswar Wholesale,2637.0,2163.0,2957.0,3137.0,INR/Quintal
2021-07-06,Apple,Himachal Pradesh,Shimla,Shimla Wholesale,6462.0,5299.0,7246.0,1001.0,INR/Quintal
2020-04-08,Oilseeds,Gujarat,Surat,Surat Wholesale,3734.0,3062.0,4187.0,3988.0,INR/Quintal
2024-03-08,Apple,Himachal Pradesh,Shimla,Shimla Wholesale,8684.0,7122.0,9738.0,922.0,INR/Quintal
2015-05-20,Cotton,Gujarat,Surat,Surat Wholesale,5986.0,4909.0,6713.0,1306.0,INR/Quintal
2018-11-25,Maize,Maharashtra,Mumbai,Mumbai Wholesale,1476.0,1210.0,1655.0,3430.0,INR/Quintal
2023-01-28,Potato,West Bengal,Kolkata,Kolkata Wholesale,1549.0,1270.0,1737.0,5218.0,INR/Quintal
2023-09-04,Sugarcane,Uttar Pradesh,Lucknow,Lucknow Wholesale,519.0,426.0,582.0,1762.0,INR/Quintal
2016-05-31,Wheat,Haryana,Gurgaon,Gurgaon Wholesale,2002.0,1642.0,2245.0,3845.0,INR/Quintal
2022-03-01,Coconut,Andhra Pradesh,Krishna,Krishna Wholesale,1611.0,1321.0,1807.0,4675.0,INR/Quintal
2020-05-01,Sugarcane,Karnataka,Hubli,Hubli Wholesale,399.0,327.0,447.0,5801.0,INR/Quintal
2022-12-03,Rice,Assam,Kamrup,Kamrup Wholesale,1724.0,1414.0,1933.0,899.0,INR/Quintal
2023-08-07,Tea,Assam,Cachar,Cachar Wholesale,7760.0,6364.0,8702.0,927.0,INR/Quintal
2020-12-05,Sugarcane,Uttar Pradesh,Varanasi,Varanasi Wholesale,410.0,336.0,460.0,6950.0,INR/Quintal
2017-06-06,Cotton,Telangana,Warangal,Warangal Wholesale,5960.0,4888.0,6684.0,610.0,INR/Quintal
2023-07-28,Wheat,Punjab,Ludhiana,Ludhiana Wholesale,1950.0,1599.0,2187.0,4402.0,INR/Quintal
2023-07-02,Maize,Maharashtra,Nashik,Nashik Wholesale,2237.0,1835.0,2509.0,3733.0,INR/Quintal
2018-09-03,Rice,Chhattisgarh,Raipur,Raipur Wholesale,3255.0,2669.0,3650.0,1090.0,INR/Quintal
2015-02-19,Coffee,Karnataka,Mysore,Mysore Wholesale,21526.0,17653.0,24139.0,3612.0,INR/Quintal
2024-09-30,Oilseeds,Madhya Pradesh,Bhopal,Bhopal Wholesale,5699.0,4674.0,6391.0,2434.0,INR/Quintal
2015-01-19,Tea,Kerala,Thrissur,Thrissur Wholesale,6897.0,5656.0,7734.0,1143.0,INR/Quintal
2016-12-26,Cotton,Gujarat,Surat,Surat Wholesale,4189.0,3435.0,4698.0,1850.0,INR/Quintal
2021-02-22,Oilseeds,Rajasthan,Jaipur,Jaipur Wholesale,5311.0,4355.0,5956.0,2474.0,INR/Quintal
2019-01-13,Coconut,Kerala,Ernakulam,Ernakulam Wholesale,1245.0,1021.0,1396.0,2156.0,INR/Quintal
2022-02-19,Maize,Telangana,Nizamabad,Nizamabad Wholesale,1701.0,1395.0,1908.0,3497.0,INR/Quintal
2025-04-08,Oilseeds,Madhya Pradesh,Bhopal,Bhopal Wholesale,4723.0,3873.0,5296.0,4680.0,INR/Quintal
2016-03-27,Potato,West Bengal,Howrah,Howrah Wholesale,791.0,649.0,887.0,6617.0,INR/Quintal
2021-05-25,Coconut,Andhra Pradesh,Krishna,Krishna Wholesale,3148.0,2582.0,3530.0,2118.0,INR/Quintal
2018-03-10,Wheat,Punjab,Patiala,Patiala Wholesale,2482.0,2035.0,2783.0,3626.0,INR/Quintal
2018-01-12,Oilseeds,Madhya Pradesh,Bhopal,Bhopal Wholesale,4651.0,3814.0,5216.0,1131.0,INR/Quintal
2025-04-23,Cotton,Telangana,Warangal,Warangal Wholesale,8383.0,6875.0,9401.0,5301.0,INR/Quintal
2021-09-04,Coffee,Kerala,Ernakulam,Ernakulam Wholesale,12551.0,10293.0,14075.0,1283.0,INR/Quintal
2025-01-10,Potato,West Bengal,Howrah,Howrah Wholesale,2071.0,1698.0,2322.0,3192.0,INR/Quintal
2015-08-03,Potato,Punjab,Amritsar,Amritsar Wholesale,1033.0,847.0,1158.0,4565.0,INR/Quintal
2019-03-30,Oilseeds,Maharashtra,Pune,Pune Wholesale,4481.0,3675.0,5025.0,4746.0,INR/Quintal
2021-03-12,Tea,West Bengal,Kolkata,Kolkata Wholesale,8808.0,7223.0,9877.0,1486.0,INR/Quintal
2024-07-06,Pulses,Rajasthan,Jaipur,Jaipur Wholesale,6498.0,5329.0,7287.0,1470.0,INR/Quintal
2015-05-08,Coconut,Andhra Pradesh,Guntur,Guntur Wholesale,2944.0,2414.0,3301.0,4606.0,INR/Quintal
2020-01-20,Tea,West Bengal,Howrah,Howrah Wholesale,7502.0,6152.0,8413.0,4727.0,INR/Quintal
2024-09-18,Apple,Jammu and Kashmir,Srinagar,Srinagar Wholesale,4406.0,3613.0,4941.0,953.0,INR/Quintal
2017-01-29,Sugarcane,Maharashtra,Pune,Pune Wholesale,338.0,277.0,379.0,1549.0,INR/Quintal
2021-09-17,Cotton,Andhra Pradesh,Guntur,Guntur Wholesale,6244.0,5121.0,7002.0,1570.0,INR/Quintal
2023-06-28,Pulses,Maharashtra,Pune,Pune Wholesale,4802.0,3938.0,5385.0,4941.0,INR/Quintal
2019-12-21,Wheat,Bihar,Purnia,Purnia Wholesale,2584.0,2119.0,2898.0,4461.0,INR/Quintal
2021-07-13,Potato,Punjab,Amritsar,Amritsar Wholesale,1429.0,1172.0,1602.0,908.0,INR/Quintal
2022-11-18,Cotton,Maharashtra,Nagpur,Nagpur Wholesale,6599.0,5412.0,7400.0,762.0,INR/Quintal
2022-07-24,Coconut,Andhra Pradesh,Krishna,Krishna Wholesale,2945.0,2415.0,3303.0,3463.0,INR/Quintal
2015-12-27,Maize,Madhya Pradesh,Bhopal,Bhopal Wholesale,1562.0,1281.0,1752.0,2373.0,INR/Quintal
2016-07-22,Sugarcane,Karnataka,Bangalore,Bangalore Wholesale,364.0,299.0,408.0,1121.0,INR/Quintal
2018-11-16,Coffee,Karnataka,Belgaum,Belgaum Wholesale,20483.0,16798.0,22970.0,2774.0,INR/Quintal
2021-03-15,Sugarcane,Uttar Pradesh,Varanasi,Varanasi Wholesale,492.0,403.0,552.0,9526.0,INR/Quintal
2019-05-17,Cotton,Gujarat,Rajkot,Rajkot Wholesale,4528.0,3713.0,5078.0,4608.0,INR/Quintal
2019-08-20,Wheat,Haryana,Hisar,Hisar Wholesale,1841.0,1510.0,2064.0,2613.0,INR/Quintal
2015-07-21,Potato,West Bengal,Darjeeling,Darjeeling Wholesale,820.0,672.0,920.0,3949.0,INR/Quintal
2020-08-26,Rice,Andhra Pradesh,Chittoor,Chittoor Wholesale,1959.0,1607.0,2197.0,1295.0,INR/Quintal
2021-06-27,Rice,West Bengal,Darjeeling,Darjeeling Wholesale,1868.0,1532.0,2095.0,2601.0,INR/Quintal
2016-06-01,Cotton,Maharashtra,Nagpur,Nagpur Wholesale,6186.0,5073.0,6937.0,3737.0,INR/Quintal
2024-12-20,Oilseeds,Gujarat,Surat,Surat Wholesale,5695.0,4670.0,6386.0,3325.0,INR/Quintal
2018-09-10,Tea,West Bengal,Howrah,Howrah Wholesale,9052.0,7423.0,10151.0,3576.0,INR/Quintal
2018-12-06,Coconut,Kerala,Ernakulam,Ernakulam Wholesale,2317.0,1900.0,2598.0,1454.0,INR/Quintal
2018-09-03,Sugarcane,Maharashtra,Nagpur,Nagpur Wholesale,387.0,317.0,434.0,686.0,INR/Quintal
2016-11-11,Wheat,Uttar Pradesh,Kanpur,Kanpur Wholesale,2066.0,1694.0,2317.0,5895.0,INR/Quintal
2020-06-11,Coconut,Karnataka,Hubli,Hubli Wholesale,2578.0,2114.0,2891.0,1624.0,INR/Quintal
2023-08-20,Sugarcane,Karnataka,Mysore,Mysore Wholesale,538.0,441.0,603.0,1796.0,INR/Quintal
2024-09-15,Maize,Andhra Pradesh,Visakhapatnam,Visakhapatnam Wholesale,1768.0,1450.0,1983.0,2427.0,INR/Quintal
2019-01-31,Rice,Uttar Pradesh,Kanpur,Kanpur Wholesale,1315.0,1078.0,1475.0,8438.0,INR/Quintal
2016-02-29,Apple,Jammu and Kashmir,Srinagar,Srinagar Wholesale,6320.0,5183.0,7087.0,1466.0,INR/Quintal
2020-05-22,Potato,Uttar Pradesh,Kanpur,Kanpur Wholesale,1255.0,1029.0,1407.0,4338.0,INR/Quintal
2025-05-30,Coconut,Kerala,Ernakulam,Ernakulam Wholesale,1724.0,1414.0,1933.0,2876.0,INR/Quintal
2019-09-09,Maize,Telangana,Nizamabad,Nizamabad Wholesale,1475.0,1210.0,1654.0,3067.0,INR/Quintal
2023-12-20,Apple,Jammu and Kashmir,Srinagar,Srinagar Wholesale,7185.0,5892.0,8057.0,1672.0,INR/Quintal
2025-01-02,Potato,Punjab,Amritsar,Amritsar Wholesale,1236.0,1014.0,1386.0,2174.0,INR/Quintal
2023-05-25,Sugarcane,Maharashtra,Nashik,Nashik Wholesale,558.0,458.0,626.0,6151.0,INR/Quintal
2021-08-31,Coconut,Andhra Pradesh,Krishna,Krishna Wholesale,2138.0,1753.0,2398.0,3806.0,INR/Quintal
2017-02-16,Wheat,Haryana,Karnal,Karnal Wholesale,1815.0,1488.0,2035.0,6364.0,INR/Quintal
2020-11-15,Rice,Chhattisgarh,Raipur,Raipur Wholesale,2596.0,2129.0,2911.0,2057.0,INR/Quintal
2024-05-09,Sugarcane,Tamil Nadu,Madurai,Madurai Wholesale,428.0,351.0,480.0,3142.0,INR/Quintal
2020-01-01,Rice,Chhattisgarh,Raipur,Raipur Wholesale,2286.0,1875.0,2564.0,2727.0,INR/Quintal
2015-07-27,Cotton,Maharashtra,Mumbai,Mumbai Wholesale,5448.0,4468.0,6109.0,4220.0,INR/Quintal
2019-03-18,Apple,Himachal Pradesh,Mandi,Mandi Wholesale,6490.0,5322.0,7278.0,684.0,INR/Quintal
2019-07-18,Coffee,Karnataka,Hubli,Hubli Wholesale,21625.0,17734.0,24250.0,1550.0,INR/Quintal
2025-07-30,Apple,Himachal Pradesh,Kangra,Kangra Wholesale,5839.0,4788.0,6548.0,584.0,INR/Quintal
2022-03-18,Coffee,Tamil Nadu,Coimbatore,Coimbatore Wholesale,21670.0,17771.0,24301.0,6128.0,INR/Quintal
2021-01-22,Potato,Bihar,Patna,Patna Wholesale,1991.0,1633.0,2233.0,4094.0,INR/Quintal
2015-01-22,Sugarcane,Maharashtra,Nashik,Nashik Wholesale,350.0,287.0,392.0,3780.0,INR/Quintal
2015-06-03,Pulses,Uttar Pradesh,Lucknow,Lucknow Wholesale,3542.0,2905.0,3972.0,6326.0,INR/Quintal
2020-05-16,Rice,Chhattisgarh,Raipur,Raipur Wholesale,1793.0,1470.0,2011.0,2999.0,INR/Quintal
2024-08-11,Rice,Uttar Pradesh,Varanasi,Varanasi Wholesale,2115.0,1734.0,2372.0,5120.0,INR/Quintal
2024-03-20,Pulses,Madhya Pradesh,Bhopal,Bhopal Wholesale,5932.0,4865.0,6652.0,879.0,INR/Quintal
2015-08-07,Oilseeds,Gujarat,Vadodara,Vadodara Wholesale,2139.0,1754.0,2399.0,2479.0,INR/Quintal
2016-10-30,Coconut,Kerala,Thrissur,Thrissur Wholesale,2914.0,2390.0,3268.0,2179.0,INR/Quintal
2019-02-27,Sugarcane,Maharashtra,Mumbai,Mumbai Wholesale,353.0,289.0,396.0,2348.0,INR/Quintal
2021-03-27,Pulses,Uttar Pradesh,Kanpur,Kanpur Wholesale,4529.0,3714.0,5079.0,3846.0,INR/Quintal
2020-08-29,Coffee,Karnataka,Mysore,Mysore Wholesale,11779.0,9660.0,13209.0,1942.0,INR/Quintal
2022-02-13,Coconut,Karnataka,Bangalore,Bangalore Wholesale,1831.0,1502.0,2053.0,5646.0,INR/Quintal
2017-08-07,Rice,Assam,Dibrugarh,Dibrugarh Wholesale,2836.0,2326.0,3180.0,1611.0,INR/Quintal
2021-01-04,Apple,Jammu and Kashmir,Srinagar,Srinagar Wholesale,7170.0,5880.0,8040.0,1250.0,INR/Quintal
2023-09-15,Coffee,Kerala,Ernakulam,Ernakulam Wholesale,13303.0,10909.0,14918.0,1366.0,INR/Quintal
2016-02-07,Sugarcane,Uttar Pradesh,Varanasi,Varanasi Wholesale,444.0,364.0,498.0,2889.0,INR/Quintal
2016-08-18,Wheat,Rajasthan,Udaipur,Udaipur Wholesale,2370.0,1944.0,2658.0,2411.0,INR/Quintal
2024-09-24,Apple,Himachal Pradesh,Shimla,Shimla Wholesale,9455.0,7754.0,10603.0,676.0,INR/Quintal
2021-08-11,Wheat,Madhya Pradesh,Bhopal,Bhopal Wholesale,2770.0,2272.0,3106.0,1808.0,INR/Quintal
2025-09-10,Potato,Bihar,Gaya,Gaya Wholesale,1858.0,1524.0,2084.0,819.0,INR/Quintal
2018-12-08,Coconut,Tamil Nadu,Madurai,Madurai Wholesale,2183.0,1790.0,2448.0,2700.0,INR/Quintal
2024-04-03,Coffee,Tamil Nadu,Chennai,Chennai Wholesale,15066.0,12355.0,16895.0,6329.0,INR/Quintal
2022-10-20,Coffee,Kerala,Kozhikode,Kozhikode Wholesale,12929.0,10603.0,14499.0,2949.0,INR/Quintal
2023-02-13,Coffee,Karnataka,Mysore,Mysore Wholesale,20036.0,16431.0,22468.0,2949.0,INR/Quintal
2025-09-11,Oilseeds,Rajasthan,Jaipur,Jaipur Wholesale,6069.0,4977.0,6806.0,585.0,INR/Quintal
2018-03-03,Coffee,Karnataka,Belgaum,Belgaum Wholesale,18138.0,14875.0,20340.0,2738.0,INR/Quintal
2019-10-09,Wheat,Punjab,Amritsar,Amritsar Wholesale,2710.0,2222.0,3039.0,2190.0,INR/Quintal
2018-07-30,Oilseeds,Maharashtra,Pune,Pune Wholesale,3347.0,2745.0,3753.0,3757.0,INR/Quintal
2025-07-16,Potato,Uttar Pradesh,Lucknow,Lucknow Wholesale,2006.0,1645.0,2250.0,3484.0,INR/Quintal
2015-03-14,Cotton,Gujarat,Ahmedabad,Ahmedabad Wholesale,5946.0,4876.0,6668.0,6175.0,INR/Quintal
2016-04-25,Maize,Telangana,Hyderabad,Hyderabad Wholesale,1927.0,1580.0,2161.0,4145.0,INR/Quintal
2024-05-16,Potato,Punjab,Patiala,Patiala Wholesale,1864.0,1529.0,2090.0,2813.0,INR/Quintal
2016-07-13,Tea,Kerala,Ernakulam,Ernakulam Wholesale,6690.0,5486.0,7502.0,2740.0,INR/Quintal
2024-04-20,Oilseeds,Gujarat,Ahmedabad,Ahmedabad Wholesale,3087.0,2532.0,3462.0,6521.0,INR/Quintal
2017-01-14,Wheat,Punjab,Ludhiana,Ludhiana Wholesale,2627.0,2154.0,2946.0,5508.0,INR/Quintal
2019-01-06,Wheat,Bihar,Patna,Patna Wholesale,1731.0,1420.0,1941.0,5376.0,INR/Quintal
2015-04-10,Sugarcane,Tamil Nadu,Chennai,Chennai Wholesale,370.0,303.0,415.0,5575.0,INR/Quintal
2017-12-18,Rice,West Bengal,Darjeeling,Darjeeling Wholesale,1961.0,1608.0,2199.0,3497.0,INR/Quintal
2021-12-30,Coffee,Karnataka,Hubli,Hubli Wholesale,15992.0,13115.0,17933.0,5036.0,INR/Quintal
2021-04-24,Coconut,Karnataka,Belgaum,Belgaum Wholesale,3025.0,2481.0,3392.0,4437.0,INR/Quintal
2016-02-17,Wheat,Madhya Pradesh,Bhopal,Bhopal Wholesale,2313.0,1897.0,2594.0,2868.0,INR/Quintal
2024-08-24,Coffee,Kerala,Thrissur,Thrissur Wholesale,23956.0,19646.0,26864.0,1245.0,INR/Quintal
2017-12-24,Pulses,Madhya Pradesh,Bhopal,Bhopal Wholesale,4438.0,3640.0,4977.0,3578.0,INR/Quintal
2022-03-27,Rice,Punjab,Patiala,Patiala Wholesale,2575.0,2112.0,2888.0,2052.0,INR/Quintal
2018-03-23,Pulses,Uttar Pradesh,Lucknow,Lucknow Wholesale,6188.0,5075.0,6939.0,5130.0,INR/Quintal
2020-07-01,Coconut,Andhra Pradesh,Krishna,Krishna Wholesale,3436.0,2818.0,3853.0,2977.0,INR/Quintal
2021-05-02,Apple,Jammu and Kashmir,Srinagar,Srinagar Wholesale,9259.0,7593.0,10383.0,1378.0,INR/Quintal
2017-03-31,Coffee,Karnataka,Hubli,Hubli Wholesale,19372.0,15887.0,21724.0,4910.0,INR/Quintal
2023-08-17,Oilseeds,Rajasthan,Jaipur,Jaipur Wholesale,3013.0,2471.0,3379.0,1438.0,INR/Quintal
2024-04-09,Tea,Assam,Cachar,Cachar Wholesale,6644.0,5449.0,7451.0,1669.0,INR/Quintal
2016-10-23,Rice,Assam,Dibrugarh,Dibrugarh Wholesale,2730.0,2239.0,3061.0,2580.0,INR/Quintal
2023-03-14,Coconut,Andhra Pradesh,Visakhapatnam,Visakhapatnam Wholesale,3326.0,2728.0,3730.0,5396.0,INR/Quintal
2016-07-13,Oilseeds,Maharashtra,Nashik,Nashik Wholesale,4366.0,3580.0,4896.0,4820.0,INR/Quintal
2023-02-12,Wheat,Haryana,Hisar,Hisar Wholesale,2207.0,1810.0,2475.0,3073.0,INR/Quintal
2023-01-17,Tea,Assam,Tinsukia,Tinsukia Wholesale,14134.0,11591.0,15850.0,3097.0,INR/Quintal
2018-06-25,Cotton,Gujarat,Surat,Surat Wholesale,5394.0,4423.0,6049.0,4457.0,INR/Quintal
2019-12-19,Wheat,Rajasthan,Udaipur,Udaipur Wholesale,2185.0,1792.0,2450.0,1558.0,INR/Quintal
2022-12-25,Maize,Andhra Pradesh,Krishna,Krishna Wholesale,1915.0,1570.0,2147.0,4986.0,INR/Quintal
2016-09-01,Potato,Bihar,Gaya,Gaya Wholesale,1927.0,1580.0,2161.0,358.0,INR/Quintal
2021-09-27,Rice,Uttar Pradesh,Kanpur,Kanpur Wholesale,1733.0,1421.0,1943.0,3336.0,INR/Quintal
2015-01-25,Coconut,Tamil Nadu,Chennai,Chennai Wholesale,2155.0,1767.0,2417.0,4125.0,INR/Quintal
2020-07-21,Maize,Telangana,Nizamabad,Nizamabad Wholesale,1795.0,1472.0,2013.0,2220.0,INR/Quintal
2015-10-11,Coffee,Kerala,Ernakulam,Ernakulam Wholesale,15957.0,13086.0,17894.0,1975.0,INR/Quintal
2019-01-12,Rice,Punjab,Patiala,Patiala Wholesale,2385.0,1956.0,2675.0,2161.0,INR/Quintal
2023-01-07,Apple,Himachal Pradesh,Kangra,Kangra Wholesale,10394.0,8524.0,11656.0,2059.0,INR/Quintal
2015-10-28,Apple,Himachal Pradesh,Mandi,Mandi Wholesale,3859.0,3165.0,4327.0,744.0,INR/Quintal
2017-12-27,Potato,Punjab,Patiala,Patiala Wholesale,881.0,722.0,988.0,3801.0,INR/Quintal
2017-10-27,Rice,Uttar Pradesh,Lucknow,Lucknow Wholesale,2685.0,2202.0,3011.0,2219.0,INR/Quintal
2017-03-27,Oilseeds,Rajasthan,Jodhpur,Jodhpur Wholesale,3293.0,2701.0,3693.0,2396.0,INR/Quintal
2023-10-14,Pulses,Rajasthan,Jodhpur,Jodhpur Wholesale,4337.0,3557.0,4864.0,1708.0,INR/Quintal
2023-11-10,Sugarcane,Maharashtra,Nashik,Nashik Wholesale,466.0,382.0,523.0,4721.0,INR/Quintal
2015-03-24,Oilseeds,Rajasthan,Jodhpur,Jodhpur Wholesale,3956.0,3244.0,4436.0,2435.0,INR/Quintal
2020-04-04,Potato,Bihar,Purnia,Purnia Wholesale,652.0,535.0,731.0,2462.0,INR/Quintal
2025-03-10,Coconut,Karnataka,Bangalore,Bangalore Wholesale,2058.0,1688.0,2308.0,3855.0,INR/Quintal
2024-07-23,Apple,Jammu and Kashmir,Srinagar,Srinagar Wholesale,8950.0,7340.0,10037.0,1224.0,INR/Quintal
2023-08-11,Rice,Punjab,Ludhiana,Ludhiana Wholesale,2530.0,2075.0,2837.0,2287.0,INR/Quintal
2024-01-22,Oilseeds,Maharashtra,Pune,Pune Wholesale,2675.0,2194.0,3000.0,3535.0,INR/Quintal
2020-09-24,Pulses,Rajasthan,Udaipur,Udaipur Wholesale,4423.0,3627.0,4960.0,1486.0,INR/Quintal
2016-09-09,Maize,Madhya Pradesh,Bhopal,Bhopal Wholesale,1894.0,1553.0,2124.0,1021.0,INR/Quintal
2023-02-23,Oilseeds,Maharashtra,Nagpur,Nagpur Wholesale,3222.0,2642.0,3613.0,2360.0,INR/Quintal
2025-08-07,Coffee,Kerala,Ernakulam,Ernakulam Wholesale,23307.0,19114.0,26136.0,670.0,INR/Quintal
2021-04-28,Maize,Telangana,Hyderabad,Hyderabad Wholesale,2214.0,1816.0,2483.0,2366.0,INR/Quintal
2015-06-25,Potato,Uttar Pradesh,Kanpur,Kanpur Wholesale,1207.0,990.0,1354.0,1076.0,INR/Quintal
2018-04-04,Maize,Bihar,Muzaffarpur,Muzaffarpur Wholesale,2306.0,1891.0,2586.0,3938.0,INR/Quintal
2022-05-28,Rice,Bihar,Muzaffarpur,Muzaffarpur Wholesale,2158.0,1770.0,2420.0,1485.0,INR/Quintal
2017-04-21,Tea,Kerala,Thrissur,Thrissur Wholesale,7013.0,5751.0,7864.0,2216.0,INR/Quintal
2016-01-05,Tea,West Bengal,Darjeeling,Darjeeling Wholesale,14355.0,11772.0,16098.0,2165.0,INR/Quintal
2019-12-24,Cotton,Telangana,Warangal,Warangal Wholesale,6406.0,5253.0,7184.0,3003.0,INR/Quintal
2020-10-02,Coffee,Karnataka,Bangalore,Bangalore Wholesale,15209.0,12473.0,17055.0,3523.0,INR/Quintal
2016-11-20,Rice,West Bengal,Kolkata,Kolkata Wholesale,1738.0,1425.0,1949.0,3132.0,INR/Quintal
2024-07-22,Potato,West Bengal,Kolkata,Kolkata Wholesale,1394.0,1143.0,1563.0,2750.0,INR/Quintal
2019-11-15,Wheat,Uttar Pradesh,Lucknow,Lucknow Wholesale,2006.0,1645.0,2250.0,4476.0,INR/Quintal
2024-10-18,Tea,Assam,Cachar,Cachar Wholesale,15370.0,12605.0,17236.0,376.0,INR/Quintal
2018-09-26,Potato,West Bengal,Howrah,Howrah Wholesale,1610.0,1320.0,1805.0,811.0,INR/Quintal
2023-10-04,Maize,Madhya Pradesh,Bhopal,Bhopal Wholesale,2035.0,1669.0,2282.0,549.0,INR/Quintal
2018-12-03,Oilseeds,Rajasthan,Udaipur,Udaipur Wholesale,3481.0,2855.0,3904.0,659.0,INR/Quintal
2016-01-02,Tea,West Bengal,Howrah,Howrah Wholesale,10692.0,8768.0,11990.0,2115.0,INR/Quintal
2024-02-25,Rice,Punjab,Amritsar,Amritsar Wholesale,1990.0,1632.0,2232.0,5469.0,INR/Quintal
2016-10-05,Tea,West Bengal,Howrah,Howrah Wholesale,7239.0,5937.0,8118.0,827.0,INR/Quintal
2025-01-24,Pulses,Madhya Pradesh,Bhopal,Bhopal Wholesale,4946.0,4056.0,5546.0,4331.0,INR/Quintal
2021-08-23,Pulses,Uttar Pradesh,Kanpur,Kanpur Wholesale,4677.0,3836.0,5245.0,4823.0,INR/Quintal
2015-03-14,Pulses,Rajasthan,Udaipur,Udaipur Wholesale,4643.0,3808.0,5207.0,4434.0,INR/Quintal
2023-02-10,Coffee,Tamil Nadu,Chennai,Chennai Wholesale,20362.0,16698.0,22834.0,958.0,INR/Quintal
2018-06-25,Coconut,Tamil Nadu,Madurai,Madurai Wholesale,1953.0,1602.0,2190.0,4764.0,INR/Quintal
2017-05-09,Tea,Assam,Tinsukia,Tinsukia Wholesale,15314.0,12559.0,17173.0,3787.0,INR/Quintal
2025-07-23,Cotton,Maharashtra,Pune,Pune Wholesale,8427.0,6911.0,9450.0,5038.0,INR/Quintal
2015-02-12,Apple,Himachal Pradesh,Shimla,Shimla Wholesale,8716.0,7148.0,9774.0,1811.0,INR/Quintal
2021-08-21,Potato,Punjab,Patiala,Patiala Wholesale,2141.0,1756.0,2401.0,4492.0,INR/Quintal
2017-11-30,Coconut,Andhra Pradesh,Krishna,Krishna Wholesale,2367.0,1941.0,2654.0,745.0,INR/Quintal
2021-01-26,Pulses,Uttar Pradesh,Lucknow,Lucknow Wholesale,5659.0,4641.0,6346.0,1452.0,INR/Quintal
2021-03-09,Maize,Madhya Pradesh,Bhopal,Bhopal Wholesale,1569.0,1287.0,1759.0,1075.0,INR/Quintal
2019-02-25,Rice,Uttar Pradesh,Kanpur,Kanpur Wholesale,2738.0,2245.0,3070.0,8724.0,INR/Quintal
2025-04-09,Coffee,Tamil Nadu,Coimbatore,Coimbatore Wholesale,18775.0,15397.0,21054.0,1074.0,INR/Quintal
2020-09-17,Sugarcane,Uttar Pradesh,Varanasi,Varanasi Wholesale,432.0,354.0,484.0,998.0,INR/Quintal
2016-01-04,Pulses,Madhya Pradesh,Bhopal,Bhopal Wholesale,5232.0,4291.0,5867.0,4312.0,INR/Quintal
2022-09-05,Potato,Punjab,Ludhiana,Ludhiana Wholesale,1411.0,1157.0,1582.0,1032.0,INR/Quintal
2015-05-31,Maize,Karnataka,Mysore,Mysore Wholesale,1724.0,1414.0,1933.0,5584.0,INR/Quintal
2018-02-08,Rice,Andhra Pradesh,Visakhapatnam,Visakhapatnam Wholesale,1958.0,1606.0,2196.0,6125.0,INR/Quintal
2019-02-12,Oilseeds,Madhya Pradesh,Bhopal,Bhopal Wholesale,4650.0,3813.0,5215.0,687.0,INR/Quintal
2018-12-30,Wheat,Uttar Pradesh,Varanasi,Varanasi Wholesale,2591.0,2125.0,2906.0,897.0,INR/Quintal
2017-12-06,Maize,Maharashtra,Nagpur,Nagpur Wholesale,2163.0,1774.0,2426.0,3776.0,INR/Quintal
2017-10-20,Cotton,Maharashtra,Pune,Pune Wholesale,6740.0,5527.0,7558.0,4799.0,INR/Quintal
2019-05-18,Maize,Karnataka,Mysore,Mysore Wholesale,1359.0,1114.0,1524.0,5635.0,INR/Quintal
2022-08-16,Maize,Andhra Pradesh,Krishna,Krishna Wholesale,2555.0,2095.0,2865.0,1683.0,INR/Quintal
2020-08-02,Coconut,Karnataka,Hubli,Hubli Wholesale,1782.0,1461.0,1998.0,1823.0,INR/Quintal
2018-10-21,Cotton,Gujarat,Surat,Surat Wholesale,7264.0,5957.0,8146.0,1995.0,INR/Quintal
2015-03-10,Oilseeds,Maharashtra,Nagpur,Nagpur Wholesale,2591.0,2125.0,2906.0,6428.0,INR/Quintal
2021-06-04,Coffee,Kerala,Kozhikode,Kozhikode Wholesale,15665.0,12847.0,17567.0,1628.0,INR/Quintal
2017-08-01,Tea,West Bengal,Darjeeling,Darjeeling Wholesale,15892.0,13033.0,17821.0,949.0,INR/Quintal
2017-03-12,Rice,Odisha,Bhubaneswar,Bhubaneswar Wholesale,2417.0,1982.0,2710.0,4519.0,INR/Quintal
2021-06-01,Maize,Andhra Pradesh,Guntur,Guntur Wholesale,1907.0,1564.0,2139.0,3073.0,INR/Quintal
2021-02-28,Maize,Andhra Pradesh,Chittoor,Chittoor Wholesale,2217.0,1818.0,2486.0,1278.0,INR/Quintal
2015-03-02,Apple,Jammu and Kashmir,Srinagar,Srinagar Wholesale,5745.0,4711.0,6442.0,2109.0,INR/Quintal
2017-08-03,Cotton,Telangana,Hyderabad,Hyderabad Wholesale,5117.0,4196.0,5738.0,2088.0,INR/Quintal
2023-03-30,Potato,Uttar Pradesh,Lucknow,Lucknow Wholesale,1822.0,1494.0,2043.0,5269.0,INR/Quintal
2025-09-06,Maize,Bihar,Purnia,Purnia Wholesale,1826.0,1497.0,2048.0,2471.0,INR/Quintal
2018-08-30,Maize,Karnataka,Hubli,Hubli Wholesale,2064.0,1693.0,2315.0,2259.0,INR/Quintal
2018-03-30,Cotton,Andhra Pradesh,Chittoor,Chittoor Wholesale,4370.0,3584.0,4901.0,5332.0,INR/Quintal
2015-11-27,Potato,Punjab,Amritsar,Amritsar Wholesale,1323.0,1085.0,1484.0,5615.0,INR/Quintal
2019-04-01,Cotton,Telangana,Hyderabad,Hyderabad Wholesale,5828.0,4779.0,6536.0,3697.0,INR/Quintal
2015-12-04,Coconut,Kerala,Thrissur,Thrissur Wholesale,1606.0,1317.0,1801.0,2775.0,INR/Quintal
2019-06-18,Coffee,Karnataka,Belgaum,Belgaum Wholesale,17480.0,14335.0,19602.0,3589.0,INR/Quintal
2018-08-20,Maize,Madhya Pradesh,Bhopal,Bhopal Wholesale,2011.0,1649.0,2255.0,1712.0,INR/Quintal
2019-03-07,Pulses,Uttar Pradesh,Kanpur,Kanpur Wholesale,6603.0,5415.0,7405.0,2484.0,INR/Quintal
2019-08-01,Rice,Uttar Pradesh,Lucknow,Lucknow Wholesale,2986.0,2449.0,3349.0,2232.0,INR/Quintal
2018-09-23,Potato,Bihar,Purnia,Purnia Wholesale,1718.0,1409.0,1927.0,2533.0,INR/Quintal
2019-04-23,Pulses,Uttar Pradesh,Kanpur,Kanpur Wholesale,4969.0,4075.0,5572.0,4563.0,INR/Quintal
2022-05-10,Cotton,Gujarat,Surat,Surat Wholesale,6263.0,5136.0,7023.0,3212.0,INR/Quintal
2015-10-02,Apple,Himachal Pradesh,Kangra,Kangra Wholesale,3479.0,2853.0,3901.0,1450.0,INR/Quintal
2018-04-02,Maize,Telangana,Warangal,Warangal Wholesale,1699.0,1393.0,1905.0,595.0,INR/Quintal
2024-08-15,Apple,Himachal Pradesh,Kangra,Kangra Wholesale,10117.0,8297.0,11345.0,1316.0,INR/Quintal
2021-06-24,Coconut,Kerala,Ernakulam,Ernakulam Wholesale,2086.0,1711.0,2339.0,2161.0,INR/Quintal
2022-03-21,Apple,Himachal Pradesh,Kangra,Kangra Wholesale,7065.0,5794.0,7923.0,1427.0,INR/Quintal
2021-12-26,Cotton,Gujarat,Rajkot,Rajkot Wholesale,5682.0,4660.0,6372.0,2439.0,INR/Quintal
2025-04-15,Coconut,Karnataka,Hubli,Hubli Wholesale,2013.0,1651.0,2257.0,1771.0,INR/Quintal
2021-08-31,Apple,Jammu and Kashmir,Srinagar,Srinagar Wholesale,3905.0,3202.0,4379.0,593.0,INR/Quintal
2020-06-16,Tea,Assam,Tinsukia,Tinsukia Wholesale,12809.0,10504.0,14364.0,1809.0,INR/Quintal
2017-05-19,Tea,Assam,Cachar,Cachar Wholesale,10050.0,8242.0,11270.0,2271.0,INR/Quintal
2022-11-20,Coffee,Karnataka,Belgaum,Belgaum Wholesale,20326.0,16669.0,22794.0,3296.0,INR/Quintal
2017-10-11,Maize,Andhra Pradesh,Visakhapatnam,Visakhapatnam Wholesale,1852.0,1519.0,2077.0,2257.0,INR/Quintal
2020-03-26,Maize,Maharashtra,Nashik,Nashik Wholesale,2299.0,1885.0,2578.0,6901.0,INR/Quintal
2016-08-25,Pulses,Madhya Pradesh,Bhopal,Bhopal Wholesale,5411.0,4437.0,6068.0,2001.0,INR/Quintal
2025-06-18,Coconut,Karnataka,Mysore,Mysore Wholesale,3306.0,2711.0,3707.0,1489.0,INR/Quintal
2019-12-05,Sugarcane,Uttar Pradesh,Varanasi,Varanasi Wholesale,420.0,344.0,471.0,2621.0,INR/Quintal
2016-11-21,Maize,Bihar,Purnia,Purnia Wholesale,1600.0,1312.0,1794.0,728.0,INR/Quintal
2016-05-08,Coffee,Tamil Nadu,Chennai,Chennai Wholesale,18788.0,15408.0,21069.0,6016.0,INR/Quintal
2016-05-04,Potato,Punjab,Amritsar,Amritsar Wholesale,599.0,491.0,672.0,7744.0,INR/Quintal
2022-07-31,Apple,Himachal Pradesh,Mandi,Mandi Wholesale,5009.0,4108.0,5617.0,375.0,INR/Quintal
2023-08-11,Potato,Bihar,Patna,Patna Wholesale,1400.0,1148.0,1570.0,2282.0,INR/Quintal
2021-12-31,Cotton,Maharashtra,Nagpur,Nagpur Wholesale,6893.0,5653.0,7730.0,6268.0,INR/Quintal
2016-01-25,Pulses,Maharashtra,Mumbai,Mumbai Wholesale,3115.0,2555.0,3493.0,5774.0,INR/Quintal
2025-02-07,Apple,Jammu and Kashmir,Srinagar,Srinagar Wholesale,8576.0,7033.0,9617.0,1367.0,INR/Quintal
2015-10-22,Coconut,Kerala,Thrissur,Thrissur Wholesale,2117.0,1736.0,2374.0,939.0,INR/Quintal
2018-10-24,Apple,Himachal Pradesh,Kangra,Kangra Wholesale,6503.0,5333.0,7292.0,650.0,INR/Quintal
2022-10-14,Oilseeds,Maharashtra,Nashik,Nashik Wholesale,3957.0,3245.0,4437.0,3669.0,INR/Quintal
2022-12-22,Coconut,Tamil Nadu,Chennai,Chennai Wholesale,2467.0,2023.0,2766.0,4414.0,INR/Quintal
2019-09-14,Wheat,Madhya Pradesh,Bhopal,Bhopal Wholesale,1861.0,1526.0,2087.0,1612.0,INR/Quintal
2022-02-09,Cotton,Telangana,Nizamabad,Nizamabad Wholesale,5235.0,4293.0,5871.0,1184.0,INR/Quintal
2016-10-10,Maize,Karnataka,Bangalore,Bangalore Wholesale,1534.0,1258.0,1720.0,3829.0,INR/Quintal
2020-02-17,Cotton,Gujarat,Rajkot,Rajkot Wholesale,7048.0,5780.0,7904.0,6503.0,INR/Quintal
2016-07-21,Coconut,Tamil Nadu,Madurai,Madurai Wholesale,2242.0,1839.0,2514.0,1059.0,INR/Quintal
2023-12-03,Oilseeds,Maharashtra,Nashik,Nashik Wholesale,4266.0,3498.0,4784.0,982.0,INR/Quintal
2022-12-10,Wheat,Uttar Pradesh,Lucknow,Lucknow Wholesale,2507.0,2056.0,2811.0,4367.0,INR/Quintal
2022-09-18,Coconut,Tamil Nadu,Coimbatore,Coimbatore Wholesale,2563.0,2102.0,2874.0,1370.0,INR/Quintal
2016-03-20,Oilseeds,Maharashtra,Nagpur,Nagpur Wholesale,3009.0,2468.0,3374.0,2999.0,INR/Quintal
2024-12-20,Oilseeds,Maharashtra,Nashik,Nashik Wholesale,2911.0,2387.0,3264.0,1160.0,INR/Quintal
2015-12-29,Tea,Assam,Kamrup,Kamrup Wholesale,13968.0,11455.0,15664.0,3832.0,INR/Quintal
2020-12-10,Apple,Jammu and Kashmir,Srinagar,Srinagar Wholesale,6899.0,5658.0,7737.0,1694.0,INR/Quintal
2018-04-26,Potato,Bihar,Muzaffarpur,Muzaffarpur Wholesale,1686.0,1383.0,1891.0,1275.0,INR/Quintal
2017-01-11,Coconut,Andhra Pradesh,Chittoor,Chittoor Wholesale,2044.0,1676.0,2292.0,6134.0,INR/Quintal
2020-08-03,Coconut,Tamil Nadu,Coimbatore,Coimbatore Wholesale,2890.0,2370.0,3241.0,2909.0,INR/Quintal
2016-11-10,Sugarcane,Karnataka,Belgaum,Belgaum Wholesale,399.0,327.0,447.0,1837.0,INR/Quintal
2021-10-03,Coconut,Karnataka,Bangalore,Bangalore Wholesale,1307.0,1072.0,1466.0,3599.0,INR/Quintal
2025-02-14,Maize,Telangana,Nizamabad,Nizamabad Wholesale,2717.0,2228.0,3047.0,3618.0,INR/Quintal
2024-02-06,Coffee,Tamil Nadu,Coimbatore,Coimbatore Wholesale,14076.0,11543.0,15785.0,5985.0,INR/Quintal
2019-07-01,Pulses,Maharashtra,Nagpur,Nagpur Wholesale,3823.0,3135.0,4287.0,2886.0,INR/Quintal
2019-04-22,Cotton,Telangana,Warangal,Warangal Wholesale,4776.0,3917.0,5356.0,3121.0,INR/Quintal
2018-09-20,Maize,Andhra Pradesh,Chittoor,Chittoor Wholesale,2093.0,1716.0,2347.0,1520.0,INR/Quintal
2020-11-09,Apple,Jammu and Kashmir,Srinagar,Srinagar Wholesale,7498.0,6149.0,8408.0,763.0,INR/Quintal
2024-11-10,Tea,Assam,Cachar,Cachar Wholesale,15242.0,12500.0,17092.0,2077.0,INR/Quintal
2015-03-04,Potato,Bihar,Gaya,Gaya Wholesale,1874.0,1537.0,2102.0,6190.0,INR/Quintal
2025-03-22,Cotton,Maharashtra,Mumbai,Mumbai Wholesale,6561.0,5381.0,7358.0,5409.0,INR/Quintal
2022-01-03,Pulses,Maharashtra,Pune,Pune Wholesale,5667.0,4647.0,6355.0,1739.0,INR/Quintal
2018-03-08,Sugarcane,Tamil Nadu,Coimbatore,Coimbatore Wholesale,428.0,351.0,480.0,760.0,INR/Quintal
2025-04-27,Apple,Jammu and Kashmir,Srinagar,Srinagar Wholesale,10267.0,8420.0,11513.0,2182.0,INR/Quintal
2023-12-01,Maize,Karnataka,Mysore,Mysore Wholesale,1875.0,1538.0,2103.0,2353.0,INR/Quintal
2018-05-13,Coffee,Tamil Nadu,Madurai,Madurai Wholesale,20167.0,16538.0,22615.0,2425.0,INR/Quintal
2022-09-20,Potato,Bihar,Patna,Patna Wholesale,875.0,718.0,981.0,2872.0,INR/Quintal
2023-12-30,Rice,Chhattisgarh,Raipur,Raipur Wholesale,3135.0,2571.0,3516.0,3328.0,INR/Quintal
2015-09-13,Maize,Telangana,Hyderabad,Hyderabad Wholesale,1833.0,1503.0,2056.0,2436.0,INR/Quintal
2015-05-15,Apple,Himachal Pradesh,Kangra,Kangra Wholesale,7793.0,6391.0,8739.0,737.0,INR/Quintal
2024-12-23,Oilseeds,Madhya Pradesh,Bhopal,Bhopal Wholesale,2649.0,2172.0,2971.0,1809.0,INR/Quintal
2017-05-24,Oilseeds,Madhya Pradesh,Bhopal,Bhopal Wholesale,2368.0,1942.0,2655.0,3604.0,INR/Quintal
2017-04-01,Coffee,Kerala,Thrissur,Thrissur Wholesale,9367.0,7682.0,10504.0,4617.0,INR/Quintal
2020-11-05,Wheat,Uttar Pradesh,Kanpur,Kanpur Wholesale,2407.0,1974.0,2699.0,6367.0,INR/Quintal
2025-09-12,Coffee,Tamil Nadu,Chennai,Chennai Wholesale,18816.0,15431.0,21100.0,2158.0,INR/Quintal
2023-04-24,Potato,Uttar Pradesh,Varanasi,Varanasi Wholesale,2305.0,1890.0,2585.0,7939.0,INR/Quintal
2023-12-23,Oilseeds,Madhya Pradesh,Bhopal,Bhopal Wholesale,4219.0,3460.0,4731.0,568.0,INR/Quintal
2023-10-06,Sugarcane,Uttar Pradesh,Lucknow,Lucknow Wholesale,385.0,316.0,432.0,1983.0,INR/Quintal
2017-04-02,Sugarcane,Maharashtra,Nagpur,Nagpur Wholesale,351.0,288.0,394.0,3557.0,INR/Quintal
2023-06-02,Oilseeds,Maharashtra,Mumbai,Mumbai Wholesale,2510.0,2058.0,2815.0,6357.0,INR/Quintal
2017-08-31,Potato,Punjab,Ludhiana,Ludhiana Wholesale,1765.0,1447.0,1979.0,572.0,INR/Quintal
2023-03-01,Tea,West Bengal,Howrah,Howrah Wholesale,19576.0,16054.0,21953.0,2697.0,INR/Quintal
2019-11-13,Pulses,Rajasthan,Jaipur,Jaipur Wholesale,6713.0,5505.0,7528.0,2789.0,INR/Quintal
2015-05-01,Pulses,Uttar Pradesh,Varanasi,Varanasi Wholesale,4237.0,3475.0,4751.0,3243.0,INR/Quintal
2024-06-18,Potato,Punjab,Patiala,Patiala Wholesale,672.0,551.0,754.0,2269.0,INR/Quintal
2019-06-26,Rice,Telangana,Hyderabad,Hyderabad Wholesale,1646.0,1350.0,1846.0,3407.0,INR/Quintal
2023-07-07,Pulses,Uttar Pradesh,Kanpur,Kanpur Wholesale,5907.0,4844.0,6624.0,4914.0,INR/Quintal
2018-09-26,Cotton,Andhra Pradesh,Chittoor,Chittoor Wholesale,7506.0,6156.0,8417.0,2205.0,INR/Quintal
2017-10-04,Pulses,Maharashtra,Mumbai,Mumbai Wholesale,3509.0,2878.0,3935.0,4581.0,INR/Quintal
2017-07-13,Cotton,Andhra Pradesh,Krishna,Krishna Wholesale,4627.0,3794.0,5189.0,1440.0,INR/Quintal
2016-10-06,Oilseeds,Madhya Pradesh,Bhopal,Bhopal Wholesale,4228.0,3467.0,4741.0,2730.0,INR/Quintal
2020-07-25,Tea,Assam,Tinsukia,Tinsukia Wholesale,13423.0,11008.0,15053.0,2652.0,INR/Quintal
2022-07-24,Coffee,Karnataka,Hubli,Hubli Wholesale,14649.0,12013.0,16427.0,2017.0,INR/Quintal
2022-12-17,Tea,Kerala,Kozhikode,Kozhikode Wholesale,14300.0,11727.0,16036.0,3305.0,INR/Quintal
2020-08-30,Pulses,Maharashtra,Pune,Pune Wholesale,3894.0,3193.0,4367.0,1058.0,INR/Quintal
2015-08-30,Pulses,Rajasthan,Jaipur,Jaipur Wholesale,5777.0,4738.0,6478.0,564.0,INR/Quintal
2021-11-07,Coconut,Kerala,Thrissur,Thrissur Wholesale,1654.0,1356.0,1855.0,3186.0,INR/Quintal
2023-03-30,Potato,Uttar Pradesh,Kanpur,Kanpur Wholesale,771.0,632.0,865.0,1807.0,INR/Quintal
2022-04-22,Coffee,Karnataka,Hubli,Hubli Wholesale,16071.0,13179.0,18022.0,718.0,INR/Quintal
2021-06-08,Pulses,Madhya Pradesh,Bhopal,Bhopal Wholesale,4205.0,3448.0,4715.0,1801.0,INR/Quintal
2019-06-08,Wheat,Bihar,Purnia,Purnia Wholesale,2270.0,1862.0,2546.0,967.0,INR/Quintal
2025-01-14,Wheat,Madhya Pradesh,Bhopal,Bhopal Wholesale,2843.0,2331.0,3188.0,4033.0,INR/Quintal
2017-03-13,Rice,Bihar,Purnia,Purnia Wholesale,2101.0,1723.0,2356.0,6048.0,INR/Quintal
2017-08-21,Oilseeds,Rajasthan,Jaipur,Jaipur Wholesale,4221.0,3462.0,4733.0,1384.0,INR/Quintal
2015-03-10,Cotton,Andhra Pradesh,Guntur,Guntur Wholesale,5095.0,4178.0,5714.0,3767.0,INR/Quintal
2018-02-26,Tea,Assam,Dibrugarh,Dibrugarh Wholesale,5754.0,4719.0,6453.0,2949.0,INR/Quintal
2015-07-15,Oilseeds,Madhya Pradesh,Bhopal,Bhopal Wholesale,4922.0,4036.0,5520.0,1032.0,INR/Quintal
2020-12-27,Cotton,Andhra Pradesh,Visakhapatnam,Visakhapatnam Wholesale,7427.0,6091.0,8329.0,2209.0,INR/Quintal
2024-08-16,Cotton,Maharashtra,Pune,Pune Wholesale,5360.0,4396.0,6011.0,918.0,INR/Quintal
2021-05-19,Maize,Telangana,Hyderabad,Hyderabad Wholesale,1946.0,1596.0,2182.0,2597.0,INR/Quintal
2021-06-17,Coconut,Tamil Nadu,Madurai,Madurai Wholesale,2679.0,2197.0,3004.0,3578.0,INR/Quintal
2017-01-15,Pulses,Uttar Pradesh,Varanasi,Varanasi Wholesale,3786.0,3105.0,4246.0,8083.0,INR/Quintal
2024-11-15,Rice,Punjab,Ludhiana,Ludhiana Wholesale,2738.0,2245.0,3070.0,4878.0,INR/Quintal
2019-08-16,Pulses,Uttar Pradesh,Varanasi,Varanasi Wholesale,5153.0,4226.0,5779.0,4168.0,INR/Quintal
2015-10-04,Rice,Uttar Pradesh,Kanpur,Kanpur Wholesale,1417.0,1162.0,1589.0,2094.0,INR/Quintal
2015-03-02,Oilseeds,Madhya Pradesh,Bhopal,Bhopal Wholesale,2424.0,1988.0,2718.0,4677.0,INR/Quintal
2024-04-13,Apple,Jammu and Kashmir,Srinagar,Srinagar Wholesale,8629.0,7076.0,9677.0,2399.0,INR/Quintal
2020-03-28,Apple,Himachal Pradesh,Shimla,Shimla Wholesale,5835.0,4785.0,6543.0,3052.0,INR/Quintal
2020-09-30,Potato,Uttar Pradesh,Varanasi,Varanasi Wholesale,996.0,817.0,1117.0,708.0,INR/Quintal
2021-01-09,Potato,Bihar,Patna,Patna Wholesale,1896.0,1555.0,2126.0,3703.0,INR/Quintal
2019-11-08,Oilseeds,Madhya Pradesh,Bhopal,Bhopal Wholesale,4713.0,3865.0,5285.0,2308.0,INR/Quintal
2018-08-27,Coffee,Kerala,Kozhikode,Kozhikode Wholesale,12335.0,10116.0,13832.0,1082.0,INR/Quintal
2020-01-12,Wheat,Madhya Pradesh,Bhopal,Bhopal Wholesale,2728.0,2237.0,3059.0,4569.0,INR/Quintal
2022-02-04,Coconut,Karnataka,Bangalore,Bangalore Wholesale,2876.0,2359.0,3225.0,2509.0,INR/Quintal
2016-07-20,Cotton,Andhra Pradesh,Visakhapatnam,Visakhapatnam Wholesale,5188.0,4255.0,5818.0,1504.0,INR/Quintal
2024-06-22,Rice,West Bengal,Darjeeling,Darjeeling Wholesale,2356.0,1932.0,2642.0,2947.0,INR/Quintal
2019-04-21,Sugarcane,Tamil Nadu,Madurai,Madurai Wholesale,458.0,376.0,514.0,2708.0,INR/Quintal
2016-09-13,Apple,Himachal Pradesh,Shimla,Shimla Wholesale,4598.0,3771.0,5156.0,1630.0,INR/Quintal
2020-07-18,Pulses,Maharashtra,Nashik,Nashik Wholesale,5067.0,4155.0,5682.0,2741.0,INR/Quintal
2018-04-15,Oilseeds,Madhya Pradesh,Bhopal,Bhopal Wholesale,4317.0,3540.0,4841.0,2364.0,INR/Quintal
2024-05-26,Cotton,Gujarat,Surat,Surat Wholesale,7135.0,5851.0,8001.0,4577.0,INR/Quintal
2015-11-10,Apple,Jammu and Kashmir,Srinagar,Srinagar Wholesale,6042.0,4955.0,6776.0,294.0,INR/Quintal
2022-10-25,Rice,Tamil Nadu,Madurai,Madurai Wholesale,2532.0,2076.0,2839.0,3180.0,INR/Quintal
2022-12-05,Tea,Kerala,Kozhikode,Kozhikode Wholesale,7615.0,6245.0,8539.0,3166.0,INR/Quintal
2020-11-14,Coffee,Kerala,Ernakulam,Ernakulam Wholesale,14861.0,12187.0,16665.0,1791.0,INR/Quintal
2023-01-07,Pulses,Madhya Pradesh,Bhopal,Bhopal Wholesale,5699.0,4674.0,6391.0,4417.0,INR/Quintal
2018-05-21,Potato,Punjab,Amritsar,Amritsar Wholesale,1820.0,1493.0,2041.0,5360.0,INR/Quintal
2022-11-16,Oilseeds,Gujarat,Rajkot,Rajkot Wholesale,4794.0,3931.0,5376.0,3701.0,INR/Quintal
2015-05-17,Apple,Himachal Pradesh,Shimla,Shimla Wholesale,5646.0,4630.0,6331.0,2679.0,INR/Quintal
2017-10-26,Potato,West Bengal,Howrah,Howrah Wholesale,2079.0,1705.0,2331.0,2849.0,INR/Quintal
2023-05-17,Rice,Chhattisgarh,Raipur,Raipur Wholesale,1507.0,1236.0,1690.0,1967.0,INR/Quintal
2020-11-26,Potato,Punjab,Ludhiana,Ludhiana Wholesale,932.0,764.0,1045.0,780.0,INR/Quintal
2022-02-07,Apple,Jammu and Kashmir,Srinagar,Srinagar Wholesale,5695.0,4670.0,6386.0,1903.0,INR/Quintal
2023-07-08,Apple,Jammu and Kashmir,Srinagar,Srinagar Wholesale,5137.0,4213.0,5761.0,1646.0,INR/Quintal
2016-10-23,Pulses,Madhya Pradesh,Bhopal,Bhopal Wholesale,5023.0,4119.0,5633.0,1549.0,INR/Quintal
2021-10-08,Wheat,Punjab,Ludhiana,Ludhiana Wholesale,1817.0,1490.0,2038.0,2253.0,INR/Quintal
2022-05-01,Apple,Himachal Pradesh,Kangra,Kangra Wholesale,5174.0,4243.0,5802.0,1631.0,INR/Quintal
2021-04-27,Cotton,Gujarat,Surat,Surat Wholesale,5758.0,4722.0,6457.0,5711.0,INR/Quintal
2024-07-29,Wheat,Rajasthan,Udaipur,Udaipur Wholesale,2773.0,2274.0,3110.0,299.0,INR/Quintal
2015-03-28,Oilseeds,Rajasthan,Jodhpur,Jodhpur Wholesale,4628.0,3795.0,5190.0,4088.0,INR/Quintal
2021-11-17,Wheat,Haryana,Karnal,Karnal Wholesale,2712.0,2224.0,3041.0,5341.0,INR/Quintal
2020-10-24,Maize,Bihar,Purnia,Purnia Wholesale,1589.0,1303.0,1782.0,2173.0,INR/Quintal
2021-11-23,Apple,Himachal Pradesh,Mandi,Mandi Wholesale,7563.0,6202.0,8481.0,447.0,INR/Quintal
2021-09-27,Cotton,Gujarat,Surat,Surat Wholesale,4826.0,3958.0,5412.0,2959.0,INR/Quintal
2022-11-12,Rice,Tamil Nadu,Chennai,Chennai Wholesale,1961.0,1608.0,2199.0,1047.0,INR/Quintal
2023-01-21,Cotton,Gujarat,Rajkot,Rajkot Wholesale,7958.0,6526.0,8924.0,3842.0,INR/Quintal
2022-08-05,Maize,Madhya Pradesh,Bhopal,Bhopal Wholesale,2005.0,1644.0,2248.0,546.0,INR/Quintal
2021-11-09,Sugarcane,Maharashtra,Pune,Pune Wholesale,381.0,312.0,427.0,3482.0,INR/Quintal
2018-08-01,Wheat,Haryana,Faridabad,Faridabad Wholesale,2113.0,1733.0,2370.0,2001.0,INR/Quintal
2024-01-24,Cotton,Maharashtra,Nagpur,Nagpur Wholesale,5835.0,4785.0,6543.0,6338.0,INR/Quintal
2019-08-28,Potato,West Bengal,Howrah,Howrah Wholesale,1221.0,1001.0,1369.0,3338.0,INR/Quintal
2025-01-18,Rice,West Bengal,Darjeeling,Darjeeling Wholesale,2568.0,2106.0,2880.0,6316.0,INR/Quintal
2022-05-24,Apple,Jammu and Kashmir,Srinagar,Srinagar Wholesale,5745.0,4711.0,6442.0,763.0,INR/Quintal
2022-06-12,Apple,Himachal Pradesh,Kangra,Kangra Wholesale,10229.0,8389.0,11471.0,389.0,INR/Quintal
2024-12-08,Tea,West Bengal,Darjeeling,Darjeeling Wholesale,16193.0,13280.0,18159.0,2743.0,INR/Quintal
2024-06-05,Oilseeds,Maharashtra,Mumbai,Mumbai Wholesale,5751.0,4716.0,6449.0,1138.0,INR/Quintal
2016-05-09,Oilseeds,Rajasthan,Udaipur,Udaipur Wholesale,4411.0,3617.0,4946.0,1049.0,INR/Quintal
2019-07-06,Coconut,Tamil Nadu,Chennai,Chennai Wholesale,2601.0,2133.0,2917.0,2981.0,INR/Quintal
2020-04-26,Oilseeds,Rajasthan,Jaipur,Jaipur Wholesale,4014.0,3292.0,4501.0,2791.0,INR/Quintal
2017-12-04,Cotton,Andhra Pradesh,Guntur,Guntur Wholesale,4247.0,3483.0,4763.0,834.0,INR/Quintal
2018-11-25,Wheat,Madhya Pradesh,Bhopal,Bhopal Wholesale,2304.0,1889.0,2584.0,1695.0,INR/Quintal
2024-02-01,Cotton,Gujarat,Vadodara,Vadodara Wholesale,6436.0,5278.0,7217.0,4363.0,INR/Quintal
2025-02-04,Apple,Himachal Pradesh,Kangra,Kangra Wholesale,5132.0,4209.0,5755.0,1075.0,INR/Quintal
2016-08-19,Pulses,Uttar Pradesh,Kanpur,Kanpur Wholesale,4464.0,3661.0,5006.0,4912.0,INR/Quintal
2016-03-25,Potato,West Bengal,Howrah,Howrah Wholesale,1651.0,1354.0,1851.0,1752.0,INR/Quintal
2016-04-29,Apple,Jammu and Kashmir,Srinagar,Srinagar Wholesale,8043.0,6596.0,9019.0,828.0,INR/Quintal
2016-10-07,Tea,Assam,Cachar,Cachar Wholesale,9003.0,7383.0,10096.0,714.0,INR/Quintal
2022-04-21,Tea,West Bengal,Kolkata,Kolkata Wholesale,15140.0,12416.0,16978.0,1420.0,INR/Quintal
2023-06-17,Potato,Uttar Pradesh,Kanpur,Kanpur Wholesale,2203.0,1807.0,2470.0,6683.0,INR/Quintal
2019-06-18,Maize,Andhra Pradesh,Krishna,Krishna Wholesale,1718.0,1409.0,1927.0,2100.0,INR/Quintal
2016-10-23,Coffee,Kerala,Ernakulam,Ernakulam Wholesale,9998.0,8199.0,11212.0,2221.0,INR/Quintal
2017-01-27,Apple,Jammu and Kashmir,Srinagar,Srinagar Wholesale,4674.0,3833.0,5241.0,1116.0,INR/Quintal
2015-10-16,Apple,Jammu and Kashmir,Srinagar,Srinagar Wholesale,7496.0,6147.0,8406.0,995.0,INR/Quintal
2024-07-17,Pulses,Maharashtra,Pune,Pune Wholesale,4417.0,3622.0,4953.0,5168.0,INR/Quintal
2016-12-21,Rice,Uttar Pradesh,Varanasi,Varanasi Wholesale,1708.0,1401.0,1915.0,6451.0,INR/Quintal
2016-09-29,Tea,West Bengal,Howrah,Howrah Wholesale,11923.0,9778.0,13370.0,624.0,INR/Quintal
2021-04-01,Oilseeds,Maharashtra,Nashik,Nashik Wholesale,5359.0,4395.0,6010.0,7048.0,INR/Quintal
2021-09-29,Cotton,Andhra Pradesh,Chittoor,Chittoor Wholesale,8040.0,6593.0,9016.0,2128.0,INR/Quintal
2023-03-05,Maize,Karnataka,Mysore,Mysore Wholesale,2016.0,1653.0,2261.0,2968.0,INR/Quintal
2016-05-13,Apple,Himachal Pradesh,Kangra,Kangra Wholesale,8679.0,7117.0,9733.0,2027.0,INR/Quintal
2023-04-10,Coffee,Karnataka,Bangalore,Bangalore Wholesale,13555.0,11116.0,15201.0,6618.0,INR/Quintal
2016-09-25,Potato,Uttar Pradesh,Kanpur,Kanpur Wholesale,757.0,621.0,849.0,970.0,INR/Quintal
2019-08-01,Sugarcane,Maharashtra,Mumbai,Mumbai Wholesale,495.0,406.0,555.0,3807.0,INR/Quintal
2020-07-23,Rice,Uttar Pradesh,Varanasi,Varanasi Wholesale,2322.0,1904.0,2604.0,1805.0,INR/Quintal
2023-05-26,Coffee,Kerala,Kozhikode,Kozhikode Wholesale,12686.0,10404.0,14226.0,2034.0,INR/Quintal
2015-04-25,Coconut,Andhra Pradesh,Krishna,Krishna Wholesale,1976.0,1620.0,2216.0,6700.0,INR/Quintal
2023-02-27,Oilseeds,Gujarat,Surat,Surat Wholesale,5394.0,4423.0,6049.0,4469.0,INR/Quintal
2016-11-04,Coffee,Tamil Nadu,Madurai,Madurai Wholesale,17538.0,14383.0,19667.0,751.0,INR/Quintal
2019-10-03,Tea,Kerala,Kozhikode,Kozhikode Wholesale,13749.0,11275.0,15418.0,1650.0,INR/Quintal
2018-06-11,Coconut,Kerala,Ernakulam,Ernakulam Wholesale,2332.0,1912.0,2615.0,3243.0,INR/Quintal
2024-11-20,Apple,Himachal Pradesh,Mandi,Mandi Wholesale,10247.0,8403.0,11491.0,1224.0,INR/Quintal
2023-06-10,Coconut,Kerala,Ernakulam,Ernakulam Wholesale,2505.0,2054.0,2809.0,1001.0,INR/Quintal
2021-03-03,Cotton,Gujarat,Rajkot,Rajkot Wholesale,6869.0,5633.0,7703.0,3904.0,INR/Quintal
2025-04-08,Potato,Uttar Pradesh,Kanpur,Kanpur Wholesale,2130.0,1747.0,2389.0,8805.0,INR/Quintal
2021-04-13,Coffee,Tamil Nadu,Madurai,Madurai Wholesale,14691.0,12048.0,16474.0,4797.0,INR/Quintal
2024-12-09,Rice,Andhra Pradesh,Chittoor,Chittoor Wholesale,1457.0,1195.0,1634.0,4541.0,INR/Quintal
2022-09-06,Coffee,Tamil Nadu,Chennai,Chennai Wholesale,14026.0,11502.0,15729.0,3108.0,INR/Quintal
2023-10-04,Apple,Himachal Pradesh,Shimla,Shimla Wholesale,8347.0,6845.0,9360.0,336.0,INR/Quintal
2015-05-27,Sugarcane,Uttar Pradesh,Kanpur,Kanpur Wholesale,329.0,270.0,369.0,5377.0,INR/Quintal
2020-12-05,Maize,Karnataka,Belgaum,Belgaum Wholesale,1551.0,1272.0,1739.0,2411.0,INR/Quintal
2024-06-15,Tea,Kerala,Thrissur,Thrissur Wholesale,9065.0,7434.0,10165.0,901.0,INR/Quintal
2016-02-16,Cotton,Maharashtra,Pune,Pune Wholesale,4219.0,3460.0,4731.0,2313.0,INR/Quintal
2019-08-15,Oilseeds,Madhya Pradesh,Bhopal,Bhopal Wholesale,4738.0,3886.0,5313.0,2378.0,INR/Quintal
2025-01-03,Potato,West Bengal,Darjeeling,Darjeeling Wholesale,1154.0,946.0,1294.0,1552.0,INR/Quintal
2021-08-07,Potato,Uttar Pradesh,Kanpur,Kanpur Wholesale,810.0,664.0,908.0,2116.0,INR/Quintal
2019-03-13,Coconut,Kerala,Ernakulam,Ernakulam Wholesale,2686.0,2203.0,3012.0,1853.0,INR/Quintal
2015-05-17,Coconut,Karnataka,Hubli,Hubli Wholesale,2686.0,2203.0,3012.0,909.0,INR/Quintal
2023-11-21,Maize,Bihar,Muzaffarpur,Muzaffarpur Wholesale,1513.0,1241.0,1697.0,2193.0,INR/Quintal
2024-03-14,Wheat,Punjab,Patiala,Patiala Wholesale,2202.0,1806.0,2469.0,7696.0,INR/Quintal
2023-03-25,Wheat,Bihar,Purnia,Purnia Wholesale,3032.0,2486.0,3400.0,780.0,INR/Quintal
2024-09-22,Oilseeds,Maharashtra,Mumbai,Mumbai Wholesale,4008.0,3287.0,4495.0,916.0,INR/Quintal
2015-01-19,Coffee,Kerala,Kozhikode,Kozhikode Wholesale,19263.0,15797.0,21602.0,3442.0,INR/Quintal
2021-02-20,Coconut,Andhra Pradesh,Chittoor,Chittoor Wholesale,1827.0,1498.0,2049.0,4794.0,INR/Quintal
2021-07-05,Sugarcane,Maharashtra,Nagpur,Nagpur Wholesale,393.0,322.0,441.0,4109.0,INR/Quintal
2020-05-13,Potato,West Bengal,Darjeeling,Darjeeling Wholesale,944.0,774.0,1059.0,1942.0,INR/Quintal
2021-01-31,Coffee,Karnataka,Hubli,Hubli Wholesale,11712.0,9605.0,13134.0,5208.0,INR/Quintal
2017-09-28,Potato,Bihar,Purnia,Purnia Wholesale,1955.0,1603.0,2192.0,1862.0,INR/Quintal
2016-03-24,Coconut,Kerala,Ernakulam,Ernakulam Wholesale,3048.0,2500.0,3418.0,3376.0,INR/Quintal
2020-05-02,Potato,Bihar,Patna,Patna Wholesale,2222.0,1822.0,2492.0,1052.0,INR/Quintal
2017-08-03,Coffee,Karnataka,Bangalore,Bangalore Wholesale,21250.0,17427.0,23830.0,1158.0,INR/Quintal
2018-10-09,Coconut,Karnataka,Mysore,Mysore Wholesale,2936.0,2408.0,3292.0,3241.0,INR/Quintal
2019-03-03,Apple,Himachal Pradesh,Kangra,Kangra Wholesale,7768.0,6370.0,8711.0,980.0,INR/Quintal
2015-05-21,Maize,Andhra Pradesh,Krishna,Krishna Wholesale,2026.0,1661.0,2272.0,1265.0,INR/Quintal
2022-09-06,Apple,Jammu and Kashmir,Srinagar,Srinagar Wholesale,4890.0,4010.0,5484.0,892.0,INR/Quintal
2020-04-04,Wheat,Punjab,Amritsar,Amritsar Wholesale,2171.0,1780.0,2435.0,5604.0,INR/Quintal
2023-02-25,Pulses,Uttar Pradesh,Lucknow,Lucknow Wholesale,6104.0,5006.0,6845.0,6114.0,INR/Quintal
2015-04-03,Rice,West Bengal,Darjeeling,Darjeeling Wholesale,2750.0,2255.0,3084.0,4549.0,INR/Quintal
2015-08-27,Maize,Andhra Pradesh,Visakhapatnam,Visakhapatnam Wholesale,1860.0,1525.0,2086.0,2443.0,INR/Quintal
2015-07-24,Apple,Himachal Pradesh,Kangra,Kangra Wholesale,7915.0,6491.0,8876.0,1157.0,INR/Quintal
2022-02-20,Tea,Assam,Tinsukia,Tinsukia Wholesale,11785.0,9665.0,13216.0,4695.0,INR/Quintal
2018-12-27,Sugarcane,Uttar Pradesh,Varanasi,Varanasi Wholesale,444.0,364.0,498.0,4354.0,INR/Quintal
2015-09-02,Sugarcane,Karnataka,Hubli,Hubli Wholesale,447.0,367.0,501.0,2524.0,INR/Quintal
2017-04-11,Rice,Uttar Pradesh,Lucknow,Lucknow Wholesale,1385.0,1136.0,1553.0,3215.0,INR/Quintal
2024-04-11,Sugarcane,Maharashtra,Nagpur,Nagpur Wholesale,558.0,458.0,626.0,7239.0,INR/Quintal
2023-02-20,Coffee,Tamil Nadu,Madurai,Madurai Wholesale,16808.0,13784.0,18849.0,845.0,INR/Quintal
2015-10-22,Sugarcane,Maharashtra,Nagpur,Nagpur Wholesale,396.0,325.0,444.0,2894.0,INR/Quintal
2022-05-11,Pulses,Maharashtra,Pune,Pune Wholesale,6817.0,5590.0,7645.0,3330.0,INR/Quintal
2017-05-05,Sugarcane,Uttar Pradesh,Varanasi,Varanasi Wholesale,383.0,314.0,429.0,5550.0,INR/Quintal
2024-03-07,Potato,Bihar,Patna,Patna Wholesale,1433.0,1175.0,1607.0,2757.0,INR/Quintal
2020-08-26,Maize,Andhra Pradesh,Krishna,Krishna Wholesale,1986.0,1629.0,2227.0,3313.0,INR/Quintal
2015-03-12,Coffee,Karnataka,Belgaum,Belgaum Wholesale,9052.0,7423.0,10151.0,846.0,INR/Quintal
2018-07-16,Wheat,Punjab,Ludhiana,Ludhiana Wholesale,2176.0,1784.0,2440.0,2966.0,INR/Quintal
2018-09-10,Sugarcane,Uttar Pradesh,Kanpur,Kanpur Wholesale,375.0,308.0,421.0,4453.0,INR/Quintal
2025-08-01,Oilseeds,Maharashtra,Nagpur,Nagpur Wholesale,6219.0,5100.0,6974.0,1565.0,INR/Quintal
2015-11-01,Oilseeds,Maharashtra,Mumbai,Mumbai Wholesale,2263.0,1856.0,2538.0,815.0,INR/Quintal
2024-08-23,Oilseeds,Maharashtra,Nagpur,Nagpur Wholesale,4290.0,3518.0,4811.0,2631.0,INR/Quintal
2017-10-27,Sugarcane,Tamil Nadu,Coimbatore,Coimbatore Wholesale,469.0,385.0,526.0,3985.0,INR/Quintal
2018-08-30,Tea,West Bengal,Darjeeling,Darjeeling Wholesale,18326.0,15029.0,20551.0,642.0,INR/Quintal
2017-03-27,Apple,Jammu and Kashmir,Srinagar,Srinagar Wholesale,6897.0,5656.0,7734.0,424.0,INR/Quintal
2018-01-31,Potato,Bihar,Gaya,Gaya Wholesale,1509.0,1237.0,1692.0,3655.0,INR/Quintal
2017-03-31,Cotton,Telangana,Warangal,Warangal Wholesale,5133.0,4209.0,5756.0,1902.0,INR/Quintal
2015-07-12,Sugarcane,Tamil Nadu,Coimbatore,Coimbatore Wholesale,355.0,291.0,398.0,2194.0,INR/Quintal
2019-11-12,Tea,Assam,Tinsukia,Tinsukia Wholesale,6610.0,5421.0,7412.0,2881.0,INR/Quintal
2024-12-24,Apple,Jammu and Kashmir,Srinagar,Srinagar Wholesale,8802.0,7218.0,9871.0,558.0,INR/Quintal
2016-06-12,Cotton,Gujarat,Ahmedabad,Ahmedabad Wholesale,5121.0,4200.0,5743.0,4484.0,INR/Quintal
2021-01-27,Rice,Assam,Dibrugarh,Dibrugarh Wholesale,2756.0,2260.0,3091.0,2549.0,INR/Quintal
2024-11-17,Pulses,Uttar Pradesh,Lucknow,Lucknow Wholesale,5172.0,4241.0,5800.0,5830.0,INR/Quintal
2015-09-08,Potato,West Bengal,Howrah,Howrah Wholesale,1196.0,981.0,1341.0,3756.0,INR/Quintal
2019-11-24,Sugarcane,Tamil Nadu,Chennai,Chennai Wholesale,429.0,352.0,481.0,2508.0,INR/Quintal
2024-06-20,Maize,Madhya Pradesh,Bhopal,Bhopal Wholesale,2542.0,2085.0,2851.0,2505.0,INR/Quintal
2023-12-23,Coffee,Karnataka,Mysore,Mysore Wholesale,14368.0,11783.0,16112.0,4242.0,INR/Quintal
2022-02-01,Maize,Telangana,Hyderabad,Hyderabad Wholesale,1935.0,1587.0,2170.0,2193.0,INR/Quintal
2025-02-17,Apple,Jammu and Kashmir,Srinagar,Srinagar Wholesale,4746.0,3892.0,5322.0,766.0,INR/Quintal
2020-07-19,Maize,Telangana,Warangal,Warangal Wholesale,1467.0,1203.0,1645.0,3703.0,INR/Quintal
2021-09-29,Coconut,Tamil Nadu,Chennai,Chennai Wholesale,2607.0,2138.0,2923.0,1884.0,INR/Quintal
2022-10-12,Rice,Telangana,Nizamabad,Nizamabad Wholesale,1668.0,1368.0,1870.0,338.0,INR/Quintal
2018-11-04,Coffee,Karnataka,Hubli,Hubli Wholesale,10452.0,8571.0,11721.0,3992.0,INR/Quintal
2018-03-13,Rice,Chhattisgarh,Raipur,Raipur Wholesale,3046.0,2498.0,3416.0,2911.0,INR/Quintal
2020-09-03,Cotton,Andhra Pradesh,Guntur,Guntur Wholesale,6443.0,5284.0,7225.0,1057.0,INR/Quintal
2025-08-29,Rice,Tamil Nadu,Coimbatore,Coimbatore Wholesale,1650.0,1353.0,1850.0,518.0,INR/Quintal
2022-06-08,Oilseeds,Maharashtra,Pune,Pune Wholesale,2614.0,2144.0,2931.0,2355.0,INR/Quintal
2018-01-01,Pulses,Madhya Pradesh,Bhopal,Bhopal Wholesale,3662.0,3003.0,4107.0,4301.0,INR/Quintal
2022-05-03,Oilseeds,Gujarat,Ahmedabad,Ahmedabad Wholesale,4131.0,3388.0,4633.0,6487.0,INR/Quintal
2020-01-22,Sugarcane,Maharashtra,Pune,Pune Wholesale,460.0,377.0,516.0,2840.0,INR/Quintal
2025-09-09,Cotton,Gujarat,Ahmedabad,Ahmedabad Wholesale,7701.0,6315.0,8636.0,3580.0,INR/Quintal
2023-08-31,Coconut,Tamil Nadu,Chennai,Chennai Wholesale,1598.0,1310.0,1792.0,2026.0,INR/Quintal
2016-05-19,Tea,Kerala,Thrissur,Thrissur Wholesale,10507.0,8617.0,11783.0,3169.0,INR/Quintal
2019-06-10,Cotton,Maharashtra,Nashik,Nashik Wholesale,5840.0,4789.0,6549.0,2606.0,INR/Quintal
2021-07-11,Tea,West Bengal,Howrah,Howrah Wholesale,13661.0,11203.0,15319.0,2638.0,INR/Quintal
2021-10-08,Pulses,Maharashtra,Nashik,Nashik Wholesale,6377.0,5230.0,7151.0,1753.0,INR/Quintal
2021-12-21,Rice,Tamil Nadu,Chennai,Chennai Wholesale,1965.0,1611.0,2204.0,853.0,INR/Quintal
2018-10-19,Rice,Andhra Pradesh,Visakhapatnam,Visakhapatnam Wholesale,1410.0,1156.0,1581.0,1001.0,INR/Quintal
2023-03-14,Coffee,Tamil Nadu,Coimbatore,Coimbatore Wholesale,21771.0,17854.0,24414.0,2585.0,INR/Quintal
2022-05-01,Sugarcane,Karnataka,Belgaum,Belgaum Wholesale,402.0,330.0,451.0,6190.0,INR/Quintal
2025-06-13,Maize,Andhra Pradesh,Krishna,Krishna Wholesale,1942.0,1593.0,2178.0,5815.0,INR/Quintal
2018-05-07,Wheat,Haryana,Karnal,Karnal Wholesale,2405.0,1972.0,2697.0,6801.0,INR/Quintal
2016-12-18,Cotton,Gujarat,Surat,Surat Wholesale,6232.0,5111.0,6989.0,1856.0,INR/Quintal
2024-07-16,Cotton,Andhra Pradesh,Guntur,Guntur Wholesale,8130.0,6667.0,9117.0,2537.0,INR/Quintal
2015-12-05,Sugarcane,Tamil Nadu,Coimbatore,Coimbatore Wholesale,328.0,269.0,368.0,2727.0,INR/Quintal
2016-10-20,Oilseeds,Maharashtra,Mumbai,Mumbai Wholesale,3149.0,2582.0,3531.0,2157.0,INR/Quintal
2017-08-19,Potato,Uttar Pradesh,Kanpur,Kanpur Wholesale,730.0,599.0,819.0,779.0,INR/Quintal
2016-03-04,Sugarcane,Maharashtra,Nagpur,Nagpur Wholesale,393.0,322.0,441.0,4910.0,INR/Quintal
2025-07-21,Wheat,Punjab,Patiala,Patiala Wholesale,2330.0,1911.0,2613.0,1055.0,INR/Quintal
2017-06-17,Rice,Tamil Nadu,Madurai,Madurai Wholesale,2521.0,2067.0,2827.0,4519.0,INR/Quintal
2015-05-19,Tea,Kerala,Thrissur,Thrissur Wholesale,4503.0,3693.0,5050.0,3322.0,INR/Quintal
2025-04-22,Oilseeds,Rajasthan,Udaipur,Udaipur Wholesale,2833.0,2323.0,3177.0,1841.0,INR/Quintal
2023-03-09,Coconut,Kerala,Kozhikode,Kozhikode Wholesale,2313.0,1897.0,2594.0,3549.0,INR/Quintal
2016-06-25,Apple,Himachal Pradesh,Shimla,Shimla Wholesale,8827.0,7239.0,9899.0,774.0,INR/Quintal
2020-10-05,Oilseeds,Rajasthan,Udaipur,Udaipur Wholesale,5373.0,4406.0,6025.0,878.0,INR/Quintal
2018-06-09,Coconut,Tamil Nadu,Chennai,Chennai Wholesale,3257.0,2671.0,3652.0,2105.0,INR/Quintal
2022-05-29,Coffee,Kerala,Thrissur,Thrissur Wholesale,15732.0,12901.0,17642.0,3760.0,INR/Quintal
2021-10-18,Pulses,Madhya Pradesh,Bhopal,Bhopal Wholesale,3705.0,3038.0,4155.0,858.0,INR/Quintal
2016-01-19,Wheat,Uttar Pradesh,Kanpur,Kanpur Wholesale,1860.0,1525.0,2086.0,5231.0,INR/Quintal
2022-02-20,Oilseeds,Gujarat,Surat,Surat Wholesale,4873.0,3996.0,5465.0,2120.0,INR/Quintal
2015-07-13,Wheat,Uttar Pradesh,Kanpur,Kanpur Wholesale,1635.0,1341.0,1833.0,2273.0,INR/Quintal
2025-06-04,Coconut,Karnataka,Hubli,Hubli Wholesale,2080.0,1706.0,2333.0,1716.0,INR/Quintal
2025-03-08,Sugarcane,Uttar Pradesh,Varanasi,Varanasi Wholesale,401.0,329.0,450.0,6635.0,INR/Quintal
2022-01-25,Apple,Jammu and Kashmir,Srinagar,Srinagar Wholesale,6504.0,5334.0,7294.0,1320.0,INR/Quintal
2022-01-09,Tea,Kerala,Ernakulam,Ernakulam Wholesale,7720.0,6331.0,8657.0,3446.0,INR/Quintal
2022-07-26,Tea,Assam,Dibrugarh,Dibrugarh Wholesale,7154.0,5867.0,8023.0,1013.0,INR/Quintal
2022-08-30,Apple,Himachal Pradesh,Kangra,Kangra Wholesale,6730.0,5519.0,7547.0,200.0,INR/Quintal
2021-02-10,Cotton,Telangana,Hyderabad,Hyderabad Wholesale,5963.0,4890.0,6687.0,4039.0,INR/Quintal
2020-03-10,Rice,Punjab,Ludhiana,Ludhiana Wholesale,2386.0,1957.0,2676.0,1983.0,INR/Quintal
2021-05-28,Cotton,Andhra Pradesh,Chittoor,Chittoor Wholesale,7372.0,6046.0,8267.0,2220.0,INR/Quintal
2024-04-29,Oilseeds,Maharashtra,Pune,Pune Wholesale,2969.0,2435.0,3329.0,3072.0,INR/Quintal
2017-01-01,Pulses,Rajasthan,Jaipur,Jaipur Wholesale,5696.0,4671.0,6387.0,3108.0,INR/Quintal
2020-12-03,Coconut,Karnataka,Belgaum,Belgaum Wholesale,1210.0,992.0,1357.0,3648.0,INR/Quintal
2022-11-12,Cotton,Gujarat,Rajkot,Rajkot Wholesale,6448.0,5288.0,7231.0,1356.0,INR/Quintal
2023-07-18,Cotton,Telangana,Hyderabad,Hyderabad Wholesale,7145.0,5859.0,8012.0,2441.0,INR/Quintal
2016-11-15,Cotton,Telangana,Nizamabad,Nizamabad Wholesale,7077.0,5804.0,7936.0,2820.0,INR/Quintal
2015-03-23,Wheat,Rajasthan,Jaipur,Jaipur Wholesale,2074.0,1701.0,2326.0,2048.0,INR/Quintal
2022-11-21,Sugarcane,Uttar Pradesh,Lucknow,Lucknow Wholesale,392.0,321.0,440.0,2049.0,INR/Quintal
2021-07-08,Pulses,Uttar Pradesh,Kanpur,Kanpur Wholesale,5372.0,4405.0,6024.0,4533.0,INR/Quintal
2022-02-17,Coconut,Kerala,Thrissur,Thrissur Wholesale,2168.0,1778.0,2431.0,3275.0,INR/Quintal
2021-07-10,Tea,Kerala,Thrissur,Thrissur Wholesale,10401.0,8530.0,11664.0,578.0,INR/Quintal
2016-06-15,Coffee,Karnataka,Mysore,Mysore Wholesale,11744.0,9631.0,13170.0,3850.0,INR/Quintal
2020-06-06,Wheat,Punjab,Amritsar,Amritsar Wholesale,2301.0,1887.0,2580.0,4047.0,INR/Quintal
2015-08-09,Oilseeds,Madhya Pradesh,Bhopal,Bhopal Wholesale,2450.0,2009.0,2747.0,2304.0,INR/Quintal
2016-09-26,Pulses,Uttar Pradesh,Kanpur,Kanpur Wholesale,5389.0,4419.0,6043.0,1426.0,INR/Quintal
2019-11-05,Tea,Kerala,Ernakulam,Ernakulam Wholesale,11027.0,9043.0,12366.0,1130.0,INR/Quintal
2025-06-01,Pulses,Maharashtra,Pune,Pune Wholesale,4206.0,3449.0,4717.0,3828.0,INR/Quintal
2021-06-28,Potato,West Bengal,Darjeeling,Darjeeling Wholesale,2165.0,1775.0,2428.0,2935.0,INR/Quintal
2020-02-18,Potato,Uttar Pradesh,Kanpur,Kanpur Wholesale,1638.0,1343.0,1837.0,4230.0,INR/Quintal
2015-01-03,Cotton,Maharashtra,Mumbai,Mumbai Wholesale,4948.0,4058.0,5549.0,5766.0,INR/Quintal
2019-09-14,Cotton,Gujarat,Ahmedabad,Ahmedabad Wholesale,4633.0,3799.0,5195.0,2555.0,INR/Quintal
2015-07-25,Apple,Himachal Pradesh,Kangra,Kangra Wholesale,6777.0,5558.0,7600.0,1571.0,INR/Quintal
2020-01-30,Potato,West Bengal,Darjeeling,Darjeeling Wholesale,1219.0,1000.0,1367.0,1505.0,INR/Quintal
2015-02-09,Coconut,Kerala,Ernakulam,Ernakulam Wholesale,2815.0,2309.0,3157.0,3810.0,INR/Quintal
2020-10-07,Coconut,Kerala,Ernakulam,Ernakulam Wholesale,1230.0,1009.0,1379.0,1526.0,INR/Quintal
2023-03-18,Coffee,Kerala,Kozhikode,Kozhikode Wholesale,10502.0,8612.0,11777.0,678.0,INR/Quintal
2022-03-06,Tea,Kerala,Thrissur,Thrissur Wholesale,15783.0,12943.0,17699.0,1617.0,INR/Quintal
2016-10-05,Oilseeds,Rajasthan,Jaipur,Jaipur Wholesale,5041.0,4134.0,5653.0,319.0,INR/Quintal
2019-03-11,Apple,Himachal Pradesh,Mandi,Mandi Wholesale,3867.0,3171.0,4336.0,1661.0,INR/Quintal
2024-12-22,Rice,Odisha,Bhubaneswar,Bhubaneswar Wholesale,3089.0,2533.0,3464.0,1770.0,INR/Quintal
2020-03-22,Rice,Assam,Tinsukia,Tinsukia Wholesale,1659.0,1361.0,1860.0,5141.0,INR/Quintal
2022-11-30,Wheat,Punjab,Ludhiana,Ludhiana Wholesale,2664.0,2185.0,2987.0,5621.0,INR/Quintal
2023-09-29,Coffee,Karnataka,Belgaum,Belgaum Wholesale,25131.0,20609.0,28182.0,3246.0,INR/Quintal
2024-09-20,Coffee,Kerala,Kozhikode,Kozhikode Wholesale,11697.0,9592.0,13117.0,1543.0,INR/Quintal
2022-04-20,Oilseeds,Maharashtra,Mumbai,Mumbai Wholesale,3287.0,2696.0,3686.0,6767.0,INR/Quintal
2020-11-13,Pulses,Uttar Pradesh,Kanpur,Kanpur Wholesale,3533.0,2897.0,3962.0,2169.0,INR/Quintal
2024-07-17,Rice,Assam,Kamrup,Kamrup Wholesale,1381.0,1133.0,1549.0,2056.0,INR/Quintal
2024-01-20,Pulses,Rajasthan,Jodhpur,Jodhpur Wholesale,3923.0,3217.0,4399.0,1826.0,INR/Quintal
2017-06-16,Pulses,Maharashtra,Pune,Pune Wholesale,5726.0,4696.0,6421.0,1652.0,INR/Quintal
2017-12-21,Coffee,Karnataka,Bangalore,Bangalore Wholesale,13502.0,11073.0,15141.0,909.0,INR/Quintal
2018-07-03,Pulses,Rajasthan,Udaipur,Udaipur Wholesale,4883.0,4004.0,5476.0,1792.0,INR/Quintal
2022-02-21,Rice,Uttar Pradesh,Varanasi,Varanasi Wholesale,3117.0,2556.0,3495.0,1775.0,INR/Quintal
2023-01-31,Tea,West Bengal,Kolkata,Kolkata Wholesale,14805.0,12141.0,16602.0,4720.0,INR/Quintal
2021-07-23,Maize,Karnataka,Bangalore,Bangalore Wholesale,1922.0,1576.0,2155.0,4345.0,INR/Quintal
2016-11-01,Pulses,Uttar Pradesh,Varanasi,Varanasi Wholesale,3126.0,2564.0,3505.0,1568.0,INR/Quintal
2023-10-01,Oilseeds,Maharashtra,Nashik,Nashik Wholesale,4593.0,3767.0,5151.0,2520.0,INR/Quintal
2019-02-14,Sugarcane,Tamil Nadu,Chennai,Chennai Wholesale,357.0,293.0,400.0,5300.0,INR/Quintal
2021-06-22,Cotton,Gujarat,Ahmedabad,Ahmedabad Wholesale,7427.0,6091.0,8329.0,2149.0,INR/Quintal
2024-10-15,Oilseeds,Gujarat,Rajkot,Rajkot Wholesale,3522.0,2888.0,3950.0,4124.0,INR/Quintal
2016-12-19,Potato,West Bengal,Howrah,Howrah Wholesale,1557.0,1277.0,1746.0,4948.0,INR/Quintal
2017-12-07,Rice,Assam,Dibrugarh,Dibrugarh Wholesale,2430.0,1993.0,2725.0,774.0,INR/Quintal
2024-07-12,Sugarcane,Uttar Pradesh,Lucknow,Lucknow Wholesale,498.0,408.0,558.0,795.0,INR/Quintal
2020-05-09,Coconut,Tamil Nadu,Coimbatore,Coimbatore Wholesale,1764.0,1447.0,1978.0,6191.0,INR/Quintal
2018-03-05,Cotton,Telangana,Warangal,Warangal Wholesale,5233.0,4291.0,5868.0,5621.0,INR/Quintal
2023-12-17,Apple,Jammu and Kashmir,Srinagar,Srinagar Wholesale,9071.0,7439.0,10172.0,960.0,INR/Quintal
2015-09-07,Oilseeds,Maharashtra,Nashik,Nashik Wholesale,2038.0,1671.0,2285.0,662.0,INR/Quintal
2021-06-19,Sugarcane,Uttar Pradesh,Lucknow,Lucknow Wholesale,386.0,317.0,433.0,4927.0,INR/Quintal
2020-03-07,Maize,Maharashtra,Nashik,Nashik Wholesale,2082.0,1707.0,2335.0,3076.0,INR/Quintal
2024-06-01,Rice,Assam,Dibrugarh,Dibrugarh Wholesale,3345.0,2743.0,3751.0,3772.0,INR/Quintal
2024-08-01,Tea,West Bengal,Howrah,Howrah Wholesale,13081.0,10727.0,14669.0,3319.0,INR/Quintal
2020-01-28,Wheat,Rajasthan,Jaipur,Jaipur Wholesale,2476.0,2031.0,2777.0,2756.0,INR/Quintal
2022-10-25,Coffee,Karnataka,Bangalore,Bangalore Wholesale,19547.0,16030.0,21920.0,1450.0,INR/Quintal
2019-02-12,Maize,Karnataka,Mysore,Mysore Wholesale,1416.0,1161.0,1588.0,5066.0,INR/Quintal
2024-04-08,Potato,Bihar,Purnia,Purnia Wholesale,1819.0,1492.0,2040.0,2269.0,INR/Quintal
2024-10-11,Coconut,Karnataka,Hubli,Hubli Wholesale,3337.0,2737.0,3742.0,545.0,INR/Quintal
2025-05-20,Coffee,Karnataka,Hubli,Hubli Wholesale,28470.0,23348.0,31926.0,3527.0,INR/Quintal
2024-05-19,Tea,Kerala,Ernakulam,Ernakulam Wholesale,6054.0,4965.0,6789.0,2483.0,INR/Quintal
2021-12-07,Maize,Andhra Pradesh,Chittoor,Chittoor Wholesale,2195.0,1800.0,2461.0,4720.0,INR/Quintal
2018-05-19,Cotton,Maharashtra,Mumbai,Mumbai Wholesale,5716.0,4688.0,6410.0,6571.0,INR/Quintal
2025-05-03,Sugarcane,Uttar Pradesh,Kanpur,Kanpur Wholesale,392.0,321.0,440.0,3614.0,INR/Quintal
2015-02-13,Rice,Uttar Pradesh,Lucknow,Lucknow Wholesale,2229.0,1828.0,2500.0,4767.0,INR/Quintal
2024-11-21,Sugarcane,Maharashtra,Pune,Pune Wholesale,404.0,331.0,453.0,2892.0,INR/Quintal
2022-03-03,Pulses,Maharashtra,Nagpur,Nagpur Wholesale,5004.0,4104.0,5611.0,3311.0,INR/Quintal
2016-08-05,Oilseeds,Madhya Pradesh,Bhopal,Bhopal Wholesale,2868.0,2352.0,3216.0,2277.0,INR/Quintal
2023-08-30,Potato,Uttar Pradesh,Varanasi,Varanasi Wholesale,1292.0,1060.0,1449.0,3164.0,INR/Quintal
2018-07-12,Pulses,Uttar Pradesh,Lucknow,Lucknow Wholesale,4881.0,4003.0,5474.0,5881.0,INR/Quintal
2023-01-21,Pulses,Rajasthan,Jaipur,Jaipur Wholesale,5056.0,4146.0,5670.0,2758.0,INR/Quintal
2015-08-08,Potato,Bihar,Muzaffarpur,Muzaffarpur Wholesale,1329.0,1090.0,1490.0,1076.0,INR/Quintal
2020-04-09,Oilseeds,Gujarat,Surat,Surat Wholesale,3123.0,2561.0,3502.0,1877.0,INR/Quintal
2023-02-20,Cotton,Telangana,Hyderabad,Hyderabad Wholesale,7324.0,6006.0,8213.0,2467.0,INR/Quintal
2024-08-14,Coconut,Tamil Nadu,Madurai,Madurai Wholesale,3439.0,2820.0,3856.0,1678.0,INR/Quintal
2021-09-14,Apple,Jammu and Kashmir,Srinagar,Srinagar Wholesale,4862.0,3987.0,5452.0,653.0,INR/Quintal
2024-07-03,Oilseeds,Maharashtra,Nagpur,Nagpur Wholesale,4475.0,3670.0,5018.0,1465.0,INR/Quintal
2022-08-06,Rice,Uttar Pradesh,Lucknow,Lucknow Wholesale,2780.0,2280.0,3117.0,5443.0,INR/Quintal
2017-09-17,Sugarcane,Uttar Pradesh,Lucknow,Lucknow Wholesale,408.0,335.0,458.0,1213.0,INR/Quintal
2023-01-25,Cotton,Andhra Pradesh,Krishna,Krishna Wholesale,6320.0,5183.0,7087.0,4743.0,INR/Quintal
2019-12-18,Wheat,Punjab,Ludhiana,Ludhiana Wholesale,2399.0,1967.0,2690.0,838.0,INR/Quintal
2024-12-26,Apple,Jammu and Kashmir,Srinagar,Srinagar Wholesale,3989.0,3271.0,4473.0,933.0,INR/Quintal
2017-05-07,Sugarcane,Uttar Pradesh,Kanpur,Kanpur Wholesale,377.0,309.0,423.0,3263.0,INR/Quintal
2017-03-14,Cotton,Telangana,Hyderabad,Hyderabad Wholesale,5934.0,4866.0,6654.0,2596.0,INR/Quintal
2016-05-04,Oilseeds,Gujarat,Vadodara,Vadodara Wholesale,2124.0,1742.0,2382.0,3783.0,INR/Quintal
2024-09-26,Potato,Bihar,Muzaffarpur,Muzaffarpur Wholesale,1602.0,1314.0,1796.0,2241.0,INR/Quintal
2019-11-16,Oilseeds,Gujarat,Rajkot,Rajkot Wholesale,4438.0,3640.0,4977.0,3188.0,INR/Quintal
2019-02-02,Apple,Jammu and Kashmir,Srinagar,Srinagar Wholesale,7612.0,6242.0,8536.0,1682.0,INR/Quintal
2024-12-24,Wheat,Punjab,Ludhiana,Ludhiana Wholesale,2049.0,1680.0,2298.0,6451.0,INR/Quintal
2023-03-05,Cotton,Gujarat,Vadodara,Vadodara Wholesale,8645.0,7090.0,9695.0,7005.0,INR/Quintal
2022-12-01,Coconut,Andhra Pradesh,Visakhapatnam,Visakhapatnam Wholesale,2677.0,2195.0,3002.0,4581.0,INR/Quintal
2019-09-02,Rice,West Bengal,Darjeeling,Darjeeling Wholesale,1934.0,1586.0,2169.0,659.0,INR/Quintal
2024-08-17,Oilseeds,Gujarat,Rajkot,Rajkot Wholesale,3489.0,2861.0,3913.0,4286.0,INR/Quintal
2024-02-23,Cotton,Telangana,Hyderabad,Hyderabad Wholesale,7263.0,5956.0,8145.0,5401.0,INR/Quintal
2021-05-03,Sugarcane,Tamil Nadu,Chennai,Chennai Wholesale,510.0,418.0,572.0,4684.0,INR/Quintal
2015-02-23,Wheat,Uttar Pradesh,Varanasi,Varanasi Wholesale,2021.0,1657.0,2266.0,5345.0,INR/Quintal
2022-01-19,Rice,Telangana,Warangal,Warangal Wholesale,2811.0,2305.0,3152.0,1685.0,INR/Quintal
2024-10-31,Cotton,Gujarat,Ahmedabad,Ahmedabad Wholesale,6443.0,5284.0,7225.0,3467.0,INR/Quintal
2016-09-07,Maize,Madhya Pradesh,Bhopal,Bhopal Wholesale,1636.0,1342.0,1835.0,2492.0,INR/Quintal
2017-12-18,Oilseeds,Rajasthan,Udaipur,Udaipur Wholesale,3030.0,2485.0,3398.0,2445.0,INR/Quintal
2020-01-23,Coconut,Kerala,Ernakulam,Ernakulam Wholesale,2773.0,2274.0,3110.0,3064.0,INR/Quintal
2023-07-09,Apple,Jammu and Kashmir,Srinagar,Srinagar Wholesale,5947.0,4877.0,6669.0,465.0,INR/Quintal
2024-01-22,Wheat,Rajasthan,Jodhpur,Jodhpur Wholesale,2147.0,1761.0,2408.0,1699.0,INR/Quintal
2017-08-12,Rice,Bihar,Muzaffarpur,Muzaffarpur Wholesale,1843.0,1511.0,2067.0,2779.0,INR/Quintal
2021-08-30,Rice,Odisha,Bhubaneswar,Bhubaneswar Wholesale,3195.0,2620.0,3583.0,384.0,INR/Quintal
2019-06-18,Apple,Himachal Pradesh,Shimla,Shimla Wholesale,8244.0,6761.0,9245.0,1693.0,INR/Quintal
2022-08-13,Pulses,Maharashtra,Nagpur,Nagpur Wholesale,4845.0,3973.0,5433.0,3801.0,INR/Quintal
2022-07-26,Coffee,Tamil Nadu,Madurai,Madurai Wholesale,21705.0,17800.0,24340.0,1876.0,INR/Quintal
2016-10-11,Wheat,Punjab,Amritsar,Amritsar Wholesale,1622.0,1330.0,1819.0,936.0,INR/Quintal
2021-06-05,Rice,Chhattisgarh,Raipur,Raipur Wholesale,1297.0,1064.0,1454.0,2930.0,INR/Quintal
2016-01-30,Cotton,Andhra Pradesh,Guntur,Guntur Wholesale,4514.0,3702.0,5062.0,1571.0,INR/Quintal
2023-12-23,Pulses,Maharashtra,Nashik,Nashik Wholesale,4153.0,3406.0,4657.0,2819.0,INR/Quintal
2018-09-21,Coffee,Tamil Nadu,Chennai,Chennai Wholesale,9375.0,7688.0,10513.0,2836.0,INR/Quintal
2022-03-25,Coconut,Tamil Nadu,Madurai,Madurai Wholesale,2810.0,2304.0,3151.0,5972.0,INR/Quintal
2025-05-29,Sugarcane,Maharashtra,Nagpur,Nagpur Wholesale,507.0,416.0,569.0,6549.0,INR/Quintal
2022-01-05,Apple,Himachal Pradesh,Mandi,Mandi Wholesale,8303.0,6809.0,9311.0,1660.0,INR/Quintal
2023-11-24,Cotton,Telangana,Hyderabad,Hyderabad Wholesale,7521.0,6168.0,8434.0,2021.0,INR/Quintal
2021-09-09,Oilseeds,Rajasthan,Jodhpur,Jodhpur Wholesale,5039.0,4132.0,5651.0,2116.0,INR/Quintal
2016-01-06,Coffee,Karnataka,Mysore,Mysore Wholesale,11881.0,9743.0,13323.0,3838.0,INR/Quintal
2017-05-07,Coconut,Karnataka,Belgaum,Belgaum Wholesale,2379.0,1951.0,2668.0,3926.0,INR/Quintal
2017-03-01,Coconut,Tamil Nadu,Chennai,Chennai Wholesale,2290.0,1878.0,2568.0,3508.0,INR/Quintal
2016-10-19,Coconut,Andhra Pradesh,Krishna,Krishna Wholesale,2974.0,2439.0,3335.0,1934.0,INR/Quintal
2024-04-12,Coconut,Kerala,Thrissur,Thrissur Wholesale,1860.0,1525.0,2086.0,2683.0,INR/Quintal
2022-08-15,Wheat,Bihar,Purnia,Purnia Wholesale,1886.0,1547.0,2115.0,1585.0,INR/Quintal
2018-10-24,Oilseeds,Maharashtra,Nagpur,Nagpur Wholesale,4317.0,3540.0,4841.0,1969.0,INR/Quintal
2016-01-19,Tea,Kerala,Kozhikode,Kozhikode Wholesale,11496.0,9428.0,12892.0,4574.0,INR/Quintal
2020-10-10,Tea,Kerala,Kozhikode,Kozhikode Wholesale,8106.0,6648.0,9090.0,1192.0,INR/Quintal
2025-08-13,Wheat,Bihar,Gaya,Gaya Wholesale,2692.0,2208.0,3019.0,1224.0,INR/Quintal
2021-12-27,Sugarcane,Uttar Pradesh,Lucknow,Lucknow Wholesale,365.0,299.0,409.0,3139.0,INR/Quintal
2015-08-27,Coffee,Kerala,Kozhikode,Kozhikode Wholesale,19521.0,16009.0,21891.0,1870.0,INR/Quintal
2015-07-14,Pulses,Rajasthan,Jodhpur,Jodhpur Wholesale,3330.0,2731.0,3734.0,2737.0,INR/Quintal
2022-06-18,Maize,Maharashtra,Nashik,Nashik Wholesale,1534.0,1258.0,1720.0,5259.0,INR/Quintal
2024-01-07,Apple,Jammu and Kashmir,Srinagar,Srinagar Wholesale,4090.0,3354.0,4587.0,1973.0,INR/Quintal
2020-10-09,Rice,Uttar Pradesh,Varanasi,Varanasi Wholesale,2133.0,1749.0,2392.0,4847.0,INR/Quintal
2018-02-26,Maize,Karnataka,Bangalore,Bangalore Wholesale,1414.0,1160.0,1586.0,6433.0,INR/Quintal
2023-04-26,Apple,Himachal Pradesh,Mandi,Mandi Wholesale,9171.0,7521.0,10284.0,981.0,INR/Quintal
2022-06-25,Tea,Assam,Tinsukia,Tinsukia Wholesale,16926.0,13881.0,18981.0,2050.0,INR/Quintal
2020-07-08,Tea,Assam,Tinsukia,Tinsukia Wholesale,8743.0,7170.0,9804.0,1519.0,INR/Quintal
2015-06-05,Sugarcane,Tamil Nadu,Chennai,Chennai Wholesale,394.0,323.0,442.0,2440.0,INR/Quintal
2024-06-11,Maize,Karnataka,Mysore,Mysore Wholesale,1578.0,1294.0,1770.0,3779.0,INR/Quintal
2025-02-10,Maize,Bihar,Patna,Patna Wholesale,2063.0,1692.0,2313.0,2908.0,INR/Quintal
2025-07-19,Pulses,Maharashtra,Pune,Pune Wholesale,5042.0,4135.0,5654.0,3617.0,INR/Quintal
2017-07-11,Sugarcane,Karnataka,Hubli,Hubli Wholesale,354.0,290.0,397.0,2076.0,INR/Quintal
2022-12-25,Sugarcane,Maharashtra,Nashik,Nashik Wholesale,480.0,394.0,538.0,2470.0,INR/Quintal
2023-01-29,Coconut,Kerala,Thrissur,Thrissur Wholesale,1563.0,1282.0,1753.0,1922.0,INR/Quintal
2025-07-28,Coconut,Andhra Pradesh,Visakhapatnam,Visakhapatnam Wholesale,3538.0,2901.0,3968.0,4199.0,INR/Quintal
2019-05-29,Wheat,Punjab,Ludhiana,Ludhiana Wholesale,2425.0,1989.0,2719.0,5528.0,INR/Quintal
2023-05-05,Coconut,Karnataka,Bangalore,Bangalore Wholesale,3003.0,2463.0,3368.0,6177.0,INR/Quintal
2024-08-09,Oilseeds,Gujarat,Surat,Surat Wholesale,6104.0,5006.0,6845.0,3772.0,INR/Quintal
2017-09-01,Sugarcane,Maharashtra,Nashik,Nashik Wholesale,468.0,384.0,525.0,2444.0,INR/Quintal
2018-05-15,Sugarcane,Uttar Pradesh,Lucknow,Lucknow Wholesale,417.0,342.0,468.0,2744.0,INR/Quintal
2021-09-01,Cotton,Andhra Pradesh,Chittoor,Chittoor Wholesale,6474.0,5309.0,7260.0,2967.0,INR/Quintal
2024-09-21,Coffee,Karnataka,Hubli,Hubli Wholesale,16798.0,13776.0,18837.0,2903.0,INR/Quintal
2019-12-20,Coffee,Karnataka,Belgaum,Belgaum Wholesale,20435.0,16758.0,22916.0,2848.0,INR/Quintal
2023-01-13,Coconut,Andhra Pradesh,Chittoor,Chittoor Wholesale,2575.0,2112.0,2888.0,2118.0,INR/Quintal
2017-04-17,Potato,West Bengal,Kolkata,Kolkata Wholesale,2013.0,1651.0,2257.0,4168.0,INR/Quintal
2020-06-30,Maize,Bihar,Patna,Patna Wholesale,1654.0,1356.0,1855.0,1642.0,INR/Quintal
2018-09-25,Rice,Uttar Pradesh,Kanpur,Kanpur Wholesale,1766.0,1448.0,1980.0,4966.0,INR/Quintal
2021-07-15,Maize,Madhya Pradesh,Bhopal,Bhopal Wholesale,1789.0,1467.0,2006.0,2264.0,INR/Quintal
2015-07-23,Apple,Jammu and Kashmir,Srinagar,Srinagar Wholesale,7030.0,5765.0,7883.0,617.0,INR/Quintal
2015-06-10,Wheat,Uttar Pradesh,Lucknow,Lucknow Wholesale,1599.0,1311.0,1793.0,2206.0,INR/Quintal
2024-11-20,Wheat,Haryana,Faridabad,Faridabad Wholesale,2484.0,2037.0,2786.0,4433.0,INR/Quintal
2016-01-27,Wheat,Bihar,Purnia,Purnia Wholesale,1985.0,1628.0,2226.0,4238.0,INR/Quintal
2017-02-07,Oilseeds,Madhya Pradesh,Bhopal,Bhopal Wholesale,2353.0,1930.0,2639.0,3212.0,INR/Quintal
2025-04-06,Rice,Tamil Nadu,Coimbatore,Coimbatore Wholesale,2368.0,1942.0,2655.0,4524.0,INR/Quintal
2022-03-07,Coffee,Tamil Nadu,Coimbatore,Coimbatore Wholesale,16278.0,13349.0,18254.0,4601.0,INR/Quintal
2022-01-25,Pulses,Maharashtra,Pune,Pune Wholesale,3866.0,3170.0,4335.0,3170.0,INR/Quintal
2017-12-29,Coffee,Tamil Nadu,Chennai,Chennai Wholesale,14217.0,11659.0,15943.0,5190.0,INR/Quintal
2023-01-19,Oilseeds,Rajasthan,Jaipur,Jaipur Wholesale,6048.0,4960.0,6782.0,2139.0,INR/Quintal
2016-02-09,Wheat,Madhya Pradesh,Bhopal,Bhopal Wholesale,2553.0,2094.0,2863.0,596.0,INR/Quintal
2016-08-30,Oilseeds,Gujarat,Ahmedabad,Ahmedabad Wholesale,3703.0,3037.0,4153.0,1837.0,INR/Quintal
2025-04-04,Coffee,Kerala,Ernakulam,Ernakulam Wholesale,18436.0,15119.0,20674.0,1095.0,INR/Quintal
2019-06-03,Pulses,Maharashtra,Pune,Pune Wholesale,4319.0,3542.0,4843.0,2776.0,INR/Quintal
2019-03-21,Potato,Uttar Pradesh,Lucknow,Lucknow Wholesale,2235.0,1833.0,2506.0,6313.0,INR/Quintal
2022-11-15,Rice,Uttar Pradesh,Kanpur,Kanpur Wholesale,1874.0,1537.0,2102.0,768.0,INR/Quintal
2023-09-27,Coconut,Kerala,Kozhikode,Kozhikode Wholesale,2363.0,1938.0,2650.0,2473.0,INR/Quintal
2020-01-12,Oilseeds,Gujarat,Surat,Surat Wholesale,2310.0,1894.0,2590.0,4480.0,INR/Quintal
2016-11-20,Apple,Jammu and Kashmir,Srinagar,Srinagar Wholesale,4889.0,4009.0,5483.0,622.0,INR/Quintal
2025-04-17,Coconut,Andhra Pradesh,Chittoor,Chittoor Wholesale,1486.0,1219.0,1666.0,2873.0,INR/Quintal
2023-01-28,Coffee,Tamil Nadu,Madurai,Madurai Wholesale,19939.0,16352.0,22360.0,3283.0,INR/Quintal
2018-05-25,Rice,Telangana,Nizamabad,Nizamabad Wholesale,2313.0,1897.0,2594.0,1673.0,INR/Quintal
2020-10-04,Coffee,Karnataka,Hubli,Hubli Wholesale,18806.0,15422.0,21089.0,423.0,INR/Quintal
2016-01-01,Coffee,Kerala,Ernakulam,Ernakulam Wholesale,11781.0,9661.0,13211.0,570.0,INR/Quintal
2019-09-19,Pulses,Maharashtra,Pune,Pune Wholesale,6098.0,5001.0,6838.0,1920.0,INR/Quintal
2024-10-15,Potato,West Bengal,Darjeeling,Darjeeling Wholesale,641.0,526.0,719.0,862.0,INR/Quintal
2025-06-12,Rice,Odisha,Bhubaneswar,Bhubaneswar Wholesale,2167.0,1777.0,2430.0,541.0,INR/Quintal
2025-07-05,Apple,Jammu and Kashmir,Srinagar,Srinagar Wholesale,8187.0,6714.0,9181.0,1485.0,INR/Quintal
2016-03-30,Wheat,Madhya Pradesh,Bhopal,Bhopal Wholesale,2480.0,2034.0,2781.0,1803.0,INR/Quintal
2015-04-14,Rice,Punjab,Patiala,Patiala Wholesale,1469.0,1205.0,1647.0,5223.0,INR/Quintal
2015-03-18,Apple,Jammu and Kashmir,Srinagar,Srinagar Wholesale,5706.0,4679.0,6399.0,680.0,INR/Quintal
2015-08-18,Sugarcane,Tamil Nadu,Madurai,Madurai Wholesale,381.0,312.0,427.0,578.0,INR/Quintal
2020-04-21,Wheat,Rajasthan,Jaipur,Jaipur Wholesale,2730.0,2239.0,3061.0,3397.0,INR/Quintal
2024-02-12,Rice,Bihar,Purnia,Purnia Wholesale,1398.0,1146.0,1568.0,1338.0,INR/Quintal
2024-02-18,Coconut,Karnataka,Bangalore,Bangalore Wholesale,2348.0,1926.0,2633.0,853.0,INR/Quintal
2021-07-06,Cotton,Andhra Pradesh,Krishna,Krishna Wholesale,5366.0,4401.0,6017.0,3205.0,INR/Quintal
2018-04-20,Cotton,Gujarat,Rajkot,Rajkot Wholesale,4430.0,3633.0,4968.0,848.0,INR/Quintal
2017-06-11,Coffee,Tamil Nadu,Madurai,Madurai Wholesale,9833.0,8064.0,11027.0,2710.0,INR/Quintal
2025-07-06,Wheat,Uttar Pradesh,Lucknow,Lucknow Wholesale,3219.0,2640.0,3610.0,2295.0,INR/Quintal
2019-04-23,Rice,Uttar Pradesh,Lucknow,Lucknow Wholesale,1601.0,1313.0,1795.0,3661.0,INR/Quintal
2022-06-28,Coffee,Karnataka,Bangalore,Bangalore Wholesale,25582.0,20979.0,28688.0,569.0,INR/Quintal
2020-09-05,Maize,Karnataka,Mysore,Mysore Wholesale,1616.0,1325.0,1812.0,3726.0,INR/Quintal
2024-03-01,Coffee,Kerala,Thrissur,Thrissur Wholesale,24353.0,19971.0,27309.0,2939.0,INR/Quintal
2019-08-03,Oilseeds,Rajasthan,Jaipur,Jaipur Wholesale,4440.0,3641.0,4979.0,1594.0,INR/Quintal
2015-10-26,Cotton,Andhra Pradesh,Guntur,Guntur Wholesale,4340.0,3559.0,4867.0,3107.0,INR/Quintal
2017-08-14,Maize,Telangana,Nizamabad,Nizamabad Wholesale,1889.0,1549.0,2118.0,2724.0,INR/Quintal
2022-10-17,Tea,West Bengal,Howrah,Howrah Wholesale,11885.0,9747.0,13328.0,2634.0,INR/Quintal
2018-01-19,Apple,Himachal Pradesh,Shimla,Shimla Wholesale,5894.0,4834.0,6610.0,2260.0,INR/Quintal
2021-12-02,Oilseeds,Rajasthan,Udaipur,Udaipur Wholesale,3918.0,3213.0,4394.0,1764.0,INR/Quintal
2022-03-05,Wheat,Madhya Pradesh,Bhopal,Bhopal Wholesale,2326.0,1907.0,2608.0,2258.0,INR/Quintal
2021-11-10,Coffee,Kerala,Kozhikode,Kozhikode Wholesale,18844.0,15454.0,21132.0,2859.0,INR/Quintal
2019-01-14,Cotton,Telangana,Nizamabad,Nizamabad Wholesale,7062.0,5791.0,7919.0,4548.0,INR/Quintal
2015-12-31,Coconut,Tamil Nadu,Madurai,Madurai Wholesale,1658.0,1360.0,1859.0,1232.0,INR/Quintal
2022-12-16,Potato,Bihar,Muzaffarpur,Muzaffarpur Wholesale,2283.0,1872.0,2560.0,2942.0,INR/Quintal
2019-08-26,Apple,Jammu and Kashmir,Srinagar,Srinagar Wholesale,8615.0,7065.0,9661.0,1059.0,INR/Quintal
2015-12-17,Cotton,Gujarat,Rajkot,Rajkot Wholesale,4122.0,3380.0,4622.0,1051.0,INR/Quintal
2025-03-15,Pulses,Madhya Pradesh,Bhopal,Bhopal Wholesale,3958.0,3246.0,4439.0,4871.0,INR/Quintal
2024-07-03,Cotton,Telangana,Warangal,Warangal Wholesale,6700.0,5495.0,7513.0,2173.0,INR/Quintal
2021-04-19,Potato,Bihar,Purnia,Purnia Wholesale,1635.0,1341.0,1833.0,4289.0,INR/Quintal
2022-09-29,Potato,West Bengal,Darjeeling,Darjeeling Wholesale,1109.0,909.0,1244.0,1003.0,INR/Quintal
2020-03-19,Coffee,Karnataka,Hubli,Hubli Wholesale,14058.0,11529.0,15765.0,2417.0,INR/Quintal
2022-10-21,Wheat,Haryana,Karnal,Karnal Wholesale,2636.0,2162.0,2956.0,1082.0,INR/Quintal
2017-10-08,Potato,Bihar,Muzaffarpur,Muzaffarpur Wholesale,1487.0,1219.0,1668.0,1249.0,INR/Quintal
2021-11-11,Cotton,Andhra Pradesh,Guntur,Guntur Wholesale,5312.0,4356.0,5957.0,2770.0,INR/Quintal
2025-04-28,Wheat,Uttar Pradesh,Kanpur,Kanpur Wholesale,3100.0,2542.0,3476.0,8034.0,INR/Quintal
2023-02-12,Rice,Assam,Dibrugarh,Dibrugarh Wholesale,2926.0,2400.0,3281.0,2925.0,INR/Quintal
2016-05-13,Cotton,Telangana,Nizamabad,Nizamabad Wholesale,5240.0,4297.0,5876.0,1656.0,INR/Quintal
2017-08-07,Sugarcane,Tamil Nadu,Coimbatore,Coimbatore Wholesale,427.0,350.0,479.0,571.0,INR/Quintal
2020-06-17,Coffee,Karnataka,Hubli,Hubli Wholesale,11830.0,9702.0,13266.0,3629.0,INR/Quintal
2020-08-08,Oilseeds,Madhya Pradesh,Bhopal,Bhopal Wholesale,3915.0,3211.0,4390.0,1416.0,INR/Quintal
2016-05-22,Coffee,Tamil Nadu,Chennai,Chennai Wholesale,9812.0,8047.0,11003.0,6236.0,INR/Quintal
2018-08-20,Potato,West Bengal,Kolkata,Kolkata Wholesale,613.0,503.0,687.0,3264.0,INR/Quintal
2021-12-23,Apple,Himachal Pradesh,Mandi,Mandi Wholesale,6090.0,4994.0,6829.0,2069.0,INR/Quintal
2022-10-21,Coconut,Andhra Pradesh,Visakhapatnam,Visakhapatnam Wholesale,1575.0,1292.0,1766.0,493.0,INR/Quintal
2022-03-30,Tea,Kerala,Ernakulam,Ernakulam Wholesale,12344.0,10123.0,13843.0,4160.0,INR/Quintal
2015-06-15,Pulses,Uttar Pradesh,Kanpur,Kanpur Wholesale,5022.0,4118.0,5632.0,2064.0,INR/Quintal
2024-07-18,Sugarcane,Maharashtra,Nagpur,Nagpur Wholesale,409.0,335.0,459.0,3465.0,INR/Quintal
2021-11-14,Potato,Punjab,Ludhiana,Ludhiana Wholesale,634.0,520.0,711.0,3205.0,INR/Quintal
2017-07-08,Cotton,Gujarat,Vadodara,Vadodara Wholesale,6761.0,5545.0,7582.0,3134.0,INR/Quintal
2015-04-24,Wheat,Rajasthan,Jodhpur,Jodhpur Wholesale,1502.0,1232.0,1684.0,970.0,INR/Quintal
2024-08-05,Sugarcane,Tamil Nadu,Chennai,Chennai Wholesale,447.0,367.0,501.0,2081.0,INR/Quintal
2017-09-18,Tea,West Bengal,Darjeeling,Darjeeling Wholesale,12651.0,10375.0,14187.0,513.0,INR/Quintal
2024-05-20,Oilseeds,Rajasthan,Jaipur,Jaipur Wholesale,5659.0,4641.0,6346.0,551.0,INR/Quintal
2020-05-05,Wheat,Punjab,Patiala,Patiala Wholesale,2689.0,2205.0,3015.0,5968.0,INR/Quintal
2025-04-24,Pulses,Madhya Pradesh,Bhopal,Bhopal Wholesale,6727.0,5517.0,7544.0,4820.0,INR/Quintal
2021-03-04,Maize,Andhra Pradesh,Chittoor,Chittoor Wholesale,1708.0,1401.0,1915.0,6237.0,INR/Quintal
2025-07-06,Pulses,Maharashtra,Nashik,Nashik Wholesale,6709.0,5502.0,7523.0,2885.0,INR/Quintal
2018-06-12,Coffee,Kerala,Ernakulam,Ernakulam Wholesale,11945.0,9796.0,13395.0,601.0,INR/Quintal
2024-08-14,Sugarcane,Uttar Pradesh,Lucknow,Lucknow Wholesale,422.0,346.0,473.0,780.0,INR/Quintal
2024-05-19,Coffee,Tamil Nadu,Madurai,Madurai Wholesale,17573.0,14411.0,19706.0,1531.0,INR/Quintal
2016-05-29,Potato,West Bengal,Kolkata,Kolkata Wholesale,1564.0,1283.0,1754.0,6187.0,INR/Quintal
2018-05-16,Rice,Bihar,Purnia,Purnia Wholesale,1206.0,989.0,1352.0,2638.0,INR/Quintal
2016-12-09,Potato,Uttar Pradesh,Kanpur,Kanpur Wholesale,608.0,499.0,682.0,6443.0,INR/Quintal
2025-09-29,Oilseeds,Maharashtra,Nashik,Nashik Wholesale,5658.0,4640.0,6345.0,3343.0,INR/Quintal
2023-10-02,Coconut,Kerala,Kozhikode,Kozhikode Wholesale,3372.0,2765.0,3781.0,1909.0,INR/Quintal
2020-12-25,Sugarcane,Uttar Pradesh,Varanasi,Varanasi Wholesale,449.0,368.0,504.0,7148.0,INR/Quintal
2015-12-05,Apple,Himachal Pradesh,Kangra,Kangra Wholesale,5659.0,4641.0,6346.0,768.0,INR/Quintal
2022-01-28,Apple,Himachal Pradesh,Mandi,Mandi Wholesale,9619.0,7888.0,10787.0,1465.0,INR/Quintal
2015-03-09,Rice,Uttar Pradesh,Lucknow,Lucknow Wholesale,2458.0,2016.0,2756.0,8563.0,INR/Quintal
2019-05-16,Wheat,Punjab,Patiala,Patiala Wholesale,2329.0,1910.0,2612.0,5146.0,INR/Quintal
2019-04-14,Rice,Andhra Pradesh,Guntur,Guntur Wholesale,1836.0,1506.0,2059.0,2432.0,INR/Quintal
2016-01-18,Oilseeds,Maharashtra,Nagpur,Nagpur Wholesale,2672.0,2191.0,2996.0,2153.0,INR/Quintal
2015-01-19,Cotton,Telangana,Warangal,Warangal Wholesale,5256.0,4310.0,5894.0,4024.0,INR/Quintal
2022-06-23,Coffee,Kerala,Kozhikode,Kozhikode Wholesale,13845.0,11354.0,15526.0,446.0,INR/Quintal
2024-08-22,Tea,West Bengal,Darjeeling,Darjeeling Wholesale,12790.0,10489.0,14343.0,3757.0,INR/Quintal
2020-10-22,Potato,West Bengal,Howrah,Howrah Wholesale,1464.0,1201.0,1642.0,475.0,INR/Quintal
2016-07-26,Sugarcane,Uttar Pradesh,Lucknow,Lucknow Wholesale,335.0,275.0,376.0,4258.0,INR/Quintal
2023-03-06,Coconut,Tamil Nadu,Coimbatore,Coimbatore Wholesale,3239.0,2656.0,3632.0,4607.0,INR/Quintal
2025-03-25,Oilseeds,Rajasthan,Jodhpur,Jodhpur Wholesale,3168.0,2598.0,3553.0,2824.0,INR/Quintal
2018-07-23,Maize,Karnataka,Belgaum,Belgaum Wholesale,1832.0,1502.0,2054.0,2463.0,INR/Quintal
2023-07-17,Tea,West Bengal,Howrah,Howrah Wholesale,18540.0,15204.0,20791.0,4054.0,INR/Quintal
2021-03-08,Oilseeds,Gujarat,Vadodara,Vadodara Wholesale,4077.0,3343.0,4572.0,5409.0,INR/Quintal
2022-12-12,Maize,Bihar,Patna,Patna Wholesale,1889.0,1549.0,2118.0,4018.0,INR/Quintal
2020-04-27,Maize,Maharashtra,Nagpur,Nagpur Wholesale,1926.0,1579.0,2160.0,1670.0,INR/Quintal
2016-10-12,Maize,Telangana,Warangal,Warangal Wholesale,2110.0,1730.0,2366.0,483.0,INR/Quintal
2019-07-04,Cotton,Gujarat,Vadodara,Vadodara Wholesale,7808.0,6403.0,8756.0,641.0,INR/Quintal
2017-09-20,Rice,Assam,Cachar,Cachar Wholesale,2398.0,1967.0,2689.0,651.0,INR/Quintal
2022-07-05,Apple,Jammu and Kashmir,Srinagar,Srinagar Wholesale,8430.0,6913.0,9453.0,1191.0,INR/Quintal
2022-01-31,Pulses,Rajasthan,Udaipur,Udaipur Wholesale,3683.0,3020.0,4130.0,2192.0,INR/Quintal
2025-05-08,Potato,West Bengal,Howrah,Howrah Wholesale,2367.0,1941.0,2654.0,4915.0,INR/Quintal
2023-12-07,Maize,Maharashtra,Mumbai,Mumbai Wholesale,2671.0,2190.0,2995.0,1772.0,INR/Quintal
2018-08-31,Oilseeds,Maharashtra,Nashik,Nashik Wholesale,4061.0,3330.0,4554.0,2070.0,INR/Quintal
2017-06-19,Wheat,Uttar Pradesh,Varanasi,Varanasi Wholesale,2389.0,1959.0,2679.0,6747.0,INR/Quintal
2024-12-13,Wheat,Uttar Pradesh,Lucknow,Lucknow Wholesale,2556.0,2096.0,2866.0,7066.0,INR/Quintal
2019-08-12,Apple,Jammu and Kashmir,Srinagar,Srinagar Wholesale,4963.0,4070.0,5566.0,1376.0,INR/Quintal
2022-09-28,Sugarcane,Uttar Pradesh,Varanasi,Varanasi Wholesale,518.0,425.0,581.0,4391.0,INR/Quintal
2019-05-05,Coffee,Tamil Nadu,Madurai,Madurai Wholesale,16132.0,13229.0,18090.0,4550.0,INR/Quintal
2020-04-07,Maize,Telangana,Warangal,Warangal Wholesale,2046.0,1678.0,2294.0,5229.0,INR/Quintal
2019-11-17,Oilseeds,Maharashtra,Nashik,Nashik Wholesale,4455.0,3653.0,4996.0,4104.0,INR/Quintal
2018-02-10,Maize,Maharashtra,Nashik,Nashik Wholesale,2241.0,1838.0,2513.0,7849.0,INR/Quintal
2021-01-26,Cotton,Telangana,Nizamabad,Nizamabad Wholesale,7311.0,5996.0,8199.0,633.0,INR/Quintal
2024-09-09,Coffee,Karnataka,Mysore,Mysore Wholesale,14715.0,12067.0,16501.0,3578.0,INR/Quintal
2025-04-07,Maize,Andhra Pradesh,Guntur,Guntur Wholesale,2167.0,1777.0,2430.0,4537.0,INR/Quintal
2020-04-28,Potato,Punjab,Patiala,Patiala Wholesale,2266.0,1858.0,2541.0,1896.0,INR/Quintal
2017-11-03,Wheat,Madhya Pradesh,Bhopal,Bhopal Wholesale,2178.0,1786.0,2442.0,998.0,INR/Quintal
2019-10-05,Maize,Bihar,Gaya,Gaya Wholesale,2395.0,1964.0,2686.0,3209.0,INR/Quintal
2015-10-15,Potato,Bihar,Purnia,Purnia Wholesale,1720.0,1411.0,1929.0,2056.0,INR/Quintal
2021-02-14,Potato,Punjab,Amritsar,Amritsar Wholesale,1769.0,1451.0,1984.0,9302.0,INR/Quintal
2023-02-09,Rice,Andhra Pradesh,Krishna,Krishna Wholesale,2106.0,1727.0,2362.0,1555.0,INR/Quintal
2023-11-01,Potato,Uttar Pradesh,Varanasi,Varanasi Wholesale,1186.0,973.0,1330.0,3004.0,INR/Quintal
2019-05-10,Coffee,Tamil Nadu,Chennai,Chennai Wholesale,16727.0,13717.0,18758.0,2522.0,INR/Quintal
2022-07-04,Wheat,Bihar,Patna,Patna Wholesale,2338.0,1917.0,2622.0,2399.0,INR/Quintal
2019-10-12,Coconut,Karnataka,Mysore,Mysore Wholesale,2909.0,2386.0,3262.0,2728.0,INR/Quintal
2023-01-14,Sugarcane,Karnataka,Mysore,Mysore Wholesale,513.0,421.0,575.0,4399.0,INR/Quintal
2021-11-23,Cotton,Telangana,Nizamabad,Nizamabad Wholesale,5825.0,4777.0,6532.0,387.0,INR/Quintal
2018-01-03,Wheat,Uttar Pradesh,Lucknow,Lucknow Wholesale,2401.0,1969.0,2692.0,1553.0,INR/Quintal
2021-05-13,Oilseeds,Gujarat,Ahmedabad,Ahmedabad Wholesale,4111.0,3371.0,4610.0,908.0,INR/Quintal
2017-07-28,Sugarcane,Karnataka,Hubli,Hubli Wholesale,369.0,303.0,414.0,4105.0,INR/Quintal
2025-03-05,Potato,Punjab,Patiala,Patiala Wholesale,1455.0,1193.0,1632.0,3724.0,INR/Quintal
2024-05-07,Maize,Andhra Pradesh,Krishna,Krishna Wholesale,2661.0,2182.0,2984.0,2969.0,INR/Quintal
2018-12-19,Rice,Chhattisgarh,Raipur,Raipur Wholesale,1874.0,1537.0,2102.0,1769.0,INR/Quintal
2016-07-24,Sugarcane,Karnataka,Belgaum,Belgaum Wholesale,353.0,289.0,396.0,4041.0,INR/Quintal
2024-10-22,Oilseeds,Maharashtra,Nagpur,Nagpur Wholesale,3880.0,3182.0,4351.0,542.0,INR/Quintal
2022-12-14,Oilseeds,Madhya Pradesh,Bhopal,Bhopal Wholesale,3199.0,2623.0,3587.0,827.0,INR/Quintal
2017-09-27,Sugarcane,Tamil Nadu,Chennai,Chennai Wholesale,405.0,332.0,454.0,2759.0,INR/Quintal
2018-04-20,Rice,Tamil Nadu,Madurai,Madurai Wholesale,1411.0,1157.0,1582.0,6704.0,INR/Quintal
2021-11-10,Potato,West Bengal,Howrah,Howrah Wholesale,2037.0,1670.0,2284.0,3172.0,INR/Quintal
2017-07-06,Coconut,Kerala,Ernakulam,Ernakulam Wholesale,1538.0,1261.0,1725.0,1139.0,INR/Quintal
2020-02-18,Coffee,Kerala,Kozhikode,Kozhikode Wholesale,17453.0,14313.0,19572.0,2862.0,INR/Quintal
2017-04-12,Oilseeds,Madhya Pradesh,Bhopal,Bhopal Wholesale,2518.0,2065.0,2824.0,4926.0,INR/Quintal
2023-08-02,Potato,Punjab,Ludhiana,Ludhiana Wholesale,2440.0,2001.0,2736.0,3194.0,INR/Quintal
2022-11-26,Coffee,Karnataka,Hubli,Hubli Wholesale,17908.0,14686.0,20082.0,2039.0,INR/Quintal
2024-02-14,Coffee,Kerala,Ernakulam,Ernakulam Wholesale,22690.0,18608.0,25445.0,2243.0,INR/Quintal
2021-02-18,Oilseeds,Madhya Pradesh,Bhopal,Bhopal Wholesale,5081.0,4167.0,5698.0,4890.0,INR/Quintal
2019-08-06,Coconut,Andhra Pradesh,Krishna,Krishna Wholesale,2719.0,2230.0,3049.0,3318.0,INR/Quintal
2016-09-07,Sugarcane,Uttar Pradesh,Varanasi,Varanasi Wholesale,437.0,358.0,490.0,3772.0,INR/Quintal
2016-02-10,Coffee,Tamil Nadu,Coimbatore,Coimbatore Wholesale,9008.0,7387.0,10102.0,2140.0,INR/Quintal
2019-10-16,Maize,Madhya Pradesh,Bhopal,Bhopal Wholesale,2104.0,1725.0,2359.0,1787.0,INR/Quintal
2025-06-22,Wheat,Uttar Pradesh,Kanpur,Kanpur Wholesale,2296.0,1883.0,2575.0,3158.0,INR/Quintal
2023-03-10,Cotton,Gujarat,Rajkot,Rajkot Wholesale,7883.0,6465.0,8840.0,2466.0,INR/Quintal
2022-07-31,Oilseeds,Gujarat,Ahmedabad,Ahmedabad Wholesale,5893.0,4833.0,6608.0,4621.0,INR/Quintal
2015-04-03,Tea,West Bengal,Kolkata,Kolkata Wholesale,16818.0,13792.0,18860.0,3082.0,INR/Quintal
2021-10-13,Coffee,Tamil Nadu,Coimbatore,Coimbatore Wholesale,10514.0,8622.0,11790.0,1443.0,INR/Quintal
2016-10-15,Pulses,Maharashtra,Pune,Pune Wholesale,4232.0,3471.0,4746.0,4516.0,INR/Quintal
2024-08-06,Apple,Himachal Pradesh,Kangra,Kangra Wholesale,6736.0,5524.0,7554.0,514.0,INR/Quintal
2024-07-07,Maize,Bihar,Purnia,Purnia Wholesale,1679.0,1377.0,1883.0,3277.0,INR/Quintal
2016-03-09,Tea,Assam,Kamrup,Kamrup Wholesale,6161.0,5052.0,6909.0,3575.0,INR/Quintal
2018-02-09,Potato,Uttar Pradesh,Varanasi,Varanasi Wholesale,1174.0,963.0,1317.0,8772.0,INR/Quintal
2016-01-10,Cotton,Telangana,Nizamabad,Nizamabad Wholesale,7186.0,5893.0,8058.0,4393.0,INR/Quintal
2023-07-28,Rice,Telangana,Hyderabad,Hyderabad Wholesale,2651.0,2174.0,2973.0,2810.0,INR/Quintal
2017-12-02,Coffee,Tamil Nadu,Madurai,Madurai Wholesale,15570.0,12769.0,17460.0,2107.0,INR/Quintal
2015-07-26,Coconut,Kerala,Ernakulam,Ernakulam Wholesale,1942.0,1593.0,2178.0,1856.0,INR/Quintal
2017-02-18,Apple,Himachal Pradesh,Mandi,Mandi Wholesale,7359.0,6035.0,8252.0,2992.0,INR/Quintal
2018-08-12,Rice,West Bengal,Kolkata,Kolkata Wholesale,3176.0,2605.0,3562.0,492.0,INR/Quintal
2018-02-15,Coconut,Karnataka,Bangalore,Bangalore Wholesale,2373.0,1946.0,2661.0,5646.0,INR/Quintal
2016-06-15,Cotton,Andhra Pradesh,Guntur,Guntur Wholesale,4321.0,3544.0,4846.0,1960.0,INR/Quintal
2024-01-07,Maize,Telangana,Warangal,Warangal Wholesale,2150.0,1763.0,2411.0,1379.0,INR/Quintal
2021-01-22,Maize,Telangana,Warangal,Warangal Wholesale,2587.0,2122.0,2901.0,1599.0,INR/Quintal
2022-05-14,Cotton,Andhra Pradesh,Chittoor,Chittoor Wholesale,6246.0,5122.0,7004.0,1061.0,INR/Quintal
2023-11-02,Maize,Maharashtra,Mumbai,Mumbai Wholesale,2224.0,1824.0,2494.0,5485.0,INR/Quintal
2023-11-30,Apple,Jammu and Kashmir,Srinagar,Srinagar Wholesale,4381.0,3593.0,4913.0,1501.0,INR/Quintal
2015-03-31,Coffee,Kerala,Thrissur,Thrissur Wholesale,9694.0,7950.0,10871.0,2959.0,INR/Quintal
2018-01-22,Cotton,Maharashtra,Mumbai,Mumbai Wholesale,7220.0,5921.0,8097.0,5558.0,INR/Quintal
2015-01-13,Oilseeds,Maharashtra,Pune,Pune Wholesale,2901.0,2379.0,3253.0,4492.0,INR/Quintal
2023-04-09,Pulses,Madhya Pradesh,Bhopal,Bhopal Wholesale,4856.0,3982.0,5446.0,4185.0,INR/Quintal
2020-02-01,Potato,Bihar,Patna,Patna Wholesale,1243.0,1019.0,1394.0,5419.0,INR/Quintal
2017-03-15,Wheat,Punjab,Amritsar,Amritsar Wholesale,2614.0,2144.0,2931.0,3018.0,INR/Quintal
2017-08-02,Coconut,Kerala,Thrissur,Thrissur Wholesale,1239.0,1016.0,1389.0,1521.0,INR/Quintal
2022-08-21,Apple,Himachal Pradesh,Shimla,Shimla Wholesale,9442.0,7743.0,10588.0,1242.0,INR/Quintal
2020-02-01,Sugarcane,Karnataka,Hubli,Hubli Wholesale,404.0,331.0,453.0,6794.0,INR/Quintal
2025-08-11,Pulses,Uttar Pradesh,Lucknow,Lucknow Wholesale,7213.0,5915.0,8089.0,3966.0,INR/Quintal
2024-08-10,Wheat,Haryana,Hisar,Hisar Wholesale,3165.0,2596.0,3549.0,4704.0,INR/Quintal
2024-11-18,Sugarcane,Karnataka,Hubli,Hubli Wholesale,447.0,367.0,501.0,4028.0,INR/Quintal
2019-05-30,Rice,Andhra Pradesh,Visakhapatnam,Visakhapatnam Wholesale,1410.0,1156.0,1581.0,4305.0,INR/Quintal
2023-01-02,Pulses,Rajasthan,Jodhpur,Jodhpur Wholesale,4257.0,3491.0,4774.0,3640.0,INR/Quintal
2020-05-13,Tea,West Bengal,Darjeeling,Darjeeling Wholesale,17371.0,14246.0,19480.0,2781.0,INR/Quintal
2025-08-18,Pulses,Rajasthan,Jaipur,Jaipur Wholesale,4465.0,3662.0,5007.0,1143.0,INR/Quintal
2023-10-27,Coconut,Kerala,Thrissur,Thrissur Wholesale,1886.0,1547.0,2115.0,2377.0,INR/Quintal
2022-05-31,Maize,Madhya Pradesh,Bhopal,Bhopal Wholesale,1699.0,1393.0,1905.0,1017.0,INR/Quintal
2023-06-07,Coffee,Kerala,Ernakulam,Ernakulam Wholesale,15212.0,12475.0,17059.0,1501.0,INR/Quintal
2017-11-18,Coffee,Tamil Nadu,Madurai,Madurai Wholesale,8955.0,7344.0,10042.0,3028.0,INR/Quintal
2015-10-23,Wheat,Bihar,Gaya,Gaya Wholesale,2357.0,1933.0,2643.0,1769.0,INR/Quintal
2023-04-22,Maize,Maharashtra,Nagpur,Nagpur Wholesale,2555.0,2095.0,2865.0,7752.0,INR/Quintal
2017-07-14,Rice,Bihar,Patna,Patna Wholesale,1935.0,1587.0,2170.0,4091.0,INR/Quintal
2025-05-20,Coffee,Tamil Nadu,Madurai,Madurai Wholesale,18951.0,15541.0,21252.0,3493.0,INR/Quintal
2016-10-01,Potato,West Bengal,Darjeeling,Darjeeling Wholesale,1507.0,1236.0,1690.0,2382.0,INR/Quintal
2021-07-15,Rice,Bihar,Muzaffarpur,Muzaffarpur Wholesale,2948.0,2418.0,3306.0,3197.0,INR/Quintal
2016-09-19,Maize,Andhra Pradesh,Visakhapatnam,Visakhapatnam Wholesale,1772.0,1453.0,1987.0,2148.0,INR/Quintal
2021-10-22,Maize,Maharashtra,Nagpur,Nagpur Wholesale,2018.0,1655.0,2263.0,1304.0,INR/Quintal
2018-03-13,Wheat,Punjab,Patiala,Patiala Wholesale,2323.0,1905.0,2605.0,7530.0,INR/Quintal
2017-07-30,Oilseeds,Gujarat,Ahmedabad,Ahmedabad Wholesale,4356.0,3572.0,4885.0,3896.0,INR/Quintal
2017-04-09,Coffee,Karnataka,Mysore,Mysore Wholesale,14179.0,11628.0,15900.0,2221.0,INR/Quintal
2019-11-06,Maize,Bihar,Patna,Patna Wholesale,1714.0,1406.0,1922.0,3611.0,INR/Quintal
2022-01-10,Maize,Andhra Pradesh,Krishna,Krishna Wholesale,1778.0,1458.0,1994.0,4501.0,INR/Quintal
2017-09-02,Potato,West Bengal,Howrah,Howrah Wholesale,1403.0,1151.0,1573.0,1204.0,INR/Quintal
2023-07-14,Pulses,Maharashtra,Nashik,Nashik Wholesale,5060.0,4150.0,5674.0,3795.0,INR/Quintal
2017-08-12,Pulses,Maharashtra,Nashik,Nashik Wholesale,4898.0,4017.0,5493.0,1493.0,INR/Quintal
2018-06-16,Maize,Karnataka,Bangalore,Bangalore Wholesale,1751.0,1436.0,1964.0,1863.0,INR/Quintal
2017-08-09,Apple,Jammu and Kashmir,Srinagar,Srinagar Wholesale,7615.0,6245.0,8539.0,1278.0,INR/Quintal
2017-08-01,Rice,Tamil Nadu,Chennai,Chennai Wholesale,1215.0,996.0,1363.0,3813.0,INR/Quintal
2021-01-11,Potato,Punjab,Patiala,Patiala Wholesale,1603.0,1315.0,1798.0,2857.0,INR/Quintal
2018-04-19,Rice,Uttar Pradesh,Kanpur,Kanpur Wholesale,2345.0,1923.0,2630.0,8837.0,INR/Quintal
2023-12-31,Sugarcane,Uttar Pradesh,Lucknow,Lucknow Wholesale,443.0,363.0,497.0,2362.0,INR/Quintal
2020-11-05,Oilseeds,Maharashtra,Nashik,Nashik Wholesale,3753.0,3078.0,4209.0,1136.0,INR/Quintal
2024-02-10,Pulses,Uttar Pradesh,Varanasi,Varanasi Wholesale,6859.0,5625.0,7692.0,1440.0,INR/Quintal
2019-03-15,Pulses,Uttar Pradesh,Varanasi,Varanasi Wholesale,4303.0,3529.0,4825.0,3100.0,INR/Quintal
2018-01-01,Potato,Uttar Pradesh,Kanpur,Kanpur Wholesale,1970.0,1616.0,2209.0,3853.0,INR/Quintal
2023-02-26,Apple,Jammu and Kashmir,Srinagar,Srinagar Wholesale,9277.0,7608.0,10403.0,2355.0,INR/Quintal
2015-06-28,Apple,Himachal Pradesh,Mandi,Mandi Wholesale,6878.0,5640.0,7713.0,795.0,INR/Quintal
2021-03-09,Cotton,Telangana,Hyderabad,Hyderabad Wholesale,7456.0,6114.0,8361.0,2509.0,INR/Quintal
2020-01-03,Coconut,Karnataka,Hubli,Hubli Wholesale,2560.0,2099.0,2871.0,4812.0,INR/Quintal
2018-06-11,Rice,Chhattisgarh,Raipur,Raipur Wholesale,2235.0,1833.0,2506.0,1302.0,INR/Quintal
2016-04-09,Coffee,Karnataka,Belgaum,Belgaum Wholesale,22207.0,18211.0,24903.0,4961.0,INR/Quintal
2019-11-10,Potato,Uttar Pradesh,Varanasi,Varanasi Wholesale,1035.0,849.0,1161.0,3117.0,INR/Quintal
2024-01-08,Wheat,Uttar Pradesh,Varanasi,Varanasi Wholesale,2101.0,1723.0,2356.0,2387.0,INR/Quintal
2022-05-02,Cotton,Telangana,Nizamabad,Nizamabad Wholesale,5884.0,4825.0,6598.0,3936.0,INR/Quintal
2022-11-12,Tea,West Bengal,Darjeeling,Darjeeling Wholesale,16184.0,13272.0,18149.0,581.0,INR/Quintal
2024-02-18,Rice,Punjab,Ludhiana,Ludhiana Wholesale,1740.0,1427.0,1951.0,3431.0,INR/Quintal
2018-05-15,Cotton,Andhra Pradesh,Krishna,Krishna Wholesale,7332.0,6013.0,8222.0,2902.0,INR/Quintal
2022-04-08,Potato,Uttar Pradesh,Lucknow,Lucknow Wholesale,1351.0,1108.0,1515.0,4841.0,INR/Quintal
2017-06-03,Coffee,Tamil Nadu,Coimbatore,Coimbatore Wholesale,18327.0,15030.0,20552.0,3915.0,INR/Quintal
2025-06-02,Wheat,Haryana,Karnal,Karnal Wholesale,2274.0,1865.0,2550.0,3594.0,INR/Quintal
2021-08-10,Oilseeds,Maharashtra,Mumbai,Mumbai Wholesale,3469.0,2845.0,3890.0,3055.0,INR/Quintal
2021-05-12,Cotton,Andhra Pradesh,Chittoor,Chittoor Wholesale,4930.0,4043.0,5529.0,4390.0,INR/Quintal
2021-08-24,Oilseeds,Madhya Pradesh,Bhopal,Bhopal Wholesale,3272.0,2683.0,3669.0,1291.0,INR/Quintal
2025-06-11,Maize,Andhra Pradesh,Chittoor,Chittoor Wholesale,2197.0,1802.0,2464.0,5643.0,INR/Quintal
2018-08-25,Pulses,Maharashtra,Nagpur,Nagpur Wholesale,6364.0,5219.0,7137.0,4620.0,INR/Quintal
2019-07-13,Sugarcane,Tamil Nadu,Chennai,Chennai Wholesale,401.0,329.0,450.0,2916.0,INR/Quintal
2024-02-22,Pulses,Maharashtra,Nagpur,Nagpur Wholesale,6247.0,5123.0,7005.0,1347.0,INR/Quintal
2017-08-02,Tea,West Bengal,Howrah,Howrah Wholesale,11800.0,9677.0,13233.0,2207.0,INR/Quintal
2025-07-23,Apple,Himachal Pradesh,Shimla,Shimla Wholesale,4625.0,3793.0,5186.0,565.0,INR/Quintal
2023-08-02,Coconut,Kerala,Kozhikode,Kozhikode Wholesale,2489.0,2041.0,2791.0,1584.0,INR/Quintal
2022-10-28,Coffee,Tamil Nadu,Chennai,Chennai Wholesale,10105.0,8287.0,11332.0,1098.0,INR/Quintal
2024-05-14,Wheat,Punjab,Patiala,Patiala Wholesale,3027.0,2482.0,3394.0,6326.0,INR/Quintal
2017-07-13,Oilseeds,Madhya Pradesh,Bhopal,Bhopal Wholesale,4515.0,3703.0,5063.0,586.0,INR/Quintal
2020-04-22,Potato,Punjab,Patiala,Patiala Wholesale,1228.0,1007.0,1377.0,9051.0,INR/Quintal
2016-05-08,Oilseeds,Rajasthan,Jodhpur,Jodhpur Wholesale,4038.0,3311.0,4528.0,1110.0,INR/Quintal
2019-03-27,Coffee,Karnataka,Mysore,Mysore Wholesale,11512.0,9441.0,12910.0,4966.0,INR/Quintal
2023-09-05,Coconut,Andhra Pradesh,Visakhapatnam,Visakhapatnam Wholesale,2982.0,2445.0,3344.0,3886.0,INR/Quintal
2020-05-23,Potato,West Bengal,Kolkata,Kolkata Wholesale,1994.0,1635.0,2236.0,2044.0,INR/Quintal
2017-12-30,Potato,Uttar Pradesh,Varanasi,Varanasi Wholesale,1837.0,1506.0,2060.0,7057.0,INR/Quintal
2021-08-08,Tea,Assam,Dibrugarh,Dibrugarh Wholesale,9254.0,7589.0,10377.0,1332.0,INR/Quintal
2022-03-02,Coffee,Kerala,Thrissur,Thrissur Wholesale,13510.0,11079.0,15150.0,5015.0,INR/Quintal
2019-12-31,Cotton,Andhra Pradesh,Guntur,Guntur Wholesale,6232.0,5111.0,6989.0,5845.0,INR/Quintal
2017-02-01,Coconut,Kerala,Kozhikode,Kozhikode Wholesale,3112.0,2552.0,3490.0,1357.0,INR/Quintal
2021-05-12,Pulses,Madhya Pradesh,Bhopal,Bhopal Wholesale,6799.0,5576.0,7624.0,3901.0,INR/Quintal
2015-02-19,Coconut,Karnataka,Bangalore,Bangalore Wholesale,1719.0,1410.0,1928.0,1899.0,INR/Quintal
2024-05-22,Apple,Himachal Pradesh,Mandi,Mandi Wholesale,9638.0,7904.0,10808.0,873.0,INR/Quintal
2022-08-07,Maize,Maharashtra,Nagpur,Nagpur Wholesale,2567.0,2105.0,2879.0,845.0,INR/Quintal
2017-06-24,Coconut,Andhra Pradesh,Guntur,Guntur Wholesale,1613.0,1323.0,1809.0,1445.0,INR/Quintal
2023-02-23,Oilseeds,Maharashtra,Nagpur,Nagpur Wholesale,5569.0,4567.0,6245.0,5478.0,INR/Quintal
2016-07-17,Cotton,Telangana,Nizamabad,Nizamabad Wholesale,4948.0,4058.0,5549.0,1929.0,INR/Quintal
2017-02-21,Maize,Karnataka,Mysore,Mysore Wholesale,1636.0,1342.0,1835.0,5625.0,INR/Quintal
2021-12-07,Wheat,Bihar,Gaya,Gaya Wholesale,2005.0,1644.0,2248.0,1994.0,INR/Quintal
2023-08-22,Sugarcane,Maharashtra,Nagpur,Nagpur Wholesale,466.0,382.0,523.0,4675.0,INR/Quintal
2025-08-12,Apple,Himachal Pradesh,Kangra,Kangra Wholesale,10320.0,8463.0,11573.0,268.0,INR/Quintal
2025-02-26,Oilseeds,Gujarat,Rajkot,Rajkot Wholesale,4659.0,3821.0,5225.0,1184.0,INR/Quintal
2020-08-02,Tea,Kerala,Ernakulam,Ernakulam Wholesale,6453.0,5292.0,7236.0,2165.0,INR/Quintal
2020-01-06,Maize,Karnataka,Bangalore,Bangalore Wholesale,1670.0,1370.0,1873.0,5685.0,INR/Quintal
2016-08-06,Potato,Bihar,Purnia,Purnia Wholesale,1385.0,1136.0,1553.0,3020.0,INR/Quintal
2018-08-12,Cotton,Andhra Pradesh,Visakhapatnam,Visakhapatnam Wholesale,6267.0,5139.0,7028.0,2402.0,INR/Quintal
2015-08-24,Pulses,Maharashtra,Pune,Pune Wholesale,4731.0,3880.0,5305.0,1649.0,INR/Quintal
2020-10-04,Coconut,Kerala,Ernakulam,Ernakulam Wholesale,1327.0,1088.0,1488.0,332.0,INR/Quintal
2020-04-26,Coconut,Kerala,Ernakulam,Ernakulam Wholesale,2884.0,2365.0,3234.0,2814.0,INR/Quintal
2015-12-26,Tea,Kerala,Thrissur,Thrissur Wholesale,12685.0,10403.0,14225.0,2112.0,INR/Quintal
2020-04-14,Oilseeds,Rajasthan,Jodhpur,Jodhpur Wholesale,4061.0,3330.0,4554.0,1807.0,INR/Quintal
2015-04-20,Coffee,Karnataka,Bangalore,Bangalore Wholesale,18289.0,14998.0,20509.0,4298.0,INR/Quintal
2015-07-11,Cotton,Telangana,Hyderabad,Hyderabad Wholesale,6742.0,5529.0,7560.0,2891.0,INR/Quintal
2017-06-22,Tea,Assam,Cachar,Cachar Wholesale,12112.0,9933.0,13582.0,2923.0,INR/Quintal
2018-01-21,Sugarcane,Karnataka,Mysore,Mysore Wholesale,437.0,358.0,490.0,2131.0,INR/Quintal
2017-05-11,Coconut,Andhra Pradesh,Guntur,Guntur Wholesale,2589.0,2123.0,2903.0,4325.0,INR/Quintal
2022-02-28,Oilseeds,Madhya Pradesh,Bhopal,Bhopal Wholesale,3366.0,2760.0,3775.0,1179.0,INR/Quintal
2017-12-19,Wheat,Madhya Pradesh,Bhopal,Bhopal Wholesale,2208.0,1811.0,2476.0,838.0,INR/Quintal
2016-10-11,Pulses,Maharashtra,Nashik,Nashik Wholesale,5692.0,4668.0,6383.0,3884.0,INR/Quintal
2015-02-08,Wheat,Bihar,Muzaffarpur,Muzaffarpur Wholesale,1796.0,1473.0,2014.0,4563.0,INR/Quintal
2024-11-20,Maize,Andhra Pradesh,Visakhapatnam,Visakhapatnam Wholesale,2663.0,2184.0,2986.0,4035.0,INR/Quintal
2023-07-18,Coffee,Kerala,Kozhikode,Kozhikode Wholesale,19151.0,15705.0,21476.0,807.0,INR/Quintal
2024-07-23,Coconut,Kerala,Kozhikode,Kozhikode Wholesale,2345.0,1923.0,2630.0,3139.0,INR/Quintal
2016-09-28,Maize,Telangana,Nizamabad,Nizamabad Wholesale,1878.0,1540.0,2106.0,692.0,INR/Quintal
2017-11-02,Pulses,Madhya Pradesh,Bhopal,Bhopal Wholesale,4458.0,3656.0,4999.0,3002.0,INR/Quintal
2015-02-05,Cotton,Maharashtra,Nashik,Nashik Wholesale,6514.0,5342.0,7305.0,3416.0,INR/Quintal
2020-11-18,Coconut,Tamil Nadu,Coimbatore,Coimbatore Wholesale,2259.0,1853.0,2533.0,911.0,INR/Quintal
2025-08-01,Maize,Andhra Pradesh,Guntur,Guntur Wholesale,2732.0,2240.0,3064.0,1590.0,INR/Quintal
2023-08-24,Coffee,Tamil Nadu,Coimbatore,Coimbatore Wholesale,16631.0,13639.0,18650.0,1072.0,INR/Quintal
2024-10-27,Rice,Chhattisgarh,Raipur,Raipur Wholesale,2947.0,2417.0,3305.0,1403.0,INR/Quintal
2024-01-08,Rice,Assam,Dibrugarh,Dibrugarh Wholesale,3804.0,3120.0,4266.0,4392.0,INR/Quintal
2018-09-23,Tea,Kerala,Ernakulam,Ernakulam Wholesale,6347.0,5205.0,7118.0,1106.0,INR/Quintal
2020-06-06,Tea,West Bengal,Howrah,Howrah Wholesale,17067.0,13996.0,19139.0,3580.0,INR/Quintal
2015-06-15,Oilseeds,Gujarat,Surat,Surat Wholesale,2417.0,1982.0,2710.0,5415.0,INR/Quintal
2021-08-27,Tea,Assam,Dibrugarh,Dibrugarh Wholesale,15799.0,12956.0,17717.0,1975.0,INR/Quintal
2020-02-23,Apple,Jammu and Kashmir,Srinagar,Srinagar Wholesale,6880.0,5642.0,7715.0,1073.0,INR/Quintal
2024-06-09,Sugarcane,Maharashtra,Nashik,Nashik Wholesale,560.0,459.0,628.0,6446.0,INR/Quintal
2024-09-12,Tea,West Bengal,Howrah,Howrah Wholesale,20817.0,17072.0,23344.0,1034.0,INR/Quintal
2022-10-08,Coconut,Andhra Pradesh,Guntur,Guntur Wholesale,1391.0,1141.0,1560.0,2536.0,INR/Quintal
2025-03-02,Sugarcane,Maharashtra,Pune,Pune Wholesale,417.0,342.0,468.0,6904.0,INR/Quintal
2015-01-31,Tea,West Bengal,Darjeeling,Darjeeling Wholesale,13214.0,10837.0,14818.0,636.0,INR/Quintal
2024-06-08,Wheat,Madhya Pradesh,Bhopal,Bhopal Wholesale,2563.0,2102.0,2874.0,2927.0,INR/Quintal
2015-01-11,Apple,Jammu and Kashmir,Srinagar,Srinagar Wholesale,3843.0,3152.0,4310.0,782.0,INR/Quintal
2020-07-04,Apple,Jammu and Kashmir,Srinagar,Srinagar Wholesale,4194.0,3439.0,4703.0,430.0,INR/Quintal
2024-03-27,Potato,West Bengal,Howrah,Howrah Wholesale,1709.0,1402.0,1916.0,2479.0,INR/Quintal
2020-11-13,Sugarcane,Tamil Nadu,Chennai,Chennai Wholesale,353.0,289.0,396.0,4535.0,INR/Quintal
2023-12-06,Cotton,Andhra Pradesh,Visakhapatnam,Visakhapatnam Wholesale,8210.0,6733.0,9207.0,5416.0,INR/Quintal
2021-11-05,Oilseeds,Gujarat,Ahmedabad,Ahmedabad Wholesale,5217.0,4278.0,5850.0,1491.0,INR/Quintal
2021-02-17,Pulses,Uttar Pradesh,Varanasi,Varanasi Wholesale,6320.0,5183.0,7087.0,1940.0,INR/Quintal
2016-04-30,Sugarcane,Tamil Nadu,Madurai,Madurai Wholesale,311.0,255.0,349.0,2964.0,INR/Quintal
2018-07-13,Maize,Telangana,Hyderabad,Hyderabad Wholesale,1360.0,1115.0,1525.0,2422.0,INR/Quintal
2018-12-18,Potato,Punjab,Amritsar,Amritsar Wholesale,1444.0,1184.0,1619.0,6603.0,INR/Quintal
2023-10-05,Wheat,Punjab,Patiala,Patiala Wholesale,3093.0,2536.0,3468.0,5382.0,INR/Quintal
2021-04-04,Rice,Assam,Cachar,Cachar Wholesale,1988.0,1630.0,2229.0,3911.0,INR/Quintal
2020-04-27,Apple,Himachal Pradesh,Mandi,Mandi Wholesale,5973.0,4898.0,6698.0,2013.0,INR/Quintal
2024-05-19,Wheat,Rajasthan,Jodhpur,Jodhpur Wholesale,2076.0,1702.0,2328.0,918.0,INR/Quintal
2020-05-17,Tea,West Bengal,Darjeeling,Darjeeling Wholesale,16206.0,13290.0,18173.0,1054.0,INR/Quintal
2023-09-19,Oilseeds,Rajasthan,Jaipur,Jaipur Wholesale,4886.0,4007.0,5479.0,1559.0,INR/Quintal
2020-01-26,Apple,Jammu and Kashmir,Srinagar,Srinagar Wholesale,4033.0,3307.0,4523.0,1346.0,INR/Quintal
2019-01-09,Potato,Bihar,Purnia,Purnia Wholesale,1345.0,1103.0,1508.0,4954.0,INR/Quintal
2018-09-28,Maize,Telangana,Warangal,Warangal Wholesale,2035.0,1669.0,2282.0,1230.0,INR/Quintal
2023-10-22,Sugarcane,Uttar Pradesh,Kanpur,Kanpur Wholesale,464.0,381.0,520.0,753.0,INR/Quintal
2023-08-03,Wheat,Uttar Pradesh,Kanpur,Kanpur Wholesale,2696.0,2211.0,3023.0,2672.0,INR/Quintal
2024-02-01,Potato,West Bengal,Howrah,Howrah Wholesale,2190.0,1796.0,2456.0,6737.0,INR/Quintal
2022-08-14,Sugarcane,Tamil Nadu,Chennai,Chennai Wholesale,487.0,399.0,546.0,3322.0,INR/Quintal
2017-09-17,Coconut,Tamil Nadu,Chennai,Chennai Wholesale,2366.0,1940.0,2653.0,502.0,INR/Quintal
2024-10-01,Oilseeds,Maharashtra,Nashik,Nashik Wholesale,5792.0,4750.0,6495.0,4269.0,INR/Quintal
2017-04-04,Coconut,Tamil Nadu,Chennai,Chennai Wholesale,2969.0,2435.0,3329.0,3634.0,INR/Quintal
2019-01-02,Apple,Jammu and Kashmir,Srinagar,Srinagar Wholesale,5538.0,4542.0,6210.0,985.0,INR/Quintal
2020-11-23,Pulses,Uttar Pradesh,Kanpur,Kanpur Wholesale,4048.0,3320.0,4539.0,2627.0,INR/Quintal
2021-02-06,Rice,Telangana,Nizamabad,Nizamabad Wholesale,3110.0,2550.0,3488.0,3603.0,INR/Quintal
2021-02-09,Oilseeds,Madhya Pradesh,Bhopal,Bhopal Wholesale,3117.0,2556.0,3495.0,2910.0,INR/Quintal
2015-08-14,Coconut,Karnataka,Bangalore,Bangalore Wholesale,2858.0,2344.0,3205.0,2813.0,INR/Quintal
2017-02-15,Tea,West Bengal,Howrah,Howrah Wholesale,6651.0,5454.0,7458.0,4270.0,INR/Quintal
2022-10-08,Coffee,Karnataka,Bangalore,Bangalore Wholesale,25363.0,20800.0,28442.0,935.0,INR/Quintal
2018-01-17,Pulses,Madhya Pradesh,Bhopal,Bhopal Wholesale,5197.0,4262.0,5828.0,1525.0,INR/Quintal
2016-11-18,Tea,Assam,Dibrugarh,Dibrugarh Wholesale,13130.0,10768.0,14724.0,2914.0,INR/Quintal
2016-06-13,Coconut,Karnataka,Bangalore,Bangalore Wholesale,1851.0,1518.0,2076.0,3833.0,INR/Quintal
2024-06-04,Wheat,Bihar,Patna,Patna Wholesale,3164.0,2595.0,3548.0,2518.0,INR/Quintal
2017-08-29,Pulses,Rajasthan,Jodhpur,Jodhpur Wholesale,3904.0,3202.0,4378.0,685.0,INR/Quintal
2017-07-24,Tea,Assam,Tinsukia,Tinsukia Wholesale,8102.0,6644.0,9086.0,364.0,INR/Quintal
2018-11-23,Pulses,Rajasthan,Jodhpur,Jodhpur Wholesale,3438.0,2819.0,3855.0,1133.0,INR/Quintal
2020-11-23,Oilseeds,Rajasthan,Jaipur,Jaipur Wholesale,5545.0,4547.0,6218.0,444.0,INR/Quintal
2018-07-18,Apple,Himachal Pradesh,Mandi,Mandi Wholesale,6331.0,5192.0,7100.0,1135.0,INR/Quintal
2020-06-21,Potato,Bihar,Gaya,Gaya Wholesale,1739.0,1426.0,1950.0,4198.0,INR/Quintal
2022-11-18,Rice,Chhattisgarh,Raipur,Raipur Wholesale,2874.0,2357.0,3223.0,1062.0,INR/Quintal
2019-03-07,Rice,Andhra Pradesh,Chittoor,Chittoor Wholesale,3079.0,2525.0,3453.0,6731.0,INR/Quintal
2016-11-09,Tea,Assam,Dibrugarh,Dibrugarh Wholesale,11999.0,9840.0,13456.0,2496.0,INR/Quintal
2024-11-05,Tea,Assam,Kamrup,Kamrup Wholesale,13488.0,11061.0,15125.0,723.0,INR/Quintal
2022-12-06,Pulses,Maharashtra,Pune,Pune Wholesale,6208.0,5091.0,6962.0,4421.0,INR/Quintal
2023-07-01,Wheat,Madhya Pradesh,Bhopal,Bhopal Wholesale,2791.0,2289.0,3130.0,804.0,INR/Quintal
2021-09-06,Tea,Kerala,Ernakulam,Ernakulam Wholesale,7285.0,5974.0,8169.0,1930.0,INR/Quintal
2015-02-09,Pulses,Maharashtra,Nagpur,Nagpur Wholesale,3329.0,2730.0,3733.0,1871.0,INR/Quintal
2022-05-31,Cotton,Gujarat,Vadodara,Vadodara Wholesale,5112.0,4192.0,5733.0,3127.0,INR/Quintal
2024-01-03,Coconut,Kerala,Ernakulam,Ernakulam Wholesale,2220.0,1821.0,2490.0,2806.0,INR/Quintal
2025-05-30,Rice,Odisha,Bhubaneswar,Bhubaneswar Wholesale,2595.0,2128.0,2910.0,752.0,INR/Quintal
2023-04-17,Coconut,Andhra Pradesh,Krishna,Krishna Wholesale,2767.0,2269.0,3103.0,1799.0,INR/Quintal
2018-01-10,Tea,Kerala,Kozhikode,Kozhikode Wholesale,14303.0,11730.0,16039.0,1786.0,INR/Quintal
2017-04-24,Oilseeds,Madhya Pradesh,Bhopal,Bhopal Wholesale,3172.0,2601.0,3557.0,2601.0,INR/Quintal
2019-10-10,Maize,Telangana,Hyderabad,Hyderabad Wholesale,2196.0,1801.0,2463.0,2907.0,INR/Quintal
2021-02-26,Pulses,Rajasthan,Jodhpur,Jodhpur Wholesale,5421.0,4446.0,6079.0,1184.0,INR/Quintal
2016-03-22,Rice,Odisha,Bhubaneswar,Bhubaneswar Wholesale,1483.0,1216.0,1663.0,2414.0,INR/Quintal
2025-09-20,Tea,Assam,Tinsukia,Tinsukia Wholesale,14499.0,11890.0,16259.0,1479.0,INR/Quintal
2024-07-31,Potato,Uttar Pradesh,Varanasi,Varanasi Wholesale,2477.0,2031.0,2778.0,2335.0,INR/Quintal
2023-07-07,Pulses,Madhya Pradesh,Bhopal,Bhopal Wholesale,4182.0,3430.0,4690.0,2255.0,INR/Quintal
2018-05-19,Wheat,Haryana,Hisar,Hisar Wholesale,2188.0,1794.0,2454.0,2664.0,INR/Quintal
2021-10-27,Tea,West Bengal,Darjeeling,Darjeeling Wholesale,7811.0,6406.0,8759.0,3237.0,INR/Quintal
2018-09-12,Pulses,Rajasthan,Jodhpur,Jodhpur Wholesale,4320.0,3543.0,4844.0,1359.0,INR/Quintal
2022-09-09,Tea,West Bengal,Howrah,Howrah Wholesale,16271.0,13343.0,18246.0,684.0,INR/Quintal
2015-08-15,Coffee,Karnataka,Bangalore,Bangalore Wholesale,19902.0,16321.0,22318.0,2704.0,INR/Quintal
2015-02-17,Maize,Karnataka,Bangalore,Bangalore Wholesale,1930.0,1583.0,2164.0,4243.0,INR/Quintal
2023-06-17,Sugarcane,Tamil Nadu,Chennai,Chennai Wholesale,458.0,376.0,514.0,2226.0,INR/Quintal
2023-02-07,Sugarcane,Uttar Pradesh,Lucknow,Lucknow Wholesale,541.0,444.0,607.0,1040.0,INR/Quintal
2019-01-02,Coffee,Kerala,Ernakulam,Ernakulam Wholesale,13028.0,10684.0,14610.0,1291.0,INR/Quintal
2020-01-05,Pulses,Maharashtra,Pune,Pune Wholesale,6051.0,4962.0,6786.0,3477.0,INR/Quintal
2025-05-07,Wheat,Punjab,Amritsar,Amritsar Wholesale,2566.0,2104.0,2878.0,2414.0,INR/Quintal
2015-07-06,Apple,Jammu and Kashmir,Srinagar,Srinagar Wholesale,7493.0,6145.0,8403.0,1054.0,INR/Quintal
2021-07-20,Tea,West Bengal,Darjeeling,Darjeeling Wholesale,18372.0,15066.0,20602.0,3465.0,INR/Quintal
2021-03-21,Pulses,Uttar Pradesh,Kanpur,Kanpur Wholesale,6731.0,5520.0,7548.0,8487.0,INR/Quintal
2022-11-17,Potato,West Bengal,Howrah,Howrah Wholesale,994.0,815.0,1115.0,3190.0,INR/Quintal
2021-12-10,Wheat,Rajasthan,Udaipur,Udaipur Wholesale,2558.0,2098.0,2869.0,2520.0,INR/Quintal
2020-04-16,Potato,Punjab,Patiala,Patiala Wholesale,1849.0,1516.0,2073.0,6119.0,INR/Quintal
2023-01-03,Apple,Himachal Pradesh,Shimla,Shimla Wholesale,9155.0,7508.0,10266.0,2837.0,INR/Quintal
2017-04-28,Coffee,Karnataka,Mysore,Mysore Wholesale,16380.0,13433.0,18369.0,2321.0,INR/Quintal
2020-07-25,Oilseeds,Rajasthan,Udaipur,Udaipur Wholesale,2339.0,1918.0,2623.0,1010.0,INR/Quintal
2018-06-06,Sugarcane,Uttar Pradesh,Kanpur,Kanpur Wholesale,370.0,303.0,415.0,1603.0,INR/Quintal
2018-11-14,Sugarcane,Karnataka,Bangalore,Bangalore Wholesale,380.0,312.0,426.0,2511.0,INR/Quintal
2017-09-05,Coconut,Kerala,Thrissur,Thrissur Wholesale,2866.0,2350.0,3214.0,522.0,INR/Quintal
2019-06-01,Tea,Assam,Cachar,Cachar Wholesale,15018.0,12316.0,16841.0,1373.0,INR/Quintal
2017-10-13,Maize,Bihar,Muzaffarpur,Muzaffarpur Wholesale,1383.0,1134.0,1551.0,1978.0,INR/Quintal
2021-02-13,Coffee,Tamil Nadu,Chennai,Chennai Wholesale,21745.0,17833.0,24385.0,6665.0,INR/Quintal
2020-02-25,Pulses,Uttar Pradesh,Lucknow,Lucknow Wholesale,4079.0,3345.0,4574.0,9141.0,INR/Quintal
2015-09-27,Coffee,Karnataka,Hubli,Hubli Wholesale,14270.0,11703.0,16002.0,2962.0,INR/Quintal
2019-06-19,Pulses,Uttar Pradesh,Kanpur,Kanpur Wholesale,4083.0,3348.0,4579.0,3377.0,INR/Quintal
2015-11-06,Coffee,Karnataka,Bangalore,Bangalore Wholesale,20156.0,16529.0,22603.0,4108.0,INR/Quintal
2023-10-09,Oilseeds,Maharashtra,Nashik,Nashik Wholesale,5268.0,4320.0,5908.0,4272.0,INR/Quintal
2020-08-05,Cotton,Maharashtra,Nashik,Nashik Wholesale,5820.0,4773.0,6527.0,4422.0,INR/Quintal
2019-04-24,Maize,Madhya Pradesh,Bhopal,Bhopal Wholesale,2108.0,1729.0,2364.0,3407.0,INR/Quintal
2017-12-31,Pulses,Rajasthan,Udaipur,Udaipur Wholesale,3766.0,3088.0,4223.0,986.0,INR/Quintal
2025-07-31,Maize,Telangana,Nizamabad,Nizamabad Wholesale,2057.0,1687.0,2307.0,696.0,INR/Quintal
2022-12-02,Wheat,Rajasthan,Jaipur,Jaipur Wholesale,2271.0,1862.0,2547.0,3232.0,INR/Quintal
2019-08-23,Coffee,Tamil Nadu,Coimbatore,Coimbatore Wholesale,11550.0,9472.0,12952.0,611.0,INR/Quintal
2023-12-03,Coconut,Andhra Pradesh,Krishna,Krishna Wholesale,3413.0,2799.0,3827.0,2198.0,INR/Quintal
2021-12-08,Tea,Assam,Kamrup,Kamrup Wholesale,13910.0,11407.0,15599.0,2153.0,INR/Quintal
2023-12-07,Rice,Chhattisgarh,Raipur,Raipur Wholesale,1934.0,1586.0,2169.0,419.0,INR/Quintal
2018-12-16,Wheat,Bihar,Patna,Patna Wholesale,1899.0,1557.0,2130.0,4581.0,INR/Quintal
2020-12-07,Potato,West Bengal,Kolkata,Kolkata Wholesale,606.0,497.0,680.0,1971.0,INR/Quintal
2015-08-08,Sugarcane,Tamil Nadu,Madurai,Madurai Wholesale,352.0,289.0,395.0,512.0,INR/Quintal
2015-02-22,Coconut,Kerala,Ernakulam,Ernakulam Wholesale,2054.0,1684.0,2303.0,5010.0,INR/Quintal
2019-10-24,Rice,Bihar,Purnia,Purnia Wholesale,1742.0,1429.0,1953.0,1407.0,INR/Quintal
2019-01-14,Oilseeds,Rajasthan,Jaipur,Jaipur Wholesale,4594.0,3767.0,5152.0,3579.0,INR/Quintal
2024-07-15,Coffee,Kerala,Kozhikode,Kozhikode Wholesale,16435.0,13478.0,18430.0,1728.0,INR/Quintal
2019-07-25,Cotton,Gujarat,Surat,Surat Wholesale,5543.0,4546.0,6216.0,3554.0,INR/Quintal
2018-06-14,Oilseeds,Maharashtra,Nashik,Nashik Wholesale,5251.0,4306.0,5888.0,2060.0,INR/Quintal
2022-09-06,Pulses,Madhya Pradesh,Bhopal,Bhopal Wholesale,4584.0,3759.0,5141.0,1547.0,INR/Quintal
2022-08-17,Rice,Odisha,Bhubaneswar,Bhubaneswar Wholesale,2174.0,1783.0,2438.0,1105.0,INR/Quintal
2016-12-20,Sugarcane,Maharashtra,Mumbai,Mumbai Wholesale,368.0,302.0,413.0,6214.0,INR/Quintal
2016-02-10,Tea,Assam,Kamrup,Kamrup Wholesale,7634.0,6260.0,8561.0,780.0,INR/Quintal
2022-04-09,Cotton,Maharashtra,Pune,Pune Wholesale,5629.0,4616.0,6312.0,2843.0,INR/Quintal
2023-05-27,Maize,Karnataka,Hubli,Hubli Wholesale,1863.0,1528.0,2089.0,5717.0,INR/Quintal
2021-10-05,Coffee,Tamil Nadu,Madurai,Madurai Wholesale,20594.0,16889.0,23094.0,2166.0,INR/Quintal
2022-07-22,Pulses,Madhya Pradesh,Bhopal,Bhopal Wholesale,6415.0,5261.0,7194.0,2176.0,INR/Quintal
2021-04-13,Coffee,Tamil Nadu,Madurai,Madurai Wholesale,18129.0,14867.0,20330.0,4757.0,INR/Quintal
2015-03-13,Oilseeds,Gujarat,Ahmedabad,Ahmedabad Wholesale,3371.0,2764.0,3780.0,1278.0,INR/Quintal
2020-01-28,Coconut,Karnataka,Mysore,Mysore Wholesale,2318.0,1901.0,2599.0,733.0,INR/Quintal
2021-02-10,Coconut,Andhra Pradesh,Visakhapatnam,Visakhapatnam Wholesale,1810.0,1484.0,2030.0,7136.0,INR/Quintal
2020-08-15,Rice,Chhattisgarh,Raipur,Raipur Wholesale,1321.0,1083.0,1481.0,892.0,INR/Quintal
2018-05-14,Oilseeds,Madhya Pradesh,Bhopal,Bhopal Wholesale,3263.0,2676.0,3659.0,2034.0,INR/Quintal
2019-04-17,Rice,West Bengal,Darjeeling,Darjeeling Wholesale,2230.0,1829.0,2501.0,4946.0,INR/Quintal
2025-01-30,Tea,Kerala,Ernakulam,Ernakulam Wholesale,6521.0,5348.0,7313.0,1438.0,INR/Quintal
2023-02-01,Sugarcane,Maharashtra,Nashik,Nashik Wholesale,388.0,318.0,435.0,6222.0,INR/Quintal
2016-01-22,Maize,Andhra Pradesh,Visakhapatnam,Visakhapatnam Wholesale,1507.0,1236.0,1690.0,3536.0,INR/Quintal
2019-11-27,Tea,Assam,Kamrup,Kamrup Wholesale,9711.0,7964.0,10890.0,2961.0,INR/Quintal
2016-11-29,Wheat,Bihar,Patna,Patna Wholesale,1950.0,1599.0,2187.0,1490.0,INR/Quintal
2023-08-14,Coconut,Tamil Nadu,Madurai,Madurai Wholesale,1532.0,1256.0,1718.0,1154.0,INR/Quintal
2018-04-15,Sugarcane,Maharashtra,Nashik,Nashik Wholesale,364.0,299.0,408.0,6948.0,INR/Quintal
2017-04-06,Tea,Assam,Cachar,Cachar Wholesale,8073.0,6620.0,9053.0,1984.0,INR/Quintal
2019-12-28,Cotton,Andhra Pradesh,Visakhapatnam,Visakhapatnam Wholesale,4707.0,3860.0,5278.0,2824.0,INR/Quintal
2015-12-15,Coffee,Karnataka,Bangalore,Bangalore Wholesale,13105.0,10747.0,14696.0,4479.0,INR/Quintal
2018-07-02,Oilseeds,Gujarat,Surat,Surat Wholesale,2416.0,1981.0,2709.0,3427.0,INR/Quintal
2025-09-13,Coconut,Tamil Nadu,Coimbatore,Coimbatore Wholesale,3129.0,2566.0,3509.0,1916.0,INR/Quintal
2025-05-01,Sugarcane,Karnataka,Bangalore,Bangalore Wholesale,465.0,381.0,521.0,2055.0,INR/Quintal
2015-11-04,Cotton,Andhra Pradesh,Visakhapatnam,Visakhapatnam Wholesale,4980.0,4084.0,5585.0,4018.0,INR/Quintal
2024-05-09,Oilseeds,Rajasthan,Jaipur,Jaipur Wholesale,3022.0,2478.0,3389.0,1056.0,INR/Quintal
2018-02-24,Wheat,Madhya Pradesh,Bhopal,Bhopal Wholesale,1882.0,1543.0,2110.0,4714.0,INR/Quintal
2020-05-14,Potato,Punjab,Amritsar,Amritsar Wholesale,976.0,800.0,1094.0,2029.0,INR/Quintal
2021-05-23,Sugarcane,Maharashtra,Nashik,Nashik Wholesale,528.0,433.0,592.0,6163.0,INR/Quintal
2017-02-04,Cotton,Gujarat,Vadodara,Vadodara Wholesale,6896.0,5655.0,7733.0,3642.0,INR/Quintal
2016-12-25,Oilseeds,Maharashtra,Mumbai,Mumbai Wholesale,2107.0,1728.0,2363.0,1738.0,INR/Quintal
2022-09-10,Oilseeds,Madhya Pradesh,Bhopal,Bhopal Wholesale,4659.0,3821.0,5225.0,1294.0,INR/Quintal
2019-06-08,Tea,West Bengal,Howrah,Howrah Wholesale,10159.0,8331.0,11392.0,1647.0,INR/Quintal
2024-09-28,Rice,Assam,Dibrugarh,Dibrugarh Wholesale,1535.0,1259.0,1721.0,623.0,INR/Quintal
2016-01-18,Tea,West Bengal,Darjeeling,Darjeeling Wholesale,14901.0,12220.0,16710.0,1994.0,INR/Quintal
2024-07-09,Cotton,Maharashtra,Nagpur,Nagpur Wholesale,5581.0,4577.0,6259.0,4866.0,INR/Quintal
2021-09-01,Pulses,Maharashtra,Pune,Pune Wholesale,5111.0,4191.0,5731.0,889.0,INR/Quintal
2016-06-08,Coffee,Kerala,Thrissur,Thrissur Wholesale,16054.0,13166.0,18003.0,3901.0,INR/Quintal
2024-12-07,Sugarcane,Uttar Pradesh,Kanpur,Kanpur Wholesale,487.0,399.0,546.0,784.0,INR/Quintal
2022-05-10,Tea,West Bengal,Darjeeling,Darjeeling Wholesale,21455.0,17595.0,24060.0,4380.0,INR/Quintal
2023-03-05,Oilseeds,Rajasthan,Jaipur,Jaipur Wholesale,5403.0,4431.0,6059.0,3962.0,INR/Quintal
2025-02-14,Oilseeds,Gujarat,Surat,Surat Wholesale,5619.0,4608.0,6301.0,7110.0,INR/Quintal
2015-10-03,Potato,West Bengal,Kolkata,Kolkata Wholesale,1033.0,847.0,1158.0,935.0,INR/Quintal
2021-12-22,Sugarcane,Maharashtra,Mumbai,Mumbai Wholesale,355.0,291.0,398.0,4735.0,INR/Quintal
2022-07-27,Potato,Bihar,Purnia,Purnia Wholesale,1938.0,1589.0,2173.0,836.0,INR/Quintal
2015-12-03,Apple,Himachal Pradesh,Mandi,Mandi Wholesale,8799.0,7216.0,9867.0,1043.0,INR/Quintal
2020-05-27,Coconut,Andhra Pradesh,Guntur,Guntur Wholesale,2084.0,1709.0,2337.0,5235.0,INR/Quintal
2023-02-27,Coffee,Karnataka,Mysore,Mysore Wholesale,27043.0,22177.0,30326.0,2850.0,INR/Quintal
2016-04-25,Wheat,Madhya Pradesh,Bhopal,Bhopal Wholesale,1691.0,1387.0,1896.0,1925.0,INR/Quintal
2017-06-29,Tea,Assam,Cachar,Cachar Wholesale,8443.0,6924.0,9468.0,818.0,INR/Quintal
2020-06-19,Maize,Madhya Pradesh,Bhopal,Bhopal Wholesale,1576.0,1292.0,1767.0,639.0,INR/Quintal
2024-02-27,Cotton,Gujarat,Rajkot,Rajkot Wholesale,6890.0,5650.0,7726.0,1540.0,INR/Quintal
2023-07-27,Cotton,Telangana,Hyderabad,Hyderabad Wholesale,7925.0,6499.0,8887.0,3396.0,INR/Quintal
2018-09-13,Wheat,Haryana,Faridabad,Faridabad Wholesale,2006.0,1645.0,2250.0,539.0,INR/Quintal
2020-07-26,Coconut,Tamil Nadu,Chennai,Chennai Wholesale,3234.0,2652.0,3627.0,3383.0,INR/Quintal
2019-10-21,Sugarcane,Uttar Pradesh,Varanasi,Varanasi Wholesale,428.0,351.0,480.0,4395.0,INR/Quintal
2015-04-19,Tea,West Bengal,Howrah,Howrah Wholesale,11585.0,9501.0,12991.0,4234.0,INR/Quintal
2024-03-04,Coconut,Karnataka,Bangalore,Bangalore Wholesale,3269.0,2681.0,3666.0,5418.0,INR/Quintal
2025-04-15,Coffee,Kerala,Kozhikode,Kozhikode Wholesale,11983.0,9827.0,13438.0,3462.0,INR/Quintal
2015-11-24,Apple,Jammu and Kashmir,Srinagar,Srinagar Wholesale,6869.0,5633.0,7703.0,867.0,INR/Quintal
2019-12-05,Rice,Uttar Pradesh,Lucknow,Lucknow Wholesale,1664.0,1365.0,1866.0,3333.0,INR/Quintal
2015-11-11,Potato,West Bengal,Howrah,Howrah Wholesale,921.0,755.0,1033.0,4428.0,INR/Quintal
2024-09-15,Wheat,Rajasthan,Jaipur,Jaipur Wholesale,2666.0,2186.0,2990.0,2388.0,INR/Quintal
2018-02-08,Rice,Assam,Cachar,Cachar Wholesale,3056.0,2506.0,3427.0,3458.0,INR/Quintal
2022-07-09,Potato,West Bengal,Howrah,Howrah Wholesale,1655.0,1357.0,1856.0,1298.0,INR/Quintal
2017-02-19,Wheat,Haryana,Faridabad,Faridabad Wholesale,2278.0,1868.0,2555.0,4437.0,INR/Quintal
2024-01-14,Cotton,Maharashtra,Nashik,Nashik Wholesale,8039.0,6593.0,9015.0,4088.0,INR/Quintal
2019-03-01,Cotton,Gujarat,Rajkot,Rajkot Wholesale,5351.0,4388.0,6001.0,6101.0,INR/Quintal
2015-06-05,Oilseeds,Gujarat,Rajkot,Rajkot Wholesale,4482.0,3676.0,5026.0,4206.0,INR/Quintal
2019-02-05,Potato,Punjab,Amritsar,Amritsar Wholesale,1262.0,1035.0,1415.0,5323.0,INR/Quintal
2019-09-21,Maize,Maharashtra,Pune,Pune Wholesale,1541.0,1264.0,1728.0,3241.0,INR/Quintal
2024-02-26,Coffee,Tamil Nadu,Chennai,Chennai Wholesale,14721.0,12072.0,16508.0,843.0,INR/Quintal
2017-06-05,Pulses,Madhya Pradesh,Bhopal,Bhopal Wholesale,3963.0,3250.0,4444.0,3196.0,INR/Quintal
2023-06-01,Sugarcane,Tamil Nadu,Coimbatore,Coimbatore Wholesale,415.0,340.0,465.0,1598.0,INR/Quintal
2022-09-06,Sugarcane,Uttar Pradesh,Lucknow,Lucknow Wholesale,414.0,340.0,464.0,3627.0,INR/Quintal
2016-12-22,Coconut,Andhra Pradesh,Chittoor,Chittoor Wholesale,1403.0,1151.0,1573.0,1215.0,INR/Quintal
2024-10-22,Potato,Punjab,Patiala,Patiala Wholesale,1907.0,1564.0,2139.0,1127.0,INR/Quintal
2017-07-01,Wheat,Madhya Pradesh,Bhopal,Bhopal Wholesale,2205.0,1808.0,2473.0,449.0,INR/Quintal
2024-03-11,Apple,Jammu and Kashmir,Srinagar,Srinagar Wholesale,7928.0,6502.0,8890.0,2390.0,INR/Quintal
2017-05-20,Coconut,Tamil Nadu,Coimbatore,Coimbatore Wholesale,1789.0,1467.0,2006.0,4074.0,INR/Quintal
2015-01-13,Wheat,Punjab,Ludhiana,Ludhiana Wholesale,2270.0,1862.0,2546.0,3672.0,INR/Quintal
2022-04-09,Pulses,Maharashtra,Pune,Pune Wholesale,4100.0,3362.0,4598.0,6625.0,INR/Quintal
2016-05-12,Coffee,Kerala,Thrissur,Thrissur Wholesale,15299.0,12546.0,17156.0,3052.0,INR/Quintal
2019-10-23,Tea,Assam,Dibrugarh,Dibrugarh Wholesale,8685.0,7122.0,9739.0,1948.0,INR/Quintal
2021-04-04,Coffee,Tamil Nadu,Madurai,Madurai Wholesale,16065.0,13175.0,18015.0,3730.0,INR/Quintal
2018-01-22,Coconut,Tamil Nadu,Madurai,Madurai Wholesale,1796.0,1473.0,2014.0,678.0,INR/Quintal
2024-05-02,Tea,Assam,Tinsukia,Tinsukia Wholesale,16389.0,13440.0,18379.0,1530.0,INR/Quintal
2022-09-29,Pulses,Uttar Pradesh,Varanasi,Varanasi Wholesale,6865.0,5630.0,7698.0,1040.0,INR/Quintal
2018-04-09,Tea,West Bengal,Kolkata,Kolkata Wholesale,16253.0,13329.0,18226.0,4824.0,INR/Quintal
2020-06-27,Maize,Maharashtra,Mumbai,Mumbai Wholesale,1582.0,1297.0,1774.0,2104.0,INR/Quintal
2022-04-07,Coconut,Karnataka,Belgaum,Belgaum Wholesale,1875.0,1538.0,2103.0,3500.0,INR/Quintal
2022-06-01,Oilseeds,Madhya Pradesh,Bhopal,Bhopal Wholesale,5757.0,4721.0,6456.0,1672.0,INR/Quintal
2019-07-06,Coffee,Kerala,Thrissur,Thrissur Wholesale,14836.0,12167.0,16637.0,778.0,INR/Quintal
2019-05-10,Tea,West Bengal,Kolkata,Kolkata Wholesale,19369.0,15884.0,21720.0,6088.0,INR/Quintal
2022-12-06,Cotton,Andhra Pradesh,Chittoor,Chittoor Wholesale,6265.0,5138.0,7026.0,5640.0,INR/Quintal
2023-03-03,Maize,Andhra Pradesh,Visakhapatnam,Visakhapatnam Wholesale,2668.0,2188.0,2992.0,1374.0,INR/Quintal
2019-01-30,Coffee,Kerala,Thrissur,Thrissur Wholesale,21402.0,17551.0,24000.0,3885.0,INR/Quintal
2022-04-29,Tea,Assam,Tinsukia,Tinsukia Wholesale,14042.0,11516.0,15747.0,2719.0,INR/Quintal
2015-05-23,Cotton,Gujarat,Surat,Surat Wholesale,4026.0,3302.0,4515.0,5495.0,INR/Quintal
2018-05-09,Pulses,Rajasthan,Udaipur,Udaipur Wholesale,4579.0,3755.0,5135.0,950.0,INR/Quintal
2023-11-26,Pulses,Madhya Pradesh,Bhopal,Bhopal Wholesale,7110.0,5831.0,7973.0,745.0,INR/Quintal
2022-07-24,Potato,Uttar Pradesh,Kanpur,Kanpur Wholesale,2211.0,1813.0,2479.0,5748.0,INR/Quintal
2024-05-28,Sugarcane,Maharashtra,Nagpur,Nagpur Wholesale,417.0,342.0,468.0,6788.0,INR/Quintal
2021-12-01,Rice,Punjab,Amritsar,Amritsar Wholesale,2122.0,1740.0,2380.0,3895.0,INR/Quintal
2016-07-18,Cotton,Telangana,Warangal,Warangal Wholesale,6702.0,5496.0,7516.0,3378.0,INR/Quintal
2021-11-23,Potato,Bihar,Purnia,Purnia Wholesale,1613.0,1323.0,1809.0,2978.0,INR/Quintal
2021-08-28,Maize,Telangana,Warangal,Warangal Wholesale,2416.0,1981.0,2709.0,888.0,INR/Quintal
2019-09-12,Tea,Assam,Cachar,Cachar Wholesale,14858.0,12185.0,16662.0,1109.0,INR/Quintal
2023-02-21,Coffee,Kerala,Ernakulam,Ernakulam Wholesale,23423.0,19209.0,26267.0,1121.0,INR/Quintal
2016-02-21,Wheat,Rajasthan,Jaipur,Jaipur Wholesale,1666.0,1366.0,1868.0,3512.0,INR/Quintal
2020-01-23,Cotton,Maharashtra,Nashik,Nashik Wholesale,5101.0,4183.0,5720.0,7376.0,INR/Quintal
2021-06-13,Coconut,Karnataka,Hubli,Hubli Wholesale,1375.0,1128.0,1542.0,3255.0,INR/Quintal
2022-05-20,Rice,Bihar,Muzaffarpur,Muzaffarpur Wholesale,3473.0,2848.0,3895.0,3969.0,INR/Quintal
2019-09-14,Coconut,Kerala,Kozhikode,Kozhikode Wholesale,2184.0,1791.0,2449.0,2160.0,INR/Quintal
2018-10-22,Apple,Himachal Pradesh,Shimla,Shimla Wholesale,3983.0,3266.0,4467.0,559.0,INR/Quintal
2023-05-31,Wheat,Rajasthan,Jaipur,Jaipur Wholesale,2259.0,1853.0,2533.0,1620.0,INR/Quintal
2017-12-03,Oilseeds,Madhya Pradesh,Bhopal,Bhopal Wholesale,3237.0,2655.0,3630.0,1884.0,INR/Quintal
2022-08-18,Rice,West Bengal,Darjeeling,Darjeeling Wholesale,3169.0,2599.0,3554.0,2586.0,INR/Quintal
2020-02-10,Potato,West Bengal,Darjeeling,Darjeeling Wholesale,1844.0,1512.0,2068.0,5997.0,INR/Quintal
2018-01-26,Rice,Tamil Nadu,Madurai,Madurai Wholesale,2593.0,2126.0,2908.0,2080.0,INR/Quintal
2025-05-19,Tea,Kerala,Kozhikode,Kozhikode Wholesale,6106.0,5007.0,6847.0,2409.0,INR/Quintal
2018-07-12,Coffee,Karnataka,Mysore,Mysore Wholesale,22695.0,18612.0,25450.0,3630.0,INR/Quintal
2025-08-07,Apple,Himachal Pradesh,Mandi,Mandi Wholesale,5831.0,4782.0,6539.0,331.0,INR/Quintal
2019-12-12,Maize,Andhra Pradesh,Visakhapatnam,Visakhapatnam Wholesale,2049.0,1680.0,2298.0,3370.0,INR/Quintal
2020-12-27,Coconut,Kerala,Ernakulam,Ernakulam Wholesale,1292.0,1060.0,1449.0,920.0,INR/Quintal
2019-02-13,Wheat,Madhya Pradesh,Bhopal,Bhopal Wholesale,1771.0,1452.0,1986.0,2949.0,INR/Quintal
2024-01-22,Rice,Chhattisgarh,Raipur,Raipur Wholesale,1294.0,1061.0,1451.0,3184.0,INR/Quintal
2023-04-10,Tea,Assam,Dibrugarh,Dibrugarh Wholesale,13218.0,10840.0,14823.0,1579.0,INR/Quintal
2017-10-13,Pulses,Rajasthan,Jodhpur,Jodhpur Wholesale,5181.0,4249.0,5810.0,2240.0,INR/Quintal
2017-08-10,Coconut,Andhra Pradesh,Visakhapatnam,Visakhapatnam Wholesale,1167.0,957.0,1309.0,1782.0,INR/Quintal
2023-01-30,Rice,Chhattisgarh,Raipur,Raipur Wholesale,1960.0,1607.0,2198.0,1094.0,INR/Quintal
2015-03-13,Rice,Assam,Kamrup,Kamrup Wholesale,2703.0,2217.0,3031.0,2698.0,INR/Quintal
2019-08-18,Sugarcane,Uttar Pradesh,Kanpur,Kanpur Wholesale,353.0,289.0,396.0,4932.0,INR/Quintal
2023-12-06,Wheat,Rajasthan,Jodhpur,Jodhpur Wholesale,2129.0,1746.0,2387.0,567.0,INR/Quintal
2018-07-15,Sugarcane,Tamil Nadu,Chennai,Chennai Wholesale,396.0,325.0,444.0,1846.0,INR/Quintal
2018-09-06,Coconut,Andhra Pradesh,Guntur,Guntur Wholesale,2926.0,2400.0,3281.0,2889.0,INR/Quintal
2020-11-24,Sugarcane,Maharashtra,Mumbai,Mumbai Wholesale,389.0,319.0,436.0,2331.0,INR/Quintal
2024-01-17,Coffee,Tamil Nadu,Coimbatore,Coimbatore Wholesale,24089.0,19755.0,27013.0,1036.0,INR/Quintal
2023-07-11,Tea,West Bengal,Darjeeling,Darjeeling Wholesale,12726.0,10436.0,14271.0,1864.0,INR/Quintal
2025-05-01,Sugarcane,Karnataka,Bangalore,Bangalore Wholesale,465.0,381.0,521.0,5306.0,INR/Quintal
2017-06-01,Rice,Punjab,Amritsar,Amritsar Wholesale,1319.0,1082.0,1479.0,7284.0,INR/Quintal
2015-05-19,Coconut,Tamil Nadu,Chennai,Chennai Wholesale,2360.0,1935.0,2647.0,859.0,INR/Quintal
2022-04-16,Potato,Punjab,Ludhiana,Ludhiana Wholesale,1047.0,859.0,1174.0,5786.0,INR/Quintal
2025-04-12,Potato,West Bengal,Kolkata,Kolkata Wholesale,1876.0,1538.0,2104.0,1350.0,INR/Quintal
2022-12-20,Pulses,Madhya Pradesh,Bhopal,Bhopal Wholesale,4440.0,3641.0,4979.0,2849.0,INR/Quintal
2021-05-09,Potato,Bihar,Muzaffarpur,Muzaffarpur Wholesale,1277.0,1047.0,1432.0,616.0,INR/Quintal
2019-02-13,Pulses,Maharashtra,Nashik,Nashik Wholesale,6238.0,5116.0,6995.0,928.0,INR/Quintal
2021-09-29,Potato,Uttar Pradesh,Varanasi,Varanasi Wholesale,1898.0,1557.0,2128.0,4196.0,INR/Quintal
2021-12-28,Oilseeds,Madhya Pradesh,Bhopal,Bhopal Wholesale,2907.0,2384.0,3260.0,668.0,INR/Quintal
2017-01-02,Pulses,Rajasthan,Jodhpur,Jodhpur Wholesale,5113.0,4193.0,5734.0,1508.0,INR/Quintal
2019-10-15,Cotton,Gujarat,Ahmedabad,Ahmedabad Wholesale,6592.0,5406.0,7392.0,4273.0,INR/Quintal
2025-09-29,Wheat,Uttar Pradesh,Varanasi,Varanasi Wholesale,2068.0,1696.0,2319.0,5180.0,INR/Quintal
2016-02-28,Coconut,Tamil Nadu,Coimbatore,Coimbatore Wholesale,1990.0,1632.0,2232.0,1699.0,INR/Quintal
2024-07-10,Wheat,Bihar,Muzaffarpur,Muzaffarpur Wholesale,2236.0,1834.0,2507.0,2570.0,INR/Quintal
2019-05-11,Wheat,Bihar,Patna,Patna Wholesale,2203.0,1807.0,2470.0,3469.0,INR/Quintal
2016-01-25,Tea,Assam,Dibrugarh,Dibrugarh Wholesale,13154.0,10787.0,14751.0,2333.0,INR/Quintal
2015-12-08,Coffee,Karnataka,Bangalore,Bangalore Wholesale,10889.0,8930.0,12211.0,5127.0,INR/Quintal
2017-08-03,Maize,Andhra Pradesh,Chittoor,Chittoor Wholesale,1403.0,1151.0,1573.0,3458.0,INR/Quintal
2016-09-05,Coffee,Kerala,Kozhikode,Kozhikode Wholesale,11569.0,9487.0,12973.0,2207.0,INR/Quintal
2016-05-07,Pulses,Madhya Pradesh,Bhopal,Bhopal Wholesale,6033.0,4948.0,6765.0,1576.0,INR/Quintal
2015-07-11,Coffee,Karnataka,Hubli,Hubli Wholesale,18671.0,15312.0,20938.0,2295.0,INR/Quintal
2016-05-13,Coconut,Andhra Pradesh,Guntur,Guntur Wholesale,1070.0,877.0,1200.0,3717.0,INR/Quintal
2017-04-01,Potato,West Bengal,Darjeeling,Darjeeling Wholesale,1168.0,958.0,1310.0,2557.0,INR/Quintal
2019-10-02,Pulses,Rajasthan,Jodhpur,Jodhpur Wholesale,4225.0,3465.0,4738.0,480.0,INR/Quintal
2018-06-10,Apple,Jammu and Kashmir,Srinagar,Srinagar Wholesale,6748.0,5534.0,7567.0,427.0,INR/Quintal
2020-05-22,Coffee,Kerala,Kozhikode,Kozhikode Wholesale,15538.0,12742.0,17424.0,1208.0,INR/Quintal
2015-08-15,Coffee,Kerala,Thrissur,Thrissur Wholesale,19574.0,16052.0,21950.0,839.0,INR/Quintal
2018-10-26,Sugarcane,Maharashtra,Nagpur,Nagpur Wholesale,363.0,298.0,407.0,1530.0,INR/Quintal
2020-12-26,Oilseeds,Maharashtra,Mumbai,Mumbai Wholesale,4328.0,3549.0,4853.0,2144.0,INR/Quintal
2022-12-13,Tea,West Bengal,Howrah,Howrah Wholesale,17427.0,14291.0,19543.0,2806.0,INR/Quintal
2017-03-27,Pulses,Maharashtra,Nashik,Nashik Wholesale,5805.0,4761.0,6510.0,4720.0,INR/Quintal
2023-10-26,Maize,Telangana,Warangal,Warangal Wholesale,1993.0,1634.0,2235.0,1259.0,INR/Quintal
2023-09-22,Wheat,Uttar Pradesh,Varanasi,Varanasi Wholesale,2712.0,2224.0,3041.0,4812.0,INR/Quintal
2019-01-13,Rice,Bihar,Patna,Patna Wholesale,1799.0,1475.0,2017.0,3437.0,INR/Quintal
2017-12-22,Apple,Jammu and Kashmir,Srinagar,Srinagar Wholesale,5488.0,4501.0,6154.0,1617.0,INR/Quintal
2015-04-14,Cotton,Gujarat,Ahmedabad,Ahmedabad Wholesale,6687.0,5484.0,7499.0,7043.0,INR/Quintal
2020-02-18,Coffee,Kerala,Ernakulam,Ernakulam Wholesale,22309.0,18295.0,25017.0,1244.0,INR/Quintal
2017-05-20,Wheat,Haryana,Hisar,Hisar Wholesale,2352.0,1929.0,2638.0,3905.0,INR/Quintal
2016-10-29,Potato,Bihar,Muzaffarpur,Muzaffarpur Wholesale,1093.0,896.0,1226.0,1813.0,INR/Quintal
2020-08-04,Cotton,Andhra Pradesh,Chittoor,Chittoor Wholesale,7429.0,6092.0,8331.0,1861.0,INR/Quintal
2015-09-30,Coconut,Andhra Pradesh,Guntur,Guntur Wholesale,1052.0,863.0,1180.0,454.0,INR/Quintal
2017-10-26,Coconut,Karnataka,Belgaum,Belgaum Wholesale,1278.0,1048.0,1433.0,3397.0,INR/Quintal
2023-10-24,Oilseeds,Rajasthan,Jaipur,Jaipur Wholesale,4940.0,4051.0,5540.0,519.0,INR/Quintal
2021-02-09,Wheat,Punjab,Ludhiana,Ludhiana Wholesale,2114.0,1734.0,2371.0,9410.0,INR/Quintal
2017-11-17,Sugarcane,Tamil Nadu,Coimbatore,Coimbatore Wholesale,469.0,385.0,526.0,3720.0,INR/Quintal
2019-04-23,Wheat,Bihar,Muzaffarpur,Muzaffarpur Wholesale,2168.0,1778.0,2431.0,3918.0,INR/Quintal
2023-09-26,Oilseeds,Madhya Pradesh,Bhopal,Bhopal Wholesale,4077.0,3343.0,4572.0,670.0,INR/Quintal
2015-10-20,Wheat,Punjab,Amritsar,Amritsar Wholesale,2178.0,1786.0,2442.0,3130.0,INR/Quintal
2024-06-04,Apple,Himachal Pradesh,Shimla,Shimla Wholesale,9552.0,7833.0,10712.0,837.0,INR/Quintal
2024-01-29,Coffee,Kerala,Thrissur,Thrissur Wholesale,17408.0,14276.0,19521.0,1505.0,INR/Quintal
2024-12-30,Apple,Jammu and Kashmir,Srinagar,Srinagar Wholesale,5169.0,4239.0,5797.0,1693.0,INR/Quintal
2025-05-25,Apple,Jammu and Kashmir,Srinagar,Srinagar Wholesale,8927.0,7321.0,10011.0,1018.0,INR/Quintal
2024-01-03,Wheat,Punjab,Amritsar,Amritsar Wholesale,2312.0,1896.0,2593.0,4361.0,INR/Quintal
2021-02-02,Sugarcane,Karnataka,Bangalore,Bangalore Wholesale,385.0,316.0,432.0,5950.0,INR/Quintal
2024-03-24,Tea,West Bengal,Kolkata,Kolkata Wholesale,17246.0,14143.0,19340.0,1280.0,INR/Quintal
2025-04-05,Oilseeds,Maharashtra,Nagpur,Nagpur Wholesale,2953.0,2422.0,3311.0,5201.0,INR/Quintal
2020-10-06,Sugarcane,Maharashtra,Nagpur,Nagpur Wholesale,513.0,421.0,575.0,2985.0,INR/Quintal
2018-07-16,Pulses,Madhya Pradesh,Bhopal,Bhopal Wholesale,5338.0,4378.0,5986.0,1641.0,INR/Quintal
2015-11-04,Wheat,Punjab,Ludhiana,Ludhiana Wholesale,2486.0,2039.0,2788.0,5398.0,INR/Quintal
2024-12-20,Maize,Telangana,Hyderabad,Hyderabad Wholesale,1954.0,1602.0,2191.0,4269.0,INR/Quintal
2024-03-13,Wheat,Rajasthan,Udaipur,Udaipur Wholesale,3138.0,2573.0,3519.0,2361.0,INR/Quintal
2017-09-03,Oilseeds,Gujarat,Surat,Surat Wholesale,2583.0,2118.0,2897.0,2144.0,INR/Quintal
2023-09-12,Cotton,Telangana,Hyderabad,Hyderabad Wholesale,5111.0,4191.0,5731.0,1738.0,INR/Quintal
2018-06-05,Sugarcane,Tamil Nadu,Chennai,Chennai Wholesale,332.0,272.0,372.0,4129.0,INR/Quintal
2018-06-24,Maize,Karnataka,Mysore,Mysore Wholesale,1815.0,1488.0,2035.0,3857.0,INR/Quintal
2022-07-10,Pulses,Rajasthan,Udaipur,Udaipur Wholesale,3931.0,3224.0,4408.0,894.0,INR/Quintal
2019-02-26,Potato,Bihar,Purnia,Purnia Wholesale,1420.0,1165.0,1592.0,992.0,INR/Quintal
2020-10-31,Pulses,Rajasthan,Udaipur,Udaipur Wholesale,4580.0,3756.0,5136.0,2472.0,INR/Quintal
2018-04-24,Sugarcane,Tamil Nadu,Coimbatore,Coimbatore Wholesale,382.0,313.0,428.0,2321.0,INR/Quintal
2021-04-18,Coconut,Andhra Pradesh,Chittoor,Chittoor Wholesale,2680.0,2198.0,3005.0,5100.0,INR/Quintal
2018-10-10,Cotton,Andhra Pradesh,Visakhapatnam,Visakhapatnam Wholesale,4893.0,4013.0,5487.0,3755.0,INR/Quintal
2019-11-09,Sugarcane,Uttar Pradesh,Kanpur,Kanpur Wholesale,465.0,381.0,521.0,2360.0,INR/Quintal
2019-09-16,Rice,West Bengal,Kolkata,Kolkata Wholesale,2424.0,1988.0,2718.0,2587.0,INR/Quintal
2020-08-04,Maize,Telangana,Nizamabad,Nizamabad Wholesale,2432.0,1994.0,2727.0,657.0,INR/Quintal
2017-03-06,Cotton,Gujarat,Rajkot,Rajkot Wholesale,5400.0,4428.0,6056.0,7589.0,INR/Quintal
2017-06-15,Maize,Bihar,Patna,Patna Wholesale,2314.0,1898.0,2595.0,762.0,INR/Quintal
2020-05-15,Sugarcane,Maharashtra,Pune,Pune Wholesale,444.0,364.0,498.0,3695.0,INR/Quintal
2015-07-29,Tea,Assam,Cachar,Cachar Wholesale,14734.0,12083.0,16523.0,1983.0,INR/Quintal
2022-11-03,Maize,Andhra Pradesh,Chittoor,Chittoor Wholesale,1485.0,1218.0,1665.0,4138.0,INR/Quintal
2025-08-15,Rice,Bihar,Patna,Patna Wholesale,3193.0,2619.0,3581.0,774.0,INR/Quintal
2022-04-10,Coffee,Karnataka,Belgaum,Belgaum Wholesale,23691.0,19428.0,26567.0,3442.0,INR/Quintal
2021-10-30,Cotton,Gujarat,Surat,Surat Wholesale,4908.0,4025.0,5504.0,1642.0,INR/Quintal
2021-11-12,Coconut,Karnataka,Hubli,Hubli Wholesale,2546.0,2088.0,2855.0,1780.0,INR/Quintal
2017-08-25,Rice,Uttar Pradesh,Varanasi,Varanasi Wholesale,2760.0,2263.0,3095.0,4446.0,INR/Quintal
2016-04-16,Rice,West Bengal,Kolkata,Kolkata Wholesale,2186.0,1793.0,2451.0,727.0,INR/Quintal
2025-05-19,Potato,West Bengal,Darjeeling,Darjeeling Wholesale,774.0,635.0,868.0,4897.0,INR/Quintal
2021-08-14,Tea,Assam,Cachar,Cachar Wholesale,14083.0,11549.0,15793.0,2456.0,INR/Quintal
2023-01-26,Wheat,Bihar,Muzaffarpur,Muzaffarpur Wholesale,1935.0,1587.0,2170.0,5240.0,INR/Quintal
2024-10-03,Tea,West Bengal,Howrah,Howrah Wholesale,20078.0,16466.0,22515.0,2704.0,INR/Quintal
2017-07-11,Oilseeds,Madhya Pradesh,Bhopal,Bhopal Wholesale,2257.0,1851.0,2531.0,1360.0,INR/Quintal
2015-05-17,Potato,West Bengal,Kolkata,Kolkata Wholesale,706.0,579.0,792.0,3065.0,INR/Quintal
2016-01-02,Sugarcane,Uttar Pradesh,Lucknow,Lucknow Wholesale,352.0,289.0,395.0,8390.0,INR/Quintal
2023-02-07,Sugarcane,Maharashtra,Mumbai,Mumbai Wholesale,490.0,402.0,549.0,7313.0,INR/Quintal
2015-07-03,Pulses,Madhya Pradesh,Bhopal,Bhopal Wholesale,5929.0,4862.0,6649.0,1758.0,INR/Quintal
2025-01-07,Wheat,Bihar,Gaya,Gaya Wholesale,2103.0,1725.0,2358.0,5455.0,INR/Quintal
2024-03-12,Oilseeds,Madhya Pradesh,Bhopal,Bhopal Wholesale,3084.0,2529.0,3458.0,4371.0,INR/Quintal
2021-11-24,Apple,Himachal Pradesh,Shimla,Shimla Wholesale,6288.0,5157.0,7051.0,1936.0,INR/Quintal
2018-10-30,Apple,Jammu and Kashmir,Srinagar,Srinagar Wholesale,7827.0,6419.0,8777.0,1058.0,INR/Quintal
2022-05-25,Maize,Telangana,Warangal,Warangal Wholesale,2017.0,1654.0,2262.0,4512.0,INR/Quintal
2022-08-28,Tea,Kerala,Ernakulam,Ernakulam Wholesale,8947.0,7337.0,10033.0,2672.0,INR/Quintal
2016-06-20,Cotton,Telangana,Hyderabad,Hyderabad Wholesale,5854.0,4801.0,6565.0,823.0,INR/Quintal
2024-10-22,Rice,Punjab,Ludhiana,Ludhiana Wholesale,1932.0,1584.0,2167.0,5378.0,INR/Quintal
2022-10-20,Maize,Karnataka,Belgaum,Belgaum Wholesale,1937.0,1588.0,2172.0,1629.0,INR/Quintal
2019-05-22,Coconut,Karnataka,Hubli,Hubli Wholesale,1865.0,1529.0,2091.0,3137.0,INR/Quintal
2018-06-27,Pulses,Rajasthan,Jaipur,Jaipur Wholesale,5900.0,4838.0,6616.0,2844.0,INR/Quintal
2023-02-15,Tea,Kerala,Ernakulam,Ernakulam Wholesale,15895.0,13035.0,17825.0,3519.0,INR/Quintal
2022-01-01,Apple,Jammu and Kashmir,Srinagar,Srinagar Wholesale,8225.0,6745.0,9224.0,2079.0,INR/Quintal
2022-05-01,Cotton,Maharashtra,Pune,Pune Wholesale,6434.0,5276.0,7215.0,3442.0,INR/Quintal
2023-05-08,Pulses,Uttar Pradesh,Kanpur,Kanpur Wholesale,5596.0,4589.0,6275.0,3760.0,INR/Quintal
2018-01-01,Rice,Assam,Cachar,Cachar Wholesale,1363.0,1118.0,1528.0,591.0,INR/Quintal
2018-07-29,Potato,Bihar,Muzaffarpur,Muzaffarpur Wholesale,1766.0,1448.0,1980.0,2195.0,INR/Quintal
2017-07-04,Apple,Jammu and Kashmir,Srinagar,Srinagar Wholesale,6341.0,5200.0,7111.0,1278.0,INR/Quintal
2024-05-24,Wheat,Rajasthan,Udaipur,Udaipur Wholesale,3051.0,2502.0,3421.0,1494.0,INR/Quintal
2023-06-09,Apple,Himachal Pradesh,Shimla,Shimla Wholesale,5460.0,4478.0,6123.0,1291.0,INR/Quintal
2023-12-27,Apple,Jammu and Kashmir,Srinagar,Srinagar Wholesale,8430.0,6913.0,9453.0,595.0,INR/Quintal
2025-09-11,Potato,Bihar,Patna,Patna Wholesale,1985.0,1628.0,2226.0,2784.0,INR/Quintal
2015-06-01,Cotton,Andhra Pradesh,Chittoor,Chittoor Wholesale,4798.0,3935.0,5380.0,927.0,INR/Quintal
2017-10-25,Potato,West Bengal,Howrah,Howrah Wholesale,1591.0,1305.0,1784.0,2992.0,INR/Quintal
2018-05-03,Cotton,Gujarat,Surat,Surat Wholesale,7383.0,6055.0,8279.0,3043.0,INR/Quintal
2020-05-31,Oilseeds,Maharashtra,Mumbai,Mumbai Wholesale,5469.0,4485.0,6133.0,1027.0,INR/Quintal
2024-03-08,Oilseeds,Gujarat,Ahmedabad,Ahmedabad Wholesale,5282.0,4332.0,5923.0,6771.0,INR/Quintal
2021-11-16,Coffee,Kerala,Thrissur,Thrissur Wholesale,10121.0,8300.0,11350.0,1832.0,INR/Quintal
2023-09-20,Coffee,Karnataka,Hubli,Hubli Wholesale,25189.0,20657.0,28247.0,2462.0,INR/Quintal
2015-09-28,Apple,Jammu and Kashmir,Srinagar,Srinagar Wholesale,6289.0,5157.0,7052.0,1062.0,INR/Quintal
2018-04-01,Potato,West Bengal,Howrah,Howrah Wholesale,1053.0,864.0,1181.0,4778.0,INR/Quintal
2016-04-04,Sugarcane,Karnataka,Bangalore,Bangalore Wholesale,338.0,277.0,379.0,5251.0,INR/Quintal
2015-04-15,Potato,West Bengal,Darjeeling,Darjeeling Wholesale,674.0,553.0,756.0,5447.0,INR/Quintal
2025-04-22,Coconut,Kerala,Ernakulam,Ernakulam Wholesale,1431.0,1174.0,1605.0,3176.0,INR/Quintal
2024-12-06,Potato,Uttar Pradesh,Lucknow,Lucknow Wholesale,2072.0,1699.0,2324.0,3218.0,INR/Quintal
2024-03-07,Sugarcane,Maharashtra,Nagpur,Nagpur Wholesale,426.0,349.0,478.0,2694.0,INR/Quintal
2019-09-07,Wheat,Rajasthan,Udaipur,Udaipur Wholesale,1707.0,1400.0,1914.0,2236.0,INR/Quintal
2021-01-18,Apple,Himachal Pradesh,Kangra,Kangra Wholesale,6472.0,5308.0,7258.0,2797.0,INR/Quintal
2021-07-26,Tea,Assam,Kamrup,Kamrup Wholesale,11595.0,9509.0,13003.0,1434.0,INR/Quintal
2016-03-09,Sugarcane,Uttar Pradesh,Lucknow,Lucknow Wholesale,335.0,275.0,376.0,1961.0,INR/Quintal
2022-12-09,Coconut,Kerala,Kozhikode,Kozhikode Wholesale,1317.0,1080.0,1477.0,1201.0,INR/Quintal
2015-05-20,Apple,Jammu and Kashmir,Srinagar,Srinagar Wholesale,3946.0,3236.0,4425.0,1618.0,INR/Quintal
2019-02-03,Cotton,Gujarat,Surat,Surat Wholesale,6762.0,5545.0,7583.0,1932.0,INR/Quintal
2023-10-09,Tea,West Bengal,Darjeeling,Darjeeling Wholesale,8664.0,7105.0,9716.0,3265.0,INR/Quintal
2015-03-28,Rice,West Bengal,Darjeeling,Darjeeling Wholesale,2110.0,1730.0,2366.0,6655.0,INR/Quintal
2019-09-08,Apple,Himachal Pradesh,Mandi,Mandi Wholesale,4598.0,3771.0,5156.0,1693.0,INR/Quintal
2021-02-08,Wheat,Uttar Pradesh,Varanasi,Varanasi Wholesale,2001.0,1641.0,2244.0,1024.0,INR/Quintal
2021-08-12,Rice,Telangana,Nizamabad,Nizamabad Wholesale,2108.0,1729.0,2364.0,3205.0,INR/Quintal
2015-05-09,Coffee,Kerala,Kozhikode,Kozhikode Wholesale,9210.0,7553.0,10328.0,3524.0,INR/Quintal
2018-06-23,Coconut,Andhra Pradesh,Krishna,Krishna Wholesale,1468.0,1204.0,1646.0,1054.0,INR/Quintal
2025-01-20,Maize,Bihar,Purnia,Purnia Wholesale,2014.0,1652.0,2259.0,2724.0,INR/Quintal
2019-05-21,Apple,Jammu and Kashmir,Srinagar,Srinagar Wholesale,5206.0,4269.0,5838.0,1679.0,INR/Quintal
2016-10-31,Oilseeds,Maharashtra,Nashik,Nashik Wholesale,4375.0,3588.0,4906.0,4624.0,INR/Quintal
2024-06-11,Rice,Bihar,Gaya,Gaya Wholesale,1460.0,1197.0,1637.0,1239.0,INR/Quintal
2015-05-29,Pulses,Madhya Pradesh,Bhopal,Bhopal Wholesale,5581.0,4577.0,6259.0,989.0,INR/Quintal
2017-09-11,Potato,Uttar Pradesh,Kanpur,Kanpur Wholesale,1828.0,1499.0,2050.0,2757.0,INR/Quintal
2017-05-01,Cotton,Telangana,Nizamabad,Nizamabad Wholesale,6676.0,5475.0,7486.0,5026.0,INR/Quintal
2018-12-27,Rice,Chhattisgarh,Raipur,Raipur Wholesale,1764.0,1447.0,1978.0,3410.0,INR/Quintal
2016-09-19,Coconut,Andhra Pradesh,Chittoor,Chittoor Wholesale,2725.0,2235.0,3056.0,1282.0,INR/Quintal
2025-05-25,Rice,Tamil Nadu,Coimbatore,Coimbatore Wholesale,1775.0,1456.0,1990.0,2450.0,INR/Quintal
2019-02-01,Maize,Madhya Pradesh,Bhopal,Bhopal Wholesale,1483.0,1216.0,1663.0,4622.0,INR/Quintal
2021-10-29,Coffee,Karnataka,Bangalore,Bangalore Wholesale,11084.0,9090.0,12430.0,3100.0,INR/Quintal
2020-08-06,Potato,Bihar,Patna,Patna Wholesale,2195.0,1800.0,2461.0,3609.0,INR/Quintal
2024-09-22,Apple,Jammu and Kashmir,Srinagar,Srinagar Wholesale,5766.0,4729.0,6466.0,1265.0,INR/Quintal
2017-06-02,Apple,Jammu and Kashmir,Srinagar,Srinagar Wholesale,8043.0,6596.0,9019.0,587.0,INR/Quintal
2021-05-30,Potato,Bihar,Gaya,Gaya Wholesale,1073.0,880.0,1203.0,4507.0,INR/Quintal
2019-11-24,Maize,Andhra Pradesh,Chittoor,Chittoor Wholesale,2360.0,1935.0,2647.0,733.0,INR/Quintal
2023-10-20,Sugarcane,Maharashtra,Pune,Pune Wholesale,540.0,443.0,606.0,4022.0,INR/Quintal
2015-09-07,Coconut,Kerala,Thrissur,Thrissur Wholesale,2847.0,2335.0,3193.0,1796.0,INR/Quintal
2023-01-04,Maize,Maharashtra,Mumbai,Mumbai Wholesale,2103.0,1725.0,2358.0,7180.0,INR/Quintal
2017-08-05,Pulses,Rajasthan,Udaipur,Udaipur Wholesale,5934.0,4866.0,6654.0,2497.0,INR/Quintal
2017-09-01,Tea,West Bengal,Darjeeling,Darjeeling Wholesale,18454.0,15134.0,20694.0,561.0,INR/Quintal
2018-08-18,Pulses,Uttar Pradesh,Lucknow,Lucknow Wholesale,4331.0,3552.0,4857.0,1357.0,INR/Quintal
2023-06-24,Maize,Telangana,Warangal,Warangal Wholesale,2007.0,1646.0,2251.0,2411.0,INR/Quintal
2022-10-07,Oilseeds,Rajasthan,Udaipur,Udaipur Wholesale,5031.0,4126.0,5642.0,2310.0,INR/Quintal
2017-09-10,Sugarcane,Uttar Pradesh,Kanpur,Kanpur Wholesale,366.0,300.0,410.0,4373.0,INR/Quintal
2017-06-07,Oilseeds,Maharashtra,Pune,Pune Wholesale,4517.0,3704.0,5065.0,6292.0,INR/Quintal
2023-01-16,Pulses,Rajasthan,Jodhpur,Jodhpur Wholesale,3995.0,3276.0,4480.0,2642.0,INR/Quintal
2020-10-18,Potato,Punjab,Ludhiana,Ludhiana Wholesale,1478.0,1212.0,1657.0,1837.0,INR/Quintal
2022-04-26,Pulses,Rajasthan,Jodhpur,Jodhpur Wholesale,4074.0,3341.0,4569.0,541.0,INR/Quintal
2017-05-24,Wheat,Punjab,Patiala,Patiala Wholesale,1901.0,1559.0,2132.0,2593.0,INR/Quintal
2023-09-19,Coffee,Kerala,Kozhikode,Kozhikode Wholesale,13768.0,11291.0,15439.0,1982.0,INR/Quintal
2024-05-28,Cotton,Telangana,Warangal,Warangal Wholesale,8276.0,6787.0,9281.0,4832.0,INR/Quintal
2018-08-19,Wheat,Madhya Pradesh,Bhopal,Bhopal Wholesale,1846.0,1514.0,2070.0,1151.0,INR/Quintal
2016-04-15,Maize,Madhya Pradesh,Bhopal,Bhopal Wholesale,2069.0,1697.0,2320.0,4476.0,INR/Quintal
2020-06-10,Rice,Telangana,Hyderabad,Hyderabad Wholesale,2976.0,2441.0,3337.0,2049.0,INR/Quintal
2015-04-01,Oilseeds,Rajasthan,Udaipur,Udaipur Wholesale,3497.0,2868.0,3922.0,1664.0,INR/Quintal
2016-06-13,Tea,Assam,Tinsukia,Tinsukia Wholesale,7559.0,6199.0,8477.0,2232.0,INR/Quintal
2016-10-22,Wheat,Punjab,Ludhiana,Ludhiana Wholesale,1779.0,1459.0,1995.0,2765.0,INR/Quintal
2017-01-08,Coconut,Kerala,Thrissur,Thrissur Wholesale,2046.0,1678.0,2294.0,4243.0,INR/Quintal
2022-08-05,Sugarcane,Uttar Pradesh,Varanasi,Varanasi Wholesale,365.0,299.0,409.0,2895.0,INR/Quintal
2017-05-21,Oilseeds,Rajasthan,Udaipur,Udaipur Wholesale,3810.0,3124.0,4273.0,1407.0,INR/Quintal
2019-08-14,Wheat,Rajasthan,Jaipur,Jaipur Wholesale,2747.0,2253.0,3080.0,2224.0,INR/Quintal
2015-07-11,Potato,Uttar Pradesh,Varanasi,Varanasi Wholesale,732.0,600.0,821.0,6368.0,INR/Quintal
2020-06-09,Apple,Himachal Pradesh,Shimla,Shimla Wholesale,7421.0,6086.0,8322.0,1708.0,INR/Quintal
2024-12-02,Cotton,Telangana,Hyderabad,Hyderabad Wholesale,8744.0,7171.0,9806.0,1464.0,INR/Quintal
2024-01-27,Pulses,Madhya Pradesh,Bhopal,Bhopal Wholesale,7089.0,5814.0,7950.0,1449.0,INR/Quintal
2020-12-25,Pulses,Uttar Pradesh,Kanpur,Kanpur Wholesale,6384.0,5235.0,7159.0,1140.0,INR/Quintal
2015-12-11,Wheat,Punjab,Ludhiana,Ludhiana Wholesale,2322.0,1904.0,2604.0,1272.0,INR/Quintal
2023-11-26,Maize,Andhra Pradesh,Krishna,Krishna Wholesale,1871.0,1534.0,2098.0,4710.0,INR/Quintal
2017-10-05,Sugarcane,Maharashtra,Pune,Pune Wholesale,460.0,377.0,516.0,899.0,INR/Quintal
2025-05-11,Maize,Telangana,Nizamabad,Nizamabad Wholesale,2784.0,2283.0,3122.0,2773.0,INR/Quintal
2021-12-25,Oilseeds,Maharashtra,Pune,Pune Wholesale,4115.0,3375.0,4615.0,4734.0,INR/Quintal
2015-07-22,Coffee,Tamil Nadu,Coimbatore,Coimbatore Wholesale,11642.0,9547.0,13055.0,4045.0,INR/Quintal
2016-07-26,Cotton,Andhra Pradesh,Guntur,Guntur Wholesale,5400.0,4428.0,6056.0,1296.0,INR/Quintal
2015-07-11,Cotton,Andhra Pradesh,Chittoor,Chittoor Wholesale,5003.0,4103.0,5610.0,2519.0,INR/Quintal
2020-08-14,Pulses,Uttar Pradesh,Lucknow,Lucknow Wholesale,4183.0,3430.0,4691.0,1812.0,INR/Quintal
2020-03-28,Cotton,Gujarat,Ahmedabad,Ahmedabad Wholesale,6734.0,5522.0,7552.0,2576.0,INR/Quintal
2024-01-22,Maize,Telangana,Warangal,Warangal Wholesale,2238.0,1835.0,2510.0,1933.0,INR/Quintal
2019-09-13,Sugarcane,Maharashtra,Nashik,Nashik Wholesale,414.0,340.0,464.0,2859.0,INR/Quintal
2015-11-07,Sugarcane,Maharashtra,Pune,Pune Wholesale,314.0,258.0,352.0,635.0,INR/Quintal
2022-02-09,Pulses,Maharashtra,Nashik,Nashik Wholesale,6523.0,5349.0,7315.0,3831.0,INR/Quintal
2020-10-04,Wheat,Haryana,Karnal,Karnal Wholesale,1926.0,1579.0,2160.0,1389.0,INR/Quintal
2016-03-18,Apple,Himachal Pradesh,Mandi,Mandi Wholesale,4048.0,3320.0,4539.0,3154.0,INR/Quintal
2018-06-14,Sugarcane,Uttar Pradesh,Kanpur,Kanpur Wholesale,429.0,352.0,481.0,4683.0,INR/Quintal
2017-05-19,Maize,Karnataka,Hubli,Hubli Wholesale,1695.0,1390.0,1901.0,5574.0,INR/Quintal
2023-12-13,Rice,Andhra Pradesh,Visakhapatnam,Visakhapatnam Wholesale,1388.0,1138.0,1557.0,1657.0,INR/Quintal
2016-08-07,Wheat,Rajasthan,Jodhpur,Jodhpur Wholesale,1911.0,1567.0,2143.0,2148.0,INR/Quintal
2019-05-14,Coffee,Karnataka,Hubli,Hubli Wholesale,21266.0,17440.0,23848.0,2994.0,INR/Quintal
2022-08-31,Tea,West Bengal,Kolkata,Kolkata Wholesale,16193.0,13280.0,18159.0,1058.0,INR/Quintal
2019-03-18,Coconut,Tamil Nadu,Chennai,Chennai Wholesale,1933.0,1585.0,2168.0,5614.0,INR/Quintal
2024-08-21,Potato,Bihar,Purnia,Purnia Wholesale,1000.0,820.0,1121.0,2908.0,INR/Quintal
2015-12-26,Cotton,Telangana,Nizamabad,Nizamabad Wholesale,5895.0,4834.0,6611.0,4483.0,INR/Quintal
2019-09-20,Cotton,Telangana,Hyderabad,Hyderabad Wholesale,7462.0,6119.0,8368.0,2529.0,INR/Quintal
2022-11-06,Rice,West Bengal,Darjeeling,Darjeeling Wholesale,2774.0,2275.0,3111.0,1079.0,INR/Quintal
2020-09-08,Wheat,Haryana,Gurgaon,Gurgaon Wholesale,2660.0,2181.0,2983.0,1912.0,INR/Quintal
2019-12-08,Pulses,Uttar Pradesh,Kanpur,Kanpur Wholesale,5112.0,4192.0,5733.0,3799.0,INR/Quintal
2020-07-04,Maize,Andhra Pradesh,Chittoor,Chittoor Wholesale,2206.0,1809.0,2474.0,1091.0,INR/Quintal
2020-11-25,Rice,Bihar,Muzaffarpur,Muzaffarpur Wholesale,3211.0,2633.0,3601.0,3439.0,INR/Quintal
2017-04-23,Potato,Uttar Pradesh,Kanpur,Kanpur Wholesale,1759.0,1443.0,1973.0,5424.0,INR/Quintal
2019-06-14,Sugarcane,Uttar Pradesh,Kanpur,Kanpur Wholesale,489.0,401.0,548.0,7125.0,INR/Quintal
2022-07-27,Pulses,Madhya Pradesh,Bhopal,Bhopal Wholesale,5195.0,4260.0,5826.0,2143.0,INR/Quintal
2017-06-09,Coconut,Kerala,Thrissur,Thrissur Wholesale,2977.0,2441.0,3338.0,2282.0,INR/Quintal
2020-06-14,Coconut,Karnataka,Hubli,Hubli Wholesale,2580.0,2116.0,2893.0,904.0,INR/Quintal
2020-06-05,Tea,Kerala,Ernakulam,Ernakulam Wholesale,14180.0,11629.0,15901.0,938.0,INR/Quintal
2017-08-17,Apple,Jammu and Kashmir,Srinagar,Srinagar Wholesale,3389.0,2779.0,3800.0,1280.0,INR/Quintal
2019-01-08,Pulses,Rajasthan,Jaipur,Jaipur Wholesale,5570.0,4568.0,6246.0,3991.0,INR/Quintal
2023-01-19,Rice,Telangana,Hyderabad,Hyderabad Wholesale,3343.0,2742.0,3749.0,2451.0,INR/Quintal
2019-01-01,Coffee,Kerala,Ernakulam,Ernakulam Wholesale,11301.0,9268.0,12673.0,3814.0,INR/Quintal
2017-01-01,Rice,West Bengal,Darjeeling,Darjeeling Wholesale,2463.0,2020.0,2762.0,4205.0,INR/Quintal
2016-08-28,Rice,Uttar Pradesh,Varanasi,Varanasi Wholesale,2729.0,2238.0,3060.0,5347.0,INR/Quintal
2021-11-09,Rice,Uttar Pradesh,Lucknow,Lucknow Wholesale,1860.0,1525.0,2086.0,2004.0,INR/Quintal
2016-09-06,Pulses,Uttar Pradesh,Varanasi,Varanasi Wholesale,4342.0,3561.0,4869.0,3099.0,INR/Quintal
2025-06-03,Rice,Punjab,Amritsar,Amritsar Wholesale,2781.0,2281.0,3119.0,3509.0,INR/Quintal
2022-07-08,Wheat,Haryana,Karnal,Karnal Wholesale,2443.0,2003.0,2740.0,3496.0,INR/Quintal
2020-06-27,Pulses,Madhya Pradesh,Bhopal,Bhopal Wholesale,3585.0,2940.0,4020.0,1368.0,INR/Quintal
2019-09-16,Sugarcane,Uttar Pradesh,Kanpur,Kanpur Wholesale,353.0,289.0,396.0,2877.0,INR/Quintal
2024-10-06,Wheat,Madhya Pradesh,Bhopal,Bhopal Wholesale,2033.0,1667.0,2280.0,1961.0,INR/Quintal
2016-11-04,Potato,West Bengal,Kolkata,Kolkata Wholesale,920.0,754.0,1032.0,809.0,INR/Quintal
2018-06-24,Sugarcane,Uttar Pradesh,Lucknow,Lucknow Wholesale,367.0,301.0,412.0,5765.0,INR/Quintal
2022-02-03,Tea,Assam,Kamrup,Kamrup Wholesale,15031.0,12327.0,16856.0,3708.0,INR/Quintal
2019-05-07,Cotton,Maharashtra,Nashik,Nashik Wholesale,6404.0,5252.0,7181.0,6671.0,INR/Quintal
2022-12-14,Pulses,Uttar Pradesh,Kanpur,Kanpur Wholesale,6403.0,5251.0,7180.0,3625.0,INR/Quintal
2019-05-31,Cotton,Andhra Pradesh,Visakhapatnam,Visakhapatnam Wholesale,4715.0,3867.0,5287.0,1073.0,INR/Quintal
2017-06-15,Pulses,Rajasthan,Jodhpur,Jodhpur Wholesale,4723.0,3873.0,5296.0,1804.0,INR/Quintal
2019-01-02,Sugarcane,Karnataka,Mysore,Mysore Wholesale,390.0,320.0,437.0,1416.0,INR/Quintal
2015-10-05,Tea,Kerala,Kozhikode,Kozhikode Wholesale,12149.0,9963.0,13624.0,2021.0,INR/Quintal
2016-07-05,Maize,Karnataka,Belgaum,Belgaum Wholesale,1965.0,1611.0,2204.0,666.0,INR/Quintal
2019-06-25,Maize,Maharashtra,Mumbai,Mumbai Wholesale,2318.0,1901.0,2599.0,2838.0,INR/Quintal
2020-11-28,Wheat,Uttar Pradesh,Kanpur,Kanpur Wholesale,1778.0,1458.0,1994.0,1113.0,INR/Quintal
2021-08-29,Rice,Tamil Nadu,Chennai,Chennai Wholesale,2881.0,2363.0,3231.0,419.0,INR/Quintal
2025-09-09,Rice,West Bengal,Kolkata,Kolkata Wholesale,2704.0,2217.0,3032.0,3713.0,INR/Quintal
2017-01-30,Maize,Andhra Pradesh,Visakhapatnam,Visakhapatnam Wholesale,2147.0,1761.0,2408.0,6876.0,INR/Quintal
2023-12-07,Sugarcane,Uttar Pradesh,Varanasi,Varanasi Wholesale,466.0,382.0,523.0,4500.0,INR/Quintal
2024-10-01,Apple,Jammu and Kashmir,Srinagar,Srinagar Wholesale,7240.0,5937.0,8119.0,466.0,INR/Quintal
2022-07-04,Tea,Kerala,Ernakulam,Ernakulam Wholesale,6009.0,4928.0,6738.0,3128.0,INR/Quintal
2018-12-20,Wheat,Punjab,Amritsar,Amritsar Wholesale,2364.0,1939.0,2651.0,6980.0,INR/Quintal
2016-02-09,Sugarcane,Karnataka,Mysore,Mysore Wholesale,351.0,288.0,394.0,6022.0,INR/Quintal
2018-09-20,Rice,West Bengal,Kolkata,Kolkata Wholesale,1133.0,929.0,1271.0,2271.0,INR/Quintal
2018-05-17,Wheat,Haryana,Karnal,Karnal Wholesale,1707.0,1400.0,1914.0,1346.0,INR/Quintal
2015-01-22,Cotton,Telangana,Nizamabad,Nizamabad Wholesale,6872.0,5636.0,7706.0,929.0,INR/Quintal
2016-11-08,Apple,Himachal Pradesh,Shimla,Shimla Wholesale,5360.0,4396.0,6011.0,1927.0,INR/Quintal
2022-04-12,Oilseeds,Maharashtra,Nagpur,Nagpur Wholesale,5571.0,4569.0,6247.0,7274.0,INR/Quintal
2020-07-21,Potato,West Bengal,Kolkata,Kolkata Wholesale,2230.0,1829.0,2501.0,2295.0,INR/Quintal
2018-05-16,Coconut,Kerala,Ernakulam,Ernakulam Wholesale,3146.0,2580.0,3528.0,1819.0,INR/Quintal
2020-08-17,Apple,Himachal Pradesh,Shimla,Shimla Wholesale,9372.0,7686.0,10510.0,1258.0,INR/Quintal
2022-07-12,Wheat,Uttar Pradesh,Lucknow,Lucknow Wholesale,2898.0,2377.0,3250.0,5268.0,INR/Quintal
2025-04-16,Rice,West Bengal,Darjeeling,Darjeeling Wholesale,2051.0,1682.0,2300.0,5256.0,INR/Quintal
2019-12-14,Sugarcane,Uttar Pradesh,Kanpur,Kanpur Wholesale,361.0,296.0,405.0,4905.0,INR/Quintal
2016-06-12,Cotton,Andhra Pradesh,Visakhapatnam,Visakhapatnam Wholesale,6095.0,4998.0,6835.0,1850.0,INR/Quintal
2020-07-30,Potato,Punjab,Amritsar,Amritsar Wholesale,1417.0,1162.0,1589.0,2144.0,INR/Quintal
2022-04-03,Apple,Himachal Pradesh,Shimla,Shimla Wholesale,4650.0,3813.0,5215.0,2367.0,INR/Quintal
2019-08-04,Potato,Uttar Pradesh,Varanasi,Varanasi Wholesale,1698.0,1392.0,1904.0,4565.0,INR/Quintal
2016-10-18,Wheat,Rajasthan,Jaipur,Jaipur Wholesale,2125.0,1743.0,2383.0,530.0,INR/Quintal
2015-06-15,Potato,Punjab,Amritsar,Amritsar Wholesale,1795.0,1472.0,2013.0,2014.0,INR/Quintal
2017-04-28,Cotton,Gujarat,Vadodara,Vadodara Wholesale,6177.0,5066.0,6927.0,5385.0,INR/Quintal
2016-05-10,Tea,West Bengal,Howrah,Howrah Wholesale,13274.0,10886.0,14885.0,2847.0,INR/Quintal
2016-08-12,Coconut,Tamil Nadu,Coimbatore,Coimbatore Wholesale,1938.0,1589.0,2173.0,2471.0,INR/Quintal
2016-03-04,Sugarcane,Maharashtra,Pune,Pune Wholesale,381.0,312.0,427.0,5521.0,INR/Quintal
2022-09-22,Wheat,Bihar,Muzaffarpur,Muzaffarpur Wholesale,2970.0,2436.0,3331.0,2795.0,INR/Quintal
2015-06-12,Potato,Punjab,Patiala,Patiala Wholesale,708.0,581.0,794.0,6189.0,INR/Quintal
2021-08-10,Tea,West Bengal,Darjeeling,Darjeeling Wholesale,13398.0,10987.0,15025.0,1433.0,INR/Quintal
2024-11-06,Sugarcane,Karnataka,Belgaum,Belgaum Wholesale,506.0,415.0,567.0,2745.0,INR/Quintal
2018-06-16,Pulses,Rajasthan,Udaipur,Udaipur Wholesale,4686.0,3843.0,5255.0,739.0,INR/Quintal
2015-03-13,Tea,West Bengal,Howrah,Howrah Wholesale,9399.0,7708.0,10540.0,6133.0,INR/Quintal
2024-08-17,Pulses,Madhya Pradesh,Bhopal,Bhopal Wholesale,4905.0,4022.0,5500.0,2549.0,INR/Quintal
2016-10-16,Coconut,Kerala,Ernakulam,Ernakulam Wholesale,1511.0,1239.0,1694.0,1094.0,INR/Quintal
2025-08-29,Pulses,Uttar Pradesh,Lucknow,Lucknow Wholesale,5241.0,4298.0,5877.0,1358.0,INR/Quintal
2024-10-20,Tea,West Bengal,Darjeeling,Darjeeling Wholesale,20904.0,17143.0,23442.0,664.0,INR/Quintal
2025-08-02,Potato,Bihar,Patna,Patna Wholesale,1635.0,1341.0,1833.0,2285.0,INR/Quintal
2015-09-26,Pulses,Uttar Pradesh,Varanasi,Varanasi Wholesale,3721.0,3052.0,4173.0,957.0,INR/Quintal
2019-11-12,Potato,West Bengal,Kolkata,Kolkata Wholesale,1206.0,989.0,1352.0,3331.0,INR/Quintal
2021-09-28,Potato,Punjab,Patiala,Patiala Wholesale,777.0,637.0,871.0,3729.0,INR/Quintal
2018-06-22,Sugarcane,Uttar Pradesh,Varanasi,Varanasi Wholesale,475.0,390.0,533.0,4894.0,INR/Quintal
2017-10-12,Coffee,Kerala,Ernakulam,Ernakulam Wholesale,13672.0,11212.0,15332.0,2632.0,INR/Quintal
2022-06-15,Cotton,Andhra Pradesh,Chittoor,Chittoor Wholesale,8399.0,6888.0,9419.0,2643.0,INR/Quintal
2017-12-19,Potato,Uttar Pradesh,Lucknow,Lucknow Wholesale,1083.0,888.0,1214.0,6840.0,INR/Quintal
2015-01-06,Sugarcane,Tamil Nadu,Chennai,Chennai Wholesale,425.0,349.0,477.0,843.0,INR/Quintal
2025-05-08,Oilseeds,Gujarat,Surat,Surat Wholesale,3600.0,2952.0,4037.0,1390.0,INR/Quintal
2017-09-08,Coconut,Kerala,Ernakulam,Ernakulam Wholesale,1221.0,1001.0,1369.0,1319.0,INR/Quintal
2022-03-02,Pulses,Rajasthan,Jodhpur,Jodhpur Wholesale,3745.0,3071.0,4200.0,2887.0,INR/Quintal
2025-08-24,Coconut,Tamil Nadu,Madurai,Madurai Wholesale,2876.0,2359.0,3225.0,526.0,INR/Quintal
2016-02-11,Wheat,Haryana,Hisar,Hisar Wholesale,1866.0,1530.0,2093.0,5385.0,INR/Quintal
2024-01-02,Apple,Himachal Pradesh,Mandi,Mandi Wholesale,7289.0,5978.0,8174.0,1083.0,INR/Quintal
2020-05-07,Potato,Uttar Pradesh,Kanpur,Kanpur Wholesale,1987.0,1629.0,2228.0,7749.0,INR/Quintal
2020-09-04,Tea,West Bengal,Darjeeling,Darjeeling Wholesale,10324.0,8466.0,11577.0,2233.0,INR/Quintal
2025-08-22,Pulses,Rajasthan,Udaipur,Udaipur Wholesale,5104.0,4186.0,5724.0,1630.0,INR/Quintal
2023-06-04,Pulses,Madhya Pradesh,Bhopal,Bhopal Wholesale,6865.0,5630.0,7698.0,3804.0,INR/Quintal
2017-09-12,Oilseeds,Gujarat,Surat,Surat Wholesale,3687.0,3024.0,4135.0,3309.0,INR/Quintal
2024-11-12,Wheat,Uttar Pradesh,Varanasi,Varanasi Wholesale,2956.0,2424.0,3315.0,3152.0,INR/Quintal
2016-01-25,Sugarcane,Maharashtra,Pune,Pune Wholesale,367.0,301.0,412.0,3956.0,INR/Quintal
2016-12-10,Oilseeds,Maharashtra,Nagpur,Nagpur Wholesale,3291.0,2699.0,3691.0,4440.0,INR/Quintal
2022-03-03,Cotton,Gujarat,Surat,Surat Wholesale,5447.0,4467.0,6108.0,2185.0,INR/Quintal
2019-01-11,Pulses,Uttar Pradesh,Lucknow,Lucknow Wholesale,6439.0,5280.0,7221.0,1551.0,INR/Quintal
2017-01-23,Potato,Punjab,Amritsar,Amritsar Wholesale,1956.0,1604.0,2193.0,3278.0,INR/Quintal
2021-01-02,Potato,West Bengal,Kolkata,Kolkata Wholesale,2332.0,1912.0,2615.0,5063.0,INR/Quintal
2018-11-12,Coconut,Andhra Pradesh,Krishna,Krishna Wholesale,1967.0,1613.0,2206.0,1691.0,INR/Quintal
2022-10-03,Oilseeds,Gujarat,Rajkot,Rajkot Wholesale,5392.0,4422.0,6047.0,967.0,INR/Quintal
2018-06-26,Coconut,Kerala,Ernakulam,Ernakulam Wholesale,1995.0,1636.0,2237.0,1188.0,INR/Quintal
2016-06-09,Cotton,Gujarat,Ahmedabad,Ahmedabad Wholesale,5524.0,4530.0,6195.0,4266.0,INR/Quintal
2019-01-25,Maize,Madhya Pradesh,Bhopal,Bhopal Wholesale,2274.0,1865.0,2550.0,3002.0,INR/Quintal
2020-08-22,Rice,Andhra Pradesh,Chittoor,Chittoor Wholesale,1558.0,1278.0,1747.0,3195.0,INR/Quintal
2023-01-29,Tea,West Bengal,Darjeeling,Darjeeling Wholesale,10718.0,8790.0,12019.0,2465.0,INR/Quintal
2021-08-28,Tea,Kerala,Ernakulam,Ernakulam Wholesale,8652.0,7095.0,9702.0,2697.0,INR/Quintal
2016-07-09,Maize,Karnataka,Belgaum,Belgaum Wholesale,2048.0,1680.0,2297.0,2368.0,INR/Quintal
2023-01-13,Pulses,Madhya Pradesh,Bhopal,Bhopal Wholesale,5106.0,4187.0,5726.0,2587.0,INR/Quintal
2024-07-02,Sugarcane,Tamil Nadu,Madurai,Madurai Wholesale,449.0,368.0,504.0,4460.0,INR/Quintal
2015-01-19,Wheat,Haryana,Faridabad,Faridabad Wholesale,2499.0,2049.0,2802.0,7900.0,INR/Quintal
2016-07-28,Coconut,Andhra Pradesh,Krishna,Krishna Wholesale,1821.0,1493.0,2042.0,3546.0,INR/Quintal
2024-10-02,Maize,Telangana,Hyderabad,Hyderabad Wholesale,1839.0,1508.0,2062.0,3165.0,INR/Quintal
2022-08-30,Cotton,Andhra Pradesh,Krishna,Krishna Wholesale,7102.0,5824.0,7964.0,2609.0,INR/Quintal
2017-09-30,Apple,Himachal Pradesh,Kangra,Kangra Wholesale,8173.0,6702.0,9165.0,659.0,INR/Quintal
2021-10-02,Potato,Bihar,Muzaffarpur,Muzaffarpur Wholesale,713.0,585.0,800.0,1420.0,INR/Quintal
2024-05-01,Rice,West Bengal,Kolkata,Kolkata Wholesale,2842.0,2331.0,3187.0,3814.0,INR/Quintal
2021-10-02,Pulses,Uttar Pradesh,Varanasi,Varanasi Wholesale,3667.0,3007.0,4112.0,3578.0,INR/Quintal
2020-04-22,Rice,West Bengal,Kolkata,Kolkata Wholesale,2361.0,1936.0,2648.0,3434.0,INR/Quintal
2020-04-23,Wheat,Madhya Pradesh,Bhopal,Bhopal Wholesale,2021.0,1657.0,2266.0,4512.0,INR/Quintal
2019-06-24,Potato,Bihar,Patna,Patna Wholesale,1075.0,882.0,1206.0,2420.0,INR/Quintal
2019-08-26,Cotton,Andhra Pradesh,Krishna,Krishna Wholesale,6049.0,4961.0,6783.0,1537.0,INR/Quintal
2020-12-09,Tea,West Bengal,Darjeeling,Darjeeling Wholesale,19694.0,16151.0,22085.0,590.0,INR/Quintal
2016-03-07,Wheat,Bihar,Purnia,Purnia Wholesale,2277.0,1867.0,2553.0,6328.0,INR/Quintal
2020-09-22,Maize,Andhra Pradesh,Guntur,Guntur Wholesale,2457.0,2015.0,2755.0,3536.0,INR/Quintal
2020-03-10,Tea,Assam,Kamrup,Kamrup Wholesale,13340.0,10940.0,14959.0,3401.0,INR/Quintal
2020-04-27,Tea,Assam,Cachar,Cachar Wholesale,5832.0,4783.0,6540.0,4271.0,INR/Quintal
2018-09-02,Cotton,Maharashtra,Nagpur,Nagpur Wholesale,5228.0,4287.0,5863.0,3773.0,INR/Quintal
2021-08-25,Maize,Karnataka,Bangalore,Bangalore Wholesale,2485.0,2038.0,2787.0,3821.0,INR/Quintal
2015-05-25,Oilseeds,Rajasthan,Jaipur,Jaipur Wholesale,3930.0,3223.0,4407.0,1801.0,INR/Quintal
2024-04-21,Wheat,Punjab,Ludhiana,Ludhiana Wholesale,3152.0,2585.0,3535.0,5663.0,INR/Quintal
2021-08-07,Sugarcane,Uttar Pradesh,Kanpur,Kanpur Wholesale,382.0,313.0,428.0,1048.0,INR/Quintal
2017-12-09,Coffee,Tamil Nadu,Coimbatore,Coimbatore Wholesale,11642.0,9547.0,13055.0,5328.0,INR/Quintal
2017-12-24,Apple,Himachal Pradesh,Mandi,Mandi Wholesale,5611.0,4601.0,6292.0,2467.0,INR/Quintal
2021-07-30,Potato,Punjab,Amritsar,Amritsar Wholesale,1168.0,958.0,1310.0,5165.0,INR/Quintal
2017-03-10,Cotton,Andhra Pradesh,Chittoor,Chittoor Wholesale,5041.0,4134.0,5653.0,3968.0,INR/Quintal
2023-11-10,Potato,Punjab,Ludhiana,Ludhiana Wholesale,1445.0,1185.0,1620.0,3487.0,INR/Quintal
2023-10-18,Wheat,Uttar Pradesh,Varanasi,Varanasi Wholesale,2656.0,2178.0,2978.0,2730.0,INR/Quintal
2022-11-13,Maize,Telangana,Hyderabad,Hyderabad Wholesale,1829.0,1500.0,2051.0,1392.0,INR/Quintal
2018-02-25,Sugarcane,Maharashtra,Nagpur,Nagpur Wholesale,340.0,279.0,381.0,4709.0,INR/Quintal
2021-09-11,Coffee,Tamil Nadu,Madurai,Madurai Wholesale,18499.0,15171.0,20745.0,570.0,INR/Quintal
2020-05-10,Coconut,Kerala,Ernakulam,Ernakulam Wholesale,2206.0,1809.0,2474.0,4566.0,INR/Quintal
2023-01-06,Rice,Odisha,Bhubaneswar,Bhubaneswar Wholesale,2620.0,2149.0,2938.0,2493.0,INR/Quintal
2016-04-07,Sugarcane,Tamil Nadu,Coimbatore,Coimbatore Wholesale,379.0,311.0,425.0,6476.0,INR/Quintal
2019-11-10,Cotton,Maharashtra,Nashik,Nashik Wholesale,7472.0,6128.0,8379.0,4154.0,INR/Quintal
2020-08-07,Potato,Uttar Pradesh,Lucknow,Lucknow Wholesale,1539.0,1262.0,1726.0,2004.0,INR/Quintal
2025-09-12,Sugarcane,Maharashtra,Pune,Pune Wholesale,570.0,467.0,639.0,1364.0,INR/Quintal
2017-03-18,Pulses,Madhya Pradesh,Bhopal,Bhopal Wholesale,4804.0,3940.0,5387.0,5180.0,INR/Quintal
2015-07-06,Maize,Telangana,Nizamabad,Nizamabad Wholesale,1493.0,1224.0,1674.0,3041.0,INR/Quintal
2019-10-10,Maize,Maharashtra,Mumbai,Mumbai Wholesale,1742.0,1429.0,1953.0,1562.0,INR/Quintal
2017-01-01,Pulses,Madhya Pradesh,Bhopal,Bhopal Wholesale,4840.0,3969.0,5428.0,739.0,INR/Quintal
2020-04-19,Tea,West Bengal,Howrah,Howrah Wholesale,14214.0,11657.0,15940.0,5039.0,INR/Quintal
2018-04-28,Tea,West Bengal,Kolkata,Kolkata Wholesale,15530.0,12736.0,17415.0,2583.0,INR/Quintal
2018-11-12,Wheat,Haryana,Faridabad,Faridabad Wholesale,1880.0,1542.0,2108.0,1780.0,INR/Quintal
2016-03-04,Oilseeds,Maharashtra,Nagpur,Nagpur Wholesale,4096.0,3359.0,4593.0,6434.0,INR/Quintal
2022-12-15,Rice,West Bengal,Howrah,Howrah Wholesale,3094.0,2537.0,3470.0,3912.0,INR/Quintal
2018-07-31,Pulses,Uttar Pradesh,Lucknow,Lucknow Wholesale,5482.0,4496.0,6148.0,3400.0,INR/Quintal
2021-04-03,Wheat,Madhya Pradesh,Bhopal,Bhopal Wholesale,2339.0,1918.0,2623.0,4779.0,INR/Quintal
2018-05-02,Potato,West Bengal,Howrah,Howrah Wholesale,2166.0,1776.0,2429.0,4501.0,INR/Quintal
2018-08-03,Pulses,Uttar Pradesh,Lucknow,Lucknow Wholesale,4594.0,3767.0,5152.0,5019.0,INR/Quintal
2017-02-09,Oilseeds,Madhya Pradesh,Bhopal,Bhopal Wholesale,2459.0,2017.0,2758.0,1368.0,INR/Quintal
2017-01-27,Apple,Jammu and Kashmir,Srinagar,Srinagar Wholesale,7534.0,6178.0,8449.0,844.0,INR/Quintal
2015-05-16,Pulses,Rajasthan,Udaipur,Udaipur Wholesale,3637.0,2983.0,4079.0,781.0,INR/Quintal
2017-03-02,Oilseeds,Rajasthan,Jodhpur,Jodhpur Wholesale,4388.0,3598.0,4921.0,1702.0,INR/Quintal
2025-07-21,Oilseeds,Gujarat,Ahmedabad,Ahmedabad Wholesale,3298.0,2705.0,3698.0,4970.0,INR/Quintal
2015-06-20,Oilseeds,Madhya Pradesh,Bhopal,Bhopal Wholesale,2051.0,1682.0,2300.0,3866.0,INR/Quintal
2021-01-15,Apple,Himachal Pradesh,Kangra,Kangra Wholesale,4931.0,4044.0,5530.0,2255.0,INR/Quintal
2021-02-26,Maize,Madhya Pradesh,Bhopal,Bhopal Wholesale,1861.0,1526.0,2087.0,2867.0,INR/Quintal
2024-09-28,Sugarcane,Uttar Pradesh,Varanasi,Varanasi Wholesale,401.0,329.0,450.0,4214.0,INR/Quintal
2019-04-30,Maize,Andhra Pradesh,Guntur,Guntur Wholesale,1565.0,1283.0,1755.0,4521.0,INR/Quintal
2017-08-19,Wheat,Punjab,Amritsar,Amritsar Wholesale,2401.0,1969.0,2692.0,573.0,INR/Quintal
2025-07-14,Maize,Madhya Pradesh,Bhopal,Bhopal Wholesale,2561.0,2100.0,2872.0,1875.0,INR/Quintal
2022-03-15,Apple,Himachal Pradesh,Kangra,Kangra Wholesale,9433.0,7736.0,10578.0,2077.0,INR/Quintal
2024-10-15,Maize,Telangana,Nizamabad,Nizamabad Wholesale,2592.0,2126.0,2907.0,1130.0,INR/Quintal
2017-05-25,Potato,West Bengal,Kolkata,Kolkata Wholesale,1198.0,982.0,1343.0,1790.0,INR/Quintal
2021-08-15,Pulses,Uttar Pradesh,Varanasi,Varanasi Wholesale,6611.0,5422.0,7414.0,1923.0,INR/Quintal
2015-04-13,Maize,Bihar,Muzaffarpur,Muzaffarpur Wholesale,1726.0,1415.0,1936.0,4165.0,INR/Quintal
2017-09-28,Coffee,Karnataka,Belgaum,Belgaum Wholesale,15913.0,13050.0,17845.0,891.0,INR/Quintal
2018-02-22,Oilseeds,Maharashtra,Pune,Pune Wholesale,4530.0,3715.0,5080.0,6128.0,INR/Quintal
2024-04-07,Pulses,Maharashtra,Nashik,Nashik Wholesale,4625.0,3793.0,5186.0,3934.0,INR/Quintal
2023-04-12,Tea,West Bengal,Howrah,Howrah Wholesale,19188.0,15736.0,21517.0,2896.0,INR/Quintal
2022-10-16,Potato,Bihar,Muzaffarpur,Muzaffarpur Wholesale,1384.0,1135.0,1552.0,3059.0,INR/Quintal
2019-01-21,Apple,Himachal Pradesh,Shimla,Shimla Wholesale,4480.0,3674.0,5024.0,1597.0,INR/Quintal
2024-01-15,Sugarcane,Maharashtra,Nashik,Nashik Wholesale,404.0,331.0,453.0,3293.0,INR/Quintal
2016-10-19,Potato,Uttar Pradesh,Lucknow,Lucknow Wholesale,770.0,631.0,863.0,4943.0,INR/Quintal
2023-01-08,Oilseeds,Gujarat,Ahmedabad,Ahmedabad Wholesale,5793.0,4751.0,6496.0,2977.0,INR/Quintal
2018-05-05,Pulses,Madhya Pradesh,Bhopal,Bhopal Wholesale,6510.0,5339.0,7300.0,4016.0,INR/Quintal
2022-08-12,Sugarcane,Tamil Nadu,Coimbatore,Coimbatore Wholesale,428.0,351.0,480.0,2254.0,INR/Quintal
2016-02-27,Rice,Punjab,Ludhiana,Ludhiana Wholesale,1632.0,1338.0,1830.0,2714.0,INR/Quintal
2022-03-04,Cotton,Maharashtra,Mumbai,Mumbai Wholesale,5634.0,4620.0,6318.0,5505.0,INR/Quintal
2025-01-29,Potato,West Bengal,Darjeeling,Darjeeling Wholesale,2256.0,1850.0,2530.0,2257.0,INR/Quintal
2015-06-20,Sugarcane,Tamil Nadu,Madurai,Madurai Wholesale,331.0,271.0,371.0,1278.0,INR/Quintal
2024-06-15,Wheat,Bihar,Gaya,Gaya Wholesale,3079.0,2525.0,3453.0,889.0,INR/Quintal
2021-01-29,Sugarcane,Karnataka,Belgaum,Belgaum Wholesale,472.0,387.0,529.0,2008.0,INR/Quintal
2022-06-03,Cotton,Gujarat,Rajkot,Rajkot Wholesale,8097.0,6640.0,9080.0,4577.0,INR/Quintal
2016-03-28,Oilseeds,Gujarat,Surat,Surat Wholesale,3772.0,3093.0,4230.0,6663.0,INR/Quintal
2021-07-25,Pulses,Rajasthan,Jaipur,Jaipur Wholesale,5985.0,4908.0,6712.0,2605.0,INR/Quintal
2020-05-29,Rice,West Bengal,Howrah,Howrah Wholesale,2575.0,2112.0,2888.0,2170.0,INR/Quintal
2019-07-16,Wheat,Punjab,Amritsar,Amritsar Wholesale,2611.0,2141.0,2928.0,4430.0,INR/Quintal
2021-12-16,Sugarcane,Karnataka,Hubli,Hubli Wholesale,502.0,412.0,563.0,1690.0,INR/Quintal
2022-04-21,Coffee,Kerala,Kozhikode,Kozhikode Wholesale,18244.0,14961.0,20459.0,3328.0,INR/Quintal
2023-06-03,Maize,Maharashtra,Nashik,Nashik Wholesale,2272.0,1863.0,2548.0,5840.0,INR/Quintal
2023-08-31,Oilseeds,Madhya Pradesh,Bhopal,Bhopal Wholesale,5909.0,4846.0,6626.0,405.0,INR/Quintal
2023-02-14,Potato,Uttar Pradesh,Lucknow,Lucknow Wholesale,2350.0,1927.0,2635.0,9323.0,INR/Quintal
2020-08-15,Potato,Uttar Pradesh,Kanpur,Kanpur Wholesale,1721.0,1411.0,1930.0,4688.0,INR/Quintal
2015-10-15,Cotton,Maharashtra,Mumbai,Mumbai Wholesale,4023.0,3299.0,4511.0,3779.0,INR/Quintal
2019-06-30,Oilseeds,Gujarat,Ahmedabad,Ahmedabad Wholesale,2591.0,2125.0,2906.0,4333.0,INR/Quintal
2023-10-23,Wheat,Punjab,Amritsar,Amritsar Wholesale,2924.0,2398.0,3279.0,4404.0,INR/Quintal
2025-07-21,Tea,West Bengal,Darjeeling,Darjeeling Wholesale,9122.0,7481.0,10229.0,4652.0,INR/Quintal
2018-12-18,Rice,Tamil Nadu,Madurai,Madurai Wholesale,1555.0,1275.0,1744.0,4362.0,INR/Quintal
2020-03-28,Apple,Himachal Pradesh,Kangra,Kangra Wholesale,5253.0,4308.0,5891.0,1353.0,INR/Quintal
2016-08-30,Wheat,Rajasthan,Jaipur,Jaipur Wholesale,2163.0,1774.0,2426.0,1690.0,INR/Quintal
2016-04-01,Rice,Telangana,Warangal,Warangal Wholesale,2218.0,1819.0,2487.0,2286.0,INR/Quintal
2019-10-31,Coconut,Karnataka,Hubli,Hubli Wholesale,1768.0,1450.0,1983.0,3961.0,INR/Quintal
2018-05-10,Pulses,Rajasthan,Udaipur,Udaipur Wholesale,3949.0,3238.0,4428.0,3663.0,INR/Quintal
2018-05-20,Pulses,Madhya Pradesh,Bhopal,Bhopal Wholesale,5770.0,4732.0,6470.0,2810.0,INR/Quintal
2017-10-26,Oilseeds,Maharashtra,Mumbai,Mumbai Wholesale,5095.0,4178.0,5714.0,3864.0,INR/Quintal
2022-04-25,Oilseeds,Maharashtra,Nagpur,Nagpur Wholesale,2612.0,2142.0,2929.0,7523.0,INR/Quintal
2021-08-20,Potato,Uttar Pradesh,Kanpur,Kanpur Wholesale,826.0,677.0,926.0,1772.0,INR/Quintal
2016-03-22,Apple,Himachal Pradesh,Mandi,Mandi Wholesale,7037.0,5771.0,7891.0,2020.0,INR/Quintal
2017-04-14,Apple,Himachal Pradesh,Mandi,Mandi Wholesale,8188.0,6715.0,9182.0,1680.0,INR/Quintal
2023-09-13,Maize,Madhya Pradesh,Bhopal,Bhopal Wholesale,2469.0,2025.0,2769.0,2224.0,INR/Quintal
2025-03-11,Cotton,Telangana,Warangal,Warangal Wholesale,8007.0,6566.0,8979.0,2581.0,INR/Quintal
2017-03-21,Coconut,Kerala,Ernakulam,Ernakulam Wholesale,2941.0,2412.0,3298.0,3838.0,INR/Quintal
2018-11-25,Coconut,Karnataka,Bangalore,Bangalore Wholesale,1564.0,1283.0,1754.0,2163.0,INR/Quintal
2023-09-03,Maize,Bihar,Gaya,Gaya Wholesale,1621.0,1329.0,1818.0,700.0,INR/Quintal
2018-11-12,Wheat,Uttar Pradesh,Kanpur,Kanpur Wholesale,2306.0,1891.0,2586.0,1252.0,INR/Quintal
2017-08-16,Potato,Bihar,Gaya,Gaya Wholesale,1837.0,1506.0,2060.0,767.0,INR/Quintal
2019-01-15,Rice,Odisha,Bhubaneswar,Bhubaneswar Wholesale,2424.0,1988.0,2718.0,669.0,INR/Quintal
2022-12-06,Tea,Kerala,Thrissur,Thrissur Wholesale,15932.0,13065.0,17866.0,2319.0,INR/Quintal
2017-03-19,Apple,Jammu and Kashmir,Srinagar,Srinagar Wholesale,7396.0,6065.0,8294.0,1832.0,INR/Quintal
2017-09-05,Sugarcane,Maharashtra,Mumbai,Mumbai Wholesale,429.0,352.0,481.0,974.0,INR/Quintal
2021-09-29,Coconut,Tamil Nadu,Chennai,Chennai Wholesale,1322.0,1084.0,1482.0,2505.0,INR/Quintal
2016-12-26,Coffee,Kerala,Kozhikode,Kozhikode Wholesale,9572.0,7850.0,10734.0,2552.0,INR/Quintal
2024-10-15,Coconut,Tamil Nadu,Madurai,Madurai Wholesale,3263.0,2676.0,3659.0,946.0,INR/Quintal
2021-11-06,Apple,Jammu and Kashmir,Srinagar,Srinagar Wholesale,4710.0,3863.0,5282.0,788.0,INR/Quintal
2024-03-16,Pulses,Uttar Pradesh,Lucknow,Lucknow Wholesale,3920.0,3215.0,4396.0,7601.0,INR/Quintal
2024-11-14,Maize,Andhra Pradesh,Chittoor,Chittoor Wholesale,2681.0,2199.0,3006.0,587.0,INR/Quintal
2018-05-01,Cotton,Telangana,Nizamabad,Nizamabad Wholesale,7273.0,5964.0,8156.0,1202.0,INR/Quintal
2021-01-06,Tea,Assam,Cachar,Cachar Wholesale,8478.0,6953.0,9507.0,4583.0,INR/Quintal
2020-03-18,Tea,Kerala,Thrissur,Thrissur Wholesale,13250.0,10866.0,14859.0,3953.0,INR/Quintal
2022-09-07,Pulses,Maharashtra,Pune,Pune Wholesale,3804.0,3120.0,4266.0,2356.0,INR/Quintal
2017-02-17,Coffee,Kerala,Ernakulam,Ernakulam Wholesale,12106.0,9928.0,13576.0,3360.0,INR/Quintal
2017-08-30,Oilseeds,Madhya Pradesh,Bhopal,Bhopal Wholesale,4103.0,3365.0,4601.0,2551.0,INR/Quintal
2022-09-11,Apple,Jammu and Kashmir,Srinagar,Srinagar Wholesale,8247.0,6763.0,9248.0,1201.0,INR/Quintal
2023-05-08,Tea,Assam,Cachar,Cachar Wholesale,6329.0,5190.0,7097.0,1804.0,INR/Quintal
2019-03-19,Wheat,Madhya Pradesh,Bhopal,Bhopal Wholesale,2045.0,1677.0,2293.0,2819.0,INR/Quintal
2018-11-17,Wheat,Madhya Pradesh,Bhopal,Bhopal Wholesale,1869.0,1533.0,2096.0,2292.0,INR/Quintal
2024-04-10,Oilseeds,Rajasthan,Jaipur,Jaipur Wholesale,6345.0,5203.0,7115.0,726.0,INR/Quintal
2020-10-24,Rice,Telangana,Nizamabad,Nizamabad Wholesale,2693.0,2208.0,3020.0,3168.0,INR/Quintal
2016-08-21,Potato,Bihar,Purnia,Purnia Wholesale,1142.0,937.0,1281.0,1812.0,INR/Quintal
2024-02-24,Oilseeds,Rajasthan,Udaipur,Udaipur Wholesale,2828.0,2319.0,3171.0,1913.0,INR/Quintal
2015-08-13,Coconut,Andhra Pradesh,Krishna,Krishna Wholesale,2197.0,1802.0,2464.0,4070.0,INR/Quintal
2019-04-03,Coffee,Karnataka,Hubli,Hubli Wholesale,19343.0,15863.0,21691.0,1431.0,INR/Quintal
2020-11-30,Wheat,Rajasthan,Udaipur,Udaipur Wholesale,2664.0,2185.0,2987.0,403.0,INR/Quintal
2021-04-17,Coconut,Tamil Nadu,Coimbatore,Coimbatore Wholesale,1861.0,1526.0,2087.0,4965.0,INR/Quintal
2024-01-18,Tea,West Bengal,Darjeeling,Darjeeling Wholesale,22577.0,18515.0,25318.0,2824.0,INR/Quintal
2017-04-20,Wheat,Rajasthan,Udaipur,Udaipur Wholesale,2056.0,1686.0,2306.0,3475.0,INR/Quintal
2019-12-20,Sugarcane,Uttar Pradesh,Varanasi,Varanasi Wholesale,386.0,317.0,433.0,1213.0,INR/Quintal
2016-12-14,Potato,Uttar Pradesh,Varanasi,Varanasi Wholesale,1053.0,864.0,1181.0,3340.0,INR/Quintal
2018-01-11,Cotton,Maharashtra,Pune,Pune Wholesale,6059.0,4969.0,6795.0,2331.0,INR/Quintal
2015-05-05,Apple,Jammu and Kashmir,Srinagar,Srinagar Wholesale,7684.0,6301.0,8617.0,1761.0,INR/Quintal
2023-11-21,Sugarcane,Karnataka,Mysore,Mysore Wholesale,509.0,417.0,571.0,1423.0,INR/Quintal
2017-12-28,Apple,Jammu and Kashmir,Srinagar,Srinagar Wholesale,6239.0,5116.0,6996.0,1024.0,INR/Quintal
2023-07-16,Rice,Uttar Pradesh,Kanpur,Kanpur Wholesale,1644.0,1348.0,1844.0,5336.0,INR/Quintal
2023-01-10,Pulses,Maharashtra,Pune,Pune Wholesale,4276.0,3507.0,4795.0,6906.0,INR/Quintal
2018-07-03,Sugarcane,Tamil Nadu,Chennai,Chennai Wholesale,409.0,335.0,459.0,3508.0,INR/Quintal
2019-10-17,Rice,Assam,Cachar,Cachar Wholesale,2752.0,2257.0,3086.0,1440.0,INR/Quintal
2015-01-30,Rice,West Bengal,Darjeeling,Darjeeling Wholesale,2502.0,2052.0,2806.0,3889.0,INR/Quintal
2021-05-17,Apple,Himachal Pradesh,Shimla,Shimla Wholesale,5360.0,4396.0,6011.0,2072.0,INR/Quintal
2023-02-19,Cotton,Gujarat,Ahmedabad,Ahmedabad Wholesale,5332.0,4373.0,5979.0,6708.0,INR/Quintal
2020-07-10,Pulses,Uttar Pradesh,Lucknow,Lucknow Wholesale,4776.0,3917.0,5356.0,5736.0,INR/Quintal
2024-01-22,Maize,Madhya Pradesh,Bhopal,Bhopal Wholesale,2690.0,2206.0,3017.0,4314.0,INR/Quintal
2024-02-02,Coconut,Karnataka,Belgaum,Belgaum Wholesale,2655.0,2177.0,2977.0,5749.0,INR/Quintal
2021-08-12,Oilseeds,Gujarat,Ahmedabad,Ahmedabad Wholesale,3493.0,2865.0,3917.0,1031.0,INR/Quintal
2016-05-09,Tea,Assam,Kamrup,Kamrup Wholesale,8483.0,6957.0,9513.0,3555.0,INR/Quintal
2023-06-24,Coffee,Kerala,Thrissur,Thrissur Wholesale,11885.0,9747.0,13328.0,3333.0,INR/Quintal
2019-05-29,Coffee,Karnataka,Mysore,Mysore Wholesale,16852.0,13820.0,18898.0,5630.0,INR/Quintal
2016-12-18,Coconut,Andhra Pradesh,Visakhapatnam,Visakhapatnam Wholesale,2660.0,2181.0,2983.0,5594.0,INR/Quintal
2024-10-01,Coconut,Karnataka,Mysore,Mysore Wholesale,3730.0,3059.0,4183.0,2273.0,INR/Quintal
2017-10-13,Apple,Himachal Pradesh,Mandi,Mandi Wholesale,6422.0,5267.0,7202.0,1276.0,INR/Quintal
2024-10-05,Coffee,Karnataka,Bangalore,Bangalore Wholesale,13979.0,11464.0,15676.0,442.0,INR/Quintal
2018-08-30,Maize,Bihar,Gaya,Gaya Wholesale,2052.0,1683.0,2301.0,2278.0,INR/Quintal
2016-08-28,Oilseeds,Maharashtra,Pune,Pune Wholesale,4398.0,3607.0,4932.0,2530.0,INR/Quintal
2016-01-10,Coffee,Tamil Nadu,Madurai,Madurai Wholesale,8670.0,7110.0,9723.0,6110.0,INR/Quintal
2022-05-10,Oilseeds,Madhya Pradesh,Bhopal,Bhopal Wholesale,5506.0,4515.0,6174.0,4193.0,INR/Quintal
2020-05-14,Tea,West Bengal,Darjeeling,Darjeeling Wholesale,18345.0,15044.0,20572.0,5173.0,INR/Quintal
2017-11-14,Apple,Himachal Pradesh,Shimla,Shimla Wholesale,6253.0,5128.0,7012.0,322.0,INR/Quintal
2018-09-19,Coconut,Karnataka,Hubli,Hubli Wholesale,2312.0,1896.0,2593.0,1778.0,INR/Quintal
2024-05-19,Coffee,Tamil Nadu,Chennai,Chennai Wholesale,19981.0,16386.0,22407.0,4595.0,INR/Quintal
2015-04-26,Apple,Himachal Pradesh,Kangra,Kangra Wholesale,7022.0,5759.0,7874.0,399.0,INR/Quintal
2020-09-26,Pulses,Madhya Pradesh,Bhopal,Bhopal Wholesale,3507.0,2876.0,3933.0,874.0,INR/Quintal
2025-06-06,Rice,Bihar,Patna,Patna Wholesale,1618.0,1327.0,1814.0,4494.0,INR/Quintal
2019-12-07,Coffee,Tamil Nadu,Madurai,Madurai Wholesale,10588.0,8683.0,11873.0,1192.0,INR/Quintal
2020-11-16,Oilseeds,Madhya Pradesh,Bhopal,Bhopal Wholesale,4907.0,4024.0,5503.0,497.0,INR/Quintal
2019-01-22,Rice,West Bengal,Darjeeling,Darjeeling Wholesale,2106.0,1727.0,2362.0,3937.0,INR/Quintal
2019-03-27,Cotton,Andhra Pradesh,Visakhapatnam,Visakhapatnam Wholesale,6313.0,5177.0,7079.0,7424.0,INR/Quintal
2019-06-09,Coconut,Andhra Pradesh,Guntur,Guntur Wholesale,2851.0,2338.0,3197.0,5107.0,INR/Quintal
2021-09-18,Coffee,Tamil Nadu,Coimbatore,Coimbatore Wholesale,13555.0,11116.0,15201.0,3763.0,INR/Quintal
2023-12-30,Coffee,Kerala,Thrissur,Thrissur Wholesale,21063.0,17273.0,23620.0,3113.0,INR/Quintal
2016-11-15,Sugarcane,Maharashtra,Nagpur,Nagpur Wholesale,377.0,309.0,423.0,2727.0,INR/Quintal
2023-01-29,Rice,Uttar Pradesh,Varanasi,Varanasi Wholesale,2175.0,1784.0,2439.0,8211.0,INR/Quintal
2021-12-25,Coffee,Tamil Nadu,Chennai,Chennai Wholesale,13448.0,11028.0,15081.0,2662.0,INR/Quintal
2025-05-20,Pulses,Rajasthan,Udaipur,Udaipur Wholesale,7663.0,6284.0,8593.0,1671.0,INR/Quintal
2019-01-11,Tea,West Bengal,Kolkata,Kolkata Wholesale,17095.0,14019.0,19170.0,3184.0,INR/Quintal
2023-01-20,Rice,Bihar,Patna,Patna Wholesale,1290.0,1058.0,1447.0,4787.0,INR/Quintal
2019-05-19,Tea,Assam,Dibrugarh,Dibrugarh Wholesale,16323.0,13386.0,18305.0,4259.0,INR/Quintal
2021-04-24,Potato,Punjab,Ludhiana,Ludhiana Wholesale,1963.0,1610.0,2201.0,3986.0,INR/Quintal
2022-12-01,Oilseeds,Madhya Pradesh,Bhopal,Bhopal Wholesale,2962.0,2429.0,3322.0,2064.0,INR/Quintal
2020-12-08,Cotton,Maharashtra,Mumbai,Mumbai Wholesale,4863.0,3988.0,5453.0,5905.0,INR/Quintal
2017-03-20,Sugarcane,Maharashtra,Pune,Pune Wholesale,367.0,301.0,412.0,1203.0,INR/Quintal
2017-09-04,Pulses,Uttar Pradesh,Varanasi,Varanasi Wholesale,5165.0,4236.0,5792.0,4229.0,INR/Quintal
2020-10-02,Cotton,Gujarat,Surat,Surat Wholesale,6727.0,5517.0,7544.0,2260.0,INR/Quintal
2023-05-25,Sugarcane,Uttar Pradesh,Lucknow,Lucknow Wholesale,423.0,347.0,474.0,3785.0,INR/Quintal
2018-09-16,Apple,Himachal Pradesh,Mandi,Mandi Wholesale,6269.0,5141.0,7030.0,879.0,INR/Quintal
2017-02-22,Cotton,Gujarat,Vadodara,Vadodara Wholesale,4914.0,4030.0,5511.0,3604.0,INR/Quintal
2015-08-29,Apple,Jammu and Kashmir,Srinagar,Srinagar Wholesale,3253.0,2668.0,3648.0,1156.0,INR/Quintal
2019-11-14,Coconut,Andhra Pradesh,Guntur,Guntur Wholesale,2278.0,1868.0,2555.0,4769.0,INR/Quintal
2019-04-03,Cotton,Telangana,Warangal,Warangal Wholesale,5646.0,4630.0,6331.0,3074.0,INR/Quintal
2016-04-27,Wheat,Punjab,Amritsar,Amritsar Wholesale,2104.0,1725.0,2359.0,8026.0,INR/Quintal
2017-10-09,Oilseeds,Rajasthan,Jaipur,Jaipur Wholesale,5130.0,4207.0,5753.0,1966.0,INR/Quintal
2015-07-06,Maize,Bihar,Purnia,Purnia Wholesale,1343.0,1101.0,1506.0,1690.0,INR/Quintal
2020-02-25,Sugarcane,Maharashtra,Mumbai,Mumbai Wholesale,345.0,283.0,387.0,5147.0,INR/Quintal
2022-05-27,Pulses,Rajasthan,Udaipur,Udaipur Wholesale,3909.0,3206.0,4384.0,2818.0,INR/Quintal
2021-04-28,Rice,Chhattisgarh,Raipur,Raipur Wholesale,2272.0,1863.0,2548.0,534.0,INR/Quintal
2017-08-10,Coconut,Karnataka,Belgaum,Belgaum Wholesale,2559.0,2099.0,2870.0,1858.0,INR/Quintal
2018-10-19,Coconut,Kerala,Thrissur,Thrissur Wholesale,2356.0,1932.0,2642.0,2941.0,INR/Quintal
2016-05-05,Cotton,Andhra Pradesh,Visakhapatnam,Visakhapatnam Wholesale,5649.0,4633.0,6335.0,4647.0,INR/Quintal
2016-03-06,Cotton,Maharashtra,Nashik,Nashik Wholesale,5214.0,4276.0,5847.0,3387.0,INR/Quintal
2015-08-27,Sugarcane,Maharashtra,Mumbai,Mumbai Wholesale,346.0,284.0,388.0,1564.0,INR/Quintal
2021-06-09,Apple,Himachal Pradesh,Mandi,Mandi Wholesale,6336.0,5196.0,7105.0,721.0,INR/Quintal
2021-06-03,Potato,West Bengal,Kolkata,Kolkata Wholesale,1673.0,1372.0,1876.0,2538.0,INR/Quintal
2015-03-17,Maize,Karnataka,Belgaum,Belgaum Wholesale,1368.0,1122.0,1534.0,1959.0,INR/Quintal
2025-04-29,Cotton,Andhra Pradesh,Visakhapatnam,Visakhapatnam Wholesale,8208.0,6731.0,9204.0,1676.0,INR/Quintal
2018-09-18,Coffee,Kerala,Kozhikode,Kozhikode Wholesale,16244.0,13321.0,18216.0,1197.0,INR/Quintal
2020-04-07,Wheat,Uttar Pradesh,Varanasi,Varanasi Wholesale,2035.0,1669.0,2282.0,6107.0,INR/Quintal
2023-05-05,Tea,Assam,Dibrugarh,Dibrugarh Wholesale,12414.0,10180.0,13921.0,1066.0,INR/Quintal
2019-11-17,Wheat,Uttar Pradesh,Lucknow,Lucknow Wholesale,2758.0,2262.0,3093.0,892.0,INR/Quintal
2022-05-13,Maize,Andhra Pradesh,Chittoor,Chittoor Wholesale,1477.0,1211.0,1656.0,905.0,INR/Quintal
2024-09-15,Coconut,Tamil Nadu,Coimbatore,Coimbatore Wholesale,1777.0,1457.0,1993.0,1311.0,INR/Quintal
2017-04-06,Coffee,Tamil Nadu,Madurai,Madurai Wholesale,13474.0,11050.0,15110.0,1879.0,INR/Quintal
2021-05-19,Coconut,Kerala,Thrissur,Thrissur Wholesale,2687.0,2204.0,3013.0,2693.0,INR/Quintal
2016-08-13,Coconut,Tamil Nadu,Coimbatore,Coimbatore Wholesale,1467.0,1203.0,1645.0,2077.0,INR/Quintal
2020-10-20,Wheat,Bihar,Patna,Patna Wholesale,2796.0,2293.0,3135.0,1452.0,INR/Quintal
2024-02-17,Tea,Assam,Cachar,Cachar Wholesale,14511.0,11900.0,16273.0,4284.0,INR/Quintal
2022-07-13,Rice,Uttar Pradesh,Kanpur,Kanpur Wholesale,3333.0,2733.0,3738.0,3535.0,INR/Quintal
2020-03-17,Oilseeds,Maharashtra,Mumbai,Mumbai Wholesale,3436.0,2818.0,3853.0,1541.0,INR/Quintal
2020-03-25,Rice,Punjab,Ludhiana,Ludhiana Wholesale,3057.0,2507.0,3428.0,3570.0,INR/Quintal
2016-07-28,Oilseeds,Rajasthan,Jaipur,Jaipur Wholesale,3229.0,2648.0,3621.0,2904.0,INR/Quintal
2023-05-06,Potato,Punjab,Patiala,Patiala Wholesale,1090.0,894.0,1222.0,8446.0,INR/Quintal
2017-06-10,Potato,West Bengal,Darjeeling,Darjeeling Wholesale,1980.0,1624.0,2220.0,1811.0,INR/Quintal
2020-08-21,Apple,Jammu and Kashmir,Srinagar,Srinagar Wholesale,3980.0,3264.0,4463.0,371.0,INR/Quintal
2015-05-21,Potato,Punjab,Patiala,Patiala Wholesale,1914.0,1570.0,2146.0,4710.0,INR/Quintal
2019-11-25,Wheat,Rajasthan,Udaipur,Udaipur Wholesale,2194.0,1799.0,2460.0,1587.0,INR/Quintal
2024-12-05,Potato,Punjab,Patiala,Patiala Wholesale,2526.0,2072.0,2833.0,3518.0,INR/Quintal
2015-01-17,Coconut,Karnataka,Hubli,Hubli Wholesale,2079.0,1705.0,2331.0,3646.0,INR/Quintal
2017-12-22,Oilseeds,Rajasthan,Jaipur,Jaipur Wholesale,4529.0,3714.0,5079.0,1081.0,INR/Quintal
2015-09-10,Rice,Punjab,Patiala,Patiala Wholesale,1014.0,832.0,1137.0,1068.0,INR/Quintal
2016-04-09,Sugarcane,Karnataka,Bangalore,Bangalore Wholesale,386.0,317.0,433.0,4250.0,INR/Quintal
2016-01-11,Cotton,Gujarat,Rajkot,Rajkot Wholesale,6399.0,5248.0,7176.0,6481.0,INR/Quintal
2020-01-02,Oilseeds,Maharashtra,Pune,Pune Wholesale,5001.0,4101.0,5608.0,1674.0,INR/Quintal
2023-04-17,Rice,Telangana,Hyderabad,Hyderabad Wholesale,1632.0,1338.0,1830.0,4163.0,INR/Quintal
2016-06-03,Rice,Chhattisgarh,Raipur,Raipur Wholesale,1893.0,1552.0,2123.0,1729.0,INR/Quintal
2020-02-04,Cotton,Telangana,Warangal,Warangal Wholesale,6046.0,4958.0,6780.0,2067.0,INR/Quintal
2015-03-31,Coffee,Kerala,Kozhikode,Kozhikode Wholesale,9244.0,7581.0,10366.0,4513.0,INR/Quintal
2016-12-20,Coconut,Tamil Nadu,Chennai,Chennai Wholesale,1943.0,1593.0,2179.0,2810.0,INR/Quintal
2022-10-22,Sugarcane,Maharashtra,Nashik,Nashik Wholesale,509.0,417.0,571.0,3007.0,INR/Quintal
2022-10-14,Coffee,Tamil Nadu,Coimbatore,Coimbatore Wholesale,13337.0,10937.0,14956.0,2030.0,INR/Quintal
2016-09-21,Coffee,Kerala,Thrissur,Thrissur Wholesale,13587.0,11142.0,15236.0,485.0,INR/Quintal
2020-02-28,Rice,Chhattisgarh,Raipur,Raipur Wholesale,3360.0,2755.0,3768.0,2802.0,INR/Quintal
2023-11-21,Tea,Assam,Tinsukia,Tinsukia Wholesale,6593.0,5407.0,7393.0,1622.0,INR/Quintal
2015-03-17,Pulses,Maharashtra,Mumbai,Mumbai Wholesale,4775.0,3916.0,5355.0,1505.0,INR/Quintal
2025-02-01,Oilseeds,Maharashtra,Pune,Pune Wholesale,5499.0,4510.0,6167.0,5210.0,INR/Quintal
2017-07-14,Wheat,Bihar,Patna,Patna Wholesale,2397.0,1966.0,2688.0,463.0,INR/Quintal
2025-03-23,Coconut,Tamil Nadu,Chennai,Chennai Wholesale,3161.0,2592.0,3545.0,2057.0,INR/Quintal
2021-09-13,Coffee,Karnataka,Mysore,Mysore Wholesale,21699.0,17795.0,24333.0,3091.0,INR/Quintal
2019-12-11,Potato,West Bengal,Kolkata,Kolkata Wholesale,659.0,540.0,739.0,738.0,INR/Quintal
2017-08-27,Wheat,Rajasthan,Udaipur,Udaipur Wholesale,2156.0,1768.0,2418.0,1767.0,INR/Quintal
2017-12-30,Maize,Karnataka,Bangalore,Bangalore Wholesale,2102.0,1724.0,2357.0,5251.0,INR/Quintal
2020-07-21,Coconut,Kerala,Ernakulam,Ernakulam Wholesale,1366.0,1120.0,1532.0,864.0,INR/Quintal
2023-11-26,Tea,West Bengal,Howrah,Howrah Wholesale,7619.0,6248.0,8544.0,2222.0,INR/Quintal
2023-10-01,Wheat,Punjab,Ludhiana,Ludhiana Wholesale,2870.0,2354.0,3218.0,3431.0,INR/Quintal
2018-11-05,Cotton,Maharashtra,Pune,Pune Wholesale,6689.0,5485.0,7501.0,2792.0,INR/Quintal
2024-03-18,Coconut,Karnataka,Hubli,Hubli Wholesale,2317.0,1900.0,2598.0,4707.0,INR/Quintal
2022-10-15,Pulses,Maharashtra,Pune,Pune Wholesale,7044.0,5777.0,7899.0,2231.0,INR/Quintal
2015-07-14,Sugarcane,Karnataka,Bangalore,Bangalore Wholesale,415.0,340.0,465.0,1092.0,INR/Quintal
2015-08-16,Cotton,Maharashtra,Mumbai,Mumbai Wholesale,6904.0,5662.0,7742.0,867.0,INR/Quintal
2024-08-03,Coffee,Kerala,Ernakulam,Ernakulam Wholesale,24323.0,19947.0,27276.0,2280.0,INR/Quintal
2018-12-30,Tea,Kerala,Kozhikode,Kozhikode Wholesale,9626.0,7894.0,10795.0,1259.0,INR/Quintal
2025-07-25,Tea,West Bengal,Howrah,Howrah Wholesale,19573.0,16051.0,21949.0,4033.0,INR/Quintal
2016-04-05,Coffee,Kerala,Thrissur,Thrissur Wholesale,16511.0,13540.0,18515.0,3874.0,INR/Quintal
2016-09-09,Pulses,Rajasthan,Jaipur,Jaipur Wholesale,5597.0,4590.0,6276.0,354.0,INR/Quintal
2023-06-20,Rice,Andhra Pradesh,Visakhapatnam,Visakhapatnam Wholesale,3193.0,2619.0,3581.0,1687.0,INR/Quintal
2015-03-05,Wheat,Uttar Pradesh,Varanasi,Varanasi Wholesale,1653.0,1356.0,1854.0,3537.0,INR/Quintal
2021-01-21,Potato,Punjab,Amritsar,Amritsar Wholesale,1004.0,823.0,1126.0,5477.0,INR/Quintal
2020-09-05,Coffee,Karnataka,Bangalore,Bangalore Wholesale,14154.0,11607.0,15872.0,3191.0,INR/Quintal
2024-04-05,Potato,Bihar,Gaya,Gaya Wholesale,2194.0,1799.0,2460.0,972.0,INR/Quintal
2023-05-18,Wheat,Haryana,Karnal,Karnal Wholesale,2865.0,2350.0,3213.0,2613.0,INR/Quintal
2015-10-12,Pulses,Maharashtra,Mumbai,Mumbai Wholesale,4486.0,3679.0,5031.0,2110.0,INR/Quintal
2019-08-11,Rice,Assam,Dibrugarh,Dibrugarh Wholesale,2421.0,1985.0,2715.0,785.0,INR/Quintal
2021-05-17,Sugarcane,Maharashtra,Nashik,Nashik Wholesale,500.0,410.0,561.0,4416.0,INR/Quintal
2017-04-17,Pulses,Madhya Pradesh,Bhopal,Bhopal Wholesale,4174.0,3423.0,4681.0,2672.0,INR/Quintal
2017-04-10,Apple,Himachal Pradesh,Mandi,Mandi Wholesale,3791.0,3109.0,4251.0,1212.0,INR/Quintal
2018-04-02,Potato,West Bengal,Howrah,Howrah Wholesale,1334.0,1094.0,1496.0,3916.0,INR/Quintal
2023-02-13,Tea,West Bengal,Darjeeling,Darjeeling Wholesale,21036.0,17251.0,23590.0,2912.0,INR/Quintal
2015-08-12,Coconut,Andhra Pradesh,Chittoor,Chittoor Wholesale,2581.0,2117.0,2894.0,1816.0,INR/Quintal
2017-02-22,Tea,Assam,Tinsukia,Tinsukia Wholesale,9186.0,7533.0,10301.0,1708.0,INR/Quintal
2023-10-23,Maize,Maharashtra,Pune,Pune Wholesale,1568.0,1286.0,1758.0,2821.0,INR/Quintal
2023-04-01,Oilseeds,Rajasthan,Jaipur,Jaipur Wholesale,4849.0,3977.0,5438.0,2203.0,INR/Quintal
2017-08-07,Cotton,Andhra Pradesh,Visakhapatnam,Visakhapatnam Wholesale,6894.0,5654.0,7731.0,1229.0,INR/Quintal
2023-06-29,Cotton,Telangana,Hyderabad,Hyderabad Wholesale,7434.0,6096.0,8336.0,503.0,INR/Quintal
2015-02-14,Coffee,Kerala,Ernakulam,Ernakulam Wholesale,13101.0,10744.0,14691.0,1188.0,INR/Quintal
2019-12-16,Potato,Uttar Pradesh,Varanasi,Varanasi Wholesale,767.0,629.0,860.0,1039.0,INR/Quintal
2016-04-15,Cotton,Maharashtra,Nashik,Nashik Wholesale,6934.0,5686.0,7776.0,4000.0,INR/Quintal
2020-09-12,Cotton,Gujarat,Surat,Surat Wholesale,5552.0,4553.0,6226.0,1271.0,INR/Quintal
2022-05-24,Pulses,Maharashtra,Nagpur,Nagpur Wholesale,4444.0,3644.0,4984.0,3576.0,INR/Quintal
2024-07-30,Sugarcane,Maharashtra,Pune,Pune Wholesale,536.0,440.0,601.0,2191.0,INR/Quintal
2017-04-09,Potato,West Bengal,Darjeeling,Darjeeling Wholesale,2090.0,1714.0,2344.0,4048.0,INR/Quintal
2020-03-24,Maize,Andhra Pradesh,Chittoor,Chittoor Wholesale,2139.0,1754.0,2399.0,5862.0,INR/Quintal
2021-03-18,Sugarcane,Karnataka,Bangalore,Bangalore Wholesale,465.0,381.0,521.0,3799.0,INR/Quintal
2020-03-06,Maize,Maharashtra,Nashik,Nashik Wholesale,1747.0,1433.0,1959.0,1316.0,INR/Quintal
2022-01-25,Potato,Uttar Pradesh,Kanpur,Kanpur Wholesale,642.0,526.0,720.0,998.0,INR/Quintal
2016-11-22,Rice,Odisha,Bhubaneswar,Bhubaneswar Wholesale,1425.0,1169.0,1598.0,1117.0,INR/Quintal
2018-10-22,Rice,Assam,Cachar,Cachar Wholesale,2364.0,1939.0,2651.0,1428.0,INR/Quintal
2017-07-20,Cotton,Gujarat,Vadodara,Vadodara Wholesale,4721.0,3872.0,5294.0,716.0,INR/Quintal
2017-04-20,Coffee,Tamil Nadu,Madurai,Madurai Wholesale,18736.0,15365.0,21011.0,2737.0,INR/Quintal
2025-06-11,Tea,West Bengal,Howrah,Howrah Wholesale,10735.0,8804.0,12038.0,4941.0,INR/Quintal
2023-05-17,Coconut,Tamil Nadu,Chennai,Chennai Wholesale,2535.0,2079.0,2843.0,1145.0,INR/Quintal
2020-04-22,Pulses,Madhya Pradesh,Bhopal,Bhopal Wholesale,5216.0,4278.0,5849.0,4806.0,INR/Quintal
2019-04-23,Cotton,Andhra Pradesh,Krishna,Krishna Wholesale,6509.0,5338.0,7299.0,6584.0,INR/Quintal
2022-03-14,Coconut,Tamil Nadu,Chennai,Chennai Wholesale,2002.0,1642.0,2245.0,6068.0,INR/Quintal
2023-09-23,Oilseeds,Gujarat,Ahmedabad,Ahmedabad Wholesale,5730.0,4699.0,6426.0,3685.0,INR/Quintal
2021-04-05,Coconut,Andhra Pradesh,Visakhapatnam,Visakhapatnam Wholesale,2229.0,1828.0,2500.0,1300.0,INR/Quintal
2024-04-29,Rice,Telangana,Nizamabad,Nizamabad Wholesale,3048.0,2500.0,3418.0,1338.0,INR/Quintal
2021-10-24,Cotton,Maharashtra,Nagpur,Nagpur Wholesale,6971.0,5717.0,7817.0,1063.0,INR/Quintal
2015-05-28,Tea,West Bengal,Kolkata,Kolkata Wholesale,7406.0,6073.0,8305.0,1266.0,INR/Quintal
2017-10-29,Coconut,Karnataka,Bangalore,Bangalore Wholesale,2380.0,1952.0,2669.0,1608.0,INR/Quintal
2018-08-04,Maize,Madhya Pradesh,Bhopal,Bhopal Wholesale,1908.0,1565.0,2140.0,2508.0,INR/Quintal
2016-01-23,Apple,Himachal Pradesh,Shimla,Shimla Wholesale,8490.0,6962.0,9521.0,939.0,INR/Quintal
2023-07-19,Maize,Madhya Pradesh,Bhopal,Bhopal Wholesale,2580.0,2116.0,2893.0,1087.0,INR/Quintal
2020-02-17,Wheat,Madhya Pradesh,Bhopal,Bhopal Wholesale,1899.0,1557.0,2130.0,3569.0,INR/Quintal
2024-10-28,Pulses,Madhya Pradesh,Bhopal,Bhopal Wholesale,4121.0,3380.0,4621.0,554.0,INR/Quintal
2017-07-04,Coffee,Kerala,Ernakulam,Ernakulam Wholesale,12227.0,10027.0,13711.0,1442.0,INR/Quintal
2020-02-22,Maize,Karnataka,Belgaum,Belgaum Wholesale,2515.0,2062.0,2820.0,2535.0,INR/Quintal
2022-05-09,Coconut,Tamil Nadu,Chennai,Chennai Wholesale,1262.0,1035.0,1415.0,5456.0,INR/Quintal
2025-01-06,Wheat,Haryana,Karnal,Karnal Wholesale,2825.0,2317.0,3168.0,4533.0,INR/Quintal
2025-04-06,Rice,Punjab,Ludhiana,Ludhiana Wholesale,2882.0,2363.0,3232.0,6442.0,INR/Quintal
2015-10-05,Maize,Maharashtra,Pune,Pune Wholesale,1847.0,1515.0,2071.0,1040.0,INR/Quintal
2020-05-31,Coffee,Kerala,Ernakulam,Ernakulam Wholesale,12212.0,10015.0,13695.0,4306.0,INR/Quintal
2020-02-03,Cotton,Gujarat,Rajkot,Rajkot Wholesale,5382.0,4414.0,6035.0,2950.0,INR/Quintal
2023-04-25,Tea,Assam,Dibrugarh,Dibrugarh Wholesale,11540.0,9464.0,12941.0,3710.0,INR/Quintal
2024-03-25,Apple,Himachal Pradesh,Kangra,Kangra Wholesale,4861.0,3986.0,5451.0,3117.0,INR/Quintal
2019-12-31,Oilseeds,Rajasthan,Jodhpur,Jodhpur Wholesale,2491.0,2043.0,2793.0,1952.0,INR/Quintal
2022-03-21,Maize,Telangana,Nizamabad,Nizamabad Wholesale,1559.0,1279.0,1748.0,3257.0,INR/Quintal
2020-01-08,Oilseeds,Rajasthan,Jaipur,Jaipur Wholesale,4277.0,3507.0,4796.0,827.0,INR/Quintal
2022-05-20,Oilseeds,Rajasthan,Udaipur,Udaipur Wholesale,3864.0,3169.0,4333.0,1816.0,INR/Quintal
2016-09-09,Oilseeds,Madhya Pradesh,Bhopal,Bhopal Wholesale,2967.0,2433.0,3327.0,2428.0,INR/Quintal
2019-06-19,Coconut,Kerala,Ernakulam,Ernakulam Wholesale,1827.0,1498.0,2049.0,886.0,INR/Quintal
2020-12-22,Coconut,Karnataka,Mysore,Mysore Wholesale,1627.0,1334.0,1825.0,5092.0,INR/Quintal
2016-08-02,Sugarcane,Tamil Nadu,Chennai,Chennai Wholesale,373.0,306.0,418.0,2852.0,INR/Quintal
2018-03-16,Oilseeds,Maharashtra,Nagpur,Nagpur Wholesale,2844.0,2332.0,3189.0,4046.0,INR/Quintal
2016-05-04,Sugarcane,Uttar Pradesh,Varanasi,Varanasi Wholesale,417.0,342.0,468.0,5105.0,INR/Quintal
2021-11-30,Tea,West Bengal,Kolkata,Kolkata Wholesale,8835.0,7245.0,9908.0,1101.0,INR/Quintal
2018-03-28,Oilseeds,Madhya Pradesh,Bhopal,Bhopal Wholesale,5281.0,4331.0,5922.0,1538.0,INR/Quintal
2016-01-19,Wheat,Punjab,Patiala,Patiala Wholesale,1638.0,1343.0,1837.0,3086.0,INR/Quintal
2015-06-12,Oilseeds,Madhya Pradesh,Bhopal,Bhopal Wholesale,4830.0,3961.0,5416.0,1785.0,INR/Quintal
2021-10-24,Potato,Uttar Pradesh,Kanpur,Kanpur Wholesale,2065.0,1693.0,2316.0,5129.0,INR/Quintal
2020-02-20,Coconut,Karnataka,Hubli,Hubli Wholesale,2716.0,2227.0,3046.0,2985.0,INR/Quintal
2018-04-27,Pulses,Uttar Pradesh,Lucknow,Lucknow Wholesale,6253.0,5128.0,7012.0,5399.0,INR/Quintal
2021-09-28,Wheat,Madhya Pradesh,Bhopal,Bhopal Wholesale,1934.0,1586.0,2169.0,688.0,INR/Quintal
2018-09-24,Coffee,Tamil Nadu,Coimbatore,Coimbatore Wholesale,10475.0,8590.0,11747.0,2935.0,INR/Quintal
2019-06-19,Maize,Karnataka,Hubli,Hubli Wholesale,1626.0,1333.0,1823.0,3323.0,INR/Quintal
2018-04-19,Tea,Assam,Dibrugarh,Dibrugarh Wholesale,8118.0,6657.0,9104.0,2499.0,INR/Quintal
2015-10-15,Tea,West Bengal,Howrah,Howrah Wholesale,9730.0,7979.0,10911.0,3878.0,INR/Quintal
2020-02-01,Potato,West Bengal,Kolkata,Kolkata Wholesale,1568.0,1286.0,1758.0,6247.0,INR/Quintal
2015-07-06,Potato,Punjab,Amritsar,Amritsar Wholesale,542.0,444.0,608.0,4421.0,INR/Quintal
2020-03-22,Potato,Uttar Pradesh,Kanpur,Kanpur Wholesale,1234.0,1012.0,1384.0,9064.0,INR/Quintal
2018-03-07,Potato,West Bengal,Kolkata,Kolkata Wholesale,948.0,777.0,1063.0,4349.0,INR/Quintal
2015-05-10,Potato,Uttar Pradesh,Varanasi,Varanasi Wholesale,1410.0,1156.0,1581.0,7282.0,INR/Quintal
2021-02-19,Rice,West Bengal,Darjeeling,Darjeeling Wholesale,3505.0,2874.0,3931.0,3246.0,INR/Quintal
2021-06-21,Cotton,Maharashtra,Pune,Pune Wholesale,6552.0,5373.0,7347.0,1157.0,INR/Quintal
2025-07-23,Coconut,Tamil Nadu,Chennai,Chennai Wholesale,2407.0,1974.0,2699.0,4650.0,INR/Quintal
2020-03-02,Tea,Kerala,Thrissur,Thrissur Wholesale,8986.0,7369.0,10077.0,1295.0,INR/Quintal
2015-05-24,Potato,Uttar Pradesh,Kanpur,Kanpur Wholesale,1677.0,1375.0,1881.0,2815.0,INR/Quintal
2015-01-16,Maize,Andhra Pradesh,Guntur,Guntur Wholesale,1272.0,1043.0,1426.0,1703.0,INR/Quintal
2024-03-27,Apple,Jammu and Kashmir,Srinagar,Srinagar Wholesale,9905.0,8123.0,11107.0,1050.0,INR/Quintal
2021-10-06,Rice,Odisha,Bhubaneswar,Bhubaneswar Wholesale,2166.0,1776.0,2429.0,1200.0,INR/Quintal
2015-09-02,Wheat,Uttar Pradesh,Varanasi,Varanasi Wholesale,1814.0,1488.0,2034.0,3365.0,INR/Quintal
2017-07-15,Apple,Himachal Pradesh,Mandi,Mandi Wholesale,9177.0,7526.0,10291.0,2118.0,INR/Quintal
2023-09-14,Wheat,Madhya Pradesh,Bhopal,Bhopal Wholesale,3020.0,2477.0,3387.0,412.0,INR/Quintal
2023-08-26,Sugarcane,Tamil Nadu,Chennai,Chennai Wholesale,491.0,403.0,551.0,3259.0,INR/Quintal
2020-12-16,Coconut,Karnataka,Hubli,Hubli Wholesale,1193.0,978.0,1338.0,1184.0,INR/Quintal
2017-06-25,Cotton,Andhra Pradesh,Chittoor,Chittoor Wholesale,6620.0,5429.0,7424.0,707.0,INR/Quintal
2017-06-05,Apple,Himachal Pradesh,Kangra,Kangra Wholesale,5454.0,4473.0,6116.0,1687.0,INR/Quintal
2015-12-07,Wheat,Uttar Pradesh,Lucknow,Lucknow Wholesale,1888.0,1548.0,2117.0,6645.0,INR/Quintal
2020-08-13,Potato,Uttar Pradesh,Varanasi,Varanasi Wholesale,849.0,696.0,952.0,1436.0,INR/Quintal
2024-04-21,Tea,Assam,Cachar,Cachar Wholesale,12998.0,10659.0,14576.0,2053.0,INR/Quintal
2018-12-04,Sugarcane,Tamil Nadu,Chennai,Chennai Wholesale,449.0,368.0,504.0,1385.0,INR/Quintal
2015-11-02,Pulses,Maharashtra,Mumbai,Mumbai Wholesale,3819.0,3132.0,4283.0,5060.0,INR/Quintal
2017-06-26,Rice,Punjab,Amritsar,Amritsar Wholesale,3050.0,2501.0,3420.0,2575.0,INR/Quintal
2022-04-08,Pulses,Rajasthan,Udaipur,Udaipur Wholesale,4337.0,3557.0,4864.0,2206.0,INR/Quintal
2025-05-20,Pulses,Uttar Pradesh,Lucknow,Lucknow Wholesale,4158.0,3410.0,4663.0,7808.0,INR/Quintal
2024-01-10,Potato,Uttar Pradesh,Lucknow,Lucknow Wholesale,1863.0,1528.0,2089.0,5154.0,INR/Quintal
2018-10-03,Pulses,Maharashtra,Pune,Pune Wholesale,6047.0,4959.0,6781.0,4520.0,INR/Quintal
2023-04-28,Pulses,Rajasthan,Jodhpur,Jodhpur Wholesale,7266.0,5959.0,8148.0,4117.0,INR/Quintal
2015-11-17,Wheat,Bihar,Muzaffarpur,Muzaffarpur Wholesale,2267.0,1859.0,2542.0,2191.0,INR/Quintal
2016-07-12,Coconut,Andhra Pradesh,Chittoor,Chittoor Wholesale,1441.0,1182.0,1616.0,3183.0,INR/Quintal
2018-04-19,Coffee,Karnataka,Bangalore,Bangalore Wholesale,23659.0,19402.0,26531.0,2129.0,INR/Quintal
2022-04-19,Sugarcane,Karnataka,Bangalore,Bangalore Wholesale,530.0,435.0,594.0,6870.0,INR/Quintal
2022-07-21,Pulses,Madhya Pradesh,Bhopal,Bhopal Wholesale,4222.0,3462.0,4735.0,1192.0,INR/Quintal
2018-11-10,Apple,Jammu and Kashmir,Srinagar,Srinagar Wholesale,6315.0,5179.0,7082.0,1368.0,INR/Quintal
2019-06-30,Cotton,Gujarat,Ahmedabad,Ahmedabad Wholesale,6347.0,5205.0,7118.0,2290.0,INR/Quintal
2025-07-30,Maize,Andhra Pradesh,Krishna,Krishna Wholesale,2135.0,1751.0,2394.0,1947.0,INR/Quintal
2025-07-10,Sugarcane,Maharashtra,Nagpur,Nagpur Wholesale,582.0,477.0,653.0,1069.0,INR/Quintal
2018-02-05,Cotton,Telangana,Nizamabad,Nizamabad Wholesale,4555.0,3735.0,5108.0,3424.0,INR/Quintal
2022-01-22,Maize,Bihar,Gaya,Gaya Wholesale,2211.0,1813.0,2479.0,1842.0,INR/Quintal
2021-09-23,Pulses,Madhya Pradesh,Bhopal,Bhopal Wholesale,4267.0,3499.0,4785.0,654.0,INR/Quintal
2024-03-21,Coffee,Karnataka,Bangalore,Bangalore Wholesale,20016.0,16415.0,22446.0,2174.0,INR/Quintal
2017-03-28,Oilseeds,Rajasthan,Jaipur,Jaipur Wholesale,4600.0,3772.0,5158.0,1483.0,INR/Quintal
2018-04-09,Tea,Assam,Cachar,Cachar Wholesale,8139.0,6675.0,9127.0,2790.0,INR/Quintal
2024-04-25,Cotton,Andhra Pradesh,Chittoor,Chittoor Wholesale,6579.0,5395.0,7378.0,3381.0,INR/Quintal
2021-12-15,Pulses,Madhya Pradesh,Bhopal,Bhopal Wholesale,6906.0,5663.0,7744.0,672.0,INR/Quintal
2023-12-11,Apple,Himachal Pradesh,Mandi,Mandi Wholesale,9285.0,7614.0,10412.0,1456.0,INR/Quintal
2015-01-12,Apple,Jammu and Kashmir,Srinagar,Srinagar Wholesale,5864.0,4809.0,6576.0,1861.0,INR/Quintal
2015-07-14,Sugarcane,Uttar Pradesh,Kanpur,Kanpur Wholesale,333.0,273.0,373.0,3932.0,INR/Quintal
2021-12-12,Wheat,Uttar Pradesh,Kanpur,Kanpur Wholesale,2272.0,1863.0,2548.0,7328.0,INR/Quintal
2022-10-13,Pulses,Rajasthan,Jaipur,Jaipur Wholesale,6440.0,5281.0,7222.0,490.0,INR/Quintal
2023-01-07,Oilseeds,Rajasthan,Udaipur,Udaipur Wholesale,5532.0,4537.0,6204.0,3377.0,INR/Quintal
2021-02-07,Pulses,Maharashtra,Nashik,Nashik Wholesale,4406.0,3613.0,4941.0,4546.0,INR/Quintal
2023-03-29,Pulses,Rajasthan,Jodhpur,Jodhpur Wholesale,6183.0,5071.0,6934.0,2591.0,INR/Quintal
2025-08-24,Apple,Himachal Pradesh,Kangra,Kangra Wholesale,4969.0,4075.0,5572.0,1050.0,INR/Quintal
2016-10-17,Tea,Assam,Cachar,Cachar Wholesale,5389.0,4419.0,6043.0,1163.0,INR/Quintal
2020-04-05,Apple,Jammu and Kashmir,Srinagar,Srinagar Wholesale,6605.0,5417.0,7407.0,988.0,INR/Quintal
2024-04-10,Wheat,Punjab,Amritsar,Amritsar Wholesale,2190.0,1796.0,2456.0,6318.0,INR/Quintal
2022-07-04,Cotton,Maharashtra,Pune,Pune Wholesale,5126.0,4204.0,5748.0,775.0,INR/Quintal
2020-09-08,Potato,West Bengal,Howrah,Howrah Wholesale,1834.0,1504.0,2057.0,2425.0,INR/Quintal
2019-06-08,Potato,West Bengal,Kolkata,Kolkata Wholesale,1397.0,1146.0,1567.0,4137.0,INR/Quintal
2025-04-07,Apple,Himachal Pradesh,Kangra,Kangra Wholesale,9983.0,8187.0,11195.0,1325.0,INR/Quintal
2025-08-03,Sugarcane,Maharashtra,Pune,Pune Wholesale,519.0,426.0,582.0,1422.0,INR/Quintal
2025-07-31,Coffee,Karnataka,Bangalore,Bangalore Wholesale,23963.0,19652.0,26872.0,1365.0,INR/Quintal
2018-01-24,Apple,Himachal Pradesh,Shimla,Shimla Wholesale,5440.0,4461.0,6100.0,499.0,INR/Quintal
2024-06-14,Pulses,Uttar Pradesh,Lucknow,Lucknow Wholesale,4813.0,3947.0,5397.0,1356.0,INR/Quintal
2017-02-16,Sugarcane,Tamil Nadu,Chennai,Chennai Wholesale,414.0,340.0,464.0,1732.0,INR/Quintal
2016-03-19,Coffee,Kerala,Ernakulam,Ernakulam Wholesale,10713.0,8785.0,12014.0,610.0,INR/Quintal
2015-10-25,Cotton,Andhra Pradesh,Guntur,Guntur Wholesale,6446.0,5286.0,7229.0,1508.0,INR/Quintal
2017-03-18,Apple,Jammu and Kashmir,Srinagar,Srinagar Wholesale,5951.0,4880.0,6673.0,977.0,INR/Quintal
2019-10-27,Cotton,Telangana,Hyderabad,Hyderabad Wholesale,5243.0,4300.0,5880.0,3317.0,INR/Quintal
2017-04-24,Wheat,Madhya Pradesh,Bhopal,Bhopal Wholesale,2253.0,1848.0,2527.0,5002.0,INR/Quintal
2017-10-12,Potato,West Bengal,Darjeeling,Darjeeling Wholesale,2033.0,1667.0,2280.0,1092.0,INR/Quintal
2018-10-16,Potato,Uttar Pradesh,Lucknow,Lucknow Wholesale,679.0,557.0,761.0,1620.0,INR/Quintal
2018-10-29,Apple,Jammu and Kashmir,Srinagar,Srinagar Wholesale,3866.0,3170.0,4335.0,803.0,INR/Quintal
2016-07-07,Sugarcane,Karnataka,Belgaum,Belgaum Wholesale,439.0,360.0,492.0,1094.0,INR/Quintal
2021-06-08,Apple,Himachal Pradesh,Shimla,Shimla Wholesale,4605.0,3776.0,5164.0,1384.0,INR/Quintal
2016-02-25,Tea,Assam,Dibrugarh,Dibrugarh Wholesale,5556.0,4556.0,6231.0,2315.0,INR/Quintal
2018-06-23,Potato,Bihar,Purnia,Purnia Wholesale,1114.0,914.0,1249.0,1961.0,INR/Quintal
2025-05-19,Tea,Kerala,Thrissur,Thrissur Wholesale,11310.0,9275.0,12683.0,3866.0,INR/Quintal
2018-06-14,Tea,West Bengal,Howrah,Howrah Wholesale,13988.0,11471.0,15686.0,4649.0,INR/Quintal
2024-11-14,Cotton,Gujarat,Ahmedabad,Ahmedabad Wholesale,7013.0,5751.0,7864.0,5044.0,INR/Quintal
2015-07-04,Wheat,Haryana,Gurgaon,Gurgaon Wholesale,2413.0,1979.0,2706.0,1790.0,INR/Quintal
2016-04-12,Coconut,Karnataka,Hubli,Hubli Wholesale,2613.0,2143.0,2930.0,6232.0,INR/Quintal
2022-09-02,Sugarcane,Tamil Nadu,Chennai,Chennai Wholesale,542.0,444.0,608.0,2249.0,INR/Quintal
2021-08-07,Maize,Bihar,Purnia,Purnia Wholesale,1978.0,1622.0,2218.0,2340.0,INR/Quintal
2018-07-30,Sugarcane,Tamil Nadu,Chennai,Chennai Wholesale,341.0,280.0,382.0,4239.0,INR/Quintal
2019-04-26,Tea,West Bengal,Darjeeling,Darjeeling Wholesale,19562.0,16042.0,21937.0,6571.0,INR/Quintal
2015-12-02,Coffee,Tamil Nadu,Madurai,Madurai Wholesale,7647.0,6271.0,8575.0,4148.0,INR/Quintal
2021-01-18,Coffee,Tamil Nadu,Madurai,Madurai Wholesale,19408.0,15916.0,21764.0,2613.0,INR/Quintal
2023-11-06,Wheat,Punjab,Amritsar,Amritsar Wholesale,1899.0,1557.0,2130.0,3447.0,INR/Quintal
2019-02-06,Cotton,Gujarat,Surat,Surat Wholesale,7038.0,5772.0,7892.0,4940.0,INR/Quintal
2025-01-20,Cotton,Telangana,Nizamabad,Nizamabad Wholesale,8858.0,7264.0,9933.0,4377.0,INR/Quintal
2024-04-16,Tea,Assam,Dibrugarh,Dibrugarh Wholesale,11294.0,9262.0,12665.0,3488.0,INR/Quintal
2020-08-21,Tea,West Bengal,Kolkata,Kolkata Wholesale,10225.0,8385.0,11466.0,1746.0,INR/Quintal
2018-12-18,Oilseeds,Rajasthan,Udaipur,Udaipur Wholesale,2920.0,2395.0,3274.0,1666.0,INR/Quintal
2023-08-11,Oilseeds,Madhya Pradesh,Bhopal,Bhopal Wholesale,4309.0,3534.0,4832.0,430.0,INR/Quintal
2016-08-10,Tea,Kerala,Kozhikode,Kozhikode Wholesale,6219.0,5100.0,6974.0,2759.0,INR/Quintal
2020-02-25,Potato,Bihar,Gaya,Gaya Wholesale,1736.0,1424.0,1947.0,1129.0,INR/Quintal
2015-07-20,Sugarcane,Tamil Nadu,Chennai,Chennai Wholesale,355.0,291.0,398.0,2908.0,INR/Quintal
2016-06-05,Potato,Uttar Pradesh,Varanasi,Varanasi Wholesale,1014.0,832.0,1137.0,6634.0,INR/Quintal
2020-03-02,Cotton,Andhra Pradesh,Krishna,Krishna Wholesale,6191.0,5077.0,6943.0,3734.0,INR/Quintal
2021-12-27,Maize,Madhya Pradesh,Bhopal,Bhopal Wholesale,2056.0,1686.0,2306.0,3280.0,INR/Quintal
2025-06-06,Sugarcane,Karnataka,Hubli,Hubli Wholesale,418.0,343.0,469.0,4529.0,INR/Quintal
2019-09-08,Potato,Bihar,Patna,Patna Wholesale,1749.0,1434.0,1961.0,539.0,INR/Quintal
2017-02-26,Potato,Punjab,Amritsar,Amritsar Wholesale,1934.0,1586.0,2169.0,4450.0,INR/Quintal
2023-07-08,Rice,Tamil Nadu,Coimbatore,Coimbatore Wholesale,1929.0,1582.0,2163.0,3375.0,INR/Quintal
2015-03-01,Sugarcane,Tamil Nadu,Coimbatore,Coimbatore Wholesale,327.0,268.0,367.0,3433.0,INR/Quintal
2016-07-31,Maize,Telangana,Warangal,Warangal Wholesale,2019.0,1656.0,2264.0,2259.0,INR/Quintal
2015-11-17,Wheat,Haryana,Faridabad,Faridabad Wholesale,1684.0,1381.0,1888.0,3778.0,INR/Quintal
2018-12-29,Wheat,Uttar Pradesh,Lucknow,Lucknow Wholesale,1680.0,1378.0,1884.0,1771.0,INR/Quintal
2025-02-24,Potato,West Bengal,Kolkata,Kolkata Wholesale,1858.0,1524.0,2084.0,3262.0,INR/Quintal
2025-04-05,Tea,Kerala,Kozhikode,Kozhikode Wholesale,8655.0,7098.0,9706.0,633.0,INR/Quintal
2024-07-11,Maize,Madhya Pradesh,Bhopal,Bhopal Wholesale,1742.0,1429.0,1953.0,798.0,INR/Quintal
2020-07-30,Maize,Karnataka,Belgaum,Belgaum Wholesale,2509.0,2058.0,2814.0,2623.0,INR/Quintal
2017-07-11,Cotton,Gujarat,Ahmedabad,Ahmedabad Wholesale,5168.0,4238.0,5795.0,3143.0,INR/Quintal
2018-11-10,Apple,Jammu and Kashmir,Srinagar,Srinagar Wholesale,8194.0,6720.0,9189.0,394.0,INR/Quintal
2019-08-22,Coffee,Tamil Nadu,Madurai,Madurai Wholesale,10787.0,8846.0,12097.0,3176.0,INR/Quintal
2016-07-22,Rice,West Bengal,Kolkata,Kolkata Wholesale,2717.0,2228.0,3047.0,2037.0,INR/Quintal
2018-01-06,Cotton,Maharashtra,Nashik,Nashik Wholesale,6002.0,4922.0,6731.0,6941.0,INR/Quintal
2023-12-10,Coconut,Tamil Nadu,Coimbatore,Coimbatore Wholesale,1435.0,1177.0,1609.0,2469.0,INR/Quintal
2024-03-10,Maize,Madhya Pradesh,Bhopal,Bhopal Wholesale,2456.0,2014.0,2754.0,1221.0,INR/Quintal
2016-06-10,Apple,Himachal Pradesh,Shimla,Shimla Wholesale,8453.0,6932.0,9479.0,1955.0,INR/Quintal
2022-01-15,Pulses,Maharashtra,Nashik,Nashik Wholesale,4222.0,3462.0,4735.0,4567.0,INR/Quintal
2022-04-14,Tea,Kerala,Ernakulam,Ernakulam Wholesale,13347.0,10946.0,14967.0,2258.0,INR/Quintal
2023-11-02,Maize,Madhya Pradesh,Bhopal,Bhopal Wholesale,2040.0,1673.0,2288.0,1429.0,INR/Quintal
2024-05-04,Rice,Chhattisgarh,Raipur,Raipur Wholesale,3185.0,2612.0,3572.0,949.0,INR/Quintal
2020-12-12,Maize,Bihar,Muzaffarpur,Muzaffarpur Wholesale,2201.0,1805.0,2468.0,2034.0,INR/Quintal
2017-05-20,Sugarcane,Uttar Pradesh,Lucknow,Lucknow Wholesale,322.0,264.0,361.0,1090.0,INR/Quintal
2015-10-07,Sugarcane,Tamil Nadu,Coimbatore,Coimbatore Wholesale,327.0,268.0,367.0,2248.0,INR/Quintal
2023-02-12,Apple,Himachal Pradesh,Kangra,Kangra Wholesale,7304.0,5990.0,8191.0,2857.0,INR/Quintal
2022-04-23,Oilseeds,Madhya Pradesh,Bhopal,Bhopal Wholesale,5809.0,4764.0,6514.0,4111.0,INR/Quintal
2022-12-03,Rice,Chhattisgarh,Raipur,Raipur Wholesale,2038.0,1671.0,2285.0,440.0,INR/Quintal
2020-03-07,Apple,Himachal Pradesh,Mandi,Mandi Wholesale,7773.0,6374.0,8717.0,2903.0,INR/Quintal
2025-03-18,Potato,Punjab,Patiala,Patiala Wholesale,674.0,553.0,756.0,4944.0,INR/Quintal
2019-10-18,Coffee,Tamil Nadu,Chennai,Chennai Wholesale,17592.0,14427.0,19728.0,1107.0,INR/Quintal
2016-11-04,Potato,Bihar,Muzaffarpur,Muzaffarpur Wholesale,1447.0,1187.0,1623.0,3303.0,INR/Quintal
2018-02-25,Coffee,Karnataka,Mysore,Mysore Wholesale,19885.0,16307.0,22299.0,2706.0,INR/Quintal
2021-06-19,Coconut,Karnataka,Hubli,Hubli Wholesale,3315.0,2719.0,3717.0,1804.0,INR/Quintal
2015-11-28,Coffee,Tamil Nadu,Madurai,Madurai Wholesale,9270.0,7602.0,10395.0,1146.0,INR/Quintal
2018-03-19,Coffee,Kerala,Kozhikode,Kozhikode Wholesale,12142.0,9957.0,13616.0,2797.0,INR/Quintal
2020-08-01,Wheat,Bihar,Gaya,Gaya Wholesale,2870.0,2354.0,3218.0,681.0,INR/Quintal
2019-01-17,Coffee,Tamil Nadu,Chennai,Chennai Wholesale,10507.0,8617.0,11783.0,5105.0,INR/Quintal
2015-02-05,Maize,Andhra Pradesh,Chittoor,Chittoor Wholesale,1921.0,1575.0,2154.0,3958.0,INR/Quintal
2019-09-05,Pulses,Madhya Pradesh,Bhopal,Bhopal Wholesale,5796.0,4753.0,6500.0,1406.0,INR/Quintal
2018-12-14,Rice,West Bengal,Howrah,Howrah Wholesale,2579.0,2115.0,2892.0,559.0,INR/Quintal
2023-06-21,Pulses,Madhya Pradesh,Bhopal,Bhopal Wholesale,4566.0,3744.0,5120.0,3344.0,INR/Quintal
2021-03-03,Oilseeds,Rajasthan,Jodhpur,Jodhpur Wholesale,3122.0,2560.0,3501.0,2473.0,INR/Quintal
2022-05-10,Maize,Karnataka,Mysore,Mysore Wholesale,2258.0,1852.0,2532.0,3137.0,INR/Quintal
2022-12-05,Apple,Himachal Pradesh,Kangra,Kangra Wholesale,5232.0,4291.0,5867.0,1963.0,INR/Quintal
2018-10-11,Coffee,Karnataka,Bangalore,Bangalore Wholesale,19111.0,15672.0,21431.0,638.0,INR/Quintal
2016-03-15,Wheat,Uttar Pradesh,Kanpur,Kanpur Wholesale,2052.0,1683.0,2301.0,4193.0,INR/Quintal
2022-08-08,Cotton,Maharashtra,Mumbai,Mumbai Wholesale,6243.0,5120.0,7001.0,2974.0,INR/Quintal
2018-01-24,Potato,Bihar,Purnia,Purnia Wholesale,1036.0,850.0,1162.0,2958.0,INR/Quintal
2023-03-08,Sugarcane,Tamil Nadu,Chennai,Chennai Wholesale,548.0,449.0,615.0,1884.0,INR/Quintal
2015-06-13,Apple,Jammu and Kashmir,Srinagar,Srinagar Wholesale,5540.0,4543.0,6213.0,739.0,INR/Quintal
2015-05-28,Rice,Punjab,Amritsar,Amritsar Wholesale,2123.0,1741.0,2381.0,3193.0,INR/Quintal
2024-11-10,Pulses,Uttar Pradesh,Lucknow,Lucknow Wholesale,7427.0,6091.0,8329.0,6329.0,INR/Quintal
2021-05-30,Maize,Maharashtra,Nagpur,Nagpur Wholesale,2188.0,1794.0,2454.0,2942.0,INR/Quintal
2015-07-14,Cotton,Maharashtra,Nashik,Nashik Wholesale,6874.0,5637.0,7709.0,1573.0,INR/Quintal
2016-10-24,Tea,Assam,Kamrup,Kamrup Wholesale,6246.0,5122.0,7004.0,2488.0,INR/Quintal
2016-04-24,Tea,Assam,Kamrup,Kamrup Wholesale,13870.0,11374.0,15554.0,2414.0,INR/Quintal
2015-05-03,Sugarcane,Tamil Nadu,Madurai,Madurai Wholesale,350.0,287.0,392.0,3159.0,INR/Quintal
2018-11-24,Coconut,Karnataka,Belgaum,Belgaum Wholesale,2857.0,2343.0,3204.0,2777.0,INR/Quintal
2022-07-09,Tea,Kerala,Ernakulam,Ernakulam Wholesale,14763.0,12107.0,16555.0,2163.0,INR/Quintal
2017-08-22,Potato,Punjab,Ludhiana,Ludhiana Wholesale,962.0,789.0,1079.0,3506.0,INR/Quintal
2024-08-24,Oilseeds,Maharashtra,Nashik,Nashik Wholesale,4098.0,3361.0,4596.0,631.0,INR/Quintal
2022-06-01,Tea,West Bengal,Kolkata,Kolkata Wholesale,17802.0,14599.0,19963.0,4603.0,INR/Quintal
2023-09-11,Sugarcane,Maharashtra,Mumbai,Mumbai Wholesale,390.0,320.0,437.0,1253.0,INR/Quintal
2019-11-14,Oilseeds,Rajasthan,Udaipur,Udaipur Wholesale,4779.0,3919.0,5359.0,1080.0,INR/Quintal
2019-01-25,Potato,West Bengal,Darjeeling,Darjeeling Wholesale,746.0,612.0,837.0,1620.0,INR/Quintal
2025-06-11,Sugarcane,Karnataka,Mysore,Mysore Wholesale,568.0,466.0,637.0,4347.0,INR/Quintal
2020-07-07,Tea,Assam,Dibrugarh,Dibrugarh Wholesale,8928.0,7322.0,10012.0,2126.0,INR/Quintal
2025-05-17,Coffee,Kerala,Kozhikode,Kozhikode Wholesale,19379.0,15892.0,21732.0,3587.0,INR/Quintal
2016-12-10,Rice,Chhattisgarh,Raipur,Raipur Wholesale,1271.0,1042.0,1425.0,2408.0,INR/Quintal
2021-09-09,Tea,West Bengal,Darjeeling,Darjeeling Wholesale,10896.0,8936.0,12219.0,746.0,INR/Quintal
2017-06-30,Sugarcane,Karnataka,Belgaum,Belgaum Wholesale,382.0,313.0,428.0,2042.0,INR/Quintal
2018-09-22,Rice,Bihar,Muzaffarpur,Muzaffarpur Wholesale,2152.0,1765.0,2413.0,1948.0,INR/Quintal
2023-05-11,Rice,Tamil Nadu,Madurai,Madurai Wholesale,1240.0,1017.0,1391.0,2368.0,INR/Quintal
2025-01-18,Oilseeds,Madhya Pradesh,Bhopal,Bhopal Wholesale,6066.0,4975.0,6802.0,1318.0,INR/Quintal
2023-10-19,Potato,Bihar,Purnia,Purnia Wholesale,634.0,520.0,711.0,3267.0,INR/Quintal
2021-06-22,Tea,Kerala,Thrissur,Thrissur Wholesale,13527.0,11093.0,15169.0,3092.0,INR/Quintal
2019-10-01,Coconut,Tamil Nadu,Madurai,Madurai Wholesale,2174.0,1783.0,2438.0,1672.0,INR/Quintal
2024-12-08,Cotton,Andhra Pradesh,Visakhapatnam,Visakhapatnam Wholesale,7076.0,5803.0,7935.0,4731.0,INR/Quintal
2019-12-29,Coconut,Karnataka,Belgaum,Belgaum Wholesale,1587.0,1301.0,1780.0,3656.0,INR/Quintal
2024-11-07,Coffee,Kerala,Ernakulam,Ernakulam Wholesale,19416.0,15923.0,21773.0,352.0,INR/Quintal
2019-04-29,Coconut,Kerala,Thrissur,Thrissur Wholesale,2323.0,1905.0,2605.0,2229.0,INR/Quintal
2024-07-04,Potato,West Bengal,Kolkata,Kolkata Wholesale,948.0,777.0,1063.0,1690.0,INR/Quintal
2016-11-11,Cotton,Gujarat,Ahmedabad,Ahmedabad Wholesale,4856.0,3982.0,5446.0,1510.0,INR/Quintal
2018-08-26,Apple,Himachal Pradesh,Kangra,Kangra Wholesale,3998.0,3279.0,4483.0,604.0,INR/Quintal
2021-12-17,Cotton,Andhra Pradesh,Chittoor,Chittoor Wholesale,4955.0,4063.0,5557.0,5689.0,INR/Quintal
2016-07-09,Pulses,Madhya Pradesh,Bhopal,Bhopal Wholesale,3133.0,2569.0,3513.0,1828.0,INR/Quintal
2016-09-01,Apple,Himachal Pradesh,Mandi,Mandi Wholesale,4648.0,3812.0,5212.0,1510.0,INR/Quintal
2025-07-11,Oilseeds,Maharashtra,Nashik,Nashik Wholesale,5251.0,4306.0,5888.0,1618.0,INR/Quintal
2020-11-26,Wheat,Punjab,Ludhiana,Ludhiana Wholesale,2089.0,1713.0,2343.0,1638.0,INR/Quintal
2025-08-02,Maize,Madhya Pradesh,Bhopal,Bhopal Wholesale,2006.0,1645.0,2250.0,2664.0,INR/Quintal
2016-01-07,Maize,Madhya Pradesh,Bhopal,Bhopal Wholesale,1372.0,1125.0,1539.0,2512.0,INR/Quintal
2022-12-12,Coconut,Andhra Pradesh,Chittoor,Chittoor Wholesale,2603.0,2135.0,2919.0,5434.0,INR/Quintal
2016-09-07,Apple,Himachal Pradesh,Mandi,Mandi Wholesale,5337.0,4377.0,5985.0,274.0,INR/Quintal
2022-09-16,Oilseeds,Madhya Pradesh,Bhopal,Bhopal Wholesale,4875.0,3998.0,5467.0,2589.0,INR/Quintal
2020-03-29,Oilseeds,Rajasthan,Jaipur,Jaipur Wholesale,4858.0,3984.0,5448.0,2156.0,INR/Quintal
2021-03-03,Cotton,Andhra Pradesh,Visakhapatnam,Visakhapatnam Wholesale,6790.0,5568.0,7614.0,1871.0,INR/Quintal
2017-04-26,Oilseeds,Madhya Pradesh,Bhopal,Bhopal Wholesale,2998.0,2459.0,3362.0,3603.0,INR/Quintal
2015-02-12,Coconut,Tamil Nadu,Madurai,Madurai Wholesale,2017.0,1654.0,2262.0,5662.0,INR/Quintal
2017-05-14,Cotton,Telangana,Warangal,Warangal Wholesale,5041.0,4134.0,5653.0,738.0,INR/Quintal
2018-06-22,Potato,Punjab,Ludhiana,Ludhiana Wholesale,2021.0,1657.0,2266.0,7414.0,INR/Quintal
2024-03-12,Wheat,Madhya Pradesh,Bhopal,Bhopal Wholesale,2878.0,2360.0,3227.0,3782.0,INR/Quintal
2018-10-10,Pulses,Maharashtra,Nashik,Nashik Wholesale,4882.0,4004.0,5475.0,1873.0,INR/Quintal
2017-02-23,Cotton,Telangana,Warangal,Warangal Wholesale,7310.0,5995.0,8197.0,1339.0,INR/Quintal
2016-04-20,Coconut,Karnataka,Bangalore,Bangalore Wholesale,2156.0,1768.0,2418.0,3141.0,INR/Quintal
2015-03-24,Oilseeds,Gujarat,Rajkot,Rajkot Wholesale,2986.0,2449.0,3349.0,2328.0,INR/Quintal
2018-02-07,Rice,Uttar Pradesh,Varanasi,Varanasi Wholesale,1298.0,1064.0,1456.0,5147.0,INR/Quintal
2021-02-15,Tea,Kerala,Ernakulam,Ernakulam Wholesale,11085.0,9091.0,12431.0,4050.0,INR/Quintal
2017-03-10,Maize,Telangana,Warangal,Warangal Wholesale,2184.0,1791.0,2449.0,4061.0,INR/Quintal
2017-07-24,Wheat,Haryana,Faridabad,Faridabad Wholesale,2509.0,2058.0,2814.0,2929.0,INR/Quintal
2021-04-17,Tea,Assam,Kamrup,Kamrup Wholesale,13034.0,10689.0,14616.0,1043.0,INR/Quintal
2025-05-23,Sugarcane,Karnataka,Belgaum,Belgaum Wholesale,467.0,383.0,524.0,6081.0,INR/Quintal
2021-05-27,Oilseeds,Madhya Pradesh,Bhopal,Bhopal Wholesale,4662.0,3823.0,5228.0,1579.0,INR/Quintal
2019-07-27,Coconut,Tamil Nadu,Coimbatore,Coimbatore Wholesale,2827.0,2318.0,3170.0,1636.0,INR/Quintal
2023-12-17,Cotton,Andhra Pradesh,Guntur,Guntur Wholesale,6491.0,5323.0,7279.0,4086.0,INR/Quintal
2025-08-04,Coconut,Andhra Pradesh,Chittoor,Chittoor Wholesale,2538.0,2081.0,2846.0,3524.0,INR/Quintal
2015-11-22,Apple,Himachal Pradesh,Shimla,Shimla Wholesale,7043.0,5776.0,7898.0,2095.0,INR/Quintal
2019-03-15,Pulses,Maharashtra,Nagpur,Nagpur Wholesale,6306.0,5171.0,7072.0,8215.0,INR/Quintal
2024-07-12,Rice,Bihar,Purnia,Purnia Wholesale,3279.0,2689.0,3677.0,3920.0,INR/Quintal
2025-01-26,Pulses,Rajasthan,Jodhpur,Jodhpur Wholesale,3987.0,3270.0,4471.0,1979.0,INR/Quintal
2025-07-28,Tea,Kerala,Thrissur,Thrissur Wholesale,7305.0,5991.0,8192.0,850.0,INR/Quintal
2020-06-08,Rice,Punjab,Ludhiana,Ludhiana Wholesale,3111.0,2551.0,3489.0,4695.0,INR/Quintal
2020-05-18,Coffee,Karnataka,Bangalore,Bangalore Wholesale,22777.0,18679.0,25542.0,731.0,INR/Quintal
2017-04-16,Maize,Bihar,Muzaffarpur,Muzaffarpur Wholesale,1684.0,1381.0,1888.0,1742.0,INR/Quintal
2016-05-22,Oilseeds,Gujarat,Surat,Surat Wholesale,3865.0,3170.0,4334.0,706.0,INR/Quintal
2022-08-10,Sugarcane,Tamil Nadu,Coimbatore,Coimbatore Wholesale,527.0,432.0,591.0,1069.0,INR/Quintal
2025-01-20,Tea,West Bengal,Darjeeling,Darjeeling Wholesale,22020.0,18058.0,24693.0,3335.0,INR/Quintal
2020-10-20,Cotton,Andhra Pradesh,Guntur,Guntur Wholesale,7302.0,5988.0,8188.0,2016.0,INR/Quintal
2018-06-24,Maize,Telangana,Hyderabad,Hyderabad Wholesale,1536.0,1260.0,1722.0,1946.0,INR/Quintal
2016-10-02,Sugarcane,Tamil Nadu,Chennai,Chennai Wholesale,422.0,346.0,473.0,3452.0,INR/Quintal
2025-05-23,Pulses,Maharashtra,Pune,Pune Wholesale,4294.0,3521.0,4815.0,5289.0,INR/Quintal
2023-03-07,Maize,Maharashtra,Nashik,Nashik Wholesale,2596.0,2129.0,2911.0,7967.0,INR/Quintal
2020-02-22,Sugarcane,Uttar Pradesh,Varanasi,Varanasi Wholesale,371.0,304.0,416.0,4732.0,INR/Quintal
2016-08-30,Apple,Himachal Pradesh,Kangra,Kangra Wholesale,7151.0,5864.0,8019.0,638.0,INR/Quintal
2025-01-06,Apple,Himachal Pradesh,Shimla,Shimla Wholesale,8653.0,7096.0,9703.0,605.0,INR/Quintal
2020-05-12,Sugarcane,Maharashtra,Nashik,Nashik Wholesale,479.0,393.0,537.0,5269.0,INR/Quintal
2016-07-19,Pulses,Maharashtra,Mumbai,Mumbai Wholesale,4794.0,3931.0,5376.0,4738.0,INR/Quintal
2018-09-29,Coconut,Kerala,Ernakulam,Ernakulam Wholesale,1220.0,1000.0,1368.0,743.0,INR/Quintal
2020-10-02,Sugarcane,Uttar Pradesh,Varanasi,Varanasi Wholesale,467.0,383.0,524.0,4946.0,INR/Quintal
2019-10-20,Apple,Jammu and Kashmir,Srinagar,Srinagar Wholesale,5506.0,4515.0,6174.0,849.0,INR/Quintal
2022-01-19,Wheat,Bihar,Patna,Patna Wholesale,2203.0,1807.0,2470.0,1321.0,INR/Quintal
2022-04-12,Rice,Uttar Pradesh,Varanasi,Varanasi Wholesale,3610.0,2960.0,4048.0,6412.0,INR/Quintal
2024-11-12,Coconut,Tamil Nadu,Coimbatore,Coimbatore Wholesale,2770.0,2272.0,3106.0,2656.0,INR/Quintal
2019-05-01,Wheat,Rajasthan,Jaipur,Jaipur Wholesale,2476.0,2031.0,2777.0,505.0,INR/Quintal
2020-06-09,Pulses,Rajasthan,Jaipur,Jaipur Wholesale,5266.0,4319.0,5905.0,1608.0,INR/Quintal
2021-02-18,Potato,Uttar Pradesh,Lucknow,Lucknow Wholesale,1953.0,1602.0,2190.0,7618.0,INR/Quintal
2020-10-06,Maize,Karnataka,Mysore,Mysore Wholesale,2245.0,1841.0,2518.0,2442.0,INR/Quintal
2024-08-09,Coffee,Kerala,Kozhikode,Kozhikode Wholesale,20175.0,16545.0,22624.0,1048.0,INR/Quintal
2023-09-18,Cotton,Andhra Pradesh,Krishna,Krishna Wholesale,8672.0,7112.0,9725.0,3930.0,INR/Quintal
2015-05-09,Cotton,Andhra Pradesh,Visakhapatnam,Visakhapatnam Wholesale,5379.0,4411.0,6032.0,2167.0,INR/Quintal
2020-02-16,Tea,Assam,Cachar,Cachar Wholesale,13871.0,11375.0,15555.0,1650.0,INR/Quintal
2016-12-06,Tea,Kerala,Thrissur,Thrissur Wholesale,12030.0,9866.0,13490.0,1677.0,INR/Quintal
2017-05-01,Pulses,Maharashtra,Nagpur,Nagpur Wholesale,4376.0,3589.0,4907.0,6766.0,INR/Quintal
2024-04-20,Tea,West Bengal,Howrah,Howrah Wholesale,14587.0,11962.0,16358.0,3858.0,INR/Quintal
2015-01-08,Cotton,Maharashtra,Nashik,Nashik Wholesale,6908.0,5665.0,7747.0,5337.0,INR/Quintal
2020-09-07,Wheat,Madhya Pradesh,Bhopal,Bhopal Wholesale,1762.0,1445.0,1976.0,2740.0,INR/Quintal
2018-02-09,Coffee,Karnataka,Belgaum,Belgaum Wholesale,14416.0,11822.0,16166.0,5578.0,INR/Quintal
2023-03-14,Apple,Himachal Pradesh,Mandi,Mandi Wholesale,7408.0,6075.0,8307.0,830.0,INR/Quintal
2025-04-02,Cotton,Andhra Pradesh,Krishna,Krishna Wholesale,5206.0,4269.0,5838.0,6119.0,INR/Quintal
2020-12-18,Wheat,Haryana,Karnal,Karnal Wholesale,2759.0,2263.0,3094.0,5415.0,INR/Quintal
2021-02-13,Potato,Bihar,Purnia,Purnia Wholesale,1097.0,900.0,1230.0,1949.0,INR/Quintal
2019-08-26,Pulses,Rajasthan,Jaipur,Jaipur Wholesale,4226.0,3466.0,4739.0,1018.0,INR/Quintal
2022-07-19,Oilseeds,Madhya Pradesh,Bhopal,Bhopal Wholesale,5398.0,4427.0,6053.0,2513.0,INR/Quintal
2019-02-07,Potato,Uttar Pradesh,Lucknow,Lucknow Wholesale,1027.0,842.0,1152.0,2972.0,INR/Quintal
2024-05-28,Apple,Jammu and Kashmir,Srinagar,Srinagar Wholesale,7986.0,6549.0,8956.0,661.0,INR/Quintal
2023-12-20,Potato,West Bengal,Howrah,Howrah Wholesale,2148.0,1762.0,2409.0,4032.0,INR/Quintal
2021-03-09,Coconut,Karnataka,Belgaum,Belgaum Wholesale,3050.0,2501.0,3420.0,6382.0,INR/Quintal
2019-07-03,Coconut,Andhra Pradesh,Krishna,Krishna Wholesale,2872.0,2355.0,3221.0,854.0,INR/Quintal
2015-10-03,Cotton,Andhra Pradesh,Chittoor,Chittoor Wholesale,4266.0,3498.0,4784.0,2226.0,INR/Quintal
2023-08-11,Pulses,Maharashtra,Nagpur,Nagpur Wholesale,4017.0,3294.0,4505.0,3110.0,INR/Quintal
2019-08-30,Rice,Bihar,Patna,Patna Wholesale,1807.0,1482.0,2026.0,2623.0,INR/Quintal
2019-12-01,Coconut,Tamil Nadu,Madurai,Madurai Wholesale,1201.0,985.0,1347.0,5481.0,INR/Quintal
2015-08-31,Sugarcane,Uttar Pradesh,Lucknow,Lucknow Wholesale,375.0,308.0,421.0,3966.0,INR/Quintal
2025-07-25,Potato,Uttar Pradesh,Kanpur,Kanpur Wholesale,1420.0,1165.0,1592.0,4196.0,INR/Quintal
2023-09-09,Tea,West Bengal,Howrah,Howrah Wholesale,15729.0,12899.0,17639.0,3814.0,INR/Quintal
2023-04-23,Wheat,Bihar,Muzaffarpur,Muzaffarpur Wholesale,2230.0,1829.0,2501.0,974.0,INR/Quintal
2022-06-25,Rice,West Bengal,Kolkata,Kolkata Wholesale,2386.0,1957.0,2676.0,918.0,INR/Quintal
2015-06-20,Pulses,Maharashtra,Nashik,Nashik Wholesale,4004.0,3284.0,4490.0,3930.0,INR/Quintal
2016-10-14,Oilseeds,Gujarat,Rajkot,Rajkot Wholesale,2663.0,2184.0,2986.0,1878.0,INR/Quintal
2020-04-16,Coffee,Tamil Nadu,Madurai,Madurai Wholesale,17253.0,14149.0,19348.0,1296.0,INR/Quintal
2021-02-13,Coconut,Kerala,Ernakulam,Ernakulam Wholesale,2769.0,2271.0,3105.0,1894.0,INR/Quintal
2024-08-13,Rice,Assam,Cachar,Cachar Wholesale,3376.0,2769.0,3786.0,2093.0,INR/Quintal
2018-01-14,Oilseeds,Maharashtra,Mumbai,Mumbai Wholesale,5040.0,4133.0,5652.0,6672.0,INR/Quintal
2019-02-08,Cotton,Maharashtra,Nashik,Nashik Wholesale,6847.0,5615.0,7678.0,1514.0,INR/Quintal
2020-09-30,Maize,Maharashtra,Mumbai,Mumbai Wholesale,2171.0,1780.0,2435.0,2667.0,INR/Quintal
2020-11-28,Coconut,Kerala,Kozhikode,Kozhikode Wholesale,1280.0,1050.0,1435.0,1246.0,INR/Quintal
2020-05-26,Sugarcane,Karnataka,Belgaum,Belgaum Wholesale,364.0,299.0,408.0,4431.0,INR/Quintal
2023-01-03,Cotton,Gujarat,Ahmedabad,Ahmedabad Wholesale,7983.0,6547.0,8952.0,4102.0,INR/Quintal
2025-09-30,Pulses,Maharashtra,Pune,Pune Wholesale,4809.0,3944.0,5393.0,4250.0,INR/Quintal
2017-12-02,Maize,Karnataka,Bangalore,Bangalore Wholesale,1649.0,1352.0,1849.0,737.0,INR/Quintal
2021-03-08,Oilseeds,Rajasthan,Jaipur,Jaipur Wholesale,2874.0,2357.0,3223.0,2380.0,INR/Quintal
2020-07-28,Maize,Telangana,Nizamabad,Nizamabad Wholesale,1604.0,1315.0,1799.0,1046.0,INR/Quintal
2023-12-16,Coffee,Tamil Nadu,Coimbatore,Coimbatore Wholesale,20385.0,16717.0,22860.0,3207.0,INR/Quintal
2025-08-17,Tea,Kerala,Kozhikode,Kozhikode Wholesale,8914.0,7310.0,9996.0,2571.0,INR/Quintal
2017-05-07,Tea,West Bengal,Howrah,Howrah Wholesale,12072.0,9900.0,13538.0,5820.0,INR/Quintal
2025-06-20,Cotton,Gujarat,Vadodara,Vadodara Wholesale,5792.0,4750.0,6495.0,2750.0,INR/Quintal
2022-04-28,Apple,Jammu and Kashmir,Srinagar,Srinagar Wholesale,7731.0,6340.0,8670.0,2093.0,INR/Quintal
2017-11-15,Cotton,Gujarat,Surat,Surat Wholesale,6556.0,5376.0,7352.0,1798.0,INR/Quintal
2015-10-26,Coconut,Kerala,Kozhikode,Kozhikode Wholesale,1723.0,1413.0,1932.0,313.0,INR/Quintal
2023-08-15,Pulses,Maharashtra,Nashik,Nashik Wholesale,6639.0,5444.0,7445.0,4184.0,INR/Quintal
2017-07-12,Pulses,Rajasthan,Jodhpur,Jodhpur Wholesale,3943.0,3234.0,4422.0,617.0,INR/Quintal
2015-05-17,Wheat,Uttar Pradesh,Lucknow,Lucknow Wholesale,2192.0,1798.0,2458.0,999.0,INR/Quintal
2017-11-09,Coffee,Tamil Nadu,Madurai,Madurai Wholesale,16877.0,13840.0,18926.0,1956.0,INR/Quintal
2021-10-23,Pulses,Madhya Pradesh,Bhopal,Bhopal Wholesale,6969.0,5715.0,7815.0,1307.0,INR/Quintal
2015-07-30,Potato,Bihar,Purnia,Purnia Wholesale,848.0,695.0,951.0,720.0,INR/Quintal
2022-08-31,Coffee,Kerala,Ernakulam,Ernakulam Wholesale,11041.0,9054.0,12381.0,2466.0,INR/Quintal
2019-04-24,Wheat,Bihar,Patna,Patna Wholesale,1975.0,1620.0,2215.0,2929.0,INR/Quintal
2021-10-18,Tea,Assam,Cachar,Cachar Wholesale,7350.0,6028.0,8242.0,1602.0,INR/Quintal
2017-02-18,Rice,Chhattisgarh,Raipur,Raipur Wholesale,1420.0,1165.0,1592.0,1491.0,INR/Quintal
2018-05-15,Wheat,Rajasthan,Udaipur,Udaipur Wholesale,1999.0,1639.0,2242.0,2255.0,INR/Quintal
2021-10-22,Wheat,Madhya Pradesh,Bhopal,Bhopal Wholesale,2259.0,1853.0,2533.0,2339.0,INR/Quintal
2019-12-08,Apple,Himachal Pradesh,Shimla,Shimla Wholesale,9263.0,7596.0,10388.0,2289.0,INR/Quintal
2022-06-06,Cotton,Andhra Pradesh,Krishna,Krishna Wholesale,5550.0,4551.0,6224.0,5841.0,INR/Quintal
2017-12-01,Sugarcane,Tamil Nadu,Chennai,Chennai Wholesale,473.0,388.0,530.0,2662.0,INR/Quintal
2016-02-15,Maize,Karnataka,Belgaum,Belgaum Wholesale,2070.0,1698.0,2321.0,6867.0,INR/Quintal
2024-11-03,Apple,Jammu and Kashmir,Srinagar,Srinagar Wholesale,9407.0,7714.0,10549.0,621.0,INR/Quintal
2022-10-24,Tea,Kerala,Kozhikode,Kozhikode Wholesale,15567.0,12766.0,17457.0,315.0,INR/Quintal
2022-04-11,Oilseeds,Gujarat,Vadodara,Vadodara Wholesale,5154.0,4227.0,5780.0,5978.0,INR/Quintal
2016-03-02,Oilseeds,Maharashtra,Nashik,Nashik Wholesale,4497.0,3688.0,5043.0,2202.0,INR/Quintal
2024-02-29,Apple,Himachal Pradesh,Shimla,Shimla Wholesale,7249.0,5945.0,8129.0,464.0,INR/Quintal
2019-01-11,Coconut,Kerala,Kozhikode,Kozhikode Wholesale,2263.0,1856.0,2538.0,4285.0,INR/Quintal
2023-01-28,Pulses,Madhya Pradesh,Bhopal,Bhopal Wholesale,7189.0,5896.0,8062.0,3738.0,INR/Quintal
2017-07-30,Tea,West Bengal,Kolkata,Kolkata Wholesale,11171.0,9161.0,12527.0,899.0,INR/Quintal
2020-03-22,Potato,Uttar Pradesh,Kanpur,Kanpur Wholesale,647.0,531.0,726.0,7792.0,INR/Quintal
2017-01-11,Coconut,Andhra Pradesh,Chittoor,Chittoor Wholesale,2677.0,2195.0,3002.0,5931.0,INR/Quintal
2018-10-24,Pulses,Rajasthan,Jaipur,Jaipur Wholesale,5144.0,4218.0,5768.0,2370.0,INR/Quintal
2018-05-28,Pulses,Rajasthan,Udaipur,Udaipur Wholesale,5935.0,4867.0,6656.0,2372.0,INR/Quintal
2019-05-20,Wheat,Uttar Pradesh,Lucknow,Lucknow Wholesale,1765.0,1447.0,1979.0,6323.0,INR/Quintal
2018-06-09,Tea,West Bengal,Darjeeling,Darjeeling Wholesale,14666.0,12027.0,16446.0,4323.0,INR/Quintal
2015-11-24,Maize,Karnataka,Hubli,Hubli Wholesale,1448.0,1187.0,1624.0,3365.0,INR/Quintal
2019-01-06,Pulses,Rajasthan,Udaipur,Udaipur Wholesale,6395.0,5244.0,7171.0,2746.0,INR/Quintal
2020-09-30,Sugarcane,Tamil Nadu,Chennai,Chennai Wholesale,364.0,299.0,408.0,2282.0,INR/Quintal
2020-05-20,Coffee,Kerala,Ernakulam,Ernakulam Wholesale,20834.0,17085.0,23363.0,2444.0,INR/Quintal
2016-01-11,Potato,Bihar,Purnia,Purnia Wholesale,652.0,535.0,731.0,5730.0,INR/Quintal
2015-09-20,Potato,Uttar Pradesh,Varanasi,Varanasi Wholesale,538.0,441.0,603.0,2120.0,INR/Quintal
2015-09-24,Pulses,Madhya Pradesh,Bhopal,Bhopal Wholesale,3705.0,3038.0,4155.0,502.0,INR/Quintal
2021-08-03,Sugarcane,Karnataka,Belgaum,Belgaum Wholesale,413.0,339.0,463.0,3210.0,INR/Quintal
2024-04-11,Coffee,Karnataka,Hubli,Hubli Wholesale,21679.0,17778.0,24311.0,2026.0,INR/Quintal
2024-04-18,Rice,West Bengal,Kolkata,Kolkata Wholesale,1605.0,1316.0,1800.0,4015.0,INR/Quintal
2020-04-28,Cotton,Telangana,Hyderabad,Hyderabad Wholesale,6109.0,5010.0,6851.0,1056.0,INR/Quintal
2025-03-26,Cotton,Andhra Pradesh,Krishna,Krishna Wholesale,5997.0,4918.0,6725.0,5127.0,INR/Quintal
2020-03-08,Cotton,Maharashtra,Nagpur,Nagpur Wholesale,7551.0,6192.0,8468.0,8024.0,INR/Quintal
2020-03-16,Coconut,Karnataka,Mysore,Mysore Wholesale,1253.0,1028.0,1405.0,5366.0,INR/Quintal
2022-05-23,Wheat,Bihar,Gaya,Gaya Wholesale,2246.0,1842.0,2519.0,1685.0,INR/Quintal
2024-12-13,Potato,Uttar Pradesh,Kanpur,Kanpur Wholesale,1838.0,1507.0,2061.0,7305.0,INR/Quintal
2019-07-11,Oilseeds,Gujarat,Vadodara,Vadodara Wholesale,5308.0,4353.0,5952.0,1920.0,INR/Quintal
2018-12-15,Oilseeds,Rajasthan,Udaipur,Udaipur Wholesale,5018.0,4115.0,5627.0,1725.0,INR/Quintal
2015-02-15,Wheat,Punjab,Patiala,Patiala Wholesale,2395.0,1964.0,2686.0,5181.0,INR/Quintal
2025-08-28,Pulses,Rajasthan,Jaipur,Jaipur Wholesale,4145.0,3399.0,4648.0,2569.0,INR/Quintal
2016-08-22,Coconut,Tamil Nadu,Madurai,Madurai Wholesale,2762.0,2265.0,3097.0,660.0,INR/Quintal
2016-12-20,Tea,West Bengal,Kolkata,Kolkata Wholesale,15820.0,12974.0,17741.0,3999.0,INR/Quintal
2020-03-27,Tea,Assam,Kamrup,Kamrup Wholesale,16128.0,13226.0,18086.0,2214.0,INR/Quintal
2018-07-16,Cotton,Andhra Pradesh,Visakhapatnam,Visakhapatnam Wholesale,5379.0,4411.0,6032.0,870.0,INR/Quintal
2016-08-23,Apple,Himachal Pradesh,Mandi,Mandi Wholesale,8564.0,7023.0,9604.0,1742.0,INR/Quintal
2016-01-16,Tea,West Bengal,Kolkata,Kolkata Wholesale,11157.0,9150.0,12511.0,3990.0,INR/Quintal
2015-04-28,Pulses,Rajasthan,Udaipur,Udaipur Wholesale,4902.0,4020.0,5497.0,3431.0,INR/Quintal
2024-12-16,Apple,Jammu and Kashmir,Srinagar,Srinagar Wholesale,6504.0,5334.0,7294.0,633.0,INR/Quintal
2020-12-03,Rice,Uttar Pradesh,Varanasi,Varanasi Wholesale,2134.0,1750.0,2393.0,5890.0,INR/Quintal
2025-02-18,Wheat,Rajasthan,Udaipur,Udaipur Wholesale,2661.0,2182.0,2984.0,3729.0,INR/Quintal
2015-09-17,Rice,Tamil Nadu,Coimbatore,Coimbatore Wholesale,1712.0,1404.0,1920.0,1878.0,INR/Quintal
2018-01-03,Potato,Bihar,Muzaffarpur,Muzaffarpur Wholesale,1841.0,1510.0,2064.0,3535.0,INR/Quintal
2019-02-12,Tea,Kerala,Ernakulam,Ernakulam Wholesale,11427.0,9371.0,12814.0,4912.0,INR/Quintal
2021-06-10,Coffee,Tamil Nadu,Chennai,Chennai Wholesale,18247.0,14964.0,20462.0,4741.0,INR/Quintal
2020-08-16,Coconut,Karnataka,Bangalore,Bangalore Wholesale,1681.0,1379.0,1885.0,2037.0,INR/Quintal
2016-01-01,Cotton,Maharashtra,Nagpur,Nagpur Wholesale,7116.0,5836.0,7980.0,5218.0,INR/Quintal
2019-07-16,Wheat,Uttar Pradesh,Lucknow,Lucknow Wholesale,2419.0,1984.0,2713.0,5137.0,INR/Quintal
2022-01-14,Cotton,Gujarat,Surat,Surat Wholesale,5556.0,4556.0,6231.0,841.0,INR/Quintal
2024-05-12,Tea,Assam,Tinsukia,Tinsukia Wholesale,15881.0,13024.0,17809.0,2896.0,INR/Quintal
2019-01-01,Coconut,Karnataka,Bangalore,Bangalore Wholesale,1509.0,1237.0,1692.0,6237.0,INR/Quintal
2020-07-17,Maize,Andhra Pradesh,Krishna,Krishna Wholesale,1453.0,1192.0,1629.0,4858.0,INR/Quintal
2023-12-31,Tea,West Bengal,Darjeeling,Darjeeling Wholesale,15290.0,12539.0,17146.0,4671.0,INR/Quintal
2021-10-12,Wheat,Punjab,Ludhiana,Ludhiana Wholesale,2423.0,1987.0,2717.0,1086.0,INR/Quintal
2017-03-01,Apple,Jammu and Kashmir,Srinagar,Srinagar Wholesale,4182.0,3430.0,4690.0,2586.0,INR/Quintal
2024-10-09,Oilseeds,Maharashtra,Mumbai,Mumbai Wholesale,3867.0,3171.0,4336.0,3121.0,INR/Quintal
2024-11-20,Apple,Jammu and Kashmir,Srinagar,Srinagar Wholesale,9816.0,8050.0,11008.0,511.0,INR/Quintal
2017-01-16,Wheat,Bihar,Purnia,Purnia Wholesale,1892.0,1552.0,2122.0,4064.0,INR/Quintal
2021-08-11,Sugarcane,Uttar Pradesh,Lucknow,Lucknow Wholesale,382.0,313.0,428.0,4835.0,INR/Quintal
2015-11-09,Apple,Himachal Pradesh,Mandi,Mandi Wholesale,8759.0,7183.0,9822.0,427.0,INR/Quintal
2016-06-21,Coffee,Kerala,Thrissur,Thrissur Wholesale,11976.0,9821.0,13430.0,3699.0,INR/Quintal
2017-07-09,Tea,Kerala,Ernakulam,Ernakulam Wholesale,11260.0,9234.0,12627.0,3156.0,INR/Quintal
2017-12-13,Sugarcane,Uttar Pradesh,Lucknow,Lucknow Wholesale,355.0,291.0,398.0,841.0,INR/Quintal
2024-11-21,Coconut,Andhra Pradesh,Visakhapatnam,Visakhapatnam Wholesale,2667.0,2187.0,2991.0,4642.0,INR/Quintal
2019-01-30,Oilseeds,Gujarat,Surat,Surat Wholesale,3538.0,2901.0,3968.0,6570.0,INR/Quintal
2022-12-22,Pulses,Rajasthan,Jodhpur,Jodhpur Wholesale,7121.0,5840.0,7985.0,469.0,INR/Quintal
2023-11-10,Coconut,Karnataka,Mysore,Mysore Wholesale,2313.0,1897.0,2594.0,1705.0,INR/Quintal
2022-09-30,Pulses,Uttar Pradesh,Kanpur,Kanpur Wholesale,5751.0,4716.0,6449.0,2288.0,INR/Quintal
2021-07-09,Coffee,Kerala,Ernakulam,Ernakulam Wholesale,22818.0,18713.0,25588.0,1408.0,INR/Quintal
2024-11-27,Potato,Uttar Pradesh,Lucknow,Lucknow Wholesale,2519.0,2066.0,2825.0,4992.0,INR/Quintal
2017-03-08,Coffee,Karnataka,Bangalore,Bangalore Wholesale,10750.0,8816.0,12055.0,3019.0,INR/Quintal
2015-12-14,Coffee,Kerala,Kozhikode,Kozhikode Wholesale,18012.0,14771.0,20199.0,3844.0,INR/Quintal
2015-09-30,Coffee,Tamil Nadu,Coimbatore,Coimbatore Wholesale,11956.0,9805.0,13407.0,3833.0,INR/Quintal
2023-03-30,Coffee,Kerala,Ernakulam,Ernakulam Wholesale,18771.0,15394.0,21050.0,2003.0,INR/Quintal
2016-12-20,Coffee,Tamil Nadu,Coimbatore,Coimbatore Wholesale,12232.0,10031.0,13717.0,3069.0,INR/Quintal
2019-11-09,Rice,Uttar Pradesh,Kanpur,Kanpur Wholesale,2019.0,1656.0,2264.0,3837.0,INR/Quintal
2024-07-17,Oilseeds,Rajasthan,Jaipur,Jaipur Wholesale,3145.0,2579.0,3527.0,1849.0,INR/Quintal
2021-12-22,Wheat,Punjab,Amritsar,Amritsar Wholesale,2446.0,2006.0,2743.0,3276.0,INR/Quintal
2023-08-31,Apple,Himachal Pradesh,Kangra,Kangra Wholesale,7821.0,6414.0,8770.0,461.0,INR/Quintal
2016-11-15,Tea,West Bengal,Darjeeling,Darjeeling Wholesale,8520.0,6987.0,9554.0,697.0,INR/Quintal
2020-10-27,Sugarcane,Uttar Pradesh,Kanpur,Kanpur Wholesale,438.0,359.0,491.0,1086.0,INR/Quintal
2016-09-13,Coffee,Karnataka,Mysore,Mysore Wholesale,22294.0,18283.0,25001.0,3508.0,INR/Quintal
2020-08-01,Potato,Uttar Pradesh,Lucknow,Lucknow Wholesale,1807.0,1482.0,2026.0,1956.0,INR/Quintal
2024-01-02,Cotton,Telangana,Hyderabad,Hyderabad Wholesale,6913.0,5669.0,7752.0,875.0,INR/Quintal
2017-08-04,Tea,Assam,Dibrugarh,Dibrugarh Wholesale,15010.0,12309.0,16832.0,1958.0,INR/Quintal
2021-08-02,Cotton,Maharashtra,Mumbai,Mumbai Wholesale,6757.0,5541.0,7577.0,807.0,INR/Quintal
2022-04-19,Sugarcane,Tamil Nadu,Coimbatore,Coimbatore Wholesale,388.0,318.0,435.0,1130.0,INR/Quintal
2016-05-21,Sugarcane,Tamil Nadu,Madurai,Madurai Wholesale,394.0,323.0,442.0,4171.0,INR/Quintal
2019-05-02,Tea,Assam,Dibrugarh,Dibrugarh Wholesale,7627.0,6255.0,8553.0,2908.0,INR/Quintal
2023-11-27,Apple,Himachal Pradesh,Mandi,Mandi Wholesale,9326.0,7648.0,10458.0,292.0,INR/Quintal
2022-03-08,Potato,Punjab,Patiala,Patiala Wholesale,2360.0,1935.0,2647.0,5016.0,INR/Quintal
2024-01-31,Rice,Andhra Pradesh,Krishna,Krishna Wholesale,2186.0,1793.0,2451.0,3396.0,INR/Quintal
2015-09-01,Pulses,Rajasthan,Jaipur,Jaipur Wholesale,4305.0,3530.0,4828.0,1450.0,INR/Quintal
2016-05-20,Sugarcane,Maharashtra,Nagpur,Nagpur Wholesale,374.0,307.0,419.0,5711.0,INR/Quintal
2016-02-26,Apple,Himachal Pradesh,Kangra,Kangra Wholesale,5015.0,4113.0,5624.0,1117.0,INR/Quintal
2024-04-14,Potato,Bihar,Purnia,Purnia Wholesale,2148.0,1762.0,2409.0,3083.0,INR/Quintal
2023-08-25,Sugarcane,Maharashtra,Mumbai,Mumbai Wholesale,487.0,399.0,546.0,3914.0,INR/Quintal
2021-03-14,Coconut,Karnataka,Hubli,Hubli Wholesale,1331.0,1092.0,1493.0,6652.0,INR/Quintal
2024-10-01,Maize,Karnataka,Bangalore,Bangalore Wholesale,2589.0,2123.0,2903.0,3673.0,INR/Quintal
2024-10-30,Pulses,Madhya Pradesh,Bhopal,Bhopal Wholesale,4523.0,3709.0,5072.0,1569.0,INR/Quintal
2024-03-03,Coconut,Tamil Nadu,Chennai,Chennai Wholesale,3757.0,3081.0,4213.0,4067.0,INR/Quintal
2020-02-16,Sugarcane,Tamil Nadu,Coimbatore,Coimbatore Wholesale,410.0,336.0,460.0,3992.0,INR/Quintal
2025-05-21,Potato,West Bengal,Kolkata,Kolkata Wholesale,1852.0,1519.0,2077.0,5578.0,INR/Quintal
2023-05-15,Sugarcane,Karnataka,Hubli,Hubli Wholesale,386.0,317.0,433.0,5414.0,INR/Quintal
2018-04-07,Cotton,Maharashtra,Pune,Pune Wholesale,5487.0,4500.0,6153.0,3115.0,INR/Quintal
2015-11-26,Tea,Assam,Kamrup,Kamrup Wholesale,13024.0,10681.0,14605.0,838.0,INR/Quintal
2016-10-11,Tea,Kerala,Kozhikode,Kozhikode Wholesale,9059.0,7429.0,10159.0,1306.0,INR/Quintal
2019-01-04,Apple,Himachal Pradesh,Shimla,Shimla Wholesale,9268.0,7600.0,10393.0,1034.0,INR/Quintal
2016-01-26,Sugarcane,Tamil Nadu,Coimbatore,Coimbatore Wholesale,398.0,326.0,446.0,6045.0,INR/Quintal
2019-02-28,Potato,Bihar,Muzaffarpur,Muzaffarpur Wholesale,2120.0,1739.0,2377.0,2137.0,INR/Quintal
2016-01-16,Cotton,Telangana,Warangal,Warangal Wholesale,7156.0,5868.0,8025.0,1361.0,INR/Quintal
2024-03-31,Rice,Bihar,Patna,Patna Wholesale,2423.0,1987.0,2717.0,5912.0,INR/Quintal
2017-01-11,Rice,West Bengal,Darjeeling,Darjeeling Wholesale,2258.0,1852.0,2532.0,1125.0,INR/Quintal
2020-07-03,Cotton,Maharashtra,Mumbai,Mumbai Wholesale,7480.0,6134.0,8388.0,1847.0,INR/Quintal
2017-03-30,Wheat,Haryana,Hisar,Hisar Wholesale,1825.0,1497.0,2047.0,4506.0,INR/Quintal
2016-11-03,Potato,Bihar,Gaya,Gaya Wholesale,1846.0,1514.0,2070.0,2701.0,INR/Quintal
2022-01-04,Rice,Telangana,Hyderabad,Hyderabad Wholesale,2642.0,2167.0,2963.0,2044.0,INR/Quintal
2019-11-07,Wheat,Madhya Pradesh,Bhopal,Bhopal Wholesale,2493.0,2044.0,2796.0,1858.0,INR/Quintal
2023-03-16,Potato,Punjab,Ludhiana,Ludhiana Wholesale,769.0,631.0,862.0,2720.0,INR/Quintal
2018-04-26,Coconut,Karnataka,Belgaum,Belgaum Wholesale,2760.0,2263.0,3095.0,4274.0,INR/Quintal
2017-07-18,Cotton,Maharashtra,Nagpur,Nagpur Wholesale,5228.0,4287.0,5863.0,2580.0,INR/Quintal
2019-03-20,Coconut,Andhra Pradesh,Visakhapatnam,Visakhapatnam Wholesale,2924.0,2398.0,3279.0,6742.0,INR/Quintal
2017-07-01,Coffee,Kerala,Kozhikode,Kozhikode Wholesale,14956.0,12265.0,16772.0,1612.0,INR/Quintal
2016-10-05,Wheat,Haryana,Gurgaon,Gurgaon Wholesale,1828.0,1499.0,2050.0,2588.0,INR/Quintal
2016-03-02,Wheat,Haryana,Hisar,Hisar Wholesale,2526.0,2072.0,2833.0,5760.0,INR/Quintal
2016-05-16,Apple,Himachal Pradesh,Mandi,Mandi Wholesale,7733.0,6342.0,8672.0,606.0,INR/Quintal
2016-12-30,Sugarcane,Karnataka,Hubli,Hubli Wholesale,461.0,378.0,517.0,1326.0,INR/Quintal
2018-07-07,Oilseeds,Madhya Pradesh,Bhopal,Bhopal Wholesale,3372.0,2765.0,3781.0,2758.0,INR/Quintal
2024-10-24,Oilseeds,Rajasthan,Udaipur,Udaipur Wholesale,5014.0,4112.0,5623.0,897.0,INR/Quintal
2020-10-19,Potato,Punjab,Amritsar,Amritsar Wholesale,1630.0,1337.0,1828.0,3976.0,INR/Quintal
2021-11-30,Coconut,Andhra Pradesh,Visakhapatnam,Visakhapatnam Wholesale,2803.0,2299.0,3143.0,957.0,INR/Quintal
2023-11-24,Coconut,Kerala,Ernakulam,Ernakulam Wholesale,1335.0,1095.0,1497.0,2855.0,INR/Quintal
2016-04-01,Sugarcane,Uttar Pradesh,Varanasi,Varanasi Wholesale,354.0,290.0,397.0,9348.0,INR/Quintal
2021-02-14,Coconut,Tamil Nadu,Chennai,Chennai Wholesale,3326.0,2728.0,3730.0,3023.0,INR/Quintal
2015-10-18,Tea,Assam,Tinsukia,Tinsukia Wholesale,9238.0,7576.0,10360.0,1643.0,INR/Quintal
2024-10-31,Pulses,Rajasthan,Udaipur,Udaipur Wholesale,7470.0,6126.0,8377.0,1291.0,INR/Quintal
2025-07-03,Coffee,Tamil Nadu,Chennai,Chennai Wholesale,13044.0,10697.0,14628.0,4230.0,INR/Quintal
2017-07-08,Pulses,Uttar Pradesh,Varanasi,Varanasi Wholesale,6352.0,5209.0,7123.0,694.0,INR/Quintal
2021-05-28,Wheat,Uttar Pradesh,Lucknow,Lucknow Wholesale,2593.0,2126.0,2908.0,5935.0,INR/Quintal
2020-05-23,Maize,Bihar,Patna,Patna Wholesale,2273.0,1864.0,2549.0,3951.0,INR/Quintal
2017-01-25,Rice,Assam,Tinsukia,Tinsukia Wholesale,1901.0,1559.0,2132.0,2043.0,INR/Quintal
2019-07-17,Rice,Assam,Kamrup,Kamrup Wholesale,3152.0,2585.0,3535.0,1011.0,INR/Quintal
2020-01-09,Sugarcane,Tamil Nadu,Chennai,Chennai Wholesale,439.0,360.0,492.0,1997.0,INR/Quintal
2018-07-30,Oilseeds,Madhya Pradesh,Bhopal,Bhopal Wholesale,4407.0,3614.0,4942.0,2789.0,INR/Quintal
2019-04-17,Maize,Andhra Pradesh,Krishna,Krishna Wholesale,1450.0,1189.0,1626.0,1206.0,INR/Quintal
2020-02-13,Sugarcane,Tamil Nadu,Madurai,Madurai Wholesale,454.0,372.0,509.0,4209.0,INR/Quintal
2016-01-12,Wheat,Madhya Pradesh,Bhopal,Bhopal Wholesale,2450.0,2009.0,2747.0,1730.0,INR/Quintal
2025-03-18,Maize,Madhya Pradesh,Bhopal,Bhopal Wholesale,1792.0,1470.0,2010.0,1761.0,INR/Quintal
2018-03-25,Rice,Tamil Nadu,Coimbatore,Coimbatore Wholesale,2698.0,2213.0,3026.0,3969.0,INR/Quintal
2016-05-22,Potato,West Bengal,Howrah,Howrah Wholesale,554.0,454.0,621.0,5744.0,INR/Quintal
2018-12-07,Wheat,Punjab,Patiala,Patiala Wholesale,2645.0,2169.0,2966.0,4922.0,INR/Quintal
2022-01-19,Sugarcane,Maharashtra,Nagpur,Nagpur Wholesale,541.0,444.0,607.0,6053.0,INR/Quintal
2024-05-19,Apple,Himachal Pradesh,Mandi,Mandi Wholesale,6665.0,5466.0,7474.0,1842.0,INR/Quintal
2016-07-12,Tea,Kerala,Thrissur,Thrissur Wholesale,5628.0,4615.0,6311.0,2475.0,INR/Quintal
2025-07-01,Cotton,Gujarat,Rajkot,Rajkot Wholesale,7768.0,6370.0,8711.0,2495.0,INR/Quintal
2023-12-03,Wheat,Madhya Pradesh,Bhopal,Bhopal Wholesale,1897.0,1556.0,2127.0,3734.0,INR/Quintal
2023-06-30,Wheat,Madhya Pradesh,Bhopal,Bhopal Wholesale,2458.0,2016.0,2756.0,2207.0,INR/Quintal
2021-04-26,Tea,Kerala,Thrissur,Thrissur Wholesale,8196.0,6721.0,9191.0,3006.0,INR/Quintal
2016-02-25,Coffee,Tamil Nadu,Coimbatore,Coimbatore Wholesale,13386.0,10978.0,15011.0,3967.0,INR/Quintal
2019-04-02,Potato,West Bengal,Darjeeling,Darjeeling Wholesale,591.0,485.0,663.0,2665.0,INR/Quintal
2024-12-01,Tea,Assam,Cachar,Cachar Wholesale,7005.0,5745.0,7855.0,1232.0,INR/Quintal
2015-10-31,Pulses,Maharashtra,Nashik,Nashik Wholesale,3048.0,2500.0,3418.0,801.0,INR/Quintal
2017-07-30,Pulses,Maharashtra,Nagpur,Nagpur Wholesale,5149.0,4223.0,5774.0,4124.0,INR/Quintal
2023-07-08,Wheat,Punjab,Amritsar,Amritsar Wholesale,2555.0,2095.0,2865.0,2297.0,INR/Quintal
2024-09-30,Coffee,Kerala,Kozhikode,Kozhikode Wholesale,13713.0,11246.0,15378.0,1261.0,INR/Quintal
2025-03-04,Rice,Bihar,Gaya,Gaya Wholesale,2981.0,2445.0,3343.0,6032.0,INR/Quintal
2022-02-02,Coffee,Tamil Nadu,Madurai,Madurai Wholesale,21393.0,17544.0,23990.0,4225.0,INR/Quintal
2025-03-30,Pulses,Maharashtra,Pune,Pune Wholesale,4982.0,4086.0,5587.0,1583.0,INR/Quintal
2018-07-25,Coffee,Kerala,Thrissur,Thrissur Wholesale,19602.0,16075.0,21982.0,2787.0,INR/Quintal
2023-12-19,Coffee,Karnataka,Bangalore,Bangalore Wholesale,21756.0,17842.0,24397.0,1818.0,INR/Quintal
2017-12-25,Apple,Jammu and Kashmir,Srinagar,Srinagar Wholesale,3359.0,2755.0,3767.0,1195.0,INR/Quintal
2020-11-25,Potato,West Bengal,Kolkata,Kolkata Wholesale,1222.0,1002.0,1370.0,2613.0,INR/Quintal
2021-05-04,Wheat,Uttar Pradesh,Varanasi,Varanasi Wholesale,2369.0,1943.0,2657.0,2711.0,INR/Quintal
2021-03-19,Coconut,Karnataka,Mysore,Mysore Wholesale,2907.0,2384.0,3260.0,1460.0,INR/Quintal
2020-01-02,Apple,Himachal Pradesh,Shimla,Shimla Wholesale,5611.0,4601.0,6292.0,834.0,INR/Quintal
2019-04-03,Potato,Uttar Pradesh,Varanasi,Varanasi Wholesale,2211.0,1813.0,2479.0,1773.0,INR/Quintal
2023-08-28,Rice,Uttar Pradesh,Varanasi,Varanasi Wholesale,2938.0,2409.0,3295.0,1932.0,INR/Quintal
2016-11-23,Rice,Chhattisgarh,Raipur,Raipur Wholesale,1798.0,1474.0,2016.0,2968.0,INR/Quintal
2015-09-12,Pulses,Uttar Pradesh,Varanasi,Varanasi Wholesale,3291.0,2699.0,3691.0,2425.0,INR/Quintal
2019-01-18,Sugarcane,Maharashtra,Nashik,Nashik Wholesale,366.0,300.0,410.0,6559.0,INR/Quintal
2021-04-19,Tea,Kerala,Ernakulam,Ernakulam Wholesale,10488.0,8601.0,11761.0,2995.0,INR/Quintal
2015-09-14,Oilseeds,Gujarat,Vadodara,Vadodara Wholesale,3484.0,2857.0,3907.0,2940.0,INR/Quintal
2021-08-27,Wheat,Bihar,Purnia,Purnia Wholesale,2676.0,2195.0,3001.0,891.0,INR/Quintal
2016-03-17,Coconut,Tamil Nadu,Madurai,Madurai Wholesale,2526.0,2072.0,2833.0,2483.0,INR/Quintal
2020-02-25,Sugarcane,Karnataka,Belgaum,Belgaum Wholesale,380.0,312.0,426.0,3876.0,INR/Quintal
2022-03-31,Apple,Himachal Pradesh,Shimla,Shimla Wholesale,7952.0,6521.0,8917.0,2902.0,INR/Quintal
2018-01-18,Wheat,Haryana,Gurgaon,Gurgaon Wholesale,1657.0,1359.0,1858.0,1116.0,INR/Quintal
2025-06-17,Tea,West Bengal,Kolkata,Kolkata Wholesale,14017.0,11495.0,15719.0,3059.0,INR/Quintal
2021-09-03,Tea,West Bengal,Howrah,Howrah Wholesale,17900.0,14679.0,20073.0,562.0,INR/Quintal
2016-08-04,Maize,Madhya Pradesh,Bhopal,Bhopal Wholesale,1647.0,1351.0,1847.0,1513.0,INR/Quintal
2023-07-13,Potato,West Bengal,Kolkata,Kolkata Wholesale,2174.0,1783.0,2438.0,3113.0,INR/Quintal
2019-10-02,Apple,Jammu and Kashmir,Srinagar,Srinagar Wholesale,8826.0,7238.0,9897.0,1140.0,INR/Quintal
2025-03-24,Pulses,Uttar Pradesh,Lucknow,Lucknow Wholesale,6268.0,5140.0,7029.0,2191.0,INR/Quintal
2022-03-30,Maize,Telangana,Warangal,Warangal Wholesale,1627.0,1334.0,1825.0,1462.0,INR/Quintal
2015-01-19,Rice,Assam,Dibrugarh,Dibrugarh Wholesale,1759.0,1443.0,1973.0,2406.0,INR/Quintal
2018-01-29,Oilseeds,Rajasthan,Jodhpur,Jodhpur Wholesale,2211.0,1813.0,2479.0,4018.0,INR/Quintal
2022-04-08,Apple,Jammu and Kashmir,Srinagar,Srinagar Wholesale,7276.0,5967.0,8159.0,1059.0,INR/Quintal
2025-07-04,Pulses,Rajasthan,Jaipur,Jaipur Wholesale,7104.0,5826.0,7966.0,1442.0,INR/Quintal
2018-10-12,Rice,Uttar Pradesh,Varanasi,Varanasi Wholesale,2463.0,2020.0,2762.0,2716.0,INR/Quintal
2019-04-15,Coffee,Kerala,Kozhikode,Kozhikode Wholesale,19525.0,16012.0,21895.0,870.0,INR/Quintal
2025-06-29,Potato,Bihar,Patna,Patna Wholesale,2210.0,1812.0,2478.0,3984.0,INR/Quintal
2020-09-11,Potato,Bihar,Purnia,Purnia Wholesale,2043.0,1675.0,2291.0,1147.0,INR/Quintal
2020-06-16,Potato,Punjab,Patiala,Patiala Wholesale,1035.0,849.0,1161.0,5500.0,INR/Quintal
2024-01-14,Maize,Telangana,Hyderabad,Hyderabad Wholesale,2631.0,2158.0,2950.0,2730.0,INR/Quintal
2019-03-28,Cotton,Telangana,Nizamabad,Nizamabad Wholesale,6678.0,5476.0,7489.0,3806.0,INR/Quintal
2025-02-18,Coconut,Kerala,Ernakulam,Ernakulam Wholesale,2053.0,1684.0,2302.0,749.0,INR/Quintal
2017-05-11,Coconut,Karnataka,Mysore,Mysore Wholesale,3153.0,2586.0,3536.0,5699.0,INR/Quintal
2015-06-04,Sugarcane,Tamil Nadu,Coimbatore,Coimbatore Wholesale,443.0,363.0,497.0,1757.0,INR/Quintal
2024-07-26,Tea,Kerala,Kozhikode,Kozhikode Wholesale,12281.0,10071.0,13772.0,2390.0,INR/Quintal
2017-06-23,Oilseeds,Madhya Pradesh,Bhopal,Bhopal Wholesale,4801.0,3937.0,5384.0,3273.0,INR/Quintal
2018-06-23,Tea,West Bengal,Howrah,Howrah Wholesale,9960.0,8168.0,11169.0,3223.0,INR/Quintal
2016-02-09,Cotton,Telangana,Nizamabad,Nizamabad Wholesale,5406.0,4433.0,6062.0,2288.0,INR/Quintal
2017-04-23,Coffee,Tamil Nadu,Madurai,Madurai Wholesale,10279.0,8430.0,11527.0,6791.0,INR/Quintal
2019-11-18,Coffee,Kerala,Thrissur,Thrissur Wholesale,15950.0,13080.0,17886.0,1192.0,INR/Quintal
2019-04-14,Coffee,Karnataka,Mysore,Mysore Wholesale,17189.0,14096.0,19276.0,6609.0,INR/Quintal
2018-03-30,Pulses,Uttar Pradesh,Lucknow,Lucknow Wholesale,3966.0,3252.0,4447.0,2346.0,INR/Quintal
2017-01-16,Rice,Odisha,Bhubaneswar,Bhubaneswar Wholesale,2486.0,2039.0,2788.0,2330.0,INR/Quintal
2019-09-22,Rice,Punjab,Patiala,Patiala Wholesale,1384.0,1135.0,1552.0,1179.0,INR/Quintal
2023-09-24,Coffee,Kerala,Thrissur,Thrissur Wholesale,10838.0,8888.0,12154.0,286.0,INR/Quintal
2015-09-28,Oilseeds,Madhya Pradesh,Bhopal,Bhopal Wholesale,3155.0,2587.0,3538.0,936.0,INR/Quintal
2017-02-08,Maize,Andhra Pradesh,Visakhapatnam,Visakhapatnam Wholesale,1706.0,1399.0,1913.0,1349.0,INR/Quintal
2019-09-12,Oilseeds,Rajasthan,Jaipur,Jaipur Wholesale,3314.0,2718.0,3716.0,2420.0,INR/Quintal
2019-02-19,Oilseeds,Madhya Pradesh,Bhopal,Bhopal Wholesale,3107.0,2548.0,3484.0,3958.0,INR/Quintal
2015-06-21,Rice,Punjab,Ludhiana,Ludhiana Wholesale,1678.0,1376.0,1882.0,775.0,INR/Quintal
2015-10-01,Potato,Uttar Pradesh,Lucknow,Lucknow Wholesale,745.0,611.0,835.0,1673.0,INR/Quintal
2021-04-25,Oilseeds,Rajasthan,Jodhpur,Jodhpur Wholesale,3788.0,3106.0,4248.0,3100.0,INR/Quintal
2018-03-04,Oilseeds,Rajasthan,Jaipur,Jaipur Wholesale,5138.0,4214.0,5762.0,2087.0,INR/Quintal
2019-09-03,Tea,Assam,Kamrup,Kamrup Wholesale,8114.0,6654.0,9099.0,2376.0,INR/Quintal
2025-05-21,Potato,Punjab,Ludhiana,Ludhiana Wholesale,1985.0,1628.0,2226.0,4781.0,INR/Quintal
2019-11-07,Rice,Punjab,Ludhiana,Ludhiana Wholesale,1438.0,1179.0,1613.0,4388.0,INR/Quintal
2016-02-26,Maize,Andhra Pradesh,Guntur,Guntur Wholesale,1601.0,1313.0,1795.0,4818.0,INR/Quintal
2018-12-15,Coconut,Kerala,Ernakulam,Ernakulam Wholesale,1790.0,1468.0,2007.0,2697.0,INR/Quintal
2018-04-24,Sugarcane,Tamil Nadu,Coimbatore,Coimbatore Wholesale,480.0,394.0,538.0,2128.0,INR/Quintal
2021-08-08,Rice,West Bengal,Darjeeling,Darjeeling Wholesale,2190.0,1796.0,2456.0,1775.0,INR/Quintal
2025-01-26,Rice,Assam,Kamrup,Kamrup Wholesale,3095.0,2538.0,3471.0,670.0,INR/Quintal
2021-08-22,Oilseeds,Madhya Pradesh,Bhopal,Bhopal Wholesale,4493.0,3685.0,5038.0,1862.0,INR/Quintal
2024-11-03,Tea,West Bengal,Kolkata,Kolkata Wholesale,9769.0,8011.0,10955.0,2400.0,INR/Quintal
2016-08-02,Cotton,Telangana,Nizamabad,Nizamabad Wholesale,7023.0,5759.0,7876.0,2614.0,INR/Quintal
2017-06-09,Coffee,Tamil Nadu,Madurai,Madurai Wholesale,12235.0,10034.0,13720.0,1572.0,INR/Quintal
2016-12-22,Wheat,Rajasthan,Jaipur,Jaipur Wholesale,1591.0,1305.0,1784.0,1726.0,INR/Quintal
2023-12-12,Apple,Himachal Pradesh,Shimla,Shimla Wholesale,6141.0,5036.0,6887.0,657.0,INR/Quintal
2017-05-30,Tea,Kerala,Thrissur,Thrissur Wholesale,7972.0,6538.0,8940.0,3002.0,INR/Quintal
2018-01-26,Cotton,Maharashtra,Pune,Pune Wholesale,4663.0,3824.0,5229.0,6453.0,INR/Quintal
2022-04-06,Oilseeds,Maharashtra,Mumbai,Mumbai Wholesale,4671.0,3831.0,5238.0,6460.0,INR/Quintal
2020-06-30,Oilseeds,Gujarat,Vadodara,Vadodara Wholesale,3496.0,2867.0,3920.0,5699.0,INR/Quintal
2020-08-31,Coconut,Andhra Pradesh,Krishna,Krishna Wholesale,2597.0,2130.0,2912.0,4328.0,INR/Quintal
2019-01-13,Maize,Bihar,Purnia,Purnia Wholesale,1352.0,1109.0,1516.0,4570.0,INR/Quintal
2023-11-18,Cotton,Andhra Pradesh,Guntur,Guntur Wholesale,8613.0,7063.0,9659.0,1826.0,INR/Quintal
2016-01-18,Pulses,Maharashtra,Pune,Pune Wholesale,3617.0,2966.0,4056.0,2223.0,INR/Quintal
2020-12-21,Coconut,Karnataka,Bangalore,Bangalore Wholesale,2666.0,2186.0,2990.0,2765.0,INR/Quintal
2018-12-20,Coffee,Karnataka,Hubli,Hubli Wholesale,19891.0,16312.0,22306.0,5470.0,INR/Quintal
2023-06-24,Wheat,Bihar,Purnia,Purnia Wholesale,2073.0,1700.0,2325.0,2357.0,INR/Quintal
2021-12-25,Maize,Karnataka,Mysore,Mysore Wholesale,1548.0,1269.0,1736.0,1535.0,INR/Quintal
2023-12-01,Tea,Assam,Tinsukia,Tinsukia Wholesale,8092.0,6636.0,9074.0,3800.0,INR/Quintal
2023-08-23,Apple,Himachal Pradesh,Mandi,Mandi Wholesale,5775.0,4736.0,6476.0,828.0,INR/Quintal
2019-05-10,Apple,Jammu and Kashmir,Srinagar,Srinagar Wholesale,4302.0,3528.0,4824.0,1660.0,INR/Quintal
2019-11-22,Tea,West Bengal,Darjeeling,Darjeeling Wholesale,15779.0,12940.0,17695.0,3784.0,INR/Quintal
2015-05-24,Cotton,Telangana,Hyderabad,Hyderabad Wholesale,5262.0,4315.0,5901.0,4444.0,INR/Quintal
2020-03-01,Coffee,Tamil Nadu,Chennai,Chennai Wholesale,15790.0,12949.0,17707.0,6000.0,INR/Quintal
2019-08-30,Coffee,Tamil Nadu,Coimbatore,Coimbatore Wholesale,9116.0,7476.0,10223.0,3471.0,INR/Quintal
2018-12-06,Tea,Kerala,Ernakulam,Ernakulam Wholesale,13354.0,10951.0,14975.0,2804.0,INR/Quintal
2015-08-12,Pulses,Maharashtra,Nagpur,Nagpur Wholesale,3512.0,2880.0,3938.0,2230.0,INR/Quintal
2015-08-08,Apple,Himachal Pradesh,Kangra,Kangra Wholesale,5281.0,4331.0,5922.0,1296.0,INR/Quintal
2015-06-28,Oilseeds,Maharashtra,Nashik,Nashik Wholesale,2216.0,1817.0,2485.0,5545.0,INR/Quintal
2019-07-13,Coffee,Karnataka,Belgaum,Belgaum Wholesale,11878.0,9741.0,13320.0,1943.0,INR/Quintal
2016-03-08,Cotton,Telangana,Nizamabad,Nizamabad Wholesale,6177.0,5066.0,6927.0,2146.0,INR/Quintal
2015-09-22,Tea,Assam,Tinsukia,Tinsukia Wholesale,11926.0,9780.0,13374.0,1146.0,INR/Quintal
2017-08-11,Oilseeds,Madhya Pradesh,Bhopal,Bhopal Wholesale,4273.0,3504.0,4792.0,1765.0,INR/Quintal
2016-03-04,Potato,Punjab,Amritsar,Amritsar Wholesale,1368.0,1122.0,1534.0,1435.0,INR/Quintal
2025-03-22,Apple,Himachal Pradesh,Kangra,Kangra Wholesale,11101.0,9104.0,12449.0,2603.0,INR/Quintal
2021-09-29,Rice,Bihar,Patna,Patna Wholesale,2377.0,1949.0,2666.0,787.0,INR/Quintal
2024-08-25,Oilseeds,Gujarat,Ahmedabad,Ahmedabad Wholesale,4252.0,3487.0,4768.0,975.0,INR/Quintal
2022-08-06,Coffee,Tamil Nadu,Coimbatore,Coimbatore Wholesale,12611.0,10342.0,14142.0,1131.0,INR/Quintal
2021-02-22,Rice,Punjab,Amritsar,Amritsar Wholesale,1413.0,1159.0,1585.0,5851.0,INR/Quintal
2019-04-27,Coffee,Kerala,Ernakulam,Ernakulam Wholesale,16327.0,13389.0,18309.0,1799.0,INR/Quintal
2023-07-22,Cotton,Gujarat,Ahmedabad,Ahmedabad Wholesale,6131.0,5028.0,6875.0,2200.0,INR/Quintal
2016-04-24,Sugarcane,Maharashtra,Pune,Pune Wholesale,390.0,320.0,437.0,7685.0,INR/Quintal
2024-08-15,Coconut,Tamil Nadu,Coimbatore,Coimbatore Wholesale,1794.0,1471.0,2012.0,3511.0,INR/Quintal
2018-09-15,Oilseeds,Maharashtra,Mumbai,Mumbai Wholesale,4921.0,4036.0,5518.0,3945.0,INR/Quintal
2024-02-05,Rice,Uttar Pradesh,Lucknow,Lucknow Wholesale,3809.0,3124.0,4271.0,5857.0,INR/Quintal
2025-08-14,Cotton,Andhra Pradesh,Krishna,Krishna Wholesale,6457.0,5295.0,7241.0,3907.0,INR/Quintal
2017-06-08,Coffee,Kerala,Kozhikode,Kozhikode Wholesale,19194.0,15741.0,21524.0,3203.0,INR/Quintal
2025-07-21,Oilseeds,Rajasthan,Jaipur,Jaipur Wholesale,6005.0,4925.0,6734.0,2850.0,INR/Quintal
2017-07-13,Cotton,Gujarat,Surat,Surat Wholesale,7408.0,6075.0,8307.0,805.0,INR/Quintal
2020-12-10,Apple,Jammu and Kashmir,Srinagar,Srinagar Wholesale,5421.0,4446.0,6079.0,252.0,INR/Quintal
2020-03-17,Coffee,Kerala,Thrissur,Thrissur Wholesale,19633.0,16101.0,22016.0,1339.0,INR/Quintal
2018-11-11,Sugarcane,Maharashtra,Nagpur,Nagpur Wholesale,364.0,299.0,408.0,5172.0,INR/Quintal
2018-09-24,Sugarcane,Maharashtra,Pune,Pune Wholesale,429.0,352.0,481.0,2935.0,INR/Quintal
2017-02-16,Wheat,Haryana,Gurgaon,Gurgaon Wholesale,2337.0,1917.0,2621.0,4264.0,INR/Quintal
2021-07-23,Coconut,Andhra Pradesh,Krishna,Krishna Wholesale,2929.0,2402.0,3285.0,2863.0,INR/Quintal
2015-01-29,Maize,Bihar,Patna,Patna Wholesale,1407.0,1154.0,1578.0,4868.0,INR/Quintal
2023-04-11,Coconut,Andhra Pradesh,Visakhapatnam,Visakhapatnam Wholesale,3345.0,2743.0,3751.0,7077.0,INR/Quintal
2015-02-04,Cotton,Andhra Pradesh,Krishna,Krishna Wholesale,5263.0,4316.0,5902.0,5720.0,INR/Quintal
2024-10-29,Maize,Karnataka,Hubli,Hubli Wholesale,1799.0,1475.0,2017.0,3191.0,INR/Quintal
2018-11-20,Wheat,Madhya Pradesh,Bhopal,Bhopal Wholesale,2226.0,1825.0,2496.0,1320.0,INR/Quintal
2022-04-24,Pulses,Madhya Pradesh,Bhopal,Bhopal Wholesale,6764.0,5547.0,7585.0,2622.0,INR/Quintal
2024-03-19,Oilseeds,Madhya Pradesh,Bhopal,Bhopal Wholesale,6225.0,5105.0,6981.0,4663.0,INR/Quintal
2016-08-11,Apple,Jammu and Kashmir,Srinagar,Srinagar Wholesale,6943.0,5694.0,7786.0,1195.0,INR/Quintal
2024-05-13,Coffee,Kerala,Thrissur,Thrissur Wholesale,10246.0,8403.0,11490.0,3293.0,INR/Quintal
2023-10-24,Tea,Kerala,Kozhikode,Kozhikode Wholesale,7083.0,5809.0,7943.0,470.0,INR/Quintal
2023-08-05,Maize,Karnataka,Bangalore,Bangalore Wholesale,1583.0,1298.0,1775.0,552.0,INR/Quintal
2017-06-22,Maize,Telangana,Warangal,Warangal Wholesale,1379.0,1131.0,1546.0,978.0,INR/Quintal
2022-01-11,Cotton,Telangana,Warangal,Warangal Wholesale,6230.0,5109.0,6986.0,3225.0,INR/Quintal
2020-12-09,Oilseeds,Madhya Pradesh,Bhopal,Bhopal Wholesale,3468.0,2844.0,3889.0,2331.0,INR/Quintal
2015-12-06,Cotton,Andhra Pradesh,Krishna,Krishna Wholesale,4341.0,3560.0,4868.0,5691.0,INR/Quintal
2015-06-24,Sugarcane,Tamil Nadu,Coimbatore,Coimbatore Wholesale,432.0,354.0,484.0,3989.0,INR/Quintal
2020-04-07,Apple,Jammu and Kashmir,Srinagar,Srinagar Wholesale,6989.0,5732.0,7837.0,919.0,INR/Quintal
2019-09-11,Maize,Madhya Pradesh,Bhopal,Bhopal Wholesale,2236.0,1834.0,2507.0,687.0,INR/Quintal
2016-08-19,Oilseeds,Gujarat,Ahmedabad,Ahmedabad Wholesale,3208.0,2631.0,3597.0,3840.0,INR/Quintal
2016-03-26,Potato,Bihar,Muzaffarpur,Muzaffarpur Wholesale,1149.0,942.0,1288.0,3339.0,INR/Quintal
2016-07-10,Pulses,Rajasthan,Jodhpur,Jodhpur Wholesale,4071.0,3339.0,4565.0,2047.0,INR/Quintal
2018-03-05,Coffee,Tamil Nadu,Chennai,Chennai Wholesale,13732.0,11261.0,15399.0,4352.0,INR/Quintal
2023-06-15,Wheat,Bihar,Purnia,Purnia Wholesale,2617.0,2146.0,2935.0,984.0,INR/Quintal
2018-09-18,Pulses,Rajasthan,Udaipur,Udaipur Wholesale,4882.0,4004.0,5475.0,371.0,INR/Quintal
2023-12-11,Wheat,Haryana,Karnal,Karnal Wholesale,2899.0,2377.0,3251.0,3075.0,INR/Quintal
2024-10-07,Maize,Karnataka,Mysore,Mysore Wholesale,2667.0,2187.0,2991.0,1732.0,INR/Quintal
2020-08-18,Pulses,Maharashtra,Nagpur,Nagpur Wholesale,5070.0,4158.0,5686.0,3399.0,INR/Quintal
2025-09-04,Pulses,Uttar Pradesh,Varanasi,Varanasi Wholesale,4835.0,3965.0,5422.0,3512.0,INR/Quintal
2021-07-09,Coffee,Kerala,Thrissur,Thrissur Wholesale,22824.0,18717.0,25595.0,3305.0,INR/Quintal
2024-04-27,Tea,West Bengal,Kolkata,Kolkata Wholesale,18822.0,15435.0,21107.0,6044.0,INR/Quintal
2017-10-13,Coffee,Kerala,Thrissur,Thrissur Wholesale,16622.0,13631.0,18640.0,1619.0,INR/Quintal
2021-07-02,Cotton,Telangana,Nizamabad,Nizamabad Wholesale,7359.0,6035.0,8252.0,2104.0,INR/Quintal
2020-08-24,Tea,Assam,Tinsukia,Tinsukia Wholesale,6624.0,5432.0,7428.0,2092.0,INR/Quintal
2017-04-18,Pulses,Madhya Pradesh,Bhopal,Bhopal Wholesale,3395.0,2784.0,3807.0,1021.0,INR/Quintal
2019-06-26,Tea,West Bengal,Howrah,Howrah Wholesale,8778.0,7199.0,9844.0,5499.0,INR/Quintal
2015-08-14,Apple,Himachal Pradesh,Kangra,Kangra Wholesale,4111.0,3371.0,4610.0,1049.0,INR/Quintal
2024-07-28,Tea,Assam,Cachar,Cachar Wholesale,11693.0,9589.0,13113.0,3124.0,INR/Quintal
2019-12-19,Cotton,Andhra Pradesh,Guntur,Guntur Wholesale,5009.0,4108.0,5617.0,5824.0,INR/Quintal
2024-07-11,Oilseeds,Rajasthan,Jaipur,Jaipur Wholesale,5796.0,4753.0,6500.0,1855.0,INR/Quintal
2020-11-30,Maize,Madhya Pradesh,Bhopal,Bhopal Wholesale,2045.0,1677.0,2293.0,656.0,INR/Quintal
2020-07-13,Oilseeds,Rajasthan,Jaipur,Jaipur Wholesale,3571.0,2928.0,4005.0,1833.0,INR/Quintal
2018-12-22,Maize,Maharashtra,Nagpur,Nagpur Wholesale,1384.0,1135.0,1552.0,4146.0,INR/Quintal
2020-08-10,Oilseeds,Rajasthan,Jaipur,Jaipur Wholesale,4339.0,3558.0,4866.0,2099.0,INR/Quintal
2021-05-02,Oilseeds,Madhya Pradesh,Bhopal,Bhopal Wholesale,2773.0,2274.0,3110.0,660.0,INR/Quintal
2019-02-23,Wheat,Haryana,Gurgaon,Gurgaon Wholesale,2512.0,2060.0,2817.0,4583.0,INR/Quintal
2018-05-16,Tea,West Bengal,Kolkata,Kolkata Wholesale,17040.0,13974.0,19109.0,5885.0,INR/Quintal
2019-07-04,Sugarcane,Maharashtra,Pune,Pune Wholesale,427.0,350.0,479.0,5482.0,INR/Quintal
2019-10-02,Cotton,Telangana,Nizamabad,Nizamabad Wholesale,4983.0,4086.0,5588.0,907.0,INR/Quintal
2023-03-19,Oilseeds,Madhya Pradesh,Bhopal,Bhopal Wholesale,5407.0,4434.0,6063.0,4594.0,INR/Quintal
2024-06-02,Pulses,Uttar Pradesh,Lucknow,Lucknow Wholesale,4983.0,4086.0,5588.0,1737.0,INR/Quintal
2015-11-02,Potato,Bihar,Gaya,Gaya Wholesale,834.0,684.0,935.0,3642.0,INR/Quintal
2020-08-21,Wheat,Punjab,Ludhiana,Ludhiana Wholesale,2266.0,1858.0,2541.0,1941.0,INR/Quintal
2024-05-09,Potato,West Bengal,Howrah,Howrah Wholesale,2393.0,1962.0,2684.0,6095.0,INR/Quintal
2024-09-06,Rice,Uttar Pradesh,Varanasi,Varanasi Wholesale,2025.0,1661.0,2271.0,3811.0,INR/Quintal
2019-09-20,Coffee,Kerala,Thrissur,Thrissur Wholesale,21131.0,17329.0,23696.0,1286.0,INR/Quintal
2019-08-17,Rice,Assam,Tinsukia,Tinsukia Wholesale,1240.0,1017.0,1391.0,1045.0,INR/Quintal
2019-02-26,Maize,Andhra Pradesh,Chittoor,Chittoor Wholesale,1438.0,1179.0,1613.0,2356.0,INR/Quintal
2018-10-23,Oilseeds,Maharashtra,Mumbai,Mumbai Wholesale,4464.0,3661.0,5006.0,3429.0,INR/Quintal
2025-09-22,Cotton,Gujarat,Ahmedabad,Ahmedabad Wholesale,5943.0,4874.0,6664.0,3806.0,INR/Quintal
2023-03-04,Pulses,Madhya Pradesh,Bhopal,Bhopal Wholesale,4898.0,4017.0,5493.0,4053.0,INR/Quintal
2016-02-24,Sugarcane,Tamil Nadu,Coimbatore,Coimbatore Wholesale,330.0,271.0,370.0,5899.0,INR/Quintal
2023-01-15,Sugarcane,Tamil Nadu,Madurai,Madurai Wholesale,434.0,356.0,487.0,5081.0,INR/Quintal
2025-07-29,Wheat,Uttar Pradesh,Varanasi,Varanasi Wholesale,2315.0,1898.0,2596.0,6255.0,INR/Quintal
2021-01-27,Wheat,Punjab,Amritsar,Amritsar Wholesale,2639.0,2164.0,2959.0,6745.0,INR/Quintal
2015-05-14,Wheat,Bihar,Patna,Patna Wholesale,2202.0,1806.0,2469.0,1663.0,INR/Quintal
2020-07-23,Wheat,Rajasthan,Jaipur,Jaipur Wholesale,2823.0,2315.0,3166.0,2417.0,INR/Quintal
2023-04-01,Tea,Assam,Kamrup,Kamrup Wholesale,15183.0,12451.0,17026.0,1965.0,INR/Quintal
2018-12-21,Oilseeds,Maharashtra,Pune,Pune Wholesale,4452.0,3651.0,4992.0,6475.0,INR/Quintal
2023-06-24,Apple,Himachal Pradesh,Kangra,Kangra Wholesale,8826.0,7238.0,9897.0,1098.0,INR/Quintal
2019-04-03,Potato,Punjab,Amritsar,Amritsar Wholesale,2043.0,1675.0,2291.0,3435.0,INR/Quintal
2023-12-06,Oilseeds,Madhya Pradesh,Bhopal,Bhopal Wholesale,3582.0,2938.0,4017.0,1261.0,INR/Quintal
2018-03-10,Apple,Jammu and Kashmir,Srinagar,Srinagar Wholesale,4906.0,4023.0,5502.0,1801.0,INR/Quintal
2024-12-05,Oilseeds,Maharashtra,Pune,Pune Wholesale,5364.0,4399.0,6015.0,1289.0,INR/Quintal
2020-02-13,Rice,Chhattisgarh,Raipur,Raipur Wholesale,1676.0,1374.0,1879.0,4225.0,INR/Quintal
2019-12-25,Cotton,Gujarat,Rajkot,Rajkot Wholesale,7544.0,6187.0,8460.0,2189.0,INR/Quintal
2022-05-29,Pulses,Maharashtra,Nagpur,Nagpur Wholesale,5571.0,4569.0,6247.0,2735.0,INR/Quintal
2024-04-09,Maize,Telangana,Nizamabad,Nizamabad Wholesale,1905.0,1562.0,2136.0,802.0,INR/Quintal
2024-08-16,Cotton,Gujarat,Vadodara,Vadodara Wholesale,8037.0,6591.0,9013.0,1427.0,INR/Quintal
2018-09-04,Wheat,Rajasthan,Udaipur,Udaipur Wholesale,1975.0,1620.0,2215.0,1169.0,INR/Quintal
2019-01-04,Potato,Punjab,Patiala,Patiala Wholesale,2178.0,1786.0,2442.0,3732.0,INR/Quintal
2023-08-30,Rice,Uttar Pradesh,Kanpur,Kanpur Wholesale,3678.0,3016.0,4125.0,1919.0,INR/Quintal
2021-02-04,Coconut,Kerala,Ernakulam,Ernakulam Wholesale,2754.0,2258.0,3088.0,689.0,INR/Quintal
2017-12-15,Tea,Assam,Dibrugarh,Dibrugarh Wholesale,6505.0,5335.0,7295.0,1482.0,INR/Quintal
2018-03-24,Potato,Bihar,Muzaffarpur,Muzaffarpur Wholesale,975.0,800.0,1093.0,5203.0,INR/Quintal
2019-08-23,Rice,Andhra Pradesh,Krishna,Krishna Wholesale,2275.0,1866.0,2551.0,2198.0,INR/Quintal
2015-04-21,Coffee,Kerala,Ernakulam,Ernakulam Wholesale,18217.0,14939.0,20429.0,1823.0,INR/Quintal
2020-12-24,Coconut,Karnataka,Bangalore,Bangalore Wholesale,1575.0,1292.0,1766.0,2059.0,INR/Quintal
2021-03-29,Tea,Kerala,Ernakulam,Ernakulam Wholesale,6419.0,5264.0,7198.0,3115.0,INR/Quintal
2023-04-28,Wheat,Uttar Pradesh,Kanpur,Kanpur Wholesale,1952.0,1601.0,2189.0,3515.0,INR/Quintal
2016-04-12,Maize,Andhra Pradesh,Visakhapatnam,Visakhapatnam Wholesale,1758.0,1442.0,1971.0,5047.0,INR/Quintal
2022-08-11,Wheat,Uttar Pradesh,Lucknow,Lucknow Wholesale,2885.0,2366.0,3235.0,5499.0,INR/Quintal
2021-12-03,Potato,Punjab,Amritsar,Amritsar Wholesale,665.0,545.0,746.0,1028.0,INR/Quintal
2023-08-06,Wheat,Rajasthan,Udaipur,Udaipur Wholesale,2123.0,1741.0,2381.0,652.0,INR/Quintal
2017-03-24,Coffee,Kerala,Thrissur,Thrissur Wholesale,17298.0,14186.0,19398.0,1358.0,INR/Quintal
2018-06-26,Wheat,Haryana,Karnal,Karnal Wholesale,2535.0,2079.0,2843.0,3517.0,INR/Quintal
2017-09-20,Rice,Telangana,Warangal,Warangal Wholesale,2772.0,2273.0,3109.0,432.0,INR/Quintal
2020-07-24,Sugarcane,Tamil Nadu,Coimbatore,Coimbatore Wholesale,480.0,394.0,538.0,2477.0,INR/Quintal
2015-11-19,Coconut,Kerala,Thrissur,Thrissur Wholesale,1260.0,1033.0,1413.0,3183.0,INR/Quintal
2023-02-17,Wheat,Punjab,Ludhiana,Ludhiana Wholesale,2353.0,1930.0,2639.0,1043.0,INR/Quintal
2017-06-22,Coffee,Kerala,Thrissur,Thrissur Wholesale,21006.0,17227.0,23556.0,1714.0,INR/Quintal
2019-03-22,Oilseeds,Rajasthan,Jaipur,Jaipur Wholesale,5563.0,4562.0,6238.0,3571.0,INR/Quintal
2020-06-22,Oilseeds,Maharashtra,Mumbai,Mumbai Wholesale,4378.0,3590.0,4909.0,1554.0,INR/Quintal
2019-12-21,Maize,Madhya Pradesh,Bhopal,Bhopal Wholesale,2138.0,1753.0,2398.0,679.0,INR/Quintal
2024-08-04,Maize,Bihar,Purnia,Purnia Wholesale,2732.0,2240.0,3064.0,2471.0,INR/Quintal
2024-09-28,Coconut,Andhra Pradesh,Guntur,Guntur Wholesale,2413.0,1979.0,2706.0,458.0,INR/Quintal
2022-04-07,Maize,Madhya Pradesh,Bhopal,Bhopal Wholesale,1618.0,1327.0,1814.0,4140.0,INR/Quintal
2021-10-12,Cotton,Andhra Pradesh,Guntur,Guntur Wholesale,7088.0,5813.0,7948.0,711.0,INR/Quintal
2024-02-23,Pulses,Maharashtra,Pune,Pune Wholesale,7468.0,6124.0,8375.0,4683.0,INR/Quintal
2025-05-08,Maize,Karnataka,Bangalore,Bangalore Wholesale,2466.0,2022.0,2765.0,4846.0,INR/Quintal
2024-11-17,Wheat,Uttar Pradesh,Lucknow,Lucknow Wholesale,2925.0,2399.0,3280.0,2026.0,INR/Quintal
2015-05-28,Maize,Madhya Pradesh,Bhopal,Bhopal Wholesale,1623.0,1331.0,1820.0,889.0,INR/Quintal
2018-02-15,Pulses,Madhya Pradesh,Bhopal,Bhopal Wholesale,3585.0,2940.0,4020.0,1300.0,INR/Quintal
2017-04-29,Cotton,Gujarat,Vadodara,Vadodara Wholesale,4777.0,3918.0,5357.0,6570.0,INR/Quintal
2016-01-02,Pulses,Rajasthan,Jaipur,Jaipur Wholesale,6126.0,5024.0,6870.0,2959.0,INR/Quintal
2022-12-07,Potato,Bihar,Gaya,Gaya Wholesale,1500.0,1230.0,1682.0,1391.0,INR/Quintal
2017-12-25,Maize,Madhya Pradesh,Bhopal,Bhopal Wholesale,1285.0,1054.0,1441.0,2978.0,INR/Quintal
2020-07-31,Coconut,Kerala,Kozhikode,Kozhikode Wholesale,3347.0,2745.0,3753.0,2508.0,INR/Quintal
2022-10-31,Maize,Madhya Pradesh,Bhopal,Bhopal Wholesale,2054.0,1684.0,2303.0,2955.0,INR/Quintal
2024-06-03,Maize,Andhra Pradesh,Chittoor,Chittoor Wholesale,2586.0,2121.0,2900.0,2714.0,INR/Quintal
2015-06-24,Potato,West Bengal,Kolkata,Kolkata Wholesale,1323.0,1085.0,1484.0,4831.0,INR/Quintal
2020-01-29,Pulses,Rajasthan,Udaipur,Udaipur Wholesale,3801.0,3117.0,4262.0,2020.0,INR/Quintal
2016-08-10,Rice,West Bengal,Howrah,Howrah Wholesale,2298.0,1885.0,2577.0,3696.0,INR/Quintal
2016-05-09,Wheat,Rajasthan,Jaipur,Jaipur Wholesale,2572.0,2109.0,2884.0,734.0,INR/Quintal
2023-04-09,Coffee,Karnataka,Belgaum,Belgaum Wholesale,11481.0,9415.0,12875.0,1786.0,INR/Quintal
2018-02-11,Wheat,Haryana,Hisar,Hisar Wholesale,2553.0,2094.0,2863.0,7628.0,INR/Quintal
2023-09-18,Maize,Madhya Pradesh,Bhopal,Bhopal Wholesale,1780.0,1460.0,1996.0,2345.0,INR/Quintal
2019-11-20,Cotton,Telangana,Warangal,Warangal Wholesale,5803.0,4759.0,6507.0,1434.0,INR/Quintal
2024-08-11,Potato,West Bengal,Darjeeling,Darjeeling Wholesale,1345.0,1103.0,1508.0,2594.0,INR/Quintal
2025-05-14,Coconut,Tamil Nadu,Chennai,Chennai Wholesale,3637.0,2983.0,4079.0,2811.0,INR/Quintal
2018-03-16,Rice,Tamil Nadu,Coimbatore,Coimbatore Wholesale,2190.0,1796.0,2456.0,781.0,INR/Quintal
2015-02-04,Tea,Assam,Kamrup,Kamrup Wholesale,9472.0,7768.0,10622.0,622.0,INR/Quintal
2017-09-25,Rice,Telangana,Warangal,Warangal Wholesale,2794.0,2291.0,3133.0,469.0,INR/Quintal
2018-08-25,Coffee,Kerala,Kozhikode,Kozhikode Wholesale,9360.0,7676.0,10496.0,1879.0,INR/Quintal
2022-01-29,Wheat,Bihar,Gaya,Gaya Wholesale,1920.0,1575.0,2153.0,2020.0,INR/Quintal
2022-08-29,Maize,Telangana,Nizamabad,Nizamabad Wholesale,1478.0,1212.0,1657.0,765.0,INR/Quintal
2017-11-03,Sugarcane,Maharashtra,Mumbai,Mumbai Wholesale,427.0,350.0,479.0,5232.0,INR/Quintal
2016-01-09,Tea,Kerala,Thrissur,Thrissur Wholesale,9507.0,7796.0,10661.0,962.0,INR/Quintal
2022-02-17,Maize,Andhra Pradesh,Guntur,Guntur Wholesale,2512.0,2060.0,2817.0,5341.0,INR/Quintal
2018-12-22,Potato,Uttar Pradesh,Varanasi,Varanasi Wholesale,1360.0,1115.0,1525.0,6786.0,INR/Quintal
2019-10-18,Tea,West Bengal,Howrah,Howrah Wholesale,9701.0,7956.0,10879.0,1007.0,INR/Quintal
2021-03-30,Coffee,Karnataka,Mysore,Mysore Wholesale,22925.0,18800.0,25708.0,2097.0,INR/Quintal
2016-12-05,Sugarcane,Maharashtra,Nashik,Nashik Wholesale,354.0,290.0,397.0,4007.0,INR/Quintal
2016-07-16,Pulses,Maharashtra,Nagpur,Nagpur Wholesale,5981.0,4905.0,6707.0,3081.0,INR/Quintal
2023-03-06,Pulses,Madhya Pradesh,Bhopal,Bhopal Wholesale,4652.0,3815.0,5217.0,2958.0,INR/Quintal
2023-01-13,Pulses,Maharashtra,Nagpur,Nagpur Wholesale,4344.0,3562.0,4871.0,4479.0,INR/Quintal
2022-08-05,Cotton,Telangana,Hyderabad,Hyderabad Wholesale,6631.0,5438.0,7436.0,3181.0,INR/Quintal
2025-03-23,Pulses,Madhya Pradesh,Bhopal,Bhopal Wholesale,4097.0,3360.0,4594.0,772.0,INR/Quintal
2024-08-12,Oilseeds,Maharashtra,Nashik,Nashik Wholesale,2679.0,2197.0,3004.0,3774.0,INR/Quintal
2024-10-13,Tea,Assam,Dibrugarh,Dibrugarh Wholesale,12649.0,10373.0,14185.0,916.0,INR/Quintal
2024-02-29,Coconut,Kerala,Kozhikode,Kozhikode Wholesale,1816.0,1489.0,2036.0,2199.0,INR/Quintal
2020-02-17,Sugarcane,Karnataka,Belgaum,Belgaum Wholesale,347.0,285.0,389.0,1250.0,INR/Quintal
2020-10-24,Potato,Bihar,Muzaffarpur,Muzaffarpur Wholesale,1086.0,891.0,1218.0,1854.0,INR/Quintal
2016-03-14,Oilseeds,Madhya Pradesh,Bhopal,Bhopal Wholesale,3535.0,2899.0,3964.0,4284.0,INR/Quintal
2025-05-31,Oilseeds,Madhya Pradesh,Bhopal,Bhopal Wholesale,4138.0,3393.0,4640.0,869.0,INR/Quintal
2020-02-27,Apple,Himachal Pradesh,Mandi,Mandi Wholesale,4652.0,3815.0,5217.0,1096.0,INR/Quintal
2020-06-02,Sugarcane,Maharashtra,Pune,Pune Wholesale,445.0,365.0,499.0,2832.0,INR/Quintal
2016-11-29,Apple,Jammu and Kashmir,Srinagar,Srinagar Wholesale,6748.0,5534.0,7567.0,329.0,INR/Quintal
2018-08-05,Coconut,Kerala,Kozhikode,Kozhikode Wholesale,2563.0,2102.0,2874.0,2327.0,INR/Quintal
2023-02-10,Potato,Punjab,Patiala,Patiala Wholesale,1352.0,1109.0,1516.0,7637.0,INR/Quintal
2019-04-13,Tea,West Bengal,Kolkata,Kolkata Wholesale,8569.0,7027.0,9609.0,5906.0,INR/Quintal
2023-01-17,Wheat,Haryana,Hisar,Hisar Wholesale,2479.0,2033.0,2780.0,5035.0,INR/Quintal
2016-11-22,Maize,Bihar,Gaya,Gaya Wholesale,2153.0,1766.0,2414.0,2365.0,INR/Quintal
2021-04-19,Coconut,Karnataka,Bangalore,Bangalore Wholesale,2286.0,1875.0,2564.0,2330.0,INR/Quintal
2023-10-03,Coconut,Andhra Pradesh,Guntur,Guntur Wholesale,1725.0,1415.0,1934.0,3063.0,INR/Quintal
2018-04-15,Wheat,Bihar,Gaya,Gaya Wholesale,1736.0,1424.0,1947.0,3150.0,INR/Quintal
2023-07-06,Coffee,Tamil Nadu,Chennai,Chennai Wholesale,22767.0,18671.0,25531.0,4552.0,INR/Quintal
2021-09-23,Sugarcane,Uttar Pradesh,Varanasi,Varanasi Wholesale,486.0,399.0,545.0,5100.0,INR/Quintal
2019-06-23,Coconut,Andhra Pradesh,Chittoor,Chittoor Wholesale,1821.0,1493.0,2042.0,5488.0,INR/Quintal
2019-06-22,Wheat,Rajasthan,Jaipur,Jaipur Wholesale,2011.0,1649.0,2255.0,1484.0,INR/Quintal
2015-05-07,Coconut,Andhra Pradesh,Chittoor,Chittoor Wholesale,2790.0,2288.0,3129.0,2975.0,INR/Quintal
2019-02-15,Wheat,Punjab,Ludhiana,Ludhiana Wholesale,1879.0,1541.0,2107.0,8196.0,INR/Quintal
2018-04-06,Wheat,Madhya Pradesh,Bhopal,Bhopal Wholesale,2218.0,1819.0,2487.0,3811.0,INR/Quintal
2022-03-24,Coconut,Tamil Nadu,Chennai,Chennai Wholesale,2937.0,2409.0,3294.0,5248.0,INR/Quintal
2015-10-21,Pulses,Rajasthan,Udaipur,Udaipur Wholesale,4189.0,3435.0,4698.0,911.0,INR/Quintal
2025-09-21,Rice,Bihar,Gaya,Gaya Wholesale,1404.0,1151.0,1574.0,2975.0,INR/Quintal
2025-02-26,Wheat,Punjab,Ludhiana,Ludhiana Wholesale,2246.0,1842.0,2519.0,5872.0,INR/Quintal
2018-09-28,Maize,Madhya Pradesh,Bhopal,Bhopal Wholesale,2291.0,1879.0,2569.0,1406.0,INR/Quintal
2017-10-16,Sugarcane,Tamil Nadu,Madurai,Madurai Wholesale,401.0,329.0,450.0,3578.0,INR/Quintal
2021-06-15,Coffee,Karnataka,Bangalore,Bangalore Wholesale,23085.0,18931.0,25888.0,2501.0,INR/Quintal
2022-06-02,Rice,West Bengal,Howrah,Howrah Wholesale,2555.0,2095.0,2865.0,3787.0,INR/Quintal
2022-01-19,Cotton,Telangana,Warangal,Warangal Wholesale,8265.0,6778.0,9268.0,2687.0,INR/Quintal
2022-01-31,Maize,Andhra Pradesh,Krishna,Krishna Wholesale,2552.0,2093.0,2862.0,4371.0,INR/Quintal
2016-02-23,Maize,Madhya Pradesh,Bhopal,Bhopal Wholesale,1733.0,1421.0,1943.0,688.0,INR/Quintal
2016-03-19,Pulses,Rajasthan,Udaipur,Udaipur Wholesale,4073.0,3340.0,4567.0,2343.0,INR/Quintal
2016-11-15,Pulses,Rajasthan,Jodhpur,Jodhpur Wholesale,4949.0,4059.0,5550.0,1788.0,INR/Quintal
2024-12-08,Sugarcane,Karnataka,Mysore,Mysore Wholesale,510.0,418.0,572.0,2989.0,INR/Quintal
2022-11-27,Maize,Madhya Pradesh,Bhopal,Bhopal Wholesale,2055.0,1685.0,2304.0,2933.0,INR/Quintal
2021-04-02,Potato,Uttar Pradesh,Varanasi,Varanasi Wholesale,2045.0,1677.0,2293.0,3591.0,INR/Quintal
2019-01-02,Potato,Bihar,Patna,Patna Wholesale,868.0,712.0,973.0,5150.0,INR/Quintal
2021-03-11,Apple,Himachal Pradesh,Shimla,Shimla Wholesale,6064.0,4973.0,6800.0,1505.0,INR/Quintal
2015-03-26,Sugarcane,Karnataka,Hubli,Hubli Wholesale,403.0,330.0,452.0,5184.0,INR/Quintal
2022-10-12,Wheat,Rajasthan,Jodhpur,Jodhpur Wholesale,2113.0,1733.0,2370.0,461.0,INR/Quintal
2019-11-03,Oilseeds,Rajasthan,Jaipur,Jaipur Wholesale,3718.0,3049.0,4169.0,833.0,INR/Quintal
2015-03-26,Cotton,Maharashtra,Mumbai,Mumbai Wholesale,6891.0,5651.0,7728.0,6634.0,INR/Quintal
2020-04-28,Coconut,Andhra Pradesh,Krishna,Krishna Wholesale,2590.0,2124.0,2904.0,840.0,INR/Quintal
2024-09-30,Coffee,Kerala,Kozhikode,Kozhikode Wholesale,24624.0,20194.0,27613.0,2721.0,INR/Quintal
2020-10-13,Pulses,Maharashtra,Pune,Pune Wholesale,5942.0,4873.0,6663.0,1307.0,INR/Quintal
2019-07-28,Coffee,Kerala,Thrissur,Thrissur Wholesale,18700.0,15335.0,20970.0,3098.0,INR/Quintal
2016-10-24,Oilseeds,Maharashtra,Pune,Pune Wholesale,3889.0,3189.0,4361.0,2715.0,INR/Quintal
2016-09-18,Tea,West Bengal,Kolkata,Kolkata Wholesale,7938.0,6510.0,8902.0,2341.0,INR/Quintal
2015-03-05,Apple,Himachal Pradesh,Mandi,Mandi Wholesale,6158.0,5050.0,6906.0,571.0,INR/Quintal
2024-05-07,Sugarcane,Karnataka,Bangalore,Bangalore Wholesale,429.0,352.0,481.0,2712.0,INR/Quintal
2023-03-06,Wheat,Punjab,Patiala,Patiala Wholesale,3098.0,2541.0,3474.0,2346.0,INR/Quintal
2017-07-07,Apple,Jammu and Kashmir,Srinagar,Srinagar Wholesale,4595.0,3768.0,5153.0,975.0,INR/Quintal
2018-10-07,Rice,West Bengal,Darjeeling,Darjeeling Wholesale,1593.0,1306.0,1786.0,2425.0,INR/Quintal
2018-03-27,Wheat,Uttar Pradesh,Lucknow,Lucknow Wholesale,2315.0,1898.0,2596.0,7202.0,INR/Quintal
2019-06-01,Maize,Andhra Pradesh,Krishna,Krishna Wholesale,1916.0,1571.0,2149.0,5343.0,INR/Quintal
2016-05-05,Apple,Jammu and Kashmir,Srinagar,Srinagar Wholesale,3200.0,2624.0,3588.0,1199.0,INR/Quintal
2025-03-18,Wheat,Punjab,Ludhiana,Ludhiana Wholesale,2118.0,1737.0,2375.0,3023.0,INR/Quintal
2020-02-22,Apple,Himachal Pradesh,Kangra,Kangra Wholesale,8925.0,7319.0,10009.0,1260.0,INR/Quintal
2024-09-04,Maize,Bihar,Patna,Patna Wholesale,2138.0,1753.0,2398.0,3018.0,INR/Quintal
2024-01-10,Coffee,Karnataka,Bangalore,Bangalore Wholesale,13624.0,11173.0,15278.0,1463.0,INR/Quintal
2020-04-24,Apple,Himachal Pradesh,Mandi,Mandi Wholesale,6738.0,5526.0,7556.0,2093.0,INR/Quintal
2015-11-09,Apple,Jammu and Kashmir,Srinagar,Srinagar Wholesale,4266.0,3498.0,4784.0,190.0,INR/Quintal
2022-04-16,Coconut,Kerala,Thrissur,Thrissur Wholesale,1751.0,1436.0,1964.0,1618.0,INR/Quintal
2017-07-07,Coconut,Karnataka,Hubli,Hubli Wholesale,3090.0,2534.0,3465.0,2956.0,INR/Quintal
2020-02-26,Tea,Assam,Dibrugarh,Dibrugarh Wholesale,9913.0,8129.0,11116.0,2574.0,INR/Quintal
2017-03-23,Pulses,Madhya Pradesh,Bhopal,Bhopal Wholesale,3328.0,2729.0,3732.0,2830.0,INR/Quintal
2023-03-07,Coconut,Kerala,Thrissur,Thrissur Wholesale,3646.0,2990.0,4089.0,3611.0,INR/Quintal
2019-01-29,Tea,Kerala,Ernakulam,Ernakulam Wholesale,13052.0,10704.0,14637.0,1431.0,INR/Quintal
2023-08-26,Apple,Himachal Pradesh,Mandi,Mandi Wholesale,5827.0,4779.0,6534.0,653.0,INR/Quintal
2018-08-19,Maize,Maharashtra,Pune,Pune Wholesale,1754.0,1438.0,1967.0,3445.0,INR/Quintal
2016-11-10,Coconut,Tamil Nadu,Chennai,Chennai Wholesale,2806.0,2301.0,3147.0,2732.0,INR/Quintal
2016-03-10,Rice,Assam,Tinsukia,Tinsukia Wholesale,1766.0,1448.0,1980.0,588.0,INR/Quintal
2016-11-12,Apple,Himachal Pradesh,Shimla,Shimla Wholesale,6613.0,5423.0,7416.0,1495.0,INR/Quintal
2018-03-04,Oilseeds,Gujarat,Surat,Surat Wholesale,3929.0,3222.0,4406.0,5133.0,INR/Quintal
2017-12-09,Coffee,Kerala,Kozhikode,Kozhikode Wholesale,13584.0,11140.0,15233.0,683.0,INR/Quintal
2018-12-26,Coffee,Karnataka,Mysore,Mysore Wholesale,18793.0,15412.0,21074.0,4250.0,INR/Quintal
2021-07-15,Wheat,Rajasthan,Jaipur,Jaipur Wholesale,2328.0,1909.0,2611.0,1695.0,INR/Quintal
2021-07-22,Pulses,Rajasthan,Jaipur,Jaipur Wholesale,3615.0,2965.0,4054.0,846.0,INR/Quintal
2022-05-17,Wheat,Rajasthan,Udaipur,Udaipur Wholesale,2800.0,2296.0,3140.0,2429.0,INR/Quintal
2018-10-02,Wheat,Rajasthan,Jodhpur,Jodhpur Wholesale,1758.0,1442.0,1971.0,1647.0,INR/Quintal
2016-10-10,Maize,Maharashtra,Pune,Pune Wholesale,1714.0,1406.0,1922.0,4465.0,INR/Quintal
2015-09-02,Oilseeds,Rajasthan,Jaipur,Jaipur Wholesale,3740.0,3067.0,4194.0,1881.0,INR/Quintal
2020-11-26,Pulses,Uttar Pradesh,Varanasi,Varanasi Wholesale,5884.0,4825.0,6598.0,2370.0,INR/Quintal
2025-09-01,Wheat,Madhya Pradesh,Bhopal,Bhopal Wholesale,2484.0,2037.0,2786.0,578.0,INR/Quintal
2025-08-06,Apple,Jammu and Kashmir,Srinagar,Srinagar Wholesale,8681.0,7119.0,9735.0,1285.0,INR/Quintal
2022-01-24,Coffee,Tamil Nadu,Chennai,Chennai Wholesale,11008.0,9027.0,12344.0,5449.0,INR/Quintal
2023-08-28,Wheat,Haryana,Hisar,Hisar Wholesale,2670.0,2190.0,2994.0,1336.0,INR/Quintal
2015-10-23,Cotton,Telangana,Warangal,Warangal Wholesale,6479.0,5313.0,7266.0,519.0,INR/Quintal
2020-11-29,Sugarcane,Uttar Pradesh,Lucknow,Lucknow Wholesale,498.0,408.0,558.0,4722.0,INR/Quintal
2025-08-20,Coconut,Tamil Nadu,Chennai,Chennai Wholesale,2807.0,2302.0,3148.0,3055.0,INR/Quintal
2019-06-01,Coffee,Tamil Nadu,Chennai,Chennai Wholesale,12507.0,10257.0,14025.0,1427.0,INR/Quintal
2023-11-23,Cotton,Gujarat,Vadodara,Vadodara Wholesale,5568.0,4566.0,6244.0,3577.0,INR/Quintal
2021-07-18,Sugarcane,Tamil Nadu,Madurai,Madurai Wholesale,415.0,340.0,465.0,1641.0,INR/Quintal
2025-03-20,Rice,Punjab,Amritsar,Amritsar Wholesale,2704.0,2217.0,3032.0,3262.0,INR/Quintal
2020-11-18,Cotton,Telangana,Warangal,Warangal Wholesale,5277.0,4328.0,5918.0,1500.0,INR/Quintal
2025-06-26,Apple,Jammu and Kashmir,Srinagar,Srinagar Wholesale,10091.0,8275.0,11316.0,1137.0,INR/Quintal
2022-04-30,Maize,Karnataka,Bangalore,Bangalore Wholesale,2538.0,2081.0,2846.0,5710.0,INR/Quintal
2019-06-16,Rice,West Bengal,Kolkata,Kolkata Wholesale,1194.0,979.0,1339.0,3018.0,INR/Quintal
2024-07-04,Potato,Bihar,Patna,Patna Wholesale,1706.0,1399.0,1913.0,1565.0,INR/Quintal
2015-01-28,Pulses,Rajasthan,Udaipur,Udaipur Wholesale,5368.0,4402.0,6020.0,3605.0,INR/Quintal
2023-03-04,Coffee,Kerala,Kozhikode,Kozhikode Wholesale,13571.0,11129.0,15219.0,778.0,INR/Quintal
2020-06-08,Potato,Punjab,Ludhiana,Ludhiana Wholesale,1479.0,1213.0,1659.0,6130.0,INR/Quintal
2019-04-10,Coffee,Karnataka,Bangalore,Bangalore Wholesale,15858.0,13005.0,17783.0,5584.0,INR/Quintal
2015-02-27,Apple,Jammu and Kashmir,Srinagar,Srinagar Wholesale,3983.0,3266.0,4467.0,827.0,INR/Quintal
2019-03-02,Pulses,Maharashtra,Mumbai,Mumbai Wholesale,5426.0,4450.0,6085.0,2353.0,INR/Quintal
2015-10-24,Pulses,Uttar Pradesh,Varanasi,Varanasi Wholesale,5981.0,4905.0,6707.0,4925.0,INR/Quintal
2020-12-21,Coconut,Karnataka,Bangalore,Bangalore Wholesale,1990.0,1632.0,2232.0,3316.0,INR/Quintal
2024-04-25,Coffee,Tamil Nadu,Madurai,Madurai Wholesale,17649.0,14474.0,19792.0,980.0,INR/Quintal
2021-04-15,Pulses,Maharashtra,Pune,Pune Wholesale,4701.0,3855.0,5272.0,7384.0,INR/Quintal
2023-05-27,Cotton,Telangana,Hyderabad,Hyderabad Wholesale,8222.0,6743.0,9220.0,2143.0,INR/Quintal
2022-02-10,Tea,Kerala,Thrissur,Thrissur Wholesale,14861.0,12187.0,16665.0,2056.0,INR/Quintal
2017-06-20,Oilseeds,Rajasthan,Jodhpur,Jodhpur Wholesale,2688.0,2204.0,3014.0,2376.0,INR/Quintal
2020-05-18,Coconut,Karnataka,Mysore,Mysore Wholesale,3220.0,2641.0,3611.0,4397.0,INR/Quintal
2018-01-03,Coffee,Tamil Nadu,Chennai,Chennai Wholesale,10167.0,8338.0,11401.0,2644.0,INR/Quintal
2019-08-05,Potato,West Bengal,Darjeeling,Darjeeling Wholesale,720.0,590.0,807.0,932.0,INR/Quintal
2022-11-21,Potato,West Bengal,Kolkata,Kolkata Wholesale,1790.0,1468.0,2007.0,2791.0,INR/Quintal
2018-04-06,Pulses,Rajasthan,Udaipur,Udaipur Wholesale,4532.0,3717.0,5082.0,2922.0,INR/Quintal
2017-02-09,Apple,Himachal Pradesh,Mandi,Mandi Wholesale,6592.0,5406.0,7392.0,2753.0,INR/Quintal
2019-03-07,Coffee,Karnataka,Bangalore,Bangalore Wholesale,19504.0,15995.0,21872.0,3832.0,INR/Quintal
2018-10-10,Tea,West Bengal,Darjeeling,Darjeeling Wholesale,7231.0,5930.0,8109.0,2773.0,INR/Quintal
2018-06-02,Tea,Kerala,Thrissur,Thrissur Wholesale,7779.0,6379.0,8723.0,596.0,INR/Quintal
2025-03-24,Oilseeds,Maharashtra,Nagpur,Nagpur Wholesale,4398.0,3607.0,4932.0,7648.0,INR/Quintal
2019-04-04,Cotton,Maharashtra,Pune,Pune Wholesale,5376.0,4409.0,6029.0,3230.0,INR/Quintal
2015-05-26,Oilseeds,Rajasthan,Jaipur,Jaipur Wholesale,2147.0,1761.0,2408.0,2693.0,INR/Quintal
2020-06-06,Maize,Madhya Pradesh,Bhopal,Bhopal Wholesale,1480.0,1214.0,1660.0,3698.0,INR/Quintal
2018-06-18,Apple,Himachal Pradesh,Shimla,Shimla Wholesale,8403.0,6891.0,9423.0,2074.0,INR/Quintal
2020-03-22,Potato,West Bengal,Howrah,Howrah Wholesale,2147.0,1761.0,2408.0,4819.0,INR/Quintal
2023-01-19,Tea,West Bengal,Howrah,Howrah Wholesale,9705.0,7959.0,10883.0,4638.0,INR/Quintal
2021-07-19,Pulses,Rajasthan,Jodhpur,Jodhpur Wholesale,4422.0,3626.0,4959.0,2763.0,INR/Quintal
2019-11-08,Tea,West Bengal,Kolkata,Kolkata Wholesale,15486.0,12700.0,17366.0,3884.0,INR/Quintal
2017-11-24,Tea,Assam,Cachar,Cachar Wholesale,15415.0,12641.0,17286.0,2206.0,INR/Quintal
2022-07-12,Sugarcane,Uttar Pradesh,Lucknow,Lucknow Wholesale,417.0,342.0,468.0,4417.0,INR/Quintal
2020-08-10,Potato,Bihar,Patna,Patna Wholesale,2050.0,1681.0,2299.0,861.0,INR/Quintal
2020-07-12,Maize,Maharashtra,Nashik,Nashik Wholesale,1962.0,1609.0,2200.0,2890.0,INR/Quintal
2015-06-02,Oilseeds,Maharashtra,Nagpur,Nagpur Wholesale,4870.0,3994.0,5461.0,2411.0,INR/Quintal
2021-10-12,Maize,Telangana,Warangal,Warangal Wholesale,1577.0,1293.0,1768.0,1628.0,INR/Quintal
2016-05-22,Sugarcane,Tamil Nadu,Madurai,Madurai Wholesale,459.0,376.0,515.0,4402.0,INR/Quintal
2023-10-03,Cotton,Maharashtra,Mumbai,Mumbai Wholesale,6600.0,5413.0,7401.0,1127.0,INR/Quintal
2016-05-05,Apple,Jammu and Kashmir,Srinagar,Srinagar Wholesale,7998.0,6559.0,8969.0,266.0,INR/Quintal
2024-09-23,Maize,Madhya Pradesh,Bhopal,Bhopal Wholesale,2107.0,1728.0,2363.0,1280.0,INR/Quintal
2015-12-11,Tea,West Bengal,Kolkata,Kolkata Wholesale,12361.0,10137.0,13862.0,2145.0,INR/Quintal
2020-04-19,Coconut,Kerala,Ernakulam,Ernakulam Wholesale,3001.0,2461.0,3365.0,2411.0,INR/Quintal
2019-10-28,Rice,Andhra Pradesh,Visakhapatnam,Visakhapatnam Wholesale,2739.0,2246.0,3072.0,4166.0,INR/Quintal
2015-08-09,Coffee,Tamil Nadu,Chennai,Chennai Wholesale,14663.0,12025.0,16443.0,2998.0,INR/Quintal
2020-04-22,Maize,Telangana,Hyderabad,Hyderabad Wholesale,1860.0,1525.0,2086.0,2238.0,INR/Quintal
2020-04-26,Apple,Himachal Pradesh,Shimla,Shimla Wholesale,8807.0,7222.0,9876.0,823.0,INR/Quintal
2016-12-23,Coffee,Karnataka,Belgaum,Belgaum Wholesale,21956.0,18006.0,24621.0,3611.0,INR/Quintal
2023-06-24,Apple,Himachal Pradesh,Kangra,Kangra Wholesale,4159.0,3411.0,4664.0,1730.0,INR/Quintal
2016-06-11,Sugarcane,Karnataka,Belgaum,Belgaum Wholesale,400.0,328.0,449.0,2944.0,INR/Quintal
2023-11-28,Maize,Bihar,Patna,Patna Wholesale,2562.0,2101.0,2873.0,1239.0,INR/Quintal
2019-03-03,Maize,Madhya Pradesh,Bhopal,Bhopal Wholesale,2075.0,1702.0,2327.0,654.0,INR/Quintal
2022-11-28,Wheat,Rajasthan,Jodhpur,Jodhpur Wholesale,2784.0,2283.0,3122.0,1009.0,INR/Quintal
2019-07-23,Tea,West Bengal,Darjeeling,Darjeeling Wholesale,18750.0,15376.0,21026.0,2391.0,INR/Quintal
2023-07-11,Apple,Jammu and Kashmir,Srinagar,Srinagar Wholesale,8376.0,6869.0,9393.0,1376.0,INR/Quintal
2016-04-25,Pulses,Uttar Pradesh,Lucknow,Lucknow Wholesale,5306.0,4351.0,5950.0,8205.0,INR/Quintal
2023-02-25,Coffee,Tamil Nadu,Coimbatore,Coimbatore Wholesale,23062.0,18913.0,25862.0,3268.0,INR/Quintal
2020-02-15,Cotton,Telangana,Nizamabad,Nizamabad Wholesale,7580.0,6216.0,8500.0,4629.0,INR/Quintal
2025-06-16,Wheat,Bihar,Muzaffarpur,Muzaffarpur Wholesale,3010.0,2468.0,3375.0,4970.0,INR/Quintal
2022-12-29,Tea,West Bengal,Howrah,Howrah Wholesale,8515.0,6983.0,9549.0,4097.0,INR/Quintal
2019-01-02,Sugarcane,Tamil Nadu,Madurai,Madurai Wholesale,376.0,308.0,422.0,4780.0,INR/Quintal
2018-11-26,Coffee,Tamil Nadu,Coimbatore,Coimbatore Wholesale,15202.0,12467.0,17048.0,4294.0,INR/Quintal
2024-11-26,Oilseeds,Maharashtra,Nagpur,Nagpur Wholesale,5243.0,4300.0,5880.0,2234.0,INR/Quintal
2015-12-11,Sugarcane,Uttar Pradesh,Kanpur,Kanpur Wholesale,345.0,283.0,387.0,826.0,INR/Quintal
2015-02-14,Pulses,Maharashtra,Pune,Pune Wholesale,3280.0,2690.0,3678.0,8093.0,INR/Quintal
2025-03-06,Coffee,Tamil Nadu,Madurai,Madurai Wholesale,14490.0,11883.0,16249.0,3871.0,INR/Quintal
2020-08-30,Sugarcane,Karnataka,Bangalore,Bangalore Wholesale,478.0,392.0,536.0,3286.0,INR/Quintal
2019-07-16,Wheat,Rajasthan,Udaipur,Udaipur Wholesale,2663.0,2184.0,2986.0,2473.0,INR/Quintal
2023-08-08,Sugarcane,Uttar Pradesh,Lucknow,Lucknow Wholesale,542.0,444.0,608.0,2541.0,INR/Quintal
2020-03-02,Pulses,Uttar Pradesh,Lucknow,Lucknow Wholesale,4757.0,3901.0,5335.0,5725.0,INR/Quintal
2022-12-30,Pulses,Rajasthan,Jaipur,Jaipur Wholesale,4982.0,4086.0,5587.0,2051.0,INR/Quintal
2020-09-26,Rice,Tamil Nadu,Chennai,Chennai Wholesale,2085.0,1710.0,2338.0,1148.0,INR/Quintal
2019-02-23,Coconut,Andhra Pradesh,Visakhapatnam,Visakhapatnam Wholesale,1962.0,1609.0,2200.0,1556.0,INR/Quintal
2022-02-11,Maize,Maharashtra,Pune,Pune Wholesale,2258.0,1852.0,2532.0,4825.0,INR/Quintal
2021-05-23,Oilseeds,Madhya Pradesh,Bhopal,Bhopal Wholesale,3628.0,2975.0,4068.0,957.0,INR/Quintal
2017-09-28,Oilseeds,Maharashtra,Mumbai,Mumbai Wholesale,2185.0,1792.0,2450.0,1872.0,INR/Quintal
2017-10-30,Wheat,Haryana,Hisar,Hisar Wholesale,2055.0,1685.0,2304.0,1386.0,INR/Quintal
2022-02-02,Pulses,Uttar Pradesh,Varanasi,Varanasi Wholesale,4444.0,3644.0,4984.0,6956.0,INR/Quintal
2020-08-02,Rice,Telangana,Warangal,Warangal Wholesale,1216.0,997.0,1364.0,2947.0,INR/Quintal
2022-09-04,Tea,West Bengal,Kolkata,Kolkata Wholesale,14097.0,11561.0,15808.0,2387.0,INR/Quintal
2015-10-01,Rice,Bihar,Gaya,Gaya Wholesale,1412.0,1158.0,1583.0,1736.0,INR/Quintal
2017-08-13,Cotton,Telangana,Warangal,Warangal Wholesale,5680.0,4658.0,6370.0,3321.0,INR/Quintal
2022-04-01,Sugarcane,Maharashtra,Pune,Pune Wholesale,413.0,339.0,463.0,975.0,INR/Quintal
2019-11-15,Maize,Karnataka,Mysore,Mysore Wholesale,2020.0,1657.0,2265.0,1748.0,INR/Quintal
2016-01-16,Coconut,Karnataka,Bangalore,Bangalore Wholesale,3071.0,2518.0,3444.0,2219.0,INR/Quintal
2018-09-14,Rice,Punjab,Amritsar,Amritsar Wholesale,2283.0,1872.0,2560.0,2208.0,INR/Quintal
2016-04-23,Sugarcane,Tamil Nadu,Chennai,Chennai Wholesale,409.0,335.0,459.0,2131.0,INR/Quintal
2020-08-24,Maize,Bihar,Purnia,Purnia Wholesale,2437.0,1999.0,2733.0,1250.0,INR/Quintal
2016-05-30,Coffee,Karnataka,Hubli,Hubli Wholesale,14149.0,11603.0,15867.0,2099.0,INR/Quintal
2015-07-10,Coconut,Andhra Pradesh,Krishna,Krishna Wholesale,1333.0,1093.0,1495.0,2831.0,INR/Quintal
2018-04-06,Coconut,Karnataka,Mysore,Mysore Wholesale,1706.0,1399.0,1913.0,3132.0,INR/Quintal
2024-11-01,Cotton,Telangana,Nizamabad,Nizamabad Wholesale,6615.0,5425.0,7418.0,2583.0,INR/Quintal
2022-04-22,Coconut,Kerala,Ernakulam,Ernakulam Wholesale,2771.0,2272.0,3107.0,2837.0,INR/Quintal
2018-03-06,Cotton,Gujarat,Rajkot,Rajkot Wholesale,4375.0,3588.0,4906.0,2068.0,INR/Quintal
2021-01-10,Coconut,Andhra Pradesh,Chittoor,Chittoor Wholesale,3194.0,2619.0,3582.0,5720.0,INR/Quintal
2018-11-12,Pulses,Rajasthan,Udaipur,Udaipur Wholesale,3519.0,2886.0,3946.0,1562.0,INR/Quintal
2023-12-25,Coconut,Tamil Nadu,Chennai,Chennai Wholesale,3474.0,2849.0,3896.0,1308.0,INR/Quintal
2015-09-29,Apple,Himachal Pradesh,Shimla,Shimla Wholesale,8522.0,6989.0,9557.0,438.0,INR/Quintal
2015-05-23,Cotton,Telangana,Hyderabad,Hyderabad Wholesale,6970.0,5716.0,7816.0,4229.0,INR/Quintal
2025-01-30,Apple,Jammu and Kashmir,Srinagar,Srinagar Wholesale,9162.0,7514.0,10274.0,1685.0,INR/Quintal
2020-03-27,Coffee,Kerala,Ernakulam,Ernakulam Wholesale,11158.0,9150.0,12513.0,2891.0,INR/Quintal
2025-08-27,Pulses,Uttar Pradesh,Lucknow,Lucknow Wholesale,6654.0,5457.0,7462.0,2084.0,INR/Quintal
2017-12-28,Potato,Punjab,Ludhiana,Ludhiana Wholesale,853.0,700.0,957.0,3859.0,INR/Quintal
2021-04-13,Tea,West Bengal,Kolkata,Kolkata Wholesale,19783.0,16224.0,22185.0,4662.0,INR/Quintal
2024-02-15,Wheat,Haryana,Karnal,Karnal Wholesale,2307.0,1892.0,2587.0,7861.0,INR/Quintal
2017-02-26,Sugarcane,Maharashtra,Nagpur,Nagpur Wholesale,370.0,303.0,415.0,4916.0,INR/Quintal
2020-10-27,Tea,West Bengal,Darjeeling,Darjeeling Wholesale,19564.0,16044.0,21939.0,1421.0,INR/Quintal
2019-08-09,Tea,Assam,Cachar,Cachar Wholesale,5748.0,4714.0,6446.0,410.0,INR/Quintal
2016-09-14,Coconut,Karnataka,Belgaum,Belgaum Wholesale,1430.0,1173.0,1604.0,993.0,INR/Quintal
2025-07-08,Oilseeds,Madhya Pradesh,Bhopal,Bhopal Wholesale,4246.0,3482.0,4761.0,2330.0,INR/Quintal
2025-01-24,Rice,West Bengal,Kolkata,Kolkata Wholesale,3122.0,2560.0,3501.0,1546.0,INR/Quintal
2022-01-16,Cotton,Maharashtra,Mumbai,Mumbai Wholesale,7191.0,5897.0,8064.0,3987.0,INR/Quintal
2022-09-20,Potato,Bihar,Patna,Patna Wholesale,1820.0,1493.0,2041.0,2552.0,INR/Quintal
2017-07-26,Rice,Assam,Kamrup,Kamrup Wholesale,2926.0,2400.0,3281.0,1283.0,INR/Quintal
2025-02-09,Wheat,Bihar,Purnia,Purnia Wholesale,2107.0,1728.0,2363.0,4423.0,INR/Quintal
2024-04-24,Rice,Tamil Nadu,Madurai,Madurai Wholesale,2596.0,2129.0,2911.0,4316.0,INR/Quintal
2023-12-05,Oilseeds,Gujarat,Rajkot,Rajkot Wholesale,5179.0,4247.0,5808.0,2970.0,INR/Quintal
2018-01-23,Wheat,Madhya Pradesh,Bhopal,Bhopal Wholesale,2328.0,1909.0,2611.0,4175.0,INR/Quintal
2016-09-08,Coffee,Kerala,Thrissur,Thrissur Wholesale,13781.0,11301.0,15454.0,2024.0,INR/Quintal
2017-10-28,Coffee,Tamil Nadu,Chennai,Chennai Wholesale,8263.0,6776.0,9266.0,1728.0,INR/Quintal
2015-03-08,Pulses,Madhya Pradesh,Bhopal,Bhopal Wholesale,3181.0,2609.0,3567.0,4284.0,INR/Quintal
2024-10-07,Rice,Andhra Pradesh,Krishna,Krishna Wholesale,1572.0,1289.0,1763.0,3394.0,INR/Quintal
2015-07-10,Sugarcane,Tamil Nadu,Coimbatore,Coimbatore Wholesale,351.0,288.0,394.0,3799.0,INR/Quintal
2024-05-30,Potato,Punjab,Amritsar,Amritsar Wholesale,859.0,704.0,963.0,5838.0,INR/Quintal
2022-09-16,Oilseeds,Rajasthan,Jaipur,Jaipur Wholesale,3967.0,3253.0,4449.0,1082.0,INR/Quintal
2016-06-04,Wheat,Haryana,Gurgaon,Gurgaon Wholesale,1729.0,1418.0,1939.0,2896.0,INR/Quintal
2017-09-16,Potato,Bihar,Patna,Patna Wholesale,1769.0,1451.0,1984.0,2411.0,INR/Quintal
2018-02-14,Rice,Chhattisgarh,Raipur,Raipur Wholesale,2990.0,2452.0,3353.0,960.0,INR/Quintal
2021-05-03,Sugarcane,Uttar Pradesh,Lucknow,Lucknow Wholesale,423.0,347.0,474.0,7227.0,INR/Quintal
2019-06-23,Rice,Tamil Nadu,Chennai,Chennai Wholesale,2265.0,1857.0,2540.0,2383.0,INR/Quintal
2021-12-07,Coconut,Andhra Pradesh,Visakhapatnam,Visakhapatnam Wholesale,3430.0,2813.0,3846.0,4004.0,INR/Quintal
2024-10-20,Cotton,Maharashtra,Nagpur,Nagpur Wholesale,7120.0,5839.0,7984.0,2642.0,INR/Quintal
2024-03-23,Cotton,Maharashtra,Nashik,Nashik Wholesale,8871.0,7275.0,9948.0,4794.0,INR/Quintal
2018-04-02,Oilseeds,Rajasthan,Jodhpur,Jodhpur Wholesale,2645.0,2169.0,2966.0,3370.0,INR/Quintal
2016-01-11,Wheat,Bihar,Patna,Patna Wholesale,2433.0,1995.0,2728.0,3818.0,INR/Quintal
2016-10-14,Wheat,Uttar Pradesh,Lucknow,Lucknow Wholesale,2057.0,1687.0,2307.0,1806.0,INR/Quintal
2024-02-22,Tea,Kerala,Kozhikode,Kozhikode Wholesale,5975.0,4900.0,6700.0,841.0,INR/Quintal
2016-07-02,Oilseeds,Maharashtra,Pune,Pune Wholesale,5064.0,4153.0,5679.0,4731.0,INR/Quintal
2018-01-02,Oilseeds,Rajasthan,Jodhpur,Jodhpur Wholesale,5336.0,4376.0,5984.0,3608.0,INR/Quintal
2024-10-19,Sugarcane,Tamil Nadu,Chennai,Chennai Wholesale,454.0,372.0,509.0,1010.0,INR/Quintal
2015-03-14,Cotton,Andhra Pradesh,Visakhapatnam,Visakhapatnam Wholesale,6862.0,5627.0,7695.0,2953.0,INR/Quintal
2021-06-13,Wheat,Haryana,Hisar,Hisar Wholesale,1936.0,1588.0,2171.0,2479.0,INR/Quintal
2015-07-18,Apple,Himachal Pradesh,Shimla,Shimla Wholesale,7041.0,5774.0,7896.0,2005.0,INR/Quintal
2023-10-07,Rice,Assam,Cachar,Cachar Wholesale,1716.0,1407.0,1924.0,842.0,INR/Quintal
2019-11-17,Oilseeds,Gujarat,Ahmedabad,Ahmedabad Wholesale,3069.0,2517.0,3442.0,1274.0,INR/Quintal
2025-08-31,Pulses,Maharashtra,Mumbai,Mumbai Wholesale,6939.0,5691.0,7781.0,1269.0,INR/Quintal
2016-07-25,Coconut,Karnataka,Bangalore,Bangalore Wholesale,1807.0,1482.0,2026.0,3538.0,INR/Quintal
2017-03-01,Maize,Karnataka,Bangalore,Bangalore Wholesale,1280.0,1050.0,1435.0,6429.0,INR/Quintal
2019-06-27,Wheat,Bihar,Purnia,Purnia Wholesale,2144.0,1758.0,2404.0,2270.0,INR/Quintal
2020-01-06,Coffee,Kerala,Ernakulam,Ernakulam Wholesale,12347.0,10125.0,13846.0,1023.0,INR/Quintal
2020-01-30,Wheat,Madhya Pradesh,Bhopal,Bhopal Wholesale,2511.0,2059.0,2816.0,2885.0,INR/Quintal
2019-02-19,Pulses,Madhya Pradesh,Bhopal,Bhopal Wholesale,4013.0,3291.0,4500.0,1456.0,INR/Quintal
2025-09-29,Wheat,Bihar,Gaya,Gaya Wholesale,3045.0,2497.0,3415.0,552.0,INR/Quintal
2018-03-20,Pulses,Rajasthan,Jaipur,Jaipur Wholesale,4143.0,3398.0,4646.0,4084.0,INR/Quintal
2025-03-29,Maize,Madhya Pradesh,Bhopal,Bhopal Wholesale,2071.0,1698.0,2322.0,4596.0,INR/Quintal
2023-12-22,Tea,Kerala,Kozhikode,Kozhikode Wholesale,8906.0,7304.0,9987.0,3913.0,INR/Quintal
2015-06-28,Sugarcane,Tamil Nadu,Coimbatore,Coimbatore Wholesale,397.0,326.0,445.0,2896.0,INR/Quintal
2021-02-22,Apple,Jammu and Kashmir,Srinagar,Srinagar Wholesale,4137.0,3393.0,4639.0,919.0,INR/Quintal
2017-01-04,Coconut,Tamil Nadu,Madurai,Madurai Wholesale,2074.0,1701.0,2326.0,5014.0,INR/Quintal
2020-11-06,Maize,Telangana,Hyderabad,Hyderabad Wholesale,1765.0,1447.0,1979.0,1004.0,INR/Quintal
2017-03-09,Potato,Punjab,Amritsar,Amritsar Wholesale,1936.0,1588.0,2171.0,3110.0,INR/Quintal
2024-08-06,Tea,Kerala,Thrissur,Thrissur Wholesale,6554.0,5375.0,7350.0,977.0,INR/Quintal
2017-02-26,Sugarcane,Tamil Nadu,Chennai,Chennai Wholesale,450.0,369.0,505.0,6627.0,INR/Quintal
2022-08-27,Cotton,Telangana,Nizamabad,Nizamabad Wholesale,5449.0,4469.0,6111.0,2521.0,INR/Quintal
2023-11-29,Pulses,Maharashtra,Mumbai,Mumbai Wholesale,4050.0,3321.0,4542.0,1217.0,INR/Quintal
2015-07-28,Oilseeds,Madhya Pradesh,Bhopal,Bhopal Wholesale,2607.0,2138.0,2923.0,624.0,INR/Quintal
2016-05-07,Potato,Uttar Pradesh,Kanpur,Kanpur Wholesale,674.0,553.0,756.0,7405.0,INR/Quintal
2023-10-07,Maize,Maharashtra,Nashik,Nashik Wholesale,2134.0,1750.0,2393.0,3955.0,INR/Quintal
2022-06-05,Wheat,Haryana,Hisar,Hisar Wholesale,3011.0,2469.0,3377.0,4927.0,INR/Quintal
2023-06-12,Maize,Madhya Pradesh,Bhopal,Bhopal Wholesale,1531.0,1256.0,1717.0,1106.0,INR/Quintal
2019-07-16,Coconut,Tamil Nadu,Coimbatore,Coimbatore Wholesale,2153.0,1766.0,2414.0,2488.0,INR/Quintal
2022-12-28,Sugarcane,Uttar Pradesh,Kanpur,Kanpur Wholesale,433.0,355.0,486.0,4818.0,INR/Quintal
2017-01-01,Potato,Uttar Pradesh,Lucknow,Lucknow Wholesale,1070.0,877.0,1200.0,8098.0,INR/Quintal
2018-02-03,Rice,Telangana,Warangal,Warangal Wholesale,1813.0,1487.0,2033.0,1431.0,INR/Quintal
2024-06-08,Sugarcane,Uttar Pradesh,Varanasi,Varanasi Wholesale,551.0,452.0,618.0,4229.0,INR/Quintal
2019-05-25,Tea,Assam,Dibrugarh,Dibrugarh Wholesale,5813.0,4767.0,6519.0,1113.0,INR/Quintal
2025-05-06,Coconut,Kerala,Ernakulam,Ernakulam Wholesale,3315.0,2719.0,3717.0,2298.0,INR/Quintal
2022-07-08,Maize,Madhya Pradesh,Bhopal,Bhopal Wholesale,1758.0,1442.0,1971.0,952.0,INR/Quintal
2023-09-06,Maize,Maharashtra,Pune,Pune Wholesale,1963.0,1610.0,2201.0,3879.0,INR/Quintal
2016-08-16,Potato,Uttar Pradesh,Varanasi,Varanasi Wholesale,1164.0,955.0,1305.0,1828.0,INR/Quintal
2025-01-06,Pulses,Rajasthan,Jodhpur,Jodhpur Wholesale,5088.0,4173.0,5706.0,1913.0,INR/Quintal
2023-01-12,Potato,West Bengal,Howrah,Howrah Wholesale,794.0,651.0,890.0,2954.0,INR/Quintal
2022-12-09,Oilseeds,Rajasthan,Udaipur,Udaipur Wholesale,2835.0,2325.0,3179.0,3079.0,INR/Quintal
2018-04-30,Maize,Bihar,Purnia,Purnia Wholesale,1633.0,1339.0,1831.0,4926.0,INR/Quintal
2015-11-21,Pulses,Rajasthan,Udaipur,Udaipur Wholesale,5465.0,4482.0,6128.0,452.0,INR/Quintal
2017-09-05,Pulses,Uttar Pradesh,Varanasi,Varanasi Wholesale,3608.0,2959.0,4046.0,842.0,INR/Quintal
2019-10-16,Potato,West Bengal,Darjeeling,Darjeeling Wholesale,1808.0,1483.0,2027.0,2427.0,INR/Quintal
2020-01-25,Cotton,Gujarat,Ahmedabad,Ahmedabad Wholesale,5597.0,4590.0,6276.0,3346.0,INR/Quintal
2023-03-23,Sugarcane,Tamil Nadu,Chennai,Chennai Wholesale,536.0,440.0,601.0,2488.0,INR/Quintal
2019-01-30,Tea,Kerala,Thrissur,Thrissur Wholesale,9358.0,7674.0,10494.0,3741.0,INR/Quintal
2017-06-12,Cotton,Gujarat,Vadodara,Vadodara Wholesale,4786.0,3925.0,5367.0,1295.0,INR/Quintal
2018-10-22,Maize,Andhra Pradesh,Guntur,Guntur Wholesale,2383.0,1954.0,2672.0,4337.0,INR/Quintal
2024-04-12,Maize,Telangana,Nizamabad,Nizamabad Wholesale,1748.0,1433.0,1960.0,690.0,INR/Quintal
2015-05-24,Apple,Jammu and Kashmir,Srinagar,Srinagar Wholesale,5838.0,4788.0,6547.0,475.0,INR/Quintal
2016-01-19,Maize,Bihar,Muzaffarpur,Muzaffarpur Wholesale,1822.0,1494.0,2043.0,2186.0,INR/Quintal
2021-03-13,Coconut,Andhra Pradesh,Guntur,Guntur Wholesale,2060.0,1689.0,2310.0,4354.0,INR/Quintal
2024-05-25,Coffee,Kerala,Thrissur,Thrissur Wholesale,24661.0,20224.0,27655.0,1355.0,INR/Quintal
2021-06-29,Wheat,Madhya Pradesh,Bhopal,Bhopal Wholesale,2766.0,2268.0,3102.0,3050.0,INR/Quintal
2023-06-14,Rice,West Bengal,Howrah,Howrah Wholesale,3298.0,2705.0,3698.0,2320.0,INR/Quintal
2015-08-05,Apple,Himachal Pradesh,Mandi,Mandi Wholesale,8658.0,7100.0,9709.0,249.0,INR/Quintal
2019-02-24,Coffee,Kerala,Kozhikode,Kozhikode Wholesale,15104.0,12386.0,16938.0,4485.0,INR/Quintal
2023-03-18,Rice,Odisha,Bhubaneswar,Bhubaneswar Wholesale,1481.0,1215.0,1661.0,5554.0,INR/Quintal
2024-11-27,Pulses,Rajasthan,Udaipur,Udaipur Wholesale,6726.0,5516.0,7543.0,1954.0,INR/Quintal
2021-02-08,Maize,Telangana,Warangal,Warangal Wholesale,1865.0,1529.0,2091.0,4682.0,INR/Quintal
2021-05-06,Oilseeds,Maharashtra,Pune,Pune Wholesale,3034.0,2488.0,3402.0,1562.0,INR/Quintal
2023-03-12,Coconut,Andhra Pradesh,Visakhapatnam,Visakhapatnam Wholesale,2438.0,1999.0,2734.0,2667.0,INR/Quintal
2019-01-30,Tea,Assam,Tinsukia,Tinsukia Wholesale,15968.0,13095.0,17907.0,1806.0,INR/Quintal
2022-12-27,Coconut,Tamil Nadu,Chennai,Chennai Wholesale,1625.0,1333.0,1822.0,5306.0,INR/Quintal
2019-06-24,Potato,Punjab,Patiala,Patiala Wholesale,1986.0,1629.0,2227.0,4208.0,INR/Quintal
2024-10-30,Coconut,Karnataka,Bangalore,Bangalore Wholesale,2332.0,1912.0,2615.0,434.0,INR/Quintal
2024-11-22,Tea,Kerala,Ernakulam,Ernakulam Wholesale,7279.0,5969.0,8163.0,1503.0,INR/Quintal
2021-11-19,Oilseeds,Gujarat,Ahmedabad,Ahmedabad Wholesale,5363.0,4398.0,6014.0,546.0,INR/Quintal
2021-06-10,Potato,Uttar Pradesh,Lucknow,Lucknow Wholesale,2306.0,1891.0,2586.0,2355.0,INR/Quintal
2018-03-13,Pulses,Madhya Pradesh,Bhopal,Bhopal Wholesale,4222.0,3462.0,4735.0,2648.0,INR/Quintal
2015-04-21,Oilseeds,Madhya Pradesh,Bhopal,Bhopal Wholesale,2911.0,2387.0,3264.0,1971.0,INR/Quintal
2017-10-10,Coconut,Tamil Nadu,Chennai,Chennai Wholesale,1888.0,1548.0,2117.0,527.0,INR/Quintal
2015-08-20,Maize,Andhra Pradesh,Chittoor,Chittoor Wholesale,2014.0,1652.0,2259.0,909.0,INR/Quintal
2019-09-11,Oilseeds,Rajasthan,Udaipur,Udaipur Wholesale,2275.0,1866.0,2551.0,1460.0,INR/Quintal
2025-01-03,Coconut,Karnataka,Belgaum,Belgaum Wholesale,1882.0,1543.0,2110.0,4592.0,INR/Quintal
2025-05-21,Maize,Bihar,Muzaffarpur,Muzaffarpur Wholesale,2478.0,2032.0,2779.0,2669.0,INR/Quintal
2019-10-22,Oilseeds,Gujarat,Rajkot,Rajkot Wholesale,3603.0,2955.0,4040.0,3368.0,INR/Quintal
2025-01-11,Apple,Jammu and Kashmir,Srinagar,Srinagar Wholesale,6047.0,4959.0,6781.0,568.0,INR/Quintal
2024-10-11,Oilseeds,Rajasthan,Jodhpur,Jodhpur Wholesale,5863.0,4808.0,6575.0,544.0,INR/Quintal
2022-03-27,Cotton,Maharashtra,Pune,Pune Wholesale,8170.0,6700.0,9162.0,7229.0,INR/Quintal
2019-04-27,Tea,West Bengal,Kolkata,Kolkata Wholesale,19461.0,15960.0,21824.0,2808.0,INR/Quintal
2018-07-20,Rice,Uttar Pradesh,Kanpur,Kanpur Wholesale,1684.0,1381.0,1888.0,3118.0,INR/Quintal
2025-05-02,Coconut,Karnataka,Bangalore,Bangalore Wholesale,3673.0,3012.0,4119.0,6027.0,INR/Quintal
2021-01-29,Coffee,Karnataka,Belgaum,Belgaum Wholesale,21863.0,17929.0,24517.0,3047.0,INR/Quintal
2017-08-30,Cotton,Maharashtra,Nagpur,Nagpur Wholesale,4730.0,3879.0,5304.0,496.0,INR/Quintal
2017-10-27,Rice,Andhra Pradesh,Guntur,Guntur Wholesale,2354.0,1930.0,2640.0,4193.0,INR/Quintal
2023-11-01,Cotton,Gujarat,Vadodara,Vadodara Wholesale,5058.0,4148.0,5672.0,575.0,INR/Quintal
2024-11-02,Wheat,Bihar,Gaya,Gaya Wholesale,2805.0,2300.0,3146.0,2958.0,INR/Quintal
2022-02-06,Potato,West Bengal,Howrah,Howrah Wholesale,1936.0,1588.0,2171.0,2706.0,INR/Quintal
2022-02-08,Apple,Jammu and Kashmir,Srinagar,Srinagar Wholesale,8405.0,6893.0,9425.0,1319.0,INR/Quintal
2016-06-01,Maize,Telangana,Hyderabad,Hyderabad Wholesale,1414.0,1160.0,1586.0,2667.0,INR/Quintal
2017-07-02,Coffee,Karnataka,Hubli,Hubli Wholesale,18118.0,14858.0,20318.0,2186.0,INR/Quintal
2021-03-12,Cotton,Andhra Pradesh,Krishna,Krishna Wholesale,5353.0,4390.0,6003.0,6216.0,INR/Quintal
2020-12-21,Cotton,Andhra Pradesh,Guntur,Guntur Wholesale,7866.0,6451.0,8821.0,5626.0,INR/Quintal
2021-05-21,Pulses,Madhya Pradesh,Bhopal,Bhopal Wholesale,5930.0,4863.0,6650.0,818.0,INR/Quintal
2023-10-03,Oilseeds,Madhya Pradesh,Bhopal,Bhopal Wholesale,2835.0,2325.0,3179.0,2429.0,INR/Quintal
2020-04-28,Wheat,Bihar,Purnia,Purnia Wholesale,1940.0,1591.0,2176.0,1359.0,INR/Quintal
2019-01-02,Coffee,Kerala,Ernakulam,Ernakulam Wholesale,17877.0,14661.0,20047.0,792.0,INR/Quintal
2020-02-16,Coffee,Tamil Nadu,Coimbatore,Coimbatore Wholesale,14989.0,12292.0,16809.0,6654.0,INR/Quintal
2022-06-26,Potato,Uttar Pradesh,Lucknow,Lucknow Wholesale,1941.0,1592.0,2177.0,4053.0,INR/Quintal
2023-10-29,Coffee,Tamil Nadu,Chennai,Chennai Wholesale,13393.0,10983.0,15019.0,966.0,INR/Quintal
2021-07-06,Sugarcane,Tamil Nadu,Madurai,Madurai Wholesale,470.0,385.0,527.0,2866.0,INR/Quintal
2024-11-18,Coffee,Tamil Nadu,Madurai,Madurai Wholesale,12214.0,10016.0,13697.0,1575.0,INR/Quintal
2024-06-16,Cotton,Gujarat,Ahmedabad,Ahmedabad Wholesale,7152.0,5865.0,8020.0,3107.0,INR/Quintal
2023-09-22,Sugarcane,Maharashtra,Nagpur,Nagpur Wholesale,550.0,451.0,617.0,3013.0,INR/Quintal
2023-01-20,Coconut,Karnataka,Belgaum,Belgaum Wholesale,2798.0,2295.0,3138.0,5581.0,INR/Quintal
2024-09-23,Rice,Punjab,Amritsar,Amritsar Wholesale,1397.0,1146.0,1567.0,540.0,INR/Quintal
2018-07-31,Oilseeds,Rajasthan,Udaipur,Udaipur Wholesale,5413.0,4439.0,6070.0,871.0,INR/Quintal
2017-06-17,Sugarcane,Maharashtra,Pune,Pune Wholesale,343.0,281.0,385.0,1213.0,INR/Quintal
2018-01-03,Rice,Assam,Kamrup,Kamrup Wholesale,2655.0,2177.0,2977.0,862.0,INR/Quintal
2018-04-04,Wheat,Madhya Pradesh,Bhopal,Bhopal Wholesale,2215.0,1816.0,2484.0,4793.0,INR/Quintal
2018-04-27,Tea,Kerala,Ernakulam,Ernakulam Wholesale,7793.0,6391.0,8739.0,4749.0,INR/Quintal
2020-10-26,Coconut,Kerala,Ernakulam,Ernakulam Wholesale,1558.0,1278.0,1747.0,2293.0,INR/Quintal
2023-03-14,Maize,Telangana,Warangal,Warangal Wholesale,1708.0,1401.0,1915.0,3971.0,INR/Quintal
2025-01-21,Cotton,Gujarat,Ahmedabad,Ahmedabad Wholesale,8548.0,7010.0,9586.0,5956.0,INR/Quintal
2016-11-18,Sugarcane,Karnataka,Bangalore,Bangalore Wholesale,444.0,364.0,498.0,713.0,INR/Quintal
2020-08-30,Tea,Assam,Dibrugarh,Dibrugarh Wholesale,11099.0,9102.0,12446.0,614.0,INR/Quintal
2016-07-19,Oilseeds,Gujarat,Ahmedabad,Ahmedabad Wholesale,2380.0,1952.0,2669.0,1966.0,INR/Quintal
2018-04-22,Pulses,Uttar Pradesh,Kanpur,Kanpur Wholesale,6161.0,5052.0,6909.0,8024.0,INR/Quintal
2020-03-09,Apple,Jammu and Kashmir,Srinagar,Srinagar Wholesale,6250.0,5125.0,7009.0,1365.0,INR/Quintal
2024-01-07,Coconut,Kerala,Ernakulam,Ernakulam Wholesale,2384.0,1955.0,2673.0,2545.0,INR/Quintal
2017-04-06,Wheat,Punjab,Patiala,Patiala Wholesale,2022.0,1658.0,2267.0,2894.0,INR/Quintal
2018-09-13,Maize,Maharashtra,Mumbai,Mumbai Wholesale,1706.0,1399.0,1913.0,3110.0,INR/Quintal
2021-02-04,Oilseeds,Maharashtra,Nashik,Nashik Wholesale,4222.0,3462.0,4735.0,7362.0,INR/Quintal
2019-12-17,Apple,Jammu and Kashmir,Srinagar,Srinagar Wholesale,6745.0,5531.0,7564.0,793.0,INR/Quintal
2023-09-19,Wheat,Rajasthan,Jodhpur,Jodhpur Wholesale,2438.0,1999.0,2734.0,1610.0,INR/Quintal
2025-06-04,Pulses,Uttar Pradesh,Lucknow,Lucknow Wholesale,7397.0,6066.0,8295.0,2991.0,INR/Quintal
2025-05-25,Rice,Andhra Pradesh,Guntur,Guntur Wholesale,2126.0,1743.0,2384.0,5613.0,INR/Quintal
2017-12-18,Pulses,Uttar Pradesh,Lucknow,Lucknow Wholesale,5019.0,4116.0,5628.0,3956.0,INR/Quintal
2018-09-12,Sugarcane,Uttar Pradesh,Kanpur,Kanpur Wholesale,376.0,308.0,422.0,2129.0,INR/Quintal
2023-01-31,Coconut,Kerala,Thrissur,Thrissur Wholesale,3108.0,2549.0,3485.0,2199.0,INR/Quintal
2019-07-03,Maize,Bihar,Muzaffarpur,Muzaffarpur Wholesale,1458.0,1196.0,1635.0,774.0,INR/Quintal
2022-06-09,Coffee,Karnataka,Hubli,Hubli Wholesale,13662.0,11204.0,15321.0,4837.0,INR/Quintal
2015-07-10,Potato,West Bengal,Kolkata,Kolkata Wholesale,1702.0,1396.0,1909.0,4499.0,INR/Quintal
2018-05-08,Cotton,Gujarat,Vadodara,Vadodara Wholesale,4959.0,4067.0,5561.0,3655.0,INR/Quintal
2018-08-28,Cotton,Andhra Pradesh,Guntur,Guntur Wholesale,6406.0,5253.0,7184.0,1329.0,INR/Quintal
2016-12-08,Rice,Chhattisgarh,Raipur,Raipur Wholesale,3029.0,2484.0,3397.0,2444.0,INR/Quintal
2023-07-04,Oilseeds,Gujarat,Rajkot,Rajkot Wholesale,4425.0,3629.0,4962.0,2586.0,INR/Quintal
2016-01-14,Maize,Andhra Pradesh,Chittoor,Chittoor Wholesale,1429.0,1172.0,1602.0,2257.0,INR/Quintal
2016-01-22,Coffee,Kerala,Kozhikode,Kozhikode Wholesale,12204.0,10008.0,13686.0,619.0,INR/Quintal
2025-06-26,Rice,Andhra Pradesh,Guntur,Guntur Wholesale,3441.0,2822.0,3859.0,5404.0,INR/Quintal
2021-04-03,Potato,Punjab,Patiala,Patiala Wholesale,1212.0,994.0,1359.0,7720.0,INR/Quintal
2016-09-07,Sugarcane,Maharashtra,Mumbai,Mumbai Wholesale,421.0,345.0,472.0,3850.0,INR/Quintal
2019-03-23,Sugarcane,Maharashtra,Mumbai,Mumbai Wholesale,467.0,383.0,524.0,4190.0,INR/Quintal
2021-05-19,Coconut,Kerala,Ernakulam,Ernakulam Wholesale,2363.0,1938.0,2650.0,3578.0,INR/Quintal
2020-08-10,Coffee,Tamil Nadu,Chennai,Chennai Wholesale,19008.0,15588.0,21316.0,2537.0,INR/Quintal
2019-10-21,Coffee,Karnataka,Bangalore,Bangalore Wholesale,14541.0,11925.0,16306.0,1780.0,INR/Quintal
2016-04-08,Coffee,Tamil Nadu,Coimbatore,Coimbatore Wholesale,13889.0,11390.0,15575.0,5948.0,INR/Quintal
2024-01-15,Pulses,Uttar Pradesh,Varanasi,Varanasi Wholesale,6426.0,5270.0,7206.0,8615.0,INR/Quintal
2017-08-24,Apple,Himachal Pradesh,Shimla,Shimla Wholesale,4478.0,3672.0,5022.0,1683.0,INR/Quintal
2015-06-21,Cotton,Gujarat,Ahmedabad,Ahmedabad Wholesale,4821.0,3954.0,5406.0,4791.0,INR/Quintal
2023-08-25,Tea,West Bengal,Kolkata,Kolkata Wholesale,17142.0,14058.0,19223.0,3146.0,INR/Quintal
2024-12-03,Maize,Bihar,Patna,Patna Wholesale,2356.0,1932.0,2642.0,3426.0,INR/Quintal
2018-02-20,Tea,Assam,Dibrugarh,Dibrugarh Wholesale,10827.0,8879.0,12141.0,4375.0,INR/Quintal
2017-04-22,Pulses,Rajasthan,Udaipur,Udaipur Wholesale,5710.0,4683.0,6403.0,2398.0,INR/Quintal
2018-08-14,Oilseeds,Rajasthan,Jodhpur,Jodhpur Wholesale,3756.0,3080.0,4212.0,683.0,INR/Quintal
2020-03-23,Sugarcane,Uttar Pradesh,Kanpur,Kanpur Wholesale,497.0,408.0,557.0,7715.0,INR/Quintal
2016-11-20,Cotton,Gujarat,Surat,Surat Wholesale,6394.0,5244.0,7170.0,4731.0,INR/Quintal
2022-03-07,Coffee,Karnataka,Bangalore,Bangalore Wholesale,15674.0,12854.0,17577.0,2912.0,INR/Quintal
2019-02-16,Potato,Bihar,Muzaffarpur,Muzaffarpur Wholesale,1224.0,1004.0,1373.0,5069.0,INR/Quintal
2021-01-21,Potato,West Bengal,Darjeeling,Darjeeling Wholesale,1772.0,1453.0,1987.0,2191.0,INR/Quintal
2020-07-17,Potato,Uttar Pradesh,Kanpur,Kanpur Wholesale,2118.0,1737.0,2375.0,6046.0,INR/Quintal
2019-09-19,Maize,Bihar,Gaya,Gaya Wholesale,1544.0,1266.0,1731.0,2503.0,INR/Quintal
2016-01-18,Coffee,Karnataka,Bangalore,Bangalore Wholesale,16061.0,13171.0,18011.0,3873.0,INR/Quintal
2021-03-06,Cotton,Gujarat,Ahmedabad,Ahmedabad Wholesale,5140.0,4215.0,5764.0,6255.0,INR/Quintal
2025-06-07,Sugarcane,Tamil Nadu,Coimbatore,Coimbatore Wholesale,444.0,364.0,498.0,4575.0,INR/Quintal
2024-08-04,Tea,Assam,Cachar,Cachar Wholesale,15062.0,12352.0,16891.0,2674.0,INR/Quintal
2018-11-13,Coffee,Tamil Nadu,Madurai,Madurai Wholesale,9250.0,7586.0,10373.0,4259.0,INR/Quintal
2019-05-03,Coffee,Tamil Nadu,Chennai,Chennai Wholesale,16969.0,13916.0,19029.0,932.0,INR/Quintal
2021-03-21,Coconut,Karnataka,Mysore,Mysore Wholesale,3306.0,2711.0,3707.0,1506.0,INR/Quintal
2020-08-12,Pulses,Uttar Pradesh,Varanasi,Varanasi Wholesale,6794.0,5572.0,7619.0,4682.0,INR/Quintal
2016-01-07,Oilseeds,Maharashtra,Pune,Pune Wholesale,2729.0,2238.0,3060.0,7112.0,INR/Quintal
2019-09-07,Potato,Punjab,Amritsar,Amritsar Wholesale,1818.0,1491.0,2039.0,1979.0,INR/Quintal
2019-01-09,Rice,Bihar,Purnia,Purnia Wholesale,3195.0,2620.0,3583.0,620.0,INR/Quintal
2016-09-02,Coconut,Karnataka,Hubli,Hubli Wholesale,1218.0,999.0,1366.0,1503.0,INR/Quintal
2015-04-26,Cotton,Telangana,Nizamabad,Nizamabad Wholesale,5242.0,4299.0,5878.0,2520.0,INR/Quintal
2024-02-24,Pulses,Uttar Pradesh,Varanasi,Varanasi Wholesale,7313.0,5997.0,8201.0,7416.0,INR/Quintal
2016-03-22,Oilseeds,Rajasthan,Udaipur,Udaipur Wholesale,2687.0,2204.0,3013.0,650.0,INR/Quintal
2018-10-23,Apple,Jammu and Kashmir,Srinagar,Srinagar Wholesale,8359.0,6855.0,9374.0,431.0,INR/Quintal
2024-02-07,Oilseeds,Madhya Pradesh,Bhopal,Bhopal Wholesale,4549.0,3731.0,5101.0,4558.0,INR/Quintal
2018-09-02,Wheat,Haryana,Karnal,Karnal Wholesale,1744.0,1430.0,1956.0,1173.0,INR/Quintal
2016-02-19,Potato,Punjab,Patiala,Patiala Wholesale,1210.0,992.0,1357.0,7401.0,INR/Quintal
2023-09-02,Wheat,Haryana,Karnal,Karnal Wholesale,2265.0,1857.0,2540.0,2083.0,INR/Quintal
2019-12-14,Pulses,Rajasthan,Jodhpur,Jodhpur Wholesale,4308.0,3533.0,4831.0,2437.0,INR/Quintal
2023-01-18,Coconut,Karnataka,Bangalore,Bangalore Wholesale,2583.0,2118.0,2897.0,1053.0,INR/Quintal
2017-11-13,Oilseeds,Maharashtra,Pune,Pune Wholesale,3658.0,3000.0,4102.0,1977.0,INR/Quintal
2025-02-16,Rice,Assam,Dibrugarh,Dibrugarh Wholesale,2553.0,2094.0,2863.0,2430.0,INR/Quintal
2022-06-03,Cotton,Andhra Pradesh,Visakhapatnam,Visakhapatnam Wholesale,5160.0,4232.0,5786.0,5229.0,INR/Quintal
2020-02-17,Wheat,Madhya Pradesh,Bhopal,Bhopal Wholesale,2648.0,2172.0,2969.0,3060.0,INR/Quintal
2017-12-09,Oilseeds,Gujarat,Ahmedabad,Ahmedabad Wholesale,3651.0,2994.0,4094.0,844.0,INR/Quintal
2024-10-13,Cotton,Telangana,Hyderabad,Hyderabad Wholesale,8208.0,6731.0,9204.0,2737.0,INR/Quintal
2016-12-18,Apple,Jammu and Kashmir,Srinagar,Srinagar Wholesale,7337.0,6017.0,8228.0,298.0,INR/Quintal
2024-10-09,Potato,Uttar Pradesh,Kanpur,Kanpur Wholesale,1239.0,1016.0,1389.0,5224.0,INR/Quintal
2018-09-20,Tea,West Bengal,Howrah,Howrah Wholesale,6597.0,5410.0,7398.0,1119.0,INR/Quintal
2023-08-17,Coconut,Tamil Nadu,Coimbatore,Coimbatore Wholesale,3500.0,2870.0,3925.0,2195.0,INR/Quintal
2019-05-25,Cotton,Telangana,Nizamabad,Nizamabad Wholesale,7036.0,5770.0,7890.0,854.0,INR/Quintal
2023-06-26,Oilseeds,Madhya Pradesh,Bhopal,Bhopal Wholesale,2879.0,2361.0,3229.0,2422.0,INR/Quintal
2021-05-07,Coconut,Andhra Pradesh,Visakhapatnam,Visakhapatnam Wholesale,2836.0,2326.0,3180.0,3778.0,INR/Quintal
2016-07-15,Pulses,Rajasthan,Jaipur,Jaipur Wholesale,3152.0,2585.0,3535.0,1396.0,INR/Quintal
2022-10-22,Wheat,Madhya Pradesh,Bhopal,Bhopal Wholesale,1849.0,1516.0,2073.0,391.0,INR/Quintal
2021-04-13,Wheat,Madhya Pradesh,Bhopal,Bhopal Wholesale,2390.0,1960.0,2680.0,4490.0,INR/Quintal
2025-07-14,Sugarcane,Tamil Nadu,Coimbatore,Coimbatore Wholesale,409.0,335.0,459.0,3845.0,INR/Quintal
2025-01-10,Oilseeds,Rajasthan,Udaipur,Udaipur Wholesale,6361.0,5217.0,7133.0,2696.0,INR/Quintal
2016-01-22,Sugarcane,Maharashtra,Pune,Pune Wholesale,447.0,367.0,501.0,4597.0,INR/Quintal
2016-12-02,Apple,Himachal Pradesh,Shimla,Shimla Wholesale,7080.0,5806.0,7940.0,1814.0,INR/Quintal
2022-02-19,Rice,Punjab,Ludhiana,Ludhiana Wholesale,1364.0,1119.0,1530.0,2169.0,INR/Quintal
2017-08-30,Rice,Chhattisgarh,Raipur,Raipur Wholesale,1749.0,1434.0,1961.0,2434.0,INR/Quintal
2018-10-16,Oilseeds,Gujarat,Vadodara,Vadodara Wholesale,3396.0,2785.0,3808.0,1582.0,INR/Quintal
2017-09-10,Wheat,Punjab,Patiala,Patiala Wholesale,2100.0,1722.0,2355.0,3627.0,INR/Quintal
2019-02-20,Potato,Punjab,Patiala,Patiala Wholesale,844.0,692.0,946.0,6105.0,INR/Quintal
2015-12-18,Maize,Telangana,Hyderabad,Hyderabad Wholesale,1778.0,1458.0,1994.0,3028.0,INR/Quintal
2019-09-21,Rice,Assam,Kamrup,Kamrup Wholesale,2096.0,1719.0,2350.0,2495.0,INR/Quintal
2020-05-05,Wheat,Madhya Pradesh,Bhopal,Bhopal Wholesale,2814.0,2308.0,3156.0,1685.0,INR/Quintal
2018-07-03,Coffee,Tamil Nadu,Coimbatore,Coimbatore Wholesale,19917.0,16333.0,22335.0,3619.0,INR/Quintal
2024-01-07,Coffee,Tamil Nadu,Madurai,Madurai Wholesale,17839.0,14629.0,20005.0,4039.0,INR/Quintal
2020-03-22,Sugarcane,Karnataka,Belgaum,Belgaum Wholesale,456.0,374.0,511.0,1204.0,INR/Quintal
2017-01-22,Cotton,Andhra Pradesh,Chittoor,Chittoor Wholesale,4678.0,3836.0,5246.0,3262.0,INR/Quintal
2022-09-29,Coconut,Karnataka,Hubli,Hubli Wholesale,1750.0,1435.0,1962.0,3289.0,INR/Quintal
2017-10-21,Potato,Bihar,Gaya,Gaya Wholesale,1962.0,1609.0,2200.0,1420.0,INR/Quintal
2016-06-29,Sugarcane,Tamil Nadu,Coimbatore,Coimbatore Wholesale,417.0,342.0,468.0,2937.0,INR/Quintal
2019-01-09,Coffee,Tamil Nadu,Coimbatore,Coimbatore Wholesale,10931.0,8964.0,12258.0,3414.0,INR/Quintal
2015-03-20,Potato,Uttar Pradesh,Varanasi,Varanasi Wholesale,1355.0,1111.0,1519.0,6398.0,INR/Quintal
2018-06-13,Maize,Telangana,Hyderabad,Hyderabad Wholesale,2327.0,1908.0,2609.0,4030.0,INR/Quintal
2021-07-09,Cotton,Maharashtra,Nagpur,Nagpur Wholesale,5942.0,4873.0,6663.0,1415.0,INR/Quintal
2017-06-07,Sugarcane,Karnataka,Hubli,Hubli Wholesale,348.0,285.0,390.0,3048.0,INR/Quintal
2024-05-13,Coffee,Karnataka,Bangalore,Bangalore Wholesale,26968.0,22116.0,30242.0,3048.0,INR/Quintal
2023-09-05,Apple,Jammu and Kashmir,Srinagar,Srinagar Wholesale,6580.0,5396.0,7379.0,513.0,INR/Quintal
2018-01-10,Rice,Odisha,Bhubaneswar,Bhubaneswar Wholesale,2000.0,1640.0,2243.0,4801.0,INR/Quintal
2021-12-24,Rice,Andhra Pradesh,Guntur,Guntur Wholesale,1811.0,1485.0,2031.0,644.0,INR/Quintal
2020-06-13,Sugarcane,Tamil Nadu,Madurai,Madurai Wholesale,499.0,409.0,560.0,1154.0,INR/Quintal
2019-02-09,Apple,Jammu and Kashmir,Srinagar,Srinagar Wholesale,8095.0,6639.0,9078.0,1915.0,INR/Quintal
2025-05-03,Maize,Telangana,Hyderabad,Hyderabad Wholesale,2084.0,1709.0,2337.0,1744.0,INR/Quintal
2022-09-13,Maize,Andhra Pradesh,Krishna,Krishna Wholesale,1489.0,1221.0,1670.0,3154.0,INR/Quintal
2017-07-09,Oilseeds,Madhya Pradesh,Bhopal,Bhopal Wholesale,3540.0,2903.0,3970.0,2887.0,INR/Quintal
2016-07-03,Apple,Himachal Pradesh,Shimla,Shimla Wholesale,4424.0,3628.0,4961.0,699.0,INR/Quintal
2020-08-23,Cotton,Gujarat,Surat,Surat Wholesale,5092.0,4176.0,5710.0,1211.0,INR/Quintal
2016-01-27,Wheat,Rajasthan,Udaipur,Udaipur Wholesale,1950.0,1599.0,2187.0,929.0,INR/Quintal
2024-05-11,Maize,Telangana,Warangal,Warangal Wholesale,1650.0,1353.0,1850.0,1449.0,INR/Quintal
2021-06-15,Cotton,Telangana,Nizamabad,Nizamabad Wholesale,8109.0,6650.0,9093.0,1532.0,INR/Quintal
2021-08-30,Maize,Telangana,Nizamabad,Nizamabad Wholesale,1472.0,1207.0,1651.0,2937.0,INR/Quintal
2023-12-25,Oilseeds,Maharashtra,Pune,Pune Wholesale,3973.0,3258.0,4455.0,5155.0,INR/Quintal
2018-10-12,Tea,West Bengal,Kolkata,Kolkata Wholesale,8668.0,7108.0,9720.0,414.0,INR/Quintal
2017-08-31,Coconut,Karnataka,Bangalore,Bangalore Wholesale,2520.0,2067.0,2826.0,3610.0,INR/Quintal
2025-01-20,Maize,Madhya Pradesh,Bhopal,Bhopal Wholesale,1662.0,1363.0,1864.0,786.0,INR/Quintal
2024-12-18,Coconut,Tamil Nadu,Coimbatore,Coimbatore Wholesale,2659.0,2181.0,2982.0,3794.0,INR/Quintal
2023-09-01,Apple,Jammu and Kashmir,Srinagar,Srinagar Wholesale,8513.0,6981.0,9546.0,331.0,INR/Quintal
2023-08-31,Cotton,Andhra Pradesh,Guntur,Guntur Wholesale,8494.0,6966.0,9525.0,693.0,INR/Quintal
2015-12-06,Apple,Jammu and Kashmir,Srinagar,Srinagar Wholesale,6493.0,5325.0,7281.0,1568.0,INR/Quintal
2022-03-29,Oilseeds,Rajasthan,Udaipur,Udaipur Wholesale,2781.0,2281.0,3119.0,2368.0,INR/Quintal
2024-08-17,Oilseeds,Maharashtra,Pune,Pune Wholesale,2877.0,2359.0,3226.0,3075.0,INR/Quintal
2017-01-26,Apple,Himachal Pradesh,Kangra,Kangra Wholesale,7763.0,6366.0,8705.0,1388.0,INR/Quintal
2017-11-11,Cotton,Telangana,Nizamabad,Nizamabad Wholesale,4925.0,4039.0,5523.0,614.0,INR/Quintal
2021-05-27,Cotton,Gujarat,Surat,Surat Wholesale,6303.0,5169.0,7068.0,5283.0,INR/Quintal
2024-09-26,Rice,Odisha,Bhubaneswar,Bhubaneswar Wholesale,3751.0,3076.0,4206.0,2641.0,INR/Quintal
2025-07-22,Apple,Jammu and Kashmir,Srinagar,Srinagar Wholesale,9229.0,7568.0,10349.0,233.0,INR/Quintal
2021-06-11,Tea,West Bengal,Howrah,Howrah Wholesale,19068.0,15637.0,21383.0,2410.0,INR/Quintal
2022-05-05,Oilseeds,Madhya Pradesh,Bhopal,Bhopal Wholesale,5545.0,4547.0,6218.0,2767.0,INR/Quintal
2023-10-05,Rice,Punjab,Ludhiana,Ludhiana Wholesale,2776.0,2277.0,3113.0,3579.0,INR/Quintal
2022-04-26,Potato,Bihar,Purnia,Purnia Wholesale,1955.0,1603.0,2192.0,3908.0,INR/Quintal
2017-07-27,Sugarcane,Karnataka,Belgaum,Belgaum Wholesale,375.0,308.0,421.0,3383.0,INR/Quintal
2024-02-27,Sugarcane,Tamil Nadu,Madurai,Madurai Wholesale,571.0,468.0,640.0,6722.0,INR/Quintal
2017-04-27,Oilseeds,Maharashtra,Pune,Pune Wholesale,3009.0,2468.0,3374.0,3697.0,INR/Quintal
2016-03-17,Rice,Bihar,Patna,Patna Wholesale,2245.0,1841.0,2518.0,3906.0,INR/Quintal
2021-12-25,Tea,West Bengal,Howrah,Howrah Wholesale,11074.0,9082.0,12418.0,4010.0,INR/Quintal
2015-05-10,Apple,Jammu and Kashmir,Srinagar,Srinagar Wholesale,3560.0,2919.0,3992.0,1456.0,INR/Quintal
2023-10-09,Tea,Kerala,Thrissur,Thrissur Wholesale,11914.0,9770.0,13360.0,1327.0,INR/Quintal
2016-08-19,Potato,Bihar,Patna,Patna Wholesale,1061.0,870.0,1190.0,2449.0,INR/Quintal
2020-05-12,Oilseeds,Rajasthan,Udaipur,Udaipur Wholesale,4312.0,3536.0,4835.0,2758.0,INR/Quintal
2019-02-14,Maize,Maharashtra,Pune,Pune Wholesale,1970.0,1616.0,2209.0,5130.0,INR/Quintal
2017-05-11,Potato,West Bengal,Kolkata,Kolkata Wholesale,1392.0,1142.0,1561.0,1800.0,INR/Quintal
2024-06-23,Rice,Tamil Nadu,Coimbatore,Coimbatore Wholesale,1583.0,1298.0,1775.0,3055.0,INR/Quintal
2022-03-25,Maize,Andhra Pradesh,Chittoor,Chittoor Wholesale,1985.0,1628.0,2226.0,6988.0,INR/Quintal
2017-09-25,Coconut,Tamil Nadu,Madurai,Madurai Wholesale,2781.0,2281.0,3119.0,3395.0,INR/Quintal
2021-06-30,Apple,Himachal Pradesh,Mandi,Mandi Wholesale,5939.0,4870.0,6660.0,1939.0,INR/Quintal
2023-08-07,Sugarcane,Tamil Nadu,Chennai,Chennai Wholesale,455.0,373.0,510.0,2962.0,INR/Quintal
2025-03-20,Pulses,Maharashtra,Pune,Pune Wholesale,5826.0,4778.0,6533.0,2011.0,INR/Quintal
2021-10-31,Sugarcane,Karnataka,Mysore,Mysore Wholesale,507.0,416.0,569.0,2091.0,INR/Quintal
2019-04-01,Coconut,Tamil Nadu,Coimbatore,Coimbatore Wholesale,2589.0,2123.0,2903.0,1385.0,INR/Quintal
2022-11-06,Apple,Jammu and Kashmir,Srinagar,Srinagar Wholesale,4236.0,3474.0,4750.0,1420.0,INR/Quintal
2019-06-29,Oilseeds,Madhya Pradesh,Bhopal,Bhopal Wholesale,5147.0,4221.0,5772.0,1448.0,INR/Quintal
2023-11-11,Cotton,Gujarat,Surat,Surat Wholesale,8055.0,6606.0,9033.0,4030.0,INR/Quintal
2019-02-20,Sugarcane,Tamil Nadu,Madurai,Madurai Wholesale,463.0,380.0,519.0,5773.0,INR/Quintal
2019-10-03,Coffee,Kerala,Thrissur,Thrissur Wholesale,15224.0,12485.0,17072.0,2674.0,INR/Quintal
2022-07-19,Coconut,Andhra Pradesh,Krishna,Krishna Wholesale,3043.0,2495.0,3412.0,3970.0,INR/Quintal
2018-12-20,Sugarcane,Uttar Pradesh,Kanpur,Kanpur Wholesale,405.0,332.0,454.0,4562.0,INR/Quintal
2025-04-26,Sugarcane,Uttar Pradesh,Varanasi,Varanasi Wholesale,534.0,438.0,599.0,6032.0,INR/Quintal
2020-02-01,Sugarcane,Tamil Nadu,Chennai,Chennai Wholesale,497.0,408.0,557.0,2692.0,INR/Quintal
2015-09-22,Apple,Himachal Pradesh,Mandi,Mandi Wholesale,8198.0,6723.0,9193.0,454.0,INR/Quintal
2022-04-13,Sugarcane,Karnataka,Bangalore,Bangalore Wholesale,446.0,366.0,500.0,1508.0,INR/Quintal
2024-05-06,Maize,Maharashtra,Nagpur,Nagpur Wholesale,2615.0,2145.0,2932.0,1972.0,INR/Quintal
2022-11-19,Coconut,Andhra Pradesh,Visakhapatnam,Visakhapatnam Wholesale,1456.0,1194.0,1633.0,4797.0,INR/Quintal
2025-05-25,Maize,Karnataka,Belgaum,Belgaum Wholesale,1692.0,1388.0,1897.0,1569.0,INR/Quintal
2024-03-03,Sugarcane,Uttar Pradesh,Lucknow,Lucknow Wholesale,485.0,398.0,544.0,7326.0,INR/Quintal
2022-06-14,Wheat,Bihar,Purnia,Purnia Wholesale,2604.0,2135.0,2920.0,1331.0,INR/Quintal
2019-01-02,Wheat,Madhya Pradesh,Bhopal,Bhopal Wholesale,1851.0,1518.0,2076.0,4498.0,INR/Quintal
2015-06-06,Maize,Telangana,Nizamabad,Nizamabad Wholesale,1672.0,1371.0,1875.0,1935.0,INR/Quintal
2018-12-16,Pulses,Maharashtra,Nagpur,Nagpur Wholesale,3579.0,2935.0,4013.0,3061.0,INR/Quintal
2021-04-17,Cotton,Gujarat,Surat,Surat Wholesale,6851.0,5618.0,7683.0,3508.0,INR/Quintal
2023-01-04,Potato,Punjab,Ludhiana,Ludhiana Wholesale,2210.0,1812.0,2478.0,7200.0,INR/Quintal
2019-06-21,Coffee,Karnataka,Hubli,Hubli Wholesale,20761.0,17026.0,23281.0,1631.0,INR/Quintal
2022-01-21,Coffee,Kerala,Ernakulam,Ernakulam Wholesale,15173.0,12443.0,17015.0,3900.0,INR/Quintal
2021-07-02,Sugarcane,Karnataka,Mysore,Mysore Wholesale,530.0,435.0,594.0,3232.0,INR/Quintal
2023-03-28,Pulses,Rajasthan,Jodhpur,Jodhpur Wholesale,6186.0,5073.0,6937.0,1357.0,INR/Quintal
2017-06-13,Wheat,Rajasthan,Jaipur,Jaipur Wholesale,2454.0,2012.0,2752.0,556.0,INR/Quintal
2020-11-14,Wheat,Madhya Pradesh,Bhopal,Bhopal Wholesale,2495.0,2046.0,2798.0,2711.0,INR/Quintal
2016-05-27,Pulses,Maharashtra,Pune,Pune Wholesale,6147.0,5041.0,6893.0,2221.0,INR/Quintal
2015-08-04,Cotton,Gujarat,Ahmedabad,Ahmedabad Wholesale,6464.0,5301.0,7249.0,3998.0,INR/Quintal
2023-10-09,Maize,Telangana,Warangal,Warangal Wholesale,2132.0,1748.0,2391.0,722.0,INR/Quintal
2024-02-14,Cotton,Maharashtra,Nashik,Nashik Wholesale,6478.0,5312.0,7264.0,5361.0,INR/Quintal
2020-12-12,Oilseeds,Maharashtra,Mumbai,Mumbai Wholesale,4653.0,3816.0,5218.0,4699.0,INR/Quintal
2023-08-20,Oilseeds,Madhya Pradesh,Bhopal,Bhopal Wholesale,4676.0,3835.0,5244.0,2049.0,INR/Quintal
2024-03-08,Wheat,Uttar Pradesh,Varanasi,Varanasi Wholesale,2704.0,2217.0,3032.0,3748.0,INR/Quintal
2019-09-03,Potato,Punjab,Amritsar,Amritsar Wholesale,1136.0,932.0,1274.0,4662.0,INR/Quintal
2020-10-07,Oilseeds,Maharashtra,Nagpur,Nagpur Wholesale,3779.0,3099.0,4238.0,3814.0,INR/Quintal
2019-04-17,Apple,Jammu and Kashmir,Srinagar,Srinagar Wholesale,6485.0,5318.0,7272.0,1409.0,INR/Quintal
2021-01-17,Wheat,Uttar Pradesh,Varanasi,Varanasi Wholesale,2760.0,2263.0,3095.0,5546.0,INR/Quintal
2021-05-20,Sugarcane,Tamil Nadu,Coimbatore,Coimbatore Wholesale,489.0,401.0,548.0,3857.0,INR/Quintal
2020-11-23,Tea,Kerala,Thrissur,Thrissur Wholesale,6403.0,5251.0,7180.0,3237.0,INR/Quintal
2018-02-02,Tea,Kerala,Thrissur,Thrissur Wholesale,7314.0,5998.0,8202.0,4569.0,INR/Quintal
2024-08-11,Rice,Telangana,Warangal,Warangal Wholesale,1338.0,1097.0,1500.0,1039.0,INR/Quintal
2015-08-16,Sugarcane,Maharashtra,Pune,Pune Wholesale,301.0,247.0,338.0,1619.0,INR/Quintal
2025-04-29,Tea,West Bengal,Darjeeling,Darjeeling Wholesale,11300.0,9267.0,12672.0,6813.0,INR/Quintal
2025-01-01,Cotton,Maharashtra,Nagpur,Nagpur Wholesale,8317.0,6821.0,9327.0,2339.0,INR/Quintal
2021-06-23,Rice,Andhra Pradesh,Visakhapatnam,Visakhapatnam Wholesale,3315.0,2719.0,3717.0,5749.0,INR/Quintal
2019-01-27,Wheat,Madhya Pradesh,Bhopal,Bhopal Wholesale,2119.0,1738.0,2376.0,3150.0,INR/Quintal
2017-03-12,Pulses,Rajasthan,Udaipur,Udaipur Wholesale,4971.0,4077.0,5574.0,660.0,INR/Quintal
2019-06-11,Pulses,Uttar Pradesh,Lucknow,Lucknow Wholesale,5732.0,4701.0,6428.0,3016.0,INR/Quintal
2020-03-20,Wheat,Rajasthan,Jaipur,Jaipur Wholesale,2821.0,2313.0,3163.0,2405.0,INR/Quintal
2022-12-31,Potato,Uttar Pradesh,Kanpur,Kanpur Wholesale,2262.0,1855.0,2537.0,6373.0,INR/Quintal
2016-04-16,Wheat,Madhya Pradesh,Bhopal,Bhopal Wholesale,1604.0,1315.0,1799.0,1994.0,INR/Quintal
2017-12-15,Maize,Madhya Pradesh,Bhopal,Bhopal Wholesale,1535.0,1259.0,1721.0,1518.0,INR/Quintal
2022-04-26,Pulses,Rajasthan,Jaipur,Jaipur Wholesale,3808.0,3123.0,4270.0,4093.0,INR/Quintal
2020-08-22,Tea,Assam,Tinsukia,Tinsukia Wholesale,12840.0,10530.0,14399.0,507.0,INR/Quintal
2024-08-12,Coffee,Kerala,Thrissur,Thrissur Wholesale,20988.0,17212.0,23536.0,1766.0,INR/Quintal
2017-11-07,Rice,Punjab,Amritsar,Amritsar Wholesale,1714.0,1406.0,1922.0,3531.0,INR/Quintal
2022-07-04,Potato,West Bengal,Kolkata,Kolkata Wholesale,2155.0,1767.0,2417.0,709.0,INR/Quintal
2023-04-09,Coconut,Tamil Nadu,Chennai,Chennai Wholesale,2363.0,1938.0,2650.0,1240.0,INR/Quintal
2020-11-30,Oilseeds,Rajasthan,Udaipur,Udaipur Wholesale,5744.0,4711.0,6441.0,1320.0,INR/Quintal
2015-08-17,Sugarcane,Uttar Pradesh,Lucknow,Lucknow Wholesale,300.0,246.0,336.0,1225.0,INR/Quintal
2015-06-20,Potato,Uttar Pradesh,Lucknow,Lucknow Wholesale,664.0,545.0,745.0,3977.0,INR/Quintal
2015-10-22,Oilseeds,Maharashtra,Pune,Pune Wholesale,2905.0,2382.0,3258.0,3118.0,INR/Quintal
2015-07-08,Potato,West Bengal,Howrah,Howrah Wholesale,538.0,441.0,603.0,3377.0,INR/Quintal
2016-03-01,Coffee,Kerala,Thrissur,Thrissur Wholesale,17910.0,14688.0,20084.0,3077.0,INR/Quintal
2017-09-03,Apple,Himachal Pradesh,Mandi,Mandi Wholesale,3806.0,3121.0,4268.0,773.0,INR/Quintal
2018-01-07,Potato,Punjab,Ludhiana,Ludhiana Wholesale,1770.0,1452.0,1985.0,1870.0,INR/Quintal
2022-05-29,Tea,West Bengal,Kolkata,Kolkata Wholesale,8023.0,6579.0,8997.0,2041.0,INR/Quintal
2017-07-07,Wheat,Bihar,Patna,Patna Wholesale,1858.0,1524.0,2084.0,2029.0,INR/Quintal
2023-11-28,Maize,Maharashtra,Nashik,Nashik Wholesale,2531.0,2076.0,2838.0,5148.0,INR/Quintal
2016-05-13,Rice,Bihar,Gaya,Gaya Wholesale,2989.0,2451.0,3352.0,1623.0,INR/Quintal
2019-12-27,Pulses,Maharashtra,Nagpur,Nagpur Wholesale,4753.0,3898.0,5330.0,3068.0,INR/Quintal
2022-09-10,Oilseeds,Maharashtra,Nagpur,Nagpur Wholesale,5941.0,4872.0,6662.0,3454.0,INR/Quintal
2017-05-15,Apple,Himachal Pradesh,Kangra,Kangra Wholesale,7153.0,5866.0,8021.0,2112.0,INR/Quintal
2017-04-05,Rice,Odisha,Bhubaneswar,Bhubaneswar Wholesale,1942.0,1593.0,2178.0,5494.0,INR/Quintal
2025-05-07,Potato,Uttar Pradesh,Varanasi,Varanasi Wholesale,2215.0,1816.0,2484.0,2344.0,INR/Quintal
2020-02-02,Wheat,Bihar,Purnia,Purnia Wholesale,2065.0,1693.0,2316.0,724.0,INR/Quintal
2020-10-19,Rice,Chhattisgarh,Raipur,Raipur Wholesale,1761.0,1444.0,1975.0,1011.0,INR/Quintal
2021-04-14,Wheat,Haryana,Hisar,Hisar Wholesale,2545.0,2087.0,2854.0,2070.0,INR/Quintal
2015-05-26,Oilseeds,Gujarat,Surat,Surat Wholesale,3171.0,2600.0,3556.0,4096.0,INR/Quintal
2019-06-30,Tea,Assam,Kamrup,Kamrup Wholesale,7122.0,5841.0,7987.0,3636.0,INR/Quintal
2025-07-13,Tea,West Bengal,Howrah,Howrah Wholesale,8845.0,7254.0,9919.0,3363.0,INR/Quintal
2018-08-12,Wheat,Bihar,Gaya,Gaya Wholesale,2494.0,2045.0,2797.0,822.0,INR/Quintal
2022-03-14,Wheat,Punjab,Patiala,Patiala Wholesale,2633.0,2159.0,2953.0,1994.0,INR/Quintal
2016-04-14,Maize,Karnataka,Hubli,Hubli Wholesale,1660.0,1361.0,1862.0,6377.0,INR/Quintal
2024-10-17,Sugarcane,Karnataka,Mysore,Mysore Wholesale,552.0,453.0,619.0,2194.0,INR/Quintal
2015-07-12,Apple,Himachal Pradesh,Mandi,Mandi Wholesale,5560.0,4560.0,6235.0,1979.0,INR/Quintal
2017-12-27,Maize,Bihar,Muzaffarpur,Muzaffarpur Wholesale,2025.0,1661.0,2271.0,3813.0,INR/Quintal
2021-12-16,Rice,West Bengal,Howrah,Howrah Wholesale,3326.0,2728.0,3730.0,5467.0,INR/Quintal
2025-08-24,Cotton,Telangana,Nizamabad,Nizamabad Wholesale,8479.0,6953.0,9508.0,2945.0,INR/Quintal
2015-02-21,Maize,Madhya Pradesh,Bhopal,Bhopal Wholesale,1711.0,1403.0,1919.0,2383.0,INR/Quintal
2023-01-08,Rice,West Bengal,Howrah,Howrah Wholesale,2928.0,2401.0,3283.0,4949.0,INR/Quintal
2021-08-07,Pulses,Rajasthan,Jaipur,Jaipur Wholesale,5004.0,4104.0,5611.0,1358.0,INR/Quintal
2019-12-26,Rice,Tamil Nadu,Chennai,Chennai Wholesale,2570.0,2108.0,2882.0,1704.0,INR/Quintal
2023-02-12,Rice,Andhra Pradesh,Visakhapatnam,Visakhapatnam Wholesale,1879.0,1541.0,2107.0,2396.0,INR/Quintal
2021-11-26,Coconut,Tamil Nadu,Madurai,Madurai Wholesale,2206.0,1809.0,2474.0,2139.0,INR/Quintal
2020-02-13,Wheat,Uttar Pradesh,Varanasi,Varanasi Wholesale,1966.0,1612.0,2205.0,1893.0,INR/Quintal
2022-01-12,Coffee,Kerala,Kozhikode,Kozhikode Wholesale,10234.0,8393.0,11476.0,1196.0,INR/Quintal
2019-11-22,Potato,Punjab,Amritsar,Amritsar Wholesale,1549.0,1270.0,1737.0,3510.0,INR/Quintal
2018-12-25,Wheat,Uttar Pradesh,Lucknow,Lucknow Wholesale,2577.0,2113.0,2890.0,7189.0,INR/Quintal
2020-02-11,Apple,Himachal Pradesh,Kangra,Kangra Wholesale,3957.0,3245.0,4437.0,1952.0,INR/Quintal
2024-03-23,Wheat,Madhya Pradesh,Bhopal,Bhopal Wholesale,2154.0,1766.0,2415.0,2432.0,INR/Quintal
2024-08-07,Apple,Jammu and Kashmir,Srinagar,Srinagar Wholesale,6732.0,5521.0,7549.0,471.0,INR/Quintal
2025-04-25,Apple,Himachal Pradesh,Shimla,Shimla Wholesale,9051.0,7423.0,10150.0,870.0,INR/Quintal
2022-07-01,Coffee,Kerala,Ernakulam,Ernakulam Wholesale,12166.0,9977.0,13643.0,2355.0,INR/Quintal
2023-12-14,Coffee,Tamil Nadu,Madurai,Madurai Wholesale,10225.0,8385.0,11466.0,4749.0,INR/Quintal
2023-10-05,Potato,Bihar,Muzaffarpur,Muzaffarpur Wholesale,1585.0,1300.0,1777.0,1699.0,INR/Quintal
2022-01-23,Coconut,Andhra Pradesh,Guntur,Guntur Wholesale,3191.0,2617.0,3578.0,4110.0,INR/Quintal
2020-06-30,Cotton,Maharashtra,Mumbai,Mumbai Wholesale,4722.0,3872.0,5295.0,4784.0,INR/Quintal
2018-12-05,Coconut,Kerala,Kozhikode,Kozhikode Wholesale,1852.0,1519.0,2077.0,610.0,INR/Quintal
2017-04-19,Apple,Himachal Pradesh,Mandi,Mandi Wholesale,7366.0,6041.0,8260.0,1310.0,INR/Quintal
2023-08-03,Pulses,Uttar Pradesh,Lucknow,Lucknow Wholesale,4206.0,3449.0,4717.0,4201.0,INR/Quintal
2025-04-23,Maize,Maharashtra,Pune,Pune Wholesale,1867.0,1531.0,2094.0,5864.0,INR/Quintal
2015-08-29,Rice,Andhra Pradesh,Visakhapatnam,Visakhapatnam Wholesale,2071.0,1698.0,2322.0,657.0,INR/Quintal
2024-06-02,Apple,Himachal Pradesh,Mandi,Mandi Wholesale,10849.0,8897.0,12166.0,785.0,INR/Quintal
2016-06-19,Maize,Andhra Pradesh,Chittoor,Chittoor Wholesale,1532.0,1256.0,1718.0,4272.0,INR/Quintal
2018-11-08,Coconut,Andhra Pradesh,Guntur,Guntur Wholesale,2153.0,1766.0,2414.0,1756.0,INR/Quintal
2024-08-03,Tea,Kerala,Ernakulam,Ernakulam Wholesale,10286.0,8435.0,11535.0,2466.0,INR/Quintal
2015-03-24,Oilseeds,Gujarat,Vadodara,Vadodara Wholesale,4692.0,3848.0,5262.0,987.0,INR/Quintal
2017-09-08,Cotton,Telangana,Hyderabad,Hyderabad Wholesale,4469.0,3665.0,5012.0,855.0,INR/Quintal
2025-09-07,Oilseeds,Madhya Pradesh,Bhopal,Bhopal Wholesale,4808.0,3943.0,5392.0,989.0,INR/Quintal
2025-04-26,Rice,Tamil Nadu,Madurai,Madurai Wholesale,3500.0,2870.0,3925.0,6463.0,INR/Quintal
2017-08-08,Coffee,Tamil Nadu,Chennai,Chennai Wholesale,19996.0,16398.0,22424.0,3325.0,INR/Quintal
2025-09-04,Rice,Assam,Tinsukia,Tinsukia Wholesale,3117.0,2556.0,3495.0,2508.0,INR/Quintal
2016-09-02,Pulses,Maharashtra,Nashik,Nashik Wholesale,4264.0,3497.0,4782.0,2259.0,INR/Quintal
2016-07-27,Maize,Bihar,Gaya,Gaya Wholesale,1660.0,1361.0,1862.0,3571.0,INR/Quintal
2021-05-22,Apple,Himachal Pradesh,Kangra,Kangra Wholesale,6176.0,5065.0,6926.0,2496.0,INR/Quintal
2017-09-15,Potato,West Bengal,Howrah,Howrah Wholesale,1490.0,1222.0,1671.0,1771.0,INR/Quintal
2024-11-14,Coconut,Kerala,Kozhikode,Kozhikode Wholesale,3148.0,2582.0,3530.0,3383.0,INR/Quintal
2016-04-03,Coconut,Tamil Nadu,Madurai,Madurai Wholesale,2718.0,2229.0,3048.0,6001.0,INR/Quintal
2023-12-28,Sugarcane,Maharashtra,Pune,Pune Wholesale,449.0,368.0,504.0,6348.0,INR/Quintal
2020-12-13,Apple,Jammu and Kashmir,Srinagar,Srinagar Wholesale,7571.0,6209.0,8490.0,1760.0,INR/Quintal
2024-07-16,Sugarcane,Uttar Pradesh,Lucknow,Lucknow Wholesale,556.0,456.0,623.0,5091.0,INR/Quintal
2019-03-03,Potato,Bihar,Patna,Patna Wholesale,2107.0,1728.0,2363.0,6171.0,INR/Quintal
2021-10-08,Coffee,Kerala,Thrissur,Thrissur Wholesale,19409.0,15917.0,21765.0,1415.0,INR/Quintal
2022-02-14,Sugarcane,Karnataka,Belgaum,Belgaum Wholesale,479.0,393.0,537.0,5578.0,INR/Quintal
2022-04-11,Coffee,Kerala,Ernakulam,Ernakulam Wholesale,17398.0,14268.0,19510.0,1469.0,INR/Quintal
2020-06-07,Wheat,Uttar Pradesh,Kanpur,Kanpur Wholesale,1936.0,1588.0,2171.0,5696.0,INR/Quintal
2019-04-16,Pulses,Rajasthan,Udaipur,Udaipur Wholesale,3775.0,3096.0,4233.0,3558.0,INR/Quintal
2023-11-04,Apple,Himachal Pradesh,Kangra,Kangra Wholesale,7405.0,6073.0,8304.0,1583.0,INR/Quintal
2020-11-29,Cotton,Gujarat,Vadodara,Vadodara Wholesale,5150.0,4223.0,5775.0,4411.0,INR/Quintal
2021-09-15,Maize,Madhya Pradesh,Bhopal,Bhopal Wholesale,2097.0,1720.0,2352.0,1322.0,INR/Quintal
2025-06-27,Maize,Karnataka,Bangalore,Bangalore Wholesale,2399.0,1967.0,2690.0,3247.0,INR/Quintal
2015-05-02,Cotton,Gujarat,Surat,Surat Wholesale,5577.0,4574.0,6254.0,756.0,INR/Quintal
2015-09-30,Rice,Assam,Tinsukia,Tinsukia Wholesale,1073.0,880.0,1203.0,648.0,INR/Quintal
2018-08-10,Rice,Tamil Nadu,Coimbatore,Coimbatore Wholesale,1216.0,997.0,1364.0,2767.0,INR/Quintal
2016-02-02,Oilseeds,Maharashtra,Mumbai,Mumbai Wholesale,2410.0,1976.0,2703.0,4963.0,INR/Quintal
2021-11-23,Rice,West Bengal,Howrah,Howrah Wholesale,1543.0,1265.0,1730.0,1298.0,INR/Quintal
2017-09-11,Coffee,Kerala,Kozhikode,Kozhikode Wholesale,21071.0,17280.0,23629.0,894.0,INR/Quintal
2018-05-15,Potato,West Bengal,Darjeeling,Darjeeling Wholesale,1108.0,909.0,1243.0,2591.0,INR/Quintal
2018-02-07,Wheat,Uttar Pradesh,Varanasi,Varanasi Wholesale,1953.0,1602.0,2190.0,7037.0,INR/Quintal
2024-08-12,Cotton,Andhra Pradesh,Guntur,Guntur Wholesale,5279.0,4329.0,5920.0,2881.0,INR/Quintal
2018-07-25,Coffee,Tamil Nadu,Chennai,Chennai Wholesale,16178.0,13267.0,18142.0,760.0,INR/Quintal
2024-12-18,Coffee,Kerala,Thrissur,Thrissur Wholesale,20099.0,16483.0,22539.0,3136.0,INR/Quintal
2020-03-25,Oilseeds,Madhya Pradesh,Bhopal,Bhopal Wholesale,2905.0,2382.0,3258.0,1749.0,INR/Quintal
2022-03-01,Coffee,Tamil Nadu,Coimbatore,Coimbatore Wholesale,21876.0,17940.0,24532.0,5038.0,INR/Quintal
2019-02-14,Coconut,Kerala,Kozhikode,Kozhikode Wholesale,2913.0,2389.0,3267.0,1063.0,INR/Quintal
2025-08-10,Coconut,Andhra Pradesh,Krishna,Krishna Wholesale,1899.0,1557.0,2130.0,4433.0,INR/Quintal
2023-09-21,Pulses,Madhya Pradesh,Bhopal,Bhopal Wholesale,5527.0,4533.0,6198.0,482.0,INR/Quintal
2020-03-31,Rice,Telangana,Nizamabad,Nizamabad Wholesale,2204.0,1807.0,2472.0,4490.0,INR/Quintal
2023-01-23,Maize,Bihar,Patna,Patna Wholesale,1920.0,1575.0,2153.0,3376.0,INR/Quintal
2017-03-30,Coconut,Karnataka,Hubli,Hubli Wholesale,2793.0,2290.0,3132.0,1268.0,INR/Quintal
2022-12-10,Pulses,Rajasthan,Jaipur,Jaipur Wholesale,4027.0,3302.0,4516.0,434.0,INR/Quintal
2024-09-18,Wheat,Haryana,Karnal,Karnal Wholesale,2432.0,1994.0,2727.0,2089.0,INR/Quintal
2022-07-20,Coconut,Andhra Pradesh,Krishna,Krishna Wholesale,2246.0,1842.0,2519.0,4192.0,INR/Quintal
2020-05-10,Wheat,Bihar,Purnia,Purnia Wholesale,2264.0,1857.0,2539.0,788.0,INR/Quintal
2021-06-26,Wheat,Punjab,Amritsar,Amritsar Wholesale,2786.0,2285.0,3124.0,5505.0,INR/Quintal
2015-06-28,Apple,Jammu and Kashmir,Srinagar,Srinagar Wholesale,4091.0,3355.0,4588.0,1380.0,INR/Quintal
2017-06-15,Rice,West Bengal,Darjeeling,Darjeeling Wholesale,1278.0,1048.0,1433.0,1864.0,INR/Quintal
2021-03-16,Coffee,Tamil Nadu,Coimbatore,Coimbatore Wholesale,17279.0,14170.0,19377.0,1214.0,INR/Quintal
2022-10-07,Wheat,Haryana,Gurgaon,Gurgaon Wholesale,2025.0,1661.0,2271.0,4786.0,INR/Quintal
2020-05-26,Cotton,Telangana,Nizamabad,Nizamabad Wholesale,4859.0,3985.0,5449.0,1916.0,INR/Quintal
2019-04-01,Maize,Maharashtra,Pune,Pune Wholesale,1822.0,1494.0,2043.0,1640.0,INR/Quintal
2016-05-06,Coffee,Tamil Nadu,Madurai,Madurai Wholesale,10407.0,8535.0,11670.0,4512.0,INR/Quintal
2015-03-02,Oilseeds,Maharashtra,Mumbai,Mumbai Wholesale,3084.0,2529.0,3458.0,2493.0,INR/Quintal
2017-12-13,Rice,Tamil Nadu,Chennai,Chennai Wholesale,1611.0,1321.0,1807.0,2904.0,INR/Quintal
2019-08-31,Potato,Bihar,Purnia,Purnia Wholesale,716.0,587.0,803.0,538.0,INR/Quintal
2022-01-29,Pulses,Madhya Pradesh,Bhopal,Bhopal Wholesale,5664.0,4645.0,6352.0,4571.0,INR/Quintal
2022-12-05,Tea,West Bengal,Kolkata,Kolkata Wholesale,7652.0,6275.0,8581.0,2766.0,INR/Quintal
2023-04-24,Pulses,Uttar Pradesh,Varanasi,Varanasi Wholesale,7315.0,5999.0,8203.0,9441.0,INR/Quintal
2015-03-06,Wheat,Madhya Pradesh,Bhopal,Bhopal Wholesale,1841.0,1510.0,2064.0,2325.0,INR/Quintal
2025-01-31,Maize,Karnataka,Bangalore,Bangalore Wholesale,2464.0,2021.0,2763.0,2613.0,INR/Quintal
2016-08-08,Oilseeds,Rajasthan,Jaipur,Jaipur Wholesale,4564.0,3743.0,5118.0,2391.0,INR/Quintal
2019-09-24,Coconut,Andhra Pradesh,Krishna,Krishna Wholesale,1745.0,1431.0,1957.0,1665.0,INR/Quintal
2021-01-27,Coffee,Karnataka,Hubli,Hubli Wholesale,22046.0,18079.0,24722.0,3092.0,INR/Quintal
2024-02-27,Cotton,Maharashtra,Pune,Pune Wholesale,8252.0,6767.0,9254.0,1395.0,INR/Quintal
2025-04-28,Sugarcane,Uttar Pradesh,Kanpur,Kanpur Wholesale,437.0,358.0,490.0,9070.0,INR/Quintal
2016-06-18,Pulses,Rajasthan,Udaipur,Udaipur Wholesale,6157.0,5049.0,6904.0,618.0,INR/Quintal
2024-06-24,Sugarcane,Karnataka,Mysore,Mysore Wholesale,385.0,316.0,432.0,4367.0,INR/Quintal
2022-07-03,Coffee,Kerala,Thrissur,Thrissur Wholesale,12831.0,10522.0,14389.0,1988.0,INR/Quintal
2024-04-21,Maize,Karnataka,Mysore,Mysore Wholesale,2515.0,2062.0,2820.0,1076.0,INR/Quintal
2020-11-25,Sugarcane,Tamil Nadu,Coimbatore,Coimbatore Wholesale,378.0,310.0,424.0,475.0,INR/Quintal
2020-02-14,Pulses,Rajasthan,Jaipur,Jaipur Wholesale,5859.0,4805.0,6570.0,4154.0,INR/Quintal
2023-11-08,Potato,Bihar,Patna,Patna Wholesale,2211.0,1813.0,2479.0,3264.0,INR/Quintal
2022-11-01,Tea,Assam,Kamrup,Kamrup Wholesale,17656.0,14479.0,19799.0,2440.0,INR/Quintal
2017-10-01,Sugarcane,Maharashtra,Nashik,Nashik Wholesale,393.0,322.0,441.0,2380.0,INR/Quintal
2021-11-04,Potato,West Bengal,Howrah,Howrah Wholesale,2309.0,1894.0,2589.0,1471.0,INR/Quintal
2018-05-14,Potato,Uttar Pradesh,Kanpur,Kanpur Wholesale,1218.0,999.0,1366.0,6140.0,INR/Quintal
2022-03-22,Wheat,Bihar,Gaya,Gaya Wholesale,2079.0,1705.0,2331.0,4209.0,INR/Quintal
2017-11-05,Tea,West Bengal,Howrah,Howrah Wholesale,12897.0,10577.0,14463.0,3524.0,INR/Quintal
2015-11-23,Cotton,Andhra Pradesh,Krishna,Krishna Wholesale,5949.0,4879.0,6671.0,2189.0,INR/Quintal
2016-08-30,Apple,Himachal Pradesh,Mandi,Mandi Wholesale,5993.0,4915.0,6721.0,1829.0,INR/Quintal
2022-05-30,Pulses,Uttar Pradesh,Varanasi,Varanasi Wholesale,5688.0,4665.0,6379.0,1383.0,INR/Quintal
2015-01-02,Oilseeds,Madhya Pradesh,Bhopal,Bhopal Wholesale,3249.0,2664.0,3643.0,790.0,INR/Quintal
2017-10-30,Coffee,Tamil Nadu,Coimbatore,Coimbatore Wholesale,14397.0,11807.0,16145.0,3766.0,INR/Quintal
2021-10-17,Oilseeds,Rajasthan,Udaipur,Udaipur Wholesale,5732.0,4701.0,6428.0,1769.0,INR/Quintal
2015-05-05,Sugarcane,Uttar Pradesh,Lucknow,Lucknow Wholesale,375.0,308.0,421.0,3396.0,INR/Quintal
2018-01-09,Tea,West Bengal,Darjeeling,Darjeeling Wholesale,9852.0,8079.0,11048.0,4970.0,INR/Quintal
2021-12-07,Sugarcane,Uttar Pradesh,Lucknow,Lucknow Wholesale,488.0,400.0,547.0,3806.0,INR/Quintal
2022-05-23,Tea,Kerala,Kozhikode,Kozhikode Wholesale,9121.0,7480.0,10228.0,547.0,INR/Quintal
2020-02-05,Pulses,Uttar Pradesh,Lucknow,Lucknow Wholesale,6266.0,5139.0,7027.0,6482.0,INR/Quintal
2018-03-19,Coffee,Tamil Nadu,Madurai,Madurai Wholesale,8990.0,7372.0,10081.0,2279.0,INR/Quintal
2022-10-18,Coffee,Tamil Nadu,Chennai,Chennai Wholesale,13778.0,11299.0,15451.0,830.0,INR/Quintal
2022-12-30,Pulses,Uttar Pradesh,Kanpur,Kanpur Wholesale,3973.0,3258.0,4455.0,2271.0,INR/Quintal
2024-05-04,Cotton,Andhra Pradesh,Visakhapatnam,Visakhapatnam Wholesale,5405.0,4433.0,6061.0,3647.0,INR/Quintal
2015-05-09,Potato,West Bengal,Kolkata,Kolkata Wholesale,1488.0,1220.0,1669.0,916.0,INR/Quintal
2016-03-13,Tea,West Bengal,Darjeeling,Darjeeling Wholesale,10943.0,8974.0,12271.0,6398.0,INR/Quintal
2017-01-20,Rice,West Bengal,Kolkata,Kolkata Wholesale,2908.0,2385.0,3261.0,3820.0,INR/Quintal
2021-12-23,Rice,Assam,Cachar,Cachar Wholesale,2399.0,1967.0,2690.0,1455.0,INR/Quintal
2023-07-27,Potato,West Bengal,Darjeeling,Darjeeling Wholesale,1169.0,959.0,1311.0,3358.0,INR/Quintal
2018-05-06,Apple,Jammu and Kashmir,Srinagar,Srinagar Wholesale,7199.0,5904.0,8073.0,1895.0,INR/Quintal
2021-03-08,Sugarcane,Tamil Nadu,Coimbatore,Coimbatore Wholesale,464.0,381.0,520.0,4666.0,INR/Quintal
2017-06-20,Tea,Assam,Kamrup,Kamrup Wholesale,13776.0,11297.0,15448.0,1129.0,INR/Quintal
2020-09-23,Apple,Jammu and Kashmir,Srinagar,Srinagar Wholesale,7151.0,5864.0,8019.0,279.0,INR/Quintal
2023-09-04,Maize,Maharashtra,Mumbai,Mumbai Wholesale,1695.0,1390.0,1901.0,3976.0,INR/Quintal
2018-07-26,Coffee,Tamil Nadu,Coimbatore,Coimbatore Wholesale,16613.0,13624.0,18630.0,1455.0,INR/Quintal
2022-01-26,Coconut,Karnataka,Belgaum,Belgaum Wholesale,2158.0,1770.0,2420.0,747.0,INR/Quintal
2018-12-04,Oilseeds,Madhya Pradesh,Bhopal,Bhopal Wholesale,3694.0,3029.0,4142.0,2714.0,INR/Quintal
2021-11-13,Maize,Andhra Pradesh,Guntur,Guntur Wholesale,2503.0,2053.0,2807.0,1212.0,INR/Quintal
2016-01-26,Oilseeds,Madhya Pradesh,Bhopal,Bhopal Wholesale,3172.0,2601.0,3557.0,4563.0,INR/Quintal
2025-09-23,Coffee,Karnataka,Mysore,Mysore Wholesale,21941.0,17993.0,24605.0,3399.0,INR/Quintal
2017-12-03,Rice,Andhra Pradesh,Chittoor,Chittoor Wholesale,1831.0,1502.0,2053.0,3886.0,INR/Quintal
2015-01-27,Apple,Jammu and Kashmir,Srinagar,Srinagar Wholesale,3474.0,2849.0,3896.0,1956.0,INR/Quintal
2022-10-12,Pulses,Madhya Pradesh,Bhopal,Bhopal Wholesale,5276.0,4327.0,5917.0,1550.0,INR/Quintal
2023-09-04,Cotton,Gujarat,Vadodara,Vadodara Wholesale,7181.0,5889.0,8053.0,3400.0,INR/Quintal
2023-04-11,Wheat,Punjab,Patiala,Patiala Wholesale,2365.0,1939.0,2652.0,6443.0,INR/Quintal
2016-07-01,Sugarcane,Karnataka,Hubli,Hubli Wholesale,369.0,303.0,414.0,588.0,INR/Quintal
2022-04-22,Potato,West Bengal,Kolkata,Kolkata Wholesale,2094.0,1717.0,2348.0,6609.0,INR/Quintal
2016-07-20,Rice,West Bengal,Howrah,Howrah Wholesale,1091.0,895.0,1223.0,4090.0,INR/Quintal
2016-12-04,Pulses,Madhya Pradesh,Bhopal,Bhopal Wholesale,4003.0,3283.0,4489.0,3832.0,INR/Quintal
2018-05-27,Apple,Jammu and Kashmir,Srinagar,Srinagar Wholesale,7694.0,6310.0,8628.0,1744.0,INR/Quintal
2015-07-04,Pulses,Rajasthan,Jaipur,Jaipur Wholesale,5762.0,4725.0,6462.0,1401.0,INR/Quintal
2023-08-07,Oilseeds,Maharashtra,Mumbai,Mumbai Wholesale,4014.0,3292.0,4501.0,1377.0,INR/Quintal
2025-09-05,Coconut,Tamil Nadu,Madurai,Madurai Wholesale,3611.0,2961.0,4049.0,1009.0,INR/Quintal
2023-10-07,Coconut,Karnataka,Mysore,Mysore Wholesale,1733.0,1421.0,1943.0,938.0,INR/Quintal
2019-05-10,Pulses,Maharashtra,Nagpur,Nagpur Wholesale,4104.0,3366.0,4602.0,2232.0,INR/Quintal
2020-03-28,Tea,Kerala,Thrissur,Thrissur Wholesale,13933.0,11426.0,15624.0,3097.0,INR/Quintal
2025-01-28,Sugarcane,Uttar Pradesh,Varanasi,Varanasi Wholesale,566.0,464.0,635.0,6170.0,INR/Quintal
2017-04-27,Wheat,Bihar,Muzaffarpur,Muzaffarpur Wholesale,1826.0,1497.0,2048.0,2410.0,INR/Quintal
2016-08-21,Rice,Punjab,Amritsar,Amritsar Wholesale,1152.0,945.0,1292.0,3297.0,INR/Quintal
2017-03-16,Tea,Assam,Cachar,Cachar Wholesale,6257.0,5131.0,7017.0,2117.0,INR/Quintal
2025-02-19,Rice,Tamil Nadu,Madurai,Madurai Wholesale,1980.0,1624.0,2220.0,5036.0,INR/Quintal
2025-05-19,Cotton,Maharashtra,Pune,Pune Wholesale,8170.0,6700.0,9162.0,7398.0,INR/Quintal
2018-09-19,Wheat,Punjab,Ludhiana,Ludhiana Wholesale,2191.0,1797.0,2457.0,3781.0,INR/Quintal
2023-10-31,Pulses,Uttar Pradesh,Lucknow,Lucknow Wholesale,5415.0,4441.0,6072.0,850.0,INR/Quintal
2024-11-27,Cotton,Telangana,Hyderabad,Hyderabad Wholesale,7306.0,5991.0,8193.0,2025.0,INR/Quintal
2020-10-27,Oilseeds,Madhya Pradesh,Bhopal,Bhopal Wholesale,5371.0,4405.0,6023.0,2349.0,INR/Quintal
2022-03-11,Apple,Jammu and Kashmir,Srinagar,Srinagar Wholesale,4177.0,3425.0,4684.0,1529.0,INR/Quintal
2020-02-22,Cotton,Gujarat,Ahmedabad,Ahmedabad Wholesale,6997.0,5738.0,7846.0,7226.0,INR/Quintal
2021-09-26,Maize,Telangana,Hyderabad,Hyderabad Wholesale,2510.0,2058.0,2815.0,470.0,INR/Quintal
2016-06-29,Oilseeds,Maharashtra,Nashik,Nashik Wholesale,2719.0,2230.0,3049.0,2353.0,INR/Quintal
2019-06-21,Wheat,Bihar,Muzaffarpur,Muzaffarpur Wholesale,2618.0,2147.0,2936.0,1493.0,INR/Quintal
2021-01-25,Sugarcane,Uttar Pradesh,Lucknow,Lucknow Wholesale,478.0,392.0,536.0,6821.0,INR/Quintal
2022-06-21,Maize,Madhya Pradesh,Bhopal,Bhopal Wholesale,1470.0,1206.0,1648.0,2286.0,INR/Quintal
2025-03-23,Rice,Tamil Nadu,Madurai,Madurai Wholesale,1902.0,1560.0,2133.0,1605.0,INR/Quintal
2022-03-15,Potato,Bihar,Muzaffarpur,Muzaffarpur Wholesale,1705.0,1398.0,1912.0,2321.0,INR/Quintal
2022-01-06,Potato,West Bengal,Howrah,Howrah Wholesale,1517.0,1244.0,1701.0,3608.0,INR/Quintal
2024-04-08,Maize,Karnataka,Mysore,Mysore Wholesale,2194.0,1799.0,2460.0,6905.0,INR/Quintal
2020-09-10,Sugarcane,Maharashtra,Nashik,Nashik Wholesale,385.0,316.0,432.0,1947.0,INR/Quintal
2021-05-23,Tea,West Bengal,Kolkata,Kolkata Wholesale,16638.0,13644.0,18658.0,1525.0,INR/Quintal
2022-03-26,Potato,Uttar Pradesh,Kanpur,Kanpur Wholesale,1089.0,893.0,1221.0,5337.0,INR/Quintal
2023-07-12,Maize,Karnataka,Bangalore,Bangalore Wholesale,1971.0,1616.0,2210.0,1773.0,INR/Quintal
2020-04-10,Wheat,Madhya Pradesh,Bhopal,Bhopal Wholesale,2149.0,1762.0,2410.0,3071.0,INR/Quintal
2016-09-08,Coffee,Tamil Nadu,Coimbatore,Coimbatore Wholesale,15719.0,12891.0,17627.0,2002.0,INR/Quintal
2023-05-31,Sugarcane,Maharashtra,Nagpur,Nagpur Wholesale,389.0,319.0,436.0,5386.0,INR/Quintal
2024-12-23,Sugarcane,Karnataka,Mysore,Mysore Wholesale,420.0,344.0,471.0,5076.0,INR/Quintal
2021-05-06,Tea,West Bengal,Howrah,Howrah Wholesale,9919.0,8134.0,11123.0,1774.0,INR/Quintal
2018-04-18,Oilseeds,Rajasthan,Jodhpur,Jodhpur Wholesale,2535.0,2079.0,2843.0,3700.0,INR/Quintal
2019-10-26,Pulses,Maharashtra,Pune,Pune Wholesale,4058.0,3328.0,4551.0,4592.0,INR/Quintal
2022-01-09,Potato,Punjab,Ludhiana,Ludhiana Wholesale,1707.0,1400.0,1914.0,3763.0,INR/Quintal
2023-09-10,Pulses,Rajasthan,Jodhpur,Jodhpur Wholesale,6444.0,5285.0,7226.0,496.0,INR/Quintal
2023-06-09,Pulses,Maharashtra,Nashik,Nashik Wholesale,6176.0,5065.0,6926.0,5458.0,INR/Quintal
2022-03-15,Coconut,Kerala,Thrissur,Thrissur Wholesale,2360.0,1935.0,2647.0,3801.0,INR/Quintal
2023-08-28,Coconut,Karnataka,Hubli,Hubli Wholesale,1370.0,1124.0,1536.0,1186.0,INR/Quintal
2015-08-14,Wheat,Bihar,Patna,Patna Wholesale,2459.0,2017.0,2758.0,1853.0,INR/Quintal
2016-10-31,Rice,Telangana,Warangal,Warangal Wholesale,1376.0,1128.0,1543.0,2066.0,INR/Quintal
2019-10-30,Pulses,Rajasthan,Jodhpur,Jodhpur Wholesale,5606.0,4597.0,6287.0,655.0,INR/Quintal
2017-07-05,Sugarcane,Uttar Pradesh,Lucknow,Lucknow Wholesale,463.0,380.0,519.0,4739.0,INR/Quintal
2020-12-13,Coconut,Karnataka,Belgaum,Belgaum Wholesale,2755.0,2259.0,3089.0,3965.0,INR/Quintal
2023-03-23,Tea,West Bengal,Kolkata,Kolkata Wholesale,10685.0,8763.0,11982.0,6424.0,INR/Quintal
2023-12-25,Tea,Kerala,Ernakulam,Ernakulam Wholesale,9104.0,7466.0,10209.0,2442.0,INR/Quintal
2023-09-04,Coconut,Karnataka,Mysore,Mysore Wholesale,1315.0,1078.0,1475.0,2375.0,INR/Quintal
2020-10-22,Coffee,Karnataka,Bangalore,Bangalore Wholesale,19422.0,15928.0,21780.0,2677.0,INR/Quintal
2025-02-15,Rice,Telangana,Hyderabad,Hyderabad Wholesale,2894.0,2373.0,3245.0,1964.0,INR/Quintal
2018-04-29,Oilseeds,Rajasthan,Jodhpur,Jodhpur Wholesale,4552.0,3733.0,5105.0,3451.0,INR/Quintal
2019-09-02,Sugarcane,Karnataka,Hubli,Hubli Wholesale,338.0,277.0,379.0,2681.0,INR/Quintal
2020-01-17,Sugarcane,Uttar Pradesh,Kanpur,Kanpur Wholesale,486.0,399.0,545.0,7376.0,INR/Quintal
2020-06-06,Coffee,Kerala,Kozhikode,Kozhikode Wholesale,19394.0,15905.0,21748.0,3167.0,INR/Quintal
2025-05-15,Cotton,Telangana,Hyderabad,Hyderabad Wholesale,5749.0,4715.0,6447.0,3492.0,INR/Quintal
2015-02-25,Apple,Himachal Pradesh,Mandi,Mandi Wholesale,5212.0,4274.0,5845.0,771.0,INR/Quintal
2016-12-20,Coffee,Karnataka,Hubli,Hubli Wholesale,17745.0,14552.0,19899.0,5100.0,INR/Quintal
2022-02-13,Pulses,Rajasthan,Udaipur,Udaipur Wholesale,5430.0,4453.0,6089.0,1898.0,INR/Quintal
2020-09-10,Maize,Bihar,Muzaffarpur,Muzaffarpur Wholesale,1512.0,1240.0,1696.0,3388.0,INR/Quintal
2024-11-07,Coconut,Kerala,Kozhikode,Kozhikode Wholesale,1492.0,1224.0,1673.0,1570.0,INR/Quintal
2016-07-27,Tea,Kerala,Ernakulam,Ernakulam Wholesale,11879.0,9742.0,13321.0,787.0,INR/Quintal
2016-10-28,Coconut,Tamil Nadu,Chennai,Chennai Wholesale,1351.0,1108.0,1515.0,3649.0,INR/Quintal
2015-10-11,Coffee,Karnataka,Hubli,Hubli Wholesale,11072.0,9080.0,12416.0,3320.0,INR/Quintal
2019-10-11,Pulses,Madhya Pradesh,Bhopal,Bhopal Wholesale,6152.0,5045.0,6899.0,2391.0,INR/Quintal
2025-09-08,Potato,Bihar,Patna,Patna Wholesale,1844.0,1512.0,2068.0,632.0,INR/Quintal
2024-10-05,Rice,Punjab,Patiala,Patiala Wholesale,2806.0,2301.0,3147.0,4948.0,INR/Quintal
2021-02-12,Sugarcane,Maharashtra,Mumbai,Mumbai Wholesale,439.0,360.0,492.0,5214.0,INR/Quintal
2016-05-12,Coconut,Andhra Pradesh,Chittoor,Chittoor Wholesale,2202.0,1806.0,2469.0,3611.0,INR/Quintal
2019-01-05,Cotton,Gujarat,Vadodara,Vadodara Wholesale,6502.0,5332.0,7291.0,6361.0,INR/Quintal
2015-05-10,Coconut,Tamil Nadu,Madurai,Madurai Wholesale,2936.0,2408.0,3292.0,4424.0,INR/Quintal
2016-09-30,Rice,Odisha,Bhubaneswar,Bhubaneswar Wholesale,1489.0,1221.0,1670.0,692.0,INR/Quintal
2024-03-17,Pulses,Maharashtra,Nagpur,Nagpur Wholesale,4627.0,3794.0,5189.0,4796.0,INR/Quintal
2020-12-01,Coconut,Kerala,Kozhikode,Kozhikode Wholesale,1282.0,1051.0,1438.0,2692.0,INR/Quintal
2023-12-15,Oilseeds,Rajasthan,Udaipur,Udaipur Wholesale,4928.0,4041.0,5526.0,3180.0,INR/Quintal
2020-08-22,Apple,Jammu and Kashmir,Srinagar,Srinagar Wholesale,6607.0,5418.0,7409.0,521.0,INR/Quintal
2024-02-25,Potato,Uttar Pradesh,Varanasi,Varanasi Wholesale,847.0,695.0,950.0,7699.0,INR/Quintal
2025-01-20,Pulses,Rajasthan,Jaipur,Jaipur Wholesale,5322.0,4364.0,5968.0,3300.0,INR/Quintal
2023-12-31,Maize,Andhra Pradesh,Guntur,Guntur Wholesale,1710.0,1402.0,1918.0,1291.0,INR/Quintal
2021-10-27,Wheat,Uttar Pradesh,Lucknow,Lucknow Wholesale,2161.0,1772.0,2423.0,641.0,INR/Quintal
2025-07-28,Pulses,Rajasthan,Jaipur,Jaipur Wholesale,7610.0,6241.0,8534.0,1854.0,INR/Quintal
2024-10-23,Apple,Jammu and Kashmir,Srinagar,Srinagar Wholesale,8149.0,6683.0,9138.0,1200.0,INR/Quintal
2021-10-30,Coffee,Kerala,Kozhikode,Kozhikode Wholesale,9547.0,7829.0,10706.0,1773.0,INR/Quintal
2017-09-12,Pulses,Rajasthan,Jaipur,Jaipur Wholesale,3983.0,3266.0,4467.0,2038.0,INR/Quintal
2017-09-19,Coffee,Kerala,Thrissur,Thrissur Wholesale,8612.0,7063.0,9658.0,1848.0,INR/Quintal
2022-07-25,Oilseeds,Gujarat,Rajkot,Rajkot Wholesale,5015.0,4113.0,5624.0,3509.0,INR/Quintal
2020-10-22,Sugarcane,Tamil Nadu,Coimbatore,Coimbatore Wholesale,426.0,349.0,478.0,510.0,INR/Quintal
2022-01-28,Tea,Kerala,Kozhikode,Kozhikode Wholesale,16270.0,13343.0,18245.0,827.0,INR/Quintal
2015-04-11,Wheat,Bihar,Gaya,Gaya Wholesale,2234.0,1832.0,2505.0,4740.0,INR/Quintal
2021-02-01,Oilseeds,Gujarat,Vadodara,Vadodara Wholesale,4193.0,3439.0,4702.0,5945.0,INR/Quintal
2016-03-02,Apple,Jammu and Kashmir,Srinagar,Srinagar Wholesale,7234.0,5932.0,8112.0,1529.0,INR/Quintal
2023-09-24,Coffee,Kerala,Thrissur,Thrissur Wholesale,20407.0,16735.0,22884.0,1767.0,INR/Quintal
2023-11-12,Tea,West Bengal,Darjeeling,Darjeeling Wholesale,11067.0,9076.0,12411.0,3052.0,INR/Quintal
2015-02-10,Coconut,Kerala,Ernakulam,Ernakulam Wholesale,2061.0,1690.0,2311.0,980.0,INR/Quintal
2016-03-04,Maize,Karnataka,Mysore,Mysore Wholesale,1809.0,1484.0,2029.0,5013.0,INR/Quintal
2015-12-10,Rice,Andhra Pradesh,Visakhapatnam,Visakhapatnam Wholesale,1902.0,1560.0,2133.0,3184.0,INR/Quintal
2024-07-27,Wheat,Rajasthan,Udaipur,Udaipur Wholesale,2133.0,1749.0,2392.0,1911.0,INR/Quintal
2016-01-01,Cotton,Maharashtra,Mumbai,Mumbai Wholesale,4810.0,3945.0,5394.0,4536.0,INR/Quintal
2023-09-27,Oilseeds,Madhya Pradesh,Bhopal,Bhopal Wholesale,3525.0,2891.0,3953.0,2203.0,INR/Quintal
2016-08-31,Rice,Odisha,Bhubaneswar,Bhubaneswar Wholesale,1051.0,862.0,1179.0,1288.0,INR/Quintal
2022-05-28,Rice,Andhra Pradesh,Guntur,Guntur Wholesale,3429.0,2812.0,3845.0,3010.0,INR/Quintal
2016-12-28,Apple,Jammu and Kashmir,Srinagar,Srinagar Wholesale,6623.0,5431.0,7427.0,905.0,INR/Quintal
2021-03-26,Pulses,Madhya Pradesh,Bhopal,Bhopal Wholesale,5981.0,4905.0,6707.0,4088.0,INR/Quintal
2017-04-04,Coconut,Tamil Nadu,Chennai,Chennai Wholesale,2273.0,1864.0,2549.0,3381.0,INR/Quintal
2023-10-07,Pulses,Madhya Pradesh,Bhopal,Bhopal Wholesale,6284.0,5153.0,7047.0,768.0,INR/Quintal
2018-10-07,Cotton,Telangana,Nizamabad,Nizamabad Wholesale,7571.0,6209.0,8490.0,3280.0,INR/Quintal
2017-06-07,Cotton,Telangana,Nizamabad,Nizamabad Wholesale,5465.0,4482.0,6128.0,2448.0,INR/Quintal
2020-08-05,Coffee,Karnataka,Belgaum,Belgaum Wholesale,20936.0,17169.0,23478.0,807.0,INR/Quintal
2018-09-03,Cotton,Maharashtra,Nashik,Nashik Wholesale,5536.0,4540.0,6208.0,3200.0,INR/Quintal
2023-04-20,Rice,Andhra Pradesh,Visakhapatnam,Visakhapatnam Wholesale,3359.0,2755.0,3767.0,5784.0,INR/Quintal
2025-03-09,Coffee,Kerala,Ernakulam,Ernakulam Wholesale,23785.0,19506.0,26673.0,2861.0,INR/Quintal
2022-11-23,Tea,Assam,Dibrugarh,Dibrugarh Wholesale,16967.0,13914.0,19027.0,2318.0,INR/Quintal
2024-05-01,Apple,Jammu and Kashmir,Srinagar,Srinagar Wholesale,3845.0,3153.0,4312.0,587.0,INR/Quintal
2018-07-20,Sugarcane,Maharashtra,Nashik,Nashik Wholesale,376.0,308.0,422.0,2382.0,INR/Quintal
2015-04-27,Sugarcane,Tamil Nadu,Madurai,Madurai Wholesale,320.0,262.0,359.0,1702.0,INR/Quintal
2022-11-05,Apple,Jammu and Kashmir,Srinagar,Srinagar Wholesale,6377.0,5230.0,7151.0,762.0,INR/Quintal
2021-08-12,Sugarcane,Maharashtra,Mumbai,Mumbai Wholesale,442.0,362.0,496.0,2918.0,INR/Quintal
2018-01-22,Wheat,Madhya Pradesh,Bhopal,Bhopal Wholesale,1914.0,1570.0,2146.0,2292.0,INR/Quintal
2015-06-17,Wheat,Haryana,Hisar,Hisar Wholesale,2223.0,1823.0,2493.0,4437.0,INR/Quintal
2023-03-21,Cotton,Andhra Pradesh,Guntur,Guntur Wholesale,5964.0,4891.0,6688.0,4302.0,INR/Quintal
2019-10-05,Sugarcane,Karnataka,Bangalore,Bangalore Wholesale,479.0,393.0,537.0,1572.0,INR/Quintal
2018-09-26,Maize,Telangana,Warangal,Warangal Wholesale,1502.0,1232.0,1684.0,722.0,INR/Quintal
2022-06-01,Pulses,Maharashtra,Pune,Pune Wholesale,4963.0,4070.0,5566.0,2128.0,INR/Quintal
2016-11-25,Coconut,Tamil Nadu,Chennai,Chennai Wholesale,2312.0,1896.0,2593.0,1312.0,INR/Quintal
2017-07-13,Maize,Bihar,Purnia,Purnia Wholesale,1914.0,1570.0,2146.0,3131.0,INR/Quintal
2015-06-01,Sugarcane,Maharashtra,Nashik,Nashik Wholesale,312.0,256.0,350.0,5447.0,INR/Quintal
2016-08-08,Sugarcane,Maharashtra,Pune,Pune Wholesale,440.0,361.0,493.0,3600.0,INR/Quintal
2017-07-01,Pulses,Maharashtra,Nagpur,Nagpur Wholesale,5082.0,4168.0,5699.0,3753.0,INR/Quintal
2021-05-10,Sugarcane,Tamil Nadu,Chennai,Chennai Wholesale,508.0,417.0,570.0,2385.0,INR/Quintal
2019-04-27,Oilseeds,Gujarat,Vadodara,Vadodara Wholesale,5155.0,4227.0,5781.0,5593.0,INR/Quintal
2016-05-10,Rice,Punjab,Ludhiana,Ludhiana Wholesale,2155.0,1767.0,2417.0,5559.0,INR/Quintal
2025-05-23,Coffee,Kerala,Ernakulam,Ernakulam Wholesale,24608.0,20180.0,27595.0,654.0,INR/Quintal
2020-11-18,Pulses,Uttar Pradesh,Lucknow,Lucknow Wholesale,6377.0,5230.0,7151.0,5845.0,INR/Quintal
2016-07-10,Sugarcane,Tamil Nadu,Chennai,Chennai Wholesale,457.0,375.0,512.0,804.0,INR/Quintal
2018-01-10,Wheat,Punjab,Amritsar,Amritsar Wholesale,2562.0,2101.0,2873.0,4765.0,INR/Quintal
2019-04-02,Wheat,Uttar Pradesh,Kanpur,Kanpur Wholesale,2600.0,2132.0,2916.0,5308.0,INR/Quintal
2020-10-21,Rice,Telangana,Hyderabad,Hyderabad Wholesale,2230.0,1829.0,2501.0,2842.0,INR/Quintal
2023-06-13,Wheat,Uttar Pradesh,Kanpur,Kanpur Wholesale,2123.0,1741.0,2381.0,6913.0,INR/Quintal
2024-08-05,Coffee,Karnataka,Hubli,Hubli Wholesale,26443.0,21685.0,29653.0,3850.0,INR/Quintal
2015-06-06,Potato,West Bengal,Howrah,Howrah Wholesale,1584.0,1299.0,1776.0,3370.0,INR/Quintal
2017-01-04,Apple,Jammu and Kashmir,Srinagar,Srinagar Wholesale,4673.0,3832.0,5240.0,1636.0,INR/Quintal
2020-12-19,Potato,Bihar,Gaya,Gaya Wholesale,1163.0,954.0,1304.0,898.0,INR/Quintal
2024-05-02,Potato,Uttar Pradesh,Kanpur,Kanpur Wholesale,1942.0,1593.0,2178.0,4650.0,INR/Quintal
2023-05-25,Rice,Andhra Pradesh,Guntur,Guntur Wholesale,2425.0,1989.0,2719.0,6266.0,INR/Quintal
2018-11-28,Rice,Bihar,Patna,Patna Wholesale,1268.0,1040.0,1422.0,2168.0,INR/Quintal
2024-06-09,Coconut,Karnataka,Belgaum,Belgaum Wholesale,1629.0,1336.0,1827.0,894.0,INR/Quintal
2016-07-12,Coffee,Kerala,Ernakulam,Ernakulam Wholesale,17456.0,14315.0,19575.0,954.0,INR/Quintal
2020-11-24,Pulses,Rajasthan,Udaipur,Udaipur Wholesale,4584.0,3759.0,5141.0,1448.0,INR/Quintal
2025-02-08,Cotton,Andhra Pradesh,Chittoor,Chittoor Wholesale,7180.0,5888.0,8052.0,2372.0,INR/Quintal
2021-05-01,Potato,Uttar Pradesh,Kanpur,Kanpur Wholesale,1947.0,1597.0,2183.0,3908.0,INR/Quintal
2023-12-21,Wheat,Madhya Pradesh,Bhopal,Bhopal Wholesale,2791.0,2289.0,3130.0,1599.0,INR/Quintal
2023-08-17,Maize,Madhya Pradesh,Bhopal,Bhopal Wholesale,1695.0,1390.0,1901.0,1146.0,INR/Quintal
2015-06-04,Cotton,Gujarat,Vadodara,Vadodara Wholesale,4295.0,3522.0,4816.0,1092.0,INR/Quintal
2025-07-21,Coffee,Tamil Nadu,Coimbatore,Coimbatore Wholesale,18641.0,15287.0,20904.0,4182.0,INR/Quintal
2023-04-24,Pulses,Maharashtra,Nashik,Nashik Wholesale,6479.0,5313.0,7266.0,5924.0,INR/Quintal
2017-09-23,Coconut,Tamil Nadu,Madurai,Madurai Wholesale,1376.0,1128.0,1543.0,2545.0,INR/Quintal
2021-04-13,Wheat,Rajasthan,Udaipur,Udaipur Wholesale,2209.0,1812.0,2477.0,2848.0,INR/Quintal
2016-06-14,Sugarcane,Tamil Nadu,Chennai,Chennai Wholesale,443.0,363.0,497.0,2513.0,INR/Quintal
2022-12-15,Pulses,Uttar Pradesh,Lucknow,Lucknow Wholesale,7058.0,5788.0,7915.0,6307.0,INR/Quintal
2020-05-25,Potato,Bihar,Purnia,Purnia Wholesale,1358.0,1114.0,1523.0,5388.0,INR/Quintal
2022-01-29,Potato,Uttar Pradesh,Kanpur,Kanpur Wholesale,749.0,614.0,840.0,906.0,INR/Quintal
2016-12-29,Sugarcane,Tamil Nadu,Coimbatore,Coimbatore Wholesale,349.0,286.0,391.0,942.0,INR/Quintal
2018-03-23,Coffee,Kerala,Kozhikode,Kozhikode Wholesale,11767.0,9650.0,13196.0,3679.0,INR/Quintal
2015-06-03,Tea,Assam,Kamrup,Kamrup Wholesale,7390.0,6060.0,8287.0,1250.0,INR/Quintal
2025-04-15,Pulses,Maharashtra,Nashik,Nashik Wholesale,5826.0,4778.0,6533.0,7538.0,INR/Quintal
2015-04-02,Sugarcane,Maharashtra,Pune,Pune Wholesale,387.0,317.0,434.0,5738.0,INR/Quintal
2024-08-05,Coffee,Tamil Nadu,Chennai,Chennai Wholesale,11426.0,9370.0,12813.0,1757.0,INR/Quintal
2021-07-13,Coffee,Kerala,Ernakulam,Ernakulam Wholesale,22033.0,18069.0,24708.0,1611.0,INR/Quintal
2019-02-12,Coconut,Karnataka,Hubli,Hubli Wholesale,2509.0,2058.0,2814.0,5001.0,INR/Quintal
2019-09-13,Rice,Uttar Pradesh,Lucknow,Lucknow Wholesale,2458.0,2016.0,2756.0,1191.0,INR/Quintal
2023-10-08,Pulses,Maharashtra,Pune,Pune Wholesale,7393.0,6063.0,8291.0,4306.0,INR/Quintal
2021-11-02,Wheat,Haryana,Gurgaon,Gurgaon Wholesale,2511.0,2059.0,2816.0,621.0,INR/Quintal
2020-07-09,Tea,Kerala,Kozhikode,Kozhikode Wholesale,14790.0,12129.0,16586.0,3336.0,INR/Quintal
2022-10-28,Oilseeds,Madhya Pradesh,Bhopal,Bhopal Wholesale,3459.0,2837.0,3879.0,743.0,INR/Quintal
2017-02-25,Maize,Karnataka,Mysore,Mysore Wholesale,1527.0,1252.0,1712.0,5321.0,INR/Quintal
2015-09-30,Pulses,Uttar Pradesh,Varanasi,Varanasi Wholesale,4550.0,3731.0,5102.0,714.0,INR/Quintal
2020-07-20,Cotton,Maharashtra,Nashik,Nashik Wholesale,6355.0,5212.0,7127.0,2698.0,INR/Quintal
2022-03-20,Coffee,Tamil Nadu,Chennai,Chennai Wholesale,12320.0,10103.0,13816.0,4771.0,INR/Quintal
2015-06-26,Rice,Uttar Pradesh,Varanasi,Varanasi Wholesale,2399.0,1967.0,2690.0,1224.0,INR/Quintal
2025-04-25,Sugarcane,Maharashtra,Nashik,Nashik Wholesale,396.0,325.0,444.0,4086.0,INR/Quintal
2022-11-18,Potato,West Bengal,Howrah,Howrah Wholesale,1858.0,1524.0,2084.0,1743.0,INR/Quintal
2016-10-04,Sugarcane,Karnataka,Belgaum,Belgaum Wholesale,380.0,312.0,426.0,2233.0,INR/Quintal
2020-03-13,Sugarcane,Maharashtra,Mumbai,Mumbai Wholesale,464.0,381.0,520.0,4682.0,INR/Quintal
2023-07-18,Tea,West Bengal,Darjeeling,Darjeeling Wholesale,14539.0,11923.0,16304.0,3771.0,INR/Quintal
2016-07-20,Pulses,Uttar Pradesh,Varanasi,Varanasi Wholesale,6110.0,5011.0,6852.0,1346.0,INR/Quintal
2016-10-27,Sugarcane,Tamil Nadu,Madurai,Madurai Wholesale,361.0,296.0,405.0,710.0,INR/Quintal
2024-05-19,Tea,Assam,Cachar,Cachar Wholesale,18829.0,15441.0,21115.0,2124.0,INR/Quintal
2025-05-11,Oilseeds,Maharashtra,Mumbai,Mumbai Wholesale,2853.0,2340.0,3199.0,6718.0,INR/Quintal
2018-08-24,Wheat,Haryana,Karnal,Karnal Wholesale,2380.0,1952.0,2669.0,4506.0,INR/Quintal
2022-12-25,Oilseeds,Maharashtra,Nashik,Nashik Wholesale,4069.0,3337.0,4563.0,3926.0,INR/Quintal
2025-02-18,Pulses,Rajasthan,Jaipur,Jaipur Wholesale,7106.0,5827.0,7969.0,3968.0,INR/Quintal
2019-12-04,Potato,Bihar,Muzaffarpur,Muzaffarpur Wholesale,1887.0,1547.0,2116.0,4124.0,INR/Quintal
2017-12-05,Oilseeds,Gujarat,Vadodara,Vadodara Wholesale,4665.0,3826.0,5231.0,2101.0,INR/Quintal
2021-06-07,Tea,West Bengal,Howrah,Howrah Wholesale,8421.0,6906.0,9443.0,1392.0,INR/Quintal
2022-12-25,Tea,Kerala,Ernakulam,Ernakulam Wholesale,14401.0,11810.0,16149.0,1484.0,INR/Quintal
2023-02-07,Maize,Maharashtra,Pune,Pune Wholesale,1753.0,1438.0,1966.0,2493.0,INR/Quintal
2016-02-12,Coffee,Tamil Nadu,Chennai,Chennai Wholesale,8130.0,6667.0,9117.0,4576.0,INR/Quintal
2018-04-27,Cotton,Andhra Pradesh,Krishna,Krishna Wholesale,5072.0,4159.0,5688.0,4735.0,INR/Quintal
2022-11-09,Cotton,Gujarat,Vadodara,Vadodara Wholesale,6580.0,5396.0,7379.0,3257.0,INR/Quintal
2020-01-28,Pulses,Uttar Pradesh,Varanasi,Varanasi Wholesale,6010.0,4929.0,6740.0,2332.0,INR/Quintal
2018-02-26,Apple,Jammu and Kashmir,Srinagar,Srinagar Wholesale,4462.0,3659.0,5004.0,2048.0,INR/Quintal
2022-02-21,Coffee,Kerala,Ernakulam,Ernakulam Wholesale,11321.0,9284.0,12695.0,2471.0,INR/Quintal
2024-11-17,Maize,Bihar,Patna,Patna Wholesale,2344.0,1922.0,2629.0,2232.0,INR/Quintal
2024-02-20,Rice,Assam,Tinsukia,Tinsukia Wholesale,3769.0,3091.0,4227.0,5025.0,INR/Quintal
2018-02-15,Coconut,Karnataka,Mysore,Mysore Wholesale,2400.0,1968.0,2691.0,2453.0,INR/Quintal
2021-11-16,Sugarcane,Karnataka,Belgaum,Belgaum Wholesale,476.0,390.0,534.0,2126.0,INR/Quintal
2015-05-24,Oilseeds,Rajasthan,Jaipur,Jaipur Wholesale,3684.0,3021.0,4131.0,2853.0,INR/Quintal
2021-10-25,Coffee,Karnataka,Mysore,Mysore Wholesale,22570.0,18509.0,25310.0,3633.0,INR/Quintal
2023-12-16,Sugarcane,Uttar Pradesh,Lucknow,Lucknow Wholesale,553.0,454.0,620.0,1606.0,INR/Quintal
2023-11-03,Rice,Tamil Nadu,Chennai,Chennai Wholesale,2589.0,2123.0,2903.0,3560.0,INR/Quintal
2016-05-01,Potato,West Bengal,Howrah,Howrah Wholesale,1159.0,950.0,1300.0,5860.0,INR/Quintal
2017-05-09,Maize,Telangana,Warangal,Warangal Wholesale,2184.0,1791.0,2449.0,2487.0,INR/Quintal
2023-10-11,Sugarcane,Uttar Pradesh,Lucknow,Lucknow Wholesale,552.0,453.0,619.0,1988.0,INR/Quintal
2020-04-19,Coconut,Kerala,Thrissur,Thrissur Wholesale,1447.0,1187.0,1623.0,3578.0,INR/Quintal
2015-05-28,Maize,Maharashtra,Mumbai,Mumbai Wholesale,1778.0,1458.0,1994.0,2403.0,INR/Quintal
2018-09-21,Maize,Madhya Pradesh,Bhopal,Bhopal Wholesale,2172.0,1781.0,2436.0,1248.0,INR/Quintal
2023-08-09,Coffee,Karnataka,Belgaum,Belgaum Wholesale,19642.0,16108.0,22027.0,3693.0,INR/Quintal
2024-01-18,Tea,West Bengal,Darjeeling,Darjeeling Wholesale,13856.0,11363.0,15538.0,3993.0,INR/Quintal
2018-09-19,Wheat,Madhya Pradesh,Bhopal,Bhopal Wholesale,2349.0,1926.0,2634.0,519.0,INR/Quintal
2022-10-29,Pulses,Rajasthan,Udaipur,Udaipur Wholesale,4611.0,3781.0,5171.0,1028.0,INR/Quintal
2022-06-06,Cotton,Telangana,Nizamabad,Nizamabad Wholesale,6107.0,5008.0,6848.0,2990.0,INR/Quintal
2015-03-31,Maize,Bihar,Purnia,Purnia Wholesale,2192.0,1798.0,2458.0,3467.0,INR/Quintal
2018-09-19,Coconut,Kerala,Kozhikode,Kozhikode Wholesale,2477.0,2031.0,2778.0,1944.0,INR/Quintal
2015-07-18,Coffee,Tamil Nadu,Coimbatore,Coimbatore Wholesale,17551.0,14393.0,19682.0,3671.0,INR/Quintal
2023-11-07,Coffee,Kerala,Ernakulam,Ernakulam Wholesale,21940.0,17992.0,24604.0,1811.0,INR/Quintal
2016-06-21,Sugarcane,Uttar Pradesh,Varanasi,Varanasi Wholesale,410.0,336.0,460.0,7412.0,INR/Quintal
2023-09-28,Sugarcane,Karnataka,Hubli,Hubli Wholesale,528.0,433.0,592.0,3554.0,INR/Quintal
2015-10-28,Oilseeds,Maharashtra,Pune,Pune Wholesale,2861.0,2346.0,3208.0,741.0,INR/Quintal
2016-12-24,Maize,Madhya Pradesh,Bhopal,Bhopal Wholesale,1892.0,1552.0,2122.0,1359.0,INR/Quintal
2019-05-18,Wheat,Punjab,Amritsar,Amritsar Wholesale,2341.0,1920.0,2625.0,3195.0,INR/Quintal
2023-03-30,Pulses,Maharashtra,Pune,Pune Wholesale,6035.0,4949.0,6768.0,2247.0,INR/Quintal
2018-12-30,Pulses,Uttar Pradesh,Lucknow,Lucknow Wholesale,3821.0,3134.0,4285.0,2856.0,INR/Quintal
2015-03-09,Apple,Jammu and Kashmir,Srinagar,Srinagar Wholesale,4386.0,3597.0,4918.0,1254.0,INR/Quintal
2025-07-03,Potato,Bihar,Purnia,Purnia Wholesale,1209.0,991.0,1356.0,622.0,INR/Quintal
2021-11-11,Potato,Punjab,Patiala,Patiala Wholesale,1655.0,1357.0,1856.0,1368.0,INR/Quintal
2019-03-18,Oilseeds,Madhya Pradesh,Bhopal,Bhopal Wholesale,5508.0,4517.0,6177.0,970.0,INR/Quintal
2016-02-02,Cotton,Telangana,Nizamabad,Nizamabad Wholesale,7068.0,5796.0,7926.0,803.0,INR/Quintal
2016-09-11,Potato,Punjab,Patiala,Patiala Wholesale,866.0,710.0,971.0,2800.0,INR/Quintal
2024-03-11,Rice,Telangana,Warangal,Warangal Wholesale,2044.0,1676.0,2292.0,2342.0,INR/Quintal
2019-05-04,Oilseeds,Rajasthan,Jaipur,Jaipur Wholesale,2361.0,1936.0,2648.0,3791.0,INR/Quintal
2018-03-09,Pulses,Madhya Pradesh,Bhopal,Bhopal Wholesale,4574.0,3751.0,5129.0,1001.0,INR/Quintal
2016-12-30,Pulses,Uttar Pradesh,Kanpur,Kanpur Wholesale,5669.0,4649.0,6357.0,7001.0,INR/Quintal
2016-07-09,Apple,Jammu and Kashmir,Srinagar,Srinagar Wholesale,7806.0,6402.0,8754.0,302.0,INR/Quintal
2020-05-06,Wheat,Haryana,Hisar,Hisar Wholesale,1997.0,1638.0,2239.0,5291.0,INR/Quintal
2022-09-29,Coffee,Karnataka,Mysore,Mysore Wholesale,14893.0,12213.0,16701.0,1243.0,INR/Quintal
2025-01-09,Rice,Tamil Nadu,Coimbatore,Coimbatore Wholesale,1874.0,1537.0,2102.0,5339.0,INR/Quintal
2019-10-18,Cotton,Andhra Pradesh,Krishna,Krishna Wholesale,5656.0,4638.0,6343.0,690.0,INR/Quintal
2023-01-20,Sugarcane,Tamil Nadu,Chennai,Chennai Wholesale,522.0,428.0,585.0,6055.0,INR/Quintal
2022-04-11,Oilseeds,Madhya Pradesh,Bhopal,Bhopal Wholesale,4768.0,3910.0,5347.0,718.0,INR/Quintal
2022-08-27,Potato,Punjab,Patiala,Patiala Wholesale,2031.0,1666.0,2278.0,1760.0,INR/Quintal
2021-05-18,Tea,Kerala,Kozhikode,Kozhikode Wholesale,11502.0,9433.0,12898.0,2382.0,INR/Quintal
2022-06-01,Apple,Jammu and Kashmir,Srinagar,Srinagar Wholesale,5189.0,4255.0,5819.0,1561.0,INR/Quintal
2023-02-19,Apple,Himachal Pradesh,Kangra,Kangra Wholesale,5647.0,4631.0,6333.0,3011.0,INR/Quintal
2025-08-23,Wheat,Bihar,Purnia,Purnia Wholesale,1962.0,1609.0,2200.0,1796.0,INR/Quintal
2017-09-22,Apple,Jammu and Kashmir,Srinagar,Srinagar Wholesale,7319.0,6002.0,8208.0,1094.0,INR/Quintal
2020-05-13,Pulses,Madhya Pradesh,Bhopal,Bhopal Wholesale,6373.0,5226.0,7147.0,3470.0,INR/Quintal
2019-05-21,Apple,Himachal Pradesh,Mandi,Mandi Wholesale,8429.0,6912.0,9452.0,1765.0,INR/Quintal
2022-08-25,Tea,Assam,Cachar,Cachar Wholesale,6950.0,5700.0,7794.0,2137.0,INR/Quintal
2019-01-20,Oilseeds,Rajasthan,Jodhpur,Jodhpur Wholesale,4801.0,3937.0,5384.0,540.0,INR/Quintal
2020-11-04,Maize,Andhra Pradesh,Krishna,Krishna Wholesale,1433.0,1175.0,1607.0,2537.0,INR/Quintal
2018-01-07,Cotton,Telangana,Warangal,Warangal Wholesale,4705.0,3858.0,5276.0,4178.0,INR/Quintal
2023-12-21,Maize,Bihar,Patna,Patna Wholesale,2034.0,1668.0,2281.0,2634.0,INR/Quintal
2022-10-09,Oilseeds,Maharashtra,Mumbai,Mumbai Wholesale,4148.0,3402.0,4652.0,4264.0,INR/Quintal
2024-05-01,Maize,Bihar,Purnia,Purnia Wholesale,2560.0,2099.0,2871.0,4889.0,INR/Quintal
2024-02-08,Cotton,Gujarat,Vadodara,Vadodara Wholesale,7669.0,6289.0,8600.0,6630.0,INR/Quintal
2021-06-09,Coconut,Kerala,Kozhikode,Kozhikode Wholesale,1542.0,1265.0,1729.0,868.0,INR/Quintal
2018-11-04,Coffee,Karnataka,Hubli,Hubli Wholesale,12846.0,10535.0,14406.0,1495.0,INR/Quintal
2020-12-17,Oilseeds,Rajasthan,Jaipur,Jaipur Wholesale,3286.0,2695.0,3685.0,443.0,INR/Quintal
2022-03-28,Tea,Assam,Cachar,Cachar Wholesale,7546.0,6188.0,8462.0,5120.0,INR/Quintal
2018-07-23,Maize,Maharashtra,Mumbai,Mumbai Wholesale,1622.0,1330.0,1819.0,1727.0,INR/Quintal
2019-09-19,Cotton,Maharashtra,Nagpur,Nagpur Wholesale,6928.0,5681.0,7769.0,1958.0,INR/Quintal
2022-02-18,Potato,West Bengal,Kolkata,Kolkata Wholesale,1043.0,855.0,1170.0,2407.0,INR/Quintal
2017-06-17,Sugarcane,Uttar Pradesh,Lucknow,Lucknow Wholesale,451.0,370.0,506.0,1019.0,INR/Quintal
2018-04-21,Cotton,Andhra Pradesh,Visakhapatnam,Visakhapatnam Wholesale,5895.0,4834.0,6611.0,2533.0,INR/Quintal
2024-02-22,Wheat,Madhya Pradesh,Bhopal,Bhopal Wholesale,2315.0,1898.0,2596.0,949.0,INR/Quintal
2025-08-15,Sugarcane,Maharashtra,Nagpur,Nagpur Wholesale,470.0,385.0,527.0,2188.0,INR/Quintal
2024-04-16,Potato,Uttar Pradesh,Lucknow,Lucknow Wholesale,1987.0,1629.0,2228.0,9166.0,INR/Quintal
2019-03-16,Rice,Uttar Pradesh,Lucknow,Lucknow Wholesale,2278.0,1868.0,2555.0,7102.0,INR/Quintal
2025-01-31,Tea,Kerala,Kozhikode,Kozhikode Wholesale,5935.0,4867.0,6656.0,3387.0,INR/Quintal
2015-03-19,Pulses,Uttar Pradesh,Lucknow,Lucknow Wholesale,5767.0,4729.0,6467.0,4952.0,INR/Quintal
2022-10-02,Potato,Bihar,Muzaffarpur,Muzaffarpur Wholesale,725.0,595.0,813.0,3072.0,INR/Quintal
2024-05-03,Coffee,Tamil Nadu,Madurai,Madurai Wholesale,23241.0,19059.0,26062.0,5803.0,INR/Quintal
2022-06-14,Sugarcane,Maharashtra,Mumbai,Mumbai Wholesale,368.0,302.0,413.0,6275.0,INR/Quintal
2024-12-06,Coffee,Kerala,Kozhikode,Kozhikode Wholesale,21910.0,17968.0,24570.0,756.0,INR/Quintal
2019-03-13,Sugarcane,Karnataka,Bangalore,Bangalore Wholesale,426.0,349.0,478.0,6376.0,INR/Quintal
2015-08-26,Wheat,Madhya Pradesh,Bhopal,Bhopal Wholesale,2006.0,1645.0,2250.0,896.0,INR/Quintal
2018-03-03,Rice,Punjab,Amritsar,Amritsar Wholesale,1249.0,1024.0,1401.0,4461.0,INR/Quintal
2020-06-19,Pulses,Madhya Pradesh,Bhopal,Bhopal Wholesale,4274.0,3505.0,4793.0,1644.0,INR/Quintal
2018-04-30,Coconut,Karnataka,Mysore,Mysore Wholesale,2785.0,2284.0,3123.0,4903.0,INR/Quintal
2024-05-20,Wheat,Haryana,Karnal,Karnal Wholesale,3037.0,2491.0,3406.0,5137.0,INR/Quintal
2015-10-05,Potato,Punjab,Amritsar,Amritsar Wholesale,1294.0,1061.0,1451.0,1100.0,INR/Quintal
2023-06-17,Coffee,Kerala,Ernakulam,Ernakulam Wholesale,15178.0,12447.0,17021.0,3218.0,INR/Quintal
2016-06-07,Sugarcane,Tamil Nadu,Coimbatore,Coimbatore Wholesale,318.0,261.0,357.0,2726.0,INR/Quintal
2015-06-29,Potato,Uttar Pradesh,Lucknow,Lucknow Wholesale,1523.0,1249.0,1708.0,765.0,INR/Quintal
2015-05-03,Apple,Himachal Pradesh,Mandi,Mandi Wholesale,4831.0,3962.0,5417.0,1360.0,INR/Quintal
2018-06-23,Cotton,Gujarat,Vadodara,Vadodara Wholesale,4540.0,3723.0,5091.0,3388.0,INR/Quintal
2019-10-24,Rice,Bihar,Gaya,Gaya Wholesale,2612.0,2142.0,2929.0,600.0,INR/Quintal
2024-06-06,Coconut,Karnataka,Mysore,Mysore Wholesale,2504.0,2053.0,2808.0,1298.0,INR/Quintal
2023-07-20,Tea,Kerala,Kozhikode,Kozhikode Wholesale,5713.0,4685.0,6407.0,3380.0,INR/Quintal
2017-12-30,Cotton,Maharashtra,Nashik,Nashik Wholesale,4593.0,3767.0,5151.0,5746.0,INR/Quintal
2016-04-24,Coconut,Kerala,Ernakulam,Ernakulam Wholesale,2470.0,2026.0,2770.0,1109.0,INR/Quintal
2024-12-10,Coffee,Kerala,Thrissur,Thrissur Wholesale,11130.0,9127.0,12481.0,2489.0,INR/Quintal
2023-06-18,Rice,Chhattisgarh,Raipur,Raipur Wholesale,3388.0,2778.0,3799.0,1545.0,INR/Quintal
2019-12-03,Rice,Odisha,Bhubaneswar,Bhubaneswar Wholesale,1817.0,1490.0,2038.0,2652.0,INR/Quintal
2020-11-01,Potato,West Bengal,Howrah,Howrah Wholesale,728.0,597.0,816.0,2447.0,INR/Quintal
2023-11-01,Cotton,Telangana,Warangal,Warangal Wholesale,7786.0,6385.0,8731.0,548.0,INR/Quintal
2022-02-25,Potato,Bihar,Purnia,Purnia Wholesale,1557.0,1277.0,1746.0,2418.0,INR/Quintal
2022-04-20,Potato,Uttar Pradesh,Varanasi,Varanasi Wholesale,1162.0,953.0,1303.0,2012.0,INR/Quintal
2021-08-01,Apple,Himachal Pradesh,Mandi,Mandi Wholesale,6530.0,5355.0,7323.0,999.0,INR/Quintal
2017-03-26,Potato,Punjab,Patiala,Patiala Wholesale,564.0,463.0,632.0,8937.0,INR/Quintal
2022-05-18,Coffee,Kerala,Ernakulam,Ernakulam Wholesale,19302.0,15829.0,21645.0,4582.0,INR/Quintal
2016-03-18,Sugarcane,Uttar Pradesh,Kanpur,Kanpur Wholesale,366.0,300.0,410.0,9261.0,INR/Quintal
2023-08-07,Sugarcane,Uttar Pradesh,Lucknow,Lucknow Wholesale,505.0,414.0,566.0,5480.0,INR/Quintal
2022-01-14,Coffee,Karnataka,Hubli,Hubli Wholesale,20681.0,16960.0,23192.0,719.0,INR/Quintal
2015-05-23,Pulses,Madhya Pradesh,Bhopal,Bhopal Wholesale,4954.0,4063.0,5555.0,3480.0,INR/Quintal
2015-07-11,Tea,Kerala,Ernakulam,Ernakulam Wholesale,11636.0,9542.0,13049.0,1175.0,INR/Quintal
2018-11-11,Coconut,Tamil Nadu,Madurai,Madurai Wholesale,2466.0,2022.0,2765.0,4110.0,INR/Quintal
2016-01-13,Wheat,Punjab,Ludhiana,Ludhiana Wholesale,1976.0,1620.0,2216.0,7179.0,INR/Quintal
2022-03-13,Apple,Jammu and Kashmir,Srinagar,Srinagar Wholesale,5989.0,4911.0,6716.0,1251.0,INR/Quintal
2016-06-18,Tea,West Bengal,Darjeeling,Darjeeling Wholesale,7658.0,6280.0,8588.0,2893.0,INR/Quintal
2019-09-13,Coffee,Karnataka,Mysore,Mysore Wholesale,21379.0,17532.0,23974.0,1304.0,INR/Quintal
2024-03-18,Maize,Andhra Pradesh,Visakhapatnam,Visakhapatnam Wholesale,2491.0,2043.0,2793.0,2807.0,INR/Quintal
2017-10-29,Wheat,Bihar,Muzaffarpur,Muzaffarpur Wholesale,1851.0,1518.0,2076.0,3638.0,INR/Quintal
2024-02-25,Pulses,Uttar Pradesh,Varanasi,Varanasi Wholesale,7097.0,5820.0,7959.0,8503.0,INR/Quintal
2018-11-11,Oilseeds,Madhya Pradesh,Bhopal,Bhopal Wholesale,4106.0,3367.0,4604.0,927.0,INR/Quintal
2020-11-10,Wheat,Punjab,Amritsar,Amritsar Wholesale,2275.0,1866.0,2551.0,2218.0,INR/Quintal
2020-06-12,Rice,Assam,Dibrugarh,Dibrugarh Wholesale,1190.0,976.0,1334.0,791.0,INR/Quintal
2022-01-20,Coffee,Tamil Nadu,Madurai,Madurai Wholesale,14476.0,11871.0,16233.0,6262.0,INR/Quintal
2018-03-23,Apple,Jammu and Kashmir,Srinagar,Srinagar Wholesale,6762.0,5545.0,7583.0,2383.0,INR/Quintal
2016-02-09,Oilseeds,Madhya Pradesh,Bhopal,Bhopal Wholesale,2337.0,1917.0,2621.0,3008.0,INR/Quintal
2022-11-27,Tea,Kerala,Ernakulam,Ernakulam Wholesale,10450.0,8570.0,11719.0,2460.0,INR/Quintal
2018-03-18,Coconut,Andhra Pradesh,Visakhapatnam,Visakhapatnam Wholesale,3256.0,2670.0,3651.0,6031.0,INR/Quintal
2017-06-07,Coconut,Tamil Nadu,Coimbatore,Coimbatore Wholesale,2579.0,2115.0,2892.0,1559.0,INR/Quintal
2024-02-21,Oilseeds,Maharashtra,Nashik,Nashik Wholesale,4624.0,3792.0,5185.0,7707.0,INR/Quintal
2016-02-26,Coconut,Andhra Pradesh,Krishna,Krishna Wholesale,2128.0,1745.0,2386.0,4339.0,INR/Quintal
2025-09-16,Apple,Himachal Pradesh,Mandi,Mandi Wholesale,4603.0,3775.0,5162.0,321.0,INR/Quintal
2019-06-30,Coffee,Kerala,Thrissur,Thrissur Wholesale,21826.0,17899.0,24476.0,1829.0,INR/Quintal
2016-04-16,Tea,Kerala,Kozhikode,Kozhikode Wholesale,13239.0,10857.0,14846.0,3233.0,INR/Quintal
2023-01-19,Coconut,Andhra Pradesh,Visakhapatnam,Visakhapatnam Wholesale,2932.0,2404.0,3288.0,2881.0,INR/Quintal
2016-06-30,Coffee,Tamil Nadu,Coimbatore,Coimbatore Wholesale,8991.0,7373.0,10083.0,4011.0,INR/Quintal
2016-09-22,Cotton,Maharashtra,Nagpur,Nagpur Wholesale,4762.0,3905.0,5340.0,4067.0,INR/Quintal
2024-11-06,Maize,Maharashtra,Nashik,Nashik Wholesale,1758.0,1442.0,1971.0,4391.0,INR/Quintal
2024-10-14,Pulses,Uttar Pradesh,Varanasi,Varanasi Wholesale,5790.0,4748.0,6493.0,3766.0,INR/Quintal
2017-11-03,Pulses,Madhya Pradesh,Bhopal,Bhopal Wholesale,3841.0,3150.0,4307.0,1907.0,INR/Quintal
2022-09-26,Rice,Assam,Cachar,Cachar Wholesale,2894.0,2373.0,3245.0,921.0,INR/Quintal
2025-03-12,Maize,Bihar,Muzaffarpur,Muzaffarpur Wholesale,2269.0,1861.0,2544.0,3311.0,INR/Quintal
2020-01-04,Maize,Bihar,Gaya,Gaya Wholesale,1400.0,1148.0,1570.0,2091.0,INR/Quintal
2015-12-30,Rice,Uttar Pradesh,Kanpur,Kanpur Wholesale,2488.0,2040.0,2790.0,7055.0,INR/Quintal
2020-12-06,Tea,Kerala,Ernakulam,Ernakulam Wholesale,7129.0,5846.0,7994.0,3666.0,INR/Quintal
2024-01-23,Apple,Himachal Pradesh,Kangra,Kangra Wholesale,9953.0,8162.0,11161.0,691.0,INR/Quintal
2016-06-29,Rice,West Bengal,Howrah,Howrah Wholesale,1761.0,1444.0,1975.0,4622.0,INR/Quintal
2023-11-15,Tea,Kerala,Ernakulam,Ernakulam Wholesale,9359.0,7675.0,10495.0,2491.0,INR/Quintal
2022-01-13,Rice,Telangana,Warangal,Warangal Wholesale,1239.0,1016.0,1389.0,5060.0,INR/Quintal
2016-09-25,Wheat,Bihar,Muzaffarpur,Muzaffarpur Wholesale,2562.0,2101.0,2873.0,1809.0,INR/Quintal
2020-04-20,Wheat,Haryana,Faridabad,Faridabad Wholesale,2429.0,1992.0,2724.0,6614.0,INR/Quintal
2019-08-08,Cotton,Maharashtra,Nashik,Nashik Wholesale,5900.0,4838.0,6616.0,2724.0,INR/Quintal
2017-08-20,Sugarcane,Tamil Nadu,Chennai,Chennai Wholesale,333.0,273.0,373.0,661.0,INR/Quintal
2023-03-25,Apple,Jammu and Kashmir,Srinagar,Srinagar Wholesale,8055.0,6606.0,9033.0,369.0,INR/Quintal
2025-06-03,Rice,Odisha,Bhubaneswar,Bhubaneswar Wholesale,2035.0,1669.0,2282.0,945.0,INR/Quintal
2017-06-01,Maize,Maharashtra,Nagpur,Nagpur Wholesale,2320.0,1903.0,2602.0,2383.0,INR/Quintal
2025-07-07,Wheat,Punjab,Amritsar,Amritsar Wholesale,3186.0,2613.0,3573.0,2124.0,INR/Quintal
2022-09-28,Potato,West Bengal,Darjeeling,Darjeeling Wholesale,1940.0,1591.0,2176.0,2909.0,INR/Quintal
2017-05-20,Tea,Assam,Dibrugarh,Dibrugarh Wholesale,15593.0,12787.0,17486.0,3424.0,INR/Quintal
2016-05-30,Wheat,Haryana,Hisar,Hisar Wholesale,1654.0,1356.0,1855.0,7843.0,INR/Quintal
2023-03-05,Wheat,Haryana,Karnal,Karnal Wholesale,2207.0,1810.0,2475.0,3452.0,INR/Quintal
2018-11-21,Coffee,Karnataka,Mysore,Mysore Wholesale,13236.0,10855.0,14843.0,4416.0,INR/Quintal
2017-05-15,Tea,Kerala,Ernakulam,Ernakulam Wholesale,5457.0,4475.0,6119.0,2997.0,INR/Quintal
2020-11-23,Pulses,Madhya Pradesh,Bhopal,Bhopal Wholesale,6804.0,5580.0,7630.0,1856.0,INR/Quintal
2018-01-13,Oilseeds,Maharashtra,Pune,Pune Wholesale,2376.0,1949.0,2664.0,5240.0,INR/Quintal
2015-08-02,Apple,Himachal Pradesh,Mandi,Mandi Wholesale,8012.0,6570.0,8985.0,1355.0,INR/Quintal
2023-09-28,Tea,Assam,Tinsukia,Tinsukia Wholesale,15725.0,12896.0,17634.0,713.0,INR/Quintal
2023-10-09,Cotton,Maharashtra,Mumbai,Mumbai Wholesale,6358.0,5214.0,7130.0,3736.0,INR/Quintal
2022-12-07,Coffee,Kerala,Kozhikode,Kozhikode Wholesale,9953.0,8162.0,11161.0,3011.0,INR/Quintal
2021-02-22,Coconut,Karnataka,Belgaum,Belgaum Wholesale,1194.0,979.0,1339.0,6914.0,INR/Quintal
2015-01-19,Tea,West Bengal,Howrah,Howrah Wholesale,8448.0,6928.0,9474.0,5824.0,INR/Quintal
2016-10-03,Tea,West Bengal,Howrah,Howrah Wholesale,12284.0,10074.0,13775.0,2916.0,INR/Quintal
2023-06-11,Sugarcane,Uttar Pradesh,Varanasi,Varanasi Wholesale,457.0,375.0,512.0,5558.0,INR/Quintal
2018-01-09,Coconut,Tamil Nadu,Coimbatore,Coimbatore Wholesale,2366.0,1940.0,2653.0,6018.0,INR/Quintal
2015-11-26,Coffee,Kerala,Kozhikode,Kozhikode Wholesale,17264.0,14158.0,19360.0,3300.0,INR/Quintal
2017-05-15,Tea,Kerala,Ernakulam,Ernakulam Wholesale,8370.0,6864.0,9386.0,3884.0,INR/Quintal
2017-02-12,Oilseeds,Maharashtra,Pune,Pune Wholesale,2630.0,2157.0,2949.0,6474.0,INR/Quintal
2016-01-27,Oilseeds,Rajasthan,Jodhpur,Jodhpur Wholesale,4532.0,3717.0,5082.0,806.0,INR/Quintal
2016-09-28,Coconut,Tamil Nadu,Chennai,Chennai Wholesale,1715.0,1406.0,1923.0,3262.0,INR/Quintal
2021-06-12,Potato,Bihar,Purnia,Purnia Wholesale,1098.0,900.0,1231.0,1639.0,INR/Quintal
2024-02-21,Coffee,Karnataka,Hubli,Hubli Wholesale,23989.0,19673.0,26901.0,4209.0,INR/Quintal
2024-08-19,Pulses,Rajasthan,Udaipur,Udaipur Wholesale,7369.0,6043.0,8264.0,1204.0,INR/Quintal
2024-08-13,Tea,West Bengal,Kolkata,Kolkata Wholesale,21564.0,17684.0,24182.0,1673.0,INR/Quintal
2023-01-21,Sugarcane,Karnataka,Belgaum,Belgaum Wholesale,398.0,326.0,446.0,2399.0,INR/Quintal
2022-05-23,Sugarcane,Maharashtra,Mumbai,Mumbai Wholesale,454.0,372.0,509.0,6502.0,INR/Quintal
2022-11-28,Maize,Bihar,Patna,Patna Wholesale,1564.0,1283.0,1754.0,3367.0,INR/Quintal
2017-10-22,Pulses,Madhya Pradesh,Bhopal,Bhopal Wholesale,6236.0,5114.0,6993.0,1691.0,INR/Quintal
2022-01-11,Sugarcane,Tamil Nadu,Chennai,Chennai Wholesale,402.0,330.0,451.0,4415.0,INR/Quintal
2025-06-30,Apple,Himachal Pradesh,Shimla,Shimla Wholesale,5702.0,4676.0,6394.0,2465.0,INR/Quintal
2019-08-02,Apple,Himachal Pradesh,Kangra,Kangra Wholesale,9172.0,7522.0,10285.0,847.0,INR/Quintal
2022-05-07,Oilseeds,Rajasthan,Jodhpur,Jodhpur Wholesale,5933.0,4866.0,6653.0,2399.0,INR/Quintal
2024-04-03,Coconut,Kerala,Ernakulam,Ernakulam Wholesale,3042.0,2495.0,3411.0,2924.0,INR/Quintal
2017-01-09,Maize,Andhra Pradesh,Visakhapatnam,Visakhapatnam Wholesale,1400.0,1148.0,1570.0,6502.0,INR/Quintal
2019-03-26,Rice,Andhra Pradesh,Guntur,Guntur Wholesale,2208.0,1811.0,2476.0,3248.0,INR/Quintal
2016-04-13,Sugarcane,Uttar Pradesh,Varanasi,Varanasi Wholesale,435.0,357.0,488.0,9332.0,INR/Quintal
2021-03-09,Cotton,Andhra Pradesh,Guntur,Guntur Wholesale,6747.0,5533.0,7566.0,2919.0,INR/Quintal
2018-02-09,Coffee,Karnataka,Bangalore,Bangalore Wholesale,11500.0,9431.0,12896.0,1372.0,INR/Quintal
2017-10-28,Sugarcane,Tamil Nadu,Madurai,Madurai Wholesale,345.0,283.0,387.0,1108.0,INR/Quintal
2022-10-22,Wheat,Bihar,Patna,Patna Wholesale,2861.0,2346.0,3208.0,1790.0,INR/Quintal
2021-11-29,Coconut,Andhra Pradesh,Chittoor,Chittoor Wholesale,2424.0,1988.0,2718.0,3492.0,INR/Quintal
2017-05-23,Pulses,Madhya Pradesh,Bhopal,Bhopal Wholesale,5425.0,4449.0,6084.0,2600.0,INR/Quintal
2016-04-04,Wheat,Bihar,Patna,Patna Wholesale,1929.0,1582.0,2163.0,2763.0,INR/Quintal
2021-04-19,Potato,Uttar Pradesh,Kanpur,Kanpur Wholesale,1532.0,1256.0,1718.0,5724.0,INR/Quintal
2019-03-30,Sugarcane,Tamil Nadu,Chennai,Chennai Wholesale,500.0,410.0,561.0,6113.0,INR/Quintal
2017-01-21,Rice,Punjab,Patiala,Patiala Wholesale,1759.0,1443.0,1973.0,7375.0,INR/Quintal
2019-01-01,Wheat,Madhya Pradesh,Bhopal,Bhopal Wholesale,2436.0,1998.0,2732.0,3467.0,INR/Quintal
2019-11-13,Wheat,Rajasthan,Udaipur,Udaipur Wholesale,1873.0,1536.0,2100.0,2848.0,INR/Quintal
2023-04-17,Pulses,Maharashtra,Nagpur,Nagpur Wholesale,4173.0,3422.0,4680.0,5169.0,INR/Quintal
2017-05-03,Maize,Bihar,Purnia,Purnia Wholesale,2103.0,1725.0,2358.0,615.0,INR/Quintal
2025-03-21,Rice,Chhattisgarh,Raipur,Raipur Wholesale,3495.0,2866.0,3919.0,1646.0,INR/Quintal
2021-04-02,Coconut,Kerala,Ernakulam,Ernakulam Wholesale,2757.0,2261.0,3092.0,1993.0,INR/Quintal
2018-08-22,Wheat,Rajasthan,Udaipur,Udaipur Wholesale,1807.0,1482.0,2026.0,1535.0,INR/Quintal
2016-04-22,Apple,Himachal Pradesh,Mandi,Mandi Wholesale,4762.0,3905.0,5340.0,2880.0,INR/Quintal
2022-06-19,Tea,Assam,Tinsukia,Tinsukia Wholesale,17075.0,14003.0,19148.0,3417.0,INR/Quintal
2023-06-19,Rice,Andhra Pradesh,Visakhapatnam,Visakhapatnam Wholesale,1956.0,1604.0,2193.0,1854.0,INR/Quintal
2021-03-13,Tea,Kerala,Kozhikode,Kozhikode Wholesale,14006.0,11486.0,15706.0,2951.0,INR/Quintal
2022-12-12,Sugarcane,Maharashtra,Nagpur,Nagpur Wholesale,415.0,340.0,465.0,4506.0,INR/Quintal
2015-05-15,Wheat,Rajasthan,Jodhpur,Jodhpur Wholesale,2439.0,2000.0,2735.0,3980.0,INR/Quintal
2023-01-31,Wheat,Haryana,Faridabad,Faridabad Wholesale,2994.0,2455.0,3357.0,1032.0,INR/Quintal
2018-02-26,Oilseeds,Maharashtra,Pune,Pune Wholesale,2321.0,1903.0,2603.0,4238.0,INR/Quintal
2016-02-14,Oilseeds,Madhya Pradesh,Bhopal,Bhopal Wholesale,4441.0,3642.0,4980.0,4985.0,INR/Quintal
2018-12-16,Pulses,Maharashtra,Pune,Pune Wholesale,3824.0,3136.0,4288.0,6367.0,INR/Quintal
2018-08-10,Coconut,Andhra Pradesh,Krishna,Krishna Wholesale,1559.0,1279.0,1748.0,1766.0,INR/Quintal
2018-06-23,Coffee,Karnataka,Hubli,Hubli Wholesale,16208.0,13292.0,18176.0,550.0,INR/Quintal
2025-04-30,Coffee,Kerala,Ernakulam,Ernakulam Wholesale,19391.0,15902.0,21745.0,3165.0,INR/Quintal
2019-04-29,Coconut,Kerala,Kozhikode,Kozhikode Wholesale,1850.0,1517.0,2075.0,4436.0,INR/Quintal
2015-03-27,Maize,Madhya Pradesh,Bhopal,Bhopal Wholesale,1775.0,1456.0,1990.0,2038.0,INR/Quintal
2022-02-16,Pulses,Rajasthan,Udaipur,Udaipur Wholesale,4249.0,3485.0,4765.0,4148.0,INR/Quintal
2020-02-09,Coffee,Kerala,Kozhikode,Kozhikode Wholesale,9508.0,7797.0,10662.0,2013.0,INR/Quintal
2024-06-08,Pulses,Madhya Pradesh,Bhopal,Bhopal Wholesale,5986.0,4909.0,6713.0,2597.0,INR/Quintal
2019-01-09,Wheat,Haryana,Faridabad,Faridabad Wholesale,2260.0,1853.0,2534.0,6036.0,INR/Quintal
2016-01-13,Oilseeds,Rajasthan,Jaipur,Jaipur Wholesale,4191.0,3437.0,4700.0,1654.0,INR/Quintal
2024-06-23,Oilseeds,Rajasthan,Jodhpur,Jodhpur Wholesale,5016.0,4114.0,5625.0,1459.0,INR/Quintal
2019-08-08,Oilseeds,Madhya Pradesh,Bhopal,Bhopal Wholesale,5256.0,4310.0,5894.0,1548.0,INR/Quintal
2017-12-10,Apple,Himachal Pradesh,Shimla,Shimla Wholesale,6177.0,5066.0,6927.0,2129.0,INR/Quintal
2015-08-30,Apple,Jammu and Kashmir,Srinagar,Srinagar Wholesale,3042.0,2495.0,3411.0,282.0,INR/Quintal
2024-03-19,Coffee,Karnataka,Hubli,Hubli Wholesale,21748.0,17835.0,24388.0,4779.0,INR/Quintal
2017-07-08,Rice,Uttar Pradesh,Lucknow,Lucknow Wholesale,2491.0,2043.0,2793.0,4524.0,INR/Quintal
2019-05-06,Cotton,Maharashtra,Mumbai,Mumbai Wholesale,6232.0,5111.0,6989.0,4501.0,INR/Quintal
2021-05-02,Apple,Himachal Pradesh,Shimla,Shimla Wholesale,8368.0,6862.0,9384.0,2709.0,INR/Quintal
2023-09-27,Wheat,Uttar Pradesh,Kanpur,Kanpur Wholesale,2261.0,1854.0,2535.0,3369.0,INR/Quintal
2022-07-22,Sugarcane,Tamil Nadu,Madurai,Madurai Wholesale,390.0,320.0,437.0,3137.0,INR/Quintal
2018-06-25,Pulses,Rajasthan,Jodhpur,Jodhpur Wholesale,5443.0,4464.0,6104.0,2239.0,INR/Quintal
2015-03-11,Oilseeds,Rajasthan,Udaipur,Udaipur Wholesale,2736.0,2244.0,3068.0,3412.0,INR/Quintal
2025-09-29,Oilseeds,Rajasthan,Jodhpur,Jodhpur Wholesale,4380.0,3592.0,4912.0,544.0,INR/Quintal
2020-10-05,Oilseeds,Rajasthan,Udaipur,Udaipur Wholesale,3996.0,3277.0,4481.0,2344.0,INR/Quintal
2018-11-06,Wheat,Punjab,Ludhiana,Ludhiana Wholesale,2155.0,1767.0,2417.0,881.0,INR/Quintal
2020-09-17,Oilseeds,Gujarat,Rajkot,Rajkot Wholesale,4365.0,3580.0,4895.0,2842.0,INR/Quintal
2020-06-30,Maize,Karnataka,Hubli,Hubli Wholesale,1414.0,1160.0,1586.0,3597.0,INR/Quintal
2017-03-11,Pulses,Rajasthan,Jodhpur,Jodhpur Wholesale,6327.0,5189.0,7095.0,1307.0,INR/Quintal
2024-08-15,Wheat,Bihar,Patna,Patna Wholesale,2815.0,2309.0,3157.0,506.0,INR/Quintal
2017-11-07,Pulses,Maharashtra,Nagpur,Nagpur Wholesale,4533.0,3717.0,5083.0,1243.0,INR/Quintal
2022-08-11,Tea,Kerala,Thrissur,Thrissur Wholesale,7529.0,6174.0,8443.0,1020.0,INR/Quintal
2017-04-04,Potato,Punjab,Amritsar,Amritsar Wholesale,657.0,539.0,737.0,8446.0,INR/Quintal
2017-01-25,Apple,Jammu and Kashmir,Srinagar,Srinagar Wholesale,6743.0,5530.0,7562.0,2001.0,INR/Quintal
2021-07-27,Coconut,Kerala,Thrissur,Thrissur Wholesale,1928.0,1581.0,2162.0,535.0,INR/Quintal
2020-06-18,Maize,Andhra Pradesh,Chittoor,Chittoor Wholesale,1644.0,1348.0,1844.0,2162.0,INR/Quintal
2020-01-14,Rice,Andhra Pradesh,Krishna,Krishna Wholesale,2024.0,1660.0,2270.0,6213.0,INR/Quintal
2018-08-14,Rice,Chhattisgarh,Raipur,Raipur Wholesale,2383.0,1954.0,2672.0,811.0,INR/Quintal
2021-05-19,Cotton,Telangana,Hyderabad,Hyderabad Wholesale,7098.0,5821.0,7960.0,5156.0,INR/Quintal
2019-05-29,Maize,Karnataka,Hubli,Hubli Wholesale,2067.0,1695.0,2318.0,2095.0,INR/Quintal
2015-04-20,Pulses,Maharashtra,Mumbai,Mumbai Wholesale,5590.0,4584.0,6269.0,6266.0,INR/Quintal
2017-10-13,Rice,Assam,Tinsukia,Tinsukia Wholesale,1524.0,1250.0,1709.0,1407.0,INR/Quintal
2023-11-26,Potato,West Bengal,Howrah,Howrah Wholesale,1804.0,1479.0,2023.0,1041.0,INR/Quintal
2020-05-15,Rice,West Bengal,Howrah,Howrah Wholesale,1383.0,1134.0,1551.0,2085.0,INR/Quintal
2022-02-04,Oilseeds,Madhya Pradesh,Bhopal,Bhopal Wholesale,4409.0,3616.0,4944.0,3566.0,INR/Quintal
2019-11-05,Cotton,Maharashtra,Pune,Pune Wholesale,6442.0,5283.0,7224.0,2229.0,INR/Quintal
2025-08-01,Wheat,Bihar,Patna,Patna Wholesale,2231.0,1830.0,2502.0,2382.0,INR/Quintal
2015-01-25,Sugarcane,Uttar Pradesh,Kanpur,Kanpur Wholesale,359.0,294.0,403.0,2458.0,INR/Quintal
2017-04-22,Sugarcane,Karnataka,Mysore,Mysore Wholesale,450.0,369.0,505.0,3490.0,INR/Quintal
2022-10-09,Rice,Telangana,Warangal,Warangal Wholesale,1569.0,1287.0,1759.0,1869.0,INR/Quintal
2017-01-07,Pulses,Maharashtra,Mumbai,Mumbai Wholesale,4562.0,3741.0,5116.0,3525.0,INR/Quintal
2020-10-05,Coconut,Andhra Pradesh,Visakhapatnam,Visakhapatnam Wholesale,3295.0,2702.0,3695.0,1235.0,INR/Quintal
2015-06-29,Pulses,Maharashtra,Nagpur,Nagpur Wholesale,4512.0,3700.0,5060.0,3350.0,INR/Quintal
2015-08-20,Oilseeds,Gujarat,Surat,Surat Wholesale,4175.0,3424.0,4682.0,3214.0,INR/Quintal
2020-04-01,Rice,Odisha,Bhubaneswar,Bhubaneswar Wholesale,3052.0,2503.0,3423.0,5490.0,INR/Quintal
2015-12-09,Rice,Odisha,Bhubaneswar,Bhubaneswar Wholesale,1408.0,1155.0,1579.0,3648.0,INR/Quintal
2016-04-21,Sugarcane,Maharashtra,Mumbai,Mumbai Wholesale,343.0,281.0,385.0,2009.0,INR/Quintal
2019-12-28,Tea,West Bengal,Darjeeling,Darjeeling Wholesale,16915.0,13872.0,18968.0,1900.0,INR/Quintal
2022-03-08,Rice,Chhattisgarh,Raipur,Raipur Wholesale,3033.0,2487.0,3401.0,778.0,INR/Quintal
2016-03-30,Wheat,Madhya Pradesh,Bhopal,Bhopal Wholesale,1607.0,1318.0,1802.0,1155.0,INR/Quintal
2018-06-09,Cotton,Gujarat,Ahmedabad,Ahmedabad Wholesale,5415.0,4441.0,6072.0,1954.0,INR/Quintal
2015-10-16,Cotton,Maharashtra,Pune,Pune Wholesale,5196.0,4261.0,5827.0,1345.0,INR/Quintal
2018-05-21,Wheat,Rajasthan,Jaipur,Jaipur Wholesale,2539.0,2082.0,2847.0,1176.0,INR/Quintal
2021-04-24,Tea,Assam,Dibrugarh,Dibrugarh Wholesale,10878.0,8921.0,12199.0,1551.0,INR/Quintal
2016-06-13,Pulses,Madhya Pradesh,Bhopal,Bhopal Wholesale,5951.0,4880.0,6673.0,1482.0,INR/Quintal
2022-06-27,Sugarcane,Tamil Nadu,Madurai,Madurai Wholesale,544.0,446.0,610.0,1172.0,INR/Quintal
2023-02-24,Cotton,Gujarat,Surat,Surat Wholesale,7864.0,6449.0,8819.0,2646.0,INR/Quintal
2021-03-26,Apple,Jammu and Kashmir,Srinagar,Srinagar Wholesale,7472.0,6128.0,8379.0,1871.0,INR/Quintal
2024-01-11,Apple,Himachal Pradesh,Shimla,Shimla Wholesale,6928.0,5681.0,7769.0,899.0,INR/Quintal
2016-08-18,Maize,Maharashtra,Pune,Pune Wholesale,1305.0,1070.0,1463.0,1225.0,INR/Quintal
2025-08-10,Potato,Bihar,Purnia,Purnia Wholesale,1768.0,1450.0,1983.0,596.0,INR/Quintal
2016-03-10,Sugarcane,Maharashtra,Nashik,Nashik Wholesale,365.0,299.0,409.0,4647.0,INR/Quintal
2017-05-31,Tea,West Bengal,Darjeeling,Darjeeling Wholesale,10823.0,8876.0,12137.0,5425.0,INR/Quintal
2023-05-27,Maize,Madhya Pradesh,Bhopal,Bhopal Wholesale,2341.0,1920.0,2625.0,704.0,INR/Quintal
2019-11-17,Rice,Odisha,Bhubaneswar,Bhubaneswar Wholesale,2159.0,1771.0,2421.0,2249.0,INR/Quintal
2016-02-06,Wheat,Uttar Pradesh,Varanasi,Varanasi Wholesale,2320.0,1903.0,2602.0,6478.0,INR/Quintal
2022-04-23,Coconut,Karnataka,Belgaum,Belgaum Wholesale,2174.0,1783.0,2438.0,4388.0,INR/Quintal
2025-07-04,Apple,Jammu and Kashmir,Srinagar,Srinagar Wholesale,4881.0,4003.0,5474.0,1513.0,INR/Quintal
2020-11-05,Coconut,Tamil Nadu,Madurai,Madurai Wholesale,2211.0,1813.0,2479.0,4113.0,INR/Quintal
2022-03-16,Rice,Tamil Nadu,Chennai,Chennai Wholesale,3511.0,2879.0,3937.0,1084.0,INR/Quintal
2019-04-15,Apple,Himachal Pradesh,Shimla,Shimla Wholesale,8633.0,7080.0,9681.0,1338.0,INR/Quintal
2025-04-13,Oilseeds,Gujarat,Rajkot,Rajkot Wholesale,3402.0,2790.0,3815.0,5320.0,INR/Quintal
2015-11-05,Coffee,Karnataka,Hubli,Hubli Wholesale,13965.0,11452.0,15660.0,4475.0,INR/Quintal
2023-02-01,Wheat,Rajasthan,Udaipur,Udaipur Wholesale,3010.0,2468.0,3375.0,3634.0,INR/Quintal
2015-12-09,Maize,Bihar,Gaya,Gaya Wholesale,1324.0,1086.0,1485.0,1295.0,INR/Quintal
2016-03-11,Potato,West Bengal,Howrah,Howrah Wholesale,907.0,744.0,1017.0,2512.0,INR/Quintal
2015-06-26,Coffee,Kerala,Thrissur,Thrissur Wholesale,11147.0,9141.0,12500.0,3149.0,INR/Quintal
2015-05-19,Oilseeds,Gujarat,Rajkot,Rajkot Wholesale,3713.0,3045.0,4164.0,3618.0,INR/Quintal
2015-07-13,Pulses,Uttar Pradesh,Lucknow,Lucknow Wholesale,4232.0,3471.0,4746.0,3778.0,INR/Quintal
2023-12-02,Oilseeds,Gujarat,Rajkot,Rajkot Wholesale,2777.0,2277.0,3114.0,3888.0,INR/Quintal
2024-01-03,Coffee,Karnataka,Bangalore,Bangalore Wholesale,21724.0,17815.0,24361.0,1220.0,INR/Quintal
2023-11-10,Cotton,Gujarat,Ahmedabad,Ahmedabad Wholesale,5329.0,4370.0,5976.0,4439.0,INR/Quintal
2018-03-30,Coconut,Andhra Pradesh,Krishna,Krishna Wholesale,2412.0,1978.0,2705.0,6839.0,INR/Quintal
2017-07-31,Sugarcane,Karnataka,Belgaum,Belgaum Wholesale,399.0,327.0,447.0,2438.0,INR/Quintal
2016-06-08,Tea,Kerala,Ernakulam,Ernakulam Wholesale,9211.0,7554.0,10329.0,2657.0,INR/Quintal
2025-08-15,Rice,Bihar,Patna,Patna Wholesale,1475.0,1210.0,1654.0,2568.0,INR/Quintal
2019-06-13,Pulses,Rajasthan,Jaipur,Jaipur Wholesale,5508.0,4517.0,6177.0,948.0,INR/Quintal
2025-09-12,Coconut,Kerala,Kozhikode,Kozhikode Wholesale,2421.0,1985.0,2715.0,564.0,INR/Quintal
2023-07-11,Coconut,Karnataka,Hubli,Hubli Wholesale,2260.0,1853.0,2534.0,554.0,INR/Quintal
2023-02-10,Tea,Kerala,Kozhikode,Kozhikode Wholesale,12236.0,10034.0,13721.0,4644.0,INR/Quintal
2021-03-07,Oilseeds,Gujarat,Ahmedabad,Ahmedabad Wholesale,4506.0,3695.0,5053.0,3207.0,INR/Quintal
2017-01-10,Potato,Uttar Pradesh,Varanasi,Varanasi Wholesale,554.0,454.0,621.0,1529.0,INR/Quintal
2017-05-11,Coconut,Kerala,Kozhikode,Kozhikode Wholesale,1325.0,1087.0,1486.0,2388.0,INR/Quintal
2024-02-29,Rice,West Bengal,Howrah,Howrah Wholesale,1871.0,1534.0,2098.0,1164.0,INR/Quintal
2017-08-11,Pulses,Madhya Pradesh,Bhopal,Bhopal Wholesale,5336.0,4376.0,5984.0,523.0,INR/Quintal
2018-07-26,Coconut,Andhra Pradesh,Krishna,Krishna Wholesale,2347.0,1925.0,2632.0,2754.0,INR/Quintal
2018-06-28,Coconut,Andhra Pradesh,Visakhapatnam,Visakhapatnam Wholesale,2742.0,2249.0,3075.0,3348.0,INR/Quintal
2024-04-04,Tea,Assam,Cachar,Cachar Wholesale,15756.0,12921.0,17669.0,3135.0,INR/Quintal
2019-10-10,Rice,Punjab,Ludhiana,Ludhiana Wholesale,3031.0,2486.0,3399.0,3834.0,INR/Quintal
2022-11-20,Rice,Punjab,Patiala,Patiala Wholesale,2122.0,1740.0,2380.0,4472.0,INR/Quintal
2020-12-27,Pulses,Maharashtra,Pune,Pune Wholesale,4640.0,3805.0,5203.0,3183.0,INR/Quintal
2017-03-02,Maize,Karnataka,Hubli,Hubli Wholesale,2153.0,1766.0,2414.0,4856.0,INR/Quintal
2016-06-29,Sugarcane,Uttar Pradesh,Lucknow,Lucknow Wholesale,346.0,284.0,388.0,2807.0,INR/Quintal
2020-01-19,Apple,Jammu and Kashmir,Srinagar,Srinagar Wholesale,6102.0,5004.0,6843.0,1144.0,INR/Quintal
2017-10-13,Maize,Bihar,Patna,Patna Wholesale,1478.0,1212.0,1657.0,1680.0,INR/Quintal
2020-04-11,Rice,West Bengal,Darjeeling,Darjeeling Wholesale,3252.0,2667.0,3647.0,2745.0,INR/Quintal
2019-04-03,Coconut,Tamil Nadu,Chennai,Chennai Wholesale,2033.0,1667.0,2280.0,2181.0,INR/Quintal
2015-02-26,Apple,Jammu and Kashmir,Srinagar,Srinagar Wholesale,4062.0,3331.0,4555.0,430.0,INR/Quintal
2020-11-29,Coffee,Karnataka,Bangalore,Bangalore Wholesale,20625.0,16914.0,23129.0,2596.0,INR/Quintal
2015-01-05,Wheat,Rajasthan,Udaipur,Udaipur Wholesale,1745.0,1431.0,1957.0,2349.0,INR/Quintal
2024-07-13,Coffee,Kerala,Kozhikode,Kozhikode Wholesale,24539.0,20124.0,27518.0,1369.0,INR/Quintal
2018-12-08,Pulses,Rajasthan,Jodhpur,Jodhpur Wholesale,4472.0,3667.0,5015.0,3424.0,INR/Quintal
2023-11-28,Rice,Uttar Pradesh,Kanpur,Kanpur Wholesale,2888.0,2368.0,3239.0,3833.0,INR/Quintal
2023-06-12,Rice,Tamil Nadu,Chennai,Chennai Wholesale,2096.0,1719.0,2350.0,4951.0,INR/Quintal
2018-09-24,Coconut,Karnataka,Bangalore,Bangalore Wholesale,2850.0,2337.0,3196.0,2360.0,INR/Quintal
2019-12-26,Potato,West Bengal,Howrah,Howrah Wholesale,2067.0,1695.0,2318.0,1490.0,INR/Quintal
2018-07-06,Sugarcane,Maharashtra,Pune,Pune Wholesale,456.0,374.0,511.0,5399.0,INR/Quintal
2020-11-07,Potato,Punjab,Ludhiana,Ludhiana Wholesale,2039.0,1672.0,2287.0,5717.0,INR/Quintal
2022-04-17,Pulses,Rajasthan,Jaipur,Jaipur Wholesale,4000.0,3280.0,4486.0,2311.0,INR/Quintal
2023-01-17,Cotton,Gujarat,Ahmedabad,Ahmedabad Wholesale,8398.0,6887.0,9418.0,2199.0,INR/Quintal
2022-07-08,Maize,Telangana,Hyderabad,Hyderabad Wholesale,2207.0,1810.0,2475.0,1149.0,INR/Quintal
2018-06-27,Apple,Himachal Pradesh,Shimla,Shimla Wholesale,8808.0,7223.0,9877.0,2064.0,INR/Quintal
2024-02-09,Potato,Punjab,Ludhiana,Ludhiana Wholesale,1939.0,1590.0,2174.0,1533.0,INR/Quintal
2025-01-07,Pulses,Madhya Pradesh,Bhopal,Bhopal Wholesale,4687.0,3844.0,5256.0,3102.0,INR/Quintal
2023-01-24,Maize,Maharashtra,Pune,Pune Wholesale,2244.0,1840.0,2516.0,5054.0,INR/Quintal
2023-04-07,Pulses,Madhya Pradesh,Bhopal,Bhopal Wholesale,4058.0,3328.0,4551.0,1331.0,INR/Quintal
2018-02-05,Cotton,Telangana,Nizamabad,Nizamabad Wholesale,6635.0,5441.0,7440.0,4164.0,INR/Quintal
2016-10-29,Apple,Jammu and Kashmir,Srinagar,Srinagar Wholesale,5196.0,4261.0,5827.0,1088.0,INR/Quintal
2022-03-26,Sugarcane,Uttar Pradesh,Kanpur,Kanpur Wholesale,391.0,321.0,438.0,4047.0,INR/Quintal
2022-03-21,Sugarcane,Karnataka,Bangalore,Bangalore Wholesale,541.0,444.0,607.0,3826.0,INR/Quintal
2021-12-07,Coconut,Karnataka,Belgaum,Belgaum Wholesale,3307.0,2712.0,3708.0,4672.0,INR/Quintal
2023-04-18,Pulses,Maharashtra,Pune,Pune Wholesale,7044.0,5777.0,7899.0,4674.0,INR/Quintal
2023-04-08,Potato,West Bengal,Kolkata,Kolkata Wholesale,2087.0,1712.0,2340.0,4548.0,INR/Quintal
2018-07-05,Sugarcane,Uttar Pradesh,Kanpur,Kanpur Wholesale,440.0,361.0,493.0,3006.0,INR/Quintal
2022-05-10,Wheat,Punjab,Patiala,Patiala Wholesale,2608.0,2139.0,2925.0,2024.0,INR/Quintal
2017-09-23,Potato,West Bengal,Kolkata,Kolkata Wholesale,699.0,573.0,784.0,3843.0,INR/Quintal
2020-04-10,Tea,West Bengal,Darjeeling,Darjeeling Wholesale,19328.0,15850.0,21674.0,4008.0,INR/Quintal
2015-10-09,Oilseeds,Maharashtra,Mumbai,Mumbai Wholesale,4643.0,3808.0,5207.0,1938.0,INR/Quintal
2023-04-22,Pulses,Maharashtra,Pune,Pune Wholesale,6502.0,5332.0,7291.0,6079.0,INR/Quintal
2023-08-26,Pulses,Madhya Pradesh,Bhopal,Bhopal Wholesale,7170.0,5880.0,8040.0,1950.0,INR/Quintal
2018-05-12,Pulses,Rajasthan,Jaipur,Jaipur Wholesale,5079.0,4165.0,5696.0,1246.0,INR/Quintal
2020-08-25,Cotton,Telangana,Nizamabad,Nizamabad Wholesale,6144.0,5039.0,6890.0,2962.0,INR/Quintal
2023-10-28,Apple,Jammu and Kashmir,Srinagar,Srinagar Wholesale,9721.0,7972.0,10901.0,243.0,INR/Quintal
2017-07-24,Pulses,Maharashtra,Nagpur,Nagpur Wholesale,4656.0,3818.0,5221.0,3564.0,INR/Quintal
2015-09-11,Sugarcane,Maharashtra,Pune,Pune Wholesale,396.0,325.0,444.0,2412.0,INR/Quintal
2018-04-26,Sugarcane,Maharashtra,Pune,Pune Wholesale,388.0,318.0,435.0,3164.0,INR/Quintal
2015-11-25,Oilseeds,Madhya Pradesh,Bhopal,Bhopal Wholesale,3909.0,3206.0,4384.0,2869.0,INR/Quintal
2022-02-04,Oilseeds,Madhya Pradesh,Bhopal,Bhopal Wholesale,5034.0,4128.0,5645.0,3480.0,INR/Quintal
2022-10-01,Coffee,Karnataka,Hubli,Hubli Wholesale,20625.0,16914.0,23129.0,3190.0,INR/Quintal
2023-05-03,Potato,Bihar,Gaya,Gaya Wholesale,1577.0,1293.0,1768.0,2721.0,INR/Quintal
2018-11-21,Sugarcane,Tamil Nadu,Madurai,Madurai Wholesale,376.0,308.0,422.0,4433.0,INR/Quintal
2019-03-21,Sugarcane,Tamil Nadu,Chennai,Chennai Wholesale,444.0,364.0,498.0,2933.0,INR/Quintal
2024-08-31,Cotton,Telangana,Hyderabad,Hyderabad Wholesale,8541.0,7004.0,9578.0,1925.0,INR/Quintal
2024-04-24,Sugarcane,Tamil Nadu,Madurai,Madurai Wholesale,382.0,313.0,428.0,6515.0,INR/Quintal
2025-08-27,Sugarcane,Uttar Pradesh,Lucknow,Lucknow Wholesale,416.0,341.0,467.0,971.0,INR/Quintal
2022-12-02,Coffee,Tamil Nadu,Coimbatore,Coimbatore Wholesale,10848.0,8896.0,12165.0,1089.0,INR/Quintal
2018-04-07,Wheat,Madhya Pradesh,Bhopal,Bhopal Wholesale,2641.0,2166.0,2962.0,5013.0,INR/Quintal
2019-09-13,Coffee,Karnataka,Mysore,Mysore Wholesale,19654.0,16118.0,22040.0,3751.0,INR/Quintal
2021-08-10,Wheat,Bihar,Patna,Patna Wholesale,2893.0,2372.0,3244.0,2941.0,INR/Quintal
2018-04-16,Coffee,Kerala,Kozhikode,Kozhikode Wholesale,16343.0,13403.0,18327.0,2700.0,INR/Quintal
2016-10-16,Sugarcane,Uttar Pradesh,Kanpur,Kanpur Wholesale,380.0,312.0,426.0,3084.0,INR/Quintal
2018-10-17,Coffee,Karnataka,Belgaum,Belgaum Wholesale,20992.0,17215.0,23540.0,1350.0,INR/Quintal
2017-01-29,Sugarcane,Maharashtra,Nagpur,Nagpur Wholesale,344.0,282.0,386.0,3659.0,INR/Quintal
2022-05-10,Sugarcane,Tamil Nadu,Madurai,Madurai Wholesale,432.0,354.0,484.0,3088.0,INR/Quintal
2019-12-04,Oilseeds,Madhya Pradesh,Bhopal,Bhopal Wholesale,3807.0,3122.0,4269.0,530.0,INR/Quintal
2017-11-29,Rice,Uttar Pradesh,Kanpur,Kanpur Wholesale,1693.0,1388.0,1899.0,3237.0,INR/Quintal
2023-02-19,Wheat,Uttar Pradesh,Kanpur,Kanpur Wholesale,2320.0,1903.0,2602.0,5025.0,INR/Quintal
2016-02-20,Tea,West Bengal,Kolkata,Kolkata Wholesale,7145.0,5859.0,8012.0,4845.0,INR/Quintal
2024-05-19,Potato,West Bengal,Howrah,Howrah Wholesale,1012.0,830.0,1135.0,3572.0,INR/Quintal
2015-09-12,Potato,Punjab,Amritsar,Amritsar Wholesale,1003.0,823.0,1125.0,4596.0,INR/Quintal
2018-03-12,Coffee,Kerala,Thrissur,Thrissur Wholesale,19130.0,15688.0,21452.0,2240.0,INR/Quintal
2025-06-20,Rice,Assam,Cachar,Cachar Wholesale,1774.0,1455.0,1989.0,1875.0,INR/Quintal
2025-06-08,Cotton,Maharashtra,Nashik,Nashik Wholesale,6552.0,5373.0,7347.0,3993.0,INR/Quintal
2020-02-20,Tea,Kerala,Thrissur,Thrissur Wholesale,5847.0,4795.0,6557.0,1423.0,INR/Quintal
2022-07-20,Potato,Bihar,Gaya,Gaya Wholesale,1616.0,1325.0,1812.0,1930.0,INR/Quintal
2022-03-09,Maize,Telangana,Warangal,Warangal Wholesale,2192.0,1798.0,2458.0,4198.0,INR/Quintal
2017-06-18,Pulses,Rajasthan,Jaipur,Jaipur Wholesale,5932.0,4865.0,6652.0,1647.0,INR/Quintal
2020-08-20,Maize,Andhra Pradesh,Chittoor,Chittoor Wholesale,2322.0,1904.0,2604.0,4068.0,INR/Quintal
2025-02-08,Cotton,Gujarat,Vadodara,Vadodara Wholesale,6313.0,5177.0,7079.0,4942.0,INR/Quintal
2015-01-26,Tea,West Bengal,Darjeeling,Darjeeling Wholesale,7643.0,6268.0,8571.0,1508.0,INR/Quintal
2023-03-24,Potato,Bihar,Patna,Patna Wholesale,910.0,746.0,1020.0,3502.0,INR/Quintal
2016-02-25,Coffee,Karnataka,Bangalore,Bangalore Wholesale,22238.0,18237.0,24938.0,5462.0,INR/Quintal
2025-03-23,Pulses,Uttar Pradesh,Lucknow,Lucknow Wholesale,6526.0,5352.0,7318.0,6620.0,INR/Quintal
2018-05-29,Wheat,Rajasthan,Udaipur,Udaipur Wholesale,1681.0,1379.0,1885.0,3609.0,INR/Quintal
2020-02-20,Potato,Punjab,Patiala,Patiala Wholesale,811.0,665.0,909.0,7322.0,INR/Quintal
2021-12-18,Potato,Uttar Pradesh,Varanasi,Varanasi Wholesale,1450.0,1189.0,1626.0,1166.0,INR/Quintal
2018-06-14,Coconut,Kerala,Kozhikode,Kozhikode Wholesale,1543.0,1265.0,1730.0,805.0,INR/Quintal
2021-04-03,Apple,Himachal Pradesh,Mandi,Mandi Wholesale,9110.0,7471.0,10216.0,2157.0,INR/Quintal
2017-10-05,Cotton,Gujarat,Surat,Surat Wholesale,6063.0,4972.0,6799.0,1397.0,INR/Quintal
2015-08-07,Potato,Uttar Pradesh,Kanpur,Kanpur Wholesale,1419.0,1164.0,1591.0,3492.0,INR/Quintal
2019-02-19,Tea,Assam,Cachar,Cachar Wholesale,10784.0,8844.0,12093.0,4097.0,INR/Quintal
2020-05-13,Rice,West Bengal,Howrah,Howrah Wholesale,1739.0,1426.0,1950.0,3917.0,INR/Quintal
2021-11-13,Tea,Assam,Kamrup,Kamrup Wholesale,12855.0,10542.0,14416.0,1611.0,INR/Quintal
2016-10-24,Wheat,Bihar,Patna,Patna Wholesale,2283.0,1872.0,2560.0,2523.0,INR/Quintal
2022-05-06,Rice,Odisha,Bhubaneswar,Bhubaneswar Wholesale,2108.0,1729.0,2364.0,1186.0,INR/Quintal
2023-10-21,Potato,Uttar Pradesh,Kanpur,Kanpur Wholesale,1559.0,1279.0,1748.0,4169.0,INR/Quintal
2017-09-16,Potato,Punjab,Patiala,Patiala Wholesale,1865.0,1529.0,2091.0,3818.0,INR/Quintal
2015-07-08,Apple,Jammu and Kashmir,Srinagar,Srinagar Wholesale,3743.0,3070.0,4197.0,957.0,INR/Quintal
2015-09-12,Pulses,Uttar Pradesh,Varanasi,Varanasi Wholesale,4636.0,3802.0,5199.0,1842.0,INR/Quintal
2015-03-09,Potato,Punjab,Patiala,Patiala Wholesale,1023.0,839.0,1147.0,7974.0,INR/Quintal
2016-09-07,Sugarcane,Maharashtra,Nashik,Nashik Wholesale,418.0,343.0,469.0,2546.0,INR/Quintal
2021-07-11,Wheat,Uttar Pradesh,Kanpur,Kanpur Wholesale,1792.0,1470.0,2010.0,977.0,INR/Quintal
2022-06-11,Oilseeds,Maharashtra,Mumbai,Mumbai Wholesale,4854.0,3981.0,5443.0,6024.0,INR/Quintal
2022-11-08,Coffee,Tamil Nadu,Madurai,Madurai Wholesale,10615.0,8705.0,11904.0,3698.0,INR/Quintal
2017-05-23,Pulses,Maharashtra,Nagpur,Nagpur Wholesale,3386.0,2777.0,3797.0,4682.0,INR/Quintal
2024-07-12,Maize,Telangana,Hyderabad,Hyderabad Wholesale,2444.0,2004.0,2741.0,1886.0,INR/Quintal
2021-06-05,Rice,Bihar,Patna,Patna Wholesale,2691.0,2207.0,3018.0,4820.0,INR/Quintal
2019-06-14,Oilseeds,Madhya Pradesh,Bhopal,Bhopal Wholesale,5247.0,4303.0,5884.0,3190.0,INR/Quintal
2015-12-23,Coffee,Karnataka,Mysore,Mysore Wholesale,15659.0,12842.0,17560.0,3198.0,INR/Quintal
2015-09-13,Potato,Bihar,Patna,Patna Wholesale,1295.0,1062.0,1452.0,2407.0,INR/Quintal
2017-10-04,Coconut,Kerala,Kozhikode,Kozhikode Wholesale,2559.0,2099.0,2870.0,1044.0,INR/Quintal
2021-07-28,Tea,Assam,Tinsukia,Tinsukia Wholesale,9716.0,7968.0,10896.0,939.0,INR/Quintal
2019-10-22,Sugarcane,Uttar Pradesh,Kanpur,Kanpur Wholesale,342.0,280.0,384.0,1921.0,INR/Quintal
2024-11-01,Coconut,Karnataka,Bangalore,Bangalore Wholesale,1854.0,1520.0,2079.0,1701.0,INR/Quintal
2022-01-15,Apple,Himachal Pradesh,Kangra,Kangra Wholesale,5577.0,4574.0,6254.0,2202.0,INR/Quintal
2025-09-13,Rice,Assam,Kamrup,Kamrup Wholesale,2173.0,1782.0,2437.0,633.0,INR/Quintal
2023-03-17,Rice,Chhattisgarh,Raipur,Raipur Wholesale,3580.0,2936.0,4015.0,3639.0,INR/Quintal
2022-09-04,Rice,Chhattisgarh,Raipur,Raipur Wholesale,3158.0,2590.0,3541.0,1399.0,INR/Quintal
2025-04-23,Wheat,Punjab,Ludhiana,Ludhiana Wholesale,3167.0,2597.0,3551.0,4215.0,INR/Quintal
2015-10-11,Rice,Tamil Nadu,Chennai,Chennai Wholesale,2997.0,2458.0,3361.0,1508.0,INR/Quintal
2024-04-06,Pulses,Madhya Pradesh,Bhopal,Bhopal Wholesale,5463.0,4480.0,6126.0,2831.0,INR/Quintal
2015-04-09,Coffee,Karnataka,Bangalore,Bangalore Wholesale,11797.0,9674.0,13229.0,2673.0,INR/Quintal
2015-07-16,Tea,Assam,Tinsukia,Tinsukia Wholesale,10600.0,8693.0,11887.0,1654.0,INR/Quintal
2021-12-04,Coconut,Tamil Nadu,Madurai,Madurai Wholesale,3259.0,2673.0,3655.0,4208.0,INR/Quintal
2017-05-27,Pulses,Uttar Pradesh,Kanpur,Kanpur Wholesale,4661.0,3822.0,5227.0,5722.0,INR/Quintal
2024-01-11,Pulses,Madhya Pradesh,Bhopal,Bhopal Wholesale,5736.0,4704.0,6432.0,3557.0,INR/Quintal
2020-02-12,Sugarcane,Uttar Pradesh,Lucknow,Lucknow Wholesale,368.0,302.0,413.0,7008.0,INR/Quintal
2022-04-16,Apple,Himachal Pradesh,Kangra,Kangra Wholesale,6791.0,5569.0,7615.0,2625.0,INR/Quintal
2022-04-19,Tea,West Bengal,Darjeeling,Darjeeling Wholesale,12879.0,10562.0,14443.0,1951.0,INR/Quintal
2018-10-20,Sugarcane,Karnataka,Mysore,Mysore Wholesale,385.0,316.0,432.0,4053.0,INR/Quintal
2021-08-12,Rice,Punjab,Patiala,Patiala Wholesale,3274.0,2685.0,3671.0,2932.0,INR/Quintal
2016-07-23,Rice,Chhattisgarh,Raipur,Raipur Wholesale,1152.0,945.0,1292.0,2221.0,INR/Quintal
2022-03-22,Pulses,Maharashtra,Nashik,Nashik Wholesale,7159.0,5871.0,8028.0,5999.0,INR/Quintal
2023-08-13,Pulses,Maharashtra,Nagpur,Nagpur Wholesale,3751.0,3076.0,4206.0,2933.0,INR/Quintal
2017-12-01,Rice,Tamil Nadu,Chennai,Chennai Wholesale,3065.0,2514.0,3437.0,5479.0,INR/Quintal
2016-02-26,Cotton,Maharashtra,Pune,Pune Wholesale,5813.0,4767.0,6519.0,2420.0,INR/Quintal
2022-11-23,Coffee,Tamil Nadu,Coimbatore,Coimbatore Wholesale,18886.0,15488.0,21179.0,2242.0,INR/Quintal
2018-04-19,Wheat,Bihar,Gaya,Gaya Wholesale,1839.0,1508.0,2062.0,1354.0,INR/Quintal
2016-06-28,Apple,Himachal Pradesh,Kangra,Kangra Wholesale,7105.0,5827.0,7968.0,659.0,INR/Quintal
2015-03-12,Oilseeds,Rajasthan,Udaipur,Udaipur Wholesale,4646.0,3810.0,5210.0,3375.0,INR/Quintal
2024-12-18,Potato,Bihar,Purnia,Purnia Wholesale,901.0,739.0,1010.0,522.0,INR/Quintal
2023-09-12,Maize,Madhya Pradesh,Bhopal,Bhopal Wholesale,1646.0,1350.0,1846.0,2522.0,INR/Quintal
2018-05-08,Tea,West Bengal,Howrah,Howrah Wholesale,10516.0,8624.0,11793.0,4237.0,INR/Quintal
2023-09-08,Sugarcane,Maharashtra,Pune,Pune Wholesale,402.0,330.0,451.0,2261.0,INR/Quintal
2017-02-06,Tea,West Bengal,Darjeeling,Darjeeling Wholesale,7767.0,6370.0,8710.0,2759.0,INR/Quintal
2021-06-12,Rice,Punjab,Amritsar,Amritsar Wholesale,2781.0,2281.0,3119.0,1602.0,INR/Quintal
2025-01-05,Oilseeds,Maharashtra,Nagpur,Nagpur Wholesale,3434.0,2816.0,3851.0,6947.0,INR/Quintal
2019-09-03,Coconut,Kerala,Ernakulam,Ernakulam Wholesale,2614.0,2144.0,2931.0,2075.0,INR/Quintal
2021-08-21,Maize,Karnataka,Hubli,Hubli Wholesale,2433.0,1995.0,2728.0,1640.0,INR/Quintal
2016-10-16,Pulses,Uttar Pradesh,Kanpur,Kanpur Wholesale,5105.0,4186.0,5725.0,910.0,INR/Quintal
2022-06-18,Pulses,Rajasthan,Jodhpur,Jodhpur Wholesale,4063.0,3332.0,4556.0,1376.0,INR/Quintal
2021-09-12,Apple,Jammu and Kashmir,Srinagar,Srinagar Wholesale,6924.0,5678.0,7765.0,373.0,INR/Quintal
2019-12-02,Coconut,Andhra Pradesh,Chittoor,Chittoor Wholesale,2002.0,1642.0,2245.0,4846.0,INR/Quintal
2015-08-09,Sugarcane,Uttar Pradesh,Kanpur,Kanpur Wholesale,352.0,289.0,395.0,4150.0,INR/Quintal
2025-01-14,Coffee,Karnataka,Hubli,Hubli Wholesale,16906.0,13864.0,18958.0,3468.0,INR/Quintal
2015-07-01,Apple,Himachal Pradesh,Mandi,Mandi Wholesale,8412.0,6898.0,9433.0,1907.0,INR/Quintal
2015-11-03,Potato,Uttar Pradesh,Lucknow,Lucknow Wholesale,1614.0,1324.0,1810.0,1674.0,INR/Quintal
